Saving data to: W:\Labs\ME\ME187-Fall2024\StudentFiles\CALEBHOTTES\UTTTstuff\series1
Begin custom message: 
DataSeries: series1 game number: 15 

Description: RUCH 238 3.5-4GHz processor. 

Evaluator config=EvaluatorConfiguration{cValue=2.0, maxRolloutDepth=1000, computeTime=30, threads=1, stupidity=0, allowForcePlay=false, maxMyCPU=false}
End custom message
Inital State: 

|* 0. |* 0. |* 0. ||* 0. |* 0. |* 0. ||* 0. |* 0. |* 0. |
|* 0. |* 0. |* 0. ||* 0. |* 0. |* 0. ||* 0. |* 0. |* 0. |
|* 0. |* 0. |* 0. ||* 0. |* 0. |* 0. ||* 0. |* 0. |* 0. |
|=====+=====+=====||=====+=====+=====||=====+=====+=====|
|* 0. |* 0. |* 0. ||* 0. |* 0. |* 0. ||* 0. |* 0. |* 0. |
|* 0. |* 0. |* 0. ||* 0. |* 0. |* 0. ||* 0. |* 0. |* 0. |
|* 0. |* 0. |* 0. ||* 0. |* 0. |* 0. ||* 0. |* 0. |* 0. |
|=====+=====+=====||=====+=====+=====||=====+=====+=====|
|* 0. |* 0. |* 0. ||* 0. |* 0. |* 0. ||* 0. |* 0. |* 0. |
|* 0. |* 0. |* 0. ||* 0. |* 0. |* 0. ||* 0. |* 0. |* 0. |
|* 0. |* 0. |* 0. ||* 0. |* 0. |* 0. ||* 0. |* 0. |* 0. |


state to eval, currenty is playerone turn=true

|* 0. |* 0. |* 0. ||* 0. |* 0. |* 0. ||* 0. |* 0. |* 0. |
|* 0. |* 0. |* 0. ||* 0. |* 0. |* 0. ||* 0. |* 0. |* 0. |
|* 0. |* 0. |* 0. ||* 0. |* 0. |* 0. ||* 0. |* 0. |* 0. |
|=====+=====+=====||=====+=====+=====||=====+=====+=====|
|* 0. |* 0. |* 0. ||* 0. |* 0. |* 0. ||* 0. |* 0. |* 0. |
|* 0. |* 0. |* 0. ||* 0. |* 0. |* 0. ||* 0. |* 0. |* 0. |
|* 0. |* 0. |* 0. ||* 0. |* 0. |* 0. ||* 0. |* 0. |* 0. |
|=====+=====+=====||=====+=====+=====||=====+=====+=====|
|* 0. |* 0. |* 0. ||* 0. |* 0. |* 0. ||* 0. |* 0. |* 0. |
|* 0. |* 0. |* 0. ||* 0. |* 0. |* 0. ||* 0. |* 0. |* 0. |
|* 0. |* 0. |* 0. ||* 0. |* 0. |* 0. ||* 0. |* 0. |* 0. |


current State

|  0. |  0. |  0. ||  0. |  0. |  0. ||  0. |  0. |  0. |
|  0. |  0. |  0. ||  0. |  0. |  0. ||  0. |  0. |  0. |
|  0. |  0. |  0. ||  0. |  0. |  0. ||  0. |  0. |  0. |
|=====+=====+=====||=====+=====+=====||=====+=====+=====|
|  0. |  0. |  0. ||  0. |  0. |  0. ||  0. |  0. |  0. |
|  0. |  0. |  0. ||  0. |  0. |  0. ||  0. |  0. |  0. |
|  0. |  0. |  0. ||  0. |  0. |  0. ||  0. |  1. |  0. |
|=====+=====+=====||=====+=====+=====||=====+=====+=====|
|  0. |  0. |  0. ||* 0. |* 0. |* 0. ||  0. |  0. |  0. |
|  0. |  0. |  0. ||* 0. |* 0. |* 0. ||  0. |  0. |  0. |
|  0. |  0. |  0. ||* 0. |* 0. |* 0. ||  0. |  0. |  0. |


state to eval, currenty is playerone turn=false

| -0. | -0. | -0. || -0. | -0. | -0. || -0. | -0. | -0. |
| -0. | -0. | -0. || -0. | -0. | -0. || -0. | -0. | -0. |
| -0. | -0. | -0. || -0. | -0. | -0. || -0. | -0. | -0. |
|=====+=====+=====||=====+=====+=====||=====+=====+=====|
| -0. | -0. | -0. || -0. | -0. | -0. || -0. | -0. | -0. |
| -0. | -0. | -0. || -0. | -0. | -0. || -0. | -0. | -0. |
| -0. | -0. | -0. || -0. | -0. | -0. || -0. | -1. | -0. |
|=====+=====+=====||=====+=====+=====||=====+=====+=====|
| -0. | -0. | -0. ||*-0. |*-0. |*-0. || -0. | -0. | -0. |
| -0. | -0. | -0. ||*-0. |*-0. |*-0. || -0. | -0. | -0. |
| -0. | -0. | -0. ||*-0. |*-0. |*-0. || -0. | -0. | -0. |


current State

|  0. |  0. |  0. ||* 0. |* 0. |* 0. ||  0. |  0. |  0. |
|  0. |  0. |  0. ||* 0. |* 0. |* 0. ||  0. |  0. |  0. |
|  0. |  0. |  0. ||* 0. |* 0. |* 0. ||  0. |  0. |  0. |
|=====+=====+=====||=====+=====+=====||=====+=====+=====|
|  0. |  0. |  0. ||  0. |  0. |  0. ||  0. |  0. |  0. |
|  0. |  0. |  0. ||  0. |  0. |  0. ||  0. |  0. |  0. |
|  0. |  0. |  0. ||  0. |  0. |  0. ||  0. |  1. |  0. |
|=====+=====+=====||=====+=====+=====||=====+=====+=====|
|  0. |  0. |  0. ||  0. | -1. |  0. ||  0. |  0. |  0. |
|  0. |  0. |  0. ||  0. |  0. |  0. ||  0. |  0. |  0. |
|  0. |  0. |  0. ||  0. |  0. |  0. ||  0. |  0. |  0. |


state to eval, currenty is playerone turn=true

|  0. |  0. |  0. ||* 0. |* 0. |* 0. ||  0. |  0. |  0. |
|  0. |  0. |  0. ||* 0. |* 0. |* 0. ||  0. |  0. |  0. |
|  0. |  0. |  0. ||* 0. |* 0. |* 0. ||  0. |  0. |  0. |
|=====+=====+=====||=====+=====+=====||=====+=====+=====|
|  0. |  0. |  0. ||  0. |  0. |  0. ||  0. |  0. |  0. |
|  0. |  0. |  0. ||  0. |  0. |  0. ||  0. |  0. |  0. |
|  0. |  0. |  0. ||  0. |  0. |  0. ||  0. |  1. |  0. |
|=====+=====+=====||=====+=====+=====||=====+=====+=====|
|  0. |  0. |  0. ||  0. | -1. |  0. ||  0. |  0. |  0. |
|  0. |  0. |  0. ||  0. |  0. |  0. ||  0. |  0. |  0. |
|  0. |  0. |  0. ||  0. |  0. |  0. ||  0. |  0. |  0. |


current State

|  0. |  0. |  0. ||  0. |  0. |  0. ||  0. |  0. |  0. |
|  0. |  0. |  0. ||  0. |  0. |  1. ||  0. |  0. |  0. |
|  0. |  0. |  0. ||  0. |  0. |  0. ||  0. |  0. |  0. |
|=====+=====+=====||=====+=====+=====||=====+=====+=====|
|  0. |  0. |  0. ||  0. |  0. |  0. ||* 0. |* 0. |* 0. |
|  0. |  0. |  0. ||  0. |  0. |  0. ||* 0. |* 0. |* 0. |
|  0. |  0. |  0. ||  0. |  0. |  0. ||* 0. |* 1. |* 0. |
|=====+=====+=====||=====+=====+=====||=====+=====+=====|
|  0. |  0. |  0. ||  0. | -1. |  0. ||  0. |  0. |  0. |
|  0. |  0. |  0. ||  0. |  0. |  0. ||  0. |  0. |  0. |
|  0. |  0. |  0. ||  0. |  0. |  0. ||  0. |  0. |  0. |


state to eval, currenty is playerone turn=false

| -0. | -0. | -0. || -0. | -0. | -0. || -0. | -0. | -0. |
| -0. | -0. | -0. || -0. | -0. | -1. || -0. | -0. | -0. |
| -0. | -0. | -0. || -0. | -0. | -0. || -0. | -0. | -0. |
|=====+=====+=====||=====+=====+=====||=====+=====+=====|
| -0. | -0. | -0. || -0. | -0. | -0. ||*-0. |*-0. |*-0. |
| -0. | -0. | -0. || -0. | -0. | -0. ||*-0. |*-0. |*-0. |
| -0. | -0. | -0. || -0. | -0. | -0. ||*-0. |*-1. |*-0. |
|=====+=====+=====||=====+=====+=====||=====+=====+=====|
| -0. | -0. | -0. || -0. |  1. | -0. || -0. | -0. | -0. |
| -0. | -0. | -0. || -0. | -0. | -0. || -0. | -0. | -0. |
| -0. | -0. | -0. || -0. | -0. | -0. || -0. | -0. | -0. |


current State

|  0. |  0. |  0. ||  0. |  0. |  0. ||  0. |  0. |  0. |
|  0. |  0. |  0. ||  0. |  0. |  1. ||  0. |  0. |  0. |
|  0. |  0. |  0. ||  0. |  0. |  0. ||  0. |  0. |  0. |
|=====+=====+=====||=====+=====+=====||=====+=====+=====|
|  0. |  0. |  0. ||  0. |  0. |  0. ||* 0. |* 0. |* 0. |
|  0. |  0. |  0. ||  0. |  0. |  0. ||* 0. |* 0. |*-1. |
|  0. |  0. |  0. ||  0. |  0. |  0. ||* 0. |* 1. |* 0. |
|=====+=====+=====||=====+=====+=====||=====+=====+=====|
|  0. |  0. |  0. ||  0. | -1. |  0. ||  0. |  0. |  0. |
|  0. |  0. |  0. ||  0. |  0. |  0. ||  0. |  0. |  0. |
|  0. |  0. |  0. ||  0. |  0. |  0. ||  0. |  0. |  0. |


state to eval, currenty is playerone turn=true

|  0. |  0. |  0. ||  0. |  0. |  0. ||  0. |  0. |  0. |
|  0. |  0. |  0. ||  0. |  0. |  1. ||  0. |  0. |  0. |
|  0. |  0. |  0. ||  0. |  0. |  0. ||  0. |  0. |  0. |
|=====+=====+=====||=====+=====+=====||=====+=====+=====|
|  0. |  0. |  0. ||  0. |  0. |  0. ||* 0. |* 0. |* 0. |
|  0. |  0. |  0. ||  0. |  0. |  0. ||* 0. |* 0. |*-1. |
|  0. |  0. |  0. ||  0. |  0. |  0. ||* 0. |* 1. |* 0. |
|=====+=====+=====||=====+=====+=====||=====+=====+=====|
|  0. |  0. |  0. ||  0. | -1. |  0. ||  0. |  0. |  0. |
|  0. |  0. |  0. ||  0. |  0. |  0. ||  0. |  0. |  0. |
|  0. |  0. |  0. ||  0. |  0. |  0. ||  0. |  0. |  0. |


current State

|  0. |  0. |  0. ||  0. |  0. |  0. ||  0. |  0. |  0. |
|  0. |  0. |  0. ||  0. |  0. |  1. ||  0. |  0. |  0. |
|  0. |  0. |  0. ||  0. |  0. |  0. ||  0. |  0. |  0. |
|=====+=====+=====||=====+=====+=====||=====+=====+=====|
|  0. |  0. |  0. ||* 0. |* 0. |* 0. ||  0. |  0. |  0. |
|  0. |  0. |  0. ||* 0. |* 0. |* 0. ||  0. |  1. | -1. |
|  0. |  0. |  0. ||* 0. |* 0. |* 0. ||  0. |  1. |  0. |
|=====+=====+=====||=====+=====+=====||=====+=====+=====|
|  0. |  0. |  0. ||  0. | -1. |  0. ||  0. |  0. |  0. |
|  0. |  0. |  0. ||  0. |  0. |  0. ||  0. |  0. |  0. |
|  0. |  0. |  0. ||  0. |  0. |  0. ||  0. |  0. |  0. |


state to eval, currenty is playerone turn=false

| -0. | -0. | -0. || -0. | -0. | -0. || -0. | -0. | -0. |
| -0. | -0. | -0. || -0. | -0. | -1. || -0. | -0. | -0. |
| -0. | -0. | -0. || -0. | -0. | -0. || -0. | -0. | -0. |
|=====+=====+=====||=====+=====+=====||=====+=====+=====|
| -0. | -0. | -0. ||*-0. |*-0. |*-0. || -0. | -0. | -0. |
| -0. | -0. | -0. ||*-0. |*-0. |*-0. || -0. | -1. |  1. |
| -0. | -0. | -0. ||*-0. |*-0. |*-0. || -0. | -1. | -0. |
|=====+=====+=====||=====+=====+=====||=====+=====+=====|
| -0. | -0. | -0. || -0. |  1. | -0. || -0. | -0. | -0. |
| -0. | -0. | -0. || -0. | -0. | -0. || -0. | -0. | -0. |
| -0. | -0. | -0. || -0. | -0. | -0. || -0. | -0. | -0. |


current State

|  0. |  0. |  0. ||  0. |  0. |  0. ||  0. |  0. |  0. |
|  0. |  0. |  0. ||  0. |  0. |  1. ||  0. |  0. |  0. |
|  0. |  0. |  0. ||  0. |  0. |  0. ||  0. |  0. |  0. |
|=====+=====+=====||=====+=====+=====||=====+=====+=====|
|  0. |  0. |  0. ||  0. |  0. |  0. ||  0. |  0. |  0. |
|  0. |  0. |  0. ||  0. |  0. |  0. ||  0. |  1. | -1. |
|  0. |  0. |  0. ||  0. | -1. |  0. ||  0. |  1. |  0. |
|=====+=====+=====||=====+=====+=====||=====+=====+=====|
|  0. |  0. |  0. ||* 0. |*-1. |* 0. ||  0. |  0. |  0. |
|  0. |  0. |  0. ||* 0. |* 0. |* 0. ||  0. |  0. |  0. |
|  0. |  0. |  0. ||* 0. |* 0. |* 0. ||  0. |  0. |  0. |


state to eval, currenty is playerone turn=true

|  0. |  0. |  0. ||  0. |  0. |  0. ||  0. |  0. |  0. |
|  0. |  0. |  0. ||  0. |  0. |  1. ||  0. |  0. |  0. |
|  0. |  0. |  0. ||  0. |  0. |  0. ||  0. |  0. |  0. |
|=====+=====+=====||=====+=====+=====||=====+=====+=====|
|  0. |  0. |  0. ||  0. |  0. |  0. ||  0. |  0. |  0. |
|  0. |  0. |  0. ||  0. |  0. |  0. ||  0. |  1. | -1. |
|  0. |  0. |  0. ||  0. | -1. |  0. ||  0. |  1. |  0. |
|=====+=====+=====||=====+=====+=====||=====+=====+=====|
|  0. |  0. |  0. ||* 0. |*-1. |* 0. ||  0. |  0. |  0. |
|  0. |  0. |  0. ||* 0. |* 0. |* 0. ||  0. |  0. |  0. |
|  0. |  0. |  0. ||* 0. |* 0. |* 0. ||  0. |  0. |  0. |


current State

|* 0. |* 0. |* 0. ||  0. |  0. |  0. ||  0. |  0. |  0. |
|* 0. |* 0. |* 0. ||  0. |  0. |  1. ||  0. |  0. |  0. |
|* 0. |* 0. |* 0. ||  0. |  0. |  0. ||  0. |  0. |  0. |
|=====+=====+=====||=====+=====+=====||=====+=====+=====|
|  0. |  0. |  0. ||  0. |  0. |  0. ||  0. |  0. |  0. |
|  0. |  0. |  0. ||  0. |  0. |  0. ||  0. |  1. | -1. |
|  0. |  0. |  0. ||  0. | -1. |  0. ||  0. |  1. |  0. |
|=====+=====+=====||=====+=====+=====||=====+=====+=====|
|  0. |  0. |  0. ||  1. | -1. |  0. ||  0. |  0. |  0. |
|  0. |  0. |  0. ||  0. |  0. |  0. ||  0. |  0. |  0. |
|  0. |  0. |  0. ||  0. |  0. |  0. ||  0. |  0. |  0. |


state to eval, currenty is playerone turn=false

|*-0. |*-0. |*-0. || -0. | -0. | -0. || -0. | -0. | -0. |
|*-0. |*-0. |*-0. || -0. | -0. | -1. || -0. | -0. | -0. |
|*-0. |*-0. |*-0. || -0. | -0. | -0. || -0. | -0. | -0. |
|=====+=====+=====||=====+=====+=====||=====+=====+=====|
| -0. | -0. | -0. || -0. | -0. | -0. || -0. | -0. | -0. |
| -0. | -0. | -0. || -0. | -0. | -0. || -0. | -1. |  1. |
| -0. | -0. | -0. || -0. |  1. | -0. || -0. | -1. | -0. |
|=====+=====+=====||=====+=====+=====||=====+=====+=====|
| -0. | -0. | -0. || -1. |  1. | -0. || -0. | -0. | -0. |
| -0. | -0. | -0. || -0. | -0. | -0. || -0. | -0. | -0. |
| -0. | -0. | -0. || -0. | -0. | -0. || -0. | -0. | -0. |


current State

|  0. | -1. |  0. ||* 0. |* 0. |* 0. ||  0. |  0. |  0. |
|  0. |  0. |  0. ||* 0. |* 0. |* 1. ||  0. |  0. |  0. |
|  0. |  0. |  0. ||* 0. |* 0. |* 0. ||  0. |  0. |  0. |
|=====+=====+=====||=====+=====+=====||=====+=====+=====|
|  0. |  0. |  0. ||  0. |  0. |  0. ||  0. |  0. |  0. |
|  0. |  0. |  0. ||  0. |  0. |  0. ||  0. |  1. | -1. |
|  0. |  0. |  0. ||  0. | -1. |  0. ||  0. |  1. |  0. |
|=====+=====+=====||=====+=====+=====||=====+=====+=====|
|  0. |  0. |  0. ||  1. | -1. |  0. ||  0. |  0. |  0. |
|  0. |  0. |  0. ||  0. |  0. |  0. ||  0. |  0. |  0. |
|  0. |  0. |  0. ||  0. |  0. |  0. ||  0. |  0. |  0. |


state to eval, currenty is playerone turn=true

|  0. | -1. |  0. ||* 0. |* 0. |* 0. ||  0. |  0. |  0. |
|  0. |  0. |  0. ||* 0. |* 0. |* 1. ||  0. |  0. |  0. |
|  0. |  0. |  0. ||* 0. |* 0. |* 0. ||  0. |  0. |  0. |
|=====+=====+=====||=====+=====+=====||=====+=====+=====|
|  0. |  0. |  0. ||  0. |  0. |  0. ||  0. |  0. |  0. |
|  0. |  0. |  0. ||  0. |  0. |  0. ||  0. |  1. | -1. |
|  0. |  0. |  0. ||  0. | -1. |  0. ||  0. |  1. |  0. |
|=====+=====+=====||=====+=====+=====||=====+=====+=====|
|  0. |  0. |  0. ||  1. | -1. |  0. ||  0. |  0. |  0. |
|  0. |  0. |  0. ||  0. |  0. |  0. ||  0. |  0. |  0. |
|  0. |  0. |  0. ||  0. |  0. |  0. ||  0. |  0. |  0. |


current State

|* 0. |*-1. |* 0. ||  1. |  0. |  0. ||  0. |  0. |  0. |
|* 0. |* 0. |* 0. ||  0. |  0. |  1. ||  0. |  0. |  0. |
|* 0. |* 0. |* 0. ||  0. |  0. |  0. ||  0. |  0. |  0. |
|=====+=====+=====||=====+=====+=====||=====+=====+=====|
|  0. |  0. |  0. ||  0. |  0. |  0. ||  0. |  0. |  0. |
|  0. |  0. |  0. ||  0. |  0. |  0. ||  0. |  1. | -1. |
|  0. |  0. |  0. ||  0. | -1. |  0. ||  0. |  1. |  0. |
|=====+=====+=====||=====+=====+=====||=====+=====+=====|
|  0. |  0. |  0. ||  1. | -1. |  0. ||  0. |  0. |  0. |
|  0. |  0. |  0. ||  0. |  0. |  0. ||  0. |  0. |  0. |
|  0. |  0. |  0. ||  0. |  0. |  0. ||  0. |  0. |  0. |


state to eval, currenty is playerone turn=false

|*-0. |* 1. |*-0. || -1. | -0. | -0. || -0. | -0. | -0. |
|*-0. |*-0. |*-0. || -0. | -0. | -1. || -0. | -0. | -0. |
|*-0. |*-0. |*-0. || -0. | -0. | -0. || -0. | -0. | -0. |
|=====+=====+=====||=====+=====+=====||=====+=====+=====|
| -0. | -0. | -0. || -0. | -0. | -0. || -0. | -0. | -0. |
| -0. | -0. | -0. || -0. | -0. | -0. || -0. | -1. |  1. |
| -0. | -0. | -0. || -0. |  1. | -0. || -0. | -1. | -0. |
|=====+=====+=====||=====+=====+=====||=====+=====+=====|
| -0. | -0. | -0. || -1. |  1. | -0. || -0. | -0. | -0. |
| -0. | -0. | -0. || -0. | -0. | -0. || -0. | -0. | -0. |
| -0. | -0. | -0. || -0. | -0. | -0. || -0. | -0. | -0. |


current State

|*-1. |*-1. |* 0. ||  1. |  0. |  0. ||  0. |  0. |  0. |
|* 0. |* 0. |* 0. ||  0. |  0. |  1. ||  0. |  0. |  0. |
|* 0. |* 0. |* 0. ||  0. |  0. |  0. ||  0. |  0. |  0. |
|=====+=====+=====||=====+=====+=====||=====+=====+=====|
|  0. |  0. |  0. ||  0. |  0. |  0. ||  0. |  0. |  0. |
|  0. |  0. |  0. ||  0. |  0. |  0. ||  0. |  1. | -1. |
|  0. |  0. |  0. ||  0. | -1. |  0. ||  0. |  1. |  0. |
|=====+=====+=====||=====+=====+=====||=====+=====+=====|
|  0. |  0. |  0. ||  1. | -1. |  0. ||  0. |  0. |  0. |
|  0. |  0. |  0. ||  0. |  0. |  0. ||  0. |  0. |  0. |
|  0. |  0. |  0. ||  0. |  0. |  0. ||  0. |  0. |  0. |


state to eval, currenty is playerone turn=true

|*-1. |*-1. |* 0. ||  1. |  0. |  0. ||  0. |  0. |  0. |
|* 0. |* 0. |* 0. ||  0. |  0. |  1. ||  0. |  0. |  0. |
|* 0. |* 0. |* 0. ||  0. |  0. |  0. ||  0. |  0. |  0. |
|=====+=====+=====||=====+=====+=====||=====+=====+=====|
|  0. |  0. |  0. ||  0. |  0. |  0. ||  0. |  0. |  0. |
|  0. |  0. |  0. ||  0. |  0. |  0. ||  0. |  1. | -1. |
|  0. |  0. |  0. ||  0. | -1. |  0. ||  0. |  1. |  0. |
|=====+=====+=====||=====+=====+=====||=====+=====+=====|
|  0. |  0. |  0. ||  1. | -1. |  0. ||  0. |  0. |  0. |
|  0. |  0. |  0. ||  0. |  0. |  0. ||  0. |  0. |  0. |
|  0. |  0. |  0. ||  0. |  0. |  0. ||  0. |  0. |  0. |


current State

| -1. | -1. |  0. ||  1. |  0. |  0. ||  0. |  0. |  0. |
|  1. |  0. |  0. ||  0. |  0. |  1. ||  0. |  0. |  0. |
|  0. |  0. |  0. ||  0. |  0. |  0. ||  0. |  0. |  0. |
|=====+=====+=====||=====+=====+=====||=====+=====+=====|
|* 0. |* 0. |* 0. ||  0. |  0. |  0. ||  0. |  0. |  0. |
|* 0. |* 0. |* 0. ||  0. |  0. |  0. ||  0. |  1. | -1. |
|* 0. |* 0. |* 0. ||  0. | -1. |  0. ||  0. |  1. |  0. |
|=====+=====+=====||=====+=====+=====||=====+=====+=====|
|  0. |  0. |  0. ||  1. | -1. |  0. ||  0. |  0. |  0. |
|  0. |  0. |  0. ||  0. |  0. |  0. ||  0. |  0. |  0. |
|  0. |  0. |  0. ||  0. |  0. |  0. ||  0. |  0. |  0. |


state to eval, currenty is playerone turn=false

|  1. |  1. | -0. || -1. | -0. | -0. || -0. | -0. | -0. |
| -1. | -0. | -0. || -0. | -0. | -1. || -0. | -0. | -0. |
| -0. | -0. | -0. || -0. | -0. | -0. || -0. | -0. | -0. |
|=====+=====+=====||=====+=====+=====||=====+=====+=====|
|*-0. |*-0. |*-0. || -0. | -0. | -0. || -0. | -0. | -0. |
|*-0. |*-0. |*-0. || -0. | -0. | -0. || -0. | -1. |  1. |
|*-0. |*-0. |*-0. || -0. |  1. | -0. || -0. | -1. | -0. |
|=====+=====+=====||=====+=====+=====||=====+=====+=====|
| -0. | -0. | -0. || -1. |  1. | -0. || -0. | -0. | -0. |
| -0. | -0. | -0. || -0. | -0. | -0. || -0. | -0. | -0. |
| -0. | -0. | -0. || -0. | -0. | -0. || -0. | -0. | -0. |


Determined best move using: 65732Iterations
Determined best move using: 73090Iterations
current State

| -1. | -1. |  0. ||  1. |  0. |  0. ||* 0. |* 0. |* 0. |
|  1. |  0. |  0. ||  0. |  0. |  1. ||* 0. |* 0. |* 0. |
|  0. |  0. |  0. ||  0. |  0. |  0. ||* 0. |* 0. |* 0. |
|=====+=====+=====||=====+=====+=====||=====+=====+=====|
|  0. |  0. | -1. ||  0. |  0. |  0. ||  0. |  0. |  0. |
|  0. |  0. |  0. ||  0. |  0. |  0. ||  0. |  1. | -1. |
|  0. |  0. |  0. ||  0. | -1. |  0. ||  0. |  1. |  0. |
|=====+=====+=====||=====+=====+=====||=====+=====+=====|
|  0. |  0. |  0. ||  1. | -1. |  0. ||  0. |  0. |  0. |
|  0. |  0. |  0. ||  0. |  0. |  0. ||  0. |  0. |  0. |
|  0. |  0. |  0. ||  0. |  0. |  0. ||  0. |  0. |  0. |


state to eval, currenty is playerone turn=true

| -1. | -1. |  0. ||  1. |  0. |  0. ||* 0. |* 0. |* 0. |
|  1. |  0. |  0. ||  0. |  0. |  1. ||* 0. |* 0. |* 0. |
|  0. |  0. |  0. ||  0. |  0. |  0. ||* 0. |* 0. |* 0. |
|=====+=====+=====||=====+=====+=====||=====+=====+=====|
|  0. |  0. | -1. ||  0. |  0. |  0. ||  0. |  0. |  0. |
|  0. |  0. |  0. ||  0. |  0. |  0. ||  0. |  1. | -1. |
|  0. |  0. |  0. ||  0. | -1. |  0. ||  0. |  1. |  0. |
|=====+=====+=====||=====+=====+=====||=====+=====+=====|
|  0. |  0. |  0. ||  1. | -1. |  0. ||  0. |  0. |  0. |
|  0. |  0. |  0. ||  0. |  0. |  0. ||  0. |  0. |  0. |
|  0. |  0. |  0. ||  0. |  0. |  0. ||  0. |  0. |  0. |


Determined best move using: 75458Iterations
Determined best move using: 68435Iterations
Determined best move using: 65138Iterations
Determined best move using: 63105Iterations
Determined best move using: 77794Iterations
current State

| -1. | -1. |  0. ||  1. |  0. |  0. ||  0. |  0. |  0. |
|  1. |  0. |  0. ||  0. |  0. |  1. ||  0. |  0. |  1. |
|  0. |  0. |  0. ||  0. |  0. |  0. ||  0. |  0. |  0. |
|=====+=====+=====||=====+=====+=====||=====+=====+=====|
|  0. |  0. | -1. ||  0. |  0. |  0. ||* 0. |* 0. |* 0. |
|  0. |  0. |  0. ||  0. |  0. |  0. ||* 0. |* 1. |*-1. |
|  0. |  0. |  0. ||  0. | -1. |  0. ||* 0. |* 1. |* 0. |
|=====+=====+=====||=====+=====+=====||=====+=====+=====|
|  0. |  0. |  0. ||  1. | -1. |  0. ||  0. |  0. |  0. |
|  0. |  0. |  0. ||  0. |  0. |  0. ||  0. |  0. |  0. |
|  0. |  0. |  0. ||  0. |  0. |  0. ||  0. |  0. |  0. |


state to eval, currenty is playerone turn=false

|  1. |  1. | -0. || -1. | -0. | -0. || -0. | -0. | -0. |
| -1. | -0. | -0. || -0. | -0. | -1. || -0. | -0. | -1. |
| -0. | -0. | -0. || -0. | -0. | -0. || -0. | -0. | -0. |
|=====+=====+=====||=====+=====+=====||=====+=====+=====|
| -0. | -0. |  1. || -0. | -0. | -0. ||*-0. |*-0. |*-0. |
| -0. | -0. | -0. || -0. | -0. | -0. ||*-0. |*-1. |* 1. |
| -0. | -0. | -0. || -0. |  1. | -0. ||*-0. |*-1. |*-0. |
|=====+=====+=====||=====+=====+=====||=====+=====+=====|
| -0. | -0. | -0. || -1. |  1. | -0. || -0. | -0. | -0. |
| -0. | -0. | -0. || -0. | -0. | -0. || -0. | -0. | -0. |
| -0. | -0. | -0. || -0. | -0. | -0. || -0. | -0. | -0. |


Determined best move using: 64995Iterations
Determined best move using: 66608Iterations
Determined best move using: 78210Iterations
Determined best move using: 76789Iterations
current State

| -1. | -1. |  0. ||  1. |  0. |  0. ||  0. |  0. |  0. |
|  1. |  0. |  0. ||  0. |  0. |  1. ||  0. |  0. |  1. |
|  0. |  0. |  0. ||  0. |  0. |  0. ||  0. |  0. |  0. |
|=====+=====+=====||=====+=====+=====||=====+=====+=====|
|  0. |  0. | -1. ||  0. |  0. |  0. ||  0. |  0. |  0. |
|  0. |  0. |  0. ||  0. |  0. |  0. ||  0. |  1. | -1. |
|  0. |  0. |  0. ||  0. | -1. |  0. || -1. |  1. |  0. |
|=====+=====+=====||=====+=====+=====||=====+=====+=====|
|* 0. |* 0. |* 0. ||  1. | -1. |  0. ||  0. |  0. |  0. |
|* 0. |* 0. |* 0. ||  0. |  0. |  0. ||  0. |  0. |  0. |
|* 0. |* 0. |* 0. ||  0. |  0. |  0. ||  0. |  0. |  0. |


state to eval, currenty is playerone turn=true

| -1. | -1. |  0. ||  1. |  0. |  0. ||  0. |  0. |  0. |
|  1. |  0. |  0. ||  0. |  0. |  1. ||  0. |  0. |  1. |
|  0. |  0. |  0. ||  0. |  0. |  0. ||  0. |  0. |  0. |
|=====+=====+=====||=====+=====+=====||=====+=====+=====|
|  0. |  0. | -1. ||  0. |  0. |  0. ||  0. |  0. |  0. |
|  0. |  0. |  0. ||  0. |  0. |  0. ||  0. |  1. | -1. |
|  0. |  0. |  0. ||  0. | -1. |  0. || -1. |  1. |  0. |
|=====+=====+=====||=====+=====+=====||=====+=====+=====|
|* 0. |* 0. |* 0. ||  1. | -1. |  0. ||  0. |  0. |  0. |
|* 0. |* 0. |* 0. ||  0. |  0. |  0. ||  0. |  0. |  0. |
|* 0. |* 0. |* 0. ||  0. |  0. |  0. ||  0. |  0. |  0. |


Determined best move using: 64967Iterations
current State

| -1. | -1. |  0. ||  1. |  0. |  0. ||* 0. |* 0. |* 0. |
|  1. |  0. |  0. ||  0. |  0. |  1. ||* 0. |* 0. |* 1. |
|  0. |  0. |  0. ||  0. |  0. |  0. ||* 0. |* 0. |* 0. |
|=====+=====+=====||=====+=====+=====||=====+=====+=====|
|  0. |  0. | -1. ||  0. |  0. |  0. ||  0. |  0. |  0. |
|  0. |  0. |  0. ||  0. |  0. |  0. ||  0. |  1. | -1. |
|  0. |  0. |  0. ||  0. | -1. |  0. || -1. |  1. |  0. |
|=====+=====+=====||=====+=====+=====||=====+=====+=====|
|  0. |  0. |  1. ||  1. | -1. |  0. ||  0. |  0. |  0. |
|  0. |  0. |  0. ||  0. |  0. |  0. ||  0. |  0. |  0. |
|  0. |  0. |  0. ||  0. |  0. |  0. ||  0. |  0. |  0. |


state to eval, currenty is playerone turn=false

|  1. |  1. | -0. || -1. | -0. | -0. ||*-0. |*-0. |*-0. |
| -1. | -0. | -0. || -0. | -0. | -1. ||*-0. |*-0. |*-1. |
| -0. | -0. | -0. || -0. | -0. | -0. ||*-0. |*-0. |*-0. |
|=====+=====+=====||=====+=====+=====||=====+=====+=====|
| -0. | -0. |  1. || -0. | -0. | -0. || -0. | -0. | -0. |
| -0. | -0. | -0. || -0. | -0. | -0. || -0. | -1. |  1. |
| -0. | -0. | -0. || -0. |  1. | -0. ||  1. | -1. | -0. |
|=====+=====+=====||=====+=====+=====||=====+=====+=====|
| -0. | -0. | -1. || -1. |  1. | -0. || -0. | -0. | -0. |
| -0. | -0. | -0. || -0. | -0. | -0. || -0. | -0. | -0. |
| -0. | -0. | -0. || -0. | -0. | -0. || -0. | -0. | -0. |


current State

| -1. | -1. |  0. ||  1. |  0. |  0. ||  0. |  0. |  0. |
|  1. |  0. |  0. ||  0. |  0. |  1. ||  0. |  0. |  1. |
|  0. |  0. |  0. ||  0. |  0. |  0. || -1. |  0. |  0. |
|=====+=====+=====||=====+=====+=====||=====+=====+=====|
|  0. |  0. | -1. ||  0. |  0. |  0. ||  0. |  0. |  0. |
|  0. |  0. |  0. ||  0. |  0. |  0. ||  0. |  1. | -1. |
|  0. |  0. |  0. ||  0. | -1. |  0. || -1. |  1. |  0. |
|=====+=====+=====||=====+=====+=====||=====+=====+=====|
|* 0. |* 0. |* 1. ||  1. | -1. |  0. ||  0. |  0. |  0. |
|* 0. |* 0. |* 0. ||  0. |  0. |  0. ||  0. |  0. |  0. |
|* 0. |* 0. |* 0. ||  0. |  0. |  0. ||  0. |  0. |  0. |


state to eval, currenty is playerone turn=true

| -1. | -1. |  0. ||  1. |  0. |  0. ||  0. |  0. |  0. |
|  1. |  0. |  0. ||  0. |  0. |  1. ||  0. |  0. |  1. |
|  0. |  0. |  0. ||  0. |  0. |  0. || -1. |  0. |  0. |
|=====+=====+=====||=====+=====+=====||=====+=====+=====|
|  0. |  0. | -1. ||  0. |  0. |  0. ||  0. |  0. |  0. |
|  0. |  0. |  0. ||  0. |  0. |  0. ||  0. |  1. | -1. |
|  0. |  0. |  0. ||  0. | -1. |  0. || -1. |  1. |  0. |
|=====+=====+=====||=====+=====+=====||=====+=====+=====|
|* 0. |* 0. |* 1. ||  1. | -1. |  0. ||  0. |  0. |  0. |
|* 0. |* 0. |* 0. ||  0. |  0. |  0. ||  0. |  0. |  0. |
|* 0. |* 0. |* 0. ||  0. |  0. |  0. ||  0. |  0. |  0. |


current State

| -1. | -1. |  0. ||  1. |  0. |  0. ||  0. |  0. |  0. |
|  1. |  0. |  0. ||  0. |  0. |  1. ||  0. |  0. |  1. |
|  0. |  0. |  0. ||  0. |  0. |  0. || -1. |  0. |  0. |
|=====+=====+=====||=====+=====+=====||=====+=====+=====|
|  0. |  0. | -1. ||* 0. |* 0. |* 0. ||  0. |  0. |  0. |
|  0. |  0. |  0. ||* 0. |* 0. |* 0. ||  0. |  1. | -1. |
|  0. |  0. |  0. ||* 0. |*-1. |* 0. || -1. |  1. |  0. |
|=====+=====+=====||=====+=====+=====||=====+=====+=====|
|  0. |  0. |  1. ||  1. | -1. |  0. ||  0. |  0. |  0. |
|  0. |  1. |  0. ||  0. |  0. |  0. ||  0. |  0. |  0. |
|  0. |  0. |  0. ||  0. |  0. |  0. ||  0. |  0. |  0. |


state to eval, currenty is playerone turn=false

|  1. |  1. | -0. || -1. | -0. | -0. || -0. | -0. | -0. |
| -1. | -0. | -0. || -0. | -0. | -1. || -0. | -0. | -1. |
| -0. | -0. | -0. || -0. | -0. | -0. ||  1. | -0. | -0. |
|=====+=====+=====||=====+=====+=====||=====+=====+=====|
| -0. | -0. |  1. ||*-0. |*-0. |*-0. || -0. | -0. | -0. |
| -0. | -0. | -0. ||*-0. |*-0. |*-0. || -0. | -1. |  1. |
| -0. | -0. | -0. ||*-0. |* 1. |*-0. ||  1. | -1. | -0. |
|=====+=====+=====||=====+=====+=====||=====+=====+=====|
| -0. | -0. | -1. || -1. |  1. | -0. || -0. | -0. | -0. |
| -0. | -1. | -0. || -0. | -0. | -0. || -0. | -0. | -0. |
| -0. | -0. | -0. || -0. | -0. | -0. || -0. | -0. | -0. |


current State

| -1. | -1. |  0. ||  1. |  0. |  0. ||* 0. |* 0. |* 0. |
|  1. |  0. |  0. ||  0. |  0. |  1. ||* 0. |* 0. |* 1. |
|  0. |  0. |  0. ||  0. |  0. |  0. ||*-1. |* 0. |* 0. |
|=====+=====+=====||=====+=====+=====||=====+=====+=====|
|  0. |  0. | -1. ||  0. |  0. | -1. ||  0. |  0. |  0. |
|  0. |  0. |  0. ||  0. |  0. |  0. ||  0. |  1. | -1. |
|  0. |  0. |  0. ||  0. | -1. |  0. || -1. |  1. |  0. |
|=====+=====+=====||=====+=====+=====||=====+=====+=====|
|  0. |  0. |  1. ||  1. | -1. |  0. ||  0. |  0. |  0. |
|  0. |  1. |  0. ||  0. |  0. |  0. ||  0. |  0. |  0. |
|  0. |  0. |  0. ||  0. |  0. |  0. ||  0. |  0. |  0. |


state to eval, currenty is playerone turn=true

| -1. | -1. |  0. ||  1. |  0. |  0. ||* 0. |* 0. |* 0. |
|  1. |  0. |  0. ||  0. |  0. |  1. ||* 0. |* 0. |* 1. |
|  0. |  0. |  0. ||  0. |  0. |  0. ||*-1. |* 0. |* 0. |
|=====+=====+=====||=====+=====+=====||=====+=====+=====|
|  0. |  0. | -1. ||  0. |  0. | -1. ||  0. |  0. |  0. |
|  0. |  0. |  0. ||  0. |  0. |  0. ||  0. |  1. | -1. |
|  0. |  0. |  0. ||  0. | -1. |  0. || -1. |  1. |  0. |
|=====+=====+=====||=====+=====+=====||=====+=====+=====|
|  0. |  0. |  1. ||  1. | -1. |  0. ||  0. |  0. |  0. |
|  0. |  1. |  0. ||  0. |  0. |  0. ||  0. |  0. |  0. |
|  0. |  0. |  0. ||  0. |  0. |  0. ||  0. |  0. |  0. |


current State

| -1. | -1. |  0. ||* 1. |* 0. |* 0. ||  0. |  1. |  0. |
|  1. |  0. |  0. ||* 0. |* 0. |* 1. ||  0. |  0. |  1. |
|  0. |  0. |  0. ||* 0. |* 0. |* 0. || -1. |  0. |  0. |
|=====+=====+=====||=====+=====+=====||=====+=====+=====|
|  0. |  0. | -1. ||  0. |  0. | -1. ||  0. |  0. |  0. |
|  0. |  0. |  0. ||  0. |  0. |  0. ||  0. |  1. | -1. |
|  0. |  0. |  0. ||  0. | -1. |  0. || -1. |  1. |  0. |
|=====+=====+=====||=====+=====+=====||=====+=====+=====|
|  0. |  0. |  1. ||  1. | -1. |  0. ||  0. |  0. |  0. |
|  0. |  1. |  0. ||  0. |  0. |  0. ||  0. |  0. |  0. |
|  0. |  0. |  0. ||  0. |  0. |  0. ||  0. |  0. |  0. |


state to eval, currenty is playerone turn=false

|  1. |  1. | -0. ||*-1. |*-0. |*-0. || -0. | -1. | -0. |
| -1. | -0. | -0. ||*-0. |*-0. |*-1. || -0. | -0. | -1. |
| -0. | -0. | -0. ||*-0. |*-0. |*-0. ||  1. | -0. | -0. |
|=====+=====+=====||=====+=====+=====||=====+=====+=====|
| -0. | -0. |  1. || -0. | -0. |  1. || -0. | -0. | -0. |
| -0. | -0. | -0. || -0. | -0. | -0. || -0. | -1. |  1. |
| -0. | -0. | -0. || -0. |  1. | -0. ||  1. | -1. | -0. |
|=====+=====+=====||=====+=====+=====||=====+=====+=====|
| -0. | -0. | -1. || -1. |  1. | -0. || -0. | -0. | -0. |
| -0. | -1. | -0. || -0. | -0. | -0. || -0. | -0. | -0. |
| -0. | -0. | -0. || -0. | -0. | -0. || -0. | -0. | -0. |


current State

| -1. | -1. |  0. ||  1. |  0. |  0. ||  0. |  1. |  0. |
|  1. |  0. |  0. ||  0. |  0. |  1. ||  0. |  0. |  1. |
|  0. |  0. |  0. ||  0. |  0. | -1. || -1. |  0. |  0. |
|=====+=====+=====||=====+=====+=====||=====+=====+=====|
|  0. |  0. | -1. ||  0. |  0. | -1. ||  0. |  0. |  0. |
|  0. |  0. |  0. ||  0. |  0. |  0. ||  0. |  1. | -1. |
|  0. |  0. |  0. ||  0. | -1. |  0. || -1. |  1. |  0. |
|=====+=====+=====||=====+=====+=====||=====+=====+=====|
|  0. |  0. |  1. ||  1. | -1. |  0. ||* 0. |* 0. |* 0. |
|  0. |  1. |  0. ||  0. |  0. |  0. ||* 0. |* 0. |* 0. |
|  0. |  0. |  0. ||  0. |  0. |  0. ||* 0. |* 0. |* 0. |


state to eval, currenty is playerone turn=true

| -1. | -1. |  0. ||  1. |  0. |  0. ||  0. |  1. |  0. |
|  1. |  0. |  0. ||  0. |  0. |  1. ||  0. |  0. |  1. |
|  0. |  0. |  0. ||  0. |  0. | -1. || -1. |  0. |  0. |
|=====+=====+=====||=====+=====+=====||=====+=====+=====|
|  0. |  0. | -1. ||  0. |  0. | -1. ||  0. |  0. |  0. |
|  0. |  0. |  0. ||  0. |  0. |  0. ||  0. |  1. | -1. |
|  0. |  0. |  0. ||  0. | -1. |  0. || -1. |  1. |  0. |
|=====+=====+=====||=====+=====+=====||=====+=====+=====|
|  0. |  0. |  1. ||  1. | -1. |  0. ||* 0. |* 0. |* 0. |
|  0. |  1. |  0. ||  0. |  0. |  0. ||* 0. |* 0. |* 0. |
|  0. |  0. |  0. ||  0. |  0. |  0. ||* 0. |* 0. |* 0. |


Determined best move using: 86008Iterations
current State

| -1. | -1. |  0. ||  1. |  0. |  0. ||  0. |  1. |  0. |
|  1. |  0. |  0. ||  0. |  0. |  1. ||  0. |  0. |  1. |
|  0. |  0. |  0. ||  0. |  0. | -1. || -1. |  0. |  0. |
|=====+=====+=====||=====+=====+=====||=====+=====+=====|
|  0. |  0. | -1. ||  0. |  0. | -1. ||  0. |  0. |  0. |
|  0. |  0. |  0. ||  0. |  0. |  0. ||  0. |  1. | -1. |
|  0. |  0. |  0. ||  0. | -1. |  0. || -1. |  1. |  0. |
|=====+=====+=====||=====+=====+=====||=====+=====+=====|
|  0. |  0. |  1. ||  1. | -1. |  0. ||* 0. |* 0. |* 0. |
|  0. |  1. |  0. ||  0. |  0. |  0. ||* 0. |* 0. |* 0. |
|  0. |  0. |  0. ||  0. |  0. |  0. ||* 0. |* 0. |* 1. |


state to eval, currenty is playerone turn=false

|  1. |  1. | -0. || -1. | -0. | -0. || -0. | -1. | -0. |
| -1. | -0. | -0. || -0. | -0. | -1. || -0. | -0. | -1. |
| -0. | -0. | -0. || -0. | -0. |  1. ||  1. | -0. | -0. |
|=====+=====+=====||=====+=====+=====||=====+=====+=====|
| -0. | -0. |  1. || -0. | -0. |  1. || -0. | -0. | -0. |
| -0. | -0. | -0. || -0. | -0. | -0. || -0. | -1. |  1. |
| -0. | -0. | -0. || -0. |  1. | -0. ||  1. | -1. | -0. |
|=====+=====+=====||=====+=====+=====||=====+=====+=====|
| -0. | -0. | -1. || -1. |  1. | -0. ||*-0. |*-0. |*-0. |
| -0. | -1. | -0. || -0. | -0. | -0. ||*-0. |*-0. |*-0. |
| -0. | -0. | -0. || -0. | -0. | -0. ||*-0. |*-0. |*-1. |


Determined best move using: 85546Iterations
Determined best move using: 73364Iterations
current State

| -1. | -1. |  0. ||  1. |  0. |  0. ||  0. |  1. |  0. |
|  1. |  0. |  0. ||  0. |  0. |  1. ||  0. |  0. |  1. |
|  0. |  0. |  0. ||  0. |  0. | -1. || -1. |  0. |  0. |
|=====+=====+=====||=====+=====+=====||=====+=====+=====|
|  0. |  0. | -1. ||  0. |  0. | -1. ||  0. |  0. |  0. |
|  0. |  0. |  0. ||  0. |  0. |  0. ||  0. |  1. | -1. |
|  0. |  0. |  0. ||  0. | -1. |  0. || -1. |  1. |  0. |
|=====+=====+=====||=====+=====+=====||=====+=====+=====|
|  0. |  0. |  1. ||* 1. |*-1. |* 0. ||  0. |  0. |  0. |
|  0. |  1. |  0. ||* 0. |* 0. |* 0. ||  0. |  0. |  0. |
|  0. |  0. |  0. ||* 0. |* 0. |* 0. ||  0. | -1. |  1. |


state to eval, currenty is playerone turn=true

| -1. | -1. |  0. ||  1. |  0. |  0. ||  0. |  1. |  0. |
|  1. |  0. |  0. ||  0. |  0. |  1. ||  0. |  0. |  1. |
|  0. |  0. |  0. ||  0. |  0. | -1. || -1. |  0. |  0. |
|=====+=====+=====||=====+=====+=====||=====+=====+=====|
|  0. |  0. | -1. ||  0. |  0. | -1. ||  0. |  0. |  0. |
|  0. |  0. |  0. ||  0. |  0. |  0. ||  0. |  1. | -1. |
|  0. |  0. |  0. ||  0. | -1. |  0. || -1. |  1. |  0. |
|=====+=====+=====||=====+=====+=====||=====+=====+=====|
|  0. |  0. |  1. ||* 1. |*-1. |* 0. ||  0. |  0. |  0. |
|  0. |  1. |  0. ||* 0. |* 0. |* 0. ||  0. |  0. |  0. |
|  0. |  0. |  0. ||* 0. |* 0. |* 0. ||  0. | -1. |  1. |


current State

| -1. | -1. |  0. ||  1. |  0. |  0. ||  0. |  1. |  0. |
|  1. |  0. |  0. ||  0. |  0. |  1. ||  0. |  0. |  1. |
|  0. |  0. |  0. ||  0. |  0. | -1. || -1. |  0. |  0. |
|=====+=====+=====||=====+=====+=====||=====+=====+=====|
|  0. |  0. | -1. ||  0. |  0. | -1. ||  0. |  0. |  0. |
|  0. |  0. |  0. ||  0. |  0. |  0. ||  0. |  1. | -1. |
|  0. |  0. |  0. ||  0. | -1. |  0. || -1. |  1. |  0. |
|=====+=====+=====||=====+=====+=====||=====+=====+=====|
|  0. |  0. |  1. ||  1. | -1. |  0. ||* 0. |* 0. |* 0. |
|  0. |  1. |  0. ||  0. |  0. |  0. ||* 0. |* 0. |* 0. |
|  0. |  0. |  0. ||  0. |  0. |  1. ||* 0. |*-1. |* 1. |


state to eval, currenty is playerone turn=false

|  1. |  1. | -0. || -1. | -0. | -0. || -0. | -1. | -0. |
| -1. | -0. | -0. || -0. | -0. | -1. || -0. | -0. | -1. |
| -0. | -0. | -0. || -0. | -0. |  1. ||  1. | -0. | -0. |
|=====+=====+=====||=====+=====+=====||=====+=====+=====|
| -0. | -0. |  1. || -0. | -0. |  1. || -0. | -0. | -0. |
| -0. | -0. | -0. || -0. | -0. | -0. || -0. | -1. |  1. |
| -0. | -0. | -0. || -0. |  1. | -0. ||  1. | -1. | -0. |
|=====+=====+=====||=====+=====+=====||=====+=====+=====|
| -0. | -0. | -1. || -1. |  1. | -0. ||*-0. |*-0. |*-0. |
| -0. | -1. | -0. || -0. | -0. | -0. ||*-0. |*-0. |*-0. |
| -0. | -0. | -0. || -0. | -0. | -1. ||*-0. |* 1. |*-1. |


current State

| -1. | -1. |  0. ||  1. |  0. |  0. ||  0. |  1. |  0. |
|  1. |  0. |  0. ||  0. |  0. |  1. ||  0. |  0. |  1. |
|  0. |  0. |  0. ||  0. |  0. | -1. || -1. |  0. |  0. |
|=====+=====+=====||=====+=====+=====||=====+=====+=====|
|* 0. |* 0. |*-1. ||  0. |  0. | -1. ||  0. |  0. |  0. |
|* 0. |* 0. |* 0. ||  0. |  0. |  0. ||  0. |  1. | -1. |
|* 0. |* 0. |* 0. ||  0. | -1. |  0. || -1. |  1. |  0. |
|=====+=====+=====||=====+=====+=====||=====+=====+=====|
|  0. |  0. |  1. ||  1. | -1. |  0. ||  0. |  0. |  0. |
|  0. |  1. |  0. ||  0. |  0. |  0. || -1. |  0. |  0. |
|  0. |  0. |  0. ||  0. |  0. |  1. ||  0. | -1. |  1. |


state to eval, currenty is playerone turn=true

| -1. | -1. |  0. ||  1. |  0. |  0. ||  0. |  1. |  0. |
|  1. |  0. |  0. ||  0. |  0. |  1. ||  0. |  0. |  1. |
|  0. |  0. |  0. ||  0. |  0. | -1. || -1. |  0. |  0. |
|=====+=====+=====||=====+=====+=====||=====+=====+=====|
|* 0. |* 0. |*-1. ||  0. |  0. | -1. ||  0. |  0. |  0. |
|* 0. |* 0. |* 0. ||  0. |  0. |  0. ||  0. |  1. | -1. |
|* 0. |* 0. |* 0. ||  0. | -1. |  0. || -1. |  1. |  0. |
|=====+=====+=====||=====+=====+=====||=====+=====+=====|
|  0. |  0. |  1. ||  1. | -1. |  0. ||  0. |  0. |  0. |
|  0. |  1. |  0. ||  0. |  0. |  0. || -1. |  0. |  0. |
|  0. |  0. |  0. ||  0. |  0. |  1. ||  0. | -1. |  1. |


current State

|*-1. |*-1. |* 0. ||  1. |  0. |  0. ||  0. |  1. |  0. |
|* 1. |* 0. |* 0. ||  0. |  0. |  1. ||  0. |  0. |  1. |
|* 0. |* 0. |* 0. ||  0. |  0. | -1. || -1. |  0. |  0. |
|=====+=====+=====||=====+=====+=====||=====+=====+=====|
|  1. |  0. | -1. ||  0. |  0. | -1. ||  0. |  0. |  0. |
|  0. |  0. |  0. ||  0. |  0. |  0. ||  0. |  1. | -1. |
|  0. |  0. |  0. ||  0. | -1. |  0. || -1. |  1. |  0. |
|=====+=====+=====||=====+=====+=====||=====+=====+=====|
|  0. |  0. |  1. ||  1. | -1. |  0. ||  0. |  0. |  0. |
|  0. |  1. |  0. ||  0. |  0. |  0. || -1. |  0. |  0. |
|  0. |  0. |  0. ||  0. |  0. |  1. ||  0. | -1. |  1. |


state to eval, currenty is playerone turn=false

|* 1. |* 1. |*-0. || -1. | -0. | -0. || -0. | -1. | -0. |
|*-1. |*-0. |*-0. || -0. | -0. | -1. || -0. | -0. | -1. |
|*-0. |*-0. |*-0. || -0. | -0. |  1. ||  1. | -0. | -0. |
|=====+=====+=====||=====+=====+=====||=====+=====+=====|
| -1. | -0. |  1. || -0. | -0. |  1. || -0. | -0. | -0. |
| -0. | -0. | -0. || -0. | -0. | -0. || -0. | -1. |  1. |
| -0. | -0. | -0. || -0. |  1. | -0. ||  1. | -1. | -0. |
|=====+=====+=====||=====+=====+=====||=====+=====+=====|
| -0. | -0. | -1. || -1. |  1. | -0. || -0. | -0. | -0. |
| -0. | -1. | -0. || -0. | -0. | -0. ||  1. | -0. | -0. |
| -0. | -0. | -0. || -0. | -0. | -1. || -0. |  1. | -1. |


Determined best move using: 100344Iterations
current State

| -1. | -1. | -1. ||  1. |  0. |  0. ||* 0. |* 1. |* 0. |
|  1. |  0. |  0. ||  0. |  0. |  1. ||* 0. |* 0. |* 1. |
|  0. |  0. |  0. ||  0. |  0. | -1. ||*-1. |* 0. |* 0. |
|=====+=====+=====||=====+=====+=====||=====+=====+=====|
|  1. |  0. | -1. ||  0. |  0. | -1. ||  0. |  0. |  0. |
|  0. |  0. |  0. ||  0. |  0. |  0. ||  0. |  1. | -1. |
|  0. |  0. |  0. ||  0. | -1. |  0. || -1. |  1. |  0. |
|=====+=====+=====||=====+=====+=====||=====+=====+=====|
|  0. |  0. |  1. ||  1. | -1. |  0. ||  0. |  0. |  0. |
|  0. |  1. |  0. ||  0. |  0. |  0. || -1. |  0. |  0. |
|  0. |  0. |  0. ||  0. |  0. |  1. ||  0. | -1. |  1. |


state to eval, currenty is playerone turn=true

| -1. | -1. | -1. ||  1. |  0. |  0. ||* 0. |* 1. |* 0. |
|  1. |  0. |  0. ||  0. |  0. |  1. ||* 0. |* 0. |* 1. |
|  0. |  0. |  0. ||  0. |  0. | -1. ||*-1. |* 0. |* 0. |
|=====+=====+=====||=====+=====+=====||=====+=====+=====|
|  1. |  0. | -1. ||  0. |  0. | -1. ||  0. |  0. |  0. |
|  0. |  0. |  0. ||  0. |  0. |  0. ||  0. |  1. | -1. |
|  0. |  0. |  0. ||  0. | -1. |  0. || -1. |  1. |  0. |
|=====+=====+=====||=====+=====+=====||=====+=====+=====|
|  0. |  0. |  1. ||  1. | -1. |  0. ||  0. |  0. |  0. |
|  0. |  1. |  0. ||  0. |  0. |  0. || -1. |  0. |  0. |
|  0. |  0. |  0. ||  0. |  0. |  1. ||  0. | -1. |  1. |


current State

| -1. | -1. | -1. ||  1. |  0. |  0. ||  0. |  1. |  0. |
|  1. |  0. |  0. ||  0. |  0. |  1. ||  1. |  0. |  1. |
|  0. |  0. |  0. ||  0. |  0. | -1. || -1. |  0. |  0. |
|=====+=====+=====||=====+=====+=====||=====+=====+=====|
|* 1. |* 0. |*-1. ||  0. |  0. | -1. ||  0. |  0. |  0. |
|* 0. |* 0. |* 0. ||  0. |  0. |  0. ||  0. |  1. | -1. |
|* 0. |* 0. |* 0. ||  0. | -1. |  0. || -1. |  1. |  0. |
|=====+=====+=====||=====+=====+=====||=====+=====+=====|
|  0. |  0. |  1. ||  1. | -1. |  0. ||  0. |  0. |  0. |
|  0. |  1. |  0. ||  0. |  0. |  0. || -1. |  0. |  0. |
|  0. |  0. |  0. ||  0. |  0. |  1. ||  0. | -1. |  1. |


state to eval, currenty is playerone turn=false

|  1. |  1. |  1. || -1. | -0. | -0. || -0. | -1. | -0. |
| -1. | -0. | -0. || -0. | -0. | -1. || -1. | -0. | -1. |
| -0. | -0. | -0. || -0. | -0. |  1. ||  1. | -0. | -0. |
|=====+=====+=====||=====+=====+=====||=====+=====+=====|
|*-1. |*-0. |* 1. || -0. | -0. |  1. || -0. | -0. | -0. |
|*-0. |*-0. |*-0. || -0. | -0. | -0. || -0. | -1. |  1. |
|*-0. |*-0. |*-0. || -0. |  1. | -0. ||  1. | -1. | -0. |
|=====+=====+=====||=====+=====+=====||=====+=====+=====|
| -0. | -0. | -1. || -1. |  1. | -0. || -0. | -0. | -0. |
| -0. | -1. | -0. || -0. | -0. | -0. ||  1. | -0. | -0. |
| -0. | -0. | -0. || -0. | -0. | -1. || -0. |  1. | -1. |


Determined best move using: 101567Iterations
current State

| -1. | -1. | -1. ||  1. |  0. |  0. ||  0. |  1. |  0. |
|  1. |  0. |  0. ||  0. |  0. |  1. ||  1. |  0. |  1. |
|  0. |  0. |  0. ||  0. |  0. | -1. || -1. |  0. |  0. |
|=====+=====+=====||=====+=====+=====||=====+=====+=====|
|* 1. |* 0. |*-1. ||  0. |  0. | -1. ||  0. |  0. |  0. |
|*-1. |* 0. |* 0. ||  0. |  0. |  0. ||  0. |  1. | -1. |
|* 0. |* 0. |* 0. ||  0. | -1. |  0. || -1. |  1. |  0. |
|=====+=====+=====||=====+=====+=====||=====+=====+=====|
|  0. |  0. |  1. ||  1. | -1. |  0. ||  0. |  0. |  0. |
|  0. |  1. |  0. ||  0. |  0. |  0. || -1. |  0. |  0. |
|  0. |  0. |  0. ||  0. |  0. |  1. ||  0. | -1. |  1. |


state to eval, currenty is playerone turn=true

| -1. | -1. | -1. ||  1. |  0. |  0. ||  0. |  1. |  0. |
|  1. |  0. |  0. ||  0. |  0. |  1. ||  1. |  0. |  1. |
|  0. |  0. |  0. ||  0. |  0. | -1. || -1. |  0. |  0. |
|=====+=====+=====||=====+=====+=====||=====+=====+=====|
|* 1. |* 0. |*-1. ||  0. |  0. | -1. ||  0. |  0. |  0. |
|*-1. |* 0. |* 0. ||  0. |  0. |  0. ||  0. |  1. | -1. |
|* 0. |* 0. |* 0. ||  0. | -1. |  0. || -1. |  1. |  0. |
|=====+=====+=====||=====+=====+=====||=====+=====+=====|
|  0. |  0. |  1. ||  1. | -1. |  0. ||  0. |  0. |  0. |
|  0. |  1. |  0. ||  0. |  0. |  0. || -1. |  0. |  0. |
|  0. |  0. |  0. ||  0. |  0. |  1. ||  0. | -1. |  1. |


current State

| -1. | -1. | -1. ||  1. |  0. |  0. ||  0. |  1. |  0. |
|  1. |  0. |  0. ||  0. |  0. |  1. ||  1. |  0. |  1. |
|  0. |  0. |  0. ||  0. |  0. | -1. || -1. |  0. |  0. |
|=====+=====+=====||=====+=====+=====||=====+=====+=====|
|  1. |  0. | -1. ||  0. |  0. | -1. ||  0. |  0. |  0. |
| -1. |  0. |  0. ||  0. |  0. |  0. ||  0. |  1. | -1. |
|  1. |  0. |  0. ||  0. | -1. |  0. || -1. |  1. |  0. |
|=====+=====+=====||=====+=====+=====||=====+=====+=====|
|* 0. |* 0. |* 1. ||  1. | -1. |  0. ||  0. |  0. |  0. |
|* 0. |* 1. |* 0. ||  0. |  0. |  0. || -1. |  0. |  0. |
|* 0. |* 0. |* 0. ||  0. |  0. |  1. ||  0. | -1. |  1. |


state to eval, currenty is playerone turn=false

|  1. |  1. |  1. || -1. | -0. | -0. || -0. | -1. | -0. |
| -1. | -0. | -0. || -0. | -0. | -1. || -1. | -0. | -1. |
| -0. | -0. | -0. || -0. | -0. |  1. ||  1. | -0. | -0. |
|=====+=====+=====||=====+=====+=====||=====+=====+=====|
| -1. | -0. |  1. || -0. | -0. |  1. || -0. | -0. | -0. |
|  1. | -0. | -0. || -0. | -0. | -0. || -0. | -1. |  1. |
| -1. | -0. | -0. || -0. |  1. | -0. ||  1. | -1. | -0. |
|=====+=====+=====||=====+=====+=====||=====+=====+=====|
|*-0. |*-0. |*-1. || -1. |  1. | -0. || -0. | -0. | -0. |
|*-0. |*-1. |*-0. || -0. | -0. | -0. ||  1. | -0. | -0. |
|*-0. |*-0. |*-0. || -0. | -0. | -1. || -0. |  1. | -1. |


current State

| -1. | -1. | -1. ||  1. |  0. |  0. ||  0. |  1. |  0. |
|  1. |  0. |  0. ||  0. |  0. |  1. ||  1. |  0. |  1. |
|  0. |  0. |  0. ||  0. |  0. | -1. || -1. |  0. |  0. |
|=====+=====+=====||=====+=====+=====||=====+=====+=====|
|  1. |  0. | -1. ||  0. |  0. | -1. ||  0. |  0. |  0. |
| -1. |  0. |  0. ||  0. |  0. |  0. ||  0. |  1. | -1. |
|  1. |  0. |  0. ||  0. | -1. |  0. || -1. |  1. |  0. |
|=====+=====+=====||=====+=====+=====||=====+=====+=====|
|* 0. |* 0. |* 1. ||  1. | -1. |  0. ||  0. |  0. |  0. |
|* 0. |* 1. |* 0. ||  0. |  0. |  0. || -1. |  0. |  0. |
|*-1. |* 0. |* 0. ||  0. |  0. |  1. ||  0. | -1. |  1. |


state to eval, currenty is playerone turn=true

| -1. | -1. | -1. ||  1. |  0. |  0. ||  0. |  1. |  0. |
|  1. |  0. |  0. ||  0. |  0. |  1. ||  1. |  0. |  1. |
|  0. |  0. |  0. ||  0. |  0. | -1. || -1. |  0. |  0. |
|=====+=====+=====||=====+=====+=====||=====+=====+=====|
|  1. |  0. | -1. ||  0. |  0. | -1. ||  0. |  0. |  0. |
| -1. |  0. |  0. ||  0. |  0. |  0. ||  0. |  1. | -1. |
|  1. |  0. |  0. ||  0. | -1. |  0. || -1. |  1. |  0. |
|=====+=====+=====||=====+=====+=====||=====+=====+=====|
|* 0. |* 0. |* 1. ||  1. | -1. |  0. ||  0. |  0. |  0. |
|* 0. |* 1. |* 0. ||  0. |  0. |  0. || -1. |  0. |  0. |
|*-1. |* 0. |* 0. ||  0. |  0. |  1. ||  0. | -1. |  1. |


Determined best move using: 114727Iterations
Determined best move using: 99885Iterations
Determined best move using: 110307Iterations
Determined best move using: 86930Iterations
current State

| -1. | -1. | -1. ||  1. |  0. |  0. ||  0. |  1. |  0. |
|  1. |  0. |  0. ||  0. |  0. |  1. ||  1. |  0. |  1. |
|  0. |  0. |  0. ||  0. |  0. | -1. || -1. |  0. |  0. |
|=====+=====+=====||=====+=====+=====||=====+=====+=====|
|  1. |  0. | -1. ||  0. |  0. | -1. ||  0. |  0. |  0. |
| -1. |  0. |  0. ||  0. |  0. |  0. ||  0. |  1. | -1. |
|  1. |  0. |  0. ||  0. | -1. |  0. || -1. |  1. |  0. |
|=====+=====+=====||=====+=====+=====||=====+=====+=====|
|  0. |  0. |  1. ||* 1. |*-1. |* 0. ||  0. |  0. |  0. |
|  0. |  1. |  0. ||* 0. |* 0. |* 0. || -1. |  0. |  0. |
| -1. |  1. |  0. ||* 0. |* 0. |* 1. ||  0. | -1. |  1. |


state to eval, currenty is playerone turn=false

|  1. |  1. |  1. || -1. | -0. | -0. || -0. | -1. | -0. |
| -1. | -0. | -0. || -0. | -0. | -1. || -1. | -0. | -1. |
| -0. | -0. | -0. || -0. | -0. |  1. ||  1. | -0. | -0. |
|=====+=====+=====||=====+=====+=====||=====+=====+=====|
| -1. | -0. |  1. || -0. | -0. |  1. || -0. | -0. | -0. |
|  1. | -0. | -0. || -0. | -0. | -0. || -0. | -1. |  1. |
| -1. | -0. | -0. || -0. |  1. | -0. ||  1. | -1. | -0. |
|=====+=====+=====||=====+=====+=====||=====+=====+=====|
| -0. | -0. | -1. ||*-1. |* 1. |*-0. || -0. | -0. | -0. |
| -0. | -1. | -0. ||*-0. |*-0. |*-0. ||  1. | -0. | -0. |
|  1. | -1. | -0. ||*-0. |*-0. |*-1. || -0. |  1. | -1. |


current State

| -1. | -1. | -1. ||  1. |  0. |  0. ||  0. |  1. |  0. |
|  1. |  0. |  0. ||  0. |  0. |  1. ||  1. |  0. |  1. |
|  0. |  0. |  0. ||  0. |  0. | -1. || -1. |  0. |  0. |
|=====+=====+=====||=====+=====+=====||=====+=====+=====|
|  1. |  0. | -1. ||* 0. |* 0. |*-1. ||  0. |  0. |  0. |
| -1. |  0. |  0. ||* 0. |* 0. |* 0. ||  0. |  1. | -1. |
|  1. |  0. |  0. ||* 0. |*-1. |* 0. || -1. |  1. |  0. |
|=====+=====+=====||=====+=====+=====||=====+=====+=====|
|  0. |  0. |  1. ||  1. | -1. |  0. ||  0. |  0. |  0. |
|  0. |  1. |  0. ||  0. | -1. |  0. || -1. |  0. |  0. |
| -1. |  1. |  0. ||  0. |  0. |  1. ||  0. | -1. |  1. |


state to eval, currenty is playerone turn=true

| -1. | -1. | -1. ||  1. |  0. |  0. ||  0. |  1. |  0. |
|  1. |  0. |  0. ||  0. |  0. |  1. ||  1. |  0. |  1. |
|  0. |  0. |  0. ||  0. |  0. | -1. || -1. |  0. |  0. |
|=====+=====+=====||=====+=====+=====||=====+=====+=====|
|  1. |  0. | -1. ||* 0. |* 0. |*-1. ||  0. |  0. |  0. |
| -1. |  0. |  0. ||* 0. |* 0. |* 0. ||  0. |  1. | -1. |
|  1. |  0. |  0. ||* 0. |*-1. |* 0. || -1. |  1. |  0. |
|=====+=====+=====||=====+=====+=====||=====+=====+=====|
|  0. |  0. |  1. ||  1. | -1. |  0. ||  0. |  0. |  0. |
|  0. |  1. |  0. ||  0. | -1. |  0. || -1. |  0. |  0. |
| -1. |  1. |  0. ||  0. |  0. |  1. ||  0. | -1. |  1. |


current State

| -1. | -1. | -1. ||  1. |  0. |  0. ||  0. |  1. |  0. |
|  1. |  0. |  0. ||  0. |  0. |  1. ||  1. |  0. |  1. |
|  0. |  0. |  0. ||  0. |  0. | -1. || -1. |  0. |  0. |
|=====+=====+=====||=====+=====+=====||=====+=====+=====|
|  1. |  0. | -1. ||  0. |  0. | -1. ||* 0. |* 0. |* 0. |
| -1. |  0. |  0. ||  0. |  0. |  1. ||* 0. |* 1. |*-1. |
|  1. |  0. |  0. ||  0. | -1. |  0. ||*-1. |* 1. |* 0. |
|=====+=====+=====||=====+=====+=====||=====+=====+=====|
|  0. |  0. |  1. ||  1. | -1. |  0. ||  0. |  0. |  0. |
|  0. |  1. |  0. ||  0. | -1. |  0. || -1. |  0. |  0. |
| -1. |  1. |  0. ||  0. |  0. |  1. ||  0. | -1. |  1. |


state to eval, currenty is playerone turn=false

|  1. |  1. |  1. || -1. | -0. | -0. || -0. | -1. | -0. |
| -1. | -0. | -0. || -0. | -0. | -1. || -1. | -0. | -1. |
| -0. | -0. | -0. || -0. | -0. |  1. ||  1. | -0. | -0. |
|=====+=====+=====||=====+=====+=====||=====+=====+=====|
| -1. | -0. |  1. || -0. | -0. |  1. ||*-0. |*-0. |*-0. |
|  1. | -0. | -0. || -0. | -0. | -1. ||*-0. |*-1. |* 1. |
| -1. | -0. | -0. || -0. |  1. | -0. ||* 1. |*-1. |*-0. |
|=====+=====+=====||=====+=====+=====||=====+=====+=====|
| -0. | -0. | -1. || -1. |  1. | -0. || -0. | -0. | -0. |
| -0. | -1. | -0. || -0. |  1. | -0. ||  1. | -0. | -0. |
|  1. | -1. | -0. || -0. | -0. | -1. || -0. |  1. | -1. |


current State

| -1. | -1. | -1. ||* 1. |* 0. |* 0. ||  0. |  1. |  0. |
|  1. |  0. |  0. ||* 0. |* 0. |* 1. ||  1. |  0. |  1. |
|  0. |  0. |  0. ||* 0. |* 0. |*-1. || -1. |  0. |  0. |
|=====+=====+=====||=====+=====+=====||=====+=====+=====|
|  1. |  0. | -1. ||  0. |  0. | -1. ||  0. | -1. |  0. |
| -1. |  0. |  0. ||  0. |  0. |  1. ||  0. |  1. | -1. |
|  1. |  0. |  0. ||  0. | -1. |  0. || -1. |  1. |  0. |
|=====+=====+=====||=====+=====+=====||=====+=====+=====|
|  0. |  0. |  1. ||  1. | -1. |  0. ||  0. |  0. |  0. |
|  0. |  1. |  0. ||  0. | -1. |  0. || -1. |  0. |  0. |
| -1. |  1. |  0. ||  0. |  0. |  1. ||  0. | -1. |  1. |


state to eval, currenty is playerone turn=true

| -1. | -1. | -1. ||* 1. |* 0. |* 0. ||  0. |  1. |  0. |
|  1. |  0. |  0. ||* 0. |* 0. |* 1. ||  1. |  0. |  1. |
|  0. |  0. |  0. ||* 0. |* 0. |*-1. || -1. |  0. |  0. |
|=====+=====+=====||=====+=====+=====||=====+=====+=====|
|  1. |  0. | -1. ||  0. |  0. | -1. ||  0. | -1. |  0. |
| -1. |  0. |  0. ||  0. |  0. |  1. ||  0. |  1. | -1. |
|  1. |  0. |  0. ||  0. | -1. |  0. || -1. |  1. |  0. |
|=====+=====+=====||=====+=====+=====||=====+=====+=====|
|  0. |  0. |  1. ||  1. | -1. |  0. ||  0. |  0. |  0. |
|  0. |  1. |  0. ||  0. | -1. |  0. || -1. |  0. |  0. |
| -1. |  1. |  0. ||  0. |  0. |  1. ||  0. | -1. |  1. |


Determined best move using: 132579Iterations
Determined best move using: 127260Iterations
current State

| -1. | -1. | -1. ||  1. |  0. |  0. ||  0. |  1. |  0. |
|  1. |  0. |  0. ||  1. |  0. |  1. ||  1. |  0. |  1. |
|  0. |  0. |  0. ||  0. |  0. | -1. || -1. |  0. |  0. |
|=====+=====+=====||=====+=====+=====||=====+=====+=====|
|* 1. |* 0. |*-1. ||  0. |  0. | -1. ||  0. | -1. |  0. |
|*-1. |* 0. |* 0. ||  0. |  0. |  1. ||  0. |  1. | -1. |
|* 1. |* 0. |* 0. ||  0. | -1. |  0. || -1. |  1. |  0. |
|=====+=====+=====||=====+=====+=====||=====+=====+=====|
|  0. |  0. |  1. ||  1. | -1. |  0. ||  0. |  0. |  0. |
|  0. |  1. |  0. ||  0. | -1. |  0. || -1. |  0. |  0. |
| -1. |  1. |  0. ||  0. |  0. |  1. ||  0. | -1. |  1. |


state to eval, currenty is playerone turn=false

|  1. |  1. |  1. || -1. | -0. | -0. || -0. | -1. | -0. |
| -1. | -0. | -0. || -1. | -0. | -1. || -1. | -0. | -1. |
| -0. | -0. | -0. || -0. | -0. |  1. ||  1. | -0. | -0. |
|=====+=====+=====||=====+=====+=====||=====+=====+=====|
|*-1. |*-0. |* 1. || -0. | -0. |  1. || -0. |  1. | -0. |
|* 1. |*-0. |*-0. || -0. | -0. | -1. || -0. | -1. |  1. |
|*-1. |*-0. |*-0. || -0. |  1. | -0. ||  1. | -1. | -0. |
|=====+=====+=====||=====+=====+=====||=====+=====+=====|
| -0. | -0. | -1. || -1. |  1. | -0. || -0. | -0. | -0. |
| -0. | -1. | -0. || -0. |  1. | -0. ||  1. | -0. | -0. |
|  1. | -1. | -0. || -0. | -0. | -1. || -0. |  1. | -1. |


current State

| -1. | -1. | -1. ||  1. |  0. |  0. ||  0. |  1. |  0. |
|  1. |  0. |  0. ||  1. |  0. |  1. ||  1. |  0. |  1. |
|  0. |  0. |  0. ||  0. |  0. | -1. || -1. |  0. |  0. |
|=====+=====+=====||=====+=====+=====||=====+=====+=====|
|  1. |  0. | -1. ||  0. |  0. | -1. ||  0. | -1. |  0. |
| -1. |  0. |  0. ||  0. |  0. |  1. ||  0. |  1. | -1. |
|  1. | -1. |  0. ||  0. | -1. |  0. || -1. |  1. |  0. |
|=====+=====+=====||=====+=====+=====||=====+=====+=====|
|  0. |  0. |  1. ||* 1. |*-1. |* 0. ||  0. |  0. |  0. |
|  0. |  1. |  0. ||* 0. |*-1. |* 0. || -1. |  0. |  0. |
| -1. |  1. |  0. ||* 0. |* 0. |* 1. ||  0. | -1. |  1. |


state to eval, currenty is playerone turn=true

| -1. | -1. | -1. ||  1. |  0. |  0. ||  0. |  1. |  0. |
|  1. |  0. |  0. ||  1. |  0. |  1. ||  1. |  0. |  1. |
|  0. |  0. |  0. ||  0. |  0. | -1. || -1. |  0. |  0. |
|=====+=====+=====||=====+=====+=====||=====+=====+=====|
|  1. |  0. | -1. ||  0. |  0. | -1. ||  0. | -1. |  0. |
| -1. |  0. |  0. ||  0. |  0. |  1. ||  0. |  1. | -1. |
|  1. | -1. |  0. ||  0. | -1. |  0. || -1. |  1. |  0. |
|=====+=====+=====||=====+=====+=====||=====+=====+=====|
|  0. |  0. |  1. ||* 1. |*-1. |* 0. ||  0. |  0. |  0. |
|  0. |  1. |  0. ||* 0. |*-1. |* 0. || -1. |  0. |  0. |
| -1. |  1. |  0. ||* 0. |* 0. |* 1. ||  0. | -1. |  1. |


Determined best move using: 129437Iterations
Determined best move using: 140516Iterations
current State

| -1. | -1. | -1. ||  1. |  0. |  0. ||  0. |  1. |  0. |
|  1. |  0. |  0. ||  1. |  0. |  1. ||  1. |  0. |  1. |
|  0. |  0. |  0. ||  0. |  0. | -1. || -1. |  0. |  0. |
|=====+=====+=====||=====+=====+=====||=====+=====+=====|
|  1. |  0. | -1. ||  0. |  0. | -1. ||* 0. |*-1. |* 0. |
| -1. |  0. |  0. ||  0. |  0. |  1. ||* 0. |* 1. |*-1. |
|  1. | -1. |  0. ||  0. | -1. |  0. ||*-1. |* 1. |* 0. |
|=====+=====+=====||=====+=====+=====||=====+=====+=====|
|  0. |  0. |  1. ||  1. | -1. |  0. ||  0. |  0. |  0. |
|  0. |  1. |  0. ||  0. | -1. |  1. || -1. |  0. |  0. |
| -1. |  1. |  0. ||  0. |  0. |  1. ||  0. | -1. |  1. |


state to eval, currenty is playerone turn=false

|  1. |  1. |  1. || -1. | -0. | -0. || -0. | -1. | -0. |
| -1. | -0. | -0. || -1. | -0. | -1. || -1. | -0. | -1. |
| -0. | -0. | -0. || -0. | -0. |  1. ||  1. | -0. | -0. |
|=====+=====+=====||=====+=====+=====||=====+=====+=====|
| -1. | -0. |  1. || -0. | -0. |  1. ||*-0. |* 1. |*-0. |
|  1. | -0. | -0. || -0. | -0. | -1. ||*-0. |*-1. |* 1. |
| -1. |  1. | -0. || -0. |  1. | -0. ||* 1. |*-1. |*-0. |
|=====+=====+=====||=====+=====+=====||=====+=====+=====|
| -0. | -0. | -1. || -1. |  1. | -0. || -0. | -0. | -0. |
| -0. | -1. | -0. || -0. |  1. | -1. ||  1. | -0. | -0. |
|  1. | -1. | -0. || -0. | -0. | -1. || -0. |  1. | -1. |


current State

| -1. | -1. | -1. ||  1. |  0. |  0. ||  0. |  1. |  0. |
|  1. |  0. |  0. ||  1. |  0. |  1. ||  1. |  0. |  1. |
|  0. |  0. |  0. ||  0. |  0. | -1. || -1. |  0. |  0. |
|=====+=====+=====||=====+=====+=====||=====+=====+=====|
|* 1. |* 0. |*-1. ||  0. |  0. | -1. ||  0. | -1. |  0. |
|*-1. |* 0. |* 0. ||  0. |  0. |  1. || -1. |  1. | -1. |
|* 1. |*-1. |* 0. ||  0. | -1. |  0. || -1. |  1. |  0. |
|=====+=====+=====||=====+=====+=====||=====+=====+=====|
|  0. |  0. |  1. ||  1. | -1. |  0. ||  0. |  0. |  0. |
|  0. |  1. |  0. ||  0. | -1. |  1. || -1. |  0. |  0. |
| -1. |  1. |  0. ||  0. |  0. |  1. ||  0. | -1. |  1. |


state to eval, currenty is playerone turn=true

| -1. | -1. | -1. ||  1. |  0. |  0. ||  0. |  1. |  0. |
|  1. |  0. |  0. ||  1. |  0. |  1. ||  1. |  0. |  1. |
|  0. |  0. |  0. ||  0. |  0. | -1. || -1. |  0. |  0. |
|=====+=====+=====||=====+=====+=====||=====+=====+=====|
|* 1. |* 0. |*-1. ||  0. |  0. | -1. ||  0. | -1. |  0. |
|*-1. |* 0. |* 0. ||  0. |  0. |  1. || -1. |  1. | -1. |
|* 1. |*-1. |* 0. ||  0. | -1. |  0. || -1. |  1. |  0. |
|=====+=====+=====||=====+=====+=====||=====+=====+=====|
|  0. |  0. |  1. ||  1. | -1. |  0. ||  0. |  0. |  0. |
|  0. |  1. |  0. ||  0. | -1. |  1. || -1. |  0. |  0. |
| -1. |  1. |  0. ||  0. |  0. |  1. ||  0. | -1. |  1. |


current State

| -1. | -1. | -1. ||* 1. |* 0. |* 0. ||  0. |  1. |  0. |
|  1. |  0. |  0. ||* 1. |* 0. |* 1. ||  1. |  0. |  1. |
|  0. |  0. |  0. ||* 0. |* 0. |*-1. || -1. |  0. |  0. |
|=====+=====+=====||=====+=====+=====||=====+=====+=====|
|  1. |  1. | -1. ||  0. |  0. | -1. ||  0. | -1. |  0. |
| -1. |  0. |  0. ||  0. |  0. |  1. || -1. |  1. | -1. |
|  1. | -1. |  0. ||  0. | -1. |  0. || -1. |  1. |  0. |
|=====+=====+=====||=====+=====+=====||=====+=====+=====|
|  0. |  0. |  1. ||  1. | -1. |  0. ||  0. |  0. |  0. |
|  0. |  1. |  0. ||  0. | -1. |  1. || -1. |  0. |  0. |
| -1. |  1. |  0. ||  0. |  0. |  1. ||  0. | -1. |  1. |


state to eval, currenty is playerone turn=false

|  1. |  1. |  1. ||*-1. |*-0. |*-0. || -0. | -1. | -0. |
| -1. | -0. | -0. ||*-1. |*-0. |*-1. || -1. | -0. | -1. |
| -0. | -0. | -0. ||*-0. |*-0. |* 1. ||  1. | -0. | -0. |
|=====+=====+=====||=====+=====+=====||=====+=====+=====|
| -1. | -1. |  1. || -0. | -0. |  1. || -0. |  1. | -0. |
|  1. | -0. | -0. || -0. | -0. | -1. ||  1. | -1. |  1. |
| -1. |  1. | -0. || -0. |  1. | -0. ||  1. | -1. | -0. |
|=====+=====+=====||=====+=====+=====||=====+=====+=====|
| -0. | -0. | -1. || -1. |  1. | -0. || -0. | -0. | -0. |
| -0. | -1. | -0. || -0. |  1. | -1. ||  1. | -0. | -0. |
|  1. | -1. | -0. || -0. | -0. | -1. || -0. |  1. | -1. |


current State

| -1. | -1. | -1. ||  1. |  0. |  0. ||  0. |  1. |  0. |
|  1. |  0. |  0. ||  1. |  0. |  1. ||  1. |  0. |  1. |
|  0. |  0. |  0. ||  0. | -1. | -1. || -1. |  0. |  0. |
|=====+=====+=====||=====+=====+=====||=====+=====+=====|
|  1. |  1. | -1. ||  0. |  0. | -1. ||  0. | -1. |  0. |
| -1. |  0. |  0. ||  0. |  0. |  1. || -1. |  1. | -1. |
|  1. | -1. |  0. ||  0. | -1. |  0. || -1. |  1. |  0. |
|=====+=====+=====||=====+=====+=====||=====+=====+=====|
|  0. |  0. |  1. ||* 1. |*-1. |* 0. ||  0. |  0. |  0. |
|  0. |  1. |  0. ||* 0. |*-1. |* 1. || -1. |  0. |  0. |
| -1. |  1. |  0. ||* 0. |* 0. |* 1. ||  0. | -1. |  1. |


state to eval, currenty is playerone turn=true

| -1. | -1. | -1. ||  1. |  0. |  0. ||  0. |  1. |  0. |
|  1. |  0. |  0. ||  1. |  0. |  1. ||  1. |  0. |  1. |
|  0. |  0. |  0. ||  0. | -1. | -1. || -1. |  0. |  0. |
|=====+=====+=====||=====+=====+=====||=====+=====+=====|
|  1. |  1. | -1. ||  0. |  0. | -1. ||  0. | -1. |  0. |
| -1. |  0. |  0. ||  0. |  0. |  1. || -1. |  1. | -1. |
|  1. | -1. |  0. ||  0. | -1. |  0. || -1. |  1. |  0. |
|=====+=====+=====||=====+=====+=====||=====+=====+=====|
|  0. |  0. |  1. ||* 1. |*-1. |* 0. ||  0. |  0. |  0. |
|  0. |  1. |  0. ||* 0. |*-1. |* 1. || -1. |  0. |  0. |
| -1. |  1. |  0. ||* 0. |* 0. |* 1. ||  0. | -1. |  1. |


Determined best move using: 141754Iterations
current State

| -1. | -1. | -1. ||  1. |  0. |  0. ||  0. |  1. |  0. |
|  1. |  0. |  0. ||  1. |  0. |  1. ||  1. |  0. |  1. |
|  0. |  0. |  0. ||  0. | -1. | -1. || -1. |  0. |  0. |
|=====+=====+=====||=====+=====+=====||=====+=====+=====|
|  1. |  1. | -1. ||  0. |  0. | -1. ||  0. | -1. |  0. |
| -1. |  0. |  0. ||  0. |  0. |  1. || -1. |  1. | -1. |
|  1. | -1. |  0. ||  0. | -1. |  0. || -1. |  1. |  0. |
|=====+=====+=====||=====+=====+=====||=====+=====+=====|
|* 0. |* 0. |* 1. ||  1. | -1. |  0. ||  0. |  0. |  0. |
|* 0. |* 1. |* 0. ||  0. | -1. |  1. || -1. |  0. |  0. |
|*-1. |* 1. |* 0. ||  1. |  0. |  1. ||  0. | -1. |  1. |


state to eval, currenty is playerone turn=false

|  1. |  1. |  1. || -1. | -0. | -0. || -0. | -1. | -0. |
| -1. | -0. | -0. || -1. | -0. | -1. || -1. | -0. | -1. |
| -0. | -0. | -0. || -0. |  1. |  1. ||  1. | -0. | -0. |
|=====+=====+=====||=====+=====+=====||=====+=====+=====|
| -1. | -1. |  1. || -0. | -0. |  1. || -0. |  1. | -0. |
|  1. | -0. | -0. || -0. | -0. | -1. ||  1. | -1. |  1. |
| -1. |  1. | -0. || -0. |  1. | -0. ||  1. | -1. | -0. |
|=====+=====+=====||=====+=====+=====||=====+=====+=====|
|*-0. |*-0. |*-1. || -1. |  1. | -0. || -0. | -0. | -0. |
|*-0. |*-1. |*-0. || -0. |  1. | -1. ||  1. | -0. | -0. |
|* 1. |*-1. |*-0. || -1. | -0. | -1. || -0. |  1. | -1. |


current State

| -1. | -1. | -1. ||* 1. |* 0. |* 0. ||* 0. |* 1. |* 0. |
|  1. |  0. |  0. ||* 1. |* 0. |* 1. ||* 1. |* 0. |* 1. |
|  0. |  0. |  0. ||* 0. |*-1. |*-1. ||*-1. |* 0. |* 0. |
|=====+=====+=====||=====+=====+=====||=====+=====+=====|
|* 1. |* 1. |*-1. ||* 0. |* 0. |*-1. ||* 0. |*-1. |* 0. |
|*-1. |* 0. |* 0. ||* 0. |* 0. |* 1. ||*-1. |* 1. |*-1. |
|* 1. |*-1. |* 0. ||* 0. |*-1. |* 0. ||*-1. |* 1. |* 0. |
|=====+=====+=====||=====+=====+=====||=====+=====+=====|
|*-1. |* 0. |* 1. ||* 1. |*-1. |* 0. ||* 0. |* 0. |* 0. |
|* 0. |* 1. |* 0. ||* 0. |*-1. |* 1. ||*-1. |* 0. |* 0. |
|*-1. |* 1. |* 0. ||* 1. |* 0. |* 1. ||* 0. |*-1. |* 1. |


state to eval, currenty is playerone turn=true

| -1. | -1. | -1. ||* 1. |* 0. |* 0. ||* 0. |* 1. |* 0. |
|  1. |  0. |  0. ||* 1. |* 0. |* 1. ||* 1. |* 0. |* 1. |
|  0. |  0. |  0. ||* 0. |*-1. |*-1. ||*-1. |* 0. |* 0. |
|=====+=====+=====||=====+=====+=====||=====+=====+=====|
|* 1. |* 1. |*-1. ||* 0. |* 0. |*-1. ||* 0. |*-1. |* 0. |
|*-1. |* 0. |* 0. ||* 0. |* 0. |* 1. ||*-1. |* 1. |*-1. |
|* 1. |*-1. |* 0. ||* 0. |*-1. |* 0. ||*-1. |* 1. |* 0. |
|=====+=====+=====||=====+=====+=====||=====+=====+=====|
|*-1. |* 0. |* 1. ||* 1. |*-1. |* 0. ||* 0. |* 0. |* 0. |
|* 0. |* 1. |* 0. ||* 0. |*-1. |* 1. ||*-1. |* 0. |* 0. |
|*-1. |* 1. |* 0. ||* 1. |* 0. |* 1. ||* 0. |*-1. |* 1. |


Determined best move using: 173582Iterations
Determined best move using: 165347Iterations
current State

| -1. | -1. | -1. ||  1. |  0. |  0. ||  0. |  1. |  0. |
|  1. |  0. |  0. ||  1. |  0. |  1. ||  1. |  0. |  1. |
|  0. |  0. |  0. ||  0. | -1. | -1. || -1. |  0. |  0. |
|=====+=====+=====||=====+=====+=====||=====+=====+=====|
|  1. |  1. | -1. ||  0. |  0. | -1. ||  0. | -1. |  0. |
| -1. |  0. |  0. ||  0. |  0. |  1. || -1. |  1. | -1. |
|  1. | -1. |  0. ||  1. | -1. |  0. || -1. |  1. |  0. |
|=====+=====+=====||=====+=====+=====||=====+=====+=====|
|*-1. |* 0. |* 1. ||  1. | -1. |  0. ||  0. |  0. |  0. |
|* 0. |* 1. |* 0. ||  0. | -1. |  1. || -1. |  0. |  0. |
|*-1. |* 1. |* 0. ||  1. |  0. |  1. ||  0. | -1. |  1. |


state to eval, currenty is playerone turn=false

|  1. |  1. |  1. || -1. | -0. | -0. || -0. | -1. | -0. |
| -1. | -0. | -0. || -1. | -0. | -1. || -1. | -0. | -1. |
| -0. | -0. | -0. || -0. |  1. |  1. ||  1. | -0. | -0. |
|=====+=====+=====||=====+=====+=====||=====+=====+=====|
| -1. | -1. |  1. || -0. | -0. |  1. || -0. |  1. | -0. |
|  1. | -0. | -0. || -0. | -0. | -1. ||  1. | -1. |  1. |
| -1. |  1. | -0. || -1. |  1. | -0. ||  1. | -1. | -0. |
|=====+=====+=====||=====+=====+=====||=====+=====+=====|
|* 1. |*-0. |*-1. || -1. |  1. | -0. || -0. | -0. | -0. |
|*-0. |*-1. |*-0. || -0. |  1. | -1. ||  1. | -0. | -0. |
|* 1. |*-1. |*-0. || -1. | -0. | -1. || -0. |  1. | -1. |


Determined best move using: 206971Iterations
Determined best move using: 181846Iterations
Determined best move using: 56391Iterations
current State

| -1. | -1. | -1. ||  1. |  0. |  0. ||  0. |  1. |  0. |
|  1. |  0. |  0. ||  1. |  0. |  1. ||  1. |  0. |  1. |
|  0. |  0. |  0. ||  0. | -1. | -1. || -1. |  0. |  0. |
|=====+=====+=====||=====+=====+=====||=====+=====+=====|
|* 1. |* 1. |*-1. ||  0. |  0. | -1. ||  0. | -1. |  0. |
|*-1. |* 0. |* 0. ||  0. |  0. |  1. || -1. |  1. | -1. |
|* 1. |*-1. |* 0. ||  1. | -1. |  0. || -1. |  1. |  0. |
|=====+=====+=====||=====+=====+=====||=====+=====+=====|
| -1. |  0. |  1. ||  1. | -1. |  0. ||  0. |  0. |  0. |
| -1. |  1. |  0. ||  0. | -1. |  1. || -1. |  0. |  0. |
| -1. |  1. |  0. ||  1. |  0. |  1. ||  0. | -1. |  1. |


state to eval, currenty is playerone turn=true

| -1. | -1. | -1. ||  1. |  0. |  0. ||  0. |  1. |  0. |
|  1. |  0. |  0. ||  1. |  0. |  1. ||  1. |  0. |  1. |
|  0. |  0. |  0. ||  0. | -1. | -1. || -1. |  0. |  0. |
|=====+=====+=====||=====+=====+=====||=====+=====+=====|
|* 1. |* 1. |*-1. ||  0. |  0. | -1. ||  0. | -1. |  0. |
|*-1. |* 0. |* 0. ||  0. |  0. |  1. || -1. |  1. | -1. |
|* 1. |*-1. |* 0. ||  1. | -1. |  0. || -1. |  1. |  0. |
|=====+=====+=====||=====+=====+=====||=====+=====+=====|
| -1. |  0. |  1. ||  1. | -1. |  0. ||  0. |  0. |  0. |
| -1. |  1. |  0. ||  0. | -1. |  1. || -1. |  0. |  0. |
| -1. |  1. |  0. ||  1. |  0. |  1. ||  0. | -1. |  1. |


current State

| -1. | -1. | -1. ||  1. |  0. |  0. ||  0. |  1. |  0. |
|  1. |  0. |  0. ||  1. |  0. |  1. ||  1. |  0. |  1. |
|  0. |  0. |  0. ||  0. | -1. | -1. || -1. |  0. |  0. |
|=====+=====+=====||=====+=====+=====||=====+=====+=====|
|  1. |  1. | -1. ||* 0. |* 0. |*-1. ||  0. | -1. |  0. |
| -1. |  1. |  0. ||* 0. |* 0. |* 1. || -1. |  1. | -1. |
|  1. | -1. |  0. ||* 1. |*-1. |* 0. || -1. |  1. |  0. |
|=====+=====+=====||=====+=====+=====||=====+=====+=====|
| -1. |  0. |  1. ||  1. | -1. |  0. ||  0. |  0. |  0. |
| -1. |  1. |  0. ||  0. | -1. |  1. || -1. |  0. |  0. |
| -1. |  1. |  0. ||  1. |  0. |  1. ||  0. | -1. |  1. |


state to eval, currenty is playerone turn=false

|  1. |  1. |  1. || -1. | -0. | -0. || -0. | -1. | -0. |
| -1. | -0. | -0. || -1. | -0. | -1. || -1. | -0. | -1. |
| -0. | -0. | -0. || -0. |  1. |  1. ||  1. | -0. | -0. |
|=====+=====+=====||=====+=====+=====||=====+=====+=====|
| -1. | -1. |  1. ||*-0. |*-0. |* 1. || -0. |  1. | -0. |
|  1. | -1. | -0. ||*-0. |*-0. |*-1. ||  1. | -1. |  1. |
| -1. |  1. | -0. ||*-1. |* 1. |*-0. ||  1. | -1. | -0. |
|=====+=====+=====||=====+=====+=====||=====+=====+=====|
|  1. | -0. | -1. || -1. |  1. | -0. || -0. | -0. | -0. |
|  1. | -1. | -0. || -0. |  1. | -1. ||  1. | -0. | -0. |
|  1. | -1. | -0. || -1. | -0. | -1. || -0. |  1. | -1. |


Determined best move using: 49449Iterations
Determined best move using: 688218Iterations
current State

| -1. | -1. | -1. ||* 1. |* 0. |* 0. ||* 0. |* 1. |* 0. |
|  1. |  0. |  0. ||* 1. |* 0. |* 1. ||* 1. |* 0. |* 1. |
|  0. |  0. |  0. ||* 0. |*-1. |*-1. ||*-1. |* 0. |* 0. |
|=====+=====+=====||=====+=====+=====||=====+=====+=====|
|* 1. |* 1. |*-1. ||*-1. |* 0. |*-1. ||* 0. |*-1. |* 0. |
|*-1. |* 1. |* 0. ||* 0. |* 0. |* 1. ||*-1. |* 1. |*-1. |
|* 1. |*-1. |* 0. ||* 1. |*-1. |* 0. ||*-1. |* 1. |* 0. |
|=====+=====+=====||=====+=====+=====||=====+=====+=====|
| -1. |  0. |  1. ||* 1. |*-1. |* 0. ||* 0. |* 0. |* 0. |
| -1. |  1. |  0. ||* 0. |*-1. |* 1. ||*-1. |* 0. |* 0. |
| -1. |  1. |  0. ||* 1. |* 0. |* 1. ||* 0. |*-1. |* 1. |


state to eval, currenty is playerone turn=true

| -1. | -1. | -1. ||* 1. |* 0. |* 0. ||* 0. |* 1. |* 0. |
|  1. |  0. |  0. ||* 1. |* 0. |* 1. ||* 1. |* 0. |* 1. |
|  0. |  0. |  0. ||* 0. |*-1. |*-1. ||*-1. |* 0. |* 0. |
|=====+=====+=====||=====+=====+=====||=====+=====+=====|
|* 1. |* 1. |*-1. ||*-1. |* 0. |*-1. ||* 0. |*-1. |* 0. |
|*-1. |* 1. |* 0. ||* 0. |* 0. |* 1. ||*-1. |* 1. |*-1. |
|* 1. |*-1. |* 0. ||* 1. |*-1. |* 0. ||*-1. |* 1. |* 0. |
|=====+=====+=====||=====+=====+=====||=====+=====+=====|
| -1. |  0. |  1. ||* 1. |*-1. |* 0. ||* 0. |* 0. |* 0. |
| -1. |  1. |  0. ||* 0. |*-1. |* 1. ||*-1. |* 0. |* 0. |
| -1. |  1. |  0. ||* 1. |* 0. |* 1. ||* 0. |*-1. |* 1. |


current State

| -1. | -1. | -1. ||  1. |  0. |  0. ||  0. |  1. |  0. |
|  1. |  0. |  0. ||  1. |  0. |  1. ||  1. |  0. |  1. |
|  0. |  0. |  0. ||  0. | -1. | -1. || -1. |  0. |  0. |
|=====+=====+=====||=====+=====+=====||=====+=====+=====|
|* 1. |* 1. |*-1. || -1. |  0. | -1. ||  0. | -1. |  0. |
|*-1. |* 1. |* 0. ||  0. |  0. |  1. || -1. |  1. | -1. |
|* 1. |*-1. |* 0. ||  1. | -1. |  0. || -1. |  1. |  0. |
|=====+=====+=====||=====+=====+=====||=====+=====+=====|
| -1. |  0. |  1. ||  1. | -1. |  0. ||  0. |  0. |  0. |
| -1. |  1. |  0. ||  1. | -1. |  1. || -1. |  0. |  0. |
| -1. |  1. |  0. ||  1. |  0. |  1. ||  0. | -1. |  1. |


state to eval, currenty is playerone turn=false

|  1. |  1. |  1. || -1. | -0. | -0. || -0. | -1. | -0. |
| -1. | -0. | -0. || -1. | -0. | -1. || -1. | -0. | -1. |
| -0. | -0. | -0. || -0. |  1. |  1. ||  1. | -0. | -0. |
|=====+=====+=====||=====+=====+=====||=====+=====+=====|
|*-1. |*-1. |* 1. ||  1. | -0. |  1. || -0. |  1. | -0. |
|* 1. |*-1. |*-0. || -0. | -0. | -1. ||  1. | -1. |  1. |
|*-1. |* 1. |*-0. || -1. |  1. | -0. ||  1. | -1. | -0. |
|=====+=====+=====||=====+=====+=====||=====+=====+=====|
|  1. | -0. | -1. || -1. |  1. | -0. || -0. | -0. | -0. |
|  1. | -1. | -0. || -1. |  1. | -1. ||  1. | -0. | -0. |
|  1. | -1. | -0. || -1. | -0. | -1. || -0. |  1. | -1. |


Determined best move using: 56678Iterations
current State

| -1. | -1. | -1. ||  1. |  0. |  0. ||  0. |  1. |  0. |
|  1. |  0. |  0. ||  1. |  0. |  1. ||  1. |  0. |  1. |
|  0. |  0. |  0. ||  0. | -1. | -1. || -1. |  0. |  0. |
|=====+=====+=====||=====+=====+=====||=====+=====+=====|
|  1. |  1. | -1. || -1. |  0. | -1. ||* 0. |*-1. |* 0. |
| -1. |  1. | -1. ||  0. |  0. |  1. ||*-1. |* 1. |*-1. |
|  1. | -1. |  0. ||  1. | -1. |  0. ||*-1. |* 1. |* 0. |
|=====+=====+=====||=====+=====+=====||=====+=====+=====|
| -1. |  0. |  1. ||  1. | -1. |  0. ||  0. |  0. |  0. |
| -1. |  1. |  0. ||  1. | -1. |  1. || -1. |  0. |  0. |
| -1. |  1. |  0. ||  1. |  0. |  1. ||  0. | -1. |  1. |


state to eval, currenty is playerone turn=true

| -1. | -1. | -1. ||  1. |  0. |  0. ||  0. |  1. |  0. |
|  1. |  0. |  0. ||  1. |  0. |  1. ||  1. |  0. |  1. |
|  0. |  0. |  0. ||  0. | -1. | -1. || -1. |  0. |  0. |
|=====+=====+=====||=====+=====+=====||=====+=====+=====|
|  1. |  1. | -1. || -1. |  0. | -1. ||* 0. |*-1. |* 0. |
| -1. |  1. | -1. ||  0. |  0. |  1. ||*-1. |* 1. |*-1. |
|  1. | -1. |  0. ||  1. | -1. |  0. ||*-1. |* 1. |* 0. |
|=====+=====+=====||=====+=====+=====||=====+=====+=====|
| -1. |  0. |  1. ||  1. | -1. |  0. ||  0. |  0. |  0. |
| -1. |  1. |  0. ||  1. | -1. |  1. || -1. |  0. |  0. |
| -1. |  1. |  0. ||  1. |  0. |  1. ||  0. | -1. |  1. |


current State

| -1. | -1. | -1. ||  1. |  0. |  0. ||  0. |  1. |  0. |
|  1. |  0. |  0. ||  1. |  0. |  1. ||  1. |  0. |  1. |
|  0. |  0. |  0. ||  0. | -1. | -1. || -1. |  0. |  0. |
|=====+=====+=====||=====+=====+=====||=====+=====+=====|
|  1. |  1. | -1. || -1. |  0. | -1. ||  0. | -1. |  0. |
| -1. |  1. | -1. ||  0. |  0. |  1. || -1. |  1. | -1. |
|  1. | -1. |  0. ||  1. | -1. |  0. || -1. |  1. |  1. |
|=====+=====+=====||=====+=====+=====||=====+=====+=====|
| -1. |  0. |  1. ||  1. | -1. |  0. ||* 0. |* 0. |* 0. |
| -1. |  1. |  0. ||  1. | -1. |  1. ||*-1. |* 0. |* 0. |
| -1. |  1. |  0. ||  1. |  0. |  1. ||* 0. |*-1. |* 1. |


state to eval, currenty is playerone turn=false

|  1. |  1. |  1. || -1. | -0. | -0. || -0. | -1. | -0. |
| -1. | -0. | -0. || -1. | -0. | -1. || -1. | -0. | -1. |
| -0. | -0. | -0. || -0. |  1. |  1. ||  1. | -0. | -0. |
|=====+=====+=====||=====+=====+=====||=====+=====+=====|
| -1. | -1. |  1. ||  1. | -0. |  1. || -0. |  1. | -0. |
|  1. | -1. |  1. || -0. | -0. | -1. ||  1. | -1. |  1. |
| -1. |  1. | -0. || -1. |  1. | -0. ||  1. | -1. | -1. |
|=====+=====+=====||=====+=====+=====||=====+=====+=====|
|  1. | -0. | -1. || -1. |  1. | -0. ||*-0. |*-0. |*-0. |
|  1. | -1. | -0. || -1. |  1. | -1. ||* 1. |*-0. |*-0. |
|  1. | -1. | -0. || -1. | -0. | -1. ||*-0. |* 1. |*-1. |


Determined best move using: 2067283Iterations
Determined best move using: 56407Iterations
current State

| -1. | -1. | -1. ||* 1. |* 0. |* 0. ||  0. |  1. |  0. |
|  1. |  0. |  0. ||* 1. |* 0. |* 1. ||  1. |  0. |  1. |
|  0. |  0. |  0. ||* 0. |*-1. |*-1. || -1. |  0. |  0. |
|=====+=====+=====||=====+=====+=====||=====+=====+=====|
|  1. |  1. | -1. || -1. |  0. | -1. ||  0. | -1. |  0. |
| -1. |  1. | -1. ||  0. |  0. |  1. || -1. |  1. | -1. |
|  1. | -1. |  0. ||  1. | -1. |  0. || -1. |  1. |  1. |
|=====+=====+=====||=====+=====+=====||=====+=====+=====|
| -1. |  0. |  1. ||  1. | -1. |  0. ||  0. | -1. |  0. |
| -1. |  1. |  0. ||  1. | -1. |  1. || -1. |  0. |  0. |
| -1. |  1. |  0. ||  1. |  0. |  1. ||  0. | -1. |  1. |


state to eval, currenty is playerone turn=true

| -1. | -1. | -1. ||* 1. |* 0. |* 0. ||  0. |  1. |  0. |
|  1. |  0. |  0. ||* 1. |* 0. |* 1. ||  1. |  0. |  1. |
|  0. |  0. |  0. ||* 0. |*-1. |*-1. || -1. |  0. |  0. |
|=====+=====+=====||=====+=====+=====||=====+=====+=====|
|  1. |  1. | -1. || -1. |  0. | -1. ||  0. | -1. |  0. |
| -1. |  1. | -1. ||  0. |  0. |  1. || -1. |  1. | -1. |
|  1. | -1. |  0. ||  1. | -1. |  0. || -1. |  1. |  1. |
|=====+=====+=====||=====+=====+=====||=====+=====+=====|
| -1. |  0. |  1. ||  1. | -1. |  0. ||  0. | -1. |  0. |
| -1. |  1. |  0. ||  1. | -1. |  1. || -1. |  0. |  0. |
| -1. |  1. |  0. ||  1. |  0. |  1. ||  0. | -1. |  1. |


current State

| -1. | -1. | -1. ||* 1. |* 1. |* 0. ||  0. |  1. |  0. |
|  1. |  0. |  0. ||* 1. |* 0. |* 1. ||  1. |  0. |  1. |
|  0. |  0. |  0. ||* 0. |*-1. |*-1. || -1. |  0. |  0. |
|=====+=====+=====||=====+=====+=====||=====+=====+=====|
|  1. |  1. | -1. || -1. |  0. | -1. ||  0. | -1. |  0. |
| -1. |  1. | -1. ||  0. |  0. |  1. || -1. |  1. | -1. |
|  1. | -1. |  0. ||  1. | -1. |  0. || -1. |  1. |  1. |
|=====+=====+=====||=====+=====+=====||=====+=====+=====|
| -1. |  0. |  1. ||  1. | -1. |  0. ||  0. | -1. |  0. |
| -1. |  1. |  0. ||  1. | -1. |  1. || -1. |  0. |  0. |
| -1. |  1. |  0. ||  1. |  0. |  1. ||  0. | -1. |  1. |


state to eval, currenty is playerone turn=false

|  1. |  1. |  1. ||*-1. |*-1. |*-0. || -0. | -1. | -0. |
| -1. | -0. | -0. ||*-1. |*-0. |*-1. || -1. | -0. | -1. |
| -0. | -0. | -0. ||*-0. |* 1. |* 1. ||  1. | -0. | -0. |
|=====+=====+=====||=====+=====+=====||=====+=====+=====|
| -1. | -1. |  1. ||  1. | -0. |  1. || -0. |  1. | -0. |
|  1. | -1. |  1. || -0. | -0. | -1. ||  1. | -1. |  1. |
| -1. |  1. | -0. || -1. |  1. | -0. ||  1. | -1. | -1. |
|=====+=====+=====||=====+=====+=====||=====+=====+=====|
|  1. | -0. | -1. || -1. |  1. | -0. || -0. |  1. | -0. |
|  1. | -1. | -0. || -1. |  1. | -1. ||  1. | -0. | -0. |
|  1. | -1. | -0. || -1. | -0. | -1. || -0. |  1. | -1. |


Determined best move using: 1382859Iterations
current State

| -1. | -1. | -1. ||  1. |  1. | -1. ||* 0. |* 1. |* 0. |
|  1. |  0. |  0. ||  1. |  0. |  1. ||* 1. |* 0. |* 1. |
|  0. |  0. |  0. ||  0. | -1. | -1. ||*-1. |* 0. |* 0. |
|=====+=====+=====||=====+=====+=====||=====+=====+=====|
|  1. |  1. | -1. || -1. |  0. | -1. ||  0. | -1. |  0. |
| -1. |  1. | -1. ||  0. |  0. |  1. || -1. |  1. | -1. |
|  1. | -1. |  0. ||  1. | -1. |  0. || -1. |  1. |  1. |
|=====+=====+=====||=====+=====+=====||=====+=====+=====|
| -1. |  0. |  1. ||  1. | -1. |  0. ||  0. | -1. |  0. |
| -1. |  1. |  0. ||  1. | -1. |  1. || -1. |  0. |  0. |
| -1. |  1. |  0. ||  1. |  0. |  1. ||  0. | -1. |  1. |


state to eval, currenty is playerone turn=true

| -1. | -1. | -1. ||  1. |  1. | -1. ||* 0. |* 1. |* 0. |
|  1. |  0. |  0. ||  1. |  0. |  1. ||* 1. |* 0. |* 1. |
|  0. |  0. |  0. ||  0. | -1. | -1. ||*-1. |* 0. |* 0. |
|=====+=====+=====||=====+=====+=====||=====+=====+=====|
|  1. |  1. | -1. || -1. |  0. | -1. ||  0. | -1. |  0. |
| -1. |  1. | -1. ||  0. |  0. |  1. || -1. |  1. | -1. |
|  1. | -1. |  0. ||  1. | -1. |  0. || -1. |  1. |  1. |
|=====+=====+=====||=====+=====+=====||=====+=====+=====|
| -1. |  0. |  1. ||  1. | -1. |  0. ||  0. | -1. |  0. |
| -1. |  1. |  0. ||  1. | -1. |  1. || -1. |  0. |  0. |
| -1. |  1. |  0. ||  1. |  0. |  1. ||  0. | -1. |  1. |


Determined best move using: 2101595Iterations
Determined best move using: 74366Iterations
Determined best move using: 61847Iterations
current State

| -1. | -1. | -1. ||  1. |  1. | -1. ||* 0. |* 1. |* 1. |
|  1. |  0. |  0. ||  1. |  0. |  1. ||* 1. |* 0. |* 1. |
|  0. |  0. |  0. ||  0. | -1. | -1. ||*-1. |* 0. |* 0. |
|=====+=====+=====||=====+=====+=====||=====+=====+=====|
|  1. |  1. | -1. || -1. |  0. | -1. ||  0. | -1. |  0. |
| -1. |  1. | -1. ||  0. |  0. |  1. || -1. |  1. | -1. |
|  1. | -1. |  0. ||  1. | -1. |  0. || -1. |  1. |  1. |
|=====+=====+=====||=====+=====+=====||=====+=====+=====|
| -1. |  0. |  1. ||  1. | -1. |  0. ||  0. | -1. |  0. |
| -1. |  1. |  0. ||  1. | -1. |  1. || -1. |  0. |  0. |
| -1. |  1. |  0. ||  1. |  0. |  1. ||  0. | -1. |  1. |


state to eval, currenty is playerone turn=false

|  1. |  1. |  1. || -1. | -1. |  1. ||*-0. |*-1. |*-1. |
| -1. | -0. | -0. || -1. | -0. | -1. ||*-1. |*-0. |*-1. |
| -0. | -0. | -0. || -0. |  1. |  1. ||* 1. |*-0. |*-0. |
|=====+=====+=====||=====+=====+=====||=====+=====+=====|
| -1. | -1. |  1. ||  1. | -0. |  1. || -0. |  1. | -0. |
|  1. | -1. |  1. || -0. | -0. | -1. ||  1. | -1. |  1. |
| -1. |  1. | -0. || -1. |  1. | -0. ||  1. | -1. | -1. |
|=====+=====+=====||=====+=====+=====||=====+=====+=====|
|  1. | -0. | -1. || -1. |  1. | -0. || -0. |  1. | -0. |
|  1. | -1. | -0. || -1. |  1. | -1. ||  1. | -0. | -0. |
|  1. | -1. | -0. || -1. | -0. | -1. || -0. |  1. | -1. |


Determined best move using: 63145Iterations
Determined best move using: 74555Iterations
current State

| -1. | -1. | -1. ||  1. |  1. | -1. ||  0. |  1. |  1. |
|  1. |  0. |  0. ||  1. |  0. |  1. ||  1. |  0. |  1. |
|  0. |  0. |  0. ||  0. | -1. | -1. || -1. |  0. | -1. |
|=====+=====+=====||=====+=====+=====||=====+=====+=====|
|  1. |  1. | -1. || -1. |  0. | -1. ||  0. | -1. |  0. |
| -1. |  1. | -1. ||  0. |  0. |  1. || -1. |  1. | -1. |
|  1. | -1. |  0. ||  1. | -1. |  0. || -1. |  1. |  1. |
|=====+=====+=====||=====+=====+=====||=====+=====+=====|
| -1. |  0. |  1. ||  1. | -1. |  0. ||* 0. |*-1. |* 0. |
| -1. |  1. |  0. ||  1. | -1. |  1. ||*-1. |* 0. |* 0. |
| -1. |  1. |  0. ||  1. |  0. |  1. ||* 0. |*-1. |* 1. |


state to eval, currenty is playerone turn=true

| -1. | -1. | -1. ||  1. |  1. | -1. ||  0. |  1. |  1. |
|  1. |  0. |  0. ||  1. |  0. |  1. ||  1. |  0. |  1. |
|  0. |  0. |  0. ||  0. | -1. | -1. || -1. |  0. | -1. |
|=====+=====+=====||=====+=====+=====||=====+=====+=====|
|  1. |  1. | -1. || -1. |  0. | -1. ||  0. | -1. |  0. |
| -1. |  1. | -1. ||  0. |  0. |  1. || -1. |  1. | -1. |
|  1. | -1. |  0. ||  1. | -1. |  0. || -1. |  1. |  1. |
|=====+=====+=====||=====+=====+=====||=====+=====+=====|
| -1. |  0. |  1. ||  1. | -1. |  0. ||* 0. |*-1. |* 0. |
| -1. |  1. |  0. ||  1. | -1. |  1. ||*-1. |* 0. |* 0. |
| -1. |  1. |  0. ||  1. |  0. |  1. ||* 0. |*-1. |* 1. |


Determined best move using: 75745Iterations
current State

| -1. | -1. | -1. ||  1. |  1. | -1. ||* 0. |* 1. |* 1. |
|  1. |  0. |  0. ||  1. |  0. |  1. ||* 1. |* 0. |* 1. |
|  0. |  0. |  0. ||  0. | -1. | -1. ||*-1. |* 0. |*-1. |
|=====+=====+=====||=====+=====+=====||=====+=====+=====|
|  1. |  1. | -1. || -1. |  0. | -1. ||  0. | -1. |  0. |
| -1. |  1. | -1. ||  0. |  0. |  1. || -1. |  1. | -1. |
|  1. | -1. |  0. ||  1. | -1. |  0. || -1. |  1. |  1. |
|=====+=====+=====||=====+=====+=====||=====+=====+=====|
| -1. |  0. |  1. ||  1. | -1. |  0. ||  0. | -1. |  1. |
| -1. |  1. |  0. ||  1. | -1. |  1. || -1. |  0. |  0. |
| -1. |  1. |  0. ||  1. |  0. |  1. ||  0. | -1. |  1. |


state to eval, currenty is playerone turn=false

|  1. |  1. |  1. || -1. | -1. |  1. ||*-0. |*-1. |*-1. |
| -1. | -0. | -0. || -1. | -0. | -1. ||*-1. |*-0. |*-1. |
| -0. | -0. | -0. || -0. |  1. |  1. ||* 1. |*-0. |* 1. |
|=====+=====+=====||=====+=====+=====||=====+=====+=====|
| -1. | -1. |  1. ||  1. | -0. |  1. || -0. |  1. | -0. |
|  1. | -1. |  1. || -0. | -0. | -1. ||  1. | -1. |  1. |
| -1. |  1. | -0. || -1. |  1. | -0. ||  1. | -1. | -1. |
|=====+=====+=====||=====+=====+=====||=====+=====+=====|
|  1. | -0. | -1. || -1. |  1. | -0. || -0. |  1. | -1. |
|  1. | -1. | -0. || -1. |  1. | -1. ||  1. | -0. | -0. |
|  1. | -1. | -0. || -1. | -0. | -1. || -0. |  1. | -1. |


Determined best move using: 76036Iterations
current State

| -1. | -1. | -1. ||* 1. |* 1. |*-1. ||  0. |  1. |  1. |
|  1. |  0. |  0. ||* 1. |* 0. |* 1. ||  1. |  0. |  1. |
|  0. |  0. |  0. ||* 0. |*-1. |*-1. || -1. | -1. | -1. |
|=====+=====+=====||=====+=====+=====||=====+=====+=====|
|* 1. |* 1. |*-1. ||*-1. |* 0. |*-1. ||* 0. |*-1. |* 0. |
|*-1. |* 1. |*-1. ||* 0. |* 0. |* 1. ||*-1. |* 1. |*-1. |
|* 1. |*-1. |* 0. ||* 1. |*-1. |* 0. ||*-1. |* 1. |* 1. |
|=====+=====+=====||=====+=====+=====||=====+=====+=====|
| -1. |  0. |  1. ||  1. | -1. |  0. ||* 0. |*-1. |* 1. |
| -1. |  1. |  0. ||  1. | -1. |  1. ||*-1. |* 0. |* 0. |
| -1. |  1. |  0. ||  1. |  0. |  1. ||* 0. |*-1. |* 1. |


state to eval, currenty is playerone turn=true

| -1. | -1. | -1. ||* 1. |* 1. |*-1. ||  0. |  1. |  1. |
|  1. |  0. |  0. ||* 1. |* 0. |* 1. ||  1. |  0. |  1. |
|  0. |  0. |  0. ||* 0. |*-1. |*-1. || -1. | -1. | -1. |
|=====+=====+=====||=====+=====+=====||=====+=====+=====|
|* 1. |* 1. |*-1. ||*-1. |* 0. |*-1. ||* 0. |*-1. |* 0. |
|*-1. |* 1. |*-1. ||* 0. |* 0. |* 1. ||*-1. |* 1. |*-1. |
|* 1. |*-1. |* 0. ||* 1. |*-1. |* 0. ||*-1. |* 1. |* 1. |
|=====+=====+=====||=====+=====+=====||=====+=====+=====|
| -1. |  0. |  1. ||  1. | -1. |  0. ||* 0. |*-1. |* 1. |
| -1. |  1. |  0. ||  1. | -1. |  1. ||*-1. |* 0. |* 0. |
| -1. |  1. |  0. ||  1. |  0. |  1. ||* 0. |*-1. |* 1. |


Determined best move using: 76670Iterations
current State

| -1. | -1. | -1. ||  1. |  1. | -1. ||  0. |  1. |  1. |
|  1. |  0. |  0. ||  1. |  0. |  1. ||  1. |  0. |  1. |
|  0. |  0. |  0. ||  0. | -1. | -1. || -1. | -1. | -1. |
|=====+=====+=====||=====+=====+=====||=====+=====+=====|
|* 1. |* 1. |*-1. || -1. |  0. | -1. ||  0. | -1. |  0. |
|*-1. |* 1. |*-1. ||  1. |  0. |  1. || -1. |  1. | -1. |
|* 1. |*-1. |* 0. ||  1. | -1. |  0. || -1. |  1. |  1. |
|=====+=====+=====||=====+=====+=====||=====+=====+=====|
| -1. |  0. |  1. ||  1. | -1. |  0. ||  0. | -1. |  1. |
| -1. |  1. |  0. ||  1. | -1. |  1. || -1. |  0. |  0. |
| -1. |  1. |  0. ||  1. |  0. |  1. ||  0. | -1. |  1. |


state to eval, currenty is playerone turn=false

|  1. |  1. |  1. || -1. | -1. |  1. || -0. | -1. | -1. |
| -1. | -0. | -0. || -1. | -0. | -1. || -1. | -0. | -1. |
| -0. | -0. | -0. || -0. |  1. |  1. ||  1. |  1. |  1. |
|=====+=====+=====||=====+=====+=====||=====+=====+=====|
|*-1. |*-1. |* 1. ||  1. | -0. |  1. || -0. |  1. | -0. |
|* 1. |*-1. |* 1. || -1. | -0. | -1. ||  1. | -1. |  1. |
|*-1. |* 1. |*-0. || -1. |  1. | -0. ||  1. | -1. | -1. |
|=====+=====+=====||=====+=====+=====||=====+=====+=====|
|  1. | -0. | -1. || -1. |  1. | -0. || -0. |  1. | -1. |
|  1. | -1. | -0. || -1. |  1. | -1. ||  1. | -0. | -0. |
|  1. | -1. | -0. || -1. | -0. | -1. || -0. |  1. | -1. |


Determined best move using: 81303Iterations
current State

| -1. | -1. | -1. ||  1. |  1. | -1. ||  0. |  1. |  1. |
|  1. |  0. |  0. ||  1. |  0. |  1. ||  1. |  0. |  1. |
|  0. |  0. |  0. ||  0. | -1. | -1. || -1. | -1. | -1. |
|=====+=====+=====||=====+=====+=====||=====+=====+=====|
|  1. |  1. | -1. || -1. |  0. | -1. ||  0. | -1. |  0. |
| -1. |  1. | -1. ||  1. |  0. |  1. || -1. |  1. | -1. |
|  1. | -1. | -1. ||  1. | -1. |  0. || -1. |  1. |  1. |
|=====+=====+=====||=====+=====+=====||=====+=====+=====|
| -1. |  0. |  1. ||  1. | -1. |  0. ||* 0. |*-1. |* 1. |
| -1. |  1. |  0. ||  1. | -1. |  1. ||*-1. |* 0. |* 0. |
| -1. |  1. |  0. ||  1. |  0. |  1. ||* 0. |*-1. |* 1. |


Game ended in: 58 moves
Actual data created in graphical format: 
[StateDatum{MCTSProbabilites=
|  .0131 |  .0163 |  .0105 ||  .0143 |  .0168 |  .0101 ||  .0153 |  .0109 |  .0106 |
|  .0093 |  .0115 |  .0123 ||  .0154 |  .0132 |  .0138 ||  .0112 |  .0092 |  .0156 |
|  .0088 |  .0175 |  .0198 ||  .0133 |  .0115 |  .0096 ||  .012 |  .0107 |  .01 |
|========+========+========||========+========+========||========+========+========|
|  .0179 |  .0087 |  .0101 ||  .0082 |  .0135 |  .0175 ||  .0195 |  .0073 |  .0118 |
|  .0094 |  .0103 |  .0085 ||  .0152 |  .0123 |  .0044 ||  .0113 |  .0241 |  .0136 |
|  .0142 |  .0121 |  .0161 ||  .0109 |  .0149 |  .0086 ||  .0132 |  .0245 |  .011 |
|========+========+========||========+========+========||========+========+========|
|  .0108 |  .0129 |  .0148 ||  .0111 |  .0122 |  .0084 ||  .0093 |  .0147 |  .015 |
|  .0071 |  .0149 |  .0138 ||  .0111 |  .0113 |  .0096 ||  .0107 |  .0093 |  .0133 |
|  .0072 |  .0144 |  .0103 ||  .0143 |  .0115 |  .0069 ||  .0118 |  .0099 |  .0114 |

, state=
|* 0. |* 0. |* 0. ||* 0. |* 0. |* 0. ||* 0. |* 0. |* 0. |
|* 0. |* 0. |* 0. ||* 0. |* 0. |* 0. ||* 0. |* 0. |* 0. |
|* 0. |* 0. |* 0. ||* 0. |* 0. |* 0. ||* 0. |* 0. |* 0. |
|=====+=====+=====||=====+=====+=====||=====+=====+=====|
|* 0. |* 0. |* 0. ||* 0. |* 0. |* 0. ||* 0. |* 0. |* 0. |
|* 0. |* 0. |* 0. ||* 0. |* 0. |* 0. ||* 0. |* 0. |* 0. |
|* 0. |* 0. |* 0. ||* 0. |* 0. |* 0. ||* 0. |* 0. |* 0. |
|=====+=====+=====||=====+=====+=====||=====+=====+=====|
|* 0. |* 0. |* 0. ||* 0. |* 0. |* 0. ||* 0. |* 0. |* 0. |
|* 0. |* 0. |* 0. ||* 0. |* 0. |* 0. ||* 0. |* 0. |* 0. |
|* 0. |* 0. |* 0. ||* 0. |* 0. |* 0. ||* 0. |* 0. |* 0. |

, evalForThisState=-1.0, isPlayerOneTurnOriginally=true}, StateDatum{MCTSProbabilites=
|  .0 |  .0 |  .0 ||  .0 |  .0 |  .0 ||  .0 |  .0 |  .0 |
|  .0 |  .0 |  .0 ||  .0 |  .0 |  .0 ||  .0 |  .0 |  .0 |
|  .0 |  .0 |  .0 ||  .0 |  .0 |  .0 ||  .0 |  .0 |  .0 |
|========+========+========||========+========+========||========+========+========|
|  .0 |  .0 |  .0 ||  .0 |  .0 |  .0 ||  .0 |  .0 |  .0 |
|  .0 |  .0 |  .0 ||  .0 |  .0 |  .0 ||  .0 |  .0 |  .0 |
|  .0 |  .0 |  .0 ||  .0 |  .0 |  .0 ||  .0 |  .0 |  .0 |
|========+========+========||========+========+========||========+========+========|
|  .0 |  .0 |  .0 ||  .0735 |  .4867 |  .0802 ||  .0 |  .0 |  .0 |
|  .0 |  .0 |  .0 ||  .0819 |  .0634 |  .0625 ||  .0 |  .0 |  .0 |
|  .0 |  .0 |  .0 ||  .0362 |  .0547 |  .0609 ||  .0 |  .0 |  .0 |

, state=
| -0. | -0. | -0. || -0. | -0. | -0. || -0. | -0. | -0. |
| -0. | -0. | -0. || -0. | -0. | -0. || -0. | -0. | -0. |
| -0. | -0. | -0. || -0. | -0. | -0. || -0. | -0. | -0. |
|=====+=====+=====||=====+=====+=====||=====+=====+=====|
| -0. | -0. | -0. || -0. | -0. | -0. || -0. | -0. | -0. |
| -0. | -0. | -0. || -0. | -0. | -0. || -0. | -0. | -0. |
| -0. | -0. | -0. || -0. | -0. | -0. || -0. | -1. | -0. |
|=====+=====+=====||=====+=====+=====||=====+=====+=====|
| -0. | -0. | -0. ||*-0. |*-0. |*-0. || -0. | -0. | -0. |
| -0. | -0. | -0. ||*-0. |*-0. |*-0. || -0. | -0. | -0. |
| -0. | -0. | -0. ||*-0. |*-0. |*-0. || -0. | -0. | -0. |

, evalForThisState=1.0, isPlayerOneTurnOriginally=false}, StateDatum{MCTSProbabilites=
|  .0 |  .0 |  .0 ||  .132 |  .0764 |  .167 ||  .0 |  .0 |  .0 |
|  .0 |  .0 |  .0 ||  .1028 |  .0436 |  .1832 ||  .0 |  .0 |  .0 |
|  .0 |  .0 |  .0 ||  .0809 |  .0859 |  .1283 ||  .0 |  .0 |  .0 |
|========+========+========||========+========+========||========+========+========|
|  .0 |  .0 |  .0 ||  .0 |  .0 |  .0 ||  .0 |  .0 |  .0 |
|  .0 |  .0 |  .0 ||  .0 |  .0 |  .0 ||  .0 |  .0 |  .0 |
|  .0 |  .0 |  .0 ||  .0 |  .0 |  .0 ||  .0 |  .0 |  .0 |
|========+========+========||========+========+========||========+========+========|
|  .0 |  .0 |  .0 ||  .0 |  .0 |  .0 ||  .0 |  .0 |  .0 |
|  .0 |  .0 |  .0 ||  .0 |  .0 |  .0 ||  .0 |  .0 |  .0 |
|  .0 |  .0 |  .0 ||  .0 |  .0 |  .0 ||  .0 |  .0 |  .0 |

, state=
|  0. |  0. |  0. ||* 0. |* 0. |* 0. ||  0. |  0. |  0. |
|  0. |  0. |  0. ||* 0. |* 0. |* 0. ||  0. |  0. |  0. |
|  0. |  0. |  0. ||* 0. |* 0. |* 0. ||  0. |  0. |  0. |
|=====+=====+=====||=====+=====+=====||=====+=====+=====|
|  0. |  0. |  0. ||  0. |  0. |  0. ||  0. |  0. |  0. |
|  0. |  0. |  0. ||  0. |  0. |  0. ||  0. |  0. |  0. |
|  0. |  0. |  0. ||  0. |  0. |  0. ||  0. |  1. |  0. |
|=====+=====+=====||=====+=====+=====||=====+=====+=====|
|  0. |  0. |  0. ||  0. | -1. |  0. ||  0. |  0. |  0. |
|  0. |  0. |  0. ||  0. |  0. |  0. ||  0. |  0. |  0. |
|  0. |  0. |  0. ||  0. |  0. |  0. ||  0. |  0. |  0. |

, evalForThisState=-1.0, isPlayerOneTurnOriginally=true}, StateDatum{MCTSProbabilites=
|  .0 |  .0 |  .0 ||  .0 |  .0 |  .0 ||  .0 |  .0 |  .0 |
|  .0 |  .0 |  .0 ||  .0 |  .0 |  .0 ||  .0 |  .0 |  .0 |
|  .0 |  .0 |  .0 ||  .0 |  .0 |  .0 ||  .0 |  .0 |  .0 |
|========+========+========||========+========+========||========+========+========|
|  .0 |  .0 |  .0 ||  .0 |  .0 |  .0 ||  .0786 |  .0704 |  .0463 |
|  .0 |  .0 |  .0 ||  .0 |  .0 |  .0 ||  .0837 |  .0416 |  .5332 |
|  .0 |  .0 |  .0 ||  .0 |  .0 |  .0 ||  .0703 |  .0 |  .0759 |
|========+========+========||========+========+========||========+========+========|
|  .0 |  .0 |  .0 ||  .0 |  .0 |  .0 ||  .0 |  .0 |  .0 |
|  .0 |  .0 |  .0 ||  .0 |  .0 |  .0 ||  .0 |  .0 |  .0 |
|  .0 |  .0 |  .0 ||  .0 |  .0 |  .0 ||  .0 |  .0 |  .0 |

, state=
| -0. | -0. | -0. || -0. | -0. | -0. || -0. | -0. | -0. |
| -0. | -0. | -0. || -0. | -0. | -1. || -0. | -0. | -0. |
| -0. | -0. | -0. || -0. | -0. | -0. || -0. | -0. | -0. |
|=====+=====+=====||=====+=====+=====||=====+=====+=====|
| -0. | -0. | -0. || -0. | -0. | -0. ||*-0. |*-0. |*-0. |
| -0. | -0. | -0. || -0. | -0. | -0. ||*-0. |*-0. |*-0. |
| -0. | -0. | -0. || -0. | -0. | -0. ||*-0. |*-1. |*-0. |
|=====+=====+=====||=====+=====+=====||=====+=====+=====|
| -0. | -0. | -0. || -0. |  1. | -0. || -0. | -0. | -0. |
| -0. | -0. | -0. || -0. | -0. | -0. || -0. | -0. | -0. |
| -0. | -0. | -0. || -0. | -0. | -0. || -0. | -0. | -0. |

, evalForThisState=1.0, isPlayerOneTurnOriginally=false}, StateDatum{MCTSProbabilites=
|  .0 |  .0 |  .0 ||  .0 |  .0 |  .0 ||  .0 |  .0 |  .0 |
|  .0 |  .0 |  .0 ||  .0 |  .0 |  .0 ||  .0 |  .0 |  .0 |
|  .0 |  .0 |  .0 ||  .0 |  .0 |  .0 ||  .0 |  .0 |  .0 |
|========+========+========||========+========+========||========+========+========|
|  .0 |  .0 |  .0 ||  .0 |  .0 |  .0 ||  .0901 |  .072 |  .0659 |
|  .0 |  .0 |  .0 ||  .0 |  .0 |  .0 ||  .2255 |  .228 |  .0 |
|  .0 |  .0 |  .0 ||  .0 |  .0 |  .0 ||  .1925 |  .0 |  .126 |
|========+========+========||========+========+========||========+========+========|
|  .0 |  .0 |  .0 ||  .0 |  .0 |  .0 ||  .0 |  .0 |  .0 |
|  .0 |  .0 |  .0 ||  .0 |  .0 |  .0 ||  .0 |  .0 |  .0 |
|  .0 |  .0 |  .0 ||  .0 |  .0 |  .0 ||  .0 |  .0 |  .0 |

, state=
|  0. |  0. |  0. ||  0. |  0. |  0. ||  0. |  0. |  0. |
|  0. |  0. |  0. ||  0. |  0. |  1. ||  0. |  0. |  0. |
|  0. |  0. |  0. ||  0. |  0. |  0. ||  0. |  0. |  0. |
|=====+=====+=====||=====+=====+=====||=====+=====+=====|
|  0. |  0. |  0. ||  0. |  0. |  0. ||* 0. |* 0. |* 0. |
|  0. |  0. |  0. ||  0. |  0. |  0. ||* 0. |* 0. |*-1. |
|  0. |  0. |  0. ||  0. |  0. |  0. ||* 0. |* 1. |* 0. |
|=====+=====+=====||=====+=====+=====||=====+=====+=====|
|  0. |  0. |  0. ||  0. | -1. |  0. ||  0. |  0. |  0. |
|  0. |  0. |  0. ||  0. |  0. |  0. ||  0. |  0. |  0. |
|  0. |  0. |  0. ||  0. |  0. |  0. ||  0. |  0. |  0. |

, evalForThisState=-1.0, isPlayerOneTurnOriginally=true}, StateDatum{MCTSProbabilites=
|  .0 |  .0 |  .0 ||  .0 |  .0 |  .0 ||  .0 |  .0 |  .0 |
|  .0 |  .0 |  .0 ||  .0 |  .0 |  .0 ||  .0 |  .0 |  .0 |
|  .0 |  .0 |  .0 ||  .0 |  .0 |  .0 ||  .0 |  .0 |  .0 |
|========+========+========||========+========+========||========+========+========|
|  .0 |  .0 |  .0 ||  .0879 |  .0703 |  .0446 ||  .0 |  .0 |  .0 |
|  .0 |  .0 |  .0 ||  .0662 |  .1478 |  .0526 ||  .0 |  .0 |  .0 |
|  .0 |  .0 |  .0 ||  .0587 |  .4015 |  .0704 ||  .0 |  .0 |  .0 |
|========+========+========||========+========+========||========+========+========|
|  .0 |  .0 |  .0 ||  .0 |  .0 |  .0 ||  .0 |  .0 |  .0 |
|  .0 |  .0 |  .0 ||  .0 |  .0 |  .0 ||  .0 |  .0 |  .0 |
|  .0 |  .0 |  .0 ||  .0 |  .0 |  .0 ||  .0 |  .0 |  .0 |

, state=
| -0. | -0. | -0. || -0. | -0. | -0. || -0. | -0. | -0. |
| -0. | -0. | -0. || -0. | -0. | -1. || -0. | -0. | -0. |
| -0. | -0. | -0. || -0. | -0. | -0. || -0. | -0. | -0. |
|=====+=====+=====||=====+=====+=====||=====+=====+=====|
| -0. | -0. | -0. ||*-0. |*-0. |*-0. || -0. | -0. | -0. |
| -0. | -0. | -0. ||*-0. |*-0. |*-0. || -0. | -1. |  1. |
| -0. | -0. | -0. ||*-0. |*-0. |*-0. || -0. | -1. | -0. |
|=====+=====+=====||=====+=====+=====||=====+=====+=====|
| -0. | -0. | -0. || -0. |  1. | -0. || -0. | -0. | -0. |
| -0. | -0. | -0. || -0. | -0. | -0. || -0. | -0. | -0. |
| -0. | -0. | -0. || -0. | -0. | -0. || -0. | -0. | -0. |

, evalForThisState=1.0, isPlayerOneTurnOriginally=false}, StateDatum{MCTSProbabilites=
|  .0 |  .0 |  .0 ||  .0 |  .0 |  .0 ||  .0 |  .0 |  .0 |
|  .0 |  .0 |  .0 ||  .0 |  .0 |  .0 ||  .0 |  .0 |  .0 |
|  .0 |  .0 |  .0 ||  .0 |  .0 |  .0 ||  .0 |  .0 |  .0 |
|========+========+========||========+========+========||========+========+========|
|  .0 |  .0 |  .0 ||  .0 |  .0 |  .0 ||  .0 |  .0 |  .0 |
|  .0 |  .0 |  .0 ||  .0 |  .0 |  .0 ||  .0 |  .0 |  .0 |
|  .0 |  .0 |  .0 ||  .0 |  .0 |  .0 ||  .0 |  .0 |  .0 |
|========+========+========||========+========+========||========+========+========|
|  .0 |  .0 |  .0 ||  .2585 |  .0 |  .0827 ||  .0 |  .0 |  .0 |
|  .0 |  .0 |  .0 ||  .1366 |  .0494 |  .0997 ||  .0 |  .0 |  .0 |
|  .0 |  .0 |  .0 ||  .216 |  .1013 |  .0558 ||  .0 |  .0 |  .0 |

, state=
|  0. |  0. |  0. ||  0. |  0. |  0. ||  0. |  0. |  0. |
|  0. |  0. |  0. ||  0. |  0. |  1. ||  0. |  0. |  0. |
|  0. |  0. |  0. ||  0. |  0. |  0. ||  0. |  0. |  0. |
|=====+=====+=====||=====+=====+=====||=====+=====+=====|
|  0. |  0. |  0. ||  0. |  0. |  0. ||  0. |  0. |  0. |
|  0. |  0. |  0. ||  0. |  0. |  0. ||  0. |  1. | -1. |
|  0. |  0. |  0. ||  0. | -1. |  0. ||  0. |  1. |  0. |
|=====+=====+=====||=====+=====+=====||=====+=====+=====|
|  0. |  0. |  0. ||* 0. |*-1. |* 0. ||  0. |  0. |  0. |
|  0. |  0. |  0. ||* 0. |* 0. |* 0. ||  0. |  0. |  0. |
|  0. |  0. |  0. ||* 0. |* 0. |* 0. ||  0. |  0. |  0. |

, evalForThisState=-1.0, isPlayerOneTurnOriginally=true}, StateDatum{MCTSProbabilites=
|  .0448 |  .3575 |  .0333 ||  .0 |  .0 |  .0 ||  .0 |  .0 |  .0 |
|  .0551 |  .0436 |  .3317 ||  .0 |  .0 |  .0 ||  .0 |  .0 |  .0 |
|  .0399 |  .0381 |  .056 ||  .0 |  .0 |  .0 ||  .0 |  .0 |  .0 |
|========+========+========||========+========+========||========+========+========|
|  .0 |  .0 |  .0 ||  .0 |  .0 |  .0 ||  .0 |  .0 |  .0 |
|  .0 |  .0 |  .0 ||  .0 |  .0 |  .0 ||  .0 |  .0 |  .0 |
|  .0 |  .0 |  .0 ||  .0 |  .0 |  .0 ||  .0 |  .0 |  .0 |
|========+========+========||========+========+========||========+========+========|
|  .0 |  .0 |  .0 ||  .0 |  .0 |  .0 ||  .0 |  .0 |  .0 |
|  .0 |  .0 |  .0 ||  .0 |  .0 |  .0 ||  .0 |  .0 |  .0 |
|  .0 |  .0 |  .0 ||  .0 |  .0 |  .0 ||  .0 |  .0 |  .0 |

, state=
|*-0. |*-0. |*-0. || -0. | -0. | -0. || -0. | -0. | -0. |
|*-0. |*-0. |*-0. || -0. | -0. | -1. || -0. | -0. | -0. |
|*-0. |*-0. |*-0. || -0. | -0. | -0. || -0. | -0. | -0. |
|=====+=====+=====||=====+=====+=====||=====+=====+=====|
| -0. | -0. | -0. || -0. | -0. | -0. || -0. | -0. | -0. |
| -0. | -0. | -0. || -0. | -0. | -0. || -0. | -1. |  1. |
| -0. | -0. | -0. || -0. |  1. | -0. || -0. | -1. | -0. |
|=====+=====+=====||=====+=====+=====||=====+=====+=====|
| -0. | -0. | -0. || -1. |  1. | -0. || -0. | -0. | -0. |
| -0. | -0. | -0. || -0. | -0. | -0. || -0. | -0. | -0. |
| -0. | -0. | -0. || -0. | -0. | -0. || -0. | -0. | -0. |

, evalForThisState=1.0, isPlayerOneTurnOriginally=false}, StateDatum{MCTSProbabilites=
|  .0 |  .0 |  .0 ||  .3072 |  .1506 |  .0496 ||  .0 |  .0 |  .0 |
|  .0 |  .0 |  .0 ||  .1155 |  .0594 |  .0 ||  .0 |  .0 |  .0 |
|  .0 |  .0 |  .0 ||  .1361 |  .0842 |  .0974 ||  .0 |  .0 |  .0 |
|========+========+========||========+========+========||========+========+========|
|  .0 |  .0 |  .0 ||  .0 |  .0 |  .0 ||  .0 |  .0 |  .0 |
|  .0 |  .0 |  .0 ||  .0 |  .0 |  .0 ||  .0 |  .0 |  .0 |
|  .0 |  .0 |  .0 ||  .0 |  .0 |  .0 ||  .0 |  .0 |  .0 |
|========+========+========||========+========+========||========+========+========|
|  .0 |  .0 |  .0 ||  .0 |  .0 |  .0 ||  .0 |  .0 |  .0 |
|  .0 |  .0 |  .0 ||  .0 |  .0 |  .0 ||  .0 |  .0 |  .0 |
|  .0 |  .0 |  .0 ||  .0 |  .0 |  .0 ||  .0 |  .0 |  .0 |

, state=
|  0. | -1. |  0. ||* 0. |* 0. |* 0. ||  0. |  0. |  0. |
|  0. |  0. |  0. ||* 0. |* 0. |* 1. ||  0. |  0. |  0. |
|  0. |  0. |  0. ||* 0. |* 0. |* 0. ||  0. |  0. |  0. |
|=====+=====+=====||=====+=====+=====||=====+=====+=====|
|  0. |  0. |  0. ||  0. |  0. |  0. ||  0. |  0. |  0. |
|  0. |  0. |  0. ||  0. |  0. |  0. ||  0. |  1. | -1. |
|  0. |  0. |  0. ||  0. | -1. |  0. ||  0. |  1. |  0. |
|=====+=====+=====||=====+=====+=====||=====+=====+=====|
|  0. |  0. |  0. ||  1. | -1. |  0. ||  0. |  0. |  0. |
|  0. |  0. |  0. ||  0. |  0. |  0. ||  0. |  0. |  0. |
|  0. |  0. |  0. ||  0. |  0. |  0. ||  0. |  0. |  0. |

, evalForThisState=-1.0, isPlayerOneTurnOriginally=true}, StateDatum{MCTSProbabilites=
|  .3018 |  .0 |  .1925 ||  .0 |  .0 |  .0 ||  .0 |  .0 |  .0 |
|  .0259 |  .2694 |  .0508 ||  .0 |  .0 |  .0 ||  .0 |  .0 |  .0 |
|  .0366 |  .0709 |  .0521 ||  .0 |  .0 |  .0 ||  .0 |  .0 |  .0 |
|========+========+========||========+========+========||========+========+========|
|  .0 |  .0 |  .0 ||  .0 |  .0 |  .0 ||  .0 |  .0 |  .0 |
|  .0 |  .0 |  .0 ||  .0 |  .0 |  .0 ||  .0 |  .0 |  .0 |
|  .0 |  .0 |  .0 ||  .0 |  .0 |  .0 ||  .0 |  .0 |  .0 |
|========+========+========||========+========+========||========+========+========|
|  .0 |  .0 |  .0 ||  .0 |  .0 |  .0 ||  .0 |  .0 |  .0 |
|  .0 |  .0 |  .0 ||  .0 |  .0 |  .0 ||  .0 |  .0 |  .0 |
|  .0 |  .0 |  .0 ||  .0 |  .0 |  .0 ||  .0 |  .0 |  .0 |

, state=
|*-0. |* 1. |*-0. || -1. | -0. | -0. || -0. | -0. | -0. |
|*-0. |*-0. |*-0. || -0. | -0. | -1. || -0. | -0. | -0. |
|*-0. |*-0. |*-0. || -0. | -0. | -0. || -0. | -0. | -0. |
|=====+=====+=====||=====+=====+=====||=====+=====+=====|
| -0. | -0. | -0. || -0. | -0. | -0. || -0. | -0. | -0. |
| -0. | -0. | -0. || -0. | -0. | -0. || -0. | -1. |  1. |
| -0. | -0. | -0. || -0. |  1. | -0. || -0. | -1. | -0. |
|=====+=====+=====||=====+=====+=====||=====+=====+=====|
| -0. | -0. | -0. || -1. |  1. | -0. || -0. | -0. | -0. |
| -0. | -0. | -0. || -0. | -0. | -0. || -0. | -0. | -0. |
| -0. | -0. | -0. || -0. | -0. | -0. || -0. | -0. | -0. |

, evalForThisState=1.0, isPlayerOneTurnOriginally=false}, StateDatum{MCTSProbabilites=
|  .0 |  .0 |  .0961 ||  .0 |  .0 |  .0 ||  .0 |  .0 |  .0 |
|  .3103 |  .0476 |  .2064 ||  .0 |  .0 |  .0 ||  .0 |  .0 |  .0 |
|  .0467 |  .247 |  .0459 ||  .0 |  .0 |  .0 ||  .0 |  .0 |  .0 |
|========+========+========||========+========+========||========+========+========|
|  .0 |  .0 |  .0 ||  .0 |  .0 |  .0 ||  .0 |  .0 |  .0 |
|  .0 |  .0 |  .0 ||  .0 |  .0 |  .0 ||  .0 |  .0 |  .0 |
|  .0 |  .0 |  .0 ||  .0 |  .0 |  .0 ||  .0 |  .0 |  .0 |
|========+========+========||========+========+========||========+========+========|
|  .0 |  .0 |  .0 ||  .0 |  .0 |  .0 ||  .0 |  .0 |  .0 |
|  .0 |  .0 |  .0 ||  .0 |  .0 |  .0 ||  .0 |  .0 |  .0 |
|  .0 |  .0 |  .0 ||  .0 |  .0 |  .0 ||  .0 |  .0 |  .0 |

, state=
|*-1. |*-1. |* 0. ||  1. |  0. |  0. ||  0. |  0. |  0. |
|* 0. |* 0. |* 0. ||  0. |  0. |  1. ||  0. |  0. |  0. |
|* 0. |* 0. |* 0. ||  0. |  0. |  0. ||  0. |  0. |  0. |
|=====+=====+=====||=====+=====+=====||=====+=====+=====|
|  0. |  0. |  0. ||  0. |  0. |  0. ||  0. |  0. |  0. |
|  0. |  0. |  0. ||  0. |  0. |  0. ||  0. |  1. | -1. |
|  0. |  0. |  0. ||  0. | -1. |  0. ||  0. |  1. |  0. |
|=====+=====+=====||=====+=====+=====||=====+=====+=====|
|  0. |  0. |  0. ||  1. | -1. |  0. ||  0. |  0. |  0. |
|  0. |  0. |  0. ||  0. |  0. |  0. ||  0. |  0. |  0. |
|  0. |  0. |  0. ||  0. |  0. |  0. ||  0. |  0. |  0. |

, evalForThisState=-1.0, isPlayerOneTurnOriginally=true}, StateDatum{MCTSProbabilites=
|  .0 |  .0 |  .0 ||  .0 |  .0 |  .0 ||  .0 |  .0 |  .0 |
|  .0 |  .0 |  .0 ||  .0 |  .0 |  .0 ||  .0 |  .0 |  .0 |
|  .0 |  .0 |  .0 ||  .0 |  .0 |  .0 ||  .0 |  .0 |  .0 |
|========+========+========||========+========+========||========+========+========|
|  .1846 |  .1181 |  .1947 ||  .0 |  .0 |  .0 ||  .0 |  .0 |  .0 |
|  .0557 |  .0421 |  .1 ||  .0 |  .0 |  .0 ||  .0 |  .0 |  .0 |
|  .0544 |  .1 |  .1503 ||  .0 |  .0 |  .0 ||  .0 |  .0 |  .0 |
|========+========+========||========+========+========||========+========+========|
|  .0 |  .0 |  .0 ||  .0 |  .0 |  .0 ||  .0 |  .0 |  .0 |
|  .0 |  .0 |  .0 ||  .0 |  .0 |  .0 ||  .0 |  .0 |  .0 |
|  .0 |  .0 |  .0 ||  .0 |  .0 |  .0 ||  .0 |  .0 |  .0 |

, state=
|  1. |  1. | -0. || -1. | -0. | -0. || -0. | -0. | -0. |
| -1. | -0. | -0. || -0. | -0. | -1. || -0. | -0. | -0. |
| -0. | -0. | -0. || -0. | -0. | -0. || -0. | -0. | -0. |
|=====+=====+=====||=====+=====+=====||=====+=====+=====|
|*-0. |*-0. |*-0. || -0. | -0. | -0. || -0. | -0. | -0. |
|*-0. |*-0. |*-0. || -0. | -0. | -0. || -0. | -1. |  1. |
|*-0. |*-0. |*-0. || -0. |  1. | -0. || -0. | -1. | -0. |
|=====+=====+=====||=====+=====+=====||=====+=====+=====|
| -0. | -0. | -0. || -1. |  1. | -0. || -0. | -0. | -0. |
| -0. | -0. | -0. || -0. | -0. | -0. || -0. | -0. | -0. |
| -0. | -0. | -0. || -0. | -0. | -0. || -0. | -0. | -0. |

, evalForThisState=1.0, isPlayerOneTurnOriginally=false}, StateDatum{MCTSProbabilites=
|  .0 |  .0 |  .0 ||  .0 |  .0 |  .0 ||  .1909 |  .0944 |  .0838 |
|  .0 |  .0 |  .0 ||  .0 |  .0 |  .0 ||  .0397 |  .0584 |  .291 |
|  .0 |  .0 |  .0 ||  .0 |  .0 |  .0 ||  .0613 |  .0544 |  .1261 |
|========+========+========||========+========+========||========+========+========|
|  .0 |  .0 |  .0 ||  .0 |  .0 |  .0 ||  .0 |  .0 |  .0 |
|  .0 |  .0 |  .0 ||  .0 |  .0 |  .0 ||  .0 |  .0 |  .0 |
|  .0 |  .0 |  .0 ||  .0 |  .0 |  .0 ||  .0 |  .0 |  .0 |
|========+========+========||========+========+========||========+========+========|
|  .0 |  .0 |  .0 ||  .0 |  .0 |  .0 ||  .0 |  .0 |  .0 |
|  .0 |  .0 |  .0 ||  .0 |  .0 |  .0 ||  .0 |  .0 |  .0 |
|  .0 |  .0 |  .0 ||  .0 |  .0 |  .0 ||  .0 |  .0 |  .0 |

, state=
| -1. | -1. |  0. ||  1. |  0. |  0. ||* 0. |* 0. |* 0. |
|  1. |  0. |  0. ||  0. |  0. |  1. ||* 0. |* 0. |* 0. |
|  0. |  0. |  0. ||  0. |  0. |  0. ||* 0. |* 0. |* 0. |
|=====+=====+=====||=====+=====+=====||=====+=====+=====|
|  0. |  0. | -1. ||  0. |  0. |  0. ||  0. |  0. |  0. |
|  0. |  0. |  0. ||  0. |  0. |  0. ||  0. |  1. | -1. |
|  0. |  0. |  0. ||  0. | -1. |  0. ||  0. |  1. |  0. |
|=====+=====+=====||=====+=====+=====||=====+=====+=====|
|  0. |  0. |  0. ||  1. | -1. |  0. ||  0. |  0. |  0. |
|  0. |  0. |  0. ||  0. |  0. |  0. ||  0. |  0. |  0. |
|  0. |  0. |  0. ||  0. |  0. |  0. ||  0. |  0. |  0. |

, evalForThisState=-1.0, isPlayerOneTurnOriginally=true}, StateDatum{MCTSProbabilites=
|  .0 |  .0 |  .0 ||  .0 |  .0 |  .0 ||  .0 |  .0 |  .0 |
|  .0 |  .0 |  .0 ||  .0 |  .0 |  .0 ||  .0 |  .0 |  .0 |
|  .0 |  .0 |  .0 ||  .0 |  .0 |  .0 ||  .0 |  .0 |  .0 |
|========+========+========||========+========+========||========+========+========|
|  .0 |  .0 |  .0 ||  .0 |  .0 |  .0 ||  .2189 |  .123 |  .0416 |
|  .0 |  .0 |  .0 ||  .0 |  .0 |  .0 ||  .2577 |  .0 |  .0 |
|  .0 |  .0 |  .0 ||  .0 |  .0 |  .0 ||  .2685 |  .0 |  .0903 |
|========+========+========||========+========+========||========+========+========|
|  .0 |  .0 |  .0 ||  .0 |  .0 |  .0 ||  .0 |  .0 |  .0 |
|  .0 |  .0 |  .0 ||  .0 |  .0 |  .0 ||  .0 |  .0 |  .0 |
|  .0 |  .0 |  .0 ||  .0 |  .0 |  .0 ||  .0 |  .0 |  .0 |

, state=
|  1. |  1. | -0. || -1. | -0. | -0. || -0. | -0. | -0. |
| -1. | -0. | -0. || -0. | -0. | -1. || -0. | -0. | -1. |
| -0. | -0. | -0. || -0. | -0. | -0. || -0. | -0. | -0. |
|=====+=====+=====||=====+=====+=====||=====+=====+=====|
| -0. | -0. |  1. || -0. | -0. | -0. ||*-0. |*-0. |*-0. |
| -0. | -0. | -0. || -0. | -0. | -0. ||*-0. |*-1. |* 1. |
| -0. | -0. | -0. || -0. |  1. | -0. ||*-0. |*-1. |*-0. |
|=====+=====+=====||=====+=====+=====||=====+=====+=====|
| -0. | -0. | -0. || -1. |  1. | -0. || -0. | -0. | -0. |
| -0. | -0. | -0. || -0. | -0. | -0. || -0. | -0. | -0. |
| -0. | -0. | -0. || -0. | -0. | -0. || -0. | -0. | -0. |

, evalForThisState=1.0, isPlayerOneTurnOriginally=false}, StateDatum{MCTSProbabilites=
|  .0 |  .0 |  .0 ||  .0 |  .0 |  .0 ||  .0 |  .0 |  .0 |
|  .0 |  .0 |  .0 ||  .0 |  .0 |  .0 ||  .0 |  .0 |  .0 |
|  .0 |  .0 |  .0 ||  .0 |  .0 |  .0 ||  .0 |  .0 |  .0 |
|========+========+========||========+========+========||========+========+========|
|  .0 |  .0 |  .0 ||  .0 |  .0 |  .0 ||  .0 |  .0 |  .0 |
|  .0 |  .0 |  .0 ||  .0 |  .0 |  .0 ||  .0 |  .0 |  .0 |
|  .0 |  .0 |  .0 ||  .0 |  .0 |  .0 ||  .0 |  .0 |  .0 |
|========+========+========||========+========+========||========+========+========|
|  .0517 |  .13 |  .1913 ||  .0 |  .0 |  .0 ||  .0 |  .0 |  .0 |
|  .0498 |  .022 |  .1854 ||  .0 |  .0 |  .0 ||  .0 |  .0 |  .0 |
|  .1022 |  .1081 |  .1593 ||  .0 |  .0 |  .0 ||  .0 |  .0 |  .0 |

, state=
| -1. | -1. |  0. ||  1. |  0. |  0. ||  0. |  0. |  0. |
|  1. |  0. |  0. ||  0. |  0. |  1. ||  0. |  0. |  1. |
|  0. |  0. |  0. ||  0. |  0. |  0. ||  0. |  0. |  0. |
|=====+=====+=====||=====+=====+=====||=====+=====+=====|
|  0. |  0. | -1. ||  0. |  0. |  0. ||  0. |  0. |  0. |
|  0. |  0. |  0. ||  0. |  0. |  0. ||  0. |  1. | -1. |
|  0. |  0. |  0. ||  0. | -1. |  0. || -1. |  1. |  0. |
|=====+=====+=====||=====+=====+=====||=====+=====+=====|
|* 0. |* 0. |* 0. ||  1. | -1. |  0. ||  0. |  0. |  0. |
|* 0. |* 0. |* 0. ||  0. |  0. |  0. ||  0. |  0. |  0. |
|* 0. |* 0. |* 0. ||  0. |  0. |  0. ||  0. |  0. |  0. |

, evalForThisState=-1.0, isPlayerOneTurnOriginally=true}, StateDatum{MCTSProbabilites=
|  .0 |  .0 |  .0 ||  .0 |  .0 |  .0 ||  .0332 |  .2363 |  .2191 |
|  .0 |  .0 |  .0 ||  .0 |  .0 |  .0 ||  .0323 |  .0291 |  .0 |
|  .0 |  .0 |  .0 ||  .0 |  .0 |  .0 ||  .2474 |  .1451 |  .0575 |
|========+========+========||========+========+========||========+========+========|
|  .0 |  .0 |  .0 ||  .0 |  .0 |  .0 ||  .0 |  .0 |  .0 |
|  .0 |  .0 |  .0 ||  .0 |  .0 |  .0 ||  .0 |  .0 |  .0 |
|  .0 |  .0 |  .0 ||  .0 |  .0 |  .0 ||  .0 |  .0 |  .0 |
|========+========+========||========+========+========||========+========+========|
|  .0 |  .0 |  .0 ||  .0 |  .0 |  .0 ||  .0 |  .0 |  .0 |
|  .0 |  .0 |  .0 ||  .0 |  .0 |  .0 ||  .0 |  .0 |  .0 |
|  .0 |  .0 |  .0 ||  .0 |  .0 |  .0 ||  .0 |  .0 |  .0 |

, state=
|  1. |  1. | -0. || -1. | -0. | -0. ||*-0. |*-0. |*-0. |
| -1. | -0. | -0. || -0. | -0. | -1. ||*-0. |*-0. |*-1. |
| -0. | -0. | -0. || -0. | -0. | -0. ||*-0. |*-0. |*-0. |
|=====+=====+=====||=====+=====+=====||=====+=====+=====|
| -0. | -0. |  1. || -0. | -0. | -0. || -0. | -0. | -0. |
| -0. | -0. | -0. || -0. | -0. | -0. || -0. | -1. |  1. |
| -0. | -0. | -0. || -0. |  1. | -0. ||  1. | -1. | -0. |
|=====+=====+=====||=====+=====+=====||=====+=====+=====|
| -0. | -0. | -1. || -1. |  1. | -0. || -0. | -0. | -0. |
| -0. | -0. | -0. || -0. | -0. | -0. || -0. | -0. | -0. |
| -0. | -0. | -0. || -0. | -0. | -0. || -0. | -0. | -0. |

, evalForThisState=1.0, isPlayerOneTurnOriginally=false}, StateDatum{MCTSProbabilites=
|  .0 |  .0 |  .0 ||  .0 |  .0 |  .0 ||  .0 |  .0 |  .0 |
|  .0 |  .0 |  .0 ||  .0 |  .0 |  .0 ||  .0 |  .0 |  .0 |
|  .0 |  .0 |  .0 ||  .0 |  .0 |  .0 ||  .0 |  .0 |  .0 |
|========+========+========||========+========+========||========+========+========|
|  .0 |  .0 |  .0 ||  .0 |  .0 |  .0 ||  .0 |  .0 |  .0 |
|  .0 |  .0 |  .0 ||  .0 |  .0 |  .0 ||  .0 |  .0 |  .0 |
|  .0 |  .0 |  .0 ||  .0 |  .0 |  .0 ||  .0 |  .0 |  .0 |
|========+========+========||========+========+========||========+========+========|
|  .0724 |  .1454 |  .0 ||  .0 |  .0 |  .0 ||  .0 |  .0 |  .0 |
|  .1406 |  .1787 |  .1077 ||  .0 |  .0 |  .0 ||  .0 |  .0 |  .0 |
|  .12 |  .133 |  .1022 ||  .0 |  .0 |  .0 ||  .0 |  .0 |  .0 |

, state=
| -1. | -1. |  0. ||  1. |  0. |  0. ||  0. |  0. |  0. |
|  1. |  0. |  0. ||  0. |  0. |  1. ||  0. |  0. |  1. |
|  0. |  0. |  0. ||  0. |  0. |  0. || -1. |  0. |  0. |
|=====+=====+=====||=====+=====+=====||=====+=====+=====|
|  0. |  0. | -1. ||  0. |  0. |  0. ||  0. |  0. |  0. |
|  0. |  0. |  0. ||  0. |  0. |  0. ||  0. |  1. | -1. |
|  0. |  0. |  0. ||  0. | -1. |  0. || -1. |  1. |  0. |
|=====+=====+=====||=====+=====+=====||=====+=====+=====|
|* 0. |* 0. |* 1. ||  1. | -1. |  0. ||  0. |  0. |  0. |
|* 0. |* 0. |* 0. ||  0. |  0. |  0. ||  0. |  0. |  0. |
|* 0. |* 0. |* 0. ||  0. |  0. |  0. ||  0. |  0. |  0. |

, evalForThisState=-1.0, isPlayerOneTurnOriginally=true}, StateDatum{MCTSProbabilites=
|  .0 |  .0 |  .0 ||  .0 |  .0 |  .0 ||  .0 |  .0 |  .0 |
|  .0 |  .0 |  .0 ||  .0 |  .0 |  .0 ||  .0 |  .0 |  .0 |
|  .0 |  .0 |  .0 ||  .0 |  .0 |  .0 ||  .0 |  .0 |  .0 |
|========+========+========||========+========+========||========+========+========|
|  .0 |  .0 |  .0 ||  .0226 |  .0722 |  .2332 ||  .0 |  .0 |  .0 |
|  .0 |  .0 |  .0 ||  .0491 |  .1733 |  .1652 ||  .0 |  .0 |  .0 |
|  .0 |  .0 |  .0 ||  .1175 |  .0 |  .1668 ||  .0 |  .0 |  .0 |
|========+========+========||========+========+========||========+========+========|
|  .0 |  .0 |  .0 ||  .0 |  .0 |  .0 ||  .0 |  .0 |  .0 |
|  .0 |  .0 |  .0 ||  .0 |  .0 |  .0 ||  .0 |  .0 |  .0 |
|  .0 |  .0 |  .0 ||  .0 |  .0 |  .0 ||  .0 |  .0 |  .0 |

, state=
|  1. |  1. | -0. || -1. | -0. | -0. || -0. | -0. | -0. |
| -1. | -0. | -0. || -0. | -0. | -1. || -0. | -0. | -1. |
| -0. | -0. | -0. || -0. | -0. | -0. ||  1. | -0. | -0. |
|=====+=====+=====||=====+=====+=====||=====+=====+=====|
| -0. | -0. |  1. ||*-0. |*-0. |*-0. || -0. | -0. | -0. |
| -0. | -0. | -0. ||*-0. |*-0. |*-0. || -0. | -1. |  1. |
| -0. | -0. | -0. ||*-0. |* 1. |*-0. ||  1. | -1. | -0. |
|=====+=====+=====||=====+=====+=====||=====+=====+=====|
| -0. | -0. | -1. || -1. |  1. | -0. || -0. | -0. | -0. |
| -0. | -1. | -0. || -0. | -0. | -0. || -0. | -0. | -0. |
| -0. | -0. | -0. || -0. | -0. | -0. || -0. | -0. | -0. |

, evalForThisState=1.0, isPlayerOneTurnOriginally=false}, StateDatum{MCTSProbabilites=
|  .0 |  .0 |  .0 ||  .0 |  .0 |  .0 ||  .1038 |  .2002 |  .0828 |
|  .0 |  .0 |  .0 ||  .0 |  .0 |  .0 ||  .1521 |  .1216 |  .0 |
|  .0 |  .0 |  .0 ||  .0 |  .0 |  .0 ||  .0 |  .168 |  .1714 |
|========+========+========||========+========+========||========+========+========|
|  .0 |  .0 |  .0 ||  .0 |  .0 |  .0 ||  .0 |  .0 |  .0 |
|  .0 |  .0 |  .0 ||  .0 |  .0 |  .0 ||  .0 |  .0 |  .0 |
|  .0 |  .0 |  .0 ||  .0 |  .0 |  .0 ||  .0 |  .0 |  .0 |
|========+========+========||========+========+========||========+========+========|
|  .0 |  .0 |  .0 ||  .0 |  .0 |  .0 ||  .0 |  .0 |  .0 |
|  .0 |  .0 |  .0 ||  .0 |  .0 |  .0 ||  .0 |  .0 |  .0 |
|  .0 |  .0 |  .0 ||  .0 |  .0 |  .0 ||  .0 |  .0 |  .0 |

, state=
| -1. | -1. |  0. ||  1. |  0. |  0. ||* 0. |* 0. |* 0. |
|  1. |  0. |  0. ||  0. |  0. |  1. ||* 0. |* 0. |* 1. |
|  0. |  0. |  0. ||  0. |  0. |  0. ||*-1. |* 0. |* 0. |
|=====+=====+=====||=====+=====+=====||=====+=====+=====|
|  0. |  0. | -1. ||  0. |  0. | -1. ||  0. |  0. |  0. |
|  0. |  0. |  0. ||  0. |  0. |  0. ||  0. |  1. | -1. |
|  0. |  0. |  0. ||  0. | -1. |  0. || -1. |  1. |  0. |
|=====+=====+=====||=====+=====+=====||=====+=====+=====|
|  0. |  0. |  1. ||  1. | -1. |  0. ||  0. |  0. |  0. |
|  0. |  1. |  0. ||  0. |  0. |  0. ||  0. |  0. |  0. |
|  0. |  0. |  0. ||  0. |  0. |  0. ||  0. |  0. |  0. |

, evalForThisState=-1.0, isPlayerOneTurnOriginally=true}, StateDatum{MCTSProbabilites=
|  .0 |  .0 |  .0 ||  .0 |  .1999 |  .1769 ||  .0 |  .0 |  .0 |
|  .0 |  .0 |  .0 ||  .0601 |  .1519 |  .0 ||  .0 |  .0 |  .0 |
|  .0 |  .0 |  .0 ||  .0938 |  .1007 |  .2168 ||  .0 |  .0 |  .0 |
|========+========+========||========+========+========||========+========+========|
|  .0 |  .0 |  .0 ||  .0 |  .0 |  .0 ||  .0 |  .0 |  .0 |
|  .0 |  .0 |  .0 ||  .0 |  .0 |  .0 ||  .0 |  .0 |  .0 |
|  .0 |  .0 |  .0 ||  .0 |  .0 |  .0 ||  .0 |  .0 |  .0 |
|========+========+========||========+========+========||========+========+========|
|  .0 |  .0 |  .0 ||  .0 |  .0 |  .0 ||  .0 |  .0 |  .0 |
|  .0 |  .0 |  .0 ||  .0 |  .0 |  .0 ||  .0 |  .0 |  .0 |
|  .0 |  .0 |  .0 ||  .0 |  .0 |  .0 ||  .0 |  .0 |  .0 |

, state=
|  1. |  1. | -0. ||*-1. |*-0. |*-0. || -0. | -1. | -0. |
| -1. | -0. | -0. ||*-0. |*-0. |*-1. || -0. | -0. | -1. |
| -0. | -0. | -0. ||*-0. |*-0. |*-0. ||  1. | -0. | -0. |
|=====+=====+=====||=====+=====+=====||=====+=====+=====|
| -0. | -0. |  1. || -0. | -0. |  1. || -0. | -0. | -0. |
| -0. | -0. | -0. || -0. | -0. | -0. || -0. | -1. |  1. |
| -0. | -0. | -0. || -0. |  1. | -0. ||  1. | -1. | -0. |
|=====+=====+=====||=====+=====+=====||=====+=====+=====|
| -0. | -0. | -1. || -1. |  1. | -0. || -0. | -0. | -0. |
| -0. | -1. | -0. || -0. | -0. | -0. || -0. | -0. | -0. |
| -0. | -0. | -0. || -0. | -0. | -0. || -0. | -0. | -0. |

, evalForThisState=1.0, isPlayerOneTurnOriginally=false}, StateDatum{MCTSProbabilites=
|  .0 |  .0 |  .0 ||  .0 |  .0 |  .0 ||  .0 |  .0 |  .0 |
|  .0 |  .0 |  .0 ||  .0 |  .0 |  .0 ||  .0 |  .0 |  .0 |
|  .0 |  .0 |  .0 ||  .0 |  .0 |  .0 ||  .0 |  .0 |  .0 |
|========+========+========||========+========+========||========+========+========|
|  .0 |  .0 |  .0 ||  .0 |  .0 |  .0 ||  .0 |  .0 |  .0 |
|  .0 |  .0 |  .0 ||  .0 |  .0 |  .0 ||  .0 |  .0 |  .0 |
|  .0 |  .0 |  .0 ||  .0 |  .0 |  .0 ||  .0 |  .0 |  .0 |
|========+========+========||========+========+========||========+========+========|
|  .0 |  .0 |  .0 ||  .0 |  .0 |  .0 ||  .1093 |  .0749 |  .1164 |
|  .0 |  .0 |  .0 ||  .0 |  .0 |  .0 ||  .1176 |  .1044 |  .1368 |
|  .0 |  .0 |  .0 ||  .0 |  .0 |  .0 ||  .096 |  .0926 |  .152 |

, state=
| -1. | -1. |  0. ||  1. |  0. |  0. ||  0. |  1. |  0. |
|  1. |  0. |  0. ||  0. |  0. |  1. ||  0. |  0. |  1. |
|  0. |  0. |  0. ||  0. |  0. | -1. || -1. |  0. |  0. |
|=====+=====+=====||=====+=====+=====||=====+=====+=====|
|  0. |  0. | -1. ||  0. |  0. | -1. ||  0. |  0. |  0. |
|  0. |  0. |  0. ||  0. |  0. |  0. ||  0. |  1. | -1. |
|  0. |  0. |  0. ||  0. | -1. |  0. || -1. |  1. |  0. |
|=====+=====+=====||=====+=====+=====||=====+=====+=====|
|  0. |  0. |  1. ||  1. | -1. |  0. ||* 0. |* 0. |* 0. |
|  0. |  1. |  0. ||  0. |  0. |  0. ||* 0. |* 0. |* 0. |
|  0. |  0. |  0. ||  0. |  0. |  0. ||* 0. |* 0. |* 0. |

, evalForThisState=-1.0, isPlayerOneTurnOriginally=true}, StateDatum{MCTSProbabilites=
|  .0 |  .0 |  .0 ||  .0 |  .0 |  .0 ||  .0 |  .0 |  .0 |
|  .0 |  .0 |  .0 ||  .0 |  .0 |  .0 ||  .0 |  .0 |  .0 |
|  .0 |  .0 |  .0 ||  .0 |  .0 |  .0 ||  .0 |  .0 |  .0 |
|========+========+========||========+========+========||========+========+========|
|  .0 |  .0 |  .0 ||  .0 |  .0 |  .0 ||  .0 |  .0 |  .0 |
|  .0 |  .0 |  .0 ||  .0 |  .0 |  .0 ||  .0 |  .0 |  .0 |
|  .0 |  .0 |  .0 ||  .0 |  .0 |  .0 ||  .0 |  .0 |  .0 |
|========+========+========||========+========+========||========+========+========|
|  .0 |  .0 |  .0 ||  .0 |  .0 |  .0 ||  .153 |  .1689 |  .1524 |
|  .0 |  .0 |  .0 ||  .0 |  .0 |  .0 ||  .0232 |  .1512 |  .0977 |
|  .0 |  .0 |  .0 ||  .0 |  .0 |  .0 ||  .0693 |  .1844 |  .0 |

, state=
|  1. |  1. | -0. || -1. | -0. | -0. || -0. | -1. | -0. |
| -1. | -0. | -0. || -0. | -0. | -1. || -0. | -0. | -1. |
| -0. | -0. | -0. || -0. | -0. |  1. ||  1. | -0. | -0. |
|=====+=====+=====||=====+=====+=====||=====+=====+=====|
| -0. | -0. |  1. || -0. | -0. |  1. || -0. | -0. | -0. |
| -0. | -0. | -0. || -0. | -0. | -0. || -0. | -1. |  1. |
| -0. | -0. | -0. || -0. |  1. | -0. ||  1. | -1. | -0. |
|=====+=====+=====||=====+=====+=====||=====+=====+=====|
| -0. | -0. | -1. || -1. |  1. | -0. ||*-0. |*-0. |*-0. |
| -0. | -1. | -0. || -0. | -0. | -0. ||*-0. |*-0. |*-0. |
| -0. | -0. | -0. || -0. | -0. | -0. ||*-0. |*-0. |*-1. |

, evalForThisState=1.0, isPlayerOneTurnOriginally=false}, StateDatum{MCTSProbabilites=
|  .0 |  .0 |  .0 ||  .0 |  .0 |  .0 ||  .0 |  .0 |  .0 |
|  .0 |  .0 |  .0 ||  .0 |  .0 |  .0 ||  .0 |  .0 |  .0 |
|  .0 |  .0 |  .0 ||  .0 |  .0 |  .0 ||  .0 |  .0 |  .0 |
|========+========+========||========+========+========||========+========+========|
|  .0 |  .0 |  .0 ||  .0 |  .0 |  .0 ||  .0 |  .0 |  .0 |
|  .0 |  .0 |  .0 ||  .0 |  .0 |  .0 ||  .0 |  .0 |  .0 |
|  .0 |  .0 |  .0 ||  .0 |  .0 |  .0 ||  .0 |  .0 |  .0 |
|========+========+========||========+========+========||========+========+========|
|  .0 |  .0 |  .0 ||  .0 |  .0 |  .1281 ||  .0 |  .0 |  .0 |
|  .0 |  .0 |  .0 ||  .1242 |  .1674 |  .1355 ||  .0 |  .0 |  .0 |
|  .0 |  .0 |  .0 ||  .1297 |  .1458 |  .1692 ||  .0 |  .0 |  .0 |

, state=
| -1. | -1. |  0. ||  1. |  0. |  0. ||  0. |  1. |  0. |
|  1. |  0. |  0. ||  0. |  0. |  1. ||  0. |  0. |  1. |
|  0. |  0. |  0. ||  0. |  0. | -1. || -1. |  0. |  0. |
|=====+=====+=====||=====+=====+=====||=====+=====+=====|
|  0. |  0. | -1. ||  0. |  0. | -1. ||  0. |  0. |  0. |
|  0. |  0. |  0. ||  0. |  0. |  0. ||  0. |  1. | -1. |
|  0. |  0. |  0. ||  0. | -1. |  0. || -1. |  1. |  0. |
|=====+=====+=====||=====+=====+=====||=====+=====+=====|
|  0. |  0. |  1. ||* 1. |*-1. |* 0. ||  0. |  0. |  0. |
|  0. |  1. |  0. ||* 0. |* 0. |* 0. ||  0. |  0. |  0. |
|  0. |  0. |  0. ||* 0. |* 0. |* 0. ||  0. | -1. |  1. |

, evalForThisState=-1.0, isPlayerOneTurnOriginally=true}, StateDatum{MCTSProbabilites=
|  .0 |  .0 |  .0 ||  .0 |  .0 |  .0 ||  .0 |  .0 |  .0 |
|  .0 |  .0 |  .0 ||  .0 |  .0 |  .0 ||  .0 |  .0 |  .0 |
|  .0 |  .0 |  .0 ||  .0 |  .0 |  .0 ||  .0 |  .0 |  .0 |
|========+========+========||========+========+========||========+========+========|
|  .0 |  .0 |  .0 ||  .0 |  .0 |  .0 ||  .0 |  .0 |  .0 |
|  .0 |  .0 |  .0 ||  .0 |  .0 |  .0 ||  .0 |  .0 |  .0 |
|  .0 |  .0 |  .0 ||  .0 |  .0 |  .0 ||  .0 |  .0 |  .0 |
|========+========+========||========+========+========||========+========+========|
|  .0 |  .0 |  .0 ||  .0 |  .0 |  .0 ||  .0973 |  .1776 |  .1771 |
|  .0 |  .0 |  .0 ||  .0 |  .0 |  .0 ||  .1789 |  .1111 |  .1428 |
|  .0 |  .0 |  .0 ||  .0 |  .0 |  .0 ||  .1152 |  .0 |  .0 |

, state=
|  1. |  1. | -0. || -1. | -0. | -0. || -0. | -1. | -0. |
| -1. | -0. | -0. || -0. | -0. | -1. || -0. | -0. | -1. |
| -0. | -0. | -0. || -0. | -0. |  1. ||  1. | -0. | -0. |
|=====+=====+=====||=====+=====+=====||=====+=====+=====|
| -0. | -0. |  1. || -0. | -0. |  1. || -0. | -0. | -0. |
| -0. | -0. | -0. || -0. | -0. | -0. || -0. | -1. |  1. |
| -0. | -0. | -0. || -0. |  1. | -0. ||  1. | -1. | -0. |
|=====+=====+=====||=====+=====+=====||=====+=====+=====|
| -0. | -0. | -1. || -1. |  1. | -0. ||*-0. |*-0. |*-0. |
| -0. | -1. | -0. || -0. | -0. | -0. ||*-0. |*-0. |*-0. |
| -0. | -0. | -0. || -0. | -0. | -1. ||*-0. |* 1. |*-1. |

, evalForThisState=1.0, isPlayerOneTurnOriginally=false}, StateDatum{MCTSProbabilites=
|  .0 |  .0 |  .0 ||  .0 |  .0 |  .0 ||  .0 |  .0 |  .0 |
|  .0 |  .0 |  .0 ||  .0 |  .0 |  .0 ||  .0 |  .0 |  .0 |
|  .0 |  .0 |  .0 ||  .0 |  .0 |  .0 ||  .0 |  .0 |  .0 |
|========+========+========||========+========+========||========+========+========|
|  .2006 |  .0904 |  .0 ||  .0 |  .0 |  .0 ||  .0 |  .0 |  .0 |
|  .1013 |  .1109 |  .183 ||  .0 |  .0 |  .0 ||  .0 |  .0 |  .0 |
|  .1122 |  .088 |  .1138 ||  .0 |  .0 |  .0 ||  .0 |  .0 |  .0 |
|========+========+========||========+========+========||========+========+========|
|  .0 |  .0 |  .0 ||  .0 |  .0 |  .0 ||  .0 |  .0 |  .0 |
|  .0 |  .0 |  .0 ||  .0 |  .0 |  .0 ||  .0 |  .0 |  .0 |
|  .0 |  .0 |  .0 ||  .0 |  .0 |  .0 ||  .0 |  .0 |  .0 |

, state=
| -1. | -1. |  0. ||  1. |  0. |  0. ||  0. |  1. |  0. |
|  1. |  0. |  0. ||  0. |  0. |  1. ||  0. |  0. |  1. |
|  0. |  0. |  0. ||  0. |  0. | -1. || -1. |  0. |  0. |
|=====+=====+=====||=====+=====+=====||=====+=====+=====|
|* 0. |* 0. |*-1. ||  0. |  0. | -1. ||  0. |  0. |  0. |
|* 0. |* 0. |* 0. ||  0. |  0. |  0. ||  0. |  1. | -1. |
|* 0. |* 0. |* 0. ||  0. | -1. |  0. || -1. |  1. |  0. |
|=====+=====+=====||=====+=====+=====||=====+=====+=====|
|  0. |  0. |  1. ||  1. | -1. |  0. ||  0. |  0. |  0. |
|  0. |  1. |  0. ||  0. |  0. |  0. || -1. |  0. |  0. |
|  0. |  0. |  0. ||  0. |  0. |  1. ||  0. | -1. |  1. |

, evalForThisState=-1.0, isPlayerOneTurnOriginally=true}, StateDatum{MCTSProbabilites=
|  .0 |  .0 |  .2031 ||  .0 |  .0 |  .0 ||  .0 |  .0 |  .0 |
|  .0 |  .1733 |  .1396 ||  .0 |  .0 |  .0 ||  .0 |  .0 |  .0 |
|  .1795 |  .1429 |  .1617 ||  .0 |  .0 |  .0 ||  .0 |  .0 |  .0 |
|========+========+========||========+========+========||========+========+========|
|  .0 |  .0 |  .0 ||  .0 |  .0 |  .0 ||  .0 |  .0 |  .0 |
|  .0 |  .0 |  .0 ||  .0 |  .0 |  .0 ||  .0 |  .0 |  .0 |
|  .0 |  .0 |  .0 ||  .0 |  .0 |  .0 ||  .0 |  .0 |  .0 |
|========+========+========||========+========+========||========+========+========|
|  .0 |  .0 |  .0 ||  .0 |  .0 |  .0 ||  .0 |  .0 |  .0 |
|  .0 |  .0 |  .0 ||  .0 |  .0 |  .0 ||  .0 |  .0 |  .0 |
|  .0 |  .0 |  .0 ||  .0 |  .0 |  .0 ||  .0 |  .0 |  .0 |

, state=
|* 1. |* 1. |*-0. || -1. | -0. | -0. || -0. | -1. | -0. |
|*-1. |*-0. |*-0. || -0. | -0. | -1. || -0. | -0. | -1. |
|*-0. |*-0. |*-0. || -0. | -0. |  1. ||  1. | -0. | -0. |
|=====+=====+=====||=====+=====+=====||=====+=====+=====|
| -1. | -0. |  1. || -0. | -0. |  1. || -0. | -0. | -0. |
| -0. | -0. | -0. || -0. | -0. | -0. || -0. | -1. |  1. |
| -0. | -0. | -0. || -0. |  1. | -0. ||  1. | -1. | -0. |
|=====+=====+=====||=====+=====+=====||=====+=====+=====|
| -0. | -0. | -1. || -1. |  1. | -0. || -0. | -0. | -0. |
| -0. | -1. | -0. || -0. | -0. | -0. ||  1. | -0. | -0. |
| -0. | -0. | -0. || -0. | -0. | -1. || -0. |  1. | -1. |

, evalForThisState=1.0, isPlayerOneTurnOriginally=false}, StateDatum{MCTSProbabilites=
|  .0 |  .0 |  .0 ||  .0 |  .0 |  .0 ||  .086 |  .0 |  .1777 |
|  .0 |  .0 |  .0 ||  .0 |  .0 |  .0 ||  .231 |  .1446 |  .0 |
|  .0 |  .0 |  .0 ||  .0 |  .0 |  .0 ||  .0 |  .2022 |  .1585 |
|========+========+========||========+========+========||========+========+========|
|  .0 |  .0 |  .0 ||  .0 |  .0 |  .0 ||  .0 |  .0 |  .0 |
|  .0 |  .0 |  .0 ||  .0 |  .0 |  .0 ||  .0 |  .0 |  .0 |
|  .0 |  .0 |  .0 ||  .0 |  .0 |  .0 ||  .0 |  .0 |  .0 |
|========+========+========||========+========+========||========+========+========|
|  .0 |  .0 |  .0 ||  .0 |  .0 |  .0 ||  .0 |  .0 |  .0 |
|  .0 |  .0 |  .0 ||  .0 |  .0 |  .0 ||  .0 |  .0 |  .0 |
|  .0 |  .0 |  .0 ||  .0 |  .0 |  .0 ||  .0 |  .0 |  .0 |

, state=
| -1. | -1. | -1. ||  1. |  0. |  0. ||* 0. |* 1. |* 0. |
|  1. |  0. |  0. ||  0. |  0. |  1. ||* 0. |* 0. |* 1. |
|  0. |  0. |  0. ||  0. |  0. | -1. ||*-1. |* 0. |* 0. |
|=====+=====+=====||=====+=====+=====||=====+=====+=====|
|  1. |  0. | -1. ||  0. |  0. | -1. ||  0. |  0. |  0. |
|  0. |  0. |  0. ||  0. |  0. |  0. ||  0. |  1. | -1. |
|  0. |  0. |  0. ||  0. | -1. |  0. || -1. |  1. |  0. |
|=====+=====+=====||=====+=====+=====||=====+=====+=====|
|  0. |  0. |  1. ||  1. | -1. |  0. ||  0. |  0. |  0. |
|  0. |  1. |  0. ||  0. |  0. |  0. || -1. |  0. |  0. |
|  0. |  0. |  0. ||  0. |  0. |  1. ||  0. | -1. |  1. |

, evalForThisState=-1.0, isPlayerOneTurnOriginally=true}, StateDatum{MCTSProbabilites=
|  .0 |  .0 |  .0 ||  .0 |  .0 |  .0 ||  .0 |  .0 |  .0 |
|  .0 |  .0 |  .0 ||  .0 |  .0 |  .0 ||  .0 |  .0 |  .0 |
|  .0 |  .0 |  .0 ||  .0 |  .0 |  .0 ||  .0 |  .0 |  .0 |
|========+========+========||========+========+========||========+========+========|
|  .0 |  .1788 |  .0 ||  .0 |  .0 |  .0 ||  .0 |  .0 |  .0 |
|  .2286 |  .0666 |  .1276 ||  .0 |  .0 |  .0 ||  .0 |  .0 |  .0 |
|  .1654 |  .0664 |  .1666 ||  .0 |  .0 |  .0 ||  .0 |  .0 |  .0 |
|========+========+========||========+========+========||========+========+========|
|  .0 |  .0 |  .0 ||  .0 |  .0 |  .0 ||  .0 |  .0 |  .0 |
|  .0 |  .0 |  .0 ||  .0 |  .0 |  .0 ||  .0 |  .0 |  .0 |
|  .0 |  .0 |  .0 ||  .0 |  .0 |  .0 ||  .0 |  .0 |  .0 |

, state=
|  1. |  1. |  1. || -1. | -0. | -0. || -0. | -1. | -0. |
| -1. | -0. | -0. || -0. | -0. | -1. || -1. | -0. | -1. |
| -0. | -0. | -0. || -0. | -0. |  1. ||  1. | -0. | -0. |
|=====+=====+=====||=====+=====+=====||=====+=====+=====|
|*-1. |*-0. |* 1. || -0. | -0. |  1. || -0. | -0. | -0. |
|*-0. |*-0. |*-0. || -0. | -0. | -0. || -0. | -1. |  1. |
|*-0. |*-0. |*-0. || -0. |  1. | -0. ||  1. | -1. | -0. |
|=====+=====+=====||=====+=====+=====||=====+=====+=====|
| -0. | -0. | -1. || -1. |  1. | -0. || -0. | -0. | -0. |
| -0. | -1. | -0. || -0. | -0. | -0. ||  1. | -0. | -0. |
| -0. | -0. | -0. || -0. | -0. | -1. || -0. |  1. | -1. |

, evalForThisState=1.0, isPlayerOneTurnOriginally=false}, StateDatum{MCTSProbabilites=
|  .0 |  .0 |  .0 ||  .0 |  .0 |  .0 ||  .0 |  .0 |  .0 |
|  .0 |  .0 |  .0 ||  .0 |  .0 |  .0 ||  .0 |  .0 |  .0 |
|  .0 |  .0 |  .0 ||  .0 |  .0 |  .0 ||  .0 |  .0 |  .0 |
|========+========+========||========+========+========||========+========+========|
|  .0 |  .1854 |  .0 ||  .0 |  .0 |  .0 ||  .0 |  .0 |  .0 |
|  .0 |  .1708 |  .1542 ||  .0 |  .0 |  .0 ||  .0 |  .0 |  .0 |
|  .2146 |  .1715 |  .1035 ||  .0 |  .0 |  .0 ||  .0 |  .0 |  .0 |
|========+========+========||========+========+========||========+========+========|
|  .0 |  .0 |  .0 ||  .0 |  .0 |  .0 ||  .0 |  .0 |  .0 |
|  .0 |  .0 |  .0 ||  .0 |  .0 |  .0 ||  .0 |  .0 |  .0 |
|  .0 |  .0 |  .0 ||  .0 |  .0 |  .0 ||  .0 |  .0 |  .0 |

, state=
| -1. | -1. | -1. ||  1. |  0. |  0. ||  0. |  1. |  0. |
|  1. |  0. |  0. ||  0. |  0. |  1. ||  1. |  0. |  1. |
|  0. |  0. |  0. ||  0. |  0. | -1. || -1. |  0. |  0. |
|=====+=====+=====||=====+=====+=====||=====+=====+=====|
|* 1. |* 0. |*-1. ||  0. |  0. | -1. ||  0. |  0. |  0. |
|*-1. |* 0. |* 0. ||  0. |  0. |  0. ||  0. |  1. | -1. |
|* 0. |* 0. |* 0. ||  0. | -1. |  0. || -1. |  1. |  0. |
|=====+=====+=====||=====+=====+=====||=====+=====+=====|
|  0. |  0. |  1. ||  1. | -1. |  0. ||  0. |  0. |  0. |
|  0. |  1. |  0. ||  0. |  0. |  0. || -1. |  0. |  0. |
|  0. |  0. |  0. ||  0. |  0. |  1. ||  0. | -1. |  1. |

, evalForThisState=-1.0, isPlayerOneTurnOriginally=true}, StateDatum{MCTSProbabilites=
|  .0 |  .0 |  .0 ||  .0 |  .0 |  .0 ||  .0 |  .0 |  .0 |
|  .0 |  .0 |  .0 ||  .0 |  .0 |  .0 ||  .0 |  .0 |  .0 |
|  .0 |  .0 |  .0 ||  .0 |  .0 |  .0 ||  .0 |  .0 |  .0 |
|========+========+========||========+========+========||========+========+========|
|  .0 |  .0 |  .0 ||  .0 |  .0 |  .0 ||  .0 |  .0 |  .0 |
|  .0 |  .0 |  .0 ||  .0 |  .0 |  .0 ||  .0 |  .0 |  .0 |
|  .0 |  .0 |  .0 ||  .0 |  .0 |  .0 ||  .0 |  .0 |  .0 |
|========+========+========||========+========+========||========+========+========|
|  .1554 |  .1543 |  .0 ||  .0 |  .0 |  .0 ||  .0 |  .0 |  .0 |
|  .0826 |  .0 |  .126 ||  .0 |  .0 |  .0 ||  .0 |  .0 |  .0 |
|  .2607 |  .1066 |  .1144 ||  .0 |  .0 |  .0 ||  .0 |  .0 |  .0 |

, state=
|  1. |  1. |  1. || -1. | -0. | -0. || -0. | -1. | -0. |
| -1. | -0. | -0. || -0. | -0. | -1. || -1. | -0. | -1. |
| -0. | -0. | -0. || -0. | -0. |  1. ||  1. | -0. | -0. |
|=====+=====+=====||=====+=====+=====||=====+=====+=====|
| -1. | -0. |  1. || -0. | -0. |  1. || -0. | -0. | -0. |
|  1. | -0. | -0. || -0. | -0. | -0. || -0. | -1. |  1. |
| -1. | -0. | -0. || -0. |  1. | -0. ||  1. | -1. | -0. |
|=====+=====+=====||=====+=====+=====||=====+=====+=====|
|*-0. |*-0. |*-1. || -1. |  1. | -0. || -0. | -0. | -0. |
|*-0. |*-1. |*-0. || -0. | -0. | -0. ||  1. | -0. | -0. |
|*-0. |*-0. |*-0. || -0. | -0. | -1. || -0. |  1. | -1. |

, evalForThisState=1.0, isPlayerOneTurnOriginally=false}, StateDatum{MCTSProbabilites=
|  .0 |  .0 |  .0 ||  .0 |  .0 |  .0 ||  .0 |  .0 |  .0 |
|  .0 |  .0 |  .0 ||  .0 |  .0 |  .0 ||  .0 |  .0 |  .0 |
|  .0 |  .0 |  .0 ||  .0 |  .0 |  .0 ||  .0 |  .0 |  .0 |
|========+========+========||========+========+========||========+========+========|
|  .0 |  .0 |  .0 ||  .0 |  .0 |  .0 ||  .0 |  .0 |  .0 |
|  .0 |  .0 |  .0 ||  .0 |  .0 |  .0 ||  .0 |  .0 |  .0 |
|  .0 |  .0 |  .0 ||  .0 |  .0 |  .0 ||  .0 |  .0 |  .0 |
|========+========+========||========+========+========||========+========+========|
|  .0961 |  .202 |  .0 ||  .0 |  .0 |  .0 ||  .0 |  .0 |  .0 |
|  .1395 |  .0 |  .1988 ||  .0 |  .0 |  .0 ||  .0 |  .0 |  .0 |
|  .0 |  .2052 |  .1585 ||  .0 |  .0 |  .0 ||  .0 |  .0 |  .0 |

, state=
| -1. | -1. | -1. ||  1. |  0. |  0. ||  0. |  1. |  0. |
|  1. |  0. |  0. ||  0. |  0. |  1. ||  1. |  0. |  1. |
|  0. |  0. |  0. ||  0. |  0. | -1. || -1. |  0. |  0. |
|=====+=====+=====||=====+=====+=====||=====+=====+=====|
|  1. |  0. | -1. ||  0. |  0. | -1. ||  0. |  0. |  0. |
| -1. |  0. |  0. ||  0. |  0. |  0. ||  0. |  1. | -1. |
|  1. |  0. |  0. ||  0. | -1. |  0. || -1. |  1. |  0. |
|=====+=====+=====||=====+=====+=====||=====+=====+=====|
|* 0. |* 0. |* 1. ||  1. | -1. |  0. ||  0. |  0. |  0. |
|* 0. |* 1. |* 0. ||  0. |  0. |  0. || -1. |  0. |  0. |
|*-1. |* 0. |* 0. ||  0. |  0. |  1. ||  0. | -1. |  1. |

, evalForThisState=-1.0, isPlayerOneTurnOriginally=true}, StateDatum{MCTSProbabilites=
|  .0 |  .0 |  .0 ||  .0 |  .0 |  .0 ||  .0 |  .0 |  .0 |
|  .0 |  .0 |  .0 ||  .0 |  .0 |  .0 ||  .0 |  .0 |  .0 |
|  .0 |  .0 |  .0 ||  .0 |  .0 |  .0 ||  .0 |  .0 |  .0 |
|========+========+========||========+========+========||========+========+========|
|  .0 |  .0 |  .0 ||  .0 |  .0 |  .0 ||  .0 |  .0 |  .0 |
|  .0 |  .0 |  .0 ||  .0 |  .0 |  .0 ||  .0 |  .0 |  .0 |
|  .0 |  .0 |  .0 ||  .0 |  .0 |  .0 ||  .0 |  .0 |  .0 |
|========+========+========||========+========+========||========+========+========|
|  .0 |  .0 |  .0 ||  .0 |  .0 |  .2124 ||  .0 |  .0 |  .0 |
|  .0 |  .0 |  .0 ||  .0636 |  .2339 |  .1351 ||  .0 |  .0 |  .0 |
|  .0 |  .0 |  .0 ||  .1913 |  .1638 |  .0 ||  .0 |  .0 |  .0 |

, state=
|  1. |  1. |  1. || -1. | -0. | -0. || -0. | -1. | -0. |
| -1. | -0. | -0. || -0. | -0. | -1. || -1. | -0. | -1. |
| -0. | -0. | -0. || -0. | -0. |  1. ||  1. | -0. | -0. |
|=====+=====+=====||=====+=====+=====||=====+=====+=====|
| -1. | -0. |  1. || -0. | -0. |  1. || -0. | -0. | -0. |
|  1. | -0. | -0. || -0. | -0. | -0. || -0. | -1. |  1. |
| -1. | -0. | -0. || -0. |  1. | -0. ||  1. | -1. | -0. |
|=====+=====+=====||=====+=====+=====||=====+=====+=====|
| -0. | -0. | -1. ||*-1. |* 1. |*-0. || -0. | -0. | -0. |
| -0. | -1. | -0. ||*-0. |*-0. |*-0. ||  1. | -0. | -0. |
|  1. | -1. | -0. ||*-0. |*-0. |*-1. || -0. |  1. | -1. |

, evalForThisState=1.0, isPlayerOneTurnOriginally=false}, StateDatum{MCTSProbabilites=
|  .0 |  .0 |  .0 ||  .0 |  .0 |  .0 ||  .0 |  .0 |  .0 |
|  .0 |  .0 |  .0 ||  .0 |  .0 |  .0 ||  .0 |  .0 |  .0 |
|  .0 |  .0 |  .0 ||  .0 |  .0 |  .0 ||  .0 |  .0 |  .0 |
|========+========+========||========+========+========||========+========+========|
|  .0 |  .0 |  .0 ||  .1349 |  .099 |  .0 ||  .0 |  .0 |  .0 |
|  .0 |  .0 |  .0 ||  .1634 |  .1312 |  .1807 ||  .0 |  .0 |  .0 |
|  .0 |  .0 |  .0 ||  .1129 |  .0 |  .1779 ||  .0 |  .0 |  .0 |
|========+========+========||========+========+========||========+========+========|
|  .0 |  .0 |  .0 ||  .0 |  .0 |  .0 ||  .0 |  .0 |  .0 |
|  .0 |  .0 |  .0 ||  .0 |  .0 |  .0 ||  .0 |  .0 |  .0 |
|  .0 |  .0 |  .0 ||  .0 |  .0 |  .0 ||  .0 |  .0 |  .0 |

, state=
| -1. | -1. | -1. ||  1. |  0. |  0. ||  0. |  1. |  0. |
|  1. |  0. |  0. ||  0. |  0. |  1. ||  1. |  0. |  1. |
|  0. |  0. |  0. ||  0. |  0. | -1. || -1. |  0. |  0. |
|=====+=====+=====||=====+=====+=====||=====+=====+=====|
|  1. |  0. | -1. ||* 0. |* 0. |*-1. ||  0. |  0. |  0. |
| -1. |  0. |  0. ||* 0. |* 0. |* 0. ||  0. |  1. | -1. |
|  1. |  0. |  0. ||* 0. |*-1. |* 0. || -1. |  1. |  0. |
|=====+=====+=====||=====+=====+=====||=====+=====+=====|
|  0. |  0. |  1. ||  1. | -1. |  0. ||  0. |  0. |  0. |
|  0. |  1. |  0. ||  0. | -1. |  0. || -1. |  0. |  0. |
| -1. |  1. |  0. ||  0. |  0. |  1. ||  0. | -1. |  1. |

, evalForThisState=-1.0, isPlayerOneTurnOriginally=true}, StateDatum{MCTSProbabilites=
|  .0 |  .0 |  .0 ||  .0 |  .0 |  .0 ||  .0 |  .0 |  .0 |
|  .0 |  .0 |  .0 ||  .0 |  .0 |  .0 ||  .0 |  .0 |  .0 |
|  .0 |  .0 |  .0 ||  .0 |  .0 |  .0 ||  .0 |  .0 |  .0 |
|========+========+========||========+========+========||========+========+========|
|  .0 |  .0 |  .0 ||  .0 |  .0 |  .0 ||  .1361 |  .2775 |  .1435 |
|  .0 |  .0 |  .0 ||  .0 |  .0 |  .0 ||  .1855 |  .0 |  .0 |
|  .0 |  .0 |  .0 ||  .0 |  .0 |  .0 ||  .0 |  .0 |  .2574 |
|========+========+========||========+========+========||========+========+========|
|  .0 |  .0 |  .0 ||  .0 |  .0 |  .0 ||  .0 |  .0 |  .0 |
|  .0 |  .0 |  .0 ||  .0 |  .0 |  .0 ||  .0 |  .0 |  .0 |
|  .0 |  .0 |  .0 ||  .0 |  .0 |  .0 ||  .0 |  .0 |  .0 |

, state=
|  1. |  1. |  1. || -1. | -0. | -0. || -0. | -1. | -0. |
| -1. | -0. | -0. || -0. | -0. | -1. || -1. | -0. | -1. |
| -0. | -0. | -0. || -0. | -0. |  1. ||  1. | -0. | -0. |
|=====+=====+=====||=====+=====+=====||=====+=====+=====|
| -1. | -0. |  1. || -0. | -0. |  1. ||*-0. |*-0. |*-0. |
|  1. | -0. | -0. || -0. | -0. | -1. ||*-0. |*-1. |* 1. |
| -1. | -0. | -0. || -0. |  1. | -0. ||* 1. |*-1. |*-0. |
|=====+=====+=====||=====+=====+=====||=====+=====+=====|
| -0. | -0. | -1. || -1. |  1. | -0. || -0. | -0. | -0. |
| -0. | -1. | -0. || -0. |  1. | -0. ||  1. | -0. | -0. |
|  1. | -1. | -0. || -0. | -0. | -1. || -0. |  1. | -1. |

, evalForThisState=1.0, isPlayerOneTurnOriginally=false}, StateDatum{MCTSProbabilites=
|  .0 |  .0 |  .0 ||  .0 |  .1477 |  .1592 ||  .0 |  .0 |  .0 |
|  .0 |  .0 |  .0 ||  .2173 |  .1655 |  .0 ||  .0 |  .0 |  .0 |
|  .0 |  .0 |  .0 ||  .2139 |  .0963 |  .0 ||  .0 |  .0 |  .0 |
|========+========+========||========+========+========||========+========+========|
|  .0 |  .0 |  .0 ||  .0 |  .0 |  .0 ||  .0 |  .0 |  .0 |
|  .0 |  .0 |  .0 ||  .0 |  .0 |  .0 ||  .0 |  .0 |  .0 |
|  .0 |  .0 |  .0 ||  .0 |  .0 |  .0 ||  .0 |  .0 |  .0 |
|========+========+========||========+========+========||========+========+========|
|  .0 |  .0 |  .0 ||  .0 |  .0 |  .0 ||  .0 |  .0 |  .0 |
|  .0 |  .0 |  .0 ||  .0 |  .0 |  .0 ||  .0 |  .0 |  .0 |
|  .0 |  .0 |  .0 ||  .0 |  .0 |  .0 ||  .0 |  .0 |  .0 |

, state=
| -1. | -1. | -1. ||* 1. |* 0. |* 0. ||  0. |  1. |  0. |
|  1. |  0. |  0. ||* 0. |* 0. |* 1. ||  1. |  0. |  1. |
|  0. |  0. |  0. ||* 0. |* 0. |*-1. || -1. |  0. |  0. |
|=====+=====+=====||=====+=====+=====||=====+=====+=====|
|  1. |  0. | -1. ||  0. |  0. | -1. ||  0. | -1. |  0. |
| -1. |  0. |  0. ||  0. |  0. |  1. ||  0. |  1. | -1. |
|  1. |  0. |  0. ||  0. | -1. |  0. || -1. |  1. |  0. |
|=====+=====+=====||=====+=====+=====||=====+=====+=====|
|  0. |  0. |  1. ||  1. | -1. |  0. ||  0. |  0. |  0. |
|  0. |  1. |  0. ||  0. | -1. |  0. || -1. |  0. |  0. |
| -1. |  1. |  0. ||  0. |  0. |  1. ||  0. | -1. |  1. |

, evalForThisState=-1.0, isPlayerOneTurnOriginally=true}, StateDatum{MCTSProbabilites=
|  .0 |  .0 |  .0 ||  .0 |  .0 |  .0 ||  .0 |  .0 |  .0 |
|  .0 |  .0 |  .0 ||  .0 |  .0 |  .0 ||  .0 |  .0 |  .0 |
|  .0 |  .0 |  .0 ||  .0 |  .0 |  .0 ||  .0 |  .0 |  .0 |
|========+========+========||========+========+========||========+========+========|
|  .0 |  .1453 |  .0 ||  .0 |  .0 |  .0 ||  .0 |  .0 |  .0 |
|  .0 |  .1677 |  .1937 ||  .0 |  .0 |  .0 ||  .0 |  .0 |  .0 |
|  .0 |  .28 |  .2132 ||  .0 |  .0 |  .0 ||  .0 |  .0 |  .0 |
|========+========+========||========+========+========||========+========+========|
|  .0 |  .0 |  .0 ||  .0 |  .0 |  .0 ||  .0 |  .0 |  .0 |
|  .0 |  .0 |  .0 ||  .0 |  .0 |  .0 ||  .0 |  .0 |  .0 |
|  .0 |  .0 |  .0 ||  .0 |  .0 |  .0 ||  .0 |  .0 |  .0 |

, state=
|  1. |  1. |  1. || -1. | -0. | -0. || -0. | -1. | -0. |
| -1. | -0. | -0. || -1. | -0. | -1. || -1. | -0. | -1. |
| -0. | -0. | -0. || -0. | -0. |  1. ||  1. | -0. | -0. |
|=====+=====+=====||=====+=====+=====||=====+=====+=====|
|*-1. |*-0. |* 1. || -0. | -0. |  1. || -0. |  1. | -0. |
|* 1. |*-0. |*-0. || -0. | -0. | -1. || -0. | -1. |  1. |
|*-1. |*-0. |*-0. || -0. |  1. | -0. ||  1. | -1. | -0. |
|=====+=====+=====||=====+=====+=====||=====+=====+=====|
| -0. | -0. | -1. || -1. |  1. | -0. || -0. | -0. | -0. |
| -0. | -1. | -0. || -0. |  1. | -0. ||  1. | -0. | -0. |
|  1. | -1. | -0. || -0. | -0. | -1. || -0. |  1. | -1. |

, evalForThisState=1.0, isPlayerOneTurnOriginally=false}, StateDatum{MCTSProbabilites=
|  .0 |  .0 |  .0 ||  .0 |  .0 |  .0 ||  .0 |  .0 |  .0 |
|  .0 |  .0 |  .0 ||  .0 |  .0 |  .0 ||  .0 |  .0 |  .0 |
|  .0 |  .0 |  .0 ||  .0 |  .0 |  .0 ||  .0 |  .0 |  .0 |
|========+========+========||========+========+========||========+========+========|
|  .0 |  .0 |  .0 ||  .0 |  .0 |  .0 ||  .0 |  .0 |  .0 |
|  .0 |  .0 |  .0 ||  .0 |  .0 |  .0 ||  .0 |  .0 |  .0 |
|  .0 |  .0 |  .0 ||  .0 |  .0 |  .0 ||  .0 |  .0 |  .0 |
|========+========+========||========+========+========||========+========+========|
|  .0 |  .0 |  .0 ||  .0 |  .0 |  .1035 ||  .0 |  .0 |  .0 |
|  .0 |  .0 |  .0 ||  .242 |  .0 |  .2452 ||  .0 |  .0 |  .0 |
|  .0 |  .0 |  .0 ||  .1717 |  .2376 |  .0 ||  .0 |  .0 |  .0 |

, state=
| -1. | -1. | -1. ||  1. |  0. |  0. ||  0. |  1. |  0. |
|  1. |  0. |  0. ||  1. |  0. |  1. ||  1. |  0. |  1. |
|  0. |  0. |  0. ||  0. |  0. | -1. || -1. |  0. |  0. |
|=====+=====+=====||=====+=====+=====||=====+=====+=====|
|  1. |  0. | -1. ||  0. |  0. | -1. ||  0. | -1. |  0. |
| -1. |  0. |  0. ||  0. |  0. |  1. ||  0. |  1. | -1. |
|  1. | -1. |  0. ||  0. | -1. |  0. || -1. |  1. |  0. |
|=====+=====+=====||=====+=====+=====||=====+=====+=====|
|  0. |  0. |  1. ||* 1. |*-1. |* 0. ||  0. |  0. |  0. |
|  0. |  1. |  0. ||* 0. |*-1. |* 0. || -1. |  0. |  0. |
| -1. |  1. |  0. ||* 0. |* 0. |* 1. ||  0. | -1. |  1. |

, evalForThisState=-1.0, isPlayerOneTurnOriginally=true}, StateDatum{MCTSProbabilites=
|  .0 |  .0 |  .0 ||  .0 |  .0 |  .0 ||  .0 |  .0 |  .0 |
|  .0 |  .0 |  .0 ||  .0 |  .0 |  .0 ||  .0 |  .0 |  .0 |
|  .0 |  .0 |  .0 ||  .0 |  .0 |  .0 ||  .0 |  .0 |  .0 |
|========+========+========||========+========+========||========+========+========|
|  .0 |  .0 |  .0 ||  .0 |  .0 |  .0 ||  .318 |  .0 |  .0981 |
|  .0 |  .0 |  .0 ||  .0 |  .0 |  .0 ||  .3651 |  .0 |  .0 |
|  .0 |  .0 |  .0 ||  .0 |  .0 |  .0 ||  .0 |  .0 |  .2187 |
|========+========+========||========+========+========||========+========+========|
|  .0 |  .0 |  .0 ||  .0 |  .0 |  .0 ||  .0 |  .0 |  .0 |
|  .0 |  .0 |  .0 ||  .0 |  .0 |  .0 ||  .0 |  .0 |  .0 |
|  .0 |  .0 |  .0 ||  .0 |  .0 |  .0 ||  .0 |  .0 |  .0 |

, state=
|  1. |  1. |  1. || -1. | -0. | -0. || -0. | -1. | -0. |
| -1. | -0. | -0. || -1. | -0. | -1. || -1. | -0. | -1. |
| -0. | -0. | -0. || -0. | -0. |  1. ||  1. | -0. | -0. |
|=====+=====+=====||=====+=====+=====||=====+=====+=====|
| -1. | -0. |  1. || -0. | -0. |  1. ||*-0. |* 1. |*-0. |
|  1. | -0. | -0. || -0. | -0. | -1. ||*-0. |*-1. |* 1. |
| -1. |  1. | -0. || -0. |  1. | -0. ||* 1. |*-1. |*-0. |
|=====+=====+=====||=====+=====+=====||=====+=====+=====|
| -0. | -0. | -1. || -1. |  1. | -0. || -0. | -0. | -0. |
| -0. | -1. | -0. || -0. |  1. | -1. ||  1. | -0. | -0. |
|  1. | -1. | -0. || -0. | -0. | -1. || -0. |  1. | -1. |

, evalForThisState=1.0, isPlayerOneTurnOriginally=false}, StateDatum{MCTSProbabilites=
|  .0 |  .0 |  .0 ||  .0 |  .0 |  .0 ||  .0 |  .0 |  .0 |
|  .0 |  .0 |  .0 ||  .0 |  .0 |  .0 ||  .0 |  .0 |  .0 |
|  .0 |  .0 |  .0 ||  .0 |  .0 |  .0 ||  .0 |  .0 |  .0 |
|========+========+========||========+========+========||========+========+========|
|  .0 |  .3885 |  .0 ||  .0 |  .0 |  .0 ||  .0 |  .0 |  .0 |
|  .0 |  .2075 |  .2826 ||  .0 |  .0 |  .0 ||  .0 |  .0 |  .0 |
|  .0 |  .0 |  .1214 ||  .0 |  .0 |  .0 ||  .0 |  .0 |  .0 |
|========+========+========||========+========+========||========+========+========|
|  .0 |  .0 |  .0 ||  .0 |  .0 |  .0 ||  .0 |  .0 |  .0 |
|  .0 |  .0 |  .0 ||  .0 |  .0 |  .0 ||  .0 |  .0 |  .0 |
|  .0 |  .0 |  .0 ||  .0 |  .0 |  .0 ||  .0 |  .0 |  .0 |

, state=
| -1. | -1. | -1. ||  1. |  0. |  0. ||  0. |  1. |  0. |
|  1. |  0. |  0. ||  1. |  0. |  1. ||  1. |  0. |  1. |
|  0. |  0. |  0. ||  0. |  0. | -1. || -1. |  0. |  0. |
|=====+=====+=====||=====+=====+=====||=====+=====+=====|
|* 1. |* 0. |*-1. ||  0. |  0. | -1. ||  0. | -1. |  0. |
|*-1. |* 0. |* 0. ||  0. |  0. |  1. || -1. |  1. | -1. |
|* 1. |*-1. |* 0. ||  0. | -1. |  0. || -1. |  1. |  0. |
|=====+=====+=====||=====+=====+=====||=====+=====+=====|
|  0. |  0. |  1. ||  1. | -1. |  0. ||  0. |  0. |  0. |
|  0. |  1. |  0. ||  0. | -1. |  1. || -1. |  0. |  0. |
| -1. |  1. |  0. ||  0. |  0. |  1. ||  0. | -1. |  1. |

, evalForThisState=-1.0, isPlayerOneTurnOriginally=true}, StateDatum{MCTSProbabilites=
|  .0 |  .0 |  .0 ||  .0 |  .1361 |  .1305 ||  .0 |  .0 |  .0 |
|  .0 |  .0 |  .0 ||  .0 |  .2746 |  .0 ||  .0 |  .0 |  .0 |
|  .0 |  .0 |  .0 ||  .1132 |  .3455 |  .0 ||  .0 |  .0 |  .0 |
|========+========+========||========+========+========||========+========+========|
|  .0 |  .0 |  .0 ||  .0 |  .0 |  .0 ||  .0 |  .0 |  .0 |
|  .0 |  .0 |  .0 ||  .0 |  .0 |  .0 ||  .0 |  .0 |  .0 |
|  .0 |  .0 |  .0 ||  .0 |  .0 |  .0 ||  .0 |  .0 |  .0 |
|========+========+========||========+========+========||========+========+========|
|  .0 |  .0 |  .0 ||  .0 |  .0 |  .0 ||  .0 |  .0 |  .0 |
|  .0 |  .0 |  .0 ||  .0 |  .0 |  .0 ||  .0 |  .0 |  .0 |
|  .0 |  .0 |  .0 ||  .0 |  .0 |  .0 ||  .0 |  .0 |  .0 |

, state=
|  1. |  1. |  1. ||*-1. |*-0. |*-0. || -0. | -1. | -0. |
| -1. | -0. | -0. ||*-1. |*-0. |*-1. || -1. | -0. | -1. |
| -0. | -0. | -0. ||*-0. |*-0. |* 1. ||  1. | -0. | -0. |
|=====+=====+=====||=====+=====+=====||=====+=====+=====|
| -1. | -1. |  1. || -0. | -0. |  1. || -0. |  1. | -0. |
|  1. | -0. | -0. || -0. | -0. | -1. ||  1. | -1. |  1. |
| -1. |  1. | -0. || -0. |  1. | -0. ||  1. | -1. | -0. |
|=====+=====+=====||=====+=====+=====||=====+=====+=====|
| -0. | -0. | -1. || -1. |  1. | -0. || -0. | -0. | -0. |
| -0. | -1. | -0. || -0. |  1. | -1. ||  1. | -0. | -0. |
|  1. | -1. | -0. || -0. | -0. | -1. || -0. |  1. | -1. |

, evalForThisState=1.0, isPlayerOneTurnOriginally=false}, StateDatum{MCTSProbabilites=
|  .0 |  .0 |  .0 ||  .0 |  .0 |  .0 ||  .0 |  .0 |  .0 |
|  .0 |  .0 |  .0 ||  .0 |  .0 |  .0 ||  .0 |  .0 |  .0 |
|  .0 |  .0 |  .0 ||  .0 |  .0 |  .0 ||  .0 |  .0 |  .0 |
|========+========+========||========+========+========||========+========+========|
|  .0 |  .0 |  .0 ||  .0 |  .0 |  .0 ||  .0 |  .0 |  .0 |
|  .0 |  .0 |  .0 ||  .0 |  .0 |  .0 ||  .0 |  .0 |  .0 |
|  .0 |  .0 |  .0 ||  .0 |  .0 |  .0 ||  .0 |  .0 |  .0 |
|========+========+========||========+========+========||========+========+========|
|  .0 |  .0 |  .0 ||  .0 |  .0 |  .2865 ||  .0 |  .0 |  .0 |
|  .0 |  .0 |  .0 ||  .2081 |  .0 |  .0 ||  .0 |  .0 |  .0 |
|  .0 |  .0 |  .0 ||  .2874 |  .218 |  .0 ||  .0 |  .0 |  .0 |

, state=
| -1. | -1. | -1. ||  1. |  0. |  0. ||  0. |  1. |  0. |
|  1. |  0. |  0. ||  1. |  0. |  1. ||  1. |  0. |  1. |
|  0. |  0. |  0. ||  0. | -1. | -1. || -1. |  0. |  0. |
|=====+=====+=====||=====+=====+=====||=====+=====+=====|
|  1. |  1. | -1. ||  0. |  0. | -1. ||  0. | -1. |  0. |
| -1. |  0. |  0. ||  0. |  0. |  1. || -1. |  1. | -1. |
|  1. | -1. |  0. ||  0. | -1. |  0. || -1. |  1. |  0. |
|=====+=====+=====||=====+=====+=====||=====+=====+=====|
|  0. |  0. |  1. ||* 1. |*-1. |* 0. ||  0. |  0. |  0. |
|  0. |  1. |  0. ||* 0. |*-1. |* 1. || -1. |  0. |  0. |
| -1. |  1. |  0. ||* 0. |* 0. |* 1. ||  0. | -1. |  1. |

, evalForThisState=-1.0, isPlayerOneTurnOriginally=true}, StateDatum{MCTSProbabilites=
|  .0 |  .0 |  .0 ||  .0 |  .0 |  .0 ||  .0 |  .0 |  .0 |
|  .0 |  .0 |  .0 ||  .0 |  .0 |  .0 ||  .0 |  .0 |  .0 |
|  .0 |  .0 |  .0 ||  .0 |  .0 |  .0 ||  .0 |  .0 |  .0 |
|========+========+========||========+========+========||========+========+========|
|  .0 |  .0 |  .0 ||  .0 |  .0 |  .0 ||  .0 |  .0 |  .0 |
|  .0 |  .0 |  .0 ||  .0 |  .0 |  .0 ||  .0 |  .0 |  .0 |
|  .0 |  .0 |  .0 ||  .0 |  .0 |  .0 ||  .0 |  .0 |  .0 |
|========+========+========||========+========+========||========+========+========|
|  .2517 |  .2273 |  .0 ||  .0 |  .0 |  .0 ||  .0 |  .0 |  .0 |
|  .1568 |  .0 |  .2444 ||  .0 |  .0 |  .0 ||  .0 |  .0 |  .0 |
|  .0 |  .0 |  .1197 ||  .0 |  .0 |  .0 ||  .0 |  .0 |  .0 |

, state=
|  1. |  1. |  1. || -1. | -0. | -0. || -0. | -1. | -0. |
| -1. | -0. | -0. || -1. | -0. | -1. || -1. | -0. | -1. |
| -0. | -0. | -0. || -0. |  1. |  1. ||  1. | -0. | -0. |
|=====+=====+=====||=====+=====+=====||=====+=====+=====|
| -1. | -1. |  1. || -0. | -0. |  1. || -0. |  1. | -0. |
|  1. | -0. | -0. || -0. | -0. | -1. ||  1. | -1. |  1. |
| -1. |  1. | -0. || -0. |  1. | -0. ||  1. | -1. | -0. |
|=====+=====+=====||=====+=====+=====||=====+=====+=====|
|*-0. |*-0. |*-1. || -1. |  1. | -0. || -0. | -0. | -0. |
|*-0. |*-1. |*-0. || -0. |  1. | -1. ||  1. | -0. | -0. |
|* 1. |*-1. |*-0. || -1. | -0. | -1. || -0. |  1. | -1. |

, evalForThisState=1.0, isPlayerOneTurnOriginally=false}, StateDatum{MCTSProbabilites=
|  .0 |  .0 |  .0 ||  .0 |  .0263 |  .0321 ||  .0336 |  .0 |  .0199 |
|  .0 |  .0 |  .0 ||  .0 |  .0221 |  .0 ||  .0 |  .0344 |  .0 |
|  .0 |  .0 |  .0 ||  .0355 |  .0 |  .0 ||  .0 |  .0254 |  .0195 |
|========+========+========||========+========+========||========+========+========|
|  .0 |  .0 |  .0 ||  .0216 |  .02 |  .0 ||  .0259 |  .0 |  .0328 |
|  .0 |  .0377 |  .0247 ||  .0336 |  .0278 |  .0 ||  .0 |  .0 |  .0 |
|  .0 |  .0 |  .0312 ||  .0575 |  .0 |  .0242 ||  .0 |  .0 |  .0237 |
|========+========+========||========+========+========||========+========+========|
|  .0 |  .0209 |  .0 ||  .0 |  .0 |  .0402 ||  .0404 |  .0258 |  .0292 |
|  .0383 |  .0 |  .0301 ||  .0479 |  .0 |  .0 ||  .0 |  .0257 |  .0178 |
|  .0 |  .0 |  .0186 ||  .0 |  .0213 |  .0 ||  .0342 |  .0 |  .0 |

, state=
| -1. | -1. | -1. ||* 1. |* 0. |* 0. ||* 0. |* 1. |* 0. |
|  1. |  0. |  0. ||* 1. |* 0. |* 1. ||* 1. |* 0. |* 1. |
|  0. |  0. |  0. ||* 0. |*-1. |*-1. ||*-1. |* 0. |* 0. |
|=====+=====+=====||=====+=====+=====||=====+=====+=====|
|* 1. |* 1. |*-1. ||* 0. |* 0. |*-1. ||* 0. |*-1. |* 0. |
|*-1. |* 0. |* 0. ||* 0. |* 0. |* 1. ||*-1. |* 1. |*-1. |
|* 1. |*-1. |* 0. ||* 0. |*-1. |* 0. ||*-1. |* 1. |* 0. |
|=====+=====+=====||=====+=====+=====||=====+=====+=====|
|*-1. |* 0. |* 1. ||* 1. |*-1. |* 0. ||* 0. |* 0. |* 0. |
|* 0. |* 1. |* 0. ||* 0. |*-1. |* 1. ||*-1. |* 0. |* 0. |
|*-1. |* 1. |* 0. ||* 1. |* 0. |* 1. ||* 0. |*-1. |* 1. |

, evalForThisState=-1.0, isPlayerOneTurnOriginally=true}, StateDatum{MCTSProbabilites=
|  .0 |  .0 |  .0 ||  .0 |  .0 |  .0 ||  .0 |  .0 |  .0 |
|  .0 |  .0 |  .0 ||  .0 |  .0 |  .0 ||  .0 |  .0 |  .0 |
|  .0 |  .0 |  .0 ||  .0 |  .0 |  .0 ||  .0 |  .0 |  .0 |
|========+========+========||========+========+========||========+========+========|
|  .0 |  .0 |  .0 ||  .0 |  .0 |  .0 ||  .0 |  .0 |  .0 |
|  .0 |  .0 |  .0 ||  .0 |  .0 |  .0 ||  .0 |  .0 |  .0 |
|  .0 |  .0 |  .0 ||  .0 |  .0 |  .0 ||  .0 |  .0 |  .0 |
|========+========+========||========+========+========||========+========+========|
|  .0 |  .1934 |  .0 ||  .0 |  .0 |  .0 ||  .0 |  .0 |  .0 |
|  .2809 |  .0 |  .2534 ||  .0 |  .0 |  .0 ||  .0 |  .0 |  .0 |
|  .0 |  .0 |  .2723 ||  .0 |  .0 |  .0 ||  .0 |  .0 |  .0 |

, state=
|  1. |  1. |  1. || -1. | -0. | -0. || -0. | -1. | -0. |
| -1. | -0. | -0. || -1. | -0. | -1. || -1. | -0. | -1. |
| -0. | -0. | -0. || -0. |  1. |  1. ||  1. | -0. | -0. |
|=====+=====+=====||=====+=====+=====||=====+=====+=====|
| -1. | -1. |  1. || -0. | -0. |  1. || -0. |  1. | -0. |
|  1. | -0. | -0. || -0. | -0. | -1. ||  1. | -1. |  1. |
| -1. |  1. | -0. || -1. |  1. | -0. ||  1. | -1. | -0. |
|=====+=====+=====||=====+=====+=====||=====+=====+=====|
|* 1. |*-0. |*-1. || -1. |  1. | -0. || -0. | -0. | -0. |
|*-0. |*-1. |*-0. || -0. |  1. | -1. ||  1. | -0. | -0. |
|* 1. |*-1. |*-0. || -1. | -0. | -1. || -0. |  1. | -1. |

, evalForThisState=1.0, isPlayerOneTurnOriginally=false}, StateDatum{MCTSProbabilites=
|  .0 |  .0 |  .0 ||  .0 |  .0 |  .0 ||  .0 |  .0 |  .0 |
|  .0 |  .0 |  .0 ||  .0 |  .0 |  .0 ||  .0 |  .0 |  .0 |
|  .0 |  .0 |  .0 ||  .0 |  .0 |  .0 ||  .0 |  .0 |  .0 |
|========+========+========||========+========+========||========+========+========|
|  .0 |  .0 |  .0 ||  .0 |  .0 |  .0 ||  .0 |  .0 |  .0 |
|  .0 |  .551 |  .1094 ||  .0 |  .0 |  .0 ||  .0 |  .0 |  .0 |
|  .0 |  .0 |  .3396 ||  .0 |  .0 |  .0 ||  .0 |  .0 |  .0 |
|========+========+========||========+========+========||========+========+========|
|  .0 |  .0 |  .0 ||  .0 |  .0 |  .0 ||  .0 |  .0 |  .0 |
|  .0 |  .0 |  .0 ||  .0 |  .0 |  .0 ||  .0 |  .0 |  .0 |
|  .0 |  .0 |  .0 ||  .0 |  .0 |  .0 ||  .0 |  .0 |  .0 |

, state=
| -1. | -1. | -1. ||  1. |  0. |  0. ||  0. |  1. |  0. |
|  1. |  0. |  0. ||  1. |  0. |  1. ||  1. |  0. |  1. |
|  0. |  0. |  0. ||  0. | -1. | -1. || -1. |  0. |  0. |
|=====+=====+=====||=====+=====+=====||=====+=====+=====|
|* 1. |* 1. |*-1. ||  0. |  0. | -1. ||  0. | -1. |  0. |
|*-1. |* 0. |* 0. ||  0. |  0. |  1. || -1. |  1. | -1. |
|* 1. |*-1. |* 0. ||  1. | -1. |  0. || -1. |  1. |  0. |
|=====+=====+=====||=====+=====+=====||=====+=====+=====|
| -1. |  0. |  1. ||  1. | -1. |  0. ||  0. |  0. |  0. |
| -1. |  1. |  0. ||  0. | -1. |  1. || -1. |  0. |  0. |
| -1. |  1. |  0. ||  1. |  0. |  1. ||  0. | -1. |  1. |

, evalForThisState=-1.0, isPlayerOneTurnOriginally=true}, StateDatum{MCTSProbabilites=
|  .0 |  .0 |  .0 ||  .0 |  .0 |  .0 ||  .0 |  .0 |  .0 |
|  .0 |  .0 |  .0 ||  .0 |  .0 |  .0 ||  .0 |  .0 |  .0 |
|  .0 |  .0 |  .0 ||  .0 |  .0 |  .0 ||  .0 |  .0 |  .0 |
|========+========+========||========+========+========||========+========+========|
|  .0 |  .0 |  .0 ||  .3023 |  .1677 |  .0 ||  .0 |  .0 |  .0 |
|  .0 |  .0 |  .0 ||  .1418 |  .1884 |  .0 ||  .0 |  .0 |  .0 |
|  .0 |  .0 |  .0 ||  .0 |  .0 |  .1998 ||  .0 |  .0 |  .0 |
|========+========+========||========+========+========||========+========+========|
|  .0 |  .0 |  .0 ||  .0 |  .0 |  .0 ||  .0 |  .0 |  .0 |
|  .0 |  .0 |  .0 ||  .0 |  .0 |  .0 ||  .0 |  .0 |  .0 |
|  .0 |  .0 |  .0 ||  .0 |  .0 |  .0 ||  .0 |  .0 |  .0 |

, state=
|  1. |  1. |  1. || -1. | -0. | -0. || -0. | -1. | -0. |
| -1. | -0. | -0. || -1. | -0. | -1. || -1. | -0. | -1. |
| -0. | -0. | -0. || -0. |  1. |  1. ||  1. | -0. | -0. |
|=====+=====+=====||=====+=====+=====||=====+=====+=====|
| -1. | -1. |  1. ||*-0. |*-0. |* 1. || -0. |  1. | -0. |
|  1. | -1. | -0. ||*-0. |*-0. |*-1. ||  1. | -1. |  1. |
| -1. |  1. | -0. ||*-1. |* 1. |*-0. ||  1. | -1. | -0. |
|=====+=====+=====||=====+=====+=====||=====+=====+=====|
|  1. | -0. | -1. || -1. |  1. | -0. || -0. | -0. | -0. |
|  1. | -1. | -0. || -0. |  1. | -1. ||  1. | -0. | -0. |
|  1. | -1. | -0. || -1. | -0. | -1. || -0. |  1. | -1. |

, evalForThisState=1.0, isPlayerOneTurnOriginally=false}, StateDatum{MCTSProbabilites=
|  .0 |  .0 |  .0 ||  .0 |  .0271 |  .0288 ||  .0231 |  .0 |  .0284 |
|  .0 |  .0 |  .0 ||  .0 |  .0306 |  .0 ||  .0 |  .0467 |  .0 |
|  .0 |  .0 |  .0 ||  .0495 |  .0 |  .0 ||  .0 |  .0484 |  .0319 |
|========+========+========||========+========+========||========+========+========|
|  .0 |  .0 |  .0 ||  .0 |  .032 |  .0 ||  .0431 |  .0 |  .0271 |
|  .0 |  .0 |  .0235 ||  .021 |  .0265 |  .0 ||  .0 |  .0 |  .0 |
|  .0 |  .0 |  .0423 ||  .0 |  .0 |  .0557 ||  .0 |  .0 |  .0439 |
|========+========+========||========+========+========||========+========+========|
|  .0 |  .0 |  .0 ||  .0 |  .0 |  .0241 ||  .0231 |  .0517 |  .0215 |
|  .0 |  .0 |  .0 ||  .1139 |  .0 |  .0 ||  .0 |  .0214 |  .029 |
|  .0 |  .0 |  .0 ||  .0 |  .0576 |  .0 ||  .0279 |  .0 |  .0 |

, state=
| -1. | -1. | -1. ||* 1. |* 0. |* 0. ||* 0. |* 1. |* 0. |
|  1. |  0. |  0. ||* 1. |* 0. |* 1. ||* 1. |* 0. |* 1. |
|  0. |  0. |  0. ||* 0. |*-1. |*-1. ||*-1. |* 0. |* 0. |
|=====+=====+=====||=====+=====+=====||=====+=====+=====|
|* 1. |* 1. |*-1. ||*-1. |* 0. |*-1. ||* 0. |*-1. |* 0. |
|*-1. |* 1. |* 0. ||* 0. |* 0. |* 1. ||*-1. |* 1. |*-1. |
|* 1. |*-1. |* 0. ||* 1. |*-1. |* 0. ||*-1. |* 1. |* 0. |
|=====+=====+=====||=====+=====+=====||=====+=====+=====|
| -1. |  0. |  1. ||* 1. |*-1. |* 0. ||* 0. |* 0. |* 0. |
| -1. |  1. |  0. ||* 0. |*-1. |* 1. ||*-1. |* 0. |* 0. |
| -1. |  1. |  0. ||* 1. |* 0. |* 1. ||* 0. |*-1. |* 1. |

, evalForThisState=-1.0, isPlayerOneTurnOriginally=true}, StateDatum{MCTSProbabilites=
|  .0 |  .0 |  .0 ||  .0 |  .0 |  .0 ||  .0 |  .0 |  .0 |
|  .0 |  .0 |  .0 ||  .0 |  .0 |  .0 ||  .0 |  .0 |  .0 |
|  .0 |  .0 |  .0 ||  .0 |  .0 |  .0 ||  .0 |  .0 |  .0 |
|========+========+========||========+========+========||========+========+========|
|  .0 |  .0 |  .0 ||  .0 |  .0 |  .0 ||  .0 |  .0 |  .0 |
|  .0 |  .0 |  .9948 ||  .0 |  .0 |  .0 ||  .0 |  .0 |  .0 |
|  .0 |  .0 |  .0052 ||  .0 |  .0 |  .0 ||  .0 |  .0 |  .0 |
|========+========+========||========+========+========||========+========+========|
|  .0 |  .0 |  .0 ||  .0 |  .0 |  .0 ||  .0 |  .0 |  .0 |
|  .0 |  .0 |  .0 ||  .0 |  .0 |  .0 ||  .0 |  .0 |  .0 |
|  .0 |  .0 |  .0 ||  .0 |  .0 |  .0 ||  .0 |  .0 |  .0 |

, state=
|  1. |  1. |  1. || -1. | -0. | -0. || -0. | -1. | -0. |
| -1. | -0. | -0. || -1. | -0. | -1. || -1. | -0. | -1. |
| -0. | -0. | -0. || -0. |  1. |  1. ||  1. | -0. | -0. |
|=====+=====+=====||=====+=====+=====||=====+=====+=====|
|*-1. |*-1. |* 1. ||  1. | -0. |  1. || -0. |  1. | -0. |
|* 1. |*-1. |*-0. || -0. | -0. | -1. ||  1. | -1. |  1. |
|*-1. |* 1. |*-0. || -1. |  1. | -0. ||  1. | -1. | -0. |
|=====+=====+=====||=====+=====+=====||=====+=====+=====|
|  1. | -0. | -1. || -1. |  1. | -0. || -0. | -0. | -0. |
|  1. | -1. | -0. || -1. |  1. | -1. ||  1. | -0. | -0. |
|  1. | -1. | -0. || -1. | -0. | -1. || -0. |  1. | -1. |

, evalForThisState=1.0, isPlayerOneTurnOriginally=false}, StateDatum{MCTSProbabilites=
|  .0 |  .0 |  .0 ||  .0 |  .0 |  .0 ||  .0 |  .0 |  .0 |
|  .0 |  .0 |  .0 ||  .0 |  .0 |  .0 ||  .0 |  .0 |  .0 |
|  .0 |  .0 |  .0 ||  .0 |  .0 |  .0 ||  .0 |  .0 |  .0 |
|========+========+========||========+========+========||========+========+========|
|  .0 |  .0 |  .0 ||  .0 |  .0 |  .0 ||  .012 |  .0 |  .0168 |
|  .0 |  .0 |  .0 ||  .0 |  .0 |  .0 ||  .0 |  .0 |  .0 |
|  .0 |  .0 |  .0 ||  .0 |  .0 |  .0 ||  .0 |  .0 |  .9712 |
|========+========+========||========+========+========||========+========+========|
|  .0 |  .0 |  .0 ||  .0 |  .0 |  .0 ||  .0 |  .0 |  .0 |
|  .0 |  .0 |  .0 ||  .0 |  .0 |  .0 ||  .0 |  .0 |  .0 |
|  .0 |  .0 |  .0 ||  .0 |  .0 |  .0 ||  .0 |  .0 |  .0 |

, state=
| -1. | -1. | -1. ||  1. |  0. |  0. ||  0. |  1. |  0. |
|  1. |  0. |  0. ||  1. |  0. |  1. ||  1. |  0. |  1. |
|  0. |  0. |  0. ||  0. | -1. | -1. || -1. |  0. |  0. |
|=====+=====+=====||=====+=====+=====||=====+=====+=====|
|  1. |  1. | -1. || -1. |  0. | -1. ||* 0. |*-1. |* 0. |
| -1. |  1. | -1. ||  0. |  0. |  1. ||*-1. |* 1. |*-1. |
|  1. | -1. |  0. ||  1. | -1. |  0. ||*-1. |* 1. |* 0. |
|=====+=====+=====||=====+=====+=====||=====+=====+=====|
| -1. |  0. |  1. ||  1. | -1. |  0. ||  0. |  0. |  0. |
| -1. |  1. |  0. ||  1. | -1. |  1. || -1. |  0. |  0. |
| -1. |  1. |  0. ||  1. |  0. |  1. ||  0. | -1. |  1. |

, evalForThisState=-1.0, isPlayerOneTurnOriginally=true}, StateDatum{MCTSProbabilites=
|  .0 |  .0 |  .0 ||  .0 |  .0 |  .0 ||  .0 |  .0 |  .0 |
|  .0 |  .0 |  .0 ||  .0 |  .0 |  .0 ||  .0 |  .0 |  .0 |
|  .0 |  .0 |  .0 ||  .0 |  .0 |  .0 ||  .0 |  .0 |  .0 |
|========+========+========||========+========+========||========+========+========|
|  .0 |  .0 |  .0 ||  .0 |  .0 |  .0 ||  .0 |  .0 |  .0 |
|  .0 |  .0 |  .0 ||  .0 |  .0 |  .0 ||  .0 |  .0 |  .0 |
|  .0 |  .0 |  .0 ||  .0 |  .0 |  .0 ||  .0 |  .0 |  .0 |
|========+========+========||========+========+========||========+========+========|
|  .0 |  .0 |  .0 ||  .0 |  .0 |  .0 ||  .0003 |  .9955 |  .0005 |
|  .0 |  .0 |  .0 ||  .0 |  .0 |  .0 ||  .0 |  .0017 |  .0005 |
|  .0 |  .0 |  .0 ||  .0 |  .0 |  .0 ||  .0015 |  .0 |  .0 |

, state=
|  1. |  1. |  1. || -1. | -0. | -0. || -0. | -1. | -0. |
| -1. | -0. | -0. || -1. | -0. | -1. || -1. | -0. | -1. |
| -0. | -0. | -0. || -0. |  1. |  1. ||  1. | -0. | -0. |
|=====+=====+=====||=====+=====+=====||=====+=====+=====|
| -1. | -1. |  1. ||  1. | -0. |  1. || -0. |  1. | -0. |
|  1. | -1. |  1. || -0. | -0. | -1. ||  1. | -1. |  1. |
| -1. |  1. | -0. || -1. |  1. | -0. ||  1. | -1. | -1. |
|=====+=====+=====||=====+=====+=====||=====+=====+=====|
|  1. | -0. | -1. || -1. |  1. | -0. ||*-0. |*-0. |*-0. |
|  1. | -1. | -0. || -1. |  1. | -1. ||* 1. |*-0. |*-0. |
|  1. | -1. | -0. || -1. | -0. | -1. ||*-0. |* 1. |*-1. |

, evalForThisState=1.0, isPlayerOneTurnOriginally=false}, StateDatum{MCTSProbabilites=
|  .0 |  .0 |  .0 ||  .0 |  .9756 |  .0029 ||  .0 |  .0 |  .0 |
|  .0 |  .0 |  .0 ||  .0 |  .0052 |  .0 ||  .0 |  .0 |  .0 |
|  .0 |  .0 |  .0 ||  .0163 |  .0 |  .0 ||  .0 |  .0 |  .0 |
|========+========+========||========+========+========||========+========+========|
|  .0 |  .0 |  .0 ||  .0 |  .0 |  .0 ||  .0 |  .0 |  .0 |
|  .0 |  .0 |  .0 ||  .0 |  .0 |  .0 ||  .0 |  .0 |  .0 |
|  .0 |  .0 |  .0 ||  .0 |  .0 |  .0 ||  .0 |  .0 |  .0 |
|========+========+========||========+========+========||========+========+========|
|  .0 |  .0 |  .0 ||  .0 |  .0 |  .0 ||  .0 |  .0 |  .0 |
|  .0 |  .0 |  .0 ||  .0 |  .0 |  .0 ||  .0 |  .0 |  .0 |
|  .0 |  .0 |  .0 ||  .0 |  .0 |  .0 ||  .0 |  .0 |  .0 |

, state=
| -1. | -1. | -1. ||* 1. |* 0. |* 0. ||  0. |  1. |  0. |
|  1. |  0. |  0. ||* 1. |* 0. |* 1. ||  1. |  0. |  1. |
|  0. |  0. |  0. ||* 0. |*-1. |*-1. || -1. |  0. |  0. |
|=====+=====+=====||=====+=====+=====||=====+=====+=====|
|  1. |  1. | -1. || -1. |  0. | -1. ||  0. | -1. |  0. |
| -1. |  1. | -1. ||  0. |  0. |  1. || -1. |  1. | -1. |
|  1. | -1. |  0. ||  1. | -1. |  0. || -1. |  1. |  1. |
|=====+=====+=====||=====+=====+=====||=====+=====+=====|
| -1. |  0. |  1. ||  1. | -1. |  0. ||  0. | -1. |  0. |
| -1. |  1. |  0. ||  1. | -1. |  1. || -1. |  0. |  0. |
| -1. |  1. |  0. ||  1. |  0. |  1. ||  0. | -1. |  1. |

, evalForThisState=-1.0, isPlayerOneTurnOriginally=true}, StateDatum{MCTSProbabilites=
|  .0 |  .0 |  .0 ||  .0 |  .0 |  .9988 ||  .0 |  .0 |  .0 |
|  .0 |  .0 |  .0 ||  .0 |  .0009 |  .0 ||  .0 |  .0 |  .0 |
|  .0 |  .0 |  .0 ||  .0002 |  .0 |  .0 ||  .0 |  .0 |  .0 |
|========+========+========||========+========+========||========+========+========|
|  .0 |  .0 |  .0 ||  .0 |  .0 |  .0 ||  .0 |  .0 |  .0 |
|  .0 |  .0 |  .0 ||  .0 |  .0 |  .0 ||  .0 |  .0 |  .0 |
|  .0 |  .0 |  .0 ||  .0 |  .0 |  .0 ||  .0 |  .0 |  .0 |
|========+========+========||========+========+========||========+========+========|
|  .0 |  .0 |  .0 ||  .0 |  .0 |  .0 ||  .0 |  .0 |  .0 |
|  .0 |  .0 |  .0 ||  .0 |  .0 |  .0 ||  .0 |  .0 |  .0 |
|  .0 |  .0 |  .0 ||  .0 |  .0 |  .0 ||  .0 |  .0 |  .0 |

, state=
|  1. |  1. |  1. ||*-1. |*-1. |*-0. || -0. | -1. | -0. |
| -1. | -0. | -0. ||*-1. |*-0. |*-1. || -1. | -0. | -1. |
| -0. | -0. | -0. ||*-0. |* 1. |* 1. ||  1. | -0. | -0. |
|=====+=====+=====||=====+=====+=====||=====+=====+=====|
| -1. | -1. |  1. ||  1. | -0. |  1. || -0. |  1. | -0. |
|  1. | -1. |  1. || -0. | -0. | -1. ||  1. | -1. |  1. |
| -1. |  1. | -0. || -1. |  1. | -0. ||  1. | -1. | -1. |
|=====+=====+=====||=====+=====+=====||=====+=====+=====|
|  1. | -0. | -1. || -1. |  1. | -0. || -0. |  1. | -0. |
|  1. | -1. | -0. || -1. |  1. | -1. ||  1. | -0. | -0. |
|  1. | -1. | -0. || -1. | -0. | -1. || -0. |  1. | -1. |

, evalForThisState=1.0, isPlayerOneTurnOriginally=false}, StateDatum{MCTSProbabilites=
|  .0 |  .0 |  .0 ||  .0 |  .0 |  .0 ||  .0001 |  .0 |  .9996 |
|  .0 |  .0 |  .0 ||  .0 |  .0 |  .0 ||  .0 |  .0003 |  .0 |
|  .0 |  .0 |  .0 ||  .0 |  .0 |  .0 ||  .0 |  .0 |  .0 |
|========+========+========||========+========+========||========+========+========|
|  .0 |  .0 |  .0 ||  .0 |  .0 |  .0 ||  .0 |  .0 |  .0 |
|  .0 |  .0 |  .0 ||  .0 |  .0 |  .0 ||  .0 |  .0 |  .0 |
|  .0 |  .0 |  .0 ||  .0 |  .0 |  .0 ||  .0 |  .0 |  .0 |
|========+========+========||========+========+========||========+========+========|
|  .0 |  .0 |  .0 ||  .0 |  .0 |  .0 ||  .0 |  .0 |  .0 |
|  .0 |  .0 |  .0 ||  .0 |  .0 |  .0 ||  .0 |  .0 |  .0 |
|  .0 |  .0 |  .0 ||  .0 |  .0 |  .0 ||  .0 |  .0 |  .0 |

, state=
| -1. | -1. | -1. ||  1. |  1. | -1. ||* 0. |* 1. |* 0. |
|  1. |  0. |  0. ||  1. |  0. |  1. ||* 1. |* 0. |* 1. |
|  0. |  0. |  0. ||  0. | -1. | -1. ||*-1. |* 0. |* 0. |
|=====+=====+=====||=====+=====+=====||=====+=====+=====|
|  1. |  1. | -1. || -1. |  0. | -1. ||  0. | -1. |  0. |
| -1. |  1. | -1. ||  0. |  0. |  1. || -1. |  1. | -1. |
|  1. | -1. |  0. ||  1. | -1. |  0. || -1. |  1. |  1. |
|=====+=====+=====||=====+=====+=====||=====+=====+=====|
| -1. |  0. |  1. ||  1. | -1. |  0. ||  0. | -1. |  0. |
| -1. |  1. |  0. ||  1. | -1. |  1. || -1. |  0. |  0. |
| -1. |  1. |  0. ||  1. |  0. |  1. ||  0. | -1. |  1. |

, evalForThisState=-1.0, isPlayerOneTurnOriginally=true}, StateDatum{MCTSProbabilites=
|  .0 |  .0 |  .0 ||  .0 |  .0 |  .0 ||  .0003 |  .0 |  .0 |
|  .0 |  .0 |  .0 ||  .0 |  .0 |  .0 ||  .0 |  .0008 |  .0 |
|  .0 |  .0 |  .0 ||  .0 |  .0 |  .0 ||  .0 |  .0002 |  .9987 |
|========+========+========||========+========+========||========+========+========|
|  .0 |  .0 |  .0 ||  .0 |  .0 |  .0 ||  .0 |  .0 |  .0 |
|  .0 |  .0 |  .0 ||  .0 |  .0 |  .0 ||  .0 |  .0 |  .0 |
|  .0 |  .0 |  .0 ||  .0 |  .0 |  .0 ||  .0 |  .0 |  .0 |
|========+========+========||========+========+========||========+========+========|
|  .0 |  .0 |  .0 ||  .0 |  .0 |  .0 ||  .0 |  .0 |  .0 |
|  .0 |  .0 |  .0 ||  .0 |  .0 |  .0 ||  .0 |  .0 |  .0 |
|  .0 |  .0 |  .0 ||  .0 |  .0 |  .0 ||  .0 |  .0 |  .0 |

, state=
|  1. |  1. |  1. || -1. | -1. |  1. ||*-0. |*-1. |*-1. |
| -1. | -0. | -0. || -1. | -0. | -1. ||*-1. |*-0. |*-1. |
| -0. | -0. | -0. || -0. |  1. |  1. ||* 1. |*-0. |*-0. |
|=====+=====+=====||=====+=====+=====||=====+=====+=====|
| -1. | -1. |  1. ||  1. | -0. |  1. || -0. |  1. | -0. |
|  1. | -1. |  1. || -0. | -0. | -1. ||  1. | -1. |  1. |
| -1. |  1. | -0. || -1. |  1. | -0. ||  1. | -1. | -1. |
|=====+=====+=====||=====+=====+=====||=====+=====+=====|
|  1. | -0. | -1. || -1. |  1. | -0. || -0. |  1. | -0. |
|  1. | -1. | -0. || -1. |  1. | -1. ||  1. | -0. | -0. |
|  1. | -1. | -0. || -1. | -0. | -1. || -0. |  1. | -1. |

, evalForThisState=1.0, isPlayerOneTurnOriginally=false}, StateDatum{MCTSProbabilites=
|  .0 |  .0 |  .0 ||  .0 |  .0 |  .0 ||  .0 |  .0 |  .0 |
|  .0 |  .0 |  .0 ||  .0 |  .0 |  .0 ||  .0 |  .0 |  .0 |
|  .0 |  .0 |  .0 ||  .0 |  .0 |  .0 ||  .0 |  .0 |  .0 |
|========+========+========||========+========+========||========+========+========|
|  .0 |  .0 |  .0 ||  .0 |  .0 |  .0 ||  .0 |  .0 |  .0 |
|  .0 |  .0 |  .0 ||  .0 |  .0 |  .0 ||  .0 |  .0 |  .0 |
|  .0 |  .0 |  .0 ||  .0 |  .0 |  .0 ||  .0 |  .0 |  .0 |
|========+========+========||========+========+========||========+========+========|
|  .0 |  .0 |  .0 ||  .0 |  .0 |  .0 ||  .0001 |  .0 |  .999 |
|  .0 |  .0 |  .0 ||  .0 |  .0 |  .0 ||  .0 |  .0003 |  .0005 |
|  .0 |  .0 |  .0 ||  .0 |  .0 |  .0 ||  .0001 |  .0 |  .0 |

, state=
| -1. | -1. | -1. ||  1. |  1. | -1. ||  0. |  1. |  1. |
|  1. |  0. |  0. ||  1. |  0. |  1. ||  1. |  0. |  1. |
|  0. |  0. |  0. ||  0. | -1. | -1. || -1. |  0. | -1. |
|=====+=====+=====||=====+=====+=====||=====+=====+=====|
|  1. |  1. | -1. || -1. |  0. | -1. ||  0. | -1. |  0. |
| -1. |  1. | -1. ||  0. |  0. |  1. || -1. |  1. | -1. |
|  1. | -1. |  0. ||  1. | -1. |  0. || -1. |  1. |  1. |
|=====+=====+=====||=====+=====+=====||=====+=====+=====|
| -1. |  0. |  1. ||  1. | -1. |  0. ||* 0. |*-1. |* 0. |
| -1. |  1. |  0. ||  1. | -1. |  1. ||*-1. |* 0. |* 0. |
| -1. |  1. |  0. ||  1. |  0. |  1. ||* 0. |*-1. |* 1. |

, evalForThisState=-1.0, isPlayerOneTurnOriginally=true}, StateDatum{MCTSProbabilites=
|  .0 |  .0 |  .0 ||  .0 |  .0 |  .0 ||  .0003 |  .0 |  .0 |
|  .0 |  .0 |  .0 ||  .0 |  .0 |  .0 ||  .0 |  .0 |  .0 |
|  .0 |  .0 |  .0 ||  .0 |  .0 |  .0 ||  .0 |  .9997 |  .0 |
|========+========+========||========+========+========||========+========+========|
|  .0 |  .0 |  .0 ||  .0 |  .0 |  .0 ||  .0 |  .0 |  .0 |
|  .0 |  .0 |  .0 ||  .0 |  .0 |  .0 ||  .0 |  .0 |  .0 |
|  .0 |  .0 |  .0 ||  .0 |  .0 |  .0 ||  .0 |  .0 |  .0 |
|========+========+========||========+========+========||========+========+========|
|  .0 |  .0 |  .0 ||  .0 |  .0 |  .0 ||  .0 |  .0 |  .0 |
|  .0 |  .0 |  .0 ||  .0 |  .0 |  .0 ||  .0 |  .0 |  .0 |
|  .0 |  .0 |  .0 ||  .0 |  .0 |  .0 ||  .0 |  .0 |  .0 |

, state=
|  1. |  1. |  1. || -1. | -1. |  1. ||*-0. |*-1. |*-1. |
| -1. | -0. | -0. || -1. | -0. | -1. ||*-1. |*-0. |*-1. |
| -0. | -0. | -0. || -0. |  1. |  1. ||* 1. |*-0. |* 1. |
|=====+=====+=====||=====+=====+=====||=====+=====+=====|
| -1. | -1. |  1. ||  1. | -0. |  1. || -0. |  1. | -0. |
|  1. | -1. |  1. || -0. | -0. | -1. ||  1. | -1. |  1. |
| -1. |  1. | -0. || -1. |  1. | -0. ||  1. | -1. | -1. |
|=====+=====+=====||=====+=====+=====||=====+=====+=====|
|  1. | -0. | -1. || -1. |  1. | -0. || -0. |  1. | -1. |
|  1. | -1. | -0. || -1. |  1. | -1. ||  1. | -0. | -0. |
|  1. | -1. | -0. || -1. | -0. | -1. || -0. |  1. | -1. |

, evalForThisState=1.0, isPlayerOneTurnOriginally=false}, StateDatum{MCTSProbabilites=
|  .0 |  .0 |  .0 ||  .0 |  .0 |  .0 ||  .0 |  .0 |  .0 |
|  .0 |  .0 |  .0 ||  .0 |  .0 |  .0 ||  .0 |  .0 |  .0 |
|  .0 |  .0 |  .0 ||  .0 |  .0 |  .0 ||  .0 |  .0 |  .0 |
|========+========+========||========+========+========||========+========+========|
|  .0 |  .0 |  .0 ||  .0 |  .4935 |  .0 ||  .0 |  .0 |  .0 |
|  .0 |  .0 |  .0 ||  .5061 |  .0 |  .0 ||  .0 |  .0 |  .0 |
|  .0 |  .0 |  .0 ||  .0 |  .0 |  .0 ||  .0 |  .0 |  .0 |
|========+========+========||========+========+========||========+========+========|
|  .0 |  .0 |  .0 ||  .0 |  .0 |  .0 ||  .0 |  .0 |  .0 |
|  .0 |  .0 |  .0 ||  .0 |  .0 |  .0 ||  .0 |  .0 |  .0001 |
|  .0 |  .0 |  .0 ||  .0 |  .0 |  .0 ||  .0 |  .0 |  .0 |

, state=
| -1. | -1. | -1. ||* 1. |* 1. |*-1. ||  0. |  1. |  1. |
|  1. |  0. |  0. ||* 1. |* 0. |* 1. ||  1. |  0. |  1. |
|  0. |  0. |  0. ||* 0. |*-1. |*-1. || -1. | -1. | -1. |
|=====+=====+=====||=====+=====+=====||=====+=====+=====|
|* 1. |* 1. |*-1. ||*-1. |* 0. |*-1. ||* 0. |*-1. |* 0. |
|*-1. |* 1. |*-1. ||* 0. |* 0. |* 1. ||*-1. |* 1. |*-1. |
|* 1. |*-1. |* 0. ||* 1. |*-1. |* 0. ||*-1. |* 1. |* 1. |
|=====+=====+=====||=====+=====+=====||=====+=====+=====|
| -1. |  0. |  1. ||  1. | -1. |  0. ||* 0. |*-1. |* 1. |
| -1. |  1. |  0. ||  1. | -1. |  1. ||*-1. |* 0. |* 0. |
| -1. |  1. |  0. ||  1. |  0. |  1. ||* 0. |*-1. |* 1. |

, evalForThisState=-1.0, isPlayerOneTurnOriginally=true}, StateDatum{MCTSProbabilites=
|  .0 |  .0 |  .0 ||  .0 |  .0 |  .0 ||  .0 |  .0 |  .0 |
|  .0 |  .0 |  .0 ||  .0 |  .0 |  .0 ||  .0 |  .0 |  .0 |
|  .0 |  .0 |  .0 ||  .0 |  .0 |  .0 ||  .0 |  .0 |  .0 |
|========+========+========||========+========+========||========+========+========|
|  .0 |  .0 |  .0 ||  .0 |  .0 |  .0 ||  .0 |  .0 |  .0 |
|  .0 |  .0 |  .0 ||  .0 |  .0 |  .0 ||  .0 |  .0 |  .0 |
|  .0 |  .0 |  1.0 ||  .0 |  .0 |  .0 ||  .0 |  .0 |  .0 |
|========+========+========||========+========+========||========+========+========|
|  .0 |  .0 |  .0 ||  .0 |  .0 |  .0 ||  .0 |  .0 |  .0 |
|  .0 |  .0 |  .0 ||  .0 |  .0 |  .0 ||  .0 |  .0 |  .0 |
|  .0 |  .0 |  .0 ||  .0 |  .0 |  .0 ||  .0 |  .0 |  .0 |

, state=
|  1. |  1. |  1. || -1. | -1. |  1. || -0. | -1. | -1. |
| -1. | -0. | -0. || -1. | -0. | -1. || -1. | -0. | -1. |
| -0. | -0. | -0. || -0. |  1. |  1. ||  1. |  1. |  1. |
|=====+=====+=====||=====+=====+=====||=====+=====+=====|
|*-1. |*-1. |* 1. ||  1. | -0. |  1. || -0. |  1. | -0. |
|* 1. |*-1. |* 1. || -1. | -0. | -1. ||  1. | -1. |  1. |
|*-1. |* 1. |*-0. || -1. |  1. | -0. ||  1. | -1. | -1. |
|=====+=====+=====||=====+=====+=====||=====+=====+=====|
|  1. | -0. | -1. || -1. |  1. | -0. || -0. |  1. | -1. |
|  1. | -1. | -0. || -1. |  1. | -1. ||  1. | -0. | -0. |
|  1. | -1. | -0. || -1. | -0. | -1. || -0. |  1. | -1. |

, evalForThisState=1.0, isPlayerOneTurnOriginally=false}]
Value network data: 
===========INPUT===================
[[         0,         0,         0,  ...    1.0000,    1.0000,    1.0000], 
 [         0,         0,         0,  ...   -1.0000,    1.0000,   -1.0000], 
 [         0,         0,         0,  ...   -1.0000,   -1.0000,   -1.0000], 
  ..., 
 [    1.0000,    1.0000,    1.0000,  ...   -1.0000,   -1.0000,   -1.0000], 
 [   -1.0000,   -1.0000,   -1.0000,  ...   -1.0000,   -1.0000,    1.0000], 
 [    1.0000,    1.0000,    1.0000,  ...   -1.0000,   -1.0000,   -1.0000]]
=================OUTPUT==================
[[-1.0000], 
 [1.0000], 
 [-1.0000], 
 [1.0000], 
 [-1.0000], 
 [1.0000], 
 [-1.0000], 
 [1.0000], 
 [-1.0000], 
 [1.0000], 
 [-1.0000], 
 [1.0000], 
 [-1.0000], 
 [1.0000], 
 [-1.0000], 
 [1.0000], 
 [-1.0000], 
 [1.0000], 
 [-1.0000], 
 [1.0000], 
 [-1.0000], 
 [1.0000], 
 [-1.0000], 
 [1.0000], 
 [-1.0000], 
 [1.0000], 
 [-1.0000], 
 [1.0000], 
 [-1.0000], 
 [1.0000], 
 [-1.0000], 
 [1.0000], 
 [-1.0000], 
 [1.0000], 
 [-1.0000], 
 [1.0000], 
 [-1.0000], 
 [1.0000], 
 [-1.0000], 
 [1.0000], 
 [-1.0000], 
 [1.0000], 
 [-1.0000], 
 [1.0000], 
 [-1.0000], 
 [1.0000], 
 [-1.0000], 
 [1.0000], 
 [-1.0000], 
 [1.0000], 
 [-1.0000], 
 [1.0000], 
 [-1.0000], 
 [1.0000], 
 [-1.0000], 
 [1.0000], 
 [-1.0000], 
 [1.0000]]
Policy network data: 
===========INPUT===================
[[         0,         0,         0,  ...    1.0000,    1.0000,    1.0000], 
 [         0,         0,         0,  ...   -1.0000,    1.0000,   -1.0000], 
 [         0,         0,         0,  ...   -1.0000,   -1.0000,   -1.0000], 
  ..., 
 [    1.0000,    1.0000,    1.0000,  ...   -1.0000,   -1.0000,   -1.0000], 
 [   -1.0000,   -1.0000,   -1.0000,  ...   -1.0000,   -1.0000,    1.0000], 
 [    1.0000,    1.0000,    1.0000,  ...   -1.0000,   -1.0000,   -1.0000]]
=================OUTPUT==================
[[    0.0131,    0.0163,    0.0105,  ...    0.0118,    0.0099,    0.0114], 
 [         0,         0,         0,  ...         0,         0,         0], 
 [         0,         0,         0,  ...         0,         0,         0], 
  ..., 
 [         0,         0,         0,  ...         0,         0,         0], 
 [         0,         0,         0,  ...   2.55e-5,         0,         0], 
 [         0,         0,         0,  ...         0,         0,         0]]
W:\Labs\ME\ME187-Fall2024\StudentFiles\CALEBHOTTES\UTTTstuff\series1\policy$series1,gameNum15$1729810010311.bin
Took: 1744 s to simulate game
Finished simulating game, see log at: W:\Labs\ME\ME187-Fall2024\StudentFiles\CALEBHOTTES\UTTTstuff\logs\series1\game15$1729808265388.log for details.
