Saving data to: W:\Labs\ME\ME187-Fall2024\StudentFiles\CALEBHOTTES\UTTTstuff\data\series1
Begin custom message: 
DataSeries: series1 game number: 31 

Description: making data during matlab class 238. 

Evaluator config=EvaluatorConfiguration{cValue=2.0, maxRolloutDepth=1000, computeTime=35, threads=1, stupidity=0, allowForcePlay=false, maxMyCPU=false}
End custom message
Inital State: 

|* 0. |* 0. |* 0. ||* 0. |* 0. |* 0. ||* 0. |* 0. |* 0. |
|* 0. |* 0. |* 0. ||* 0. |* 0. |* 0. ||* 0. |* 0. |* 0. |
|* 0. |* 0. |* 0. ||* 0. |* 0. |* 0. ||* 0. |* 0. |* 0. |
|=====+=====+=====||=====+=====+=====||=====+=====+=====|
|* 0. |* 0. |* 0. ||* 0. |* 0. |* 0. ||* 0. |* 0. |* 0. |
|* 0. |* 0. |* 0. ||* 0. |* 0. |* 0. ||* 0. |* 0. |* 0. |
|* 0. |* 0. |* 0. ||* 0. |* 0. |* 0. ||* 0. |* 0. |* 0. |
|=====+=====+=====||=====+=====+=====||=====+=====+=====|
|* 0. |* 0. |* 0. ||* 0. |* 0. |* 0. ||* 0. |* 0. |* 0. |
|* 0. |* 0. |* 0. ||* 0. |* 0. |* 0. ||* 0. |* 0. |* 0. |
|* 0. |* 0. |* 0. ||* 0. |* 0. |* 0. ||* 0. |* 0. |* 0. |


state to eval, currenty is playerone turn=true

|* 0. |* 0. |* 0. ||* 0. |* 0. |* 0. ||* 0. |* 0. |* 0. |
|* 0. |* 0. |* 0. ||* 0. |* 0. |* 0. ||* 0. |* 0. |* 0. |
|* 0. |* 0. |* 0. ||* 0. |* 0. |* 0. ||* 0. |* 0. |* 0. |
|=====+=====+=====||=====+=====+=====||=====+=====+=====|
|* 0. |* 0. |* 0. ||* 0. |* 0. |* 0. ||* 0. |* 0. |* 0. |
|* 0. |* 0. |* 0. ||* 0. |* 0. |* 0. ||* 0. |* 0. |* 0. |
|* 0. |* 0. |* 0. ||* 0. |* 0. |* 0. ||* 0. |* 0. |* 0. |
|=====+=====+=====||=====+=====+=====||=====+=====+=====|
|* 0. |* 0. |* 0. ||* 0. |* 0. |* 0. ||* 0. |* 0. |* 0. |
|* 0. |* 0. |* 0. ||* 0. |* 0. |* 0. ||* 0. |* 0. |* 0. |
|* 0. |* 0. |* 0. ||* 0. |* 0. |* 0. ||* 0. |* 0. |* 0. |


Determined best move using: 117468Iterations
Determined best move using: 126047Iterations
Determined best move using: 116483Iterations
Determined best move using: 94838Iterations
Determined best move using: 129462Iterations
Determined best move using: 142909Iterations
current State

|  0. |  0. |  0. ||  0. |  0. |  0. ||  0. |  0. |  0. |
|  0. |  0. |  0. ||  0. |  0. |  0. ||  0. |  0. |  0. |
|  0. |  0. |  0. ||  0. |  0. |  0. ||  0. |  0. |  0. |
|=====+=====+=====||=====+=====+=====||=====+=====+=====|
|  0. |  0. |  0. ||  0. |  0. |  0. ||* 0. |* 0. |* 0. |
|  0. |  0. |  0. ||  0. |  0. |  0. ||* 0. |* 0. |* 1. |
|  0. |  0. |  0. ||  0. |  0. |  0. ||* 0. |* 0. |* 0. |
|=====+=====+=====||=====+=====+=====||=====+=====+=====|
|  0. |  0. |  0. ||  0. |  0. |  0. ||  0. |  0. |  0. |
|  0. |  0. |  0. ||  0. |  0. |  0. ||  0. |  0. |  0. |
|  0. |  0. |  0. ||  0. |  0. |  0. ||  0. |  0. |  0. |


state to eval, currenty is playerone turn=false

| -0. | -0. | -0. || -0. | -0. | -0. || -0. | -0. | -0. |
| -0. | -0. | -0. || -0. | -0. | -0. || -0. | -0. | -0. |
| -0. | -0. | -0. || -0. | -0. | -0. || -0. | -0. | -0. |
|=====+=====+=====||=====+=====+=====||=====+=====+=====|
| -0. | -0. | -0. || -0. | -0. | -0. ||*-0. |*-0. |*-0. |
| -0. | -0. | -0. || -0. | -0. | -0. ||*-0. |*-0. |*-1. |
| -0. | -0. | -0. || -0. | -0. | -0. ||*-0. |*-0. |*-0. |
|=====+=====+=====||=====+=====+=====||=====+=====+=====|
| -0. | -0. | -0. || -0. | -0. | -0. || -0. | -0. | -0. |
| -0. | -0. | -0. || -0. | -0. | -0. || -0. | -0. | -0. |
| -0. | -0. | -0. || -0. | -0. | -0. || -0. | -0. | -0. |


Determined best move using: 148194Iterations
Determined best move using: 128434Iterations
Determined best move using: 129206Iterations
Determined best move using: 120807Iterations
current State

|  0. |  0. |  0. ||* 0. |* 0. |* 0. ||  0. |  0. |  0. |
|  0. |  0. |  0. ||* 0. |* 0. |* 0. ||  0. |  0. |  0. |
|  0. |  0. |  0. ||* 0. |* 0. |* 0. ||  0. |  0. |  0. |
|=====+=====+=====||=====+=====+=====||=====+=====+=====|
|  0. |  0. |  0. ||  0. |  0. |  0. ||  0. | -1. |  0. |
|  0. |  0. |  0. ||  0. |  0. |  0. ||  0. |  0. |  1. |
|  0. |  0. |  0. ||  0. |  0. |  0. ||  0. |  0. |  0. |
|=====+=====+=====||=====+=====+=====||=====+=====+=====|
|  0. |  0. |  0. ||  0. |  0. |  0. ||  0. |  0. |  0. |
|  0. |  0. |  0. ||  0. |  0. |  0. ||  0. |  0. |  0. |
|  0. |  0. |  0. ||  0. |  0. |  0. ||  0. |  0. |  0. |


state to eval, currenty is playerone turn=true

|  0. |  0. |  0. ||* 0. |* 0. |* 0. ||  0. |  0. |  0. |
|  0. |  0. |  0. ||* 0. |* 0. |* 0. ||  0. |  0. |  0. |
|  0. |  0. |  0. ||* 0. |* 0. |* 0. ||  0. |  0. |  0. |
|=====+=====+=====||=====+=====+=====||=====+=====+=====|
|  0. |  0. |  0. ||  0. |  0. |  0. ||  0. | -1. |  0. |
|  0. |  0. |  0. ||  0. |  0. |  0. ||  0. |  0. |  1. |
|  0. |  0. |  0. ||  0. |  0. |  0. ||  0. |  0. |  0. |
|=====+=====+=====||=====+=====+=====||=====+=====+=====|
|  0. |  0. |  0. ||  0. |  0. |  0. ||  0. |  0. |  0. |
|  0. |  0. |  0. ||  0. |  0. |  0. ||  0. |  0. |  0. |
|  0. |  0. |  0. ||  0. |  0. |  0. ||  0. |  0. |  0. |


Determined best move using: 130170Iterations
Determined best move using: 140527Iterations
Determined best move using: 142358Iterations
Determined best move using: 119542Iterations
current State

|  0. |  0. |  0. ||  0. |  0. |  0. ||  0. |  0. |  0. |
|  0. |  0. |  0. ||  0. |  0. |  1. ||  0. |  0. |  0. |
|  0. |  0. |  0. ||  0. |  0. |  0. ||  0. |  0. |  0. |
|=====+=====+=====||=====+=====+=====||=====+=====+=====|
|  0. |  0. |  0. ||  0. |  0. |  0. ||* 0. |*-1. |* 0. |
|  0. |  0. |  0. ||  0. |  0. |  0. ||* 0. |* 0. |* 1. |
|  0. |  0. |  0. ||  0. |  0. |  0. ||* 0. |* 0. |* 0. |
|=====+=====+=====||=====+=====+=====||=====+=====+=====|
|  0. |  0. |  0. ||  0. |  0. |  0. ||  0. |  0. |  0. |
|  0. |  0. |  0. ||  0. |  0. |  0. ||  0. |  0. |  0. |
|  0. |  0. |  0. ||  0. |  0. |  0. ||  0. |  0. |  0. |


state to eval, currenty is playerone turn=false

| -0. | -0. | -0. || -0. | -0. | -0. || -0. | -0. | -0. |
| -0. | -0. | -0. || -0. | -0. | -1. || -0. | -0. | -0. |
| -0. | -0. | -0. || -0. | -0. | -0. || -0. | -0. | -0. |
|=====+=====+=====||=====+=====+=====||=====+=====+=====|
| -0. | -0. | -0. || -0. | -0. | -0. ||*-0. |* 1. |*-0. |
| -0. | -0. | -0. || -0. | -0. | -0. ||*-0. |*-0. |*-1. |
| -0. | -0. | -0. || -0. | -0. | -0. ||*-0. |*-0. |*-0. |
|=====+=====+=====||=====+=====+=====||=====+=====+=====|
| -0. | -0. | -0. || -0. | -0. | -0. || -0. | -0. | -0. |
| -0. | -0. | -0. || -0. | -0. | -0. || -0. | -0. | -0. |
| -0. | -0. | -0. || -0. | -0. | -0. || -0. | -0. | -0. |


Determined best move using: 124844Iterations
Determined best move using: 144348Iterations
Determined best move using: 134247Iterations
current State

|* 0. |* 0. |* 0. ||  0. |  0. |  0. ||  0. |  0. |  0. |
|* 0. |* 0. |* 0. ||  0. |  0. |  1. ||  0. |  0. |  0. |
|* 0. |* 0. |* 0. ||  0. |  0. |  0. ||  0. |  0. |  0. |
|=====+=====+=====||=====+=====+=====||=====+=====+=====|
|  0. |  0. |  0. ||  0. |  0. |  0. || -1. | -1. |  0. |
|  0. |  0. |  0. ||  0. |  0. |  0. ||  0. |  0. |  1. |
|  0. |  0. |  0. ||  0. |  0. |  0. ||  0. |  0. |  0. |
|=====+=====+=====||=====+=====+=====||=====+=====+=====|
|  0. |  0. |  0. ||  0. |  0. |  0. ||  0. |  0. |  0. |
|  0. |  0. |  0. ||  0. |  0. |  0. ||  0. |  0. |  0. |
|  0. |  0. |  0. ||  0. |  0. |  0. ||  0. |  0. |  0. |


state to eval, currenty is playerone turn=true

|* 0. |* 0. |* 0. ||  0. |  0. |  0. ||  0. |  0. |  0. |
|* 0. |* 0. |* 0. ||  0. |  0. |  1. ||  0. |  0. |  0. |
|* 0. |* 0. |* 0. ||  0. |  0. |  0. ||  0. |  0. |  0. |
|=====+=====+=====||=====+=====+=====||=====+=====+=====|
|  0. |  0. |  0. ||  0. |  0. |  0. || -1. | -1. |  0. |
|  0. |  0. |  0. ||  0. |  0. |  0. ||  0. |  0. |  1. |
|  0. |  0. |  0. ||  0. |  0. |  0. ||  0. |  0. |  0. |
|=====+=====+=====||=====+=====+=====||=====+=====+=====|
|  0. |  0. |  0. ||  0. |  0. |  0. ||  0. |  0. |  0. |
|  0. |  0. |  0. ||  0. |  0. |  0. ||  0. |  0. |  0. |
|  0. |  0. |  0. ||  0. |  0. |  0. ||  0. |  0. |  0. |


Determined best move using: 143340Iterations
Determined best move using: 154158Iterations
current State

|  0. |  1. |  0. ||* 0. |* 0. |* 0. ||  0. |  0. |  0. |
|  0. |  0. |  0. ||* 0. |* 0. |* 1. ||  0. |  0. |  0. |
|  0. |  0. |  0. ||* 0. |* 0. |* 0. ||  0. |  0. |  0. |
|=====+=====+=====||=====+=====+=====||=====+=====+=====|
|  0. |  0. |  0. ||  0. |  0. |  0. || -1. | -1. |  0. |
|  0. |  0. |  0. ||  0. |  0. |  0. ||  0. |  0. |  1. |
|  0. |  0. |  0. ||  0. |  0. |  0. ||  0. |  0. |  0. |
|=====+=====+=====||=====+=====+=====||=====+=====+=====|
|  0. |  0. |  0. ||  0. |  0. |  0. ||  0. |  0. |  0. |
|  0. |  0. |  0. ||  0. |  0. |  0. ||  0. |  0. |  0. |
|  0. |  0. |  0. ||  0. |  0. |  0. ||  0. |  0. |  0. |


state to eval, currenty is playerone turn=false

| -0. | -1. | -0. ||*-0. |*-0. |*-0. || -0. | -0. | -0. |
| -0. | -0. | -0. ||*-0. |*-0. |*-1. || -0. | -0. | -0. |
| -0. | -0. | -0. ||*-0. |*-0. |*-0. || -0. | -0. | -0. |
|=====+=====+=====||=====+=====+=====||=====+=====+=====|
| -0. | -0. | -0. || -0. | -0. | -0. ||  1. |  1. | -0. |
| -0. | -0. | -0. || -0. | -0. | -0. || -0. | -0. | -1. |
| -0. | -0. | -0. || -0. | -0. | -0. || -0. | -0. | -0. |
|=====+=====+=====||=====+=====+=====||=====+=====+=====|
| -0. | -0. | -0. || -0. | -0. | -0. || -0. | -0. | -0. |
| -0. | -0. | -0. || -0. | -0. | -0. || -0. | -0. | -0. |
| -0. | -0. | -0. || -0. | -0. | -0. || -0. | -0. | -0. |


Determined best move using: 137533Iterations
Determined best move using: 158338Iterations
current State

|  0. |  1. |  0. ||  0. |  0. |  0. ||  0. |  0. |  0. |
|  0. |  0. |  0. ||  0. |  0. |  1. ||  0. |  0. |  0. |
|  0. |  0. |  0. ||  0. | -1. |  0. ||  0. |  0. |  0. |
|=====+=====+=====||=====+=====+=====||=====+=====+=====|
|  0. |  0. |  0. ||  0. |  0. |  0. || -1. | -1. |  0. |
|  0. |  0. |  0. ||  0. |  0. |  0. ||  0. |  0. |  1. |
|  0. |  0. |  0. ||  0. |  0. |  0. ||  0. |  0. |  0. |
|=====+=====+=====||=====+=====+=====||=====+=====+=====|
|  0. |  0. |  0. ||* 0. |* 0. |* 0. ||  0. |  0. |  0. |
|  0. |  0. |  0. ||* 0. |* 0. |* 0. ||  0. |  0. |  0. |
|  0. |  0. |  0. ||* 0. |* 0. |* 0. ||  0. |  0. |  0. |


state to eval, currenty is playerone turn=true

|  0. |  1. |  0. ||  0. |  0. |  0. ||  0. |  0. |  0. |
|  0. |  0. |  0. ||  0. |  0. |  1. ||  0. |  0. |  0. |
|  0. |  0. |  0. ||  0. | -1. |  0. ||  0. |  0. |  0. |
|=====+=====+=====||=====+=====+=====||=====+=====+=====|
|  0. |  0. |  0. ||  0. |  0. |  0. || -1. | -1. |  0. |
|  0. |  0. |  0. ||  0. |  0. |  0. ||  0. |  0. |  1. |
|  0. |  0. |  0. ||  0. |  0. |  0. ||  0. |  0. |  0. |
|=====+=====+=====||=====+=====+=====||=====+=====+=====|
|  0. |  0. |  0. ||* 0. |* 0. |* 0. ||  0. |  0. |  0. |
|  0. |  0. |  0. ||* 0. |* 0. |* 0. ||  0. |  0. |  0. |
|  0. |  0. |  0. ||* 0. |* 0. |* 0. ||  0. |  0. |  0. |


Determined best move using: 144241Iterations
Determined best move using: 161601Iterations
current State

|* 0. |* 1. |* 0. ||  0. |  0. |  0. ||  0. |  0. |  0. |
|* 0. |* 0. |* 0. ||  0. |  0. |  1. ||  0. |  0. |  0. |
|* 0. |* 0. |* 0. ||  0. | -1. |  0. ||  0. |  0. |  0. |
|=====+=====+=====||=====+=====+=====||=====+=====+=====|
|  0. |  0. |  0. ||  0. |  0. |  0. || -1. | -1. |  0. |
|  0. |  0. |  0. ||  0. |  0. |  0. ||  0. |  0. |  1. |
|  0. |  0. |  0. ||  0. |  0. |  0. ||  0. |  0. |  0. |
|=====+=====+=====||=====+=====+=====||=====+=====+=====|
|  0. |  0. |  0. ||  1. |  0. |  0. ||  0. |  0. |  0. |
|  0. |  0. |  0. ||  0. |  0. |  0. ||  0. |  0. |  0. |
|  0. |  0. |  0. ||  0. |  0. |  0. ||  0. |  0. |  0. |


state to eval, currenty is playerone turn=false

|*-0. |*-1. |*-0. || -0. | -0. | -0. || -0. | -0. | -0. |
|*-0. |*-0. |*-0. || -0. | -0. | -1. || -0. | -0. | -0. |
|*-0. |*-0. |*-0. || -0. |  1. | -0. || -0. | -0. | -0. |
|=====+=====+=====||=====+=====+=====||=====+=====+=====|
| -0. | -0. | -0. || -0. | -0. | -0. ||  1. |  1. | -0. |
| -0. | -0. | -0. || -0. | -0. | -0. || -0. | -0. | -1. |
| -0. | -0. | -0. || -0. | -0. | -0. || -0. | -0. | -0. |
|=====+=====+=====||=====+=====+=====||=====+=====+=====|
| -0. | -0. | -0. || -1. | -0. | -0. || -0. | -0. | -0. |
| -0. | -0. | -0. || -0. | -0. | -0. || -0. | -0. | -0. |
| -0. | -0. | -0. || -0. | -0. | -0. || -0. | -0. | -0. |


Determined best move using: 173894Iterations
current State

|  0. |  1. |  0. ||  0. |  0. |  0. ||  0. |  0. |  0. |
|  0. |  0. | -1. ||  0. |  0. |  1. ||  0. |  0. |  0. |
|  0. |  0. |  0. ||  0. | -1. |  0. ||  0. |  0. |  0. |
|=====+=====+=====||=====+=====+=====||=====+=====+=====|
|  0. |  0. |  0. ||  0. |  0. |  0. ||*-1. |*-1. |* 0. |
|  0. |  0. |  0. ||  0. |  0. |  0. ||* 0. |* 0. |* 1. |
|  0. |  0. |  0. ||  0. |  0. |  0. ||* 0. |* 0. |* 0. |
|=====+=====+=====||=====+=====+=====||=====+=====+=====|
|  0. |  0. |  0. ||  1. |  0. |  0. ||  0. |  0. |  0. |
|  0. |  0. |  0. ||  0. |  0. |  0. ||  0. |  0. |  0. |
|  0. |  0. |  0. ||  0. |  0. |  0. ||  0. |  0. |  0. |


state to eval, currenty is playerone turn=true

|  0. |  1. |  0. ||  0. |  0. |  0. ||  0. |  0. |  0. |
|  0. |  0. | -1. ||  0. |  0. |  1. ||  0. |  0. |  0. |
|  0. |  0. |  0. ||  0. | -1. |  0. ||  0. |  0. |  0. |
|=====+=====+=====||=====+=====+=====||=====+=====+=====|
|  0. |  0. |  0. ||  0. |  0. |  0. ||*-1. |*-1. |* 0. |
|  0. |  0. |  0. ||  0. |  0. |  0. ||* 0. |* 0. |* 1. |
|  0. |  0. |  0. ||  0. |  0. |  0. ||* 0. |* 0. |* 0. |
|=====+=====+=====||=====+=====+=====||=====+=====+=====|
|  0. |  0. |  0. ||  1. |  0. |  0. ||  0. |  0. |  0. |
|  0. |  0. |  0. ||  0. |  0. |  0. ||  0. |  0. |  0. |
|  0. |  0. |  0. ||  0. |  0. |  0. ||  0. |  0. |  0. |


Determined best move using: 176141Iterations
Determined best move using: 156321Iterations
current State

|  0. |  1. |  0. ||  0. |  0. |  0. ||  0. |  0. |  0. |
|  0. |  0. | -1. ||  0. |  0. |  1. ||  0. |  0. |  0. |
|  0. |  0. |  0. ||  0. | -1. |  0. ||  0. |  0. |  0. |
|=====+=====+=====||=====+=====+=====||=====+=====+=====|
|  0. |  0. |  0. ||  0. |  0. |  0. || -1. | -1. |  0. |
|  0. |  0. |  0. ||  0. |  0. |  0. ||  0. |  0. |  1. |
|  0. |  0. |  0. ||  0. |  0. |  0. ||  0. |  1. |  0. |
|=====+=====+=====||=====+=====+=====||=====+=====+=====|
|  0. |  0. |  0. ||* 1. |* 0. |* 0. ||  0. |  0. |  0. |
|  0. |  0. |  0. ||* 0. |* 0. |* 0. ||  0. |  0. |  0. |
|  0. |  0. |  0. ||* 0. |* 0. |* 0. ||  0. |  0. |  0. |


state to eval, currenty is playerone turn=false

| -0. | -1. | -0. || -0. | -0. | -0. || -0. | -0. | -0. |
| -0. | -0. |  1. || -0. | -0. | -1. || -0. | -0. | -0. |
| -0. | -0. | -0. || -0. |  1. | -0. || -0. | -0. | -0. |
|=====+=====+=====||=====+=====+=====||=====+=====+=====|
| -0. | -0. | -0. || -0. | -0. | -0. ||  1. |  1. | -0. |
| -0. | -0. | -0. || -0. | -0. | -0. || -0. | -0. | -1. |
| -0. | -0. | -0. || -0. | -0. | -0. || -0. | -1. | -0. |
|=====+=====+=====||=====+=====+=====||=====+=====+=====|
| -0. | -0. | -0. ||*-1. |*-0. |*-0. || -0. | -0. | -0. |
| -0. | -0. | -0. ||*-0. |*-0. |*-0. || -0. | -0. | -0. |
| -0. | -0. | -0. ||*-0. |*-0. |*-0. || -0. | -0. | -0. |


Determined best move using: 186593Iterations
Determined best move using: 173746Iterations
current State

|  0. |  1. |  0. ||  0. |  0. |  0. ||  0. |  0. |  0. |
|  0. |  0. | -1. ||  0. |  0. |  1. ||  0. |  0. |  0. |
|  0. |  0. |  0. ||  0. | -1. |  0. ||  0. |  0. |  0. |
|=====+=====+=====||=====+=====+=====||=====+=====+=====|
|  0. |  0. |  0. ||  0. |  0. |  0. || -1. | -1. |  0. |
|  0. |  0. |  0. ||  0. |  0. |  0. ||  0. |  0. |  1. |
|  0. |  0. |  0. ||  0. |  0. |  0. ||  0. |  1. |  0. |
|=====+=====+=====||=====+=====+=====||=====+=====+=====|
|  0. |  0. |  0. ||  1. |  0. |  0. ||* 0. |* 0. |* 0. |
|  0. |  0. |  0. ||  0. |  0. |  0. ||* 0. |* 0. |* 0. |
|  0. |  0. |  0. ||  0. |  0. | -1. ||* 0. |* 0. |* 0. |


state to eval, currenty is playerone turn=true

|  0. |  1. |  0. ||  0. |  0. |  0. ||  0. |  0. |  0. |
|  0. |  0. | -1. ||  0. |  0. |  1. ||  0. |  0. |  0. |
|  0. |  0. |  0. ||  0. | -1. |  0. ||  0. |  0. |  0. |
|=====+=====+=====||=====+=====+=====||=====+=====+=====|
|  0. |  0. |  0. ||  0. |  0. |  0. || -1. | -1. |  0. |
|  0. |  0. |  0. ||  0. |  0. |  0. ||  0. |  0. |  1. |
|  0. |  0. |  0. ||  0. |  0. |  0. ||  0. |  1. |  0. |
|=====+=====+=====||=====+=====+=====||=====+=====+=====|
|  0. |  0. |  0. ||  1. |  0. |  0. ||* 0. |* 0. |* 0. |
|  0. |  0. |  0. ||  0. |  0. |  0. ||* 0. |* 0. |* 0. |
|  0. |  0. |  0. ||  0. |  0. | -1. ||* 0. |* 0. |* 0. |


Determined best move using: 181788Iterations
Determined best move using: 197059Iterations
Determined best move using: 206789Iterations
current State

|* 0. |* 1. |* 0. ||  0. |  0. |  0. ||  0. |  0. |  0. |
|* 0. |* 0. |*-1. ||  0. |  0. |  1. ||  0. |  0. |  0. |
|* 0. |* 0. |* 0. ||  0. | -1. |  0. ||  0. |  0. |  0. |
|=====+=====+=====||=====+=====+=====||=====+=====+=====|
|  0. |  0. |  0. ||  0. |  0. |  0. || -1. | -1. |  0. |
|  0. |  0. |  0. ||  0. |  0. |  0. ||  0. |  0. |  1. |
|  0. |  0. |  0. ||  0. |  0. |  0. ||  0. |  1. |  0. |
|=====+=====+=====||=====+=====+=====||=====+=====+=====|
|  0. |  0. |  0. ||  1. |  0. |  0. ||  1. |  0. |  0. |
|  0. |  0. |  0. ||  0. |  0. |  0. ||  0. |  0. |  0. |
|  0. |  0. |  0. ||  0. |  0. | -1. ||  0. |  0. |  0. |


state to eval, currenty is playerone turn=false

|*-0. |*-1. |*-0. || -0. | -0. | -0. || -0. | -0. | -0. |
|*-0. |*-0. |* 1. || -0. | -0. | -1. || -0. | -0. | -0. |
|*-0. |*-0. |*-0. || -0. |  1. | -0. || -0. | -0. | -0. |
|=====+=====+=====||=====+=====+=====||=====+=====+=====|
| -0. | -0. | -0. || -0. | -0. | -0. ||  1. |  1. | -0. |
| -0. | -0. | -0. || -0. | -0. | -0. || -0. | -0. | -1. |
| -0. | -0. | -0. || -0. | -0. | -0. || -0. | -1. | -0. |
|=====+=====+=====||=====+=====+=====||=====+=====+=====|
| -0. | -0. | -0. || -1. | -0. | -0. || -1. | -0. | -0. |
| -0. | -0. | -0. || -0. | -0. | -0. || -0. | -0. | -0. |
| -0. | -0. | -0. || -0. | -0. |  1. || -0. | -0. | -0. |


Determined best move using: 206722Iterations
Determined best move using: 206125Iterations
current State

|  0. |  1. |  0. ||  0. |  0. |  0. ||  0. |  0. |  0. |
|  0. |  0. | -1. ||  0. |  0. |  1. ||  0. |  0. |  0. |
|  0. | -1. |  0. ||  0. | -1. |  0. ||  0. |  0. |  0. |
|=====+=====+=====||=====+=====+=====||=====+=====+=====|
|  0. |  0. |  0. ||  0. |  0. |  0. || -1. | -1. |  0. |
|  0. |  0. |  0. ||  0. |  0. |  0. ||  0. |  0. |  1. |
|  0. |  0. |  0. ||  0. |  0. |  0. ||  0. |  1. |  0. |
|=====+=====+=====||=====+=====+=====||=====+=====+=====|
|  0. |  0. |  0. ||* 1. |* 0. |* 0. ||  1. |  0. |  0. |
|  0. |  0. |  0. ||* 0. |* 0. |* 0. ||  0. |  0. |  0. |
|  0. |  0. |  0. ||* 0. |* 0. |*-1. ||  0. |  0. |  0. |


state to eval, currenty is playerone turn=true

|  0. |  1. |  0. ||  0. |  0. |  0. ||  0. |  0. |  0. |
|  0. |  0. | -1. ||  0. |  0. |  1. ||  0. |  0. |  0. |
|  0. | -1. |  0. ||  0. | -1. |  0. ||  0. |  0. |  0. |
|=====+=====+=====||=====+=====+=====||=====+=====+=====|
|  0. |  0. |  0. ||  0. |  0. |  0. || -1. | -1. |  0. |
|  0. |  0. |  0. ||  0. |  0. |  0. ||  0. |  0. |  1. |
|  0. |  0. |  0. ||  0. |  0. |  0. ||  0. |  1. |  0. |
|=====+=====+=====||=====+=====+=====||=====+=====+=====|
|  0. |  0. |  0. ||* 1. |* 0. |* 0. ||  1. |  0. |  0. |
|  0. |  0. |  0. ||* 0. |* 0. |* 0. ||  0. |  0. |  0. |
|  0. |  0. |  0. ||* 0. |* 0. |*-1. ||  0. |  0. |  0. |


Determined best move using: 1012644Iterations
Determined best move using: 212994Iterations
current State

|  0. |  1. |  0. ||  0. |  0. |  0. ||  0. |  0. |  0. |
|  0. |  0. | -1. ||  0. |  0. |  1. ||  0. |  0. |  0. |
|  0. | -1. |  0. ||  0. | -1. |  0. ||  0. |  0. |  0. |
|=====+=====+=====||=====+=====+=====||=====+=====+=====|
|  0. |  0. |  0. ||  0. |  0. |  0. ||*-1. |*-1. |* 0. |
|  0. |  0. |  0. ||  0. |  0. |  0. ||* 0. |* 0. |* 1. |
|  0. |  0. |  0. ||  0. |  0. |  0. ||* 0. |* 1. |* 0. |
|=====+=====+=====||=====+=====+=====||=====+=====+=====|
|  0. |  0. |  0. ||  1. |  0. |  0. ||  1. |  0. |  0. |
|  0. |  0. |  0. ||  0. |  0. |  1. ||  0. |  0. |  0. |
|  0. |  0. |  0. ||  0. |  0. | -1. ||  0. |  0. |  0. |


state to eval, currenty is playerone turn=false

| -0. | -1. | -0. || -0. | -0. | -0. || -0. | -0. | -0. |
| -0. | -0. |  1. || -0. | -0. | -1. || -0. | -0. | -0. |
| -0. |  1. | -0. || -0. |  1. | -0. || -0. | -0. | -0. |
|=====+=====+=====||=====+=====+=====||=====+=====+=====|
| -0. | -0. | -0. || -0. | -0. | -0. ||* 1. |* 1. |*-0. |
| -0. | -0. | -0. || -0. | -0. | -0. ||*-0. |*-0. |*-1. |
| -0. | -0. | -0. || -0. | -0. | -0. ||*-0. |*-1. |*-0. |
|=====+=====+=====||=====+=====+=====||=====+=====+=====|
| -0. | -0. | -0. || -1. | -0. | -0. || -1. | -0. | -0. |
| -0. | -0. | -0. || -0. | -0. | -1. || -0. | -0. | -0. |
| -0. | -0. | -0. || -0. | -0. |  1. || -0. | -0. | -0. |


Determined best move using: 246068Iterations
Determined best move using: 267434Iterations
current State

|  0. |  1. |  0. ||  0. |  0. |  0. ||  0. |  0. |  0. |
|  0. |  0. | -1. ||  0. |  0. |  1. ||  0. |  0. |  0. |
|  0. | -1. |  0. ||  0. | -1. |  0. ||  0. |  0. |  0. |
|=====+=====+=====||=====+=====+=====||=====+=====+=====|
|* 0. |* 0. |* 0. ||  0. |  0. |  0. || -1. | -1. |  0. |
|* 0. |* 0. |* 0. ||  0. |  0. |  0. || -1. |  0. |  1. |
|* 0. |* 0. |* 0. ||  0. |  0. |  0. ||  0. |  1. |  0. |
|=====+=====+=====||=====+=====+=====||=====+=====+=====|
|  0. |  0. |  0. ||  1. |  0. |  0. ||  1. |  0. |  0. |
|  0. |  0. |  0. ||  0. |  0. |  1. ||  0. |  0. |  0. |
|  0. |  0. |  0. ||  0. |  0. | -1. ||  0. |  0. |  0. |


state to eval, currenty is playerone turn=true

|  0. |  1. |  0. ||  0. |  0. |  0. ||  0. |  0. |  0. |
|  0. |  0. | -1. ||  0. |  0. |  1. ||  0. |  0. |  0. |
|  0. | -1. |  0. ||  0. | -1. |  0. ||  0. |  0. |  0. |
|=====+=====+=====||=====+=====+=====||=====+=====+=====|
|* 0. |* 0. |* 0. ||  0. |  0. |  0. || -1. | -1. |  0. |
|* 0. |* 0. |* 0. ||  0. |  0. |  0. || -1. |  0. |  1. |
|* 0. |* 0. |* 0. ||  0. |  0. |  0. ||  0. |  1. |  0. |
|=====+=====+=====||=====+=====+=====||=====+=====+=====|
|  0. |  0. |  0. ||  1. |  0. |  0. ||  1. |  0. |  0. |
|  0. |  0. |  0. ||  0. |  0. |  1. ||  0. |  0. |  0. |
|  0. |  0. |  0. ||  0. |  0. | -1. ||  0. |  0. |  0. |


Determined best move using: 1759479Iterations
current State

|* 0. |* 1. |* 0. ||  0. |  0. |  0. ||  0. |  0. |  0. |
|* 0. |* 0. |*-1. ||  0. |  0. |  1. ||  0. |  0. |  0. |
|* 0. |*-1. |* 0. ||  0. | -1. |  0. ||  0. |  0. |  0. |
|=====+=====+=====||=====+=====+=====||=====+=====+=====|
|  1. |  0. |  0. ||  0. |  0. |  0. || -1. | -1. |  0. |
|  0. |  0. |  0. ||  0. |  0. |  0. || -1. |  0. |  1. |
|  0. |  0. |  0. ||  0. |  0. |  0. ||  0. |  1. |  0. |
|=====+=====+=====||=====+=====+=====||=====+=====+=====|
|  0. |  0. |  0. ||  1. |  0. |  0. ||  1. |  0. |  0. |
|  0. |  0. |  0. ||  0. |  0. |  1. ||  0. |  0. |  0. |
|  0. |  0. |  0. ||  0. |  0. | -1. ||  0. |  0. |  0. |


state to eval, currenty is playerone turn=false

|*-0. |*-1. |*-0. || -0. | -0. | -0. || -0. | -0. | -0. |
|*-0. |*-0. |* 1. || -0. | -0. | -1. || -0. | -0. | -0. |
|*-0. |* 1. |*-0. || -0. |  1. | -0. || -0. | -0. | -0. |
|=====+=====+=====||=====+=====+=====||=====+=====+=====|
| -1. | -0. | -0. || -0. | -0. | -0. ||  1. |  1. | -0. |
| -0. | -0. | -0. || -0. | -0. | -0. ||  1. | -0. | -1. |
| -0. | -0. | -0. || -0. | -0. | -0. || -0. | -1. | -0. |
|=====+=====+=====||=====+=====+=====||=====+=====+=====|
| -0. | -0. | -0. || -1. | -0. | -0. || -1. | -0. | -0. |
| -0. | -0. | -0. || -0. | -0. | -1. || -0. | -0. | -0. |
| -0. | -0. | -0. || -0. | -0. |  1. || -0. | -0. | -0. |


Determined best move using: 1462657Iterations
current State

|  0. |  1. |  0. ||  0. |  0. |  0. ||  0. |  0. |  0. |
| -1. |  0. | -1. ||  0. |  0. |  1. ||  0. |  0. |  0. |
|  0. | -1. |  0. ||  0. | -1. |  0. ||  0. |  0. |  0. |
|=====+=====+=====||=====+=====+=====||=====+=====+=====|
|* 1. |* 0. |* 0. ||  0. |  0. |  0. || -1. | -1. |  0. |
|* 0. |* 0. |* 0. ||  0. |  0. |  0. || -1. |  0. |  1. |
|* 0. |* 0. |* 0. ||  0. |  0. |  0. ||  0. |  1. |  0. |
|=====+=====+=====||=====+=====+=====||=====+=====+=====|
|  0. |  0. |  0. ||  1. |  0. |  0. ||  1. |  0. |  0. |
|  0. |  0. |  0. ||  0. |  0. |  1. ||  0. |  0. |  0. |
|  0. |  0. |  0. ||  0. |  0. | -1. ||  0. |  0. |  0. |


state to eval, currenty is playerone turn=true

|  0. |  1. |  0. ||  0. |  0. |  0. ||  0. |  0. |  0. |
| -1. |  0. | -1. ||  0. |  0. |  1. ||  0. |  0. |  0. |
|  0. | -1. |  0. ||  0. | -1. |  0. ||  0. |  0. |  0. |
|=====+=====+=====||=====+=====+=====||=====+=====+=====|
|* 1. |* 0. |* 0. ||  0. |  0. |  0. || -1. | -1. |  0. |
|* 0. |* 0. |* 0. ||  0. |  0. |  0. || -1. |  0. |  1. |
|* 0. |* 0. |* 0. ||  0. |  0. |  0. ||  0. |  1. |  0. |
|=====+=====+=====||=====+=====+=====||=====+=====+=====|
|  0. |  0. |  0. ||  1. |  0. |  0. ||  1. |  0. |  0. |
|  0. |  0. |  0. ||  0. |  0. |  1. ||  0. |  0. |  0. |
|  0. |  0. |  0. ||  0. |  0. | -1. ||  0. |  0. |  0. |


Determined best move using: 2086147Iterations
Determined best move using: 627169Iterations
Determined best move using: 2461973Iterations
current State

|  0. |  1. |  0. ||  0. |  0. |  0. ||  0. |  0. |  0. |
| -1. |  0. | -1. ||  0. |  0. |  1. ||  0. |  0. |  0. |
|  0. | -1. |  0. ||  0. | -1. |  0. ||  0. |  0. |  0. |
|=====+=====+=====||=====+=====+=====||=====+=====+=====|
|  1. |  0. |  0. ||  0. |  0. |  0. || -1. | -1. |  0. |
|  0. |  0. |  0. ||  0. |  0. |  0. || -1. |  0. |  1. |
|  1. |  0. |  0. ||  0. |  0. |  0. ||  0. |  1. |  0. |
|=====+=====+=====||=====+=====+=====||=====+=====+=====|
|* 0. |* 0. |* 0. ||  1. |  0. |  0. ||  1. |  0. |  0. |
|* 0. |* 0. |* 0. ||  0. |  0. |  1. ||  0. |  0. |  0. |
|* 0. |* 0. |* 0. ||  0. |  0. | -1. ||  0. |  0. |  0. |


state to eval, currenty is playerone turn=false

| -0. | -1. | -0. || -0. | -0. | -0. || -0. | -0. | -0. |
|  1. | -0. |  1. || -0. | -0. | -1. || -0. | -0. | -0. |
| -0. |  1. | -0. || -0. |  1. | -0. || -0. | -0. | -0. |
|=====+=====+=====||=====+=====+=====||=====+=====+=====|
| -1. | -0. | -0. || -0. | -0. | -0. ||  1. |  1. | -0. |
| -0. | -0. | -0. || -0. | -0. | -0. ||  1. | -0. | -1. |
| -1. | -0. | -0. || -0. | -0. | -0. || -0. | -1. | -0. |
|=====+=====+=====||=====+=====+=====||=====+=====+=====|
|*-0. |*-0. |*-0. || -1. | -0. | -0. || -1. | -0. | -0. |
|*-0. |*-0. |*-0. || -0. | -0. | -1. || -0. | -0. | -0. |
|*-0. |*-0. |*-0. || -0. | -0. |  1. || -0. | -0. | -0. |


Determined best move using: 297770Iterations
Determined best move using: 67768Iterations
current State

|  0. |  1. |  0. ||  0. |  0. |  0. ||* 0. |* 0. |* 0. |
| -1. |  0. | -1. ||  0. |  0. |  1. ||* 0. |* 0. |* 0. |
|  0. | -1. |  0. ||  0. | -1. |  0. ||* 0. |* 0. |* 0. |
|=====+=====+=====||=====+=====+=====||=====+=====+=====|
|  1. |  0. |  0. ||  0. |  0. |  0. || -1. | -1. |  0. |
|  0. |  0. |  0. ||  0. |  0. |  0. || -1. |  0. |  1. |
|  1. |  0. |  0. ||  0. |  0. |  0. ||  0. |  1. |  0. |
|=====+=====+=====||=====+=====+=====||=====+=====+=====|
|  0. |  0. | -1. ||  1. |  0. |  0. ||  1. |  0. |  0. |
|  0. |  0. |  0. ||  0. |  0. |  1. ||  0. |  0. |  0. |
|  0. |  0. |  0. ||  0. |  0. | -1. ||  0. |  0. |  0. |


state to eval, currenty is playerone turn=true

|  0. |  1. |  0. ||  0. |  0. |  0. ||* 0. |* 0. |* 0. |
| -1. |  0. | -1. ||  0. |  0. |  1. ||* 0. |* 0. |* 0. |
|  0. | -1. |  0. ||  0. | -1. |  0. ||* 0. |* 0. |* 0. |
|=====+=====+=====||=====+=====+=====||=====+=====+=====|
|  1. |  0. |  0. ||  0. |  0. |  0. || -1. | -1. |  0. |
|  0. |  0. |  0. ||  0. |  0. |  0. || -1. |  0. |  1. |
|  1. |  0. |  0. ||  0. |  0. |  0. ||  0. |  1. |  0. |
|=====+=====+=====||=====+=====+=====||=====+=====+=====|
|  0. |  0. | -1. ||  1. |  0. |  0. ||  1. |  0. |  0. |
|  0. |  0. |  0. ||  0. |  0. |  1. ||  0. |  0. |  0. |
|  0. |  0. |  0. ||  0. |  0. | -1. ||  0. |  0. |  0. |


Determined best move using: 1142194Iterations
Determined best move using: 71867Iterations
current State

|  0. |  1. |  0. ||  0. |  0. |  0. ||  0. |  0. |  0. |
| -1. |  0. | -1. ||  0. |  0. |  1. ||  1. |  0. |  0. |
|  0. | -1. |  0. ||  0. | -1. |  0. ||  0. |  0. |  0. |
|=====+=====+=====||=====+=====+=====||=====+=====+=====|
|* 1. |* 0. |* 0. ||  0. |  0. |  0. || -1. | -1. |  0. |
|* 0. |* 0. |* 0. ||  0. |  0. |  0. || -1. |  0. |  1. |
|* 1. |* 0. |* 0. ||  0. |  0. |  0. ||  0. |  1. |  0. |
|=====+=====+=====||=====+=====+=====||=====+=====+=====|
|  0. |  0. | -1. ||  1. |  0. |  0. ||  1. |  0. |  0. |
|  0. |  0. |  0. ||  0. |  0. |  1. ||  0. |  0. |  0. |
|  0. |  0. |  0. ||  0. |  0. | -1. ||  0. |  0. |  0. |


state to eval, currenty is playerone turn=false

| -0. | -1. | -0. || -0. | -0. | -0. || -0. | -0. | -0. |
|  1. | -0. |  1. || -0. | -0. | -1. || -1. | -0. | -0. |
| -0. |  1. | -0. || -0. |  1. | -0. || -0. | -0. | -0. |
|=====+=====+=====||=====+=====+=====||=====+=====+=====|
|*-1. |*-0. |*-0. || -0. | -0. | -0. ||  1. |  1. | -0. |
|*-0. |*-0. |*-0. || -0. | -0. | -0. ||  1. | -0. | -1. |
|*-1. |*-0. |*-0. || -0. | -0. | -0. || -0. | -1. | -0. |
|=====+=====+=====||=====+=====+=====||=====+=====+=====|
| -0. | -0. |  1. || -1. | -0. | -0. || -1. | -0. | -0. |
| -0. | -0. | -0. || -0. | -0. | -1. || -0. | -0. | -0. |
| -0. | -0. | -0. || -0. | -0. |  1. || -0. | -0. | -0. |


Determined best move using: 72505Iterations
current State

|  0. |  1. |  0. ||  0. |  0. |  0. ||  0. |  0. |  0. |
| -1. |  0. | -1. ||  0. |  0. |  1. ||  1. |  0. |  0. |
|  0. | -1. |  0. ||  0. | -1. |  0. ||  0. |  0. |  0. |
|=====+=====+=====||=====+=====+=====||=====+=====+=====|
|* 1. |* 0. |* 0. ||  0. |  0. |  0. || -1. | -1. |  0. |
|*-1. |* 0. |* 0. ||  0. |  0. |  0. || -1. |  0. |  1. |
|* 1. |* 0. |* 0. ||  0. |  0. |  0. ||  0. |  1. |  0. |
|=====+=====+=====||=====+=====+=====||=====+=====+=====|
|  0. |  0. | -1. ||  1. |  0. |  0. ||  1. |  0. |  0. |
|  0. |  0. |  0. ||  0. |  0. |  1. ||  0. |  0. |  0. |
|  0. |  0. |  0. ||  0. |  0. | -1. ||  0. |  0. |  0. |


state to eval, currenty is playerone turn=true

|  0. |  1. |  0. ||  0. |  0. |  0. ||  0. |  0. |  0. |
| -1. |  0. | -1. ||  0. |  0. |  1. ||  1. |  0. |  0. |
|  0. | -1. |  0. ||  0. | -1. |  0. ||  0. |  0. |  0. |
|=====+=====+=====||=====+=====+=====||=====+=====+=====|
|* 1. |* 0. |* 0. ||  0. |  0. |  0. || -1. | -1. |  0. |
|*-1. |* 0. |* 0. ||  0. |  0. |  0. || -1. |  0. |  1. |
|* 1. |* 0. |* 0. ||  0. |  0. |  0. ||  0. |  1. |  0. |
|=====+=====+=====||=====+=====+=====||=====+=====+=====|
|  0. |  0. | -1. ||  1. |  0. |  0. ||  1. |  0. |  0. |
|  0. |  0. |  0. ||  0. |  0. |  1. ||  0. |  0. |  0. |
|  0. |  0. |  0. ||  0. |  0. | -1. ||  0. |  0. |  0. |


Determined best move using: 76106Iterations
current State

|  0. |  1. |  0. ||  0. |  0. |  0. ||  0. |  0. |  0. |
| -1. |  0. | -1. ||  0. |  0. |  1. ||  1. |  0. |  0. |
|  0. | -1. |  0. ||  0. | -1. |  0. ||  0. |  0. |  0. |
|=====+=====+=====||=====+=====+=====||=====+=====+=====|
|  1. |  0. |  0. ||* 0. |* 0. |* 0. || -1. | -1. |  0. |
| -1. |  1. |  0. ||* 0. |* 0. |* 0. || -1. |  0. |  1. |
|  1. |  0. |  0. ||* 0. |* 0. |* 0. ||  0. |  1. |  0. |
|=====+=====+=====||=====+=====+=====||=====+=====+=====|
|  0. |  0. | -1. ||  1. |  0. |  0. ||  1. |  0. |  0. |
|  0. |  0. |  0. ||  0. |  0. |  1. ||  0. |  0. |  0. |
|  0. |  0. |  0. ||  0. |  0. | -1. ||  0. |  0. |  0. |


state to eval, currenty is playerone turn=false

| -0. | -1. | -0. || -0. | -0. | -0. || -0. | -0. | -0. |
|  1. | -0. |  1. || -0. | -0. | -1. || -1. | -0. | -0. |
| -0. |  1. | -0. || -0. |  1. | -0. || -0. | -0. | -0. |
|=====+=====+=====||=====+=====+=====||=====+=====+=====|
| -1. | -0. | -0. ||*-0. |*-0. |*-0. ||  1. |  1. | -0. |
|  1. | -1. | -0. ||*-0. |*-0. |*-0. ||  1. | -0. | -1. |
| -1. | -0. | -0. ||*-0. |*-0. |*-0. || -0. | -1. | -0. |
|=====+=====+=====||=====+=====+=====||=====+=====+=====|
| -0. | -0. |  1. || -1. | -0. | -0. || -1. | -0. | -0. |
| -0. | -0. | -0. || -0. | -0. | -1. || -0. | -0. | -0. |
| -0. | -0. | -0. || -0. | -0. |  1. || -0. | -0. | -0. |


Determined best move using: 75221Iterations
Determined best move using: 82996Iterations
current State

|  0. |  1. |  0. ||  0. |  0. |  0. ||  0. |  0. |  0. |
| -1. |  0. | -1. ||  0. |  0. |  1. ||  1. |  0. |  0. |
|  0. | -1. |  0. ||  0. | -1. |  0. ||  0. |  0. |  0. |
|=====+=====+=====||=====+=====+=====||=====+=====+=====|
|  1. |  0. |  0. ||  0. |  0. |  0. || -1. | -1. |  0. |
| -1. |  1. |  0. ||  0. |  0. |  0. || -1. |  0. |  1. |
|  1. |  0. |  0. ||  0. |  0. | -1. ||  0. |  1. |  0. |
|=====+=====+=====||=====+=====+=====||=====+=====+=====|
|  0. |  0. | -1. ||  1. |  0. |  0. ||* 1. |* 0. |* 0. |
|  0. |  0. |  0. ||  0. |  0. |  1. ||* 0. |* 0. |* 0. |
|  0. |  0. |  0. ||  0. |  0. | -1. ||* 0. |* 0. |* 0. |


state to eval, currenty is playerone turn=true

|  0. |  1. |  0. ||  0. |  0. |  0. ||  0. |  0. |  0. |
| -1. |  0. | -1. ||  0. |  0. |  1. ||  1. |  0. |  0. |
|  0. | -1. |  0. ||  0. | -1. |  0. ||  0. |  0. |  0. |
|=====+=====+=====||=====+=====+=====||=====+=====+=====|
|  1. |  0. |  0. ||  0. |  0. |  0. || -1. | -1. |  0. |
| -1. |  1. |  0. ||  0. |  0. |  0. || -1. |  0. |  1. |
|  1. |  0. |  0. ||  0. |  0. | -1. ||  0. |  1. |  0. |
|=====+=====+=====||=====+=====+=====||=====+=====+=====|
|  0. |  0. | -1. ||  1. |  0. |  0. ||* 1. |* 0. |* 0. |
|  0. |  0. |  0. ||  0. |  0. |  1. ||* 0. |* 0. |* 0. |
|  0. |  0. |  0. ||  0. |  0. | -1. ||* 0. |* 0. |* 0. |


Determined best move using: 76188Iterations
current State

|  0. |  1. |  0. ||  0. |  0. |  0. ||  0. |  0. |  0. |
| -1. |  0. | -1. ||  0. |  0. |  1. ||  1. |  0. |  0. |
|  0. | -1. |  0. ||  0. | -1. |  0. ||  0. |  0. |  0. |
|=====+=====+=====||=====+=====+=====||=====+=====+=====|
|  1. |  0. |  0. ||* 0. |* 0. |* 0. || -1. | -1. |  0. |
| -1. |  1. |  0. ||* 0. |* 0. |* 0. || -1. |  0. |  1. |
|  1. |  0. |  0. ||* 0. |* 0. |*-1. ||  0. |  1. |  0. |
|=====+=====+=====||=====+=====+=====||=====+=====+=====|
|  0. |  0. | -1. ||  1. |  0. |  0. ||  1. |  0. |  0. |
|  0. |  0. |  0. ||  0. |  0. |  1. ||  0. |  1. |  0. |
|  0. |  0. |  0. ||  0. |  0. | -1. ||  0. |  0. |  0. |


state to eval, currenty is playerone turn=false

| -0. | -1. | -0. || -0. | -0. | -0. || -0. | -0. | -0. |
|  1. | -0. |  1. || -0. | -0. | -1. || -1. | -0. | -0. |
| -0. |  1. | -0. || -0. |  1. | -0. || -0. | -0. | -0. |
|=====+=====+=====||=====+=====+=====||=====+=====+=====|
| -1. | -0. | -0. ||*-0. |*-0. |*-0. ||  1. |  1. | -0. |
|  1. | -1. | -0. ||*-0. |*-0. |*-0. ||  1. | -0. | -1. |
| -1. | -0. | -0. ||*-0. |*-0. |* 1. || -0. | -1. | -0. |
|=====+=====+=====||=====+=====+=====||=====+=====+=====|
| -0. | -0. |  1. || -1. | -0. | -0. || -1. | -0. | -0. |
| -0. | -0. | -0. || -0. | -0. | -1. || -0. | -1. | -0. |
| -0. | -0. | -0. || -0. | -0. |  1. || -0. | -0. | -0. |


Determined best move using: 77091Iterations
current State

|  0. |  1. |  0. ||* 0. |* 0. |* 0. ||  0. |  0. |  0. |
| -1. |  0. | -1. ||* 0. |* 0. |* 1. ||  1. |  0. |  0. |
|  0. | -1. |  0. ||* 0. |*-1. |* 0. ||  0. |  0. |  0. |
|=====+=====+=====||=====+=====+=====||=====+=====+=====|
|  1. |  0. |  0. ||  0. | -1. |  0. || -1. | -1. |  0. |
| -1. |  1. |  0. ||  0. |  0. |  0. || -1. |  0. |  1. |
|  1. |  0. |  0. ||  0. |  0. | -1. ||  0. |  1. |  0. |
|=====+=====+=====||=====+=====+=====||=====+=====+=====|
|  0. |  0. | -1. ||  1. |  0. |  0. ||  1. |  0. |  0. |
|  0. |  0. |  0. ||  0. |  0. |  1. ||  0. |  1. |  0. |
|  0. |  0. |  0. ||  0. |  0. | -1. ||  0. |  0. |  0. |


state to eval, currenty is playerone turn=true

|  0. |  1. |  0. ||* 0. |* 0. |* 0. ||  0. |  0. |  0. |
| -1. |  0. | -1. ||* 0. |* 0. |* 1. ||  1. |  0. |  0. |
|  0. | -1. |  0. ||* 0. |*-1. |* 0. ||  0. |  0. |  0. |
|=====+=====+=====||=====+=====+=====||=====+=====+=====|
|  1. |  0. |  0. ||  0. | -1. |  0. || -1. | -1. |  0. |
| -1. |  1. |  0. ||  0. |  0. |  0. || -1. |  0. |  1. |
|  1. |  0. |  0. ||  0. |  0. | -1. ||  0. |  1. |  0. |
|=====+=====+=====||=====+=====+=====||=====+=====+=====|
|  0. |  0. | -1. ||  1. |  0. |  0. ||  1. |  0. |  0. |
|  0. |  0. |  0. ||  0. |  0. |  1. ||  0. |  1. |  0. |
|  0. |  0. |  0. ||  0. |  0. | -1. ||  0. |  0. |  0. |


Determined best move using: 78029Iterations
Determined best move using: 86107Iterations
current State

|  0. |  1. |  0. ||  0. |  0. |  0. ||  0. |  0. |  0. |
| -1. |  0. | -1. ||  0. |  0. |  1. ||  1. |  0. |  0. |
|  0. | -1. |  0. ||  1. | -1. |  0. ||  0. |  0. |  0. |
|=====+=====+=====||=====+=====+=====||=====+=====+=====|
|  1. |  0. |  0. ||  0. | -1. |  0. || -1. | -1. |  0. |
| -1. |  1. |  0. ||  0. |  0. |  0. || -1. |  0. |  1. |
|  1. |  0. |  0. ||  0. |  0. | -1. ||  0. |  1. |  0. |
|=====+=====+=====||=====+=====+=====||=====+=====+=====|
|* 0. |* 0. |*-1. ||  1. |  0. |  0. ||  1. |  0. |  0. |
|* 0. |* 0. |* 0. ||  0. |  0. |  1. ||  0. |  1. |  0. |
|* 0. |* 0. |* 0. ||  0. |  0. | -1. ||  0. |  0. |  0. |


state to eval, currenty is playerone turn=false

| -0. | -1. | -0. || -0. | -0. | -0. || -0. | -0. | -0. |
|  1. | -0. |  1. || -0. | -0. | -1. || -1. | -0. | -0. |
| -0. |  1. | -0. || -1. |  1. | -0. || -0. | -0. | -0. |
|=====+=====+=====||=====+=====+=====||=====+=====+=====|
| -1. | -0. | -0. || -0. |  1. | -0. ||  1. |  1. | -0. |
|  1. | -1. | -0. || -0. | -0. | -0. ||  1. | -0. | -1. |
| -1. | -0. | -0. || -0. | -0. |  1. || -0. | -1. | -0. |
|=====+=====+=====||=====+=====+=====||=====+=====+=====|
|*-0. |*-0. |* 1. || -1. | -0. | -0. || -1. | -0. | -0. |
|*-0. |*-0. |*-0. || -0. | -0. | -1. || -0. | -1. | -0. |
|*-0. |*-0. |*-0. || -0. | -0. |  1. || -0. | -0. | -0. |


Determined best move using: 83842Iterations
Determined best move using: 81681Iterations
current State

|  0. |  1. |  0. ||  0. |  0. |  0. ||  0. |  0. |  0. |
| -1. |  0. | -1. ||  0. |  0. |  1. ||  1. |  0. |  0. |
|  0. | -1. |  0. ||  1. | -1. |  0. ||  0. |  0. |  0. |
|=====+=====+=====||=====+=====+=====||=====+=====+=====|
|  1. |  0. |  0. ||* 0. |*-1. |* 0. || -1. | -1. |  0. |
| -1. |  1. |  0. ||* 0. |* 0. |* 0. || -1. |  0. |  1. |
|  1. |  0. |  0. ||* 0. |* 0. |*-1. ||  0. |  1. |  0. |
|=====+=====+=====||=====+=====+=====||=====+=====+=====|
|  0. |  0. | -1. ||  1. |  0. |  0. ||  1. |  0. |  0. |
|  0. | -1. |  0. ||  0. |  0. |  1. ||  0. |  1. |  0. |
|  0. |  0. |  0. ||  0. |  0. | -1. ||  0. |  0. |  0. |


state to eval, currenty is playerone turn=true

|  0. |  1. |  0. ||  0. |  0. |  0. ||  0. |  0. |  0. |
| -1. |  0. | -1. ||  0. |  0. |  1. ||  1. |  0. |  0. |
|  0. | -1. |  0. ||  1. | -1. |  0. ||  0. |  0. |  0. |
|=====+=====+=====||=====+=====+=====||=====+=====+=====|
|  1. |  0. |  0. ||* 0. |*-1. |* 0. || -1. | -1. |  0. |
| -1. |  1. |  0. ||* 0. |* 0. |* 0. || -1. |  0. |  1. |
|  1. |  0. |  0. ||* 0. |* 0. |*-1. ||  0. |  1. |  0. |
|=====+=====+=====||=====+=====+=====||=====+=====+=====|
|  0. |  0. | -1. ||  1. |  0. |  0. ||  1. |  0. |  0. |
|  0. | -1. |  0. ||  0. |  0. |  1. ||  0. |  1. |  0. |
|  0. |  0. |  0. ||  0. |  0. | -1. ||  0. |  0. |  0. |


Determined best move using: 87385Iterations
Determined best move using: 84429Iterations
current State

|  0. |  1. |  0. ||  0. |  0. |  0. ||  0. |  0. |  0. |
| -1. |  0. | -1. ||  0. |  0. |  1. ||  1. |  0. |  0. |
|  0. | -1. |  0. ||  1. | -1. |  0. ||  0. |  0. |  0. |
|=====+=====+=====||=====+=====+=====||=====+=====+=====|
|  1. |  0. |  0. ||* 0. |*-1. |* 0. || -1. | -1. |  0. |
| -1. |  1. |  0. ||* 0. |* 1. |* 0. || -1. |  0. |  1. |
|  1. |  0. |  0. ||* 0. |* 0. |*-1. ||  0. |  1. |  0. |
|=====+=====+=====||=====+=====+=====||=====+=====+=====|
|  0. |  0. | -1. ||  1. |  0. |  0. ||  1. |  0. |  0. |
|  0. | -1. |  0. ||  0. |  0. |  1. ||  0. |  1. |  0. |
|  0. |  0. |  0. ||  0. |  0. | -1. ||  0. |  0. |  0. |


state to eval, currenty is playerone turn=false

| -0. | -1. | -0. || -0. | -0. | -0. || -0. | -0. | -0. |
|  1. | -0. |  1. || -0. | -0. | -1. || -1. | -0. | -0. |
| -0. |  1. | -0. || -1. |  1. | -0. || -0. | -0. | -0. |
|=====+=====+=====||=====+=====+=====||=====+=====+=====|
| -1. | -0. | -0. ||*-0. |* 1. |*-0. ||  1. |  1. | -0. |
|  1. | -1. | -0. ||*-0. |*-1. |*-0. ||  1. | -0. | -1. |
| -1. | -0. | -0. ||*-0. |*-0. |* 1. || -0. | -1. | -0. |
|=====+=====+=====||=====+=====+=====||=====+=====+=====|
| -0. | -0. |  1. || -1. | -0. | -0. || -1. | -0. | -0. |
| -0. |  1. | -0. || -0. | -0. | -1. || -0. | -1. | -0. |
| -0. | -0. | -0. || -0. | -0. |  1. || -0. | -0. | -0. |


Determined best move using: 86698Iterations
Determined best move using: 87868Iterations
current State

|  0. |  1. |  0. ||  0. |  0. |  0. ||  0. |  0. |  0. |
| -1. |  0. | -1. ||  0. |  0. |  1. ||  1. |  0. |  0. |
|  0. | -1. |  0. ||  1. | -1. |  0. ||  0. |  0. |  0. |
|=====+=====+=====||=====+=====+=====||=====+=====+=====|
|  1. |  0. |  0. ||  0. | -1. |  0. || -1. | -1. |  0. |
| -1. |  1. |  0. ||  0. |  1. |  0. || -1. |  0. |  1. |
|  1. |  0. |  0. || -1. |  0. | -1. ||  0. |  1. |  0. |
|=====+=====+=====||=====+=====+=====||=====+=====+=====|
|* 0. |* 0. |*-1. ||  1. |  0. |  0. ||  1. |  0. |  0. |
|* 0. |*-1. |* 0. ||  0. |  0. |  1. ||  0. |  1. |  0. |
|* 0. |* 0. |* 0. ||  0. |  0. | -1. ||  0. |  0. |  0. |


state to eval, currenty is playerone turn=true

|  0. |  1. |  0. ||  0. |  0. |  0. ||  0. |  0. |  0. |
| -1. |  0. | -1. ||  0. |  0. |  1. ||  1. |  0. |  0. |
|  0. | -1. |  0. ||  1. | -1. |  0. ||  0. |  0. |  0. |
|=====+=====+=====||=====+=====+=====||=====+=====+=====|
|  1. |  0. |  0. ||  0. | -1. |  0. || -1. | -1. |  0. |
| -1. |  1. |  0. ||  0. |  1. |  0. || -1. |  0. |  1. |
|  1. |  0. |  0. || -1. |  0. | -1. ||  0. |  1. |  0. |
|=====+=====+=====||=====+=====+=====||=====+=====+=====|
|* 0. |* 0. |*-1. ||  1. |  0. |  0. ||  1. |  0. |  0. |
|* 0. |*-1. |* 0. ||  0. |  0. |  1. ||  0. |  1. |  0. |
|* 0. |* 0. |* 0. ||  0. |  0. | -1. ||  0. |  0. |  0. |


Determined best move using: 92541Iterations
Determined best move using: 86703Iterations
current State

|  0. |  1. |  0. ||  0. |  0. |  0. ||  0. |  0. |  0. |
| -1. |  0. | -1. ||  0. |  0. |  1. ||  1. |  0. |  0. |
|  0. | -1. |  0. ||  1. | -1. |  0. ||  0. |  0. |  0. |
|=====+=====+=====||=====+=====+=====||=====+=====+=====|
|  1. |  0. |  0. ||  0. | -1. |  0. || -1. | -1. |  0. |
| -1. |  1. |  0. ||  0. |  1. |  0. || -1. |  0. |  1. |
|  1. |  0. |  0. || -1. |  0. | -1. ||  0. |  1. |  0. |
|=====+=====+=====||=====+=====+=====||=====+=====+=====|
|* 0. |* 0. |*-1. ||  1. |  0. |  0. ||  1. |  0. |  0. |
|* 0. |*-1. |* 0. ||  0. |  0. |  1. ||  0. |  1. |  0. |
|* 1. |* 0. |* 0. ||  0. |  0. | -1. ||  0. |  0. |  0. |


state to eval, currenty is playerone turn=false

| -0. | -1. | -0. || -0. | -0. | -0. || -0. | -0. | -0. |
|  1. | -0. |  1. || -0. | -0. | -1. || -1. | -0. | -0. |
| -0. |  1. | -0. || -1. |  1. | -0. || -0. | -0. | -0. |
|=====+=====+=====||=====+=====+=====||=====+=====+=====|
| -1. | -0. | -0. || -0. |  1. | -0. ||  1. |  1. | -0. |
|  1. | -1. | -0. || -0. | -1. | -0. ||  1. | -0. | -1. |
| -1. | -0. | -0. ||  1. | -0. |  1. || -0. | -1. | -0. |
|=====+=====+=====||=====+=====+=====||=====+=====+=====|
|*-0. |*-0. |* 1. || -1. | -0. | -0. || -1. | -0. | -0. |
|*-0. |* 1. |*-0. || -0. | -0. | -1. || -0. | -1. | -0. |
|*-1. |*-0. |*-0. || -0. | -0. |  1. || -0. | -0. | -0. |


Determined best move using: 93559Iterations
Determined best move using: 87150Iterations
current State

|  0. |  1. |  0. ||  0. |  0. |  0. ||  0. |  0. |  0. |
| -1. |  0. | -1. ||  0. |  0. |  1. ||  1. |  0. |  0. |
|  0. | -1. |  0. ||  1. | -1. |  0. ||  0. |  0. |  0. |
|=====+=====+=====||=====+=====+=====||=====+=====+=====|
|  1. |  0. |  0. ||  0. | -1. |  0. || -1. | -1. |  0. |
| -1. |  1. |  0. ||  0. |  1. |  0. || -1. |  0. |  1. |
|  1. |  0. |  0. || -1. |  0. | -1. ||  0. |  1. |  0. |
|=====+=====+=====||=====+=====+=====||=====+=====+=====|
|  0. |  0. | -1. ||* 1. |* 0. |* 0. ||  1. |  0. |  0. |
|  0. | -1. |  0. ||* 0. |* 0. |* 1. ||  0. |  1. |  0. |
|  1. | -1. |  0. ||* 0. |* 0. |*-1. ||  0. |  0. |  0. |


state to eval, currenty is playerone turn=true

|  0. |  1. |  0. ||  0. |  0. |  0. ||  0. |  0. |  0. |
| -1. |  0. | -1. ||  0. |  0. |  1. ||  1. |  0. |  0. |
|  0. | -1. |  0. ||  1. | -1. |  0. ||  0. |  0. |  0. |
|=====+=====+=====||=====+=====+=====||=====+=====+=====|
|  1. |  0. |  0. ||  0. | -1. |  0. || -1. | -1. |  0. |
| -1. |  1. |  0. ||  0. |  1. |  0. || -1. |  0. |  1. |
|  1. |  0. |  0. || -1. |  0. | -1. ||  0. |  1. |  0. |
|=====+=====+=====||=====+=====+=====||=====+=====+=====|
|  0. |  0. | -1. ||* 1. |* 0. |* 0. ||  1. |  0. |  0. |
|  0. | -1. |  0. ||* 0. |* 0. |* 1. ||  0. |  1. |  0. |
|  1. | -1. |  0. ||* 0. |* 0. |*-1. ||  0. |  0. |  0. |


Determined best move using: 85057Iterations
current State

|  0. |  1. |  0. ||  0. |  0. |  0. ||  0. |  0. |  0. |
| -1. |  0. | -1. ||  0. |  0. |  1. ||  1. |  0. |  0. |
|  0. | -1. |  0. ||  1. | -1. |  0. ||  0. |  0. |  0. |
|=====+=====+=====||=====+=====+=====||=====+=====+=====|
|  1. |  0. |  0. ||* 0. |*-1. |* 0. || -1. | -1. |  0. |
| -1. |  1. |  0. ||* 0. |* 1. |* 0. || -1. |  0. |  1. |
|  1. |  0. |  0. ||*-1. |* 0. |*-1. ||  0. |  1. |  0. |
|=====+=====+=====||=====+=====+=====||=====+=====+=====|
|  0. |  0. | -1. ||  1. |  0. |  0. ||  1. |  0. |  0. |
|  0. | -1. |  0. ||  0. |  1. |  1. ||  0. |  1. |  0. |
|  1. | -1. |  0. ||  0. |  0. | -1. ||  0. |  0. |  0. |


state to eval, currenty is playerone turn=false

| -0. | -1. | -0. || -0. | -0. | -0. || -0. | -0. | -0. |
|  1. | -0. |  1. || -0. | -0. | -1. || -1. | -0. | -0. |
| -0. |  1. | -0. || -1. |  1. | -0. || -0. | -0. | -0. |
|=====+=====+=====||=====+=====+=====||=====+=====+=====|
| -1. | -0. | -0. ||*-0. |* 1. |*-0. ||  1. |  1. | -0. |
|  1. | -1. | -0. ||*-0. |*-1. |*-0. ||  1. | -0. | -1. |
| -1. | -0. | -0. ||* 1. |*-0. |* 1. || -0. | -1. | -0. |
|=====+=====+=====||=====+=====+=====||=====+=====+=====|
| -0. | -0. |  1. || -1. | -0. | -0. || -1. | -0. | -0. |
| -0. |  1. | -0. || -0. | -1. | -1. || -0. | -1. | -0. |
| -1. |  1. | -0. || -0. | -0. |  1. || -0. | -0. | -0. |


Determined best move using: 85488Iterations
current State

|* 0. |* 1. |* 0. ||  0. |  0. |  0. ||  0. |  0. |  0. |
|*-1. |* 0. |*-1. ||  0. |  0. |  1. ||  1. |  0. |  0. |
|* 0. |*-1. |* 0. ||  1. | -1. |  0. ||  0. |  0. |  0. |
|=====+=====+=====||=====+=====+=====||=====+=====+=====|
|  1. |  0. |  0. || -1. | -1. |  0. || -1. | -1. |  0. |
| -1. |  1. |  0. ||  0. |  1. |  0. || -1. |  0. |  1. |
|  1. |  0. |  0. || -1. |  0. | -1. ||  0. |  1. |  0. |
|=====+=====+=====||=====+=====+=====||=====+=====+=====|
|  0. |  0. | -1. ||  1. |  0. |  0. ||  1. |  0. |  0. |
|  0. | -1. |  0. ||  0. |  1. |  1. ||  0. |  1. |  0. |
|  1. | -1. |  0. ||  0. |  0. | -1. ||  0. |  0. |  0. |


state to eval, currenty is playerone turn=true

|* 0. |* 1. |* 0. ||  0. |  0. |  0. ||  0. |  0. |  0. |
|*-1. |* 0. |*-1. ||  0. |  0. |  1. ||  1. |  0. |  0. |
|* 0. |*-1. |* 0. ||  1. | -1. |  0. ||  0. |  0. |  0. |
|=====+=====+=====||=====+=====+=====||=====+=====+=====|
|  1. |  0. |  0. || -1. | -1. |  0. || -1. | -1. |  0. |
| -1. |  1. |  0. ||  0. |  1. |  0. || -1. |  0. |  1. |
|  1. |  0. |  0. || -1. |  0. | -1. ||  0. |  1. |  0. |
|=====+=====+=====||=====+=====+=====||=====+=====+=====|
|  0. |  0. | -1. ||  1. |  0. |  0. ||  1. |  0. |  0. |
|  0. | -1. |  0. ||  0. |  1. |  1. ||  0. |  1. |  0. |
|  1. | -1. |  0. ||  0. |  0. | -1. ||  0. |  0. |  0. |


Determined best move using: 91450Iterations
current State

|  0. |  1. |  0. ||  0. |  0. |  0. ||  0. |  0. |  0. |
| -1. |  0. | -1. ||  0. |  0. |  1. ||  1. |  0. |  0. |
|  0. | -1. |  1. ||  1. | -1. |  0. ||  0. |  0. |  0. |
|=====+=====+=====||=====+=====+=====||=====+=====+=====|
|  1. |  0. |  0. || -1. | -1. |  0. || -1. | -1. |  0. |
| -1. |  1. |  0. ||  0. |  1. |  0. || -1. |  0. |  1. |
|  1. |  0. |  0. || -1. |  0. | -1. ||  0. |  1. |  0. |
|=====+=====+=====||=====+=====+=====||=====+=====+=====|
|  0. |  0. | -1. ||  1. |  0. |  0. ||* 1. |* 0. |* 0. |
|  0. | -1. |  0. ||  0. |  1. |  1. ||* 0. |* 1. |* 0. |
|  1. | -1. |  0. ||  0. |  0. | -1. ||* 0. |* 0. |* 0. |


state to eval, currenty is playerone turn=false

| -0. | -1. | -0. || -0. | -0. | -0. || -0. | -0. | -0. |
|  1. | -0. |  1. || -0. | -0. | -1. || -1. | -0. | -0. |
| -0. |  1. | -1. || -1. |  1. | -0. || -0. | -0. | -0. |
|=====+=====+=====||=====+=====+=====||=====+=====+=====|
| -1. | -0. | -0. ||  1. |  1. | -0. ||  1. |  1. | -0. |
|  1. | -1. | -0. || -0. | -1. | -0. ||  1. | -0. | -1. |
| -1. | -0. | -0. ||  1. | -0. |  1. || -0. | -1. | -0. |
|=====+=====+=====||=====+=====+=====||=====+=====+=====|
| -0. | -0. |  1. || -1. | -0. | -0. ||*-1. |*-0. |*-0. |
| -0. |  1. | -0. || -0. | -1. | -1. ||*-0. |*-1. |*-0. |
| -1. |  1. | -0. || -0. | -0. |  1. ||*-0. |*-0. |*-0. |


Determined best move using: 92556Iterations
current State

|  0. |  1. |  0. ||  0. |  0. |  0. ||  0. |  0. |  0. |
| -1. |  0. | -1. ||  0. |  0. |  1. ||  1. |  0. |  0. |
|  0. | -1. |  1. ||  1. | -1. |  0. ||  0. |  0. |  0. |
|=====+=====+=====||=====+=====+=====||=====+=====+=====|
|  1. |  0. |  0. || -1. | -1. |  0. || -1. | -1. |  0. |
| -1. |  1. |  0. ||  0. |  1. |  0. || -1. |  0. |  1. |
|  1. |  0. |  0. || -1. |  0. | -1. ||  0. |  1. |  0. |
|=====+=====+=====||=====+=====+=====||=====+=====+=====|
|  0. |  0. | -1. ||  1. |  0. |  0. ||* 1. |* 0. |* 0. |
|  0. | -1. |  0. ||  0. |  1. |  1. ||* 0. |* 1. |* 0. |
|  1. | -1. |  0. ||  0. |  0. | -1. ||* 0. |* 0. |*-1. |


state to eval, currenty is playerone turn=true

|  0. |  1. |  0. ||  0. |  0. |  0. ||  0. |  0. |  0. |
| -1. |  0. | -1. ||  0. |  0. |  1. ||  1. |  0. |  0. |
|  0. | -1. |  1. ||  1. | -1. |  0. ||  0. |  0. |  0. |
|=====+=====+=====||=====+=====+=====||=====+=====+=====|
|  1. |  0. |  0. || -1. | -1. |  0. || -1. | -1. |  0. |
| -1. |  1. |  0. ||  0. |  1. |  0. || -1. |  0. |  1. |
|  1. |  0. |  0. || -1. |  0. | -1. ||  0. |  1. |  0. |
|=====+=====+=====||=====+=====+=====||=====+=====+=====|
|  0. |  0. | -1. ||  1. |  0. |  0. ||* 1. |* 0. |* 0. |
|  0. | -1. |  0. ||  0. |  1. |  1. ||* 0. |* 1. |* 0. |
|  1. | -1. |  0. ||  0. |  0. | -1. ||* 0. |* 0. |*-1. |


Determined best move using: 91435Iterations
current State

|  0. |  1. |  0. ||  0. |  0. |  0. ||  0. |  0. |  0. |
| -1. |  0. | -1. ||  0. |  0. |  1. ||  1. |  0. |  0. |
|  0. | -1. |  1. ||  1. | -1. |  0. ||  0. |  0. |  0. |
|=====+=====+=====||=====+=====+=====||=====+=====+=====|
|  1. |  0. |  0. || -1. | -1. |  0. ||*-1. |*-1. |* 0. |
| -1. |  1. |  0. ||  0. |  1. |  0. ||*-1. |* 0. |* 1. |
|  1. |  0. |  0. || -1. |  0. | -1. ||* 0. |* 1. |* 0. |
|=====+=====+=====||=====+=====+=====||=====+=====+=====|
|  0. |  0. | -1. ||  1. |  0. |  0. ||  1. |  0. |  0. |
|  0. | -1. |  0. ||  0. |  1. |  1. ||  0. |  1. |  1. |
|  1. | -1. |  0. ||  0. |  0. | -1. ||  0. |  0. | -1. |


state to eval, currenty is playerone turn=false

| -0. | -1. | -0. || -0. | -0. | -0. || -0. | -0. | -0. |
|  1. | -0. |  1. || -0. | -0. | -1. || -1. | -0. | -0. |
| -0. |  1. | -1. || -1. |  1. | -0. || -0. | -0. | -0. |
|=====+=====+=====||=====+=====+=====||=====+=====+=====|
| -1. | -0. | -0. ||  1. |  1. | -0. ||* 1. |* 1. |*-0. |
|  1. | -1. | -0. || -0. | -1. | -0. ||* 1. |*-0. |*-1. |
| -1. | -0. | -0. ||  1. | -0. |  1. ||*-0. |*-1. |*-0. |
|=====+=====+=====||=====+=====+=====||=====+=====+=====|
| -0. | -0. |  1. || -1. | -0. | -0. || -1. | -0. | -0. |
| -0. |  1. | -0. || -0. | -1. | -1. || -0. | -1. | -1. |
| -1. |  1. | -0. || -0. | -0. |  1. || -0. | -0. |  1. |


Determined best move using: 96931Iterations
current State

|  0. |  1. |  0. ||  0. |  0. |  0. ||  0. |  0. |  0. |
| -1. |  0. | -1. ||  0. |  0. |  1. ||  1. |  0. |  0. |
|  0. | -1. |  1. ||  1. | -1. |  0. ||  0. |  0. |  0. |
|=====+=====+=====||=====+=====+=====||=====+=====+=====|
|  1. |  0. |  0. || -1. | -1. |  0. || -1. | -1. |  0. |
| -1. |  1. |  0. ||  0. |  1. |  0. || -1. |  0. |  1. |
|  1. |  0. |  0. || -1. |  0. | -1. ||  0. |  1. | -1. |
|=====+=====+=====||=====+=====+=====||=====+=====+=====|
|  0. |  0. | -1. ||  1. |  0. |  0. ||* 1. |* 0. |* 0. |
|  0. | -1. |  0. ||  0. |  1. |  1. ||* 0. |* 1. |* 1. |
|  1. | -1. |  0. ||  0. |  0. | -1. ||* 0. |* 0. |*-1. |


state to eval, currenty is playerone turn=true

|  0. |  1. |  0. ||  0. |  0. |  0. ||  0. |  0. |  0. |
| -1. |  0. | -1. ||  0. |  0. |  1. ||  1. |  0. |  0. |
|  0. | -1. |  1. ||  1. | -1. |  0. ||  0. |  0. |  0. |
|=====+=====+=====||=====+=====+=====||=====+=====+=====|
|  1. |  0. |  0. || -1. | -1. |  0. || -1. | -1. |  0. |
| -1. |  1. |  0. ||  0. |  1. |  0. || -1. |  0. |  1. |
|  1. |  0. |  0. || -1. |  0. | -1. ||  0. |  1. | -1. |
|=====+=====+=====||=====+=====+=====||=====+=====+=====|
|  0. |  0. | -1. ||  1. |  0. |  0. ||* 1. |* 0. |* 0. |
|  0. | -1. |  0. ||  0. |  1. |  1. ||* 0. |* 1. |* 1. |
|  1. | -1. |  0. ||  0. |  0. | -1. ||* 0. |* 0. |*-1. |


Determined best move using: 94735Iterations
current State

|  0. |  1. |  0. ||  0. |  0. |  0. ||  0. |  0. |  0. |
| -1. |  0. | -1. ||  0. |  0. |  1. ||  1. |  0. |  0. |
|  0. | -1. |  1. ||  1. | -1. |  0. ||  0. |  0. |  0. |
|=====+=====+=====||=====+=====+=====||=====+=====+=====|
|* 1. |* 0. |* 0. || -1. | -1. |  0. || -1. | -1. |  0. |
|*-1. |* 1. |* 0. ||  0. |  1. |  0. || -1. |  0. |  1. |
|* 1. |* 0. |* 0. || -1. |  0. | -1. ||  0. |  1. | -1. |
|=====+=====+=====||=====+=====+=====||=====+=====+=====|
|  0. |  0. | -1. ||  1. |  0. |  0. ||  1. |  0. |  0. |
|  0. | -1. |  0. ||  0. |  1. |  1. ||  1. |  1. |  1. |
|  1. | -1. |  0. ||  0. |  0. | -1. ||  0. |  0. | -1. |


state to eval, currenty is playerone turn=false

| -0. | -1. | -0. || -0. | -0. | -0. || -0. | -0. | -0. |
|  1. | -0. |  1. || -0. | -0. | -1. || -1. | -0. | -0. |
| -0. |  1. | -1. || -1. |  1. | -0. || -0. | -0. | -0. |
|=====+=====+=====||=====+=====+=====||=====+=====+=====|
|*-1. |*-0. |*-0. ||  1. |  1. | -0. ||  1. |  1. | -0. |
|* 1. |*-1. |*-0. || -0. | -1. | -0. ||  1. | -0. | -1. |
|*-1. |*-0. |*-0. ||  1. | -0. |  1. || -0. | -1. |  1. |
|=====+=====+=====||=====+=====+=====||=====+=====+=====|
| -0. | -0. |  1. || -1. | -0. | -0. || -1. | -0. | -0. |
| -0. |  1. | -0. || -0. | -1. | -1. || -1. | -1. | -1. |
| -1. |  1. | -0. || -0. | -0. |  1. || -0. | -0. |  1. |


Determined best move using: 102381Iterations
current State

|  0. |  1. |  0. ||  0. |  0. |  0. ||  0. |  0. |  0. |
| -1. |  0. | -1. ||  0. |  0. |  1. ||  1. |  0. |  0. |
|  0. | -1. |  1. ||  1. | -1. |  0. ||  0. |  0. |  0. |
|=====+=====+=====||=====+=====+=====||=====+=====+=====|
|  1. |  0. |  0. || -1. | -1. |  0. || -1. | -1. |  0. |
| -1. |  1. |  0. ||  0. |  1. |  0. || -1. |  0. |  1. |
|  1. | -1. |  0. || -1. |  0. | -1. ||  0. |  1. | -1. |
|=====+=====+=====||=====+=====+=====||=====+=====+=====|
|  0. |  0. | -1. ||* 1. |* 0. |* 0. ||  1. |  0. |  0. |
|  0. | -1. |  0. ||* 0. |* 1. |* 1. ||  1. |  1. |  1. |
|  1. | -1. |  0. ||* 0. |* 0. |*-1. ||  0. |  0. | -1. |


state to eval, currenty is playerone turn=true

|  0. |  1. |  0. ||  0. |  0. |  0. ||  0. |  0. |  0. |
| -1. |  0. | -1. ||  0. |  0. |  1. ||  1. |  0. |  0. |
|  0. | -1. |  1. ||  1. | -1. |  0. ||  0. |  0. |  0. |
|=====+=====+=====||=====+=====+=====||=====+=====+=====|
|  1. |  0. |  0. || -1. | -1. |  0. || -1. | -1. |  0. |
| -1. |  1. |  0. ||  0. |  1. |  0. || -1. |  0. |  1. |
|  1. | -1. |  0. || -1. |  0. | -1. ||  0. |  1. | -1. |
|=====+=====+=====||=====+=====+=====||=====+=====+=====|
|  0. |  0. | -1. ||* 1. |* 0. |* 0. ||  1. |  0. |  0. |
|  0. | -1. |  0. ||* 0. |* 1. |* 1. ||  1. |  1. |  1. |
|  1. | -1. |  0. ||* 0. |* 0. |*-1. ||  0. |  0. | -1. |


Determined best move using: 100296Iterations
current State

|  0. |  1. |  0. ||  0. |  0. |  0. ||  0. |  0. |  0. |
| -1. |  0. | -1. ||  0. |  0. |  1. ||  1. |  0. |  0. |
|  0. | -1. |  1. ||  1. | -1. |  0. ||  0. |  0. |  0. |
|=====+=====+=====||=====+=====+=====||=====+=====+=====|
|  1. |  0. |  0. || -1. | -1. |  0. || -1. | -1. |  0. |
| -1. |  1. |  0. ||  0. |  1. |  0. || -1. |  0. |  1. |
|  1. | -1. |  0. || -1. |  0. | -1. ||  0. |  1. | -1. |
|=====+=====+=====||=====+=====+=====||=====+=====+=====|
|  0. |  0. | -1. ||* 1. |* 0. |* 0. ||  1. |  0. |  0. |
|  0. | -1. |  0. ||* 0. |* 1. |* 1. ||  1. |  1. |  1. |
|  1. | -1. |  0. ||* 0. |* 1. |*-1. ||  0. |  0. | -1. |


state to eval, currenty is playerone turn=false

| -0. | -1. | -0. || -0. | -0. | -0. || -0. | -0. | -0. |
|  1. | -0. |  1. || -0. | -0. | -1. || -1. | -0. | -0. |
| -0. |  1. | -1. || -1. |  1. | -0. || -0. | -0. | -0. |
|=====+=====+=====||=====+=====+=====||=====+=====+=====|
| -1. | -0. | -0. ||  1. |  1. | -0. ||  1. |  1. | -0. |
|  1. | -1. | -0. || -0. | -1. | -0. ||  1. | -0. | -1. |
| -1. |  1. | -0. ||  1. | -0. |  1. || -0. | -1. |  1. |
|=====+=====+=====||=====+=====+=====||=====+=====+=====|
| -0. | -0. |  1. ||*-1. |*-0. |*-0. || -1. | -0. | -0. |
| -0. |  1. | -0. ||*-0. |*-1. |*-1. || -1. | -1. | -1. |
| -1. |  1. | -0. ||*-0. |*-1. |* 1. || -0. | -0. |  1. |


Determined best move using: 104702Iterations
current State

|  0. |  1. |  0. ||  0. |  0. |  0. ||  0. |  0. |  0. |
| -1. |  0. | -1. ||  0. |  0. |  1. ||  1. |  0. |  0. |
|  0. | -1. |  1. ||  1. | -1. |  0. ||  0. |  0. |  0. |
|=====+=====+=====||=====+=====+=====||=====+=====+=====|
|* 1. |* 0. |* 0. || -1. | -1. |  0. || -1. | -1. |  0. |
|*-1. |* 1. |* 0. ||  0. |  1. |  0. || -1. |  0. |  1. |
|* 1. |*-1. |* 0. || -1. |  0. | -1. ||  0. |  1. | -1. |
|=====+=====+=====||=====+=====+=====||=====+=====+=====|
|  0. |  0. | -1. ||  1. |  0. |  0. ||  1. |  0. |  0. |
|  0. | -1. |  0. || -1. |  1. |  1. ||  1. |  1. |  1. |
|  1. | -1. |  0. ||  0. |  1. | -1. ||  0. |  0. | -1. |


state to eval, currenty is playerone turn=true

|  0. |  1. |  0. ||  0. |  0. |  0. ||  0. |  0. |  0. |
| -1. |  0. | -1. ||  0. |  0. |  1. ||  1. |  0. |  0. |
|  0. | -1. |  1. ||  1. | -1. |  0. ||  0. |  0. |  0. |
|=====+=====+=====||=====+=====+=====||=====+=====+=====|
|* 1. |* 0. |* 0. || -1. | -1. |  0. || -1. | -1. |  0. |
|*-1. |* 1. |* 0. ||  0. |  1. |  0. || -1. |  0. |  1. |
|* 1. |*-1. |* 0. || -1. |  0. | -1. ||  0. |  1. | -1. |
|=====+=====+=====||=====+=====+=====||=====+=====+=====|
|  0. |  0. | -1. ||  1. |  0. |  0. ||  1. |  0. |  0. |
|  0. | -1. |  0. || -1. |  1. |  1. ||  1. |  1. |  1. |
|  1. | -1. |  0. ||  0. |  1. | -1. ||  0. |  0. | -1. |


Determined best move using: 104734Iterations
current State

|  0. |  1. |  0. ||* 0. |* 0. |* 0. ||  0. |  0. |  0. |
| -1. |  0. | -1. ||* 0. |* 0. |* 1. ||  1. |  0. |  0. |
|  0. | -1. |  1. ||* 1. |*-1. |* 0. ||  0. |  0. |  0. |
|=====+=====+=====||=====+=====+=====||=====+=====+=====|
|  1. |  1. |  0. || -1. | -1. |  0. || -1. | -1. |  0. |
| -1. |  1. |  0. ||  0. |  1. |  0. || -1. |  0. |  1. |
|  1. | -1. |  0. || -1. |  0. | -1. ||  0. |  1. | -1. |
|=====+=====+=====||=====+=====+=====||=====+=====+=====|
|  0. |  0. | -1. ||  1. |  0. |  0. ||  1. |  0. |  0. |
|  0. | -1. |  0. || -1. |  1. |  1. ||  1. |  1. |  1. |
|  1. | -1. |  0. ||  0. |  1. | -1. ||  0. |  0. | -1. |


state to eval, currenty is playerone turn=false

| -0. | -1. | -0. ||*-0. |*-0. |*-0. || -0. | -0. | -0. |
|  1. | -0. |  1. ||*-0. |*-0. |*-1. || -1. | -0. | -0. |
| -0. |  1. | -1. ||*-1. |* 1. |*-0. || -0. | -0. | -0. |
|=====+=====+=====||=====+=====+=====||=====+=====+=====|
| -1. | -1. | -0. ||  1. |  1. | -0. ||  1. |  1. | -0. |
|  1. | -1. | -0. || -0. | -1. | -0. ||  1. | -0. | -1. |
| -1. |  1. | -0. ||  1. | -0. |  1. || -0. | -1. |  1. |
|=====+=====+=====||=====+=====+=====||=====+=====+=====|
| -0. | -0. |  1. || -1. | -0. | -0. || -1. | -0. | -0. |
| -0. |  1. | -0. ||  1. | -1. | -1. || -1. | -1. | -1. |
| -1. |  1. | -0. || -0. | -1. |  1. || -0. | -0. |  1. |


Determined best move using: 108127Iterations
current State

|* 0. |* 1. |* 0. ||* 0. |* 0. |* 0. ||* 0. |* 0. |* 0. |
|*-1. |* 0. |*-1. ||* 0. |* 0. |* 1. ||* 1. |* 0. |* 0. |
|* 0. |*-1. |* 1. ||* 1. |*-1. |*-1. ||* 0. |* 0. |* 0. |
|=====+=====+=====||=====+=====+=====||=====+=====+=====|
|* 1. |* 1. |* 0. ||*-1. |*-1. |* 0. ||*-1. |*-1. |* 0. |
|*-1. |* 1. |* 0. ||* 0. |* 1. |* 0. ||*-1. |* 0. |* 1. |
|* 1. |*-1. |* 0. ||*-1. |* 0. |*-1. ||* 0. |* 1. |*-1. |
|=====+=====+=====||=====+=====+=====||=====+=====+=====|
|* 0. |* 0. |*-1. ||* 1. |* 0. |* 0. ||  1. |  0. |  0. |
|* 0. |*-1. |* 0. ||*-1. |* 1. |* 1. ||  1. |  1. |  1. |
|* 1. |*-1. |* 0. ||* 0. |* 1. |*-1. ||  0. |  0. | -1. |


state to eval, currenty is playerone turn=true

|* 0. |* 1. |* 0. ||* 0. |* 0. |* 0. ||* 0. |* 0. |* 0. |
|*-1. |* 0. |*-1. ||* 0. |* 0. |* 1. ||* 1. |* 0. |* 0. |
|* 0. |*-1. |* 1. ||* 1. |*-1. |*-1. ||* 0. |* 0. |* 0. |
|=====+=====+=====||=====+=====+=====||=====+=====+=====|
|* 1. |* 1. |* 0. ||*-1. |*-1. |* 0. ||*-1. |*-1. |* 0. |
|*-1. |* 1. |* 0. ||* 0. |* 1. |* 0. ||*-1. |* 0. |* 1. |
|* 1. |*-1. |* 0. ||*-1. |* 0. |*-1. ||* 0. |* 1. |*-1. |
|=====+=====+=====||=====+=====+=====||=====+=====+=====|
|* 0. |* 0. |*-1. ||* 1. |* 0. |* 0. ||  1. |  0. |  0. |
|* 0. |*-1. |* 0. ||*-1. |* 1. |* 1. ||  1. |  1. |  1. |
|* 1. |*-1. |* 0. ||* 0. |* 1. |*-1. ||  0. |  0. | -1. |


Determined best move using: 108421Iterations
Determined best move using: 121510Iterations
Determined best move using: 118183Iterations
Determined best move using: 101637Iterations
Determined best move using: 113703Iterations
Determined best move using: 89689Iterations
Determined best move using: 119546Iterations
current State

|  0. |  1. |  0. ||  0. |  0. |  0. ||  0. |  0. |  0. |
| -1. |  0. | -1. ||  0. |  0. |  1. ||  1. |  0. |  1. |
|  0. | -1. |  1. ||  1. | -1. | -1. ||  0. |  0. |  0. |
|=====+=====+=====||=====+=====+=====||=====+=====+=====|
|  1. |  1. |  0. || -1. | -1. |  0. ||*-1. |*-1. |* 0. |
| -1. |  1. |  0. ||  0. |  1. |  0. ||*-1. |* 0. |* 1. |
|  1. | -1. |  0. || -1. |  0. | -1. ||* 0. |* 1. |*-1. |
|=====+=====+=====||=====+=====+=====||=====+=====+=====|
|  0. |  0. | -1. ||  1. |  0. |  0. ||  1. |  0. |  0. |
|  0. | -1. |  0. || -1. |  1. |  1. ||  1. |  1. |  1. |
|  1. | -1. |  0. ||  0. |  1. | -1. ||  0. |  0. | -1. |


state to eval, currenty is playerone turn=false

| -0. | -1. | -0. || -0. | -0. | -0. || -0. | -0. | -0. |
|  1. | -0. |  1. || -0. | -0. | -1. || -1. | -0. | -1. |
| -0. |  1. | -1. || -1. |  1. |  1. || -0. | -0. | -0. |
|=====+=====+=====||=====+=====+=====||=====+=====+=====|
| -1. | -1. | -0. ||  1. |  1. | -0. ||* 1. |* 1. |*-0. |
|  1. | -1. | -0. || -0. | -1. | -0. ||* 1. |*-0. |*-1. |
| -1. |  1. | -0. ||  1. | -0. |  1. ||*-0. |*-1. |* 1. |
|=====+=====+=====||=====+=====+=====||=====+=====+=====|
| -0. | -0. |  1. || -1. | -0. | -0. || -1. | -0. | -0. |
| -0. |  1. | -0. ||  1. | -1. | -1. || -1. | -1. | -1. |
| -1. |  1. | -0. || -0. | -1. |  1. || -0. | -0. |  1. |


Determined best move using: 118979Iterations
Determined best move using: 115984Iterations
Determined best move using: 110202Iterations
Determined best move using: 125755Iterations
Determined best move using: 130495Iterations
Determined best move using: 90404Iterations
Determined best move using: 107678Iterations
current State

|  0. |  1. |  0. ||  0. |  0. |  0. ||  0. |  0. |  0. |
| -1. |  0. | -1. ||  0. |  0. |  1. ||  1. |  0. |  1. |
|  0. | -1. |  1. ||  1. | -1. | -1. ||  0. |  0. |  0. |
|=====+=====+=====||=====+=====+=====||=====+=====+=====|
|  1. |  1. |  0. || -1. | -1. |  0. || -1. | -1. |  0. |
| -1. |  1. |  0. ||  0. |  1. |  0. || -1. |  0. |  1. |
|  1. | -1. |  0. || -1. |  0. | -1. || -1. |  1. | -1. |
|=====+=====+=====||=====+=====+=====||=====+=====+=====|
|* 0. |* 0. |*-1. ||  1. |  0. |  0. ||  1. |  0. |  0. |
|* 0. |*-1. |* 0. || -1. |  1. |  1. ||  1. |  1. |  1. |
|* 1. |*-1. |* 0. ||  0. |  1. | -1. ||  0. |  0. | -1. |


state to eval, currenty is playerone turn=true

|  0. |  1. |  0. ||  0. |  0. |  0. ||  0. |  0. |  0. |
| -1. |  0. | -1. ||  0. |  0. |  1. ||  1. |  0. |  1. |
|  0. | -1. |  1. ||  1. | -1. | -1. ||  0. |  0. |  0. |
|=====+=====+=====||=====+=====+=====||=====+=====+=====|
|  1. |  1. |  0. || -1. | -1. |  0. || -1. | -1. |  0. |
| -1. |  1. |  0. ||  0. |  1. |  0. || -1. |  0. |  1. |
|  1. | -1. |  0. || -1. |  0. | -1. || -1. |  1. | -1. |
|=====+=====+=====||=====+=====+=====||=====+=====+=====|
|* 0. |* 0. |*-1. ||  1. |  0. |  0. ||  1. |  0. |  0. |
|* 0. |*-1. |* 0. || -1. |  1. |  1. ||  1. |  1. |  1. |
|* 1. |*-1. |* 0. ||  0. |  1. | -1. ||  0. |  0. | -1. |


Determined best move using: 119820Iterations
Determined best move using: 125592Iterations
Determined best move using: 134742Iterations
Determined best move using: 113290Iterations
Determined best move using: 110317Iterations
Determined best move using: 97285Iterations
current State

|* 0. |* 1. |* 0. ||  0. |  0. |  0. ||  0. |  0. |  0. |
|*-1. |* 0. |*-1. ||  0. |  0. |  1. ||  1. |  0. |  1. |
|* 0. |*-1. |* 1. ||  1. | -1. | -1. ||  0. |  0. |  0. |
|=====+=====+=====||=====+=====+=====||=====+=====+=====|
|  1. |  1. |  0. || -1. | -1. |  0. || -1. | -1. |  0. |
| -1. |  1. |  0. ||  0. |  1. |  0. || -1. |  0. |  1. |
|  1. | -1. |  0. || -1. |  0. | -1. || -1. |  1. | -1. |
|=====+=====+=====||=====+=====+=====||=====+=====+=====|
|  1. |  0. | -1. ||  1. |  0. |  0. ||  1. |  0. |  0. |
|  0. | -1. |  0. || -1. |  1. |  1. ||  1. |  1. |  1. |
|  1. | -1. |  0. ||  0. |  1. | -1. ||  0. |  0. | -1. |


state to eval, currenty is playerone turn=false

|*-0. |*-1. |*-0. || -0. | -0. | -0. || -0. | -0. | -0. |
|* 1. |*-0. |* 1. || -0. | -0. | -1. || -1. | -0. | -1. |
|*-0. |* 1. |*-1. || -1. |  1. |  1. || -0. | -0. | -0. |
|=====+=====+=====||=====+=====+=====||=====+=====+=====|
| -1. | -1. | -0. ||  1. |  1. | -0. ||  1. |  1. | -0. |
|  1. | -1. | -0. || -0. | -1. | -0. ||  1. | -0. | -1. |
| -1. |  1. | -0. ||  1. | -0. |  1. ||  1. | -1. |  1. |
|=====+=====+=====||=====+=====+=====||=====+=====+=====|
| -1. | -0. |  1. || -1. | -0. | -0. || -1. | -0. | -0. |
| -0. |  1. | -0. ||  1. | -1. | -1. || -1. | -1. | -1. |
| -1. |  1. | -0. || -0. | -1. |  1. || -0. | -0. |  1. |


Determined best move using: 128925Iterations
Determined best move using: 117357Iterations
Determined best move using: 122802Iterations
Determined best move using: 95352Iterations
Determined best move using: 113012Iterations
current State

|  0. |  1. |  0. ||  0. |  0. |  0. ||  0. |  0. |  0. |
| -1. |  0. | -1. ||  0. |  0. |  1. ||  1. |  0. |  1. |
| -1. | -1. |  1. ||  1. | -1. | -1. ||  0. |  0. |  0. |
|=====+=====+=====||=====+=====+=====||=====+=====+=====|
|  1. |  1. |  0. || -1. | -1. |  0. || -1. | -1. |  0. |
| -1. |  1. |  0. ||  0. |  1. |  0. || -1. |  0. |  1. |
|  1. | -1. |  0. || -1. |  0. | -1. || -1. |  1. | -1. |
|=====+=====+=====||=====+=====+=====||=====+=====+=====|
|* 1. |* 0. |*-1. ||  1. |  0. |  0. ||  1. |  0. |  0. |
|* 0. |*-1. |* 0. || -1. |  1. |  1. ||  1. |  1. |  1. |
|* 1. |*-1. |* 0. ||  0. |  1. | -1. ||  0. |  0. | -1. |


state to eval, currenty is playerone turn=true

|  0. |  1. |  0. ||  0. |  0. |  0. ||  0. |  0. |  0. |
| -1. |  0. | -1. ||  0. |  0. |  1. ||  1. |  0. |  1. |
| -1. | -1. |  1. ||  1. | -1. | -1. ||  0. |  0. |  0. |
|=====+=====+=====||=====+=====+=====||=====+=====+=====|
|  1. |  1. |  0. || -1. | -1. |  0. || -1. | -1. |  0. |
| -1. |  1. |  0. ||  0. |  1. |  0. || -1. |  0. |  1. |
|  1. | -1. |  0. || -1. |  0. | -1. || -1. |  1. | -1. |
|=====+=====+=====||=====+=====+=====||=====+=====+=====|
|* 1. |* 0. |*-1. ||  1. |  0. |  0. ||  1. |  0. |  0. |
|* 0. |*-1. |* 0. || -1. |  1. |  1. ||  1. |  1. |  1. |
|* 1. |*-1. |* 0. ||  0. |  1. | -1. ||  0. |  0. | -1. |


Determined best move using: 132047Iterations
Determined best move using: 111990Iterations
Determined best move using: 120016Iterations
Determined best move using: 100439Iterations
current State

|  0. |  1. |  0. ||  0. |  0. |  0. ||  0. |  0. |  0. |
| -1. |  0. | -1. ||  0. |  0. |  1. ||  1. |  0. |  1. |
| -1. | -1. |  1. ||  1. | -1. | -1. ||  0. |  0. |  0. |
|=====+=====+=====||=====+=====+=====||=====+=====+=====|
|* 1. |* 1. |* 0. || -1. | -1. |  0. || -1. | -1. |  0. |
|*-1. |* 1. |* 0. ||  0. |  1. |  0. || -1. |  0. |  1. |
|* 1. |*-1. |* 0. || -1. |  0. | -1. || -1. |  1. | -1. |
|=====+=====+=====||=====+=====+=====||=====+=====+=====|
|  1. |  0. | -1. ||  1. |  0. |  0. ||  1. |  0. |  0. |
|  1. | -1. |  0. || -1. |  1. |  1. ||  1. |  1. |  1. |
|  1. | -1. |  0. ||  0. |  1. | -1. ||  0. |  0. | -1. |


state to eval, currenty is playerone turn=false

| -0. | -1. | -0. || -0. | -0. | -0. || -0. | -0. | -0. |
|  1. | -0. |  1. || -0. | -0. | -1. || -1. | -0. | -1. |
|  1. |  1. | -1. || -1. |  1. |  1. || -0. | -0. | -0. |
|=====+=====+=====||=====+=====+=====||=====+=====+=====|
|*-1. |*-1. |*-0. ||  1. |  1. | -0. ||  1. |  1. | -0. |
|* 1. |*-1. |*-0. || -0. | -1. | -0. ||  1. | -0. | -1. |
|*-1. |* 1. |*-0. ||  1. | -0. |  1. ||  1. | -1. |  1. |
|=====+=====+=====||=====+=====+=====||=====+=====+=====|
| -1. | -0. |  1. || -1. | -0. | -0. || -1. | -0. | -0. |
| -1. |  1. | -0. ||  1. | -1. | -1. || -1. | -1. | -1. |
| -1. |  1. | -0. || -0. | -1. |  1. || -0. | -0. |  1. |


Determined best move using: 114534Iterations
Determined best move using: 136285Iterations
Determined best move using: 123495Iterations
Determined best move using: 101725Iterations
Determined best move using: 153300Iterations
Determined best move using: 139500Iterations
current State

|* 0. |* 1. |* 0. ||* 0. |* 0. |* 0. ||* 0. |* 0. |* 0. |
|*-1. |* 0. |*-1. ||* 0. |* 0. |* 1. ||* 1. |* 0. |* 1. |
|*-1. |*-1. |* 1. ||* 1. |*-1. |*-1. ||* 0. |* 0. |* 0. |
|=====+=====+=====||=====+=====+=====||=====+=====+=====|
|* 1. |* 1. |* 0. ||*-1. |*-1. |* 0. || -1. | -1. |  0. |
|*-1. |* 1. |*-1. ||* 0. |* 1. |* 0. || -1. |  0. |  1. |
|* 1. |*-1. |* 0. ||*-1. |* 0. |*-1. || -1. |  1. | -1. |
|=====+=====+=====||=====+=====+=====||=====+=====+=====|
|  1. |  0. | -1. ||* 1. |* 0. |* 0. ||  1. |  0. |  0. |
|  1. | -1. |  0. ||*-1. |* 1. |* 1. ||  1. |  1. |  1. |
|  1. | -1. |  0. ||* 0. |* 1. |*-1. ||  0. |  0. | -1. |


state to eval, currenty is playerone turn=true

|* 0. |* 1. |* 0. ||* 0. |* 0. |* 0. ||* 0. |* 0. |* 0. |
|*-1. |* 0. |*-1. ||* 0. |* 0. |* 1. ||* 1. |* 0. |* 1. |
|*-1. |*-1. |* 1. ||* 1. |*-1. |*-1. ||* 0. |* 0. |* 0. |
|=====+=====+=====||=====+=====+=====||=====+=====+=====|
|* 1. |* 1. |* 0. ||*-1. |*-1. |* 0. || -1. | -1. |  0. |
|*-1. |* 1. |*-1. ||* 0. |* 1. |* 0. || -1. |  0. |  1. |
|* 1. |*-1. |* 0. ||*-1. |* 0. |*-1. || -1. |  1. | -1. |
|=====+=====+=====||=====+=====+=====||=====+=====+=====|
|  1. |  0. | -1. ||* 1. |* 0. |* 0. ||  1. |  0. |  0. |
|  1. | -1. |  0. ||*-1. |* 1. |* 1. ||  1. |  1. |  1. |
|  1. | -1. |  0. ||* 0. |* 1. |*-1. ||  0. |  0. | -1. |


Determined best move using: 143231Iterations
Determined best move using: 155980Iterations
Determined best move using: 101281Iterations
Determined best move using: 145878Iterations
Determined best move using: 121981Iterations
Determined best move using: 118449Iterations
current State

|  0. |  1. |  0. ||* 0. |* 0. |* 0. ||  0. |  0. |  0. |
| -1. |  0. | -1. ||* 0. |* 0. |* 1. ||  1. |  0. |  1. |
| -1. | -1. |  1. ||* 1. |*-1. |*-1. ||  0. |  0. |  0. |
|=====+=====+=====||=====+=====+=====||=====+=====+=====|
|  1. |  1. |  0. || -1. | -1. |  0. || -1. | -1. |  0. |
| -1. |  1. | -1. ||  0. |  1. |  0. || -1. |  0. |  1. |
|  1. | -1. |  0. || -1. |  0. | -1. || -1. |  1. | -1. |
|=====+=====+=====||=====+=====+=====||=====+=====+=====|
|  1. |  0. | -1. ||  1. |  1. |  0. ||  1. |  0. |  0. |
|  1. | -1. |  0. || -1. |  1. |  1. ||  1. |  1. |  1. |
|  1. | -1. |  0. ||  0. |  1. | -1. ||  0. |  0. | -1. |


Game ended in: 49 moves
Actual data created in graphical format: 
[StateDatum{MCTSProbabilites=
|  .0126 |  .0141 |  .0128 ||  .009 |  .0121 |  .0124 ||  .0112 |  .0143 |  .0172 |
|  .0121 |  .0105 |  .0111 ||  .0112 |  .0146 |  .0074 ||  .0106 |  .0062 |  .0146 |
|  .008 |  .0101 |  .0147 ||  .0118 |  .0094 |  .0128 ||  .0109 |  .0134 |  .013 |
|========+========+========||========+========+========||========+========+========|
|  .0139 |  .0129 |  .0122 ||  .0103 |  .0131 |  .0093 ||  .0103 |  .0165 |  .012 |
|  .0166 |  .0095 |  .01 ||  .0093 |  .013 |  .0185 ||  .0107 |  .0143 |  .02 |
|  .0117 |  .0142 |  .0124 ||  .0084 |  .0121 |  .0117 ||  .0058 |  .0164 |  .0106 |
|========+========+========||========+========+========||========+========+========|
|  .0117 |  .013 |  .0119 ||  .0149 |  .0095 |  .0167 ||  .0095 |  .0175 |  .0137 |
|  .0133 |  .0109 |  .0115 ||  .0118 |  .0137 |  .0111 ||  .0135 |  .0152 |  .0111 |
|  .0112 |  .0051 |  .0143 ||  .0181 |  .0139 |  .0093 ||  .0147 |  .0174 |  .0118 |

, state=
|* 0. |* 0. |* 0. ||* 0. |* 0. |* 0. ||* 0. |* 0. |* 0. |
|* 0. |* 0. |* 0. ||* 0. |* 0. |* 0. ||* 0. |* 0. |* 0. |
|* 0. |* 0. |* 0. ||* 0. |* 0. |* 0. ||* 0. |* 0. |* 0. |
|=====+=====+=====||=====+=====+=====||=====+=====+=====|
|* 0. |* 0. |* 0. ||* 0. |* 0. |* 0. ||* 0. |* 0. |* 0. |
|* 0. |* 0. |* 0. ||* 0. |* 0. |* 0. ||* 0. |* 0. |* 0. |
|* 0. |* 0. |* 0. ||* 0. |* 0. |* 0. ||* 0. |* 0. |* 0. |
|=====+=====+=====||=====+=====+=====||=====+=====+=====|
|* 0. |* 0. |* 0. ||* 0. |* 0. |* 0. ||* 0. |* 0. |* 0. |
|* 0. |* 0. |* 0. ||* 0. |* 0. |* 0. ||* 0. |* 0. |* 0. |
|* 0. |* 0. |* 0. ||* 0. |* 0. |* 0. ||* 0. |* 0. |* 0. |

, evalForThisState=1.0, isPlayerOneTurnOriginally=true}, StateDatum{MCTSProbabilites=
|  .0 |  .0 |  .0 ||  .0 |  .0 |  .0 ||  .0 |  .0 |  .0 |
|  .0 |  .0 |  .0 ||  .0 |  .0 |  .0 ||  .0 |  .0 |  .0 |
|  .0 |  .0 |  .0 ||  .0 |  .0 |  .0 ||  .0 |  .0 |  .0 |
|========+========+========||========+========+========||========+========+========|
|  .0 |  .0 |  .0 ||  .0 |  .0 |  .0 ||  .0575 |  .622 |  .0596 |
|  .0 |  .0 |  .0 ||  .0 |  .0 |  .0 ||  .0754 |  .0362 |  .0 |
|  .0 |  .0 |  .0 ||  .0 |  .0 |  .0 ||  .0321 |  .0535 |  .0637 |
|========+========+========||========+========+========||========+========+========|
|  .0 |  .0 |  .0 ||  .0 |  .0 |  .0 ||  .0 |  .0 |  .0 |
|  .0 |  .0 |  .0 ||  .0 |  .0 |  .0 ||  .0 |  .0 |  .0 |
|  .0 |  .0 |  .0 ||  .0 |  .0 |  .0 ||  .0 |  .0 |  .0 |

, state=
| -0. | -0. | -0. || -0. | -0. | -0. || -0. | -0. | -0. |
| -0. | -0. | -0. || -0. | -0. | -0. || -0. | -0. | -0. |
| -0. | -0. | -0. || -0. | -0. | -0. || -0. | -0. | -0. |
|=====+=====+=====||=====+=====+=====||=====+=====+=====|
| -0. | -0. | -0. || -0. | -0. | -0. ||*-0. |*-0. |*-0. |
| -0. | -0. | -0. || -0. | -0. | -0. ||*-0. |*-0. |*-1. |
| -0. | -0. | -0. || -0. | -0. | -0. ||*-0. |*-0. |*-0. |
|=====+=====+=====||=====+=====+=====||=====+=====+=====|
| -0. | -0. | -0. || -0. | -0. | -0. || -0. | -0. | -0. |
| -0. | -0. | -0. || -0. | -0. | -0. || -0. | -0. | -0. |
| -0. | -0. | -0. || -0. | -0. | -0. || -0. | -0. | -0. |

, evalForThisState=-1.0, isPlayerOneTurnOriginally=false}, StateDatum{MCTSProbabilites=
|  .0 |  .0 |  .0 ||  .1337 |  .0772 |  .0835 ||  .0 |  .0 |  .0 |
|  .0 |  .0 |  .0 ||  .1139 |  .0898 |  .2563 ||  .0 |  .0 |  .0 |
|  .0 |  .0 |  .0 ||  .0985 |  .095 |  .052 ||  .0 |  .0 |  .0 |
|========+========+========||========+========+========||========+========+========|
|  .0 |  .0 |  .0 ||  .0 |  .0 |  .0 ||  .0 |  .0 |  .0 |
|  .0 |  .0 |  .0 ||  .0 |  .0 |  .0 ||  .0 |  .0 |  .0 |
|  .0 |  .0 |  .0 ||  .0 |  .0 |  .0 ||  .0 |  .0 |  .0 |
|========+========+========||========+========+========||========+========+========|
|  .0 |  .0 |  .0 ||  .0 |  .0 |  .0 ||  .0 |  .0 |  .0 |
|  .0 |  .0 |  .0 ||  .0 |  .0 |  .0 ||  .0 |  .0 |  .0 |
|  .0 |  .0 |  .0 ||  .0 |  .0 |  .0 ||  .0 |  .0 |  .0 |

, state=
|  0. |  0. |  0. ||* 0. |* 0. |* 0. ||  0. |  0. |  0. |
|  0. |  0. |  0. ||* 0. |* 0. |* 0. ||  0. |  0. |  0. |
|  0. |  0. |  0. ||* 0. |* 0. |* 0. ||  0. |  0. |  0. |
|=====+=====+=====||=====+=====+=====||=====+=====+=====|
|  0. |  0. |  0. ||  0. |  0. |  0. ||  0. | -1. |  0. |
|  0. |  0. |  0. ||  0. |  0. |  0. ||  0. |  0. |  1. |
|  0. |  0. |  0. ||  0. |  0. |  0. ||  0. |  0. |  0. |
|=====+=====+=====||=====+=====+=====||=====+=====+=====|
|  0. |  0. |  0. ||  0. |  0. |  0. ||  0. |  0. |  0. |
|  0. |  0. |  0. ||  0. |  0. |  0. ||  0. |  0. |  0. |
|  0. |  0. |  0. ||  0. |  0. |  0. ||  0. |  0. |  0. |

, evalForThisState=1.0, isPlayerOneTurnOriginally=true}, StateDatum{MCTSProbabilites=
|  .0 |  .0 |  .0 ||  .0 |  .0 |  .0 ||  .0 |  .0 |  .0 |
|  .0 |  .0 |  .0 ||  .0 |  .0 |  .0 ||  .0 |  .0 |  .0 |
|  .0 |  .0 |  .0 ||  .0 |  .0 |  .0 ||  .0 |  .0 |  .0 |
|========+========+========||========+========+========||========+========+========|
|  .0 |  .0 |  .0 ||  .0 |  .0 |  .0 ||  .5532 |  .0 |  .0416 |
|  .0 |  .0 |  .0 ||  .0 |  .0 |  .0 ||  .0638 |  .0626 |  .0 |
|  .0 |  .0 |  .0 ||  .0 |  .0 |  .0 ||  .0545 |  .0393 |  .185 |
|========+========+========||========+========+========||========+========+========|
|  .0 |  .0 |  .0 ||  .0 |  .0 |  .0 ||  .0 |  .0 |  .0 |
|  .0 |  .0 |  .0 ||  .0 |  .0 |  .0 ||  .0 |  .0 |  .0 |
|  .0 |  .0 |  .0 ||  .0 |  .0 |  .0 ||  .0 |  .0 |  .0 |

, state=
| -0. | -0. | -0. || -0. | -0. | -0. || -0. | -0. | -0. |
| -0. | -0. | -0. || -0. | -0. | -1. || -0. | -0. | -0. |
| -0. | -0. | -0. || -0. | -0. | -0. || -0. | -0. | -0. |
|=====+=====+=====||=====+=====+=====||=====+=====+=====|
| -0. | -0. | -0. || -0. | -0. | -0. ||*-0. |* 1. |*-0. |
| -0. | -0. | -0. || -0. | -0. | -0. ||*-0. |*-0. |*-1. |
| -0. | -0. | -0. || -0. | -0. | -0. ||*-0. |*-0. |*-0. |
|=====+=====+=====||=====+=====+=====||=====+=====+=====|
| -0. | -0. | -0. || -0. | -0. | -0. || -0. | -0. | -0. |
| -0. | -0. | -0. || -0. | -0. | -0. || -0. | -0. | -0. |
| -0. | -0. | -0. || -0. | -0. | -0. || -0. | -0. | -0. |

, evalForThisState=-1.0, isPlayerOneTurnOriginally=false}, StateDatum{MCTSProbabilites=
|  .1149 |  .1908 |  .0738 ||  .0 |  .0 |  .0 ||  .0 |  .0 |  .0 |
|  .0506 |  .1321 |  .0922 ||  .0 |  .0 |  .0 ||  .0 |  .0 |  .0 |
|  .1239 |  .0891 |  .1325 ||  .0 |  .0 |  .0 ||  .0 |  .0 |  .0 |
|========+========+========||========+========+========||========+========+========|
|  .0 |  .0 |  .0 ||  .0 |  .0 |  .0 ||  .0 |  .0 |  .0 |
|  .0 |  .0 |  .0 ||  .0 |  .0 |  .0 ||  .0 |  .0 |  .0 |
|  .0 |  .0 |  .0 ||  .0 |  .0 |  .0 ||  .0 |  .0 |  .0 |
|========+========+========||========+========+========||========+========+========|
|  .0 |  .0 |  .0 ||  .0 |  .0 |  .0 ||  .0 |  .0 |  .0 |
|  .0 |  .0 |  .0 ||  .0 |  .0 |  .0 ||  .0 |  .0 |  .0 |
|  .0 |  .0 |  .0 ||  .0 |  .0 |  .0 ||  .0 |  .0 |  .0 |

, state=
|* 0. |* 0. |* 0. ||  0. |  0. |  0. ||  0. |  0. |  0. |
|* 0. |* 0. |* 0. ||  0. |  0. |  1. ||  0. |  0. |  0. |
|* 0. |* 0. |* 0. ||  0. |  0. |  0. ||  0. |  0. |  0. |
|=====+=====+=====||=====+=====+=====||=====+=====+=====|
|  0. |  0. |  0. ||  0. |  0. |  0. || -1. | -1. |  0. |
|  0. |  0. |  0. ||  0. |  0. |  0. ||  0. |  0. |  1. |
|  0. |  0. |  0. ||  0. |  0. |  0. ||  0. |  0. |  0. |
|=====+=====+=====||=====+=====+=====||=====+=====+=====|
|  0. |  0. |  0. ||  0. |  0. |  0. ||  0. |  0. |  0. |
|  0. |  0. |  0. ||  0. |  0. |  0. ||  0. |  0. |  0. |
|  0. |  0. |  0. ||  0. |  0. |  0. ||  0. |  0. |  0. |

, evalForThisState=1.0, isPlayerOneTurnOriginally=true}, StateDatum{MCTSProbabilites=
|  .0 |  .0 |  .0 ||  .0372 |  .0248 |  .0539 ||  .0 |  .0 |  .0 |
|  .0 |  .0 |  .0 ||  .0581 |  .038 |  .0 ||  .0 |  .0 |  .0 |
|  .0 |  .0 |  .0 ||  .2926 |  .4606 |  .0348 ||  .0 |  .0 |  .0 |
|========+========+========||========+========+========||========+========+========|
|  .0 |  .0 |  .0 ||  .0 |  .0 |  .0 ||  .0 |  .0 |  .0 |
|  .0 |  .0 |  .0 ||  .0 |  .0 |  .0 ||  .0 |  .0 |  .0 |
|  .0 |  .0 |  .0 ||  .0 |  .0 |  .0 ||  .0 |  .0 |  .0 |
|========+========+========||========+========+========||========+========+========|
|  .0 |  .0 |  .0 ||  .0 |  .0 |  .0 ||  .0 |  .0 |  .0 |
|  .0 |  .0 |  .0 ||  .0 |  .0 |  .0 ||  .0 |  .0 |  .0 |
|  .0 |  .0 |  .0 ||  .0 |  .0 |  .0 ||  .0 |  .0 |  .0 |

, state=
| -0. | -1. | -0. ||*-0. |*-0. |*-0. || -0. | -0. | -0. |
| -0. | -0. | -0. ||*-0. |*-0. |*-1. || -0. | -0. | -0. |
| -0. | -0. | -0. ||*-0. |*-0. |*-0. || -0. | -0. | -0. |
|=====+=====+=====||=====+=====+=====||=====+=====+=====|
| -0. | -0. | -0. || -0. | -0. | -0. ||  1. |  1. | -0. |
| -0. | -0. | -0. || -0. | -0. | -0. || -0. | -0. | -1. |
| -0. | -0. | -0. || -0. | -0. | -0. || -0. | -0. | -0. |
|=====+=====+=====||=====+=====+=====||=====+=====+=====|
| -0. | -0. | -0. || -0. | -0. | -0. || -0. | -0. | -0. |
| -0. | -0. | -0. || -0. | -0. | -0. || -0. | -0. | -0. |
| -0. | -0. | -0. || -0. | -0. | -0. || -0. | -0. | -0. |

, evalForThisState=-1.0, isPlayerOneTurnOriginally=false}, StateDatum{MCTSProbabilites=
|  .0 |  .0 |  .0 ||  .0 |  .0 |  .0 ||  .0 |  .0 |  .0 |
|  .0 |  .0 |  .0 ||  .0 |  .0 |  .0 ||  .0 |  .0 |  .0 |
|  .0 |  .0 |  .0 ||  .0 |  .0 |  .0 ||  .0 |  .0 |  .0 |
|========+========+========||========+========+========||========+========+========|
|  .0 |  .0 |  .0 ||  .0 |  .0 |  .0 ||  .0 |  .0 |  .0 |
|  .0 |  .0 |  .0 ||  .0 |  .0 |  .0 ||  .0 |  .0 |  .0 |
|  .0 |  .0 |  .0 ||  .0 |  .0 |  .0 ||  .0 |  .0 |  .0 |
|========+========+========||========+========+========||========+========+========|
|  .0 |  .0 |  .0 ||  .3094 |  .0678 |  .0626 ||  .0 |  .0 |  .0 |
|  .0 |  .0 |  .0 ||  .0722 |  .0436 |  .0482 ||  .0 |  .0 |  .0 |
|  .0 |  .0 |  .0 ||  .2083 |  .1359 |  .052 ||  .0 |  .0 |  .0 |

, state=
|  0. |  1. |  0. ||  0. |  0. |  0. ||  0. |  0. |  0. |
|  0. |  0. |  0. ||  0. |  0. |  1. ||  0. |  0. |  0. |
|  0. |  0. |  0. ||  0. | -1. |  0. ||  0. |  0. |  0. |
|=====+=====+=====||=====+=====+=====||=====+=====+=====|
|  0. |  0. |  0. ||  0. |  0. |  0. || -1. | -1. |  0. |
|  0. |  0. |  0. ||  0. |  0. |  0. ||  0. |  0. |  1. |
|  0. |  0. |  0. ||  0. |  0. |  0. ||  0. |  0. |  0. |
|=====+=====+=====||=====+=====+=====||=====+=====+=====|
|  0. |  0. |  0. ||* 0. |* 0. |* 0. ||  0. |  0. |  0. |
|  0. |  0. |  0. ||* 0. |* 0. |* 0. ||  0. |  0. |  0. |
|  0. |  0. |  0. ||* 0. |* 0. |* 0. ||  0. |  0. |  0. |

, evalForThisState=1.0, isPlayerOneTurnOriginally=true}, StateDatum{MCTSProbabilites=
|  .0267 |  .0 |  .0354 ||  .0 |  .0 |  .0 ||  .0 |  .0 |  .0 |
|  .074 |  .3179 |  .3442 ||  .0 |  .0 |  .0 ||  .0 |  .0 |  .0 |
|  .0641 |  .0734 |  .0643 ||  .0 |  .0 |  .0 ||  .0 |  .0 |  .0 |
|========+========+========||========+========+========||========+========+========|
|  .0 |  .0 |  .0 ||  .0 |  .0 |  .0 ||  .0 |  .0 |  .0 |
|  .0 |  .0 |  .0 ||  .0 |  .0 |  .0 ||  .0 |  .0 |  .0 |
|  .0 |  .0 |  .0 ||  .0 |  .0 |  .0 ||  .0 |  .0 |  .0 |
|========+========+========||========+========+========||========+========+========|
|  .0 |  .0 |  .0 ||  .0 |  .0 |  .0 ||  .0 |  .0 |  .0 |
|  .0 |  .0 |  .0 ||  .0 |  .0 |  .0 ||  .0 |  .0 |  .0 |
|  .0 |  .0 |  .0 ||  .0 |  .0 |  .0 ||  .0 |  .0 |  .0 |

, state=
|*-0. |*-1. |*-0. || -0. | -0. | -0. || -0. | -0. | -0. |
|*-0. |*-0. |*-0. || -0. | -0. | -1. || -0. | -0. | -0. |
|*-0. |*-0. |*-0. || -0. |  1. | -0. || -0. | -0. | -0. |
|=====+=====+=====||=====+=====+=====||=====+=====+=====|
| -0. | -0. | -0. || -0. | -0. | -0. ||  1. |  1. | -0. |
| -0. | -0. | -0. || -0. | -0. | -0. || -0. | -0. | -1. |
| -0. | -0. | -0. || -0. | -0. | -0. || -0. | -0. | -0. |
|=====+=====+=====||=====+=====+=====||=====+=====+=====|
| -0. | -0. | -0. || -1. | -0. | -0. || -0. | -0. | -0. |
| -0. | -0. | -0. || -0. | -0. | -0. || -0. | -0. | -0. |
| -0. | -0. | -0. || -0. | -0. | -0. || -0. | -0. | -0. |

, evalForThisState=-1.0, isPlayerOneTurnOriginally=false}, StateDatum{MCTSProbabilites=
|  .0 |  .0 |  .0 ||  .0 |  .0 |  .0 ||  .0 |  .0 |  .0 |
|  .0 |  .0 |  .0 ||  .0 |  .0 |  .0 ||  .0 |  .0 |  .0 |
|  .0 |  .0 |  .0 ||  .0 |  .0 |  .0 ||  .0 |  .0 |  .0 |
|========+========+========||========+========+========||========+========+========|
|  .0 |  .0 |  .0 ||  .0 |  .0 |  .0 ||  .0 |  .0 |  .1065 |
|  .0 |  .0 |  .0 ||  .0 |  .0 |  .0 ||  .1772 |  .1726 |  .0 |
|  .0 |  .0 |  .0 ||  .0 |  .0 |  .0 ||  .041 |  .2741 |  .2286 |
|========+========+========||========+========+========||========+========+========|
|  .0 |  .0 |  .0 ||  .0 |  .0 |  .0 ||  .0 |  .0 |  .0 |
|  .0 |  .0 |  .0 ||  .0 |  .0 |  .0 ||  .0 |  .0 |  .0 |
|  .0 |  .0 |  .0 ||  .0 |  .0 |  .0 ||  .0 |  .0 |  .0 |

, state=
|  0. |  1. |  0. ||  0. |  0. |  0. ||  0. |  0. |  0. |
|  0. |  0. | -1. ||  0. |  0. |  1. ||  0. |  0. |  0. |
|  0. |  0. |  0. ||  0. | -1. |  0. ||  0. |  0. |  0. |
|=====+=====+=====||=====+=====+=====||=====+=====+=====|
|  0. |  0. |  0. ||  0. |  0. |  0. ||*-1. |*-1. |* 0. |
|  0. |  0. |  0. ||  0. |  0. |  0. ||* 0. |* 0. |* 1. |
|  0. |  0. |  0. ||  0. |  0. |  0. ||* 0. |* 0. |* 0. |
|=====+=====+=====||=====+=====+=====||=====+=====+=====|
|  0. |  0. |  0. ||  1. |  0. |  0. ||  0. |  0. |  0. |
|  0. |  0. |  0. ||  0. |  0. |  0. ||  0. |  0. |  0. |
|  0. |  0. |  0. ||  0. |  0. |  0. ||  0. |  0. |  0. |

, evalForThisState=1.0, isPlayerOneTurnOriginally=true}, StateDatum{MCTSProbabilites=
|  .0 |  .0 |  .0 ||  .0 |  .0 |  .0 ||  .0 |  .0 |  .0 |
|  .0 |  .0 |  .0 ||  .0 |  .0 |  .0 ||  .0 |  .0 |  .0 |
|  .0 |  .0 |  .0 ||  .0 |  .0 |  .0 ||  .0 |  .0 |  .0 |
|========+========+========||========+========+========||========+========+========|
|  .0 |  .0 |  .0 ||  .0 |  .0 |  .0 ||  .0 |  .0 |  .0 |
|  .0 |  .0 |  .0 ||  .0 |  .0 |  .0 ||  .0 |  .0 |  .0 |
|  .0 |  .0 |  .0 ||  .0 |  .0 |  .0 ||  .0 |  .0 |  .0 |
|========+========+========||========+========+========||========+========+========|
|  .0 |  .0 |  .0 ||  .0 |  .0525 |  .04 ||  .0 |  .0 |  .0 |
|  .0 |  .0 |  .0 ||  .151 |  .036 |  .2131 ||  .0 |  .0 |  .0 |
|  .0 |  .0 |  .0 ||  .0493 |  .1946 |  .2635 ||  .0 |  .0 |  .0 |

, state=
| -0. | -1. | -0. || -0. | -0. | -0. || -0. | -0. | -0. |
| -0. | -0. |  1. || -0. | -0. | -1. || -0. | -0. | -0. |
| -0. | -0. | -0. || -0. |  1. | -0. || -0. | -0. | -0. |
|=====+=====+=====||=====+=====+=====||=====+=====+=====|
| -0. | -0. | -0. || -0. | -0. | -0. ||  1. |  1. | -0. |
| -0. | -0. | -0. || -0. | -0. | -0. || -0. | -0. | -1. |
| -0. | -0. | -0. || -0. | -0. | -0. || -0. | -1. | -0. |
|=====+=====+=====||=====+=====+=====||=====+=====+=====|
| -0. | -0. | -0. ||*-1. |*-0. |*-0. || -0. | -0. | -0. |
| -0. | -0. | -0. ||*-0. |*-0. |*-0. || -0. | -0. | -0. |
| -0. | -0. | -0. ||*-0. |*-0. |*-0. || -0. | -0. | -0. |

, evalForThisState=-1.0, isPlayerOneTurnOriginally=false}, StateDatum{MCTSProbabilites=
|  .0 |  .0 |  .0 ||  .0 |  .0 |  .0 ||  .0 |  .0 |  .0 |
|  .0 |  .0 |  .0 ||  .0 |  .0 |  .0 ||  .0 |  .0 |  .0 |
|  .0 |  .0 |  .0 ||  .0 |  .0 |  .0 ||  .0 |  .0 |  .0 |
|========+========+========||========+========+========||========+========+========|
|  .0 |  .0 |  .0 ||  .0 |  .0 |  .0 ||  .0 |  .0 |  .0 |
|  .0 |  .0 |  .0 ||  .0 |  .0 |  .0 ||  .0 |  .0 |  .0 |
|  .0 |  .0 |  .0 ||  .0 |  .0 |  .0 ||  .0 |  .0 |  .0 |
|========+========+========||========+========+========||========+========+========|
|  .0 |  .0 |  .0 ||  .0 |  .0 |  .0 ||  .1977 |  .1936 |  .0757 |
|  .0 |  .0 |  .0 ||  .0 |  .0 |  .0 ||  .0758 |  .0489 |  .0479 |
|  .0 |  .0 |  .0 ||  .0 |  .0 |  .0 ||  .0433 |  .143 |  .1741 |

, state=
|  0. |  1. |  0. ||  0. |  0. |  0. ||  0. |  0. |  0. |
|  0. |  0. | -1. ||  0. |  0. |  1. ||  0. |  0. |  0. |
|  0. |  0. |  0. ||  0. | -1. |  0. ||  0. |  0. |  0. |
|=====+=====+=====||=====+=====+=====||=====+=====+=====|
|  0. |  0. |  0. ||  0. |  0. |  0. || -1. | -1. |  0. |
|  0. |  0. |  0. ||  0. |  0. |  0. ||  0. |  0. |  1. |
|  0. |  0. |  0. ||  0. |  0. |  0. ||  0. |  1. |  0. |
|=====+=====+=====||=====+=====+=====||=====+=====+=====|
|  0. |  0. |  0. ||  1. |  0. |  0. ||* 0. |* 0. |* 0. |
|  0. |  0. |  0. ||  0. |  0. |  0. ||* 0. |* 0. |* 0. |
|  0. |  0. |  0. ||  0. |  0. | -1. ||* 0. |* 0. |* 0. |

, evalForThisState=1.0, isPlayerOneTurnOriginally=true}, StateDatum{MCTSProbabilites=
|  .2014 |  .0 |  .192 ||  .0 |  .0 |  .0 ||  .0 |  .0 |  .0 |
|  .0419 |  .1708 |  .0 ||  .0 |  .0 |  .0 ||  .0 |  .0 |  .0 |
|  .0454 |  .2743 |  .0743 ||  .0 |  .0 |  .0 ||  .0 |  .0 |  .0 |
|========+========+========||========+========+========||========+========+========|
|  .0 |  .0 |  .0 ||  .0 |  .0 |  .0 ||  .0 |  .0 |  .0 |
|  .0 |  .0 |  .0 ||  .0 |  .0 |  .0 ||  .0 |  .0 |  .0 |
|  .0 |  .0 |  .0 ||  .0 |  .0 |  .0 ||  .0 |  .0 |  .0 |
|========+========+========||========+========+========||========+========+========|
|  .0 |  .0 |  .0 ||  .0 |  .0 |  .0 ||  .0 |  .0 |  .0 |
|  .0 |  .0 |  .0 ||  .0 |  .0 |  .0 ||  .0 |  .0 |  .0 |
|  .0 |  .0 |  .0 ||  .0 |  .0 |  .0 ||  .0 |  .0 |  .0 |

, state=
|*-0. |*-1. |*-0. || -0. | -0. | -0. || -0. | -0. | -0. |
|*-0. |*-0. |* 1. || -0. | -0. | -1. || -0. | -0. | -0. |
|*-0. |*-0. |*-0. || -0. |  1. | -0. || -0. | -0. | -0. |
|=====+=====+=====||=====+=====+=====||=====+=====+=====|
| -0. | -0. | -0. || -0. | -0. | -0. ||  1. |  1. | -0. |
| -0. | -0. | -0. || -0. | -0. | -0. || -0. | -0. | -1. |
| -0. | -0. | -0. || -0. | -0. | -0. || -0. | -1. | -0. |
|=====+=====+=====||=====+=====+=====||=====+=====+=====|
| -0. | -0. | -0. || -1. | -0. | -0. || -1. | -0. | -0. |
| -0. | -0. | -0. || -0. | -0. | -0. || -0. | -0. | -0. |
| -0. | -0. | -0. || -0. | -0. |  1. || -0. | -0. | -0. |

, evalForThisState=-1.0, isPlayerOneTurnOriginally=false}, StateDatum{MCTSProbabilites=
|  .0 |  .0 |  .0 ||  .0 |  .0 |  .0 ||  .0 |  .0 |  .0 |
|  .0 |  .0 |  .0 ||  .0 |  .0 |  .0 ||  .0 |  .0 |  .0 |
|  .0 |  .0 |  .0 ||  .0 |  .0 |  .0 ||  .0 |  .0 |  .0 |
|========+========+========||========+========+========||========+========+========|
|  .0 |  .0 |  .0 ||  .0 |  .0 |  .0 ||  .0 |  .0 |  .0 |
|  .0 |  .0 |  .0 ||  .0 |  .0 |  .0 ||  .0 |  .0 |  .0 |
|  .0 |  .0 |  .0 ||  .0 |  .0 |  .0 ||  .0 |  .0 |  .0 |
|========+========+========||========+========+========||========+========+========|
|  .0 |  .0 |  .0 ||  .0 |  .1585 |  .0407 ||  .0 |  .0 |  .0 |
|  .0 |  .0 |  .0 ||  .16 |  .0378 |  .2393 ||  .0 |  .0 |  .0 |
|  .0 |  .0 |  .0 ||  .1702 |  .1936 |  .0 ||  .0 |  .0 |  .0 |

, state=
|  0. |  1. |  0. ||  0. |  0. |  0. ||  0. |  0. |  0. |
|  0. |  0. | -1. ||  0. |  0. |  1. ||  0. |  0. |  0. |
|  0. | -1. |  0. ||  0. | -1. |  0. ||  0. |  0. |  0. |
|=====+=====+=====||=====+=====+=====||=====+=====+=====|
|  0. |  0. |  0. ||  0. |  0. |  0. || -1. | -1. |  0. |
|  0. |  0. |  0. ||  0. |  0. |  0. ||  0. |  0. |  1. |
|  0. |  0. |  0. ||  0. |  0. |  0. ||  0. |  1. |  0. |
|=====+=====+=====||=====+=====+=====||=====+=====+=====|
|  0. |  0. |  0. ||* 1. |* 0. |* 0. ||  1. |  0. |  0. |
|  0. |  0. |  0. ||* 0. |* 0. |* 0. ||  0. |  0. |  0. |
|  0. |  0. |  0. ||* 0. |* 0. |*-1. ||  0. |  0. |  0. |

, evalForThisState=1.0, isPlayerOneTurnOriginally=true}, StateDatum{MCTSProbabilites=
|  .0 |  .0 |  .0 ||  .0 |  .0 |  .0 ||  .0 |  .0 |  .0 |
|  .0 |  .0 |  .0 ||  .0 |  .0 |  .0 ||  .0 |  .0 |  .0 |
|  .0 |  .0 |  .0 ||  .0 |  .0 |  .0 ||  .0 |  .0 |  .0 |
|========+========+========||========+========+========||========+========+========|
|  .0 |  .0 |  .0 ||  .0 |  .0 |  .0 ||  .0 |  .0 |  .1868 |
|  .0 |  .0 |  .0 ||  .0 |  .0 |  .0 ||  .3559 |  .0328 |  .0 |
|  .0 |  .0 |  .0 ||  .0 |  .0 |  .0 ||  .2779 |  .0 |  .1466 |
|========+========+========||========+========+========||========+========+========|
|  .0 |  .0 |  .0 ||  .0 |  .0 |  .0 ||  .0 |  .0 |  .0 |
|  .0 |  .0 |  .0 ||  .0 |  .0 |  .0 ||  .0 |  .0 |  .0 |
|  .0 |  .0 |  .0 ||  .0 |  .0 |  .0 ||  .0 |  .0 |  .0 |

, state=
| -0. | -1. | -0. || -0. | -0. | -0. || -0. | -0. | -0. |
| -0. | -0. |  1. || -0. | -0. | -1. || -0. | -0. | -0. |
| -0. |  1. | -0. || -0. |  1. | -0. || -0. | -0. | -0. |
|=====+=====+=====||=====+=====+=====||=====+=====+=====|
| -0. | -0. | -0. || -0. | -0. | -0. ||* 1. |* 1. |*-0. |
| -0. | -0. | -0. || -0. | -0. | -0. ||*-0. |*-0. |*-1. |
| -0. | -0. | -0. || -0. | -0. | -0. ||*-0. |*-1. |*-0. |
|=====+=====+=====||=====+=====+=====||=====+=====+=====|
| -0. | -0. | -0. || -1. | -0. | -0. || -1. | -0. | -0. |
| -0. | -0. | -0. || -0. | -0. | -1. || -0. | -0. | -0. |
| -0. | -0. | -0. || -0. | -0. |  1. || -0. | -0. | -0. |

, evalForThisState=-1.0, isPlayerOneTurnOriginally=false}, StateDatum{MCTSProbabilites=
|  .0 |  .0 |  .0 ||  .0 |  .0 |  .0 ||  .0 |  .0 |  .0 |
|  .0 |  .0 |  .0 ||  .0 |  .0 |  .0 ||  .0 |  .0 |  .0 |
|  .0 |  .0 |  .0 ||  .0 |  .0 |  .0 ||  .0 |  .0 |  .0 |
|========+========+========||========+========+========||========+========+========|
|  .2064 |  .1117 |  .1981 ||  .0 |  .0 |  .0 ||  .0 |  .0 |  .0 |
|  .0524 |  .0362 |  .1468 ||  .0 |  .0 |  .0 ||  .0 |  .0 |  .0 |
|  .0372 |  .039 |  .1722 ||  .0 |  .0 |  .0 ||  .0 |  .0 |  .0 |
|========+========+========||========+========+========||========+========+========|
|  .0 |  .0 |  .0 ||  .0 |  .0 |  .0 ||  .0 |  .0 |  .0 |
|  .0 |  .0 |  .0 ||  .0 |  .0 |  .0 ||  .0 |  .0 |  .0 |
|  .0 |  .0 |  .0 ||  .0 |  .0 |  .0 ||  .0 |  .0 |  .0 |

, state=
|  0. |  1. |  0. ||  0. |  0. |  0. ||  0. |  0. |  0. |
|  0. |  0. | -1. ||  0. |  0. |  1. ||  0. |  0. |  0. |
|  0. | -1. |  0. ||  0. | -1. |  0. ||  0. |  0. |  0. |
|=====+=====+=====||=====+=====+=====||=====+=====+=====|
|* 0. |* 0. |* 0. ||  0. |  0. |  0. || -1. | -1. |  0. |
|* 0. |* 0. |* 0. ||  0. |  0. |  0. || -1. |  0. |  1. |
|* 0. |* 0. |* 0. ||  0. |  0. |  0. ||  0. |  1. |  0. |
|=====+=====+=====||=====+=====+=====||=====+=====+=====|
|  0. |  0. |  0. ||  1. |  0. |  0. ||  1. |  0. |  0. |
|  0. |  0. |  0. ||  0. |  0. |  1. ||  0. |  0. |  0. |
|  0. |  0. |  0. ||  0. |  0. | -1. ||  0. |  0. |  0. |

, evalForThisState=1.0, isPlayerOneTurnOriginally=true}, StateDatum{MCTSProbabilites=
|  .1494 |  .0 |  .2105 ||  .0 |  .0 |  .0 ||  .0 |  .0 |  .0 |
|  .265 |  .2132 |  .0 ||  .0 |  .0 |  .0 ||  .0 |  .0 |  .0 |
|  .0373 |  .0 |  .1245 ||  .0 |  .0 |  .0 ||  .0 |  .0 |  .0 |
|========+========+========||========+========+========||========+========+========|
|  .0 |  .0 |  .0 ||  .0 |  .0 |  .0 ||  .0 |  .0 |  .0 |
|  .0 |  .0 |  .0 ||  .0 |  .0 |  .0 ||  .0 |  .0 |  .0 |
|  .0 |  .0 |  .0 ||  .0 |  .0 |  .0 ||  .0 |  .0 |  .0 |
|========+========+========||========+========+========||========+========+========|
|  .0 |  .0 |  .0 ||  .0 |  .0 |  .0 ||  .0 |  .0 |  .0 |
|  .0 |  .0 |  .0 ||  .0 |  .0 |  .0 ||  .0 |  .0 |  .0 |
|  .0 |  .0 |  .0 ||  .0 |  .0 |  .0 ||  .0 |  .0 |  .0 |

, state=
|*-0. |*-1. |*-0. || -0. | -0. | -0. || -0. | -0. | -0. |
|*-0. |*-0. |* 1. || -0. | -0. | -1. || -0. | -0. | -0. |
|*-0. |* 1. |*-0. || -0. |  1. | -0. || -0. | -0. | -0. |
|=====+=====+=====||=====+=====+=====||=====+=====+=====|
| -1. | -0. | -0. || -0. | -0. | -0. ||  1. |  1. | -0. |
| -0. | -0. | -0. || -0. | -0. | -0. ||  1. | -0. | -1. |
| -0. | -0. | -0. || -0. | -0. | -0. || -0. | -1. | -0. |
|=====+=====+=====||=====+=====+=====||=====+=====+=====|
| -0. | -0. | -0. || -1. | -0. | -0. || -1. | -0. | -0. |
| -0. | -0. | -0. || -0. | -0. | -1. || -0. | -0. | -0. |
| -0. | -0. | -0. || -0. | -0. |  1. || -0. | -0. | -0. |

, evalForThisState=-1.0, isPlayerOneTurnOriginally=false}, StateDatum{MCTSProbabilites=
|  .0 |  .0 |  .0 ||  .0 |  .0 |  .0 ||  .0 |  .0 |  .0 |
|  .0 |  .0 |  .0 ||  .0 |  .0 |  .0 ||  .0 |  .0 |  .0 |
|  .0 |  .0 |  .0 ||  .0 |  .0 |  .0 ||  .0 |  .0 |  .0 |
|========+========+========||========+========+========||========+========+========|
|  .0 |  .159 |  .0263 ||  .0 |  .0 |  .0 ||  .0 |  .0 |  .0 |
|  .1365 |  .0647 |  .1253 ||  .0 |  .0 |  .0 ||  .0 |  .0 |  .0 |
|  .1764 |  .1435 |  .1683 ||  .0 |  .0 |  .0 ||  .0 |  .0 |  .0 |
|========+========+========||========+========+========||========+========+========|
|  .0 |  .0 |  .0 ||  .0 |  .0 |  .0 ||  .0 |  .0 |  .0 |
|  .0 |  .0 |  .0 ||  .0 |  .0 |  .0 ||  .0 |  .0 |  .0 |
|  .0 |  .0 |  .0 ||  .0 |  .0 |  .0 ||  .0 |  .0 |  .0 |

, state=
|  0. |  1. |  0. ||  0. |  0. |  0. ||  0. |  0. |  0. |
| -1. |  0. | -1. ||  0. |  0. |  1. ||  0. |  0. |  0. |
|  0. | -1. |  0. ||  0. | -1. |  0. ||  0. |  0. |  0. |
|=====+=====+=====||=====+=====+=====||=====+=====+=====|
|* 1. |* 0. |* 0. ||  0. |  0. |  0. || -1. | -1. |  0. |
|* 0. |* 0. |* 0. ||  0. |  0. |  0. || -1. |  0. |  1. |
|* 0. |* 0. |* 0. ||  0. |  0. |  0. ||  0. |  1. |  0. |
|=====+=====+=====||=====+=====+=====||=====+=====+=====|
|  0. |  0. |  0. ||  1. |  0. |  0. ||  1. |  0. |  0. |
|  0. |  0. |  0. ||  0. |  0. |  1. ||  0. |  0. |  0. |
|  0. |  0. |  0. ||  0. |  0. | -1. ||  0. |  0. |  0. |

, evalForThisState=1.0, isPlayerOneTurnOriginally=true}, StateDatum{MCTSProbabilites=
|  .0 |  .0 |  .0 ||  .0 |  .0 |  .0 ||  .0 |  .0 |  .0 |
|  .0 |  .0 |  .0 ||  .0 |  .0 |  .0 ||  .0 |  .0 |  .0 |
|  .0 |  .0 |  .0 ||  .0 |  .0 |  .0 ||  .0 |  .0 |  .0 |
|========+========+========||========+========+========||========+========+========|
|  .0 |  .0 |  .0 ||  .0 |  .0 |  .0 ||  .0 |  .0 |  .0 |
|  .0 |  .0 |  .0 ||  .0 |  .0 |  .0 ||  .0 |  .0 |  .0 |
|  .0 |  .0 |  .0 ||  .0 |  .0 |  .0 ||  .0 |  .0 |  .0 |
|========+========+========||========+========+========||========+========+========|
|  .1013 |  .1632 |  .1758 ||  .0 |  .0 |  .0 ||  .0 |  .0 |  .0 |
|  .0887 |  .0567 |  .0999 ||  .0 |  .0 |  .0 ||  .0 |  .0 |  .0 |
|  .0716 |  .1027 |  .14 ||  .0 |  .0 |  .0 ||  .0 |  .0 |  .0 |

, state=
| -0. | -1. | -0. || -0. | -0. | -0. || -0. | -0. | -0. |
|  1. | -0. |  1. || -0. | -0. | -1. || -0. | -0. | -0. |
| -0. |  1. | -0. || -0. |  1. | -0. || -0. | -0. | -0. |
|=====+=====+=====||=====+=====+=====||=====+=====+=====|
| -1. | -0. | -0. || -0. | -0. | -0. ||  1. |  1. | -0. |
| -0. | -0. | -0. || -0. | -0. | -0. ||  1. | -0. | -1. |
| -1. | -0. | -0. || -0. | -0. | -0. || -0. | -1. | -0. |
|=====+=====+=====||=====+=====+=====||=====+=====+=====|
|*-0. |*-0. |*-0. || -1. | -0. | -0. || -1. | -0. | -0. |
|*-0. |*-0. |*-0. || -0. | -0. | -1. || -0. | -0. | -0. |
|*-0. |*-0. |*-0. || -0. | -0. |  1. || -0. | -0. | -0. |

, evalForThisState=-1.0, isPlayerOneTurnOriginally=false}, StateDatum{MCTSProbabilites=
|  .0 |  .0 |  .0 ||  .0 |  .0 |  .0 ||  .1258 |  .0246 |  .1428 |
|  .0 |  .0 |  .0 ||  .0 |  .0 |  .0 ||  .1579 |  .0841 |  .1447 |
|  .0 |  .0 |  .0 ||  .0 |  .0 |  .0 ||  .0248 |  .1397 |  .1556 |
|========+========+========||========+========+========||========+========+========|
|  .0 |  .0 |  .0 ||  .0 |  .0 |  .0 ||  .0 |  .0 |  .0 |
|  .0 |  .0 |  .0 ||  .0 |  .0 |  .0 ||  .0 |  .0 |  .0 |
|  .0 |  .0 |  .0 ||  .0 |  .0 |  .0 ||  .0 |  .0 |  .0 |
|========+========+========||========+========+========||========+========+========|
|  .0 |  .0 |  .0 ||  .0 |  .0 |  .0 ||  .0 |  .0 |  .0 |
|  .0 |  .0 |  .0 ||  .0 |  .0 |  .0 ||  .0 |  .0 |  .0 |
|  .0 |  .0 |  .0 ||  .0 |  .0 |  .0 ||  .0 |  .0 |  .0 |

, state=
|  0. |  1. |  0. ||  0. |  0. |  0. ||* 0. |* 0. |* 0. |
| -1. |  0. | -1. ||  0. |  0. |  1. ||* 0. |* 0. |* 0. |
|  0. | -1. |  0. ||  0. | -1. |  0. ||* 0. |* 0. |* 0. |
|=====+=====+=====||=====+=====+=====||=====+=====+=====|
|  1. |  0. |  0. ||  0. |  0. |  0. || -1. | -1. |  0. |
|  0. |  0. |  0. ||  0. |  0. |  0. || -1. |  0. |  1. |
|  1. |  0. |  0. ||  0. |  0. |  0. ||  0. |  1. |  0. |
|=====+=====+=====||=====+=====+=====||=====+=====+=====|
|  0. |  0. | -1. ||  1. |  0. |  0. ||  1. |  0. |  0. |
|  0. |  0. |  0. ||  0. |  0. |  1. ||  0. |  0. |  0. |
|  0. |  0. |  0. ||  0. |  0. | -1. ||  0. |  0. |  0. |

, evalForThisState=1.0, isPlayerOneTurnOriginally=true}, StateDatum{MCTSProbabilites=
|  .0 |  .0 |  .0 ||  .0 |  .0 |  .0 ||  .0 |  .0 |  .0 |
|  .0 |  .0 |  .0 ||  .0 |  .0 |  .0 ||  .0 |  .0 |  .0 |
|  .0 |  .0 |  .0 ||  .0 |  .0 |  .0 ||  .0 |  .0 |  .0 |
|========+========+========||========+========+========||========+========+========|
|  .0 |  .1259 |  .158 ||  .0 |  .0 |  .0 ||  .0 |  .0 |  .0 |
|  .1723 |  .1528 |  .1004 ||  .0 |  .0 |  .0 ||  .0 |  .0 |  .0 |
|  .0 |  .1487 |  .142 ||  .0 |  .0 |  .0 ||  .0 |  .0 |  .0 |
|========+========+========||========+========+========||========+========+========|
|  .0 |  .0 |  .0 ||  .0 |  .0 |  .0 ||  .0 |  .0 |  .0 |
|  .0 |  .0 |  .0 ||  .0 |  .0 |  .0 ||  .0 |  .0 |  .0 |
|  .0 |  .0 |  .0 ||  .0 |  .0 |  .0 ||  .0 |  .0 |  .0 |

, state=
| -0. | -1. | -0. || -0. | -0. | -0. || -0. | -0. | -0. |
|  1. | -0. |  1. || -0. | -0. | -1. || -1. | -0. | -0. |
| -0. |  1. | -0. || -0. |  1. | -0. || -0. | -0. | -0. |
|=====+=====+=====||=====+=====+=====||=====+=====+=====|
|*-1. |*-0. |*-0. || -0. | -0. | -0. ||  1. |  1. | -0. |
|*-0. |*-0. |*-0. || -0. | -0. | -0. ||  1. | -0. | -1. |
|*-1. |*-0. |*-0. || -0. | -0. | -0. || -0. | -1. | -0. |
|=====+=====+=====||=====+=====+=====||=====+=====+=====|
| -0. | -0. |  1. || -1. | -0. | -0. || -1. | -0. | -0. |
| -0. | -0. | -0. || -0. | -0. | -1. || -0. | -0. | -0. |
| -0. | -0. | -0. || -0. | -0. |  1. || -0. | -0. | -0. |

, evalForThisState=-1.0, isPlayerOneTurnOriginally=false}, StateDatum{MCTSProbabilites=
|  .0 |  .0 |  .0 ||  .0 |  .0 |  .0 ||  .0 |  .0 |  .0 |
|  .0 |  .0 |  .0 ||  .0 |  .0 |  .0 ||  .0 |  .0 |  .0 |
|  .0 |  .0 |  .0 ||  .0 |  .0 |  .0 ||  .0 |  .0 |  .0 |
|========+========+========||========+========+========||========+========+========|
|  .0 |  .1519 |  .1945 ||  .0 |  .0 |  .0 ||  .0 |  .0 |  .0 |
|  .0 |  .1975 |  .1572 ||  .0 |  .0 |  .0 ||  .0 |  .0 |  .0 |
|  .0 |  .127 |  .1719 ||  .0 |  .0 |  .0 ||  .0 |  .0 |  .0 |
|========+========+========||========+========+========||========+========+========|
|  .0 |  .0 |  .0 ||  .0 |  .0 |  .0 ||  .0 |  .0 |  .0 |
|  .0 |  .0 |  .0 ||  .0 |  .0 |  .0 ||  .0 |  .0 |  .0 |
|  .0 |  .0 |  .0 ||  .0 |  .0 |  .0 ||  .0 |  .0 |  .0 |

, state=
|  0. |  1. |  0. ||  0. |  0. |  0. ||  0. |  0. |  0. |
| -1. |  0. | -1. ||  0. |  0. |  1. ||  1. |  0. |  0. |
|  0. | -1. |  0. ||  0. | -1. |  0. ||  0. |  0. |  0. |
|=====+=====+=====||=====+=====+=====||=====+=====+=====|
|* 1. |* 0. |* 0. ||  0. |  0. |  0. || -1. | -1. |  0. |
|*-1. |* 0. |* 0. ||  0. |  0. |  0. || -1. |  0. |  1. |
|* 1. |* 0. |* 0. ||  0. |  0. |  0. ||  0. |  1. |  0. |
|=====+=====+=====||=====+=====+=====||=====+=====+=====|
|  0. |  0. | -1. ||  1. |  0. |  0. ||  1. |  0. |  0. |
|  0. |  0. |  0. ||  0. |  0. |  1. ||  0. |  0. |  0. |
|  0. |  0. |  0. ||  0. |  0. | -1. ||  0. |  0. |  0. |

, evalForThisState=1.0, isPlayerOneTurnOriginally=true}, StateDatum{MCTSProbabilites=
|  .0 |  .0 |  .0 ||  .0 |  .0 |  .0 ||  .0 |  .0 |  .0 |
|  .0 |  .0 |  .0 ||  .0 |  .0 |  .0 ||  .0 |  .0 |  .0 |
|  .0 |  .0 |  .0 ||  .0 |  .0 |  .0 ||  .0 |  .0 |  .0 |
|========+========+========||========+========+========||========+========+========|
|  .0 |  .0 |  .0 ||  .0788 |  .1301 |  .1452 ||  .0 |  .0 |  .0 |
|  .0 |  .0 |  .0 ||  .0981 |  .0519 |  .1076 ||  .0 |  .0 |  .0 |
|  .0 |  .0 |  .0 ||  .1303 |  .1114 |  .1465 ||  .0 |  .0 |  .0 |
|========+========+========||========+========+========||========+========+========|
|  .0 |  .0 |  .0 ||  .0 |  .0 |  .0 ||  .0 |  .0 |  .0 |
|  .0 |  .0 |  .0 ||  .0 |  .0 |  .0 ||  .0 |  .0 |  .0 |
|  .0 |  .0 |  .0 ||  .0 |  .0 |  .0 ||  .0 |  .0 |  .0 |

, state=
| -0. | -1. | -0. || -0. | -0. | -0. || -0. | -0. | -0. |
|  1. | -0. |  1. || -0. | -0. | -1. || -1. | -0. | -0. |
| -0. |  1. | -0. || -0. |  1. | -0. || -0. | -0. | -0. |
|=====+=====+=====||=====+=====+=====||=====+=====+=====|
| -1. | -0. | -0. ||*-0. |*-0. |*-0. ||  1. |  1. | -0. |
|  1. | -1. | -0. ||*-0. |*-0. |*-0. ||  1. | -0. | -1. |
| -1. | -0. | -0. ||*-0. |*-0. |*-0. || -0. | -1. | -0. |
|=====+=====+=====||=====+=====+=====||=====+=====+=====|
| -0. | -0. |  1. || -1. | -0. | -0. || -1. | -0. | -0. |
| -0. | -0. | -0. || -0. | -0. | -1. || -0. | -0. | -0. |
| -0. | -0. | -0. || -0. | -0. |  1. || -0. | -0. | -0. |

, evalForThisState=-1.0, isPlayerOneTurnOriginally=false}, StateDatum{MCTSProbabilites=
|  .0 |  .0 |  .0 ||  .0 |  .0 |  .0 ||  .0 |  .0 |  .0 |
|  .0 |  .0 |  .0 ||  .0 |  .0 |  .0 ||  .0 |  .0 |  .0 |
|  .0 |  .0 |  .0 ||  .0 |  .0 |  .0 ||  .0 |  .0 |  .0 |
|========+========+========||========+========+========||========+========+========|
|  .0 |  .0 |  .0 ||  .0 |  .0 |  .0 ||  .0 |  .0 |  .0 |
|  .0 |  .0 |  .0 ||  .0 |  .0 |  .0 ||  .0 |  .0 |  .0 |
|  .0 |  .0 |  .0 ||  .0 |  .0 |  .0 ||  .0 |  .0 |  .0 |
|========+========+========||========+========+========||========+========+========|
|  .0 |  .0 |  .0 ||  .0 |  .0 |  .0 ||  .0 |  .1427 |  .135 |
|  .0 |  .0 |  .0 ||  .0 |  .0 |  .0 ||  .0988 |  .1489 |  .1022 |
|  .0 |  .0 |  .0 ||  .0 |  .0 |  .0 ||  .0976 |  .1376 |  .1372 |

, state=
|  0. |  1. |  0. ||  0. |  0. |  0. ||  0. |  0. |  0. |
| -1. |  0. | -1. ||  0. |  0. |  1. ||  1. |  0. |  0. |
|  0. | -1. |  0. ||  0. | -1. |  0. ||  0. |  0. |  0. |
|=====+=====+=====||=====+=====+=====||=====+=====+=====|
|  1. |  0. |  0. ||  0. |  0. |  0. || -1. | -1. |  0. |
| -1. |  1. |  0. ||  0. |  0. |  0. || -1. |  0. |  1. |
|  1. |  0. |  0. ||  0. |  0. | -1. ||  0. |  1. |  0. |
|=====+=====+=====||=====+=====+=====||=====+=====+=====|
|  0. |  0. | -1. ||  1. |  0. |  0. ||* 1. |* 0. |* 0. |
|  0. |  0. |  0. ||  0. |  0. |  1. ||* 0. |* 0. |* 0. |
|  0. |  0. |  0. ||  0. |  0. | -1. ||* 0. |* 0. |* 0. |

, evalForThisState=1.0, isPlayerOneTurnOriginally=true}, StateDatum{MCTSProbabilites=
|  .0 |  .0 |  .0 ||  .0 |  .0 |  .0 ||  .0 |  .0 |  .0 |
|  .0 |  .0 |  .0 ||  .0 |  .0 |  .0 ||  .0 |  .0 |  .0 |
|  .0 |  .0 |  .0 ||  .0 |  .0 |  .0 ||  .0 |  .0 |  .0 |
|========+========+========||========+========+========||========+========+========|
|  .0 |  .0 |  .0 ||  .1051 |  .1647 |  .1402 ||  .0 |  .0 |  .0 |
|  .0 |  .0 |  .0 ||  .105 |  .1002 |  .1065 ||  .0 |  .0 |  .0 |
|  .0 |  .0 |  .0 ||  .1509 |  .1274 |  .0 ||  .0 |  .0 |  .0 |
|========+========+========||========+========+========||========+========+========|
|  .0 |  .0 |  .0 ||  .0 |  .0 |  .0 ||  .0 |  .0 |  .0 |
|  .0 |  .0 |  .0 ||  .0 |  .0 |  .0 ||  .0 |  .0 |  .0 |
|  .0 |  .0 |  .0 ||  .0 |  .0 |  .0 ||  .0 |  .0 |  .0 |

, state=
| -0. | -1. | -0. || -0. | -0. | -0. || -0. | -0. | -0. |
|  1. | -0. |  1. || -0. | -0. | -1. || -1. | -0. | -0. |
| -0. |  1. | -0. || -0. |  1. | -0. || -0. | -0. | -0. |
|=====+=====+=====||=====+=====+=====||=====+=====+=====|
| -1. | -0. | -0. ||*-0. |*-0. |*-0. ||  1. |  1. | -0. |
|  1. | -1. | -0. ||*-0. |*-0. |*-0. ||  1. | -0. | -1. |
| -1. | -0. | -0. ||*-0. |*-0. |* 1. || -0. | -1. | -0. |
|=====+=====+=====||=====+=====+=====||=====+=====+=====|
| -0. | -0. |  1. || -1. | -0. | -0. || -1. | -0. | -0. |
| -0. | -0. | -0. || -0. | -0. | -1. || -0. | -1. | -0. |
| -0. | -0. | -0. || -0. | -0. |  1. || -0. | -0. | -0. |

, evalForThisState=-1.0, isPlayerOneTurnOriginally=false}, StateDatum{MCTSProbabilites=
|  .0 |  .0 |  .0 ||  .1009 |  .1483 |  .164 ||  .0 |  .0 |  .0 |
|  .0 |  .0 |  .0 ||  .1267 |  .1632 |  .0 ||  .0 |  .0 |  .0 |
|  .0 |  .0 |  .0 ||  .1732 |  .0 |  .1235 ||  .0 |  .0 |  .0 |
|========+========+========||========+========+========||========+========+========|
|  .0 |  .0 |  .0 ||  .0 |  .0 |  .0 ||  .0 |  .0 |  .0 |
|  .0 |  .0 |  .0 ||  .0 |  .0 |  .0 ||  .0 |  .0 |  .0 |
|  .0 |  .0 |  .0 ||  .0 |  .0 |  .0 ||  .0 |  .0 |  .0 |
|========+========+========||========+========+========||========+========+========|
|  .0 |  .0 |  .0 ||  .0 |  .0 |  .0 ||  .0 |  .0 |  .0 |
|  .0 |  .0 |  .0 ||  .0 |  .0 |  .0 ||  .0 |  .0 |  .0 |
|  .0 |  .0 |  .0 ||  .0 |  .0 |  .0 ||  .0 |  .0 |  .0 |

, state=
|  0. |  1. |  0. ||* 0. |* 0. |* 0. ||  0. |  0. |  0. |
| -1. |  0. | -1. ||* 0. |* 0. |* 1. ||  1. |  0. |  0. |
|  0. | -1. |  0. ||* 0. |*-1. |* 0. ||  0. |  0. |  0. |
|=====+=====+=====||=====+=====+=====||=====+=====+=====|
|  1. |  0. |  0. ||  0. | -1. |  0. || -1. | -1. |  0. |
| -1. |  1. |  0. ||  0. |  0. |  0. || -1. |  0. |  1. |
|  1. |  0. |  0. ||  0. |  0. | -1. ||  0. |  1. |  0. |
|=====+=====+=====||=====+=====+=====||=====+=====+=====|
|  0. |  0. | -1. ||  1. |  0. |  0. ||  1. |  0. |  0. |
|  0. |  0. |  0. ||  0. |  0. |  1. ||  0. |  1. |  0. |
|  0. |  0. |  0. ||  0. |  0. | -1. ||  0. |  0. |  0. |

, evalForThisState=1.0, isPlayerOneTurnOriginally=true}, StateDatum{MCTSProbabilites=
|  .0 |  .0 |  .0 ||  .0 |  .0 |  .0 ||  .0 |  .0 |  .0 |
|  .0 |  .0 |  .0 ||  .0 |  .0 |  .0 ||  .0 |  .0 |  .0 |
|  .0 |  .0 |  .0 ||  .0 |  .0 |  .0 ||  .0 |  .0 |  .0 |
|========+========+========||========+========+========||========+========+========|
|  .0 |  .0 |  .0 ||  .0 |  .0 |  .0 ||  .0 |  .0 |  .0 |
|  .0 |  .0 |  .0 ||  .0 |  .0 |  .0 ||  .0 |  .0 |  .0 |
|  .0 |  .0 |  .0 ||  .0 |  .0 |  .0 ||  .0 |  .0 |  .0 |
|========+========+========||========+========+========||========+========+========|
|  .1226 |  .1106 |  .0 ||  .0 |  .0 |  .0 ||  .0 |  .0 |  .0 |
|  .1132 |  .1611 |  .0822 ||  .0 |  .0 |  .0 ||  .0 |  .0 |  .0 |
|  .1319 |  .1497 |  .1286 ||  .0 |  .0 |  .0 ||  .0 |  .0 |  .0 |

, state=
| -0. | -1. | -0. || -0. | -0. | -0. || -0. | -0. | -0. |
|  1. | -0. |  1. || -0. | -0. | -1. || -1. | -0. | -0. |
| -0. |  1. | -0. || -1. |  1. | -0. || -0. | -0. | -0. |
|=====+=====+=====||=====+=====+=====||=====+=====+=====|
| -1. | -0. | -0. || -0. |  1. | -0. ||  1. |  1. | -0. |
|  1. | -1. | -0. || -0. | -0. | -0. ||  1. | -0. | -1. |
| -1. | -0. | -0. || -0. | -0. |  1. || -0. | -1. | -0. |
|=====+=====+=====||=====+=====+=====||=====+=====+=====|
|*-0. |*-0. |* 1. || -1. | -0. | -0. || -1. | -0. | -0. |
|*-0. |*-0. |*-0. || -0. | -0. | -1. || -0. | -1. | -0. |
|*-0. |*-0. |*-0. || -0. | -0. |  1. || -0. | -0. | -0. |

, evalForThisState=-1.0, isPlayerOneTurnOriginally=false}, StateDatum{MCTSProbabilites=
|  .0 |  .0 |  .0 ||  .0 |  .0 |  .0 ||  .0 |  .0 |  .0 |
|  .0 |  .0 |  .0 ||  .0 |  .0 |  .0 ||  .0 |  .0 |  .0 |
|  .0 |  .0 |  .0 ||  .0 |  .0 |  .0 ||  .0 |  .0 |  .0 |
|========+========+========||========+========+========||========+========+========|
|  .0 |  .0 |  .0 ||  .1162 |  .0 |  .1514 ||  .0 |  .0 |  .0 |
|  .0 |  .0 |  .0 ||  .1175 |  .1655 |  .1477 ||  .0 |  .0 |  .0 |
|  .0 |  .0 |  .0 ||  .1377 |  .1639 |  .0 ||  .0 |  .0 |  .0 |
|========+========+========||========+========+========||========+========+========|
|  .0 |  .0 |  .0 ||  .0 |  .0 |  .0 ||  .0 |  .0 |  .0 |
|  .0 |  .0 |  .0 ||  .0 |  .0 |  .0 ||  .0 |  .0 |  .0 |
|  .0 |  .0 |  .0 ||  .0 |  .0 |  .0 ||  .0 |  .0 |  .0 |

, state=
|  0. |  1. |  0. ||  0. |  0. |  0. ||  0. |  0. |  0. |
| -1. |  0. | -1. ||  0. |  0. |  1. ||  1. |  0. |  0. |
|  0. | -1. |  0. ||  1. | -1. |  0. ||  0. |  0. |  0. |
|=====+=====+=====||=====+=====+=====||=====+=====+=====|
|  1. |  0. |  0. ||* 0. |*-1. |* 0. || -1. | -1. |  0. |
| -1. |  1. |  0. ||* 0. |* 0. |* 0. || -1. |  0. |  1. |
|  1. |  0. |  0. ||* 0. |* 0. |*-1. ||  0. |  1. |  0. |
|=====+=====+=====||=====+=====+=====||=====+=====+=====|
|  0. |  0. | -1. ||  1. |  0. |  0. ||  1. |  0. |  0. |
|  0. | -1. |  0. ||  0. |  0. |  1. ||  0. |  1. |  0. |
|  0. |  0. |  0. ||  0. |  0. | -1. ||  0. |  0. |  0. |

, evalForThisState=1.0, isPlayerOneTurnOriginally=true}, StateDatum{MCTSProbabilites=
|  .0 |  .0 |  .0 ||  .0 |  .0 |  .0 ||  .0 |  .0 |  .0 |
|  .0 |  .0 |  .0 ||  .0 |  .0 |  .0 ||  .0 |  .0 |  .0 |
|  .0 |  .0 |  .0 ||  .0 |  .0 |  .0 ||  .0 |  .0 |  .0 |
|========+========+========||========+========+========||========+========+========|
|  .0 |  .0 |  .0 ||  .1345 |  .0 |  .192 ||  .0 |  .0 |  .0 |
|  .0 |  .0 |  .0 ||  .1649 |  .0 |  .1478 ||  .0 |  .0 |  .0 |
|  .0 |  .0 |  .0 ||  .2185 |  .1422 |  .0 ||  .0 |  .0 |  .0 |
|========+========+========||========+========+========||========+========+========|
|  .0 |  .0 |  .0 ||  .0 |  .0 |  .0 ||  .0 |  .0 |  .0 |
|  .0 |  .0 |  .0 ||  .0 |  .0 |  .0 ||  .0 |  .0 |  .0 |
|  .0 |  .0 |  .0 ||  .0 |  .0 |  .0 ||  .0 |  .0 |  .0 |

, state=
| -0. | -1. | -0. || -0. | -0. | -0. || -0. | -0. | -0. |
|  1. | -0. |  1. || -0. | -0. | -1. || -1. | -0. | -0. |
| -0. |  1. | -0. || -1. |  1. | -0. || -0. | -0. | -0. |
|=====+=====+=====||=====+=====+=====||=====+=====+=====|
| -1. | -0. | -0. ||*-0. |* 1. |*-0. ||  1. |  1. | -0. |
|  1. | -1. | -0. ||*-0. |*-1. |*-0. ||  1. | -0. | -1. |
| -1. | -0. | -0. ||*-0. |*-0. |* 1. || -0. | -1. | -0. |
|=====+=====+=====||=====+=====+=====||=====+=====+=====|
| -0. | -0. |  1. || -1. | -0. | -0. || -1. | -0. | -0. |
| -0. |  1. | -0. || -0. | -0. | -1. || -0. | -1. | -0. |
| -0. | -0. | -0. || -0. | -0. |  1. || -0. | -0. | -0. |

, evalForThisState=-1.0, isPlayerOneTurnOriginally=false}, StateDatum{MCTSProbabilites=
|  .0 |  .0 |  .0 ||  .0 |  .0 |  .0 ||  .0 |  .0 |  .0 |
|  .0 |  .0 |  .0 ||  .0 |  .0 |  .0 ||  .0 |  .0 |  .0 |
|  .0 |  .0 |  .0 ||  .0 |  .0 |  .0 ||  .0 |  .0 |  .0 |
|========+========+========||========+========+========||========+========+========|
|  .0 |  .0 |  .0 ||  .0 |  .0 |  .0 ||  .0 |  .0 |  .0 |
|  .0 |  .0 |  .0 ||  .0 |  .0 |  .0 ||  .0 |  .0 |  .0 |
|  .0 |  .0 |  .0 ||  .0 |  .0 |  .0 ||  .0 |  .0 |  .0 |
|========+========+========||========+========+========||========+========+========|
|  .1215 |  .1659 |  .0 ||  .0 |  .0 |  .0 ||  .0 |  .0 |  .0 |
|  .1271 |  .0 |  .119 ||  .0 |  .0 |  .0 ||  .0 |  .0 |  .0 |
|  .1712 |  .1617 |  .1336 ||  .0 |  .0 |  .0 ||  .0 |  .0 |  .0 |

, state=
|  0. |  1. |  0. ||  0. |  0. |  0. ||  0. |  0. |  0. |
| -1. |  0. | -1. ||  0. |  0. |  1. ||  1. |  0. |  0. |
|  0. | -1. |  0. ||  1. | -1. |  0. ||  0. |  0. |  0. |
|=====+=====+=====||=====+=====+=====||=====+=====+=====|
|  1. |  0. |  0. ||  0. | -1. |  0. || -1. | -1. |  0. |
| -1. |  1. |  0. ||  0. |  1. |  0. || -1. |  0. |  1. |
|  1. |  0. |  0. || -1. |  0. | -1. ||  0. |  1. |  0. |
|=====+=====+=====||=====+=====+=====||=====+=====+=====|
|* 0. |* 0. |*-1. ||  1. |  0. |  0. ||  1. |  0. |  0. |
|* 0. |*-1. |* 0. ||  0. |  0. |  1. ||  0. |  1. |  0. |
|* 0. |* 0. |* 0. ||  0. |  0. | -1. ||  0. |  0. |  0. |

, evalForThisState=1.0, isPlayerOneTurnOriginally=true}, StateDatum{MCTSProbabilites=
|  .0 |  .0 |  .0 ||  .0 |  .0 |  .0 ||  .0 |  .0 |  .0 |
|  .0 |  .0 |  .0 ||  .0 |  .0 |  .0 ||  .0 |  .0 |  .0 |
|  .0 |  .0 |  .0 ||  .0 |  .0 |  .0 ||  .0 |  .0 |  .0 |
|========+========+========||========+========+========||========+========+========|
|  .0 |  .0 |  .0 ||  .0 |  .0 |  .0 ||  .0 |  .0 |  .0 |
|  .0 |  .0 |  .0 ||  .0 |  .0 |  .0 ||  .0 |  .0 |  .0 |
|  .0 |  .0 |  .0 ||  .0 |  .0 |  .0 ||  .0 |  .0 |  .0 |
|========+========+========||========+========+========||========+========+========|
|  .1193 |  .1476 |  .0 ||  .0 |  .0 |  .0 ||  .0 |  .0 |  .0 |
|  .1939 |  .0 |  .1282 ||  .0 |  .0 |  .0 ||  .0 |  .0 |  .0 |
|  .0 |  .2322 |  .1788 ||  .0 |  .0 |  .0 ||  .0 |  .0 |  .0 |

, state=
| -0. | -1. | -0. || -0. | -0. | -0. || -0. | -0. | -0. |
|  1. | -0. |  1. || -0. | -0. | -1. || -1. | -0. | -0. |
| -0. |  1. | -0. || -1. |  1. | -0. || -0. | -0. | -0. |
|=====+=====+=====||=====+=====+=====||=====+=====+=====|
| -1. | -0. | -0. || -0. |  1. | -0. ||  1. |  1. | -0. |
|  1. | -1. | -0. || -0. | -1. | -0. ||  1. | -0. | -1. |
| -1. | -0. | -0. ||  1. | -0. |  1. || -0. | -1. | -0. |
|=====+=====+=====||=====+=====+=====||=====+=====+=====|
|*-0. |*-0. |* 1. || -1. | -0. | -0. || -1. | -0. | -0. |
|*-0. |* 1. |*-0. || -0. | -0. | -1. || -0. | -1. | -0. |
|*-1. |*-0. |*-0. || -0. | -0. |  1. || -0. | -0. | -0. |

, evalForThisState=-1.0, isPlayerOneTurnOriginally=false}, StateDatum{MCTSProbabilites=
|  .0 |  .0 |  .0 ||  .0 |  .0 |  .0 ||  .0 |  .0 |  .0 |
|  .0 |  .0 |  .0 ||  .0 |  .0 |  .0 ||  .0 |  .0 |  .0 |
|  .0 |  .0 |  .0 ||  .0 |  .0 |  .0 ||  .0 |  .0 |  .0 |
|========+========+========||========+========+========||========+========+========|
|  .0 |  .0 |  .0 ||  .0 |  .0 |  .0 ||  .0 |  .0 |  .0 |
|  .0 |  .0 |  .0 ||  .0 |  .0 |  .0 ||  .0 |  .0 |  .0 |
|  .0 |  .0 |  .0 ||  .0 |  .0 |  .0 ||  .0 |  .0 |  .0 |
|========+========+========||========+========+========||========+========+========|
|  .0 |  .0 |  .0 ||  .0 |  .1645 |  .1582 ||  .0 |  .0 |  .0 |
|  .0 |  .0 |  .0 ||  .1205 |  .2272 |  .0 ||  .0 |  .0 |  .0 |
|  .0 |  .0 |  .0 ||  .1629 |  .1666 |  .0 ||  .0 |  .0 |  .0 |

, state=
|  0. |  1. |  0. ||  0. |  0. |  0. ||  0. |  0. |  0. |
| -1. |  0. | -1. ||  0. |  0. |  1. ||  1. |  0. |  0. |
|  0. | -1. |  0. ||  1. | -1. |  0. ||  0. |  0. |  0. |
|=====+=====+=====||=====+=====+=====||=====+=====+=====|
|  1. |  0. |  0. ||  0. | -1. |  0. || -1. | -1. |  0. |
| -1. |  1. |  0. ||  0. |  1. |  0. || -1. |  0. |  1. |
|  1. |  0. |  0. || -1. |  0. | -1. ||  0. |  1. |  0. |
|=====+=====+=====||=====+=====+=====||=====+=====+=====|
|  0. |  0. | -1. ||* 1. |* 0. |* 0. ||  1. |  0. |  0. |
|  0. | -1. |  0. ||* 0. |* 0. |* 1. ||  0. |  1. |  0. |
|  1. | -1. |  0. ||* 0. |* 0. |*-1. ||  0. |  0. |  0. |

, evalForThisState=1.0, isPlayerOneTurnOriginally=true}, StateDatum{MCTSProbabilites=
|  .0 |  .0 |  .0 ||  .0 |  .0 |  .0 ||  .0 |  .0 |  .0 |
|  .0 |  .0 |  .0 ||  .0 |  .0 |  .0 ||  .0 |  .0 |  .0 |
|  .0 |  .0 |  .0 ||  .0 |  .0 |  .0 ||  .0 |  .0 |  .0 |
|========+========+========||========+========+========||========+========+========|
|  .0 |  .0 |  .0 ||  .245 |  .0 |  .1094 ||  .0 |  .0 |  .0 |
|  .0 |  .0 |  .0 ||  .2159 |  .0 |  .1937 ||  .0 |  .0 |  .0 |
|  .0 |  .0 |  .0 ||  .0 |  .236 |  .0 ||  .0 |  .0 |  .0 |
|========+========+========||========+========+========||========+========+========|
|  .0 |  .0 |  .0 ||  .0 |  .0 |  .0 ||  .0 |  .0 |  .0 |
|  .0 |  .0 |  .0 ||  .0 |  .0 |  .0 ||  .0 |  .0 |  .0 |
|  .0 |  .0 |  .0 ||  .0 |  .0 |  .0 ||  .0 |  .0 |  .0 |

, state=
| -0. | -1. | -0. || -0. | -0. | -0. || -0. | -0. | -0. |
|  1. | -0. |  1. || -0. | -0. | -1. || -1. | -0. | -0. |
| -0. |  1. | -0. || -1. |  1. | -0. || -0. | -0. | -0. |
|=====+=====+=====||=====+=====+=====||=====+=====+=====|
| -1. | -0. | -0. ||*-0. |* 1. |*-0. ||  1. |  1. | -0. |
|  1. | -1. | -0. ||*-0. |*-1. |*-0. ||  1. | -0. | -1. |
| -1. | -0. | -0. ||* 1. |*-0. |* 1. || -0. | -1. | -0. |
|=====+=====+=====||=====+=====+=====||=====+=====+=====|
| -0. | -0. |  1. || -1. | -0. | -0. || -1. | -0. | -0. |
| -0. |  1. | -0. || -0. | -1. | -1. || -0. | -1. | -0. |
| -1. |  1. | -0. || -0. | -0. |  1. || -0. | -0. | -0. |

, evalForThisState=-1.0, isPlayerOneTurnOriginally=false}, StateDatum{MCTSProbabilites=
|  .215 |  .0 |  .2133 ||  .0 |  .0 |  .0 ||  .0 |  .0 |  .0 |
|  .0 |  .1832 |  .0 ||  .0 |  .0 |  .0 ||  .0 |  .0 |  .0 |
|  .1424 |  .0 |  .2461 ||  .0 |  .0 |  .0 ||  .0 |  .0 |  .0 |
|========+========+========||========+========+========||========+========+========|
|  .0 |  .0 |  .0 ||  .0 |  .0 |  .0 ||  .0 |  .0 |  .0 |
|  .0 |  .0 |  .0 ||  .0 |  .0 |  .0 ||  .0 |  .0 |  .0 |
|  .0 |  .0 |  .0 ||  .0 |  .0 |  .0 ||  .0 |  .0 |  .0 |
|========+========+========||========+========+========||========+========+========|
|  .0 |  .0 |  .0 ||  .0 |  .0 |  .0 ||  .0 |  .0 |  .0 |
|  .0 |  .0 |  .0 ||  .0 |  .0 |  .0 ||  .0 |  .0 |  .0 |
|  .0 |  .0 |  .0 ||  .0 |  .0 |  .0 ||  .0 |  .0 |  .0 |

, state=
|* 0. |* 1. |* 0. ||  0. |  0. |  0. ||  0. |  0. |  0. |
|*-1. |* 0. |*-1. ||  0. |  0. |  1. ||  1. |  0. |  0. |
|* 0. |*-1. |* 0. ||  1. | -1. |  0. ||  0. |  0. |  0. |
|=====+=====+=====||=====+=====+=====||=====+=====+=====|
|  1. |  0. |  0. || -1. | -1. |  0. || -1. | -1. |  0. |
| -1. |  1. |  0. ||  0. |  1. |  0. || -1. |  0. |  1. |
|  1. |  0. |  0. || -1. |  0. | -1. ||  0. |  1. |  0. |
|=====+=====+=====||=====+=====+=====||=====+=====+=====|
|  0. |  0. | -1. ||  1. |  0. |  0. ||  1. |  0. |  0. |
|  0. | -1. |  0. ||  0. |  1. |  1. ||  0. |  1. |  0. |
|  1. | -1. |  0. ||  0. |  0. | -1. ||  0. |  0. |  0. |

, evalForThisState=1.0, isPlayerOneTurnOriginally=true}, StateDatum{MCTSProbabilites=
|  .0 |  .0 |  .0 ||  .0 |  .0 |  .0 ||  .0 |  .0 |  .0 |
|  .0 |  .0 |  .0 ||  .0 |  .0 |  .0 ||  .0 |  .0 |  .0 |
|  .0 |  .0 |  .0 ||  .0 |  .0 |  .0 ||  .0 |  .0 |  .0 |
|========+========+========||========+========+========||========+========+========|
|  .0 |  .0 |  .0 ||  .0 |  .0 |  .0 ||  .0 |  .0 |  .0 |
|  .0 |  .0 |  .0 ||  .0 |  .0 |  .0 ||  .0 |  .0 |  .0 |
|  .0 |  .0 |  .0 ||  .0 |  .0 |  .0 ||  .0 |  .0 |  .0 |
|========+========+========||========+========+========||========+========+========|
|  .0 |  .0 |  .0 ||  .0 |  .0 |  .0 ||  .0 |  .1461 |  .1191 |
|  .0 |  .0 |  .0 ||  .0 |  .0 |  .0 ||  .1307 |  .0 |  .1861 |
|  .0 |  .0 |  .0 ||  .0 |  .0 |  .0 ||  .0854 |  .1296 |  .2028 |

, state=
| -0. | -1. | -0. || -0. | -0. | -0. || -0. | -0. | -0. |
|  1. | -0. |  1. || -0. | -0. | -1. || -1. | -0. | -0. |
| -0. |  1. | -1. || -1. |  1. | -0. || -0. | -0. | -0. |
|=====+=====+=====||=====+=====+=====||=====+=====+=====|
| -1. | -0. | -0. ||  1. |  1. | -0. ||  1. |  1. | -0. |
|  1. | -1. | -0. || -0. | -1. | -0. ||  1. | -0. | -1. |
| -1. | -0. | -0. ||  1. | -0. |  1. || -0. | -1. | -0. |
|=====+=====+=====||=====+=====+=====||=====+=====+=====|
| -0. | -0. |  1. || -1. | -0. | -0. ||*-1. |*-0. |*-0. |
| -0. |  1. | -0. || -0. | -1. | -1. ||*-0. |*-1. |*-0. |
| -1. |  1. | -0. || -0. | -0. |  1. ||*-0. |*-0. |*-0. |

, evalForThisState=-1.0, isPlayerOneTurnOriginally=false}, StateDatum{MCTSProbabilites=
|  .0 |  .0 |  .0 ||  .0 |  .0 |  .0 ||  .0 |  .0 |  .0 |
|  .0 |  .0 |  .0 ||  .0 |  .0 |  .0 ||  .0 |  .0 |  .0 |
|  .0 |  .0 |  .0 ||  .0 |  .0 |  .0 ||  .0 |  .0 |  .0 |
|========+========+========||========+========+========||========+========+========|
|  .0 |  .0 |  .0 ||  .0 |  .0 |  .0 ||  .0 |  .0 |  .0 |
|  .0 |  .0 |  .0 ||  .0 |  .0 |  .0 ||  .0 |  .0 |  .0 |
|  .0 |  .0 |  .0 ||  .0 |  .0 |  .0 ||  .0 |  .0 |  .0 |
|========+========+========||========+========+========||========+========+========|
|  .0 |  .0 |  .0 ||  .0 |  .0 |  .0 ||  .0 |  .0971 |  .14 |
|  .0 |  .0 |  .0 ||  .0 |  .0 |  .0 ||  .0673 |  .0 |  .4237 |
|  .0 |  .0 |  .0 ||  .0 |  .0 |  .0 ||  .1721 |  .0998 |  .0 |

, state=
|  0. |  1. |  0. ||  0. |  0. |  0. ||  0. |  0. |  0. |
| -1. |  0. | -1. ||  0. |  0. |  1. ||  1. |  0. |  0. |
|  0. | -1. |  1. ||  1. | -1. |  0. ||  0. |  0. |  0. |
|=====+=====+=====||=====+=====+=====||=====+=====+=====|
|  1. |  0. |  0. || -1. | -1. |  0. || -1. | -1. |  0. |
| -1. |  1. |  0. ||  0. |  1. |  0. || -1. |  0. |  1. |
|  1. |  0. |  0. || -1. |  0. | -1. ||  0. |  1. |  0. |
|=====+=====+=====||=====+=====+=====||=====+=====+=====|
|  0. |  0. | -1. ||  1. |  0. |  0. ||* 1. |* 0. |* 0. |
|  0. | -1. |  0. ||  0. |  1. |  1. ||* 0. |* 1. |* 0. |
|  1. | -1. |  0. ||  0. |  0. | -1. ||* 0. |* 0. |*-1. |

, evalForThisState=1.0, isPlayerOneTurnOriginally=true}, StateDatum{MCTSProbabilites=
|  .0 |  .0 |  .0 ||  .0 |  .0 |  .0 ||  .0 |  .0 |  .0 |
|  .0 |  .0 |  .0 ||  .0 |  .0 |  .0 ||  .0 |  .0 |  .0 |
|  .0 |  .0 |  .0 ||  .0 |  .0 |  .0 ||  .0 |  .0 |  .0 |
|========+========+========||========+========+========||========+========+========|
|  .0 |  .0 |  .0 ||  .0 |  .0 |  .0 ||  .0 |  .0 |  .1914 |
|  .0 |  .0 |  .0 ||  .0 |  .0 |  .0 ||  .0 |  .2969 |  .0 |
|  .0 |  .0 |  .0 ||  .0 |  .0 |  .0 ||  .173 |  .0 |  .3387 |
|========+========+========||========+========+========||========+========+========|
|  .0 |  .0 |  .0 ||  .0 |  .0 |  .0 ||  .0 |  .0 |  .0 |
|  .0 |  .0 |  .0 ||  .0 |  .0 |  .0 ||  .0 |  .0 |  .0 |
|  .0 |  .0 |  .0 ||  .0 |  .0 |  .0 ||  .0 |  .0 |  .0 |

, state=
| -0. | -1. | -0. || -0. | -0. | -0. || -0. | -0. | -0. |
|  1. | -0. |  1. || -0. | -0. | -1. || -1. | -0. | -0. |
| -0. |  1. | -1. || -1. |  1. | -0. || -0. | -0. | -0. |
|=====+=====+=====||=====+=====+=====||=====+=====+=====|
| -1. | -0. | -0. ||  1. |  1. | -0. ||* 1. |* 1. |*-0. |
|  1. | -1. | -0. || -0. | -1. | -0. ||* 1. |*-0. |*-1. |
| -1. | -0. | -0. ||  1. | -0. |  1. ||*-0. |*-1. |*-0. |
|=====+=====+=====||=====+=====+=====||=====+=====+=====|
| -0. | -0. |  1. || -1. | -0. | -0. || -1. | -0. | -0. |
| -0. |  1. | -0. || -0. | -1. | -1. || -0. | -1. | -1. |
| -1. |  1. | -0. || -0. | -0. |  1. || -0. | -0. |  1. |

, evalForThisState=-1.0, isPlayerOneTurnOriginally=false}, StateDatum{MCTSProbabilites=
|  .0 |  .0 |  .0 ||  .0 |  .0 |  .0 ||  .0 |  .0 |  .0 |
|  .0 |  .0 |  .0 ||  .0 |  .0 |  .0 ||  .0 |  .0 |  .0 |
|  .0 |  .0 |  .0 ||  .0 |  .0 |  .0 ||  .0 |  .0 |  .0 |
|========+========+========||========+========+========||========+========+========|
|  .0 |  .0 |  .0 ||  .0 |  .0 |  .0 ||  .0 |  .0 |  .0 |
|  .0 |  .0 |  .0 ||  .0 |  .0 |  .0 ||  .0 |  .0 |  .0 |
|  .0 |  .0 |  .0 ||  .0 |  .0 |  .0 ||  .0 |  .0 |  .0 |
|========+========+========||========+========+========||========+========+========|
|  .0 |  .0 |  .0 ||  .0 |  .0 |  .0 ||  .0 |  .1145 |  .1037 |
|  .0 |  .0 |  .0 ||  .0 |  .0 |  .0 ||  .4102 |  .0 |  .0 |
|  .0 |  .0 |  .0 ||  .0 |  .0 |  .0 ||  .2335 |  .1381 |  .0 |

, state=
|  0. |  1. |  0. ||  0. |  0. |  0. ||  0. |  0. |  0. |
| -1. |  0. | -1. ||  0. |  0. |  1. ||  1. |  0. |  0. |
|  0. | -1. |  1. ||  1. | -1. |  0. ||  0. |  0. |  0. |
|=====+=====+=====||=====+=====+=====||=====+=====+=====|
|  1. |  0. |  0. || -1. | -1. |  0. || -1. | -1. |  0. |
| -1. |  1. |  0. ||  0. |  1. |  0. || -1. |  0. |  1. |
|  1. |  0. |  0. || -1. |  0. | -1. ||  0. |  1. | -1. |
|=====+=====+=====||=====+=====+=====||=====+=====+=====|
|  0. |  0. | -1. ||  1. |  0. |  0. ||* 1. |* 0. |* 0. |
|  0. | -1. |  0. ||  0. |  1. |  1. ||* 0. |* 1. |* 1. |
|  1. | -1. |  0. ||  0. |  0. | -1. ||* 0. |* 0. |*-1. |

, evalForThisState=1.0, isPlayerOneTurnOriginally=true}, StateDatum{MCTSProbabilites=
|  .0 |  .0 |  .0 ||  .0 |  .0 |  .0 ||  .0 |  .0 |  .0 |
|  .0 |  .0 |  .0 ||  .0 |  .0 |  .0 ||  .0 |  .0 |  .0 |
|  .0 |  .0 |  .0 ||  .0 |  .0 |  .0 ||  .0 |  .0 |  .0 |
|========+========+========||========+========+========||========+========+========|
|  .0 |  .1732 |  .1949 ||  .0 |  .0 |  .0 ||  .0 |  .0 |  .0 |
|  .0 |  .0 |  .1788 ||  .0 |  .0 |  .0 ||  .0 |  .0 |  .0 |
|  .0 |  .2308 |  .2223 ||  .0 |  .0 |  .0 ||  .0 |  .0 |  .0 |
|========+========+========||========+========+========||========+========+========|
|  .0 |  .0 |  .0 ||  .0 |  .0 |  .0 ||  .0 |  .0 |  .0 |
|  .0 |  .0 |  .0 ||  .0 |  .0 |  .0 ||  .0 |  .0 |  .0 |
|  .0 |  .0 |  .0 ||  .0 |  .0 |  .0 ||  .0 |  .0 |  .0 |

, state=
| -0. | -1. | -0. || -0. | -0. | -0. || -0. | -0. | -0. |
|  1. | -0. |  1. || -0. | -0. | -1. || -1. | -0. | -0. |
| -0. |  1. | -1. || -1. |  1. | -0. || -0. | -0. | -0. |
|=====+=====+=====||=====+=====+=====||=====+=====+=====|
|*-1. |*-0. |*-0. ||  1. |  1. | -0. ||  1. |  1. | -0. |
|* 1. |*-1. |*-0. || -0. | -1. | -0. ||  1. | -0. | -1. |
|*-1. |*-0. |*-0. ||  1. | -0. |  1. || -0. | -1. |  1. |
|=====+=====+=====||=====+=====+=====||=====+=====+=====|
| -0. | -0. |  1. || -1. | -0. | -0. || -1. | -0. | -0. |
| -0. |  1. | -0. || -0. | -1. | -1. || -1. | -1. | -1. |
| -1. |  1. | -0. || -0. | -0. |  1. || -0. | -0. |  1. |

, evalForThisState=-1.0, isPlayerOneTurnOriginally=false}, StateDatum{MCTSProbabilites=
|  .0 |  .0 |  .0 ||  .0 |  .0 |  .0 ||  .0 |  .0 |  .0 |
|  .0 |  .0 |  .0 ||  .0 |  .0 |  .0 ||  .0 |  .0 |  .0 |
|  .0 |  .0 |  .0 ||  .0 |  .0 |  .0 ||  .0 |  .0 |  .0 |
|========+========+========||========+========+========||========+========+========|
|  .0 |  .0 |  .0 ||  .0 |  .0 |  .0 ||  .0 |  .0 |  .0 |
|  .0 |  .0 |  .0 ||  .0 |  .0 |  .0 ||  .0 |  .0 |  .0 |
|  .0 |  .0 |  .0 ||  .0 |  .0 |  .0 ||  .0 |  .0 |  .0 |
|========+========+========||========+========+========||========+========+========|
|  .0 |  .0 |  .0 ||  .0 |  .2316 |  .1829 ||  .0 |  .0 |  .0 |
|  .0 |  .0 |  .0 ||  .1959 |  .0 |  .0 ||  .0 |  .0 |  .0 |
|  .0 |  .0 |  .0 ||  .1196 |  .27 |  .0 ||  .0 |  .0 |  .0 |

, state=
|  0. |  1. |  0. ||  0. |  0. |  0. ||  0. |  0. |  0. |
| -1. |  0. | -1. ||  0. |  0. |  1. ||  1. |  0. |  0. |
|  0. | -1. |  1. ||  1. | -1. |  0. ||  0. |  0. |  0. |
|=====+=====+=====||=====+=====+=====||=====+=====+=====|
|  1. |  0. |  0. || -1. | -1. |  0. || -1. | -1. |  0. |
| -1. |  1. |  0. ||  0. |  1. |  0. || -1. |  0. |  1. |
|  1. | -1. |  0. || -1. |  0. | -1. ||  0. |  1. | -1. |
|=====+=====+=====||=====+=====+=====||=====+=====+=====|
|  0. |  0. | -1. ||* 1. |* 0. |* 0. ||  1. |  0. |  0. |
|  0. | -1. |  0. ||* 0. |* 1. |* 1. ||  1. |  1. |  1. |
|  1. | -1. |  0. ||* 0. |* 0. |*-1. ||  0. |  0. | -1. |

, evalForThisState=1.0, isPlayerOneTurnOriginally=true}, StateDatum{MCTSProbabilites=
|  .0 |  .0 |  .0 ||  .0 |  .0 |  .0 ||  .0 |  .0 |  .0 |
|  .0 |  .0 |  .0 ||  .0 |  .0 |  .0 ||  .0 |  .0 |  .0 |
|  .0 |  .0 |  .0 ||  .0 |  .0 |  .0 ||  .0 |  .0 |  .0 |
|========+========+========||========+========+========||========+========+========|
|  .0 |  .0 |  .0 ||  .0 |  .0 |  .0 ||  .0 |  .0 |  .0 |
|  .0 |  .0 |  .0 ||  .0 |  .0 |  .0 ||  .0 |  .0 |  .0 |
|  .0 |  .0 |  .0 ||  .0 |  .0 |  .0 ||  .0 |  .0 |  .0 |
|========+========+========||========+========+========||========+========+========|
|  .0 |  .0 |  .0 ||  .0 |  .2986 |  .1944 ||  .0 |  .0 |  .0 |
|  .0 |  .0 |  .0 ||  .302 |  .0 |  .0 ||  .0 |  .0 |  .0 |
|  .0 |  .0 |  .0 ||  .205 |  .0 |  .0 ||  .0 |  .0 |  .0 |

, state=
| -0. | -1. | -0. || -0. | -0. | -0. || -0. | -0. | -0. |
|  1. | -0. |  1. || -0. | -0. | -1. || -1. | -0. | -0. |
| -0. |  1. | -1. || -1. |  1. | -0. || -0. | -0. | -0. |
|=====+=====+=====||=====+=====+=====||=====+=====+=====|
| -1. | -0. | -0. ||  1. |  1. | -0. ||  1. |  1. | -0. |
|  1. | -1. | -0. || -0. | -1. | -0. ||  1. | -0. | -1. |
| -1. |  1. | -0. ||  1. | -0. |  1. || -0. | -1. |  1. |
|=====+=====+=====||=====+=====+=====||=====+=====+=====|
| -0. | -0. |  1. ||*-1. |*-0. |*-0. || -1. | -0. | -0. |
| -0. |  1. | -0. ||*-0. |*-1. |*-1. || -1. | -1. | -1. |
| -1. |  1. | -0. ||*-0. |*-1. |* 1. || -0. | -0. |  1. |

, evalForThisState=-1.0, isPlayerOneTurnOriginally=false}, StateDatum{MCTSProbabilites=
|  .0 |  .0 |  .0 ||  .0 |  .0 |  .0 ||  .0 |  .0 |  .0 |
|  .0 |  .0 |  .0 ||  .0 |  .0 |  .0 ||  .0 |  .0 |  .0 |
|  .0 |  .0 |  .0 ||  .0 |  .0 |  .0 ||  .0 |  .0 |  .0 |
|========+========+========||========+========+========||========+========+========|
|  .0 |  .3082 |  .2744 ||  .0 |  .0 |  .0 ||  .0 |  .0 |  .0 |
|  .0 |  .0 |  .2566 ||  .0 |  .0 |  .0 ||  .0 |  .0 |  .0 |
|  .0 |  .0 |  .1608 ||  .0 |  .0 |  .0 ||  .0 |  .0 |  .0 |
|========+========+========||========+========+========||========+========+========|
|  .0 |  .0 |  .0 ||  .0 |  .0 |  .0 ||  .0 |  .0 |  .0 |
|  .0 |  .0 |  .0 ||  .0 |  .0 |  .0 ||  .0 |  .0 |  .0 |
|  .0 |  .0 |  .0 ||  .0 |  .0 |  .0 ||  .0 |  .0 |  .0 |

, state=
|  0. |  1. |  0. ||  0. |  0. |  0. ||  0. |  0. |  0. |
| -1. |  0. | -1. ||  0. |  0. |  1. ||  1. |  0. |  0. |
|  0. | -1. |  1. ||  1. | -1. |  0. ||  0. |  0. |  0. |
|=====+=====+=====||=====+=====+=====||=====+=====+=====|
|* 1. |* 0. |* 0. || -1. | -1. |  0. || -1. | -1. |  0. |
|*-1. |* 1. |* 0. ||  0. |  1. |  0. || -1. |  0. |  1. |
|* 1. |*-1. |* 0. || -1. |  0. | -1. ||  0. |  1. | -1. |
|=====+=====+=====||=====+=====+=====||=====+=====+=====|
|  0. |  0. | -1. ||  1. |  0. |  0. ||  1. |  0. |  0. |
|  0. | -1. |  0. || -1. |  1. |  1. ||  1. |  1. |  1. |
|  1. | -1. |  0. ||  0. |  1. | -1. ||  0. |  0. | -1. |

, evalForThisState=1.0, isPlayerOneTurnOriginally=true}, StateDatum{MCTSProbabilites=
|  .0 |  .0 |  .0 ||  .181 |  .1825 |  .1552 ||  .0 |  .0 |  .0 |
|  .0 |  .0 |  .0 ||  .1508 |  .1444 |  .0 ||  .0 |  .0 |  .0 |
|  .0 |  .0 |  .0 ||  .0 |  .0 |  .186 ||  .0 |  .0 |  .0 |
|========+========+========||========+========+========||========+========+========|
|  .0 |  .0 |  .0 ||  .0 |  .0 |  .0 ||  .0 |  .0 |  .0 |
|  .0 |  .0 |  .0 ||  .0 |  .0 |  .0 ||  .0 |  .0 |  .0 |
|  .0 |  .0 |  .0 ||  .0 |  .0 |  .0 ||  .0 |  .0 |  .0 |
|========+========+========||========+========+========||========+========+========|
|  .0 |  .0 |  .0 ||  .0 |  .0 |  .0 ||  .0 |  .0 |  .0 |
|  .0 |  .0 |  .0 ||  .0 |  .0 |  .0 ||  .0 |  .0 |  .0 |
|  .0 |  .0 |  .0 ||  .0 |  .0 |  .0 ||  .0 |  .0 |  .0 |

, state=
| -0. | -1. | -0. ||*-0. |*-0. |*-0. || -0. | -0. | -0. |
|  1. | -0. |  1. ||*-0. |*-0. |*-1. || -1. | -0. | -0. |
| -0. |  1. | -1. ||*-1. |* 1. |*-0. || -0. | -0. | -0. |
|=====+=====+=====||=====+=====+=====||=====+=====+=====|
| -1. | -1. | -0. ||  1. |  1. | -0. ||  1. |  1. | -0. |
|  1. | -1. | -0. || -0. | -1. | -0. ||  1. | -0. | -1. |
| -1. |  1. | -0. ||  1. | -0. |  1. || -0. | -1. |  1. |
|=====+=====+=====||=====+=====+=====||=====+=====+=====|
| -0. | -0. |  1. || -1. | -0. | -0. || -1. | -0. | -0. |
| -0. |  1. | -0. ||  1. | -1. | -1. || -1. | -1. | -1. |
| -1. |  1. | -0. || -0. | -1. |  1. || -0. | -0. |  1. |

, evalForThisState=-1.0, isPlayerOneTurnOriginally=false}, StateDatum{MCTSProbabilites=
|  .0243 |  .0 |  .0382 ||  .0289 |  .0342 |  .0292 ||  .0251 |  .0272 |  .0265 |
|  .0 |  .0229 |  .0 ||  .0306 |  .0254 |  .0 ||  .0 |  .0303 |  .0398 |
|  .0228 |  .0 |  .0 ||  .0 |  .0 |  .0 ||  .0294 |  .0202 |  .0159 |
|========+========+========||========+========+========||========+========+========|
|  .0 |  .0 |  .021 ||  .0 |  .0 |  .0391 ||  .0 |  .0 |  .0335 |
|  .0 |  .0 |  .0324 ||  .0354 |  .0 |  .027 ||  .0 |  .0297 |  .0 |
|  .0 |  .0 |  .0252 ||  .0 |  .0225 |  .0 ||  .0246 |  .0 |  .0 |
|========+========+========||========+========+========||========+========+========|
|  .0308 |  .0298 |  .0 ||  .0 |  .0347 |  .0375 ||  .0 |  .0 |  .0 |
|  .0199 |  .0 |  .0267 ||  .0 |  .0 |  .0 ||  .0 |  .0 |  .0 |
|  .0 |  .0 |  .0343 ||  .0252 |  .0 |  .0 ||  .0 |  .0 |  .0 |

, state=
|* 0. |* 1. |* 0. ||* 0. |* 0. |* 0. ||* 0. |* 0. |* 0. |
|*-1. |* 0. |*-1. ||* 0. |* 0. |* 1. ||* 1. |* 0. |* 0. |
|* 0. |*-1. |* 1. ||* 1. |*-1. |*-1. ||* 0. |* 0. |* 0. |
|=====+=====+=====||=====+=====+=====||=====+=====+=====|
|* 1. |* 1. |* 0. ||*-1. |*-1. |* 0. ||*-1. |*-1. |* 0. |
|*-1. |* 1. |* 0. ||* 0. |* 1. |* 0. ||*-1. |* 0. |* 1. |
|* 1. |*-1. |* 0. ||*-1. |* 0. |*-1. ||* 0. |* 1. |*-1. |
|=====+=====+=====||=====+=====+=====||=====+=====+=====|
|* 0. |* 0. |*-1. ||* 1. |* 0. |* 0. ||  1. |  0. |  0. |
|* 0. |*-1. |* 0. ||*-1. |* 1. |* 1. ||  1. |  1. |  1. |
|* 1. |*-1. |* 0. ||* 0. |* 1. |*-1. ||  0. |  0. | -1. |

, evalForThisState=1.0, isPlayerOneTurnOriginally=true}, StateDatum{MCTSProbabilites=
|  .0 |  .0 |  .0 ||  .0 |  .0 |  .0 ||  .0 |  .0 |  .0 |
|  .0 |  .0 |  .0 ||  .0 |  .0 |  .0 ||  .0 |  .0 |  .0 |
|  .0 |  .0 |  .0 ||  .0 |  .0 |  .0 ||  .0 |  .0 |  .0 |
|========+========+========||========+========+========||========+========+========|
|  .0 |  .0 |  .0 ||  .0 |  .0 |  .0 ||  .0 |  .0 |  .196 |
|  .0 |  .0 |  .0 ||  .0 |  .0 |  .0 ||  .0 |  .2497 |  .0 |
|  .0 |  .0 |  .0 ||  .0 |  .0 |  .0 ||  .5544 |  .0 |  .0 |
|========+========+========||========+========+========||========+========+========|
|  .0 |  .0 |  .0 ||  .0 |  .0 |  .0 ||  .0 |  .0 |  .0 |
|  .0 |  .0 |  .0 ||  .0 |  .0 |  .0 ||  .0 |  .0 |  .0 |
|  .0 |  .0 |  .0 ||  .0 |  .0 |  .0 ||  .0 |  .0 |  .0 |

, state=
| -0. | -1. | -0. || -0. | -0. | -0. || -0. | -0. | -0. |
|  1. | -0. |  1. || -0. | -0. | -1. || -1. | -0. | -1. |
| -0. |  1. | -1. || -1. |  1. |  1. || -0. | -0. | -0. |
|=====+=====+=====||=====+=====+=====||=====+=====+=====|
| -1. | -1. | -0. ||  1. |  1. | -0. ||* 1. |* 1. |*-0. |
|  1. | -1. | -0. || -0. | -1. | -0. ||* 1. |*-0. |*-1. |
| -1. |  1. | -0. ||  1. | -0. |  1. ||*-0. |*-1. |* 1. |
|=====+=====+=====||=====+=====+=====||=====+=====+=====|
| -0. | -0. |  1. || -1. | -0. | -0. || -1. | -0. | -0. |
| -0. |  1. | -0. ||  1. | -1. | -1. || -1. | -1. | -1. |
| -1. |  1. | -0. || -0. | -1. |  1. || -0. | -0. |  1. |

, evalForThisState=-1.0, isPlayerOneTurnOriginally=false}, StateDatum{MCTSProbabilites=
|  .0 |  .0 |  .0 ||  .0 |  .0 |  .0 ||  .0 |  .0 |  .0 |
|  .0 |  .0 |  .0 ||  .0 |  .0 |  .0 ||  .0 |  .0 |  .0 |
|  .0 |  .0 |  .0 ||  .0 |  .0 |  .0 ||  .0 |  .0 |  .0 |
|========+========+========||========+========+========||========+========+========|
|  .0 |  .0 |  .0 ||  .0 |  .0 |  .0 ||  .0 |  .0 |  .0 |
|  .0 |  .0 |  .0 ||  .0 |  .0 |  .0 ||  .0 |  .0 |  .0 |
|  .0 |  .0 |  .0 ||  .0 |  .0 |  .0 ||  .0 |  .0 |  .0 |
|========+========+========||========+========+========||========+========+========|
|  .3138 |  .1579 |  .0 ||  .0 |  .0 |  .0 ||  .0 |  .0 |  .0 |
|  .1222 |  .0 |  .235 ||  .0 |  .0 |  .0 ||  .0 |  .0 |  .0 |
|  .0 |  .0 |  .171 ||  .0 |  .0 |  .0 ||  .0 |  .0 |  .0 |

, state=
|  0. |  1. |  0. ||  0. |  0. |  0. ||  0. |  0. |  0. |
| -1. |  0. | -1. ||  0. |  0. |  1. ||  1. |  0. |  1. |
|  0. | -1. |  1. ||  1. | -1. | -1. ||  0. |  0. |  0. |
|=====+=====+=====||=====+=====+=====||=====+=====+=====|
|  1. |  1. |  0. || -1. | -1. |  0. || -1. | -1. |  0. |
| -1. |  1. |  0. ||  0. |  1. |  0. || -1. |  0. |  1. |
|  1. | -1. |  0. || -1. |  0. | -1. || -1. |  1. | -1. |
|=====+=====+=====||=====+=====+=====||=====+=====+=====|
|* 0. |* 0. |*-1. ||  1. |  0. |  0. ||  1. |  0. |  0. |
|* 0. |*-1. |* 0. || -1. |  1. |  1. ||  1. |  1. |  1. |
|* 1. |*-1. |* 0. ||  0. |  1. | -1. ||  0. |  0. | -1. |

, evalForThisState=1.0, isPlayerOneTurnOriginally=true}, StateDatum{MCTSProbabilites=
|  .2726 |  .0 |  .1862 ||  .0 |  .0 |  .0 ||  .0 |  .0 |  .0 |
|  .0 |  .2212 |  .0 ||  .0 |  .0 |  .0 ||  .0 |  .0 |  .0 |
|  .32 |  .0 |  .0 ||  .0 |  .0 |  .0 ||  .0 |  .0 |  .0 |
|========+========+========||========+========+========||========+========+========|
|  .0 |  .0 |  .0 ||  .0 |  .0 |  .0 ||  .0 |  .0 |  .0 |
|  .0 |  .0 |  .0 ||  .0 |  .0 |  .0 ||  .0 |  .0 |  .0 |
|  .0 |  .0 |  .0 ||  .0 |  .0 |  .0 ||  .0 |  .0 |  .0 |
|========+========+========||========+========+========||========+========+========|
|  .0 |  .0 |  .0 ||  .0 |  .0 |  .0 ||  .0 |  .0 |  .0 |
|  .0 |  .0 |  .0 ||  .0 |  .0 |  .0 ||  .0 |  .0 |  .0 |
|  .0 |  .0 |  .0 ||  .0 |  .0 |  .0 ||  .0 |  .0 |  .0 |

, state=
|*-0. |*-1. |*-0. || -0. | -0. | -0. || -0. | -0. | -0. |
|* 1. |*-0. |* 1. || -0. | -0. | -1. || -1. | -0. | -1. |
|*-0. |* 1. |*-1. || -1. |  1. |  1. || -0. | -0. | -0. |
|=====+=====+=====||=====+=====+=====||=====+=====+=====|
| -1. | -1. | -0. ||  1. |  1. | -0. ||  1. |  1. | -0. |
|  1. | -1. | -0. || -0. | -1. | -0. ||  1. | -0. | -1. |
| -1. |  1. | -0. ||  1. | -0. |  1. ||  1. | -1. |  1. |
|=====+=====+=====||=====+=====+=====||=====+=====+=====|
| -1. | -0. |  1. || -1. | -0. | -0. || -1. | -0. | -0. |
| -0. |  1. | -0. ||  1. | -1. | -1. || -1. | -1. | -1. |
| -1. |  1. | -0. || -0. | -1. |  1. || -0. | -0. |  1. |

, evalForThisState=-1.0, isPlayerOneTurnOriginally=false}, StateDatum{MCTSProbabilites=
|  .0 |  .0 |  .0 ||  .0 |  .0 |  .0 ||  .0 |  .0 |  .0 |
|  .0 |  .0 |  .0 ||  .0 |  .0 |  .0 ||  .0 |  .0 |  .0 |
|  .0 |  .0 |  .0 ||  .0 |  .0 |  .0 ||  .0 |  .0 |  .0 |
|========+========+========||========+========+========||========+========+========|
|  .0 |  .0 |  .0 ||  .0 |  .0 |  .0 ||  .0 |  .0 |  .0 |
|  .0 |  .0 |  .0 ||  .0 |  .0 |  .0 ||  .0 |  .0 |  .0 |
|  .0 |  .0 |  .0 ||  .0 |  .0 |  .0 ||  .0 |  .0 |  .0 |
|========+========+========||========+========+========||========+========+========|
|  .0 |  .0007 |  .0 ||  .0 |  .0 |  .0 ||  .0 |  .0 |  .0 |
|  .9977 |  .0 |  .0007 ||  .0 |  .0 |  .0 ||  .0 |  .0 |  .0 |
|  .0 |  .0 |  .001 ||  .0 |  .0 |  .0 ||  .0 |  .0 |  .0 |

, state=
|  0. |  1. |  0. ||  0. |  0. |  0. ||  0. |  0. |  0. |
| -1. |  0. | -1. ||  0. |  0. |  1. ||  1. |  0. |  1. |
| -1. | -1. |  1. ||  1. | -1. | -1. ||  0. |  0. |  0. |
|=====+=====+=====||=====+=====+=====||=====+=====+=====|
|  1. |  1. |  0. || -1. | -1. |  0. || -1. | -1. |  0. |
| -1. |  1. |  0. ||  0. |  1. |  0. || -1. |  0. |  1. |
|  1. | -1. |  0. || -1. |  0. | -1. || -1. |  1. | -1. |
|=====+=====+=====||=====+=====+=====||=====+=====+=====|
|* 1. |* 0. |*-1. ||  1. |  0. |  0. ||  1. |  0. |  0. |
|* 0. |*-1. |* 0. || -1. |  1. |  1. ||  1. |  1. |  1. |
|* 1. |*-1. |* 0. ||  0. |  1. | -1. ||  0. |  0. | -1. |

, evalForThisState=1.0, isPlayerOneTurnOriginally=true}, StateDatum{MCTSProbabilites=
|  .0 |  .0 |  .0 ||  .0 |  .0 |  .0 ||  .0 |  .0 |  .0 |
|  .0 |  .0 |  .0 ||  .0 |  .0 |  .0 ||  .0 |  .0 |  .0 |
|  .0 |  .0 |  .0 ||  .0 |  .0 |  .0 ||  .0 |  .0 |  .0 |
|========+========+========||========+========+========||========+========+========|
|  .0 |  .0 |  .3881 ||  .0 |  .0 |  .0 ||  .0 |  .0 |  .0 |
|  .0 |  .0 |  .5058 ||  .0 |  .0 |  .0 ||  .0 |  .0 |  .0 |
|  .0 |  .0 |  .1062 ||  .0 |  .0 |  .0 ||  .0 |  .0 |  .0 |
|========+========+========||========+========+========||========+========+========|
|  .0 |  .0 |  .0 ||  .0 |  .0 |  .0 ||  .0 |  .0 |  .0 |
|  .0 |  .0 |  .0 ||  .0 |  .0 |  .0 ||  .0 |  .0 |  .0 |
|  .0 |  .0 |  .0 ||  .0 |  .0 |  .0 ||  .0 |  .0 |  .0 |

, state=
| -0. | -1. | -0. || -0. | -0. | -0. || -0. | -0. | -0. |
|  1. | -0. |  1. || -0. | -0. | -1. || -1. | -0. | -1. |
|  1. |  1. | -1. || -1. |  1. |  1. || -0. | -0. | -0. |
|=====+=====+=====||=====+=====+=====||=====+=====+=====|
|*-1. |*-1. |*-0. ||  1. |  1. | -0. ||  1. |  1. | -0. |
|* 1. |*-1. |*-0. || -0. | -1. | -0. ||  1. | -0. | -1. |
|*-1. |* 1. |*-0. ||  1. | -0. |  1. ||  1. | -1. |  1. |
|=====+=====+=====||=====+=====+=====||=====+=====+=====|
| -1. | -0. |  1. || -1. | -0. | -0. || -1. | -0. | -0. |
| -1. |  1. | -0. ||  1. | -1. | -1. || -1. | -1. | -1. |
| -1. |  1. | -0. || -0. | -1. |  1. || -0. | -0. |  1. |

, evalForThisState=-1.0, isPlayerOneTurnOriginally=false}, StateDatum{MCTSProbabilites=
|  .0 |  .0 |  .0 ||  .0 |  .0 |  .0 ||  .0 |  .0 |  .0 |
|  .0 |  .0 |  .0 ||  .0 |  .0 |  .0 ||  .0 |  .0 |  .0 |
|  .0 |  .0 |  .0 ||  .0 |  .0 |  .0 ||  .0 |  .0 |  .0 |
|========+========+========||========+========+========||========+========+========|
|  .0 |  .0 |  .0 ||  .0 |  .0 |  .0 ||  .0 |  .0 |  .0 |
|  .0 |  .0 |  .0 ||  .0 |  .0 |  .0 ||  .0 |  .0 |  .0 |
|  .0 |  .0 |  .0001 ||  .0 |  .0 |  .0 ||  .0 |  .0 |  .0 |
|========+========+========||========+========+========||========+========+========|
|  .0 |  .0 |  .0 ||  .0 |  .9993 |  .0 ||  .0 |  .0 |  .0 |
|  .0 |  .0 |  .0 ||  .0 |  .0 |  .0 ||  .0 |  .0 |  .0 |
|  .0 |  .0 |  .0 ||  .0 |  .0 |  .0 ||  .0 |  .0 |  .0 |

, state=
|* 0. |* 1. |* 0. ||* 0. |* 0. |* 0. ||* 0. |* 0. |* 0. |
|*-1. |* 0. |*-1. ||* 0. |* 0. |* 1. ||* 1. |* 0. |* 1. |
|*-1. |*-1. |* 1. ||* 1. |*-1. |*-1. ||* 0. |* 0. |* 0. |
|=====+=====+=====||=====+=====+=====||=====+=====+=====|
|* 1. |* 1. |* 0. ||*-1. |*-1. |* 0. || -1. | -1. |  0. |
|*-1. |* 1. |*-1. ||* 0. |* 1. |* 0. || -1. |  0. |  1. |
|* 1. |*-1. |* 0. ||*-1. |* 0. |*-1. || -1. |  1. | -1. |
|=====+=====+=====||=====+=====+=====||=====+=====+=====|
|  1. |  0. | -1. ||* 1. |* 0. |* 0. ||  1. |  0. |  0. |
|  1. | -1. |  0. ||*-1. |* 1. |* 1. ||  1. |  1. |  1. |
|  1. | -1. |  0. ||* 0. |* 1. |*-1. ||  0. |  0. | -1. |

, evalForThisState=1.0, isPlayerOneTurnOriginally=true}]
Value network data: 
===========INPUT===================
[[         0,         0,         0,  ...    1.0000,    1.0000,    1.0000], 
 [         0,         0,         0,  ...   -1.0000,   -1.0000,   -1.0000], 
 [         0,         0,         0,  ...   -1.0000,   -1.0000,   -1.0000], 
  ..., 
 [         0,    1.0000,         0,  ...    1.0000,   -1.0000,   -1.0000], 
 [         0,   -1.0000,         0,  ...   -1.0000,   -1.0000,   -1.0000], 
 [         0,    1.0000,         0,  ...   -1.0000,    1.0000,   -1.0000]]
=================OUTPUT==================
[[1.0000], 
 [-1.0000], 
 [1.0000], 
 [-1.0000], 
 [1.0000], 
 [-1.0000], 
 [1.0000], 
 [-1.0000], 
 [1.0000], 
 [-1.0000], 
 [1.0000], 
 [-1.0000], 
 [1.0000], 
 [-1.0000], 
 [1.0000], 
 [-1.0000], 
 [1.0000], 
 [-1.0000], 
 [1.0000], 
 [-1.0000], 
 [1.0000], 
 [-1.0000], 
 [1.0000], 
 [-1.0000], 
 [1.0000], 
 [-1.0000], 
 [1.0000], 
 [-1.0000], 
 [1.0000], 
 [-1.0000], 
 [1.0000], 
 [-1.0000], 
 [1.0000], 
 [-1.0000], 
 [1.0000], 
 [-1.0000], 
 [1.0000], 
 [-1.0000], 
 [1.0000], 
 [-1.0000], 
 [1.0000], 
 [-1.0000], 
 [1.0000], 
 [-1.0000], 
 [1.0000], 
 [-1.0000], 
 [1.0000], 
 [-1.0000], 
 [1.0000]]
Policy network data: 
===========INPUT===================
[[         0,         0,         0,  ...    1.0000,    1.0000,    1.0000], 
 [         0,         0,         0,  ...   -1.0000,   -1.0000,   -1.0000], 
 [         0,         0,         0,  ...   -1.0000,   -1.0000,   -1.0000], 
  ..., 
 [         0,    1.0000,         0,  ...    1.0000,   -1.0000,   -1.0000], 
 [         0,   -1.0000,         0,  ...   -1.0000,   -1.0000,   -1.0000], 
 [         0,    1.0000,         0,  ...   -1.0000,    1.0000,   -1.0000]]
=================OUTPUT==================
[[    0.0126,    0.0141,    0.0128,  ...    0.0147,    0.0174,    0.0118], 
 [         0,         0,         0,  ...         0,         0,         0], 
 [         0,         0,         0,  ...         0,         0,         0], 
  ..., 
 [         0,         0,         0,  ...         0,         0,         0], 
 [         0,         0,         0,  ...         0,         0,         0], 
 [ 3.6359e-5,         0, 4.2419e-5,  ...         0,         0,         0]]
W:\Labs\ME\ME187-Fall2024\StudentFiles\CALEBHOTTES\UTTTstuff\data\series1\policy$series1,gameNum31$1729271897775.bin
Took: 1720 s to simulate game
Finished simulating game, see log at: W:\Labs\ME\ME187-Fall2024\StudentFiles\CALEBHOTTES\UTTTstuff\data\logs\series1\game31$1729269168781.log for details.
