Saving data to: F:\UltimateTickTackToeAITrainingData\series1
Begin custom message: 
DataSeries: series1 game number: 22 This data series is using a raw MCTS search to generate data.EvaluatorConfiguration{cValue=2.0, maxRolloutDepth=1000, computeTime=30, threads=1, stupidity=0, allowForcePlay=false, maxMyCPU=false} using 20 threads to sim 1000 games is the goal. 
End custom message
Inital State: 

|* 0. |* 0. |* 0. ||* 0. |* 0. |* 0. ||* 0. |* 0. |* 0. |
|* 0. |* 0. |* 0. ||* 0. |* 0. |* 0. ||* 0. |* 0. |* 0. |
|* 0. |* 0. |* 0. ||* 0. |* 0. |* 0. ||* 0. |* 0. |* 0. |
|=====+=====+=====||=====+=====+=====||=====+=====+=====|
|* 0. |* 0. |* 0. ||* 0. |* 0. |* 0. ||* 0. |* 0. |* 0. |
|* 0. |* 0. |* 0. ||* 0. |* 0. |* 0. ||* 0. |* 0. |* 0. |
|* 0. |* 0. |* 0. ||* 0. |* 0. |* 0. ||* 0. |* 0. |* 0. |
|=====+=====+=====||=====+=====+=====||=====+=====+=====|
|* 0. |* 0. |* 0. ||* 0. |* 0. |* 0. ||* 0. |* 0. |* 0. |
|* 0. |* 0. |* 0. ||* 0. |* 0. |* 0. ||* 0. |* 0. |* 0. |
|* 0. |* 0. |* 0. ||* 0. |* 0. |* 0. ||* 0. |* 0. |* 0. |


state to eval, currenty is playerone turn=true

|* 0. |* 0. |* 0. ||* 0. |* 0. |* 0. ||* 0. |* 0. |* 0. |
|* 0. |* 0. |* 0. ||* 0. |* 0. |* 0. ||* 0. |* 0. |* 0. |
|* 0. |* 0. |* 0. ||* 0. |* 0. |* 0. ||* 0. |* 0. |* 0. |
|=====+=====+=====||=====+=====+=====||=====+=====+=====|
|* 0. |* 0. |* 0. ||* 0. |* 0. |* 0. ||* 0. |* 0. |* 0. |
|* 0. |* 0. |* 0. ||* 0. |* 0. |* 0. ||* 0. |* 0. |* 0. |
|* 0. |* 0. |* 0. ||* 0. |* 0. |* 0. ||* 0. |* 0. |* 0. |
|=====+=====+=====||=====+=====+=====||=====+=====+=====|
|* 0. |* 0. |* 0. ||* 0. |* 0. |* 0. ||* 0. |* 0. |* 0. |
|* 0. |* 0. |* 0. ||* 0. |* 0. |* 0. ||* 0. |* 0. |* 0. |
|* 0. |* 0. |* 0. ||* 0. |* 0. |* 0. ||* 0. |* 0. |* 0. |


Determined best move using: 594911Iterations
current State

|  0. |  0. |  0. ||  0. |  0. |  0. ||  0. |  0. |  0. |
|  0. |  0. |  0. ||  0. |  0. |  0. ||  0. |  0. |  0. |
|  0. |  0. |  0. ||  0. |  0. |  0. ||  0. |  0. |  0. |
|=====+=====+=====||=====+=====+=====||=====+=====+=====|
|  0. |  0. |  0. ||  0. |  0. |  0. ||  0. |  0. |  0. |
|  0. |  0. |  0. ||  0. |  0. |  0. ||  0. |  0. |  0. |
|  0. |  0. |  0. ||  0. |  0. |  1. ||  0. |  0. |  0. |
|=====+=====+=====||=====+=====+=====||=====+=====+=====|
|  0. |  0. |  0. ||  0. |  0. |  0. ||* 0. |* 0. |* 0. |
|  0. |  0. |  0. ||  0. |  0. |  0. ||* 0. |* 0. |* 0. |
|  0. |  0. |  0. ||  0. |  0. |  0. ||* 0. |* 0. |* 0. |


state to eval, currenty is playerone turn=false

| -0. | -0. | -0. || -0. | -0. | -0. || -0. | -0. | -0. |
| -0. | -0. | -0. || -0. | -0. | -0. || -0. | -0. | -0. |
| -0. | -0. | -0. || -0. | -0. | -0. || -0. | -0. | -0. |
|=====+=====+=====||=====+=====+=====||=====+=====+=====|
| -0. | -0. | -0. || -0. | -0. | -0. || -0. | -0. | -0. |
| -0. | -0. | -0. || -0. | -0. | -0. || -0. | -0. | -0. |
| -0. | -0. | -0. || -0. | -0. | -1. || -0. | -0. | -0. |
|=====+=====+=====||=====+=====+=====||=====+=====+=====|
| -0. | -0. | -0. || -0. | -0. | -0. ||*-0. |*-0. |*-0. |
| -0. | -0. | -0. || -0. | -0. | -0. ||*-0. |*-0. |*-0. |
| -0. | -0. | -0. || -0. | -0. | -0. ||*-0. |*-0. |*-0. |


Determined best move using: 605248Iterations
current State

|  0. |  0. |  0. ||  0. |  0. |  0. ||* 0. |* 0. |* 0. |
|  0. |  0. |  0. ||  0. |  0. |  0. ||* 0. |* 0. |* 0. |
|  0. |  0. |  0. ||  0. |  0. |  0. ||* 0. |* 0. |* 0. |
|=====+=====+=====||=====+=====+=====||=====+=====+=====|
|  0. |  0. |  0. ||  0. |  0. |  0. ||  0. |  0. |  0. |
|  0. |  0. |  0. ||  0. |  0. |  0. ||  0. |  0. |  0. |
|  0. |  0. |  0. ||  0. |  0. |  1. ||  0. |  0. |  0. |
|=====+=====+=====||=====+=====+=====||=====+=====+=====|
|  0. |  0. |  0. ||  0. |  0. |  0. ||  0. |  0. | -1. |
|  0. |  0. |  0. ||  0. |  0. |  0. ||  0. |  0. |  0. |
|  0. |  0. |  0. ||  0. |  0. |  0. ||  0. |  0. |  0. |


state to eval, currenty is playerone turn=true

|  0. |  0. |  0. ||  0. |  0. |  0. ||* 0. |* 0. |* 0. |
|  0. |  0. |  0. ||  0. |  0. |  0. ||* 0. |* 0. |* 0. |
|  0. |  0. |  0. ||  0. |  0. |  0. ||* 0. |* 0. |* 0. |
|=====+=====+=====||=====+=====+=====||=====+=====+=====|
|  0. |  0. |  0. ||  0. |  0. |  0. ||  0. |  0. |  0. |
|  0. |  0. |  0. ||  0. |  0. |  0. ||  0. |  0. |  0. |
|  0. |  0. |  0. ||  0. |  0. |  1. ||  0. |  0. |  0. |
|=====+=====+=====||=====+=====+=====||=====+=====+=====|
|  0. |  0. |  0. ||  0. |  0. |  0. ||  0. |  0. | -1. |
|  0. |  0. |  0. ||  0. |  0. |  0. ||  0. |  0. |  0. |
|  0. |  0. |  0. ||  0. |  0. |  0. ||  0. |  0. |  0. |


Determined best move using: 619301Iterations
current State

|  0. |  0. |  0. ||  0. |  0. |  0. ||  0. |  0. |  0. |
|  0. |  0. |  0. ||  0. |  0. |  0. ||  0. |  0. |  1. |
|  0. |  0. |  0. ||  0. |  0. |  0. ||  0. |  0. |  0. |
|=====+=====+=====||=====+=====+=====||=====+=====+=====|
|  0. |  0. |  0. ||  0. |  0. |  0. ||* 0. |* 0. |* 0. |
|  0. |  0. |  0. ||  0. |  0. |  0. ||* 0. |* 0. |* 0. |
|  0. |  0. |  0. ||  0. |  0. |  1. ||* 0. |* 0. |* 0. |
|=====+=====+=====||=====+=====+=====||=====+=====+=====|
|  0. |  0. |  0. ||  0. |  0. |  0. ||  0. |  0. | -1. |
|  0. |  0. |  0. ||  0. |  0. |  0. ||  0. |  0. |  0. |
|  0. |  0. |  0. ||  0. |  0. |  0. ||  0. |  0. |  0. |


state to eval, currenty is playerone turn=false

| -0. | -0. | -0. || -0. | -0. | -0. || -0. | -0. | -0. |
| -0. | -0. | -0. || -0. | -0. | -0. || -0. | -0. | -1. |
| -0. | -0. | -0. || -0. | -0. | -0. || -0. | -0. | -0. |
|=====+=====+=====||=====+=====+=====||=====+=====+=====|
| -0. | -0. | -0. || -0. | -0. | -0. ||*-0. |*-0. |*-0. |
| -0. | -0. | -0. || -0. | -0. | -0. ||*-0. |*-0. |*-0. |
| -0. | -0. | -0. || -0. | -0. | -1. ||*-0. |*-0. |*-0. |
|=====+=====+=====||=====+=====+=====||=====+=====+=====|
| -0. | -0. | -0. || -0. | -0. | -0. || -0. | -0. |  1. |
| -0. | -0. | -0. || -0. | -0. | -0. || -0. | -0. | -0. |
| -0. | -0. | -0. || -0. | -0. | -0. || -0. | -0. | -0. |


Determined best move using: 643053Iterations
current State

|  0. |  0. |  0. ||  0. |  0. |  0. ||  0. |  0. |  0. |
|  0. |  0. |  0. ||  0. |  0. |  0. ||  0. |  0. |  1. |
|  0. |  0. |  0. ||  0. |  0. |  0. ||  0. |  0. |  0. |
|=====+=====+=====||=====+=====+=====||=====+=====+=====|
|  0. |  0. |  0. ||  0. |  0. |  0. ||  0. |  0. |  0. |
|  0. |  0. |  0. ||  0. |  0. |  0. ||  0. |  0. |  0. |
|  0. |  0. |  0. ||  0. |  0. |  1. ||  0. | -1. |  0. |
|=====+=====+=====||=====+=====+=====||=====+=====+=====|
|  0. |  0. |  0. ||* 0. |* 0. |* 0. ||  0. |  0. | -1. |
|  0. |  0. |  0. ||* 0. |* 0. |* 0. ||  0. |  0. |  0. |
|  0. |  0. |  0. ||* 0. |* 0. |* 0. ||  0. |  0. |  0. |


state to eval, currenty is playerone turn=true

|  0. |  0. |  0. ||  0. |  0. |  0. ||  0. |  0. |  0. |
|  0. |  0. |  0. ||  0. |  0. |  0. ||  0. |  0. |  1. |
|  0. |  0. |  0. ||  0. |  0. |  0. ||  0. |  0. |  0. |
|=====+=====+=====||=====+=====+=====||=====+=====+=====|
|  0. |  0. |  0. ||  0. |  0. |  0. ||  0. |  0. |  0. |
|  0. |  0. |  0. ||  0. |  0. |  0. ||  0. |  0. |  0. |
|  0. |  0. |  0. ||  0. |  0. |  1. ||  0. | -1. |  0. |
|=====+=====+=====||=====+=====+=====||=====+=====+=====|
|  0. |  0. |  0. ||* 0. |* 0. |* 0. ||  0. |  0. | -1. |
|  0. |  0. |  0. ||* 0. |* 0. |* 0. ||  0. |  0. |  0. |
|  0. |  0. |  0. ||* 0. |* 0. |* 0. ||  0. |  0. |  0. |


Determined best move using: 689251Iterations
current State

|  0. |  0. |  0. ||  0. |  0. |  0. ||* 0. |* 0. |* 0. |
|  0. |  0. |  0. ||  0. |  0. |  0. ||* 0. |* 0. |* 1. |
|  0. |  0. |  0. ||  0. |  0. |  0. ||* 0. |* 0. |* 0. |
|=====+=====+=====||=====+=====+=====||=====+=====+=====|
|  0. |  0. |  0. ||  0. |  0. |  0. ||  0. |  0. |  0. |
|  0. |  0. |  0. ||  0. |  0. |  0. ||  0. |  0. |  0. |
|  0. |  0. |  0. ||  0. |  0. |  1. ||  0. | -1. |  0. |
|=====+=====+=====||=====+=====+=====||=====+=====+=====|
|  0. |  0. |  0. ||  0. |  0. |  1. ||  0. |  0. | -1. |
|  0. |  0. |  0. ||  0. |  0. |  0. ||  0. |  0. |  0. |
|  0. |  0. |  0. ||  0. |  0. |  0. ||  0. |  0. |  0. |


state to eval, currenty is playerone turn=false

| -0. | -0. | -0. || -0. | -0. | -0. ||*-0. |*-0. |*-0. |
| -0. | -0. | -0. || -0. | -0. | -0. ||*-0. |*-0. |*-1. |
| -0. | -0. | -0. || -0. | -0. | -0. ||*-0. |*-0. |*-0. |
|=====+=====+=====||=====+=====+=====||=====+=====+=====|
| -0. | -0. | -0. || -0. | -0. | -0. || -0. | -0. | -0. |
| -0. | -0. | -0. || -0. | -0. | -0. || -0. | -0. | -0. |
| -0. | -0. | -0. || -0. | -0. | -1. || -0. |  1. | -0. |
|=====+=====+=====||=====+=====+=====||=====+=====+=====|
| -0. | -0. | -0. || -0. | -0. | -1. || -0. | -0. |  1. |
| -0. | -0. | -0. || -0. | -0. | -0. || -0. | -0. | -0. |
| -0. | -0. | -0. || -0. | -0. | -0. || -0. | -0. | -0. |


Determined best move using: 744340Iterations
current State

|  0. |  0. |  0. ||  0. |  0. |  0. ||  0. |  0. |  0. |
|  0. |  0. |  0. ||  0. |  0. |  0. ||  0. |  0. |  1. |
|  0. |  0. |  0. ||  0. |  0. |  0. ||  0. | -1. |  0. |
|=====+=====+=====||=====+=====+=====||=====+=====+=====|
|  0. |  0. |  0. ||  0. |  0. |  0. ||  0. |  0. |  0. |
|  0. |  0. |  0. ||  0. |  0. |  0. ||  0. |  0. |  0. |
|  0. |  0. |  0. ||  0. |  0. |  1. ||  0. | -1. |  0. |
|=====+=====+=====||=====+=====+=====||=====+=====+=====|
|  0. |  0. |  0. ||* 0. |* 0. |* 1. ||  0. |  0. | -1. |
|  0. |  0. |  0. ||* 0. |* 0. |* 0. ||  0. |  0. |  0. |
|  0. |  0. |  0. ||* 0. |* 0. |* 0. ||  0. |  0. |  0. |


state to eval, currenty is playerone turn=true

|  0. |  0. |  0. ||  0. |  0. |  0. ||  0. |  0. |  0. |
|  0. |  0. |  0. ||  0. |  0. |  0. ||  0. |  0. |  1. |
|  0. |  0. |  0. ||  0. |  0. |  0. ||  0. | -1. |  0. |
|=====+=====+=====||=====+=====+=====||=====+=====+=====|
|  0. |  0. |  0. ||  0. |  0. |  0. ||  0. |  0. |  0. |
|  0. |  0. |  0. ||  0. |  0. |  0. ||  0. |  0. |  0. |
|  0. |  0. |  0. ||  0. |  0. |  1. ||  0. | -1. |  0. |
|=====+=====+=====||=====+=====+=====||=====+=====+=====|
|  0. |  0. |  0. ||* 0. |* 0. |* 1. ||  0. |  0. | -1. |
|  0. |  0. |  0. ||* 0. |* 0. |* 0. ||  0. |  0. |  0. |
|  0. |  0. |  0. ||* 0. |* 0. |* 0. ||  0. |  0. |  0. |


Determined best move using: 766502Iterations
current State

|  0. |  0. |  0. ||  0. |  0. |  0. ||  0. |  0. |  0. |
|  0. |  0. |  0. ||  0. |  0. |  0. ||  0. |  0. |  1. |
|  0. |  0. |  0. ||  0. |  0. |  0. ||  0. | -1. |  0. |
|=====+=====+=====||=====+=====+=====||=====+=====+=====|
|  0. |  0. |  0. ||* 0. |* 0. |* 0. ||  0. |  0. |  0. |
|  0. |  0. |  0. ||* 0. |* 0. |* 0. ||  0. |  0. |  0. |
|  0. |  0. |  0. ||* 0. |* 0. |* 1. ||  0. | -1. |  0. |
|=====+=====+=====||=====+=====+=====||=====+=====+=====|
|  0. |  0. |  0. ||  0. |  0. |  1. ||  0. |  0. | -1. |
|  0. |  0. |  0. ||  0. |  1. |  0. ||  0. |  0. |  0. |
|  0. |  0. |  0. ||  0. |  0. |  0. ||  0. |  0. |  0. |


state to eval, currenty is playerone turn=false

| -0. | -0. | -0. || -0. | -0. | -0. || -0. | -0. | -0. |
| -0. | -0. | -0. || -0. | -0. | -0. || -0. | -0. | -1. |
| -0. | -0. | -0. || -0. | -0. | -0. || -0. |  1. | -0. |
|=====+=====+=====||=====+=====+=====||=====+=====+=====|
| -0. | -0. | -0. ||*-0. |*-0. |*-0. || -0. | -0. | -0. |
| -0. | -0. | -0. ||*-0. |*-0. |*-0. || -0. | -0. | -0. |
| -0. | -0. | -0. ||*-0. |*-0. |*-1. || -0. |  1. | -0. |
|=====+=====+=====||=====+=====+=====||=====+=====+=====|
| -0. | -0. | -0. || -0. | -0. | -1. || -0. | -0. |  1. |
| -0. | -0. | -0. || -0. | -1. | -0. || -0. | -0. | -0. |
| -0. | -0. | -0. || -0. | -0. | -0. || -0. | -0. | -0. |


Determined best move using: 809259Iterations
current State

|  0. |  0. |  0. ||* 0. |* 0. |* 0. ||  0. |  0. |  0. |
|  0. |  0. |  0. ||* 0. |* 0. |* 0. ||  0. |  0. |  1. |
|  0. |  0. |  0. ||* 0. |* 0. |* 0. ||  0. | -1. |  0. |
|=====+=====+=====||=====+=====+=====||=====+=====+=====|
|  0. |  0. |  0. ||  0. | -1. |  0. ||  0. |  0. |  0. |
|  0. |  0. |  0. ||  0. |  0. |  0. ||  0. |  0. |  0. |
|  0. |  0. |  0. ||  0. |  0. |  1. ||  0. | -1. |  0. |
|=====+=====+=====||=====+=====+=====||=====+=====+=====|
|  0. |  0. |  0. ||  0. |  0. |  1. ||  0. |  0. | -1. |
|  0. |  0. |  0. ||  0. |  1. |  0. ||  0. |  0. |  0. |
|  0. |  0. |  0. ||  0. |  0. |  0. ||  0. |  0. |  0. |


state to eval, currenty is playerone turn=true

|  0. |  0. |  0. ||* 0. |* 0. |* 0. ||  0. |  0. |  0. |
|  0. |  0. |  0. ||* 0. |* 0. |* 0. ||  0. |  0. |  1. |
|  0. |  0. |  0. ||* 0. |* 0. |* 0. ||  0. | -1. |  0. |
|=====+=====+=====||=====+=====+=====||=====+=====+=====|
|  0. |  0. |  0. ||  0. | -1. |  0. ||  0. |  0. |  0. |
|  0. |  0. |  0. ||  0. |  0. |  0. ||  0. |  0. |  0. |
|  0. |  0. |  0. ||  0. |  0. |  1. ||  0. | -1. |  0. |
|=====+=====+=====||=====+=====+=====||=====+=====+=====|
|  0. |  0. |  0. ||  0. |  0. |  1. ||  0. |  0. | -1. |
|  0. |  0. |  0. ||  0. |  1. |  0. ||  0. |  0. |  0. |
|  0. |  0. |  0. ||  0. |  0. |  0. ||  0. |  0. |  0. |


Determined best move using: 3808676Iterations
current State

|  0. |  0. |  0. ||  0. |  0. |  0. ||  0. |  0. |  0. |
|  0. |  0. |  0. ||  0. |  0. |  0. ||  0. |  0. |  1. |
|  0. |  0. |  0. ||  0. |  0. |  1. ||  0. | -1. |  0. |
|=====+=====+=====||=====+=====+=====||=====+=====+=====|
|  0. |  0. |  0. ||  0. | -1. |  0. ||  0. |  0. |  0. |
|  0. |  0. |  0. ||  0. |  0. |  0. ||  0. |  0. |  0. |
|  0. |  0. |  0. ||  0. |  0. |  1. ||  0. | -1. |  0. |
|=====+=====+=====||=====+=====+=====||=====+=====+=====|
|  0. |  0. |  0. ||  0. |  0. |  1. ||* 0. |* 0. |*-1. |
|  0. |  0. |  0. ||  0. |  1. |  0. ||* 0. |* 0. |* 0. |
|  0. |  0. |  0. ||  0. |  0. |  0. ||* 0. |* 0. |* 0. |


state to eval, currenty is playerone turn=false

| -0. | -0. | -0. || -0. | -0. | -0. || -0. | -0. | -0. |
| -0. | -0. | -0. || -0. | -0. | -0. || -0. | -0. | -1. |
| -0. | -0. | -0. || -0. | -0. | -1. || -0. |  1. | -0. |
|=====+=====+=====||=====+=====+=====||=====+=====+=====|
| -0. | -0. | -0. || -0. |  1. | -0. || -0. | -0. | -0. |
| -0. | -0. | -0. || -0. | -0. | -0. || -0. | -0. | -0. |
| -0. | -0. | -0. || -0. | -0. | -1. || -0. |  1. | -0. |
|=====+=====+=====||=====+=====+=====||=====+=====+=====|
| -0. | -0. | -0. || -0. | -0. | -1. ||*-0. |*-0. |* 1. |
| -0. | -0. | -0. || -0. | -1. | -0. ||*-0. |*-0. |*-0. |
| -0. | -0. | -0. || -0. | -0. | -0. ||*-0. |*-0. |*-0. |


Determined best move using: 1107182Iterations
current State

|  0. |  0. |  0. ||  0. |  0. |  0. ||  0. |  0. |  0. |
|  0. |  0. |  0. ||  0. |  0. |  0. ||  0. |  0. |  1. |
|  0. |  0. |  0. ||  0. |  0. |  1. ||  0. | -1. |  0. |
|=====+=====+=====||=====+=====+=====||=====+=====+=====|
|  0. |  0. |  0. ||* 0. |*-1. |* 0. ||  0. |  0. |  0. |
|  0. |  0. |  0. ||* 0. |* 0. |* 0. ||  0. |  0. |  0. |
|  0. |  0. |  0. ||* 0. |* 0. |* 1. ||  0. | -1. |  0. |
|=====+=====+=====||=====+=====+=====||=====+=====+=====|
|  0. |  0. |  0. ||  0. |  0. |  1. ||  0. |  0. | -1. |
|  0. |  0. |  0. ||  0. |  1. |  0. ||  0. | -1. |  0. |
|  0. |  0. |  0. ||  0. |  0. |  0. ||  0. |  0. |  0. |


state to eval, currenty is playerone turn=true

|  0. |  0. |  0. ||  0. |  0. |  0. ||  0. |  0. |  0. |
|  0. |  0. |  0. ||  0. |  0. |  0. ||  0. |  0. |  1. |
|  0. |  0. |  0. ||  0. |  0. |  1. ||  0. | -1. |  0. |
|=====+=====+=====||=====+=====+=====||=====+=====+=====|
|  0. |  0. |  0. ||* 0. |*-1. |* 0. ||  0. |  0. |  0. |
|  0. |  0. |  0. ||* 0. |* 0. |* 0. ||  0. |  0. |  0. |
|  0. |  0. |  0. ||* 0. |* 0. |* 1. ||  0. | -1. |  0. |
|=====+=====+=====||=====+=====+=====||=====+=====+=====|
|  0. |  0. |  0. ||  0. |  0. |  1. ||  0. |  0. | -1. |
|  0. |  0. |  0. ||  0. |  1. |  0. ||  0. | -1. |  0. |
|  0. |  0. |  0. ||  0. |  0. |  0. ||  0. |  0. |  0. |


Determined best move using: 5173402Iterations
current State

|  0. |  0. |  0. ||  0. |  0. |  0. ||  0. |  0. |  0. |
|  0. |  0. |  0. ||  0. |  0. |  0. ||  0. |  0. |  1. |
|  0. |  0. |  0. ||  0. |  0. |  1. ||  0. | -1. |  0. |
|=====+=====+=====||=====+=====+=====||=====+=====+=====|
|  0. |  0. |  0. ||  0. | -1. |  0. ||* 0. |* 0. |* 0. |
|  0. |  0. |  0. ||  0. |  0. |  1. ||* 0. |* 0. |* 0. |
|  0. |  0. |  0. ||  0. |  0. |  1. ||* 0. |*-1. |* 0. |
|=====+=====+=====||=====+=====+=====||=====+=====+=====|
|  0. |  0. |  0. ||  0. |  0. |  1. ||  0. |  0. | -1. |
|  0. |  0. |  0. ||  0. |  1. |  0. ||  0. | -1. |  0. |
|  0. |  0. |  0. ||  0. |  0. |  0. ||  0. |  0. |  0. |


state to eval, currenty is playerone turn=false

| -0. | -0. | -0. || -0. | -0. | -0. || -0. | -0. | -0. |
| -0. | -0. | -0. || -0. | -0. | -0. || -0. | -0. | -1. |
| -0. | -0. | -0. || -0. | -0. | -1. || -0. |  1. | -0. |
|=====+=====+=====||=====+=====+=====||=====+=====+=====|
| -0. | -0. | -0. || -0. |  1. | -0. ||*-0. |*-0. |*-0. |
| -0. | -0. | -0. || -0. | -0. | -1. ||*-0. |*-0. |*-0. |
| -0. | -0. | -0. || -0. | -0. | -1. ||*-0. |* 1. |*-0. |
|=====+=====+=====||=====+=====+=====||=====+=====+=====|
| -0. | -0. | -0. || -0. | -0. | -1. || -0. | -0. |  1. |
| -0. | -0. | -0. || -0. | -1. | -0. || -0. |  1. | -0. |
| -0. | -0. | -0. || -0. | -0. | -0. || -0. | -0. | -0. |


Determined best move using: 1337105Iterations
current State

|  0. |  0. |  0. ||  0. |  0. |  0. ||  0. |  0. |  0. |
|  0. |  0. |  0. ||  0. |  0. |  0. ||  0. |  0. |  1. |
|  0. |  0. |  0. ||  0. |  0. |  1. ||  0. | -1. |  0. |
|=====+=====+=====||=====+=====+=====||=====+=====+=====|
|  0. |  0. |  0. ||  0. | -1. |  0. ||  0. |  0. |  0. |
|  0. |  0. |  0. ||  0. |  0. |  1. ||  0. |  0. |  0. |
|  0. |  0. |  0. ||  0. |  0. |  1. || -1. | -1. |  0. |
|=====+=====+=====||=====+=====+=====||=====+=====+=====|
|* 0. |* 0. |* 0. ||  0. |  0. |  1. ||  0. |  0. | -1. |
|* 0. |* 0. |* 0. ||  0. |  1. |  0. ||  0. | -1. |  0. |
|* 0. |* 0. |* 0. ||  0. |  0. |  0. ||  0. |  0. |  0. |


state to eval, currenty is playerone turn=true

|  0. |  0. |  0. ||  0. |  0. |  0. ||  0. |  0. |  0. |
|  0. |  0. |  0. ||  0. |  0. |  0. ||  0. |  0. |  1. |
|  0. |  0. |  0. ||  0. |  0. |  1. ||  0. | -1. |  0. |
|=====+=====+=====||=====+=====+=====||=====+=====+=====|
|  0. |  0. |  0. ||  0. | -1. |  0. ||  0. |  0. |  0. |
|  0. |  0. |  0. ||  0. |  0. |  1. ||  0. |  0. |  0. |
|  0. |  0. |  0. ||  0. |  0. |  1. || -1. | -1. |  0. |
|=====+=====+=====||=====+=====+=====||=====+=====+=====|
|* 0. |* 0. |* 0. ||  0. |  0. |  1. ||  0. |  0. | -1. |
|* 0. |* 0. |* 0. ||  0. |  1. |  0. ||  0. | -1. |  0. |
|* 0. |* 0. |* 0. ||  0. |  0. |  0. ||  0. |  0. |  0. |


Determined best move using: 7288721Iterations
current State

|  0. |  0. |  0. ||  0. |  0. |  0. ||  0. |  0. |  0. |
|  0. |  0. |  0. ||  0. |  0. |  0. ||  0. |  0. |  1. |
|  0. |  0. |  0. ||  0. |  0. |  1. ||  0. | -1. |  0. |
|=====+=====+=====||=====+=====+=====||=====+=====+=====|
|  0. |  0. |  0. ||  0. | -1. |  0. ||* 0. |* 0. |* 0. |
|  0. |  0. |  0. ||  0. |  0. |  1. ||* 0. |* 0. |* 0. |
|  0. |  0. |  0. ||  0. |  0. |  1. ||*-1. |*-1. |* 0. |
|=====+=====+=====||=====+=====+=====||=====+=====+=====|
|  0. |  0. |  0. ||  0. |  0. |  1. ||  0. |  0. | -1. |
|  0. |  0. |  1. ||  0. |  1. |  0. ||  0. | -1. |  0. |
|  0. |  0. |  0. ||  0. |  0. |  0. ||  0. |  0. |  0. |


state to eval, currenty is playerone turn=false

| -0. | -0. | -0. || -0. | -0. | -0. || -0. | -0. | -0. |
| -0. | -0. | -0. || -0. | -0. | -0. || -0. | -0. | -1. |
| -0. | -0. | -0. || -0. | -0. | -1. || -0. |  1. | -0. |
|=====+=====+=====||=====+=====+=====||=====+=====+=====|
| -0. | -0. | -0. || -0. |  1. | -0. ||*-0. |*-0. |*-0. |
| -0. | -0. | -0. || -0. | -0. | -1. ||*-0. |*-0. |*-0. |
| -0. | -0. | -0. || -0. | -0. | -1. ||* 1. |* 1. |*-0. |
|=====+=====+=====||=====+=====+=====||=====+=====+=====|
| -0. | -0. | -0. || -0. | -0. | -1. || -0. | -0. |  1. |
| -0. | -0. | -1. || -0. | -1. | -0. || -0. |  1. | -0. |
| -0. | -0. | -0. || -0. | -0. | -0. || -0. | -0. | -0. |


Determined best move using: 2049301Iterations
current State

|  0. |  0. |  0. ||  0. |  0. |  0. ||  0. |  0. |  0. |
|  0. |  0. |  0. ||  0. |  0. |  0. ||  0. |  0. |  1. |
|  0. |  0. |  0. ||  0. |  0. |  1. ||  0. | -1. |  0. |
|=====+=====+=====||=====+=====+=====||=====+=====+=====|
|  0. |  0. |  0. ||  0. | -1. |  0. ||  0. |  0. |  0. |
|  0. |  0. |  0. ||  0. |  0. |  1. ||  0. |  0. |  0. |
|  0. |  0. |  0. ||  0. |  0. |  1. || -1. | -1. | -1. |
|=====+=====+=====||=====+=====+=====||=====+=====+=====|
|  0. |  0. |  0. ||  0. |  0. |  1. ||* 0. |* 0. |*-1. |
|  0. |  0. |  1. ||  0. |  1. |  0. ||* 0. |*-1. |* 0. |
|  0. |  0. |  0. ||  0. |  0. |  0. ||* 0. |* 0. |* 0. |


state to eval, currenty is playerone turn=true

|  0. |  0. |  0. ||  0. |  0. |  0. ||  0. |  0. |  0. |
|  0. |  0. |  0. ||  0. |  0. |  0. ||  0. |  0. |  1. |
|  0. |  0. |  0. ||  0. |  0. |  1. ||  0. | -1. |  0. |
|=====+=====+=====||=====+=====+=====||=====+=====+=====|
|  0. |  0. |  0. ||  0. | -1. |  0. ||  0. |  0. |  0. |
|  0. |  0. |  0. ||  0. |  0. |  1. ||  0. |  0. |  0. |
|  0. |  0. |  0. ||  0. |  0. |  1. || -1. | -1. | -1. |
|=====+=====+=====||=====+=====+=====||=====+=====+=====|
|  0. |  0. |  0. ||  0. |  0. |  1. ||* 0. |* 0. |*-1. |
|  0. |  0. |  1. ||  0. |  1. |  0. ||* 0. |*-1. |* 0. |
|  0. |  0. |  0. ||  0. |  0. |  0. ||* 0. |* 0. |* 0. |


Determined best move using: 7064438Iterations
current State

|  0. |  0. |  0. ||  0. |  0. |  0. ||  0. |  0. |  0. |
|  0. |  0. |  0. ||  0. |  0. |  0. ||  0. |  0. |  1. |
|  0. |  0. |  0. ||  0. |  0. |  1. ||  0. | -1. |  0. |
|=====+=====+=====||=====+=====+=====||=====+=====+=====|
|* 0. |* 0. |* 0. ||  0. | -1. |  0. ||  0. |  0. |  0. |
|* 0. |* 0. |* 0. ||  0. |  0. |  1. ||  0. |  0. |  0. |
|* 0. |* 0. |* 0. ||  0. |  0. |  1. || -1. | -1. | -1. |
|=====+=====+=====||=====+=====+=====||=====+=====+=====|
|  0. |  0. |  0. ||  0. |  0. |  1. ||  0. |  0. | -1. |
|  0. |  0. |  1. ||  0. |  1. |  0. ||  1. | -1. |  0. |
|  0. |  0. |  0. ||  0. |  0. |  0. ||  0. |  0. |  0. |


state to eval, currenty is playerone turn=false

| -0. | -0. | -0. || -0. | -0. | -0. || -0. | -0. | -0. |
| -0. | -0. | -0. || -0. | -0. | -0. || -0. | -0. | -1. |
| -0. | -0. | -0. || -0. | -0. | -1. || -0. |  1. | -0. |
|=====+=====+=====||=====+=====+=====||=====+=====+=====|
|*-0. |*-0. |*-0. || -0. |  1. | -0. || -0. | -0. | -0. |
|*-0. |*-0. |*-0. || -0. | -0. | -1. || -0. | -0. | -0. |
|*-0. |*-0. |*-0. || -0. | -0. | -1. ||  1. |  1. |  1. |
|=====+=====+=====||=====+=====+=====||=====+=====+=====|
| -0. | -0. | -0. || -0. | -0. | -1. || -0. | -0. |  1. |
| -0. | -0. | -1. || -0. | -1. | -0. || -1. |  1. | -0. |
| -0. | -0. | -0. || -0. | -0. | -0. || -0. | -0. | -0. |


Determined best move using: 2428450Iterations
current State

|* 0. |* 0. |* 0. ||  0. |  0. |  0. ||  0. |  0. |  0. |
|* 0. |* 0. |* 0. ||  0. |  0. |  0. ||  0. |  0. |  1. |
|* 0. |* 0. |* 0. ||  0. |  0. |  1. ||  0. | -1. |  0. |
|=====+=====+=====||=====+=====+=====||=====+=====+=====|
| -1. |  0. |  0. ||  0. | -1. |  0. ||  0. |  0. |  0. |
|  0. |  0. |  0. ||  0. |  0. |  1. ||  0. |  0. |  0. |
|  0. |  0. |  0. ||  0. |  0. |  1. || -1. | -1. | -1. |
|=====+=====+=====||=====+=====+=====||=====+=====+=====|
|  0. |  0. |  0. ||  0. |  0. |  1. ||  0. |  0. | -1. |
|  0. |  0. |  1. ||  0. |  1. |  0. ||  1. | -1. |  0. |
|  0. |  0. |  0. ||  0. |  0. |  0. ||  0. |  0. |  0. |


state to eval, currenty is playerone turn=true

|* 0. |* 0. |* 0. ||  0. |  0. |  0. ||  0. |  0. |  0. |
|* 0. |* 0. |* 0. ||  0. |  0. |  0. ||  0. |  0. |  1. |
|* 0. |* 0. |* 0. ||  0. |  0. |  1. ||  0. | -1. |  0. |
|=====+=====+=====||=====+=====+=====||=====+=====+=====|
| -1. |  0. |  0. ||  0. | -1. |  0. ||  0. |  0. |  0. |
|  0. |  0. |  0. ||  0. |  0. |  1. ||  0. |  0. |  0. |
|  0. |  0. |  0. ||  0. |  0. |  1. || -1. | -1. | -1. |
|=====+=====+=====||=====+=====+=====||=====+=====+=====|
|  0. |  0. |  0. ||  0. |  0. |  1. ||  0. |  0. | -1. |
|  0. |  0. |  1. ||  0. |  1. |  0. ||  1. | -1. |  0. |
|  0. |  0. |  0. ||  0. |  0. |  0. ||  0. |  0. |  0. |


Determined best move using: 8361610Iterations
current State

|  0. |  0. |  0. ||  0. |  0. |  0. ||  0. |  0. |  0. |
|  0. |  0. |  0. ||  0. |  0. |  0. ||  0. |  0. |  1. |
|  1. |  0. |  0. ||  0. |  0. |  1. ||  0. | -1. |  0. |
|=====+=====+=====||=====+=====+=====||=====+=====+=====|
| -1. |  0. |  0. ||  0. | -1. |  0. ||  0. |  0. |  0. |
|  0. |  0. |  0. ||  0. |  0. |  1. ||  0. |  0. |  0. |
|  0. |  0. |  0. ||  0. |  0. |  1. || -1. | -1. | -1. |
|=====+=====+=====||=====+=====+=====||=====+=====+=====|
|* 0. |* 0. |* 0. ||  0. |  0. |  1. ||  0. |  0. | -1. |
|* 0. |* 0. |* 1. ||  0. |  1. |  0. ||  1. | -1. |  0. |
|* 0. |* 0. |* 0. ||  0. |  0. |  0. ||  0. |  0. |  0. |


state to eval, currenty is playerone turn=false

| -0. | -0. | -0. || -0. | -0. | -0. || -0. | -0. | -0. |
| -0. | -0. | -0. || -0. | -0. | -0. || -0. | -0. | -1. |
| -1. | -0. | -0. || -0. | -0. | -1. || -0. |  1. | -0. |
|=====+=====+=====||=====+=====+=====||=====+=====+=====|
|  1. | -0. | -0. || -0. |  1. | -0. || -0. | -0. | -0. |
| -0. | -0. | -0. || -0. | -0. | -1. || -0. | -0. | -0. |
| -0. | -0. | -0. || -0. | -0. | -1. ||  1. |  1. |  1. |
|=====+=====+=====||=====+=====+=====||=====+=====+=====|
|*-0. |*-0. |*-0. || -0. | -0. | -1. || -0. | -0. |  1. |
|*-0. |*-0. |*-1. || -0. | -1. | -0. || -1. |  1. | -0. |
|*-0. |*-0. |*-0. || -0. | -0. | -0. || -0. | -0. | -0. |


Determined best move using: 2955461Iterations
current State

|  0. |  0. |  0. ||  0. |  0. |  0. ||  0. |  0. |  0. |
|  0. |  0. |  0. ||  0. |  0. |  0. ||  0. |  0. |  1. |
|  1. |  0. |  0. ||  0. |  0. |  1. ||  0. | -1. |  0. |
|=====+=====+=====||=====+=====+=====||=====+=====+=====|
|*-1. |* 0. |* 0. ||  0. | -1. |  0. ||  0. |  0. |  0. |
|* 0. |* 0. |* 0. ||  0. |  0. |  1. ||  0. |  0. |  0. |
|* 0. |* 0. |* 0. ||  0. |  0. |  1. || -1. | -1. | -1. |
|=====+=====+=====||=====+=====+=====||=====+=====+=====|
|  0. |  0. |  0. ||  0. |  0. |  1. ||  0. |  0. | -1. |
| -1. |  0. |  1. ||  0. |  1. |  0. ||  1. | -1. |  0. |
|  0. |  0. |  0. ||  0. |  0. |  0. ||  0. |  0. |  0. |


state to eval, currenty is playerone turn=true

|  0. |  0. |  0. ||  0. |  0. |  0. ||  0. |  0. |  0. |
|  0. |  0. |  0. ||  0. |  0. |  0. ||  0. |  0. |  1. |
|  1. |  0. |  0. ||  0. |  0. |  1. ||  0. | -1. |  0. |
|=====+=====+=====||=====+=====+=====||=====+=====+=====|
|*-1. |* 0. |* 0. ||  0. | -1. |  0. ||  0. |  0. |  0. |
|* 0. |* 0. |* 0. ||  0. |  0. |  1. ||  0. |  0. |  0. |
|* 0. |* 0. |* 0. ||  0. |  0. |  1. || -1. | -1. | -1. |
|=====+=====+=====||=====+=====+=====||=====+=====+=====|
|  0. |  0. |  0. ||  0. |  0. |  1. ||  0. |  0. | -1. |
| -1. |  0. |  1. ||  0. |  1. |  0. ||  1. | -1. |  0. |
|  0. |  0. |  0. ||  0. |  0. |  0. ||  0. |  0. |  0. |


Determined best move using: 8499116Iterations
current State

|  0. |  0. |  0. ||  0. |  0. |  0. ||  0. |  0. |  0. |
|  0. |  0. |  0. ||  0. |  0. |  0. ||  0. |  0. |  1. |
|  1. |  0. |  0. ||  0. |  0. |  1. ||  0. | -1. |  0. |
|=====+=====+=====||=====+=====+=====||=====+=====+=====|
| -1. |  0. |  0. ||  0. | -1. |  0. ||  0. |  0. |  0. |
|  0. |  0. |  0. ||  0. |  0. |  1. ||  0. |  0. |  0. |
|  1. |  0. |  0. ||  0. |  0. |  1. || -1. | -1. | -1. |
|=====+=====+=====||=====+=====+=====||=====+=====+=====|
|* 0. |* 0. |* 0. ||  0. |  0. |  1. ||  0. |  0. | -1. |
|*-1. |* 0. |* 1. ||  0. |  1. |  0. ||  1. | -1. |  0. |
|* 0. |* 0. |* 0. ||  0. |  0. |  0. ||  0. |  0. |  0. |


state to eval, currenty is playerone turn=false

| -0. | -0. | -0. || -0. | -0. | -0. || -0. | -0. | -0. |
| -0. | -0. | -0. || -0. | -0. | -0. || -0. | -0. | -1. |
| -1. | -0. | -0. || -0. | -0. | -1. || -0. |  1. | -0. |
|=====+=====+=====||=====+=====+=====||=====+=====+=====|
|  1. | -0. | -0. || -0. |  1. | -0. || -0. | -0. | -0. |
| -0. | -0. | -0. || -0. | -0. | -1. || -0. | -0. | -0. |
| -1. | -0. | -0. || -0. | -0. | -1. ||  1. |  1. |  1. |
|=====+=====+=====||=====+=====+=====||=====+=====+=====|
|*-0. |*-0. |*-0. || -0. | -0. | -1. || -0. | -0. |  1. |
|* 1. |*-0. |*-1. || -0. | -1. | -0. || -1. |  1. | -0. |
|*-0. |*-0. |*-0. || -0. | -0. | -0. || -0. | -0. | -0. |


Determined best move using: 5033686Iterations
current State

|  0. |  0. |  0. ||  0. |  0. |  0. ||  0. |  0. |  0. |
|  0. |  0. |  0. ||  0. |  0. |  0. ||  0. |  0. |  1. |
|  1. |  0. |  0. ||  0. |  0. |  1. ||  0. | -1. |  0. |
|=====+=====+=====||=====+=====+=====||=====+=====+=====|
| -1. |  0. |  0. ||  0. | -1. |  0. ||  0. |  0. |  0. |
|  0. |  0. |  0. ||  0. |  0. |  1. ||  0. |  0. |  0. |
|  1. |  0. |  0. ||  0. |  0. |  1. || -1. | -1. | -1. |
|=====+=====+=====||=====+=====+=====||=====+=====+=====|
|* 0. |* 0. |* 0. ||  0. |  0. |  1. ||  0. |  0. | -1. |
|*-1. |* 0. |* 1. ||  0. |  1. |  0. ||  1. | -1. |  0. |
|*-1. |* 0. |* 0. ||  0. |  0. |  0. ||  0. |  0. |  0. |


state to eval, currenty is playerone turn=true

|  0. |  0. |  0. ||  0. |  0. |  0. ||  0. |  0. |  0. |
|  0. |  0. |  0. ||  0. |  0. |  0. ||  0. |  0. |  1. |
|  1. |  0. |  0. ||  0. |  0. |  1. ||  0. | -1. |  0. |
|=====+=====+=====||=====+=====+=====||=====+=====+=====|
| -1. |  0. |  0. ||  0. | -1. |  0. ||  0. |  0. |  0. |
|  0. |  0. |  0. ||  0. |  0. |  1. ||  0. |  0. |  0. |
|  1. |  0. |  0. ||  0. |  0. |  1. || -1. | -1. | -1. |
|=====+=====+=====||=====+=====+=====||=====+=====+=====|
|* 0. |* 0. |* 0. ||  0. |  0. |  1. ||  0. |  0. | -1. |
|*-1. |* 0. |* 1. ||  0. |  1. |  0. ||  1. | -1. |  0. |
|*-1. |* 0. |* 0. ||  0. |  0. |  0. ||  0. |  0. |  0. |


Determined best move using: 8846786Iterations
current State

|  0. |  0. |  0. ||  0. |  0. |  0. ||* 0. |* 0. |* 0. |
|  0. |  0. |  0. ||  0. |  0. |  0. ||* 0. |* 0. |* 1. |
|  1. |  0. |  0. ||  0. |  0. |  1. ||* 0. |*-1. |* 0. |
|=====+=====+=====||=====+=====+=====||=====+=====+=====|
| -1. |  0. |  0. ||  0. | -1. |  0. ||  0. |  0. |  0. |
|  0. |  0. |  0. ||  0. |  0. |  1. ||  0. |  0. |  0. |
|  1. |  0. |  0. ||  0. |  0. |  1. || -1. | -1. | -1. |
|=====+=====+=====||=====+=====+=====||=====+=====+=====|
|  0. |  0. |  1. ||  0. |  0. |  1. ||  0. |  0. | -1. |
| -1. |  0. |  1. ||  0. |  1. |  0. ||  1. | -1. |  0. |
| -1. |  0. |  0. ||  0. |  0. |  0. ||  0. |  0. |  0. |


state to eval, currenty is playerone turn=false

| -0. | -0. | -0. || -0. | -0. | -0. ||*-0. |*-0. |*-0. |
| -0. | -0. | -0. || -0. | -0. | -0. ||*-0. |*-0. |*-1. |
| -1. | -0. | -0. || -0. | -0. | -1. ||*-0. |* 1. |*-0. |
|=====+=====+=====||=====+=====+=====||=====+=====+=====|
|  1. | -0. | -0. || -0. |  1. | -0. || -0. | -0. | -0. |
| -0. | -0. | -0. || -0. | -0. | -1. || -0. | -0. | -0. |
| -1. | -0. | -0. || -0. | -0. | -1. ||  1. |  1. |  1. |
|=====+=====+=====||=====+=====+=====||=====+=====+=====|
| -0. | -0. | -1. || -0. | -0. | -1. || -0. | -0. |  1. |
|  1. | -0. | -1. || -0. | -1. | -0. || -1. |  1. | -0. |
|  1. | -0. | -0. || -0. | -0. | -0. || -0. | -0. | -0. |


Determined best move using: 4821343Iterations
current State

|  0. |  0. |  0. ||  0. |  0. |  0. ||  0. |  0. |  0. |
|  0. |  0. |  0. ||  0. |  0. |  0. ||  0. | -1. |  1. |
|  1. |  0. |  0. ||  0. |  0. |  1. ||  0. | -1. |  0. |
|=====+=====+=====||=====+=====+=====||=====+=====+=====|
| -1. |  0. |  0. ||* 0. |*-1. |* 0. ||  0. |  0. |  0. |
|  0. |  0. |  0. ||* 0. |* 0. |* 1. ||  0. |  0. |  0. |
|  1. |  0. |  0. ||* 0. |* 0. |* 1. || -1. | -1. | -1. |
|=====+=====+=====||=====+=====+=====||=====+=====+=====|
|  0. |  0. |  1. ||  0. |  0. |  1. ||  0. |  0. | -1. |
| -1. |  0. |  1. ||  0. |  1. |  0. ||  1. | -1. |  0. |
| -1. |  0. |  0. ||  0. |  0. |  0. ||  0. |  0. |  0. |


state to eval, currenty is playerone turn=true

|  0. |  0. |  0. ||  0. |  0. |  0. ||  0. |  0. |  0. |
|  0. |  0. |  0. ||  0. |  0. |  0. ||  0. | -1. |  1. |
|  1. |  0. |  0. ||  0. |  0. |  1. ||  0. | -1. |  0. |
|=====+=====+=====||=====+=====+=====||=====+=====+=====|
| -1. |  0. |  0. ||* 0. |*-1. |* 0. ||  0. |  0. |  0. |
|  0. |  0. |  0. ||* 0. |* 0. |* 1. ||  0. |  0. |  0. |
|  1. |  0. |  0. ||* 0. |* 0. |* 1. || -1. | -1. | -1. |
|=====+=====+=====||=====+=====+=====||=====+=====+=====|
|  0. |  0. |  1. ||  0. |  0. |  1. ||  0. |  0. | -1. |
| -1. |  0. |  1. ||  0. |  1. |  0. ||  1. | -1. |  0. |
| -1. |  0. |  0. ||  0. |  0. |  0. ||  0. |  0. |  0. |


Determined best move using: 7846286Iterations
current State

|  0. |  0. |  0. ||  0. |  0. |  0. ||* 0. |* 0. |* 0. |
|  0. |  0. |  0. ||  0. |  0. |  0. ||* 0. |*-1. |* 1. |
|  1. |  0. |  0. ||  0. |  0. |  1. ||* 0. |*-1. |* 0. |
|=====+=====+=====||=====+=====+=====||=====+=====+=====|
| -1. |  0. |  0. ||  0. | -1. |  1. ||  0. |  0. |  0. |
|  0. |  0. |  0. ||  0. |  0. |  1. ||  0. |  0. |  0. |
|  1. |  0. |  0. ||  0. |  0. |  1. || -1. | -1. | -1. |
|=====+=====+=====||=====+=====+=====||=====+=====+=====|
|  0. |  0. |  1. ||  0. |  0. |  1. ||  0. |  0. | -1. |
| -1. |  0. |  1. ||  0. |  1. |  0. ||  1. | -1. |  0. |
| -1. |  0. |  0. ||  0. |  0. |  0. ||  0. |  0. |  0. |


state to eval, currenty is playerone turn=false

| -0. | -0. | -0. || -0. | -0. | -0. ||*-0. |*-0. |*-0. |
| -0. | -0. | -0. || -0. | -0. | -0. ||*-0. |* 1. |*-1. |
| -1. | -0. | -0. || -0. | -0. | -1. ||*-0. |* 1. |*-0. |
|=====+=====+=====||=====+=====+=====||=====+=====+=====|
|  1. | -0. | -0. || -0. |  1. | -1. || -0. | -0. | -0. |
| -0. | -0. | -0. || -0. | -0. | -1. || -0. | -0. | -0. |
| -1. | -0. | -0. || -0. | -0. | -1. ||  1. |  1. |  1. |
|=====+=====+=====||=====+=====+=====||=====+=====+=====|
| -0. | -0. | -1. || -0. | -0. | -1. || -0. | -0. |  1. |
|  1. | -0. | -1. || -0. | -1. | -0. || -1. |  1. | -0. |
|  1. | -0. | -0. || -0. | -0. | -0. || -0. | -0. | -0. |


Determined best move using: 6541804Iterations
current State

|  0. |  0. |  0. ||* 0. |* 0. |* 0. ||  0. | -1. |  0. |
|  0. |  0. |  0. ||* 0. |* 0. |* 0. ||  0. | -1. |  1. |
|  1. |  0. |  0. ||* 0. |* 0. |* 1. ||  0. | -1. |  0. |
|=====+=====+=====||=====+=====+=====||=====+=====+=====|
| -1. |  0. |  0. ||  0. | -1. |  1. ||  0. |  0. |  0. |
|  0. |  0. |  0. ||  0. |  0. |  1. ||  0. |  0. |  0. |
|  1. |  0. |  0. ||  0. |  0. |  1. || -1. | -1. | -1. |
|=====+=====+=====||=====+=====+=====||=====+=====+=====|
|  0. |  0. |  1. ||  0. |  0. |  1. ||  0. |  0. | -1. |
| -1. |  0. |  1. ||  0. |  1. |  0. ||  1. | -1. |  0. |
| -1. |  0. |  0. ||  0. |  0. |  0. ||  0. |  0. |  0. |


state to eval, currenty is playerone turn=true

|  0. |  0. |  0. ||* 0. |* 0. |* 0. ||  0. | -1. |  0. |
|  0. |  0. |  0. ||* 0. |* 0. |* 0. ||  0. | -1. |  1. |
|  1. |  0. |  0. ||* 0. |* 0. |* 1. ||  0. | -1. |  0. |
|=====+=====+=====||=====+=====+=====||=====+=====+=====|
| -1. |  0. |  0. ||  0. | -1. |  1. ||  0. |  0. |  0. |
|  0. |  0. |  0. ||  0. |  0. |  1. ||  0. |  0. |  0. |
|  1. |  0. |  0. ||  0. |  0. |  1. || -1. | -1. | -1. |
|=====+=====+=====||=====+=====+=====||=====+=====+=====|
|  0. |  0. |  1. ||  0. |  0. |  1. ||  0. |  0. | -1. |
| -1. |  0. |  1. ||  0. |  1. |  0. ||  1. | -1. |  0. |
| -1. |  0. |  0. ||  0. |  0. |  0. ||  0. |  0. |  0. |


Determined best move using: 8863711Iterations
current State

|* 0. |* 0. |* 0. ||* 0. |* 0. |* 0. ||  0. | -1. |  0. |
|* 0. |* 0. |* 0. ||* 0. |* 1. |* 0. ||  0. | -1. |  1. |
|* 1. |* 0. |* 0. ||* 0. |* 0. |* 1. ||  0. | -1. |  0. |
|=====+=====+=====||=====+=====+=====||=====+=====+=====|
|*-1. |* 0. |* 0. ||  0. | -1. |  1. ||  0. |  0. |  0. |
|* 0. |* 0. |* 0. ||  0. |  0. |  1. ||  0. |  0. |  0. |
|* 1. |* 0. |* 0. ||  0. |  0. |  1. || -1. | -1. | -1. |
|=====+=====+=====||=====+=====+=====||=====+=====+=====|
|* 0. |* 0. |* 1. ||* 0. |* 0. |* 1. ||* 0. |* 0. |*-1. |
|*-1. |* 0. |* 1. ||* 0. |* 1. |* 0. ||* 1. |*-1. |* 0. |
|*-1. |* 0. |* 0. ||* 0. |* 0. |* 0. ||* 0. |* 0. |* 0. |


state to eval, currenty is playerone turn=false

|*-0. |*-0. |*-0. ||*-0. |*-0. |*-0. || -0. |  1. | -0. |
|*-0. |*-0. |*-0. ||*-0. |*-1. |*-0. || -0. |  1. | -1. |
|*-1. |*-0. |*-0. ||*-0. |*-0. |*-1. || -0. |  1. | -0. |
|=====+=====+=====||=====+=====+=====||=====+=====+=====|
|* 1. |*-0. |*-0. || -0. |  1. | -1. || -0. | -0. | -0. |
|*-0. |*-0. |*-0. || -0. | -0. | -1. || -0. | -0. | -0. |
|*-1. |*-0. |*-0. || -0. | -0. | -1. ||  1. |  1. |  1. |
|=====+=====+=====||=====+=====+=====||=====+=====+=====|
|*-0. |*-0. |*-1. ||*-0. |*-0. |*-1. ||*-0. |*-0. |* 1. |
|* 1. |*-0. |*-1. ||*-0. |*-1. |*-0. ||*-1. |* 1. |*-0. |
|* 1. |*-0. |*-0. ||*-0. |*-0. |*-0. ||*-0. |*-0. |*-0. |


Determined best move using: 281124Iterations
current State

|  0. |  0. |  0. ||  0. |  0. |  0. ||  0. | -1. |  0. |
|  0. |  0. |  0. ||  0. |  1. |  0. ||  0. | -1. |  1. |
|  1. |  0. |  0. ||  0. |  0. |  1. ||  0. | -1. |  0. |
|=====+=====+=====||=====+=====+=====||=====+=====+=====|
| -1. |  0. |  0. ||  0. | -1. |  1. ||  0. |  0. |  0. |
|  0. |  0. |  0. ||  0. |  0. |  1. ||  0. |  0. |  0. |
|  1. |  0. |  0. ||  0. |  0. |  1. || -1. | -1. | -1. |
|=====+=====+=====||=====+=====+=====||=====+=====+=====|
|* 0. |* 0. |* 1. ||  0. |  0. |  1. ||  0. |  0. | -1. |
|*-1. |* 0. |* 1. ||  0. |  1. |  0. ||  1. | -1. |  0. |
|*-1. |* 0. |* 0. ||  0. |  0. |  0. || -1. |  0. |  0. |


Game ended in: 26 moves
Actual data created in graphical format: 
[StateDatum{MCTSProbabilites=
|  .0118 |  .0118 |  .0116 ||  .0091 |  .0132 |  .0121 ||  .0142 |  .0146 |  .0121 |
|  .0121 |  .0159 |  .0094 ||  .0074 |  .0077 |  .0102 ||  .0153 |  .0184 |  .0121 |
|  .0114 |  .0094 |  .0119 ||  .0074 |  .0085 |  .0088 ||  .0155 |  .015 |  .0179 |
|========+========+========||========+========+========||========+========+========|
|  .0095 |  .0093 |  .011 ||  .0185 |  .0128 |  .01 ||  .0139 |  .0131 |  .0065 |
|  .0111 |  .0083 |  .0078 ||  .0204 |  .0124 |  .0149 ||  .0106 |  .0125 |  .0081 |
|  .0102 |  .0114 |  .0108 ||  .01 |  .0157 |  .0238 ||  .013 |  .0167 |  .0096 |
|========+========+========||========+========+========||========+========+========|
|  .0163 |  .0064 |  .0136 ||  .0144 |  .011 |  .0125 ||  .0099 |  .0216 |  .0139 |
|  .02 |  .0092 |  .0112 ||  .0158 |  .0089 |  .009 ||  .0154 |  .0109 |  .013 |
|  .0152 |  .0155 |  .0174 ||  .0085 |  .0127 |  .0097 ||  .009 |  .0115 |  .0111 |

, state=
|* 0. |* 0. |* 0. ||* 0. |* 0. |* 0. ||* 0. |* 0. |* 0. |
|* 0. |* 0. |* 0. ||* 0. |* 0. |* 0. ||* 0. |* 0. |* 0. |
|* 0. |* 0. |* 0. ||* 0. |* 0. |* 0. ||* 0. |* 0. |* 0. |
|=====+=====+=====||=====+=====+=====||=====+=====+=====|
|* 0. |* 0. |* 0. ||* 0. |* 0. |* 0. ||* 0. |* 0. |* 0. |
|* 0. |* 0. |* 0. ||* 0. |* 0. |* 0. ||* 0. |* 0. |* 0. |
|* 0. |* 0. |* 0. ||* 0. |* 0. |* 0. ||* 0. |* 0. |* 0. |
|=====+=====+=====||=====+=====+=====||=====+=====+=====|
|* 0. |* 0. |* 0. ||* 0. |* 0. |* 0. ||* 0. |* 0. |* 0. |
|* 0. |* 0. |* 0. ||* 0. |* 0. |* 0. ||* 0. |* 0. |* 0. |
|* 0. |* 0. |* 0. ||* 0. |* 0. |* 0. ||* 0. |* 0. |* 0. |

, evalForThisState=-1.0, isPlayerOneTurnOriginally=true}, StateDatum{MCTSProbabilites=
|  .0 |  .0 |  .0 ||  .0 |  .0 |  .0 ||  .0 |  .0 |  .0 |
|  .0 |  .0 |  .0 ||  .0 |  .0 |  .0 ||  .0 |  .0 |  .0 |
|  .0 |  .0 |  .0 ||  .0 |  .0 |  .0 ||  .0 |  .0 |  .0 |
|========+========+========||========+========+========||========+========+========|
|  .0 |  .0 |  .0 ||  .0 |  .0 |  .0 ||  .0 |  .0 |  .0 |
|  .0 |  .0 |  .0 ||  .0 |  .0 |  .0 ||  .0 |  .0 |  .0 |
|  .0 |  .0 |  .0 ||  .0 |  .0 |  .0 ||  .0 |  .0 |  .0 |
|========+========+========||========+========+========||========+========+========|
|  .0 |  .0 |  .0 ||  .0 |  .0 |  .0 ||  .2013 |  .2956 |  .3402 |
|  .0 |  .0 |  .0 ||  .0 |  .0 |  .0 ||  .0131 |  .0108 |  .015 |
|  .0 |  .0 |  .0 ||  .0 |  .0 |  .0 ||  .0183 |  .0923 |  .0133 |

, state=
| -0. | -0. | -0. || -0. | -0. | -0. || -0. | -0. | -0. |
| -0. | -0. | -0. || -0. | -0. | -0. || -0. | -0. | -0. |
| -0. | -0. | -0. || -0. | -0. | -0. || -0. | -0. | -0. |
|=====+=====+=====||=====+=====+=====||=====+=====+=====|
| -0. | -0. | -0. || -0. | -0. | -0. || -0. | -0. | -0. |
| -0. | -0. | -0. || -0. | -0. | -0. || -0. | -0. | -0. |
| -0. | -0. | -0. || -0. | -0. | -1. || -0. | -0. | -0. |
|=====+=====+=====||=====+=====+=====||=====+=====+=====|
| -0. | -0. | -0. || -0. | -0. | -0. ||*-0. |*-0. |*-0. |
| -0. | -0. | -0. || -0. | -0. | -0. ||*-0. |*-0. |*-0. |
| -0. | -0. | -0. || -0. | -0. | -0. ||*-0. |*-0. |*-0. |

, evalForThisState=1.0, isPlayerOneTurnOriginally=false}, StateDatum{MCTSProbabilites=
|  .0 |  .0 |  .0 ||  .0 |  .0 |  .0 ||  .0866 |  .1016 |  .0771 |
|  .0 |  .0 |  .0 ||  .0 |  .0 |  .0 ||  .1055 |  .0959 |  .2463 |
|  .0 |  .0 |  .0 ||  .0 |  .0 |  .0 ||  .1096 |  .0858 |  .0916 |
|========+========+========||========+========+========||========+========+========|
|  .0 |  .0 |  .0 ||  .0 |  .0 |  .0 ||  .0 |  .0 |  .0 |
|  .0 |  .0 |  .0 ||  .0 |  .0 |  .0 ||  .0 |  .0 |  .0 |
|  .0 |  .0 |  .0 ||  .0 |  .0 |  .0 ||  .0 |  .0 |  .0 |
|========+========+========||========+========+========||========+========+========|
|  .0 |  .0 |  .0 ||  .0 |  .0 |  .0 ||  .0 |  .0 |  .0 |
|  .0 |  .0 |  .0 ||  .0 |  .0 |  .0 ||  .0 |  .0 |  .0 |
|  .0 |  .0 |  .0 ||  .0 |  .0 |  .0 ||  .0 |  .0 |  .0 |

, state=
|  0. |  0. |  0. ||  0. |  0. |  0. ||* 0. |* 0. |* 0. |
|  0. |  0. |  0. ||  0. |  0. |  0. ||* 0. |* 0. |* 0. |
|  0. |  0. |  0. ||  0. |  0. |  0. ||* 0. |* 0. |* 0. |
|=====+=====+=====||=====+=====+=====||=====+=====+=====|
|  0. |  0. |  0. ||  0. |  0. |  0. ||  0. |  0. |  0. |
|  0. |  0. |  0. ||  0. |  0. |  0. ||  0. |  0. |  0. |
|  0. |  0. |  0. ||  0. |  0. |  1. ||  0. |  0. |  0. |
|=====+=====+=====||=====+=====+=====||=====+=====+=====|
|  0. |  0. |  0. ||  0. |  0. |  0. ||  0. |  0. | -1. |
|  0. |  0. |  0. ||  0. |  0. |  0. ||  0. |  0. |  0. |
|  0. |  0. |  0. ||  0. |  0. |  0. ||  0. |  0. |  0. |

, evalForThisState=-1.0, isPlayerOneTurnOriginally=true}, StateDatum{MCTSProbabilites=
|  .0 |  .0 |  .0 ||  .0 |  .0 |  .0 ||  .0 |  .0 |  .0 |
|  .0 |  .0 |  .0 ||  .0 |  .0 |  .0 ||  .0 |  .0 |  .0 |
|  .0 |  .0 |  .0 ||  .0 |  .0 |  .0 ||  .0 |  .0 |  .0 |
|========+========+========||========+========+========||========+========+========|
|  .0 |  .0 |  .0 ||  .0 |  .0 |  .0 ||  .0104 |  .1498 |  .0102 |
|  .0 |  .0 |  .0 ||  .0 |  .0 |  .0 ||  .2409 |  .1363 |  .1506 |
|  .0 |  .0 |  .0 ||  .0 |  .0 |  .0 ||  .0376 |  .2526 |  .0116 |
|========+========+========||========+========+========||========+========+========|
|  .0 |  .0 |  .0 ||  .0 |  .0 |  .0 ||  .0 |  .0 |  .0 |
|  .0 |  .0 |  .0 ||  .0 |  .0 |  .0 ||  .0 |  .0 |  .0 |
|  .0 |  .0 |  .0 ||  .0 |  .0 |  .0 ||  .0 |  .0 |  .0 |

, state=
| -0. | -0. | -0. || -0. | -0. | -0. || -0. | -0. | -0. |
| -0. | -0. | -0. || -0. | -0. | -0. || -0. | -0. | -1. |
| -0. | -0. | -0. || -0. | -0. | -0. || -0. | -0. | -0. |
|=====+=====+=====||=====+=====+=====||=====+=====+=====|
| -0. | -0. | -0. || -0. | -0. | -0. ||*-0. |*-0. |*-0. |
| -0. | -0. | -0. || -0. | -0. | -0. ||*-0. |*-0. |*-0. |
| -0. | -0. | -0. || -0. | -0. | -1. ||*-0. |*-0. |*-0. |
|=====+=====+=====||=====+=====+=====||=====+=====+=====|
| -0. | -0. | -0. || -0. | -0. | -0. || -0. | -0. |  1. |
| -0. | -0. | -0. || -0. | -0. | -0. || -0. | -0. | -0. |
| -0. | -0. | -0. || -0. | -0. | -0. || -0. | -0. | -0. |

, evalForThisState=1.0, isPlayerOneTurnOriginally=false}, StateDatum{MCTSProbabilites=
|  .0 |  .0 |  .0 ||  .0 |  .0 |  .0 ||  .0 |  .0 |  .0 |
|  .0 |  .0 |  .0 ||  .0 |  .0 |  .0 ||  .0 |  .0 |  .0 |
|  .0 |  .0 |  .0 ||  .0 |  .0 |  .0 ||  .0 |  .0 |  .0 |
|========+========+========||========+========+========||========+========+========|
|  .0 |  .0 |  .0 ||  .0 |  .0 |  .0 ||  .0 |  .0 |  .0 |
|  .0 |  .0 |  .0 ||  .0 |  .0 |  .0 ||  .0 |  .0 |  .0 |
|  .0 |  .0 |  .0 ||  .0 |  .0 |  .0 ||  .0 |  .0 |  .0 |
|========+========+========||========+========+========||========+========+========|
|  .0 |  .0 |  .0 ||  .1147 |  .0859 |  .1748 ||  .0 |  .0 |  .0 |
|  .0 |  .0 |  .0 ||  .0658 |  .1244 |  .0746 ||  .0 |  .0 |  .0 |
|  .0 |  .0 |  .0 ||  .1498 |  .0911 |  .1189 ||  .0 |  .0 |  .0 |

, state=
|  0. |  0. |  0. ||  0. |  0. |  0. ||  0. |  0. |  0. |
|  0. |  0. |  0. ||  0. |  0. |  0. ||  0. |  0. |  1. |
|  0. |  0. |  0. ||  0. |  0. |  0. ||  0. |  0. |  0. |
|=====+=====+=====||=====+=====+=====||=====+=====+=====|
|  0. |  0. |  0. ||  0. |  0. |  0. ||  0. |  0. |  0. |
|  0. |  0. |  0. ||  0. |  0. |  0. ||  0. |  0. |  0. |
|  0. |  0. |  0. ||  0. |  0. |  1. ||  0. | -1. |  0. |
|=====+=====+=====||=====+=====+=====||=====+=====+=====|
|  0. |  0. |  0. ||* 0. |* 0. |* 0. ||  0. |  0. | -1. |
|  0. |  0. |  0. ||* 0. |* 0. |* 0. ||  0. |  0. |  0. |
|  0. |  0. |  0. ||* 0. |* 0. |* 0. ||  0. |  0. |  0. |

, evalForThisState=-1.0, isPlayerOneTurnOriginally=true}, StateDatum{MCTSProbabilites=
|  .0 |  .0 |  .0 ||  .0 |  .0 |  .0 ||  .1359 |  .1626 |  .1461 |
|  .0 |  .0 |  .0 ||  .0 |  .0 |  .0 ||  .0099 |  .1874 |  .0 |
|  .0 |  .0 |  .0 ||  .0 |  .0 |  .0 ||  .0103 |  .2131 |  .1347 |
|========+========+========||========+========+========||========+========+========|
|  .0 |  .0 |  .0 ||  .0 |  .0 |  .0 ||  .0 |  .0 |  .0 |
|  .0 |  .0 |  .0 ||  .0 |  .0 |  .0 ||  .0 |  .0 |  .0 |
|  .0 |  .0 |  .0 ||  .0 |  .0 |  .0 ||  .0 |  .0 |  .0 |
|========+========+========||========+========+========||========+========+========|
|  .0 |  .0 |  .0 ||  .0 |  .0 |  .0 ||  .0 |  .0 |  .0 |
|  .0 |  .0 |  .0 ||  .0 |  .0 |  .0 ||  .0 |  .0 |  .0 |
|  .0 |  .0 |  .0 ||  .0 |  .0 |  .0 ||  .0 |  .0 |  .0 |

, state=
| -0. | -0. | -0. || -0. | -0. | -0. ||*-0. |*-0. |*-0. |
| -0. | -0. | -0. || -0. | -0. | -0. ||*-0. |*-0. |*-1. |
| -0. | -0. | -0. || -0. | -0. | -0. ||*-0. |*-0. |*-0. |
|=====+=====+=====||=====+=====+=====||=====+=====+=====|
| -0. | -0. | -0. || -0. | -0. | -0. || -0. | -0. | -0. |
| -0. | -0. | -0. || -0. | -0. | -0. || -0. | -0. | -0. |
| -0. | -0. | -0. || -0. | -0. | -1. || -0. |  1. | -0. |
|=====+=====+=====||=====+=====+=====||=====+=====+=====|
| -0. | -0. | -0. || -0. | -0. | -1. || -0. | -0. |  1. |
| -0. | -0. | -0. || -0. | -0. | -0. || -0. | -0. | -0. |
| -0. | -0. | -0. || -0. | -0. | -0. || -0. | -0. | -0. |

, evalForThisState=1.0, isPlayerOneTurnOriginally=false}, StateDatum{MCTSProbabilites=
|  .0 |  .0 |  .0 ||  .0 |  .0 |  .0 ||  .0 |  .0 |  .0 |
|  .0 |  .0 |  .0 ||  .0 |  .0 |  .0 ||  .0 |  .0 |  .0 |
|  .0 |  .0 |  .0 ||  .0 |  .0 |  .0 ||  .0 |  .0 |  .0 |
|========+========+========||========+========+========||========+========+========|
|  .0 |  .0 |  .0 ||  .0 |  .0 |  .0 ||  .0 |  .0 |  .0 |
|  .0 |  .0 |  .0 ||  .0 |  .0 |  .0 ||  .0 |  .0 |  .0 |
|  .0 |  .0 |  .0 ||  .0 |  .0 |  .0 ||  .0 |  .0 |  .0 |
|========+========+========||========+========+========||========+========+========|
|  .0 |  .0 |  .0 ||  .0917 |  .1199 |  .0 ||  .0 |  .0 |  .0 |
|  .0 |  .0 |  .0 ||  .0463 |  .1893 |  .0768 ||  .0 |  .0 |  .0 |
|  .0 |  .0 |  .0 ||  .1414 |  .1517 |  .1828 ||  .0 |  .0 |  .0 |

, state=
|  0. |  0. |  0. ||  0. |  0. |  0. ||  0. |  0. |  0. |
|  0. |  0. |  0. ||  0. |  0. |  0. ||  0. |  0. |  1. |
|  0. |  0. |  0. ||  0. |  0. |  0. ||  0. | -1. |  0. |
|=====+=====+=====||=====+=====+=====||=====+=====+=====|
|  0. |  0. |  0. ||  0. |  0. |  0. ||  0. |  0. |  0. |
|  0. |  0. |  0. ||  0. |  0. |  0. ||  0. |  0. |  0. |
|  0. |  0. |  0. ||  0. |  0. |  1. ||  0. | -1. |  0. |
|=====+=====+=====||=====+=====+=====||=====+=====+=====|
|  0. |  0. |  0. ||* 0. |* 0. |* 1. ||  0. |  0. | -1. |
|  0. |  0. |  0. ||* 0. |* 0. |* 0. ||  0. |  0. |  0. |
|  0. |  0. |  0. ||* 0. |* 0. |* 0. ||  0. |  0. |  0. |

, evalForThisState=-1.0, isPlayerOneTurnOriginally=true}, StateDatum{MCTSProbabilites=
|  .0 |  .0 |  .0 ||  .0 |  .0 |  .0 ||  .0 |  .0 |  .0 |
|  .0 |  .0 |  .0 ||  .0 |  .0 |  .0 ||  .0 |  .0 |  .0 |
|  .0 |  .0 |  .0 ||  .0 |  .0 |  .0 ||  .0 |  .0 |  .0 |
|========+========+========||========+========+========||========+========+========|
|  .0 |  .0 |  .0 ||  .147 |  .1679 |  .012 ||  .0 |  .0 |  .0 |
|  .0 |  .0 |  .0 ||  .1498 |  .1387 |  .1507 ||  .0 |  .0 |  .0 |
|  .0 |  .0 |  .0 ||  .1283 |  .1056 |  .0 ||  .0 |  .0 |  .0 |
|========+========+========||========+========+========||========+========+========|
|  .0 |  .0 |  .0 ||  .0 |  .0 |  .0 ||  .0 |  .0 |  .0 |
|  .0 |  .0 |  .0 ||  .0 |  .0 |  .0 ||  .0 |  .0 |  .0 |
|  .0 |  .0 |  .0 ||  .0 |  .0 |  .0 ||  .0 |  .0 |  .0 |

, state=
| -0. | -0. | -0. || -0. | -0. | -0. || -0. | -0. | -0. |
| -0. | -0. | -0. || -0. | -0. | -0. || -0. | -0. | -1. |
| -0. | -0. | -0. || -0. | -0. | -0. || -0. |  1. | -0. |
|=====+=====+=====||=====+=====+=====||=====+=====+=====|
| -0. | -0. | -0. ||*-0. |*-0. |*-0. || -0. | -0. | -0. |
| -0. | -0. | -0. ||*-0. |*-0. |*-0. || -0. | -0. | -0. |
| -0. | -0. | -0. ||*-0. |*-0. |*-1. || -0. |  1. | -0. |
|=====+=====+=====||=====+=====+=====||=====+=====+=====|
| -0. | -0. | -0. || -0. | -0. | -1. || -0. | -0. |  1. |
| -0. | -0. | -0. || -0. | -1. | -0. || -0. | -0. | -0. |
| -0. | -0. | -0. || -0. | -0. | -0. || -0. | -0. | -0. |

, evalForThisState=1.0, isPlayerOneTurnOriginally=false}, StateDatum{MCTSProbabilites=
|  .0 |  .0 |  .0 ||  .0377 |  .0426 |  .0585 ||  .0 |  .0 |  .0 |
|  .0 |  .0 |  .0 ||  .0477 |  .2045 |  .0473 ||  .0 |  .0 |  .0 |
|  .0 |  .0 |  .0 ||  .0491 |  .0654 |  .4472 ||  .0 |  .0 |  .0 |
|========+========+========||========+========+========||========+========+========|
|  .0 |  .0 |  .0 ||  .0 |  .0 |  .0 ||  .0 |  .0 |  .0 |
|  .0 |  .0 |  .0 ||  .0 |  .0 |  .0 ||  .0 |  .0 |  .0 |
|  .0 |  .0 |  .0 ||  .0 |  .0 |  .0 ||  .0 |  .0 |  .0 |
|========+========+========||========+========+========||========+========+========|
|  .0 |  .0 |  .0 ||  .0 |  .0 |  .0 ||  .0 |  .0 |  .0 |
|  .0 |  .0 |  .0 ||  .0 |  .0 |  .0 ||  .0 |  .0 |  .0 |
|  .0 |  .0 |  .0 ||  .0 |  .0 |  .0 ||  .0 |  .0 |  .0 |

, state=
|  0. |  0. |  0. ||* 0. |* 0. |* 0. ||  0. |  0. |  0. |
|  0. |  0. |  0. ||* 0. |* 0. |* 0. ||  0. |  0. |  1. |
|  0. |  0. |  0. ||* 0. |* 0. |* 0. ||  0. | -1. |  0. |
|=====+=====+=====||=====+=====+=====||=====+=====+=====|
|  0. |  0. |  0. ||  0. | -1. |  0. ||  0. |  0. |  0. |
|  0. |  0. |  0. ||  0. |  0. |  0. ||  0. |  0. |  0. |
|  0. |  0. |  0. ||  0. |  0. |  1. ||  0. | -1. |  0. |
|=====+=====+=====||=====+=====+=====||=====+=====+=====|
|  0. |  0. |  0. ||  0. |  0. |  1. ||  0. |  0. | -1. |
|  0. |  0. |  0. ||  0. |  1. |  0. ||  0. |  0. |  0. |
|  0. |  0. |  0. ||  0. |  0. |  0. ||  0. |  0. |  0. |

, evalForThisState=-1.0, isPlayerOneTurnOriginally=true}, StateDatum{MCTSProbabilites=
|  .0 |  .0 |  .0 ||  .0 |  .0 |  .0 ||  .0 |  .0 |  .0 |
|  .0 |  .0 |  .0 ||  .0 |  .0 |  .0 ||  .0 |  .0 |  .0 |
|  .0 |  .0 |  .0 ||  .0 |  .0 |  .0 ||  .0 |  .0 |  .0 |
|========+========+========||========+========+========||========+========+========|
|  .0 |  .0 |  .0 ||  .0 |  .0 |  .0 ||  .0 |  .0 |  .0 |
|  .0 |  .0 |  .0 ||  .0 |  .0 |  .0 ||  .0 |  .0 |  .0 |
|  .0 |  .0 |  .0 ||  .0 |  .0 |  .0 ||  .0 |  .0 |  .0 |
|========+========+========||========+========+========||========+========+========|
|  .0 |  .0 |  .0 ||  .0 |  .0 |  .0 ||  .1617 |  .1224 |  .0 |
|  .0 |  .0 |  .0 ||  .0 |  .0 |  .0 ||  .1425 |  .1636 |  .0082 |
|  .0 |  .0 |  .0 ||  .0 |  .0 |  .0 ||  .1321 |  .1432 |  .1263 |

, state=
| -0. | -0. | -0. || -0. | -0. | -0. || -0. | -0. | -0. |
| -0. | -0. | -0. || -0. | -0. | -0. || -0. | -0. | -1. |
| -0. | -0. | -0. || -0. | -0. | -1. || -0. |  1. | -0. |
|=====+=====+=====||=====+=====+=====||=====+=====+=====|
| -0. | -0. | -0. || -0. |  1. | -0. || -0. | -0. | -0. |
| -0. | -0. | -0. || -0. | -0. | -0. || -0. | -0. | -0. |
| -0. | -0. | -0. || -0. | -0. | -1. || -0. |  1. | -0. |
|=====+=====+=====||=====+=====+=====||=====+=====+=====|
| -0. | -0. | -0. || -0. | -0. | -1. ||*-0. |*-0. |* 1. |
| -0. | -0. | -0. || -0. | -1. | -0. ||*-0. |*-0. |*-0. |
| -0. | -0. | -0. || -0. | -0. | -0. ||*-0. |*-0. |*-0. |

, evalForThisState=1.0, isPlayerOneTurnOriginally=false}, StateDatum{MCTSProbabilites=
|  .0 |  .0 |  .0 ||  .0 |  .0 |  .0 ||  .0 |  .0 |  .0 |
|  .0 |  .0 |  .0 ||  .0 |  .0 |  .0 ||  .0 |  .0 |  .0 |
|  .0 |  .0 |  .0 ||  .0 |  .0 |  .0 ||  .0 |  .0 |  .0 |
|========+========+========||========+========+========||========+========+========|
|  .0 |  .0 |  .0 ||  .0394 |  .0 |  .0485 ||  .0 |  .0 |  .0 |
|  .0 |  .0 |  .0 ||  .3243 |  .0421 |  .4591 ||  .0 |  .0 |  .0 |
|  .0 |  .0 |  .0 ||  .0399 |  .0467 |  .0 ||  .0 |  .0 |  .0 |
|========+========+========||========+========+========||========+========+========|
|  .0 |  .0 |  .0 ||  .0 |  .0 |  .0 ||  .0 |  .0 |  .0 |
|  .0 |  .0 |  .0 ||  .0 |  .0 |  .0 ||  .0 |  .0 |  .0 |
|  .0 |  .0 |  .0 ||  .0 |  .0 |  .0 ||  .0 |  .0 |  .0 |

, state=
|  0. |  0. |  0. ||  0. |  0. |  0. ||  0. |  0. |  0. |
|  0. |  0. |  0. ||  0. |  0. |  0. ||  0. |  0. |  1. |
|  0. |  0. |  0. ||  0. |  0. |  1. ||  0. | -1. |  0. |
|=====+=====+=====||=====+=====+=====||=====+=====+=====|
|  0. |  0. |  0. ||* 0. |*-1. |* 0. ||  0. |  0. |  0. |
|  0. |  0. |  0. ||* 0. |* 0. |* 0. ||  0. |  0. |  0. |
|  0. |  0. |  0. ||* 0. |* 0. |* 1. ||  0. | -1. |  0. |
|=====+=====+=====||=====+=====+=====||=====+=====+=====|
|  0. |  0. |  0. ||  0. |  0. |  1. ||  0. |  0. | -1. |
|  0. |  0. |  0. ||  0. |  1. |  0. ||  0. | -1. |  0. |
|  0. |  0. |  0. ||  0. |  0. |  0. ||  0. |  0. |  0. |

, evalForThisState=-1.0, isPlayerOneTurnOriginally=true}, StateDatum{MCTSProbabilites=
|  .0 |  .0 |  .0 ||  .0 |  .0 |  .0 ||  .0 |  .0 |  .0 |
|  .0 |  .0 |  .0 ||  .0 |  .0 |  .0 ||  .0 |  .0 |  .0 |
|  .0 |  .0 |  .0 ||  .0 |  .0 |  .0 ||  .0 |  .0 |  .0 |
|========+========+========||========+========+========||========+========+========|
|  .0 |  .0 |  .0 ||  .0 |  .0 |  .0 ||  .1456 |  .1283 |  .0599 |
|  .0 |  .0 |  .0 ||  .0 |  .0 |  .0 ||  .1319 |  .1398 |  .1385 |
|  .0 |  .0 |  .0 ||  .0 |  .0 |  .0 ||  .1489 |  .0 |  .1071 |
|========+========+========||========+========+========||========+========+========|
|  .0 |  .0 |  .0 ||  .0 |  .0 |  .0 ||  .0 |  .0 |  .0 |
|  .0 |  .0 |  .0 ||  .0 |  .0 |  .0 ||  .0 |  .0 |  .0 |
|  .0 |  .0 |  .0 ||  .0 |  .0 |  .0 ||  .0 |  .0 |  .0 |

, state=
| -0. | -0. | -0. || -0. | -0. | -0. || -0. | -0. | -0. |
| -0. | -0. | -0. || -0. | -0. | -0. || -0. | -0. | -1. |
| -0. | -0. | -0. || -0. | -0. | -1. || -0. |  1. | -0. |
|=====+=====+=====||=====+=====+=====||=====+=====+=====|
| -0. | -0. | -0. || -0. |  1. | -0. ||*-0. |*-0. |*-0. |
| -0. | -0. | -0. || -0. | -0. | -1. ||*-0. |*-0. |*-0. |
| -0. | -0. | -0. || -0. | -0. | -1. ||*-0. |* 1. |*-0. |
|=====+=====+=====||=====+=====+=====||=====+=====+=====|
| -0. | -0. | -0. || -0. | -0. | -1. || -0. | -0. |  1. |
| -0. | -0. | -0. || -0. | -1. | -0. || -0. |  1. | -0. |
| -0. | -0. | -0. || -0. | -0. | -0. || -0. | -0. | -0. |

, evalForThisState=1.0, isPlayerOneTurnOriginally=false}, StateDatum{MCTSProbabilites=
|  .0 |  .0 |  .0 ||  .0 |  .0 |  .0 ||  .0 |  .0 |  .0 |
|  .0 |  .0 |  .0 ||  .0 |  .0 |  .0 ||  .0 |  .0 |  .0 |
|  .0 |  .0 |  .0 ||  .0 |  .0 |  .0 ||  .0 |  .0 |  .0 |
|========+========+========||========+========+========||========+========+========|
|  .0 |  .0 |  .0 ||  .0 |  .0 |  .0 ||  .0 |  .0 |  .0 |
|  .0 |  .0 |  .0 ||  .0 |  .0 |  .0 ||  .0 |  .0 |  .0 |
|  .0 |  .0 |  .0 ||  .0 |  .0 |  .0 ||  .0 |  .0 |  .0 |
|========+========+========||========+========+========||========+========+========|
|  .0474 |  .148 |  .1361 ||  .0 |  .0 |  .0 ||  .0 |  .0 |  .0 |
|  .057 |  .1045 |  .2383 ||  .0 |  .0 |  .0 ||  .0 |  .0 |  .0 |
|  .0513 |  .1906 |  .0268 ||  .0 |  .0 |  .0 ||  .0 |  .0 |  .0 |

, state=
|  0. |  0. |  0. ||  0. |  0. |  0. ||  0. |  0. |  0. |
|  0. |  0. |  0. ||  0. |  0. |  0. ||  0. |  0. |  1. |
|  0. |  0. |  0. ||  0. |  0. |  1. ||  0. | -1. |  0. |
|=====+=====+=====||=====+=====+=====||=====+=====+=====|
|  0. |  0. |  0. ||  0. | -1. |  0. ||  0. |  0. |  0. |
|  0. |  0. |  0. ||  0. |  0. |  1. ||  0. |  0. |  0. |
|  0. |  0. |  0. ||  0. |  0. |  1. || -1. | -1. |  0. |
|=====+=====+=====||=====+=====+=====||=====+=====+=====|
|* 0. |* 0. |* 0. ||  0. |  0. |  1. ||  0. |  0. | -1. |
|* 0. |* 0. |* 0. ||  0. |  1. |  0. ||  0. | -1. |  0. |
|* 0. |* 0. |* 0. ||  0. |  0. |  0. ||  0. |  0. |  0. |

, evalForThisState=-1.0, isPlayerOneTurnOriginally=true}, StateDatum{MCTSProbabilites=
|  .0 |  .0 |  .0 ||  .0 |  .0 |  .0 ||  .0 |  .0 |  .0 |
|  .0 |  .0 |  .0 ||  .0 |  .0 |  .0 ||  .0 |  .0 |  .0 |
|  .0 |  .0 |  .0 ||  .0 |  .0 |  .0 ||  .0 |  .0 |  .0 |
|========+========+========||========+========+========||========+========+========|
|  .0 |  .0 |  .0 ||  .0 |  .0 |  .0 ||  .1459 |  .1149 |  .1076 |
|  .0 |  .0 |  .0 ||  .0 |  .0 |  .0 ||  .1342 |  .1252 |  .1118 |
|  .0 |  .0 |  .0 ||  .0 |  .0 |  .0 ||  .0 |  .0 |  .2603 |
|========+========+========||========+========+========||========+========+========|
|  .0 |  .0 |  .0 ||  .0 |  .0 |  .0 ||  .0 |  .0 |  .0 |
|  .0 |  .0 |  .0 ||  .0 |  .0 |  .0 ||  .0 |  .0 |  .0 |
|  .0 |  .0 |  .0 ||  .0 |  .0 |  .0 ||  .0 |  .0 |  .0 |

, state=
| -0. | -0. | -0. || -0. | -0. | -0. || -0. | -0. | -0. |
| -0. | -0. | -0. || -0. | -0. | -0. || -0. | -0. | -1. |
| -0. | -0. | -0. || -0. | -0. | -1. || -0. |  1. | -0. |
|=====+=====+=====||=====+=====+=====||=====+=====+=====|
| -0. | -0. | -0. || -0. |  1. | -0. ||*-0. |*-0. |*-0. |
| -0. | -0. | -0. || -0. | -0. | -1. ||*-0. |*-0. |*-0. |
| -0. | -0. | -0. || -0. | -0. | -1. ||* 1. |* 1. |*-0. |
|=====+=====+=====||=====+=====+=====||=====+=====+=====|
| -0. | -0. | -0. || -0. | -0. | -1. || -0. | -0. |  1. |
| -0. | -0. | -1. || -0. | -1. | -0. || -0. |  1. | -0. |
| -0. | -0. | -0. || -0. | -0. | -0. || -0. | -0. | -0. |

, evalForThisState=1.0, isPlayerOneTurnOriginally=false}, StateDatum{MCTSProbabilites=
|  .0 |  .0 |  .0 ||  .0 |  .0 |  .0 ||  .0 |  .0 |  .0 |
|  .0 |  .0 |  .0 ||  .0 |  .0 |  .0 ||  .0 |  .0 |  .0 |
|  .0 |  .0 |  .0 ||  .0 |  .0 |  .0 ||  .0 |  .0 |  .0 |
|========+========+========||========+========+========||========+========+========|
|  .0 |  .0 |  .0 ||  .0 |  .0 |  .0 ||  .0 |  .0 |  .0 |
|  .0 |  .0 |  .0 ||  .0 |  .0 |  .0 ||  .0 |  .0 |  .0 |
|  .0 |  .0 |  .0 ||  .0 |  .0 |  .0 ||  .0 |  .0 |  .0 |
|========+========+========||========+========+========||========+========+========|
|  .0 |  .0 |  .0 ||  .0 |  .0 |  .0 ||  .169 |  .1202 |  .0 |
|  .0 |  .0 |  .0 ||  .0 |  .0 |  .0 ||  .191 |  .0 |  .0422 |
|  .0 |  .0 |  .0 ||  .0 |  .0 |  .0 ||  .1522 |  .1854 |  .1399 |

, state=
|  0. |  0. |  0. ||  0. |  0. |  0. ||  0. |  0. |  0. |
|  0. |  0. |  0. ||  0. |  0. |  0. ||  0. |  0. |  1. |
|  0. |  0. |  0. ||  0. |  0. |  1. ||  0. | -1. |  0. |
|=====+=====+=====||=====+=====+=====||=====+=====+=====|
|  0. |  0. |  0. ||  0. | -1. |  0. ||  0. |  0. |  0. |
|  0. |  0. |  0. ||  0. |  0. |  1. ||  0. |  0. |  0. |
|  0. |  0. |  0. ||  0. |  0. |  1. || -1. | -1. | -1. |
|=====+=====+=====||=====+=====+=====||=====+=====+=====|
|  0. |  0. |  0. ||  0. |  0. |  1. ||* 0. |* 0. |*-1. |
|  0. |  0. |  1. ||  0. |  1. |  0. ||* 0. |*-1. |* 0. |
|  0. |  0. |  0. ||  0. |  0. |  0. ||* 0. |* 0. |* 0. |

, evalForThisState=-1.0, isPlayerOneTurnOriginally=true}, StateDatum{MCTSProbabilites=
|  .0 |  .0 |  .0 ||  .0 |  .0 |  .0 ||  .0 |  .0 |  .0 |
|  .0 |  .0 |  .0 ||  .0 |  .0 |  .0 ||  .0 |  .0 |  .0 |
|  .0 |  .0 |  .0 ||  .0 |  .0 |  .0 ||  .0 |  .0 |  .0 |
|========+========+========||========+========+========||========+========+========|
|  .1831 |  .1625 |  .1216 ||  .0 |  .0 |  .0 ||  .0 |  .0 |  .0 |
|  .0641 |  .1027 |  .0607 ||  .0 |  .0 |  .0 ||  .0 |  .0 |  .0 |
|  .0823 |  .1133 |  .1096 ||  .0 |  .0 |  .0 ||  .0 |  .0 |  .0 |
|========+========+========||========+========+========||========+========+========|
|  .0 |  .0 |  .0 ||  .0 |  .0 |  .0 ||  .0 |  .0 |  .0 |
|  .0 |  .0 |  .0 ||  .0 |  .0 |  .0 ||  .0 |  .0 |  .0 |
|  .0 |  .0 |  .0 ||  .0 |  .0 |  .0 ||  .0 |  .0 |  .0 |

, state=
| -0. | -0. | -0. || -0. | -0. | -0. || -0. | -0. | -0. |
| -0. | -0. | -0. || -0. | -0. | -0. || -0. | -0. | -1. |
| -0. | -0. | -0. || -0. | -0. | -1. || -0. |  1. | -0. |
|=====+=====+=====||=====+=====+=====||=====+=====+=====|
|*-0. |*-0. |*-0. || -0. |  1. | -0. || -0. | -0. | -0. |
|*-0. |*-0. |*-0. || -0. | -0. | -1. || -0. | -0. | -0. |
|*-0. |*-0. |*-0. || -0. | -0. | -1. ||  1. |  1. |  1. |
|=====+=====+=====||=====+=====+=====||=====+=====+=====|
| -0. | -0. | -0. || -0. | -0. | -1. || -0. | -0. |  1. |
| -0. | -0. | -1. || -0. | -1. | -0. || -1. |  1. | -0. |
| -0. | -0. | -0. || -0. | -0. | -0. || -0. | -0. | -0. |

, evalForThisState=1.0, isPlayerOneTurnOriginally=false}, StateDatum{MCTSProbabilites=
|  .1181 |  .1032 |  .1127 ||  .0 |  .0 |  .0 ||  .0 |  .0 |  .0 |
|  .1283 |  .0915 |  .0358 ||  .0 |  .0 |  .0 ||  .0 |  .0 |  .0 |
|  .1412 |  .1399 |  .1293 ||  .0 |  .0 |  .0 ||  .0 |  .0 |  .0 |
|========+========+========||========+========+========||========+========+========|
|  .0 |  .0 |  .0 ||  .0 |  .0 |  .0 ||  .0 |  .0 |  .0 |
|  .0 |  .0 |  .0 ||  .0 |  .0 |  .0 ||  .0 |  .0 |  .0 |
|  .0 |  .0 |  .0 ||  .0 |  .0 |  .0 ||  .0 |  .0 |  .0 |
|========+========+========||========+========+========||========+========+========|
|  .0 |  .0 |  .0 ||  .0 |  .0 |  .0 ||  .0 |  .0 |  .0 |
|  .0 |  .0 |  .0 ||  .0 |  .0 |  .0 ||  .0 |  .0 |  .0 |
|  .0 |  .0 |  .0 ||  .0 |  .0 |  .0 ||  .0 |  .0 |  .0 |

, state=
|* 0. |* 0. |* 0. ||  0. |  0. |  0. ||  0. |  0. |  0. |
|* 0. |* 0. |* 0. ||  0. |  0. |  0. ||  0. |  0. |  1. |
|* 0. |* 0. |* 0. ||  0. |  0. |  1. ||  0. | -1. |  0. |
|=====+=====+=====||=====+=====+=====||=====+=====+=====|
| -1. |  0. |  0. ||  0. | -1. |  0. ||  0. |  0. |  0. |
|  0. |  0. |  0. ||  0. |  0. |  1. ||  0. |  0. |  0. |
|  0. |  0. |  0. ||  0. |  0. |  1. || -1. | -1. | -1. |
|=====+=====+=====||=====+=====+=====||=====+=====+=====|
|  0. |  0. |  0. ||  0. |  0. |  1. ||  0. |  0. | -1. |
|  0. |  0. |  1. ||  0. |  1. |  0. ||  1. | -1. |  0. |
|  0. |  0. |  0. ||  0. |  0. |  0. ||  0. |  0. |  0. |

, evalForThisState=-1.0, isPlayerOneTurnOriginally=true}, StateDatum{MCTSProbabilites=
|  .0 |  .0 |  .0 ||  .0 |  .0 |  .0 ||  .0 |  .0 |  .0 |
|  .0 |  .0 |  .0 ||  .0 |  .0 |  .0 ||  .0 |  .0 |  .0 |
|  .0 |  .0 |  .0 ||  .0 |  .0 |  .0 ||  .0 |  .0 |  .0 |
|========+========+========||========+========+========||========+========+========|
|  .0 |  .0 |  .0 ||  .0 |  .0 |  .0 ||  .0 |  .0 |  .0 |
|  .0 |  .0 |  .0 ||  .0 |  .0 |  .0 ||  .0 |  .0 |  .0 |
|  .0 |  .0 |  .0 ||  .0 |  .0 |  .0 ||  .0 |  .0 |  .0 |
|========+========+========||========+========+========||========+========+========|
|  .1478 |  .0924 |  .1277 ||  .0 |  .0 |  .0 ||  .0 |  .0 |  .0 |
|  .1701 |  .0835 |  .0 ||  .0 |  .0 |  .0 ||  .0 |  .0 |  .0 |
|  .1349 |  .1262 |  .1174 ||  .0 |  .0 |  .0 ||  .0 |  .0 |  .0 |

, state=
| -0. | -0. | -0. || -0. | -0. | -0. || -0. | -0. | -0. |
| -0. | -0. | -0. || -0. | -0. | -0. || -0. | -0. | -1. |
| -1. | -0. | -0. || -0. | -0. | -1. || -0. |  1. | -0. |
|=====+=====+=====||=====+=====+=====||=====+=====+=====|
|  1. | -0. | -0. || -0. |  1. | -0. || -0. | -0. | -0. |
| -0. | -0. | -0. || -0. | -0. | -1. || -0. | -0. | -0. |
| -0. | -0. | -0. || -0. | -0. | -1. ||  1. |  1. |  1. |
|=====+=====+=====||=====+=====+=====||=====+=====+=====|
|*-0. |*-0. |*-0. || -0. | -0. | -1. || -0. | -0. |  1. |
|*-0. |*-0. |*-1. || -0. | -1. | -0. || -1. |  1. | -0. |
|*-0. |*-0. |*-0. || -0. | -0. | -0. || -0. | -0. | -0. |

, evalForThisState=1.0, isPlayerOneTurnOriginally=false}, StateDatum{MCTSProbabilites=
|  .0 |  .0 |  .0 ||  .0 |  .0 |  .0 ||  .0 |  .0 |  .0 |
|  .0 |  .0 |  .0 ||  .0 |  .0 |  .0 ||  .0 |  .0 |  .0 |
|  .0 |  .0 |  .0 ||  .0 |  .0 |  .0 ||  .0 |  .0 |  .0 |
|========+========+========||========+========+========||========+========+========|
|  .0 |  .1065 |  .0603 ||  .0 |  .0 |  .0 ||  .0 |  .0 |  .0 |
|  .1185 |  .0698 |  .0923 ||  .0 |  .0 |  .0 ||  .0 |  .0 |  .0 |
|  .2347 |  .1898 |  .1281 ||  .0 |  .0 |  .0 ||  .0 |  .0 |  .0 |
|========+========+========||========+========+========||========+========+========|
|  .0 |  .0 |  .0 ||  .0 |  .0 |  .0 ||  .0 |  .0 |  .0 |
|  .0 |  .0 |  .0 ||  .0 |  .0 |  .0 ||  .0 |  .0 |  .0 |
|  .0 |  .0 |  .0 ||  .0 |  .0 |  .0 ||  .0 |  .0 |  .0 |

, state=
|  0. |  0. |  0. ||  0. |  0. |  0. ||  0. |  0. |  0. |
|  0. |  0. |  0. ||  0. |  0. |  0. ||  0. |  0. |  1. |
|  1. |  0. |  0. ||  0. |  0. |  1. ||  0. | -1. |  0. |
|=====+=====+=====||=====+=====+=====||=====+=====+=====|
|*-1. |* 0. |* 0. ||  0. | -1. |  0. ||  0. |  0. |  0. |
|* 0. |* 0. |* 0. ||  0. |  0. |  1. ||  0. |  0. |  0. |
|* 0. |* 0. |* 0. ||  0. |  0. |  1. || -1. | -1. | -1. |
|=====+=====+=====||=====+=====+=====||=====+=====+=====|
|  0. |  0. |  0. ||  0. |  0. |  1. ||  0. |  0. | -1. |
| -1. |  0. |  1. ||  0. |  1. |  0. ||  1. | -1. |  0. |
|  0. |  0. |  0. ||  0. |  0. |  0. ||  0. |  0. |  0. |

, evalForThisState=-1.0, isPlayerOneTurnOriginally=true}, StateDatum{MCTSProbabilites=
|  .0 |  .0 |  .0 ||  .0 |  .0 |  .0 ||  .0 |  .0 |  .0 |
|  .0 |  .0 |  .0 ||  .0 |  .0 |  .0 ||  .0 |  .0 |  .0 |
|  .0 |  .0 |  .0 ||  .0 |  .0 |  .0 ||  .0 |  .0 |  .0 |
|========+========+========||========+========+========||========+========+========|
|  .0 |  .0 |  .0 ||  .0 |  .0 |  .0 ||  .0 |  .0 |  .0 |
|  .0 |  .0 |  .0 ||  .0 |  .0 |  .0 ||  .0 |  .0 |  .0 |
|  .0 |  .0 |  .0 ||  .0 |  .0 |  .0 ||  .0 |  .0 |  .0 |
|========+========+========||========+========+========||========+========+========|
|  .128 |  .1211 |  .1289 ||  .0 |  .0 |  .0 ||  .0 |  .0 |  .0 |
|  .0 |  .0958 |  .0 ||  .0 |  .0 |  .0 ||  .0 |  .0 |  .0 |
|  .1937 |  .1681 |  .1644 ||  .0 |  .0 |  .0 ||  .0 |  .0 |  .0 |

, state=
| -0. | -0. | -0. || -0. | -0. | -0. || -0. | -0. | -0. |
| -0. | -0. | -0. || -0. | -0. | -0. || -0. | -0. | -1. |
| -1. | -0. | -0. || -0. | -0. | -1. || -0. |  1. | -0. |
|=====+=====+=====||=====+=====+=====||=====+=====+=====|
|  1. | -0. | -0. || -0. |  1. | -0. || -0. | -0. | -0. |
| -0. | -0. | -0. || -0. | -0. | -1. || -0. | -0. | -0. |
| -1. | -0. | -0. || -0. | -0. | -1. ||  1. |  1. |  1. |
|=====+=====+=====||=====+=====+=====||=====+=====+=====|
|*-0. |*-0. |*-0. || -0. | -0. | -1. || -0. | -0. |  1. |
|* 1. |*-0. |*-1. || -0. | -1. | -0. || -1. |  1. | -0. |
|*-0. |*-0. |*-0. || -0. | -0. | -0. || -0. | -0. | -0. |

, evalForThisState=1.0, isPlayerOneTurnOriginally=false}, StateDatum{MCTSProbabilites=
|  .0 |  .0 |  .0 ||  .0 |  .0 |  .0 ||  .0 |  .0 |  .0 |
|  .0 |  .0 |  .0 ||  .0 |  .0 |  .0 ||  .0 |  .0 |  .0 |
|  .0 |  .0 |  .0 ||  .0 |  .0 |  .0 ||  .0 |  .0 |  .0 |
|========+========+========||========+========+========||========+========+========|
|  .0 |  .0 |  .0 ||  .0 |  .0 |  .0 ||  .0 |  .0 |  .0 |
|  .0 |  .0 |  .0 ||  .0 |  .0 |  .0 ||  .0 |  .0 |  .0 |
|  .0 |  .0 |  .0 ||  .0 |  .0 |  .0 ||  .0 |  .0 |  .0 |
|========+========+========||========+========+========||========+========+========|
|  .1765 |  .1116 |  .2137 ||  .0 |  .0 |  .0 ||  .0 |  .0 |  .0 |
|  .0 |  .1318 |  .0 ||  .0 |  .0 |  .0 ||  .0 |  .0 |  .0 |
|  .0 |  .1582 |  .2082 ||  .0 |  .0 |  .0 ||  .0 |  .0 |  .0 |

, state=
|  0. |  0. |  0. ||  0. |  0. |  0. ||  0. |  0. |  0. |
|  0. |  0. |  0. ||  0. |  0. |  0. ||  0. |  0. |  1. |
|  1. |  0. |  0. ||  0. |  0. |  1. ||  0. | -1. |  0. |
|=====+=====+=====||=====+=====+=====||=====+=====+=====|
| -1. |  0. |  0. ||  0. | -1. |  0. ||  0. |  0. |  0. |
|  0. |  0. |  0. ||  0. |  0. |  1. ||  0. |  0. |  0. |
|  1. |  0. |  0. ||  0. |  0. |  1. || -1. | -1. | -1. |
|=====+=====+=====||=====+=====+=====||=====+=====+=====|
|* 0. |* 0. |* 0. ||  0. |  0. |  1. ||  0. |  0. | -1. |
|*-1. |* 0. |* 1. ||  0. |  1. |  0. ||  1. | -1. |  0. |
|*-1. |* 0. |* 0. ||  0. |  0. |  0. ||  0. |  0. |  0. |

, evalForThisState=-1.0, isPlayerOneTurnOriginally=true}, StateDatum{MCTSProbabilites=
|  .0 |  .0 |  .0 ||  .0 |  .0 |  .0 ||  .168 |  .1281 |  .1057 |
|  .0 |  .0 |  .0 ||  .0 |  .0 |  .0 ||  .161 |  .1787 |  .0 |
|  .0 |  .0 |  .0 ||  .0 |  .0 |  .0 ||  .1401 |  .0 |  .1184 |
|========+========+========||========+========+========||========+========+========|
|  .0 |  .0 |  .0 ||  .0 |  .0 |  .0 ||  .0 |  .0 |  .0 |
|  .0 |  .0 |  .0 ||  .0 |  .0 |  .0 ||  .0 |  .0 |  .0 |
|  .0 |  .0 |  .0 ||  .0 |  .0 |  .0 ||  .0 |  .0 |  .0 |
|========+========+========||========+========+========||========+========+========|
|  .0 |  .0 |  .0 ||  .0 |  .0 |  .0 ||  .0 |  .0 |  .0 |
|  .0 |  .0 |  .0 ||  .0 |  .0 |  .0 ||  .0 |  .0 |  .0 |
|  .0 |  .0 |  .0 ||  .0 |  .0 |  .0 ||  .0 |  .0 |  .0 |

, state=
| -0. | -0. | -0. || -0. | -0. | -0. ||*-0. |*-0. |*-0. |
| -0. | -0. | -0. || -0. | -0. | -0. ||*-0. |*-0. |*-1. |
| -1. | -0. | -0. || -0. | -0. | -1. ||*-0. |* 1. |*-0. |
|=====+=====+=====||=====+=====+=====||=====+=====+=====|
|  1. | -0. | -0. || -0. |  1. | -0. || -0. | -0. | -0. |
| -0. | -0. | -0. || -0. | -0. | -1. || -0. | -0. | -0. |
| -1. | -0. | -0. || -0. | -0. | -1. ||  1. |  1. |  1. |
|=====+=====+=====||=====+=====+=====||=====+=====+=====|
| -0. | -0. | -1. || -0. | -0. | -1. || -0. | -0. |  1. |
|  1. | -0. | -1. || -0. | -1. | -0. || -1. |  1. | -0. |
|  1. | -0. | -0. || -0. | -0. | -0. || -0. | -0. | -0. |

, evalForThisState=1.0, isPlayerOneTurnOriginally=false}, StateDatum{MCTSProbabilites=
|  .0 |  .0 |  .0 ||  .0 |  .0 |  .0 ||  .0 |  .0 |  .0 |
|  .0 |  .0 |  .0 ||  .0 |  .0 |  .0 ||  .0 |  .0 |  .0 |
|  .0 |  .0 |  .0 ||  .0 |  .0 |  .0 ||  .0 |  .0 |  .0 |
|========+========+========||========+========+========||========+========+========|
|  .0 |  .0 |  .0 ||  .1324 |  .0 |  .305 ||  .0 |  .0 |  .0 |
|  .0 |  .0 |  .0 ||  .1684 |  .1343 |  .0 ||  .0 |  .0 |  .0 |
|  .0 |  .0 |  .0 ||  .1201 |  .1397 |  .0 ||  .0 |  .0 |  .0 |
|========+========+========||========+========+========||========+========+========|
|  .0 |  .0 |  .0 ||  .0 |  .0 |  .0 ||  .0 |  .0 |  .0 |
|  .0 |  .0 |  .0 ||  .0 |  .0 |  .0 ||  .0 |  .0 |  .0 |
|  .0 |  .0 |  .0 ||  .0 |  .0 |  .0 ||  .0 |  .0 |  .0 |

, state=
|  0. |  0. |  0. ||  0. |  0. |  0. ||  0. |  0. |  0. |
|  0. |  0. |  0. ||  0. |  0. |  0. ||  0. | -1. |  1. |
|  1. |  0. |  0. ||  0. |  0. |  1. ||  0. | -1. |  0. |
|=====+=====+=====||=====+=====+=====||=====+=====+=====|
| -1. |  0. |  0. ||* 0. |*-1. |* 0. ||  0. |  0. |  0. |
|  0. |  0. |  0. ||* 0. |* 0. |* 1. ||  0. |  0. |  0. |
|  1. |  0. |  0. ||* 0. |* 0. |* 1. || -1. | -1. | -1. |
|=====+=====+=====||=====+=====+=====||=====+=====+=====|
|  0. |  0. |  1. ||  0. |  0. |  1. ||  0. |  0. | -1. |
| -1. |  0. |  1. ||  0. |  1. |  0. ||  1. | -1. |  0. |
| -1. |  0. |  0. ||  0. |  0. |  0. ||  0. |  0. |  0. |

, evalForThisState=-1.0, isPlayerOneTurnOriginally=true}, StateDatum{MCTSProbabilites=
|  .0 |  .0 |  .0 ||  .0 |  .0 |  .0 ||  .0072 |  .9283 |  .0098 |
|  .0 |  .0 |  .0 ||  .0 |  .0 |  .0 ||  .0276 |  .0 |  .0 |
|  .0 |  .0 |  .0 ||  .0 |  .0 |  .0 ||  .0118 |  .0 |  .0152 |
|========+========+========||========+========+========||========+========+========|
|  .0 |  .0 |  .0 ||  .0 |  .0 |  .0 ||  .0 |  .0 |  .0 |
|  .0 |  .0 |  .0 ||  .0 |  .0 |  .0 ||  .0 |  .0 |  .0 |
|  .0 |  .0 |  .0 ||  .0 |  .0 |  .0 ||  .0 |  .0 |  .0 |
|========+========+========||========+========+========||========+========+========|
|  .0 |  .0 |  .0 ||  .0 |  .0 |  .0 ||  .0 |  .0 |  .0 |
|  .0 |  .0 |  .0 ||  .0 |  .0 |  .0 ||  .0 |  .0 |  .0 |
|  .0 |  .0 |  .0 ||  .0 |  .0 |  .0 ||  .0 |  .0 |  .0 |

, state=
| -0. | -0. | -0. || -0. | -0. | -0. ||*-0. |*-0. |*-0. |
| -0. | -0. | -0. || -0. | -0. | -0. ||*-0. |* 1. |*-1. |
| -1. | -0. | -0. || -0. | -0. | -1. ||*-0. |* 1. |*-0. |
|=====+=====+=====||=====+=====+=====||=====+=====+=====|
|  1. | -0. | -0. || -0. |  1. | -1. || -0. | -0. | -0. |
| -0. | -0. | -0. || -0. | -0. | -1. || -0. | -0. | -0. |
| -1. | -0. | -0. || -0. | -0. | -1. ||  1. |  1. |  1. |
|=====+=====+=====||=====+=====+=====||=====+=====+=====|
| -0. | -0. | -1. || -0. | -0. | -1. || -0. | -0. |  1. |
|  1. | -0. | -1. || -0. | -1. | -0. || -1. |  1. | -0. |
|  1. | -0. | -0. || -0. | -0. | -0. || -0. | -0. | -0. |

, evalForThisState=1.0, isPlayerOneTurnOriginally=false}, StateDatum{MCTSProbabilites=
|  .0 |  .0 |  .0 ||  .2448 |  .0242 |  .0683 ||  .0 |  .0 |  .0 |
|  .0 |  .0 |  .0 ||  .0272 |  .2722 |  .0766 ||  .0 |  .0 |  .0 |
|  .0 |  .0 |  .0 ||  .2464 |  .0403 |  .0 ||  .0 |  .0 |  .0 |
|========+========+========||========+========+========||========+========+========|
|  .0 |  .0 |  .0 ||  .0 |  .0 |  .0 ||  .0 |  .0 |  .0 |
|  .0 |  .0 |  .0 ||  .0 |  .0 |  .0 ||  .0 |  .0 |  .0 |
|  .0 |  .0 |  .0 ||  .0 |  .0 |  .0 ||  .0 |  .0 |  .0 |
|========+========+========||========+========+========||========+========+========|
|  .0 |  .0 |  .0 ||  .0 |  .0 |  .0 ||  .0 |  .0 |  .0 |
|  .0 |  .0 |  .0 ||  .0 |  .0 |  .0 ||  .0 |  .0 |  .0 |
|  .0 |  .0 |  .0 ||  .0 |  .0 |  .0 ||  .0 |  .0 |  .0 |

, state=
|  0. |  0. |  0. ||* 0. |* 0. |* 0. ||  0. | -1. |  0. |
|  0. |  0. |  0. ||* 0. |* 0. |* 0. ||  0. | -1. |  1. |
|  1. |  0. |  0. ||* 0. |* 0. |* 1. ||  0. | -1. |  0. |
|=====+=====+=====||=====+=====+=====||=====+=====+=====|
| -1. |  0. |  0. ||  0. | -1. |  1. ||  0. |  0. |  0. |
|  0. |  0. |  0. ||  0. |  0. |  1. ||  0. |  0. |  0. |
|  1. |  0. |  0. ||  0. |  0. |  1. || -1. | -1. | -1. |
|=====+=====+=====||=====+=====+=====||=====+=====+=====|
|  0. |  0. |  1. ||  0. |  0. |  1. ||  0. |  0. | -1. |
| -1. |  0. |  1. ||  0. |  1. |  0. ||  1. | -1. |  0. |
| -1. |  0. |  0. ||  0. |  0. |  0. ||  0. |  0. |  0. |

, evalForThisState=-1.0, isPlayerOneTurnOriginally=true}, StateDatum{MCTSProbabilites=
|  .0 |  .0 |  .0 ||  .0 |  .0 |  .0 ||  .0 |  .0 |  .0 |
|  .0 |  .0 |  .0 ||  .0 |  .0 |  .0 ||  .0 |  .0 |  .0 |
|  .0 |  .0 |  .0 ||  .0 |  .0 |  .0 ||  .0 |  .0 |  .0 |
|========+========+========||========+========+========||========+========+========|
|  .0 |  .0 |  .0 ||  .0 |  .0 |  .0 ||  .0 |  .0 |  .0 |
|  .0 |  .0 |  .0 ||  .0 |  .0 |  .0 ||  .0 |  .0 |  .0 |
|  .0 |  .0 |  .0 ||  .0 |  .0 |  .0 ||  .0 |  .0 |  .0 |
|========+========+========||========+========+========||========+========+========|
|  .0 |  .0 |  .0 ||  .0 |  .0 |  .0 ||  .0 |  .0 |  .0 |
|  .0 |  .0 |  .0 ||  .0 |  .0 |  .0 ||  .0 |  .0 |  .0 |
|  .0 |  .0 |  .0 ||  .0 |  .0 |  .0 ||  .9996 |  .0 |  .0 |

, state=
|*-0. |*-0. |*-0. ||*-0. |*-0. |*-0. || -0. |  1. | -0. |
|*-0. |*-0. |*-0. ||*-0. |*-1. |*-0. || -0. |  1. | -1. |
|*-1. |*-0. |*-0. ||*-0. |*-0. |*-1. || -0. |  1. | -0. |
|=====+=====+=====||=====+=====+=====||=====+=====+=====|
|* 1. |*-0. |*-0. || -0. |  1. | -1. || -0. | -0. | -0. |
|*-0. |*-0. |*-0. || -0. | -0. | -1. || -0. | -0. | -0. |
|*-1. |*-0. |*-0. || -0. | -0. | -1. ||  1. |  1. |  1. |
|=====+=====+=====||=====+=====+=====||=====+=====+=====|
|*-0. |*-0. |*-1. ||*-0. |*-0. |*-1. ||*-0. |*-0. |* 1. |
|* 1. |*-0. |*-1. ||*-0. |*-1. |*-0. ||*-1. |* 1. |*-0. |
|* 1. |*-0. |*-0. ||*-0. |*-0. |*-0. ||*-0. |*-0. |*-0. |

, evalForThisState=1.0, isPlayerOneTurnOriginally=false}]
Value network data: 
===========INPUT===================
[[0.00,  0.00,  0.00,  0.00,  0.00,  0.00,  0.00,  0.00,  0.00,  0.00,  0.00,  0.00,  0.00,  0.00,  0.00,  0.00,  0.00,  0.00,  0.00,  0.00,  0.00,  0.00,  0.00,  0.00,  0.00,  0.00,  0.00,  0.00,  0.00,  0.00,  0.00,  0.00,  0.00,  0.00,  0.00,  0.00,  0.00,  0.00,  0.00,  0.00,  0.00,  0.00,  0.00,  0.00,  0.00,  0.00,  0.00,  0.00,  0.00,  0.00,  0.00,  0.00,  0.00,  0.00,  0.00,  0.00,  0.00,  0.00,  0.00,  0.00,  0.00,  0.00,  0.00,  0.00,  0.00,  0.00,  0.00,  0.00,  0.00,  0.00,  0.00,  0.00,  0.00,  0.00,  0.00,  0.00,  0.00,  0.00,  0.00,  0.00,  0.00,  1.00,  1.00,  1.00,  1.00,  1.00,  1.00,  1.00,  1.00,  1.00],  
 [-0.00,  -0.00,  -0.00,  -0.00,  -0.00,  -0.00,  -0.00,  -0.00,  -0.00,  -0.00,  -0.00,  -0.00,  -0.00,  -0.00,  -0.00,  -0.00,  -0.00,  -0.00,  -0.00,  -0.00,  -0.00,  -0.00,  -0.00,  -0.00,  -0.00,  -0.00,  -0.00,  -0.00,  -0.00,  -0.00,  -0.00,  -0.00,  -0.00,  -0.00,  -0.00,  -0.00,  -0.00,  -0.00,  -0.00,  -0.00,  -0.00,  -0.00,  -0.00,  -0.00,  -1.00,  -0.00,  -0.00,  -0.00,  -0.00,  -0.00,  -0.00,  -0.00,  -0.00,  -0.00,  -0.00,  -0.00,  -0.00,  -0.00,  -0.00,  -0.00,  -0.00,  -0.00,  -0.00,  -0.00,  -0.00,  -0.00,  -0.00,  -0.00,  -0.00,  -0.00,  -0.00,  -0.00,  -0.00,  -0.00,  -0.00,  -0.00,  -0.00,  -0.00,  -0.00,  -0.00,  -0.00,  -1.00,  -1.00,  -1.00,  -1.00,  -1.00,  -1.00,  -1.00,  -1.00,  1.00],  
 [0.00,  0.00,  0.00,  0.00,  0.00,  0.00,  0.00,  0.00,  0.00,  0.00,  0.00,  0.00,  0.00,  0.00,  0.00,  0.00,  0.00,  0.00,  0.00,  0.00,  0.00,  0.00,  0.00,  0.00,  0.00,  0.00,  0.00,  0.00,  0.00,  0.00,  0.00,  0.00,  0.00,  0.00,  0.00,  0.00,  0.00,  0.00,  0.00,  0.00,  0.00,  0.00,  0.00,  0.00,  1.00,  0.00,  0.00,  0.00,  0.00,  0.00,  0.00,  0.00,  0.00,  0.00,  0.00,  0.00,  0.00,  0.00,  0.00,  0.00,  0.00,  0.00,  0.00,  0.00,  0.00,  0.00,  0.00,  0.00,  0.00,  0.00,  0.00,  0.00,  0.00,  0.00,  -1.00,  0.00,  0.00,  0.00,  0.00,  0.00,  0.00,  -1.00,  -1.00,  1.00,  -1.00,  -1.00,  -1.00,  -1.00,  -1.00,  -1.00],  
 [-0.00,  -0.00,  -0.00,  -0.00,  -0.00,  -0.00,  -0.00,  -0.00,  -0.00,  -0.00,  -0.00,  -0.00,  -0.00,  -0.00,  -0.00,  -0.00,  -0.00,  -0.00,  -0.00,  -0.00,  -0.00,  -0.00,  -0.00,  -1.00,  -0.00,  -0.00,  -0.00,  -0.00,  -0.00,  -0.00,  -0.00,  -0.00,  -0.00,  -0.00,  -0.00,  -0.00,  -0.00,  -0.00,  -0.00,  -0.00,  -0.00,  -0.00,  -0.00,  -0.00,  -1.00,  -0.00,  -0.00,  -0.00,  -0.00,  -0.00,  -0.00,  -0.00,  -0.00,  -0.00,  -0.00,  -0.00,  -0.00,  -0.00,  -0.00,  -0.00,  -0.00,  -0.00,  -0.00,  -0.00,  -0.00,  -0.00,  -0.00,  -0.00,  -0.00,  -0.00,  -0.00,  -0.00,  -0.00,  -0.00,  1.00,  -0.00,  -0.00,  -0.00,  -0.00,  -0.00,  -0.00,  -1.00,  -1.00,  -1.00,  -1.00,  -1.00,  1.00,  -1.00,  -1.00,  -1.00],  
 [0.00,  0.00,  0.00,  0.00,  0.00,  0.00,  0.00,  0.00,  0.00,  0.00,  0.00,  0.00,  0.00,  0.00,  0.00,  0.00,  0.00,  0.00,  0.00,  0.00,  0.00,  0.00,  0.00,  1.00,  0.00,  0.00,  0.00,  0.00,  0.00,  0.00,  0.00,  0.00,  0.00,  0.00,  0.00,  0.00,  0.00,  0.00,  0.00,  0.00,  0.00,  0.00,  0.00,  0.00,  1.00,  0.00,  0.00,  0.00,  0.00,  0.00,  0.00,  0.00,  -1.00,  0.00,  0.00,  0.00,  0.00,  0.00,  0.00,  0.00,  0.00,  0.00,  0.00,  0.00,  0.00,  0.00,  0.00,  0.00,  0.00,  0.00,  0.00,  0.00,  0.00,  0.00,  -1.00,  0.00,  0.00,  0.00,  0.00,  0.00,  0.00,  -1.00,  -1.00,  -1.00,  -1.00,  -1.00,  -1.00,  -1.00,  1.00,  -1.00],  
 [-0.00,  -0.00,  -0.00,  -0.00,  -0.00,  -0.00,  -0.00,  -0.00,  -0.00,  -0.00,  -0.00,  -0.00,  -0.00,  -0.00,  -0.00,  -0.00,  -0.00,  -0.00,  -0.00,  -0.00,  -0.00,  -0.00,  -0.00,  -1.00,  -0.00,  -0.00,  -0.00,  -0.00,  -0.00,  -0.00,  -0.00,  -0.00,  -0.00,  -0.00,  -0.00,  -0.00,  -0.00,  -0.00,  -0.00,  -0.00,  -0.00,  -0.00,  -0.00,  -0.00,  -1.00,  -0.00,  -0.00,  -0.00,  -0.00,  -0.00,  -0.00,  -0.00,  1.00,  -0.00,  -0.00,  -0.00,  -0.00,  -0.00,  -0.00,  -0.00,  -0.00,  -0.00,  -0.00,  -0.00,  -0.00,  -1.00,  -0.00,  -0.00,  -0.00,  -0.00,  -0.00,  -0.00,  -0.00,  -0.00,  1.00,  -0.00,  -0.00,  -0.00,  -0.00,  -0.00,  -0.00,  -1.00,  -1.00,  1.00,  -1.00,  -1.00,  -1.00,  -1.00,  -1.00,  -1.00],  
 [0.00,  0.00,  0.00,  0.00,  0.00,  0.00,  0.00,  0.00,  0.00,  0.00,  0.00,  0.00,  0.00,  0.00,  0.00,  0.00,  0.00,  0.00,  0.00,  0.00,  0.00,  0.00,  0.00,  1.00,  0.00,  -1.00,  0.00,  0.00,  0.00,  0.00,  0.00,  0.00,  0.00,  0.00,  0.00,  0.00,  0.00,  0.00,  0.00,  0.00,  0.00,  0.00,  0.00,  0.00,  1.00,  0.00,  0.00,  0.00,  0.00,  0.00,  0.00,  0.00,  -1.00,  0.00,  0.00,  0.00,  0.00,  0.00,  0.00,  0.00,  0.00,  0.00,  0.00,  0.00,  0.00,  1.00,  0.00,  0.00,  0.00,  0.00,  0.00,  0.00,  0.00,  0.00,  -1.00,  0.00,  0.00,  0.00,  0.00,  0.00,  0.00,  -1.00,  -1.00,  -1.00,  -1.00,  -1.00,  -1.00,  -1.00,  1.00,  -1.00],  
 [-0.00,  -0.00,  -0.00,  -0.00,  -0.00,  -0.00,  -0.00,  -0.00,  -0.00,  -0.00,  -0.00,  -0.00,  -0.00,  -0.00,  -0.00,  -0.00,  -0.00,  -0.00,  -0.00,  -0.00,  -0.00,  -0.00,  -0.00,  -1.00,  -0.00,  1.00,  -0.00,  -0.00,  -0.00,  -0.00,  -0.00,  -0.00,  -0.00,  -0.00,  -0.00,  -0.00,  -0.00,  -0.00,  -0.00,  -0.00,  -0.00,  -0.00,  -0.00,  -0.00,  -1.00,  -0.00,  -0.00,  -0.00,  -0.00,  -0.00,  -0.00,  -0.00,  1.00,  -0.00,  -0.00,  -0.00,  -0.00,  -0.00,  -0.00,  -0.00,  -0.00,  -0.00,  -0.00,  -0.00,  -0.00,  -1.00,  -0.00,  -1.00,  -0.00,  -0.00,  -0.00,  -0.00,  -0.00,  -0.00,  1.00,  -0.00,  -0.00,  -0.00,  -0.00,  -0.00,  -0.00,  -1.00,  -1.00,  -1.00,  -1.00,  1.00,  -1.00,  -1.00,  -1.00,  -1.00],  
 [0.00,  0.00,  0.00,  0.00,  0.00,  0.00,  0.00,  0.00,  0.00,  0.00,  0.00,  0.00,  0.00,  0.00,  0.00,  0.00,  0.00,  0.00,  0.00,  0.00,  0.00,  0.00,  0.00,  1.00,  0.00,  -1.00,  0.00,  0.00,  0.00,  0.00,  0.00,  0.00,  0.00,  0.00,  0.00,  0.00,  0.00,  -1.00,  0.00,  0.00,  0.00,  0.00,  0.00,  0.00,  1.00,  0.00,  0.00,  0.00,  0.00,  0.00,  0.00,  0.00,  -1.00,  0.00,  0.00,  0.00,  0.00,  0.00,  0.00,  0.00,  0.00,  0.00,  0.00,  0.00,  0.00,  1.00,  0.00,  1.00,  0.00,  0.00,  0.00,  0.00,  0.00,  0.00,  -1.00,  0.00,  0.00,  0.00,  0.00,  0.00,  0.00,  -1.00,  1.00,  -1.00,  -1.00,  -1.00,  -1.00,  -1.00,  -1.00,  -1.00],  
 [-0.00,  -0.00,  -0.00,  -0.00,  -0.00,  -0.00,  -0.00,  -0.00,  -0.00,  -0.00,  -0.00,  -0.00,  -0.00,  -0.00,  -0.00,  -0.00,  -0.00,  -1.00,  -0.00,  -0.00,  -0.00,  -0.00,  -0.00,  -1.00,  -0.00,  1.00,  -0.00,  -0.00,  -0.00,  -0.00,  -0.00,  -0.00,  -0.00,  -0.00,  -0.00,  -0.00,  -0.00,  1.00,  -0.00,  -0.00,  -0.00,  -0.00,  -0.00,  -0.00,  -1.00,  -0.00,  -0.00,  -0.00,  -0.00,  -0.00,  -0.00,  -0.00,  1.00,  -0.00,  -0.00,  -0.00,  -0.00,  -0.00,  -0.00,  -0.00,  -0.00,  -0.00,  -0.00,  -0.00,  -0.00,  -1.00,  -0.00,  -1.00,  -0.00,  -0.00,  -0.00,  -0.00,  -0.00,  -0.00,  1.00,  -0.00,  -0.00,  -0.00,  -0.00,  -0.00,  -0.00,  -1.00,  -1.00,  -1.00,  -1.00,  -1.00,  -1.00,  -1.00,  -1.00,  1.00],  
 [0.00,  0.00,  0.00,  0.00,  0.00,  0.00,  0.00,  0.00,  0.00,  0.00,  0.00,  0.00,  0.00,  0.00,  0.00,  0.00,  0.00,  1.00,  0.00,  0.00,  0.00,  0.00,  0.00,  1.00,  0.00,  -1.00,  0.00,  0.00,  0.00,  0.00,  0.00,  0.00,  0.00,  0.00,  0.00,  0.00,  0.00,  -1.00,  0.00,  0.00,  0.00,  0.00,  0.00,  0.00,  1.00,  0.00,  0.00,  0.00,  0.00,  0.00,  0.00,  0.00,  -1.00,  0.00,  0.00,  0.00,  0.00,  0.00,  0.00,  0.00,  0.00,  0.00,  0.00,  0.00,  0.00,  1.00,  0.00,  1.00,  0.00,  0.00,  0.00,  0.00,  0.00,  0.00,  -1.00,  0.00,  -1.00,  0.00,  0.00,  0.00,  0.00,  -1.00,  -1.00,  -1.00,  -1.00,  1.00,  -1.00,  -1.00,  -1.00,  -1.00],  
 [-0.00,  -0.00,  -0.00,  -0.00,  -0.00,  -0.00,  -0.00,  -0.00,  -0.00,  -0.00,  -0.00,  -0.00,  -0.00,  -0.00,  -0.00,  -0.00,  -0.00,  -1.00,  -0.00,  -0.00,  -0.00,  -0.00,  -0.00,  -1.00,  -0.00,  1.00,  -0.00,  -0.00,  -0.00,  -0.00,  -0.00,  -0.00,  -0.00,  -0.00,  -0.00,  -0.00,  -0.00,  1.00,  -0.00,  -0.00,  -0.00,  -1.00,  -0.00,  -0.00,  -1.00,  -0.00,  -0.00,  -0.00,  -0.00,  -0.00,  -0.00,  -0.00,  1.00,  -0.00,  -0.00,  -0.00,  -0.00,  -0.00,  -0.00,  -0.00,  -0.00,  -0.00,  -0.00,  -0.00,  -0.00,  -1.00,  -0.00,  -1.00,  -0.00,  -0.00,  -0.00,  -0.00,  -0.00,  -0.00,  1.00,  -0.00,  1.00,  -0.00,  -0.00,  -0.00,  -0.00,  -1.00,  -1.00,  -1.00,  -1.00,  -1.00,  1.00,  -1.00,  -1.00,  -1.00],  
 [0.00,  0.00,  0.00,  0.00,  0.00,  0.00,  0.00,  0.00,  0.00,  0.00,  0.00,  0.00,  0.00,  0.00,  0.00,  0.00,  0.00,  1.00,  0.00,  0.00,  0.00,  0.00,  0.00,  1.00,  0.00,  -1.00,  0.00,  0.00,  0.00,  0.00,  0.00,  0.00,  0.00,  0.00,  0.00,  0.00,  0.00,  -1.00,  0.00,  0.00,  0.00,  1.00,  0.00,  0.00,  1.00,  0.00,  0.00,  0.00,  0.00,  0.00,  0.00,  -1.00,  -1.00,  0.00,  0.00,  0.00,  0.00,  0.00,  0.00,  0.00,  0.00,  0.00,  0.00,  0.00,  0.00,  1.00,  0.00,  1.00,  0.00,  0.00,  0.00,  0.00,  0.00,  0.00,  -1.00,  0.00,  -1.00,  0.00,  0.00,  0.00,  0.00,  -1.00,  -1.00,  -1.00,  -1.00,  -1.00,  -1.00,  1.00,  -1.00,  -1.00],  
 [-0.00,  -0.00,  -0.00,  -0.00,  -0.00,  -0.00,  -0.00,  -0.00,  -0.00,  -0.00,  -0.00,  -0.00,  -0.00,  -0.00,  -0.00,  -0.00,  -0.00,  -1.00,  -0.00,  -0.00,  -0.00,  -0.00,  -0.00,  -1.00,  -0.00,  1.00,  -0.00,  -0.00,  -0.00,  -0.00,  -0.00,  -0.00,  -0.00,  -0.00,  -0.00,  -0.00,  -0.00,  1.00,  -0.00,  -0.00,  -0.00,  -1.00,  -0.00,  -0.00,  -1.00,  -0.00,  -0.00,  -0.00,  -0.00,  -0.00,  -0.00,  1.00,  1.00,  -0.00,  -0.00,  -0.00,  -0.00,  -0.00,  -0.00,  -1.00,  -0.00,  -0.00,  -0.00,  -0.00,  -0.00,  -1.00,  -0.00,  -1.00,  -0.00,  -0.00,  -0.00,  -0.00,  -0.00,  -0.00,  1.00,  -0.00,  1.00,  -0.00,  -0.00,  -0.00,  -0.00,  -1.00,  -1.00,  -1.00,  -1.00,  -1.00,  1.00,  -1.00,  -1.00,  -1.00],  
 [0.00,  0.00,  0.00,  0.00,  0.00,  0.00,  0.00,  0.00,  0.00,  0.00,  0.00,  0.00,  0.00,  0.00,  0.00,  0.00,  0.00,  1.00,  0.00,  0.00,  0.00,  0.00,  0.00,  1.00,  0.00,  -1.00,  0.00,  0.00,  0.00,  0.00,  0.00,  0.00,  0.00,  0.00,  0.00,  0.00,  0.00,  -1.00,  0.00,  0.00,  0.00,  1.00,  0.00,  0.00,  1.00,  0.00,  0.00,  0.00,  0.00,  0.00,  0.00,  -1.00,  -1.00,  -1.00,  0.00,  0.00,  0.00,  0.00,  0.00,  1.00,  0.00,  0.00,  0.00,  0.00,  0.00,  1.00,  0.00,  1.00,  0.00,  0.00,  0.00,  0.00,  0.00,  0.00,  -1.00,  0.00,  -1.00,  0.00,  0.00,  0.00,  0.00,  -1.00,  -1.00,  -1.00,  -1.00,  -1.00,  -1.00,  -1.00,  -1.00,  1.00],  
 [-0.00,  -0.00,  -0.00,  -0.00,  -0.00,  -0.00,  -0.00,  -0.00,  -0.00,  -0.00,  -0.00,  -0.00,  -0.00,  -0.00,  -0.00,  -0.00,  -0.00,  -1.00,  -0.00,  -0.00,  -0.00,  -0.00,  -0.00,  -1.00,  -0.00,  1.00,  -0.00,  -0.00,  -0.00,  -0.00,  -0.00,  -0.00,  -0.00,  -0.00,  -0.00,  -0.00,  -0.00,  1.00,  -0.00,  -0.00,  -0.00,  -1.00,  -0.00,  -0.00,  -1.00,  -0.00,  -0.00,  -0.00,  -0.00,  -0.00,  -0.00,  1.00,  1.00,  1.00,  -0.00,  -0.00,  -0.00,  -0.00,  -0.00,  -1.00,  -0.00,  -0.00,  -0.00,  -0.00,  -0.00,  -1.00,  -0.00,  -1.00,  -0.00,  -0.00,  -0.00,  -0.00,  -0.00,  -0.00,  1.00,  -1.00,  1.00,  -0.00,  -0.00,  -0.00,  -0.00,  -1.00,  -1.00,  -1.00,  1.00,  -1.00,  -1.00,  -1.00,  -1.00,  -1.00],  
 [0.00,  0.00,  0.00,  0.00,  0.00,  0.00,  0.00,  0.00,  0.00,  0.00,  0.00,  0.00,  0.00,  0.00,  0.00,  0.00,  0.00,  1.00,  0.00,  0.00,  0.00,  0.00,  0.00,  1.00,  0.00,  -1.00,  0.00,  -1.00,  0.00,  0.00,  0.00,  0.00,  0.00,  0.00,  0.00,  0.00,  0.00,  -1.00,  0.00,  0.00,  0.00,  1.00,  0.00,  0.00,  1.00,  0.00,  0.00,  0.00,  0.00,  0.00,  0.00,  -1.00,  -1.00,  -1.00,  0.00,  0.00,  0.00,  0.00,  0.00,  1.00,  0.00,  0.00,  0.00,  0.00,  0.00,  1.00,  0.00,  1.00,  0.00,  0.00,  0.00,  0.00,  0.00,  0.00,  -1.00,  1.00,  -1.00,  0.00,  0.00,  0.00,  0.00,  1.00,  -1.00,  -1.00,  -1.00,  -1.00,  -1.00,  -1.00,  -1.00,  -1.00],  
 [-0.00,  -0.00,  -0.00,  -0.00,  -0.00,  -0.00,  -1.00,  -0.00,  -0.00,  -0.00,  -0.00,  -0.00,  -0.00,  -0.00,  -0.00,  -0.00,  -0.00,  -1.00,  -0.00,  -0.00,  -0.00,  -0.00,  -0.00,  -1.00,  -0.00,  1.00,  -0.00,  1.00,  -0.00,  -0.00,  -0.00,  -0.00,  -0.00,  -0.00,  -0.00,  -0.00,  -0.00,  1.00,  -0.00,  -0.00,  -0.00,  -1.00,  -0.00,  -0.00,  -1.00,  -0.00,  -0.00,  -0.00,  -0.00,  -0.00,  -0.00,  1.00,  1.00,  1.00,  -0.00,  -0.00,  -0.00,  -0.00,  -0.00,  -1.00,  -0.00,  -0.00,  -0.00,  -0.00,  -0.00,  -1.00,  -0.00,  -1.00,  -0.00,  -0.00,  -0.00,  -0.00,  -0.00,  -0.00,  1.00,  -1.00,  1.00,  -0.00,  -0.00,  -0.00,  -0.00,  -1.00,  -1.00,  -1.00,  -1.00,  -1.00,  -1.00,  1.00,  -1.00,  -1.00],  
 [0.00,  0.00,  0.00,  0.00,  0.00,  0.00,  1.00,  0.00,  0.00,  0.00,  0.00,  0.00,  0.00,  0.00,  0.00,  0.00,  0.00,  1.00,  0.00,  0.00,  0.00,  0.00,  0.00,  1.00,  0.00,  -1.00,  0.00,  -1.00,  0.00,  0.00,  0.00,  0.00,  0.00,  0.00,  0.00,  0.00,  0.00,  -1.00,  0.00,  0.00,  0.00,  1.00,  0.00,  0.00,  1.00,  0.00,  0.00,  0.00,  0.00,  0.00,  0.00,  -1.00,  -1.00,  -1.00,  0.00,  0.00,  0.00,  -1.00,  0.00,  1.00,  0.00,  0.00,  0.00,  0.00,  0.00,  1.00,  0.00,  1.00,  0.00,  0.00,  0.00,  0.00,  0.00,  0.00,  -1.00,  1.00,  -1.00,  0.00,  0.00,  0.00,  0.00,  -1.00,  -1.00,  -1.00,  1.00,  -1.00,  -1.00,  -1.00,  -1.00,  -1.00],  
 [-0.00,  -0.00,  -0.00,  -0.00,  -0.00,  -0.00,  -1.00,  -0.00,  -0.00,  -0.00,  -0.00,  -0.00,  -0.00,  -0.00,  -0.00,  -0.00,  -0.00,  -1.00,  -0.00,  -0.00,  -0.00,  -0.00,  -0.00,  -1.00,  -0.00,  1.00,  -0.00,  1.00,  -0.00,  -0.00,  -0.00,  -0.00,  -0.00,  -1.00,  -0.00,  -0.00,  -0.00,  1.00,  -0.00,  -0.00,  -0.00,  -1.00,  -0.00,  -0.00,  -1.00,  -0.00,  -0.00,  -0.00,  -0.00,  -0.00,  -0.00,  1.00,  1.00,  1.00,  -0.00,  -0.00,  -0.00,  1.00,  -0.00,  -1.00,  -0.00,  -0.00,  -0.00,  -0.00,  -0.00,  -1.00,  -0.00,  -1.00,  -0.00,  -0.00,  -0.00,  -0.00,  -0.00,  -0.00,  1.00,  -1.00,  1.00,  -0.00,  -0.00,  -0.00,  -0.00,  -1.00,  -1.00,  -1.00,  -1.00,  -1.00,  -1.00,  1.00,  -1.00,  -1.00],  
 [0.00,  0.00,  0.00,  0.00,  0.00,  0.00,  1.00,  0.00,  0.00,  0.00,  0.00,  0.00,  0.00,  0.00,  0.00,  0.00,  0.00,  1.00,  0.00,  0.00,  0.00,  0.00,  0.00,  1.00,  0.00,  -1.00,  0.00,  -1.00,  0.00,  0.00,  0.00,  0.00,  0.00,  1.00,  0.00,  0.00,  0.00,  -1.00,  0.00,  0.00,  0.00,  1.00,  0.00,  0.00,  1.00,  0.00,  0.00,  0.00,  0.00,  0.00,  0.00,  -1.00,  -1.00,  -1.00,  0.00,  0.00,  0.00,  -1.00,  0.00,  1.00,  -1.00,  0.00,  0.00,  0.00,  0.00,  1.00,  0.00,  1.00,  0.00,  0.00,  0.00,  0.00,  0.00,  0.00,  -1.00,  1.00,  -1.00,  0.00,  0.00,  0.00,  0.00,  -1.00,  -1.00,  -1.00,  -1.00,  -1.00,  -1.00,  1.00,  -1.00,  -1.00],  
 [-0.00,  -0.00,  -0.00,  -0.00,  -0.00,  -0.00,  -1.00,  -0.00,  -0.00,  -0.00,  -0.00,  -0.00,  -0.00,  -0.00,  -0.00,  -0.00,  -0.00,  -1.00,  -0.00,  -0.00,  -0.00,  -0.00,  -0.00,  -1.00,  -0.00,  1.00,  -0.00,  1.00,  -0.00,  -0.00,  -0.00,  -0.00,  -0.00,  -1.00,  -0.00,  -0.00,  -0.00,  1.00,  -0.00,  -0.00,  -0.00,  -1.00,  -0.00,  -0.00,  -1.00,  -0.00,  -0.00,  -0.00,  -0.00,  -0.00,  -0.00,  1.00,  1.00,  1.00,  -0.00,  -0.00,  -1.00,  1.00,  -0.00,  -1.00,  1.00,  -0.00,  -0.00,  -0.00,  -0.00,  -1.00,  -0.00,  -1.00,  -0.00,  -0.00,  -0.00,  -0.00,  -0.00,  -0.00,  1.00,  -1.00,  1.00,  -0.00,  -0.00,  -0.00,  -0.00,  -1.00,  -1.00,  1.00,  -1.00,  -1.00,  -1.00,  -1.00,  -1.00,  -1.00],  
 [0.00,  0.00,  0.00,  0.00,  0.00,  0.00,  1.00,  0.00,  0.00,  0.00,  0.00,  0.00,  0.00,  0.00,  0.00,  0.00,  0.00,  1.00,  0.00,  0.00,  0.00,  0.00,  -1.00,  1.00,  0.00,  -1.00,  0.00,  -1.00,  0.00,  0.00,  0.00,  0.00,  0.00,  1.00,  0.00,  0.00,  0.00,  -1.00,  0.00,  0.00,  0.00,  1.00,  0.00,  0.00,  1.00,  0.00,  0.00,  0.00,  0.00,  0.00,  0.00,  -1.00,  -1.00,  -1.00,  0.00,  0.00,  1.00,  -1.00,  0.00,  1.00,  -1.00,  0.00,  0.00,  0.00,  0.00,  1.00,  0.00,  1.00,  0.00,  0.00,  0.00,  0.00,  0.00,  0.00,  -1.00,  1.00,  -1.00,  0.00,  0.00,  0.00,  0.00,  -1.00,  -1.00,  -1.00,  -1.00,  1.00,  -1.00,  -1.00,  -1.00,  -1.00],  
 [-0.00,  -0.00,  -0.00,  -0.00,  -0.00,  -0.00,  -1.00,  -0.00,  -0.00,  -0.00,  -0.00,  -0.00,  -0.00,  -0.00,  -0.00,  -0.00,  -0.00,  -1.00,  -0.00,  -0.00,  -0.00,  -0.00,  1.00,  -1.00,  -0.00,  1.00,  -0.00,  1.00,  -0.00,  -0.00,  -0.00,  -0.00,  -0.00,  -1.00,  -0.00,  -0.00,  -0.00,  1.00,  -1.00,  -0.00,  -0.00,  -1.00,  -0.00,  -0.00,  -1.00,  -0.00,  -0.00,  -0.00,  -0.00,  -0.00,  -0.00,  1.00,  1.00,  1.00,  -0.00,  -0.00,  -1.00,  1.00,  -0.00,  -1.00,  1.00,  -0.00,  -0.00,  -0.00,  -0.00,  -1.00,  -0.00,  -1.00,  -0.00,  -0.00,  -0.00,  -0.00,  -0.00,  -0.00,  1.00,  -1.00,  1.00,  -0.00,  -0.00,  -0.00,  -0.00,  -1.00,  -1.00,  1.00,  -1.00,  -1.00,  -1.00,  -1.00,  -1.00,  -1.00],  
 [0.00,  0.00,  0.00,  0.00,  0.00,  0.00,  1.00,  0.00,  0.00,  0.00,  0.00,  0.00,  0.00,  0.00,  0.00,  0.00,  0.00,  1.00,  0.00,  -1.00,  0.00,  0.00,  -1.00,  1.00,  0.00,  -1.00,  0.00,  -1.00,  0.00,  0.00,  0.00,  0.00,  0.00,  1.00,  0.00,  0.00,  0.00,  -1.00,  1.00,  0.00,  0.00,  1.00,  0.00,  0.00,  1.00,  0.00,  0.00,  0.00,  0.00,  0.00,  0.00,  -1.00,  -1.00,  -1.00,  0.00,  0.00,  1.00,  -1.00,  0.00,  1.00,  -1.00,  0.00,  0.00,  0.00,  0.00,  1.00,  0.00,  1.00,  0.00,  0.00,  0.00,  0.00,  0.00,  0.00,  -1.00,  1.00,  -1.00,  0.00,  0.00,  0.00,  0.00,  -1.00,  1.00,  -1.00,  -1.00,  -1.00,  -1.00,  -1.00,  -1.00,  -1.00],  
 [-0.00,  -0.00,  -0.00,  -0.00,  -0.00,  -0.00,  -1.00,  -0.00,  -0.00,  -0.00,  -0.00,  -0.00,  -0.00,  -1.00,  -0.00,  -0.00,  -0.00,  -1.00,  -0.00,  1.00,  -0.00,  -0.00,  1.00,  -1.00,  -0.00,  1.00,  -0.00,  1.00,  -0.00,  -0.00,  -0.00,  -0.00,  -0.00,  -1.00,  -0.00,  -0.00,  -0.00,  1.00,  -1.00,  -0.00,  -0.00,  -1.00,  -0.00,  -0.00,  -1.00,  -0.00,  -0.00,  -0.00,  -0.00,  -0.00,  -0.00,  1.00,  1.00,  1.00,  -0.00,  -0.00,  -1.00,  1.00,  -0.00,  -1.00,  1.00,  -0.00,  -0.00,  -0.00,  -0.00,  -1.00,  -0.00,  -1.00,  -0.00,  -0.00,  -0.00,  -0.00,  -0.00,  -0.00,  1.00,  -1.00,  1.00,  -0.00,  -0.00,  -0.00,  -0.00,  1.00,  1.00,  -1.00,  1.00,  -1.00,  -1.00,  1.00,  1.00,  1.00]]
=================OUTPUT==================
[-1.00,  1.00,  -1.00,  1.00,  -1.00,  1.00,  -1.00,  1.00,  -1.00,  1.00,  -1.00,  1.00,  -1.00,  1.00,  -1.00,  1.00,  -1.00,  1.00,  -1.00,  1.00,  -1.00,  1.00,  -1.00,  1.00,  -1.00,  1.00]
Policy network data: 
===========INPUT===================
[[0.00,  0.00,  0.00,  0.00,  0.00,  0.00,  0.00,  0.00,  0.00,  0.00,  0.00,  0.00,  0.00,  0.00,  0.00,  0.00,  0.00,  0.00,  0.00,  0.00,  0.00,  0.00,  0.00,  0.00,  0.00,  0.00,  0.00,  0.00,  0.00,  0.00,  0.00,  0.00,  0.00,  0.00,  0.00,  0.00,  0.00,  0.00,  0.00,  0.00,  0.00,  0.00,  0.00,  0.00,  0.00,  0.00,  0.00,  0.00,  0.00,  0.00,  0.00,  0.00,  0.00,  0.00,  0.00,  0.00,  0.00,  0.00,  0.00,  0.00,  0.00,  0.00,  0.00,  0.00,  0.00,  0.00,  0.00,  0.00,  0.00,  0.00,  0.00,  0.00,  0.00,  0.00,  0.00,  0.00,  0.00,  0.00,  0.00,  0.00,  0.00,  1.00,  1.00,  1.00,  1.00,  1.00,  1.00,  1.00,  1.00,  1.00],  
 [-0.00,  -0.00,  -0.00,  -0.00,  -0.00,  -0.00,  -0.00,  -0.00,  -0.00,  -0.00,  -0.00,  -0.00,  -0.00,  -0.00,  -0.00,  -0.00,  -0.00,  -0.00,  -0.00,  -0.00,  -0.00,  -0.00,  -0.00,  -0.00,  -0.00,  -0.00,  -0.00,  -0.00,  -0.00,  -0.00,  -0.00,  -0.00,  -0.00,  -0.00,  -0.00,  -0.00,  -0.00,  -0.00,  -0.00,  -0.00,  -0.00,  -0.00,  -0.00,  -0.00,  -1.00,  -0.00,  -0.00,  -0.00,  -0.00,  -0.00,  -0.00,  -0.00,  -0.00,  -0.00,  -0.00,  -0.00,  -0.00,  -0.00,  -0.00,  -0.00,  -0.00,  -0.00,  -0.00,  -0.00,  -0.00,  -0.00,  -0.00,  -0.00,  -0.00,  -0.00,  -0.00,  -0.00,  -0.00,  -0.00,  -0.00,  -0.00,  -0.00,  -0.00,  -0.00,  -0.00,  -0.00,  -1.00,  -1.00,  -1.00,  -1.00,  -1.00,  -1.00,  -1.00,  -1.00,  1.00],  
 [0.00,  0.00,  0.00,  0.00,  0.00,  0.00,  0.00,  0.00,  0.00,  0.00,  0.00,  0.00,  0.00,  0.00,  0.00,  0.00,  0.00,  0.00,  0.00,  0.00,  0.00,  0.00,  0.00,  0.00,  0.00,  0.00,  0.00,  0.00,  0.00,  0.00,  0.00,  0.00,  0.00,  0.00,  0.00,  0.00,  0.00,  0.00,  0.00,  0.00,  0.00,  0.00,  0.00,  0.00,  1.00,  0.00,  0.00,  0.00,  0.00,  0.00,  0.00,  0.00,  0.00,  0.00,  0.00,  0.00,  0.00,  0.00,  0.00,  0.00,  0.00,  0.00,  0.00,  0.00,  0.00,  0.00,  0.00,  0.00,  0.00,  0.00,  0.00,  0.00,  0.00,  0.00,  -1.00,  0.00,  0.00,  0.00,  0.00,  0.00,  0.00,  -1.00,  -1.00,  1.00,  -1.00,  -1.00,  -1.00,  -1.00,  -1.00,  -1.00],  
 [-0.00,  -0.00,  -0.00,  -0.00,  -0.00,  -0.00,  -0.00,  -0.00,  -0.00,  -0.00,  -0.00,  -0.00,  -0.00,  -0.00,  -0.00,  -0.00,  -0.00,  -0.00,  -0.00,  -0.00,  -0.00,  -0.00,  -0.00,  -1.00,  -0.00,  -0.00,  -0.00,  -0.00,  -0.00,  -0.00,  -0.00,  -0.00,  -0.00,  -0.00,  -0.00,  -0.00,  -0.00,  -0.00,  -0.00,  -0.00,  -0.00,  -0.00,  -0.00,  -0.00,  -1.00,  -0.00,  -0.00,  -0.00,  -0.00,  -0.00,  -0.00,  -0.00,  -0.00,  -0.00,  -0.00,  -0.00,  -0.00,  -0.00,  -0.00,  -0.00,  -0.00,  -0.00,  -0.00,  -0.00,  -0.00,  -0.00,  -0.00,  -0.00,  -0.00,  -0.00,  -0.00,  -0.00,  -0.00,  -0.00,  1.00,  -0.00,  -0.00,  -0.00,  -0.00,  -0.00,  -0.00,  -1.00,  -1.00,  -1.00,  -1.00,  -1.00,  1.00,  -1.00,  -1.00,  -1.00],  
 [0.00,  0.00,  0.00,  0.00,  0.00,  0.00,  0.00,  0.00,  0.00,  0.00,  0.00,  0.00,  0.00,  0.00,  0.00,  0.00,  0.00,  0.00,  0.00,  0.00,  0.00,  0.00,  0.00,  1.00,  0.00,  0.00,  0.00,  0.00,  0.00,  0.00,  0.00,  0.00,  0.00,  0.00,  0.00,  0.00,  0.00,  0.00,  0.00,  0.00,  0.00,  0.00,  0.00,  0.00,  1.00,  0.00,  0.00,  0.00,  0.00,  0.00,  0.00,  0.00,  -1.00,  0.00,  0.00,  0.00,  0.00,  0.00,  0.00,  0.00,  0.00,  0.00,  0.00,  0.00,  0.00,  0.00,  0.00,  0.00,  0.00,  0.00,  0.00,  0.00,  0.00,  0.00,  -1.00,  0.00,  0.00,  0.00,  0.00,  0.00,  0.00,  -1.00,  -1.00,  -1.00,  -1.00,  -1.00,  -1.00,  -1.00,  1.00,  -1.00],  
 [-0.00,  -0.00,  -0.00,  -0.00,  -0.00,  -0.00,  -0.00,  -0.00,  -0.00,  -0.00,  -0.00,  -0.00,  -0.00,  -0.00,  -0.00,  -0.00,  -0.00,  -0.00,  -0.00,  -0.00,  -0.00,  -0.00,  -0.00,  -1.00,  -0.00,  -0.00,  -0.00,  -0.00,  -0.00,  -0.00,  -0.00,  -0.00,  -0.00,  -0.00,  -0.00,  -0.00,  -0.00,  -0.00,  -0.00,  -0.00,  -0.00,  -0.00,  -0.00,  -0.00,  -1.00,  -0.00,  -0.00,  -0.00,  -0.00,  -0.00,  -0.00,  -0.00,  1.00,  -0.00,  -0.00,  -0.00,  -0.00,  -0.00,  -0.00,  -0.00,  -0.00,  -0.00,  -0.00,  -0.00,  -0.00,  -1.00,  -0.00,  -0.00,  -0.00,  -0.00,  -0.00,  -0.00,  -0.00,  -0.00,  1.00,  -0.00,  -0.00,  -0.00,  -0.00,  -0.00,  -0.00,  -1.00,  -1.00,  1.00,  -1.00,  -1.00,  -1.00,  -1.00,  -1.00,  -1.00],  
 [0.00,  0.00,  0.00,  0.00,  0.00,  0.00,  0.00,  0.00,  0.00,  0.00,  0.00,  0.00,  0.00,  0.00,  0.00,  0.00,  0.00,  0.00,  0.00,  0.00,  0.00,  0.00,  0.00,  1.00,  0.00,  -1.00,  0.00,  0.00,  0.00,  0.00,  0.00,  0.00,  0.00,  0.00,  0.00,  0.00,  0.00,  0.00,  0.00,  0.00,  0.00,  0.00,  0.00,  0.00,  1.00,  0.00,  0.00,  0.00,  0.00,  0.00,  0.00,  0.00,  -1.00,  0.00,  0.00,  0.00,  0.00,  0.00,  0.00,  0.00,  0.00,  0.00,  0.00,  0.00,  0.00,  1.00,  0.00,  0.00,  0.00,  0.00,  0.00,  0.00,  0.00,  0.00,  -1.00,  0.00,  0.00,  0.00,  0.00,  0.00,  0.00,  -1.00,  -1.00,  -1.00,  -1.00,  -1.00,  -1.00,  -1.00,  1.00,  -1.00],  
 [-0.00,  -0.00,  -0.00,  -0.00,  -0.00,  -0.00,  -0.00,  -0.00,  -0.00,  -0.00,  -0.00,  -0.00,  -0.00,  -0.00,  -0.00,  -0.00,  -0.00,  -0.00,  -0.00,  -0.00,  -0.00,  -0.00,  -0.00,  -1.00,  -0.00,  1.00,  -0.00,  -0.00,  -0.00,  -0.00,  -0.00,  -0.00,  -0.00,  -0.00,  -0.00,  -0.00,  -0.00,  -0.00,  -0.00,  -0.00,  -0.00,  -0.00,  -0.00,  -0.00,  -1.00,  -0.00,  -0.00,  -0.00,  -0.00,  -0.00,  -0.00,  -0.00,  1.00,  -0.00,  -0.00,  -0.00,  -0.00,  -0.00,  -0.00,  -0.00,  -0.00,  -0.00,  -0.00,  -0.00,  -0.00,  -1.00,  -0.00,  -1.00,  -0.00,  -0.00,  -0.00,  -0.00,  -0.00,  -0.00,  1.00,  -0.00,  -0.00,  -0.00,  -0.00,  -0.00,  -0.00,  -1.00,  -1.00,  -1.00,  -1.00,  1.00,  -1.00,  -1.00,  -1.00,  -1.00],  
 [0.00,  0.00,  0.00,  0.00,  0.00,  0.00,  0.00,  0.00,  0.00,  0.00,  0.00,  0.00,  0.00,  0.00,  0.00,  0.00,  0.00,  0.00,  0.00,  0.00,  0.00,  0.00,  0.00,  1.00,  0.00,  -1.00,  0.00,  0.00,  0.00,  0.00,  0.00,  0.00,  0.00,  0.00,  0.00,  0.00,  0.00,  -1.00,  0.00,  0.00,  0.00,  0.00,  0.00,  0.00,  1.00,  0.00,  0.00,  0.00,  0.00,  0.00,  0.00,  0.00,  -1.00,  0.00,  0.00,  0.00,  0.00,  0.00,  0.00,  0.00,  0.00,  0.00,  0.00,  0.00,  0.00,  1.00,  0.00,  1.00,  0.00,  0.00,  0.00,  0.00,  0.00,  0.00,  -1.00,  0.00,  0.00,  0.00,  0.00,  0.00,  0.00,  -1.00,  1.00,  -1.00,  -1.00,  -1.00,  -1.00,  -1.00,  -1.00,  -1.00],  
 [-0.00,  -0.00,  -0.00,  -0.00,  -0.00,  -0.00,  -0.00,  -0.00,  -0.00,  -0.00,  -0.00,  -0.00,  -0.00,  -0.00,  -0.00,  -0.00,  -0.00,  -1.00,  -0.00,  -0.00,  -0.00,  -0.00,  -0.00,  -1.00,  -0.00,  1.00,  -0.00,  -0.00,  -0.00,  -0.00,  -0.00,  -0.00,  -0.00,  -0.00,  -0.00,  -0.00,  -0.00,  1.00,  -0.00,  -0.00,  -0.00,  -0.00,  -0.00,  -0.00,  -1.00,  -0.00,  -0.00,  -0.00,  -0.00,  -0.00,  -0.00,  -0.00,  1.00,  -0.00,  -0.00,  -0.00,  -0.00,  -0.00,  -0.00,  -0.00,  -0.00,  -0.00,  -0.00,  -0.00,  -0.00,  -1.00,  -0.00,  -1.00,  -0.00,  -0.00,  -0.00,  -0.00,  -0.00,  -0.00,  1.00,  -0.00,  -0.00,  -0.00,  -0.00,  -0.00,  -0.00,  -1.00,  -1.00,  -1.00,  -1.00,  -1.00,  -1.00,  -1.00,  -1.00,  1.00],  
 [0.00,  0.00,  0.00,  0.00,  0.00,  0.00,  0.00,  0.00,  0.00,  0.00,  0.00,  0.00,  0.00,  0.00,  0.00,  0.00,  0.00,  1.00,  0.00,  0.00,  0.00,  0.00,  0.00,  1.00,  0.00,  -1.00,  0.00,  0.00,  0.00,  0.00,  0.00,  0.00,  0.00,  0.00,  0.00,  0.00,  0.00,  -1.00,  0.00,  0.00,  0.00,  0.00,  0.00,  0.00,  1.00,  0.00,  0.00,  0.00,  0.00,  0.00,  0.00,  0.00,  -1.00,  0.00,  0.00,  0.00,  0.00,  0.00,  0.00,  0.00,  0.00,  0.00,  0.00,  0.00,  0.00,  1.00,  0.00,  1.00,  0.00,  0.00,  0.00,  0.00,  0.00,  0.00,  -1.00,  0.00,  -1.00,  0.00,  0.00,  0.00,  0.00,  -1.00,  -1.00,  -1.00,  -1.00,  1.00,  -1.00,  -1.00,  -1.00,  -1.00],  
 [-0.00,  -0.00,  -0.00,  -0.00,  -0.00,  -0.00,  -0.00,  -0.00,  -0.00,  -0.00,  -0.00,  -0.00,  -0.00,  -0.00,  -0.00,  -0.00,  -0.00,  -1.00,  -0.00,  -0.00,  -0.00,  -0.00,  -0.00,  -1.00,  -0.00,  1.00,  -0.00,  -0.00,  -0.00,  -0.00,  -0.00,  -0.00,  -0.00,  -0.00,  -0.00,  -0.00,  -0.00,  1.00,  -0.00,  -0.00,  -0.00,  -1.00,  -0.00,  -0.00,  -1.00,  -0.00,  -0.00,  -0.00,  -0.00,  -0.00,  -0.00,  -0.00,  1.00,  -0.00,  -0.00,  -0.00,  -0.00,  -0.00,  -0.00,  -0.00,  -0.00,  -0.00,  -0.00,  -0.00,  -0.00,  -1.00,  -0.00,  -1.00,  -0.00,  -0.00,  -0.00,  -0.00,  -0.00,  -0.00,  1.00,  -0.00,  1.00,  -0.00,  -0.00,  -0.00,  -0.00,  -1.00,  -1.00,  -1.00,  -1.00,  -1.00,  1.00,  -1.00,  -1.00,  -1.00],  
 [0.00,  0.00,  0.00,  0.00,  0.00,  0.00,  0.00,  0.00,  0.00,  0.00,  0.00,  0.00,  0.00,  0.00,  0.00,  0.00,  0.00,  1.00,  0.00,  0.00,  0.00,  0.00,  0.00,  1.00,  0.00,  -1.00,  0.00,  0.00,  0.00,  0.00,  0.00,  0.00,  0.00,  0.00,  0.00,  0.00,  0.00,  -1.00,  0.00,  0.00,  0.00,  1.00,  0.00,  0.00,  1.00,  0.00,  0.00,  0.00,  0.00,  0.00,  0.00,  -1.00,  -1.00,  0.00,  0.00,  0.00,  0.00,  0.00,  0.00,  0.00,  0.00,  0.00,  0.00,  0.00,  0.00,  1.00,  0.00,  1.00,  0.00,  0.00,  0.00,  0.00,  0.00,  0.00,  -1.00,  0.00,  -1.00,  0.00,  0.00,  0.00,  0.00,  -1.00,  -1.00,  -1.00,  -1.00,  -1.00,  -1.00,  1.00,  -1.00,  -1.00],  
 [-0.00,  -0.00,  -0.00,  -0.00,  -0.00,  -0.00,  -0.00,  -0.00,  -0.00,  -0.00,  -0.00,  -0.00,  -0.00,  -0.00,  -0.00,  -0.00,  -0.00,  -1.00,  -0.00,  -0.00,  -0.00,  -0.00,  -0.00,  -1.00,  -0.00,  1.00,  -0.00,  -0.00,  -0.00,  -0.00,  -0.00,  -0.00,  -0.00,  -0.00,  -0.00,  -0.00,  -0.00,  1.00,  -0.00,  -0.00,  -0.00,  -1.00,  -0.00,  -0.00,  -1.00,  -0.00,  -0.00,  -0.00,  -0.00,  -0.00,  -0.00,  1.00,  1.00,  -0.00,  -0.00,  -0.00,  -0.00,  -0.00,  -0.00,  -1.00,  -0.00,  -0.00,  -0.00,  -0.00,  -0.00,  -1.00,  -0.00,  -1.00,  -0.00,  -0.00,  -0.00,  -0.00,  -0.00,  -0.00,  1.00,  -0.00,  1.00,  -0.00,  -0.00,  -0.00,  -0.00,  -1.00,  -1.00,  -1.00,  -1.00,  -1.00,  1.00,  -1.00,  -1.00,  -1.00],  
 [0.00,  0.00,  0.00,  0.00,  0.00,  0.00,  0.00,  0.00,  0.00,  0.00,  0.00,  0.00,  0.00,  0.00,  0.00,  0.00,  0.00,  1.00,  0.00,  0.00,  0.00,  0.00,  0.00,  1.00,  0.00,  -1.00,  0.00,  0.00,  0.00,  0.00,  0.00,  0.00,  0.00,  0.00,  0.00,  0.00,  0.00,  -1.00,  0.00,  0.00,  0.00,  1.00,  0.00,  0.00,  1.00,  0.00,  0.00,  0.00,  0.00,  0.00,  0.00,  -1.00,  -1.00,  -1.00,  0.00,  0.00,  0.00,  0.00,  0.00,  1.00,  0.00,  0.00,  0.00,  0.00,  0.00,  1.00,  0.00,  1.00,  0.00,  0.00,  0.00,  0.00,  0.00,  0.00,  -1.00,  0.00,  -1.00,  0.00,  0.00,  0.00,  0.00,  -1.00,  -1.00,  -1.00,  -1.00,  -1.00,  -1.00,  -1.00,  -1.00,  1.00],  
 [-0.00,  -0.00,  -0.00,  -0.00,  -0.00,  -0.00,  -0.00,  -0.00,  -0.00,  -0.00,  -0.00,  -0.00,  -0.00,  -0.00,  -0.00,  -0.00,  -0.00,  -1.00,  -0.00,  -0.00,  -0.00,  -0.00,  -0.00,  -1.00,  -0.00,  1.00,  -0.00,  -0.00,  -0.00,  -0.00,  -0.00,  -0.00,  -0.00,  -0.00,  -0.00,  -0.00,  -0.00,  1.00,  -0.00,  -0.00,  -0.00,  -1.00,  -0.00,  -0.00,  -1.00,  -0.00,  -0.00,  -0.00,  -0.00,  -0.00,  -0.00,  1.00,  1.00,  1.00,  -0.00,  -0.00,  -0.00,  -0.00,  -0.00,  -1.00,  -0.00,  -0.00,  -0.00,  -0.00,  -0.00,  -1.00,  -0.00,  -1.00,  -0.00,  -0.00,  -0.00,  -0.00,  -0.00,  -0.00,  1.00,  -1.00,  1.00,  -0.00,  -0.00,  -0.00,  -0.00,  -1.00,  -1.00,  -1.00,  1.00,  -1.00,  -1.00,  -1.00,  -1.00,  -1.00],  
 [0.00,  0.00,  0.00,  0.00,  0.00,  0.00,  0.00,  0.00,  0.00,  0.00,  0.00,  0.00,  0.00,  0.00,  0.00,  0.00,  0.00,  1.00,  0.00,  0.00,  0.00,  0.00,  0.00,  1.00,  0.00,  -1.00,  0.00,  -1.00,  0.00,  0.00,  0.00,  0.00,  0.00,  0.00,  0.00,  0.00,  0.00,  -1.00,  0.00,  0.00,  0.00,  1.00,  0.00,  0.00,  1.00,  0.00,  0.00,  0.00,  0.00,  0.00,  0.00,  -1.00,  -1.00,  -1.00,  0.00,  0.00,  0.00,  0.00,  0.00,  1.00,  0.00,  0.00,  0.00,  0.00,  0.00,  1.00,  0.00,  1.00,  0.00,  0.00,  0.00,  0.00,  0.00,  0.00,  -1.00,  1.00,  -1.00,  0.00,  0.00,  0.00,  0.00,  1.00,  -1.00,  -1.00,  -1.00,  -1.00,  -1.00,  -1.00,  -1.00,  -1.00],  
 [-0.00,  -0.00,  -0.00,  -0.00,  -0.00,  -0.00,  -1.00,  -0.00,  -0.00,  -0.00,  -0.00,  -0.00,  -0.00,  -0.00,  -0.00,  -0.00,  -0.00,  -1.00,  -0.00,  -0.00,  -0.00,  -0.00,  -0.00,  -1.00,  -0.00,  1.00,  -0.00,  1.00,  -0.00,  -0.00,  -0.00,  -0.00,  -0.00,  -0.00,  -0.00,  -0.00,  -0.00,  1.00,  -0.00,  -0.00,  -0.00,  -1.00,  -0.00,  -0.00,  -1.00,  -0.00,  -0.00,  -0.00,  -0.00,  -0.00,  -0.00,  1.00,  1.00,  1.00,  -0.00,  -0.00,  -0.00,  -0.00,  -0.00,  -1.00,  -0.00,  -0.00,  -0.00,  -0.00,  -0.00,  -1.00,  -0.00,  -1.00,  -0.00,  -0.00,  -0.00,  -0.00,  -0.00,  -0.00,  1.00,  -1.00,  1.00,  -0.00,  -0.00,  -0.00,  -0.00,  -1.00,  -1.00,  -1.00,  -1.00,  -1.00,  -1.00,  1.00,  -1.00,  -1.00],  
 [0.00,  0.00,  0.00,  0.00,  0.00,  0.00,  1.00,  0.00,  0.00,  0.00,  0.00,  0.00,  0.00,  0.00,  0.00,  0.00,  0.00,  1.00,  0.00,  0.00,  0.00,  0.00,  0.00,  1.00,  0.00,  -1.00,  0.00,  -1.00,  0.00,  0.00,  0.00,  0.00,  0.00,  0.00,  0.00,  0.00,  0.00,  -1.00,  0.00,  0.00,  0.00,  1.00,  0.00,  0.00,  1.00,  0.00,  0.00,  0.00,  0.00,  0.00,  0.00,  -1.00,  -1.00,  -1.00,  0.00,  0.00,  0.00,  -1.00,  0.00,  1.00,  0.00,  0.00,  0.00,  0.00,  0.00,  1.00,  0.00,  1.00,  0.00,  0.00,  0.00,  0.00,  0.00,  0.00,  -1.00,  1.00,  -1.00,  0.00,  0.00,  0.00,  0.00,  -1.00,  -1.00,  -1.00,  1.00,  -1.00,  -1.00,  -1.00,  -1.00,  -1.00],  
 [-0.00,  -0.00,  -0.00,  -0.00,  -0.00,  -0.00,  -1.00,  -0.00,  -0.00,  -0.00,  -0.00,  -0.00,  -0.00,  -0.00,  -0.00,  -0.00,  -0.00,  -1.00,  -0.00,  -0.00,  -0.00,  -0.00,  -0.00,  -1.00,  -0.00,  1.00,  -0.00,  1.00,  -0.00,  -0.00,  -0.00,  -0.00,  -0.00,  -1.00,  -0.00,  -0.00,  -0.00,  1.00,  -0.00,  -0.00,  -0.00,  -1.00,  -0.00,  -0.00,  -1.00,  -0.00,  -0.00,  -0.00,  -0.00,  -0.00,  -0.00,  1.00,  1.00,  1.00,  -0.00,  -0.00,  -0.00,  1.00,  -0.00,  -1.00,  -0.00,  -0.00,  -0.00,  -0.00,  -0.00,  -1.00,  -0.00,  -1.00,  -0.00,  -0.00,  -0.00,  -0.00,  -0.00,  -0.00,  1.00,  -1.00,  1.00,  -0.00,  -0.00,  -0.00,  -0.00,  -1.00,  -1.00,  -1.00,  -1.00,  -1.00,  -1.00,  1.00,  -1.00,  -1.00],  
 [0.00,  0.00,  0.00,  0.00,  0.00,  0.00,  1.00,  0.00,  0.00,  0.00,  0.00,  0.00,  0.00,  0.00,  0.00,  0.00,  0.00,  1.00,  0.00,  0.00,  0.00,  0.00,  0.00,  1.00,  0.00,  -1.00,  0.00,  -1.00,  0.00,  0.00,  0.00,  0.00,  0.00,  1.00,  0.00,  0.00,  0.00,  -1.00,  0.00,  0.00,  0.00,  1.00,  0.00,  0.00,  1.00,  0.00,  0.00,  0.00,  0.00,  0.00,  0.00,  -1.00,  -1.00,  -1.00,  0.00,  0.00,  0.00,  -1.00,  0.00,  1.00,  -1.00,  0.00,  0.00,  0.00,  0.00,  1.00,  0.00,  1.00,  0.00,  0.00,  0.00,  0.00,  0.00,  0.00,  -1.00,  1.00,  -1.00,  0.00,  0.00,  0.00,  0.00,  -1.00,  -1.00,  -1.00,  -1.00,  -1.00,  -1.00,  1.00,  -1.00,  -1.00],  
 [-0.00,  -0.00,  -0.00,  -0.00,  -0.00,  -0.00,  -1.00,  -0.00,  -0.00,  -0.00,  -0.00,  -0.00,  -0.00,  -0.00,  -0.00,  -0.00,  -0.00,  -1.00,  -0.00,  -0.00,  -0.00,  -0.00,  -0.00,  -1.00,  -0.00,  1.00,  -0.00,  1.00,  -0.00,  -0.00,  -0.00,  -0.00,  -0.00,  -1.00,  -0.00,  -0.00,  -0.00,  1.00,  -0.00,  -0.00,  -0.00,  -1.00,  -0.00,  -0.00,  -1.00,  -0.00,  -0.00,  -0.00,  -0.00,  -0.00,  -0.00,  1.00,  1.00,  1.00,  -0.00,  -0.00,  -1.00,  1.00,  -0.00,  -1.00,  1.00,  -0.00,  -0.00,  -0.00,  -0.00,  -1.00,  -0.00,  -1.00,  -0.00,  -0.00,  -0.00,  -0.00,  -0.00,  -0.00,  1.00,  -1.00,  1.00,  -0.00,  -0.00,  -0.00,  -0.00,  -1.00,  -1.00,  1.00,  -1.00,  -1.00,  -1.00,  -1.00,  -1.00,  -1.00],  
 [0.00,  0.00,  0.00,  0.00,  0.00,  0.00,  1.00,  0.00,  0.00,  0.00,  0.00,  0.00,  0.00,  0.00,  0.00,  0.00,  0.00,  1.00,  0.00,  0.00,  0.00,  0.00,  -1.00,  1.00,  0.00,  -1.00,  0.00,  -1.00,  0.00,  0.00,  0.00,  0.00,  0.00,  1.00,  0.00,  0.00,  0.00,  -1.00,  0.00,  0.00,  0.00,  1.00,  0.00,  0.00,  1.00,  0.00,  0.00,  0.00,  0.00,  0.00,  0.00,  -1.00,  -1.00,  -1.00,  0.00,  0.00,  1.00,  -1.00,  0.00,  1.00,  -1.00,  0.00,  0.00,  0.00,  0.00,  1.00,  0.00,  1.00,  0.00,  0.00,  0.00,  0.00,  0.00,  0.00,  -1.00,  1.00,  -1.00,  0.00,  0.00,  0.00,  0.00,  -1.00,  -1.00,  -1.00,  -1.00,  1.00,  -1.00,  -1.00,  -1.00,  -1.00],  
 [-0.00,  -0.00,  -0.00,  -0.00,  -0.00,  -0.00,  -1.00,  -0.00,  -0.00,  -0.00,  -0.00,  -0.00,  -0.00,  -0.00,  -0.00,  -0.00,  -0.00,  -1.00,  -0.00,  -0.00,  -0.00,  -0.00,  1.00,  -1.00,  -0.00,  1.00,  -0.00,  1.00,  -0.00,  -0.00,  -0.00,  -0.00,  -0.00,  -1.00,  -0.00,  -0.00,  -0.00,  1.00,  -1.00,  -0.00,  -0.00,  -1.00,  -0.00,  -0.00,  -1.00,  -0.00,  -0.00,  -0.00,  -0.00,  -0.00,  -0.00,  1.00,  1.00,  1.00,  -0.00,  -0.00,  -1.00,  1.00,  -0.00,  -1.00,  1.00,  -0.00,  -0.00,  -0.00,  -0.00,  -1.00,  -0.00,  -1.00,  -0.00,  -0.00,  -0.00,  -0.00,  -0.00,  -0.00,  1.00,  -1.00,  1.00,  -0.00,  -0.00,  -0.00,  -0.00,  -1.00,  -1.00,  1.00,  -1.00,  -1.00,  -1.00,  -1.00,  -1.00,  -1.00],  
 [0.00,  0.00,  0.00,  0.00,  0.00,  0.00,  1.00,  0.00,  0.00,  0.00,  0.00,  0.00,  0.00,  0.00,  0.00,  0.00,  0.00,  1.00,  0.00,  -1.00,  0.00,  0.00,  -1.00,  1.00,  0.00,  -1.00,  0.00,  -1.00,  0.00,  0.00,  0.00,  0.00,  0.00,  1.00,  0.00,  0.00,  0.00,  -1.00,  1.00,  0.00,  0.00,  1.00,  0.00,  0.00,  1.00,  0.00,  0.00,  0.00,  0.00,  0.00,  0.00,  -1.00,  -1.00,  -1.00,  0.00,  0.00,  1.00,  -1.00,  0.00,  1.00,  -1.00,  0.00,  0.00,  0.00,  0.00,  1.00,  0.00,  1.00,  0.00,  0.00,  0.00,  0.00,  0.00,  0.00,  -1.00,  1.00,  -1.00,  0.00,  0.00,  0.00,  0.00,  -1.00,  1.00,  -1.00,  -1.00,  -1.00,  -1.00,  -1.00,  -1.00,  -1.00],  
 [-0.00,  -0.00,  -0.00,  -0.00,  -0.00,  -0.00,  -1.00,  -0.00,  -0.00,  -0.00,  -0.00,  -0.00,  -0.00,  -1.00,  -0.00,  -0.00,  -0.00,  -1.00,  -0.00,  1.00,  -0.00,  -0.00,  1.00,  -1.00,  -0.00,  1.00,  -0.00,  1.00,  -0.00,  -0.00,  -0.00,  -0.00,  -0.00,  -1.00,  -0.00,  -0.00,  -0.00,  1.00,  -1.00,  -0.00,  -0.00,  -1.00,  -0.00,  -0.00,  -1.00,  -0.00,  -0.00,  -0.00,  -0.00,  -0.00,  -0.00,  1.00,  1.00,  1.00,  -0.00,  -0.00,  -1.00,  1.00,  -0.00,  -1.00,  1.00,  -0.00,  -0.00,  -0.00,  -0.00,  -1.00,  -0.00,  -1.00,  -0.00,  -0.00,  -0.00,  -0.00,  -0.00,  -0.00,  1.00,  -1.00,  1.00,  -0.00,  -0.00,  -0.00,  -0.00,  1.00,  1.00,  -1.00,  1.00,  -1.00,  -1.00,  1.00,  1.00,  1.00]]
=================OUTPUT==================
[[0.01,  0.01,  0.01,  0.01,  0.02,  0.01,  0.01,  0.01,  0.01,  0.01,  0.01,  0.01,  0.01,  0.01,  0.01,  0.01,  0.01,  0.01,  0.01,  0.01,  0.01,  0.02,  0.02,  0.01,  0.02,  0.01,  0.02,  0.01,  0.01,  0.01,  0.01,  0.01,  0.01,  0.01,  0.01,  0.01,  0.02,  0.01,  0.01,  0.02,  0.01,  0.01,  0.01,  0.02,  0.02,  0.01,  0.01,  0.01,  0.01,  0.01,  0.01,  0.01,  0.02,  0.01,  0.02,  0.01,  0.01,  0.02,  0.01,  0.01,  0.02,  0.02,  0.02,  0.01,  0.01,  0.01,  0.02,  0.01,  0.01,  0.01,  0.01,  0.01,  0.01,  0.02,  0.01,  0.02,  0.01,  0.01,  0.01,  0.01,  0.01],  
 [0.00,  0.00,  0.00,  0.00,  0.00,  0.00,  0.00,  0.00,  0.00,  0.00,  0.00,  0.00,  0.00,  0.00,  0.00,  0.00,  0.00,  0.00,  0.00,  0.00,  0.00,  0.00,  0.00,  0.00,  0.00,  0.00,  0.00,  0.00,  0.00,  0.00,  0.00,  0.00,  0.00,  0.00,  0.00,  0.00,  0.00,  0.00,  0.00,  0.00,  0.00,  0.00,  0.00,  0.00,  0.00,  0.00,  0.00,  0.00,  0.00,  0.00,  0.00,  0.00,  0.00,  0.00,  0.00,  0.00,  0.00,  0.00,  0.00,  0.00,  0.00,  0.00,  0.00,  0.00,  0.00,  0.00,  0.00,  0.00,  0.00,  0.00,  0.00,  0.00,  0.20,  0.30,  0.34,  0.01,  0.01,  0.02,  0.02,  0.09,  0.01],  
 [0.00,  0.00,  0.00,  0.00,  0.00,  0.00,  0.00,  0.00,  0.00,  0.00,  0.00,  0.00,  0.00,  0.00,  0.00,  0.00,  0.00,  0.00,  0.09,  0.10,  0.08,  0.11,  0.10,  0.25,  0.11,  0.09,  0.09,  0.00,  0.00,  0.00,  0.00,  0.00,  0.00,  0.00,  0.00,  0.00,  0.00,  0.00,  0.00,  0.00,  0.00,  0.00,  0.00,  0.00,  0.00,  0.00,  0.00,  0.00,  0.00,  0.00,  0.00,  0.00,  0.00,  0.00,  0.00,  0.00,  0.00,  0.00,  0.00,  0.00,  0.00,  0.00,  0.00,  0.00,  0.00,  0.00,  0.00,  0.00,  0.00,  0.00,  0.00,  0.00,  0.00,  0.00,  0.00,  0.00,  0.00,  0.00,  0.00,  0.00,  0.00],  
 [0.00,  0.00,  0.00,  0.00,  0.00,  0.00,  0.00,  0.00,  0.00,  0.00,  0.00,  0.00,  0.00,  0.00,  0.00,  0.00,  0.00,  0.00,  0.00,  0.00,  0.00,  0.00,  0.00,  0.00,  0.00,  0.00,  0.00,  0.00,  0.00,  0.00,  0.00,  0.00,  0.00,  0.00,  0.00,  0.00,  0.00,  0.00,  0.00,  0.00,  0.00,  0.00,  0.00,  0.00,  0.00,  0.01,  0.15,  0.01,  0.24,  0.14,  0.15,  0.04,  0.25,  0.01,  0.00,  0.00,  0.00,  0.00,  0.00,  0.00,  0.00,  0.00,  0.00,  0.00,  0.00,  0.00,  0.00,  0.00,  0.00,  0.00,  0.00,  0.00,  0.00,  0.00,  0.00,  0.00,  0.00,  0.00,  0.00,  0.00,  0.00],  
 [0.00,  0.00,  0.00,  0.00,  0.00,  0.00,  0.00,  0.00,  0.00,  0.00,  0.00,  0.00,  0.00,  0.00,  0.00,  0.00,  0.00,  0.00,  0.00,  0.00,  0.00,  0.00,  0.00,  0.00,  0.00,  0.00,  0.00,  0.00,  0.00,  0.00,  0.00,  0.00,  0.00,  0.00,  0.00,  0.00,  0.00,  0.00,  0.00,  0.00,  0.00,  0.00,  0.00,  0.00,  0.00,  0.00,  0.00,  0.00,  0.00,  0.00,  0.00,  0.00,  0.00,  0.00,  0.00,  0.00,  0.00,  0.00,  0.00,  0.00,  0.00,  0.00,  0.00,  0.11,  0.09,  0.17,  0.07,  0.12,  0.07,  0.15,  0.09,  0.12,  0.00,  0.00,  0.00,  0.00,  0.00,  0.00,  0.00,  0.00,  0.00],  
 [0.00,  0.00,  0.00,  0.00,  0.00,  0.00,  0.00,  0.00,  0.00,  0.00,  0.00,  0.00,  0.00,  0.00,  0.00,  0.00,  0.00,  0.00,  0.14,  0.16,  0.15,  0.01,  0.19,  0.00,  0.01,  0.21,  0.13,  0.00,  0.00,  0.00,  0.00,  0.00,  0.00,  0.00,  0.00,  0.00,  0.00,  0.00,  0.00,  0.00,  0.00,  0.00,  0.00,  0.00,  0.00,  0.00,  0.00,  0.00,  0.00,  0.00,  0.00,  0.00,  0.00,  0.00,  0.00,  0.00,  0.00,  0.00,  0.00,  0.00,  0.00,  0.00,  0.00,  0.00,  0.00,  0.00,  0.00,  0.00,  0.00,  0.00,  0.00,  0.00,  0.00,  0.00,  0.00,  0.00,  0.00,  0.00,  0.00,  0.00,  0.00],  
 [0.00,  0.00,  0.00,  0.00,  0.00,  0.00,  0.00,  0.00,  0.00,  0.00,  0.00,  0.00,  0.00,  0.00,  0.00,  0.00,  0.00,  0.00,  0.00,  0.00,  0.00,  0.00,  0.00,  0.00,  0.00,  0.00,  0.00,  0.00,  0.00,  0.00,  0.00,  0.00,  0.00,  0.00,  0.00,  0.00,  0.00,  0.00,  0.00,  0.00,  0.00,  0.00,  0.00,  0.00,  0.00,  0.00,  0.00,  0.00,  0.00,  0.00,  0.00,  0.00,  0.00,  0.00,  0.00,  0.00,  0.00,  0.00,  0.00,  0.00,  0.00,  0.00,  0.00,  0.09,  0.12,  0.00,  0.05,  0.19,  0.08,  0.14,  0.15,  0.18,  0.00,  0.00,  0.00,  0.00,  0.00,  0.00,  0.00,  0.00,  0.00],  
 [0.00,  0.00,  0.00,  0.00,  0.00,  0.00,  0.00,  0.00,  0.00,  0.00,  0.00,  0.00,  0.00,  0.00,  0.00,  0.00,  0.00,  0.00,  0.00,  0.00,  0.00,  0.00,  0.00,  0.00,  0.00,  0.00,  0.00,  0.00,  0.00,  0.00,  0.00,  0.00,  0.00,  0.00,  0.00,  0.00,  0.15,  0.17,  0.01,  0.15,  0.14,  0.15,  0.13,  0.11,  0.00,  0.00,  0.00,  0.00,  0.00,  0.00,  0.00,  0.00,  0.00,  0.00,  0.00,  0.00,  0.00,  0.00,  0.00,  0.00,  0.00,  0.00,  0.00,  0.00,  0.00,  0.00,  0.00,  0.00,  0.00,  0.00,  0.00,  0.00,  0.00,  0.00,  0.00,  0.00,  0.00,  0.00,  0.00,  0.00,  0.00],  
 [0.00,  0.00,  0.00,  0.00,  0.00,  0.00,  0.00,  0.00,  0.00,  0.04,  0.04,  0.06,  0.05,  0.20,  0.05,  0.05,  0.07,  0.45,  0.00,  0.00,  0.00,  0.00,  0.00,  0.00,  0.00,  0.00,  0.00,  0.00,  0.00,  0.00,  0.00,  0.00,  0.00,  0.00,  0.00,  0.00,  0.00,  0.00,  0.00,  0.00,  0.00,  0.00,  0.00,  0.00,  0.00,  0.00,  0.00,  0.00,  0.00,  0.00,  0.00,  0.00,  0.00,  0.00,  0.00,  0.00,  0.00,  0.00,  0.00,  0.00,  0.00,  0.00,  0.00,  0.00,  0.00,  0.00,  0.00,  0.00,  0.00,  0.00,  0.00,  0.00,  0.00,  0.00,  0.00,  0.00,  0.00,  0.00,  0.00,  0.00,  0.00],  
 [0.00,  0.00,  0.00,  0.00,  0.00,  0.00,  0.00,  0.00,  0.00,  0.00,  0.00,  0.00,  0.00,  0.00,  0.00,  0.00,  0.00,  0.00,  0.00,  0.00,  0.00,  0.00,  0.00,  0.00,  0.00,  0.00,  0.00,  0.00,  0.00,  0.00,  0.00,  0.00,  0.00,  0.00,  0.00,  0.00,  0.00,  0.00,  0.00,  0.00,  0.00,  0.00,  0.00,  0.00,  0.00,  0.00,  0.00,  0.00,  0.00,  0.00,  0.00,  0.00,  0.00,  0.00,  0.00,  0.00,  0.00,  0.00,  0.00,  0.00,  0.00,  0.00,  0.00,  0.00,  0.00,  0.00,  0.00,  0.00,  0.00,  0.00,  0.00,  0.00,  0.16,  0.12,  0.00,  0.14,  0.16,  0.01,  0.13,  0.14,  0.13],  
 [0.00,  0.00,  0.00,  0.00,  0.00,  0.00,  0.00,  0.00,  0.00,  0.00,  0.00,  0.00,  0.00,  0.00,  0.00,  0.00,  0.00,  0.00,  0.00,  0.00,  0.00,  0.00,  0.00,  0.00,  0.00,  0.00,  0.00,  0.00,  0.00,  0.00,  0.00,  0.00,  0.00,  0.00,  0.00,  0.00,  0.04,  0.00,  0.05,  0.32,  0.04,  0.46,  0.04,  0.05,  0.00,  0.00,  0.00,  0.00,  0.00,  0.00,  0.00,  0.00,  0.00,  0.00,  0.00,  0.00,  0.00,  0.00,  0.00,  0.00,  0.00,  0.00,  0.00,  0.00,  0.00,  0.00,  0.00,  0.00,  0.00,  0.00,  0.00,  0.00,  0.00,  0.00,  0.00,  0.00,  0.00,  0.00,  0.00,  0.00,  0.00],  
 [0.00,  0.00,  0.00,  0.00,  0.00,  0.00,  0.00,  0.00,  0.00,  0.00,  0.00,  0.00,  0.00,  0.00,  0.00,  0.00,  0.00,  0.00,  0.00,  0.00,  0.00,  0.00,  0.00,  0.00,  0.00,  0.00,  0.00,  0.00,  0.00,  0.00,  0.00,  0.00,  0.00,  0.00,  0.00,  0.00,  0.00,  0.00,  0.00,  0.00,  0.00,  0.00,  0.00,  0.00,  0.00,  0.15,  0.13,  0.06,  0.13,  0.14,  0.14,  0.15,  0.00,  0.11,  0.00,  0.00,  0.00,  0.00,  0.00,  0.00,  0.00,  0.00,  0.00,  0.00,  0.00,  0.00,  0.00,  0.00,  0.00,  0.00,  0.00,  0.00,  0.00,  0.00,  0.00,  0.00,  0.00,  0.00,  0.00,  0.00,  0.00],  
 [0.00,  0.00,  0.00,  0.00,  0.00,  0.00,  0.00,  0.00,  0.00,  0.00,  0.00,  0.00,  0.00,  0.00,  0.00,  0.00,  0.00,  0.00,  0.00,  0.00,  0.00,  0.00,  0.00,  0.00,  0.00,  0.00,  0.00,  0.00,  0.00,  0.00,  0.00,  0.00,  0.00,  0.00,  0.00,  0.00,  0.00,  0.00,  0.00,  0.00,  0.00,  0.00,  0.00,  0.00,  0.00,  0.00,  0.00,  0.00,  0.00,  0.00,  0.00,  0.00,  0.00,  0.00,  0.05,  0.15,  0.14,  0.06,  0.10,  0.24,  0.05,  0.19,  0.03,  0.00,  0.00,  0.00,  0.00,  0.00,  0.00,  0.00,  0.00,  0.00,  0.00,  0.00,  0.00,  0.00,  0.00,  0.00,  0.00,  0.00,  0.00],  
 [0.00,  0.00,  0.00,  0.00,  0.00,  0.00,  0.00,  0.00,  0.00,  0.00,  0.00,  0.00,  0.00,  0.00,  0.00,  0.00,  0.00,  0.00,  0.00,  0.00,  0.00,  0.00,  0.00,  0.00,  0.00,  0.00,  0.00,  0.00,  0.00,  0.00,  0.00,  0.00,  0.00,  0.00,  0.00,  0.00,  0.00,  0.00,  0.00,  0.00,  0.00,  0.00,  0.00,  0.00,  0.00,  0.15,  0.11,  0.11,  0.13,  0.13,  0.11,  0.00,  0.00,  0.26,  0.00,  0.00,  0.00,  0.00,  0.00,  0.00,  0.00,  0.00,  0.00,  0.00,  0.00,  0.00,  0.00,  0.00,  0.00,  0.00,  0.00,  0.00,  0.00,  0.00,  0.00,  0.00,  0.00,  0.00,  0.00,  0.00,  0.00],  
 [0.00,  0.00,  0.00,  0.00,  0.00,  0.00,  0.00,  0.00,  0.00,  0.00,  0.00,  0.00,  0.00,  0.00,  0.00,  0.00,  0.00,  0.00,  0.00,  0.00,  0.00,  0.00,  0.00,  0.00,  0.00,  0.00,  0.00,  0.00,  0.00,  0.00,  0.00,  0.00,  0.00,  0.00,  0.00,  0.00,  0.00,  0.00,  0.00,  0.00,  0.00,  0.00,  0.00,  0.00,  0.00,  0.00,  0.00,  0.00,  0.00,  0.00,  0.00,  0.00,  0.00,  0.00,  0.00,  0.00,  0.00,  0.00,  0.00,  0.00,  0.00,  0.00,  0.00,  0.00,  0.00,  0.00,  0.00,  0.00,  0.00,  0.00,  0.00,  0.00,  0.17,  0.12,  0.00,  0.19,  0.00,  0.04,  0.15,  0.19,  0.14],  
 [0.00,  0.00,  0.00,  0.00,  0.00,  0.00,  0.00,  0.00,  0.00,  0.00,  0.00,  0.00,  0.00,  0.00,  0.00,  0.00,  0.00,  0.00,  0.00,  0.00,  0.00,  0.00,  0.00,  0.00,  0.00,  0.00,  0.00,  0.18,  0.16,  0.12,  0.06,  0.10,  0.06,  0.08,  0.11,  0.11,  0.00,  0.00,  0.00,  0.00,  0.00,  0.00,  0.00,  0.00,  0.00,  0.00,  0.00,  0.00,  0.00,  0.00,  0.00,  0.00,  0.00,  0.00,  0.00,  0.00,  0.00,  0.00,  0.00,  0.00,  0.00,  0.00,  0.00,  0.00,  0.00,  0.00,  0.00,  0.00,  0.00,  0.00,  0.00,  0.00,  0.00,  0.00,  0.00,  0.00,  0.00,  0.00,  0.00,  0.00,  0.00],  
 [0.12,  0.10,  0.11,  0.13,  0.09,  0.04,  0.14,  0.14,  0.13,  0.00,  0.00,  0.00,  0.00,  0.00,  0.00,  0.00,  0.00,  0.00,  0.00,  0.00,  0.00,  0.00,  0.00,  0.00,  0.00,  0.00,  0.00,  0.00,  0.00,  0.00,  0.00,  0.00,  0.00,  0.00,  0.00,  0.00,  0.00,  0.00,  0.00,  0.00,  0.00,  0.00,  0.00,  0.00,  0.00,  0.00,  0.00,  0.00,  0.00,  0.00,  0.00,  0.00,  0.00,  0.00,  0.00,  0.00,  0.00,  0.00,  0.00,  0.00,  0.00,  0.00,  0.00,  0.00,  0.00,  0.00,  0.00,  0.00,  0.00,  0.00,  0.00,  0.00,  0.00,  0.00,  0.00,  0.00,  0.00,  0.00,  0.00,  0.00,  0.00],  
 [0.00,  0.00,  0.00,  0.00,  0.00,  0.00,  0.00,  0.00,  0.00,  0.00,  0.00,  0.00,  0.00,  0.00,  0.00,  0.00,  0.00,  0.00,  0.00,  0.00,  0.00,  0.00,  0.00,  0.00,  0.00,  0.00,  0.00,  0.00,  0.00,  0.00,  0.00,  0.00,  0.00,  0.00,  0.00,  0.00,  0.00,  0.00,  0.00,  0.00,  0.00,  0.00,  0.00,  0.00,  0.00,  0.00,  0.00,  0.00,  0.00,  0.00,  0.00,  0.00,  0.00,  0.00,  0.15,  0.09,  0.13,  0.17,  0.08,  0.00,  0.13,  0.13,  0.12,  0.00,  0.00,  0.00,  0.00,  0.00,  0.00,  0.00,  0.00,  0.00,  0.00,  0.00,  0.00,  0.00,  0.00,  0.00,  0.00,  0.00,  0.00],  
 [0.00,  0.00,  0.00,  0.00,  0.00,  0.00,  0.00,  0.00,  0.00,  0.00,  0.00,  0.00,  0.00,  0.00,  0.00,  0.00,  0.00,  0.00,  0.00,  0.00,  0.00,  0.00,  0.00,  0.00,  0.00,  0.00,  0.00,  0.00,  0.11,  0.06,  0.12,  0.07,  0.09,  0.23,  0.19,  0.13,  0.00,  0.00,  0.00,  0.00,  0.00,  0.00,  0.00,  0.00,  0.00,  0.00,  0.00,  0.00,  0.00,  0.00,  0.00,  0.00,  0.00,  0.00,  0.00,  0.00,  0.00,  0.00,  0.00,  0.00,  0.00,  0.00,  0.00,  0.00,  0.00,  0.00,  0.00,  0.00,  0.00,  0.00,  0.00,  0.00,  0.00,  0.00,  0.00,  0.00,  0.00,  0.00,  0.00,  0.00,  0.00],  
 [0.00,  0.00,  0.00,  0.00,  0.00,  0.00,  0.00,  0.00,  0.00,  0.00,  0.00,  0.00,  0.00,  0.00,  0.00,  0.00,  0.00,  0.00,  0.00,  0.00,  0.00,  0.00,  0.00,  0.00,  0.00,  0.00,  0.00,  0.00,  0.00,  0.00,  0.00,  0.00,  0.00,  0.00,  0.00,  0.00,  0.00,  0.00,  0.00,  0.00,  0.00,  0.00,  0.00,  0.00,  0.00,  0.00,  0.00,  0.00,  0.00,  0.00,  0.00,  0.00,  0.00,  0.00,  0.13,  0.12,  0.13,  0.00,  0.10,  0.00,  0.19,  0.17,  0.16,  0.00,  0.00,  0.00,  0.00,  0.00,  0.00,  0.00,  0.00,  0.00,  0.00,  0.00,  0.00,  0.00,  0.00,  0.00,  0.00,  0.00,  0.00],  
 [0.00,  0.00,  0.00,  0.00,  0.00,  0.00,  0.00,  0.00,  0.00,  0.00,  0.00,  0.00,  0.00,  0.00,  0.00,  0.00,  0.00,  0.00,  0.00,  0.00,  0.00,  0.00,  0.00,  0.00,  0.00,  0.00,  0.00,  0.00,  0.00,  0.00,  0.00,  0.00,  0.00,  0.00,  0.00,  0.00,  0.00,  0.00,  0.00,  0.00,  0.00,  0.00,  0.00,  0.00,  0.00,  0.00,  0.00,  0.00,  0.00,  0.00,  0.00,  0.00,  0.00,  0.00,  0.18,  0.11,  0.21,  0.00,  0.13,  0.00,  0.00,  0.16,  0.21,  0.00,  0.00,  0.00,  0.00,  0.00,  0.00,  0.00,  0.00,  0.00,  0.00,  0.00,  0.00,  0.00,  0.00,  0.00,  0.00,  0.00,  0.00],  
 [0.00,  0.00,  0.00,  0.00,  0.00,  0.00,  0.00,  0.00,  0.00,  0.00,  0.00,  0.00,  0.00,  0.00,  0.00,  0.00,  0.00,  0.00,  0.17,  0.13,  0.11,  0.16,  0.18,  0.00,  0.14,  0.00,  0.12,  0.00,  0.00,  0.00,  0.00,  0.00,  0.00,  0.00,  0.00,  0.00,  0.00,  0.00,  0.00,  0.00,  0.00,  0.00,  0.00,  0.00,  0.00,  0.00,  0.00,  0.00,  0.00,  0.00,  0.00,  0.00,  0.00,  0.00,  0.00,  0.00,  0.00,  0.00,  0.00,  0.00,  0.00,  0.00,  0.00,  0.00,  0.00,  0.00,  0.00,  0.00,  0.00,  0.00,  0.00,  0.00,  0.00,  0.00,  0.00,  0.00,  0.00,  0.00,  0.00,  0.00,  0.00],  
 [0.00,  0.00,  0.00,  0.00,  0.00,  0.00,  0.00,  0.00,  0.00,  0.00,  0.00,  0.00,  0.00,  0.00,  0.00,  0.00,  0.00,  0.00,  0.00,  0.00,  0.00,  0.00,  0.00,  0.00,  0.00,  0.00,  0.00,  0.00,  0.00,  0.00,  0.00,  0.00,  0.00,  0.00,  0.00,  0.00,  0.13,  0.00,  0.30,  0.17,  0.13,  0.00,  0.12,  0.14,  0.00,  0.00,  0.00,  0.00,  0.00,  0.00,  0.00,  0.00,  0.00,  0.00,  0.00,  0.00,  0.00,  0.00,  0.00,  0.00,  0.00,  0.00,  0.00,  0.00,  0.00,  0.00,  0.00,  0.00,  0.00,  0.00,  0.00,  0.00,  0.00,  0.00,  0.00,  0.00,  0.00,  0.00,  0.00,  0.00,  0.00],  
 [0.00,  0.00,  0.00,  0.00,  0.00,  0.00,  0.00,  0.00,  0.00,  0.00,  0.00,  0.00,  0.00,  0.00,  0.00,  0.00,  0.00,  0.00,  0.01,  0.93,  0.01,  0.03,  0.00,  0.00,  0.01,  0.00,  0.02,  0.00,  0.00,  0.00,  0.00,  0.00,  0.00,  0.00,  0.00,  0.00,  0.00,  0.00,  0.00,  0.00,  0.00,  0.00,  0.00,  0.00,  0.00,  0.00,  0.00,  0.00,  0.00,  0.00,  0.00,  0.00,  0.00,  0.00,  0.00,  0.00,  0.00,  0.00,  0.00,  0.00,  0.00,  0.00,  0.00,  0.00,  0.00,  0.00,  0.00,  0.00,  0.00,  0.00,  0.00,  0.00,  0.00,  0.00,  0.00,  0.00,  0.00,  0.00,  0.00,  0.00,  0.00],  
 [0.00,  0.00,  0.00,  0.00,  0.00,  0.00,  0.00,  0.00,  0.00,  0.24,  0.02,  0.07,  0.03,  0.27,  0.08,  0.25,  0.04,  0.00,  0.00,  0.00,  0.00,  0.00,  0.00,  0.00,  0.00,  0.00,  0.00,  0.00,  0.00,  0.00,  0.00,  0.00,  0.00,  0.00,  0.00,  0.00,  0.00,  0.00,  0.00,  0.00,  0.00,  0.00,  0.00,  0.00,  0.00,  0.00,  0.00,  0.00,  0.00,  0.00,  0.00,  0.00,  0.00,  0.00,  0.00,  0.00,  0.00,  0.00,  0.00,  0.00,  0.00,  0.00,  0.00,  0.00,  0.00,  0.00,  0.00,  0.00,  0.00,  0.00,  0.00,  0.00,  0.00,  0.00,  0.00,  0.00,  0.00,  0.00,  0.00,  0.00,  0.00],  
 [0.00,  0.00,  0.00,  0.00,  0.00,  0.00,  0.00,  0.00,  0.00,  0.00,  0.00,  0.00,  0.00,  0.00,  0.00,  0.00,  0.00,  0.00,  0.00,  0.00,  0.00,  0.00,  0.00,  0.00,  0.00,  0.00,  0.00,  0.00,  0.00,  0.00,  0.00,  0.00,  0.00,  0.00,  0.00,  0.00,  0.00,  0.00,  0.00,  0.00,  0.00,  0.00,  0.00,  0.00,  0.00,  0.00,  0.00,  0.00,  0.00,  0.00,  0.00,  0.00,  0.00,  0.00,  0.00,  0.00,  0.00,  0.00,  0.00,  0.00,  0.00,  0.00,  0.00,  0.00,  0.00,  0.00,  0.00,  0.00,  0.00,  0.00,  0.00,  0.00,  0.00,  0.00,  0.00,  0.00,  0.00,  0.00,  1.00,  0.00,  0.00]]
F:\UltimateTickTackToeAITrainingData\series1\policy$series1gameNum22$1728493366290.bin
