Saving data to: W:\Labs\ME\ME187-Fall2024\StudentFiles\CALEBHOTTES\UTTTstuff\data\series1
Begin custom message: 
DataSeries: series1 game number: 141 

Description: ME 273data you know the thing. 

Evaluator config=EvaluatorConfiguration{cValue=2.0, maxRolloutDepth=1000, computeTime=30, threads=1, stupidity=0, allowForcePlay=false, maxMyCPU=false}
End custom message
Inital State: 

|* 0. |* 0. |* 0. ||* 0. |* 0. |* 0. ||* 0. |* 0. |* 0. |
|* 0. |* 0. |* 0. ||* 0. |* 0. |* 0. ||* 0. |* 0. |* 0. |
|* 0. |* 0. |* 0. ||* 0. |* 0. |* 0. ||* 0. |* 0. |* 0. |
|=====+=====+=====||=====+=====+=====||=====+=====+=====|
|* 0. |* 0. |* 0. ||* 0. |* 0. |* 0. ||* 0. |* 0. |* 0. |
|* 0. |* 0. |* 0. ||* 0. |* 0. |* 0. ||* 0. |* 0. |* 0. |
|* 0. |* 0. |* 0. ||* 0. |* 0. |* 0. ||* 0. |* 0. |* 0. |
|=====+=====+=====||=====+=====+=====||=====+=====+=====|
|* 0. |* 0. |* 0. ||* 0. |* 0. |* 0. ||* 0. |* 0. |* 0. |
|* 0. |* 0. |* 0. ||* 0. |* 0. |* 0. ||* 0. |* 0. |* 0. |
|* 0. |* 0. |* 0. ||* 0. |* 0. |* 0. ||* 0. |* 0. |* 0. |


state to eval, currenty is playerone turn=true

|* 0. |* 0. |* 0. ||* 0. |* 0. |* 0. ||* 0. |* 0. |* 0. |
|* 0. |* 0. |* 0. ||* 0. |* 0. |* 0. ||* 0. |* 0. |* 0. |
|* 0. |* 0. |* 0. ||* 0. |* 0. |* 0. ||* 0. |* 0. |* 0. |
|=====+=====+=====||=====+=====+=====||=====+=====+=====|
|* 0. |* 0. |* 0. ||* 0. |* 0. |* 0. ||* 0. |* 0. |* 0. |
|* 0. |* 0. |* 0. ||* 0. |* 0. |* 0. ||* 0. |* 0. |* 0. |
|* 0. |* 0. |* 0. ||* 0. |* 0. |* 0. ||* 0. |* 0. |* 0. |
|=====+=====+=====||=====+=====+=====||=====+=====+=====|
|* 0. |* 0. |* 0. ||* 0. |* 0. |* 0. ||* 0. |* 0. |* 0. |
|* 0. |* 0. |* 0. ||* 0. |* 0. |* 0. ||* 0. |* 0. |* 0. |
|* 0. |* 0. |* 0. ||* 0. |* 0. |* 0. ||* 0. |* 0. |* 0. |


Determined best move using: 127921Iterations
Determined best move using: 59384Iterations
current State

|  0. |  0. |  0. ||* 0. |* 0. |* 0. ||  0. |  0. |  0. |
|  0. |  0. |  0. ||* 0. |* 0. |* 0. ||  0. |  0. |  0. |
|  0. |  0. |  0. ||* 0. |* 0. |* 0. ||  0. |  0. |  0. |
|=====+=====+=====||=====+=====+=====||=====+=====+=====|
|  0. |  0. |  0. ||  0. |  0. |  0. ||  0. |  1. |  0. |
|  0. |  0. |  0. ||  0. |  0. |  0. ||  0. |  0. |  0. |
|  0. |  0. |  0. ||  0. |  0. |  0. ||  0. |  0. |  0. |
|=====+=====+=====||=====+=====+=====||=====+=====+=====|
|  0. |  0. |  0. ||  0. |  0. |  0. ||  0. |  0. |  0. |
|  0. |  0. |  0. ||  0. |  0. |  0. ||  0. |  0. |  0. |
|  0. |  0. |  0. ||  0. |  0. |  0. ||  0. |  0. |  0. |


state to eval, currenty is playerone turn=false

| -0. | -0. | -0. ||*-0. |*-0. |*-0. || -0. | -0. | -0. |
| -0. | -0. | -0. ||*-0. |*-0. |*-0. || -0. | -0. | -0. |
| -0. | -0. | -0. ||*-0. |*-0. |*-0. || -0. | -0. | -0. |
|=====+=====+=====||=====+=====+=====||=====+=====+=====|
| -0. | -0. | -0. || -0. | -0. | -0. || -0. | -1. | -0. |
| -0. | -0. | -0. || -0. | -0. | -0. || -0. | -0. | -0. |
| -0. | -0. | -0. || -0. | -0. | -0. || -0. | -0. | -0. |
|=====+=====+=====||=====+=====+=====||=====+=====+=====|
| -0. | -0. | -0. || -0. | -0. | -0. || -0. | -0. | -0. |
| -0. | -0. | -0. || -0. | -0. | -0. || -0. | -0. | -0. |
| -0. | -0. | -0. || -0. | -0. | -0. || -0. | -0. | -0. |


current State

|  0. |  0. |  0. ||  0. |  0. |  0. ||  0. |  0. |  0. |
|  0. |  0. |  0. || -1. |  0. |  0. ||  0. |  0. |  0. |
|  0. |  0. |  0. ||  0. |  0. |  0. ||  0. |  0. |  0. |
|=====+=====+=====||=====+=====+=====||=====+=====+=====|
|* 0. |* 0. |* 0. ||  0. |  0. |  0. ||  0. |  1. |  0. |
|* 0. |* 0. |* 0. ||  0. |  0. |  0. ||  0. |  0. |  0. |
|* 0. |* 0. |* 0. ||  0. |  0. |  0. ||  0. |  0. |  0. |
|=====+=====+=====||=====+=====+=====||=====+=====+=====|
|  0. |  0. |  0. ||  0. |  0. |  0. ||  0. |  0. |  0. |
|  0. |  0. |  0. ||  0. |  0. |  0. ||  0. |  0. |  0. |
|  0. |  0. |  0. ||  0. |  0. |  0. ||  0. |  0. |  0. |


state to eval, currenty is playerone turn=true

|  0. |  0. |  0. ||  0. |  0. |  0. ||  0. |  0. |  0. |
|  0. |  0. |  0. || -1. |  0. |  0. ||  0. |  0. |  0. |
|  0. |  0. |  0. ||  0. |  0. |  0. ||  0. |  0. |  0. |
|=====+=====+=====||=====+=====+=====||=====+=====+=====|
|* 0. |* 0. |* 0. ||  0. |  0. |  0. ||  0. |  1. |  0. |
|* 0. |* 0. |* 0. ||  0. |  0. |  0. ||  0. |  0. |  0. |
|* 0. |* 0. |* 0. ||  0. |  0. |  0. ||  0. |  0. |  0. |
|=====+=====+=====||=====+=====+=====||=====+=====+=====|
|  0. |  0. |  0. ||  0. |  0. |  0. ||  0. |  0. |  0. |
|  0. |  0. |  0. ||  0. |  0. |  0. ||  0. |  0. |  0. |
|  0. |  0. |  0. ||  0. |  0. |  0. ||  0. |  0. |  0. |


Determined best move using: 137101Iterations
Determined best move using: 68534Iterations
current State

|  0. |  0. |  0. ||  0. |  0. |  0. ||  0. |  0. |  0. |
|  0. |  0. |  0. || -1. |  0. |  0. ||  0. |  0. |  0. |
|  0. |  0. |  0. ||  0. |  0. |  0. ||  0. |  0. |  0. |
|=====+=====+=====||=====+=====+=====||=====+=====+=====|
|* 0. |* 0. |* 0. ||  0. |  0. |  0. ||  0. |  1. |  0. |
|* 1. |* 0. |* 0. ||  0. |  0. |  0. ||  0. |  0. |  0. |
|* 0. |* 0. |* 0. ||  0. |  0. |  0. ||  0. |  0. |  0. |
|=====+=====+=====||=====+=====+=====||=====+=====+=====|
|  0. |  0. |  0. ||  0. |  0. |  0. ||  0. |  0. |  0. |
|  0. |  0. |  0. ||  0. |  0. |  0. ||  0. |  0. |  0. |
|  0. |  0. |  0. ||  0. |  0. |  0. ||  0. |  0. |  0. |


state to eval, currenty is playerone turn=false

| -0. | -0. | -0. || -0. | -0. | -0. || -0. | -0. | -0. |
| -0. | -0. | -0. ||  1. | -0. | -0. || -0. | -0. | -0. |
| -0. | -0. | -0. || -0. | -0. | -0. || -0. | -0. | -0. |
|=====+=====+=====||=====+=====+=====||=====+=====+=====|
|*-0. |*-0. |*-0. || -0. | -0. | -0. || -0. | -1. | -0. |
|*-1. |*-0. |*-0. || -0. | -0. | -0. || -0. | -0. | -0. |
|*-0. |*-0. |*-0. || -0. | -0. | -0. || -0. | -0. | -0. |
|=====+=====+=====||=====+=====+=====||=====+=====+=====|
| -0. | -0. | -0. || -0. | -0. | -0. || -0. | -0. | -0. |
| -0. | -0. | -0. || -0. | -0. | -0. || -0. | -0. | -0. |
| -0. | -0. | -0. || -0. | -0. | -0. || -0. | -0. | -0. |


Determined best move using: 1419065Iterations
current State

|  0. |  0. |  0. ||  0. |  0. |  0. ||  0. |  0. |  0. |
|  0. |  0. |  0. || -1. |  0. |  0. ||  0. |  0. |  0. |
|  0. |  0. |  0. ||  0. |  0. |  0. ||  0. |  0. |  0. |
|=====+=====+=====||=====+=====+=====||=====+=====+=====|
|  0. |  0. |  0. ||  0. |  0. |  0. ||* 0. |* 1. |* 0. |
|  1. |  0. | -1. ||  0. |  0. |  0. ||* 0. |* 0. |* 0. |
|  0. |  0. |  0. ||  0. |  0. |  0. ||* 0. |* 0. |* 0. |
|=====+=====+=====||=====+=====+=====||=====+=====+=====|
|  0. |  0. |  0. ||  0. |  0. |  0. ||  0. |  0. |  0. |
|  0. |  0. |  0. ||  0. |  0. |  0. ||  0. |  0. |  0. |
|  0. |  0. |  0. ||  0. |  0. |  0. ||  0. |  0. |  0. |


state to eval, currenty is playerone turn=true

|  0. |  0. |  0. ||  0. |  0. |  0. ||  0. |  0. |  0. |
|  0. |  0. |  0. || -1. |  0. |  0. ||  0. |  0. |  0. |
|  0. |  0. |  0. ||  0. |  0. |  0. ||  0. |  0. |  0. |
|=====+=====+=====||=====+=====+=====||=====+=====+=====|
|  0. |  0. |  0. ||  0. |  0. |  0. ||* 0. |* 1. |* 0. |
|  1. |  0. | -1. ||  0. |  0. |  0. ||* 0. |* 0. |* 0. |
|  0. |  0. |  0. ||  0. |  0. |  0. ||* 0. |* 0. |* 0. |
|=====+=====+=====||=====+=====+=====||=====+=====+=====|
|  0. |  0. |  0. ||  0. |  0. |  0. ||  0. |  0. |  0. |
|  0. |  0. |  0. ||  0. |  0. |  0. ||  0. |  0. |  0. |
|  0. |  0. |  0. ||  0. |  0. |  0. ||  0. |  0. |  0. |


current State

|* 0. |* 0. |* 0. ||  0. |  0. |  0. ||  0. |  0. |  0. |
|* 0. |* 0. |* 0. || -1. |  0. |  0. ||  0. |  0. |  0. |
|* 0. |* 0. |* 0. ||  0. |  0. |  0. ||  0. |  0. |  0. |
|=====+=====+=====||=====+=====+=====||=====+=====+=====|
|  0. |  0. |  0. ||  0. |  0. |  0. ||  1. |  1. |  0. |
|  1. |  0. | -1. ||  0. |  0. |  0. ||  0. |  0. |  0. |
|  0. |  0. |  0. ||  0. |  0. |  0. ||  0. |  0. |  0. |
|=====+=====+=====||=====+=====+=====||=====+=====+=====|
|  0. |  0. |  0. ||  0. |  0. |  0. ||  0. |  0. |  0. |
|  0. |  0. |  0. ||  0. |  0. |  0. ||  0. |  0. |  0. |
|  0. |  0. |  0. ||  0. |  0. |  0. ||  0. |  0. |  0. |


state to eval, currenty is playerone turn=false

|*-0. |*-0. |*-0. || -0. | -0. | -0. || -0. | -0. | -0. |
|*-0. |*-0. |*-0. ||  1. | -0. | -0. || -0. | -0. | -0. |
|*-0. |*-0. |*-0. || -0. | -0. | -0. || -0. | -0. | -0. |
|=====+=====+=====||=====+=====+=====||=====+=====+=====|
| -0. | -0. | -0. || -0. | -0. | -0. || -1. | -1. | -0. |
| -1. | -0. |  1. || -0. | -0. | -0. || -0. | -0. | -0. |
| -0. | -0. | -0. || -0. | -0. | -0. || -0. | -0. | -0. |
|=====+=====+=====||=====+=====+=====||=====+=====+=====|
| -0. | -0. | -0. || -0. | -0. | -0. || -0. | -0. | -0. |
| -0. | -0. | -0. || -0. | -0. | -0. || -0. | -0. | -0. |
| -0. | -0. | -0. || -0. | -0. | -0. || -0. | -0. | -0. |


Determined best move using: 54383Iterations
current State

|  0. |  0. |  0. ||  0. |  0. |  0. ||  0. |  0. |  0. |
|  0. |  0. |  0. || -1. |  0. |  0. ||  0. |  0. |  0. |
|  0. |  0. | -1. ||  0. |  0. |  0. ||  0. |  0. |  0. |
|=====+=====+=====||=====+=====+=====||=====+=====+=====|
|  0. |  0. |  0. ||  0. |  0. |  0. ||  1. |  1. |  0. |
|  1. |  0. | -1. ||  0. |  0. |  0. ||  0. |  0. |  0. |
|  0. |  0. |  0. ||  0. |  0. |  0. ||  0. |  0. |  0. |
|=====+=====+=====||=====+=====+=====||=====+=====+=====|
|  0. |  0. |  0. ||  0. |  0. |  0. ||* 0. |* 0. |* 0. |
|  0. |  0. |  0. ||  0. |  0. |  0. ||* 0. |* 0. |* 0. |
|  0. |  0. |  0. ||  0. |  0. |  0. ||* 0. |* 0. |* 0. |


state to eval, currenty is playerone turn=true

|  0. |  0. |  0. ||  0. |  0. |  0. ||  0. |  0. |  0. |
|  0. |  0. |  0. || -1. |  0. |  0. ||  0. |  0. |  0. |
|  0. |  0. | -1. ||  0. |  0. |  0. ||  0. |  0. |  0. |
|=====+=====+=====||=====+=====+=====||=====+=====+=====|
|  0. |  0. |  0. ||  0. |  0. |  0. ||  1. |  1. |  0. |
|  1. |  0. | -1. ||  0. |  0. |  0. ||  0. |  0. |  0. |
|  0. |  0. |  0. ||  0. |  0. |  0. ||  0. |  0. |  0. |
|=====+=====+=====||=====+=====+=====||=====+=====+=====|
|  0. |  0. |  0. ||  0. |  0. |  0. ||* 0. |* 0. |* 0. |
|  0. |  0. |  0. ||  0. |  0. |  0. ||* 0. |* 0. |* 0. |
|  0. |  0. |  0. ||  0. |  0. |  0. ||* 0. |* 0. |* 0. |


Determined best move using: 60189Iterations
current State

|  0. |  0. |  0. ||  0. |  0. |  0. ||  0. |  0. |  0. |
|  0. |  0. |  0. || -1. |  0. |  0. ||  0. |  0. |  0. |
|  0. |  0. | -1. ||  0. |  0. |  0. ||  0. |  0. |  0. |
|=====+=====+=====||=====+=====+=====||=====+=====+=====|
|  0. |  0. |  0. ||  0. |  0. |  0. ||  1. |  1. |  0. |
|  1. |  0. | -1. ||  0. |  0. |  0. ||  0. |  0. |  0. |
|  0. |  0. |  0. ||  0. |  0. |  0. ||  0. |  0. |  0. |
|=====+=====+=====||=====+=====+=====||=====+=====+=====|
|  0. |  0. |  0. ||  0. |  0. |  0. ||* 0. |* 0. |* 0. |
|  0. |  0. |  0. ||  0. |  0. |  0. ||* 0. |* 0. |* 0. |
|  0. |  0. |  0. ||  0. |  0. |  0. ||* 0. |* 0. |* 1. |


state to eval, currenty is playerone turn=false

| -0. | -0. | -0. || -0. | -0. | -0. || -0. | -0. | -0. |
| -0. | -0. | -0. ||  1. | -0. | -0. || -0. | -0. | -0. |
| -0. | -0. |  1. || -0. | -0. | -0. || -0. | -0. | -0. |
|=====+=====+=====||=====+=====+=====||=====+=====+=====|
| -0. | -0. | -0. || -0. | -0. | -0. || -1. | -1. | -0. |
| -1. | -0. |  1. || -0. | -0. | -0. || -0. | -0. | -0. |
| -0. | -0. | -0. || -0. | -0. | -0. || -0. | -0. | -0. |
|=====+=====+=====||=====+=====+=====||=====+=====+=====|
| -0. | -0. | -0. || -0. | -0. | -0. ||*-0. |*-0. |*-0. |
| -0. | -0. | -0. || -0. | -0. | -0. ||*-0. |*-0. |*-0. |
| -0. | -0. | -0. || -0. | -0. | -0. ||*-0. |*-0. |*-1. |


Determined best move using: 57526Iterations
current State

|* 0. |* 0. |* 0. ||  0. |  0. |  0. ||  0. |  0. |  0. |
|* 0. |* 0. |* 0. || -1. |  0. |  0. ||  0. |  0. |  0. |
|* 0. |* 0. |*-1. ||  0. |  0. |  0. ||  0. |  0. |  0. |
|=====+=====+=====||=====+=====+=====||=====+=====+=====|
|  0. |  0. |  0. ||  0. |  0. |  0. ||  1. |  1. |  0. |
|  1. |  0. | -1. ||  0. |  0. |  0. ||  0. |  0. |  0. |
|  0. |  0. |  0. ||  0. |  0. |  0. ||  0. |  0. |  0. |
|=====+=====+=====||=====+=====+=====||=====+=====+=====|
|  0. |  0. |  0. ||  0. |  0. |  0. || -1. |  0. |  0. |
|  0. |  0. |  0. ||  0. |  0. |  0. ||  0. |  0. |  0. |
|  0. |  0. |  0. ||  0. |  0. |  0. ||  0. |  0. |  1. |


state to eval, currenty is playerone turn=true

|* 0. |* 0. |* 0. ||  0. |  0. |  0. ||  0. |  0. |  0. |
|* 0. |* 0. |* 0. || -1. |  0. |  0. ||  0. |  0. |  0. |
|* 0. |* 0. |*-1. ||  0. |  0. |  0. ||  0. |  0. |  0. |
|=====+=====+=====||=====+=====+=====||=====+=====+=====|
|  0. |  0. |  0. ||  0. |  0. |  0. ||  1. |  1. |  0. |
|  1. |  0. | -1. ||  0. |  0. |  0. ||  0. |  0. |  0. |
|  0. |  0. |  0. ||  0. |  0. |  0. ||  0. |  0. |  0. |
|=====+=====+=====||=====+=====+=====||=====+=====+=====|
|  0. |  0. |  0. ||  0. |  0. |  0. || -1. |  0. |  0. |
|  0. |  0. |  0. ||  0. |  0. |  0. ||  0. |  0. |  0. |
|  0. |  0. |  0. ||  0. |  0. |  0. ||  0. |  0. |  1. |


current State

|  0. |  0. |  1. ||  0. |  0. |  0. ||* 0. |* 0. |* 0. |
|  0. |  0. |  0. || -1. |  0. |  0. ||* 0. |* 0. |* 0. |
|  0. |  0. | -1. ||  0. |  0. |  0. ||* 0. |* 0. |* 0. |
|=====+=====+=====||=====+=====+=====||=====+=====+=====|
|  0. |  0. |  0. ||  0. |  0. |  0. ||  1. |  1. |  0. |
|  1. |  0. | -1. ||  0. |  0. |  0. ||  0. |  0. |  0. |
|  0. |  0. |  0. ||  0. |  0. |  0. ||  0. |  0. |  0. |
|=====+=====+=====||=====+=====+=====||=====+=====+=====|
|  0. |  0. |  0. ||  0. |  0. |  0. || -1. |  0. |  0. |
|  0. |  0. |  0. ||  0. |  0. |  0. ||  0. |  0. |  0. |
|  0. |  0. |  0. ||  0. |  0. |  0. ||  0. |  0. |  1. |


state to eval, currenty is playerone turn=false

| -0. | -0. | -1. || -0. | -0. | -0. ||*-0. |*-0. |*-0. |
| -0. | -0. | -0. ||  1. | -0. | -0. ||*-0. |*-0. |*-0. |
| -0. | -0. |  1. || -0. | -0. | -0. ||*-0. |*-0. |*-0. |
|=====+=====+=====||=====+=====+=====||=====+=====+=====|
| -0. | -0. | -0. || -0. | -0. | -0. || -1. | -1. | -0. |
| -1. | -0. |  1. || -0. | -0. | -0. || -0. | -0. | -0. |
| -0. | -0. | -0. || -0. | -0. | -0. || -0. | -0. | -0. |
|=====+=====+=====||=====+=====+=====||=====+=====+=====|
| -0. | -0. | -0. || -0. | -0. | -0. ||  1. | -0. | -0. |
| -0. | -0. | -0. || -0. | -0. | -0. || -0. | -0. | -0. |
| -0. | -0. | -0. || -0. | -0. | -0. || -0. | -0. | -1. |


current State

|  0. |  0. |  1. ||* 0. |* 0. |* 0. ||  0. | -1. |  0. |
|  0. |  0. |  0. ||*-1. |* 0. |* 0. ||  0. |  0. |  0. |
|  0. |  0. | -1. ||* 0. |* 0. |* 0. ||  0. |  0. |  0. |
|=====+=====+=====||=====+=====+=====||=====+=====+=====|
|  0. |  0. |  0. ||  0. |  0. |  0. ||  1. |  1. |  0. |
|  1. |  0. | -1. ||  0. |  0. |  0. ||  0. |  0. |  0. |
|  0. |  0. |  0. ||  0. |  0. |  0. ||  0. |  0. |  0. |
|=====+=====+=====||=====+=====+=====||=====+=====+=====|
|  0. |  0. |  0. ||  0. |  0. |  0. || -1. |  0. |  0. |
|  0. |  0. |  0. ||  0. |  0. |  0. ||  0. |  0. |  0. |
|  0. |  0. |  0. ||  0. |  0. |  0. ||  0. |  0. |  1. |


state to eval, currenty is playerone turn=true

|  0. |  0. |  1. ||* 0. |* 0. |* 0. ||  0. | -1. |  0. |
|  0. |  0. |  0. ||*-1. |* 0. |* 0. ||  0. |  0. |  0. |
|  0. |  0. | -1. ||* 0. |* 0. |* 0. ||  0. |  0. |  0. |
|=====+=====+=====||=====+=====+=====||=====+=====+=====|
|  0. |  0. |  0. ||  0. |  0. |  0. ||  1. |  1. |  0. |
|  1. |  0. | -1. ||  0. |  0. |  0. ||  0. |  0. |  0. |
|  0. |  0. |  0. ||  0. |  0. |  0. ||  0. |  0. |  0. |
|=====+=====+=====||=====+=====+=====||=====+=====+=====|
|  0. |  0. |  0. ||  0. |  0. |  0. || -1. |  0. |  0. |
|  0. |  0. |  0. ||  0. |  0. |  0. ||  0. |  0. |  0. |
|  0. |  0. |  0. ||  0. |  0. |  0. ||  0. |  0. |  1. |


current State

|  0. |  0. |  1. ||  0. |  0. |  1. ||* 0. |*-1. |* 0. |
|  0. |  0. |  0. || -1. |  0. |  0. ||* 0. |* 0. |* 0. |
|  0. |  0. | -1. ||  0. |  0. |  0. ||* 0. |* 0. |* 0. |
|=====+=====+=====||=====+=====+=====||=====+=====+=====|
|  0. |  0. |  0. ||  0. |  0. |  0. ||  1. |  1. |  0. |
|  1. |  0. | -1. ||  0. |  0. |  0. ||  0. |  0. |  0. |
|  0. |  0. |  0. ||  0. |  0. |  0. ||  0. |  0. |  0. |
|=====+=====+=====||=====+=====+=====||=====+=====+=====|
|  0. |  0. |  0. ||  0. |  0. |  0. || -1. |  0. |  0. |
|  0. |  0. |  0. ||  0. |  0. |  0. ||  0. |  0. |  0. |
|  0. |  0. |  0. ||  0. |  0. |  0. ||  0. |  0. |  1. |


state to eval, currenty is playerone turn=false

| -0. | -0. | -1. || -0. | -0. | -1. ||*-0. |* 1. |*-0. |
| -0. | -0. | -0. ||  1. | -0. | -0. ||*-0. |*-0. |*-0. |
| -0. | -0. |  1. || -0. | -0. | -0. ||*-0. |*-0. |*-0. |
|=====+=====+=====||=====+=====+=====||=====+=====+=====|
| -0. | -0. | -0. || -0. | -0. | -0. || -1. | -1. | -0. |
| -1. | -0. |  1. || -0. | -0. | -0. || -0. | -0. | -0. |
| -0. | -0. | -0. || -0. | -0. | -0. || -0. | -0. | -0. |
|=====+=====+=====||=====+=====+=====||=====+=====+=====|
| -0. | -0. | -0. || -0. | -0. | -0. ||  1. | -0. | -0. |
| -0. | -0. | -0. || -0. | -0. | -0. || -0. | -0. | -0. |
| -0. | -0. | -0. || -0. | -0. | -0. || -0. | -0. | -1. |


current State

|  0. |  0. |  1. ||  0. |  0. |  1. ||  0. | -1. |  0. |
|  0. |  0. |  0. || -1. |  0. |  0. ||  0. |  0. |  0. |
|  0. |  0. | -1. ||  0. |  0. |  0. ||  0. |  0. | -1. |
|=====+=====+=====||=====+=====+=====||=====+=====+=====|
|  0. |  0. |  0. ||  0. |  0. |  0. ||  1. |  1. |  0. |
|  1. |  0. | -1. ||  0. |  0. |  0. ||  0. |  0. |  0. |
|  0. |  0. |  0. ||  0. |  0. |  0. ||  0. |  0. |  0. |
|=====+=====+=====||=====+=====+=====||=====+=====+=====|
|  0. |  0. |  0. ||  0. |  0. |  0. ||*-1. |* 0. |* 0. |
|  0. |  0. |  0. ||  0. |  0. |  0. ||* 0. |* 0. |* 0. |
|  0. |  0. |  0. ||  0. |  0. |  0. ||* 0. |* 0. |* 1. |


state to eval, currenty is playerone turn=true

|  0. |  0. |  1. ||  0. |  0. |  1. ||  0. | -1. |  0. |
|  0. |  0. |  0. || -1. |  0. |  0. ||  0. |  0. |  0. |
|  0. |  0. | -1. ||  0. |  0. |  0. ||  0. |  0. | -1. |
|=====+=====+=====||=====+=====+=====||=====+=====+=====|
|  0. |  0. |  0. ||  0. |  0. |  0. ||  1. |  1. |  0. |
|  1. |  0. | -1. ||  0. |  0. |  0. ||  0. |  0. |  0. |
|  0. |  0. |  0. ||  0. |  0. |  0. ||  0. |  0. |  0. |
|=====+=====+=====||=====+=====+=====||=====+=====+=====|
|  0. |  0. |  0. ||  0. |  0. |  0. ||*-1. |* 0. |* 0. |
|  0. |  0. |  0. ||  0. |  0. |  0. ||* 0. |* 0. |* 0. |
|  0. |  0. |  0. ||  0. |  0. |  0. ||* 0. |* 0. |* 1. |


Determined best move using: 64696Iterations
current State

|  0. |  0. |  1. ||  0. |  0. |  1. ||  0. | -1. |  0. |
|  0. |  0. |  0. || -1. |  0. |  0. ||  0. |  0. |  0. |
|  0. |  0. | -1. ||  0. |  0. |  0. ||  0. |  0. | -1. |
|=====+=====+=====||=====+=====+=====||=====+=====+=====|
|* 0. |* 0. |* 0. ||  0. |  0. |  0. ||  1. |  1. |  0. |
|* 1. |* 0. |*-1. ||  0. |  0. |  0. ||  0. |  0. |  0. |
|* 0. |* 0. |* 0. ||  0. |  0. |  0. ||  0. |  0. |  0. |
|=====+=====+=====||=====+=====+=====||=====+=====+=====|
|  0. |  0. |  0. ||  0. |  0. |  0. || -1. |  0. |  0. |
|  0. |  0. |  0. ||  0. |  0. |  0. ||  1. |  0. |  0. |
|  0. |  0. |  0. ||  0. |  0. |  0. ||  0. |  0. |  1. |


state to eval, currenty is playerone turn=false

| -0. | -0. | -1. || -0. | -0. | -1. || -0. |  1. | -0. |
| -0. | -0. | -0. ||  1. | -0. | -0. || -0. | -0. | -0. |
| -0. | -0. |  1. || -0. | -0. | -0. || -0. | -0. |  1. |
|=====+=====+=====||=====+=====+=====||=====+=====+=====|
|*-0. |*-0. |*-0. || -0. | -0. | -0. || -1. | -1. | -0. |
|*-1. |*-0. |* 1. || -0. | -0. | -0. || -0. | -0. | -0. |
|*-0. |*-0. |*-0. || -0. | -0. | -0. || -0. | -0. | -0. |
|=====+=====+=====||=====+=====+=====||=====+=====+=====|
| -0. | -0. | -0. || -0. | -0. | -0. ||  1. | -0. | -0. |
| -0. | -0. | -0. || -0. | -0. | -0. || -1. | -0. | -0. |
| -0. | -0. | -0. || -0. | -0. | -0. || -0. | -0. | -1. |


Determined best move using: 67747Iterations
current State

|  0. |  0. |  1. ||* 0. |* 0. |* 1. ||  0. | -1. |  0. |
|  0. |  0. |  0. ||*-1. |* 0. |* 0. ||  0. |  0. |  0. |
|  0. |  0. | -1. ||* 0. |* 0. |* 0. ||  0. |  0. | -1. |
|=====+=====+=====||=====+=====+=====||=====+=====+=====|
|  0. | -1. |  0. ||  0. |  0. |  0. ||  1. |  1. |  0. |
|  1. |  0. | -1. ||  0. |  0. |  0. ||  0. |  0. |  0. |
|  0. |  0. |  0. ||  0. |  0. |  0. ||  0. |  0. |  0. |
|=====+=====+=====||=====+=====+=====||=====+=====+=====|
|  0. |  0. |  0. ||  0. |  0. |  0. || -1. |  0. |  0. |
|  0. |  0. |  0. ||  0. |  0. |  0. ||  1. |  0. |  0. |
|  0. |  0. |  0. ||  0. |  0. |  0. ||  0. |  0. |  1. |


state to eval, currenty is playerone turn=true

|  0. |  0. |  1. ||* 0. |* 0. |* 1. ||  0. | -1. |  0. |
|  0. |  0. |  0. ||*-1. |* 0. |* 0. ||  0. |  0. |  0. |
|  0. |  0. | -1. ||* 0. |* 0. |* 0. ||  0. |  0. | -1. |
|=====+=====+=====||=====+=====+=====||=====+=====+=====|
|  0. | -1. |  0. ||  0. |  0. |  0. ||  1. |  1. |  0. |
|  1. |  0. | -1. ||  0. |  0. |  0. ||  0. |  0. |  0. |
|  0. |  0. |  0. ||  0. |  0. |  0. ||  0. |  0. |  0. |
|=====+=====+=====||=====+=====+=====||=====+=====+=====|
|  0. |  0. |  0. ||  0. |  0. |  0. || -1. |  0. |  0. |
|  0. |  0. |  0. ||  0. |  0. |  0. ||  1. |  0. |  0. |
|  0. |  0. |  0. ||  0. |  0. |  0. ||  0. |  0. |  1. |


Determined best move using: 65083Iterations
current State

|  0. |  0. |  1. ||  0. |  0. |  1. ||  0. | -1. |  0. |
|  0. |  0. |  0. || -1. |  0. |  0. ||  0. |  0. |  0. |
|  0. |  0. | -1. ||  1. |  0. |  0. ||  0. |  0. | -1. |
|=====+=====+=====||=====+=====+=====||=====+=====+=====|
|  0. | -1. |  0. ||  0. |  0. |  0. ||  1. |  1. |  0. |
|  1. |  0. | -1. ||  0. |  0. |  0. ||  0. |  0. |  0. |
|  0. |  0. |  0. ||  0. |  0. |  0. ||  0. |  0. |  0. |
|=====+=====+=====||=====+=====+=====||=====+=====+=====|
|* 0. |* 0. |* 0. ||  0. |  0. |  0. || -1. |  0. |  0. |
|* 0. |* 0. |* 0. ||  0. |  0. |  0. ||  1. |  0. |  0. |
|* 0. |* 0. |* 0. ||  0. |  0. |  0. ||  0. |  0. |  1. |


state to eval, currenty is playerone turn=false

| -0. | -0. | -1. || -0. | -0. | -1. || -0. |  1. | -0. |
| -0. | -0. | -0. ||  1. | -0. | -0. || -0. | -0. | -0. |
| -0. | -0. |  1. || -1. | -0. | -0. || -0. | -0. |  1. |
|=====+=====+=====||=====+=====+=====||=====+=====+=====|
| -0. |  1. | -0. || -0. | -0. | -0. || -1. | -1. | -0. |
| -1. | -0. |  1. || -0. | -0. | -0. || -0. | -0. | -0. |
| -0. | -0. | -0. || -0. | -0. | -0. || -0. | -0. | -0. |
|=====+=====+=====||=====+=====+=====||=====+=====+=====|
|*-0. |*-0. |*-0. || -0. | -0. | -0. ||  1. | -0. | -0. |
|*-0. |*-0. |*-0. || -0. | -0. | -0. || -1. | -0. | -0. |
|*-0. |*-0. |*-0. || -0. | -0. | -0. || -0. | -0. | -1. |


current State

|  0. |  0. |  1. ||* 0. |* 0. |* 1. ||  0. | -1. |  0. |
|  0. |  0. |  0. ||*-1. |* 0. |* 0. ||  0. |  0. |  0. |
|  0. |  0. | -1. ||* 1. |* 0. |* 0. ||  0. |  0. | -1. |
|=====+=====+=====||=====+=====+=====||=====+=====+=====|
|  0. | -1. |  0. ||  0. |  0. |  0. ||  1. |  1. |  0. |
|  1. |  0. | -1. ||  0. |  0. |  0. ||  0. |  0. |  0. |
|  0. |  0. |  0. ||  0. |  0. |  0. ||  0. |  0. |  0. |
|=====+=====+=====||=====+=====+=====||=====+=====+=====|
|  0. | -1. |  0. ||  0. |  0. |  0. || -1. |  0. |  0. |
|  0. |  0. |  0. ||  0. |  0. |  0. ||  1. |  0. |  0. |
|  0. |  0. |  0. ||  0. |  0. |  0. ||  0. |  0. |  1. |


state to eval, currenty is playerone turn=true

|  0. |  0. |  1. ||* 0. |* 0. |* 1. ||  0. | -1. |  0. |
|  0. |  0. |  0. ||*-1. |* 0. |* 0. ||  0. |  0. |  0. |
|  0. |  0. | -1. ||* 1. |* 0. |* 0. ||  0. |  0. | -1. |
|=====+=====+=====||=====+=====+=====||=====+=====+=====|
|  0. | -1. |  0. ||  0. |  0. |  0. ||  1. |  1. |  0. |
|  1. |  0. | -1. ||  0. |  0. |  0. ||  0. |  0. |  0. |
|  0. |  0. |  0. ||  0. |  0. |  0. ||  0. |  0. |  0. |
|=====+=====+=====||=====+=====+=====||=====+=====+=====|
|  0. | -1. |  0. ||  0. |  0. |  0. || -1. |  0. |  0. |
|  0. |  0. |  0. ||  0. |  0. |  0. ||  1. |  0. |  0. |
|  0. |  0. |  0. ||  0. |  0. |  0. ||  0. |  0. |  1. |


current State

|  0. |  0. |  1. ||  0. |  0. |  1. ||  0. | -1. |  0. |
|  0. |  0. |  0. || -1. |  1. |  0. ||  0. |  0. |  0. |
|  0. |  0. | -1. ||  1. |  0. |  0. ||  0. |  0. | -1. |
|=====+=====+=====||=====+=====+=====||=====+=====+=====|
|  0. | -1. |  0. ||* 0. |* 0. |* 0. ||  1. |  1. |  0. |
|  1. |  0. | -1. ||* 0. |* 0. |* 0. ||  0. |  0. |  0. |
|  0. |  0. |  0. ||* 0. |* 0. |* 0. ||  0. |  0. |  0. |
|=====+=====+=====||=====+=====+=====||=====+=====+=====|
|  0. | -1. |  0. ||  0. |  0. |  0. || -1. |  0. |  0. |
|  0. |  0. |  0. ||  0. |  0. |  0. ||  1. |  0. |  0. |
|  0. |  0. |  0. ||  0. |  0. |  0. ||  0. |  0. |  1. |


state to eval, currenty is playerone turn=false

| -0. | -0. | -1. || -0. | -0. | -1. || -0. |  1. | -0. |
| -0. | -0. | -0. ||  1. | -1. | -0. || -0. | -0. | -0. |
| -0. | -0. |  1. || -1. | -0. | -0. || -0. | -0. |  1. |
|=====+=====+=====||=====+=====+=====||=====+=====+=====|
| -0. |  1. | -0. ||*-0. |*-0. |*-0. || -1. | -1. | -0. |
| -1. | -0. |  1. ||*-0. |*-0. |*-0. || -0. | -0. | -0. |
| -0. | -0. | -0. ||*-0. |*-0. |*-0. || -0. | -0. | -0. |
|=====+=====+=====||=====+=====+=====||=====+=====+=====|
| -0. |  1. | -0. || -0. | -0. | -0. ||  1. | -0. | -0. |
| -0. | -0. | -0. || -0. | -0. | -0. || -1. | -0. | -0. |
| -0. | -0. | -0. || -0. | -0. | -0. || -0. | -0. | -1. |


Determined best move using: 1703745Iterations
current State

|  0. |  0. |  1. ||  0. |  0. |  1. ||  0. | -1. |  0. |
|  0. |  0. |  0. || -1. |  1. |  0. ||  0. |  0. |  0. |
|  0. |  0. | -1. ||  1. |  0. |  0. ||  0. |  0. | -1. |
|=====+=====+=====||=====+=====+=====||=====+=====+=====|
|  0. | -1. |  0. ||  0. |  0. |  0. ||  1. |  1. |  0. |
|  1. |  0. | -1. ||  0. |  0. |  0. ||  0. |  0. |  0. |
|  0. |  0. |  0. ||  0. |  0. | -1. ||  0. |  0. |  0. |
|=====+=====+=====||=====+=====+=====||=====+=====+=====|
|  0. | -1. |  0. ||  0. |  0. |  0. ||*-1. |* 0. |* 0. |
|  0. |  0. |  0. ||  0. |  0. |  0. ||* 1. |* 0. |* 0. |
|  0. |  0. |  0. ||  0. |  0. |  0. ||* 0. |* 0. |* 1. |


state to eval, currenty is playerone turn=true

|  0. |  0. |  1. ||  0. |  0. |  1. ||  0. | -1. |  0. |
|  0. |  0. |  0. || -1. |  1. |  0. ||  0. |  0. |  0. |
|  0. |  0. | -1. ||  1. |  0. |  0. ||  0. |  0. | -1. |
|=====+=====+=====||=====+=====+=====||=====+=====+=====|
|  0. | -1. |  0. ||  0. |  0. |  0. ||  1. |  1. |  0. |
|  1. |  0. | -1. ||  0. |  0. |  0. ||  0. |  0. |  0. |
|  0. |  0. |  0. ||  0. |  0. | -1. ||  0. |  0. |  0. |
|=====+=====+=====||=====+=====+=====||=====+=====+=====|
|  0. | -1. |  0. ||  0. |  0. |  0. ||*-1. |* 0. |* 0. |
|  0. |  0. |  0. ||  0. |  0. |  0. ||* 1. |* 0. |* 0. |
|  0. |  0. |  0. ||  0. |  0. |  0. ||* 0. |* 0. |* 1. |


Determined best move using: 1985908Iterations
current State

|  0. |  0. |  1. ||  0. |  0. |  1. ||* 0. |*-1. |* 0. |
|  0. |  0. |  0. || -1. |  1. |  0. ||* 0. |* 0. |* 0. |
|  0. |  0. | -1. ||  1. |  0. |  0. ||* 0. |* 0. |*-1. |
|=====+=====+=====||=====+=====+=====||=====+=====+=====|
|  0. | -1. |  0. ||  0. |  0. |  0. ||  1. |  1. |  0. |
|  1. |  0. | -1. ||  0. |  0. |  0. ||  0. |  0. |  0. |
|  0. |  0. |  0. ||  0. |  0. | -1. ||  0. |  0. |  0. |
|=====+=====+=====||=====+=====+=====||=====+=====+=====|
|  0. | -1. |  0. ||  0. |  0. |  0. || -1. |  0. |  1. |
|  0. |  0. |  0. ||  0. |  0. |  0. ||  1. |  0. |  0. |
|  0. |  0. |  0. ||  0. |  0. |  0. ||  0. |  0. |  1. |


state to eval, currenty is playerone turn=false

| -0. | -0. | -1. || -0. | -0. | -1. ||*-0. |* 1. |*-0. |
| -0. | -0. | -0. ||  1. | -1. | -0. ||*-0. |*-0. |*-0. |
| -0. | -0. |  1. || -1. | -0. | -0. ||*-0. |*-0. |* 1. |
|=====+=====+=====||=====+=====+=====||=====+=====+=====|
| -0. |  1. | -0. || -0. | -0. | -0. || -1. | -1. | -0. |
| -1. | -0. |  1. || -0. | -0. | -0. || -0. | -0. | -0. |
| -0. | -0. | -0. || -0. | -0. |  1. || -0. | -0. | -0. |
|=====+=====+=====||=====+=====+=====||=====+=====+=====|
| -0. |  1. | -0. || -0. | -0. | -0. ||  1. | -0. | -1. |
| -0. | -0. | -0. || -0. | -0. | -0. || -1. | -0. | -0. |
| -0. | -0. | -0. || -0. | -0. | -0. || -0. | -0. | -1. |


Determined best move using: 2088184Iterations
Determined best move using: 71003Iterations
current State

|  0. |  0. |  1. ||  0. |  0. |  1. ||  0. | -1. |  0. |
|  0. |  0. |  0. || -1. |  1. |  0. || -1. |  0. |  0. |
|  0. |  0. | -1. ||  1. |  0. |  0. ||  0. |  0. | -1. |
|=====+=====+=====||=====+=====+=====||=====+=====+=====|
|* 0. |*-1. |* 0. ||  0. |  0. |  0. ||  1. |  1. |  0. |
|* 1. |* 0. |*-1. ||  0. |  0. |  0. ||  0. |  0. |  0. |
|* 0. |* 0. |* 0. ||  0. |  0. | -1. ||  0. |  0. |  0. |
|=====+=====+=====||=====+=====+=====||=====+=====+=====|
|  0. | -1. |  0. ||  0. |  0. |  0. || -1. |  0. |  1. |
|  0. |  0. |  0. ||  0. |  0. |  0. ||  1. |  0. |  0. |
|  0. |  0. |  0. ||  0. |  0. |  0. ||  0. |  0. |  1. |


state to eval, currenty is playerone turn=true

|  0. |  0. |  1. ||  0. |  0. |  1. ||  0. | -1. |  0. |
|  0. |  0. |  0. || -1. |  1. |  0. || -1. |  0. |  0. |
|  0. |  0. | -1. ||  1. |  0. |  0. ||  0. |  0. | -1. |
|=====+=====+=====||=====+=====+=====||=====+=====+=====|
|* 0. |*-1. |* 0. ||  0. |  0. |  0. ||  1. |  1. |  0. |
|* 1. |* 0. |*-1. ||  0. |  0. |  0. ||  0. |  0. |  0. |
|* 0. |* 0. |* 0. ||  0. |  0. | -1. ||  0. |  0. |  0. |
|=====+=====+=====||=====+=====+=====||=====+=====+=====|
|  0. | -1. |  0. ||  0. |  0. |  0. || -1. |  0. |  1. |
|  0. |  0. |  0. ||  0. |  0. |  0. ||  1. |  0. |  0. |
|  0. |  0. |  0. ||  0. |  0. |  0. ||  0. |  0. |  1. |


Determined best move using: 75421Iterations
current State

|  0. |  0. |  1. ||  0. |  0. |  1. ||  0. | -1. |  0. |
|  0. |  0. |  0. || -1. |  1. |  0. || -1. |  0. |  0. |
|  0. |  0. | -1. ||  1. |  0. |  0. ||  0. |  0. | -1. |
|=====+=====+=====||=====+=====+=====||=====+=====+=====|
|  0. | -1. |  0. ||* 0. |* 0. |* 0. ||  1. |  1. |  0. |
|  1. |  1. | -1. ||* 0. |* 0. |* 0. ||  0. |  0. |  0. |
|  0. |  0. |  0. ||* 0. |* 0. |*-1. ||  0. |  0. |  0. |
|=====+=====+=====||=====+=====+=====||=====+=====+=====|
|  0. | -1. |  0. ||  0. |  0. |  0. || -1. |  0. |  1. |
|  0. |  0. |  0. ||  0. |  0. |  0. ||  1. |  0. |  0. |
|  0. |  0. |  0. ||  0. |  0. |  0. ||  0. |  0. |  1. |


state to eval, currenty is playerone turn=false

| -0. | -0. | -1. || -0. | -0. | -1. || -0. |  1. | -0. |
| -0. | -0. | -0. ||  1. | -1. | -0. ||  1. | -0. | -0. |
| -0. | -0. |  1. || -1. | -0. | -0. || -0. | -0. |  1. |
|=====+=====+=====||=====+=====+=====||=====+=====+=====|
| -0. |  1. | -0. ||*-0. |*-0. |*-0. || -1. | -1. | -0. |
| -1. | -1. |  1. ||*-0. |*-0. |*-0. || -0. | -0. | -0. |
| -0. | -0. | -0. ||*-0. |*-0. |* 1. || -0. | -0. | -0. |
|=====+=====+=====||=====+=====+=====||=====+=====+=====|
| -0. |  1. | -0. || -0. | -0. | -0. ||  1. | -0. | -1. |
| -0. | -0. | -0. || -0. | -0. | -0. || -1. | -0. | -0. |
| -0. | -0. | -0. || -0. | -0. | -0. || -0. | -0. | -1. |


Determined best move using: 74248Iterations
current State

|  0. |  0. |  1. ||  0. |  0. |  1. ||  0. | -1. |  0. |
|  0. |  0. |  0. || -1. |  1. |  0. || -1. |  0. |  0. |
|  0. |  0. | -1. ||  1. |  0. |  0. ||  0. |  0. | -1. |
|=====+=====+=====||=====+=====+=====||=====+=====+=====|
|  0. | -1. |  0. ||  0. |  0. |  0. ||  1. |  1. |  0. |
|  1. |  1. | -1. ||  0. |  0. |  0. ||  0. |  0. |  0. |
|  0. |  0. |  0. || -1. |  0. | -1. ||  0. |  0. |  0. |
|=====+=====+=====||=====+=====+=====||=====+=====+=====|
|* 0. |*-1. |* 0. ||  0. |  0. |  0. || -1. |  0. |  1. |
|* 0. |* 0. |* 0. ||  0. |  0. |  0. ||  1. |  0. |  0. |
|* 0. |* 0. |* 0. ||  0. |  0. |  0. ||  0. |  0. |  1. |


state to eval, currenty is playerone turn=true

|  0. |  0. |  1. ||  0. |  0. |  1. ||  0. | -1. |  0. |
|  0. |  0. |  0. || -1. |  1. |  0. || -1. |  0. |  0. |
|  0. |  0. | -1. ||  1. |  0. |  0. ||  0. |  0. | -1. |
|=====+=====+=====||=====+=====+=====||=====+=====+=====|
|  0. | -1. |  0. ||  0. |  0. |  0. ||  1. |  1. |  0. |
|  1. |  1. | -1. ||  0. |  0. |  0. ||  0. |  0. |  0. |
|  0. |  0. |  0. || -1. |  0. | -1. ||  0. |  0. |  0. |
|=====+=====+=====||=====+=====+=====||=====+=====+=====|
|* 0. |*-1. |* 0. ||  0. |  0. |  0. || -1. |  0. |  1. |
|* 0. |* 0. |* 0. ||  0. |  0. |  0. ||  1. |  0. |  0. |
|* 0. |* 0. |* 0. ||  0. |  0. |  0. ||  0. |  0. |  1. |


Determined best move using: 83458Iterations
current State

|  0. |  0. |  1. ||  0. |  0. |  1. ||  0. | -1. |  0. |
|  0. |  0. |  0. || -1. |  1. |  0. || -1. |  0. |  0. |
|  0. |  0. | -1. ||  1. |  0. |  0. ||  0. |  0. | -1. |
|=====+=====+=====||=====+=====+=====||=====+=====+=====|
|  0. | -1. |  0. ||* 0. |* 0. |* 0. ||  1. |  1. |  0. |
|  1. |  1. | -1. ||* 0. |* 0. |* 0. ||  0. |  0. |  0. |
|  0. |  0. |  0. ||*-1. |* 0. |*-1. ||  0. |  0. |  0. |
|=====+=====+=====||=====+=====+=====||=====+=====+=====|
|  0. | -1. |  0. ||  0. |  0. |  0. || -1. |  0. |  1. |
|  0. |  1. |  0. ||  0. |  0. |  0. ||  1. |  0. |  0. |
|  0. |  0. |  0. ||  0. |  0. |  0. ||  0. |  0. |  1. |


state to eval, currenty is playerone turn=false

| -0. | -0. | -1. || -0. | -0. | -1. || -0. |  1. | -0. |
| -0. | -0. | -0. ||  1. | -1. | -0. ||  1. | -0. | -0. |
| -0. | -0. |  1. || -1. | -0. | -0. || -0. | -0. |  1. |
|=====+=====+=====||=====+=====+=====||=====+=====+=====|
| -0. |  1. | -0. ||*-0. |*-0. |*-0. || -1. | -1. | -0. |
| -1. | -1. |  1. ||*-0. |*-0. |*-0. || -0. | -0. | -0. |
| -0. | -0. | -0. ||* 1. |*-0. |* 1. || -0. | -0. | -0. |
|=====+=====+=====||=====+=====+=====||=====+=====+=====|
| -0. |  1. | -0. || -0. | -0. | -0. ||  1. | -0. | -1. |
| -0. | -1. | -0. || -0. | -0. | -0. || -1. | -0. | -0. |
| -0. | -0. | -0. || -0. | -0. | -0. || -0. | -0. | -1. |


current State

|  0. |  0. |  1. ||  0. |  0. |  1. ||  0. | -1. |  0. |
|  0. |  0. |  0. || -1. |  1. |  0. || -1. |  0. |  0. |
|  0. |  0. | -1. ||  1. |  0. |  0. ||  0. |  0. | -1. |
|=====+=====+=====||=====+=====+=====||=====+=====+=====|
|  0. | -1. |  0. ||  0. |  0. |  0. ||  1. |  1. |  0. |
|  1. |  1. | -1. ||  0. |  0. |  0. ||  0. |  0. |  0. |
|  0. |  0. |  0. || -1. | -1. | -1. ||  0. |  0. |  0. |
|=====+=====+=====||=====+=====+=====||=====+=====+=====|
|  0. | -1. |  0. ||* 0. |* 0. |* 0. || -1. |  0. |  1. |
|  0. |  1. |  0. ||* 0. |* 0. |* 0. ||  1. |  0. |  0. |
|  0. |  0. |  0. ||* 0. |* 0. |* 0. ||  0. |  0. |  1. |


state to eval, currenty is playerone turn=true

|  0. |  0. |  1. ||  0. |  0. |  1. ||  0. | -1. |  0. |
|  0. |  0. |  0. || -1. |  1. |  0. || -1. |  0. |  0. |
|  0. |  0. | -1. ||  1. |  0. |  0. ||  0. |  0. | -1. |
|=====+=====+=====||=====+=====+=====||=====+=====+=====|
|  0. | -1. |  0. ||  0. |  0. |  0. ||  1. |  1. |  0. |
|  1. |  1. | -1. ||  0. |  0. |  0. ||  0. |  0. |  0. |
|  0. |  0. |  0. || -1. | -1. | -1. ||  0. |  0. |  0. |
|=====+=====+=====||=====+=====+=====||=====+=====+=====|
|  0. | -1. |  0. ||* 0. |* 0. |* 0. || -1. |  0. |  1. |
|  0. |  1. |  0. ||* 0. |* 0. |* 0. ||  1. |  0. |  0. |
|  0. |  0. |  0. ||* 0. |* 0. |* 0. ||  0. |  0. |  1. |


Determined best move using: 64882Iterations
current State

|  0. |  0. |  1. ||  0. |  0. |  1. ||* 0. |*-1. |* 0. |
|  0. |  0. |  0. || -1. |  1. |  0. ||*-1. |* 0. |* 0. |
|  0. |  0. | -1. ||  1. |  0. |  0. ||* 0. |* 0. |*-1. |
|=====+=====+=====||=====+=====+=====||=====+=====+=====|
|  0. | -1. |  0. ||  0. |  0. |  0. ||  1. |  1. |  0. |
|  1. |  1. | -1. ||  0. |  0. |  0. ||  0. |  0. |  0. |
|  0. |  0. |  0. || -1. | -1. | -1. ||  0. |  0. |  0. |
|=====+=====+=====||=====+=====+=====||=====+=====+=====|
|  0. | -1. |  0. ||  0. |  0. |  1. || -1. |  0. |  1. |
|  0. |  1. |  0. ||  0. |  0. |  0. ||  1. |  0. |  0. |
|  0. |  0. |  0. ||  0. |  0. |  0. ||  0. |  0. |  1. |


state to eval, currenty is playerone turn=false

| -0. | -0. | -1. || -0. | -0. | -1. ||*-0. |* 1. |*-0. |
| -0. | -0. | -0. ||  1. | -1. | -0. ||* 1. |*-0. |*-0. |
| -0. | -0. |  1. || -1. | -0. | -0. ||*-0. |*-0. |* 1. |
|=====+=====+=====||=====+=====+=====||=====+=====+=====|
| -0. |  1. | -0. || -0. | -0. | -0. || -1. | -1. | -0. |
| -1. | -1. |  1. || -0. | -0. | -0. || -0. | -0. | -0. |
| -0. | -0. | -0. ||  1. |  1. |  1. || -0. | -0. | -0. |
|=====+=====+=====||=====+=====+=====||=====+=====+=====|
| -0. |  1. | -0. || -0. | -0. | -1. ||  1. | -0. | -1. |
| -0. | -1. | -0. || -0. | -0. | -0. || -1. | -0. | -0. |
| -0. | -0. | -0. || -0. | -0. | -0. || -0. | -0. | -1. |


current State

|  0. |  0. |  1. ||  0. |  0. |  1. ||* 0. |*-1. |*-1. |
|  0. |  0. |  0. || -1. |  1. |  0. ||*-1. |* 0. |* 0. |
|  0. |  0. | -1. ||  1. |  0. |  0. ||* 0. |* 0. |*-1. |
|=====+=====+=====||=====+=====+=====||=====+=====+=====|
|  0. | -1. |  0. ||  0. |  0. |  0. ||  1. |  1. |  0. |
|  1. |  1. | -1. ||  0. |  0. |  0. ||  0. |  0. |  0. |
|  0. |  0. |  0. || -1. | -1. | -1. ||  0. |  0. |  0. |
|=====+=====+=====||=====+=====+=====||=====+=====+=====|
|  0. | -1. |  0. ||  0. |  0. |  1. || -1. |  0. |  1. |
|  0. |  1. |  0. ||  0. |  0. |  0. ||  1. |  0. |  0. |
|  0. |  0. |  0. ||  0. |  0. |  0. ||  0. |  0. |  1. |


state to eval, currenty is playerone turn=true

|  0. |  0. |  1. ||  0. |  0. |  1. ||* 0. |*-1. |*-1. |
|  0. |  0. |  0. || -1. |  1. |  0. ||*-1. |* 0. |* 0. |
|  0. |  0. | -1. ||  1. |  0. |  0. ||* 0. |* 0. |*-1. |
|=====+=====+=====||=====+=====+=====||=====+=====+=====|
|  0. | -1. |  0. ||  0. |  0. |  0. ||  1. |  1. |  0. |
|  1. |  1. | -1. ||  0. |  0. |  0. ||  0. |  0. |  0. |
|  0. |  0. |  0. || -1. | -1. | -1. ||  0. |  0. |  0. |
|=====+=====+=====||=====+=====+=====||=====+=====+=====|
|  0. | -1. |  0. ||  0. |  0. |  1. || -1. |  0. |  1. |
|  0. |  1. |  0. ||  0. |  0. |  0. ||  1. |  0. |  0. |
|  0. |  0. |  0. ||  0. |  0. |  0. ||  0. |  0. |  1. |


Determined best move using: 69647Iterations
current State

|  0. |  0. |  1. ||  0. |  0. |  1. ||  0. | -1. | -1. |
|  0. |  0. |  0. || -1. |  1. |  0. || -1. |  0. |  1. |
|  0. |  0. | -1. ||  1. |  0. |  0. ||  0. |  0. | -1. |
|=====+=====+=====||=====+=====+=====||=====+=====+=====|
|  0. | -1. |  0. ||  0. |  0. |  0. ||* 1. |* 1. |* 0. |
|  1. |  1. | -1. ||  0. |  0. |  0. ||* 0. |* 0. |* 0. |
|  0. |  0. |  0. || -1. | -1. | -1. ||* 0. |* 0. |* 0. |
|=====+=====+=====||=====+=====+=====||=====+=====+=====|
|  0. | -1. |  0. ||  0. |  0. |  1. || -1. |  0. |  1. |
|  0. |  1. |  0. ||  0. |  0. |  0. ||  1. |  0. |  0. |
|  0. |  0. |  0. ||  0. |  0. |  0. ||  0. |  0. |  1. |


state to eval, currenty is playerone turn=false

| -0. | -0. | -1. || -0. | -0. | -1. || -0. |  1. |  1. |
| -0. | -0. | -0. ||  1. | -1. | -0. ||  1. | -0. | -1. |
| -0. | -0. |  1. || -1. | -0. | -0. || -0. | -0. |  1. |
|=====+=====+=====||=====+=====+=====||=====+=====+=====|
| -0. |  1. | -0. || -0. | -0. | -0. ||*-1. |*-1. |*-0. |
| -1. | -1. |  1. || -0. | -0. | -0. ||*-0. |*-0. |*-0. |
| -0. | -0. | -0. ||  1. |  1. |  1. ||*-0. |*-0. |*-0. |
|=====+=====+=====||=====+=====+=====||=====+=====+=====|
| -0. |  1. | -0. || -0. | -0. | -1. ||  1. | -0. | -1. |
| -0. | -1. | -0. || -0. | -0. | -0. || -1. | -0. | -0. |
| -0. | -0. | -0. || -0. | -0. | -0. || -0. | -0. | -1. |


Determined best move using: 1464286Iterations
Determined best move using: 88356Iterations
Determined best move using: 89682Iterations
Determined best move using: 89321Iterations
current State

|  0. |  0. |  1. ||  0. |  0. |  1. ||  0. | -1. | -1. |
|  0. |  0. |  0. || -1. |  1. |  0. || -1. |  0. |  1. |
|  0. |  0. | -1. ||  1. |  0. |  0. ||  0. |  0. | -1. |
|=====+=====+=====||=====+=====+=====||=====+=====+=====|
|  0. | -1. |  0. ||  0. |  0. |  0. ||  1. |  1. |  0. |
|  1. |  1. | -1. ||  0. |  0. |  0. ||  0. |  0. |  0. |
|  0. |  0. |  0. || -1. | -1. | -1. ||  0. | -1. |  0. |
|=====+=====+=====||=====+=====+=====||=====+=====+=====|
|  0. | -1. |  0. ||* 0. |* 0. |* 1. || -1. |  0. |  1. |
|  0. |  1. |  0. ||* 0. |* 0. |* 0. ||  1. |  0. |  0. |
|  0. |  0. |  0. ||* 0. |* 0. |* 0. ||  0. |  0. |  1. |


state to eval, currenty is playerone turn=true

|  0. |  0. |  1. ||  0. |  0. |  1. ||  0. | -1. | -1. |
|  0. |  0. |  0. || -1. |  1. |  0. || -1. |  0. |  1. |
|  0. |  0. | -1. ||  1. |  0. |  0. ||  0. |  0. | -1. |
|=====+=====+=====||=====+=====+=====||=====+=====+=====|
|  0. | -1. |  0. ||  0. |  0. |  0. ||  1. |  1. |  0. |
|  1. |  1. | -1. ||  0. |  0. |  0. ||  0. |  0. |  0. |
|  0. |  0. |  0. || -1. | -1. | -1. ||  0. | -1. |  0. |
|=====+=====+=====||=====+=====+=====||=====+=====+=====|
|  0. | -1. |  0. ||* 0. |* 0. |* 1. || -1. |  0. |  1. |
|  0. |  1. |  0. ||* 0. |* 0. |* 0. ||  1. |  0. |  0. |
|  0. |  0. |  0. ||* 0. |* 0. |* 0. ||  0. |  0. |  1. |


Determined best move using: 2103465Iterations
Determined best move using: 89743Iterations
Determined best move using: 99828Iterations
current State

|  0. |  0. |  1. ||  0. |  0. |  1. ||  0. | -1. | -1. |
|  0. |  0. |  0. || -1. |  1. |  0. || -1. |  0. |  1. |
|  0. |  0. | -1. ||  1. |  0. |  0. ||  0. |  0. | -1. |
|=====+=====+=====||=====+=====+=====||=====+=====+=====|
|  0. | -1. |  0. ||  0. |  0. |  0. ||* 1. |* 1. |* 0. |
|  1. |  1. | -1. ||  0. |  0. |  0. ||* 0. |* 0. |* 0. |
|  0. |  0. |  0. || -1. | -1. | -1. ||* 0. |*-1. |* 0. |
|=====+=====+=====||=====+=====+=====||=====+=====+=====|
|  0. | -1. |  0. ||  0. |  0. |  1. || -1. |  0. |  1. |
|  0. |  1. |  0. ||  0. |  0. |  1. ||  1. |  0. |  0. |
|  0. |  0. |  0. ||  0. |  0. |  0. ||  0. |  0. |  1. |


state to eval, currenty is playerone turn=false

| -0. | -0. | -1. || -0. | -0. | -1. || -0. |  1. |  1. |
| -0. | -0. | -0. ||  1. | -1. | -0. ||  1. | -0. | -1. |
| -0. | -0. |  1. || -1. | -0. | -0. || -0. | -0. |  1. |
|=====+=====+=====||=====+=====+=====||=====+=====+=====|
| -0. |  1. | -0. || -0. | -0. | -0. ||*-1. |*-1. |*-0. |
| -1. | -1. |  1. || -0. | -0. | -0. ||*-0. |*-0. |*-0. |
| -0. | -0. | -0. ||  1. |  1. |  1. ||*-0. |* 1. |*-0. |
|=====+=====+=====||=====+=====+=====||=====+=====+=====|
| -0. |  1. | -0. || -0. | -0. | -1. ||  1. | -0. | -1. |
| -0. | -1. | -0. || -0. | -0. | -1. || -1. | -0. | -0. |
| -0. | -0. | -0. || -0. | -0. | -0. || -0. | -0. | -1. |


Determined best move using: 98253Iterations
current State

|  0. |  0. |  1. ||  0. |  0. |  1. ||  0. | -1. | -1. |
|  0. |  0. |  0. || -1. |  1. |  0. || -1. |  0. |  1. |
|  0. |  0. | -1. ||  1. |  0. |  0. ||  0. |  0. | -1. |
|=====+=====+=====||=====+=====+=====||=====+=====+=====|
|* 0. |*-1. |* 0. ||  0. |  0. |  0. ||  1. |  1. |  0. |
|* 1. |* 1. |*-1. ||  0. |  0. |  0. || -1. |  0. |  0. |
|* 0. |* 0. |* 0. || -1. | -1. | -1. ||  0. | -1. |  0. |
|=====+=====+=====||=====+=====+=====||=====+=====+=====|
|  0. | -1. |  0. ||  0. |  0. |  1. || -1. |  0. |  1. |
|  0. |  1. |  0. ||  0. |  0. |  1. ||  1. |  0. |  0. |
|  0. |  0. |  0. ||  0. |  0. |  0. ||  0. |  0. |  1. |


state to eval, currenty is playerone turn=true

|  0. |  0. |  1. ||  0. |  0. |  1. ||  0. | -1. | -1. |
|  0. |  0. |  0. || -1. |  1. |  0. || -1. |  0. |  1. |
|  0. |  0. | -1. ||  1. |  0. |  0. ||  0. |  0. | -1. |
|=====+=====+=====||=====+=====+=====||=====+=====+=====|
|* 0. |*-1. |* 0. ||  0. |  0. |  0. ||  1. |  1. |  0. |
|* 1. |* 1. |*-1. ||  0. |  0. |  0. || -1. |  0. |  0. |
|* 0. |* 0. |* 0. || -1. | -1. | -1. ||  0. | -1. |  0. |
|=====+=====+=====||=====+=====+=====||=====+=====+=====|
|  0. | -1. |  0. ||  0. |  0. |  1. || -1. |  0. |  1. |
|  0. |  1. |  0. ||  0. |  0. |  1. ||  1. |  0. |  0. |
|  0. |  0. |  0. ||  0. |  0. |  0. ||  0. |  0. |  1. |


Determined best move using: 99538Iterations
current State

|  0. |  0. |  1. ||  0. |  0. |  1. ||  0. | -1. | -1. |
|  0. |  0. |  0. || -1. |  1. |  0. || -1. |  0. |  1. |
|  0. |  0. | -1. ||  1. |  0. |  0. ||  0. |  0. | -1. |
|=====+=====+=====||=====+=====+=====||=====+=====+=====|
|  0. | -1. |  0. ||  0. |  0. |  0. ||  1. |  1. |  0. |
|  1. |  1. | -1. ||  0. |  0. |  0. || -1. |  0. |  0. |
|  0. |  1. |  0. || -1. | -1. | -1. ||  0. | -1. |  0. |
|=====+=====+=====||=====+=====+=====||=====+=====+=====|
|  0. | -1. |  0. ||* 0. |* 0. |* 1. || -1. |  0. |  1. |
|  0. |  1. |  0. ||* 0. |* 0. |* 1. ||  1. |  0. |  0. |
|  0. |  0. |  0. ||* 0. |* 0. |* 0. ||  0. |  0. |  1. |


state to eval, currenty is playerone turn=false

| -0. | -0. | -1. || -0. | -0. | -1. || -0. |  1. |  1. |
| -0. | -0. | -0. ||  1. | -1. | -0. ||  1. | -0. | -1. |
| -0. | -0. |  1. || -1. | -0. | -0. || -0. | -0. |  1. |
|=====+=====+=====||=====+=====+=====||=====+=====+=====|
| -0. |  1. | -0. || -0. | -0. | -0. || -1. | -1. | -0. |
| -1. | -1. |  1. || -0. | -0. | -0. ||  1. | -0. | -0. |
| -0. | -1. | -0. ||  1. |  1. |  1. || -0. |  1. | -0. |
|=====+=====+=====||=====+=====+=====||=====+=====+=====|
| -0. |  1. | -0. ||*-0. |*-0. |*-1. ||  1. | -0. | -1. |
| -0. | -1. | -0. ||*-0. |*-0. |*-1. || -1. | -0. | -0. |
| -0. | -0. | -0. ||*-0. |*-0. |*-0. || -0. | -0. | -1. |


Determined best move using: 98999Iterations
current State

|  0. |  0. |  1. ||  0. |  0. |  1. ||  0. | -1. | -1. |
|  0. |  0. |  0. || -1. |  1. |  0. || -1. |  0. |  1. |
|  0. |  0. | -1. ||  1. |  0. |  0. ||  0. |  0. | -1. |
|=====+=====+=====||=====+=====+=====||=====+=====+=====|
|* 0. |*-1. |* 0. ||  0. |  0. |  0. ||  1. |  1. |  0. |
|* 1. |* 1. |*-1. ||  0. |  0. |  0. || -1. |  0. |  0. |
|* 0. |* 1. |* 0. || -1. | -1. | -1. ||  0. | -1. |  0. |
|=====+=====+=====||=====+=====+=====||=====+=====+=====|
|  0. | -1. |  0. ||  0. |  0. |  1. || -1. |  0. |  1. |
|  0. |  1. |  0. || -1. |  0. |  1. ||  1. |  0. |  0. |
|  0. |  0. |  0. ||  0. |  0. |  0. ||  0. |  0. |  1. |


state to eval, currenty is playerone turn=true

|  0. |  0. |  1. ||  0. |  0. |  1. ||  0. | -1. | -1. |
|  0. |  0. |  0. || -1. |  1. |  0. || -1. |  0. |  1. |
|  0. |  0. | -1. ||  1. |  0. |  0. ||  0. |  0. | -1. |
|=====+=====+=====||=====+=====+=====||=====+=====+=====|
|* 0. |*-1. |* 0. ||  0. |  0. |  0. ||  1. |  1. |  0. |
|* 1. |* 1. |*-1. ||  0. |  0. |  0. || -1. |  0. |  0. |
|* 0. |* 1. |* 0. || -1. | -1. | -1. ||  0. | -1. |  0. |
|=====+=====+=====||=====+=====+=====||=====+=====+=====|
|  0. | -1. |  0. ||  0. |  0. |  1. || -1. |  0. |  1. |
|  0. |  1. |  0. || -1. |  0. |  1. ||  1. |  0. |  0. |
|  0. |  0. |  0. ||  0. |  0. |  0. ||  0. |  0. |  1. |


Determined best move using: 106223Iterations
Determined best move using: 167263Iterations
Determined best move using: 98292Iterations
current State

|  0. |  0. |  1. ||  0. |  0. |  1. ||  0. | -1. | -1. |
|  0. |  0. |  0. || -1. |  1. |  0. || -1. |  0. |  1. |
|  0. |  0. | -1. ||  1. |  0. |  0. ||  0. |  0. | -1. |
|=====+=====+=====||=====+=====+=====||=====+=====+=====|
|  0. | -1. |  0. ||  0. |  0. |  0. ||  1. |  1. |  0. |
|  1. |  1. | -1. ||  0. |  0. |  0. || -1. |  0. |  0. |
|  1. |  1. |  0. || -1. | -1. | -1. ||  0. | -1. |  0. |
|=====+=====+=====||=====+=====+=====||=====+=====+=====|
|* 0. |*-1. |* 0. ||  0. |  0. |  1. || -1. |  0. |  1. |
|* 0. |* 1. |* 0. || -1. |  0. |  1. ||  1. |  0. |  0. |
|* 0. |* 0. |* 0. ||  0. |  0. |  0. ||  0. |  0. |  1. |


state to eval, currenty is playerone turn=false

| -0. | -0. | -1. || -0. | -0. | -1. || -0. |  1. |  1. |
| -0. | -0. | -0. ||  1. | -1. | -0. ||  1. | -0. | -1. |
| -0. | -0. |  1. || -1. | -0. | -0. || -0. | -0. |  1. |
|=====+=====+=====||=====+=====+=====||=====+=====+=====|
| -0. |  1. | -0. || -0. | -0. | -0. || -1. | -1. | -0. |
| -1. | -1. |  1. || -0. | -0. | -0. ||  1. | -0. | -0. |
| -1. | -1. | -0. ||  1. |  1. |  1. || -0. |  1. | -0. |
|=====+=====+=====||=====+=====+=====||=====+=====+=====|
|*-0. |* 1. |*-0. || -0. | -0. | -1. ||  1. | -0. | -1. |
|*-0. |*-1. |*-0. ||  1. | -0. | -1. || -1. | -0. | -0. |
|*-0. |*-0. |*-0. || -0. | -0. | -0. || -0. | -0. | -1. |


current State

|  0. |  0. |  1. ||  0. |  0. |  1. ||  0. | -1. | -1. |
|  0. |  0. |  0. || -1. |  1. |  0. || -1. |  0. |  1. |
|  0. |  0. | -1. ||  1. |  0. |  0. ||  0. |  0. | -1. |
|=====+=====+=====||=====+=====+=====||=====+=====+=====|
|* 0. |*-1. |* 0. ||  0. |  0. |  0. ||  1. |  1. |  0. |
|* 1. |* 1. |*-1. ||  0. |  0. |  0. || -1. |  0. |  0. |
|* 1. |* 1. |* 0. || -1. | -1. | -1. ||  0. | -1. |  0. |
|=====+=====+=====||=====+=====+=====||=====+=====+=====|
|  0. | -1. |  0. ||  0. |  0. |  1. || -1. |  0. |  1. |
| -1. |  1. |  0. || -1. |  0. |  1. ||  1. |  0. |  0. |
|  0. |  0. |  0. ||  0. |  0. |  0. ||  0. |  0. |  1. |


state to eval, currenty is playerone turn=true

|  0. |  0. |  1. ||  0. |  0. |  1. ||  0. | -1. | -1. |
|  0. |  0. |  0. || -1. |  1. |  0. || -1. |  0. |  1. |
|  0. |  0. | -1. ||  1. |  0. |  0. ||  0. |  0. | -1. |
|=====+=====+=====||=====+=====+=====||=====+=====+=====|
|* 0. |*-1. |* 0. ||  0. |  0. |  0. ||  1. |  1. |  0. |
|* 1. |* 1. |*-1. ||  0. |  0. |  0. || -1. |  0. |  0. |
|* 1. |* 1. |* 0. || -1. | -1. | -1. ||  0. | -1. |  0. |
|=====+=====+=====||=====+=====+=====||=====+=====+=====|
|  0. | -1. |  0. ||  0. |  0. |  1. || -1. |  0. |  1. |
| -1. |  1. |  0. || -1. |  0. |  1. ||  1. |  0. |  0. |
|  0. |  0. |  0. ||  0. |  0. |  0. ||  0. |  0. |  1. |


Determined best move using: 56206Iterations
Determined best move using: 80816Iterations
current State

|  0. |  0. |  1. ||  0. |  0. |  1. ||* 0. |*-1. |*-1. |
|  0. |  0. |  0. || -1. |  1. |  0. ||*-1. |* 0. |* 1. |
|  0. |  0. | -1. ||  1. |  0. |  0. ||* 0. |* 0. |*-1. |
|=====+=====+=====||=====+=====+=====||=====+=====+=====|
|  0. | -1. |  1. ||  0. |  0. |  0. ||  1. |  1. |  0. |
|  1. |  1. | -1. ||  0. |  0. |  0. || -1. |  0. |  0. |
|  1. |  1. |  0. || -1. | -1. | -1. ||  0. | -1. |  0. |
|=====+=====+=====||=====+=====+=====||=====+=====+=====|
|  0. | -1. |  0. ||  0. |  0. |  1. || -1. |  0. |  1. |
| -1. |  1. |  0. || -1. |  0. |  1. ||  1. |  0. |  0. |
|  0. |  0. |  0. ||  0. |  0. |  0. ||  0. |  0. |  1. |


state to eval, currenty is playerone turn=false

| -0. | -0. | -1. || -0. | -0. | -1. ||*-0. |* 1. |* 1. |
| -0. | -0. | -0. ||  1. | -1. | -0. ||* 1. |*-0. |*-1. |
| -0. | -0. |  1. || -1. | -0. | -0. ||*-0. |*-0. |* 1. |
|=====+=====+=====||=====+=====+=====||=====+=====+=====|
| -0. |  1. | -1. || -0. | -0. | -0. || -1. | -1. | -0. |
| -1. | -1. |  1. || -0. | -0. | -0. ||  1. | -0. | -0. |
| -1. | -1. | -0. ||  1. |  1. |  1. || -0. |  1. | -0. |
|=====+=====+=====||=====+=====+=====||=====+=====+=====|
| -0. |  1. | -0. || -0. | -0. | -1. ||  1. | -0. | -1. |
|  1. | -1. | -0. ||  1. | -0. | -1. || -1. | -0. | -0. |
| -0. | -0. | -0. || -0. | -0. | -0. || -0. | -0. | -1. |


Determined best move using: 61679Iterations
Determined best move using: 107878Iterations
Determined best move using: 82852Iterations
current State

|  0. |  0. |  1. ||  0. |  0. |  1. ||  0. | -1. | -1. |
|  0. |  0. |  0. || -1. |  1. |  0. || -1. |  0. |  1. |
|  0. |  0. | -1. ||  1. |  0. |  0. || -1. |  0. | -1. |
|=====+=====+=====||=====+=====+=====||=====+=====+=====|
|  0. | -1. |  1. ||  0. |  0. |  0. ||  1. |  1. |  0. |
|  1. |  1. | -1. ||  0. |  0. |  0. || -1. |  0. |  0. |
|  1. |  1. |  0. || -1. | -1. | -1. ||  0. | -1. |  0. |
|=====+=====+=====||=====+=====+=====||=====+=====+=====|
|* 0. |*-1. |* 0. ||  0. |  0. |  1. || -1. |  0. |  1. |
|*-1. |* 1. |* 0. || -1. |  0. |  1. ||  1. |  0. |  0. |
|* 0. |* 0. |* 0. ||  0. |  0. |  0. ||  0. |  0. |  1. |


state to eval, currenty is playerone turn=true

|  0. |  0. |  1. ||  0. |  0. |  1. ||  0. | -1. | -1. |
|  0. |  0. |  0. || -1. |  1. |  0. || -1. |  0. |  1. |
|  0. |  0. | -1. ||  1. |  0. |  0. || -1. |  0. | -1. |
|=====+=====+=====||=====+=====+=====||=====+=====+=====|
|  0. | -1. |  1. ||  0. |  0. |  0. ||  1. |  1. |  0. |
|  1. |  1. | -1. ||  0. |  0. |  0. || -1. |  0. |  0. |
|  1. |  1. |  0. || -1. | -1. | -1. ||  0. | -1. |  0. |
|=====+=====+=====||=====+=====+=====||=====+=====+=====|
|* 0. |*-1. |* 0. ||  0. |  0. |  1. || -1. |  0. |  1. |
|*-1. |* 1. |* 0. || -1. |  0. |  1. ||  1. |  0. |  0. |
|* 0. |* 0. |* 0. ||  0. |  0. |  0. ||  0. |  0. |  1. |


Determined best move using: 84369Iterations
current State

|  0. |  0. |  1. ||  0. |  0. |  1. ||  0. | -1. | -1. |
|  0. |  0. |  0. || -1. |  1. |  0. || -1. |  0. |  1. |
|  0. |  0. | -1. ||  1. |  0. |  0. || -1. |  0. | -1. |
|=====+=====+=====||=====+=====+=====||=====+=====+=====|
|  0. | -1. |  1. ||  0. |  0. |  0. ||  1. |  1. |  0. |
|  1. |  1. | -1. ||  0. |  0. |  0. || -1. |  0. |  0. |
|  1. |  1. |  0. || -1. | -1. | -1. ||  0. | -1. |  0. |
|=====+=====+=====||=====+=====+=====||=====+=====+=====|
|  0. | -1. |  0. ||  0. |  0. |  1. ||*-1. |* 0. |* 1. |
| -1. |  1. |  0. || -1. |  0. |  1. ||* 1. |* 0. |* 0. |
|  0. |  0. |  1. ||  0. |  0. |  0. ||* 0. |* 0. |* 1. |


state to eval, currenty is playerone turn=false

| -0. | -0. | -1. || -0. | -0. | -1. || -0. |  1. |  1. |
| -0. | -0. | -0. ||  1. | -1. | -0. ||  1. | -0. | -1. |
| -0. | -0. |  1. || -1. | -0. | -0. ||  1. | -0. |  1. |
|=====+=====+=====||=====+=====+=====||=====+=====+=====|
| -0. |  1. | -1. || -0. | -0. | -0. || -1. | -1. | -0. |
| -1. | -1. |  1. || -0. | -0. | -0. ||  1. | -0. | -0. |
| -1. | -1. | -0. ||  1. |  1. |  1. || -0. |  1. | -0. |
|=====+=====+=====||=====+=====+=====||=====+=====+=====|
| -0. |  1. | -0. || -0. | -0. | -1. ||* 1. |*-0. |*-1. |
|  1. | -1. | -0. ||  1. | -0. | -1. ||*-1. |*-0. |*-0. |
| -0. | -0. | -1. || -0. | -0. | -0. ||*-0. |*-0. |*-1. |


Determined best move using: 123854Iterations
Determined best move using: 63289Iterations
Determined best move using: 89635Iterations
current State

|  0. |  0. |  1. ||  0. |  0. |  1. ||  0. | -1. | -1. |
|  0. |  0. |  0. || -1. |  1. |  0. || -1. |  0. |  1. |
|  0. |  0. | -1. ||  1. |  0. |  0. || -1. |  0. | -1. |
|=====+=====+=====||=====+=====+=====||=====+=====+=====|
|  0. | -1. |  1. ||  0. |  0. |  0. ||  1. |  1. |  0. |
|  1. |  1. | -1. ||  0. |  0. |  0. || -1. |  0. |  0. |
|  1. |  1. |  0. || -1. | -1. | -1. ||  0. | -1. |  0. |
|=====+=====+=====||=====+=====+=====||=====+=====+=====|
|  0. | -1. |  0. ||* 0. |* 0. |* 1. || -1. |  0. |  1. |
| -1. |  1. |  0. ||*-1. |* 0. |* 1. ||  1. |  0. |  0. |
|  0. |  0. |  1. ||* 0. |* 0. |* 0. ||  0. | -1. |  1. |


state to eval, currenty is playerone turn=true

|  0. |  0. |  1. ||  0. |  0. |  1. ||  0. | -1. | -1. |
|  0. |  0. |  0. || -1. |  1. |  0. || -1. |  0. |  1. |
|  0. |  0. | -1. ||  1. |  0. |  0. || -1. |  0. | -1. |
|=====+=====+=====||=====+=====+=====||=====+=====+=====|
|  0. | -1. |  1. ||  0. |  0. |  0. ||  1. |  1. |  0. |
|  1. |  1. | -1. ||  0. |  0. |  0. || -1. |  0. |  0. |
|  1. |  1. |  0. || -1. | -1. | -1. ||  0. | -1. |  0. |
|=====+=====+=====||=====+=====+=====||=====+=====+=====|
|  0. | -1. |  0. ||* 0. |* 0. |* 1. || -1. |  0. |  1. |
| -1. |  1. |  0. ||*-1. |* 0. |* 1. ||  1. |  0. |  0. |
|  0. |  0. |  1. ||* 0. |* 0. |* 0. ||  0. | -1. |  1. |


current State

|  0. |  0. |  1. ||  0. |  0. |  1. ||  0. | -1. | -1. |
|  0. |  0. |  0. || -1. |  1. |  0. || -1. |  0. |  1. |
|  0. |  0. | -1. ||  1. |  0. |  0. || -1. |  0. | -1. |
|=====+=====+=====||=====+=====+=====||=====+=====+=====|
|  0. | -1. |  1. ||  0. |  0. |  0. ||  1. |  1. |  0. |
|  1. |  1. | -1. ||  0. |  0. |  0. || -1. |  0. |  0. |
|  1. |  1. |  0. || -1. | -1. | -1. ||  0. | -1. |  0. |
|=====+=====+=====||=====+=====+=====||=====+=====+=====|
|  0. | -1. |  0. ||  0. |  0. |  1. ||*-1. |* 0. |* 1. |
| -1. |  1. |  0. || -1. |  0. |  1. ||* 1. |* 0. |* 0. |
|  0. |  0. |  1. ||  0. |  0. |  1. ||* 0. |*-1. |* 1. |


state to eval, currenty is playerone turn=false

| -0. | -0. | -1. || -0. | -0. | -1. || -0. |  1. |  1. |
| -0. | -0. | -0. ||  1. | -1. | -0. ||  1. | -0. | -1. |
| -0. | -0. |  1. || -1. | -0. | -0. ||  1. | -0. |  1. |
|=====+=====+=====||=====+=====+=====||=====+=====+=====|
| -0. |  1. | -1. || -0. | -0. | -0. || -1. | -1. | -0. |
| -1. | -1. |  1. || -0. | -0. | -0. ||  1. | -0. | -0. |
| -1. | -1. | -0. ||  1. |  1. |  1. || -0. |  1. | -0. |
|=====+=====+=====||=====+=====+=====||=====+=====+=====|
| -0. |  1. | -0. || -0. | -0. | -1. ||* 1. |*-0. |*-1. |
|  1. | -1. | -0. ||  1. | -0. | -1. ||*-1. |*-0. |*-0. |
| -0. | -0. | -1. || -0. | -0. | -1. ||*-0. |* 1. |*-1. |


current State

|* 0. |* 0. |* 1. ||  0. |  0. |  1. ||* 0. |*-1. |*-1. |
|* 0. |* 0. |* 0. || -1. |  1. |  0. ||*-1. |* 0. |* 1. |
|* 0. |* 0. |*-1. ||  1. |  0. |  0. ||*-1. |* 0. |*-1. |
|=====+=====+=====||=====+=====+=====||=====+=====+=====|
|  0. | -1. |  1. ||  0. |  0. |  0. ||* 1. |* 1. |* 0. |
|  1. |  1. | -1. ||  0. |  0. |  0. ||*-1. |* 0. |* 0. |
|  1. |  1. |  0. || -1. | -1. | -1. ||* 0. |*-1. |* 0. |
|=====+=====+=====||=====+=====+=====||=====+=====+=====|
|* 0. |*-1. |* 0. ||  0. |  0. |  1. ||*-1. |*-1. |* 1. |
|*-1. |* 1. |* 0. || -1. |  0. |  1. ||* 1. |* 0. |* 0. |
|* 0. |* 0. |* 1. ||  0. |  0. |  1. ||* 0. |*-1. |* 1. |


state to eval, currenty is playerone turn=true

|* 0. |* 0. |* 1. ||  0. |  0. |  1. ||* 0. |*-1. |*-1. |
|* 0. |* 0. |* 0. || -1. |  1. |  0. ||*-1. |* 0. |* 1. |
|* 0. |* 0. |*-1. ||  1. |  0. |  0. ||*-1. |* 0. |*-1. |
|=====+=====+=====||=====+=====+=====||=====+=====+=====|
|  0. | -1. |  1. ||  0. |  0. |  0. ||* 1. |* 1. |* 0. |
|  1. |  1. | -1. ||  0. |  0. |  0. ||*-1. |* 0. |* 0. |
|  1. |  1. |  0. || -1. | -1. | -1. ||* 0. |*-1. |* 0. |
|=====+=====+=====||=====+=====+=====||=====+=====+=====|
|* 0. |*-1. |* 0. ||  0. |  0. |  1. ||*-1. |*-1. |* 1. |
|*-1. |* 1. |* 0. || -1. |  0. |  1. ||* 1. |* 0. |* 0. |
|* 0. |* 0. |* 1. ||  0. |  0. |  1. ||* 0. |*-1. |* 1. |


current State

|* 0. |* 0. |* 1. ||  0. |  0. |  1. ||  0. | -1. | -1. |
|* 0. |* 0. |* 0. || -1. |  1. |  0. || -1. |  0. |  1. |
|* 0. |* 0. |*-1. ||  1. |  0. |  0. || -1. |  0. | -1. |
|=====+=====+=====||=====+=====+=====||=====+=====+=====|
|  0. | -1. |  1. ||  0. |  0. |  0. ||  1. |  1. |  0. |
|  1. |  1. | -1. ||  0. |  0. |  0. || -1. |  0. |  0. |
|  1. |  1. |  0. || -1. | -1. | -1. ||  0. | -1. |  0. |
|=====+=====+=====||=====+=====+=====||=====+=====+=====|
|  1. | -1. |  0. ||  0. |  0. |  1. || -1. | -1. |  1. |
| -1. |  1. |  0. || -1. |  0. |  1. ||  1. |  0. |  0. |
|  0. |  0. |  1. ||  0. |  0. |  1. ||  0. | -1. |  1. |


state to eval, currenty is playerone turn=false

|*-0. |*-0. |*-1. || -0. | -0. | -1. || -0. |  1. |  1. |
|*-0. |*-0. |*-0. ||  1. | -1. | -0. ||  1. | -0. | -1. |
|*-0. |*-0. |* 1. || -1. | -0. | -0. ||  1. | -0. |  1. |
|=====+=====+=====||=====+=====+=====||=====+=====+=====|
| -0. |  1. | -1. || -0. | -0. | -0. || -1. | -1. | -0. |
| -1. | -1. |  1. || -0. | -0. | -0. ||  1. | -0. | -0. |
| -1. | -1. | -0. ||  1. |  1. |  1. || -0. |  1. | -0. |
|=====+=====+=====||=====+=====+=====||=====+=====+=====|
| -1. |  1. | -0. || -0. | -0. | -1. ||  1. |  1. | -1. |
|  1. | -1. | -0. ||  1. | -0. | -1. || -1. | -0. | -0. |
| -0. | -0. | -1. || -0. | -0. | -1. || -0. |  1. | -1. |


current State

|*-1. |* 0. |* 1. ||  0. |  0. |  1. ||  0. | -1. | -1. |
|* 0. |* 0. |* 0. || -1. |  1. |  0. || -1. |  0. |  1. |
|* 0. |* 0. |*-1. ||  1. |  0. |  0. || -1. |  0. | -1. |
|=====+=====+=====||=====+=====+=====||=====+=====+=====|
|  0. | -1. |  1. ||  0. |  0. |  0. ||  1. |  1. |  0. |
|  1. |  1. | -1. ||  0. |  0. |  0. || -1. |  0. |  0. |
|  1. |  1. |  0. || -1. | -1. | -1. ||  0. | -1. |  0. |
|=====+=====+=====||=====+=====+=====||=====+=====+=====|
|  1. | -1. |  0. ||  0. |  0. |  1. || -1. | -1. |  1. |
| -1. |  1. |  0. || -1. |  0. |  1. ||  1. |  0. |  0. |
|  0. |  0. |  1. ||  0. |  0. |  1. ||  0. | -1. |  1. |


state to eval, currenty is playerone turn=true

|*-1. |* 0. |* 1. ||  0. |  0. |  1. ||  0. | -1. | -1. |
|* 0. |* 0. |* 0. || -1. |  1. |  0. || -1. |  0. |  1. |
|* 0. |* 0. |*-1. ||  1. |  0. |  0. || -1. |  0. | -1. |
|=====+=====+=====||=====+=====+=====||=====+=====+=====|
|  0. | -1. |  1. ||  0. |  0. |  0. ||  1. |  1. |  0. |
|  1. |  1. | -1. ||  0. |  0. |  0. || -1. |  0. |  0. |
|  1. |  1. |  0. || -1. | -1. | -1. ||  0. | -1. |  0. |
|=====+=====+=====||=====+=====+=====||=====+=====+=====|
|  1. | -1. |  0. ||  0. |  0. |  1. || -1. | -1. |  1. |
| -1. |  1. |  0. || -1. |  0. |  1. ||  1. |  0. |  0. |
|  0. |  0. |  1. ||  0. |  0. |  1. ||  0. | -1. |  1. |


current State

|*-1. |* 0. |* 1. ||  0. |  0. |  1. ||* 0. |*-1. |*-1. |
|* 0. |* 1. |* 0. || -1. |  1. |  0. ||*-1. |* 0. |* 1. |
|* 0. |* 0. |*-1. ||  1. |  0. |  0. ||*-1. |* 0. |*-1. |
|=====+=====+=====||=====+=====+=====||=====+=====+=====|
|  0. | -1. |  1. ||  0. |  0. |  0. ||* 1. |* 1. |* 0. |
|  1. |  1. | -1. ||  0. |  0. |  0. ||*-1. |* 0. |* 0. |
|  1. |  1. |  0. || -1. | -1. | -1. ||* 0. |*-1. |* 0. |
|=====+=====+=====||=====+=====+=====||=====+=====+=====|
|  1. | -1. |  0. ||  0. |  0. |  1. ||*-1. |*-1. |* 1. |
| -1. |  1. |  0. || -1. |  0. |  1. ||* 1. |* 0. |* 0. |
|  0. |  0. |  1. ||  0. |  0. |  1. ||* 0. |*-1. |* 1. |


state to eval, currenty is playerone turn=false

|* 1. |*-0. |*-1. || -0. | -0. | -1. ||*-0. |* 1. |* 1. |
|*-0. |*-1. |*-0. ||  1. | -1. | -0. ||* 1. |*-0. |*-1. |
|*-0. |*-0. |* 1. || -1. | -0. | -0. ||* 1. |*-0. |* 1. |
|=====+=====+=====||=====+=====+=====||=====+=====+=====|
| -0. |  1. | -1. || -0. | -0. | -0. ||*-1. |*-1. |*-0. |
| -1. | -1. |  1. || -0. | -0. | -0. ||* 1. |*-0. |*-0. |
| -1. | -1. | -0. ||  1. |  1. |  1. ||*-0. |* 1. |*-0. |
|=====+=====+=====||=====+=====+=====||=====+=====+=====|
| -1. |  1. | -0. || -0. | -0. | -1. ||* 1. |* 1. |*-1. |
|  1. | -1. | -0. ||  1. | -0. | -1. ||*-1. |*-0. |*-0. |
| -0. | -0. | -1. || -0. | -0. | -1. ||*-0. |* 1. |*-1. |


Determined best move using: 201945Iterations
current State

|*-1. |* 0. |* 1. ||  0. |  0. |  1. || -1. | -1. | -1. |
|* 0. |* 1. |* 0. || -1. |  1. |  0. || -1. |  0. |  1. |
|* 0. |* 0. |*-1. ||  1. |  0. |  0. || -1. |  0. | -1. |
|=====+=====+=====||=====+=====+=====||=====+=====+=====|
|  0. | -1. |  1. ||  0. |  0. |  0. ||  1. |  1. |  0. |
|  1. |  1. | -1. ||  0. |  0. |  0. || -1. |  0. |  0. |
|  1. |  1. |  0. || -1. | -1. | -1. ||  0. | -1. |  0. |
|=====+=====+=====||=====+=====+=====||=====+=====+=====|
|  1. | -1. |  0. ||  0. |  0. |  1. || -1. | -1. |  1. |
| -1. |  1. |  0. || -1. |  0. |  1. ||  1. |  0. |  0. |
|  0. |  0. |  1. ||  0. |  0. |  1. ||  0. | -1. |  1. |


state to eval, currenty is playerone turn=true

|*-1. |* 0. |* 1. ||  0. |  0. |  1. || -1. | -1. | -1. |
|* 0. |* 1. |* 0. || -1. |  1. |  0. || -1. |  0. |  1. |
|* 0. |* 0. |*-1. ||  1. |  0. |  0. || -1. |  0. | -1. |
|=====+=====+=====||=====+=====+=====||=====+=====+=====|
|  0. | -1. |  1. ||  0. |  0. |  0. ||  1. |  1. |  0. |
|  1. |  1. | -1. ||  0. |  0. |  0. || -1. |  0. |  0. |
|  1. |  1. |  0. || -1. | -1. | -1. ||  0. | -1. |  0. |
|=====+=====+=====||=====+=====+=====||=====+=====+=====|
|  1. | -1. |  0. ||  0. |  0. |  1. || -1. | -1. |  1. |
| -1. |  1. |  0. || -1. |  0. |  1. ||  1. |  0. |  0. |
|  0. |  0. |  1. ||  0. |  0. |  1. ||  0. | -1. |  1. |


current State

| -1. |  0. |  1. ||  0. |  0. |  1. || -1. | -1. | -1. |
|  0. |  1. |  0. || -1. |  1. |  0. || -1. |  0. |  1. |
|  1. |  0. | -1. ||  1. |  0. |  0. || -1. |  0. | -1. |
|=====+=====+=====||=====+=====+=====||=====+=====+=====|
|  0. | -1. |  1. ||  0. |  0. |  0. ||* 1. |* 1. |* 0. |
|  1. |  1. | -1. ||  0. |  0. |  0. ||*-1. |* 0. |* 0. |
|  1. |  1. |  0. || -1. | -1. | -1. ||* 0. |*-1. |* 0. |
|=====+=====+=====||=====+=====+=====||=====+=====+=====|
|  1. | -1. |  0. ||  0. |  0. |  1. ||*-1. |*-1. |* 1. |
| -1. |  1. |  0. || -1. |  0. |  1. ||* 1. |* 0. |* 0. |
|  0. |  0. |  1. ||  0. |  0. |  1. ||* 0. |*-1. |* 1. |


Game ended in: 45 moves
Actual data created in graphical format: 
[StateDatum{MCTSProbabilites=
|  .0092 |  .0118 |  .0177 ||  .0122 |  .0113 |  .0128 ||  .0117 |  .0149 |  .0175 |
|  .0145 |  .011 |  .0094 ||  .0089 |  .0133 |  .013 ||  .0135 |  .0111 |  .0094 |
|  .0111 |  .0134 |  .0135 ||  .0175 |  .0101 |  .0141 ||  .0165 |  .0126 |  .0095 |
|========+========+========||========+========+========||========+========+========|
|  .0181 |  .0164 |  .0185 ||  .0077 |  .0084 |  .0105 ||  .0098 |  .021 |  .0094 |
|  .0078 |  .018 |  .0148 ||  .0102 |  .0084 |  .0132 ||  .0156 |  .0077 |  .0105 |
|  .0143 |  .0182 |  .0112 ||  .0115 |  .0105 |  .0089 ||  .0117 |  .0099 |  .0104 |
|========+========+========||========+========+========||========+========+========|
|  .0119 |  .0075 |  .0133 ||  .0109 |  .013 |  .011 ||  .012 |  .0076 |  .015 |
|  .0145 |  .0085 |  .0123 ||  .0113 |  .0132 |  .0088 ||  .0129 |  .0121 |  .0132 |
|  .0169 |  .0119 |  .0138 ||  .0104 |  .016 |  .012 ||  .011 |  .0129 |  .0122 |

, state=
|* 0. |* 0. |* 0. ||* 0. |* 0. |* 0. ||* 0. |* 0. |* 0. |
|* 0. |* 0. |* 0. ||* 0. |* 0. |* 0. ||* 0. |* 0. |* 0. |
|* 0. |* 0. |* 0. ||* 0. |* 0. |* 0. ||* 0. |* 0. |* 0. |
|=====+=====+=====||=====+=====+=====||=====+=====+=====|
|* 0. |* 0. |* 0. ||* 0. |* 0. |* 0. ||* 0. |* 0. |* 0. |
|* 0. |* 0. |* 0. ||* 0. |* 0. |* 0. ||* 0. |* 0. |* 0. |
|* 0. |* 0. |* 0. ||* 0. |* 0. |* 0. ||* 0. |* 0. |* 0. |
|=====+=====+=====||=====+=====+=====||=====+=====+=====|
|* 0. |* 0. |* 0. ||* 0. |* 0. |* 0. ||* 0. |* 0. |* 0. |
|* 0. |* 0. |* 0. ||* 0. |* 0. |* 0. ||* 0. |* 0. |* 0. |
|* 0. |* 0. |* 0. ||* 0. |* 0. |* 0. ||* 0. |* 0. |* 0. |

, evalForThisState=1.0, isPlayerOneTurnOriginally=true}, StateDatum{MCTSProbabilites=
|  .0 |  .0 |  .0 ||  .0529 |  .0342 |  .048 ||  .0 |  .0 |  .0 |
|  .0 |  .0 |  .0 ||  .5424 |  .0577 |  .0965 ||  .0 |  .0 |  .0 |
|  .0 |  .0 |  .0 ||  .0524 |  .0696 |  .0464 ||  .0 |  .0 |  .0 |
|========+========+========||========+========+========||========+========+========|
|  .0 |  .0 |  .0 ||  .0 |  .0 |  .0 ||  .0 |  .0 |  .0 |
|  .0 |  .0 |  .0 ||  .0 |  .0 |  .0 ||  .0 |  .0 |  .0 |
|  .0 |  .0 |  .0 ||  .0 |  .0 |  .0 ||  .0 |  .0 |  .0 |
|========+========+========||========+========+========||========+========+========|
|  .0 |  .0 |  .0 ||  .0 |  .0 |  .0 ||  .0 |  .0 |  .0 |
|  .0 |  .0 |  .0 ||  .0 |  .0 |  .0 ||  .0 |  .0 |  .0 |
|  .0 |  .0 |  .0 ||  .0 |  .0 |  .0 ||  .0 |  .0 |  .0 |

, state=
| -0. | -0. | -0. ||*-0. |*-0. |*-0. || -0. | -0. | -0. |
| -0. | -0. | -0. ||*-0. |*-0. |*-0. || -0. | -0. | -0. |
| -0. | -0. | -0. ||*-0. |*-0. |*-0. || -0. | -0. | -0. |
|=====+=====+=====||=====+=====+=====||=====+=====+=====|
| -0. | -0. | -0. || -0. | -0. | -0. || -0. | -1. | -0. |
| -0. | -0. | -0. || -0. | -0. | -0. || -0. | -0. | -0. |
| -0. | -0. | -0. || -0. | -0. | -0. || -0. | -0. | -0. |
|=====+=====+=====||=====+=====+=====||=====+=====+=====|
| -0. | -0. | -0. || -0. | -0. | -0. || -0. | -0. | -0. |
| -0. | -0. | -0. || -0. | -0. | -0. || -0. | -0. | -0. |
| -0. | -0. | -0. || -0. | -0. | -0. || -0. | -0. | -0. |

, evalForThisState=-1.0, isPlayerOneTurnOriginally=false}, StateDatum{MCTSProbabilites=
|  .0 |  .0 |  .0 ||  .0 |  .0 |  .0 ||  .0 |  .0 |  .0 |
|  .0 |  .0 |  .0 ||  .0 |  .0 |  .0 ||  .0 |  .0 |  .0 |
|  .0 |  .0 |  .0 ||  .0 |  .0 |  .0 ||  .0 |  .0 |  .0 |
|========+========+========||========+========+========||========+========+========|
|  .0951 |  .0969 |  .1788 ||  .0 |  .0 |  .0 ||  .0 |  .0 |  .0 |
|  .2186 |  .0871 |  .1012 ||  .0 |  .0 |  .0 ||  .0 |  .0 |  .0 |
|  .0585 |  .0987 |  .065 ||  .0 |  .0 |  .0 ||  .0 |  .0 |  .0 |
|========+========+========||========+========+========||========+========+========|
|  .0 |  .0 |  .0 ||  .0 |  .0 |  .0 ||  .0 |  .0 |  .0 |
|  .0 |  .0 |  .0 ||  .0 |  .0 |  .0 ||  .0 |  .0 |  .0 |
|  .0 |  .0 |  .0 ||  .0 |  .0 |  .0 ||  .0 |  .0 |  .0 |

, state=
|  0. |  0. |  0. ||  0. |  0. |  0. ||  0. |  0. |  0. |
|  0. |  0. |  0. || -1. |  0. |  0. ||  0. |  0. |  0. |
|  0. |  0. |  0. ||  0. |  0. |  0. ||  0. |  0. |  0. |
|=====+=====+=====||=====+=====+=====||=====+=====+=====|
|* 0. |* 0. |* 0. ||  0. |  0. |  0. ||  0. |  1. |  0. |
|* 0. |* 0. |* 0. ||  0. |  0. |  0. ||  0. |  0. |  0. |
|* 0. |* 0. |* 0. ||  0. |  0. |  0. ||  0. |  0. |  0. |
|=====+=====+=====||=====+=====+=====||=====+=====+=====|
|  0. |  0. |  0. ||  0. |  0. |  0. ||  0. |  0. |  0. |
|  0. |  0. |  0. ||  0. |  0. |  0. ||  0. |  0. |  0. |
|  0. |  0. |  0. ||  0. |  0. |  0. ||  0. |  0. |  0. |

, evalForThisState=1.0, isPlayerOneTurnOriginally=true}, StateDatum{MCTSProbabilites=
|  .0 |  .0 |  .0 ||  .0 |  .0 |  .0 ||  .0 |  .0 |  .0 |
|  .0 |  .0 |  .0 ||  .0 |  .0 |  .0 ||  .0 |  .0 |  .0 |
|  .0 |  .0 |  .0 ||  .0 |  .0 |  .0 ||  .0 |  .0 |  .0 |
|========+========+========||========+========+========||========+========+========|
|  .0509 |  .0707 |  .0679 ||  .0 |  .0 |  .0 ||  .0 |  .0 |  .0 |
|  .0 |  .1913 |  .446 ||  .0 |  .0 |  .0 ||  .0 |  .0 |  .0 |
|  .063 |  .0578 |  .0525 ||  .0 |  .0 |  .0 ||  .0 |  .0 |  .0 |
|========+========+========||========+========+========||========+========+========|
|  .0 |  .0 |  .0 ||  .0 |  .0 |  .0 ||  .0 |  .0 |  .0 |
|  .0 |  .0 |  .0 ||  .0 |  .0 |  .0 ||  .0 |  .0 |  .0 |
|  .0 |  .0 |  .0 ||  .0 |  .0 |  .0 ||  .0 |  .0 |  .0 |

, state=
| -0. | -0. | -0. || -0. | -0. | -0. || -0. | -0. | -0. |
| -0. | -0. | -0. ||  1. | -0. | -0. || -0. | -0. | -0. |
| -0. | -0. | -0. || -0. | -0. | -0. || -0. | -0. | -0. |
|=====+=====+=====||=====+=====+=====||=====+=====+=====|
|*-0. |*-0. |*-0. || -0. | -0. | -0. || -0. | -1. | -0. |
|*-1. |*-0. |*-0. || -0. | -0. | -0. || -0. | -0. | -0. |
|*-0. |*-0. |*-0. || -0. | -0. | -0. || -0. | -0. | -0. |
|=====+=====+=====||=====+=====+=====||=====+=====+=====|
| -0. | -0. | -0. || -0. | -0. | -0. || -0. | -0. | -0. |
| -0. | -0. | -0. || -0. | -0. | -0. || -0. | -0. | -0. |
| -0. | -0. | -0. || -0. | -0. | -0. || -0. | -0. | -0. |

, evalForThisState=-1.0, isPlayerOneTurnOriginally=false}, StateDatum{MCTSProbabilites=
|  .0 |  .0 |  .0 ||  .0 |  .0 |  .0 ||  .0 |  .0 |  .0 |
|  .0 |  .0 |  .0 ||  .0 |  .0 |  .0 ||  .0 |  .0 |  .0 |
|  .0 |  .0 |  .0 ||  .0 |  .0 |  .0 ||  .0 |  .0 |  .0 |
|========+========+========||========+========+========||========+========+========|
|  .0 |  .0 |  .0 ||  .0 |  .0 |  .0 ||  .1985 |  .0 |  .1335 |
|  .0 |  .0 |  .0 ||  .0 |  .0 |  .0 ||  .1762 |  .1376 |  .0446 |
|  .0 |  .0 |  .0 ||  .0 |  .0 |  .0 ||  .0592 |  .1139 |  .1365 |
|========+========+========||========+========+========||========+========+========|
|  .0 |  .0 |  .0 ||  .0 |  .0 |  .0 ||  .0 |  .0 |  .0 |
|  .0 |  .0 |  .0 ||  .0 |  .0 |  .0 ||  .0 |  .0 |  .0 |
|  .0 |  .0 |  .0 ||  .0 |  .0 |  .0 ||  .0 |  .0 |  .0 |

, state=
|  0. |  0. |  0. ||  0. |  0. |  0. ||  0. |  0. |  0. |
|  0. |  0. |  0. || -1. |  0. |  0. ||  0. |  0. |  0. |
|  0. |  0. |  0. ||  0. |  0. |  0. ||  0. |  0. |  0. |
|=====+=====+=====||=====+=====+=====||=====+=====+=====|
|  0. |  0. |  0. ||  0. |  0. |  0. ||* 0. |* 1. |* 0. |
|  1. |  0. | -1. ||  0. |  0. |  0. ||* 0. |* 0. |* 0. |
|  0. |  0. |  0. ||  0. |  0. |  0. ||* 0. |* 0. |* 0. |
|=====+=====+=====||=====+=====+=====||=====+=====+=====|
|  0. |  0. |  0. ||  0. |  0. |  0. ||  0. |  0. |  0. |
|  0. |  0. |  0. ||  0. |  0. |  0. ||  0. |  0. |  0. |
|  0. |  0. |  0. ||  0. |  0. |  0. ||  0. |  0. |  0. |

, evalForThisState=1.0, isPlayerOneTurnOriginally=true}, StateDatum{MCTSProbabilites=
|  .0393 |  .0802 |  .0518 ||  .0 |  .0 |  .0 ||  .0 |  .0 |  .0 |
|  .0312 |  .0563 |  .0512 ||  .0 |  .0 |  .0 ||  .0 |  .0 |  .0 |
|  .1727 |  .0472 |  .4701 ||  .0 |  .0 |  .0 ||  .0 |  .0 |  .0 |
|========+========+========||========+========+========||========+========+========|
|  .0 |  .0 |  .0 ||  .0 |  .0 |  .0 ||  .0 |  .0 |  .0 |
|  .0 |  .0 |  .0 ||  .0 |  .0 |  .0 ||  .0 |  .0 |  .0 |
|  .0 |  .0 |  .0 ||  .0 |  .0 |  .0 ||  .0 |  .0 |  .0 |
|========+========+========||========+========+========||========+========+========|
|  .0 |  .0 |  .0 ||  .0 |  .0 |  .0 ||  .0 |  .0 |  .0 |
|  .0 |  .0 |  .0 ||  .0 |  .0 |  .0 ||  .0 |  .0 |  .0 |
|  .0 |  .0 |  .0 ||  .0 |  .0 |  .0 ||  .0 |  .0 |  .0 |

, state=
|*-0. |*-0. |*-0. || -0. | -0. | -0. || -0. | -0. | -0. |
|*-0. |*-0. |*-0. ||  1. | -0. | -0. || -0. | -0. | -0. |
|*-0. |*-0. |*-0. || -0. | -0. | -0. || -0. | -0. | -0. |
|=====+=====+=====||=====+=====+=====||=====+=====+=====|
| -0. | -0. | -0. || -0. | -0. | -0. || -1. | -1. | -0. |
| -1. | -0. |  1. || -0. | -0. | -0. || -0. | -0. | -0. |
| -0. | -0. | -0. || -0. | -0. | -0. || -0. | -0. | -0. |
|=====+=====+=====||=====+=====+=====||=====+=====+=====|
| -0. | -0. | -0. || -0. | -0. | -0. || -0. | -0. | -0. |
| -0. | -0. | -0. || -0. | -0. | -0. || -0. | -0. | -0. |
| -0. | -0. | -0. || -0. | -0. | -0. || -0. | -0. | -0. |

, evalForThisState=-1.0, isPlayerOneTurnOriginally=false}, StateDatum{MCTSProbabilites=
|  .0 |  .0 |  .0 ||  .0 |  .0 |  .0 ||  .0 |  .0 |  .0 |
|  .0 |  .0 |  .0 ||  .0 |  .0 |  .0 ||  .0 |  .0 |  .0 |
|  .0 |  .0 |  .0 ||  .0 |  .0 |  .0 ||  .0 |  .0 |  .0 |
|========+========+========||========+========+========||========+========+========|
|  .0 |  .0 |  .0 ||  .0 |  .0 |  .0 ||  .0 |  .0 |  .0 |
|  .0 |  .0 |  .0 ||  .0 |  .0 |  .0 ||  .0 |  .0 |  .0 |
|  .0 |  .0 |  .0 ||  .0 |  .0 |  .0 ||  .0 |  .0 |  .0 |
|========+========+========||========+========+========||========+========+========|
|  .0 |  .0 |  .0 ||  .0 |  .0 |  .0 ||  .1205 |  .0622 |  .045 |
|  .0 |  .0 |  .0 ||  .0 |  .0 |  .0 ||  .0763 |  .1234 |  .1819 |
|  .0 |  .0 |  .0 ||  .0 |  .0 |  .0 ||  .1541 |  .0451 |  .1915 |

, state=
|  0. |  0. |  0. ||  0. |  0. |  0. ||  0. |  0. |  0. |
|  0. |  0. |  0. || -1. |  0. |  0. ||  0. |  0. |  0. |
|  0. |  0. | -1. ||  0. |  0. |  0. ||  0. |  0. |  0. |
|=====+=====+=====||=====+=====+=====||=====+=====+=====|
|  0. |  0. |  0. ||  0. |  0. |  0. ||  1. |  1. |  0. |
|  1. |  0. | -1. ||  0. |  0. |  0. ||  0. |  0. |  0. |
|  0. |  0. |  0. ||  0. |  0. |  0. ||  0. |  0. |  0. |
|=====+=====+=====||=====+=====+=====||=====+=====+=====|
|  0. |  0. |  0. ||  0. |  0. |  0. ||* 0. |* 0. |* 0. |
|  0. |  0. |  0. ||  0. |  0. |  0. ||* 0. |* 0. |* 0. |
|  0. |  0. |  0. ||  0. |  0. |  0. ||* 0. |* 0. |* 0. |

, evalForThisState=1.0, isPlayerOneTurnOriginally=true}, StateDatum{MCTSProbabilites=
|  .0 |  .0 |  .0 ||  .0 |  .0 |  .0 ||  .0 |  .0 |  .0 |
|  .0 |  .0 |  .0 ||  .0 |  .0 |  .0 ||  .0 |  .0 |  .0 |
|  .0 |  .0 |  .0 ||  .0 |  .0 |  .0 ||  .0 |  .0 |  .0 |
|========+========+========||========+========+========||========+========+========|
|  .0 |  .0 |  .0 ||  .0 |  .0 |  .0 ||  .0 |  .0 |  .0 |
|  .0 |  .0 |  .0 ||  .0 |  .0 |  .0 ||  .0 |  .0 |  .0 |
|  .0 |  .0 |  .0 ||  .0 |  .0 |  .0 ||  .0 |  .0 |  .0 |
|========+========+========||========+========+========||========+========+========|
|  .0 |  .0 |  .0 ||  .0 |  .0 |  .0 ||  .339 |  .0911 |  .0295 |
|  .0 |  .0 |  .0 ||  .0 |  .0 |  .0 ||  .2271 |  .0637 |  .1804 |
|  .0 |  .0 |  .0 ||  .0 |  .0 |  .0 ||  .0298 |  .0393 |  .0 |

, state=
| -0. | -0. | -0. || -0. | -0. | -0. || -0. | -0. | -0. |
| -0. | -0. | -0. ||  1. | -0. | -0. || -0. | -0. | -0. |
| -0. | -0. |  1. || -0. | -0. | -0. || -0. | -0. | -0. |
|=====+=====+=====||=====+=====+=====||=====+=====+=====|
| -0. | -0. | -0. || -0. | -0. | -0. || -1. | -1. | -0. |
| -1. | -0. |  1. || -0. | -0. | -0. || -0. | -0. | -0. |
| -0. | -0. | -0. || -0. | -0. | -0. || -0. | -0. | -0. |
|=====+=====+=====||=====+=====+=====||=====+=====+=====|
| -0. | -0. | -0. || -0. | -0. | -0. ||*-0. |*-0. |*-0. |
| -0. | -0. | -0. || -0. | -0. | -0. ||*-0. |*-0. |*-0. |
| -0. | -0. | -0. || -0. | -0. | -0. ||*-0. |*-0. |*-1. |

, evalForThisState=-1.0, isPlayerOneTurnOriginally=false}, StateDatum{MCTSProbabilites=
|  .0533 |  .0733 |  .2646 ||  .0 |  .0 |  .0 ||  .0 |  .0 |  .0 |
|  .1536 |  .0488 |  .1647 ||  .0 |  .0 |  .0 ||  .0 |  .0 |  .0 |
|  .06 |  .1817 |  .0 ||  .0 |  .0 |  .0 ||  .0 |  .0 |  .0 |
|========+========+========||========+========+========||========+========+========|
|  .0 |  .0 |  .0 ||  .0 |  .0 |  .0 ||  .0 |  .0 |  .0 |
|  .0 |  .0 |  .0 ||  .0 |  .0 |  .0 ||  .0 |  .0 |  .0 |
|  .0 |  .0 |  .0 ||  .0 |  .0 |  .0 ||  .0 |  .0 |  .0 |
|========+========+========||========+========+========||========+========+========|
|  .0 |  .0 |  .0 ||  .0 |  .0 |  .0 ||  .0 |  .0 |  .0 |
|  .0 |  .0 |  .0 ||  .0 |  .0 |  .0 ||  .0 |  .0 |  .0 |
|  .0 |  .0 |  .0 ||  .0 |  .0 |  .0 ||  .0 |  .0 |  .0 |

, state=
|* 0. |* 0. |* 0. ||  0. |  0. |  0. ||  0. |  0. |  0. |
|* 0. |* 0. |* 0. || -1. |  0. |  0. ||  0. |  0. |  0. |
|* 0. |* 0. |*-1. ||  0. |  0. |  0. ||  0. |  0. |  0. |
|=====+=====+=====||=====+=====+=====||=====+=====+=====|
|  0. |  0. |  0. ||  0. |  0. |  0. ||  1. |  1. |  0. |
|  1. |  0. | -1. ||  0. |  0. |  0. ||  0. |  0. |  0. |
|  0. |  0. |  0. ||  0. |  0. |  0. ||  0. |  0. |  0. |
|=====+=====+=====||=====+=====+=====||=====+=====+=====|
|  0. |  0. |  0. ||  0. |  0. |  0. || -1. |  0. |  0. |
|  0. |  0. |  0. ||  0. |  0. |  0. ||  0. |  0. |  0. |
|  0. |  0. |  0. ||  0. |  0. |  0. ||  0. |  0. |  1. |

, evalForThisState=1.0, isPlayerOneTurnOriginally=true}, StateDatum{MCTSProbabilites=
|  .0 |  .0 |  .0 ||  .0 |  .0 |  .0 ||  .2416 |  .2586 |  .0728 |
|  .0 |  .0 |  .0 ||  .0 |  .0 |  .0 ||  .03 |  .054 |  .1634 |
|  .0 |  .0 |  .0 ||  .0 |  .0 |  .0 ||  .0418 |  .0378 |  .0999 |
|========+========+========||========+========+========||========+========+========|
|  .0 |  .0 |  .0 ||  .0 |  .0 |  .0 ||  .0 |  .0 |  .0 |
|  .0 |  .0 |  .0 ||  .0 |  .0 |  .0 ||  .0 |  .0 |  .0 |
|  .0 |  .0 |  .0 ||  .0 |  .0 |  .0 ||  .0 |  .0 |  .0 |
|========+========+========||========+========+========||========+========+========|
|  .0 |  .0 |  .0 ||  .0 |  .0 |  .0 ||  .0 |  .0 |  .0 |
|  .0 |  .0 |  .0 ||  .0 |  .0 |  .0 ||  .0 |  .0 |  .0 |
|  .0 |  .0 |  .0 ||  .0 |  .0 |  .0 ||  .0 |  .0 |  .0 |

, state=
| -0. | -0. | -1. || -0. | -0. | -0. ||*-0. |*-0. |*-0. |
| -0. | -0. | -0. ||  1. | -0. | -0. ||*-0. |*-0. |*-0. |
| -0. | -0. |  1. || -0. | -0. | -0. ||*-0. |*-0. |*-0. |
|=====+=====+=====||=====+=====+=====||=====+=====+=====|
| -0. | -0. | -0. || -0. | -0. | -0. || -1. | -1. | -0. |
| -1. | -0. |  1. || -0. | -0. | -0. || -0. | -0. | -0. |
| -0. | -0. | -0. || -0. | -0. | -0. || -0. | -0. | -0. |
|=====+=====+=====||=====+=====+=====||=====+=====+=====|
| -0. | -0. | -0. || -0. | -0. | -0. ||  1. | -0. | -0. |
| -0. | -0. | -0. || -0. | -0. | -0. || -0. | -0. | -0. |
| -0. | -0. | -0. || -0. | -0. | -0. || -0. | -0. | -1. |

, evalForThisState=-1.0, isPlayerOneTurnOriginally=false}, StateDatum{MCTSProbabilites=
|  .0 |  .0 |  .0 ||  .0299 |  .0441 |  .2548 ||  .0 |  .0 |  .0 |
|  .0 |  .0 |  .0 ||  .0 |  .1119 |  .1356 ||  .0 |  .0 |  .0 |
|  .0 |  .0 |  .0 ||  .0949 |  .0923 |  .2367 ||  .0 |  .0 |  .0 |
|========+========+========||========+========+========||========+========+========|
|  .0 |  .0 |  .0 ||  .0 |  .0 |  .0 ||  .0 |  .0 |  .0 |
|  .0 |  .0 |  .0 ||  .0 |  .0 |  .0 ||  .0 |  .0 |  .0 |
|  .0 |  .0 |  .0 ||  .0 |  .0 |  .0 ||  .0 |  .0 |  .0 |
|========+========+========||========+========+========||========+========+========|
|  .0 |  .0 |  .0 ||  .0 |  .0 |  .0 ||  .0 |  .0 |  .0 |
|  .0 |  .0 |  .0 ||  .0 |  .0 |  .0 ||  .0 |  .0 |  .0 |
|  .0 |  .0 |  .0 ||  .0 |  .0 |  .0 ||  .0 |  .0 |  .0 |

, state=
|  0. |  0. |  1. ||* 0. |* 0. |* 0. ||  0. | -1. |  0. |
|  0. |  0. |  0. ||*-1. |* 0. |* 0. ||  0. |  0. |  0. |
|  0. |  0. | -1. ||* 0. |* 0. |* 0. ||  0. |  0. |  0. |
|=====+=====+=====||=====+=====+=====||=====+=====+=====|
|  0. |  0. |  0. ||  0. |  0. |  0. ||  1. |  1. |  0. |
|  1. |  0. | -1. ||  0. |  0. |  0. ||  0. |  0. |  0. |
|  0. |  0. |  0. ||  0. |  0. |  0. ||  0. |  0. |  0. |
|=====+=====+=====||=====+=====+=====||=====+=====+=====|
|  0. |  0. |  0. ||  0. |  0. |  0. || -1. |  0. |  0. |
|  0. |  0. |  0. ||  0. |  0. |  0. ||  0. |  0. |  0. |
|  0. |  0. |  0. ||  0. |  0. |  0. ||  0. |  0. |  1. |

, evalForThisState=1.0, isPlayerOneTurnOriginally=true}, StateDatum{MCTSProbabilites=
|  .0 |  .0 |  .0 ||  .0 |  .0 |  .0 ||  .1833 |  .0 |  .0508 |
|  .0 |  .0 |  .0 ||  .0 |  .0 |  .0 ||  .204 |  .1305 |  .0838 |
|  .0 |  .0 |  .0 ||  .0 |  .0 |  .0 ||  .0597 |  .0452 |  .2427 |
|========+========+========||========+========+========||========+========+========|
|  .0 |  .0 |  .0 ||  .0 |  .0 |  .0 ||  .0 |  .0 |  .0 |
|  .0 |  .0 |  .0 ||  .0 |  .0 |  .0 ||  .0 |  .0 |  .0 |
|  .0 |  .0 |  .0 ||  .0 |  .0 |  .0 ||  .0 |  .0 |  .0 |
|========+========+========||========+========+========||========+========+========|
|  .0 |  .0 |  .0 ||  .0 |  .0 |  .0 ||  .0 |  .0 |  .0 |
|  .0 |  .0 |  .0 ||  .0 |  .0 |  .0 ||  .0 |  .0 |  .0 |
|  .0 |  .0 |  .0 ||  .0 |  .0 |  .0 ||  .0 |  .0 |  .0 |

, state=
| -0. | -0. | -1. || -0. | -0. | -1. ||*-0. |* 1. |*-0. |
| -0. | -0. | -0. ||  1. | -0. | -0. ||*-0. |*-0. |*-0. |
| -0. | -0. |  1. || -0. | -0. | -0. ||*-0. |*-0. |*-0. |
|=====+=====+=====||=====+=====+=====||=====+=====+=====|
| -0. | -0. | -0. || -0. | -0. | -0. || -1. | -1. | -0. |
| -1. | -0. |  1. || -0. | -0. | -0. || -0. | -0. | -0. |
| -0. | -0. | -0. || -0. | -0. | -0. || -0. | -0. | -0. |
|=====+=====+=====||=====+=====+=====||=====+=====+=====|
| -0. | -0. | -0. || -0. | -0. | -0. ||  1. | -0. | -0. |
| -0. | -0. | -0. || -0. | -0. | -0. || -0. | -0. | -0. |
| -0. | -0. | -0. || -0. | -0. | -0. || -0. | -0. | -1. |

, evalForThisState=-1.0, isPlayerOneTurnOriginally=false}, StateDatum{MCTSProbabilites=
|  .0 |  .0 |  .0 ||  .0 |  .0 |  .0 ||  .0 |  .0 |  .0 |
|  .0 |  .0 |  .0 ||  .0 |  .0 |  .0 ||  .0 |  .0 |  .0 |
|  .0 |  .0 |  .0 ||  .0 |  .0 |  .0 ||  .0 |  .0 |  .0 |
|========+========+========||========+========+========||========+========+========|
|  .0 |  .0 |  .0 ||  .0 |  .0 |  .0 ||  .0 |  .0 |  .0 |
|  .0 |  .0 |  .0 ||  .0 |  .0 |  .0 ||  .0 |  .0 |  .0 |
|  .0 |  .0 |  .0 ||  .0 |  .0 |  .0 ||  .0 |  .0 |  .0 |
|========+========+========||========+========+========||========+========+========|
|  .0 |  .0 |  .0 ||  .0 |  .0 |  .0 ||  .0 |  .1264 |  .1851 |
|  .0 |  .0 |  .0 ||  .0 |  .0 |  .0 ||  .2681 |  .0261 |  .1031 |
|  .0 |  .0 |  .0 ||  .0 |  .0 |  .0 ||  .1797 |  .1116 |  .0 |

, state=
|  0. |  0. |  1. ||  0. |  0. |  1. ||  0. | -1. |  0. |
|  0. |  0. |  0. || -1. |  0. |  0. ||  0. |  0. |  0. |
|  0. |  0. | -1. ||  0. |  0. |  0. ||  0. |  0. | -1. |
|=====+=====+=====||=====+=====+=====||=====+=====+=====|
|  0. |  0. |  0. ||  0. |  0. |  0. ||  1. |  1. |  0. |
|  1. |  0. | -1. ||  0. |  0. |  0. ||  0. |  0. |  0. |
|  0. |  0. |  0. ||  0. |  0. |  0. ||  0. |  0. |  0. |
|=====+=====+=====||=====+=====+=====||=====+=====+=====|
|  0. |  0. |  0. ||  0. |  0. |  0. ||*-1. |* 0. |* 0. |
|  0. |  0. |  0. ||  0. |  0. |  0. ||* 0. |* 0. |* 0. |
|  0. |  0. |  0. ||  0. |  0. |  0. ||* 0. |* 0. |* 1. |

, evalForThisState=1.0, isPlayerOneTurnOriginally=true}, StateDatum{MCTSProbabilites=
|  .0 |  .0 |  .0 ||  .0 |  .0 |  .0 ||  .0 |  .0 |  .0 |
|  .0 |  .0 |  .0 ||  .0 |  .0 |  .0 ||  .0 |  .0 |  .0 |
|  .0 |  .0 |  .0 ||  .0 |  .0 |  .0 ||  .0 |  .0 |  .0 |
|========+========+========||========+========+========||========+========+========|
|  .0864 |  .272 |  .1226 ||  .0 |  .0 |  .0 ||  .0 |  .0 |  .0 |
|  .0 |  .0293 |  .0 ||  .0 |  .0 |  .0 ||  .0 |  .0 |  .0 |
|  .26 |  .0377 |  .1919 ||  .0 |  .0 |  .0 ||  .0 |  .0 |  .0 |
|========+========+========||========+========+========||========+========+========|
|  .0 |  .0 |  .0 ||  .0 |  .0 |  .0 ||  .0 |  .0 |  .0 |
|  .0 |  .0 |  .0 ||  .0 |  .0 |  .0 ||  .0 |  .0 |  .0 |
|  .0 |  .0 |  .0 ||  .0 |  .0 |  .0 ||  .0 |  .0 |  .0 |

, state=
| -0. | -0. | -1. || -0. | -0. | -1. || -0. |  1. | -0. |
| -0. | -0. | -0. ||  1. | -0. | -0. || -0. | -0. | -0. |
| -0. | -0. |  1. || -0. | -0. | -0. || -0. | -0. |  1. |
|=====+=====+=====||=====+=====+=====||=====+=====+=====|
|*-0. |*-0. |*-0. || -0. | -0. | -0. || -1. | -1. | -0. |
|*-1. |*-0. |* 1. || -0. | -0. | -0. || -0. | -0. | -0. |
|*-0. |*-0. |*-0. || -0. | -0. | -0. || -0. | -0. | -0. |
|=====+=====+=====||=====+=====+=====||=====+=====+=====|
| -0. | -0. | -0. || -0. | -0. | -0. ||  1. | -0. | -0. |
| -0. | -0. | -0. || -0. | -0. | -0. || -1. | -0. | -0. |
| -0. | -0. | -0. || -0. | -0. | -0. || -0. | -0. | -1. |

, evalForThisState=-1.0, isPlayerOneTurnOriginally=false}, StateDatum{MCTSProbabilites=
|  .0 |  .0 |  .0 ||  .1797 |  .1255 |  .0 ||  .0 |  .0 |  .0 |
|  .0 |  .0 |  .0 ||  .0 |  .1419 |  .1647 ||  .0 |  .0 |  .0 |
|  .0 |  .0 |  .0 ||  .2091 |  .0204 |  .1586 ||  .0 |  .0 |  .0 |
|========+========+========||========+========+========||========+========+========|
|  .0 |  .0 |  .0 ||  .0 |  .0 |  .0 ||  .0 |  .0 |  .0 |
|  .0 |  .0 |  .0 ||  .0 |  .0 |  .0 ||  .0 |  .0 |  .0 |
|  .0 |  .0 |  .0 ||  .0 |  .0 |  .0 ||  .0 |  .0 |  .0 |
|========+========+========||========+========+========||========+========+========|
|  .0 |  .0 |  .0 ||  .0 |  .0 |  .0 ||  .0 |  .0 |  .0 |
|  .0 |  .0 |  .0 ||  .0 |  .0 |  .0 ||  .0 |  .0 |  .0 |
|  .0 |  .0 |  .0 ||  .0 |  .0 |  .0 ||  .0 |  .0 |  .0 |

, state=
|  0. |  0. |  1. ||* 0. |* 0. |* 1. ||  0. | -1. |  0. |
|  0. |  0. |  0. ||*-1. |* 0. |* 0. ||  0. |  0. |  0. |
|  0. |  0. | -1. ||* 0. |* 0. |* 0. ||  0. |  0. | -1. |
|=====+=====+=====||=====+=====+=====||=====+=====+=====|
|  0. | -1. |  0. ||  0. |  0. |  0. ||  1. |  1. |  0. |
|  1. |  0. | -1. ||  0. |  0. |  0. ||  0. |  0. |  0. |
|  0. |  0. |  0. ||  0. |  0. |  0. ||  0. |  0. |  0. |
|=====+=====+=====||=====+=====+=====||=====+=====+=====|
|  0. |  0. |  0. ||  0. |  0. |  0. || -1. |  0. |  0. |
|  0. |  0. |  0. ||  0. |  0. |  0. ||  1. |  0. |  0. |
|  0. |  0. |  0. ||  0. |  0. |  0. ||  0. |  0. |  1. |

, evalForThisState=1.0, isPlayerOneTurnOriginally=true}, StateDatum{MCTSProbabilites=
|  .0 |  .0 |  .0 ||  .0 |  .0 |  .0 ||  .0 |  .0 |  .0 |
|  .0 |  .0 |  .0 ||  .0 |  .0 |  .0 ||  .0 |  .0 |  .0 |
|  .0 |  .0 |  .0 ||  .0 |  .0 |  .0 ||  .0 |  .0 |  .0 |
|========+========+========||========+========+========||========+========+========|
|  .0 |  .0 |  .0 ||  .0 |  .0 |  .0 ||  .0 |  .0 |  .0 |
|  .0 |  .0 |  .0 ||  .0 |  .0 |  .0 ||  .0 |  .0 |  .0 |
|  .0 |  .0 |  .0 ||  .0 |  .0 |  .0 ||  .0 |  .0 |  .0 |
|========+========+========||========+========+========||========+========+========|
|  .0959 |  .1897 |  .1809 ||  .0 |  .0 |  .0 ||  .0 |  .0 |  .0 |
|  .1666 |  .0395 |  .0545 ||  .0 |  .0 |  .0 ||  .0 |  .0 |  .0 |
|  .0454 |  .0531 |  .1744 ||  .0 |  .0 |  .0 ||  .0 |  .0 |  .0 |

, state=
| -0. | -0. | -1. || -0. | -0. | -1. || -0. |  1. | -0. |
| -0. | -0. | -0. ||  1. | -0. | -0. || -0. | -0. | -0. |
| -0. | -0. |  1. || -1. | -0. | -0. || -0. | -0. |  1. |
|=====+=====+=====||=====+=====+=====||=====+=====+=====|
| -0. |  1. | -0. || -0. | -0. | -0. || -1. | -1. | -0. |
| -1. | -0. |  1. || -0. | -0. | -0. || -0. | -0. | -0. |
| -0. | -0. | -0. || -0. | -0. | -0. || -0. | -0. | -0. |
|=====+=====+=====||=====+=====+=====||=====+=====+=====|
|*-0. |*-0. |*-0. || -0. | -0. | -0. ||  1. | -0. | -0. |
|*-0. |*-0. |*-0. || -0. | -0. | -0. || -1. | -0. | -0. |
|*-0. |*-0. |*-0. || -0. | -0. | -0. || -0. | -0. | -1. |

, evalForThisState=-1.0, isPlayerOneTurnOriginally=false}, StateDatum{MCTSProbabilites=
|  .0 |  .0 |  .0 ||  .1792 |  .2012 |  .0 ||  .0 |  .0 |  .0 |
|  .0 |  .0 |  .0 ||  .0 |  .2111 |  .0987 ||  .0 |  .0 |  .0 |
|  .0 |  .0 |  .0 ||  .0 |  .1667 |  .1432 ||  .0 |  .0 |  .0 |
|========+========+========||========+========+========||========+========+========|
|  .0 |  .0 |  .0 ||  .0 |  .0 |  .0 ||  .0 |  .0 |  .0 |
|  .0 |  .0 |  .0 ||  .0 |  .0 |  .0 ||  .0 |  .0 |  .0 |
|  .0 |  .0 |  .0 ||  .0 |  .0 |  .0 ||  .0 |  .0 |  .0 |
|========+========+========||========+========+========||========+========+========|
|  .0 |  .0 |  .0 ||  .0 |  .0 |  .0 ||  .0 |  .0 |  .0 |
|  .0 |  .0 |  .0 ||  .0 |  .0 |  .0 ||  .0 |  .0 |  .0 |
|  .0 |  .0 |  .0 ||  .0 |  .0 |  .0 ||  .0 |  .0 |  .0 |

, state=
|  0. |  0. |  1. ||* 0. |* 0. |* 1. ||  0. | -1. |  0. |
|  0. |  0. |  0. ||*-1. |* 0. |* 0. ||  0. |  0. |  0. |
|  0. |  0. | -1. ||* 1. |* 0. |* 0. ||  0. |  0. | -1. |
|=====+=====+=====||=====+=====+=====||=====+=====+=====|
|  0. | -1. |  0. ||  0. |  0. |  0. ||  1. |  1. |  0. |
|  1. |  0. | -1. ||  0. |  0. |  0. ||  0. |  0. |  0. |
|  0. |  0. |  0. ||  0. |  0. |  0. ||  0. |  0. |  0. |
|=====+=====+=====||=====+=====+=====||=====+=====+=====|
|  0. | -1. |  0. ||  0. |  0. |  0. || -1. |  0. |  0. |
|  0. |  0. |  0. ||  0. |  0. |  0. ||  1. |  0. |  0. |
|  0. |  0. |  0. ||  0. |  0. |  0. ||  0. |  0. |  1. |

, evalForThisState=1.0, isPlayerOneTurnOriginally=true}, StateDatum{MCTSProbabilites=
|  .0 |  .0 |  .0 ||  .0 |  .0 |  .0 ||  .0 |  .0 |  .0 |
|  .0 |  .0 |  .0 ||  .0 |  .0 |  .0 ||  .0 |  .0 |  .0 |
|  .0 |  .0 |  .0 ||  .0 |  .0 |  .0 ||  .0 |  .0 |  .0 |
|========+========+========||========+========+========||========+========+========|
|  .0 |  .0 |  .0 ||  .1002 |  .0824 |  .0311 ||  .0 |  .0 |  .0 |
|  .0 |  .0 |  .0 ||  .1253 |  .0325 |  .1485 ||  .0 |  .0 |  .0 |
|  .0 |  .0 |  .0 ||  .1882 |  .0895 |  .2023 ||  .0 |  .0 |  .0 |
|========+========+========||========+========+========||========+========+========|
|  .0 |  .0 |  .0 ||  .0 |  .0 |  .0 ||  .0 |  .0 |  .0 |
|  .0 |  .0 |  .0 ||  .0 |  .0 |  .0 ||  .0 |  .0 |  .0 |
|  .0 |  .0 |  .0 ||  .0 |  .0 |  .0 ||  .0 |  .0 |  .0 |

, state=
| -0. | -0. | -1. || -0. | -0. | -1. || -0. |  1. | -0. |
| -0. | -0. | -0. ||  1. | -1. | -0. || -0. | -0. | -0. |
| -0. | -0. |  1. || -1. | -0. | -0. || -0. | -0. |  1. |
|=====+=====+=====||=====+=====+=====||=====+=====+=====|
| -0. |  1. | -0. ||*-0. |*-0. |*-0. || -1. | -1. | -0. |
| -1. | -0. |  1. ||*-0. |*-0. |*-0. || -0. | -0. | -0. |
| -0. | -0. | -0. ||*-0. |*-0. |*-0. || -0. | -0. | -0. |
|=====+=====+=====||=====+=====+=====||=====+=====+=====|
| -0. |  1. | -0. || -0. | -0. | -0. ||  1. | -0. | -0. |
| -0. | -0. | -0. || -0. | -0. | -0. || -1. | -0. | -0. |
| -0. | -0. | -0. || -0. | -0. | -0. || -0. | -0. | -1. |

, evalForThisState=-1.0, isPlayerOneTurnOriginally=false}, StateDatum{MCTSProbabilites=
|  .0 |  .0 |  .0 ||  .0 |  .0 |  .0 ||  .0 |  .0 |  .0 |
|  .0 |  .0 |  .0 ||  .0 |  .0 |  .0 ||  .0 |  .0 |  .0 |
|  .0 |  .0 |  .0 ||  .0 |  .0 |  .0 ||  .0 |  .0 |  .0 |
|========+========+========||========+========+========||========+========+========|
|  .0 |  .0 |  .0 ||  .0 |  .0 |  .0 ||  .0 |  .0 |  .0 |
|  .0 |  .0 |  .0 ||  .0 |  .0 |  .0 ||  .0 |  .0 |  .0 |
|  .0 |  .0 |  .0 ||  .0 |  .0 |  .0 ||  .0 |  .0 |  .0 |
|========+========+========||========+========+========||========+========+========|
|  .0 |  .0 |  .0 ||  .0 |  .0 |  .0 ||  .0 |  .073 |  .2782 |
|  .0 |  .0 |  .0 ||  .0 |  .0 |  .0 ||  .0 |  .1876 |  .1319 |
|  .0 |  .0 |  .0 ||  .0 |  .0 |  .0 ||  .1976 |  .1316 |  .0 |

, state=
|  0. |  0. |  1. ||  0. |  0. |  1. ||  0. | -1. |  0. |
|  0. |  0. |  0. || -1. |  1. |  0. ||  0. |  0. |  0. |
|  0. |  0. | -1. ||  1. |  0. |  0. ||  0. |  0. | -1. |
|=====+=====+=====||=====+=====+=====||=====+=====+=====|
|  0. | -1. |  0. ||  0. |  0. |  0. ||  1. |  1. |  0. |
|  1. |  0. | -1. ||  0. |  0. |  0. ||  0. |  0. |  0. |
|  0. |  0. |  0. ||  0. |  0. | -1. ||  0. |  0. |  0. |
|=====+=====+=====||=====+=====+=====||=====+=====+=====|
|  0. | -1. |  0. ||  0. |  0. |  0. ||*-1. |* 0. |* 0. |
|  0. |  0. |  0. ||  0. |  0. |  0. ||* 1. |* 0. |* 0. |
|  0. |  0. |  0. ||  0. |  0. |  0. ||* 0. |* 0. |* 1. |

, evalForThisState=1.0, isPlayerOneTurnOriginally=true}, StateDatum{MCTSProbabilites=
|  .0 |  .0 |  .0 ||  .0 |  .0 |  .0 ||  .0953 |  .0 |  .1462 |
|  .0 |  .0 |  .0 ||  .0 |  .0 |  .0 ||  .195 |  .0613 |  .1855 |
|  .0 |  .0 |  .0 ||  .0 |  .0 |  .0 ||  .1766 |  .14 |  .0 |
|========+========+========||========+========+========||========+========+========|
|  .0 |  .0 |  .0 ||  .0 |  .0 |  .0 ||  .0 |  .0 |  .0 |
|  .0 |  .0 |  .0 ||  .0 |  .0 |  .0 ||  .0 |  .0 |  .0 |
|  .0 |  .0 |  .0 ||  .0 |  .0 |  .0 ||  .0 |  .0 |  .0 |
|========+========+========||========+========+========||========+========+========|
|  .0 |  .0 |  .0 ||  .0 |  .0 |  .0 ||  .0 |  .0 |  .0 |
|  .0 |  .0 |  .0 ||  .0 |  .0 |  .0 ||  .0 |  .0 |  .0 |
|  .0 |  .0 |  .0 ||  .0 |  .0 |  .0 ||  .0 |  .0 |  .0 |

, state=
| -0. | -0. | -1. || -0. | -0. | -1. ||*-0. |* 1. |*-0. |
| -0. | -0. | -0. ||  1. | -1. | -0. ||*-0. |*-0. |*-0. |
| -0. | -0. |  1. || -1. | -0. | -0. ||*-0. |*-0. |* 1. |
|=====+=====+=====||=====+=====+=====||=====+=====+=====|
| -0. |  1. | -0. || -0. | -0. | -0. || -1. | -1. | -0. |
| -1. | -0. |  1. || -0. | -0. | -0. || -0. | -0. | -0. |
| -0. | -0. | -0. || -0. | -0. |  1. || -0. | -0. | -0. |
|=====+=====+=====||=====+=====+=====||=====+=====+=====|
| -0. |  1. | -0. || -0. | -0. | -0. ||  1. | -0. | -1. |
| -0. | -0. | -0. || -0. | -0. | -0. || -1. | -0. | -0. |
| -0. | -0. | -0. || -0. | -0. | -0. || -0. | -0. | -1. |

, evalForThisState=-1.0, isPlayerOneTurnOriginally=false}, StateDatum{MCTSProbabilites=
|  .0 |  .0 |  .0 ||  .0 |  .0 |  .0 ||  .0 |  .0 |  .0 |
|  .0 |  .0 |  .0 ||  .0 |  .0 |  .0 ||  .0 |  .0 |  .0 |
|  .0 |  .0 |  .0 ||  .0 |  .0 |  .0 ||  .0 |  .0 |  .0 |
|========+========+========||========+========+========||========+========+========|
|  .1072 |  .0 |  .189 ||  .0 |  .0 |  .0 ||  .0 |  .0 |  .0 |
|  .0 |  .2679 |  .0 ||  .0 |  .0 |  .0 ||  .0 |  .0 |  .0 |
|  .1513 |  .1513 |  .1333 ||  .0 |  .0 |  .0 ||  .0 |  .0 |  .0 |
|========+========+========||========+========+========||========+========+========|
|  .0 |  .0 |  .0 ||  .0 |  .0 |  .0 ||  .0 |  .0 |  .0 |
|  .0 |  .0 |  .0 ||  .0 |  .0 |  .0 ||  .0 |  .0 |  .0 |
|  .0 |  .0 |  .0 ||  .0 |  .0 |  .0 ||  .0 |  .0 |  .0 |

, state=
|  0. |  0. |  1. ||  0. |  0. |  1. ||  0. | -1. |  0. |
|  0. |  0. |  0. || -1. |  1. |  0. || -1. |  0. |  0. |
|  0. |  0. | -1. ||  1. |  0. |  0. ||  0. |  0. | -1. |
|=====+=====+=====||=====+=====+=====||=====+=====+=====|
|* 0. |*-1. |* 0. ||  0. |  0. |  0. ||  1. |  1. |  0. |
|* 1. |* 0. |*-1. ||  0. |  0. |  0. ||  0. |  0. |  0. |
|* 0. |* 0. |* 0. ||  0. |  0. | -1. ||  0. |  0. |  0. |
|=====+=====+=====||=====+=====+=====||=====+=====+=====|
|  0. | -1. |  0. ||  0. |  0. |  0. || -1. |  0. |  1. |
|  0. |  0. |  0. ||  0. |  0. |  0. ||  1. |  0. |  0. |
|  0. |  0. |  0. ||  0. |  0. |  0. ||  0. |  0. |  1. |

, evalForThisState=1.0, isPlayerOneTurnOriginally=true}, StateDatum{MCTSProbabilites=
|  .0 |  .0 |  .0 ||  .0 |  .0 |  .0 ||  .0 |  .0 |  .0 |
|  .0 |  .0 |  .0 ||  .0 |  .0 |  .0 ||  .0 |  .0 |  .0 |
|  .0 |  .0 |  .0 ||  .0 |  .0 |  .0 ||  .0 |  .0 |  .0 |
|========+========+========||========+========+========||========+========+========|
|  .0 |  .0 |  .0 ||  .1403 |  .0659 |  .123 ||  .0 |  .0 |  .0 |
|  .0 |  .0 |  .0 ||  .1444 |  .148 |  .1221 ||  .0 |  .0 |  .0 |
|  .0 |  .0 |  .0 ||  .1627 |  .0936 |  .0 ||  .0 |  .0 |  .0 |
|========+========+========||========+========+========||========+========+========|
|  .0 |  .0 |  .0 ||  .0 |  .0 |  .0 ||  .0 |  .0 |  .0 |
|  .0 |  .0 |  .0 ||  .0 |  .0 |  .0 ||  .0 |  .0 |  .0 |
|  .0 |  .0 |  .0 ||  .0 |  .0 |  .0 ||  .0 |  .0 |  .0 |

, state=
| -0. | -0. | -1. || -0. | -0. | -1. || -0. |  1. | -0. |
| -0. | -0. | -0. ||  1. | -1. | -0. ||  1. | -0. | -0. |
| -0. | -0. |  1. || -1. | -0. | -0. || -0. | -0. |  1. |
|=====+=====+=====||=====+=====+=====||=====+=====+=====|
| -0. |  1. | -0. ||*-0. |*-0. |*-0. || -1. | -1. | -0. |
| -1. | -1. |  1. ||*-0. |*-0. |*-0. || -0. | -0. | -0. |
| -0. | -0. | -0. ||*-0. |*-0. |* 1. || -0. | -0. | -0. |
|=====+=====+=====||=====+=====+=====||=====+=====+=====|
| -0. |  1. | -0. || -0. | -0. | -0. ||  1. | -0. | -1. |
| -0. | -0. | -0. || -0. | -0. | -0. || -1. | -0. | -0. |
| -0. | -0. | -0. || -0. | -0. | -0. || -0. | -0. | -1. |

, evalForThisState=-1.0, isPlayerOneTurnOriginally=false}, StateDatum{MCTSProbabilites=
|  .0 |  .0 |  .0 ||  .0 |  .0 |  .0 ||  .0 |  .0 |  .0 |
|  .0 |  .0 |  .0 ||  .0 |  .0 |  .0 ||  .0 |  .0 |  .0 |
|  .0 |  .0 |  .0 ||  .0 |  .0 |  .0 ||  .0 |  .0 |  .0 |
|========+========+========||========+========+========||========+========+========|
|  .0 |  .0 |  .0 ||  .0 |  .0 |  .0 ||  .0 |  .0 |  .0 |
|  .0 |  .0 |  .0 ||  .0 |  .0 |  .0 ||  .0 |  .0 |  .0 |
|  .0 |  .0 |  .0 ||  .0 |  .0 |  .0 ||  .0 |  .0 |  .0 |
|========+========+========||========+========+========||========+========+========|
|  .079 |  .0 |  .0302 ||  .0 |  .0 |  .0 ||  .0 |  .0 |  .0 |
|  .1479 |  .2138 |  .1296 ||  .0 |  .0 |  .0 ||  .0 |  .0 |  .0 |
|  .1058 |  .1937 |  .1 ||  .0 |  .0 |  .0 ||  .0 |  .0 |  .0 |

, state=
|  0. |  0. |  1. ||  0. |  0. |  1. ||  0. | -1. |  0. |
|  0. |  0. |  0. || -1. |  1. |  0. || -1. |  0. |  0. |
|  0. |  0. | -1. ||  1. |  0. |  0. ||  0. |  0. | -1. |
|=====+=====+=====||=====+=====+=====||=====+=====+=====|
|  0. | -1. |  0. ||  0. |  0. |  0. ||  1. |  1. |  0. |
|  1. |  1. | -1. ||  0. |  0. |  0. ||  0. |  0. |  0. |
|  0. |  0. |  0. || -1. |  0. | -1. ||  0. |  0. |  0. |
|=====+=====+=====||=====+=====+=====||=====+=====+=====|
|* 0. |*-1. |* 0. ||  0. |  0. |  0. || -1. |  0. |  1. |
|* 0. |* 0. |* 0. ||  0. |  0. |  0. ||  1. |  0. |  0. |
|* 0. |* 0. |* 0. ||  0. |  0. |  0. ||  0. |  0. |  1. |

, evalForThisState=1.0, isPlayerOneTurnOriginally=true}, StateDatum{MCTSProbabilites=
|  .0 |  .0 |  .0 ||  .0 |  .0 |  .0 ||  .0 |  .0 |  .0 |
|  .0 |  .0 |  .0 ||  .0 |  .0 |  .0 ||  .0 |  .0 |  .0 |
|  .0 |  .0 |  .0 ||  .0 |  .0 |  .0 ||  .0 |  .0 |  .0 |
|========+========+========||========+========+========||========+========+========|
|  .0 |  .0 |  .0 ||  .1705 |  .0697 |  .139 ||  .0 |  .0 |  .0 |
|  .0 |  .0 |  .0 ||  .1194 |  .1669 |  .1625 ||  .0 |  .0 |  .0 |
|  .0 |  .0 |  .0 ||  .0 |  .172 |  .0 ||  .0 |  .0 |  .0 |
|========+========+========||========+========+========||========+========+========|
|  .0 |  .0 |  .0 ||  .0 |  .0 |  .0 ||  .0 |  .0 |  .0 |
|  .0 |  .0 |  .0 ||  .0 |  .0 |  .0 ||  .0 |  .0 |  .0 |
|  .0 |  .0 |  .0 ||  .0 |  .0 |  .0 ||  .0 |  .0 |  .0 |

, state=
| -0. | -0. | -1. || -0. | -0. | -1. || -0. |  1. | -0. |
| -0. | -0. | -0. ||  1. | -1. | -0. ||  1. | -0. | -0. |
| -0. | -0. |  1. || -1. | -0. | -0. || -0. | -0. |  1. |
|=====+=====+=====||=====+=====+=====||=====+=====+=====|
| -0. |  1. | -0. ||*-0. |*-0. |*-0. || -1. | -1. | -0. |
| -1. | -1. |  1. ||*-0. |*-0. |*-0. || -0. | -0. | -0. |
| -0. | -0. | -0. ||* 1. |*-0. |* 1. || -0. | -0. | -0. |
|=====+=====+=====||=====+=====+=====||=====+=====+=====|
| -0. |  1. | -0. || -0. | -0. | -0. ||  1. | -0. | -1. |
| -0. | -1. | -0. || -0. | -0. | -0. || -1. | -0. | -0. |
| -0. | -0. | -0. || -0. | -0. | -0. || -0. | -0. | -1. |

, evalForThisState=-1.0, isPlayerOneTurnOriginally=false}, StateDatum{MCTSProbabilites=
|  .0 |  .0 |  .0 ||  .0 |  .0 |  .0 ||  .0 |  .0 |  .0 |
|  .0 |  .0 |  .0 ||  .0 |  .0 |  .0 ||  .0 |  .0 |  .0 |
|  .0 |  .0 |  .0 ||  .0 |  .0 |  .0 ||  .0 |  .0 |  .0 |
|========+========+========||========+========+========||========+========+========|
|  .0 |  .0 |  .0 ||  .0 |  .0 |  .0 ||  .0 |  .0 |  .0 |
|  .0 |  .0 |  .0 ||  .0 |  .0 |  .0 ||  .0 |  .0 |  .0 |
|  .0 |  .0 |  .0 ||  .0 |  .0 |  .0 ||  .0 |  .0 |  .0 |
|========+========+========||========+========+========||========+========+========|
|  .0 |  .0 |  .0 ||  .0791 |  .0752 |  .1844 ||  .0 |  .0 |  .0 |
|  .0 |  .0 |  .0 ||  .134 |  .063 |  .1523 ||  .0 |  .0 |  .0 |
|  .0 |  .0 |  .0 ||  .1672 |  .0749 |  .0699 ||  .0 |  .0 |  .0 |

, state=
|  0. |  0. |  1. ||  0. |  0. |  1. ||  0. | -1. |  0. |
|  0. |  0. |  0. || -1. |  1. |  0. || -1. |  0. |  0. |
|  0. |  0. | -1. ||  1. |  0. |  0. ||  0. |  0. | -1. |
|=====+=====+=====||=====+=====+=====||=====+=====+=====|
|  0. | -1. |  0. ||  0. |  0. |  0. ||  1. |  1. |  0. |
|  1. |  1. | -1. ||  0. |  0. |  0. ||  0. |  0. |  0. |
|  0. |  0. |  0. || -1. | -1. | -1. ||  0. |  0. |  0. |
|=====+=====+=====||=====+=====+=====||=====+=====+=====|
|  0. | -1. |  0. ||* 0. |* 0. |* 0. || -1. |  0. |  1. |
|  0. |  1. |  0. ||* 0. |* 0. |* 0. ||  1. |  0. |  0. |
|  0. |  0. |  0. ||* 0. |* 0. |* 0. ||  0. |  0. |  1. |

, evalForThisState=1.0, isPlayerOneTurnOriginally=true}, StateDatum{MCTSProbabilites=
|  .0 |  .0 |  .0 ||  .0 |  .0 |  .0 ||  .1088 |  .0 |  .2153 |
|  .0 |  .0 |  .0 ||  .0 |  .0 |  .0 ||  .0 |  .2044 |  .184 |
|  .0 |  .0 |  .0 ||  .0 |  .0 |  .0 ||  .1659 |  .1215 |  .0 |
|========+========+========||========+========+========||========+========+========|
|  .0 |  .0 |  .0 ||  .0 |  .0 |  .0 ||  .0 |  .0 |  .0 |
|  .0 |  .0 |  .0 ||  .0 |  .0 |  .0 ||  .0 |  .0 |  .0 |
|  .0 |  .0 |  .0 ||  .0 |  .0 |  .0 ||  .0 |  .0 |  .0 |
|========+========+========||========+========+========||========+========+========|
|  .0 |  .0 |  .0 ||  .0 |  .0 |  .0 ||  .0 |  .0 |  .0 |
|  .0 |  .0 |  .0 ||  .0 |  .0 |  .0 ||  .0 |  .0 |  .0 |
|  .0 |  .0 |  .0 ||  .0 |  .0 |  .0 ||  .0 |  .0 |  .0 |

, state=
| -0. | -0. | -1. || -0. | -0. | -1. ||*-0. |* 1. |*-0. |
| -0. | -0. | -0. ||  1. | -1. | -0. ||* 1. |*-0. |*-0. |
| -0. | -0. |  1. || -1. | -0. | -0. ||*-0. |*-0. |* 1. |
|=====+=====+=====||=====+=====+=====||=====+=====+=====|
| -0. |  1. | -0. || -0. | -0. | -0. || -1. | -1. | -0. |
| -1. | -1. |  1. || -0. | -0. | -0. || -0. | -0. | -0. |
| -0. | -0. | -0. ||  1. |  1. |  1. || -0. | -0. | -0. |
|=====+=====+=====||=====+=====+=====||=====+=====+=====|
| -0. |  1. | -0. || -0. | -0. | -1. ||  1. | -0. | -1. |
| -0. | -1. | -0. || -0. | -0. | -0. || -1. | -0. | -0. |
| -0. | -0. | -0. || -0. | -0. | -0. || -0. | -0. | -1. |

, evalForThisState=-1.0, isPlayerOneTurnOriginally=false}, StateDatum{MCTSProbabilites=
|  .0 |  .0 |  .0 ||  .0 |  .0 |  .0 ||  .2519 |  .0 |  .0 |
|  .0 |  .0 |  .0 ||  .0 |  .0 |  .0 ||  .0 |  .0872 |  .2878 |
|  .0 |  .0 |  .0 ||  .0 |  .0 |  .0 ||  .2359 |  .1372 |  .0 |
|========+========+========||========+========+========||========+========+========|
|  .0 |  .0 |  .0 ||  .0 |  .0 |  .0 ||  .0 |  .0 |  .0 |
|  .0 |  .0 |  .0 ||  .0 |  .0 |  .0 ||  .0 |  .0 |  .0 |
|  .0 |  .0 |  .0 ||  .0 |  .0 |  .0 ||  .0 |  .0 |  .0 |
|========+========+========||========+========+========||========+========+========|
|  .0 |  .0 |  .0 ||  .0 |  .0 |  .0 ||  .0 |  .0 |  .0 |
|  .0 |  .0 |  .0 ||  .0 |  .0 |  .0 ||  .0 |  .0 |  .0 |
|  .0 |  .0 |  .0 ||  .0 |  .0 |  .0 ||  .0 |  .0 |  .0 |

, state=
|  0. |  0. |  1. ||  0. |  0. |  1. ||* 0. |*-1. |*-1. |
|  0. |  0. |  0. || -1. |  1. |  0. ||*-1. |* 0. |* 0. |
|  0. |  0. | -1. ||  1. |  0. |  0. ||* 0. |* 0. |*-1. |
|=====+=====+=====||=====+=====+=====||=====+=====+=====|
|  0. | -1. |  0. ||  0. |  0. |  0. ||  1. |  1. |  0. |
|  1. |  1. | -1. ||  0. |  0. |  0. ||  0. |  0. |  0. |
|  0. |  0. |  0. || -1. | -1. | -1. ||  0. |  0. |  0. |
|=====+=====+=====||=====+=====+=====||=====+=====+=====|
|  0. | -1. |  0. ||  0. |  0. |  1. || -1. |  0. |  1. |
|  0. |  1. |  0. ||  0. |  0. |  0. ||  1. |  0. |  0. |
|  0. |  0. |  0. ||  0. |  0. |  0. ||  0. |  0. |  1. |

, evalForThisState=1.0, isPlayerOneTurnOriginally=true}, StateDatum{MCTSProbabilites=
|  .0 |  .0 |  .0 ||  .0 |  .0 |  .0 ||  .0 |  .0 |  .0 |
|  .0 |  .0 |  .0 ||  .0 |  .0 |  .0 ||  .0 |  .0 |  .0 |
|  .0 |  .0 |  .0 ||  .0 |  .0 |  .0 ||  .0 |  .0 |  .0 |
|========+========+========||========+========+========||========+========+========|
|  .0 |  .0 |  .0 ||  .0 |  .0 |  .0 ||  .0 |  .0 |  .1353 |
|  .0 |  .0 |  .0 ||  .0 |  .0 |  .0 ||  .0918 |  .0859 |  .1466 |
|  .0 |  .0 |  .0 ||  .0 |  .0 |  .0 ||  .1644 |  .1972 |  .1788 |
|========+========+========||========+========+========||========+========+========|
|  .0 |  .0 |  .0 ||  .0 |  .0 |  .0 ||  .0 |  .0 |  .0 |
|  .0 |  .0 |  .0 ||  .0 |  .0 |  .0 ||  .0 |  .0 |  .0 |
|  .0 |  .0 |  .0 ||  .0 |  .0 |  .0 ||  .0 |  .0 |  .0 |

, state=
| -0. | -0. | -1. || -0. | -0. | -1. || -0. |  1. |  1. |
| -0. | -0. | -0. ||  1. | -1. | -0. ||  1. | -0. | -1. |
| -0. | -0. |  1. || -1. | -0. | -0. || -0. | -0. |  1. |
|=====+=====+=====||=====+=====+=====||=====+=====+=====|
| -0. |  1. | -0. || -0. | -0. | -0. ||*-1. |*-1. |*-0. |
| -1. | -1. |  1. || -0. | -0. | -0. ||*-0. |*-0. |*-0. |
| -0. | -0. | -0. ||  1. |  1. |  1. ||*-0. |*-0. |*-0. |
|=====+=====+=====||=====+=====+=====||=====+=====+=====|
| -0. |  1. | -0. || -0. | -0. | -1. ||  1. | -0. | -1. |
| -0. | -1. | -0. || -0. | -0. | -0. || -1. | -0. | -0. |
| -0. | -0. | -0. || -0. | -0. | -0. || -0. | -0. | -1. |

, evalForThisState=-1.0, isPlayerOneTurnOriginally=false}, StateDatum{MCTSProbabilites=
|  .0 |  .0 |  .0 ||  .0 |  .0 |  .0 ||  .0 |  .0 |  .0 |
|  .0 |  .0 |  .0 ||  .0 |  .0 |  .0 ||  .0 |  .0 |  .0 |
|  .0 |  .0 |  .0 ||  .0 |  .0 |  .0 ||  .0 |  .0 |  .0 |
|========+========+========||========+========+========||========+========+========|
|  .0 |  .0 |  .0 ||  .0 |  .0 |  .0 ||  .0 |  .0 |  .0 |
|  .0 |  .0 |  .0 ||  .0 |  .0 |  .0 ||  .0 |  .0 |  .0 |
|  .0 |  .0 |  .0 ||  .0 |  .0 |  .0 ||  .0 |  .0 |  .0 |
|========+========+========||========+========+========||========+========+========|
|  .0 |  .0 |  .0 ||  .1027 |  .0749 |  .0 ||  .0 |  .0 |  .0 |
|  .0 |  .0 |  .0 ||  .1585 |  .047 |  .2198 ||  .0 |  .0 |  .0 |
|  .0 |  .0 |  .0 ||  .1324 |  .1682 |  .0965 ||  .0 |  .0 |  .0 |

, state=
|  0. |  0. |  1. ||  0. |  0. |  1. ||  0. | -1. | -1. |
|  0. |  0. |  0. || -1. |  1. |  0. || -1. |  0. |  1. |
|  0. |  0. | -1. ||  1. |  0. |  0. ||  0. |  0. | -1. |
|=====+=====+=====||=====+=====+=====||=====+=====+=====|
|  0. | -1. |  0. ||  0. |  0. |  0. ||  1. |  1. |  0. |
|  1. |  1. | -1. ||  0. |  0. |  0. ||  0. |  0. |  0. |
|  0. |  0. |  0. || -1. | -1. | -1. ||  0. | -1. |  0. |
|=====+=====+=====||=====+=====+=====||=====+=====+=====|
|  0. | -1. |  0. ||* 0. |* 0. |* 1. || -1. |  0. |  1. |
|  0. |  1. |  0. ||* 0. |* 0. |* 0. ||  1. |  0. |  0. |
|  0. |  0. |  0. ||* 0. |* 0. |* 0. ||  0. |  0. |  1. |

, evalForThisState=1.0, isPlayerOneTurnOriginally=true}, StateDatum{MCTSProbabilites=
|  .0 |  .0 |  .0 ||  .0 |  .0 |  .0 ||  .0 |  .0 |  .0 |
|  .0 |  .0 |  .0 ||  .0 |  .0 |  .0 ||  .0 |  .0 |  .0 |
|  .0 |  .0 |  .0 ||  .0 |  .0 |  .0 ||  .0 |  .0 |  .0 |
|========+========+========||========+========+========||========+========+========|
|  .0 |  .0 |  .0 ||  .0 |  .0 |  .0 ||  .0 |  .0 |  .1794 |
|  .0 |  .0 |  .0 ||  .0 |  .0 |  .0 ||  .1882 |  .1717 |  .1535 |
|  .0 |  .0 |  .0 ||  .0 |  .0 |  .0 ||  .1835 |  .0 |  .1238 |
|========+========+========||========+========+========||========+========+========|
|  .0 |  .0 |  .0 ||  .0 |  .0 |  .0 ||  .0 |  .0 |  .0 |
|  .0 |  .0 |  .0 ||  .0 |  .0 |  .0 ||  .0 |  .0 |  .0 |
|  .0 |  .0 |  .0 ||  .0 |  .0 |  .0 ||  .0 |  .0 |  .0 |

, state=
| -0. | -0. | -1. || -0. | -0. | -1. || -0. |  1. |  1. |
| -0. | -0. | -0. ||  1. | -1. | -0. ||  1. | -0. | -1. |
| -0. | -0. |  1. || -1. | -0. | -0. || -0. | -0. |  1. |
|=====+=====+=====||=====+=====+=====||=====+=====+=====|
| -0. |  1. | -0. || -0. | -0. | -0. ||*-1. |*-1. |*-0. |
| -1. | -1. |  1. || -0. | -0. | -0. ||*-0. |*-0. |*-0. |
| -0. | -0. | -0. ||  1. |  1. |  1. ||*-0. |* 1. |*-0. |
|=====+=====+=====||=====+=====+=====||=====+=====+=====|
| -0. |  1. | -0. || -0. | -0. | -1. ||  1. | -0. | -1. |
| -0. | -1. | -0. || -0. | -0. | -1. || -1. | -0. | -0. |
| -0. | -0. | -0. || -0. | -0. | -0. || -0. | -0. | -1. |

, evalForThisState=-1.0, isPlayerOneTurnOriginally=false}, StateDatum{MCTSProbabilites=
|  .0 |  .0 |  .0 ||  .0 |  .0 |  .0 ||  .0 |  .0 |  .0 |
|  .0 |  .0 |  .0 ||  .0 |  .0 |  .0 ||  .0 |  .0 |  .0 |
|  .0 |  .0 |  .0 ||  .0 |  .0 |  .0 ||  .0 |  .0 |  .0 |
|========+========+========||========+========+========||========+========+========|
|  .207 |  .0 |  .2049 ||  .0 |  .0 |  .0 ||  .0 |  .0 |  .0 |
|  .0 |  .0 |  .0 ||  .0 |  .0 |  .0 ||  .0 |  .0 |  .0 |
|  .0956 |  .2468 |  .2457 ||  .0 |  .0 |  .0 ||  .0 |  .0 |  .0 |
|========+========+========||========+========+========||========+========+========|
|  .0 |  .0 |  .0 ||  .0 |  .0 |  .0 ||  .0 |  .0 |  .0 |
|  .0 |  .0 |  .0 ||  .0 |  .0 |  .0 ||  .0 |  .0 |  .0 |
|  .0 |  .0 |  .0 ||  .0 |  .0 |  .0 ||  .0 |  .0 |  .0 |

, state=
|  0. |  0. |  1. ||  0. |  0. |  1. ||  0. | -1. | -1. |
|  0. |  0. |  0. || -1. |  1. |  0. || -1. |  0. |  1. |
|  0. |  0. | -1. ||  1. |  0. |  0. ||  0. |  0. | -1. |
|=====+=====+=====||=====+=====+=====||=====+=====+=====|
|* 0. |*-1. |* 0. ||  0. |  0. |  0. ||  1. |  1. |  0. |
|* 1. |* 1. |*-1. ||  0. |  0. |  0. || -1. |  0. |  0. |
|* 0. |* 0. |* 0. || -1. | -1. | -1. ||  0. | -1. |  0. |
|=====+=====+=====||=====+=====+=====||=====+=====+=====|
|  0. | -1. |  0. ||  0. |  0. |  1. || -1. |  0. |  1. |
|  0. |  1. |  0. ||  0. |  0. |  1. ||  1. |  0. |  0. |
|  0. |  0. |  0. ||  0. |  0. |  0. ||  0. |  0. |  1. |

, evalForThisState=1.0, isPlayerOneTurnOriginally=true}, StateDatum{MCTSProbabilites=
|  .0 |  .0 |  .0 ||  .0 |  .0 |  .0 ||  .0 |  .0 |  .0 |
|  .0 |  .0 |  .0 ||  .0 |  .0 |  .0 ||  .0 |  .0 |  .0 |
|  .0 |  .0 |  .0 ||  .0 |  .0 |  .0 ||  .0 |  .0 |  .0 |
|========+========+========||========+========+========||========+========+========|
|  .0 |  .0 |  .0 ||  .0 |  .0 |  .0 ||  .0 |  .0 |  .0 |
|  .0 |  .0 |  .0 ||  .0 |  .0 |  .0 ||  .0 |  .0 |  .0 |
|  .0 |  .0 |  .0 ||  .0 |  .0 |  .0 ||  .0 |  .0 |  .0 |
|========+========+========||========+========+========||========+========+========|
|  .0 |  .0 |  .0 ||  .1298 |  .0926 |  .0 ||  .0 |  .0 |  .0 |
|  .0 |  .0 |  .0 ||  .1995 |  .1095 |  .0 ||  .0 |  .0 |  .0 |
|  .0 |  .0 |  .0 ||  .1398 |  .142 |  .1868 ||  .0 |  .0 |  .0 |

, state=
| -0. | -0. | -1. || -0. | -0. | -1. || -0. |  1. |  1. |
| -0. | -0. | -0. ||  1. | -1. | -0. ||  1. | -0. | -1. |
| -0. | -0. |  1. || -1. | -0. | -0. || -0. | -0. |  1. |
|=====+=====+=====||=====+=====+=====||=====+=====+=====|
| -0. |  1. | -0. || -0. | -0. | -0. || -1. | -1. | -0. |
| -1. | -1. |  1. || -0. | -0. | -0. ||  1. | -0. | -0. |
| -0. | -1. | -0. ||  1. |  1. |  1. || -0. |  1. | -0. |
|=====+=====+=====||=====+=====+=====||=====+=====+=====|
| -0. |  1. | -0. ||*-0. |*-0. |*-1. ||  1. | -0. | -1. |
| -0. | -1. | -0. ||*-0. |*-0. |*-1. || -1. | -0. | -0. |
| -0. | -0. | -0. ||*-0. |*-0. |*-0. || -0. | -0. | -1. |

, evalForThisState=-1.0, isPlayerOneTurnOriginally=false}, StateDatum{MCTSProbabilites=
|  .0 |  .0 |  .0 ||  .0 |  .0 |  .0 ||  .0 |  .0 |  .0 |
|  .0 |  .0 |  .0 ||  .0 |  .0 |  .0 ||  .0 |  .0 |  .0 |
|  .0 |  .0 |  .0 ||  .0 |  .0 |  .0 ||  .0 |  .0 |  .0 |
|========+========+========||========+========+========||========+========+========|
|  .2074 |  .0 |  .2754 ||  .0 |  .0 |  .0 ||  .0 |  .0 |  .0 |
|  .0 |  .0 |  .0 ||  .0 |  .0 |  .0 ||  .0 |  .0 |  .0 |
|  .2927 |  .0 |  .2245 ||  .0 |  .0 |  .0 ||  .0 |  .0 |  .0 |
|========+========+========||========+========+========||========+========+========|
|  .0 |  .0 |  .0 ||  .0 |  .0 |  .0 ||  .0 |  .0 |  .0 |
|  .0 |  .0 |  .0 ||  .0 |  .0 |  .0 ||  .0 |  .0 |  .0 |
|  .0 |  .0 |  .0 ||  .0 |  .0 |  .0 ||  .0 |  .0 |  .0 |

, state=
|  0. |  0. |  1. ||  0. |  0. |  1. ||  0. | -1. | -1. |
|  0. |  0. |  0. || -1. |  1. |  0. || -1. |  0. |  1. |
|  0. |  0. | -1. ||  1. |  0. |  0. ||  0. |  0. | -1. |
|=====+=====+=====||=====+=====+=====||=====+=====+=====|
|* 0. |*-1. |* 0. ||  0. |  0. |  0. ||  1. |  1. |  0. |
|* 1. |* 1. |*-1. ||  0. |  0. |  0. || -1. |  0. |  0. |
|* 0. |* 1. |* 0. || -1. | -1. | -1. ||  0. | -1. |  0. |
|=====+=====+=====||=====+=====+=====||=====+=====+=====|
|  0. | -1. |  0. ||  0. |  0. |  1. || -1. |  0. |  1. |
|  0. |  1. |  0. || -1. |  0. |  1. ||  1. |  0. |  0. |
|  0. |  0. |  0. ||  0. |  0. |  0. ||  0. |  0. |  1. |

, evalForThisState=1.0, isPlayerOneTurnOriginally=true}, StateDatum{MCTSProbabilites=
|  .0 |  .0 |  .0 ||  .0 |  .0 |  .0 ||  .0 |  .0 |  .0 |
|  .0 |  .0 |  .0 ||  .0 |  .0 |  .0 ||  .0 |  .0 |  .0 |
|  .0 |  .0 |  .0 ||  .0 |  .0 |  .0 ||  .0 |  .0 |  .0 |
|========+========+========||========+========+========||========+========+========|
|  .0 |  .0 |  .0 ||  .0 |  .0 |  .0 ||  .0 |  .0 |  .0 |
|  .0 |  .0 |  .0 ||  .0 |  .0 |  .0 ||  .0 |  .0 |  .0 |
|  .0 |  .0 |  .0 ||  .0 |  .0 |  .0 ||  .0 |  .0 |  .0 |
|========+========+========||========+========+========||========+========+========|
|  .1663 |  .0 |  .1439 ||  .0 |  .0 |  .0 ||  .0 |  .0 |  .0 |
|  .1813 |  .0 |  .1129 ||  .0 |  .0 |  .0 ||  .0 |  .0 |  .0 |
|  .1251 |  .1757 |  .0947 ||  .0 |  .0 |  .0 ||  .0 |  .0 |  .0 |

, state=
| -0. | -0. | -1. || -0. | -0. | -1. || -0. |  1. |  1. |
| -0. | -0. | -0. ||  1. | -1. | -0. ||  1. | -0. | -1. |
| -0. | -0. |  1. || -1. | -0. | -0. || -0. | -0. |  1. |
|=====+=====+=====||=====+=====+=====||=====+=====+=====|
| -0. |  1. | -0. || -0. | -0. | -0. || -1. | -1. | -0. |
| -1. | -1. |  1. || -0. | -0. | -0. ||  1. | -0. | -0. |
| -1. | -1. | -0. ||  1. |  1. |  1. || -0. |  1. | -0. |
|=====+=====+=====||=====+=====+=====||=====+=====+=====|
|*-0. |* 1. |*-0. || -0. | -0. | -1. ||  1. | -0. | -1. |
|*-0. |*-1. |*-0. ||  1. | -0. | -1. || -1. | -0. | -0. |
|*-0. |*-0. |*-0. || -0. | -0. | -0. || -0. | -0. | -1. |

, evalForThisState=-1.0, isPlayerOneTurnOriginally=false}, StateDatum{MCTSProbabilites=
|  .0 |  .0 |  .0 ||  .0 |  .0 |  .0 ||  .0 |  .0 |  .0 |
|  .0 |  .0 |  .0 ||  .0 |  .0 |  .0 ||  .0 |  .0 |  .0 |
|  .0 |  .0 |  .0 ||  .0 |  .0 |  .0 ||  .0 |  .0 |  .0 |
|========+========+========||========+========+========||========+========+========|
|  .2173 |  .0 |  .3992 ||  .0 |  .0 |  .0 ||  .0 |  .0 |  .0 |
|  .0 |  .0 |  .0 ||  .0 |  .0 |  .0 ||  .0 |  .0 |  .0 |
|  .0 |  .0 |  .3835 ||  .0 |  .0 |  .0 ||  .0 |  .0 |  .0 |
|========+========+========||========+========+========||========+========+========|
|  .0 |  .0 |  .0 ||  .0 |  .0 |  .0 ||  .0 |  .0 |  .0 |
|  .0 |  .0 |  .0 ||  .0 |  .0 |  .0 ||  .0 |  .0 |  .0 |
|  .0 |  .0 |  .0 ||  .0 |  .0 |  .0 ||  .0 |  .0 |  .0 |

, state=
|  0. |  0. |  1. ||  0. |  0. |  1. ||  0. | -1. | -1. |
|  0. |  0. |  0. || -1. |  1. |  0. || -1. |  0. |  1. |
|  0. |  0. | -1. ||  1. |  0. |  0. ||  0. |  0. | -1. |
|=====+=====+=====||=====+=====+=====||=====+=====+=====|
|* 0. |*-1. |* 0. ||  0. |  0. |  0. ||  1. |  1. |  0. |
|* 1. |* 1. |*-1. ||  0. |  0. |  0. || -1. |  0. |  0. |
|* 1. |* 1. |* 0. || -1. | -1. | -1. ||  0. | -1. |  0. |
|=====+=====+=====||=====+=====+=====||=====+=====+=====|
|  0. | -1. |  0. ||  0. |  0. |  1. || -1. |  0. |  1. |
| -1. |  1. |  0. || -1. |  0. |  1. ||  1. |  0. |  0. |
|  0. |  0. |  0. ||  0. |  0. |  0. ||  0. |  0. |  1. |

, evalForThisState=1.0, isPlayerOneTurnOriginally=true}, StateDatum{MCTSProbabilites=
|  .0 |  .0 |  .0 ||  .0 |  .0 |  .0 ||  .2497 |  .0 |  .0 |
|  .0 |  .0 |  .0 ||  .0 |  .0 |  .0 ||  .0 |  .2268 |  .0 |
|  .0 |  .0 |  .0 ||  .0 |  .0 |  .0 ||  .3344 |  .189 |  .0 |
|========+========+========||========+========+========||========+========+========|
|  .0 |  .0 |  .0 ||  .0 |  .0 |  .0 ||  .0 |  .0 |  .0 |
|  .0 |  .0 |  .0 ||  .0 |  .0 |  .0 ||  .0 |  .0 |  .0 |
|  .0 |  .0 |  .0 ||  .0 |  .0 |  .0 ||  .0 |  .0 |  .0 |
|========+========+========||========+========+========||========+========+========|
|  .0 |  .0 |  .0 ||  .0 |  .0 |  .0 ||  .0 |  .0 |  .0 |
|  .0 |  .0 |  .0 ||  .0 |  .0 |  .0 ||  .0 |  .0 |  .0 |
|  .0 |  .0 |  .0 ||  .0 |  .0 |  .0 ||  .0 |  .0 |  .0 |

, state=
| -0. | -0. | -1. || -0. | -0. | -1. ||*-0. |* 1. |* 1. |
| -0. | -0. | -0. ||  1. | -1. | -0. ||* 1. |*-0. |*-1. |
| -0. | -0. |  1. || -1. | -0. | -0. ||*-0. |*-0. |* 1. |
|=====+=====+=====||=====+=====+=====||=====+=====+=====|
| -0. |  1. | -1. || -0. | -0. | -0. || -1. | -1. | -0. |
| -1. | -1. |  1. || -0. | -0. | -0. ||  1. | -0. | -0. |
| -1. | -1. | -0. ||  1. |  1. |  1. || -0. |  1. | -0. |
|=====+=====+=====||=====+=====+=====||=====+=====+=====|
| -0. |  1. | -0. || -0. | -0. | -1. ||  1. | -0. | -1. |
|  1. | -1. | -0. ||  1. | -0. | -1. || -1. | -0. | -0. |
| -0. | -0. | -0. || -0. | -0. | -0. || -0. | -0. | -1. |

, evalForThisState=-1.0, isPlayerOneTurnOriginally=false}, StateDatum{MCTSProbabilites=
|  .0 |  .0 |  .0 ||  .0 |  .0 |  .0 ||  .0 |  .0 |  .0 |
|  .0 |  .0 |  .0 ||  .0 |  .0 |  .0 ||  .0 |  .0 |  .0 |
|  .0 |  .0 |  .0 ||  .0 |  .0 |  .0 ||  .0 |  .0 |  .0 |
|========+========+========||========+========+========||========+========+========|
|  .0 |  .0 |  .0 ||  .0 |  .0 |  .0 ||  .0 |  .0 |  .0 |
|  .0 |  .0 |  .0 ||  .0 |  .0 |  .0 ||  .0 |  .0 |  .0 |
|  .0 |  .0 |  .0 ||  .0 |  .0 |  .0 ||  .0 |  .0 |  .0 |
|========+========+========||========+========+========||========+========+========|
|  .1185 |  .0 |  .0688 ||  .0 |  .0 |  .0 ||  .0 |  .0 |  .0 |
|  .0 |  .0 |  .1837 ||  .0 |  .0 |  .0 ||  .0 |  .0 |  .0 |
|  .2531 |  .116 |  .2599 ||  .0 |  .0 |  .0 ||  .0 |  .0 |  .0 |

, state=
|  0. |  0. |  1. ||  0. |  0. |  1. ||  0. | -1. | -1. |
|  0. |  0. |  0. || -1. |  1. |  0. || -1. |  0. |  1. |
|  0. |  0. | -1. ||  1. |  0. |  0. || -1. |  0. | -1. |
|=====+=====+=====||=====+=====+=====||=====+=====+=====|
|  0. | -1. |  1. ||  0. |  0. |  0. ||  1. |  1. |  0. |
|  1. |  1. | -1. ||  0. |  0. |  0. || -1. |  0. |  0. |
|  1. |  1. |  0. || -1. | -1. | -1. ||  0. | -1. |  0. |
|=====+=====+=====||=====+=====+=====||=====+=====+=====|
|* 0. |*-1. |* 0. ||  0. |  0. |  1. || -1. |  0. |  1. |
|*-1. |* 1. |* 0. || -1. |  0. |  1. ||  1. |  0. |  0. |
|* 0. |* 0. |* 0. ||  0. |  0. |  0. ||  0. |  0. |  1. |

, evalForThisState=1.0, isPlayerOneTurnOriginally=true}, StateDatum{MCTSProbabilites=
|  .0 |  .0 |  .0 ||  .0 |  .0 |  .0 ||  .0 |  .0 |  .0 |
|  .0 |  .0 |  .0 ||  .0 |  .0 |  .0 ||  .0 |  .0 |  .0 |
|  .0 |  .0 |  .0 ||  .0 |  .0 |  .0 ||  .0 |  .0 |  .0 |
|========+========+========||========+========+========||========+========+========|
|  .0 |  .0 |  .0 ||  .0 |  .0 |  .0 ||  .0 |  .0 |  .0 |
|  .0 |  .0 |  .0 ||  .0 |  .0 |  .0 ||  .0 |  .0 |  .0 |
|  .0 |  .0 |  .0 ||  .0 |  .0 |  .0 ||  .0 |  .0 |  .0 |
|========+========+========||========+========+========||========+========+========|
|  .0 |  .0 |  .0 ||  .0 |  .0 |  .0 ||  .0 |  .161 |  .0 |
|  .0 |  .0 |  .0 ||  .0 |  .0 |  .0 ||  .0 |  .1911 |  .1812 |
|  .0 |  .0 |  .0 ||  .0 |  .0 |  .0 ||  .2255 |  .2412 |  .0 |

, state=
| -0. | -0. | -1. || -0. | -0. | -1. || -0. |  1. |  1. |
| -0. | -0. | -0. ||  1. | -1. | -0. ||  1. | -0. | -1. |
| -0. | -0. |  1. || -1. | -0. | -0. ||  1. | -0. |  1. |
|=====+=====+=====||=====+=====+=====||=====+=====+=====|
| -0. |  1. | -1. || -0. | -0. | -0. || -1. | -1. | -0. |
| -1. | -1. |  1. || -0. | -0. | -0. ||  1. | -0. | -0. |
| -1. | -1. | -0. ||  1. |  1. |  1. || -0. |  1. | -0. |
|=====+=====+=====||=====+=====+=====||=====+=====+=====|
| -0. |  1. | -0. || -0. | -0. | -1. ||* 1. |*-0. |*-1. |
|  1. | -1. | -0. ||  1. | -0. | -1. ||*-1. |*-0. |*-0. |
| -0. | -0. | -1. || -0. | -0. | -0. ||*-0. |*-0. |*-1. |

, evalForThisState=-1.0, isPlayerOneTurnOriginally=false}, StateDatum{MCTSProbabilites=
|  .0 |  .0 |  .0 ||  .0 |  .0 |  .0 ||  .0 |  .0 |  .0 |
|  .0 |  .0 |  .0 ||  .0 |  .0 |  .0 ||  .0 |  .0 |  .0 |
|  .0 |  .0 |  .0 ||  .0 |  .0 |  .0 ||  .0 |  .0 |  .0 |
|========+========+========||========+========+========||========+========+========|
|  .0 |  .0 |  .0 ||  .0 |  .0 |  .0 ||  .0 |  .0 |  .0 |
|  .0 |  .0 |  .0 ||  .0 |  .0 |  .0 ||  .0 |  .0 |  .0 |
|  .0 |  .0 |  .0 ||  .0 |  .0 |  .0 ||  .0 |  .0 |  .0 |
|========+========+========||========+========+========||========+========+========|
|  .0 |  .0 |  .0 ||  .0742 |  .1078 |  .0 ||  .0 |  .0 |  .0 |
|  .0 |  .0 |  .0 ||  .0 |  .1856 |  .0 ||  .0 |  .0 |  .0 |
|  .0 |  .0 |  .0 ||  .0844 |  .1985 |  .3495 ||  .0 |  .0 |  .0 |

, state=
|  0. |  0. |  1. ||  0. |  0. |  1. ||  0. | -1. | -1. |
|  0. |  0. |  0. || -1. |  1. |  0. || -1. |  0. |  1. |
|  0. |  0. | -1. ||  1. |  0. |  0. || -1. |  0. | -1. |
|=====+=====+=====||=====+=====+=====||=====+=====+=====|
|  0. | -1. |  1. ||  0. |  0. |  0. ||  1. |  1. |  0. |
|  1. |  1. | -1. ||  0. |  0. |  0. || -1. |  0. |  0. |
|  1. |  1. |  0. || -1. | -1. | -1. ||  0. | -1. |  0. |
|=====+=====+=====||=====+=====+=====||=====+=====+=====|
|  0. | -1. |  0. ||* 0. |* 0. |* 1. || -1. |  0. |  1. |
| -1. |  1. |  0. ||*-1. |* 0. |* 1. ||  1. |  0. |  0. |
|  0. |  0. |  1. ||* 0. |* 0. |* 0. ||  0. | -1. |  1. |

, evalForThisState=1.0, isPlayerOneTurnOriginally=true}, StateDatum{MCTSProbabilites=
|  .0 |  .0 |  .0 ||  .0 |  .0 |  .0 ||  .0 |  .0 |  .0 |
|  .0 |  .0 |  .0 ||  .0 |  .0 |  .0 ||  .0 |  .0 |  .0 |
|  .0 |  .0 |  .0 ||  .0 |  .0 |  .0 ||  .0 |  .0 |  .0 |
|========+========+========||========+========+========||========+========+========|
|  .0 |  .0 |  .0 ||  .0 |  .0 |  .0 ||  .0 |  .0 |  .0 |
|  .0 |  .0 |  .0 ||  .0 |  .0 |  .0 ||  .0 |  .0 |  .0 |
|  .0 |  .0 |  .0 ||  .0 |  .0 |  .0 ||  .0 |  .0 |  .0 |
|========+========+========||========+========+========||========+========+========|
|  .0 |  .0 |  .0 ||  .0 |  .0 |  .0 ||  .0 |  .3533 |  .0 |
|  .0 |  .0 |  .0 ||  .0 |  .0 |  .0 ||  .0 |  .1195 |  .2897 |
|  .0 |  .0 |  .0 ||  .0 |  .0 |  .0 ||  .2375 |  .0 |  .0 |

, state=
| -0. | -0. | -1. || -0. | -0. | -1. || -0. |  1. |  1. |
| -0. | -0. | -0. ||  1. | -1. | -0. ||  1. | -0. | -1. |
| -0. | -0. |  1. || -1. | -0. | -0. ||  1. | -0. |  1. |
|=====+=====+=====||=====+=====+=====||=====+=====+=====|
| -0. |  1. | -1. || -0. | -0. | -0. || -1. | -1. | -0. |
| -1. | -1. |  1. || -0. | -0. | -0. ||  1. | -0. | -0. |
| -1. | -1. | -0. ||  1. |  1. |  1. || -0. |  1. | -0. |
|=====+=====+=====||=====+=====+=====||=====+=====+=====|
| -0. |  1. | -0. || -0. | -0. | -1. ||* 1. |*-0. |*-1. |
|  1. | -1. | -0. ||  1. | -0. | -1. ||*-1. |*-0. |*-0. |
| -0. | -0. | -1. || -0. | -0. | -1. ||*-0. |* 1. |*-1. |

, evalForThisState=-1.0, isPlayerOneTurnOriginally=false}, StateDatum{MCTSProbabilites=
|  .0008 |  .0005 |  .0 ||  .0 |  .0 |  .0 ||  .0005 |  .0 |  .0 |
|  .0004 |  .0005 |  .0003 ||  .0 |  .0 |  .0 ||  .0 |  .0008 |  .0 |
|  .0006 |  .0003 |  .0 ||  .0 |  .0 |  .0 ||  .0 |  .0003 |  .0 |
|========+========+========||========+========+========||========+========+========|
|  .0 |  .0 |  .0 ||  .0 |  .0 |  .0 ||  .0 |  .0 |  .0002 |
|  .0 |  .0 |  .0 ||  .0 |  .0 |  .0 ||  .0 |  .0006 |  .0004 |
|  .0 |  .0 |  .0 ||  .0 |  .0 |  .0 ||  .0005 |  .0 |  .0006 |
|========+========+========||========+========+========||========+========+========|
|  .9898 |  .0 |  .0003 ||  .0 |  .0 |  .0 ||  .0 |  .0 |  .0 |
|  .0 |  .0 |  .0008 ||  .0 |  .0 |  .0 ||  .0 |  .0004 |  .0004 |
|  .0003 |  .0005 |  .0 ||  .0 |  .0 |  .0 ||  .0002 |  .0 |  .0 |

, state=
|* 0. |* 0. |* 1. ||  0. |  0. |  1. ||* 0. |*-1. |*-1. |
|* 0. |* 0. |* 0. || -1. |  1. |  0. ||*-1. |* 0. |* 1. |
|* 0. |* 0. |*-1. ||  1. |  0. |  0. ||*-1. |* 0. |*-1. |
|=====+=====+=====||=====+=====+=====||=====+=====+=====|
|  0. | -1. |  1. ||  0. |  0. |  0. ||* 1. |* 1. |* 0. |
|  1. |  1. | -1. ||  0. |  0. |  0. ||*-1. |* 0. |* 0. |
|  1. |  1. |  0. || -1. | -1. | -1. ||* 0. |*-1. |* 0. |
|=====+=====+=====||=====+=====+=====||=====+=====+=====|
|* 0. |*-1. |* 0. ||  0. |  0. |  1. ||*-1. |*-1. |* 1. |
|*-1. |* 1. |* 0. || -1. |  0. |  1. ||* 1. |* 0. |* 0. |
|* 0. |* 0. |* 1. ||  0. |  0. |  1. ||* 0. |*-1. |* 1. |

, evalForThisState=1.0, isPlayerOneTurnOriginally=true}, StateDatum{MCTSProbabilites=
|  .9642 |  .0002 |  .0 ||  .0 |  .0 |  .0 ||  .0 |  .0 |  .0 |
|  .0002 |  .0113 |  .0067 ||  .0 |  .0 |  .0 ||  .0 |  .0 |  .0 |
|  .0087 |  .0087 |  .0 ||  .0 |  .0 |  .0 ||  .0 |  .0 |  .0 |
|========+========+========||========+========+========||========+========+========|
|  .0 |  .0 |  .0 ||  .0 |  .0 |  .0 ||  .0 |  .0 |  .0 |
|  .0 |  .0 |  .0 ||  .0 |  .0 |  .0 ||  .0 |  .0 |  .0 |
|  .0 |  .0 |  .0 ||  .0 |  .0 |  .0 ||  .0 |  .0 |  .0 |
|========+========+========||========+========+========||========+========+========|
|  .0 |  .0 |  .0 ||  .0 |  .0 |  .0 ||  .0 |  .0 |  .0 |
|  .0 |  .0 |  .0 ||  .0 |  .0 |  .0 ||  .0 |  .0 |  .0 |
|  .0 |  .0 |  .0 ||  .0 |  .0 |  .0 ||  .0 |  .0 |  .0 |

, state=
|*-0. |*-0. |*-1. || -0. | -0. | -1. || -0. |  1. |  1. |
|*-0. |*-0. |*-0. ||  1. | -1. | -0. ||  1. | -0. | -1. |
|*-0. |*-0. |* 1. || -1. | -0. | -0. ||  1. | -0. |  1. |
|=====+=====+=====||=====+=====+=====||=====+=====+=====|
| -0. |  1. | -1. || -0. | -0. | -0. || -1. | -1. | -0. |
| -1. | -1. |  1. || -0. | -0. | -0. ||  1. | -0. | -0. |
| -1. | -1. | -0. ||  1. |  1. |  1. || -0. |  1. | -0. |
|=====+=====+=====||=====+=====+=====||=====+=====+=====|
| -1. |  1. | -0. || -0. | -0. | -1. ||  1. |  1. | -1. |
|  1. | -1. | -0. ||  1. | -0. | -1. || -1. | -0. | -0. |
| -0. | -0. | -1. || -0. | -0. | -1. || -0. |  1. | -1. |

, evalForThisState=-1.0, isPlayerOneTurnOriginally=false}, StateDatum{MCTSProbabilites=
|  .0 |  .0005 |  .0 ||  .0 |  .0 |  .0 ||  .0 |  .0 |  .0 |
|  .0004 |  .9982 |  .0001 ||  .0 |  .0 |  .0 ||  .0 |  .0 |  .0 |
|  .0006 |  .0003 |  .0 ||  .0 |  .0 |  .0 ||  .0 |  .0 |  .0 |
|========+========+========||========+========+========||========+========+========|
|  .0 |  .0 |  .0 ||  .0 |  .0 |  .0 ||  .0 |  .0 |  .0 |
|  .0 |  .0 |  .0 ||  .0 |  .0 |  .0 ||  .0 |  .0 |  .0 |
|  .0 |  .0 |  .0 ||  .0 |  .0 |  .0 ||  .0 |  .0 |  .0 |
|========+========+========||========+========+========||========+========+========|
|  .0 |  .0 |  .0 ||  .0 |  .0 |  .0 ||  .0 |  .0 |  .0 |
|  .0 |  .0 |  .0 ||  .0 |  .0 |  .0 ||  .0 |  .0 |  .0 |
|  .0 |  .0 |  .0 ||  .0 |  .0 |  .0 ||  .0 |  .0 |  .0 |

, state=
|*-1. |* 0. |* 1. ||  0. |  0. |  1. ||  0. | -1. | -1. |
|* 0. |* 0. |* 0. || -1. |  1. |  0. || -1. |  0. |  1. |
|* 0. |* 0. |*-1. ||  1. |  0. |  0. || -1. |  0. | -1. |
|=====+=====+=====||=====+=====+=====||=====+=====+=====|
|  0. | -1. |  1. ||  0. |  0. |  0. ||  1. |  1. |  0. |
|  1. |  1. | -1. ||  0. |  0. |  0. || -1. |  0. |  0. |
|  1. |  1. |  0. || -1. | -1. | -1. ||  0. | -1. |  0. |
|=====+=====+=====||=====+=====+=====||=====+=====+=====|
|  1. | -1. |  0. ||  0. |  0. |  1. || -1. | -1. |  1. |
| -1. |  1. |  0. || -1. |  0. |  1. ||  1. |  0. |  0. |
|  0. |  0. |  1. ||  0. |  0. |  1. ||  0. | -1. |  1. |

, evalForThisState=1.0, isPlayerOneTurnOriginally=true}, StateDatum{MCTSProbabilites=
|  .0 |  .0001 |  .0 ||  .0 |  .0 |  .0 ||  .9932 |  .0 |  .0 |
|  .0001 |  .0 |  .0018 ||  .0 |  .0 |  .0 ||  .0 |  .0001 |  .0 |
|  .0017 |  .0001 |  .0 ||  .0 |  .0 |  .0 ||  .0 |  .0001 |  .0 |
|========+========+========||========+========+========||========+========+========|
|  .0 |  .0 |  .0 ||  .0 |  .0 |  .0 ||  .0 |  .0 |  .0005 |
|  .0 |  .0 |  .0 ||  .0 |  .0 |  .0 ||  .0 |  .0001 |  .0004 |
|  .0 |  .0 |  .0 ||  .0 |  .0 |  .0 ||  .0001 |  .0 |  .0003 |
|========+========+========||========+========+========||========+========+========|
|  .0 |  .0 |  .0 ||  .0 |  .0 |  .0 ||  .0 |  .0 |  .0 |
|  .0 |  .0 |  .0 ||  .0 |  .0 |  .0 ||  .0 |  .0012 |  .0003 |
|  .0 |  .0 |  .0 ||  .0 |  .0 |  .0 ||  .0001 |  .0 |  .0 |

, state=
|* 1. |*-0. |*-1. || -0. | -0. | -1. ||*-0. |* 1. |* 1. |
|*-0. |*-1. |*-0. ||  1. | -1. | -0. ||* 1. |*-0. |*-1. |
|*-0. |*-0. |* 1. || -1. | -0. | -0. ||* 1. |*-0. |* 1. |
|=====+=====+=====||=====+=====+=====||=====+=====+=====|
| -0. |  1. | -1. || -0. | -0. | -0. ||*-1. |*-1. |*-0. |
| -1. | -1. |  1. || -0. | -0. | -0. ||* 1. |*-0. |*-0. |
| -1. | -1. | -0. ||  1. |  1. |  1. ||*-0. |* 1. |*-0. |
|=====+=====+=====||=====+=====+=====||=====+=====+=====|
| -1. |  1. | -0. || -0. | -0. | -1. ||* 1. |* 1. |*-1. |
|  1. | -1. | -0. ||  1. | -0. | -1. ||*-1. |*-0. |*-0. |
| -0. | -0. | -1. || -0. | -0. | -1. ||*-0. |* 1. |*-1. |

, evalForThisState=-1.0, isPlayerOneTurnOriginally=false}, StateDatum{MCTSProbabilites=
|  .0 |  .0 |  .0 ||  .0 |  .0 |  .0 ||  .0 |  .0 |  .0 |
|  .0001 |  .0 |  .0 ||  .0 |  .0 |  .0 ||  .0 |  .0 |  .0 |
|  .9998 |  .0 |  .0 ||  .0 |  .0 |  .0 ||  .0 |  .0 |  .0 |
|========+========+========||========+========+========||========+========+========|
|  .0 |  .0 |  .0 ||  .0 |  .0 |  .0 ||  .0 |  .0 |  .0 |
|  .0 |  .0 |  .0 ||  .0 |  .0 |  .0 ||  .0 |  .0 |  .0 |
|  .0 |  .0 |  .0 ||  .0 |  .0 |  .0 ||  .0 |  .0 |  .0 |
|========+========+========||========+========+========||========+========+========|
|  .0 |  .0 |  .0 ||  .0 |  .0 |  .0 ||  .0 |  .0 |  .0 |
|  .0 |  .0 |  .0 ||  .0 |  .0 |  .0 ||  .0 |  .0 |  .0 |
|  .0 |  .0 |  .0 ||  .0 |  .0 |  .0 ||  .0 |  .0 |  .0 |

, state=
|*-1. |* 0. |* 1. ||  0. |  0. |  1. || -1. | -1. | -1. |
|* 0. |* 1. |* 0. || -1. |  1. |  0. || -1. |  0. |  1. |
|* 0. |* 0. |*-1. ||  1. |  0. |  0. || -1. |  0. | -1. |
|=====+=====+=====||=====+=====+=====||=====+=====+=====|
|  0. | -1. |  1. ||  0. |  0. |  0. ||  1. |  1. |  0. |
|  1. |  1. | -1. ||  0. |  0. |  0. || -1. |  0. |  0. |
|  1. |  1. |  0. || -1. | -1. | -1. ||  0. | -1. |  0. |
|=====+=====+=====||=====+=====+=====||=====+=====+=====|
|  1. | -1. |  0. ||  0. |  0. |  1. || -1. | -1. |  1. |
| -1. |  1. |  0. || -1. |  0. |  1. ||  1. |  0. |  0. |
|  0. |  0. |  1. ||  0. |  0. |  1. ||  0. | -1. |  1. |

, evalForThisState=1.0, isPlayerOneTurnOriginally=true}]
Value network data: 
===========INPUT===================
[[         0,         0,         0,  ...    1.0000,    1.0000,    1.0000], 
 [         0,         0,         0,  ...   -1.0000,   -1.0000,   -1.0000], 
 [         0,         0,         0,  ...   -1.0000,   -1.0000,   -1.0000], 
  ..., 
 [   -1.0000,         0,    1.0000,  ...   -1.0000,   -1.0000,   -1.0000], 
 [    1.0000,         0,   -1.0000,  ...   -1.0000,   -1.0000,    1.0000], 
 [   -1.0000,         0,    1.0000,  ...   -1.0000,   -1.0000,   -1.0000]]
=================OUTPUT==================
[[1.0000], 
 [-1.0000], 
 [1.0000], 
 [-1.0000], 
 [1.0000], 
 [-1.0000], 
 [1.0000], 
 [-1.0000], 
 [1.0000], 
 [-1.0000], 
 [1.0000], 
 [-1.0000], 
 [1.0000], 
 [-1.0000], 
 [1.0000], 
 [-1.0000], 
 [1.0000], 
 [-1.0000], 
 [1.0000], 
 [-1.0000], 
 [1.0000], 
 [-1.0000], 
 [1.0000], 
 [-1.0000], 
 [1.0000], 
 [-1.0000], 
 [1.0000], 
 [-1.0000], 
 [1.0000], 
 [-1.0000], 
 [1.0000], 
 [-1.0000], 
 [1.0000], 
 [-1.0000], 
 [1.0000], 
 [-1.0000], 
 [1.0000], 
 [-1.0000], 
 [1.0000], 
 [-1.0000], 
 [1.0000], 
 [-1.0000], 
 [1.0000], 
 [-1.0000], 
 [1.0000]]
Policy network data: 
===========INPUT===================
[[         0,         0,         0,  ...    1.0000,    1.0000,    1.0000], 
 [         0,         0,         0,  ...   -1.0000,   -1.0000,   -1.0000], 
 [         0,         0,         0,  ...   -1.0000,   -1.0000,   -1.0000], 
  ..., 
 [   -1.0000,         0,    1.0000,  ...   -1.0000,   -1.0000,   -1.0000], 
 [    1.0000,         0,   -1.0000,  ...   -1.0000,   -1.0000,    1.0000], 
 [   -1.0000,         0,    1.0000,  ...   -1.0000,   -1.0000,   -1.0000]]
=================OUTPUT==================
[[    0.0092,    0.0118,    0.0177,  ...    0.0110,    0.0129,    0.0122], 
 [         0,         0,         0,  ...         0,         0,         0], 
 [         0,         0,         0,  ...         0,         0,         0], 
  ..., 
 [         0,    0.0005,         0,  ...         0,         0,         0], 
 [         0, 7.2781e-5,         0,  ... 6.4133e-5,         0,         0], 
 [         0, 4.0221e-5,         0,  ...         0,         0,         0]]
W:\Labs\ME\ME187-Fall2024\StudentFiles\CALEBHOTTES\UTTTstuff\data\series1\policy$series1,gameNum141$1729880124829.bin
Took: 1354 s to simulate game
Finished simulating game, see log at: W:\Labs\ME\ME187-Fall2024\StudentFiles\CALEBHOTTES\UTTTstuff\data\logs\series1\game141$1729873385290.log for details.
