Saving data to: W:\Labs\ME\ME187-Fall2024\StudentFiles\CALEBHOTTES\UTTTstuff\data\series1
Begin custom message: 
DataSeries: series1 game number: 83 

Description: making data during matlab class 238. 

Evaluator config=EvaluatorConfiguration{cValue=2.0, maxRolloutDepth=1000, computeTime=35, threads=1, stupidity=0, allowForcePlay=false, maxMyCPU=false}
End custom message
Inital State: 

|* 0. |* 0. |* 0. ||* 0. |* 0. |* 0. ||* 0. |* 0. |* 0. |
|* 0. |* 0. |* 0. ||* 0. |* 0. |* 0. ||* 0. |* 0. |* 0. |
|* 0. |* 0. |* 0. ||* 0. |* 0. |* 0. ||* 0. |* 0. |* 0. |
|=====+=====+=====||=====+=====+=====||=====+=====+=====|
|* 0. |* 0. |* 0. ||* 0. |* 0. |* 0. ||* 0. |* 0. |* 0. |
|* 0. |* 0. |* 0. ||* 0. |* 0. |* 0. ||* 0. |* 0. |* 0. |
|* 0. |* 0. |* 0. ||* 0. |* 0. |* 0. ||* 0. |* 0. |* 0. |
|=====+=====+=====||=====+=====+=====||=====+=====+=====|
|* 0. |* 0. |* 0. ||* 0. |* 0. |* 0. ||* 0. |* 0. |* 0. |
|* 0. |* 0. |* 0. ||* 0. |* 0. |* 0. ||* 0. |* 0. |* 0. |
|* 0. |* 0. |* 0. ||* 0. |* 0. |* 0. ||* 0. |* 0. |* 0. |


state to eval, currenty is playerone turn=true

|* 0. |* 0. |* 0. ||* 0. |* 0. |* 0. ||* 0. |* 0. |* 0. |
|* 0. |* 0. |* 0. ||* 0. |* 0. |* 0. ||* 0. |* 0. |* 0. |
|* 0. |* 0. |* 0. ||* 0. |* 0. |* 0. ||* 0. |* 0. |* 0. |
|=====+=====+=====||=====+=====+=====||=====+=====+=====|
|* 0. |* 0. |* 0. ||* 0. |* 0. |* 0. ||* 0. |* 0. |* 0. |
|* 0. |* 0. |* 0. ||* 0. |* 0. |* 0. ||* 0. |* 0. |* 0. |
|* 0. |* 0. |* 0. ||* 0. |* 0. |* 0. ||* 0. |* 0. |* 0. |
|=====+=====+=====||=====+=====+=====||=====+=====+=====|
|* 0. |* 0. |* 0. ||* 0. |* 0. |* 0. ||* 0. |* 0. |* 0. |
|* 0. |* 0. |* 0. ||* 0. |* 0. |* 0. ||* 0. |* 0. |* 0. |
|* 0. |* 0. |* 0. ||* 0. |* 0. |* 0. ||* 0. |* 0. |* 0. |


Determined best move using: 303180Iterations
current State

|  0. |  0. |  0. ||* 0. |* 1. |* 0. ||  0. |  0. |  0. |
|  0. |  0. |  0. ||* 0. |* 0. |* 0. ||  0. |  0. |  0. |
|  0. |  0. |  0. ||* 0. |* 0. |* 0. ||  0. |  0. |  0. |
|=====+=====+=====||=====+=====+=====||=====+=====+=====|
|  0. |  0. |  0. ||  0. |  0. |  0. ||  0. |  0. |  0. |
|  0. |  0. |  0. ||  0. |  0. |  0. ||  0. |  0. |  0. |
|  0. |  0. |  0. ||  0. |  0. |  0. ||  0. |  0. |  0. |
|=====+=====+=====||=====+=====+=====||=====+=====+=====|
|  0. |  0. |  0. ||  0. |  0. |  0. ||  0. |  0. |  0. |
|  0. |  0. |  0. ||  0. |  0. |  0. ||  0. |  0. |  0. |
|  0. |  0. |  0. ||  0. |  0. |  0. ||  0. |  0. |  0. |


state to eval, currenty is playerone turn=false

| -0. | -0. | -0. ||*-0. |*-1. |*-0. || -0. | -0. | -0. |
| -0. | -0. | -0. ||*-0. |*-0. |*-0. || -0. | -0. | -0. |
| -0. | -0. | -0. ||*-0. |*-0. |*-0. || -0. | -0. | -0. |
|=====+=====+=====||=====+=====+=====||=====+=====+=====|
| -0. | -0. | -0. || -0. | -0. | -0. || -0. | -0. | -0. |
| -0. | -0. | -0. || -0. | -0. | -0. || -0. | -0. | -0. |
| -0. | -0. | -0. || -0. | -0. | -0. || -0. | -0. | -0. |
|=====+=====+=====||=====+=====+=====||=====+=====+=====|
| -0. | -0. | -0. || -0. | -0. | -0. || -0. | -0. | -0. |
| -0. | -0. | -0. || -0. | -0. | -0. || -0. | -0. | -0. |
| -0. | -0. | -0. || -0. | -0. | -0. || -0. | -0. | -0. |


Determined best move using: 80876Iterations
Determined best move using: 1844563Iterations
current State

|  0. |  0. |  0. ||  0. |  1. |  0. ||  0. |  0. |  0. |
|  0. |  0. |  0. || -1. |  0. |  0. ||  0. |  0. |  0. |
|  0. |  0. |  0. ||  0. |  0. |  0. ||  0. |  0. |  0. |
|=====+=====+=====||=====+=====+=====||=====+=====+=====|
|* 0. |* 0. |* 0. ||  0. |  0. |  0. ||  0. |  0. |  0. |
|* 0. |* 0. |* 0. ||  0. |  0. |  0. ||  0. |  0. |  0. |
|* 0. |* 0. |* 0. ||  0. |  0. |  0. ||  0. |  0. |  0. |
|=====+=====+=====||=====+=====+=====||=====+=====+=====|
|  0. |  0. |  0. ||  0. |  0. |  0. ||  0. |  0. |  0. |
|  0. |  0. |  0. ||  0. |  0. |  0. ||  0. |  0. |  0. |
|  0. |  0. |  0. ||  0. |  0. |  0. ||  0. |  0. |  0. |


state to eval, currenty is playerone turn=true

|  0. |  0. |  0. ||  0. |  1. |  0. ||  0. |  0. |  0. |
|  0. |  0. |  0. || -1. |  0. |  0. ||  0. |  0. |  0. |
|  0. |  0. |  0. ||  0. |  0. |  0. ||  0. |  0. |  0. |
|=====+=====+=====||=====+=====+=====||=====+=====+=====|
|* 0. |* 0. |* 0. ||  0. |  0. |  0. ||  0. |  0. |  0. |
|* 0. |* 0. |* 0. ||  0. |  0. |  0. ||  0. |  0. |  0. |
|* 0. |* 0. |* 0. ||  0. |  0. |  0. ||  0. |  0. |  0. |
|=====+=====+=====||=====+=====+=====||=====+=====+=====|
|  0. |  0. |  0. ||  0. |  0. |  0. ||  0. |  0. |  0. |
|  0. |  0. |  0. ||  0. |  0. |  0. ||  0. |  0. |  0. |
|  0. |  0. |  0. ||  0. |  0. |  0. ||  0. |  0. |  0. |


Determined best move using: 81990Iterations
Determined best move using: 62740Iterations
current State

|* 0. |* 0. |* 0. ||  0. |  1. |  0. ||  0. |  0. |  0. |
|* 0. |* 0. |* 0. || -1. |  0. |  0. ||  0. |  0. |  0. |
|* 0. |* 0. |* 0. ||  0. |  0. |  0. ||  0. |  0. |  0. |
|=====+=====+=====||=====+=====+=====||=====+=====+=====|
|  1. |  0. |  0. ||  0. |  0. |  0. ||  0. |  0. |  0. |
|  0. |  0. |  0. ||  0. |  0. |  0. ||  0. |  0. |  0. |
|  0. |  0. |  0. ||  0. |  0. |  0. ||  0. |  0. |  0. |
|=====+=====+=====||=====+=====+=====||=====+=====+=====|
|  0. |  0. |  0. ||  0. |  0. |  0. ||  0. |  0. |  0. |
|  0. |  0. |  0. ||  0. |  0. |  0. ||  0. |  0. |  0. |
|  0. |  0. |  0. ||  0. |  0. |  0. ||  0. |  0. |  0. |


state to eval, currenty is playerone turn=false

|*-0. |*-0. |*-0. || -0. | -1. | -0. || -0. | -0. | -0. |
|*-0. |*-0. |*-0. ||  1. | -0. | -0. || -0. | -0. | -0. |
|*-0. |*-0. |*-0. || -0. | -0. | -0. || -0. | -0. | -0. |
|=====+=====+=====||=====+=====+=====||=====+=====+=====|
| -1. | -0. | -0. || -0. | -0. | -0. || -0. | -0. | -0. |
| -0. | -0. | -0. || -0. | -0. | -0. || -0. | -0. | -0. |
| -0. | -0. | -0. || -0. | -0. | -0. || -0. | -0. | -0. |
|=====+=====+=====||=====+=====+=====||=====+=====+=====|
| -0. | -0. | -0. || -0. | -0. | -0. || -0. | -0. | -0. |
| -0. | -0. | -0. || -0. | -0. | -0. || -0. | -0. | -0. |
| -0. | -0. | -0. || -0. | -0. | -0. || -0. | -0. | -0. |


Determined best move using: 82447Iterations
Determined best move using: 69132Iterations
current State

|  0. |  0. |  0. ||  0. |  1. |  0. ||  0. |  0. |  0. |
|  0. |  0. | -1. || -1. |  0. |  0. ||  0. |  0. |  0. |
|  0. |  0. |  0. ||  0. |  0. |  0. ||  0. |  0. |  0. |
|=====+=====+=====||=====+=====+=====||=====+=====+=====|
|  1. |  0. |  0. ||  0. |  0. |  0. ||* 0. |* 0. |* 0. |
|  0. |  0. |  0. ||  0. |  0. |  0. ||* 0. |* 0. |* 0. |
|  0. |  0. |  0. ||  0. |  0. |  0. ||* 0. |* 0. |* 0. |
|=====+=====+=====||=====+=====+=====||=====+=====+=====|
|  0. |  0. |  0. ||  0. |  0. |  0. ||  0. |  0. |  0. |
|  0. |  0. |  0. ||  0. |  0. |  0. ||  0. |  0. |  0. |
|  0. |  0. |  0. ||  0. |  0. |  0. ||  0. |  0. |  0. |


state to eval, currenty is playerone turn=true

|  0. |  0. |  0. ||  0. |  1. |  0. ||  0. |  0. |  0. |
|  0. |  0. | -1. || -1. |  0. |  0. ||  0. |  0. |  0. |
|  0. |  0. |  0. ||  0. |  0. |  0. ||  0. |  0. |  0. |
|=====+=====+=====||=====+=====+=====||=====+=====+=====|
|  1. |  0. |  0. ||  0. |  0. |  0. ||* 0. |* 0. |* 0. |
|  0. |  0. |  0. ||  0. |  0. |  0. ||* 0. |* 0. |* 0. |
|  0. |  0. |  0. ||  0. |  0. |  0. ||* 0. |* 0. |* 0. |
|=====+=====+=====||=====+=====+=====||=====+=====+=====|
|  0. |  0. |  0. ||  0. |  0. |  0. ||  0. |  0. |  0. |
|  0. |  0. |  0. ||  0. |  0. |  0. ||  0. |  0. |  0. |
|  0. |  0. |  0. ||  0. |  0. |  0. ||  0. |  0. |  0. |


Determined best move using: 87035Iterations
Determined best move using: 69398Iterations
current State

|* 0. |* 0. |* 0. ||  0. |  1. |  0. ||  0. |  0. |  0. |
|* 0. |* 0. |*-1. || -1. |  0. |  0. ||  0. |  0. |  0. |
|* 0. |* 0. |* 0. ||  0. |  0. |  0. ||  0. |  0. |  0. |
|=====+=====+=====||=====+=====+=====||=====+=====+=====|
|  1. |  0. |  0. ||  0. |  0. |  0. ||  1. |  0. |  0. |
|  0. |  0. |  0. ||  0. |  0. |  0. ||  0. |  0. |  0. |
|  0. |  0. |  0. ||  0. |  0. |  0. ||  0. |  0. |  0. |
|=====+=====+=====||=====+=====+=====||=====+=====+=====|
|  0. |  0. |  0. ||  0. |  0. |  0. ||  0. |  0. |  0. |
|  0. |  0. |  0. ||  0. |  0. |  0. ||  0. |  0. |  0. |
|  0. |  0. |  0. ||  0. |  0. |  0. ||  0. |  0. |  0. |


state to eval, currenty is playerone turn=false

|*-0. |*-0. |*-0. || -0. | -1. | -0. || -0. | -0. | -0. |
|*-0. |*-0. |* 1. ||  1. | -0. | -0. || -0. | -0. | -0. |
|*-0. |*-0. |*-0. || -0. | -0. | -0. || -0. | -0. | -0. |
|=====+=====+=====||=====+=====+=====||=====+=====+=====|
| -1. | -0. | -0. || -0. | -0. | -0. || -1. | -0. | -0. |
| -0. | -0. | -0. || -0. | -0. | -0. || -0. | -0. | -0. |
| -0. | -0. | -0. || -0. | -0. | -0. || -0. | -0. | -0. |
|=====+=====+=====||=====+=====+=====||=====+=====+=====|
| -0. | -0. | -0. || -0. | -0. | -0. || -0. | -0. | -0. |
| -0. | -0. | -0. || -0. | -0. | -0. || -0. | -0. | -0. |
| -0. | -0. | -0. || -0. | -0. | -0. || -0. | -0. | -0. |


current State

|  0. |  0. |  0. ||  0. |  1. |  0. ||  0. |  0. |  0. |
|  0. |  0. | -1. || -1. |  0. |  0. ||  0. |  0. |  0. |
| -1. |  0. |  0. ||  0. |  0. |  0. ||  0. |  0. |  0. |
|=====+=====+=====||=====+=====+=====||=====+=====+=====|
|  1. |  0. |  0. ||  0. |  0. |  0. ||  1. |  0. |  0. |
|  0. |  0. |  0. ||  0. |  0. |  0. ||  0. |  0. |  0. |
|  0. |  0. |  0. ||  0. |  0. |  0. ||  0. |  0. |  0. |
|=====+=====+=====||=====+=====+=====||=====+=====+=====|
|* 0. |* 0. |* 0. ||  0. |  0. |  0. ||  0. |  0. |  0. |
|* 0. |* 0. |* 0. ||  0. |  0. |  0. ||  0. |  0. |  0. |
|* 0. |* 0. |* 0. ||  0. |  0. |  0. ||  0. |  0. |  0. |


state to eval, currenty is playerone turn=true

|  0. |  0. |  0. ||  0. |  1. |  0. ||  0. |  0. |  0. |
|  0. |  0. | -1. || -1. |  0. |  0. ||  0. |  0. |  0. |
| -1. |  0. |  0. ||  0. |  0. |  0. ||  0. |  0. |  0. |
|=====+=====+=====||=====+=====+=====||=====+=====+=====|
|  1. |  0. |  0. ||  0. |  0. |  0. ||  1. |  0. |  0. |
|  0. |  0. |  0. ||  0. |  0. |  0. ||  0. |  0. |  0. |
|  0. |  0. |  0. ||  0. |  0. |  0. ||  0. |  0. |  0. |
|=====+=====+=====||=====+=====+=====||=====+=====+=====|
|* 0. |* 0. |* 0. ||  0. |  0. |  0. ||  0. |  0. |  0. |
|* 0. |* 0. |* 0. ||  0. |  0. |  0. ||  0. |  0. |  0. |
|* 0. |* 0. |* 0. ||  0. |  0. |  0. ||  0. |  0. |  0. |


current State

|  0. |  0. |  0. ||  0. |  1. |  0. ||  0. |  0. |  0. |
|  0. |  0. | -1. || -1. |  0. |  0. ||  0. |  0. |  0. |
| -1. |  0. |  0. ||  0. |  0. |  0. ||  0. |  0. |  0. |
|=====+=====+=====||=====+=====+=====||=====+=====+=====|
|  1. |  0. |  0. ||  0. |  0. |  0. ||  1. |  0. |  0. |
|  0. |  0. |  0. ||  0. |  0. |  0. ||  0. |  0. |  0. |
|  0. |  0. |  0. ||  0. |  0. |  0. ||  0. |  0. |  0. |
|=====+=====+=====||=====+=====+=====||=====+=====+=====|
|  0. |  0. |  0. ||* 0. |* 0. |* 0. ||  0. |  0. |  0. |
|  0. |  0. |  0. ||* 0. |* 0. |* 0. ||  0. |  0. |  0. |
|  0. |  1. |  0. ||* 0. |* 0. |* 0. ||  0. |  0. |  0. |


state to eval, currenty is playerone turn=false

| -0. | -0. | -0. || -0. | -1. | -0. || -0. | -0. | -0. |
| -0. | -0. |  1. ||  1. | -0. | -0. || -0. | -0. | -0. |
|  1. | -0. | -0. || -0. | -0. | -0. || -0. | -0. | -0. |
|=====+=====+=====||=====+=====+=====||=====+=====+=====|
| -1. | -0. | -0. || -0. | -0. | -0. || -1. | -0. | -0. |
| -0. | -0. | -0. || -0. | -0. | -0. || -0. | -0. | -0. |
| -0. | -0. | -0. || -0. | -0. | -0. || -0. | -0. | -0. |
|=====+=====+=====||=====+=====+=====||=====+=====+=====|
| -0. | -0. | -0. ||*-0. |*-0. |*-0. || -0. | -0. | -0. |
| -0. | -0. | -0. ||*-0. |*-0. |*-0. || -0. | -0. | -0. |
| -0. | -1. | -0. ||*-0. |*-0. |*-0. || -0. | -0. | -0. |


current State

|* 0. |* 0. |* 0. ||  0. |  1. |  0. ||  0. |  0. |  0. |
|* 0. |* 0. |*-1. || -1. |  0. |  0. ||  0. |  0. |  0. |
|*-1. |* 0. |* 0. ||  0. |  0. |  0. ||  0. |  0. |  0. |
|=====+=====+=====||=====+=====+=====||=====+=====+=====|
|  1. |  0. |  0. ||  0. |  0. |  0. ||  1. |  0. |  0. |
|  0. |  0. |  0. ||  0. |  0. |  0. ||  0. |  0. |  0. |
|  0. |  0. |  0. ||  0. |  0. |  0. ||  0. |  0. |  0. |
|=====+=====+=====||=====+=====+=====||=====+=====+=====|
|  0. |  0. |  0. || -1. |  0. |  0. ||  0. |  0. |  0. |
|  0. |  0. |  0. ||  0. |  0. |  0. ||  0. |  0. |  0. |
|  0. |  1. |  0. ||  0. |  0. |  0. ||  0. |  0. |  0. |


state to eval, currenty is playerone turn=true

|* 0. |* 0. |* 0. ||  0. |  1. |  0. ||  0. |  0. |  0. |
|* 0. |* 0. |*-1. || -1. |  0. |  0. ||  0. |  0. |  0. |
|*-1. |* 0. |* 0. ||  0. |  0. |  0. ||  0. |  0. |  0. |
|=====+=====+=====||=====+=====+=====||=====+=====+=====|
|  1. |  0. |  0. ||  0. |  0. |  0. ||  1. |  0. |  0. |
|  0. |  0. |  0. ||  0. |  0. |  0. ||  0. |  0. |  0. |
|  0. |  0. |  0. ||  0. |  0. |  0. ||  0. |  0. |  0. |
|=====+=====+=====||=====+=====+=====||=====+=====+=====|
|  0. |  0. |  0. || -1. |  0. |  0. ||  0. |  0. |  0. |
|  0. |  0. |  0. ||  0. |  0. |  0. ||  0. |  0. |  0. |
|  0. |  1. |  0. ||  0. |  0. |  0. ||  0. |  0. |  0. |


current State

|  0. |  0. |  0. ||  0. |  1. |  0. ||  0. |  0. |  0. |
|  0. |  0. | -1. || -1. |  0. |  0. ||  0. |  0. |  0. |
| -1. |  0. |  1. ||  0. |  0. |  0. ||  0. |  0. |  0. |
|=====+=====+=====||=====+=====+=====||=====+=====+=====|
|  1. |  0. |  0. ||  0. |  0. |  0. ||  1. |  0. |  0. |
|  0. |  0. |  0. ||  0. |  0. |  0. ||  0. |  0. |  0. |
|  0. |  0. |  0. ||  0. |  0. |  0. ||  0. |  0. |  0. |
|=====+=====+=====||=====+=====+=====||=====+=====+=====|
|  0. |  0. |  0. || -1. |  0. |  0. ||* 0. |* 0. |* 0. |
|  0. |  0. |  0. ||  0. |  0. |  0. ||* 0. |* 0. |* 0. |
|  0. |  1. |  0. ||  0. |  0. |  0. ||* 0. |* 0. |* 0. |


state to eval, currenty is playerone turn=false

| -0. | -0. | -0. || -0. | -1. | -0. || -0. | -0. | -0. |
| -0. | -0. |  1. ||  1. | -0. | -0. || -0. | -0. | -0. |
|  1. | -0. | -1. || -0. | -0. | -0. || -0. | -0. | -0. |
|=====+=====+=====||=====+=====+=====||=====+=====+=====|
| -1. | -0. | -0. || -0. | -0. | -0. || -1. | -0. | -0. |
| -0. | -0. | -0. || -0. | -0. | -0. || -0. | -0. | -0. |
| -0. | -0. | -0. || -0. | -0. | -0. || -0. | -0. | -0. |
|=====+=====+=====||=====+=====+=====||=====+=====+=====|
| -0. | -0. | -0. ||  1. | -0. | -0. ||*-0. |*-0. |*-0. |
| -0. | -0. | -0. || -0. | -0. | -0. ||*-0. |*-0. |*-0. |
| -0. | -1. | -0. || -0. | -0. | -0. ||*-0. |*-0. |*-0. |


Determined best move using: 97840Iterations
current State

|  0. |  0. |  0. ||  0. |  1. |  0. ||  0. |  0. |  0. |
|  0. |  0. | -1. || -1. |  0. |  0. ||  0. |  0. |  0. |
| -1. |  0. |  1. ||  0. |  0. |  0. ||  0. |  0. |  0. |
|=====+=====+=====||=====+=====+=====||=====+=====+=====|
|  1. |  0. |  0. ||  0. |  0. |  0. ||  1. |  0. |  0. |
|  0. |  0. |  0. ||  0. |  0. |  0. ||  0. |  0. |  0. |
|  0. |  0. |  0. ||  0. |  0. |  0. ||  0. |  0. |  0. |
|=====+=====+=====||=====+=====+=====||=====+=====+=====|
|  0. |  0. |  0. ||*-1. |* 0. |* 0. ||  0. |  0. |  0. |
|  0. |  0. |  0. ||* 0. |* 0. |* 0. ||  0. |  0. |  0. |
|  0. |  1. |  0. ||* 0. |* 0. |* 0. ||  0. | -1. |  0. |


state to eval, currenty is playerone turn=true

|  0. |  0. |  0. ||  0. |  1. |  0. ||  0. |  0. |  0. |
|  0. |  0. | -1. || -1. |  0. |  0. ||  0. |  0. |  0. |
| -1. |  0. |  1. ||  0. |  0. |  0. ||  0. |  0. |  0. |
|=====+=====+=====||=====+=====+=====||=====+=====+=====|
|  1. |  0. |  0. ||  0. |  0. |  0. ||  1. |  0. |  0. |
|  0. |  0. |  0. ||  0. |  0. |  0. ||  0. |  0. |  0. |
|  0. |  0. |  0. ||  0. |  0. |  0. ||  0. |  0. |  0. |
|=====+=====+=====||=====+=====+=====||=====+=====+=====|
|  0. |  0. |  0. ||*-1. |* 0. |* 0. ||  0. |  0. |  0. |
|  0. |  0. |  0. ||* 0. |* 0. |* 0. ||  0. |  0. |  0. |
|  0. |  1. |  0. ||* 0. |* 0. |* 0. ||  0. | -1. |  0. |


Determined best move using: 72896Iterations
Determined best move using: 89109Iterations
current State

|  0. |  0. |  0. ||  0. |  1. |  0. ||  0. |  0. |  0. |
|  0. |  0. | -1. || -1. |  0. |  0. ||  0. |  0. |  0. |
| -1. |  0. |  1. ||  0. |  0. |  0. ||  0. |  0. |  0. |
|=====+=====+=====||=====+=====+=====||=====+=====+=====|
|  1. |  0. |  0. ||* 0. |* 0. |* 0. ||  1. |  0. |  0. |
|  0. |  0. |  0. ||* 0. |* 0. |* 0. ||  0. |  0. |  0. |
|  0. |  0. |  0. ||* 0. |* 0. |* 0. ||  0. |  0. |  0. |
|=====+=====+=====||=====+=====+=====||=====+=====+=====|
|  0. |  0. |  0. || -1. |  0. |  0. ||  0. |  0. |  0. |
|  0. |  0. |  0. ||  0. |  1. |  0. ||  0. |  0. |  0. |
|  0. |  1. |  0. ||  0. |  0. |  0. ||  0. | -1. |  0. |


state to eval, currenty is playerone turn=false

| -0. | -0. | -0. || -0. | -1. | -0. || -0. | -0. | -0. |
| -0. | -0. |  1. ||  1. | -0. | -0. || -0. | -0. | -0. |
|  1. | -0. | -1. || -0. | -0. | -0. || -0. | -0. | -0. |
|=====+=====+=====||=====+=====+=====||=====+=====+=====|
| -1. | -0. | -0. ||*-0. |*-0. |*-0. || -1. | -0. | -0. |
| -0. | -0. | -0. ||*-0. |*-0. |*-0. || -0. | -0. | -0. |
| -0. | -0. | -0. ||*-0. |*-0. |*-0. || -0. | -0. | -0. |
|=====+=====+=====||=====+=====+=====||=====+=====+=====|
| -0. | -0. | -0. ||  1. | -0. | -0. || -0. | -0. | -0. |
| -0. | -0. | -0. || -0. | -1. | -0. || -0. | -0. | -0. |
| -0. | -1. | -0. || -0. | -0. | -0. || -0. |  1. | -0. |


Determined best move using: 73276Iterations
Determined best move using: 93712Iterations
current State

|  0. |  0. |  0. ||  0. |  1. |  0. ||  0. |  0. |  0. |
|  0. |  0. | -1. || -1. |  0. |  0. ||  0. |  0. |  0. |
| -1. |  0. |  1. ||  0. |  0. |  0. ||  0. |  0. |  0. |
|=====+=====+=====||=====+=====+=====||=====+=====+=====|
|  1. |  0. |  0. ||  0. |  0. |  0. ||  1. |  0. |  0. |
|  0. |  0. |  0. ||  0. |  0. |  0. ||  0. |  0. |  0. |
|  0. |  0. |  0. ||  0. | -1. |  0. ||  0. |  0. |  0. |
|=====+=====+=====||=====+=====+=====||=====+=====+=====|
|  0. |  0. |  0. ||*-1. |* 0. |* 0. ||  0. |  0. |  0. |
|  0. |  0. |  0. ||* 0. |* 1. |* 0. ||  0. |  0. |  0. |
|  0. |  1. |  0. ||* 0. |* 0. |* 0. ||  0. | -1. |  0. |


state to eval, currenty is playerone turn=true

|  0. |  0. |  0. ||  0. |  1. |  0. ||  0. |  0. |  0. |
|  0. |  0. | -1. || -1. |  0. |  0. ||  0. |  0. |  0. |
| -1. |  0. |  1. ||  0. |  0. |  0. ||  0. |  0. |  0. |
|=====+=====+=====||=====+=====+=====||=====+=====+=====|
|  1. |  0. |  0. ||  0. |  0. |  0. ||  1. |  0. |  0. |
|  0. |  0. |  0. ||  0. |  0. |  0. ||  0. |  0. |  0. |
|  0. |  0. |  0. ||  0. | -1. |  0. ||  0. |  0. |  0. |
|=====+=====+=====||=====+=====+=====||=====+=====+=====|
|  0. |  0. |  0. ||*-1. |* 0. |* 0. ||  0. |  0. |  0. |
|  0. |  0. |  0. ||* 0. |* 1. |* 0. ||  0. |  0. |  0. |
|  0. |  1. |  0. ||* 0. |* 0. |* 0. ||  0. | -1. |  0. |


Determined best move using: 76229Iterations
current State

|  0. |  0. |  0. ||  0. |  1. |  0. ||  0. |  0. |  0. |
|  0. |  0. | -1. || -1. |  0. |  0. ||  0. |  0. |  0. |
| -1. |  0. |  1. ||  0. |  0. |  0. ||  0. |  0. |  0. |
|=====+=====+=====||=====+=====+=====||=====+=====+=====|
|  1. |  0. |  0. ||  0. |  0. |  0. ||  1. |  0. |  0. |
|  0. |  0. |  0. ||  0. |  0. |  0. ||  0. |  0. |  0. |
|  0. |  0. |  0. ||  0. | -1. |  0. ||  0. |  0. |  0. |
|=====+=====+=====||=====+=====+=====||=====+=====+=====|
|  0. |  0. |  0. ||*-1. |* 0. |* 0. ||  0. |  0. |  0. |
|  0. |  0. |  0. ||* 0. |* 1. |* 0. ||  0. |  0. |  0. |
|  0. |  1. |  0. ||* 0. |* 1. |* 0. ||  0. | -1. |  0. |


state to eval, currenty is playerone turn=false

| -0. | -0. | -0. || -0. | -1. | -0. || -0. | -0. | -0. |
| -0. | -0. |  1. ||  1. | -0. | -0. || -0. | -0. | -0. |
|  1. | -0. | -1. || -0. | -0. | -0. || -0. | -0. | -0. |
|=====+=====+=====||=====+=====+=====||=====+=====+=====|
| -1. | -0. | -0. || -0. | -0. | -0. || -1. | -0. | -0. |
| -0. | -0. | -0. || -0. | -0. | -0. || -0. | -0. | -0. |
| -0. | -0. | -0. || -0. |  1. | -0. || -0. | -0. | -0. |
|=====+=====+=====||=====+=====+=====||=====+=====+=====|
| -0. | -0. | -0. ||* 1. |*-0. |*-0. || -0. | -0. | -0. |
| -0. | -0. | -0. ||*-0. |*-1. |*-0. || -0. | -0. | -0. |
| -0. | -1. | -0. ||*-0. |*-1. |*-0. || -0. |  1. | -0. |


Determined best move using: 78399Iterations
Determined best move using: 93240Iterations
current State

|  0. |  0. |  0. ||  0. |  1. |  0. ||* 0. |* 0. |* 0. |
|  0. |  0. | -1. || -1. |  0. |  0. ||* 0. |* 0. |* 0. |
| -1. |  0. |  1. ||  0. |  0. |  0. ||* 0. |* 0. |* 0. |
|=====+=====+=====||=====+=====+=====||=====+=====+=====|
|  1. |  0. |  0. ||  0. |  0. |  0. ||  1. |  0. |  0. |
|  0. |  0. |  0. ||  0. |  0. |  0. ||  0. |  0. |  0. |
|  0. |  0. |  0. ||  0. | -1. |  0. ||  0. |  0. |  0. |
|=====+=====+=====||=====+=====+=====||=====+=====+=====|
|  0. |  0. |  0. || -1. |  0. | -1. ||  0. |  0. |  0. |
|  0. |  0. |  0. ||  0. |  1. |  0. ||  0. |  0. |  0. |
|  0. |  1. |  0. ||  0. |  1. |  0. ||  0. | -1. |  0. |


state to eval, currenty is playerone turn=true

|  0. |  0. |  0. ||  0. |  1. |  0. ||* 0. |* 0. |* 0. |
|  0. |  0. | -1. || -1. |  0. |  0. ||* 0. |* 0. |* 0. |
| -1. |  0. |  1. ||  0. |  0. |  0. ||* 0. |* 0. |* 0. |
|=====+=====+=====||=====+=====+=====||=====+=====+=====|
|  1. |  0. |  0. ||  0. |  0. |  0. ||  1. |  0. |  0. |
|  0. |  0. |  0. ||  0. |  0. |  0. ||  0. |  0. |  0. |
|  0. |  0. |  0. ||  0. | -1. |  0. ||  0. |  0. |  0. |
|=====+=====+=====||=====+=====+=====||=====+=====+=====|
|  0. |  0. |  0. || -1. |  0. | -1. ||  0. |  0. |  0. |
|  0. |  0. |  0. ||  0. |  1. |  0. ||  0. |  0. |  0. |
|  0. |  1. |  0. ||  0. |  1. |  0. ||  0. | -1. |  0. |


Determined best move using: 80276Iterations
current State

|* 0. |* 0. |* 0. ||  0. |  1. |  0. ||  1. |  0. |  0. |
|* 0. |* 0. |*-1. || -1. |  0. |  0. ||  0. |  0. |  0. |
|*-1. |* 0. |* 1. ||  0. |  0. |  0. ||  0. |  0. |  0. |
|=====+=====+=====||=====+=====+=====||=====+=====+=====|
|  1. |  0. |  0. ||  0. |  0. |  0. ||  1. |  0. |  0. |
|  0. |  0. |  0. ||  0. |  0. |  0. ||  0. |  0. |  0. |
|  0. |  0. |  0. ||  0. | -1. |  0. ||  0. |  0. |  0. |
|=====+=====+=====||=====+=====+=====||=====+=====+=====|
|  0. |  0. |  0. || -1. |  0. | -1. ||  0. |  0. |  0. |
|  0. |  0. |  0. ||  0. |  1. |  0. ||  0. |  0. |  0. |
|  0. |  1. |  0. ||  0. |  1. |  0. ||  0. | -1. |  0. |


state to eval, currenty is playerone turn=false

|*-0. |*-0. |*-0. || -0. | -1. | -0. || -1. | -0. | -0. |
|*-0. |*-0. |* 1. ||  1. | -0. | -0. || -0. | -0. | -0. |
|* 1. |*-0. |*-1. || -0. | -0. | -0. || -0. | -0. | -0. |
|=====+=====+=====||=====+=====+=====||=====+=====+=====|
| -1. | -0. | -0. || -0. | -0. | -0. || -1. | -0. | -0. |
| -0. | -0. | -0. || -0. | -0. | -0. || -0. | -0. | -0. |
| -0. | -0. | -0. || -0. |  1. | -0. || -0. | -0. | -0. |
|=====+=====+=====||=====+=====+=====||=====+=====+=====|
| -0. | -0. | -0. ||  1. | -0. |  1. || -0. | -0. | -0. |
| -0. | -0. | -0. || -0. | -1. | -0. || -0. | -0. | -0. |
| -0. | -1. | -0. || -0. | -1. | -0. || -0. |  1. | -0. |


Determined best move using: 80009Iterations
current State

|  0. | -1. |  0. ||* 0. |* 1. |* 0. ||  1. |  0. |  0. |
|  0. |  0. | -1. ||*-1. |* 0. |* 0. ||  0. |  0. |  0. |
| -1. |  0. |  1. ||* 0. |* 0. |* 0. ||  0. |  0. |  0. |
|=====+=====+=====||=====+=====+=====||=====+=====+=====|
|  1. |  0. |  0. ||  0. |  0. |  0. ||  1. |  0. |  0. |
|  0. |  0. |  0. ||  0. |  0. |  0. ||  0. |  0. |  0. |
|  0. |  0. |  0. ||  0. | -1. |  0. ||  0. |  0. |  0. |
|=====+=====+=====||=====+=====+=====||=====+=====+=====|
|  0. |  0. |  0. || -1. |  0. | -1. ||  0. |  0. |  0. |
|  0. |  0. |  0. ||  0. |  1. |  0. ||  0. |  0. |  0. |
|  0. |  1. |  0. ||  0. |  1. |  0. ||  0. | -1. |  0. |


state to eval, currenty is playerone turn=true

|  0. | -1. |  0. ||* 0. |* 1. |* 0. ||  1. |  0. |  0. |
|  0. |  0. | -1. ||*-1. |* 0. |* 0. ||  0. |  0. |  0. |
| -1. |  0. |  1. ||* 0. |* 0. |* 0. ||  0. |  0. |  0. |
|=====+=====+=====||=====+=====+=====||=====+=====+=====|
|  1. |  0. |  0. ||  0. |  0. |  0. ||  1. |  0. |  0. |
|  0. |  0. |  0. ||  0. |  0. |  0. ||  0. |  0. |  0. |
|  0. |  0. |  0. ||  0. | -1. |  0. ||  0. |  0. |  0. |
|=====+=====+=====||=====+=====+=====||=====+=====+=====|
|  0. |  0. |  0. || -1. |  0. | -1. ||  0. |  0. |  0. |
|  0. |  0. |  0. ||  0. |  1. |  0. ||  0. |  0. |  0. |
|  0. |  1. |  0. ||  0. |  1. |  0. ||  0. | -1. |  0. |


Determined best move using: 81622Iterations
Determined best move using: 107157Iterations
Determined best move using: 103980Iterations
current State

|  0. | -1. |  0. ||  0. |  1. |  0. ||  1. |  0. |  0. |
|  0. |  0. | -1. || -1. |  1. |  0. ||  0. |  0. |  0. |
| -1. |  0. |  1. ||  0. |  0. |  0. ||  0. |  0. |  0. |
|=====+=====+=====||=====+=====+=====||=====+=====+=====|
|  1. |  0. |  0. ||* 0. |* 0. |* 0. ||  1. |  0. |  0. |
|  0. |  0. |  0. ||* 0. |* 0. |* 0. ||  0. |  0. |  0. |
|  0. |  0. |  0. ||* 0. |*-1. |* 0. ||  0. |  0. |  0. |
|=====+=====+=====||=====+=====+=====||=====+=====+=====|
|  0. |  0. |  0. || -1. |  0. | -1. ||  0. |  0. |  0. |
|  0. |  0. |  0. ||  0. |  1. |  0. ||  0. |  0. |  0. |
|  0. |  1. |  0. ||  0. |  1. |  0. ||  0. | -1. |  0. |


state to eval, currenty is playerone turn=false

| -0. |  1. | -0. || -0. | -1. | -0. || -1. | -0. | -0. |
| -0. | -0. |  1. ||  1. | -1. | -0. || -0. | -0. | -0. |
|  1. | -0. | -1. || -0. | -0. | -0. || -0. | -0. | -0. |
|=====+=====+=====||=====+=====+=====||=====+=====+=====|
| -1. | -0. | -0. ||*-0. |*-0. |*-0. || -1. | -0. | -0. |
| -0. | -0. | -0. ||*-0. |*-0. |*-0. || -0. | -0. | -0. |
| -0. | -0. | -0. ||*-0. |* 1. |*-0. || -0. | -0. | -0. |
|=====+=====+=====||=====+=====+=====||=====+=====+=====|
| -0. | -0. | -0. ||  1. | -0. |  1. || -0. | -0. | -0. |
| -0. | -0. | -0. || -0. | -1. | -0. || -0. | -0. | -0. |
| -0. | -1. | -0. || -0. | -1. | -0. || -0. |  1. | -0. |


Determined best move using: 113312Iterations
Determined best move using: 84298Iterations
Determined best move using: 105966Iterations
Determined best move using: 98816Iterations
current State

|  0. | -1. |  0. ||  0. |  1. |  0. ||  1. |  0. |  0. |
|  0. |  0. | -1. || -1. |  1. |  0. ||  0. |  0. |  0. |
| -1. |  0. |  1. ||  0. |  0. |  0. ||  0. |  0. |  0. |
|=====+=====+=====||=====+=====+=====||=====+=====+=====|
|  1. |  0. |  0. ||  0. |  0. |  0. ||* 1. |* 0. |* 0. |
|  0. |  0. |  0. ||  0. |  0. | -1. ||* 0. |* 0. |* 0. |
|  0. |  0. |  0. ||  0. | -1. |  0. ||* 0. |* 0. |* 0. |
|=====+=====+=====||=====+=====+=====||=====+=====+=====|
|  0. |  0. |  0. || -1. |  0. | -1. ||  0. |  0. |  0. |
|  0. |  0. |  0. ||  0. |  1. |  0. ||  0. |  0. |  0. |
|  0. |  1. |  0. ||  0. |  1. |  0. ||  0. | -1. |  0. |


state to eval, currenty is playerone turn=true

|  0. | -1. |  0. ||  0. |  1. |  0. ||  1. |  0. |  0. |
|  0. |  0. | -1. || -1. |  1. |  0. ||  0. |  0. |  0. |
| -1. |  0. |  1. ||  0. |  0. |  0. ||  0. |  0. |  0. |
|=====+=====+=====||=====+=====+=====||=====+=====+=====|
|  1. |  0. |  0. ||  0. |  0. |  0. ||* 1. |* 0. |* 0. |
|  0. |  0. |  0. ||  0. |  0. | -1. ||* 0. |* 0. |* 0. |
|  0. |  0. |  0. ||  0. | -1. |  0. ||* 0. |* 0. |* 0. |
|=====+=====+=====||=====+=====+=====||=====+=====+=====|
|  0. |  0. |  0. || -1. |  0. | -1. ||  0. |  0. |  0. |
|  0. |  0. |  0. ||  0. |  1. |  0. ||  0. |  0. |  0. |
|  0. |  1. |  0. ||  0. |  1. |  0. ||  0. | -1. |  0. |


Determined best move using: 114368Iterations
Determined best move using: 83226Iterations
current State

|  0. | -1. |  0. ||  0. |  1. |  0. ||  1. |  0. |  0. |
|  0. |  0. | -1. || -1. |  1. |  0. ||  0. |  0. |  0. |
| -1. |  0. |  1. ||  0. |  0. |  0. ||  0. |  0. |  0. |
|=====+=====+=====||=====+=====+=====||=====+=====+=====|
|  1. |  0. |  0. ||  0. |  0. |  0. ||  1. |  0. |  0. |
|  0. |  0. |  0. ||  0. |  0. | -1. ||  0. |  0. |  0. |
|  0. |  0. |  0. ||  0. | -1. |  0. ||  0. |  0. |  1. |
|=====+=====+=====||=====+=====+=====||=====+=====+=====|
|  0. |  0. |  0. || -1. |  0. | -1. ||* 0. |* 0. |* 0. |
|  0. |  0. |  0. ||  0. |  1. |  0. ||* 0. |* 0. |* 0. |
|  0. |  1. |  0. ||  0. |  1. |  0. ||* 0. |*-1. |* 0. |


state to eval, currenty is playerone turn=false

| -0. |  1. | -0. || -0. | -1. | -0. || -1. | -0. | -0. |
| -0. | -0. |  1. ||  1. | -1. | -0. || -0. | -0. | -0. |
|  1. | -0. | -1. || -0. | -0. | -0. || -0. | -0. | -0. |
|=====+=====+=====||=====+=====+=====||=====+=====+=====|
| -1. | -0. | -0. || -0. | -0. | -0. || -1. | -0. | -0. |
| -0. | -0. | -0. || -0. | -0. |  1. || -0. | -0. | -0. |
| -0. | -0. | -0. || -0. |  1. | -0. || -0. | -0. | -1. |
|=====+=====+=====||=====+=====+=====||=====+=====+=====|
| -0. | -0. | -0. ||  1. | -0. |  1. ||*-0. |*-0. |*-0. |
| -0. | -0. | -0. || -0. | -1. | -0. ||*-0. |*-0. |*-0. |
| -0. | -1. | -0. || -0. | -1. | -0. ||*-0. |* 1. |*-0. |


current State

|  0. | -1. |  0. ||* 0. |* 1. |* 0. ||  1. |  0. |  0. |
|  0. |  0. | -1. ||*-1. |* 1. |* 0. ||  0. |  0. |  0. |
| -1. |  0. |  1. ||* 0. |* 0. |* 0. ||  0. |  0. |  0. |
|=====+=====+=====||=====+=====+=====||=====+=====+=====|
|  1. |  0. |  0. ||  0. |  0. |  0. ||  1. |  0. |  0. |
|  0. |  0. |  0. ||  0. |  0. | -1. ||  0. |  0. |  0. |
|  0. |  0. |  0. ||  0. | -1. |  0. ||  0. |  0. |  1. |
|=====+=====+=====||=====+=====+=====||=====+=====+=====|
|  0. |  0. |  0. || -1. |  0. | -1. ||  0. | -1. |  0. |
|  0. |  0. |  0. ||  0. |  1. |  0. ||  0. |  0. |  0. |
|  0. |  1. |  0. ||  0. |  1. |  0. ||  0. | -1. |  0. |


state to eval, currenty is playerone turn=true

|  0. | -1. |  0. ||* 0. |* 1. |* 0. ||  1. |  0. |  0. |
|  0. |  0. | -1. ||*-1. |* 1. |* 0. ||  0. |  0. |  0. |
| -1. |  0. |  1. ||* 0. |* 0. |* 0. ||  0. |  0. |  0. |
|=====+=====+=====||=====+=====+=====||=====+=====+=====|
|  1. |  0. |  0. ||  0. |  0. |  0. ||  1. |  0. |  0. |
|  0. |  0. |  0. ||  0. |  0. | -1. ||  0. |  0. |  0. |
|  0. |  0. |  0. ||  0. | -1. |  0. ||  0. |  0. |  1. |
|=====+=====+=====||=====+=====+=====||=====+=====+=====|
|  0. |  0. |  0. || -1. |  0. | -1. ||  0. | -1. |  0. |
|  0. |  0. |  0. ||  0. |  1. |  0. ||  0. |  0. |  0. |
|  0. |  1. |  0. ||  0. |  1. |  0. ||  0. | -1. |  0. |


current State

|  0. | -1. |  0. ||  0. |  1. |  0. ||  1. |  0. |  0. |
|  0. |  0. | -1. || -1. |  1. |  1. ||  0. |  0. |  0. |
| -1. |  0. |  1. ||  0. |  0. |  0. ||  0. |  0. |  0. |
|=====+=====+=====||=====+=====+=====||=====+=====+=====|
|  1. |  0. |  0. ||  0. |  0. |  0. ||* 1. |* 0. |* 0. |
|  0. |  0. |  0. ||  0. |  0. | -1. ||* 0. |* 0. |* 0. |
|  0. |  0. |  0. ||  0. | -1. |  0. ||* 0. |* 0. |* 1. |
|=====+=====+=====||=====+=====+=====||=====+=====+=====|
|  0. |  0. |  0. || -1. |  0. | -1. ||  0. | -1. |  0. |
|  0. |  0. |  0. ||  0. |  1. |  0. ||  0. |  0. |  0. |
|  0. |  1. |  0. ||  0. |  1. |  0. ||  0. | -1. |  0. |


state to eval, currenty is playerone turn=false

| -0. |  1. | -0. || -0. | -1. | -0. || -1. | -0. | -0. |
| -0. | -0. |  1. ||  1. | -1. | -1. || -0. | -0. | -0. |
|  1. | -0. | -1. || -0. | -0. | -0. || -0. | -0. | -0. |
|=====+=====+=====||=====+=====+=====||=====+=====+=====|
| -1. | -0. | -0. || -0. | -0. | -0. ||*-1. |*-0. |*-0. |
| -0. | -0. | -0. || -0. | -0. |  1. ||*-0. |*-0. |*-0. |
| -0. | -0. | -0. || -0. |  1. | -0. ||*-0. |*-0. |*-1. |
|=====+=====+=====||=====+=====+=====||=====+=====+=====|
| -0. | -0. | -0. ||  1. | -0. |  1. || -0. |  1. | -0. |
| -0. | -0. | -0. || -0. | -1. | -0. || -0. | -0. | -0. |
| -0. | -1. | -0. || -0. | -1. | -0. || -0. |  1. | -0. |


Determined best move using: 122426Iterations
current State

|  0. | -1. |  0. ||  0. |  1. |  0. ||  1. |  0. |  0. |
|  0. |  0. | -1. || -1. |  1. |  1. ||  0. |  0. |  0. |
| -1. |  0. |  1. ||  0. |  0. |  0. ||  0. |  0. |  0. |
|=====+=====+=====||=====+=====+=====||=====+=====+=====|
|  1. |  0. |  0. ||  0. |  0. |  0. ||* 1. |* 0. |* 0. |
|  0. |  0. |  0. ||  0. |  0. | -1. ||* 0. |* 0. |*-1. |
|  0. |  0. |  0. ||  0. | -1. |  0. ||* 0. |* 0. |* 1. |
|=====+=====+=====||=====+=====+=====||=====+=====+=====|
|  0. |  0. |  0. || -1. |  0. | -1. ||  0. | -1. |  0. |
|  0. |  0. |  0. ||  0. |  1. |  0. ||  0. |  0. |  0. |
|  0. |  1. |  0. ||  0. |  1. |  0. ||  0. | -1. |  0. |


state to eval, currenty is playerone turn=true

|  0. | -1. |  0. ||  0. |  1. |  0. ||  1. |  0. |  0. |
|  0. |  0. | -1. || -1. |  1. |  1. ||  0. |  0. |  0. |
| -1. |  0. |  1. ||  0. |  0. |  0. ||  0. |  0. |  0. |
|=====+=====+=====||=====+=====+=====||=====+=====+=====|
|  1. |  0. |  0. ||  0. |  0. |  0. ||* 1. |* 0. |* 0. |
|  0. |  0. |  0. ||  0. |  0. | -1. ||* 0. |* 0. |*-1. |
|  0. |  0. |  0. ||  0. | -1. |  0. ||* 0. |* 0. |* 1. |
|=====+=====+=====||=====+=====+=====||=====+=====+=====|
|  0. |  0. |  0. || -1. |  0. | -1. ||  0. | -1. |  0. |
|  0. |  0. |  0. ||  0. |  1. |  0. ||  0. |  0. |  0. |
|  0. |  1. |  0. ||  0. |  1. |  0. ||  0. | -1. |  0. |


current State

|  0. | -1. |  0. ||  0. |  1. |  0. ||  1. |  0. |  0. |
|  0. |  0. | -1. || -1. |  1. |  1. ||  0. |  0. |  0. |
| -1. |  0. |  1. ||  0. |  0. |  0. ||  0. |  0. |  0. |
|=====+=====+=====||=====+=====+=====||=====+=====+=====|
|  1. |  0. |  0. ||* 0. |* 0. |* 0. ||  1. |  0. |  0. |
|  0. |  0. |  0. ||* 0. |* 0. |*-1. ||  0. |  1. | -1. |
|  0. |  0. |  0. ||* 0. |*-1. |* 0. ||  0. |  0. |  1. |
|=====+=====+=====||=====+=====+=====||=====+=====+=====|
|  0. |  0. |  0. || -1. |  0. | -1. ||  0. | -1. |  0. |
|  0. |  0. |  0. ||  0. |  1. |  0. ||  0. |  0. |  0. |
|  0. |  1. |  0. ||  0. |  1. |  0. ||  0. | -1. |  0. |


state to eval, currenty is playerone turn=false

| -0. |  1. | -0. || -0. | -1. | -0. || -1. | -0. | -0. |
| -0. | -0. |  1. ||  1. | -1. | -1. || -0. | -0. | -0. |
|  1. | -0. | -1. || -0. | -0. | -0. || -0. | -0. | -0. |
|=====+=====+=====||=====+=====+=====||=====+=====+=====|
| -1. | -0. | -0. ||*-0. |*-0. |*-0. || -1. | -0. | -0. |
| -0. | -0. | -0. ||*-0. |*-0. |* 1. || -0. | -1. |  1. |
| -0. | -0. | -0. ||*-0. |* 1. |*-0. || -0. | -0. | -1. |
|=====+=====+=====||=====+=====+=====||=====+=====+=====|
| -0. | -0. | -0. ||  1. | -0. |  1. || -0. |  1. | -0. |
| -0. | -0. | -0. || -0. | -1. | -0. || -0. | -0. | -0. |
| -0. | -1. | -0. || -0. | -1. | -0. || -0. |  1. | -0. |


Determined best move using: 92297Iterations
Determined best move using: 117122Iterations
Determined best move using: 122230Iterations
current State

|  0. | -1. |  0. ||  0. |  1. |  0. ||  1. |  0. |  0. |
|  0. |  0. | -1. || -1. |  1. |  1. ||  0. |  0. |  0. |
| -1. |  0. |  1. ||  0. |  0. |  0. ||  0. |  0. |  0. |
|=====+=====+=====||=====+=====+=====||=====+=====+=====|
|  1. |  0. |  0. ||* 0. |* 0. |* 0. ||  1. |  0. |  0. |
|  0. |  0. |  0. ||* 0. |*-1. |*-1. ||  0. |  1. | -1. |
|  0. |  0. |  0. ||* 0. |*-1. |* 0. ||  0. |  0. |  1. |
|=====+=====+=====||=====+=====+=====||=====+=====+=====|
|  0. |  0. |  0. || -1. |  0. | -1. ||  0. | -1. |  0. |
|  0. |  0. |  0. ||  0. |  1. |  0. ||  0. |  0. |  0. |
|  0. |  1. |  0. ||  0. |  1. |  0. ||  0. | -1. |  0. |


state to eval, currenty is playerone turn=true

|  0. | -1. |  0. ||  0. |  1. |  0. ||  1. |  0. |  0. |
|  0. |  0. | -1. || -1. |  1. |  1. ||  0. |  0. |  0. |
| -1. |  0. |  1. ||  0. |  0. |  0. ||  0. |  0. |  0. |
|=====+=====+=====||=====+=====+=====||=====+=====+=====|
|  1. |  0. |  0. ||* 0. |* 0. |* 0. ||  1. |  0. |  0. |
|  0. |  0. |  0. ||* 0. |*-1. |*-1. ||  0. |  1. | -1. |
|  0. |  0. |  0. ||* 0. |*-1. |* 0. ||  0. |  0. |  1. |
|=====+=====+=====||=====+=====+=====||=====+=====+=====|
|  0. |  0. |  0. || -1. |  0. | -1. ||  0. | -1. |  0. |
|  0. |  0. |  0. ||  0. |  1. |  0. ||  0. |  0. |  0. |
|  0. |  1. |  0. ||  0. |  1. |  0. ||  0. | -1. |  0. |


Determined best move using: 123986Iterations
Determined best move using: 115950Iterations
Determined best move using: 92187Iterations
current State

|  0. | -1. |  0. ||  0. |  1. |  0. ||  1. |  0. |  0. |
|  0. |  0. | -1. || -1. |  1. |  1. ||  0. |  0. |  0. |
| -1. |  0. |  1. ||  0. |  0. |  0. ||  0. |  0. |  0. |
|=====+=====+=====||=====+=====+=====||=====+=====+=====|
|  1. |  0. |  0. ||  0. |  0. |  0. ||  1. |  0. |  0. |
|  0. |  0. |  0. ||  0. | -1. | -1. ||  0. |  1. | -1. |
|  0. |  0. |  0. ||  1. | -1. |  0. ||  0. |  0. |  1. |
|=====+=====+=====||=====+=====+=====||=====+=====+=====|
|* 0. |* 0. |* 0. || -1. |  0. | -1. ||  0. | -1. |  0. |
|* 0. |* 0. |* 0. ||  0. |  1. |  0. ||  0. |  0. |  0. |
|* 0. |* 1. |* 0. ||  0. |  1. |  0. ||  0. | -1. |  0. |


state to eval, currenty is playerone turn=false

| -0. |  1. | -0. || -0. | -1. | -0. || -1. | -0. | -0. |
| -0. | -0. |  1. ||  1. | -1. | -1. || -0. | -0. | -0. |
|  1. | -0. | -1. || -0. | -0. | -0. || -0. | -0. | -0. |
|=====+=====+=====||=====+=====+=====||=====+=====+=====|
| -1. | -0. | -0. || -0. | -0. | -0. || -1. | -0. | -0. |
| -0. | -0. | -0. || -0. |  1. |  1. || -0. | -1. |  1. |
| -0. | -0. | -0. || -1. |  1. | -0. || -0. | -0. | -1. |
|=====+=====+=====||=====+=====+=====||=====+=====+=====|
|*-0. |*-0. |*-0. ||  1. | -0. |  1. || -0. |  1. | -0. |
|*-0. |*-0. |*-0. || -0. | -1. | -0. || -0. | -0. | -0. |
|*-0. |*-1. |*-0. || -0. | -1. | -0. || -0. |  1. | -0. |


current State

|* 0. |*-1. |* 0. ||  0. |  1. |  0. ||  1. |  0. |  0. |
|* 0. |* 0. |*-1. || -1. |  1. |  1. ||  0. |  0. |  0. |
|*-1. |* 0. |* 1. ||  0. |  0. |  0. ||  0. |  0. |  0. |
|=====+=====+=====||=====+=====+=====||=====+=====+=====|
|  1. |  0. |  0. ||  0. |  0. |  0. ||  1. |  0. |  0. |
|  0. |  0. |  0. ||  0. | -1. | -1. ||  0. |  1. | -1. |
|  0. |  0. |  0. ||  1. | -1. |  0. ||  0. |  0. |  1. |
|=====+=====+=====||=====+=====+=====||=====+=====+=====|
| -1. |  0. |  0. || -1. |  0. | -1. ||  0. | -1. |  0. |
|  0. |  0. |  0. ||  0. |  1. |  0. ||  0. |  0. |  0. |
|  0. |  1. |  0. ||  0. |  1. |  0. ||  0. | -1. |  0. |


state to eval, currenty is playerone turn=true

|* 0. |*-1. |* 0. ||  0. |  1. |  0. ||  1. |  0. |  0. |
|* 0. |* 0. |*-1. || -1. |  1. |  1. ||  0. |  0. |  0. |
|*-1. |* 0. |* 1. ||  0. |  0. |  0. ||  0. |  0. |  0. |
|=====+=====+=====||=====+=====+=====||=====+=====+=====|
|  1. |  0. |  0. ||  0. |  0. |  0. ||  1. |  0. |  0. |
|  0. |  0. |  0. ||  0. | -1. | -1. ||  0. |  1. | -1. |
|  0. |  0. |  0. ||  1. | -1. |  0. ||  0. |  0. |  1. |
|=====+=====+=====||=====+=====+=====||=====+=====+=====|
| -1. |  0. |  0. || -1. |  0. | -1. ||  0. | -1. |  0. |
|  0. |  0. |  0. ||  0. |  1. |  0. ||  0. |  0. |  0. |
|  0. |  1. |  0. ||  0. |  1. |  0. ||  0. | -1. |  0. |


Determined best move using: 56609Iterations
current State

|* 1. |*-1. |* 0. ||  0. |  1. |  0. ||  1. |  0. |  0. |
|* 0. |* 0. |*-1. || -1. |  1. |  1. ||  0. |  0. |  0. |
|*-1. |* 0. |* 1. ||  0. |  0. |  0. ||  0. |  0. |  0. |
|=====+=====+=====||=====+=====+=====||=====+=====+=====|
|  1. |  0. |  0. ||  0. |  0. |  0. ||  1. |  0. |  0. |
|  0. |  0. |  0. ||  0. | -1. | -1. ||  0. |  1. | -1. |
|  0. |  0. |  0. ||  1. | -1. |  0. ||  0. |  0. |  1. |
|=====+=====+=====||=====+=====+=====||=====+=====+=====|
| -1. |  0. |  0. || -1. |  0. | -1. ||  0. | -1. |  0. |
|  0. |  0. |  0. ||  0. |  1. |  0. ||  0. |  0. |  0. |
|  0. |  1. |  0. ||  0. |  1. |  0. ||  0. | -1. |  0. |


state to eval, currenty is playerone turn=false

|*-1. |* 1. |*-0. || -0. | -1. | -0. || -1. | -0. | -0. |
|*-0. |*-0. |* 1. ||  1. | -1. | -1. || -0. | -0. | -0. |
|* 1. |*-0. |*-1. || -0. | -0. | -0. || -0. | -0. | -0. |
|=====+=====+=====||=====+=====+=====||=====+=====+=====|
| -1. | -0. | -0. || -0. | -0. | -0. || -1. | -0. | -0. |
| -0. | -0. | -0. || -0. |  1. |  1. || -0. | -1. |  1. |
| -0. | -0. | -0. || -1. |  1. | -0. || -0. | -0. | -1. |
|=====+=====+=====||=====+=====+=====||=====+=====+=====|
|  1. | -0. | -0. ||  1. | -0. |  1. || -0. |  1. | -0. |
| -0. | -0. | -0. || -0. | -1. | -0. || -0. | -0. | -0. |
| -0. | -1. | -0. || -0. | -1. | -0. || -0. |  1. | -0. |


Determined best move using: 140299Iterations
current State

|  1. | -1. | -1. ||  0. |  1. |  0. ||* 1. |* 0. |* 0. |
|  0. |  0. | -1. || -1. |  1. |  1. ||* 0. |* 0. |* 0. |
| -1. |  0. |  1. ||  0. |  0. |  0. ||* 0. |* 0. |* 0. |
|=====+=====+=====||=====+=====+=====||=====+=====+=====|
|  1. |  0. |  0. ||  0. |  0. |  0. ||  1. |  0. |  0. |
|  0. |  0. |  0. ||  0. | -1. | -1. ||  0. |  1. | -1. |
|  0. |  0. |  0. ||  1. | -1. |  0. ||  0. |  0. |  1. |
|=====+=====+=====||=====+=====+=====||=====+=====+=====|
| -1. |  0. |  0. || -1. |  0. | -1. ||  0. | -1. |  0. |
|  0. |  0. |  0. ||  0. |  1. |  0. ||  0. |  0. |  0. |
|  0. |  1. |  0. ||  0. |  1. |  0. ||  0. | -1. |  0. |


state to eval, currenty is playerone turn=true

|  1. | -1. | -1. ||  0. |  1. |  0. ||* 1. |* 0. |* 0. |
|  0. |  0. | -1. || -1. |  1. |  1. ||* 0. |* 0. |* 0. |
| -1. |  0. |  1. ||  0. |  0. |  0. ||* 0. |* 0. |* 0. |
|=====+=====+=====||=====+=====+=====||=====+=====+=====|
|  1. |  0. |  0. ||  0. |  0. |  0. ||  1. |  0. |  0. |
|  0. |  0. |  0. ||  0. | -1. | -1. ||  0. |  1. | -1. |
|  0. |  0. |  0. ||  1. | -1. |  0. ||  0. |  0. |  1. |
|=====+=====+=====||=====+=====+=====||=====+=====+=====|
| -1. |  0. |  0. || -1. |  0. | -1. ||  0. | -1. |  0. |
|  0. |  0. |  0. ||  0. |  1. |  0. ||  0. |  0. |  0. |
|  0. |  1. |  0. ||  0. |  1. |  0. ||  0. | -1. |  0. |


current State

|  1. | -1. | -1. ||  0. |  1. |  0. ||  1. |  0. |  0. |
|  0. |  0. | -1. || -1. |  1. |  1. ||  0. |  0. |  0. |
| -1. |  0. |  1. ||  0. |  0. |  0. ||  1. |  0. |  0. |
|=====+=====+=====||=====+=====+=====||=====+=====+=====|
|  1. |  0. |  0. ||  0. |  0. |  0. ||  1. |  0. |  0. |
|  0. |  0. |  0. ||  0. | -1. | -1. ||  0. |  1. | -1. |
|  0. |  0. |  0. ||  1. | -1. |  0. ||  0. |  0. |  1. |
|=====+=====+=====||=====+=====+=====||=====+=====+=====|
|*-1. |* 0. |* 0. || -1. |  0. | -1. ||  0. | -1. |  0. |
|* 0. |* 0. |* 0. ||  0. |  1. |  0. ||  0. |  0. |  0. |
|* 0. |* 1. |* 0. ||  0. |  1. |  0. ||  0. | -1. |  0. |


state to eval, currenty is playerone turn=false

| -1. |  1. |  1. || -0. | -1. | -0. || -1. | -0. | -0. |
| -0. | -0. |  1. ||  1. | -1. | -1. || -0. | -0. | -0. |
|  1. | -0. | -1. || -0. | -0. | -0. || -1. | -0. | -0. |
|=====+=====+=====||=====+=====+=====||=====+=====+=====|
| -1. | -0. | -0. || -0. | -0. | -0. || -1. | -0. | -0. |
| -0. | -0. | -0. || -0. |  1. |  1. || -0. | -1. |  1. |
| -0. | -0. | -0. || -1. |  1. | -0. || -0. | -0. | -1. |
|=====+=====+=====||=====+=====+=====||=====+=====+=====|
|* 1. |*-0. |*-0. ||  1. | -0. |  1. || -0. |  1. | -0. |
|*-0. |*-0. |*-0. || -0. | -1. | -0. || -0. | -0. | -0. |
|*-0. |*-1. |*-0. || -0. | -1. | -0. || -0. |  1. | -0. |


current State

|  1. | -1. | -1. ||  0. |  1. |  0. ||  1. |  0. |  0. |
|  0. |  0. | -1. || -1. |  1. |  1. ||  0. |  0. |  0. |
| -1. |  0. |  1. ||  0. |  0. |  0. ||  1. |  0. |  0. |
|=====+=====+=====||=====+=====+=====||=====+=====+=====|
|  1. |  0. |  0. ||  0. |  0. |  0. ||  1. |  0. |  0. |
|  0. |  0. |  0. ||  0. | -1. | -1. ||  0. |  1. | -1. |
|  0. |  0. |  0. ||  1. | -1. |  0. ||  0. |  0. |  1. |
|=====+=====+=====||=====+=====+=====||=====+=====+=====|
| -1. |  0. |  0. || -1. |  0. | -1. ||* 0. |*-1. |* 0. |
|  0. |  0. |  0. ||  0. |  1. |  0. ||* 0. |* 0. |* 0. |
|  0. |  1. | -1. ||  0. |  1. |  0. ||* 0. |*-1. |* 0. |


state to eval, currenty is playerone turn=true

|  1. | -1. | -1. ||  0. |  1. |  0. ||  1. |  0. |  0. |
|  0. |  0. | -1. || -1. |  1. |  1. ||  0. |  0. |  0. |
| -1. |  0. |  1. ||  0. |  0. |  0. ||  1. |  0. |  0. |
|=====+=====+=====||=====+=====+=====||=====+=====+=====|
|  1. |  0. |  0. ||  0. |  0. |  0. ||  1. |  0. |  0. |
|  0. |  0. |  0. ||  0. | -1. | -1. ||  0. |  1. | -1. |
|  0. |  0. |  0. ||  1. | -1. |  0. ||  0. |  0. |  1. |
|=====+=====+=====||=====+=====+=====||=====+=====+=====|
| -1. |  0. |  0. || -1. |  0. | -1. ||* 0. |*-1. |* 0. |
|  0. |  0. |  0. ||  0. |  1. |  0. ||* 0. |* 0. |* 0. |
|  0. |  1. | -1. ||  0. |  1. |  0. ||* 0. |*-1. |* 0. |


current State

|  1. | -1. | -1. ||  0. |  1. |  0. ||* 1. |* 0. |* 0. |
|  0. |  0. | -1. || -1. |  1. |  1. ||* 0. |* 0. |* 0. |
| -1. |  0. |  1. ||  0. |  0. |  0. ||* 1. |* 0. |* 0. |
|=====+=====+=====||=====+=====+=====||=====+=====+=====|
|  1. |  0. |  0. ||  0. |  0. |  0. ||  1. |  0. |  0. |
|  0. |  0. |  0. ||  0. | -1. | -1. ||  0. |  1. | -1. |
|  0. |  0. |  0. ||  1. | -1. |  0. ||  0. |  0. |  1. |
|=====+=====+=====||=====+=====+=====||=====+=====+=====|
| -1. |  0. |  0. || -1. |  0. | -1. ||  0. | -1. |  1. |
|  0. |  0. |  0. ||  0. |  1. |  0. ||  0. |  0. |  0. |
|  0. |  1. | -1. ||  0. |  1. |  0. ||  0. | -1. |  0. |


state to eval, currenty is playerone turn=false

| -1. |  1. |  1. || -0. | -1. | -0. ||*-1. |*-0. |*-0. |
| -0. | -0. |  1. ||  1. | -1. | -1. ||*-0. |*-0. |*-0. |
|  1. | -0. | -1. || -0. | -0. | -0. ||*-1. |*-0. |*-0. |
|=====+=====+=====||=====+=====+=====||=====+=====+=====|
| -1. | -0. | -0. || -0. | -0. | -0. || -1. | -0. | -0. |
| -0. | -0. | -0. || -0. |  1. |  1. || -0. | -1. |  1. |
| -0. | -0. | -0. || -1. |  1. | -0. || -0. | -0. | -1. |
|=====+=====+=====||=====+=====+=====||=====+=====+=====|
|  1. | -0. | -0. ||  1. | -0. |  1. || -0. |  1. | -1. |
| -0. | -0. | -0. || -0. | -1. | -0. || -0. | -0. | -0. |
| -0. | -1. |  1. || -0. | -1. | -0. || -0. |  1. | -0. |


current State

|* 1. |*-1. |*-1. ||* 0. |* 1. |* 0. ||* 1. |* 0. |* 0. |
|* 0. |* 0. |*-1. ||*-1. |* 1. |* 1. ||* 0. |* 0. |*-1. |
|*-1. |* 0. |* 1. ||* 0. |* 0. |* 0. ||* 1. |* 0. |* 0. |
|=====+=====+=====||=====+=====+=====||=====+=====+=====|
|* 1. |* 0. |* 0. ||* 0. |* 0. |* 0. ||  1. |  0. |  0. |
|* 0. |* 0. |* 0. ||* 0. |*-1. |*-1. ||  0. |  1. | -1. |
|* 0. |* 0. |* 0. ||* 1. |*-1. |* 0. ||  0. |  0. |  1. |
|=====+=====+=====||=====+=====+=====||=====+=====+=====|
|*-1. |* 0. |* 0. ||*-1. |* 0. |*-1. ||* 0. |*-1. |* 1. |
|* 0. |* 0. |* 0. ||* 0. |* 1. |* 0. ||* 0. |* 0. |* 0. |
|* 0. |* 1. |*-1. ||* 0. |* 1. |* 0. ||* 0. |*-1. |* 0. |


state to eval, currenty is playerone turn=true

|* 1. |*-1. |*-1. ||* 0. |* 1. |* 0. ||* 1. |* 0. |* 0. |
|* 0. |* 0. |*-1. ||*-1. |* 1. |* 1. ||* 0. |* 0. |*-1. |
|*-1. |* 0. |* 1. ||* 0. |* 0. |* 0. ||* 1. |* 0. |* 0. |
|=====+=====+=====||=====+=====+=====||=====+=====+=====|
|* 1. |* 0. |* 0. ||* 0. |* 0. |* 0. ||  1. |  0. |  0. |
|* 0. |* 0. |* 0. ||* 0. |*-1. |*-1. ||  0. |  1. | -1. |
|* 0. |* 0. |* 0. ||* 1. |*-1. |* 0. ||  0. |  0. |  1. |
|=====+=====+=====||=====+=====+=====||=====+=====+=====|
|*-1. |* 0. |* 0. ||*-1. |* 0. |*-1. ||* 0. |*-1. |* 1. |
|* 0. |* 0. |* 0. ||* 0. |* 1. |* 0. ||* 0. |* 0. |* 0. |
|* 0. |* 1. |*-1. ||* 0. |* 1. |* 0. ||* 0. |*-1. |* 0. |


current State

|  1. | -1. | -1. ||  0. |  1. |  0. ||  1. |  0. |  0. |
|  0. |  1. | -1. || -1. |  1. |  1. ||  0. |  0. | -1. |
| -1. |  0. |  1. ||  0. |  0. |  0. ||  1. |  0. |  0. |
|=====+=====+=====||=====+=====+=====||=====+=====+=====|
|  1. |  0. |  0. ||* 0. |* 0. |* 0. ||  1. |  0. |  0. |
|  0. |  0. |  0. ||* 0. |*-1. |*-1. ||  0. |  1. | -1. |
|  0. |  0. |  0. ||* 1. |*-1. |* 0. ||  0. |  0. |  1. |
|=====+=====+=====||=====+=====+=====||=====+=====+=====|
| -1. |  0. |  0. || -1. |  0. | -1. ||  0. | -1. |  1. |
|  0. |  0. |  0. ||  0. |  1. |  0. ||  0. |  0. |  0. |
|  0. |  1. | -1. ||  0. |  1. |  0. ||  0. | -1. |  0. |


state to eval, currenty is playerone turn=false

| -1. |  1. |  1. || -0. | -1. | -0. || -1. | -0. | -0. |
| -0. | -1. |  1. ||  1. | -1. | -1. || -0. | -0. |  1. |
|  1. | -0. | -1. || -0. | -0. | -0. || -1. | -0. | -0. |
|=====+=====+=====||=====+=====+=====||=====+=====+=====|
| -1. | -0. | -0. ||*-0. |*-0. |*-0. || -1. | -0. | -0. |
| -0. | -0. | -0. ||*-0. |* 1. |* 1. || -0. | -1. |  1. |
| -0. | -0. | -0. ||*-1. |* 1. |*-0. || -0. | -0. | -1. |
|=====+=====+=====||=====+=====+=====||=====+=====+=====|
|  1. | -0. | -0. ||  1. | -0. |  1. || -0. |  1. | -1. |
| -0. | -0. | -0. || -0. | -1. | -0. || -0. | -0. | -0. |
| -0. | -1. |  1. || -0. | -1. | -0. || -0. |  1. | -0. |


Determined best move using: 179292Iterations
current State

|  1. | -1. | -1. ||* 0. |* 1. |* 0. ||  1. |  0. |  0. |
|  0. |  1. | -1. ||*-1. |* 1. |* 1. ||  0. |  0. | -1. |
| -1. |  0. |  1. ||* 0. |* 0. |* 0. ||  1. |  0. |  0. |
|=====+=====+=====||=====+=====+=====||=====+=====+=====|
|  1. |  0. |  0. ||  0. | -1. |  0. ||  1. |  0. |  0. |
|  0. |  0. |  0. ||  0. | -1. | -1. ||  0. |  1. | -1. |
|  0. |  0. |  0. ||  1. | -1. |  0. ||  0. |  0. |  1. |
|=====+=====+=====||=====+=====+=====||=====+=====+=====|
| -1. |  0. |  0. || -1. |  0. | -1. ||  0. | -1. |  1. |
|  0. |  0. |  0. ||  0. |  1. |  0. ||  0. |  0. |  0. |
|  0. |  1. | -1. ||  0. |  1. |  0. ||  0. | -1. |  0. |


state to eval, currenty is playerone turn=true

|  1. | -1. | -1. ||* 0. |* 1. |* 0. ||  1. |  0. |  0. |
|  0. |  1. | -1. ||*-1. |* 1. |* 1. ||  0. |  0. | -1. |
| -1. |  0. |  1. ||* 0. |* 0. |* 0. ||  1. |  0. |  0. |
|=====+=====+=====||=====+=====+=====||=====+=====+=====|
|  1. |  0. |  0. ||  0. | -1. |  0. ||  1. |  0. |  0. |
|  0. |  0. |  0. ||  0. | -1. | -1. ||  0. |  1. | -1. |
|  0. |  0. |  0. ||  1. | -1. |  0. ||  0. |  0. |  1. |
|=====+=====+=====||=====+=====+=====||=====+=====+=====|
| -1. |  0. |  0. || -1. |  0. | -1. ||  0. | -1. |  1. |
|  0. |  0. |  0. ||  0. |  1. |  0. ||  0. |  0. |  0. |
|  0. |  1. | -1. ||  0. |  1. |  0. ||  0. | -1. |  0. |


current State

|  1. | -1. | -1. ||  0. |  1. |  0. ||  1. |  0. |  0. |
|  0. |  1. | -1. || -1. |  1. |  1. ||  0. |  0. | -1. |
| -1. |  0. |  1. ||  0. |  1. |  0. ||  1. |  0. |  0. |
|=====+=====+=====||=====+=====+=====||=====+=====+=====|
|  1. |  0. |  0. ||  0. | -1. |  0. ||  1. |  0. |  0. |
|  0. |  0. |  0. ||  0. | -1. | -1. ||  0. |  1. | -1. |
|  0. |  0. |  0. ||  1. | -1. |  0. ||  0. |  0. |  1. |
|=====+=====+=====||=====+=====+=====||=====+=====+=====|
| -1. |  0. |  0. ||*-1. |* 0. |*-1. ||  0. | -1. |  1. |
|  0. |  0. |  0. ||* 0. |* 1. |* 0. ||  0. |  0. |  0. |
|  0. |  1. | -1. ||* 0. |* 1. |* 0. ||  0. | -1. |  0. |


state to eval, currenty is playerone turn=false

| -1. |  1. |  1. || -0. | -1. | -0. || -1. | -0. | -0. |
| -0. | -1. |  1. ||  1. | -1. | -1. || -0. | -0. |  1. |
|  1. | -0. | -1. || -0. | -1. | -0. || -1. | -0. | -0. |
|=====+=====+=====||=====+=====+=====||=====+=====+=====|
| -1. | -0. | -0. || -0. |  1. | -0. || -1. | -0. | -0. |
| -0. | -0. | -0. || -0. |  1. |  1. || -0. | -1. |  1. |
| -0. | -0. | -0. || -1. |  1. | -0. || -0. | -0. | -1. |
|=====+=====+=====||=====+=====+=====||=====+=====+=====|
|  1. | -0. | -0. ||* 1. |*-0. |* 1. || -0. |  1. | -1. |
| -0. | -0. | -0. ||*-0. |*-1. |*-0. || -0. | -0. | -0. |
| -0. | -1. |  1. ||*-0. |*-1. |*-0. || -0. |  1. | -0. |


current State

|  1. | -1. | -1. ||  0. |  1. |  0. ||* 1. |* 0. |* 0. |
|  0. |  1. | -1. || -1. |  1. |  1. ||* 0. |* 0. |*-1. |
| -1. |  0. |  1. ||  0. |  1. |  0. ||* 1. |* 0. |* 0. |
|=====+=====+=====||=====+=====+=====||=====+=====+=====|
|* 1. |* 0. |* 0. ||  0. | -1. |  0. ||  1. |  0. |  0. |
|* 0. |* 0. |* 0. ||  0. | -1. | -1. ||  0. |  1. | -1. |
|* 0. |* 0. |* 0. ||  1. | -1. |  0. ||  0. |  0. |  1. |
|=====+=====+=====||=====+=====+=====||=====+=====+=====|
|*-1. |* 0. |* 0. || -1. | -1. | -1. ||* 0. |*-1. |* 1. |
|* 0. |* 0. |* 0. ||  0. |  1. |  0. ||* 0. |* 0. |* 0. |
|* 0. |* 1. |*-1. ||  0. |  1. |  0. ||* 0. |*-1. |* 0. |


state to eval, currenty is playerone turn=true

|  1. | -1. | -1. ||  0. |  1. |  0. ||* 1. |* 0. |* 0. |
|  0. |  1. | -1. || -1. |  1. |  1. ||* 0. |* 0. |*-1. |
| -1. |  0. |  1. ||  0. |  1. |  0. ||* 1. |* 0. |* 0. |
|=====+=====+=====||=====+=====+=====||=====+=====+=====|
|* 1. |* 0. |* 0. ||  0. | -1. |  0. ||  1. |  0. |  0. |
|* 0. |* 0. |* 0. ||  0. | -1. | -1. ||  0. |  1. | -1. |
|* 0. |* 0. |* 0. ||  1. | -1. |  0. ||  0. |  0. |  1. |
|=====+=====+=====||=====+=====+=====||=====+=====+=====|
|*-1. |* 0. |* 0. || -1. | -1. | -1. ||* 0. |*-1. |* 1. |
|* 0. |* 0. |* 0. ||  0. |  1. |  0. ||* 0. |* 0. |* 0. |
|* 0. |* 1. |*-1. ||  0. |  1. |  0. ||* 0. |*-1. |* 0. |


Determined best move using: 73692Iterations
current State

|  1. | -1. | -1. ||  0. |  1. |  0. ||  1. |  0. |  0. |
|  0. |  1. | -1. || -1. |  1. |  1. ||  1. |  0. | -1. |
| -1. |  0. |  1. ||  0. |  1. |  0. ||  1. |  0. |  0. |
|=====+=====+=====||=====+=====+=====||=====+=====+=====|
|* 1. |* 0. |* 0. ||  0. | -1. |  0. ||  1. |  0. |  0. |
|* 0. |* 0. |* 0. ||  0. | -1. | -1. ||  0. |  1. | -1. |
|* 0. |* 0. |* 0. ||  1. | -1. |  0. ||  0. |  0. |  1. |
|=====+=====+=====||=====+=====+=====||=====+=====+=====|
| -1. |  0. |  0. || -1. | -1. | -1. ||  0. | -1. |  1. |
|  0. |  0. |  0. ||  0. |  1. |  0. ||  0. |  0. |  0. |
|  0. |  1. | -1. ||  0. |  1. |  0. ||  0. | -1. |  0. |


Game ended in: 37 moves
Actual data created in graphical format: 
[StateDatum{MCTSProbabilites=
|  .0169 |  .0103 |  .0154 ||  .0118 |  .0209 |  .0135 ||  .0105 |  .0164 |  .0151 |
|  .0148 |  .0116 |  .0119 ||  .0063 |  .0125 |  .0096 ||  .0096 |  .019 |  .0165 |
|  .0123 |  .0101 |  .0105 ||  .0128 |  .0142 |  .016 ||  .0111 |  .0144 |  .0128 |
|========+========+========||========+========+========||========+========+========|
|  .0124 |  .0124 |  .0111 ||  .0086 |  .019 |  .0129 ||  .0099 |  .0072 |  .0185 |
|  .0146 |  .0114 |  .0137 ||  .0065 |  .0116 |  .0138 ||  .0116 |  .0123 |  .01 |
|  .0145 |  .0163 |  .013 ||  .0101 |  .0097 |  .0075 ||  .0144 |  .0082 |  .0165 |
|========+========+========||========+========+========||========+========+========|
|  .0162 |  .0099 |  .0089 ||  .0138 |  .0075 |  .0134 ||  .0114 |  .0107 |  .0097 |
|  .0156 |  .0115 |  .0092 ||  .0122 |  .0184 |  .0143 ||  .0096 |  .0126 |  .013 |
|  .0089 |  .0036 |  .01 ||  .0138 |  .0101 |  .0136 ||  .0147 |  .0146 |  .0084 |

, state=
|* 0. |* 0. |* 0. ||* 0. |* 0. |* 0. ||* 0. |* 0. |* 0. |
|* 0. |* 0. |* 0. ||* 0. |* 0. |* 0. ||* 0. |* 0. |* 0. |
|* 0. |* 0. |* 0. ||* 0. |* 0. |* 0. ||* 0. |* 0. |* 0. |
|=====+=====+=====||=====+=====+=====||=====+=====+=====|
|* 0. |* 0. |* 0. ||* 0. |* 0. |* 0. ||* 0. |* 0. |* 0. |
|* 0. |* 0. |* 0. ||* 0. |* 0. |* 0. ||* 0. |* 0. |* 0. |
|* 0. |* 0. |* 0. ||* 0. |* 0. |* 0. ||* 0. |* 0. |* 0. |
|=====+=====+=====||=====+=====+=====||=====+=====+=====|
|* 0. |* 0. |* 0. ||* 0. |* 0. |* 0. ||* 0. |* 0. |* 0. |
|* 0. |* 0. |* 0. ||* 0. |* 0. |* 0. ||* 0. |* 0. |* 0. |
|* 0. |* 0. |* 0. ||* 0. |* 0. |* 0. ||* 0. |* 0. |* 0. |

, evalForThisState=1.0, isPlayerOneTurnOriginally=true}, StateDatum{MCTSProbabilites=
|  .0 |  .0 |  .0 ||  .0398 |  .0 |  .0365 ||  .0 |  .0 |  .0 |
|  .0 |  .0 |  .0 ||  .3836 |  .0314 |  .0486 ||  .0 |  .0 |  .0 |
|  .0 |  .0 |  .0 ||  .045 |  .0606 |  .3546 ||  .0 |  .0 |  .0 |
|========+========+========||========+========+========||========+========+========|
|  .0 |  .0 |  .0 ||  .0 |  .0 |  .0 ||  .0 |  .0 |  .0 |
|  .0 |  .0 |  .0 ||  .0 |  .0 |  .0 ||  .0 |  .0 |  .0 |
|  .0 |  .0 |  .0 ||  .0 |  .0 |  .0 ||  .0 |  .0 |  .0 |
|========+========+========||========+========+========||========+========+========|
|  .0 |  .0 |  .0 ||  .0 |  .0 |  .0 ||  .0 |  .0 |  .0 |
|  .0 |  .0 |  .0 ||  .0 |  .0 |  .0 ||  .0 |  .0 |  .0 |
|  .0 |  .0 |  .0 ||  .0 |  .0 |  .0 ||  .0 |  .0 |  .0 |

, state=
| -0. | -0. | -0. ||*-0. |*-1. |*-0. || -0. | -0. | -0. |
| -0. | -0. | -0. ||*-0. |*-0. |*-0. || -0. | -0. | -0. |
| -0. | -0. | -0. ||*-0. |*-0. |*-0. || -0. | -0. | -0. |
|=====+=====+=====||=====+=====+=====||=====+=====+=====|
| -0. | -0. | -0. || -0. | -0. | -0. || -0. | -0. | -0. |
| -0. | -0. | -0. || -0. | -0. | -0. || -0. | -0. | -0. |
| -0. | -0. | -0. || -0. | -0. | -0. || -0. | -0. | -0. |
|=====+=====+=====||=====+=====+=====||=====+=====+=====|
| -0. | -0. | -0. || -0. | -0. | -0. || -0. | -0. | -0. |
| -0. | -0. | -0. || -0. | -0. | -0. || -0. | -0. | -0. |
| -0. | -0. | -0. || -0. | -0. | -0. || -0. | -0. | -0. |

, evalForThisState=-1.0, isPlayerOneTurnOriginally=false}, StateDatum{MCTSProbabilites=
|  .0 |  .0 |  .0 ||  .0 |  .0 |  .0 ||  .0 |  .0 |  .0 |
|  .0 |  .0 |  .0 ||  .0 |  .0 |  .0 ||  .0 |  .0 |  .0 |
|  .0 |  .0 |  .0 ||  .0 |  .0 |  .0 ||  .0 |  .0 |  .0 |
|========+========+========||========+========+========||========+========+========|
|  .1744 |  .1127 |  .1034 ||  .0 |  .0 |  .0 ||  .0 |  .0 |  .0 |
|  .1413 |  .0819 |  .0638 ||  .0 |  .0 |  .0 ||  .0 |  .0 |  .0 |
|  .1319 |  .1128 |  .0779 ||  .0 |  .0 |  .0 ||  .0 |  .0 |  .0 |
|========+========+========||========+========+========||========+========+========|
|  .0 |  .0 |  .0 ||  .0 |  .0 |  .0 ||  .0 |  .0 |  .0 |
|  .0 |  .0 |  .0 ||  .0 |  .0 |  .0 ||  .0 |  .0 |  .0 |
|  .0 |  .0 |  .0 ||  .0 |  .0 |  .0 ||  .0 |  .0 |  .0 |

, state=
|  0. |  0. |  0. ||  0. |  1. |  0. ||  0. |  0. |  0. |
|  0. |  0. |  0. || -1. |  0. |  0. ||  0. |  0. |  0. |
|  0. |  0. |  0. ||  0. |  0. |  0. ||  0. |  0. |  0. |
|=====+=====+=====||=====+=====+=====||=====+=====+=====|
|* 0. |* 0. |* 0. ||  0. |  0. |  0. ||  0. |  0. |  0. |
|* 0. |* 0. |* 0. ||  0. |  0. |  0. ||  0. |  0. |  0. |
|* 0. |* 0. |* 0. ||  0. |  0. |  0. ||  0. |  0. |  0. |
|=====+=====+=====||=====+=====+=====||=====+=====+=====|
|  0. |  0. |  0. ||  0. |  0. |  0. ||  0. |  0. |  0. |
|  0. |  0. |  0. ||  0. |  0. |  0. ||  0. |  0. |  0. |
|  0. |  0. |  0. ||  0. |  0. |  0. ||  0. |  0. |  0. |

, evalForThisState=1.0, isPlayerOneTurnOriginally=true}, StateDatum{MCTSProbabilites=
|  .0793 |  .0801 |  .0313 ||  .0 |  .0 |  .0 ||  .0 |  .0 |  .0 |
|  .159 |  .0454 |  .4301 ||  .0 |  .0 |  .0 ||  .0 |  .0 |  .0 |
|  .0439 |  .0536 |  .0772 ||  .0 |  .0 |  .0 ||  .0 |  .0 |  .0 |
|========+========+========||========+========+========||========+========+========|
|  .0 |  .0 |  .0 ||  .0 |  .0 |  .0 ||  .0 |  .0 |  .0 |
|  .0 |  .0 |  .0 ||  .0 |  .0 |  .0 ||  .0 |  .0 |  .0 |
|  .0 |  .0 |  .0 ||  .0 |  .0 |  .0 ||  .0 |  .0 |  .0 |
|========+========+========||========+========+========||========+========+========|
|  .0 |  .0 |  .0 ||  .0 |  .0 |  .0 ||  .0 |  .0 |  .0 |
|  .0 |  .0 |  .0 ||  .0 |  .0 |  .0 ||  .0 |  .0 |  .0 |
|  .0 |  .0 |  .0 ||  .0 |  .0 |  .0 ||  .0 |  .0 |  .0 |

, state=
|*-0. |*-0. |*-0. || -0. | -1. | -0. || -0. | -0. | -0. |
|*-0. |*-0. |*-0. ||  1. | -0. | -0. || -0. | -0. | -0. |
|*-0. |*-0. |*-0. || -0. | -0. | -0. || -0. | -0. | -0. |
|=====+=====+=====||=====+=====+=====||=====+=====+=====|
| -1. | -0. | -0. || -0. | -0. | -0. || -0. | -0. | -0. |
| -0. | -0. | -0. || -0. | -0. | -0. || -0. | -0. | -0. |
| -0. | -0. | -0. || -0. | -0. | -0. || -0. | -0. | -0. |
|=====+=====+=====||=====+=====+=====||=====+=====+=====|
| -0. | -0. | -0. || -0. | -0. | -0. || -0. | -0. | -0. |
| -0. | -0. | -0. || -0. | -0. | -0. || -0. | -0. | -0. |
| -0. | -0. | -0. || -0. | -0. | -0. || -0. | -0. | -0. |

, evalForThisState=-1.0, isPlayerOneTurnOriginally=false}, StateDatum{MCTSProbabilites=
|  .0 |  .0 |  .0 ||  .0 |  .0 |  .0 ||  .0 |  .0 |  .0 |
|  .0 |  .0 |  .0 ||  .0 |  .0 |  .0 ||  .0 |  .0 |  .0 |
|  .0 |  .0 |  .0 ||  .0 |  .0 |  .0 ||  .0 |  .0 |  .0 |
|========+========+========||========+========+========||========+========+========|
|  .0 |  .0 |  .0 ||  .0 |  .0 |  .0 ||  .2043 |  .1077 |  .106 |
|  .0 |  .0 |  .0 ||  .0 |  .0 |  .0 ||  .1464 |  .0904 |  .1126 |
|  .0 |  .0 |  .0 ||  .0 |  .0 |  .0 ||  .0522 |  .0732 |  .1073 |
|========+========+========||========+========+========||========+========+========|
|  .0 |  .0 |  .0 ||  .0 |  .0 |  .0 ||  .0 |  .0 |  .0 |
|  .0 |  .0 |  .0 ||  .0 |  .0 |  .0 ||  .0 |  .0 |  .0 |
|  .0 |  .0 |  .0 ||  .0 |  .0 |  .0 ||  .0 |  .0 |  .0 |

, state=
|  0. |  0. |  0. ||  0. |  1. |  0. ||  0. |  0. |  0. |
|  0. |  0. | -1. || -1. |  0. |  0. ||  0. |  0. |  0. |
|  0. |  0. |  0. ||  0. |  0. |  0. ||  0. |  0. |  0. |
|=====+=====+=====||=====+=====+=====||=====+=====+=====|
|  1. |  0. |  0. ||  0. |  0. |  0. ||* 0. |* 0. |* 0. |
|  0. |  0. |  0. ||  0. |  0. |  0. ||* 0. |* 0. |* 0. |
|  0. |  0. |  0. ||  0. |  0. |  0. ||* 0. |* 0. |* 0. |
|=====+=====+=====||=====+=====+=====||=====+=====+=====|
|  0. |  0. |  0. ||  0. |  0. |  0. ||  0. |  0. |  0. |
|  0. |  0. |  0. ||  0. |  0. |  0. ||  0. |  0. |  0. |
|  0. |  0. |  0. ||  0. |  0. |  0. ||  0. |  0. |  0. |

, evalForThisState=1.0, isPlayerOneTurnOriginally=true}, StateDatum{MCTSProbabilites=
|  .0473 |  .055 |  .054 ||  .0 |  .0 |  .0 ||  .0 |  .0 |  .0 |
|  .0295 |  .1883 |  .0 ||  .0 |  .0 |  .0 ||  .0 |  .0 |  .0 |
|  .3972 |  .0457 |  .1829 ||  .0 |  .0 |  .0 ||  .0 |  .0 |  .0 |
|========+========+========||========+========+========||========+========+========|
|  .0 |  .0 |  .0 ||  .0 |  .0 |  .0 ||  .0 |  .0 |  .0 |
|  .0 |  .0 |  .0 ||  .0 |  .0 |  .0 ||  .0 |  .0 |  .0 |
|  .0 |  .0 |  .0 ||  .0 |  .0 |  .0 ||  .0 |  .0 |  .0 |
|========+========+========||========+========+========||========+========+========|
|  .0 |  .0 |  .0 ||  .0 |  .0 |  .0 ||  .0 |  .0 |  .0 |
|  .0 |  .0 |  .0 ||  .0 |  .0 |  .0 ||  .0 |  .0 |  .0 |
|  .0 |  .0 |  .0 ||  .0 |  .0 |  .0 ||  .0 |  .0 |  .0 |

, state=
|*-0. |*-0. |*-0. || -0. | -1. | -0. || -0. | -0. | -0. |
|*-0. |*-0. |* 1. ||  1. | -0. | -0. || -0. | -0. | -0. |
|*-0. |*-0. |*-0. || -0. | -0. | -0. || -0. | -0. | -0. |
|=====+=====+=====||=====+=====+=====||=====+=====+=====|
| -1. | -0. | -0. || -0. | -0. | -0. || -1. | -0. | -0. |
| -0. | -0. | -0. || -0. | -0. | -0. || -0. | -0. | -0. |
| -0. | -0. | -0. || -0. | -0. | -0. || -0. | -0. | -0. |
|=====+=====+=====||=====+=====+=====||=====+=====+=====|
| -0. | -0. | -0. || -0. | -0. | -0. || -0. | -0. | -0. |
| -0. | -0. | -0. || -0. | -0. | -0. || -0. | -0. | -0. |
| -0. | -0. | -0. || -0. | -0. | -0. || -0. | -0. | -0. |

, evalForThisState=-1.0, isPlayerOneTurnOriginally=false}, StateDatum{MCTSProbabilites=
|  .0 |  .0 |  .0 ||  .0 |  .0 |  .0 ||  .0 |  .0 |  .0 |
|  .0 |  .0 |  .0 ||  .0 |  .0 |  .0 ||  .0 |  .0 |  .0 |
|  .0 |  .0 |  .0 ||  .0 |  .0 |  .0 ||  .0 |  .0 |  .0 |
|========+========+========||========+========+========||========+========+========|
|  .0 |  .0 |  .0 ||  .0 |  .0 |  .0 ||  .0 |  .0 |  .0 |
|  .0 |  .0 |  .0 ||  .0 |  .0 |  .0 ||  .0 |  .0 |  .0 |
|  .0 |  .0 |  .0 ||  .0 |  .0 |  .0 ||  .0 |  .0 |  .0 |
|========+========+========||========+========+========||========+========+========|
|  .1043 |  .1833 |  .1349 ||  .0 |  .0 |  .0 ||  .0 |  .0 |  .0 |
|  .0555 |  .0544 |  .0468 ||  .0 |  .0 |  .0 ||  .0 |  .0 |  .0 |
|  .1061 |  .2378 |  .077 ||  .0 |  .0 |  .0 ||  .0 |  .0 |  .0 |

, state=
|  0. |  0. |  0. ||  0. |  1. |  0. ||  0. |  0. |  0. |
|  0. |  0. | -1. || -1. |  0. |  0. ||  0. |  0. |  0. |
| -1. |  0. |  0. ||  0. |  0. |  0. ||  0. |  0. |  0. |
|=====+=====+=====||=====+=====+=====||=====+=====+=====|
|  1. |  0. |  0. ||  0. |  0. |  0. ||  1. |  0. |  0. |
|  0. |  0. |  0. ||  0. |  0. |  0. ||  0. |  0. |  0. |
|  0. |  0. |  0. ||  0. |  0. |  0. ||  0. |  0. |  0. |
|=====+=====+=====||=====+=====+=====||=====+=====+=====|
|* 0. |* 0. |* 0. ||  0. |  0. |  0. ||  0. |  0. |  0. |
|* 0. |* 0. |* 0. ||  0. |  0. |  0. ||  0. |  0. |  0. |
|* 0. |* 0. |* 0. ||  0. |  0. |  0. ||  0. |  0. |  0. |

, evalForThisState=1.0, isPlayerOneTurnOriginally=true}, StateDatum{MCTSProbabilites=
|  .0 |  .0 |  .0 ||  .0 |  .0 |  .0 ||  .0 |  .0 |  .0 |
|  .0 |  .0 |  .0 ||  .0 |  .0 |  .0 ||  .0 |  .0 |  .0 |
|  .0 |  .0 |  .0 ||  .0 |  .0 |  .0 ||  .0 |  .0 |  .0 |
|========+========+========||========+========+========||========+========+========|
|  .0 |  .0 |  .0 ||  .0 |  .0 |  .0 ||  .0 |  .0 |  .0 |
|  .0 |  .0 |  .0 ||  .0 |  .0 |  .0 ||  .0 |  .0 |  .0 |
|  .0 |  .0 |  .0 ||  .0 |  .0 |  .0 ||  .0 |  .0 |  .0 |
|========+========+========||========+========+========||========+========+========|
|  .0 |  .0 |  .0 ||  .276 |  .1673 |  .0517 ||  .0 |  .0 |  .0 |
|  .0 |  .0 |  .0 ||  .0743 |  .0488 |  .2498 ||  .0 |  .0 |  .0 |
|  .0 |  .0 |  .0 ||  .0396 |  .0537 |  .0389 ||  .0 |  .0 |  .0 |

, state=
| -0. | -0. | -0. || -0. | -1. | -0. || -0. | -0. | -0. |
| -0. | -0. |  1. ||  1. | -0. | -0. || -0. | -0. | -0. |
|  1. | -0. | -0. || -0. | -0. | -0. || -0. | -0. | -0. |
|=====+=====+=====||=====+=====+=====||=====+=====+=====|
| -1. | -0. | -0. || -0. | -0. | -0. || -1. | -0. | -0. |
| -0. | -0. | -0. || -0. | -0. | -0. || -0. | -0. | -0. |
| -0. | -0. | -0. || -0. | -0. | -0. || -0. | -0. | -0. |
|=====+=====+=====||=====+=====+=====||=====+=====+=====|
| -0. | -0. | -0. ||*-0. |*-0. |*-0. || -0. | -0. | -0. |
| -0. | -0. | -0. ||*-0. |*-0. |*-0. || -0. | -0. | -0. |
| -0. | -1. | -0. ||*-0. |*-0. |*-0. || -0. | -0. | -0. |

, evalForThisState=-1.0, isPlayerOneTurnOriginally=false}, StateDatum{MCTSProbabilites=
|  .1202 |  .1084 |  .045 ||  .0 |  .0 |  .0 ||  .0 |  .0 |  .0 |
|  .1943 |  .2432 |  .0 ||  .0 |  .0 |  .0 ||  .0 |  .0 |  .0 |
|  .0 |  .036 |  .253 ||  .0 |  .0 |  .0 ||  .0 |  .0 |  .0 |
|========+========+========||========+========+========||========+========+========|
|  .0 |  .0 |  .0 ||  .0 |  .0 |  .0 ||  .0 |  .0 |  .0 |
|  .0 |  .0 |  .0 ||  .0 |  .0 |  .0 ||  .0 |  .0 |  .0 |
|  .0 |  .0 |  .0 ||  .0 |  .0 |  .0 ||  .0 |  .0 |  .0 |
|========+========+========||========+========+========||========+========+========|
|  .0 |  .0 |  .0 ||  .0 |  .0 |  .0 ||  .0 |  .0 |  .0 |
|  .0 |  .0 |  .0 ||  .0 |  .0 |  .0 ||  .0 |  .0 |  .0 |
|  .0 |  .0 |  .0 ||  .0 |  .0 |  .0 ||  .0 |  .0 |  .0 |

, state=
|* 0. |* 0. |* 0. ||  0. |  1. |  0. ||  0. |  0. |  0. |
|* 0. |* 0. |*-1. || -1. |  0. |  0. ||  0. |  0. |  0. |
|*-1. |* 0. |* 0. ||  0. |  0. |  0. ||  0. |  0. |  0. |
|=====+=====+=====||=====+=====+=====||=====+=====+=====|
|  1. |  0. |  0. ||  0. |  0. |  0. ||  1. |  0. |  0. |
|  0. |  0. |  0. ||  0. |  0. |  0. ||  0. |  0. |  0. |
|  0. |  0. |  0. ||  0. |  0. |  0. ||  0. |  0. |  0. |
|=====+=====+=====||=====+=====+=====||=====+=====+=====|
|  0. |  0. |  0. || -1. |  0. |  0. ||  0. |  0. |  0. |
|  0. |  0. |  0. ||  0. |  0. |  0. ||  0. |  0. |  0. |
|  0. |  1. |  0. ||  0. |  0. |  0. ||  0. |  0. |  0. |

, evalForThisState=1.0, isPlayerOneTurnOriginally=true}, StateDatum{MCTSProbabilites=
|  .0 |  .0 |  .0 ||  .0 |  .0 |  .0 ||  .0 |  .0 |  .0 |
|  .0 |  .0 |  .0 ||  .0 |  .0 |  .0 ||  .0 |  .0 |  .0 |
|  .0 |  .0 |  .0 ||  .0 |  .0 |  .0 ||  .0 |  .0 |  .0 |
|========+========+========||========+========+========||========+========+========|
|  .0 |  .0 |  .0 ||  .0 |  .0 |  .0 ||  .0 |  .0 |  .0 |
|  .0 |  .0 |  .0 ||  .0 |  .0 |  .0 ||  .0 |  .0 |  .0 |
|  .0 |  .0 |  .0 ||  .0 |  .0 |  .0 ||  .0 |  .0 |  .0 |
|========+========+========||========+========+========||========+========+========|
|  .0 |  .0 |  .0 ||  .0 |  .0 |  .0 ||  .0357 |  .0286 |  .0233 |
|  .0 |  .0 |  .0 ||  .0 |  .0 |  .0 ||  .2552 |  .0505 |  .0578 |
|  .0 |  .0 |  .0 ||  .0 |  .0 |  .0 ||  .2413 |  .2727 |  .0349 |

, state=
| -0. | -0. | -0. || -0. | -1. | -0. || -0. | -0. | -0. |
| -0. | -0. |  1. ||  1. | -0. | -0. || -0. | -0. | -0. |
|  1. | -0. | -1. || -0. | -0. | -0. || -0. | -0. | -0. |
|=====+=====+=====||=====+=====+=====||=====+=====+=====|
| -1. | -0. | -0. || -0. | -0. | -0. || -1. | -0. | -0. |
| -0. | -0. | -0. || -0. | -0. | -0. || -0. | -0. | -0. |
| -0. | -0. | -0. || -0. | -0. | -0. || -0. | -0. | -0. |
|=====+=====+=====||=====+=====+=====||=====+=====+=====|
| -0. | -0. | -0. ||  1. | -0. | -0. ||*-0. |*-0. |*-0. |
| -0. | -0. | -0. || -0. | -0. | -0. ||*-0. |*-0. |*-0. |
| -0. | -1. | -0. || -0. | -0. | -0. ||*-0. |*-0. |*-0. |

, evalForThisState=-1.0, isPlayerOneTurnOriginally=false}, StateDatum{MCTSProbabilites=
|  .0 |  .0 |  .0 ||  .0 |  .0 |  .0 ||  .0 |  .0 |  .0 |
|  .0 |  .0 |  .0 ||  .0 |  .0 |  .0 ||  .0 |  .0 |  .0 |
|  .0 |  .0 |  .0 ||  .0 |  .0 |  .0 ||  .0 |  .0 |  .0 |
|========+========+========||========+========+========||========+========+========|
|  .0 |  .0 |  .0 ||  .0 |  .0 |  .0 ||  .0 |  .0 |  .0 |
|  .0 |  .0 |  .0 ||  .0 |  .0 |  .0 ||  .0 |  .0 |  .0 |
|  .0 |  .0 |  .0 ||  .0 |  .0 |  .0 ||  .0 |  .0 |  .0 |
|========+========+========||========+========+========||========+========+========|
|  .0 |  .0 |  .0 ||  .0 |  .0804 |  .0475 ||  .0 |  .0 |  .0 |
|  .0 |  .0 |  .0 ||  .1326 |  .2832 |  .0789 ||  .0 |  .0 |  .0 |
|  .0 |  .0 |  .0 ||  .0975 |  .1747 |  .1053 ||  .0 |  .0 |  .0 |

, state=
|  0. |  0. |  0. ||  0. |  1. |  0. ||  0. |  0. |  0. |
|  0. |  0. | -1. || -1. |  0. |  0. ||  0. |  0. |  0. |
| -1. |  0. |  1. ||  0. |  0. |  0. ||  0. |  0. |  0. |
|=====+=====+=====||=====+=====+=====||=====+=====+=====|
|  1. |  0. |  0. ||  0. |  0. |  0. ||  1. |  0. |  0. |
|  0. |  0. |  0. ||  0. |  0. |  0. ||  0. |  0. |  0. |
|  0. |  0. |  0. ||  0. |  0. |  0. ||  0. |  0. |  0. |
|=====+=====+=====||=====+=====+=====||=====+=====+=====|
|  0. |  0. |  0. ||*-1. |* 0. |* 0. ||  0. |  0. |  0. |
|  0. |  0. |  0. ||* 0. |* 0. |* 0. ||  0. |  0. |  0. |
|  0. |  1. |  0. ||* 0. |* 0. |* 0. ||  0. | -1. |  0. |

, evalForThisState=1.0, isPlayerOneTurnOriginally=true}, StateDatum{MCTSProbabilites=
|  .0 |  .0 |  .0 ||  .0 |  .0 |  .0 ||  .0 |  .0 |  .0 |
|  .0 |  .0 |  .0 ||  .0 |  .0 |  .0 ||  .0 |  .0 |  .0 |
|  .0 |  .0 |  .0 ||  .0 |  .0 |  .0 ||  .0 |  .0 |  .0 |
|========+========+========||========+========+========||========+========+========|
|  .0 |  .0 |  .0 ||  .1748 |  .0393 |  .1559 ||  .0 |  .0 |  .0 |
|  .0 |  .0 |  .0 ||  .026 |  .1295 |  .0679 ||  .0 |  .0 |  .0 |
|  .0 |  .0 |  .0 ||  .0491 |  .239 |  .1185 ||  .0 |  .0 |  .0 |
|========+========+========||========+========+========||========+========+========|
|  .0 |  .0 |  .0 ||  .0 |  .0 |  .0 ||  .0 |  .0 |  .0 |
|  .0 |  .0 |  .0 ||  .0 |  .0 |  .0 ||  .0 |  .0 |  .0 |
|  .0 |  .0 |  .0 ||  .0 |  .0 |  .0 ||  .0 |  .0 |  .0 |

, state=
| -0. | -0. | -0. || -0. | -1. | -0. || -0. | -0. | -0. |
| -0. | -0. |  1. ||  1. | -0. | -0. || -0. | -0. | -0. |
|  1. | -0. | -1. || -0. | -0. | -0. || -0. | -0. | -0. |
|=====+=====+=====||=====+=====+=====||=====+=====+=====|
| -1. | -0. | -0. ||*-0. |*-0. |*-0. || -1. | -0. | -0. |
| -0. | -0. | -0. ||*-0. |*-0. |*-0. || -0. | -0. | -0. |
| -0. | -0. | -0. ||*-0. |*-0. |*-0. || -0. | -0. | -0. |
|=====+=====+=====||=====+=====+=====||=====+=====+=====|
| -0. | -0. | -0. ||  1. | -0. | -0. || -0. | -0. | -0. |
| -0. | -0. | -0. || -0. | -1. | -0. || -0. | -0. | -0. |
| -0. | -1. | -0. || -0. | -0. | -0. || -0. |  1. | -0. |

, evalForThisState=-1.0, isPlayerOneTurnOriginally=false}, StateDatum{MCTSProbabilites=
|  .0 |  .0 |  .0 ||  .0 |  .0 |  .0 ||  .0 |  .0 |  .0 |
|  .0 |  .0 |  .0 ||  .0 |  .0 |  .0 ||  .0 |  .0 |  .0 |
|  .0 |  .0 |  .0 ||  .0 |  .0 |  .0 ||  .0 |  .0 |  .0 |
|========+========+========||========+========+========||========+========+========|
|  .0 |  .0 |  .0 ||  .0 |  .0 |  .0 ||  .0 |  .0 |  .0 |
|  .0 |  .0 |  .0 ||  .0 |  .0 |  .0 ||  .0 |  .0 |  .0 |
|  .0 |  .0 |  .0 ||  .0 |  .0 |  .0 ||  .0 |  .0 |  .0 |
|========+========+========||========+========+========||========+========+========|
|  .0 |  .0 |  .0 ||  .0 |  .0913 |  .1752 ||  .0 |  .0 |  .0 |
|  .0 |  .0 |  .0 ||  .0698 |  .0 |  .187 ||  .0 |  .0 |  .0 |
|  .0 |  .0 |  .0 ||  .1846 |  .2614 |  .0306 ||  .0 |  .0 |  .0 |

, state=
|  0. |  0. |  0. ||  0. |  1. |  0. ||  0. |  0. |  0. |
|  0. |  0. | -1. || -1. |  0. |  0. ||  0. |  0. |  0. |
| -1. |  0. |  1. ||  0. |  0. |  0. ||  0. |  0. |  0. |
|=====+=====+=====||=====+=====+=====||=====+=====+=====|
|  1. |  0. |  0. ||  0. |  0. |  0. ||  1. |  0. |  0. |
|  0. |  0. |  0. ||  0. |  0. |  0. ||  0. |  0. |  0. |
|  0. |  0. |  0. ||  0. | -1. |  0. ||  0. |  0. |  0. |
|=====+=====+=====||=====+=====+=====||=====+=====+=====|
|  0. |  0. |  0. ||*-1. |* 0. |* 0. ||  0. |  0. |  0. |
|  0. |  0. |  0. ||* 0. |* 1. |* 0. ||  0. |  0. |  0. |
|  0. |  1. |  0. ||* 0. |* 0. |* 0. ||  0. | -1. |  0. |

, evalForThisState=1.0, isPlayerOneTurnOriginally=true}, StateDatum{MCTSProbabilites=
|  .0 |  .0 |  .0 ||  .0 |  .0 |  .0 ||  .0 |  .0 |  .0 |
|  .0 |  .0 |  .0 ||  .0 |  .0 |  .0 ||  .0 |  .0 |  .0 |
|  .0 |  .0 |  .0 ||  .0 |  .0 |  .0 ||  .0 |  .0 |  .0 |
|========+========+========||========+========+========||========+========+========|
|  .0 |  .0 |  .0 ||  .0 |  .0 |  .0 ||  .0 |  .0 |  .0 |
|  .0 |  .0 |  .0 ||  .0 |  .0 |  .0 ||  .0 |  .0 |  .0 |
|  .0 |  .0 |  .0 ||  .0 |  .0 |  .0 ||  .0 |  .0 |  .0 |
|========+========+========||========+========+========||========+========+========|
|  .0 |  .0 |  .0 ||  .0 |  .1197 |  .2968 ||  .0 |  .0 |  .0 |
|  .0 |  .0 |  .0 ||  .1637 |  .0 |  .02 ||  .0 |  .0 |  .0 |
|  .0 |  .0 |  .0 ||  .2141 |  .0 |  .1857 ||  .0 |  .0 |  .0 |

, state=
| -0. | -0. | -0. || -0. | -1. | -0. || -0. | -0. | -0. |
| -0. | -0. |  1. ||  1. | -0. | -0. || -0. | -0. | -0. |
|  1. | -0. | -1. || -0. | -0. | -0. || -0. | -0. | -0. |
|=====+=====+=====||=====+=====+=====||=====+=====+=====|
| -1. | -0. | -0. || -0. | -0. | -0. || -1. | -0. | -0. |
| -0. | -0. | -0. || -0. | -0. | -0. || -0. | -0. | -0. |
| -0. | -0. | -0. || -0. |  1. | -0. || -0. | -0. | -0. |
|=====+=====+=====||=====+=====+=====||=====+=====+=====|
| -0. | -0. | -0. ||* 1. |*-0. |*-0. || -0. | -0. | -0. |
| -0. | -0. | -0. ||*-0. |*-1. |*-0. || -0. | -0. | -0. |
| -0. | -1. | -0. ||*-0. |*-1. |*-0. || -0. |  1. | -0. |

, evalForThisState=-1.0, isPlayerOneTurnOriginally=false}, StateDatum{MCTSProbabilites=
|  .0 |  .0 |  .0 ||  .0 |  .0 |  .0 ||  .212 |  .0751 |  .1021 |
|  .0 |  .0 |  .0 ||  .0 |  .0 |  .0 ||  .0905 |  .124 |  .0641 |
|  .0 |  .0 |  .0 ||  .0 |  .0 |  .0 ||  .1169 |  .0478 |  .1676 |
|========+========+========||========+========+========||========+========+========|
|  .0 |  .0 |  .0 ||  .0 |  .0 |  .0 ||  .0 |  .0 |  .0 |
|  .0 |  .0 |  .0 ||  .0 |  .0 |  .0 ||  .0 |  .0 |  .0 |
|  .0 |  .0 |  .0 ||  .0 |  .0 |  .0 ||  .0 |  .0 |  .0 |
|========+========+========||========+========+========||========+========+========|
|  .0 |  .0 |  .0 ||  .0 |  .0 |  .0 ||  .0 |  .0 |  .0 |
|  .0 |  .0 |  .0 ||  .0 |  .0 |  .0 ||  .0 |  .0 |  .0 |
|  .0 |  .0 |  .0 ||  .0 |  .0 |  .0 ||  .0 |  .0 |  .0 |

, state=
|  0. |  0. |  0. ||  0. |  1. |  0. ||* 0. |* 0. |* 0. |
|  0. |  0. | -1. || -1. |  0. |  0. ||* 0. |* 0. |* 0. |
| -1. |  0. |  1. ||  0. |  0. |  0. ||* 0. |* 0. |* 0. |
|=====+=====+=====||=====+=====+=====||=====+=====+=====|
|  1. |  0. |  0. ||  0. |  0. |  0. ||  1. |  0. |  0. |
|  0. |  0. |  0. ||  0. |  0. |  0. ||  0. |  0. |  0. |
|  0. |  0. |  0. ||  0. | -1. |  0. ||  0. |  0. |  0. |
|=====+=====+=====||=====+=====+=====||=====+=====+=====|
|  0. |  0. |  0. || -1. |  0. | -1. ||  0. |  0. |  0. |
|  0. |  0. |  0. ||  0. |  1. |  0. ||  0. |  0. |  0. |
|  0. |  1. |  0. ||  0. |  1. |  0. ||  0. | -1. |  0. |

, evalForThisState=1.0, isPlayerOneTurnOriginally=true}, StateDatum{MCTSProbabilites=
|  .1104 |  .223 |  .209 ||  .0 |  .0 |  .0 ||  .0 |  .0 |  .0 |
|  .179 |  .104 |  .0 ||  .0 |  .0 |  .0 ||  .0 |  .0 |  .0 |
|  .0 |  .1745 |  .0 ||  .0 |  .0 |  .0 ||  .0 |  .0 |  .0 |
|========+========+========||========+========+========||========+========+========|
|  .0 |  .0 |  .0 ||  .0 |  .0 |  .0 ||  .0 |  .0 |  .0 |
|  .0 |  .0 |  .0 ||  .0 |  .0 |  .0 ||  .0 |  .0 |  .0 |
|  .0 |  .0 |  .0 ||  .0 |  .0 |  .0 ||  .0 |  .0 |  .0 |
|========+========+========||========+========+========||========+========+========|
|  .0 |  .0 |  .0 ||  .0 |  .0 |  .0 ||  .0 |  .0 |  .0 |
|  .0 |  .0 |  .0 ||  .0 |  .0 |  .0 ||  .0 |  .0 |  .0 |
|  .0 |  .0 |  .0 ||  .0 |  .0 |  .0 ||  .0 |  .0 |  .0 |

, state=
|*-0. |*-0. |*-0. || -0. | -1. | -0. || -1. | -0. | -0. |
|*-0. |*-0. |* 1. ||  1. | -0. | -0. || -0. | -0. | -0. |
|* 1. |*-0. |*-1. || -0. | -0. | -0. || -0. | -0. | -0. |
|=====+=====+=====||=====+=====+=====||=====+=====+=====|
| -1. | -0. | -0. || -0. | -0. | -0. || -1. | -0. | -0. |
| -0. | -0. | -0. || -0. | -0. | -0. || -0. | -0. | -0. |
| -0. | -0. | -0. || -0. |  1. | -0. || -0. | -0. | -0. |
|=====+=====+=====||=====+=====+=====||=====+=====+=====|
| -0. | -0. | -0. ||  1. | -0. |  1. || -0. | -0. | -0. |
| -0. | -0. | -0. || -0. | -1. | -0. || -0. | -0. | -0. |
| -0. | -1. | -0. || -0. | -1. | -0. || -0. |  1. | -0. |

, evalForThisState=-1.0, isPlayerOneTurnOriginally=false}, StateDatum{MCTSProbabilites=
|  .0 |  .0 |  .0 ||  .0678 |  .0 |  .1853 ||  .0 |  .0 |  .0 |
|  .0 |  .0 |  .0 ||  .0 |  .2097 |  .1961 ||  .0 |  .0 |  .0 |
|  .0 |  .0 |  .0 ||  .1843 |  .1308 |  .026 ||  .0 |  .0 |  .0 |
|========+========+========||========+========+========||========+========+========|
|  .0 |  .0 |  .0 ||  .0 |  .0 |  .0 ||  .0 |  .0 |  .0 |
|  .0 |  .0 |  .0 ||  .0 |  .0 |  .0 ||  .0 |  .0 |  .0 |
|  .0 |  .0 |  .0 ||  .0 |  .0 |  .0 ||  .0 |  .0 |  .0 |
|========+========+========||========+========+========||========+========+========|
|  .0 |  .0 |  .0 ||  .0 |  .0 |  .0 ||  .0 |  .0 |  .0 |
|  .0 |  .0 |  .0 ||  .0 |  .0 |  .0 ||  .0 |  .0 |  .0 |
|  .0 |  .0 |  .0 ||  .0 |  .0 |  .0 ||  .0 |  .0 |  .0 |

, state=
|  0. | -1. |  0. ||* 0. |* 1. |* 0. ||  1. |  0. |  0. |
|  0. |  0. | -1. ||*-1. |* 0. |* 0. ||  0. |  0. |  0. |
| -1. |  0. |  1. ||* 0. |* 0. |* 0. ||  0. |  0. |  0. |
|=====+=====+=====||=====+=====+=====||=====+=====+=====|
|  1. |  0. |  0. ||  0. |  0. |  0. ||  1. |  0. |  0. |
|  0. |  0. |  0. ||  0. |  0. |  0. ||  0. |  0. |  0. |
|  0. |  0. |  0. ||  0. | -1. |  0. ||  0. |  0. |  0. |
|=====+=====+=====||=====+=====+=====||=====+=====+=====|
|  0. |  0. |  0. || -1. |  0. | -1. ||  0. |  0. |  0. |
|  0. |  0. |  0. ||  0. |  1. |  0. ||  0. |  0. |  0. |
|  0. |  1. |  0. ||  0. |  1. |  0. ||  0. | -1. |  0. |

, evalForThisState=1.0, isPlayerOneTurnOriginally=true}, StateDatum{MCTSProbabilites=
|  .0 |  .0 |  .0 ||  .0 |  .0 |  .0 ||  .0 |  .0 |  .0 |
|  .0 |  .0 |  .0 ||  .0 |  .0 |  .0 ||  .0 |  .0 |  .0 |
|  .0 |  .0 |  .0 ||  .0 |  .0 |  .0 ||  .0 |  .0 |  .0 |
|========+========+========||========+========+========||========+========+========|
|  .0 |  .0 |  .0 ||  .1469 |  .092 |  .1504 ||  .0 |  .0 |  .0 |
|  .0 |  .0 |  .0 ||  .1068 |  .0798 |  .1555 ||  .0 |  .0 |  .0 |
|  .0 |  .0 |  .0 ||  .1222 |  .0 |  .1464 ||  .0 |  .0 |  .0 |
|========+========+========||========+========+========||========+========+========|
|  .0 |  .0 |  .0 ||  .0 |  .0 |  .0 ||  .0 |  .0 |  .0 |
|  .0 |  .0 |  .0 ||  .0 |  .0 |  .0 ||  .0 |  .0 |  .0 |
|  .0 |  .0 |  .0 ||  .0 |  .0 |  .0 ||  .0 |  .0 |  .0 |

, state=
| -0. |  1. | -0. || -0. | -1. | -0. || -1. | -0. | -0. |
| -0. | -0. |  1. ||  1. | -1. | -0. || -0. | -0. | -0. |
|  1. | -0. | -1. || -0. | -0. | -0. || -0. | -0. | -0. |
|=====+=====+=====||=====+=====+=====||=====+=====+=====|
| -1. | -0. | -0. ||*-0. |*-0. |*-0. || -1. | -0. | -0. |
| -0. | -0. | -0. ||*-0. |*-0. |*-0. || -0. | -0. | -0. |
| -0. | -0. | -0. ||*-0. |* 1. |*-0. || -0. | -0. | -0. |
|=====+=====+=====||=====+=====+=====||=====+=====+=====|
| -0. | -0. | -0. ||  1. | -0. |  1. || -0. | -0. | -0. |
| -0. | -0. | -0. || -0. | -1. | -0. || -0. | -0. | -0. |
| -0. | -1. | -0. || -0. | -1. | -0. || -0. |  1. | -0. |

, evalForThisState=-1.0, isPlayerOneTurnOriginally=false}, StateDatum{MCTSProbabilites=
|  .0 |  .0 |  .0 ||  .0 |  .0 |  .0 ||  .0 |  .0 |  .0 |
|  .0 |  .0 |  .0 ||  .0 |  .0 |  .0 ||  .0 |  .0 |  .0 |
|  .0 |  .0 |  .0 ||  .0 |  .0 |  .0 ||  .0 |  .0 |  .0 |
|========+========+========||========+========+========||========+========+========|
|  .0 |  .0 |  .0 ||  .0 |  .0 |  .0 ||  .0 |  .0687 |  .1367 |
|  .0 |  .0 |  .0 ||  .0 |  .0 |  .0 ||  .0928 |  .1435 |  .1135 |
|  .0 |  .0 |  .0 ||  .0 |  .0 |  .0 ||  .1474 |  .1376 |  .1597 |
|========+========+========||========+========+========||========+========+========|
|  .0 |  .0 |  .0 ||  .0 |  .0 |  .0 ||  .0 |  .0 |  .0 |
|  .0 |  .0 |  .0 ||  .0 |  .0 |  .0 ||  .0 |  .0 |  .0 |
|  .0 |  .0 |  .0 ||  .0 |  .0 |  .0 ||  .0 |  .0 |  .0 |

, state=
|  0. | -1. |  0. ||  0. |  1. |  0. ||  1. |  0. |  0. |
|  0. |  0. | -1. || -1. |  1. |  0. ||  0. |  0. |  0. |
| -1. |  0. |  1. ||  0. |  0. |  0. ||  0. |  0. |  0. |
|=====+=====+=====||=====+=====+=====||=====+=====+=====|
|  1. |  0. |  0. ||  0. |  0. |  0. ||* 1. |* 0. |* 0. |
|  0. |  0. |  0. ||  0. |  0. | -1. ||* 0. |* 0. |* 0. |
|  0. |  0. |  0. ||  0. | -1. |  0. ||* 0. |* 0. |* 0. |
|=====+=====+=====||=====+=====+=====||=====+=====+=====|
|  0. |  0. |  0. || -1. |  0. | -1. ||  0. |  0. |  0. |
|  0. |  0. |  0. ||  0. |  1. |  0. ||  0. |  0. |  0. |
|  0. |  1. |  0. ||  0. |  1. |  0. ||  0. | -1. |  0. |

, evalForThisState=1.0, isPlayerOneTurnOriginally=true}, StateDatum{MCTSProbabilites=
|  .0 |  .0 |  .0 ||  .0 |  .0 |  .0 ||  .0 |  .0 |  .0 |
|  .0 |  .0 |  .0 ||  .0 |  .0 |  .0 ||  .0 |  .0 |  .0 |
|  .0 |  .0 |  .0 ||  .0 |  .0 |  .0 ||  .0 |  .0 |  .0 |
|========+========+========||========+========+========||========+========+========|
|  .0 |  .0 |  .0 ||  .0 |  .0 |  .0 ||  .0 |  .0 |  .0 |
|  .0 |  .0 |  .0 ||  .0 |  .0 |  .0 ||  .0 |  .0 |  .0 |
|  .0 |  .0 |  .0 ||  .0 |  .0 |  .0 ||  .0 |  .0 |  .0 |
|========+========+========||========+========+========||========+========+========|
|  .0 |  .0 |  .0 ||  .0 |  .0 |  .0 ||  .1252 |  .1609 |  .1402 |
|  .0 |  .0 |  .0 ||  .0 |  .0 |  .0 ||  .1354 |  .0939 |  .1301 |
|  .0 |  .0 |  .0 ||  .0 |  .0 |  .0 ||  .0855 |  .0 |  .1287 |

, state=
| -0. |  1. | -0. || -0. | -1. | -0. || -1. | -0. | -0. |
| -0. | -0. |  1. ||  1. | -1. | -0. || -0. | -0. | -0. |
|  1. | -0. | -1. || -0. | -0. | -0. || -0. | -0. | -0. |
|=====+=====+=====||=====+=====+=====||=====+=====+=====|
| -1. | -0. | -0. || -0. | -0. | -0. || -1. | -0. | -0. |
| -0. | -0. | -0. || -0. | -0. |  1. || -0. | -0. | -0. |
| -0. | -0. | -0. || -0. |  1. | -0. || -0. | -0. | -1. |
|=====+=====+=====||=====+=====+=====||=====+=====+=====|
| -0. | -0. | -0. ||  1. | -0. |  1. ||*-0. |*-0. |*-0. |
| -0. | -0. | -0. || -0. | -1. | -0. ||*-0. |*-0. |*-0. |
| -0. | -1. | -0. || -0. | -1. | -0. ||*-0. |* 1. |*-0. |

, evalForThisState=-1.0, isPlayerOneTurnOriginally=false}, StateDatum{MCTSProbabilites=
|  .0 |  .0 |  .0 ||  .1337 |  .0 |  .1736 ||  .0 |  .0 |  .0 |
|  .0 |  .0 |  .0 ||  .0 |  .0 |  .2026 ||  .0 |  .0 |  .0 |
|  .0 |  .0 |  .0 ||  .1839 |  .1402 |  .166 ||  .0 |  .0 |  .0 |
|========+========+========||========+========+========||========+========+========|
|  .0 |  .0 |  .0 ||  .0 |  .0 |  .0 ||  .0 |  .0 |  .0 |
|  .0 |  .0 |  .0 ||  .0 |  .0 |  .0 ||  .0 |  .0 |  .0 |
|  .0 |  .0 |  .0 ||  .0 |  .0 |  .0 ||  .0 |  .0 |  .0 |
|========+========+========||========+========+========||========+========+========|
|  .0 |  .0 |  .0 ||  .0 |  .0 |  .0 ||  .0 |  .0 |  .0 |
|  .0 |  .0 |  .0 ||  .0 |  .0 |  .0 ||  .0 |  .0 |  .0 |
|  .0 |  .0 |  .0 ||  .0 |  .0 |  .0 ||  .0 |  .0 |  .0 |

, state=
|  0. | -1. |  0. ||* 0. |* 1. |* 0. ||  1. |  0. |  0. |
|  0. |  0. | -1. ||*-1. |* 1. |* 0. ||  0. |  0. |  0. |
| -1. |  0. |  1. ||* 0. |* 0. |* 0. ||  0. |  0. |  0. |
|=====+=====+=====||=====+=====+=====||=====+=====+=====|
|  1. |  0. |  0. ||  0. |  0. |  0. ||  1. |  0. |  0. |
|  0. |  0. |  0. ||  0. |  0. | -1. ||  0. |  0. |  0. |
|  0. |  0. |  0. ||  0. | -1. |  0. ||  0. |  0. |  1. |
|=====+=====+=====||=====+=====+=====||=====+=====+=====|
|  0. |  0. |  0. || -1. |  0. | -1. ||  0. | -1. |  0. |
|  0. |  0. |  0. ||  0. |  1. |  0. ||  0. |  0. |  0. |
|  0. |  1. |  0. ||  0. |  1. |  0. ||  0. | -1. |  0. |

, evalForThisState=1.0, isPlayerOneTurnOriginally=true}, StateDatum{MCTSProbabilites=
|  .0 |  .0 |  .0 ||  .0 |  .0 |  .0 ||  .0 |  .0 |  .0 |
|  .0 |  .0 |  .0 ||  .0 |  .0 |  .0 ||  .0 |  .0 |  .0 |
|  .0 |  .0 |  .0 ||  .0 |  .0 |  .0 ||  .0 |  .0 |  .0 |
|========+========+========||========+========+========||========+========+========|
|  .0 |  .0 |  .0 ||  .0 |  .0 |  .0 ||  .0 |  .1693 |  .0762 |
|  .0 |  .0 |  .0 ||  .0 |  .0 |  .0 ||  .1069 |  .1546 |  .2093 |
|  .0 |  .0 |  .0 ||  .0 |  .0 |  .0 ||  .1684 |  .1153 |  .0 |
|========+========+========||========+========+========||========+========+========|
|  .0 |  .0 |  .0 ||  .0 |  .0 |  .0 ||  .0 |  .0 |  .0 |
|  .0 |  .0 |  .0 ||  .0 |  .0 |  .0 ||  .0 |  .0 |  .0 |
|  .0 |  .0 |  .0 ||  .0 |  .0 |  .0 ||  .0 |  .0 |  .0 |

, state=
| -0. |  1. | -0. || -0. | -1. | -0. || -1. | -0. | -0. |
| -0. | -0. |  1. ||  1. | -1. | -1. || -0. | -0. | -0. |
|  1. | -0. | -1. || -0. | -0. | -0. || -0. | -0. | -0. |
|=====+=====+=====||=====+=====+=====||=====+=====+=====|
| -1. | -0. | -0. || -0. | -0. | -0. ||*-1. |*-0. |*-0. |
| -0. | -0. | -0. || -0. | -0. |  1. ||*-0. |*-0. |*-0. |
| -0. | -0. | -0. || -0. |  1. | -0. ||*-0. |*-0. |*-1. |
|=====+=====+=====||=====+=====+=====||=====+=====+=====|
| -0. | -0. | -0. ||  1. | -0. |  1. || -0. |  1. | -0. |
| -0. | -0. | -0. || -0. | -1. | -0. || -0. | -0. | -0. |
| -0. | -1. | -0. || -0. | -1. | -0. || -0. |  1. | -0. |

, evalForThisState=-1.0, isPlayerOneTurnOriginally=false}, StateDatum{MCTSProbabilites=
|  .0 |  .0 |  .0 ||  .0 |  .0 |  .0 ||  .0 |  .0 |  .0 |
|  .0 |  .0 |  .0 ||  .0 |  .0 |  .0 ||  .0 |  .0 |  .0 |
|  .0 |  .0 |  .0 ||  .0 |  .0 |  .0 ||  .0 |  .0 |  .0 |
|========+========+========||========+========+========||========+========+========|
|  .0 |  .0 |  .0 ||  .0 |  .0 |  .0 ||  .0 |  .1121 |  .2172 |
|  .0 |  .0 |  .0 ||  .0 |  .0 |  .0 ||  .1586 |  .2218 |  .0 |
|  .0 |  .0 |  .0 ||  .0 |  .0 |  .0 ||  .1374 |  .1528 |  .0 |
|========+========+========||========+========+========||========+========+========|
|  .0 |  .0 |  .0 ||  .0 |  .0 |  .0 ||  .0 |  .0 |  .0 |
|  .0 |  .0 |  .0 ||  .0 |  .0 |  .0 ||  .0 |  .0 |  .0 |
|  .0 |  .0 |  .0 ||  .0 |  .0 |  .0 ||  .0 |  .0 |  .0 |

, state=
|  0. | -1. |  0. ||  0. |  1. |  0. ||  1. |  0. |  0. |
|  0. |  0. | -1. || -1. |  1. |  1. ||  0. |  0. |  0. |
| -1. |  0. |  1. ||  0. |  0. |  0. ||  0. |  0. |  0. |
|=====+=====+=====||=====+=====+=====||=====+=====+=====|
|  1. |  0. |  0. ||  0. |  0. |  0. ||* 1. |* 0. |* 0. |
|  0. |  0. |  0. ||  0. |  0. | -1. ||* 0. |* 0. |*-1. |
|  0. |  0. |  0. ||  0. | -1. |  0. ||* 0. |* 0. |* 1. |
|=====+=====+=====||=====+=====+=====||=====+=====+=====|
|  0. |  0. |  0. || -1. |  0. | -1. ||  0. | -1. |  0. |
|  0. |  0. |  0. ||  0. |  1. |  0. ||  0. |  0. |  0. |
|  0. |  1. |  0. ||  0. |  1. |  0. ||  0. | -1. |  0. |

, evalForThisState=1.0, isPlayerOneTurnOriginally=true}, StateDatum{MCTSProbabilites=
|  .0 |  .0 |  .0 ||  .0 |  .0 |  .0 ||  .0 |  .0 |  .0 |
|  .0 |  .0 |  .0 ||  .0 |  .0 |  .0 ||  .0 |  .0 |  .0 |
|  .0 |  .0 |  .0 ||  .0 |  .0 |  .0 ||  .0 |  .0 |  .0 |
|========+========+========||========+========+========||========+========+========|
|  .0 |  .0 |  .0 ||  .0951 |  .0629 |  .1094 ||  .0 |  .0 |  .0 |
|  .0 |  .0 |  .0 ||  .2106 |  .2121 |  .0 ||  .0 |  .0 |  .0 |
|  .0 |  .0 |  .0 ||  .1237 |  .0 |  .1863 ||  .0 |  .0 |  .0 |
|========+========+========||========+========+========||========+========+========|
|  .0 |  .0 |  .0 ||  .0 |  .0 |  .0 ||  .0 |  .0 |  .0 |
|  .0 |  .0 |  .0 ||  .0 |  .0 |  .0 ||  .0 |  .0 |  .0 |
|  .0 |  .0 |  .0 ||  .0 |  .0 |  .0 ||  .0 |  .0 |  .0 |

, state=
| -0. |  1. | -0. || -0. | -1. | -0. || -1. | -0. | -0. |
| -0. | -0. |  1. ||  1. | -1. | -1. || -0. | -0. | -0. |
|  1. | -0. | -1. || -0. | -0. | -0. || -0. | -0. | -0. |
|=====+=====+=====||=====+=====+=====||=====+=====+=====|
| -1. | -0. | -0. ||*-0. |*-0. |*-0. || -1. | -0. | -0. |
| -0. | -0. | -0. ||*-0. |*-0. |* 1. || -0. | -1. |  1. |
| -0. | -0. | -0. ||*-0. |* 1. |*-0. || -0. | -0. | -1. |
|=====+=====+=====||=====+=====+=====||=====+=====+=====|
| -0. | -0. | -0. ||  1. | -0. |  1. || -0. |  1. | -0. |
| -0. | -0. | -0. || -0. | -1. | -0. || -0. | -0. | -0. |
| -0. | -1. | -0. || -0. | -1. | -0. || -0. |  1. | -0. |

, evalForThisState=-1.0, isPlayerOneTurnOriginally=false}, StateDatum{MCTSProbabilites=
|  .0 |  .0 |  .0 ||  .0 |  .0 |  .0 ||  .0 |  .0 |  .0 |
|  .0 |  .0 |  .0 ||  .0 |  .0 |  .0 ||  .0 |  .0 |  .0 |
|  .0 |  .0 |  .0 ||  .0 |  .0 |  .0 ||  .0 |  .0 |  .0 |
|========+========+========||========+========+========||========+========+========|
|  .0 |  .0 |  .0 ||  .1342 |  .1802 |  .1051 ||  .0 |  .0 |  .0 |
|  .0 |  .0 |  .0 ||  .1902 |  .0 |  .0 ||  .0 |  .0 |  .0 |
|  .0 |  .0 |  .0 ||  .21 |  .0 |  .1804 ||  .0 |  .0 |  .0 |
|========+========+========||========+========+========||========+========+========|
|  .0 |  .0 |  .0 ||  .0 |  .0 |  .0 ||  .0 |  .0 |  .0 |
|  .0 |  .0 |  .0 ||  .0 |  .0 |  .0 ||  .0 |  .0 |  .0 |
|  .0 |  .0 |  .0 ||  .0 |  .0 |  .0 ||  .0 |  .0 |  .0 |

, state=
|  0. | -1. |  0. ||  0. |  1. |  0. ||  1. |  0. |  0. |
|  0. |  0. | -1. || -1. |  1. |  1. ||  0. |  0. |  0. |
| -1. |  0. |  1. ||  0. |  0. |  0. ||  0. |  0. |  0. |
|=====+=====+=====||=====+=====+=====||=====+=====+=====|
|  1. |  0. |  0. ||* 0. |* 0. |* 0. ||  1. |  0. |  0. |
|  0. |  0. |  0. ||* 0. |*-1. |*-1. ||  0. |  1. | -1. |
|  0. |  0. |  0. ||* 0. |*-1. |* 0. ||  0. |  0. |  1. |
|=====+=====+=====||=====+=====+=====||=====+=====+=====|
|  0. |  0. |  0. || -1. |  0. | -1. ||  0. | -1. |  0. |
|  0. |  0. |  0. ||  0. |  1. |  0. ||  0. |  0. |  0. |
|  0. |  1. |  0. ||  0. |  1. |  0. ||  0. | -1. |  0. |

, evalForThisState=1.0, isPlayerOneTurnOriginally=true}, StateDatum{MCTSProbabilites=
|  .0 |  .0 |  .0 ||  .0 |  .0 |  .0 ||  .0 |  .0 |  .0 |
|  .0 |  .0 |  .0 ||  .0 |  .0 |  .0 ||  .0 |  .0 |  .0 |
|  .0 |  .0 |  .0 ||  .0 |  .0 |  .0 ||  .0 |  .0 |  .0 |
|========+========+========||========+========+========||========+========+========|
|  .0 |  .0 |  .0 ||  .0 |  .0 |  .0 ||  .0 |  .0 |  .0 |
|  .0 |  .0 |  .0 ||  .0 |  .0 |  .0 ||  .0 |  .0 |  .0 |
|  .0 |  .0 |  .0 ||  .0 |  .0 |  .0 ||  .0 |  .0 |  .0 |
|========+========+========||========+========+========||========+========+========|
|  .2 |  .1743 |  .0936 ||  .0 |  .0 |  .0 ||  .0 |  .0 |  .0 |
|  .0453 |  .0957 |  .1541 ||  .0 |  .0 |  .0 ||  .0 |  .0 |  .0 |
|  .132 |  .0 |  .1049 ||  .0 |  .0 |  .0 ||  .0 |  .0 |  .0 |

, state=
| -0. |  1. | -0. || -0. | -1. | -0. || -1. | -0. | -0. |
| -0. | -0. |  1. ||  1. | -1. | -1. || -0. | -0. | -0. |
|  1. | -0. | -1. || -0. | -0. | -0. || -0. | -0. | -0. |
|=====+=====+=====||=====+=====+=====||=====+=====+=====|
| -1. | -0. | -0. || -0. | -0. | -0. || -1. | -0. | -0. |
| -0. | -0. | -0. || -0. |  1. |  1. || -0. | -1. |  1. |
| -0. | -0. | -0. || -1. |  1. | -0. || -0. | -0. | -1. |
|=====+=====+=====||=====+=====+=====||=====+=====+=====|
|*-0. |*-0. |*-0. ||  1. | -0. |  1. || -0. |  1. | -0. |
|*-0. |*-0. |*-0. || -0. | -1. | -0. || -0. | -0. | -0. |
|*-0. |*-1. |*-0. || -0. | -1. | -0. || -0. |  1. | -0. |

, evalForThisState=-1.0, isPlayerOneTurnOriginally=false}, StateDatum{MCTSProbabilites=
|  .2322 |  .0 |  .1818 ||  .0 |  .0 |  .0 ||  .0 |  .0 |  .0 |
|  .2073 |  .1792 |  .0 ||  .0 |  .0 |  .0 ||  .0 |  .0 |  .0 |
|  .0 |  .1995 |  .0 ||  .0 |  .0 |  .0 ||  .0 |  .0 |  .0 |
|========+========+========||========+========+========||========+========+========|
|  .0 |  .0 |  .0 ||  .0 |  .0 |  .0 ||  .0 |  .0 |  .0 |
|  .0 |  .0 |  .0 ||  .0 |  .0 |  .0 ||  .0 |  .0 |  .0 |
|  .0 |  .0 |  .0 ||  .0 |  .0 |  .0 ||  .0 |  .0 |  .0 |
|========+========+========||========+========+========||========+========+========|
|  .0 |  .0 |  .0 ||  .0 |  .0 |  .0 ||  .0 |  .0 |  .0 |
|  .0 |  .0 |  .0 ||  .0 |  .0 |  .0 ||  .0 |  .0 |  .0 |
|  .0 |  .0 |  .0 ||  .0 |  .0 |  .0 ||  .0 |  .0 |  .0 |

, state=
|* 0. |*-1. |* 0. ||  0. |  1. |  0. ||  1. |  0. |  0. |
|* 0. |* 0. |*-1. || -1. |  1. |  1. ||  0. |  0. |  0. |
|*-1. |* 0. |* 1. ||  0. |  0. |  0. ||  0. |  0. |  0. |
|=====+=====+=====||=====+=====+=====||=====+=====+=====|
|  1. |  0. |  0. ||  0. |  0. |  0. ||  1. |  0. |  0. |
|  0. |  0. |  0. ||  0. | -1. | -1. ||  0. |  1. | -1. |
|  0. |  0. |  0. ||  1. | -1. |  0. ||  0. |  0. |  1. |
|=====+=====+=====||=====+=====+=====||=====+=====+=====|
| -1. |  0. |  0. || -1. |  0. | -1. ||  0. | -1. |  0. |
|  0. |  0. |  0. ||  0. |  1. |  0. ||  0. |  0. |  0. |
|  0. |  1. |  0. ||  0. |  1. |  0. ||  0. | -1. |  0. |

, evalForThisState=1.0, isPlayerOneTurnOriginally=true}, StateDatum{MCTSProbabilites=
|  .0 |  .0 |  .4362 ||  .0 |  .0 |  .0 ||  .0 |  .0 |  .0 |
|  .1137 |  .2909 |  .0 ||  .0 |  .0 |  .0 ||  .0 |  .0 |  .0 |
|  .0 |  .1592 |  .0 ||  .0 |  .0 |  .0 ||  .0 |  .0 |  .0 |
|========+========+========||========+========+========||========+========+========|
|  .0 |  .0 |  .0 ||  .0 |  .0 |  .0 ||  .0 |  .0 |  .0 |
|  .0 |  .0 |  .0 ||  .0 |  .0 |  .0 ||  .0 |  .0 |  .0 |
|  .0 |  .0 |  .0 ||  .0 |  .0 |  .0 ||  .0 |  .0 |  .0 |
|========+========+========||========+========+========||========+========+========|
|  .0 |  .0 |  .0 ||  .0 |  .0 |  .0 ||  .0 |  .0 |  .0 |
|  .0 |  .0 |  .0 ||  .0 |  .0 |  .0 ||  .0 |  .0 |  .0 |
|  .0 |  .0 |  .0 ||  .0 |  .0 |  .0 ||  .0 |  .0 |  .0 |

, state=
|*-1. |* 1. |*-0. || -0. | -1. | -0. || -1. | -0. | -0. |
|*-0. |*-0. |* 1. ||  1. | -1. | -1. || -0. | -0. | -0. |
|* 1. |*-0. |*-1. || -0. | -0. | -0. || -0. | -0. | -0. |
|=====+=====+=====||=====+=====+=====||=====+=====+=====|
| -1. | -0. | -0. || -0. | -0. | -0. || -1. | -0. | -0. |
| -0. | -0. | -0. || -0. |  1. |  1. || -0. | -1. |  1. |
| -0. | -0. | -0. || -1. |  1. | -0. || -0. | -0. | -1. |
|=====+=====+=====||=====+=====+=====||=====+=====+=====|
|  1. | -0. | -0. ||  1. | -0. |  1. || -0. |  1. | -0. |
| -0. | -0. | -0. || -0. | -1. | -0. || -0. | -0. | -0. |
| -0. | -1. | -0. || -0. | -1. | -0. || -0. |  1. | -0. |

, evalForThisState=-1.0, isPlayerOneTurnOriginally=false}, StateDatum{MCTSProbabilites=
|  .0 |  .0 |  .0 ||  .0 |  .0 |  .0 ||  .0 |  .1605 |  .1892 |
|  .0 |  .0 |  .0 ||  .0 |  .0 |  .0 ||  .0576 |  .0589 |  .0634 |
|  .0 |  .0 |  .0 ||  .0 |  .0 |  .0 ||  .1951 |  .1651 |  .1102 |
|========+========+========||========+========+========||========+========+========|
|  .0 |  .0 |  .0 ||  .0 |  .0 |  .0 ||  .0 |  .0 |  .0 |
|  .0 |  .0 |  .0 ||  .0 |  .0 |  .0 ||  .0 |  .0 |  .0 |
|  .0 |  .0 |  .0 ||  .0 |  .0 |  .0 ||  .0 |  .0 |  .0 |
|========+========+========||========+========+========||========+========+========|
|  .0 |  .0 |  .0 ||  .0 |  .0 |  .0 ||  .0 |  .0 |  .0 |
|  .0 |  .0 |  .0 ||  .0 |  .0 |  .0 ||  .0 |  .0 |  .0 |
|  .0 |  .0 |  .0 ||  .0 |  .0 |  .0 ||  .0 |  .0 |  .0 |

, state=
|  1. | -1. | -1. ||  0. |  1. |  0. ||* 1. |* 0. |* 0. |
|  0. |  0. | -1. || -1. |  1. |  1. ||* 0. |* 0. |* 0. |
| -1. |  0. |  1. ||  0. |  0. |  0. ||* 0. |* 0. |* 0. |
|=====+=====+=====||=====+=====+=====||=====+=====+=====|
|  1. |  0. |  0. ||  0. |  0. |  0. ||  1. |  0. |  0. |
|  0. |  0. |  0. ||  0. | -1. | -1. ||  0. |  1. | -1. |
|  0. |  0. |  0. ||  1. | -1. |  0. ||  0. |  0. |  1. |
|=====+=====+=====||=====+=====+=====||=====+=====+=====|
| -1. |  0. |  0. || -1. |  0. | -1. ||  0. | -1. |  0. |
|  0. |  0. |  0. ||  0. |  1. |  0. ||  0. |  0. |  0. |
|  0. |  1. |  0. ||  0. |  1. |  0. ||  0. | -1. |  0. |

, evalForThisState=1.0, isPlayerOneTurnOriginally=true}, StateDatum{MCTSProbabilites=
|  .0 |  .0 |  .0 ||  .0 |  .0 |  .0 ||  .0 |  .0 |  .0 |
|  .0 |  .0 |  .0 ||  .0 |  .0 |  .0 ||  .0 |  .0 |  .0 |
|  .0 |  .0 |  .0 ||  .0 |  .0 |  .0 ||  .0 |  .0 |  .0 |
|========+========+========||========+========+========||========+========+========|
|  .0 |  .0 |  .0 ||  .0 |  .0 |  .0 ||  .0 |  .0 |  .0 |
|  .0 |  .0 |  .0 ||  .0 |  .0 |  .0 ||  .0 |  .0 |  .0 |
|  .0 |  .0 |  .0 ||  .0 |  .0 |  .0 ||  .0 |  .0 |  .0 |
|========+========+========||========+========+========||========+========+========|
|  .0 |  .1709 |  .1712 ||  .0 |  .0 |  .0 ||  .0 |  .0 |  .0 |
|  .1529 |  .1481 |  .058 ||  .0 |  .0 |  .0 ||  .0 |  .0 |  .0 |
|  .1169 |  .0 |  .182 ||  .0 |  .0 |  .0 ||  .0 |  .0 |  .0 |

, state=
| -1. |  1. |  1. || -0. | -1. | -0. || -1. | -0. | -0. |
| -0. | -0. |  1. ||  1. | -1. | -1. || -0. | -0. | -0. |
|  1. | -0. | -1. || -0. | -0. | -0. || -1. | -0. | -0. |
|=====+=====+=====||=====+=====+=====||=====+=====+=====|
| -1. | -0. | -0. || -0. | -0. | -0. || -1. | -0. | -0. |
| -0. | -0. | -0. || -0. |  1. |  1. || -0. | -1. |  1. |
| -0. | -0. | -0. || -1. |  1. | -0. || -0. | -0. | -1. |
|=====+=====+=====||=====+=====+=====||=====+=====+=====|
|* 1. |*-0. |*-0. ||  1. | -0. |  1. || -0. |  1. | -0. |
|*-0. |*-0. |*-0. || -0. | -1. | -0. || -0. | -0. | -0. |
|*-0. |*-1. |*-0. || -0. | -1. | -0. || -0. |  1. | -0. |

, evalForThisState=-1.0, isPlayerOneTurnOriginally=false}, StateDatum{MCTSProbabilites=
|  .0 |  .0 |  .0 ||  .0 |  .0 |  .0 ||  .0 |  .0 |  .0 |
|  .0 |  .0 |  .0 ||  .0 |  .0 |  .0 ||  .0 |  .0 |  .0 |
|  .0 |  .0 |  .0 ||  .0 |  .0 |  .0 ||  .0 |  .0 |  .0 |
|========+========+========||========+========+========||========+========+========|
|  .0 |  .0 |  .0 ||  .0 |  .0 |  .0 ||  .0 |  .0 |  .0 |
|  .0 |  .0 |  .0 ||  .0 |  .0 |  .0 ||  .0 |  .0 |  .0 |
|  .0 |  .0 |  .0 ||  .0 |  .0 |  .0 ||  .0 |  .0 |  .0 |
|========+========+========||========+========+========||========+========+========|
|  .0 |  .0 |  .0 ||  .0 |  .0 |  .0 ||  .1262 |  .0 |  .1758 |
|  .0 |  .0 |  .0 ||  .0 |  .0 |  .0 ||  .1146 |  .1522 |  .1187 |
|  .0 |  .0 |  .0 ||  .0 |  .0 |  .0 ||  .1602 |  .0 |  .1523 |

, state=
|  1. | -1. | -1. ||  0. |  1. |  0. ||  1. |  0. |  0. |
|  0. |  0. | -1. || -1. |  1. |  1. ||  0. |  0. |  0. |
| -1. |  0. |  1. ||  0. |  0. |  0. ||  1. |  0. |  0. |
|=====+=====+=====||=====+=====+=====||=====+=====+=====|
|  1. |  0. |  0. ||  0. |  0. |  0. ||  1. |  0. |  0. |
|  0. |  0. |  0. ||  0. | -1. | -1. ||  0. |  1. | -1. |
|  0. |  0. |  0. ||  1. | -1. |  0. ||  0. |  0. |  1. |
|=====+=====+=====||=====+=====+=====||=====+=====+=====|
| -1. |  0. |  0. || -1. |  0. | -1. ||* 0. |*-1. |* 0. |
|  0. |  0. |  0. ||  0. |  1. |  0. ||* 0. |* 0. |* 0. |
|  0. |  1. | -1. ||  0. |  1. |  0. ||* 0. |*-1. |* 0. |

, evalForThisState=1.0, isPlayerOneTurnOriginally=true}, StateDatum{MCTSProbabilites=
|  .0 |  .0 |  .0 ||  .0 |  .0 |  .0 ||  .0 |  .125 |  .1267 |
|  .0 |  .0 |  .0 ||  .0 |  .0 |  .0 ||  .1334 |  .086 |  .2877 |
|  .0 |  .0 |  .0 ||  .0 |  .0 |  .0 ||  .0 |  .1429 |  .0982 |
|========+========+========||========+========+========||========+========+========|
|  .0 |  .0 |  .0 ||  .0 |  .0 |  .0 ||  .0 |  .0 |  .0 |
|  .0 |  .0 |  .0 ||  .0 |  .0 |  .0 ||  .0 |  .0 |  .0 |
|  .0 |  .0 |  .0 ||  .0 |  .0 |  .0 ||  .0 |  .0 |  .0 |
|========+========+========||========+========+========||========+========+========|
|  .0 |  .0 |  .0 ||  .0 |  .0 |  .0 ||  .0 |  .0 |  .0 |
|  .0 |  .0 |  .0 ||  .0 |  .0 |  .0 ||  .0 |  .0 |  .0 |
|  .0 |  .0 |  .0 ||  .0 |  .0 |  .0 ||  .0 |  .0 |  .0 |

, state=
| -1. |  1. |  1. || -0. | -1. | -0. ||*-1. |*-0. |*-0. |
| -0. | -0. |  1. ||  1. | -1. | -1. ||*-0. |*-0. |*-0. |
|  1. | -0. | -1. || -0. | -0. | -0. ||*-1. |*-0. |*-0. |
|=====+=====+=====||=====+=====+=====||=====+=====+=====|
| -1. | -0. | -0. || -0. | -0. | -0. || -1. | -0. | -0. |
| -0. | -0. | -0. || -0. |  1. |  1. || -0. | -1. |  1. |
| -0. | -0. | -0. || -1. |  1. | -0. || -0. | -0. | -1. |
|=====+=====+=====||=====+=====+=====||=====+=====+=====|
|  1. | -0. | -0. ||  1. | -0. |  1. || -0. |  1. | -1. |
| -0. | -0. | -0. || -0. | -1. | -0. || -0. | -0. | -0. |
| -0. | -1. |  1. || -0. | -1. | -0. || -0. |  1. | -0. |

, evalForThisState=-1.0, isPlayerOneTurnOriginally=false}, StateDatum{MCTSProbabilites=
|  .0 |  .0 |  .0 ||  .0134 |  .0 |  .0407 ||  .0 |  .0157 |  .0269 |
|  .0167 |  .0463 |  .0 ||  .0 |  .0 |  .0 ||  .0148 |  .0227 |  .0 |
|  .0 |  .0283 |  .0 ||  .0148 |  .0421 |  .0166 ||  .0 |  .015 |  .0116 |
|========+========+========||========+========+========||========+========+========|
|  .0 |  .016 |  .0241 ||  .0139 |  .021 |  .0217 ||  .0 |  .0 |  .0 |
|  .0218 |  .0202 |  .034 ||  .0247 |  .0 |  .0 ||  .0 |  .0 |  .0 |
|  .0269 |  .029 |  .0178 ||  .0 |  .0 |  .0088 ||  .0 |  .0 |  .0 |
|========+========+========||========+========+========||========+========+========|
|  .0 |  .0147 |  .0287 ||  .0 |  .0429 |  .0 ||  .0339 |  .0 |  .0 |
|  .0168 |  .0167 |  .0324 ||  .0173 |  .0 |  .021 ||  .0184 |  .0196 |  .0071 |
|  .0243 |  .0 |  .0 ||  .0274 |  .0 |  .0307 ||  .0256 |  .0 |  .0167 |

, state=
|* 1. |*-1. |*-1. ||* 0. |* 1. |* 0. ||* 1. |* 0. |* 0. |
|* 0. |* 0. |*-1. ||*-1. |* 1. |* 1. ||* 0. |* 0. |*-1. |
|*-1. |* 0. |* 1. ||* 0. |* 0. |* 0. ||* 1. |* 0. |* 0. |
|=====+=====+=====||=====+=====+=====||=====+=====+=====|
|* 1. |* 0. |* 0. ||* 0. |* 0. |* 0. ||  1. |  0. |  0. |
|* 0. |* 0. |* 0. ||* 0. |*-1. |*-1. ||  0. |  1. | -1. |
|* 0. |* 0. |* 0. ||* 1. |*-1. |* 0. ||  0. |  0. |  1. |
|=====+=====+=====||=====+=====+=====||=====+=====+=====|
|*-1. |* 0. |* 0. ||*-1. |* 0. |*-1. ||* 0. |*-1. |* 1. |
|* 0. |* 0. |* 0. ||* 0. |* 1. |* 0. ||* 0. |* 0. |* 0. |
|* 0. |* 1. |*-1. ||* 0. |* 1. |* 0. ||* 0. |*-1. |* 0. |

, evalForThisState=1.0, isPlayerOneTurnOriginally=true}, StateDatum{MCTSProbabilites=
|  .0 |  .0 |  .0 ||  .0 |  .0 |  .0 ||  .0 |  .0 |  .0 |
|  .0 |  .0 |  .0 ||  .0 |  .0 |  .0 ||  .0 |  .0 |  .0 |
|  .0 |  .0 |  .0 ||  .0 |  .0 |  .0 ||  .0 |  .0 |  .0 |
|========+========+========||========+========+========||========+========+========|
|  .0 |  .0 |  .0 ||  .3076 |  .3638 |  .0871 ||  .0 |  .0 |  .0 |
|  .0 |  .0 |  .0 ||  .186 |  .0 |  .0 ||  .0 |  .0 |  .0 |
|  .0 |  .0 |  .0 ||  .0 |  .0 |  .0554 ||  .0 |  .0 |  .0 |
|========+========+========||========+========+========||========+========+========|
|  .0 |  .0 |  .0 ||  .0 |  .0 |  .0 ||  .0 |  .0 |  .0 |
|  .0 |  .0 |  .0 ||  .0 |  .0 |  .0 ||  .0 |  .0 |  .0 |
|  .0 |  .0 |  .0 ||  .0 |  .0 |  .0 ||  .0 |  .0 |  .0 |

, state=
| -1. |  1. |  1. || -0. | -1. | -0. || -1. | -0. | -0. |
| -0. | -1. |  1. ||  1. | -1. | -1. || -0. | -0. |  1. |
|  1. | -0. | -1. || -0. | -0. | -0. || -1. | -0. | -0. |
|=====+=====+=====||=====+=====+=====||=====+=====+=====|
| -1. | -0. | -0. ||*-0. |*-0. |*-0. || -1. | -0. | -0. |
| -0. | -0. | -0. ||*-0. |* 1. |* 1. || -0. | -1. |  1. |
| -0. | -0. | -0. ||*-1. |* 1. |*-0. || -0. | -0. | -1. |
|=====+=====+=====||=====+=====+=====||=====+=====+=====|
|  1. | -0. | -0. ||  1. | -0. |  1. || -0. |  1. | -1. |
| -0. | -0. | -0. || -0. | -1. | -0. || -0. | -0. | -0. |
| -0. | -1. |  1. || -0. | -1. | -0. || -0. |  1. | -0. |

, evalForThisState=-1.0, isPlayerOneTurnOriginally=false}, StateDatum{MCTSProbabilites=
|  .0 |  .0 |  .0 ||  .0278 |  .0 |  .0214 ||  .0 |  .0 |  .0 |
|  .0 |  .0 |  .0 ||  .0 |  .0 |  .0 ||  .0 |  .0 |  .0 |
|  .0 |  .0 |  .0 ||  .0207 |  .8941 |  .036 ||  .0 |  .0 |  .0 |
|========+========+========||========+========+========||========+========+========|
|  .0 |  .0 |  .0 ||  .0 |  .0 |  .0 ||  .0 |  .0 |  .0 |
|  .0 |  .0 |  .0 ||  .0 |  .0 |  .0 ||  .0 |  .0 |  .0 |
|  .0 |  .0 |  .0 ||  .0 |  .0 |  .0 ||  .0 |  .0 |  .0 |
|========+========+========||========+========+========||========+========+========|
|  .0 |  .0 |  .0 ||  .0 |  .0 |  .0 ||  .0 |  .0 |  .0 |
|  .0 |  .0 |  .0 ||  .0 |  .0 |  .0 ||  .0 |  .0 |  .0 |
|  .0 |  .0 |  .0 ||  .0 |  .0 |  .0 ||  .0 |  .0 |  .0 |

, state=
|  1. | -1. | -1. ||* 0. |* 1. |* 0. ||  1. |  0. |  0. |
|  0. |  1. | -1. ||*-1. |* 1. |* 1. ||  0. |  0. | -1. |
| -1. |  0. |  1. ||* 0. |* 0. |* 0. ||  1. |  0. |  0. |
|=====+=====+=====||=====+=====+=====||=====+=====+=====|
|  1. |  0. |  0. ||  0. | -1. |  0. ||  1. |  0. |  0. |
|  0. |  0. |  0. ||  0. | -1. | -1. ||  0. |  1. | -1. |
|  0. |  0. |  0. ||  1. | -1. |  0. ||  0. |  0. |  1. |
|=====+=====+=====||=====+=====+=====||=====+=====+=====|
| -1. |  0. |  0. || -1. |  0. | -1. ||  0. | -1. |  1. |
|  0. |  0. |  0. ||  0. |  1. |  0. ||  0. |  0. |  0. |
|  0. |  1. | -1. ||  0. |  1. |  0. ||  0. | -1. |  0. |

, evalForThisState=1.0, isPlayerOneTurnOriginally=true}, StateDatum{MCTSProbabilites=
|  .0 |  .0 |  .0 ||  .0 |  .0 |  .0 ||  .0 |  .0 |  .0 |
|  .0 |  .0 |  .0 ||  .0 |  .0 |  .0 ||  .0 |  .0 |  .0 |
|  .0 |  .0 |  .0 ||  .0 |  .0 |  .0 ||  .0 |  .0 |  .0 |
|========+========+========||========+========+========||========+========+========|
|  .0 |  .0 |  .0 ||  .0 |  .0 |  .0 ||  .0 |  .0 |  .0 |
|  .0 |  .0 |  .0 ||  .0 |  .0 |  .0 ||  .0 |  .0 |  .0 |
|  .0 |  .0 |  .0 ||  .0 |  .0 |  .0 ||  .0 |  .0 |  .0 |
|========+========+========||========+========+========||========+========+========|
|  .0 |  .0 |  .0 ||  .0 |  .6451 |  .0 ||  .0 |  .0 |  .0 |
|  .0 |  .0 |  .0 ||  .1564 |  .0 |  .0012 ||  .0 |  .0 |  .0 |
|  .0 |  .0 |  .0 ||  .1897 |  .0 |  .0076 ||  .0 |  .0 |  .0 |

, state=
| -1. |  1. |  1. || -0. | -1. | -0. || -1. | -0. | -0. |
| -0. | -1. |  1. ||  1. | -1. | -1. || -0. | -0. |  1. |
|  1. | -0. | -1. || -0. | -1. | -0. || -1. | -0. | -0. |
|=====+=====+=====||=====+=====+=====||=====+=====+=====|
| -1. | -0. | -0. || -0. |  1. | -0. || -1. | -0. | -0. |
| -0. | -0. | -0. || -0. |  1. |  1. || -0. | -1. |  1. |
| -0. | -0. | -0. || -1. |  1. | -0. || -0. | -0. | -1. |
|=====+=====+=====||=====+=====+=====||=====+=====+=====|
|  1. | -0. | -0. ||* 1. |*-0. |* 1. || -0. |  1. | -1. |
| -0. | -0. | -0. ||*-0. |*-1. |*-0. || -0. | -0. | -0. |
| -0. | -1. |  1. ||*-0. |*-1. |*-0. || -0. |  1. | -0. |

, evalForThisState=-1.0, isPlayerOneTurnOriginally=false}, StateDatum{MCTSProbabilites=
|  .0 |  .0 |  .0 ||  .0 |  .0 |  .0 ||  .0 |  .0 |  .0 |
|  .0 |  .0 |  .0 ||  .0 |  .0 |  .0 ||  .9991 |  .0 |  .0 |
|  .0 |  .0 |  .0 ||  .0 |  .0 |  .0 ||  .0 |  .0001 |  .0 |
|========+========+========||========+========+========||========+========+========|
|  .0 |  .0001 |  .0 ||  .0 |  .0 |  .0 ||  .0 |  .0 |  .0 |
|  .0 |  .0 |  .0 ||  .0 |  .0 |  .0 ||  .0 |  .0 |  .0 |
|  .0 |  .0 |  .0 ||  .0 |  .0 |  .0 ||  .0 |  .0 |  .0 |
|========+========+========||========+========+========||========+========+========|
|  .0 |  .0 |  .0 ||  .0 |  .0 |  .0 ||  .0 |  .0 |  .0 |
|  .0 |  .0 |  .0 ||  .0 |  .0 |  .0 ||  .0 |  .0001 |  .0001 |
|  .0 |  .0 |  .0 ||  .0 |  .0 |  .0 ||  .0 |  .0 |  .0 |

, state=
|  1. | -1. | -1. ||  0. |  1. |  0. ||* 1. |* 0. |* 0. |
|  0. |  1. | -1. || -1. |  1. |  1. ||* 0. |* 0. |*-1. |
| -1. |  0. |  1. ||  0. |  1. |  0. ||* 1. |* 0. |* 0. |
|=====+=====+=====||=====+=====+=====||=====+=====+=====|
|* 1. |* 0. |* 0. ||  0. | -1. |  0. ||  1. |  0. |  0. |
|* 0. |* 0. |* 0. ||  0. | -1. | -1. ||  0. |  1. | -1. |
|* 0. |* 0. |* 0. ||  1. | -1. |  0. ||  0. |  0. |  1. |
|=====+=====+=====||=====+=====+=====||=====+=====+=====|
|*-1. |* 0. |* 0. || -1. | -1. | -1. ||* 0. |*-1. |* 1. |
|* 0. |* 0. |* 0. ||  0. |  1. |  0. ||* 0. |* 0. |* 0. |
|* 0. |* 1. |*-1. ||  0. |  1. |  0. ||* 0. |*-1. |* 0. |

, evalForThisState=1.0, isPlayerOneTurnOriginally=true}]
Value network data: 
===========INPUT===================
[[         0,         0,         0,  ...    1.0000,    1.0000,    1.0000], 
 [         0,         0,         0,  ...   -1.0000,   -1.0000,   -1.0000], 
 [         0,         0,         0,  ...   -1.0000,   -1.0000,   -1.0000], 
  ..., 
 [    1.0000,   -1.0000,   -1.0000,  ...   -1.0000,   -1.0000,   -1.0000], 
 [   -1.0000,    1.0000,    1.0000,  ...   -1.0000,    1.0000,   -1.0000], 
 [    1.0000,   -1.0000,   -1.0000,  ...    1.0000,   -1.0000,    1.0000]]
=================OUTPUT==================
[[1.0000], 
 [-1.0000], 
 [1.0000], 
 [-1.0000], 
 [1.0000], 
 [-1.0000], 
 [1.0000], 
 [-1.0000], 
 [1.0000], 
 [-1.0000], 
 [1.0000], 
 [-1.0000], 
 [1.0000], 
 [-1.0000], 
 [1.0000], 
 [-1.0000], 
 [1.0000], 
 [-1.0000], 
 [1.0000], 
 [-1.0000], 
 [1.0000], 
 [-1.0000], 
 [1.0000], 
 [-1.0000], 
 [1.0000], 
 [-1.0000], 
 [1.0000], 
 [-1.0000], 
 [1.0000], 
 [-1.0000], 
 [1.0000], 
 [-1.0000], 
 [1.0000], 
 [-1.0000], 
 [1.0000], 
 [-1.0000], 
 [1.0000]]
Policy network data: 
===========INPUT===================
[[         0,         0,         0,  ...    1.0000,    1.0000,    1.0000], 
 [         0,         0,         0,  ...   -1.0000,   -1.0000,   -1.0000], 
 [         0,         0,         0,  ...   -1.0000,   -1.0000,   -1.0000], 
  ..., 
 [    1.0000,   -1.0000,   -1.0000,  ...   -1.0000,   -1.0000,   -1.0000], 
 [   -1.0000,    1.0000,    1.0000,  ...   -1.0000,    1.0000,   -1.0000], 
 [    1.0000,   -1.0000,   -1.0000,  ...    1.0000,   -1.0000,    1.0000]]
=================OUTPUT==================
[[    0.0169,    0.0103,    0.0154,  ...    0.0147,    0.0146,    0.0084], 
 [         0,         0,         0,  ...         0,         0,         0], 
 [         0,         0,         0,  ...         0,         0,         0], 
  ..., 
 [         0,         0,         0,  ...         0,         0,         0], 
 [         0,         0,         0,  ...         0,         0,         0], 
 [         0,         0,         0,  ... 4.0838e-5,         0, 4.3328e-5]]
W:\Labs\ME\ME187-Fall2024\StudentFiles\CALEBHOTTES\UTTTstuff\data\series1\policy$series1,gameNum83$1729273694778.bin
Took: 1298 s to simulate game
Finished simulating game, see log at: W:\Labs\ME\ME187-Fall2024\StudentFiles\CALEBHOTTES\UTTTstuff\data\logs\series1\game83$1729269168791.log for details.
