Saving data to: W:\Labs\ME\ME187-Fall2024\StudentFiles\CALEBHOTTES\UTTTstuff\data\series1
Begin custom message: 
DataSeries: series1 game number: 75 

Description: data generated on AWS app stream service. . 

Evaluator config=EvaluatorConfiguration{cValue=2.0, maxRolloutDepth=1000, computeTime=30, threads=1, stupidity=0, allowForcePlay=false, maxMyCPU=false}
End custom message
Inital State: 

|* 0. |* 0. |* 0. ||* 0. |* 0. |* 0. ||* 0. |* 0. |* 0. |
|* 0. |* 0. |* 0. ||* 0. |* 0. |* 0. ||* 0. |* 0. |* 0. |
|* 0. |* 0. |* 0. ||* 0. |* 0. |* 0. ||* 0. |* 0. |* 0. |
|=====+=====+=====||=====+=====+=====||=====+=====+=====|
|* 0. |* 0. |* 0. ||* 0. |* 0. |* 0. ||* 0. |* 0. |* 0. |
|* 0. |* 0. |* 0. ||* 0. |* 0. |* 0. ||* 0. |* 0. |* 0. |
|* 0. |* 0. |* 0. ||* 0. |* 0. |* 0. ||* 0. |* 0. |* 0. |
|=====+=====+=====||=====+=====+=====||=====+=====+=====|
|* 0. |* 0. |* 0. ||* 0. |* 0. |* 0. ||* 0. |* 0. |* 0. |
|* 0. |* 0. |* 0. ||* 0. |* 0. |* 0. ||* 0. |* 0. |* 0. |
|* 0. |* 0. |* 0. ||* 0. |* 0. |* 0. ||* 0. |* 0. |* 0. |


state to eval, currenty is playerone turn=true

|* 0. |* 0. |* 0. ||* 0. |* 0. |* 0. ||* 0. |* 0. |* 0. |
|* 0. |* 0. |* 0. ||* 0. |* 0. |* 0. ||* 0. |* 0. |* 0. |
|* 0. |* 0. |* 0. ||* 0. |* 0. |* 0. ||* 0. |* 0. |* 0. |
|=====+=====+=====||=====+=====+=====||=====+=====+=====|
|* 0. |* 0. |* 0. ||* 0. |* 0. |* 0. ||* 0. |* 0. |* 0. |
|* 0. |* 0. |* 0. ||* 0. |* 0. |* 0. ||* 0. |* 0. |* 0. |
|* 0. |* 0. |* 0. ||* 0. |* 0. |* 0. ||* 0. |* 0. |* 0. |
|=====+=====+=====||=====+=====+=====||=====+=====+=====|
|* 0. |* 0. |* 0. ||* 0. |* 0. |* 0. ||* 0. |* 0. |* 0. |
|* 0. |* 0. |* 0. ||* 0. |* 0. |* 0. ||* 0. |* 0. |* 0. |
|* 0. |* 0. |* 0. ||* 0. |* 0. |* 0. ||* 0. |* 0. |* 0. |


Determined best move using: 97261Iterations
Determined best move using: 95503Iterations
Determined best move using: 151919Iterations
current State

|  0. |  0. |  0. ||  0. |  0. |  0. ||  0. |  0. |  0. |
|  0. |  0. |  0. ||  0. |  0. |  0. ||  0. |  0. |  0. |
|  0. |  0. |  0. ||  0. |  0. |  0. ||  0. |  0. |  0. |
|=====+=====+=====||=====+=====+=====||=====+=====+=====|
|  0. |  0. |  0. ||  0. |  0. |  0. ||  0. |  0. |  0. |
|  0. |  0. |  0. ||  0. |  0. |  0. ||  0. |  0. |  0. |
|  0. |  0. |  0. ||  0. |  0. |  0. ||  0. |  0. |  0. |
|=====+=====+=====||=====+=====+=====||=====+=====+=====|
|  0. |  0. |  0. ||* 0. |* 0. |* 0. ||  0. |  0. |  0. |
|  0. |  0. |  0. ||* 0. |* 0. |* 0. ||  0. |  0. |  0. |
|  0. |  0. |  0. ||* 0. |* 1. |* 0. ||  0. |  0. |  0. |


state to eval, currenty is playerone turn=false

| -0. | -0. | -0. || -0. | -0. | -0. || -0. | -0. | -0. |
| -0. | -0. | -0. || -0. | -0. | -0. || -0. | -0. | -0. |
| -0. | -0. | -0. || -0. | -0. | -0. || -0. | -0. | -0. |
|=====+=====+=====||=====+=====+=====||=====+=====+=====|
| -0. | -0. | -0. || -0. | -0. | -0. || -0. | -0. | -0. |
| -0. | -0. | -0. || -0. | -0. | -0. || -0. | -0. | -0. |
| -0. | -0. | -0. || -0. | -0. | -0. || -0. | -0. | -0. |
|=====+=====+=====||=====+=====+=====||=====+=====+=====|
| -0. | -0. | -0. ||*-0. |*-0. |*-0. || -0. | -0. | -0. |
| -0. | -0. | -0. ||*-0. |*-0. |*-0. || -0. | -0. | -0. |
| -0. | -0. | -0. ||*-0. |*-1. |*-0. || -0. | -0. | -0. |


Determined best move using: 108559Iterations
Determined best move using: 110293Iterations
current State

|  0. |  0. |  0. ||  0. |  0. |  0. ||  0. |  0. |  0. |
|  0. |  0. |  0. ||  0. |  0. |  0. ||  0. |  0. |  0. |
|  0. |  0. |  0. ||  0. |  0. |  0. ||  0. |  0. |  0. |
|=====+=====+=====||=====+=====+=====||=====+=====+=====|
|  0. |  0. |  0. ||* 0. |* 0. |* 0. ||  0. |  0. |  0. |
|  0. |  0. |  0. ||* 0. |* 0. |* 0. ||  0. |  0. |  0. |
|  0. |  0. |  0. ||* 0. |* 0. |* 0. ||  0. |  0. |  0. |
|=====+=====+=====||=====+=====+=====||=====+=====+=====|
|  0. |  0. |  0. ||  0. |  0. |  0. ||  0. |  0. |  0. |
|  0. |  0. |  0. ||  0. | -1. |  0. ||  0. |  0. |  0. |
|  0. |  0. |  0. ||  0. |  1. |  0. ||  0. |  0. |  0. |


state to eval, currenty is playerone turn=true

|  0. |  0. |  0. ||  0. |  0. |  0. ||  0. |  0. |  0. |
|  0. |  0. |  0. ||  0. |  0. |  0. ||  0. |  0. |  0. |
|  0. |  0. |  0. ||  0. |  0. |  0. ||  0. |  0. |  0. |
|=====+=====+=====||=====+=====+=====||=====+=====+=====|
|  0. |  0. |  0. ||* 0. |* 0. |* 0. ||  0. |  0. |  0. |
|  0. |  0. |  0. ||* 0. |* 0. |* 0. ||  0. |  0. |  0. |
|  0. |  0. |  0. ||* 0. |* 0. |* 0. ||  0. |  0. |  0. |
|=====+=====+=====||=====+=====+=====||=====+=====+=====|
|  0. |  0. |  0. ||  0. |  0. |  0. ||  0. |  0. |  0. |
|  0. |  0. |  0. ||  0. | -1. |  0. ||  0. |  0. |  0. |
|  0. |  0. |  0. ||  0. |  1. |  0. ||  0. |  0. |  0. |


Determined best move using: 125686Iterations
Determined best move using: 111331Iterations
current State

|  0. |  0. |  0. ||  0. |  0. |  0. ||  0. |  0. |  0. |
|  0. |  0. |  0. ||  0. |  0. |  0. ||  0. |  0. |  0. |
|  0. |  0. |  0. ||  0. |  0. |  0. ||  0. |  0. |  0. |
|=====+=====+=====||=====+=====+=====||=====+=====+=====|
|  0. |  0. |  0. ||  0. |  0. |  0. ||  0. |  0. |  0. |
|  0. |  0. |  0. ||  0. |  0. |  0. ||  0. |  0. |  0. |
|  0. |  0. |  0. ||  0. |  1. |  0. ||  0. |  0. |  0. |
|=====+=====+=====||=====+=====+=====||=====+=====+=====|
|  0. |  0. |  0. ||* 0. |* 0. |* 0. ||  0. |  0. |  0. |
|  0. |  0. |  0. ||* 0. |*-1. |* 0. ||  0. |  0. |  0. |
|  0. |  0. |  0. ||* 0. |* 1. |* 0. ||  0. |  0. |  0. |


state to eval, currenty is playerone turn=false

| -0. | -0. | -0. || -0. | -0. | -0. || -0. | -0. | -0. |
| -0. | -0. | -0. || -0. | -0. | -0. || -0. | -0. | -0. |
| -0. | -0. | -0. || -0. | -0. | -0. || -0. | -0. | -0. |
|=====+=====+=====||=====+=====+=====||=====+=====+=====|
| -0. | -0. | -0. || -0. | -0. | -0. || -0. | -0. | -0. |
| -0. | -0. | -0. || -0. | -0. | -0. || -0. | -0. | -0. |
| -0. | -0. | -0. || -0. | -1. | -0. || -0. | -0. | -0. |
|=====+=====+=====||=====+=====+=====||=====+=====+=====|
| -0. | -0. | -0. ||*-0. |*-0. |*-0. || -0. | -0. | -0. |
| -0. | -0. | -0. ||*-0. |* 1. |*-0. || -0. | -0. | -0. |
| -0. | -0. | -0. ||*-0. |*-1. |*-0. || -0. | -0. | -0. |


Determined best move using: 144577Iterations
current State

|  0. |  0. |  0. ||  0. |  0. |  0. ||  0. |  0. |  0. |
|  0. |  0. |  0. ||  0. |  0. |  0. ||  0. |  0. |  0. |
|  0. |  0. |  0. ||  0. |  0. |  0. ||  0. |  0. |  0. |
|=====+=====+=====||=====+=====+=====||=====+=====+=====|
|  0. |  0. |  0. ||  0. |  0. |  0. ||  0. |  0. |  0. |
|  0. |  0. |  0. ||  0. |  0. |  0. ||  0. |  0. |  0. |
|  0. |  0. |  0. ||  0. |  1. |  0. ||  0. |  0. |  0. |
|=====+=====+=====||=====+=====+=====||=====+=====+=====|
|* 0. |* 0. |* 0. ||  0. |  0. |  0. ||  0. |  0. |  0. |
|* 0. |* 0. |* 0. ||  0. | -1. |  0. ||  0. |  0. |  0. |
|* 0. |* 0. |* 0. || -1. |  1. |  0. ||  0. |  0. |  0. |


state to eval, currenty is playerone turn=true

|  0. |  0. |  0. ||  0. |  0. |  0. ||  0. |  0. |  0. |
|  0. |  0. |  0. ||  0. |  0. |  0. ||  0. |  0. |  0. |
|  0. |  0. |  0. ||  0. |  0. |  0. ||  0. |  0. |  0. |
|=====+=====+=====||=====+=====+=====||=====+=====+=====|
|  0. |  0. |  0. ||  0. |  0. |  0. ||  0. |  0. |  0. |
|  0. |  0. |  0. ||  0. |  0. |  0. ||  0. |  0. |  0. |
|  0. |  0. |  0. ||  0. |  1. |  0. ||  0. |  0. |  0. |
|=====+=====+=====||=====+=====+=====||=====+=====+=====|
|* 0. |* 0. |* 0. ||  0. |  0. |  0. ||  0. |  0. |  0. |
|* 0. |* 0. |* 0. ||  0. | -1. |  0. ||  0. |  0. |  0. |
|* 0. |* 0. |* 0. || -1. |  1. |  0. ||  0. |  0. |  0. |


Determined best move using: 399690Iterations
current State

|  0. |  0. |  0. ||  0. |  0. |  0. ||  0. |  0. |  0. |
|  0. |  0. |  0. ||  0. |  0. |  0. ||  0. |  0. |  0. |
|  0. |  0. |  0. ||  0. |  0. |  0. ||  0. |  0. |  0. |
|=====+=====+=====||=====+=====+=====||=====+=====+=====|
|  0. |  0. |  0. ||* 0. |* 0. |* 0. ||  0. |  0. |  0. |
|  0. |  0. |  0. ||* 0. |* 0. |* 0. ||  0. |  0. |  0. |
|  0. |  0. |  0. ||* 0. |* 1. |* 0. ||  0. |  0. |  0. |
|=====+=====+=====||=====+=====+=====||=====+=====+=====|
|  0. |  0. |  0. ||  0. |  0. |  0. ||  0. |  0. |  0. |
|  0. |  1. |  0. ||  0. | -1. |  0. ||  0. |  0. |  0. |
|  0. |  0. |  0. || -1. |  1. |  0. ||  0. |  0. |  0. |


state to eval, currenty is playerone turn=false

| -0. | -0. | -0. || -0. | -0. | -0. || -0. | -0. | -0. |
| -0. | -0. | -0. || -0. | -0. | -0. || -0. | -0. | -0. |
| -0. | -0. | -0. || -0. | -0. | -0. || -0. | -0. | -0. |
|=====+=====+=====||=====+=====+=====||=====+=====+=====|
| -0. | -0. | -0. ||*-0. |*-0. |*-0. || -0. | -0. | -0. |
| -0. | -0. | -0. ||*-0. |*-0. |*-0. || -0. | -0. | -0. |
| -0. | -0. | -0. ||*-0. |*-1. |*-0. || -0. | -0. | -0. |
|=====+=====+=====||=====+=====+=====||=====+=====+=====|
| -0. | -0. | -0. || -0. | -0. | -0. || -0. | -0. | -0. |
| -0. | -1. | -0. || -0. |  1. | -0. || -0. | -0. | -0. |
| -0. | -0. | -0. ||  1. | -1. | -0. || -0. | -0. | -0. |


Determined best move using: 231311Iterations
Determined best move using: 120530Iterations
current State

|  0. |  0. |  0. ||  0. |  0. |  0. ||  0. |  0. |  0. |
|  0. |  0. |  0. ||  0. |  0. |  0. ||  0. |  0. |  0. |
|  0. |  0. |  0. ||  0. |  0. |  0. ||  0. |  0. |  0. |
|=====+=====+=====||=====+=====+=====||=====+=====+=====|
|  0. |  0. |  0. ||  0. |  0. |  0. ||  0. |  0. |  0. |
|  0. |  0. |  0. ||  0. |  0. |  0. ||  0. |  0. |  0. |
|  0. |  0. |  0. || -1. |  1. |  0. ||  0. |  0. |  0. |
|=====+=====+=====||=====+=====+=====||=====+=====+=====|
|* 0. |* 0. |* 0. ||  0. |  0. |  0. ||  0. |  0. |  0. |
|* 0. |* 1. |* 0. ||  0. | -1. |  0. ||  0. |  0. |  0. |
|* 0. |* 0. |* 0. || -1. |  1. |  0. ||  0. |  0. |  0. |


state to eval, currenty is playerone turn=true

|  0. |  0. |  0. ||  0. |  0. |  0. ||  0. |  0. |  0. |
|  0. |  0. |  0. ||  0. |  0. |  0. ||  0. |  0. |  0. |
|  0. |  0. |  0. ||  0. |  0. |  0. ||  0. |  0. |  0. |
|=====+=====+=====||=====+=====+=====||=====+=====+=====|
|  0. |  0. |  0. ||  0. |  0. |  0. ||  0. |  0. |  0. |
|  0. |  0. |  0. ||  0. |  0. |  0. ||  0. |  0. |  0. |
|  0. |  0. |  0. || -1. |  1. |  0. ||  0. |  0. |  0. |
|=====+=====+=====||=====+=====+=====||=====+=====+=====|
|* 0. |* 0. |* 0. ||  0. |  0. |  0. ||  0. |  0. |  0. |
|* 0. |* 1. |* 0. ||  0. | -1. |  0. ||  0. |  0. |  0. |
|* 0. |* 0. |* 0. || -1. |  1. |  0. ||  0. |  0. |  0. |


Determined best move using: 1072235Iterations
Determined best move using: 120600Iterations
current State

|  0. |  0. |  0. ||  0. |  0. |  0. ||  0. |  0. |  0. |
|  0. |  0. |  0. ||  0. |  0. |  0. ||  0. |  0. |  0. |
|  0. |  0. |  0. ||  0. |  0. |  0. ||  0. |  0. |  0. |
|=====+=====+=====||=====+=====+=====||=====+=====+=====|
|  0. |  0. |  0. ||  0. |  0. |  0. ||  0. |  0. |  0. |
|  0. |  0. |  0. ||  0. |  0. |  0. ||  0. |  0. |  0. |
|  0. |  0. |  0. || -1. |  1. |  0. ||  0. |  0. |  0. |
|=====+=====+=====||=====+=====+=====||=====+=====+=====|
|  0. |  0. |  0. ||* 0. |* 0. |* 0. ||  0. |  0. |  0. |
|  0. |  1. |  0. ||* 0. |*-1. |* 0. ||  0. |  0. |  0. |
|  0. |  1. |  0. ||*-1. |* 1. |* 0. ||  0. |  0. |  0. |


state to eval, currenty is playerone turn=false

| -0. | -0. | -0. || -0. | -0. | -0. || -0. | -0. | -0. |
| -0. | -0. | -0. || -0. | -0. | -0. || -0. | -0. | -0. |
| -0. | -0. | -0. || -0. | -0. | -0. || -0. | -0. | -0. |
|=====+=====+=====||=====+=====+=====||=====+=====+=====|
| -0. | -0. | -0. || -0. | -0. | -0. || -0. | -0. | -0. |
| -0. | -0. | -0. || -0. | -0. | -0. || -0. | -0. | -0. |
| -0. | -0. | -0. ||  1. | -1. | -0. || -0. | -0. | -0. |
|=====+=====+=====||=====+=====+=====||=====+=====+=====|
| -0. | -0. | -0. ||*-0. |*-0. |*-0. || -0. | -0. | -0. |
| -0. | -1. | -0. ||*-0. |* 1. |*-0. || -0. | -0. | -0. |
| -0. | -1. | -0. ||* 1. |*-1. |*-0. || -0. | -0. | -0. |


Determined best move using: 1009417Iterations
Determined best move using: 123078Iterations
current State

|  0. |  0. |  0. ||  0. |  0. |  0. ||  0. |  0. |  0. |
|  0. |  0. |  0. ||  0. |  0. |  0. ||  0. |  0. |  0. |
|  0. |  0. |  0. ||  0. |  0. |  0. ||  0. |  0. |  0. |
|=====+=====+=====||=====+=====+=====||=====+=====+=====|
|  0. |  0. |  0. ||  0. |  0. |  0. ||* 0. |* 0. |* 0. |
|  0. |  0. |  0. ||  0. |  0. |  0. ||* 0. |* 0. |* 0. |
|  0. |  0. |  0. || -1. |  1. |  0. ||* 0. |* 0. |* 0. |
|=====+=====+=====||=====+=====+=====||=====+=====+=====|
|  0. |  0. |  0. ||  0. |  0. |  0. ||  0. |  0. |  0. |
|  0. |  1. |  0. ||  0. | -1. | -1. ||  0. |  0. |  0. |
|  0. |  1. |  0. || -1. |  1. |  0. ||  0. |  0. |  0. |


state to eval, currenty is playerone turn=true

|  0. |  0. |  0. ||  0. |  0. |  0. ||  0. |  0. |  0. |
|  0. |  0. |  0. ||  0. |  0. |  0. ||  0. |  0. |  0. |
|  0. |  0. |  0. ||  0. |  0. |  0. ||  0. |  0. |  0. |
|=====+=====+=====||=====+=====+=====||=====+=====+=====|
|  0. |  0. |  0. ||  0. |  0. |  0. ||* 0. |* 0. |* 0. |
|  0. |  0. |  0. ||  0. |  0. |  0. ||* 0. |* 0. |* 0. |
|  0. |  0. |  0. || -1. |  1. |  0. ||* 0. |* 0. |* 0. |
|=====+=====+=====||=====+=====+=====||=====+=====+=====|
|  0. |  0. |  0. ||  0. |  0. |  0. ||  0. |  0. |  0. |
|  0. |  1. |  0. ||  0. | -1. | -1. ||  0. |  0. |  0. |
|  0. |  1. |  0. || -1. |  1. |  0. ||  0. |  0. |  0. |


Determined best move using: 1230476Iterations
Determined best move using: 128228Iterations
Determined best move using: 1137548Iterations
current State

|  0. |  0. |  0. ||  0. |  0. |  0. ||  0. |  0. |  0. |
|  0. |  0. |  0. ||  0. |  0. |  0. ||  0. |  0. |  0. |
|  0. |  0. |  0. ||  0. |  0. |  0. ||  0. |  0. |  0. |
|=====+=====+=====||=====+=====+=====||=====+=====+=====|
|* 0. |* 0. |* 0. ||  0. |  0. |  0. ||  0. |  0. |  0. |
|* 0. |* 0. |* 0. ||  0. |  0. |  0. ||  1. |  0. |  0. |
|* 0. |* 0. |* 0. || -1. |  1. |  0. ||  0. |  0. |  0. |
|=====+=====+=====||=====+=====+=====||=====+=====+=====|
|  0. |  0. |  0. ||  0. |  0. |  0. ||  0. |  0. |  0. |
|  0. |  1. |  0. ||  0. | -1. | -1. ||  0. |  0. |  0. |
|  0. |  1. |  0. || -1. |  1. |  0. ||  0. |  0. |  0. |


state to eval, currenty is playerone turn=false

| -0. | -0. | -0. || -0. | -0. | -0. || -0. | -0. | -0. |
| -0. | -0. | -0. || -0. | -0. | -0. || -0. | -0. | -0. |
| -0. | -0. | -0. || -0. | -0. | -0. || -0. | -0. | -0. |
|=====+=====+=====||=====+=====+=====||=====+=====+=====|
|*-0. |*-0. |*-0. || -0. | -0. | -0. || -0. | -0. | -0. |
|*-0. |*-0. |*-0. || -0. | -0. | -0. || -1. | -0. | -0. |
|*-0. |*-0. |*-0. ||  1. | -1. | -0. || -0. | -0. | -0. |
|=====+=====+=====||=====+=====+=====||=====+=====+=====|
| -0. | -0. | -0. || -0. | -0. | -0. || -0. | -0. | -0. |
| -0. | -1. | -0. || -0. |  1. |  1. || -0. | -0. | -0. |
| -0. | -1. | -0. ||  1. | -1. | -0. || -0. | -0. | -0. |


Determined best move using: 1007543Iterations
Determined best move using: 123777Iterations
Determined best move using: 1305020Iterations
current State

|  0. |  0. |  0. ||  0. |  0. |  0. ||  0. |  0. |  0. |
|  0. |  0. |  0. ||  0. |  0. |  0. ||  0. |  0. |  0. |
|  0. |  0. |  0. ||  0. |  0. |  0. ||  0. |  0. |  0. |
|=====+=====+=====||=====+=====+=====||=====+=====+=====|
|  0. |  0. |  0. ||  0. |  0. |  0. ||  0. |  0. |  0. |
|  0. |  0. |  0. ||  0. |  0. |  0. ||  1. |  0. |  0. |
|  0. |  0. | -1. || -1. |  1. |  0. ||  0. |  0. |  0. |
|=====+=====+=====||=====+=====+=====||=====+=====+=====|
|  0. |  0. |  0. ||  0. |  0. |  0. ||* 0. |* 0. |* 0. |
|  0. |  1. |  0. ||  0. | -1. | -1. ||* 0. |* 0. |* 0. |
|  0. |  1. |  0. || -1. |  1. |  0. ||* 0. |* 0. |* 0. |


state to eval, currenty is playerone turn=true

|  0. |  0. |  0. ||  0. |  0. |  0. ||  0. |  0. |  0. |
|  0. |  0. |  0. ||  0. |  0. |  0. ||  0. |  0. |  0. |
|  0. |  0. |  0. ||  0. |  0. |  0. ||  0. |  0. |  0. |
|=====+=====+=====||=====+=====+=====||=====+=====+=====|
|  0. |  0. |  0. ||  0. |  0. |  0. ||  0. |  0. |  0. |
|  0. |  0. |  0. ||  0. |  0. |  0. ||  1. |  0. |  0. |
|  0. |  0. | -1. || -1. |  1. |  0. ||  0. |  0. |  0. |
|=====+=====+=====||=====+=====+=====||=====+=====+=====|
|  0. |  0. |  0. ||  0. |  0. |  0. ||* 0. |* 0. |* 0. |
|  0. |  1. |  0. ||  0. | -1. | -1. ||* 0. |* 0. |* 0. |
|  0. |  1. |  0. || -1. |  1. |  0. ||* 0. |* 0. |* 0. |


Determined best move using: 1371121Iterations
Determined best move using: 136951Iterations
current State

|  0. |  0. |  0. ||  0. |  0. |  0. ||* 0. |* 0. |* 0. |
|  0. |  0. |  0. ||  0. |  0. |  0. ||* 0. |* 0. |* 0. |
|  0. |  0. |  0. ||  0. |  0. |  0. ||* 0. |* 0. |* 0. |
|=====+=====+=====||=====+=====+=====||=====+=====+=====|
|  0. |  0. |  0. ||  0. |  0. |  0. ||  0. |  0. |  0. |
|  0. |  0. |  0. ||  0. |  0. |  0. ||  1. |  0. |  0. |
|  0. |  0. | -1. || -1. |  1. |  0. ||  0. |  0. |  0. |
|=====+=====+=====||=====+=====+=====||=====+=====+=====|
|  0. |  0. |  0. ||  0. |  0. |  0. ||  0. |  0. |  1. |
|  0. |  1. |  0. ||  0. | -1. | -1. ||  0. |  0. |  0. |
|  0. |  1. |  0. || -1. |  1. |  0. ||  0. |  0. |  0. |


state to eval, currenty is playerone turn=false

| -0. | -0. | -0. || -0. | -0. | -0. ||*-0. |*-0. |*-0. |
| -0. | -0. | -0. || -0. | -0. | -0. ||*-0. |*-0. |*-0. |
| -0. | -0. | -0. || -0. | -0. | -0. ||*-0. |*-0. |*-0. |
|=====+=====+=====||=====+=====+=====||=====+=====+=====|
| -0. | -0. | -0. || -0. | -0. | -0. || -0. | -0. | -0. |
| -0. | -0. | -0. || -0. | -0. | -0. || -1. | -0. | -0. |
| -0. | -0. |  1. ||  1. | -1. | -0. || -0. | -0. | -0. |
|=====+=====+=====||=====+=====+=====||=====+=====+=====|
| -0. | -0. | -0. || -0. | -0. | -0. || -0. | -0. | -1. |
| -0. | -1. | -0. || -0. |  1. |  1. || -0. | -0. | -0. |
| -0. | -1. | -0. ||  1. | -1. | -0. || -0. | -0. | -0. |


Determined best move using: 166069Iterations
current State

|  0. |  0. |  0. ||  0. |  0. |  0. ||  0. |  0. |  0. |
|  0. |  0. |  0. ||  0. |  0. |  0. ||  0. |  0. |  0. |
|  0. |  0. |  0. ||  0. |  0. |  0. ||  0. |  0. | -1. |
|=====+=====+=====||=====+=====+=====||=====+=====+=====|
|  0. |  0. |  0. ||  0. |  0. |  0. ||  0. |  0. |  0. |
|  0. |  0. |  0. ||  0. |  0. |  0. ||  1. |  0. |  0. |
|  0. |  0. | -1. || -1. |  1. |  0. ||  0. |  0. |  0. |
|=====+=====+=====||=====+=====+=====||=====+=====+=====|
|  0. |  0. |  0. ||  0. |  0. |  0. ||* 0. |* 0. |* 1. |
|  0. |  1. |  0. ||  0. | -1. | -1. ||* 0. |* 0. |* 0. |
|  0. |  1. |  0. || -1. |  1. |  0. ||* 0. |* 0. |* 0. |


state to eval, currenty is playerone turn=true

|  0. |  0. |  0. ||  0. |  0. |  0. ||  0. |  0. |  0. |
|  0. |  0. |  0. ||  0. |  0. |  0. ||  0. |  0. |  0. |
|  0. |  0. |  0. ||  0. |  0. |  0. ||  0. |  0. | -1. |
|=====+=====+=====||=====+=====+=====||=====+=====+=====|
|  0. |  0. |  0. ||  0. |  0. |  0. ||  0. |  0. |  0. |
|  0. |  0. |  0. ||  0. |  0. |  0. ||  1. |  0. |  0. |
|  0. |  0. | -1. || -1. |  1. |  0. ||  0. |  0. |  0. |
|=====+=====+=====||=====+=====+=====||=====+=====+=====|
|  0. |  0. |  0. ||  0. |  0. |  0. ||* 0. |* 0. |* 1. |
|  0. |  1. |  0. ||  0. | -1. | -1. ||* 0. |* 0. |* 0. |
|  0. |  1. |  0. || -1. |  1. |  0. ||* 0. |* 0. |* 0. |


Determined best move using: 154784Iterations
current State

|  0. |  0. |  0. ||  0. |  0. |  0. ||  0. |  0. |  0. |
|  0. |  0. |  0. ||  0. |  0. |  0. ||  0. |  0. |  0. |
|  0. |  0. |  0. ||  0. |  0. |  0. ||  0. |  0. | -1. |
|=====+=====+=====||=====+=====+=====||=====+=====+=====|
|  0. |  0. |  0. ||  0. |  0. |  0. ||  0. |  0. |  0. |
|  0. |  0. |  0. ||  0. |  0. |  0. ||  1. |  0. |  0. |
|  0. |  0. | -1. || -1. |  1. |  0. ||  0. |  0. |  0. |
|=====+=====+=====||=====+=====+=====||=====+=====+=====|
|  0. |  0. |  0. ||  0. |  0. |  0. ||* 0. |* 0. |* 1. |
|  0. |  1. |  0. ||  0. | -1. | -1. ||* 0. |* 0. |* 0. |
|  0. |  1. |  0. || -1. |  1. |  0. ||* 0. |* 0. |* 1. |


state to eval, currenty is playerone turn=false

| -0. | -0. | -0. || -0. | -0. | -0. || -0. | -0. | -0. |
| -0. | -0. | -0. || -0. | -0. | -0. || -0. | -0. | -0. |
| -0. | -0. | -0. || -0. | -0. | -0. || -0. | -0. |  1. |
|=====+=====+=====||=====+=====+=====||=====+=====+=====|
| -0. | -0. | -0. || -0. | -0. | -0. || -0. | -0. | -0. |
| -0. | -0. | -0. || -0. | -0. | -0. || -1. | -0. | -0. |
| -0. | -0. |  1. ||  1. | -1. | -0. || -0. | -0. | -0. |
|=====+=====+=====||=====+=====+=====||=====+=====+=====|
| -0. | -0. | -0. || -0. | -0. | -0. ||*-0. |*-0. |*-1. |
| -0. | -1. | -0. || -0. |  1. |  1. ||*-0. |*-0. |*-0. |
| -0. | -1. | -0. ||  1. | -1. | -0. ||*-0. |*-0. |*-1. |


Determined best move using: 160301Iterations
current State

|  0. |  0. |  0. ||  0. |  0. |  0. ||  0. |  0. |  0. |
|  0. |  0. |  0. ||  0. |  0. |  0. ||  0. |  0. |  0. |
|  0. |  0. |  0. ||  0. |  0. |  0. ||  0. |  0. | -1. |
|=====+=====+=====||=====+=====+=====||=====+=====+=====|
|  0. |  0. |  0. ||  0. |  0. |  0. ||  0. |  0. |  0. |
|  0. |  0. |  0. ||  0. |  0. |  0. ||  1. |  0. |  0. |
|  0. |  0. | -1. || -1. |  1. |  0. ||  0. |  0. |  0. |
|=====+=====+=====||=====+=====+=====||=====+=====+=====|
|  0. |  0. |  0. ||* 0. |* 0. |* 0. ||  0. |  0. |  1. |
|  0. |  1. |  0. ||* 0. |*-1. |*-1. ||  0. |  0. |  0. |
|  0. |  1. |  0. ||*-1. |* 1. |* 0. ||  0. | -1. |  1. |


state to eval, currenty is playerone turn=true

|  0. |  0. |  0. ||  0. |  0. |  0. ||  0. |  0. |  0. |
|  0. |  0. |  0. ||  0. |  0. |  0. ||  0. |  0. |  0. |
|  0. |  0. |  0. ||  0. |  0. |  0. ||  0. |  0. | -1. |
|=====+=====+=====||=====+=====+=====||=====+=====+=====|
|  0. |  0. |  0. ||  0. |  0. |  0. ||  0. |  0. |  0. |
|  0. |  0. |  0. ||  0. |  0. |  0. ||  1. |  0. |  0. |
|  0. |  0. | -1. || -1. |  1. |  0. ||  0. |  0. |  0. |
|=====+=====+=====||=====+=====+=====||=====+=====+=====|
|  0. |  0. |  0. ||* 0. |* 0. |* 0. ||  0. |  0. |  1. |
|  0. |  1. |  0. ||* 0. |*-1. |*-1. ||  0. |  0. |  0. |
|  0. |  1. |  0. ||*-1. |* 1. |* 0. ||  0. | -1. |  1. |


Determined best move using: 188691Iterations
current State

|  0. |  0. |  0. ||  0. |  0. |  0. ||* 0. |* 0. |* 0. |
|  0. |  0. |  0. ||  0. |  0. |  0. ||* 0. |* 0. |* 0. |
|  0. |  0. |  0. ||  0. |  0. |  0. ||* 0. |* 0. |*-1. |
|=====+=====+=====||=====+=====+=====||=====+=====+=====|
|  0. |  0. |  0. ||  0. |  0. |  0. ||  0. |  0. |  0. |
|  0. |  0. |  0. ||  0. |  0. |  0. ||  1. |  0. |  0. |
|  0. |  0. | -1. || -1. |  1. |  0. ||  0. |  0. |  0. |
|=====+=====+=====||=====+=====+=====||=====+=====+=====|
|  0. |  0. |  0. ||  0. |  0. |  1. ||  0. |  0. |  1. |
|  0. |  1. |  0. ||  0. | -1. | -1. ||  0. |  0. |  0. |
|  0. |  1. |  0. || -1. |  1. |  0. ||  0. | -1. |  1. |


state to eval, currenty is playerone turn=false

| -0. | -0. | -0. || -0. | -0. | -0. ||*-0. |*-0. |*-0. |
| -0. | -0. | -0. || -0. | -0. | -0. ||*-0. |*-0. |*-0. |
| -0. | -0. | -0. || -0. | -0. | -0. ||*-0. |*-0. |* 1. |
|=====+=====+=====||=====+=====+=====||=====+=====+=====|
| -0. | -0. | -0. || -0. | -0. | -0. || -0. | -0. | -0. |
| -0. | -0. | -0. || -0. | -0. | -0. || -1. | -0. | -0. |
| -0. | -0. |  1. ||  1. | -1. | -0. || -0. | -0. | -0. |
|=====+=====+=====||=====+=====+=====||=====+=====+=====|
| -0. | -0. | -0. || -0. | -0. | -1. || -0. | -0. | -1. |
| -0. | -1. | -0. || -0. |  1. |  1. || -0. | -0. | -0. |
| -0. | -1. | -0. ||  1. | -1. | -0. || -0. |  1. | -1. |


Determined best move using: 986503Iterations
current State

|  0. |  0. |  0. ||  0. |  0. |  0. ||* 0. |* 0. |*-1. |
|  0. |  0. |  0. ||  0. |  0. |  0. ||* 0. |* 0. |* 0. |
|  0. |  0. |  0. ||  0. |  0. |  0. ||* 0. |* 0. |*-1. |
|=====+=====+=====||=====+=====+=====||=====+=====+=====|
|  0. |  0. |  0. ||  0. |  0. |  0. ||  0. |  0. |  0. |
|  0. |  0. |  0. ||  0. |  0. |  0. ||  1. |  0. |  0. |
|  0. |  0. | -1. || -1. |  1. |  0. ||  0. |  0. |  0. |
|=====+=====+=====||=====+=====+=====||=====+=====+=====|
|  0. |  0. |  0. ||  0. |  0. |  1. ||  0. |  0. |  1. |
|  0. |  1. |  0. ||  0. | -1. | -1. ||  0. |  0. |  0. |
|  0. |  1. |  0. || -1. |  1. |  0. ||  0. | -1. |  1. |


state to eval, currenty is playerone turn=true

|  0. |  0. |  0. ||  0. |  0. |  0. ||* 0. |* 0. |*-1. |
|  0. |  0. |  0. ||  0. |  0. |  0. ||* 0. |* 0. |* 0. |
|  0. |  0. |  0. ||  0. |  0. |  0. ||* 0. |* 0. |*-1. |
|=====+=====+=====||=====+=====+=====||=====+=====+=====|
|  0. |  0. |  0. ||  0. |  0. |  0. ||  0. |  0. |  0. |
|  0. |  0. |  0. ||  0. |  0. |  0. ||  1. |  0. |  0. |
|  0. |  0. | -1. || -1. |  1. |  0. ||  0. |  0. |  0. |
|=====+=====+=====||=====+=====+=====||=====+=====+=====|
|  0. |  0. |  0. ||  0. |  0. |  1. ||  0. |  0. |  1. |
|  0. |  1. |  0. ||  0. | -1. | -1. ||  0. |  0. |  0. |
|  0. |  1. |  0. || -1. |  1. |  0. ||  0. | -1. |  1. |


Determined best move using: 551269Iterations
current State

|* 0. |* 0. |* 0. ||  0. |  0. |  0. ||  1. |  0. | -1. |
|* 0. |* 0. |* 0. ||  0. |  0. |  0. ||  0. |  0. |  0. |
|* 0. |* 0. |* 0. ||  0. |  0. |  0. ||  0. |  0. | -1. |
|=====+=====+=====||=====+=====+=====||=====+=====+=====|
|  0. |  0. |  0. ||  0. |  0. |  0. ||  0. |  0. |  0. |
|  0. |  0. |  0. ||  0. |  0. |  0. ||  1. |  0. |  0. |
|  0. |  0. | -1. || -1. |  1. |  0. ||  0. |  0. |  0. |
|=====+=====+=====||=====+=====+=====||=====+=====+=====|
|  0. |  0. |  0. ||  0. |  0. |  1. ||  0. |  0. |  1. |
|  0. |  1. |  0. ||  0. | -1. | -1. ||  0. |  0. |  0. |
|  0. |  1. |  0. || -1. |  1. |  0. ||  0. | -1. |  1. |


state to eval, currenty is playerone turn=false

|*-0. |*-0. |*-0. || -0. | -0. | -0. || -1. | -0. |  1. |
|*-0. |*-0. |*-0. || -0. | -0. | -0. || -0. | -0. | -0. |
|*-0. |*-0. |*-0. || -0. | -0. | -0. || -0. | -0. |  1. |
|=====+=====+=====||=====+=====+=====||=====+=====+=====|
| -0. | -0. | -0. || -0. | -0. | -0. || -0. | -0. | -0. |
| -0. | -0. | -0. || -0. | -0. | -0. || -1. | -0. | -0. |
| -0. | -0. |  1. ||  1. | -1. | -0. || -0. | -0. | -0. |
|=====+=====+=====||=====+=====+=====||=====+=====+=====|
| -0. | -0. | -0. || -0. | -0. | -1. || -0. | -0. | -1. |
| -0. | -1. | -0. || -0. |  1. |  1. || -0. | -0. | -0. |
| -0. | -1. | -0. ||  1. | -1. | -0. || -0. |  1. | -1. |


Determined best move using: 1135158Iterations
current State

|  0. | -1. |  0. ||* 0. |* 0. |* 0. ||  1. |  0. | -1. |
|  0. |  0. |  0. ||* 0. |* 0. |* 0. ||  0. |  0. |  0. |
|  0. |  0. |  0. ||* 0. |* 0. |* 0. ||  0. |  0. | -1. |
|=====+=====+=====||=====+=====+=====||=====+=====+=====|
|  0. |  0. |  0. ||  0. |  0. |  0. ||  0. |  0. |  0. |
|  0. |  0. |  0. ||  0. |  0. |  0. ||  1. |  0. |  0. |
|  0. |  0. | -1. || -1. |  1. |  0. ||  0. |  0. |  0. |
|=====+=====+=====||=====+=====+=====||=====+=====+=====|
|  0. |  0. |  0. ||  0. |  0. |  1. ||  0. |  0. |  1. |
|  0. |  1. |  0. ||  0. | -1. | -1. ||  0. |  0. |  0. |
|  0. |  1. |  0. || -1. |  1. |  0. ||  0. | -1. |  1. |


state to eval, currenty is playerone turn=true

|  0. | -1. |  0. ||* 0. |* 0. |* 0. ||  1. |  0. | -1. |
|  0. |  0. |  0. ||* 0. |* 0. |* 0. ||  0. |  0. |  0. |
|  0. |  0. |  0. ||* 0. |* 0. |* 0. ||  0. |  0. | -1. |
|=====+=====+=====||=====+=====+=====||=====+=====+=====|
|  0. |  0. |  0. ||  0. |  0. |  0. ||  0. |  0. |  0. |
|  0. |  0. |  0. ||  0. |  0. |  0. ||  1. |  0. |  0. |
|  0. |  0. | -1. || -1. |  1. |  0. ||  0. |  0. |  0. |
|=====+=====+=====||=====+=====+=====||=====+=====+=====|
|  0. |  0. |  0. ||  0. |  0. |  1. ||  0. |  0. |  1. |
|  0. |  1. |  0. ||  0. | -1. | -1. ||  0. |  0. |  0. |
|  0. |  1. |  0. || -1. |  1. |  0. ||  0. | -1. |  1. |


Determined best move using: 1053532Iterations
current State

|  0. | -1. |  0. ||  0. |  0. |  0. ||  1. |  0. | -1. |
|  0. |  0. |  0. ||  1. |  0. |  0. ||  0. |  0. |  0. |
|  0. |  0. |  0. ||  0. |  0. |  0. ||  0. |  0. | -1. |
|=====+=====+=====||=====+=====+=====||=====+=====+=====|
|* 0. |* 0. |* 0. ||  0. |  0. |  0. ||  0. |  0. |  0. |
|* 0. |* 0. |* 0. ||  0. |  0. |  0. ||  1. |  0. |  0. |
|* 0. |* 0. |*-1. || -1. |  1. |  0. ||  0. |  0. |  0. |
|=====+=====+=====||=====+=====+=====||=====+=====+=====|
|  0. |  0. |  0. ||  0. |  0. |  1. ||  0. |  0. |  1. |
|  0. |  1. |  0. ||  0. | -1. | -1. ||  0. |  0. |  0. |
|  0. |  1. |  0. || -1. |  1. |  0. ||  0. | -1. |  1. |


state to eval, currenty is playerone turn=false

| -0. |  1. | -0. || -0. | -0. | -0. || -1. | -0. |  1. |
| -0. | -0. | -0. || -1. | -0. | -0. || -0. | -0. | -0. |
| -0. | -0. | -0. || -0. | -0. | -0. || -0. | -0. |  1. |
|=====+=====+=====||=====+=====+=====||=====+=====+=====|
|*-0. |*-0. |*-0. || -0. | -0. | -0. || -0. | -0. | -0. |
|*-0. |*-0. |*-0. || -0. | -0. | -0. || -1. | -0. | -0. |
|*-0. |*-0. |* 1. ||  1. | -1. | -0. || -0. | -0. | -0. |
|=====+=====+=====||=====+=====+=====||=====+=====+=====|
| -0. | -0. | -0. || -0. | -0. | -1. || -0. | -0. | -1. |
| -0. | -1. | -0. || -0. |  1. |  1. || -0. | -0. | -0. |
| -0. | -1. | -0. ||  1. | -1. | -0. || -0. |  1. | -1. |


Determined best move using: 1240334Iterations
current State

|  0. | -1. |  0. ||* 0. |* 0. |* 0. ||  1. |  0. | -1. |
|  0. |  0. |  0. ||* 1. |* 0. |* 0. ||  0. |  0. |  0. |
|  0. |  0. |  0. ||* 0. |* 0. |* 0. ||  0. |  0. | -1. |
|=====+=====+=====||=====+=====+=====||=====+=====+=====|
|  0. | -1. |  0. ||  0. |  0. |  0. ||  0. |  0. |  0. |
|  0. |  0. |  0. ||  0. |  0. |  0. ||  1. |  0. |  0. |
|  0. |  0. | -1. || -1. |  1. |  0. ||  0. |  0. |  0. |
|=====+=====+=====||=====+=====+=====||=====+=====+=====|
|  0. |  0. |  0. ||  0. |  0. |  1. ||  0. |  0. |  1. |
|  0. |  1. |  0. ||  0. | -1. | -1. ||  0. |  0. |  0. |
|  0. |  1. |  0. || -1. |  1. |  0. ||  0. | -1. |  1. |


state to eval, currenty is playerone turn=true

|  0. | -1. |  0. ||* 0. |* 0. |* 0. ||  1. |  0. | -1. |
|  0. |  0. |  0. ||* 1. |* 0. |* 0. ||  0. |  0. |  0. |
|  0. |  0. |  0. ||* 0. |* 0. |* 0. ||  0. |  0. | -1. |
|=====+=====+=====||=====+=====+=====||=====+=====+=====|
|  0. | -1. |  0. ||  0. |  0. |  0. ||  0. |  0. |  0. |
|  0. |  0. |  0. ||  0. |  0. |  0. ||  1. |  0. |  0. |
|  0. |  0. | -1. || -1. |  1. |  0. ||  0. |  0. |  0. |
|=====+=====+=====||=====+=====+=====||=====+=====+=====|
|  0. |  0. |  0. ||  0. |  0. |  1. ||  0. |  0. |  1. |
|  0. |  1. |  0. ||  0. | -1. | -1. ||  0. |  0. |  0. |
|  0. |  1. |  0. || -1. |  1. |  0. ||  0. | -1. |  1. |


Determined best move using: 1290172Iterations
current State

|* 0. |*-1. |* 0. ||  1. |  0. |  0. ||  1. |  0. | -1. |
|* 0. |* 0. |* 0. ||  1. |  0. |  0. ||  0. |  0. |  0. |
|* 0. |* 0. |* 0. ||  0. |  0. |  0. ||  0. |  0. | -1. |
|=====+=====+=====||=====+=====+=====||=====+=====+=====|
|  0. | -1. |  0. ||  0. |  0. |  0. ||  0. |  0. |  0. |
|  0. |  0. |  0. ||  0. |  0. |  0. ||  1. |  0. |  0. |
|  0. |  0. | -1. || -1. |  1. |  0. ||  0. |  0. |  0. |
|=====+=====+=====||=====+=====+=====||=====+=====+=====|
|  0. |  0. |  0. ||  0. |  0. |  1. ||  0. |  0. |  1. |
|  0. |  1. |  0. ||  0. | -1. | -1. ||  0. |  0. |  0. |
|  0. |  1. |  0. || -1. |  1. |  0. ||  0. | -1. |  1. |


state to eval, currenty is playerone turn=false

|*-0. |* 1. |*-0. || -1. | -0. | -0. || -1. | -0. |  1. |
|*-0. |*-0. |*-0. || -1. | -0. | -0. || -0. | -0. | -0. |
|*-0. |*-0. |*-0. || -0. | -0. | -0. || -0. | -0. |  1. |
|=====+=====+=====||=====+=====+=====||=====+=====+=====|
| -0. |  1. | -0. || -0. | -0. | -0. || -0. | -0. | -0. |
| -0. | -0. | -0. || -0. | -0. | -0. || -1. | -0. | -0. |
| -0. | -0. |  1. ||  1. | -1. | -0. || -0. | -0. | -0. |
|=====+=====+=====||=====+=====+=====||=====+=====+=====|
| -0. | -0. | -0. || -0. | -0. | -1. || -0. | -0. | -1. |
| -0. | -1. | -0. || -0. |  1. |  1. || -0. | -0. | -0. |
| -0. | -1. | -0. ||  1. | -1. | -0. || -0. |  1. | -1. |


Determined best move using: 1387036Iterations
current State

|  0. | -1. | -1. ||  1. |  0. |  0. ||* 1. |* 0. |*-1. |
|  0. |  0. |  0. ||  1. |  0. |  0. ||* 0. |* 0. |* 0. |
|  0. |  0. |  0. ||  0. |  0. |  0. ||* 0. |* 0. |*-1. |
|=====+=====+=====||=====+=====+=====||=====+=====+=====|
|  0. | -1. |  0. ||  0. |  0. |  0. ||  0. |  0. |  0. |
|  0. |  0. |  0. ||  0. |  0. |  0. ||  1. |  0. |  0. |
|  0. |  0. | -1. || -1. |  1. |  0. ||  0. |  0. |  0. |
|=====+=====+=====||=====+=====+=====||=====+=====+=====|
|  0. |  0. |  0. ||  0. |  0. |  1. ||  0. |  0. |  1. |
|  0. |  1. |  0. ||  0. | -1. | -1. ||  0. |  0. |  0. |
|  0. |  1. |  0. || -1. |  1. |  0. ||  0. | -1. |  1. |


state to eval, currenty is playerone turn=true

|  0. | -1. | -1. ||  1. |  0. |  0. ||* 1. |* 0. |*-1. |
|  0. |  0. |  0. ||  1. |  0. |  0. ||* 0. |* 0. |* 0. |
|  0. |  0. |  0. ||  0. |  0. |  0. ||* 0. |* 0. |*-1. |
|=====+=====+=====||=====+=====+=====||=====+=====+=====|
|  0. | -1. |  0. ||  0. |  0. |  0. ||  0. |  0. |  0. |
|  0. |  0. |  0. ||  0. |  0. |  0. ||  1. |  0. |  0. |
|  0. |  0. | -1. || -1. |  1. |  0. ||  0. |  0. |  0. |
|=====+=====+=====||=====+=====+=====||=====+=====+=====|
|  0. |  0. |  0. ||  0. |  0. |  1. ||  0. |  0. |  1. |
|  0. |  1. |  0. ||  0. | -1. | -1. ||  0. |  0. |  0. |
|  0. |  1. |  0. || -1. |  1. |  0. ||  0. | -1. |  1. |


Determined best move using: 1515846Iterations
current State

|  0. | -1. | -1. ||  1. |  0. |  0. ||  1. |  0. | -1. |
|  0. |  0. |  0. ||  1. |  0. |  0. ||  0. |  1. |  0. |
|  0. |  0. |  0. ||  0. |  0. |  0. ||  0. |  0. | -1. |
|=====+=====+=====||=====+=====+=====||=====+=====+=====|
|  0. | -1. |  0. ||* 0. |* 0. |* 0. ||  0. |  0. |  0. |
|  0. |  0. |  0. ||* 0. |* 0. |* 0. ||  1. |  0. |  0. |
|  0. |  0. | -1. ||*-1. |* 1. |* 0. ||  0. |  0. |  0. |
|=====+=====+=====||=====+=====+=====||=====+=====+=====|
|  0. |  0. |  0. ||  0. |  0. |  1. ||  0. |  0. |  1. |
|  0. |  1. |  0. ||  0. | -1. | -1. ||  0. |  0. |  0. |
|  0. |  1. |  0. || -1. |  1. |  0. ||  0. | -1. |  1. |


state to eval, currenty is playerone turn=false

| -0. |  1. |  1. || -1. | -0. | -0. || -1. | -0. |  1. |
| -0. | -0. | -0. || -1. | -0. | -0. || -0. | -1. | -0. |
| -0. | -0. | -0. || -0. | -0. | -0. || -0. | -0. |  1. |
|=====+=====+=====||=====+=====+=====||=====+=====+=====|
| -0. |  1. | -0. ||*-0. |*-0. |*-0. || -0. | -0. | -0. |
| -0. | -0. | -0. ||*-0. |*-0. |*-0. || -1. | -0. | -0. |
| -0. | -0. |  1. ||* 1. |*-1. |*-0. || -0. | -0. | -0. |
|=====+=====+=====||=====+=====+=====||=====+=====+=====|
| -0. | -0. | -0. || -0. | -0. | -1. || -0. | -0. | -1. |
| -0. | -1. | -0. || -0. |  1. |  1. || -0. | -0. | -0. |
| -0. | -1. | -0. ||  1. | -1. | -0. || -0. |  1. | -1. |


Determined best move using: 46529Iterations
current State

|  0. | -1. | -1. ||  1. |  0. |  0. ||  1. |  0. | -1. |
|  0. |  0. |  0. ||  1. |  0. |  0. ||  0. |  1. |  0. |
|  0. |  0. |  0. ||  0. |  0. |  0. ||  0. |  0. | -1. |
|=====+=====+=====||=====+=====+=====||=====+=====+=====|
|  0. | -1. |  0. ||  0. |  0. |  0. ||* 0. |* 0. |* 0. |
|  0. |  0. |  0. ||  0. |  0. | -1. ||* 1. |* 0. |* 0. |
|  0. |  0. | -1. || -1. |  1. |  0. ||* 0. |* 0. |* 0. |
|=====+=====+=====||=====+=====+=====||=====+=====+=====|
|  0. |  0. |  0. ||  0. |  0. |  1. ||  0. |  0. |  1. |
|  0. |  1. |  0. ||  0. | -1. | -1. ||  0. |  0. |  0. |
|  0. |  1. |  0. || -1. |  1. |  0. ||  0. | -1. |  1. |


state to eval, currenty is playerone turn=true

|  0. | -1. | -1. ||  1. |  0. |  0. ||  1. |  0. | -1. |
|  0. |  0. |  0. ||  1. |  0. |  0. ||  0. |  1. |  0. |
|  0. |  0. |  0. ||  0. |  0. |  0. ||  0. |  0. | -1. |
|=====+=====+=====||=====+=====+=====||=====+=====+=====|
|  0. | -1. |  0. ||  0. |  0. |  0. ||* 0. |* 0. |* 0. |
|  0. |  0. |  0. ||  0. |  0. | -1. ||* 1. |* 0. |* 0. |
|  0. |  0. | -1. || -1. |  1. |  0. ||* 0. |* 0. |* 0. |
|=====+=====+=====||=====+=====+=====||=====+=====+=====|
|  0. |  0. |  0. ||  0. |  0. |  1. ||  0. |  0. |  1. |
|  0. |  1. |  0. ||  0. | -1. | -1. ||  0. |  0. |  0. |
|  0. |  1. |  0. || -1. |  1. |  0. ||  0. | -1. |  1. |


Determined best move using: 48842Iterations
current State

|  0. | -1. | -1. ||  1. |  0. |  0. ||  1. |  0. | -1. |
|  0. |  0. |  0. ||  1. |  0. |  0. ||  0. |  1. |  0. |
|  0. |  0. |  0. ||  0. |  0. |  0. ||  0. |  0. | -1. |
|=====+=====+=====||=====+=====+=====||=====+=====+=====|
|  0. | -1. |  0. ||  0. |  0. |  0. ||  0. |  0. |  0. |
|  0. |  0. |  0. ||  0. |  0. | -1. ||  1. |  0. |  0. |
|  0. |  0. | -1. || -1. |  1. |  0. ||  1. |  0. |  0. |
|=====+=====+=====||=====+=====+=====||=====+=====+=====|
|* 0. |* 0. |* 0. ||  0. |  0. |  1. ||  0. |  0. |  1. |
|* 0. |* 1. |* 0. ||  0. | -1. | -1. ||  0. |  0. |  0. |
|* 0. |* 1. |* 0. || -1. |  1. |  0. ||  0. | -1. |  1. |


state to eval, currenty is playerone turn=false

| -0. |  1. |  1. || -1. | -0. | -0. || -1. | -0. |  1. |
| -0. | -0. | -0. || -1. | -0. | -0. || -0. | -1. | -0. |
| -0. | -0. | -0. || -0. | -0. | -0. || -0. | -0. |  1. |
|=====+=====+=====||=====+=====+=====||=====+=====+=====|
| -0. |  1. | -0. || -0. | -0. | -0. || -0. | -0. | -0. |
| -0. | -0. | -0. || -0. | -0. |  1. || -1. | -0. | -0. |
| -0. | -0. |  1. ||  1. | -1. | -0. || -1. | -0. | -0. |
|=====+=====+=====||=====+=====+=====||=====+=====+=====|
|*-0. |*-0. |*-0. || -0. | -0. | -1. || -0. | -0. | -1. |
|*-0. |*-1. |*-0. || -0. |  1. |  1. || -0. | -0. | -0. |
|*-0. |*-1. |*-0. ||  1. | -1. | -0. || -0. |  1. | -1. |


Determined best move using: 49598Iterations
current State

|  0. | -1. | -1. ||  1. |  0. |  0. ||  1. |  0. | -1. |
|  0. |  0. |  0. ||  1. |  0. |  0. ||  0. |  1. |  0. |
|  0. |  0. |  0. ||  0. |  0. |  0. ||  0. |  0. | -1. |
|=====+=====+=====||=====+=====+=====||=====+=====+=====|
|  0. | -1. |  0. ||  0. |  0. |  0. ||  0. |  0. |  0. |
|  0. |  0. |  0. ||  0. |  0. | -1. ||  1. |  0. |  0. |
|  0. |  0. | -1. || -1. |  1. |  0. ||  1. |  0. |  0. |
|=====+=====+=====||=====+=====+=====||=====+=====+=====|
|* 0. |* 0. |* 0. ||  0. |  0. |  1. ||  0. |  0. |  1. |
|* 0. |* 1. |* 0. ||  0. | -1. | -1. ||  0. |  0. |  0. |
|*-1. |* 1. |* 0. || -1. |  1. |  0. ||  0. | -1. |  1. |


state to eval, currenty is playerone turn=true

|  0. | -1. | -1. ||  1. |  0. |  0. ||  1. |  0. | -1. |
|  0. |  0. |  0. ||  1. |  0. |  0. ||  0. |  1. |  0. |
|  0. |  0. |  0. ||  0. |  0. |  0. ||  0. |  0. | -1. |
|=====+=====+=====||=====+=====+=====||=====+=====+=====|
|  0. | -1. |  0. ||  0. |  0. |  0. ||  0. |  0. |  0. |
|  0. |  0. |  0. ||  0. |  0. | -1. ||  1. |  0. |  0. |
|  0. |  0. | -1. || -1. |  1. |  0. ||  1. |  0. |  0. |
|=====+=====+=====||=====+=====+=====||=====+=====+=====|
|* 0. |* 0. |* 0. ||  0. |  0. |  1. ||  0. |  0. |  1. |
|* 0. |* 1. |* 0. ||  0. | -1. | -1. ||  0. |  0. |  0. |
|*-1. |* 1. |* 0. || -1. |  1. |  0. ||  0. | -1. |  1. |


Determined best move using: 50493Iterations
current State

|  0. | -1. | -1. ||  1. |  0. |  0. ||  1. |  0. | -1. |
|  0. |  0. |  0. ||  1. |  0. |  0. ||  0. |  1. |  0. |
|  0. |  0. |  0. ||  0. |  0. |  0. ||  0. |  0. | -1. |
|=====+=====+=====||=====+=====+=====||=====+=====+=====|
|  0. | -1. |  0. ||  0. |  0. |  0. ||* 0. |* 0. |* 0. |
|  0. |  0. |  0. ||  0. |  0. | -1. ||* 1. |* 0. |* 0. |
|  0. |  0. | -1. || -1. |  1. |  0. ||* 1. |* 0. |* 0. |
|=====+=====+=====||=====+=====+=====||=====+=====+=====|
|  0. |  0. |  0. ||  0. |  0. |  1. ||  0. |  0. |  1. |
|  0. |  1. |  1. ||  0. | -1. | -1. ||  0. |  0. |  0. |
| -1. |  1. |  0. || -1. |  1. |  0. ||  0. | -1. |  1. |


state to eval, currenty is playerone turn=false

| -0. |  1. |  1. || -1. | -0. | -0. || -1. | -0. |  1. |
| -0. | -0. | -0. || -1. | -0. | -0. || -0. | -1. | -0. |
| -0. | -0. | -0. || -0. | -0. | -0. || -0. | -0. |  1. |
|=====+=====+=====||=====+=====+=====||=====+=====+=====|
| -0. |  1. | -0. || -0. | -0. | -0. ||*-0. |*-0. |*-0. |
| -0. | -0. | -0. || -0. | -0. |  1. ||*-1. |*-0. |*-0. |
| -0. | -0. |  1. ||  1. | -1. | -0. ||*-1. |*-0. |*-0. |
|=====+=====+=====||=====+=====+=====||=====+=====+=====|
| -0. | -0. | -0. || -0. | -0. | -1. || -0. | -0. | -1. |
| -0. | -1. | -1. || -0. |  1. |  1. || -0. | -0. | -0. |
|  1. | -1. | -0. ||  1. | -1. | -0. || -0. |  1. | -1. |


Determined best move using: 51651Iterations
current State

|  0. | -1. | -1. ||  1. |  0. |  0. ||  1. |  0. | -1. |
|  0. |  0. |  0. ||  1. |  0. |  0. ||  0. |  1. |  0. |
|  0. |  0. |  0. ||  0. |  0. |  0. ||  0. |  0. | -1. |
|=====+=====+=====||=====+=====+=====||=====+=====+=====|
|  0. | -1. |  0. ||  0. |  0. |  0. ||* 0. |* 0. |* 0. |
|  0. |  0. |  0. ||  0. |  0. | -1. ||* 1. |* 0. |*-1. |
|  0. |  0. | -1. || -1. |  1. |  0. ||* 1. |* 0. |* 0. |
|=====+=====+=====||=====+=====+=====||=====+=====+=====|
|  0. |  0. |  0. ||  0. |  0. |  1. ||  0. |  0. |  1. |
|  0. |  1. |  1. ||  0. | -1. | -1. ||  0. |  0. |  0. |
| -1. |  1. |  0. || -1. |  1. |  0. ||  0. | -1. |  1. |


state to eval, currenty is playerone turn=true

|  0. | -1. | -1. ||  1. |  0. |  0. ||  1. |  0. | -1. |
|  0. |  0. |  0. ||  1. |  0. |  0. ||  0. |  1. |  0. |
|  0. |  0. |  0. ||  0. |  0. |  0. ||  0. |  0. | -1. |
|=====+=====+=====||=====+=====+=====||=====+=====+=====|
|  0. | -1. |  0. ||  0. |  0. |  0. ||* 0. |* 0. |* 0. |
|  0. |  0. |  0. ||  0. |  0. | -1. ||* 1. |* 0. |*-1. |
|  0. |  0. | -1. || -1. |  1. |  0. ||* 1. |* 0. |* 0. |
|=====+=====+=====||=====+=====+=====||=====+=====+=====|
|  0. |  0. |  0. ||  0. |  0. |  1. ||  0. |  0. |  1. |
|  0. |  1. |  1. ||  0. | -1. | -1. ||  0. |  0. |  0. |
| -1. |  1. |  0. || -1. |  1. |  0. ||  0. | -1. |  1. |


Determined best move using: 51730Iterations
current State

|* 0. |*-1. |*-1. ||  1. |  0. |  0. ||  1. |  0. | -1. |
|* 0. |* 0. |* 0. ||  1. |  0. |  0. ||  0. |  1. |  0. |
|* 0. |* 0. |* 0. ||  0. |  0. |  0. ||  0. |  0. | -1. |
|=====+=====+=====||=====+=====+=====||=====+=====+=====|
|  0. | -1. |  0. ||  0. |  0. |  0. ||  1. |  0. |  0. |
|  0. |  0. |  0. ||  0. |  0. | -1. ||  1. |  0. | -1. |
|  0. |  0. | -1. || -1. |  1. |  0. ||  1. |  0. |  0. |
|=====+=====+=====||=====+=====+=====||=====+=====+=====|
|  0. |  0. |  0. ||  0. |  0. |  1. ||  0. |  0. |  1. |
|  0. |  1. |  1. ||  0. | -1. | -1. ||  0. |  0. |  0. |
| -1. |  1. |  0. || -1. |  1. |  0. ||  0. | -1. |  1. |


state to eval, currenty is playerone turn=false

|*-0. |* 1. |* 1. || -1. | -0. | -0. || -1. | -0. |  1. |
|*-0. |*-0. |*-0. || -1. | -0. | -0. || -0. | -1. | -0. |
|*-0. |*-0. |*-0. || -0. | -0. | -0. || -0. | -0. |  1. |
|=====+=====+=====||=====+=====+=====||=====+=====+=====|
| -0. |  1. | -0. || -0. | -0. | -0. || -1. | -0. | -0. |
| -0. | -0. | -0. || -0. | -0. |  1. || -1. | -0. |  1. |
| -0. | -0. |  1. ||  1. | -1. | -0. || -1. | -0. | -0. |
|=====+=====+=====||=====+=====+=====||=====+=====+=====|
| -0. | -0. | -0. || -0. | -0. | -1. || -0. | -0. | -1. |
| -0. | -1. | -1. || -0. |  1. |  1. || -0. | -0. | -0. |
|  1. | -1. | -0. ||  1. | -1. | -0. || -0. |  1. | -1. |


Determined best move using: 53249Iterations
current State

|  0. | -1. | -1. ||  1. |  0. |  0. ||  1. |  0. | -1. |
| -1. |  0. |  0. ||  1. |  0. |  0. ||  0. |  1. |  0. |
|  0. |  0. |  0. ||  0. |  0. |  0. ||  0. |  0. | -1. |
|=====+=====+=====||=====+=====+=====||=====+=====+=====|
|* 0. |*-1. |* 0. ||  0. |  0. |  0. ||  1. |  0. |  0. |
|* 0. |* 0. |* 0. ||  0. |  0. | -1. ||  1. |  0. | -1. |
|* 0. |* 0. |*-1. || -1. |  1. |  0. ||  1. |  0. |  0. |
|=====+=====+=====||=====+=====+=====||=====+=====+=====|
|  0. |  0. |  0. ||  0. |  0. |  1. ||  0. |  0. |  1. |
|  0. |  1. |  1. ||  0. | -1. | -1. ||  0. |  0. |  0. |
| -1. |  1. |  0. || -1. |  1. |  0. ||  0. | -1. |  1. |


state to eval, currenty is playerone turn=true

|  0. | -1. | -1. ||  1. |  0. |  0. ||  1. |  0. | -1. |
| -1. |  0. |  0. ||  1. |  0. |  0. ||  0. |  1. |  0. |
|  0. |  0. |  0. ||  0. |  0. |  0. ||  0. |  0. | -1. |
|=====+=====+=====||=====+=====+=====||=====+=====+=====|
|* 0. |*-1. |* 0. ||  0. |  0. |  0. ||  1. |  0. |  0. |
|* 0. |* 0. |* 0. ||  0. |  0. | -1. ||  1. |  0. | -1. |
|* 0. |* 0. |*-1. || -1. |  1. |  0. ||  1. |  0. |  0. |
|=====+=====+=====||=====+=====+=====||=====+=====+=====|
|  0. |  0. |  0. ||  0. |  0. |  1. ||  0. |  0. |  1. |
|  0. |  1. |  1. ||  0. | -1. | -1. ||  0. |  0. |  0. |
| -1. |  1. |  0. || -1. |  1. |  0. ||  0. | -1. |  1. |


Determined best move using: 54246Iterations
current State

|  0. | -1. | -1. ||  1. |  0. |  0. ||  1. |  0. | -1. |
| -1. |  0. |  0. ||  1. |  0. |  0. ||  0. |  1. |  0. |
|  0. |  0. |  0. ||  0. |  0. |  0. ||  0. |  0. | -1. |
|=====+=====+=====||=====+=====+=====||=====+=====+=====|
|  0. | -1. |  0. ||  0. |  0. |  0. ||  1. |  0. |  0. |
|  0. |  0. |  0. ||  0. |  0. | -1. ||  1. |  0. | -1. |
|  1. |  0. | -1. || -1. |  1. |  0. ||  1. |  0. |  0. |
|=====+=====+=====||=====+=====+=====||=====+=====+=====|
|* 0. |* 0. |* 0. ||  0. |  0. |  1. ||  0. |  0. |  1. |
|* 0. |* 1. |* 1. ||  0. | -1. | -1. ||  0. |  0. |  0. |
|*-1. |* 1. |* 0. || -1. |  1. |  0. ||  0. | -1. |  1. |


state to eval, currenty is playerone turn=false

| -0. |  1. |  1. || -1. | -0. | -0. || -1. | -0. |  1. |
|  1. | -0. | -0. || -1. | -0. | -0. || -0. | -1. | -0. |
| -0. | -0. | -0. || -0. | -0. | -0. || -0. | -0. |  1. |
|=====+=====+=====||=====+=====+=====||=====+=====+=====|
| -0. |  1. | -0. || -0. | -0. | -0. || -1. | -0. | -0. |
| -0. | -0. | -0. || -0. | -0. |  1. || -1. | -0. |  1. |
| -1. | -0. |  1. ||  1. | -1. | -0. || -1. | -0. | -0. |
|=====+=====+=====||=====+=====+=====||=====+=====+=====|
|*-0. |*-0. |*-0. || -0. | -0. | -1. || -0. | -0. | -1. |
|*-0. |*-1. |*-1. || -0. |  1. |  1. || -0. | -0. | -0. |
|* 1. |*-1. |*-0. ||  1. | -1. | -0. || -0. |  1. | -1. |


Determined best move using: 55036Iterations
current State

|* 0. |*-1. |*-1. ||  1. |  0. |  0. ||  1. |  0. | -1. |
|*-1. |* 0. |* 0. ||  1. |  0. |  0. ||  0. |  1. |  0. |
|* 0. |* 0. |* 0. ||  0. |  0. |  0. ||  0. |  0. | -1. |
|=====+=====+=====||=====+=====+=====||=====+=====+=====|
|  0. | -1. |  0. ||  0. |  0. |  0. ||  1. |  0. |  0. |
|  0. |  0. |  0. ||  0. |  0. | -1. ||  1. |  0. | -1. |
|  1. |  0. | -1. || -1. |  1. |  0. ||  1. |  0. |  0. |
|=====+=====+=====||=====+=====+=====||=====+=====+=====|
| -1. |  0. |  0. ||  0. |  0. |  1. ||  0. |  0. |  1. |
|  0. |  1. |  1. ||  0. | -1. | -1. ||  0. |  0. |  0. |
| -1. |  1. |  0. || -1. |  1. |  0. ||  0. | -1. |  1. |


state to eval, currenty is playerone turn=true

|* 0. |*-1. |*-1. ||  1. |  0. |  0. ||  1. |  0. | -1. |
|*-1. |* 0. |* 0. ||  1. |  0. |  0. ||  0. |  1. |  0. |
|* 0. |* 0. |* 0. ||  0. |  0. |  0. ||  0. |  0. | -1. |
|=====+=====+=====||=====+=====+=====||=====+=====+=====|
|  0. | -1. |  0. ||  0. |  0. |  0. ||  1. |  0. |  0. |
|  0. |  0. |  0. ||  0. |  0. | -1. ||  1. |  0. | -1. |
|  1. |  0. | -1. || -1. |  1. |  0. ||  1. |  0. |  0. |
|=====+=====+=====||=====+=====+=====||=====+=====+=====|
| -1. |  0. |  0. ||  0. |  0. |  1. ||  0. |  0. |  1. |
|  0. |  1. |  1. ||  0. | -1. | -1. ||  0. |  0. |  0. |
| -1. |  1. |  0. || -1. |  1. |  0. ||  0. | -1. |  1. |


Determined best move using: 55680Iterations
current State

|  0. | -1. | -1. ||  1. |  0. |  0. ||  1. |  0. | -1. |
| -1. |  0. |  0. ||  1. |  0. |  0. ||  0. |  1. |  0. |
|  1. |  0. |  0. ||  0. |  0. |  0. ||  0. |  0. | -1. |
|=====+=====+=====||=====+=====+=====||=====+=====+=====|
|  0. | -1. |  0. ||  0. |  0. |  0. ||  1. |  0. |  0. |
|  0. |  0. |  0. ||  0. |  0. | -1. ||  1. |  0. | -1. |
|  1. |  0. | -1. || -1. |  1. |  0. ||  1. |  0. |  0. |
|=====+=====+=====||=====+=====+=====||=====+=====+=====|
|*-1. |* 0. |* 0. ||  0. |  0. |  1. ||  0. |  0. |  1. |
|* 0. |* 1. |* 1. ||  0. | -1. | -1. ||  0. |  0. |  0. |
|*-1. |* 1. |* 0. || -1. |  1. |  0. ||  0. | -1. |  1. |


state to eval, currenty is playerone turn=false

| -0. |  1. |  1. || -1. | -0. | -0. || -1. | -0. |  1. |
|  1. | -0. | -0. || -1. | -0. | -0. || -0. | -1. | -0. |
| -1. | -0. | -0. || -0. | -0. | -0. || -0. | -0. |  1. |
|=====+=====+=====||=====+=====+=====||=====+=====+=====|
| -0. |  1. | -0. || -0. | -0. | -0. || -1. | -0. | -0. |
| -0. | -0. | -0. || -0. | -0. |  1. || -1. | -0. |  1. |
| -1. | -0. |  1. ||  1. | -1. | -0. || -1. | -0. | -0. |
|=====+=====+=====||=====+=====+=====||=====+=====+=====|
|* 1. |*-0. |*-0. || -0. | -0. | -1. || -0. | -0. | -1. |
|*-0. |*-1. |*-1. || -0. |  1. |  1. || -0. | -0. | -0. |
|* 1. |*-1. |*-0. ||  1. | -1. | -0. || -0. |  1. | -1. |


Determined best move using: 57220Iterations
current State

|  0. | -1. | -1. ||  1. |  0. |  0. ||* 1. |* 0. |*-1. |
| -1. |  0. |  0. ||  1. |  0. |  0. ||* 0. |* 1. |* 0. |
|  1. |  0. |  0. ||  0. |  0. |  0. ||* 0. |* 0. |*-1. |
|=====+=====+=====||=====+=====+=====||=====+=====+=====|
|  0. | -1. |  0. ||  0. |  0. |  0. ||  1. |  0. |  0. |
|  0. |  0. |  0. ||  0. |  0. | -1. ||  1. |  0. | -1. |
|  1. |  0. | -1. || -1. |  1. |  0. ||  1. |  0. |  0. |
|=====+=====+=====||=====+=====+=====||=====+=====+=====|
| -1. |  0. | -1. ||  0. |  0. |  1. ||  0. |  0. |  1. |
|  0. |  1. |  1. ||  0. | -1. | -1. ||  0. |  0. |  0. |
| -1. |  1. |  0. || -1. |  1. |  0. ||  0. | -1. |  1. |


state to eval, currenty is playerone turn=true

|  0. | -1. | -1. ||  1. |  0. |  0. ||* 1. |* 0. |*-1. |
| -1. |  0. |  0. ||  1. |  0. |  0. ||* 0. |* 1. |* 0. |
|  1. |  0. |  0. ||  0. |  0. |  0. ||* 0. |* 0. |*-1. |
|=====+=====+=====||=====+=====+=====||=====+=====+=====|
|  0. | -1. |  0. ||  0. |  0. |  0. ||  1. |  0. |  0. |
|  0. |  0. |  0. ||  0. |  0. | -1. ||  1. |  0. | -1. |
|  1. |  0. | -1. || -1. |  1. |  0. ||  1. |  0. |  0. |
|=====+=====+=====||=====+=====+=====||=====+=====+=====|
| -1. |  0. | -1. ||  0. |  0. |  1. ||  0. |  0. |  1. |
|  0. |  1. |  1. ||  0. | -1. | -1. ||  0. |  0. |  0. |
| -1. |  1. |  0. || -1. |  1. |  0. ||  0. | -1. |  1. |


Determined best move using: 56988Iterations
current State

|  0. | -1. | -1. ||* 1. |* 0. |* 0. ||  1. |  1. | -1. |
| -1. |  0. |  0. ||* 1. |* 0. |* 0. ||  0. |  1. |  0. |
|  1. |  0. |  0. ||* 0. |* 0. |* 0. ||  0. |  0. | -1. |
|=====+=====+=====||=====+=====+=====||=====+=====+=====|
|  0. | -1. |  0. ||  0. |  0. |  0. ||  1. |  0. |  0. |
|  0. |  0. |  0. ||  0. |  0. | -1. ||  1. |  0. | -1. |
|  1. |  0. | -1. || -1. |  1. |  0. ||  1. |  0. |  0. |
|=====+=====+=====||=====+=====+=====||=====+=====+=====|
| -1. |  0. | -1. ||  0. |  0. |  1. ||  0. |  0. |  1. |
|  0. |  1. |  1. ||  0. | -1. | -1. ||  0. |  0. |  0. |
| -1. |  1. |  0. || -1. |  1. |  0. ||  0. | -1. |  1. |


state to eval, currenty is playerone turn=false

| -0. |  1. |  1. ||*-1. |*-0. |*-0. || -1. | -1. |  1. |
|  1. | -0. | -0. ||*-1. |*-0. |*-0. || -0. | -1. | -0. |
| -1. | -0. | -0. ||*-0. |*-0. |*-0. || -0. | -0. |  1. |
|=====+=====+=====||=====+=====+=====||=====+=====+=====|
| -0. |  1. | -0. || -0. | -0. | -0. || -1. | -0. | -0. |
| -0. | -0. | -0. || -0. | -0. |  1. || -1. | -0. |  1. |
| -1. | -0. |  1. ||  1. | -1. | -0. || -1. | -0. | -0. |
|=====+=====+=====||=====+=====+=====||=====+=====+=====|
|  1. | -0. |  1. || -0. | -0. | -1. || -0. | -0. | -1. |
| -0. | -1. | -1. || -0. |  1. |  1. || -0. | -0. | -0. |
|  1. | -1. | -0. ||  1. | -1. | -0. || -0. |  1. | -1. |


Determined best move using: 59005Iterations
current State

|  0. | -1. | -1. ||  1. |  0. |  0. ||  1. |  1. | -1. |
| -1. |  0. |  0. ||  1. |  0. |  0. ||  0. |  1. |  0. |
|  1. |  0. |  0. ||  0. |  0. | -1. ||  0. |  0. | -1. |
|=====+=====+=====||=====+=====+=====||=====+=====+=====|
|  0. | -1. |  0. ||  0. |  0. |  0. ||  1. |  0. |  0. |
|  0. |  0. |  0. ||  0. |  0. | -1. ||  1. |  0. | -1. |
|  1. |  0. | -1. || -1. |  1. |  0. ||  1. |  0. |  0. |
|=====+=====+=====||=====+=====+=====||=====+=====+=====|
| -1. |  0. | -1. ||  0. |  0. |  1. ||* 0. |* 0. |* 1. |
|  0. |  1. |  1. ||  0. | -1. | -1. ||* 0. |* 0. |* 0. |
| -1. |  1. |  0. || -1. |  1. |  0. ||* 0. |*-1. |* 1. |


state to eval, currenty is playerone turn=true

|  0. | -1. | -1. ||  1. |  0. |  0. ||  1. |  1. | -1. |
| -1. |  0. |  0. ||  1. |  0. |  0. ||  0. |  1. |  0. |
|  1. |  0. |  0. ||  0. |  0. | -1. ||  0. |  0. | -1. |
|=====+=====+=====||=====+=====+=====||=====+=====+=====|
|  0. | -1. |  0. ||  0. |  0. |  0. ||  1. |  0. |  0. |
|  0. |  0. |  0. ||  0. |  0. | -1. ||  1. |  0. | -1. |
|  1. |  0. | -1. || -1. |  1. |  0. ||  1. |  0. |  0. |
|=====+=====+=====||=====+=====+=====||=====+=====+=====|
| -1. |  0. | -1. ||  0. |  0. |  1. ||* 0. |* 0. |* 1. |
|  0. |  1. |  1. ||  0. | -1. | -1. ||* 0. |* 0. |* 0. |
| -1. |  1. |  0. || -1. |  1. |  0. ||* 0. |*-1. |* 1. |


Determined best move using: 58528Iterations
current State

|* 0. |*-1. |*-1. ||* 1. |* 0. |* 0. ||* 1. |* 1. |*-1. |
|*-1. |* 0. |* 0. ||* 1. |* 0. |* 0. ||* 0. |* 1. |* 0. |
|* 1. |* 0. |* 0. ||* 0. |* 0. |*-1. ||* 0. |* 0. |*-1. |
|=====+=====+=====||=====+=====+=====||=====+=====+=====|
|* 0. |*-1. |* 0. ||* 0. |* 0. |* 0. ||  1. |  0. |  0. |
|* 0. |* 0. |* 0. ||* 0. |* 0. |*-1. ||  1. |  0. | -1. |
|* 1. |* 0. |*-1. ||*-1. |* 1. |* 0. ||  1. |  0. |  0. |
|=====+=====+=====||=====+=====+=====||=====+=====+=====|
|*-1. |* 0. |*-1. ||* 0. |* 0. |* 1. ||  0. |  0. |  1. |
|* 0. |* 1. |* 1. ||* 0. |*-1. |*-1. ||  0. |  0. |  1. |
|*-1. |* 1. |* 0. ||*-1. |* 1. |* 0. ||  0. | -1. |  1. |


state to eval, currenty is playerone turn=false

|*-0. |* 1. |* 1. ||*-1. |*-0. |*-0. ||*-1. |*-1. |* 1. |
|* 1. |*-0. |*-0. ||*-1. |*-0. |*-0. ||*-0. |*-1. |*-0. |
|*-1. |*-0. |*-0. ||*-0. |*-0. |* 1. ||*-0. |*-0. |* 1. |
|=====+=====+=====||=====+=====+=====||=====+=====+=====|
|*-0. |* 1. |*-0. ||*-0. |*-0. |*-0. || -1. | -0. | -0. |
|*-0. |*-0. |*-0. ||*-0. |*-0. |* 1. || -1. | -0. |  1. |
|*-1. |*-0. |* 1. ||* 1. |*-1. |*-0. || -1. | -0. | -0. |
|=====+=====+=====||=====+=====+=====||=====+=====+=====|
|* 1. |*-0. |* 1. ||*-0. |*-0. |*-1. || -0. | -0. | -1. |
|*-0. |*-1. |*-1. ||*-0. |* 1. |* 1. || -0. | -0. | -1. |
|* 1. |*-1. |*-0. ||* 1. |*-1. |*-0. || -0. |  1. | -1. |


Determined best move using: 60555Iterations
current State

|  0. | -1. | -1. ||  1. |  0. |  0. ||* 1. |* 1. |*-1. |
| -1. |  0. |  0. ||  1. |  0. |  0. ||* 0. |* 1. |* 0. |
|  1. |  0. |  0. ||  0. |  0. | -1. ||* 0. |* 0. |*-1. |
|=====+=====+=====||=====+=====+=====||=====+=====+=====|
|  0. | -1. | -1. ||  0. |  0. |  0. ||  1. |  0. |  0. |
|  0. |  0. |  0. ||  0. |  0. | -1. ||  1. |  0. | -1. |
|  1. |  0. | -1. || -1. |  1. |  0. ||  1. |  0. |  0. |
|=====+=====+=====||=====+=====+=====||=====+=====+=====|
| -1. |  0. | -1. ||  0. |  0. |  1. ||  0. |  0. |  1. |
|  0. |  1. |  1. ||  0. | -1. | -1. ||  0. |  0. |  1. |
| -1. |  1. |  0. || -1. |  1. |  0. ||  0. | -1. |  1. |


state to eval, currenty is playerone turn=true

|  0. | -1. | -1. ||  1. |  0. |  0. ||* 1. |* 1. |*-1. |
| -1. |  0. |  0. ||  1. |  0. |  0. ||* 0. |* 1. |* 0. |
|  1. |  0. |  0. ||  0. |  0. | -1. ||* 0. |* 0. |*-1. |
|=====+=====+=====||=====+=====+=====||=====+=====+=====|
|  0. | -1. | -1. ||  0. |  0. |  0. ||  1. |  0. |  0. |
|  0. |  0. |  0. ||  0. |  0. | -1. ||  1. |  0. | -1. |
|  1. |  0. | -1. || -1. |  1. |  0. ||  1. |  0. |  0. |
|=====+=====+=====||=====+=====+=====||=====+=====+=====|
| -1. |  0. | -1. ||  0. |  0. |  1. ||  0. |  0. |  1. |
|  0. |  1. |  1. ||  0. | -1. | -1. ||  0. |  0. |  1. |
| -1. |  1. |  0. || -1. |  1. |  0. ||  0. | -1. |  1. |


Determined best move using: 60786Iterations
current State

|  0. | -1. | -1. ||  1. |  0. |  0. ||  1. |  1. | -1. |
| -1. |  0. |  0. ||  1. |  0. |  0. ||  0. |  1. |  0. |
|  1. |  0. |  0. ||  0. |  0. | -1. ||  0. |  1. | -1. |
|=====+=====+=====||=====+=====+=====||=====+=====+=====|
|  0. | -1. | -1. ||  0. |  0. |  0. ||  1. |  0. |  0. |
|  0. |  0. |  0. ||  0. |  0. | -1. ||  1. |  0. | -1. |
|  1. |  0. | -1. || -1. |  1. |  0. ||  1. |  0. |  0. |
|=====+=====+=====||=====+=====+=====||=====+=====+=====|
| -1. |  0. | -1. ||* 0. |* 0. |* 1. ||  0. |  0. |  1. |
|  0. |  1. |  1. ||* 0. |*-1. |*-1. ||  0. |  0. |  1. |
| -1. |  1. |  0. ||*-1. |* 1. |* 0. ||  0. | -1. |  1. |


Game ended in: 39 moves
Actual data created in graphical format: 
[StateDatum{MCTSProbabilites=
|  .0153 |  .0177 |  .0137 ||  .0071 |  .0125 |  .0115 ||  .0081 |  .0125 |  .0136 |
|  .0127 |  .0097 |  .01 ||  .0193 |  .0088 |  .0144 ||  .0102 |  .0103 |  .0163 |
|  .0057 |  .0127 |  .012 ||  .0112 |  .0128 |  .015 ||  .0149 |  .009 |  .0143 |
|========+========+========||========+========+========||========+========+========|
|  .0112 |  .0119 |  .0153 ||  .0104 |  .0168 |  .0104 ||  .0066 |  .0135 |  .0184 |
|  .0123 |  .0146 |  .0049 ||  .0135 |  .0139 |  .0113 ||  .0197 |  .0126 |  .009 |
|  .0112 |  .0114 |  .0177 ||  .0133 |  .0157 |  .0144 ||  .012 |  .0116 |  .0062 |
|========+========+========||========+========+========||========+========+========|
|  .0106 |  .0199 |  .0112 ||  .0086 |  .0137 |  .0108 ||  .015 |  .0143 |  .0171 |
|  .0089 |  .0081 |  .0058 ||  .0052 |  .0144 |  .0151 ||  .0086 |  .0084 |  .0131 |
|  .0076 |  .0066 |  .0164 ||  .017 |  .0213 |  .015 ||  .0124 |  .0055 |  .018 |

, state=
|* 0. |* 0. |* 0. ||* 0. |* 0. |* 0. ||* 0. |* 0. |* 0. |
|* 0. |* 0. |* 0. ||* 0. |* 0. |* 0. ||* 0. |* 0. |* 0. |
|* 0. |* 0. |* 0. ||* 0. |* 0. |* 0. ||* 0. |* 0. |* 0. |
|=====+=====+=====||=====+=====+=====||=====+=====+=====|
|* 0. |* 0. |* 0. ||* 0. |* 0. |* 0. ||* 0. |* 0. |* 0. |
|* 0. |* 0. |* 0. ||* 0. |* 0. |* 0. ||* 0. |* 0. |* 0. |
|* 0. |* 0. |* 0. ||* 0. |* 0. |* 0. ||* 0. |* 0. |* 0. |
|=====+=====+=====||=====+=====+=====||=====+=====+=====|
|* 0. |* 0. |* 0. ||* 0. |* 0. |* 0. ||* 0. |* 0. |* 0. |
|* 0. |* 0. |* 0. ||* 0. |* 0. |* 0. ||* 0. |* 0. |* 0. |
|* 0. |* 0. |* 0. ||* 0. |* 0. |* 0. ||* 0. |* 0. |* 0. |

, evalForThisState=1.0, isPlayerOneTurnOriginally=true}, StateDatum{MCTSProbabilites=
|  .0 |  .0 |  .0 ||  .0 |  .0 |  .0 ||  .0 |  .0 |  .0 |
|  .0 |  .0 |  .0 ||  .0 |  .0 |  .0 ||  .0 |  .0 |  .0 |
|  .0 |  .0 |  .0 ||  .0 |  .0 |  .0 ||  .0 |  .0 |  .0 |
|========+========+========||========+========+========||========+========+========|
|  .0 |  .0 |  .0 ||  .0 |  .0 |  .0 ||  .0 |  .0 |  .0 |
|  .0 |  .0 |  .0 ||  .0 |  .0 |  .0 ||  .0 |  .0 |  .0 |
|  .0 |  .0 |  .0 ||  .0 |  .0 |  .0 ||  .0 |  .0 |  .0 |
|========+========+========||========+========+========||========+========+========|
|  .0 |  .0 |  .0 ||  .0662 |  .1089 |  .0589 ||  .0 |  .0 |  .0 |
|  .0 |  .0 |  .0 ||  .0896 |  .4441 |  .0761 ||  .0 |  .0 |  .0 |
|  .0 |  .0 |  .0 ||  .0725 |  .0 |  .0836 ||  .0 |  .0 |  .0 |

, state=
| -0. | -0. | -0. || -0. | -0. | -0. || -0. | -0. | -0. |
| -0. | -0. | -0. || -0. | -0. | -0. || -0. | -0. | -0. |
| -0. | -0. | -0. || -0. | -0. | -0. || -0. | -0. | -0. |
|=====+=====+=====||=====+=====+=====||=====+=====+=====|
| -0. | -0. | -0. || -0. | -0. | -0. || -0. | -0. | -0. |
| -0. | -0. | -0. || -0. | -0. | -0. || -0. | -0. | -0. |
| -0. | -0. | -0. || -0. | -0. | -0. || -0. | -0. | -0. |
|=====+=====+=====||=====+=====+=====||=====+=====+=====|
| -0. | -0. | -0. ||*-0. |*-0. |*-0. || -0. | -0. | -0. |
| -0. | -0. | -0. ||*-0. |*-0. |*-0. || -0. | -0. | -0. |
| -0. | -0. | -0. ||*-0. |*-1. |*-0. || -0. | -0. | -0. |

, evalForThisState=-1.0, isPlayerOneTurnOriginally=false}, StateDatum{MCTSProbabilites=
|  .0 |  .0 |  .0 ||  .0 |  .0 |  .0 ||  .0 |  .0 |  .0 |
|  .0 |  .0 |  .0 ||  .0 |  .0 |  .0 ||  .0 |  .0 |  .0 |
|  .0 |  .0 |  .0 ||  .0 |  .0 |  .0 ||  .0 |  .0 |  .0 |
|========+========+========||========+========+========||========+========+========|
|  .0 |  .0 |  .0 ||  .1195 |  .0967 |  .1017 ||  .0 |  .0 |  .0 |
|  .0 |  .0 |  .0 ||  .0661 |  .1458 |  .0652 ||  .0 |  .0 |  .0 |
|  .0 |  .0 |  .0 ||  .156 |  .1666 |  .0824 ||  .0 |  .0 |  .0 |
|========+========+========||========+========+========||========+========+========|
|  .0 |  .0 |  .0 ||  .0 |  .0 |  .0 ||  .0 |  .0 |  .0 |
|  .0 |  .0 |  .0 ||  .0 |  .0 |  .0 ||  .0 |  .0 |  .0 |
|  .0 |  .0 |  .0 ||  .0 |  .0 |  .0 ||  .0 |  .0 |  .0 |

, state=
|  0. |  0. |  0. ||  0. |  0. |  0. ||  0. |  0. |  0. |
|  0. |  0. |  0. ||  0. |  0. |  0. ||  0. |  0. |  0. |
|  0. |  0. |  0. ||  0. |  0. |  0. ||  0. |  0. |  0. |
|=====+=====+=====||=====+=====+=====||=====+=====+=====|
|  0. |  0. |  0. ||* 0. |* 0. |* 0. ||  0. |  0. |  0. |
|  0. |  0. |  0. ||* 0. |* 0. |* 0. ||  0. |  0. |  0. |
|  0. |  0. |  0. ||* 0. |* 0. |* 0. ||  0. |  0. |  0. |
|=====+=====+=====||=====+=====+=====||=====+=====+=====|
|  0. |  0. |  0. ||  0. |  0. |  0. ||  0. |  0. |  0. |
|  0. |  0. |  0. ||  0. | -1. |  0. ||  0. |  0. |  0. |
|  0. |  0. |  0. ||  0. |  1. |  0. ||  0. |  0. |  0. |

, evalForThisState=1.0, isPlayerOneTurnOriginally=true}, StateDatum{MCTSProbabilites=
|  .0 |  .0 |  .0 ||  .0 |  .0 |  .0 ||  .0 |  .0 |  .0 |
|  .0 |  .0 |  .0 ||  .0 |  .0 |  .0 ||  .0 |  .0 |  .0 |
|  .0 |  .0 |  .0 ||  .0 |  .0 |  .0 ||  .0 |  .0 |  .0 |
|========+========+========||========+========+========||========+========+========|
|  .0 |  .0 |  .0 ||  .0 |  .0 |  .0 ||  .0 |  .0 |  .0 |
|  .0 |  .0 |  .0 ||  .0 |  .0 |  .0 ||  .0 |  .0 |  .0 |
|  .0 |  .0 |  .0 ||  .0 |  .0 |  .0 ||  .0 |  .0 |  .0 |
|========+========+========||========+========+========||========+========+========|
|  .0 |  .0 |  .0 ||  .0643 |  .0668 |  .0555 ||  .0 |  .0 |  .0 |
|  .0 |  .0 |  .0 ||  .0547 |  .0 |  .0718 ||  .0 |  .0 |  .0 |
|  .0 |  .0 |  .0 ||  .5526 |  .0 |  .1343 ||  .0 |  .0 |  .0 |

, state=
| -0. | -0. | -0. || -0. | -0. | -0. || -0. | -0. | -0. |
| -0. | -0. | -0. || -0. | -0. | -0. || -0. | -0. | -0. |
| -0. | -0. | -0. || -0. | -0. | -0. || -0. | -0. | -0. |
|=====+=====+=====||=====+=====+=====||=====+=====+=====|
| -0. | -0. | -0. || -0. | -0. | -0. || -0. | -0. | -0. |
| -0. | -0. | -0. || -0. | -0. | -0. || -0. | -0. | -0. |
| -0. | -0. | -0. || -0. | -1. | -0. || -0. | -0. | -0. |
|=====+=====+=====||=====+=====+=====||=====+=====+=====|
| -0. | -0. | -0. ||*-0. |*-0. |*-0. || -0. | -0. | -0. |
| -0. | -0. | -0. ||*-0. |* 1. |*-0. || -0. | -0. | -0. |
| -0. | -0. | -0. ||*-0. |*-1. |*-0. || -0. | -0. | -0. |

, evalForThisState=-1.0, isPlayerOneTurnOriginally=false}, StateDatum{MCTSProbabilites=
|  .0 |  .0 |  .0 ||  .0 |  .0 |  .0 ||  .0 |  .0 |  .0 |
|  .0 |  .0 |  .0 ||  .0 |  .0 |  .0 ||  .0 |  .0 |  .0 |
|  .0 |  .0 |  .0 ||  .0 |  .0 |  .0 ||  .0 |  .0 |  .0 |
|========+========+========||========+========+========||========+========+========|
|  .0 |  .0 |  .0 ||  .0 |  .0 |  .0 ||  .0 |  .0 |  .0 |
|  .0 |  .0 |  .0 ||  .0 |  .0 |  .0 ||  .0 |  .0 |  .0 |
|  .0 |  .0 |  .0 ||  .0 |  .0 |  .0 ||  .0 |  .0 |  .0 |
|========+========+========||========+========+========||========+========+========|
|  .0556 |  .0907 |  .0601 ||  .0 |  .0 |  .0 ||  .0 |  .0 |  .0 |
|  .1587 |  .2191 |  .1063 ||  .0 |  .0 |  .0 ||  .0 |  .0 |  .0 |
|  .1327 |  .1068 |  .0699 ||  .0 |  .0 |  .0 ||  .0 |  .0 |  .0 |

, state=
|  0. |  0. |  0. ||  0. |  0. |  0. ||  0. |  0. |  0. |
|  0. |  0. |  0. ||  0. |  0. |  0. ||  0. |  0. |  0. |
|  0. |  0. |  0. ||  0. |  0. |  0. ||  0. |  0. |  0. |
|=====+=====+=====||=====+=====+=====||=====+=====+=====|
|  0. |  0. |  0. ||  0. |  0. |  0. ||  0. |  0. |  0. |
|  0. |  0. |  0. ||  0. |  0. |  0. ||  0. |  0. |  0. |
|  0. |  0. |  0. ||  0. |  1. |  0. ||  0. |  0. |  0. |
|=====+=====+=====||=====+=====+=====||=====+=====+=====|
|* 0. |* 0. |* 0. ||  0. |  0. |  0. ||  0. |  0. |  0. |
|* 0. |* 0. |* 0. ||  0. | -1. |  0. ||  0. |  0. |  0. |
|* 0. |* 0. |* 0. || -1. |  1. |  0. ||  0. |  0. |  0. |

, evalForThisState=1.0, isPlayerOneTurnOriginally=true}, StateDatum{MCTSProbabilites=
|  .0 |  .0 |  .0 ||  .0 |  .0 |  .0 ||  .0 |  .0 |  .0 |
|  .0 |  .0 |  .0 ||  .0 |  .0 |  .0 ||  .0 |  .0 |  .0 |
|  .0 |  .0 |  .0 ||  .0 |  .0 |  .0 ||  .0 |  .0 |  .0 |
|========+========+========||========+========+========||========+========+========|
|  .0 |  .0 |  .0 ||  .0736 |  .041 |  .1425 ||  .0 |  .0 |  .0 |
|  .0 |  .0 |  .0 ||  .0528 |  .1553 |  .0475 ||  .0 |  .0 |  .0 |
|  .0 |  .0 |  .0 ||  .441 |  .0 |  .0463 ||  .0 |  .0 |  .0 |
|========+========+========||========+========+========||========+========+========|
|  .0 |  .0 |  .0 ||  .0 |  .0 |  .0 ||  .0 |  .0 |  .0 |
|  .0 |  .0 |  .0 ||  .0 |  .0 |  .0 ||  .0 |  .0 |  .0 |
|  .0 |  .0 |  .0 ||  .0 |  .0 |  .0 ||  .0 |  .0 |  .0 |

, state=
| -0. | -0. | -0. || -0. | -0. | -0. || -0. | -0. | -0. |
| -0. | -0. | -0. || -0. | -0. | -0. || -0. | -0. | -0. |
| -0. | -0. | -0. || -0. | -0. | -0. || -0. | -0. | -0. |
|=====+=====+=====||=====+=====+=====||=====+=====+=====|
| -0. | -0. | -0. ||*-0. |*-0. |*-0. || -0. | -0. | -0. |
| -0. | -0. | -0. ||*-0. |*-0. |*-0. || -0. | -0. | -0. |
| -0. | -0. | -0. ||*-0. |*-1. |*-0. || -0. | -0. | -0. |
|=====+=====+=====||=====+=====+=====||=====+=====+=====|
| -0. | -0. | -0. || -0. | -0. | -0. || -0. | -0. | -0. |
| -0. | -1. | -0. || -0. |  1. | -0. || -0. | -0. | -0. |
| -0. | -0. | -0. ||  1. | -1. | -0. || -0. | -0. | -0. |

, evalForThisState=-1.0, isPlayerOneTurnOriginally=false}, StateDatum{MCTSProbabilites=
|  .0 |  .0 |  .0 ||  .0 |  .0 |  .0 ||  .0 |  .0 |  .0 |
|  .0 |  .0 |  .0 ||  .0 |  .0 |  .0 ||  .0 |  .0 |  .0 |
|  .0 |  .0 |  .0 ||  .0 |  .0 |  .0 ||  .0 |  .0 |  .0 |
|========+========+========||========+========+========||========+========+========|
|  .0 |  .0 |  .0 ||  .0 |  .0 |  .0 ||  .0 |  .0 |  .0 |
|  .0 |  .0 |  .0 ||  .0 |  .0 |  .0 ||  .0 |  .0 |  .0 |
|  .0 |  .0 |  .0 ||  .0 |  .0 |  .0 ||  .0 |  .0 |  .0 |
|========+========+========||========+========+========||========+========+========|
|  .0826 |  .0626 |  .138 ||  .0 |  .0 |  .0 ||  .0 |  .0 |  .0 |
|  .1239 |  .0 |  .0623 ||  .0 |  .0 |  .0 ||  .0 |  .0 |  .0 |
|  .0895 |  .374 |  .0671 ||  .0 |  .0 |  .0 ||  .0 |  .0 |  .0 |

, state=
|  0. |  0. |  0. ||  0. |  0. |  0. ||  0. |  0. |  0. |
|  0. |  0. |  0. ||  0. |  0. |  0. ||  0. |  0. |  0. |
|  0. |  0. |  0. ||  0. |  0. |  0. ||  0. |  0. |  0. |
|=====+=====+=====||=====+=====+=====||=====+=====+=====|
|  0. |  0. |  0. ||  0. |  0. |  0. ||  0. |  0. |  0. |
|  0. |  0. |  0. ||  0. |  0. |  0. ||  0. |  0. |  0. |
|  0. |  0. |  0. || -1. |  1. |  0. ||  0. |  0. |  0. |
|=====+=====+=====||=====+=====+=====||=====+=====+=====|
|* 0. |* 0. |* 0. ||  0. |  0. |  0. ||  0. |  0. |  0. |
|* 0. |* 1. |* 0. ||  0. | -1. |  0. ||  0. |  0. |  0. |
|* 0. |* 0. |* 0. || -1. |  1. |  0. ||  0. |  0. |  0. |

, evalForThisState=1.0, isPlayerOneTurnOriginally=true}, StateDatum{MCTSProbabilites=
|  .0 |  .0 |  .0 ||  .0 |  .0 |  .0 ||  .0 |  .0 |  .0 |
|  .0 |  .0 |  .0 ||  .0 |  .0 |  .0 ||  .0 |  .0 |  .0 |
|  .0 |  .0 |  .0 ||  .0 |  .0 |  .0 ||  .0 |  .0 |  .0 |
|========+========+========||========+========+========||========+========+========|
|  .0 |  .0 |  .0 ||  .0 |  .0 |  .0 ||  .0 |  .0 |  .0 |
|  .0 |  .0 |  .0 ||  .0 |  .0 |  .0 ||  .0 |  .0 |  .0 |
|  .0 |  .0 |  .0 ||  .0 |  .0 |  .0 ||  .0 |  .0 |  .0 |
|========+========+========||========+========+========||========+========+========|
|  .0 |  .0 |  .0 ||  .0409 |  .0394 |  .1126 ||  .0 |  .0 |  .0 |
|  .0 |  .0 |  .0 ||  .298 |  .0 |  .4536 ||  .0 |  .0 |  .0 |
|  .0 |  .0 |  .0 ||  .0 |  .0 |  .0555 ||  .0 |  .0 |  .0 |

, state=
| -0. | -0. | -0. || -0. | -0. | -0. || -0. | -0. | -0. |
| -0. | -0. | -0. || -0. | -0. | -0. || -0. | -0. | -0. |
| -0. | -0. | -0. || -0. | -0. | -0. || -0. | -0. | -0. |
|=====+=====+=====||=====+=====+=====||=====+=====+=====|
| -0. | -0. | -0. || -0. | -0. | -0. || -0. | -0. | -0. |
| -0. | -0. | -0. || -0. | -0. | -0. || -0. | -0. | -0. |
| -0. | -0. | -0. ||  1. | -1. | -0. || -0. | -0. | -0. |
|=====+=====+=====||=====+=====+=====||=====+=====+=====|
| -0. | -0. | -0. ||*-0. |*-0. |*-0. || -0. | -0. | -0. |
| -0. | -1. | -0. ||*-0. |* 1. |*-0. || -0. | -0. | -0. |
| -0. | -1. | -0. ||* 1. |*-1. |*-0. || -0. | -0. | -0. |

, evalForThisState=-1.0, isPlayerOneTurnOriginally=false}, StateDatum{MCTSProbabilites=
|  .0 |  .0 |  .0 ||  .0 |  .0 |  .0 ||  .0 |  .0 |  .0 |
|  .0 |  .0 |  .0 ||  .0 |  .0 |  .0 ||  .0 |  .0 |  .0 |
|  .0 |  .0 |  .0 ||  .0 |  .0 |  .0 ||  .0 |  .0 |  .0 |
|========+========+========||========+========+========||========+========+========|
|  .0 |  .0 |  .0 ||  .0 |  .0 |  .0 ||  .0693 |  .0811 |  .1034 |
|  .0 |  .0 |  .0 ||  .0 |  .0 |  .0 ||  .3686 |  .0553 |  .0737 |
|  .0 |  .0 |  .0 ||  .0 |  .0 |  .0 ||  .0765 |  .0633 |  .1088 |
|========+========+========||========+========+========||========+========+========|
|  .0 |  .0 |  .0 ||  .0 |  .0 |  .0 ||  .0 |  .0 |  .0 |
|  .0 |  .0 |  .0 ||  .0 |  .0 |  .0 ||  .0 |  .0 |  .0 |
|  .0 |  .0 |  .0 ||  .0 |  .0 |  .0 ||  .0 |  .0 |  .0 |

, state=
|  0. |  0. |  0. ||  0. |  0. |  0. ||  0. |  0. |  0. |
|  0. |  0. |  0. ||  0. |  0. |  0. ||  0. |  0. |  0. |
|  0. |  0. |  0. ||  0. |  0. |  0. ||  0. |  0. |  0. |
|=====+=====+=====||=====+=====+=====||=====+=====+=====|
|  0. |  0. |  0. ||  0. |  0. |  0. ||* 0. |* 0. |* 0. |
|  0. |  0. |  0. ||  0. |  0. |  0. ||* 0. |* 0. |* 0. |
|  0. |  0. |  0. || -1. |  1. |  0. ||* 0. |* 0. |* 0. |
|=====+=====+=====||=====+=====+=====||=====+=====+=====|
|  0. |  0. |  0. ||  0. |  0. |  0. ||  0. |  0. |  0. |
|  0. |  1. |  0. ||  0. | -1. | -1. ||  0. |  0. |  0. |
|  0. |  1. |  0. || -1. |  1. |  0. ||  0. |  0. |  0. |

, evalForThisState=1.0, isPlayerOneTurnOriginally=true}, StateDatum{MCTSProbabilites=
|  .0 |  .0 |  .0 ||  .0 |  .0 |  .0 ||  .0 |  .0 |  .0 |
|  .0 |  .0 |  .0 ||  .0 |  .0 |  .0 ||  .0 |  .0 |  .0 |
|  .0 |  .0 |  .0 ||  .0 |  .0 |  .0 ||  .0 |  .0 |  .0 |
|========+========+========||========+========+========||========+========+========|
|  .0759 |  .0651 |  .0676 ||  .0 |  .0 |  .0 ||  .0 |  .0 |  .0 |
|  .1229 |  .0449 |  .0518 ||  .0 |  .0 |  .0 ||  .0 |  .0 |  .0 |
|  .1054 |  .1844 |  .282 ||  .0 |  .0 |  .0 ||  .0 |  .0 |  .0 |
|========+========+========||========+========+========||========+========+========|
|  .0 |  .0 |  .0 ||  .0 |  .0 |  .0 ||  .0 |  .0 |  .0 |
|  .0 |  .0 |  .0 ||  .0 |  .0 |  .0 ||  .0 |  .0 |  .0 |
|  .0 |  .0 |  .0 ||  .0 |  .0 |  .0 ||  .0 |  .0 |  .0 |

, state=
| -0. | -0. | -0. || -0. | -0. | -0. || -0. | -0. | -0. |
| -0. | -0. | -0. || -0. | -0. | -0. || -0. | -0. | -0. |
| -0. | -0. | -0. || -0. | -0. | -0. || -0. | -0. | -0. |
|=====+=====+=====||=====+=====+=====||=====+=====+=====|
|*-0. |*-0. |*-0. || -0. | -0. | -0. || -0. | -0. | -0. |
|*-0. |*-0. |*-0. || -0. | -0. | -0. || -1. | -0. | -0. |
|*-0. |*-0. |*-0. ||  1. | -1. | -0. || -0. | -0. | -0. |
|=====+=====+=====||=====+=====+=====||=====+=====+=====|
| -0. | -0. | -0. || -0. | -0. | -0. || -0. | -0. | -0. |
| -0. | -1. | -0. || -0. |  1. |  1. || -0. | -0. | -0. |
| -0. | -1. | -0. ||  1. | -1. | -0. || -0. | -0. | -0. |

, evalForThisState=-1.0, isPlayerOneTurnOriginally=false}, StateDatum{MCTSProbabilites=
|  .0 |  .0 |  .0 ||  .0 |  .0 |  .0 ||  .0 |  .0 |  .0 |
|  .0 |  .0 |  .0 ||  .0 |  .0 |  .0 ||  .0 |  .0 |  .0 |
|  .0 |  .0 |  .0 ||  .0 |  .0 |  .0 ||  .0 |  .0 |  .0 |
|========+========+========||========+========+========||========+========+========|
|  .0 |  .0 |  .0 ||  .0 |  .0 |  .0 ||  .0 |  .0 |  .0 |
|  .0 |  .0 |  .0 ||  .0 |  .0 |  .0 ||  .0 |  .0 |  .0 |
|  .0 |  .0 |  .0 ||  .0 |  .0 |  .0 ||  .0 |  .0 |  .0 |
|========+========+========||========+========+========||========+========+========|
|  .0 |  .0 |  .0 ||  .0 |  .0 |  .0 ||  .0881 |  .0568 |  .2995 |
|  .0 |  .0 |  .0 ||  .0 |  .0 |  .0 ||  .0625 |  .0601 |  .047 |
|  .0 |  .0 |  .0 ||  .0 |  .0 |  .0 ||  .0426 |  .0444 |  .2989 |

, state=
|  0. |  0. |  0. ||  0. |  0. |  0. ||  0. |  0. |  0. |
|  0. |  0. |  0. ||  0. |  0. |  0. ||  0. |  0. |  0. |
|  0. |  0. |  0. ||  0. |  0. |  0. ||  0. |  0. |  0. |
|=====+=====+=====||=====+=====+=====||=====+=====+=====|
|  0. |  0. |  0. ||  0. |  0. |  0. ||  0. |  0. |  0. |
|  0. |  0. |  0. ||  0. |  0. |  0. ||  1. |  0. |  0. |
|  0. |  0. | -1. || -1. |  1. |  0. ||  0. |  0. |  0. |
|=====+=====+=====||=====+=====+=====||=====+=====+=====|
|  0. |  0. |  0. ||  0. |  0. |  0. ||* 0. |* 0. |* 0. |
|  0. |  1. |  0. ||  0. | -1. | -1. ||* 0. |* 0. |* 0. |
|  0. |  1. |  0. || -1. |  1. |  0. ||* 0. |* 0. |* 0. |

, evalForThisState=1.0, isPlayerOneTurnOriginally=true}, StateDatum{MCTSProbabilites=
|  .0 |  .0 |  .0 ||  .0 |  .0 |  .0 ||  .0627 |  .075 |  .0315 |
|  .0 |  .0 |  .0 ||  .0 |  .0 |  .0 ||  .2215 |  .1359 |  .0816 |
|  .0 |  .0 |  .0 ||  .0 |  .0 |  .0 ||  .111 |  .0585 |  .2224 |
|========+========+========||========+========+========||========+========+========|
|  .0 |  .0 |  .0 ||  .0 |  .0 |  .0 ||  .0 |  .0 |  .0 |
|  .0 |  .0 |  .0 ||  .0 |  .0 |  .0 ||  .0 |  .0 |  .0 |
|  .0 |  .0 |  .0 ||  .0 |  .0 |  .0 ||  .0 |  .0 |  .0 |
|========+========+========||========+========+========||========+========+========|
|  .0 |  .0 |  .0 ||  .0 |  .0 |  .0 ||  .0 |  .0 |  .0 |
|  .0 |  .0 |  .0 ||  .0 |  .0 |  .0 ||  .0 |  .0 |  .0 |
|  .0 |  .0 |  .0 ||  .0 |  .0 |  .0 ||  .0 |  .0 |  .0 |

, state=
| -0. | -0. | -0. || -0. | -0. | -0. ||*-0. |*-0. |*-0. |
| -0. | -0. | -0. || -0. | -0. | -0. ||*-0. |*-0. |*-0. |
| -0. | -0. | -0. || -0. | -0. | -0. ||*-0. |*-0. |*-0. |
|=====+=====+=====||=====+=====+=====||=====+=====+=====|
| -0. | -0. | -0. || -0. | -0. | -0. || -0. | -0. | -0. |
| -0. | -0. | -0. || -0. | -0. | -0. || -1. | -0. | -0. |
| -0. | -0. |  1. ||  1. | -1. | -0. || -0. | -0. | -0. |
|=====+=====+=====||=====+=====+=====||=====+=====+=====|
| -0. | -0. | -0. || -0. | -0. | -0. || -0. | -0. | -1. |
| -0. | -1. | -0. || -0. |  1. |  1. || -0. | -0. | -0. |
| -0. | -1. | -0. ||  1. | -1. | -0. || -0. | -0. | -0. |

, evalForThisState=-1.0, isPlayerOneTurnOriginally=false}, StateDatum{MCTSProbabilites=
|  .0 |  .0 |  .0 ||  .0 |  .0 |  .0 ||  .0 |  .0 |  .0 |
|  .0 |  .0 |  .0 ||  .0 |  .0 |  .0 ||  .0 |  .0 |  .0 |
|  .0 |  .0 |  .0 ||  .0 |  .0 |  .0 ||  .0 |  .0 |  .0 |
|========+========+========||========+========+========||========+========+========|
|  .0 |  .0 |  .0 ||  .0 |  .0 |  .0 ||  .0 |  .0 |  .0 |
|  .0 |  .0 |  .0 ||  .0 |  .0 |  .0 ||  .0 |  .0 |  .0 |
|  .0 |  .0 |  .0 ||  .0 |  .0 |  .0 ||  .0 |  .0 |  .0 |
|========+========+========||========+========+========||========+========+========|
|  .0 |  .0 |  .0 ||  .0 |  .0 |  .0 ||  .0541 |  .0499 |  .0 |
|  .0 |  .0 |  .0 ||  .0 |  .0 |  .0 ||  .055 |  .0311 |  .0465 |
|  .0 |  .0 |  .0 ||  .0 |  .0 |  .0 ||  .0525 |  .3549 |  .356 |

, state=
|  0. |  0. |  0. ||  0. |  0. |  0. ||  0. |  0. |  0. |
|  0. |  0. |  0. ||  0. |  0. |  0. ||  0. |  0. |  0. |
|  0. |  0. |  0. ||  0. |  0. |  0. ||  0. |  0. | -1. |
|=====+=====+=====||=====+=====+=====||=====+=====+=====|
|  0. |  0. |  0. ||  0. |  0. |  0. ||  0. |  0. |  0. |
|  0. |  0. |  0. ||  0. |  0. |  0. ||  1. |  0. |  0. |
|  0. |  0. | -1. || -1. |  1. |  0. ||  0. |  0. |  0. |
|=====+=====+=====||=====+=====+=====||=====+=====+=====|
|  0. |  0. |  0. ||  0. |  0. |  0. ||* 0. |* 0. |* 1. |
|  0. |  1. |  0. ||  0. | -1. | -1. ||* 0. |* 0. |* 0. |
|  0. |  1. |  0. || -1. |  1. |  0. ||* 0. |* 0. |* 0. |

, evalForThisState=1.0, isPlayerOneTurnOriginally=true}, StateDatum{MCTSProbabilites=
|  .0 |  .0 |  .0 ||  .0 |  .0 |  .0 ||  .0 |  .0 |  .0 |
|  .0 |  .0 |  .0 ||  .0 |  .0 |  .0 ||  .0 |  .0 |  .0 |
|  .0 |  .0 |  .0 ||  .0 |  .0 |  .0 ||  .0 |  .0 |  .0 |
|========+========+========||========+========+========||========+========+========|
|  .0 |  .0 |  .0 ||  .0 |  .0 |  .0 ||  .0 |  .0 |  .0 |
|  .0 |  .0 |  .0 ||  .0 |  .0 |  .0 ||  .0 |  .0 |  .0 |
|  .0 |  .0 |  .0 ||  .0 |  .0 |  .0 ||  .0 |  .0 |  .0 |
|========+========+========||========+========+========||========+========+========|
|  .0 |  .0 |  .0 ||  .0 |  .0 |  .0 ||  .0526 |  .0428 |  .0 |
|  .0 |  .0 |  .0 ||  .0 |  .0 |  .0 ||  .2762 |  .0365 |  .0837 |
|  .0 |  .0 |  .0 ||  .0 |  .0 |  .0 ||  .2031 |  .305 |  .0 |

, state=
| -0. | -0. | -0. || -0. | -0. | -0. || -0. | -0. | -0. |
| -0. | -0. | -0. || -0. | -0. | -0. || -0. | -0. | -0. |
| -0. | -0. | -0. || -0. | -0. | -0. || -0. | -0. |  1. |
|=====+=====+=====||=====+=====+=====||=====+=====+=====|
| -0. | -0. | -0. || -0. | -0. | -0. || -0. | -0. | -0. |
| -0. | -0. | -0. || -0. | -0. | -0. || -1. | -0. | -0. |
| -0. | -0. |  1. ||  1. | -1. | -0. || -0. | -0. | -0. |
|=====+=====+=====||=====+=====+=====||=====+=====+=====|
| -0. | -0. | -0. || -0. | -0. | -0. ||*-0. |*-0. |*-1. |
| -0. | -1. | -0. || -0. |  1. |  1. ||*-0. |*-0. |*-0. |
| -0. | -1. | -0. ||  1. | -1. | -0. ||*-0. |*-0. |*-1. |

, evalForThisState=-1.0, isPlayerOneTurnOriginally=false}, StateDatum{MCTSProbabilites=
|  .0 |  .0 |  .0 ||  .0 |  .0 |  .0 ||  .0 |  .0 |  .0 |
|  .0 |  .0 |  .0 ||  .0 |  .0 |  .0 ||  .0 |  .0 |  .0 |
|  .0 |  .0 |  .0 ||  .0 |  .0 |  .0 ||  .0 |  .0 |  .0 |
|========+========+========||========+========+========||========+========+========|
|  .0 |  .0 |  .0 ||  .0 |  .0 |  .0 ||  .0 |  .0 |  .0 |
|  .0 |  .0 |  .0 ||  .0 |  .0 |  .0 ||  .0 |  .0 |  .0 |
|  .0 |  .0 |  .0 ||  .0 |  .0 |  .0 ||  .0 |  .0 |  .0 |
|========+========+========||========+========+========||========+========+========|
|  .0 |  .0 |  .0 ||  .0421 |  .0439 |  .3611 ||  .0 |  .0 |  .0 |
|  .0 |  .0 |  .0 ||  .2179 |  .0 |  .0 ||  .0 |  .0 |  .0 |
|  .0 |  .0 |  .0 ||  .0 |  .0 |  .3351 ||  .0 |  .0 |  .0 |

, state=
|  0. |  0. |  0. ||  0. |  0. |  0. ||  0. |  0. |  0. |
|  0. |  0. |  0. ||  0. |  0. |  0. ||  0. |  0. |  0. |
|  0. |  0. |  0. ||  0. |  0. |  0. ||  0. |  0. | -1. |
|=====+=====+=====||=====+=====+=====||=====+=====+=====|
|  0. |  0. |  0. ||  0. |  0. |  0. ||  0. |  0. |  0. |
|  0. |  0. |  0. ||  0. |  0. |  0. ||  1. |  0. |  0. |
|  0. |  0. | -1. || -1. |  1. |  0. ||  0. |  0. |  0. |
|=====+=====+=====||=====+=====+=====||=====+=====+=====|
|  0. |  0. |  0. ||* 0. |* 0. |* 0. ||  0. |  0. |  1. |
|  0. |  1. |  0. ||* 0. |*-1. |*-1. ||  0. |  0. |  0. |
|  0. |  1. |  0. ||*-1. |* 1. |* 0. ||  0. | -1. |  1. |

, evalForThisState=1.0, isPlayerOneTurnOriginally=true}, StateDatum{MCTSProbabilites=
|  .0 |  .0 |  .0 ||  .0 |  .0 |  .0 ||  .0597 |  .0326 |  .2588 |
|  .0 |  .0 |  .0 ||  .0 |  .0 |  .0 ||  .0346 |  .2257 |  .1821 |
|  .0 |  .0 |  .0 ||  .0 |  .0 |  .0 ||  .0382 |  .1683 |  .0 |
|========+========+========||========+========+========||========+========+========|
|  .0 |  .0 |  .0 ||  .0 |  .0 |  .0 ||  .0 |  .0 |  .0 |
|  .0 |  .0 |  .0 ||  .0 |  .0 |  .0 ||  .0 |  .0 |  .0 |
|  .0 |  .0 |  .0 ||  .0 |  .0 |  .0 ||  .0 |  .0 |  .0 |
|========+========+========||========+========+========||========+========+========|
|  .0 |  .0 |  .0 ||  .0 |  .0 |  .0 ||  .0 |  .0 |  .0 |
|  .0 |  .0 |  .0 ||  .0 |  .0 |  .0 ||  .0 |  .0 |  .0 |
|  .0 |  .0 |  .0 ||  .0 |  .0 |  .0 ||  .0 |  .0 |  .0 |

, state=
| -0. | -0. | -0. || -0. | -0. | -0. ||*-0. |*-0. |*-0. |
| -0. | -0. | -0. || -0. | -0. | -0. ||*-0. |*-0. |*-0. |
| -0. | -0. | -0. || -0. | -0. | -0. ||*-0. |*-0. |* 1. |
|=====+=====+=====||=====+=====+=====||=====+=====+=====|
| -0. | -0. | -0. || -0. | -0. | -0. || -0. | -0. | -0. |
| -0. | -0. | -0. || -0. | -0. | -0. || -1. | -0. | -0. |
| -0. | -0. |  1. ||  1. | -1. | -0. || -0. | -0. | -0. |
|=====+=====+=====||=====+=====+=====||=====+=====+=====|
| -0. | -0. | -0. || -0. | -0. | -1. || -0. | -0. | -1. |
| -0. | -1. | -0. || -0. |  1. |  1. || -0. | -0. | -0. |
| -0. | -1. | -0. ||  1. | -1. | -0. || -0. |  1. | -1. |

, evalForThisState=-1.0, isPlayerOneTurnOriginally=false}, StateDatum{MCTSProbabilites=
|  .0 |  .0 |  .0 ||  .0 |  .0 |  .0 ||  .3017 |  .0457 |  .0 |
|  .0 |  .0 |  .0 ||  .0 |  .0 |  .0 ||  .044 |  .2501 |  .0706 |
|  .0 |  .0 |  .0 ||  .0 |  .0 |  .0 ||  .0831 |  .2048 |  .0 |
|========+========+========||========+========+========||========+========+========|
|  .0 |  .0 |  .0 ||  .0 |  .0 |  .0 ||  .0 |  .0 |  .0 |
|  .0 |  .0 |  .0 ||  .0 |  .0 |  .0 ||  .0 |  .0 |  .0 |
|  .0 |  .0 |  .0 ||  .0 |  .0 |  .0 ||  .0 |  .0 |  .0 |
|========+========+========||========+========+========||========+========+========|
|  .0 |  .0 |  .0 ||  .0 |  .0 |  .0 ||  .0 |  .0 |  .0 |
|  .0 |  .0 |  .0 ||  .0 |  .0 |  .0 ||  .0 |  .0 |  .0 |
|  .0 |  .0 |  .0 ||  .0 |  .0 |  .0 ||  .0 |  .0 |  .0 |

, state=
|  0. |  0. |  0. ||  0. |  0. |  0. ||* 0. |* 0. |*-1. |
|  0. |  0. |  0. ||  0. |  0. |  0. ||* 0. |* 0. |* 0. |
|  0. |  0. |  0. ||  0. |  0. |  0. ||* 0. |* 0. |*-1. |
|=====+=====+=====||=====+=====+=====||=====+=====+=====|
|  0. |  0. |  0. ||  0. |  0. |  0. ||  0. |  0. |  0. |
|  0. |  0. |  0. ||  0. |  0. |  0. ||  1. |  0. |  0. |
|  0. |  0. | -1. || -1. |  1. |  0. ||  0. |  0. |  0. |
|=====+=====+=====||=====+=====+=====||=====+=====+=====|
|  0. |  0. |  0. ||  0. |  0. |  1. ||  0. |  0. |  1. |
|  0. |  1. |  0. ||  0. | -1. | -1. ||  0. |  0. |  0. |
|  0. |  1. |  0. || -1. |  1. |  0. ||  0. | -1. |  1. |

, evalForThisState=1.0, isPlayerOneTurnOriginally=true}, StateDatum{MCTSProbabilites=
|  .0516 |  .1966 |  .0303 ||  .0 |  .0 |  .0 ||  .0 |  .0 |  .0 |
|  .1417 |  .0969 |  .0722 ||  .0 |  .0 |  .0 ||  .0 |  .0 |  .0 |
|  .1426 |  .1832 |  .0849 ||  .0 |  .0 |  .0 ||  .0 |  .0 |  .0 |
|========+========+========||========+========+========||========+========+========|
|  .0 |  .0 |  .0 ||  .0 |  .0 |  .0 ||  .0 |  .0 |  .0 |
|  .0 |  .0 |  .0 ||  .0 |  .0 |  .0 ||  .0 |  .0 |  .0 |
|  .0 |  .0 |  .0 ||  .0 |  .0 |  .0 ||  .0 |  .0 |  .0 |
|========+========+========||========+========+========||========+========+========|
|  .0 |  .0 |  .0 ||  .0 |  .0 |  .0 ||  .0 |  .0 |  .0 |
|  .0 |  .0 |  .0 ||  .0 |  .0 |  .0 ||  .0 |  .0 |  .0 |
|  .0 |  .0 |  .0 ||  .0 |  .0 |  .0 ||  .0 |  .0 |  .0 |

, state=
|*-0. |*-0. |*-0. || -0. | -0. | -0. || -1. | -0. |  1. |
|*-0. |*-0. |*-0. || -0. | -0. | -0. || -0. | -0. | -0. |
|*-0. |*-0. |*-0. || -0. | -0. | -0. || -0. | -0. |  1. |
|=====+=====+=====||=====+=====+=====||=====+=====+=====|
| -0. | -0. | -0. || -0. | -0. | -0. || -0. | -0. | -0. |
| -0. | -0. | -0. || -0. | -0. | -0. || -1. | -0. | -0. |
| -0. | -0. |  1. ||  1. | -1. | -0. || -0. | -0. | -0. |
|=====+=====+=====||=====+=====+=====||=====+=====+=====|
| -0. | -0. | -0. || -0. | -0. | -1. || -0. | -0. | -1. |
| -0. | -1. | -0. || -0. |  1. |  1. || -0. | -0. | -0. |
| -0. | -1. | -0. ||  1. | -1. | -0. || -0. |  1. | -1. |

, evalForThisState=-1.0, isPlayerOneTurnOriginally=false}, StateDatum{MCTSProbabilites=
|  .0 |  .0 |  .0 ||  .0237 |  .0419 |  .1885 ||  .0 |  .0 |  .0 |
|  .0 |  .0 |  .0 ||  .2087 |  .0313 |  .2008 ||  .0 |  .0 |  .0 |
|  .0 |  .0 |  .0 ||  .0312 |  .1757 |  .0982 ||  .0 |  .0 |  .0 |
|========+========+========||========+========+========||========+========+========|
|  .0 |  .0 |  .0 ||  .0 |  .0 |  .0 ||  .0 |  .0 |  .0 |
|  .0 |  .0 |  .0 ||  .0 |  .0 |  .0 ||  .0 |  .0 |  .0 |
|  .0 |  .0 |  .0 ||  .0 |  .0 |  .0 ||  .0 |  .0 |  .0 |
|========+========+========||========+========+========||========+========+========|
|  .0 |  .0 |  .0 ||  .0 |  .0 |  .0 ||  .0 |  .0 |  .0 |
|  .0 |  .0 |  .0 ||  .0 |  .0 |  .0 ||  .0 |  .0 |  .0 |
|  .0 |  .0 |  .0 ||  .0 |  .0 |  .0 ||  .0 |  .0 |  .0 |

, state=
|  0. | -1. |  0. ||* 0. |* 0. |* 0. ||  1. |  0. | -1. |
|  0. |  0. |  0. ||* 0. |* 0. |* 0. ||  0. |  0. |  0. |
|  0. |  0. |  0. ||* 0. |* 0. |* 0. ||  0. |  0. | -1. |
|=====+=====+=====||=====+=====+=====||=====+=====+=====|
|  0. |  0. |  0. ||  0. |  0. |  0. ||  0. |  0. |  0. |
|  0. |  0. |  0. ||  0. |  0. |  0. ||  1. |  0. |  0. |
|  0. |  0. | -1. || -1. |  1. |  0. ||  0. |  0. |  0. |
|=====+=====+=====||=====+=====+=====||=====+=====+=====|
|  0. |  0. |  0. ||  0. |  0. |  1. ||  0. |  0. |  1. |
|  0. |  1. |  0. ||  0. | -1. | -1. ||  0. |  0. |  0. |
|  0. |  1. |  0. || -1. |  1. |  0. ||  0. | -1. |  1. |

, evalForThisState=1.0, isPlayerOneTurnOriginally=true}, StateDatum{MCTSProbabilites=
|  .0 |  .0 |  .0 ||  .0 |  .0 |  .0 ||  .0 |  .0 |  .0 |
|  .0 |  .0 |  .0 ||  .0 |  .0 |  .0 ||  .0 |  .0 |  .0 |
|  .0 |  .0 |  .0 ||  .0 |  .0 |  .0 ||  .0 |  .0 |  .0 |
|========+========+========||========+========+========||========+========+========|
|  .1561 |  .2358 |  .1361 ||  .0 |  .0 |  .0 ||  .0 |  .0 |  .0 |
|  .0321 |  .1626 |  .0414 ||  .0 |  .0 |  .0 ||  .0 |  .0 |  .0 |
|  .1115 |  .1244 |  .0 ||  .0 |  .0 |  .0 ||  .0 |  .0 |  .0 |
|========+========+========||========+========+========||========+========+========|
|  .0 |  .0 |  .0 ||  .0 |  .0 |  .0 ||  .0 |  .0 |  .0 |
|  .0 |  .0 |  .0 ||  .0 |  .0 |  .0 ||  .0 |  .0 |  .0 |
|  .0 |  .0 |  .0 ||  .0 |  .0 |  .0 ||  .0 |  .0 |  .0 |

, state=
| -0. |  1. | -0. || -0. | -0. | -0. || -1. | -0. |  1. |
| -0. | -0. | -0. || -1. | -0. | -0. || -0. | -0. | -0. |
| -0. | -0. | -0. || -0. | -0. | -0. || -0. | -0. |  1. |
|=====+=====+=====||=====+=====+=====||=====+=====+=====|
|*-0. |*-0. |*-0. || -0. | -0. | -0. || -0. | -0. | -0. |
|*-0. |*-0. |*-0. || -0. | -0. | -0. || -1. | -0. | -0. |
|*-0. |*-0. |* 1. ||  1. | -1. | -0. || -0. | -0. | -0. |
|=====+=====+=====||=====+=====+=====||=====+=====+=====|
| -0. | -0. | -0. || -0. | -0. | -1. || -0. | -0. | -1. |
| -0. | -1. | -0. || -0. |  1. |  1. || -0. | -0. | -0. |
| -0. | -1. | -0. ||  1. | -1. | -0. || -0. |  1. | -1. |

, evalForThisState=-1.0, isPlayerOneTurnOriginally=false}, StateDatum{MCTSProbabilites=
|  .0 |  .0 |  .0 ||  .2327 |  .1628 |  .0238 ||  .0 |  .0 |  .0 |
|  .0 |  .0 |  .0 ||  .0 |  .1608 |  .1859 ||  .0 |  .0 |  .0 |
|  .0 |  .0 |  .0 ||  .1944 |  .017 |  .0224 ||  .0 |  .0 |  .0 |
|========+========+========||========+========+========||========+========+========|
|  .0 |  .0 |  .0 ||  .0 |  .0 |  .0 ||  .0 |  .0 |  .0 |
|  .0 |  .0 |  .0 ||  .0 |  .0 |  .0 ||  .0 |  .0 |  .0 |
|  .0 |  .0 |  .0 ||  .0 |  .0 |  .0 ||  .0 |  .0 |  .0 |
|========+========+========||========+========+========||========+========+========|
|  .0 |  .0 |  .0 ||  .0 |  .0 |  .0 ||  .0 |  .0 |  .0 |
|  .0 |  .0 |  .0 ||  .0 |  .0 |  .0 ||  .0 |  .0 |  .0 |
|  .0 |  .0 |  .0 ||  .0 |  .0 |  .0 ||  .0 |  .0 |  .0 |

, state=
|  0. | -1. |  0. ||* 0. |* 0. |* 0. ||  1. |  0. | -1. |
|  0. |  0. |  0. ||* 1. |* 0. |* 0. ||  0. |  0. |  0. |
|  0. |  0. |  0. ||* 0. |* 0. |* 0. ||  0. |  0. | -1. |
|=====+=====+=====||=====+=====+=====||=====+=====+=====|
|  0. | -1. |  0. ||  0. |  0. |  0. ||  0. |  0. |  0. |
|  0. |  0. |  0. ||  0. |  0. |  0. ||  1. |  0. |  0. |
|  0. |  0. | -1. || -1. |  1. |  0. ||  0. |  0. |  0. |
|=====+=====+=====||=====+=====+=====||=====+=====+=====|
|  0. |  0. |  0. ||  0. |  0. |  1. ||  0. |  0. |  1. |
|  0. |  1. |  0. ||  0. | -1. | -1. ||  0. |  0. |  0. |
|  0. |  1. |  0. || -1. |  1. |  0. ||  0. | -1. |  1. |

, evalForThisState=1.0, isPlayerOneTurnOriginally=true}, StateDatum{MCTSProbabilites=
|  .0413 |  .0 |  .1762 ||  .0 |  .0 |  .0 ||  .0 |  .0 |  .0 |
|  .1496 |  .1675 |  .0281 ||  .0 |  .0 |  .0 ||  .0 |  .0 |  .0 |
|  .1575 |  .1316 |  .1481 ||  .0 |  .0 |  .0 ||  .0 |  .0 |  .0 |
|========+========+========||========+========+========||========+========+========|
|  .0 |  .0 |  .0 ||  .0 |  .0 |  .0 ||  .0 |  .0 |  .0 |
|  .0 |  .0 |  .0 ||  .0 |  .0 |  .0 ||  .0 |  .0 |  .0 |
|  .0 |  .0 |  .0 ||  .0 |  .0 |  .0 ||  .0 |  .0 |  .0 |
|========+========+========||========+========+========||========+========+========|
|  .0 |  .0 |  .0 ||  .0 |  .0 |  .0 ||  .0 |  .0 |  .0 |
|  .0 |  .0 |  .0 ||  .0 |  .0 |  .0 ||  .0 |  .0 |  .0 |
|  .0 |  .0 |  .0 ||  .0 |  .0 |  .0 ||  .0 |  .0 |  .0 |

, state=
|*-0. |* 1. |*-0. || -1. | -0. | -0. || -1. | -0. |  1. |
|*-0. |*-0. |*-0. || -1. | -0. | -0. || -0. | -0. | -0. |
|*-0. |*-0. |*-0. || -0. | -0. | -0. || -0. | -0. |  1. |
|=====+=====+=====||=====+=====+=====||=====+=====+=====|
| -0. |  1. | -0. || -0. | -0. | -0. || -0. | -0. | -0. |
| -0. | -0. | -0. || -0. | -0. | -0. || -1. | -0. | -0. |
| -0. | -0. |  1. ||  1. | -1. | -0. || -0. | -0. | -0. |
|=====+=====+=====||=====+=====+=====||=====+=====+=====|
| -0. | -0. | -0. || -0. | -0. | -1. || -0. | -0. | -1. |
| -0. | -1. | -0. || -0. |  1. |  1. || -0. | -0. | -0. |
| -0. | -1. | -0. ||  1. | -1. | -0. || -0. |  1. | -1. |

, evalForThisState=-1.0, isPlayerOneTurnOriginally=false}, StateDatum{MCTSProbabilites=
|  .0 |  .0 |  .0 ||  .0 |  .0 |  .0 ||  .0 |  .1489 |  .0 |
|  .0 |  .0 |  .0 ||  .0 |  .0 |  .0 ||  .0996 |  .233 |  .125 |
|  .0 |  .0 |  .0 ||  .0 |  .0 |  .0 ||  .1924 |  .2011 |  .0 |
|========+========+========||========+========+========||========+========+========|
|  .0 |  .0 |  .0 ||  .0 |  .0 |  .0 ||  .0 |  .0 |  .0 |
|  .0 |  .0 |  .0 ||  .0 |  .0 |  .0 ||  .0 |  .0 |  .0 |
|  .0 |  .0 |  .0 ||  .0 |  .0 |  .0 ||  .0 |  .0 |  .0 |
|========+========+========||========+========+========||========+========+========|
|  .0 |  .0 |  .0 ||  .0 |  .0 |  .0 ||  .0 |  .0 |  .0 |
|  .0 |  .0 |  .0 ||  .0 |  .0 |  .0 ||  .0 |  .0 |  .0 |
|  .0 |  .0 |  .0 ||  .0 |  .0 |  .0 ||  .0 |  .0 |  .0 |

, state=
|  0. | -1. | -1. ||  1. |  0. |  0. ||* 1. |* 0. |*-1. |
|  0. |  0. |  0. ||  1. |  0. |  0. ||* 0. |* 0. |* 0. |
|  0. |  0. |  0. ||  0. |  0. |  0. ||* 0. |* 0. |*-1. |
|=====+=====+=====||=====+=====+=====||=====+=====+=====|
|  0. | -1. |  0. ||  0. |  0. |  0. ||  0. |  0. |  0. |
|  0. |  0. |  0. ||  0. |  0. |  0. ||  1. |  0. |  0. |
|  0. |  0. | -1. || -1. |  1. |  0. ||  0. |  0. |  0. |
|=====+=====+=====||=====+=====+=====||=====+=====+=====|
|  0. |  0. |  0. ||  0. |  0. |  1. ||  0. |  0. |  1. |
|  0. |  1. |  0. ||  0. | -1. | -1. ||  0. |  0. |  0. |
|  0. |  1. |  0. || -1. |  1. |  0. ||  0. | -1. |  1. |

, evalForThisState=1.0, isPlayerOneTurnOriginally=true}, StateDatum{MCTSProbabilites=
|  .0 |  .0 |  .0 ||  .0 |  .0 |  .0 ||  .0 |  .0 |  .0 |
|  .0 |  .0 |  .0 ||  .0 |  .0 |  .0 ||  .0 |  .0 |  .0 |
|  .0 |  .0 |  .0 ||  .0 |  .0 |  .0 ||  .0 |  .0 |  .0 |
|========+========+========||========+========+========||========+========+========|
|  .0 |  .0 |  .0 ||  .1455 |  .1541 |  .1451 ||  .0 |  .0 |  .0 |
|  .0 |  .0 |  .0 ||  .1233 |  .1287 |  .1631 ||  .0 |  .0 |  .0 |
|  .0 |  .0 |  .0 ||  .0 |  .0 |  .1402 ||  .0 |  .0 |  .0 |
|========+========+========||========+========+========||========+========+========|
|  .0 |  .0 |  .0 ||  .0 |  .0 |  .0 ||  .0 |  .0 |  .0 |
|  .0 |  .0 |  .0 ||  .0 |  .0 |  .0 ||  .0 |  .0 |  .0 |
|  .0 |  .0 |  .0 ||  .0 |  .0 |  .0 ||  .0 |  .0 |  .0 |

, state=
| -0. |  1. |  1. || -1. | -0. | -0. || -1. | -0. |  1. |
| -0. | -0. | -0. || -1. | -0. | -0. || -0. | -1. | -0. |
| -0. | -0. | -0. || -0. | -0. | -0. || -0. | -0. |  1. |
|=====+=====+=====||=====+=====+=====||=====+=====+=====|
| -0. |  1. | -0. ||*-0. |*-0. |*-0. || -0. | -0. | -0. |
| -0. | -0. | -0. ||*-0. |*-0. |*-0. || -1. | -0. | -0. |
| -0. | -0. |  1. ||* 1. |*-1. |*-0. || -0. | -0. | -0. |
|=====+=====+=====||=====+=====+=====||=====+=====+=====|
| -0. | -0. | -0. || -0. | -0. | -1. || -0. | -0. | -1. |
| -0. | -1. | -0. || -0. |  1. |  1. || -0. | -0. | -0. |
| -0. | -1. | -0. ||  1. | -1. | -0. || -0. |  1. | -1. |

, evalForThisState=-1.0, isPlayerOneTurnOriginally=false}, StateDatum{MCTSProbabilites=
|  .0 |  .0 |  .0 ||  .0 |  .0 |  .0 ||  .0 |  .0 |  .0 |
|  .0 |  .0 |  .0 ||  .0 |  .0 |  .0 ||  .0 |  .0 |  .0 |
|  .0 |  .0 |  .0 ||  .0 |  .0 |  .0 ||  .0 |  .0 |  .0 |
|========+========+========||========+========+========||========+========+========|
|  .0 |  .0 |  .0 ||  .0 |  .0 |  .0 ||  .0742 |  .1325 |  .1209 |
|  .0 |  .0 |  .0 ||  .0 |  .0 |  .0 ||  .0 |  .1502 |  .11 |
|  .0 |  .0 |  .0 ||  .0 |  .0 |  .0 ||  .1746 |  .1236 |  .114 |
|========+========+========||========+========+========||========+========+========|
|  .0 |  .0 |  .0 ||  .0 |  .0 |  .0 ||  .0 |  .0 |  .0 |
|  .0 |  .0 |  .0 ||  .0 |  .0 |  .0 ||  .0 |  .0 |  .0 |
|  .0 |  .0 |  .0 ||  .0 |  .0 |  .0 ||  .0 |  .0 |  .0 |

, state=
|  0. | -1. | -1. ||  1. |  0. |  0. ||  1. |  0. | -1. |
|  0. |  0. |  0. ||  1. |  0. |  0. ||  0. |  1. |  0. |
|  0. |  0. |  0. ||  0. |  0. |  0. ||  0. |  0. | -1. |
|=====+=====+=====||=====+=====+=====||=====+=====+=====|
|  0. | -1. |  0. ||  0. |  0. |  0. ||* 0. |* 0. |* 0. |
|  0. |  0. |  0. ||  0. |  0. | -1. ||* 1. |* 0. |* 0. |
|  0. |  0. | -1. || -1. |  1. |  0. ||* 0. |* 0. |* 0. |
|=====+=====+=====||=====+=====+=====||=====+=====+=====|
|  0. |  0. |  0. ||  0. |  0. |  1. ||  0. |  0. |  1. |
|  0. |  1. |  0. ||  0. | -1. | -1. ||  0. |  0. |  0. |
|  0. |  1. |  0. || -1. |  1. |  0. ||  0. | -1. |  1. |

, evalForThisState=1.0, isPlayerOneTurnOriginally=true}, StateDatum{MCTSProbabilites=
|  .0 |  .0 |  .0 ||  .0 |  .0 |  .0 ||  .0 |  .0 |  .0 |
|  .0 |  .0 |  .0 ||  .0 |  .0 |  .0 ||  .0 |  .0 |  .0 |
|  .0 |  .0 |  .0 ||  .0 |  .0 |  .0 ||  .0 |  .0 |  .0 |
|========+========+========||========+========+========||========+========+========|
|  .0 |  .0 |  .0 ||  .0 |  .0 |  .0 ||  .0 |  .0 |  .0 |
|  .0 |  .0 |  .0 ||  .0 |  .0 |  .0 ||  .0 |  .0 |  .0 |
|  .0 |  .0 |  .0 ||  .0 |  .0 |  .0 ||  .0 |  .0 |  .0 |
|========+========+========||========+========+========||========+========+========|
|  .1407 |  .0973 |  .1572 ||  .0 |  .0 |  .0 ||  .0 |  .0 |  .0 |
|  .1596 |  .0 |  .1369 ||  .0 |  .0 |  .0 ||  .0 |  .0 |  .0 |
|  .1703 |  .0 |  .1379 ||  .0 |  .0 |  .0 ||  .0 |  .0 |  .0 |

, state=
| -0. |  1. |  1. || -1. | -0. | -0. || -1. | -0. |  1. |
| -0. | -0. | -0. || -1. | -0. | -0. || -0. | -1. | -0. |
| -0. | -0. | -0. || -0. | -0. | -0. || -0. | -0. |  1. |
|=====+=====+=====||=====+=====+=====||=====+=====+=====|
| -0. |  1. | -0. || -0. | -0. | -0. || -0. | -0. | -0. |
| -0. | -0. | -0. || -0. | -0. |  1. || -1. | -0. | -0. |
| -0. | -0. |  1. ||  1. | -1. | -0. || -1. | -0. | -0. |
|=====+=====+=====||=====+=====+=====||=====+=====+=====|
|*-0. |*-0. |*-0. || -0. | -0. | -1. || -0. | -0. | -1. |
|*-0. |*-1. |*-0. || -0. |  1. |  1. || -0. | -0. | -0. |
|*-0. |*-1. |*-0. ||  1. | -1. | -0. || -0. |  1. | -1. |

, evalForThisState=-1.0, isPlayerOneTurnOriginally=false}, StateDatum{MCTSProbabilites=
|  .0 |  .0 |  .0 ||  .0 |  .0 |  .0 ||  .0 |  .0 |  .0 |
|  .0 |  .0 |  .0 ||  .0 |  .0 |  .0 ||  .0 |  .0 |  .0 |
|  .0 |  .0 |  .0 ||  .0 |  .0 |  .0 ||  .0 |  .0 |  .0 |
|========+========+========||========+========+========||========+========+========|
|  .0 |  .0 |  .0 ||  .0 |  .0 |  .0 ||  .0 |  .0 |  .0 |
|  .0 |  .0 |  .0 ||  .0 |  .0 |  .0 ||  .0 |  .0 |  .0 |
|  .0 |  .0 |  .0 ||  .0 |  .0 |  .0 ||  .0 |  .0 |  .0 |
|========+========+========||========+========+========||========+========+========|
|  .1527 |  .1103 |  .1456 ||  .0 |  .0 |  .0 ||  .0 |  .0 |  .0 |
|  .1508 |  .0 |  .2382 ||  .0 |  .0 |  .0 ||  .0 |  .0 |  .0 |
|  .0 |  .0 |  .2023 ||  .0 |  .0 |  .0 ||  .0 |  .0 |  .0 |

, state=
|  0. | -1. | -1. ||  1. |  0. |  0. ||  1. |  0. | -1. |
|  0. |  0. |  0. ||  1. |  0. |  0. ||  0. |  1. |  0. |
|  0. |  0. |  0. ||  0. |  0. |  0. ||  0. |  0. | -1. |
|=====+=====+=====||=====+=====+=====||=====+=====+=====|
|  0. | -1. |  0. ||  0. |  0. |  0. ||  0. |  0. |  0. |
|  0. |  0. |  0. ||  0. |  0. | -1. ||  1. |  0. |  0. |
|  0. |  0. | -1. || -1. |  1. |  0. ||  1. |  0. |  0. |
|=====+=====+=====||=====+=====+=====||=====+=====+=====|
|* 0. |* 0. |* 0. ||  0. |  0. |  1. ||  0. |  0. |  1. |
|* 0. |* 1. |* 0. ||  0. | -1. | -1. ||  0. |  0. |  0. |
|*-1. |* 1. |* 0. || -1. |  1. |  0. ||  0. | -1. |  1. |

, evalForThisState=1.0, isPlayerOneTurnOriginally=true}, StateDatum{MCTSProbabilites=
|  .0 |  .0 |  .0 ||  .0 |  .0 |  .0 ||  .0 |  .0 |  .0 |
|  .0 |  .0 |  .0 ||  .0 |  .0 |  .0 ||  .0 |  .0 |  .0 |
|  .0 |  .0 |  .0 ||  .0 |  .0 |  .0 ||  .0 |  .0 |  .0 |
|========+========+========||========+========+========||========+========+========|
|  .0 |  .0 |  .0 ||  .0 |  .0 |  .0 ||  .1492 |  .1481 |  .1405 |
|  .0 |  .0 |  .0 ||  .0 |  .0 |  .0 ||  .0 |  .1538 |  .1648 |
|  .0 |  .0 |  .0 ||  .0 |  .0 |  .0 ||  .0 |  .1107 |  .1329 |
|========+========+========||========+========+========||========+========+========|
|  .0 |  .0 |  .0 ||  .0 |  .0 |  .0 ||  .0 |  .0 |  .0 |
|  .0 |  .0 |  .0 ||  .0 |  .0 |  .0 ||  .0 |  .0 |  .0 |
|  .0 |  .0 |  .0 ||  .0 |  .0 |  .0 ||  .0 |  .0 |  .0 |

, state=
| -0. |  1. |  1. || -1. | -0. | -0. || -1. | -0. |  1. |
| -0. | -0. | -0. || -1. | -0. | -0. || -0. | -1. | -0. |
| -0. | -0. | -0. || -0. | -0. | -0. || -0. | -0. |  1. |
|=====+=====+=====||=====+=====+=====||=====+=====+=====|
| -0. |  1. | -0. || -0. | -0. | -0. ||*-0. |*-0. |*-0. |
| -0. | -0. | -0. || -0. | -0. |  1. ||*-1. |*-0. |*-0. |
| -0. | -0. |  1. ||  1. | -1. | -0. ||*-1. |*-0. |*-0. |
|=====+=====+=====||=====+=====+=====||=====+=====+=====|
| -0. | -0. | -0. || -0. | -0. | -1. || -0. | -0. | -1. |
| -0. | -1. | -1. || -0. |  1. |  1. || -0. | -0. | -0. |
|  1. | -1. | -0. ||  1. | -1. | -0. || -0. |  1. | -1. |

, evalForThisState=-1.0, isPlayerOneTurnOriginally=false}, StateDatum{MCTSProbabilites=
|  .0 |  .0 |  .0 ||  .0 |  .0 |  .0 ||  .0 |  .0 |  .0 |
|  .0 |  .0 |  .0 ||  .0 |  .0 |  .0 ||  .0 |  .0 |  .0 |
|  .0 |  .0 |  .0 ||  .0 |  .0 |  .0 ||  .0 |  .0 |  .0 |
|========+========+========||========+========+========||========+========+========|
|  .0 |  .0 |  .0 ||  .0 |  .0 |  .0 ||  .1918 |  .1853 |  .1462 |
|  .0 |  .0 |  .0 ||  .0 |  .0 |  .0 ||  .0 |  .155 |  .0 |
|  .0 |  .0 |  .0 ||  .0 |  .0 |  .0 ||  .0 |  .1461 |  .1755 |
|========+========+========||========+========+========||========+========+========|
|  .0 |  .0 |  .0 ||  .0 |  .0 |  .0 ||  .0 |  .0 |  .0 |
|  .0 |  .0 |  .0 ||  .0 |  .0 |  .0 ||  .0 |  .0 |  .0 |
|  .0 |  .0 |  .0 ||  .0 |  .0 |  .0 ||  .0 |  .0 |  .0 |

, state=
|  0. | -1. | -1. ||  1. |  0. |  0. ||  1. |  0. | -1. |
|  0. |  0. |  0. ||  1. |  0. |  0. ||  0. |  1. |  0. |
|  0. |  0. |  0. ||  0. |  0. |  0. ||  0. |  0. | -1. |
|=====+=====+=====||=====+=====+=====||=====+=====+=====|
|  0. | -1. |  0. ||  0. |  0. |  0. ||* 0. |* 0. |* 0. |
|  0. |  0. |  0. ||  0. |  0. | -1. ||* 1. |* 0. |*-1. |
|  0. |  0. | -1. || -1. |  1. |  0. ||* 1. |* 0. |* 0. |
|=====+=====+=====||=====+=====+=====||=====+=====+=====|
|  0. |  0. |  0. ||  0. |  0. |  1. ||  0. |  0. |  1. |
|  0. |  1. |  1. ||  0. | -1. | -1. ||  0. |  0. |  0. |
| -1. |  1. |  0. || -1. |  1. |  0. ||  0. | -1. |  1. |

, evalForThisState=1.0, isPlayerOneTurnOriginally=true}, StateDatum{MCTSProbabilites=
|  .0987 |  .0 |  .0 ||  .0 |  .0 |  .0 ||  .0 |  .0 |  .0 |
|  .1988 |  .1499 |  .0654 ||  .0 |  .0 |  .0 ||  .0 |  .0 |  .0 |
|  .1807 |  .1238 |  .1827 ||  .0 |  .0 |  .0 ||  .0 |  .0 |  .0 |
|========+========+========||========+========+========||========+========+========|
|  .0 |  .0 |  .0 ||  .0 |  .0 |  .0 ||  .0 |  .0 |  .0 |
|  .0 |  .0 |  .0 ||  .0 |  .0 |  .0 ||  .0 |  .0 |  .0 |
|  .0 |  .0 |  .0 ||  .0 |  .0 |  .0 ||  .0 |  .0 |  .0 |
|========+========+========||========+========+========||========+========+========|
|  .0 |  .0 |  .0 ||  .0 |  .0 |  .0 ||  .0 |  .0 |  .0 |
|  .0 |  .0 |  .0 ||  .0 |  .0 |  .0 ||  .0 |  .0 |  .0 |
|  .0 |  .0 |  .0 ||  .0 |  .0 |  .0 ||  .0 |  .0 |  .0 |

, state=
|*-0. |* 1. |* 1. || -1. | -0. | -0. || -1. | -0. |  1. |
|*-0. |*-0. |*-0. || -1. | -0. | -0. || -0. | -1. | -0. |
|*-0. |*-0. |*-0. || -0. | -0. | -0. || -0. | -0. |  1. |
|=====+=====+=====||=====+=====+=====||=====+=====+=====|
| -0. |  1. | -0. || -0. | -0. | -0. || -1. | -0. | -0. |
| -0. | -0. | -0. || -0. | -0. |  1. || -1. | -0. |  1. |
| -0. | -0. |  1. ||  1. | -1. | -0. || -1. | -0. | -0. |
|=====+=====+=====||=====+=====+=====||=====+=====+=====|
| -0. | -0. | -0. || -0. | -0. | -1. || -0. | -0. | -1. |
| -0. | -1. | -1. || -0. |  1. |  1. || -0. | -0. | -0. |
|  1. | -1. | -0. ||  1. | -1. | -0. || -0. |  1. | -1. |

, evalForThisState=-1.0, isPlayerOneTurnOriginally=false}, StateDatum{MCTSProbabilites=
|  .0 |  .0 |  .0 ||  .0 |  .0 |  .0 ||  .0 |  .0 |  .0 |
|  .0 |  .0 |  .0 ||  .0 |  .0 |  .0 ||  .0 |  .0 |  .0 |
|  .0 |  .0 |  .0 ||  .0 |  .0 |  .0 ||  .0 |  .0 |  .0 |
|========+========+========||========+========+========||========+========+========|
|  .1242 |  .0 |  .1177 ||  .0 |  .0 |  .0 ||  .0 |  .0 |  .0 |
|  .1547 |  .1537 |  .1311 ||  .0 |  .0 |  .0 ||  .0 |  .0 |  .0 |
|  .1815 |  .1372 |  .0 ||  .0 |  .0 |  .0 ||  .0 |  .0 |  .0 |
|========+========+========||========+========+========||========+========+========|
|  .0 |  .0 |  .0 ||  .0 |  .0 |  .0 ||  .0 |  .0 |  .0 |
|  .0 |  .0 |  .0 ||  .0 |  .0 |  .0 ||  .0 |  .0 |  .0 |
|  .0 |  .0 |  .0 ||  .0 |  .0 |  .0 ||  .0 |  .0 |  .0 |

, state=
|  0. | -1. | -1. ||  1. |  0. |  0. ||  1. |  0. | -1. |
| -1. |  0. |  0. ||  1. |  0. |  0. ||  0. |  1. |  0. |
|  0. |  0. |  0. ||  0. |  0. |  0. ||  0. |  0. | -1. |
|=====+=====+=====||=====+=====+=====||=====+=====+=====|
|* 0. |*-1. |* 0. ||  0. |  0. |  0. ||  1. |  0. |  0. |
|* 0. |* 0. |* 0. ||  0. |  0. | -1. ||  1. |  0. | -1. |
|* 0. |* 0. |*-1. || -1. |  1. |  0. ||  1. |  0. |  0. |
|=====+=====+=====||=====+=====+=====||=====+=====+=====|
|  0. |  0. |  0. ||  0. |  0. |  1. ||  0. |  0. |  1. |
|  0. |  1. |  1. ||  0. | -1. | -1. ||  0. |  0. |  0. |
| -1. |  1. |  0. || -1. |  1. |  0. ||  0. | -1. |  1. |

, evalForThisState=1.0, isPlayerOneTurnOriginally=true}, StateDatum{MCTSProbabilites=
|  .0 |  .0 |  .0 ||  .0 |  .0 |  .0 ||  .0 |  .0 |  .0 |
|  .0 |  .0 |  .0 ||  .0 |  .0 |  .0 ||  .0 |  .0 |  .0 |
|  .0 |  .0 |  .0 ||  .0 |  .0 |  .0 ||  .0 |  .0 |  .0 |
|========+========+========||========+========+========||========+========+========|
|  .0 |  .0 |  .0 ||  .0 |  .0 |  .0 ||  .0 |  .0 |  .0 |
|  .0 |  .0 |  .0 ||  .0 |  .0 |  .0 ||  .0 |  .0 |  .0 |
|  .0 |  .0 |  .0 ||  .0 |  .0 |  .0 ||  .0 |  .0 |  .0 |
|========+========+========||========+========+========||========+========+========|
|  .2656 |  .1651 |  .1317 ||  .0 |  .0 |  .0 ||  .0 |  .0 |  .0 |
|  .2172 |  .0 |  .0 ||  .0 |  .0 |  .0 ||  .0 |  .0 |  .0 |
|  .0 |  .0 |  .2204 ||  .0 |  .0 |  .0 ||  .0 |  .0 |  .0 |

, state=
| -0. |  1. |  1. || -1. | -0. | -0. || -1. | -0. |  1. |
|  1. | -0. | -0. || -1. | -0. | -0. || -0. | -1. | -0. |
| -0. | -0. | -0. || -0. | -0. | -0. || -0. | -0. |  1. |
|=====+=====+=====||=====+=====+=====||=====+=====+=====|
| -0. |  1. | -0. || -0. | -0. | -0. || -1. | -0. | -0. |
| -0. | -0. | -0. || -0. | -0. |  1. || -1. | -0. |  1. |
| -1. | -0. |  1. ||  1. | -1. | -0. || -1. | -0. | -0. |
|=====+=====+=====||=====+=====+=====||=====+=====+=====|
|*-0. |*-0. |*-0. || -0. | -0. | -1. || -0. | -0. | -1. |
|*-0. |*-1. |*-1. || -0. |  1. |  1. || -0. | -0. | -0. |
|* 1. |*-1. |*-0. ||  1. | -1. | -0. || -0. |  1. | -1. |

, evalForThisState=-1.0, isPlayerOneTurnOriginally=false}, StateDatum{MCTSProbabilites=
|  .1699 |  .0 |  .0 ||  .0 |  .0 |  .0 ||  .0 |  .0 |  .0 |
|  .0 |  .1786 |  .1307 ||  .0 |  .0 |  .0 ||  .0 |  .0 |  .0 |
|  .1932 |  .1359 |  .1916 ||  .0 |  .0 |  .0 ||  .0 |  .0 |  .0 |
|========+========+========||========+========+========||========+========+========|
|  .0 |  .0 |  .0 ||  .0 |  .0 |  .0 ||  .0 |  .0 |  .0 |
|  .0 |  .0 |  .0 ||  .0 |  .0 |  .0 ||  .0 |  .0 |  .0 |
|  .0 |  .0 |  .0 ||  .0 |  .0 |  .0 ||  .0 |  .0 |  .0 |
|========+========+========||========+========+========||========+========+========|
|  .0 |  .0 |  .0 ||  .0 |  .0 |  .0 ||  .0 |  .0 |  .0 |
|  .0 |  .0 |  .0 ||  .0 |  .0 |  .0 ||  .0 |  .0 |  .0 |
|  .0 |  .0 |  .0 ||  .0 |  .0 |  .0 ||  .0 |  .0 |  .0 |

, state=
|* 0. |*-1. |*-1. ||  1. |  0. |  0. ||  1. |  0. | -1. |
|*-1. |* 0. |* 0. ||  1. |  0. |  0. ||  0. |  1. |  0. |
|* 0. |* 0. |* 0. ||  0. |  0. |  0. ||  0. |  0. | -1. |
|=====+=====+=====||=====+=====+=====||=====+=====+=====|
|  0. | -1. |  0. ||  0. |  0. |  0. ||  1. |  0. |  0. |
|  0. |  0. |  0. ||  0. |  0. | -1. ||  1. |  0. | -1. |
|  1. |  0. | -1. || -1. |  1. |  0. ||  1. |  0. |  0. |
|=====+=====+=====||=====+=====+=====||=====+=====+=====|
| -1. |  0. |  0. ||  0. |  0. |  1. ||  0. |  0. |  1. |
|  0. |  1. |  1. ||  0. | -1. | -1. ||  0. |  0. |  0. |
| -1. |  1. |  0. || -1. |  1. |  0. ||  0. | -1. |  1. |

, evalForThisState=1.0, isPlayerOneTurnOriginally=true}, StateDatum{MCTSProbabilites=
|  .0 |  .0 |  .0 ||  .0 |  .0 |  .0 ||  .0 |  .0 |  .0 |
|  .0 |  .0 |  .0 ||  .0 |  .0 |  .0 ||  .0 |  .0 |  .0 |
|  .0 |  .0 |  .0 ||  .0 |  .0 |  .0 ||  .0 |  .0 |  .0 |
|========+========+========||========+========+========||========+========+========|
|  .0 |  .0 |  .0 ||  .0 |  .0 |  .0 ||  .0 |  .0 |  .0 |
|  .0 |  .0 |  .0 ||  .0 |  .0 |  .0 ||  .0 |  .0 |  .0 |
|  .0 |  .0 |  .0 ||  .0 |  .0 |  .0 ||  .0 |  .0 |  .0 |
|========+========+========||========+========+========||========+========+========|
|  .0 |  .2879 |  .3171 ||  .0 |  .0 |  .0 ||  .0 |  .0 |  .0 |
|  .1738 |  .0 |  .0 ||  .0 |  .0 |  .0 ||  .0 |  .0 |  .0 |
|  .0 |  .0 |  .2212 ||  .0 |  .0 |  .0 ||  .0 |  .0 |  .0 |

, state=
| -0. |  1. |  1. || -1. | -0. | -0. || -1. | -0. |  1. |
|  1. | -0. | -0. || -1. | -0. | -0. || -0. | -1. | -0. |
| -1. | -0. | -0. || -0. | -0. | -0. || -0. | -0. |  1. |
|=====+=====+=====||=====+=====+=====||=====+=====+=====|
| -0. |  1. | -0. || -0. | -0. | -0. || -1. | -0. | -0. |
| -0. | -0. | -0. || -0. | -0. |  1. || -1. | -0. |  1. |
| -1. | -0. |  1. ||  1. | -1. | -0. || -1. | -0. | -0. |
|=====+=====+=====||=====+=====+=====||=====+=====+=====|
|* 1. |*-0. |*-0. || -0. | -0. | -1. || -0. | -0. | -1. |
|*-0. |*-1. |*-1. || -0. |  1. |  1. || -0. | -0. | -0. |
|* 1. |*-1. |*-0. ||  1. | -1. | -0. || -0. |  1. | -1. |

, evalForThisState=-1.0, isPlayerOneTurnOriginally=false}, StateDatum{MCTSProbabilites=
|  .0 |  .0 |  .0 ||  .0 |  .0 |  .0 ||  .0 |  .2578 |  .0 |
|  .0 |  .0 |  .0 ||  .0 |  .0 |  .0 ||  .2313 |  .0 |  .1272 |
|  .0 |  .0 |  .0 ||  .0 |  .0 |  .0 ||  .1603 |  .2234 |  .0 |
|========+========+========||========+========+========||========+========+========|
|  .0 |  .0 |  .0 ||  .0 |  .0 |  .0 ||  .0 |  .0 |  .0 |
|  .0 |  .0 |  .0 ||  .0 |  .0 |  .0 ||  .0 |  .0 |  .0 |
|  .0 |  .0 |  .0 ||  .0 |  .0 |  .0 ||  .0 |  .0 |  .0 |
|========+========+========||========+========+========||========+========+========|
|  .0 |  .0 |  .0 ||  .0 |  .0 |  .0 ||  .0 |  .0 |  .0 |
|  .0 |  .0 |  .0 ||  .0 |  .0 |  .0 ||  .0 |  .0 |  .0 |
|  .0 |  .0 |  .0 ||  .0 |  .0 |  .0 ||  .0 |  .0 |  .0 |

, state=
|  0. | -1. | -1. ||  1. |  0. |  0. ||* 1. |* 0. |*-1. |
| -1. |  0. |  0. ||  1. |  0. |  0. ||* 0. |* 1. |* 0. |
|  1. |  0. |  0. ||  0. |  0. |  0. ||* 0. |* 0. |*-1. |
|=====+=====+=====||=====+=====+=====||=====+=====+=====|
|  0. | -1. |  0. ||  0. |  0. |  0. ||  1. |  0. |  0. |
|  0. |  0. |  0. ||  0. |  0. | -1. ||  1. |  0. | -1. |
|  1. |  0. | -1. || -1. |  1. |  0. ||  1. |  0. |  0. |
|=====+=====+=====||=====+=====+=====||=====+=====+=====|
| -1. |  0. | -1. ||  0. |  0. |  1. ||  0. |  0. |  1. |
|  0. |  1. |  1. ||  0. | -1. | -1. ||  0. |  0. |  0. |
| -1. |  1. |  0. || -1. |  1. |  0. ||  0. | -1. |  1. |

, evalForThisState=1.0, isPlayerOneTurnOriginally=true}, StateDatum{MCTSProbabilites=
|  .0 |  .0 |  .0 ||  .0 |  .1971 |  .1502 ||  .0 |  .0 |  .0 |
|  .0 |  .0 |  .0 ||  .0 |  .1157 |  .1115 ||  .0 |  .0 |  .0 |
|  .0 |  .0 |  .0 ||  .1014 |  .1123 |  .2118 ||  .0 |  .0 |  .0 |
|========+========+========||========+========+========||========+========+========|
|  .0 |  .0 |  .0 ||  .0 |  .0 |  .0 ||  .0 |  .0 |  .0 |
|  .0 |  .0 |  .0 ||  .0 |  .0 |  .0 ||  .0 |  .0 |  .0 |
|  .0 |  .0 |  .0 ||  .0 |  .0 |  .0 ||  .0 |  .0 |  .0 |
|========+========+========||========+========+========||========+========+========|
|  .0 |  .0 |  .0 ||  .0 |  .0 |  .0 ||  .0 |  .0 |  .0 |
|  .0 |  .0 |  .0 ||  .0 |  .0 |  .0 ||  .0 |  .0 |  .0 |
|  .0 |  .0 |  .0 ||  .0 |  .0 |  .0 ||  .0 |  .0 |  .0 |

, state=
| -0. |  1. |  1. ||*-1. |*-0. |*-0. || -1. | -1. |  1. |
|  1. | -0. | -0. ||*-1. |*-0. |*-0. || -0. | -1. | -0. |
| -1. | -0. | -0. ||*-0. |*-0. |*-0. || -0. | -0. |  1. |
|=====+=====+=====||=====+=====+=====||=====+=====+=====|
| -0. |  1. | -0. || -0. | -0. | -0. || -1. | -0. | -0. |
| -0. | -0. | -0. || -0. | -0. |  1. || -1. | -0. |  1. |
| -1. | -0. |  1. ||  1. | -1. | -0. || -1. | -0. | -0. |
|=====+=====+=====||=====+=====+=====||=====+=====+=====|
|  1. | -0. |  1. || -0. | -0. | -1. || -0. | -0. | -1. |
| -0. | -1. | -1. || -0. |  1. |  1. || -0. | -0. | -0. |
|  1. | -1. | -0. ||  1. | -1. | -0. || -0. |  1. | -1. |

, evalForThisState=-1.0, isPlayerOneTurnOriginally=false}, StateDatum{MCTSProbabilites=
|  .0 |  .0 |  .0 ||  .0 |  .0 |  .0 ||  .0 |  .0 |  .0 |
|  .0 |  .0 |  .0 ||  .0 |  .0 |  .0 ||  .0 |  .0 |  .0 |
|  .0 |  .0 |  .0 ||  .0 |  .0 |  .0 ||  .0 |  .0 |  .0 |
|========+========+========||========+========+========||========+========+========|
|  .0 |  .0 |  .0 ||  .0 |  .0 |  .0 ||  .0 |  .0 |  .0 |
|  .0 |  .0 |  .0 ||  .0 |  .0 |  .0 ||  .0 |  .0 |  .0 |
|  .0 |  .0 |  .0 ||  .0 |  .0 |  .0 ||  .0 |  .0 |  .0 |
|========+========+========||========+========+========||========+========+========|
|  .0 |  .0 |  .0 ||  .0 |  .0 |  .0 ||  .0761 |  .0765 |  .0 |
|  .0 |  .0 |  .0 ||  .0 |  .0 |  .0 ||  .056 |  .0591 |  .6845 |
|  .0 |  .0 |  .0 ||  .0 |  .0 |  .0 ||  .0478 |  .0 |  .0 |

, state=
|  0. | -1. | -1. ||  1. |  0. |  0. ||  1. |  1. | -1. |
| -1. |  0. |  0. ||  1. |  0. |  0. ||  0. |  1. |  0. |
|  1. |  0. |  0. ||  0. |  0. | -1. ||  0. |  0. | -1. |
|=====+=====+=====||=====+=====+=====||=====+=====+=====|
|  0. | -1. |  0. ||  0. |  0. |  0. ||  1. |  0. |  0. |
|  0. |  0. |  0. ||  0. |  0. | -1. ||  1. |  0. | -1. |
|  1. |  0. | -1. || -1. |  1. |  0. ||  1. |  0. |  0. |
|=====+=====+=====||=====+=====+=====||=====+=====+=====|
| -1. |  0. | -1. ||  0. |  0. |  1. ||* 0. |* 0. |* 1. |
|  0. |  1. |  1. ||  0. | -1. | -1. ||* 0. |* 0. |* 0. |
| -1. |  1. |  0. || -1. |  1. |  0. ||* 0. |*-1. |* 1. |

, evalForThisState=1.0, isPlayerOneTurnOriginally=true}, StateDatum{MCTSProbabilites=
|  .0366 |  .0 |  .0 ||  .0 |  .0117 |  .0531 ||  .0 |  .0 |  .0 |
|  .0 |  .0129 |  .0381 ||  .0 |  .0339 |  .0456 ||  .0216 |  .0 |  .014 |
|  .0 |  .0143 |  .0334 ||  .0277 |  .0299 |  .0 ||  .0282 |  .0263 |  .0 |
|========+========+========||========+========+========||========+========+========|
|  .027 |  .0 |  .0714 ||  .0311 |  .0512 |  .0221 ||  .0 |  .0 |  .0 |
|  .0285 |  .0242 |  .0471 ||  .0096 |  .0417 |  .0 ||  .0 |  .0 |  .0 |
|  .0 |  .0128 |  .0 ||  .0 |  .0 |  .0298 ||  .0 |  .0 |  .0 |
|========+========+========||========+========+========||========+========+========|
|  .0 |  .0108 |  .0 ||  .0128 |  .0378 |  .0 ||  .0 |  .0 |  .0 |
|  .0248 |  .0 |  .0 ||  .0279 |  .0 |  .0 ||  .0 |  .0 |  .0 |
|  .0 |  .0 |  .0287 ||  .0 |  .0 |  .0336 ||  .0 |  .0 |  .0 |

, state=
|*-0. |* 1. |* 1. ||*-1. |*-0. |*-0. ||*-1. |*-1. |* 1. |
|* 1. |*-0. |*-0. ||*-1. |*-0. |*-0. ||*-0. |*-1. |*-0. |
|*-1. |*-0. |*-0. ||*-0. |*-0. |* 1. ||*-0. |*-0. |* 1. |
|=====+=====+=====||=====+=====+=====||=====+=====+=====|
|*-0. |* 1. |*-0. ||*-0. |*-0. |*-0. || -1. | -0. | -0. |
|*-0. |*-0. |*-0. ||*-0. |*-0. |* 1. || -1. | -0. |  1. |
|*-1. |*-0. |* 1. ||* 1. |*-1. |*-0. || -1. | -0. | -0. |
|=====+=====+=====||=====+=====+=====||=====+=====+=====|
|* 1. |*-0. |* 1. ||*-0. |*-0. |*-1. || -0. | -0. | -1. |
|*-0. |*-1. |*-1. ||*-0. |* 1. |* 1. || -0. | -0. | -1. |
|* 1. |*-1. |*-0. ||* 1. |*-1. |*-0. || -0. |  1. | -1. |

, evalForThisState=-1.0, isPlayerOneTurnOriginally=false}, StateDatum{MCTSProbabilites=
|  .0 |  .0 |  .0 ||  .0 |  .0 |  .0 ||  .0 |  .0 |  .0 |
|  .0 |  .0 |  .0 ||  .0 |  .0 |  .0 ||  .0 |  .0 |  .0 |
|  .0 |  .0 |  .0 ||  .0 |  .0 |  .0 ||  .0 |  .9999 |  .0 |
|========+========+========||========+========+========||========+========+========|
|  .0 |  .0 |  .0 ||  .0 |  .0 |  .0 ||  .0 |  .0 |  .0 |
|  .0 |  .0 |  .0 ||  .0 |  .0 |  .0 ||  .0 |  .0 |  .0 |
|  .0 |  .0 |  .0 ||  .0 |  .0 |  .0 ||  .0 |  .0 |  .0 |
|========+========+========||========+========+========||========+========+========|
|  .0 |  .0 |  .0 ||  .0 |  .0 |  .0 ||  .0 |  .0 |  .0 |
|  .0 |  .0 |  .0 ||  .0 |  .0 |  .0 ||  .0 |  .0 |  .0 |
|  .0 |  .0 |  .0 ||  .0 |  .0 |  .0 ||  .0 |  .0 |  .0 |

, state=
|  0. | -1. | -1. ||  1. |  0. |  0. ||* 1. |* 1. |*-1. |
| -1. |  0. |  0. ||  1. |  0. |  0. ||* 0. |* 1. |* 0. |
|  1. |  0. |  0. ||  0. |  0. | -1. ||* 0. |* 0. |*-1. |
|=====+=====+=====||=====+=====+=====||=====+=====+=====|
|  0. | -1. | -1. ||  0. |  0. |  0. ||  1. |  0. |  0. |
|  0. |  0. |  0. ||  0. |  0. | -1. ||  1. |  0. | -1. |
|  1. |  0. | -1. || -1. |  1. |  0. ||  1. |  0. |  0. |
|=====+=====+=====||=====+=====+=====||=====+=====+=====|
| -1. |  0. | -1. ||  0. |  0. |  1. ||  0. |  0. |  1. |
|  0. |  1. |  1. ||  0. | -1. | -1. ||  0. |  0. |  1. |
| -1. |  1. |  0. || -1. |  1. |  0. ||  0. | -1. |  1. |

, evalForThisState=1.0, isPlayerOneTurnOriginally=true}]
Value network data: 
===========INPUT===================
[[         0,         0,         0,  ...    1.0000,    1.0000,    1.0000], 
 [         0,         0,         0,  ...   -1.0000,    1.0000,   -1.0000], 
 [         0,         0,         0,  ...   -1.0000,   -1.0000,   -1.0000], 
  ..., 
 [         0,   -1.0000,   -1.0000,  ...   -1.0000,   -1.0000,    1.0000], 
 [         0,    1.0000,    1.0000,  ...    1.0000,    1.0000,   -1.0000], 
 [         0,   -1.0000,   -1.0000,  ...   -1.0000,   -1.0000,   -1.0000]]
=================OUTPUT==================
[[1.0000], 
 [-1.0000], 
 [1.0000], 
 [-1.0000], 
 [1.0000], 
 [-1.0000], 
 [1.0000], 
 [-1.0000], 
 [1.0000], 
 [-1.0000], 
 [1.0000], 
 [-1.0000], 
 [1.0000], 
 [-1.0000], 
 [1.0000], 
 [-1.0000], 
 [1.0000], 
 [-1.0000], 
 [1.0000], 
 [-1.0000], 
 [1.0000], 
 [-1.0000], 
 [1.0000], 
 [-1.0000], 
 [1.0000], 
 [-1.0000], 
 [1.0000], 
 [-1.0000], 
 [1.0000], 
 [-1.0000], 
 [1.0000], 
 [-1.0000], 
 [1.0000], 
 [-1.0000], 
 [1.0000], 
 [-1.0000], 
 [1.0000], 
 [-1.0000], 
 [1.0000]]
Policy network data: 
===========INPUT===================
[[         0,         0,         0,  ...    1.0000,    1.0000,    1.0000], 
 [         0,         0,         0,  ...   -1.0000,    1.0000,   -1.0000], 
 [         0,         0,         0,  ...   -1.0000,   -1.0000,   -1.0000], 
  ..., 
 [         0,   -1.0000,   -1.0000,  ...   -1.0000,   -1.0000,    1.0000], 
 [         0,    1.0000,    1.0000,  ...    1.0000,    1.0000,   -1.0000], 
 [         0,   -1.0000,   -1.0000,  ...   -1.0000,   -1.0000,   -1.0000]]
=================OUTPUT==================
[[    0.0153,    0.0177,    0.0137,  ...    0.0124,    0.0055,    0.0180], 
 [         0,         0,         0,  ...         0,         0,         0], 
 [         0,         0,         0,  ...         0,         0,         0], 
  ..., 
 [         0,         0,         0,  ...    0.0478,         0,         0], 
 [    0.0366,         0,         0,  ...         0,         0,         0], 
 [         0,         0,         0,  ...         0,         0,         0]]
W:\Labs\ME\ME187-Fall2024\StudentFiles\CALEBHOTTES\UTTTstuff\data\series1\policy$series1,gameNum75$1728886792366.bin
Took: 1180 s to simulate game
Finished simulating game, see log at: W:\Labs\ME\ME187-Fall2024\StudentFiles\CALEBHOTTES\UTTTstuff\data\logs\series1\game75$1728884516080.log for details.
