Saving data to: F:\UltimateTickTackToeAITrainingData\series1
Begin custom message: 
DataSeries: series1 game number: 47 This data series is using a raw MCTS search to generate data.EvaluatorConfiguration{cValue=2.0, maxRolloutDepth=1000, computeTime=30, threads=1, stupidity=0, allowForcePlay=false, maxMyCPU=false} using 20 threads to sim 1000 games is the goal. 
End custom message
Inital State: 

|* 0. |* 0. |* 0. ||* 0. |* 0. |* 0. ||* 0. |* 0. |* 0. |
|* 0. |* 0. |* 0. ||* 0. |* 0. |* 0. ||* 0. |* 0. |* 0. |
|* 0. |* 0. |* 0. ||* 0. |* 0. |* 0. ||* 0. |* 0. |* 0. |
|=====+=====+=====||=====+=====+=====||=====+=====+=====|
|* 0. |* 0. |* 0. ||* 0. |* 0. |* 0. ||* 0. |* 0. |* 0. |
|* 0. |* 0. |* 0. ||* 0. |* 0. |* 0. ||* 0. |* 0. |* 0. |
|* 0. |* 0. |* 0. ||* 0. |* 0. |* 0. ||* 0. |* 0. |* 0. |
|=====+=====+=====||=====+=====+=====||=====+=====+=====|
|* 0. |* 0. |* 0. ||* 0. |* 0. |* 0. ||* 0. |* 0. |* 0. |
|* 0. |* 0. |* 0. ||* 0. |* 0. |* 0. ||* 0. |* 0. |* 0. |
|* 0. |* 0. |* 0. ||* 0. |* 0. |* 0. ||* 0. |* 0. |* 0. |


state to eval, currenty is playerone turn=true

|* 0. |* 0. |* 0. ||* 0. |* 0. |* 0. ||* 0. |* 0. |* 0. |
|* 0. |* 0. |* 0. ||* 0. |* 0. |* 0. ||* 0. |* 0. |* 0. |
|* 0. |* 0. |* 0. ||* 0. |* 0. |* 0. ||* 0. |* 0. |* 0. |
|=====+=====+=====||=====+=====+=====||=====+=====+=====|
|* 0. |* 0. |* 0. ||* 0. |* 0. |* 0. ||* 0. |* 0. |* 0. |
|* 0. |* 0. |* 0. ||* 0. |* 0. |* 0. ||* 0. |* 0. |* 0. |
|* 0. |* 0. |* 0. ||* 0. |* 0. |* 0. ||* 0. |* 0. |* 0. |
|=====+=====+=====||=====+=====+=====||=====+=====+=====|
|* 0. |* 0. |* 0. ||* 0. |* 0. |* 0. ||* 0. |* 0. |* 0. |
|* 0. |* 0. |* 0. ||* 0. |* 0. |* 0. ||* 0. |* 0. |* 0. |
|* 0. |* 0. |* 0. ||* 0. |* 0. |* 0. ||* 0. |* 0. |* 0. |


Determined best move using: 279634Iterations
current State

|* 0. |* 0. |* 0. ||  0. |  0. |  0. ||  0. |  0. |  0. |
|* 0. |* 0. |* 0. ||  0. |  0. |  0. ||  0. |  0. |  0. |
|* 0. |* 0. |* 0. ||  0. |  0. |  0. ||  0. |  0. |  0. |
|=====+=====+=====||=====+=====+=====||=====+=====+=====|
|  0. |  0. |  0. ||  1. |  0. |  0. ||  0. |  0. |  0. |
|  0. |  0. |  0. ||  0. |  0. |  0. ||  0. |  0. |  0. |
|  0. |  0. |  0. ||  0. |  0. |  0. ||  0. |  0. |  0. |
|=====+=====+=====||=====+=====+=====||=====+=====+=====|
|  0. |  0. |  0. ||  0. |  0. |  0. ||  0. |  0. |  0. |
|  0. |  0. |  0. ||  0. |  0. |  0. ||  0. |  0. |  0. |
|  0. |  0. |  0. ||  0. |  0. |  0. ||  0. |  0. |  0. |


state to eval, currenty is playerone turn=false

|*-0. |*-0. |*-0. || -0. | -0. | -0. || -0. | -0. | -0. |
|*-0. |*-0. |*-0. || -0. | -0. | -0. || -0. | -0. | -0. |
|*-0. |*-0. |*-0. || -0. | -0. | -0. || -0. | -0. | -0. |
|=====+=====+=====||=====+=====+=====||=====+=====+=====|
| -0. | -0. | -0. || -1. | -0. | -0. || -0. | -0. | -0. |
| -0. | -0. | -0. || -0. | -0. | -0. || -0. | -0. | -0. |
| -0. | -0. | -0. || -0. | -0. | -0. || -0. | -0. | -0. |
|=====+=====+=====||=====+=====+=====||=====+=====+=====|
| -0. | -0. | -0. || -0. | -0. | -0. || -0. | -0. | -0. |
| -0. | -0. | -0. || -0. | -0. | -0. || -0. | -0. | -0. |
| -0. | -0. | -0. || -0. | -0. | -0. || -0. | -0. | -0. |


Determined best move using: 284776Iterations
current State

|  0. |  0. |  0. ||  0. |  0. |  0. ||  0. |  0. |  0. |
|  0. | -1. |  0. ||  0. |  0. |  0. ||  0. |  0. |  0. |
|  0. |  0. |  0. ||  0. |  0. |  0. ||  0. |  0. |  0. |
|=====+=====+=====||=====+=====+=====||=====+=====+=====|
|  0. |  0. |  0. ||* 1. |* 0. |* 0. ||  0. |  0. |  0. |
|  0. |  0. |  0. ||* 0. |* 0. |* 0. ||  0. |  0. |  0. |
|  0. |  0. |  0. ||* 0. |* 0. |* 0. ||  0. |  0. |  0. |
|=====+=====+=====||=====+=====+=====||=====+=====+=====|
|  0. |  0. |  0. ||  0. |  0. |  0. ||  0. |  0. |  0. |
|  0. |  0. |  0. ||  0. |  0. |  0. ||  0. |  0. |  0. |
|  0. |  0. |  0. ||  0. |  0. |  0. ||  0. |  0. |  0. |


state to eval, currenty is playerone turn=true

|  0. |  0. |  0. ||  0. |  0. |  0. ||  0. |  0. |  0. |
|  0. | -1. |  0. ||  0. |  0. |  0. ||  0. |  0. |  0. |
|  0. |  0. |  0. ||  0. |  0. |  0. ||  0. |  0. |  0. |
|=====+=====+=====||=====+=====+=====||=====+=====+=====|
|  0. |  0. |  0. ||* 1. |* 0. |* 0. ||  0. |  0. |  0. |
|  0. |  0. |  0. ||* 0. |* 0. |* 0. ||  0. |  0. |  0. |
|  0. |  0. |  0. ||* 0. |* 0. |* 0. ||  0. |  0. |  0. |
|=====+=====+=====||=====+=====+=====||=====+=====+=====|
|  0. |  0. |  0. ||  0. |  0. |  0. ||  0. |  0. |  0. |
|  0. |  0. |  0. ||  0. |  0. |  0. ||  0. |  0. |  0. |
|  0. |  0. |  0. ||  0. |  0. |  0. ||  0. |  0. |  0. |


Determined best move using: 293248Iterations
current State

|  0. |  0. |  0. ||  0. |  0. |  0. ||  0. |  0. |  0. |
|  0. | -1. |  0. ||  0. |  0. |  0. ||  0. |  0. |  0. |
|  0. |  0. |  0. ||  0. |  0. |  0. ||  0. |  0. |  0. |
|=====+=====+=====||=====+=====+=====||=====+=====+=====|
|  0. |  0. |  0. ||  1. |  0. |  0. ||* 0. |* 0. |* 0. |
|  0. |  0. |  0. ||  0. |  0. |  1. ||* 0. |* 0. |* 0. |
|  0. |  0. |  0. ||  0. |  0. |  0. ||* 0. |* 0. |* 0. |
|=====+=====+=====||=====+=====+=====||=====+=====+=====|
|  0. |  0. |  0. ||  0. |  0. |  0. ||  0. |  0. |  0. |
|  0. |  0. |  0. ||  0. |  0. |  0. ||  0. |  0. |  0. |
|  0. |  0. |  0. ||  0. |  0. |  0. ||  0. |  0. |  0. |


state to eval, currenty is playerone turn=false

| -0. | -0. | -0. || -0. | -0. | -0. || -0. | -0. | -0. |
| -0. |  1. | -0. || -0. | -0. | -0. || -0. | -0. | -0. |
| -0. | -0. | -0. || -0. | -0. | -0. || -0. | -0. | -0. |
|=====+=====+=====||=====+=====+=====||=====+=====+=====|
| -0. | -0. | -0. || -1. | -0. | -0. ||*-0. |*-0. |*-0. |
| -0. | -0. | -0. || -0. | -0. | -1. ||*-0. |*-0. |*-0. |
| -0. | -0. | -0. || -0. | -0. | -0. ||*-0. |*-0. |*-0. |
|=====+=====+=====||=====+=====+=====||=====+=====+=====|
| -0. | -0. | -0. || -0. | -0. | -0. || -0. | -0. | -0. |
| -0. | -0. | -0. || -0. | -0. | -0. || -0. | -0. | -0. |
| -0. | -0. | -0. || -0. | -0. | -0. || -0. | -0. | -0. |


Determined best move using: 300146Iterations
current State

|  0. |  0. |  0. ||* 0. |* 0. |* 0. ||  0. |  0. |  0. |
|  0. | -1. |  0. ||* 0. |* 0. |* 0. ||  0. |  0. |  0. |
|  0. |  0. |  0. ||* 0. |* 0. |* 0. ||  0. |  0. |  0. |
|=====+=====+=====||=====+=====+=====||=====+=====+=====|
|  0. |  0. |  0. ||  1. |  0. |  0. ||  0. | -1. |  0. |
|  0. |  0. |  0. ||  0. |  0. |  1. ||  0. |  0. |  0. |
|  0. |  0. |  0. ||  0. |  0. |  0. ||  0. |  0. |  0. |
|=====+=====+=====||=====+=====+=====||=====+=====+=====|
|  0. |  0. |  0. ||  0. |  0. |  0. ||  0. |  0. |  0. |
|  0. |  0. |  0. ||  0. |  0. |  0. ||  0. |  0. |  0. |
|  0. |  0. |  0. ||  0. |  0. |  0. ||  0. |  0. |  0. |


state to eval, currenty is playerone turn=true

|  0. |  0. |  0. ||* 0. |* 0. |* 0. ||  0. |  0. |  0. |
|  0. | -1. |  0. ||* 0. |* 0. |* 0. ||  0. |  0. |  0. |
|  0. |  0. |  0. ||* 0. |* 0. |* 0. ||  0. |  0. |  0. |
|=====+=====+=====||=====+=====+=====||=====+=====+=====|
|  0. |  0. |  0. ||  1. |  0. |  0. ||  0. | -1. |  0. |
|  0. |  0. |  0. ||  0. |  0. |  1. ||  0. |  0. |  0. |
|  0. |  0. |  0. ||  0. |  0. |  0. ||  0. |  0. |  0. |
|=====+=====+=====||=====+=====+=====||=====+=====+=====|
|  0. |  0. |  0. ||  0. |  0. |  0. ||  0. |  0. |  0. |
|  0. |  0. |  0. ||  0. |  0. |  0. ||  0. |  0. |  0. |
|  0. |  0. |  0. ||  0. |  0. |  0. ||  0. |  0. |  0. |


Determined best move using: 305288Iterations
current State

|  0. |  0. |  0. ||  0. |  0. |  0. ||  0. |  0. |  0. |
|  0. | -1. |  0. ||  0. |  1. |  0. ||  0. |  0. |  0. |
|  0. |  0. |  0. ||  0. |  0. |  0. ||  0. |  0. |  0. |
|=====+=====+=====||=====+=====+=====||=====+=====+=====|
|  0. |  0. |  0. ||* 1. |* 0. |* 0. ||  0. | -1. |  0. |
|  0. |  0. |  0. ||* 0. |* 0. |* 1. ||  0. |  0. |  0. |
|  0. |  0. |  0. ||* 0. |* 0. |* 0. ||  0. |  0. |  0. |
|=====+=====+=====||=====+=====+=====||=====+=====+=====|
|  0. |  0. |  0. ||  0. |  0. |  0. ||  0. |  0. |  0. |
|  0. |  0. |  0. ||  0. |  0. |  0. ||  0. |  0. |  0. |
|  0. |  0. |  0. ||  0. |  0. |  0. ||  0. |  0. |  0. |


state to eval, currenty is playerone turn=false

| -0. | -0. | -0. || -0. | -0. | -0. || -0. | -0. | -0. |
| -0. |  1. | -0. || -0. | -1. | -0. || -0. | -0. | -0. |
| -0. | -0. | -0. || -0. | -0. | -0. || -0. | -0. | -0. |
|=====+=====+=====||=====+=====+=====||=====+=====+=====|
| -0. | -0. | -0. ||*-1. |*-0. |*-0. || -0. |  1. | -0. |
| -0. | -0. | -0. ||*-0. |*-0. |*-1. || -0. | -0. | -0. |
| -0. | -0. | -0. ||*-0. |*-0. |*-0. || -0. | -0. | -0. |
|=====+=====+=====||=====+=====+=====||=====+=====+=====|
| -0. | -0. | -0. || -0. | -0. | -0. || -0. | -0. | -0. |
| -0. | -0. | -0. || -0. | -0. | -0. || -0. | -0. | -0. |
| -0. | -0. | -0. || -0. | -0. | -0. || -0. | -0. | -0. |


Determined best move using: 308905Iterations
current State

|  0. |  0. |  0. ||  0. |  0. |  0. ||  0. |  0. |  0. |
|  0. | -1. |  0. ||  0. |  1. |  0. ||  0. |  0. |  0. |
|  0. |  0. |  0. ||  0. |  0. |  0. ||  0. |  0. |  0. |
|=====+=====+=====||=====+=====+=====||=====+=====+=====|
|  0. |  0. |  0. ||  1. |  0. |  0. ||  0. | -1. |  0. |
|  0. |  0. |  0. ||  0. |  0. |  1. ||  0. |  0. |  0. |
|  0. |  0. |  0. ||  0. |  0. | -1. ||  0. |  0. |  0. |
|=====+=====+=====||=====+=====+=====||=====+=====+=====|
|  0. |  0. |  0. ||  0. |  0. |  0. ||* 0. |* 0. |* 0. |
|  0. |  0. |  0. ||  0. |  0. |  0. ||* 0. |* 0. |* 0. |
|  0. |  0. |  0. ||  0. |  0. |  0. ||* 0. |* 0. |* 0. |


state to eval, currenty is playerone turn=true

|  0. |  0. |  0. ||  0. |  0. |  0. ||  0. |  0. |  0. |
|  0. | -1. |  0. ||  0. |  1. |  0. ||  0. |  0. |  0. |
|  0. |  0. |  0. ||  0. |  0. |  0. ||  0. |  0. |  0. |
|=====+=====+=====||=====+=====+=====||=====+=====+=====|
|  0. |  0. |  0. ||  1. |  0. |  0. ||  0. | -1. |  0. |
|  0. |  0. |  0. ||  0. |  0. |  1. ||  0. |  0. |  0. |
|  0. |  0. |  0. ||  0. |  0. | -1. ||  0. |  0. |  0. |
|=====+=====+=====||=====+=====+=====||=====+=====+=====|
|  0. |  0. |  0. ||  0. |  0. |  0. ||* 0. |* 0. |* 0. |
|  0. |  0. |  0. ||  0. |  0. |  0. ||* 0. |* 0. |* 0. |
|  0. |  0. |  0. ||  0. |  0. |  0. ||* 0. |* 0. |* 0. |


Determined best move using: 317906Iterations
current State

|  0. |  0. |  0. ||  0. |  0. |  0. ||  0. |  0. |  0. |
|  0. | -1. |  0. ||  0. |  1. |  0. ||  0. |  0. |  0. |
|  0. |  0. |  0. ||  0. |  0. |  0. ||  0. |  0. |  0. |
|=====+=====+=====||=====+=====+=====||=====+=====+=====|
|  0. |  0. |  0. ||  1. |  0. |  0. ||  0. | -1. |  0. |
|  0. |  0. |  0. ||  0. |  0. |  1. ||  0. |  0. |  0. |
|  0. |  0. |  0. ||  0. |  0. | -1. ||  0. |  0. |  0. |
|=====+=====+=====||=====+=====+=====||=====+=====+=====|
|* 0. |* 0. |* 0. ||  0. |  0. |  0. ||  0. |  0. |  0. |
|* 0. |* 0. |* 0. ||  0. |  0. |  0. ||  0. |  0. |  0. |
|* 0. |* 0. |* 0. ||  0. |  0. |  0. ||  1. |  0. |  0. |


state to eval, currenty is playerone turn=false

| -0. | -0. | -0. || -0. | -0. | -0. || -0. | -0. | -0. |
| -0. |  1. | -0. || -0. | -1. | -0. || -0. | -0. | -0. |
| -0. | -0. | -0. || -0. | -0. | -0. || -0. | -0. | -0. |
|=====+=====+=====||=====+=====+=====||=====+=====+=====|
| -0. | -0. | -0. || -1. | -0. | -0. || -0. |  1. | -0. |
| -0. | -0. | -0. || -0. | -0. | -1. || -0. | -0. | -0. |
| -0. | -0. | -0. || -0. | -0. |  1. || -0. | -0. | -0. |
|=====+=====+=====||=====+=====+=====||=====+=====+=====|
|*-0. |*-0. |*-0. || -0. | -0. | -0. || -0. | -0. | -0. |
|*-0. |*-0. |*-0. || -0. | -0. | -0. || -0. | -0. | -0. |
|*-0. |*-0. |*-0. || -0. | -0. | -0. || -1. | -0. | -0. |


Determined best move using: 322418Iterations
current State

|  0. |  0. |  0. ||  0. |  0. |  0. ||  0. |  0. |  0. |
|  0. | -1. |  0. ||  0. |  1. |  0. ||  0. |  0. |  0. |
|  0. |  0. |  0. ||  0. |  0. |  0. ||  0. |  0. |  0. |
|=====+=====+=====||=====+=====+=====||=====+=====+=====|
|  0. |  0. |  0. ||  1. |  0. |  0. ||  0. | -1. |  0. |
|  0. |  0. |  0. ||  0. |  0. |  1. ||  0. |  0. |  0. |
|  0. |  0. |  0. ||  0. |  0. | -1. ||  0. |  0. |  0. |
|=====+=====+=====||=====+=====+=====||=====+=====+=====|
|  0. |  0. |  0. ||* 0. |* 0. |* 0. ||  0. |  0. |  0. |
|  0. |  0. |  0. ||* 0. |* 0. |* 0. ||  0. |  0. |  0. |
|  0. | -1. |  0. ||* 0. |* 0. |* 0. ||  1. |  0. |  0. |


state to eval, currenty is playerone turn=true

|  0. |  0. |  0. ||  0. |  0. |  0. ||  0. |  0. |  0. |
|  0. | -1. |  0. ||  0. |  1. |  0. ||  0. |  0. |  0. |
|  0. |  0. |  0. ||  0. |  0. |  0. ||  0. |  0. |  0. |
|=====+=====+=====||=====+=====+=====||=====+=====+=====|
|  0. |  0. |  0. ||  1. |  0. |  0. ||  0. | -1. |  0. |
|  0. |  0. |  0. ||  0. |  0. |  1. ||  0. |  0. |  0. |
|  0. |  0. |  0. ||  0. |  0. | -1. ||  0. |  0. |  0. |
|=====+=====+=====||=====+=====+=====||=====+=====+=====|
|  0. |  0. |  0. ||* 0. |* 0. |* 0. ||  0. |  0. |  0. |
|  0. |  0. |  0. ||* 0. |* 0. |* 0. ||  0. |  0. |  0. |
|  0. | -1. |  0. ||* 0. |* 0. |* 0. ||  1. |  0. |  0. |


Determined best move using: 331564Iterations
current State

|* 0. |* 0. |* 0. ||  0. |  0. |  0. ||  0. |  0. |  0. |
|* 0. |*-1. |* 0. ||  0. |  1. |  0. ||  0. |  0. |  0. |
|* 0. |* 0. |* 0. ||  0. |  0. |  0. ||  0. |  0. |  0. |
|=====+=====+=====||=====+=====+=====||=====+=====+=====|
|  0. |  0. |  0. ||  1. |  0. |  0. ||  0. | -1. |  0. |
|  0. |  0. |  0. ||  0. |  0. |  1. ||  0. |  0. |  0. |
|  0. |  0. |  0. ||  0. |  0. | -1. ||  0. |  0. |  0. |
|=====+=====+=====||=====+=====+=====||=====+=====+=====|
|  0. |  0. |  0. ||  1. |  0. |  0. ||  0. |  0. |  0. |
|  0. |  0. |  0. ||  0. |  0. |  0. ||  0. |  0. |  0. |
|  0. | -1. |  0. ||  0. |  0. |  0. ||  1. |  0. |  0. |


state to eval, currenty is playerone turn=false

|*-0. |*-0. |*-0. || -0. | -0. | -0. || -0. | -0. | -0. |
|*-0. |* 1. |*-0. || -0. | -1. | -0. || -0. | -0. | -0. |
|*-0. |*-0. |*-0. || -0. | -0. | -0. || -0. | -0. | -0. |
|=====+=====+=====||=====+=====+=====||=====+=====+=====|
| -0. | -0. | -0. || -1. | -0. | -0. || -0. |  1. | -0. |
| -0. | -0. | -0. || -0. | -0. | -1. || -0. | -0. | -0. |
| -0. | -0. | -0. || -0. | -0. |  1. || -0. | -0. | -0. |
|=====+=====+=====||=====+=====+=====||=====+=====+=====|
| -0. | -0. | -0. || -1. | -0. | -0. || -0. | -0. | -0. |
| -0. | -0. | -0. || -0. | -0. | -0. || -0. | -0. | -0. |
| -0. |  1. | -0. || -0. | -0. | -0. || -1. | -0. | -0. |


Determined best move using: 309322Iterations
current State

|  0. |  0. |  0. ||  0. |  0. |  0. ||  0. |  0. |  0. |
|  0. | -1. |  0. ||  0. |  1. |  0. ||  0. |  0. |  0. |
| -1. |  0. |  0. ||  0. |  0. |  0. ||  0. |  0. |  0. |
|=====+=====+=====||=====+=====+=====||=====+=====+=====|
|  0. |  0. |  0. ||  1. |  0. |  0. ||  0. | -1. |  0. |
|  0. |  0. |  0. ||  0. |  0. |  1. ||  0. |  0. |  0. |
|  0. |  0. |  0. ||  0. |  0. | -1. ||  0. |  0. |  0. |
|=====+=====+=====||=====+=====+=====||=====+=====+=====|
|* 0. |* 0. |* 0. ||  1. |  0. |  0. ||  0. |  0. |  0. |
|* 0. |* 0. |* 0. ||  0. |  0. |  0. ||  0. |  0. |  0. |
|* 0. |*-1. |* 0. ||  0. |  0. |  0. ||  1. |  0. |  0. |


state to eval, currenty is playerone turn=true

|  0. |  0. |  0. ||  0. |  0. |  0. ||  0. |  0. |  0. |
|  0. | -1. |  0. ||  0. |  1. |  0. ||  0. |  0. |  0. |
| -1. |  0. |  0. ||  0. |  0. |  0. ||  0. |  0. |  0. |
|=====+=====+=====||=====+=====+=====||=====+=====+=====|
|  0. |  0. |  0. ||  1. |  0. |  0. ||  0. | -1. |  0. |
|  0. |  0. |  0. ||  0. |  0. |  1. ||  0. |  0. |  0. |
|  0. |  0. |  0. ||  0. |  0. | -1. ||  0. |  0. |  0. |
|=====+=====+=====||=====+=====+=====||=====+=====+=====|
|* 0. |* 0. |* 0. ||  1. |  0. |  0. ||  0. |  0. |  0. |
|* 0. |* 0. |* 0. ||  0. |  0. |  0. ||  0. |  0. |  0. |
|* 0. |*-1. |* 0. ||  0. |  0. |  0. ||  1. |  0. |  0. |


Determined best move using: 347023Iterations
current State

|* 0. |* 0. |* 0. ||  0. |  0. |  0. ||  0. |  0. |  0. |
|* 0. |*-1. |* 0. ||  0. |  1. |  0. ||  0. |  0. |  0. |
|*-1. |* 0. |* 0. ||  0. |  0. |  0. ||  0. |  0. |  0. |
|=====+=====+=====||=====+=====+=====||=====+=====+=====|
|  0. |  0. |  0. ||  1. |  0. |  0. ||  0. | -1. |  0. |
|  0. |  0. |  0. ||  0. |  0. |  1. ||  0. |  0. |  0. |
|  0. |  0. |  0. ||  0. |  0. | -1. ||  0. |  0. |  0. |
|=====+=====+=====||=====+=====+=====||=====+=====+=====|
|  1. |  0. |  0. ||  1. |  0. |  0. ||  0. |  0. |  0. |
|  0. |  0. |  0. ||  0. |  0. |  0. ||  0. |  0. |  0. |
|  0. | -1. |  0. ||  0. |  0. |  0. ||  1. |  0. |  0. |


state to eval, currenty is playerone turn=false

|*-0. |*-0. |*-0. || -0. | -0. | -0. || -0. | -0. | -0. |
|*-0. |* 1. |*-0. || -0. | -1. | -0. || -0. | -0. | -0. |
|* 1. |*-0. |*-0. || -0. | -0. | -0. || -0. | -0. | -0. |
|=====+=====+=====||=====+=====+=====||=====+=====+=====|
| -0. | -0. | -0. || -1. | -0. | -0. || -0. |  1. | -0. |
| -0. | -0. | -0. || -0. | -0. | -1. || -0. | -0. | -0. |
| -0. | -0. | -0. || -0. | -0. |  1. || -0. | -0. | -0. |
|=====+=====+=====||=====+=====+=====||=====+=====+=====|
| -1. | -0. | -0. || -1. | -0. | -0. || -0. | -0. | -0. |
| -0. | -0. | -0. || -0. | -0. | -0. || -0. | -0. | -0. |
| -0. |  1. | -0. || -0. | -0. | -0. || -1. | -0. | -0. |


Determined best move using: 357609Iterations
current State

|  0. |  0. |  0. ||  0. |  0. |  0. ||  0. |  0. |  0. |
|  0. | -1. | -1. ||  0. |  1. |  0. ||  0. |  0. |  0. |
| -1. |  0. |  0. ||  0. |  0. |  0. ||  0. |  0. |  0. |
|=====+=====+=====||=====+=====+=====||=====+=====+=====|
|  0. |  0. |  0. ||  1. |  0. |  0. ||* 0. |*-1. |* 0. |
|  0. |  0. |  0. ||  0. |  0. |  1. ||* 0. |* 0. |* 0. |
|  0. |  0. |  0. ||  0. |  0. | -1. ||* 0. |* 0. |* 0. |
|=====+=====+=====||=====+=====+=====||=====+=====+=====|
|  1. |  0. |  0. ||  1. |  0. |  0. ||  0. |  0. |  0. |
|  0. |  0. |  0. ||  0. |  0. |  0. ||  0. |  0. |  0. |
|  0. | -1. |  0. ||  0. |  0. |  0. ||  1. |  0. |  0. |


state to eval, currenty is playerone turn=true

|  0. |  0. |  0. ||  0. |  0. |  0. ||  0. |  0. |  0. |
|  0. | -1. | -1. ||  0. |  1. |  0. ||  0. |  0. |  0. |
| -1. |  0. |  0. ||  0. |  0. |  0. ||  0. |  0. |  0. |
|=====+=====+=====||=====+=====+=====||=====+=====+=====|
|  0. |  0. |  0. ||  1. |  0. |  0. ||* 0. |*-1. |* 0. |
|  0. |  0. |  0. ||  0. |  0. |  1. ||* 0. |* 0. |* 0. |
|  0. |  0. |  0. ||  0. |  0. | -1. ||* 0. |* 0. |* 0. |
|=====+=====+=====||=====+=====+=====||=====+=====+=====|
|  1. |  0. |  0. ||  1. |  0. |  0. ||  0. |  0. |  0. |
|  0. |  0. |  0. ||  0. |  0. |  0. ||  0. |  0. |  0. |
|  0. | -1. |  0. ||  0. |  0. |  0. ||  1. |  0. |  0. |


Determined best move using: 373550Iterations
current State

|  0. |  0. |  0. ||  0. |  0. |  0. ||* 0. |* 0. |* 0. |
|  0. | -1. | -1. ||  0. |  1. |  0. ||* 0. |* 0. |* 0. |
| -1. |  0. |  0. ||  0. |  0. |  0. ||* 0. |* 0. |* 0. |
|=====+=====+=====||=====+=====+=====||=====+=====+=====|
|  0. |  0. |  0. ||  1. |  0. |  0. ||  0. | -1. |  1. |
|  0. |  0. |  0. ||  0. |  0. |  1. ||  0. |  0. |  0. |
|  0. |  0. |  0. ||  0. |  0. | -1. ||  0. |  0. |  0. |
|=====+=====+=====||=====+=====+=====||=====+=====+=====|
|  1. |  0. |  0. ||  1. |  0. |  0. ||  0. |  0. |  0. |
|  0. |  0. |  0. ||  0. |  0. |  0. ||  0. |  0. |  0. |
|  0. | -1. |  0. ||  0. |  0. |  0. ||  1. |  0. |  0. |


state to eval, currenty is playerone turn=false

| -0. | -0. | -0. || -0. | -0. | -0. ||*-0. |*-0. |*-0. |
| -0. |  1. |  1. || -0. | -1. | -0. ||*-0. |*-0. |*-0. |
|  1. | -0. | -0. || -0. | -0. | -0. ||*-0. |*-0. |*-0. |
|=====+=====+=====||=====+=====+=====||=====+=====+=====|
| -0. | -0. | -0. || -1. | -0. | -0. || -0. |  1. | -1. |
| -0. | -0. | -0. || -0. | -0. | -1. || -0. | -0. | -0. |
| -0. | -0. | -0. || -0. | -0. |  1. || -0. | -0. | -0. |
|=====+=====+=====||=====+=====+=====||=====+=====+=====|
| -1. | -0. | -0. || -1. | -0. | -0. || -0. | -0. | -0. |
| -0. | -0. | -0. || -0. | -0. | -0. || -0. | -0. | -0. |
| -0. |  1. | -0. || -0. | -0. | -0. || -1. | -0. | -0. |


Determined best move using: 381449Iterations
current State

|  0. |  0. |  0. ||* 0. |* 0. |* 0. ||  0. | -1. |  0. |
|  0. | -1. | -1. ||* 0. |* 1. |* 0. ||  0. |  0. |  0. |
| -1. |  0. |  0. ||* 0. |* 0. |* 0. ||  0. |  0. |  0. |
|=====+=====+=====||=====+=====+=====||=====+=====+=====|
|  0. |  0. |  0. ||  1. |  0. |  0. ||  0. | -1. |  1. |
|  0. |  0. |  0. ||  0. |  0. |  1. ||  0. |  0. |  0. |
|  0. |  0. |  0. ||  0. |  0. | -1. ||  0. |  0. |  0. |
|=====+=====+=====||=====+=====+=====||=====+=====+=====|
|  1. |  0. |  0. ||  1. |  0. |  0. ||  0. |  0. |  0. |
|  0. |  0. |  0. ||  0. |  0. |  0. ||  0. |  0. |  0. |
|  0. | -1. |  0. ||  0. |  0. |  0. ||  1. |  0. |  0. |


state to eval, currenty is playerone turn=true

|  0. |  0. |  0. ||* 0. |* 0. |* 0. ||  0. | -1. |  0. |
|  0. | -1. | -1. ||* 0. |* 1. |* 0. ||  0. |  0. |  0. |
| -1. |  0. |  0. ||* 0. |* 0. |* 0. ||  0. |  0. |  0. |
|=====+=====+=====||=====+=====+=====||=====+=====+=====|
|  0. |  0. |  0. ||  1. |  0. |  0. ||  0. | -1. |  1. |
|  0. |  0. |  0. ||  0. |  0. |  1. ||  0. |  0. |  0. |
|  0. |  0. |  0. ||  0. |  0. | -1. ||  0. |  0. |  0. |
|=====+=====+=====||=====+=====+=====||=====+=====+=====|
|  1. |  0. |  0. ||  1. |  0. |  0. ||  0. |  0. |  0. |
|  0. |  0. |  0. ||  0. |  0. |  0. ||  0. |  0. |  0. |
|  0. | -1. |  0. ||  0. |  0. |  0. ||  1. |  0. |  0. |


Determined best move using: 388711Iterations
current State

|  0. |  0. |  0. ||  0. |  0. |  0. ||  0. | -1. |  0. |
|  0. | -1. | -1. ||  0. |  1. |  0. ||  0. |  0. |  0. |
| -1. |  0. |  0. ||  0. |  1. |  0. ||  0. |  0. |  0. |
|=====+=====+=====||=====+=====+=====||=====+=====+=====|
|  0. |  0. |  0. ||  1. |  0. |  0. ||  0. | -1. |  1. |
|  0. |  0. |  0. ||  0. |  0. |  1. ||  0. |  0. |  0. |
|  0. |  0. |  0. ||  0. |  0. | -1. ||  0. |  0. |  0. |
|=====+=====+=====||=====+=====+=====||=====+=====+=====|
|  1. |  0. |  0. ||* 1. |* 0. |* 0. ||  0. |  0. |  0. |
|  0. |  0. |  0. ||* 0. |* 0. |* 0. ||  0. |  0. |  0. |
|  0. | -1. |  0. ||* 0. |* 0. |* 0. ||  1. |  0. |  0. |


state to eval, currenty is playerone turn=false

| -0. | -0. | -0. || -0. | -0. | -0. || -0. |  1. | -0. |
| -0. |  1. |  1. || -0. | -1. | -0. || -0. | -0. | -0. |
|  1. | -0. | -0. || -0. | -1. | -0. || -0. | -0. | -0. |
|=====+=====+=====||=====+=====+=====||=====+=====+=====|
| -0. | -0. | -0. || -1. | -0. | -0. || -0. |  1. | -1. |
| -0. | -0. | -0. || -0. | -0. | -1. || -0. | -0. | -0. |
| -0. | -0. | -0. || -0. | -0. |  1. || -0. | -0. | -0. |
|=====+=====+=====||=====+=====+=====||=====+=====+=====|
| -1. | -0. | -0. ||*-1. |*-0. |*-0. || -0. | -0. | -0. |
| -0. | -0. | -0. ||*-0. |*-0. |*-0. || -0. | -0. | -0. |
| -0. |  1. | -0. ||*-0. |*-0. |*-0. || -1. | -0. | -0. |


Determined best move using: 393105Iterations
current State

|  0. |  0. |  0. ||  0. |  0. |  0. ||  0. | -1. |  0. |
|  0. | -1. | -1. ||  0. |  1. |  0. ||  0. |  0. |  0. |
| -1. |  0. |  0. ||  0. |  1. |  0. ||  0. |  0. |  0. |
|=====+=====+=====||=====+=====+=====||=====+=====+=====|
|  0. |  0. |  0. ||  1. |  0. |  0. ||  0. | -1. |  1. |
|  0. |  0. |  0. ||  0. |  0. |  1. ||  0. |  0. |  0. |
|  0. |  0. |  0. ||  0. |  0. | -1. ||  0. |  0. |  0. |
|=====+=====+=====||=====+=====+=====||=====+=====+=====|
|* 1. |* 0. |* 0. ||  1. |  0. |  0. ||  0. |  0. |  0. |
|* 0. |* 0. |* 0. ||  0. |  0. |  0. ||  0. |  0. |  0. |
|* 0. |*-1. |* 0. || -1. |  0. |  0. ||  1. |  0. |  0. |


state to eval, currenty is playerone turn=true

|  0. |  0. |  0. ||  0. |  0. |  0. ||  0. | -1. |  0. |
|  0. | -1. | -1. ||  0. |  1. |  0. ||  0. |  0. |  0. |
| -1. |  0. |  0. ||  0. |  1. |  0. ||  0. |  0. |  0. |
|=====+=====+=====||=====+=====+=====||=====+=====+=====|
|  0. |  0. |  0. ||  1. |  0. |  0. ||  0. | -1. |  1. |
|  0. |  0. |  0. ||  0. |  0. |  1. ||  0. |  0. |  0. |
|  0. |  0. |  0. ||  0. |  0. | -1. ||  0. |  0. |  0. |
|=====+=====+=====||=====+=====+=====||=====+=====+=====|
|* 1. |* 0. |* 0. ||  1. |  0. |  0. ||  0. |  0. |  0. |
|* 0. |* 0. |* 0. ||  0. |  0. |  0. ||  0. |  0. |  0. |
|* 0. |*-1. |* 0. || -1. |  0. |  0. ||  1. |  0. |  0. |


Determined best move using: 398945Iterations
current State

|  0. |  0. |  0. ||* 0. |* 0. |* 0. ||  0. | -1. |  0. |
|  0. | -1. | -1. ||* 0. |* 1. |* 0. ||  0. |  0. |  0. |
| -1. |  0. |  0. ||* 0. |* 1. |* 0. ||  0. |  0. |  0. |
|=====+=====+=====||=====+=====+=====||=====+=====+=====|
|  0. |  0. |  0. ||  1. |  0. |  0. ||  0. | -1. |  1. |
|  0. |  0. |  0. ||  0. |  0. |  1. ||  0. |  0. |  0. |
|  0. |  0. |  0. ||  0. |  0. | -1. ||  0. |  0. |  0. |
|=====+=====+=====||=====+=====+=====||=====+=====+=====|
|  1. |  1. |  0. ||  1. |  0. |  0. ||  0. |  0. |  0. |
|  0. |  0. |  0. ||  0. |  0. |  0. ||  0. |  0. |  0. |
|  0. | -1. |  0. || -1. |  0. |  0. ||  1. |  0. |  0. |


state to eval, currenty is playerone turn=false

| -0. | -0. | -0. ||*-0. |*-0. |*-0. || -0. |  1. | -0. |
| -0. |  1. |  1. ||*-0. |*-1. |*-0. || -0. | -0. | -0. |
|  1. | -0. | -0. ||*-0. |*-1. |*-0. || -0. | -0. | -0. |
|=====+=====+=====||=====+=====+=====||=====+=====+=====|
| -0. | -0. | -0. || -1. | -0. | -0. || -0. |  1. | -1. |
| -0. | -0. | -0. || -0. | -0. | -1. || -0. | -0. | -0. |
| -0. | -0. | -0. || -0. | -0. |  1. || -0. | -0. | -0. |
|=====+=====+=====||=====+=====+=====||=====+=====+=====|
| -1. | -1. | -0. || -1. | -0. | -0. || -0. | -0. | -0. |
| -0. | -0. | -0. || -0. | -0. | -0. || -0. | -0. | -0. |
| -0. |  1. | -0. ||  1. | -0. | -0. || -1. | -0. | -0. |


Determined best move using: 403209Iterations
current State

|  0. |  0. |  0. ||  0. |  0. |  0. ||  0. | -1. |  0. |
|  0. | -1. | -1. ||  0. |  1. |  0. ||  0. |  0. |  0. |
| -1. |  0. |  0. || -1. |  1. |  0. ||  0. |  0. |  0. |
|=====+=====+=====||=====+=====+=====||=====+=====+=====|
|  0. |  0. |  0. ||  1. |  0. |  0. ||  0. | -1. |  1. |
|  0. |  0. |  0. ||  0. |  0. |  1. ||  0. |  0. |  0. |
|  0. |  0. |  0. ||  0. |  0. | -1. ||  0. |  0. |  0. |
|=====+=====+=====||=====+=====+=====||=====+=====+=====|
|* 1. |* 1. |* 0. ||  1. |  0. |  0. ||  0. |  0. |  0. |
|* 0. |* 0. |* 0. ||  0. |  0. |  0. ||  0. |  0. |  0. |
|* 0. |*-1. |* 0. || -1. |  0. |  0. ||  1. |  0. |  0. |


state to eval, currenty is playerone turn=true

|  0. |  0. |  0. ||  0. |  0. |  0. ||  0. | -1. |  0. |
|  0. | -1. | -1. ||  0. |  1. |  0. ||  0. |  0. |  0. |
| -1. |  0. |  0. || -1. |  1. |  0. ||  0. |  0. |  0. |
|=====+=====+=====||=====+=====+=====||=====+=====+=====|
|  0. |  0. |  0. ||  1. |  0. |  0. ||  0. | -1. |  1. |
|  0. |  0. |  0. ||  0. |  0. |  1. ||  0. |  0. |  0. |
|  0. |  0. |  0. ||  0. |  0. | -1. ||  0. |  0. |  0. |
|=====+=====+=====||=====+=====+=====||=====+=====+=====|
|* 1. |* 1. |* 0. ||  1. |  0. |  0. ||  0. |  0. |  0. |
|* 0. |* 0. |* 0. ||  0. |  0. |  0. ||  0. |  0. |  0. |
|* 0. |*-1. |* 0. || -1. |  0. |  0. ||  1. |  0. |  0. |


Determined best move using: 413451Iterations
current State

|  0. |  0. |  0. ||  0. |  0. |  0. ||  0. | -1. |  0. |
|  0. | -1. | -1. ||  0. |  1. |  0. ||  0. |  0. |  0. |
| -1. |  0. |  0. || -1. |  1. |  0. ||  0. |  0. |  0. |
|=====+=====+=====||=====+=====+=====||=====+=====+=====|
|  0. |  0. |  0. ||  1. |  0. |  0. ||* 0. |*-1. |* 1. |
|  0. |  0. |  0. ||  0. |  0. |  1. ||* 0. |* 0. |* 0. |
|  0. |  0. |  0. ||  0. |  0. | -1. ||* 0. |* 0. |* 0. |
|=====+=====+=====||=====+=====+=====||=====+=====+=====|
|  1. |  1. |  0. ||  1. |  0. |  0. ||  0. |  0. |  0. |
|  0. |  0. |  1. ||  0. |  0. |  0. ||  0. |  0. |  0. |
|  0. | -1. |  0. || -1. |  0. |  0. ||  1. |  0. |  0. |


state to eval, currenty is playerone turn=false

| -0. | -0. | -0. || -0. | -0. | -0. || -0. |  1. | -0. |
| -0. |  1. |  1. || -0. | -1. | -0. || -0. | -0. | -0. |
|  1. | -0. | -0. ||  1. | -1. | -0. || -0. | -0. | -0. |
|=====+=====+=====||=====+=====+=====||=====+=====+=====|
| -0. | -0. | -0. || -1. | -0. | -0. ||*-0. |* 1. |*-1. |
| -0. | -0. | -0. || -0. | -0. | -1. ||*-0. |*-0. |*-0. |
| -0. | -0. | -0. || -0. | -0. |  1. ||*-0. |*-0. |*-0. |
|=====+=====+=====||=====+=====+=====||=====+=====+=====|
| -1. | -1. | -0. || -1. | -0. | -0. || -0. | -0. | -0. |
| -0. | -0. | -1. || -0. | -0. | -0. || -0. | -0. | -0. |
| -0. |  1. | -0. ||  1. | -0. | -0. || -1. | -0. | -0. |


Determined best move using: 424896Iterations
current State

|  0. |  0. |  0. ||  0. |  0. |  0. ||  0. | -1. |  0. |
|  0. | -1. | -1. ||  0. |  1. |  0. ||  0. |  0. |  0. |
| -1. |  0. |  0. || -1. |  1. |  0. ||  0. |  0. |  0. |
|=====+=====+=====||=====+=====+=====||=====+=====+=====|
|  0. |  0. |  0. ||  1. |  0. |  0. ||  0. | -1. |  1. |
|  0. |  0. |  0. ||  0. |  0. |  1. ||  0. |  0. |  0. |
|  0. |  0. |  0. ||  0. |  0. | -1. ||  0. | -1. |  0. |
|=====+=====+=====||=====+=====+=====||=====+=====+=====|
|  1. |  1. |  0. ||* 1. |* 0. |* 0. ||  0. |  0. |  0. |
|  0. |  0. |  1. ||* 0. |* 0. |* 0. ||  0. |  0. |  0. |
|  0. | -1. |  0. ||*-1. |* 0. |* 0. ||  1. |  0. |  0. |


state to eval, currenty is playerone turn=true

|  0. |  0. |  0. ||  0. |  0. |  0. ||  0. | -1. |  0. |
|  0. | -1. | -1. ||  0. |  1. |  0. ||  0. |  0. |  0. |
| -1. |  0. |  0. || -1. |  1. |  0. ||  0. |  0. |  0. |
|=====+=====+=====||=====+=====+=====||=====+=====+=====|
|  0. |  0. |  0. ||  1. |  0. |  0. ||  0. | -1. |  1. |
|  0. |  0. |  0. ||  0. |  0. |  1. ||  0. |  0. |  0. |
|  0. |  0. |  0. ||  0. |  0. | -1. ||  0. | -1. |  0. |
|=====+=====+=====||=====+=====+=====||=====+=====+=====|
|  1. |  1. |  0. ||* 1. |* 0. |* 0. ||  0. |  0. |  0. |
|  0. |  0. |  1. ||* 0. |* 0. |* 0. ||  0. |  0. |  0. |
|  0. | -1. |  0. ||*-1. |* 0. |* 0. ||  1. |  0. |  0. |


Determined best move using: 428935Iterations
current State

|  0. |  0. |  0. ||  0. |  0. |  0. ||  0. | -1. |  0. |
|  0. | -1. | -1. ||  0. |  1. |  0. ||  0. |  0. |  0. |
| -1. |  0. |  0. || -1. |  1. |  0. ||  0. |  0. |  0. |
|=====+=====+=====||=====+=====+=====||=====+=====+=====|
|  0. |  0. |  0. ||* 1. |* 0. |* 0. ||  0. | -1. |  1. |
|  0. |  0. |  0. ||* 0. |* 0. |* 1. ||  0. |  0. |  0. |
|  0. |  0. |  0. ||* 0. |* 0. |*-1. ||  0. | -1. |  0. |
|=====+=====+=====||=====+=====+=====||=====+=====+=====|
|  1. |  1. |  0. ||  1. |  0. |  0. ||  0. |  0. |  0. |
|  0. |  0. |  1. ||  0. |  1. |  0. ||  0. |  0. |  0. |
|  0. | -1. |  0. || -1. |  0. |  0. ||  1. |  0. |  0. |


state to eval, currenty is playerone turn=false

| -0. | -0. | -0. || -0. | -0. | -0. || -0. |  1. | -0. |
| -0. |  1. |  1. || -0. | -1. | -0. || -0. | -0. | -0. |
|  1. | -0. | -0. ||  1. | -1. | -0. || -0. | -0. | -0. |
|=====+=====+=====||=====+=====+=====||=====+=====+=====|
| -0. | -0. | -0. ||*-1. |*-0. |*-0. || -0. |  1. | -1. |
| -0. | -0. | -0. ||*-0. |*-0. |*-1. || -0. | -0. | -0. |
| -0. | -0. | -0. ||*-0. |*-0. |* 1. || -0. |  1. | -0. |
|=====+=====+=====||=====+=====+=====||=====+=====+=====|
| -1. | -1. | -0. || -1. | -0. | -0. || -0. | -0. | -0. |
| -0. | -0. | -1. || -0. | -1. | -0. || -0. | -0. | -0. |
| -0. |  1. | -0. ||  1. | -0. | -0. || -1. | -0. | -0. |


Determined best move using: 447803Iterations
current State

|  0. |  0. |  0. ||* 0. |* 0. |* 0. ||  0. | -1. |  0. |
|  0. | -1. | -1. ||* 0. |* 1. |* 0. ||  0. |  0. |  0. |
| -1. |  0. |  0. ||*-1. |* 1. |* 0. ||  0. |  0. |  0. |
|=====+=====+=====||=====+=====+=====||=====+=====+=====|
|  0. |  0. |  0. ||  1. | -1. |  0. ||  0. | -1. |  1. |
|  0. |  0. |  0. ||  0. |  0. |  1. ||  0. |  0. |  0. |
|  0. |  0. |  0. ||  0. |  0. | -1. ||  0. | -1. |  0. |
|=====+=====+=====||=====+=====+=====||=====+=====+=====|
|  1. |  1. |  0. ||  1. |  0. |  0. ||  0. |  0. |  0. |
|  0. |  0. |  1. ||  0. |  1. |  0. ||  0. |  0. |  0. |
|  0. | -1. |  0. || -1. |  0. |  0. ||  1. |  0. |  0. |


state to eval, currenty is playerone turn=true

|  0. |  0. |  0. ||* 0. |* 0. |* 0. ||  0. | -1. |  0. |
|  0. | -1. | -1. ||* 0. |* 1. |* 0. ||  0. |  0. |  0. |
| -1. |  0. |  0. ||*-1. |* 1. |* 0. ||  0. |  0. |  0. |
|=====+=====+=====||=====+=====+=====||=====+=====+=====|
|  0. |  0. |  0. ||  1. | -1. |  0. ||  0. | -1. |  1. |
|  0. |  0. |  0. ||  0. |  0. |  1. ||  0. |  0. |  0. |
|  0. |  0. |  0. ||  0. |  0. | -1. ||  0. | -1. |  0. |
|=====+=====+=====||=====+=====+=====||=====+=====+=====|
|  1. |  1. |  0. ||  1. |  0. |  0. ||  0. |  0. |  0. |
|  0. |  0. |  1. ||  0. |  1. |  0. ||  0. |  0. |  0. |
|  0. | -1. |  0. || -1. |  0. |  0. ||  1. |  0. |  0. |


Determined best move using: 452467Iterations
current State

|  0. |  0. |  0. ||  0. |  0. |  0. ||  0. | -1. |  0. |
|  0. | -1. | -1. ||  1. |  1. |  0. ||  0. |  0. |  0. |
| -1. |  0. |  0. || -1. |  1. |  0. ||  0. |  0. |  0. |
|=====+=====+=====||=====+=====+=====||=====+=====+=====|
|* 0. |* 0. |* 0. ||  1. | -1. |  0. ||  0. | -1. |  1. |
|* 0. |* 0. |* 0. ||  0. |  0. |  1. ||  0. |  0. |  0. |
|* 0. |* 0. |* 0. ||  0. |  0. | -1. ||  0. | -1. |  0. |
|=====+=====+=====||=====+=====+=====||=====+=====+=====|
|  1. |  1. |  0. ||  1. |  0. |  0. ||  0. |  0. |  0. |
|  0. |  0. |  1. ||  0. |  1. |  0. ||  0. |  0. |  0. |
|  0. | -1. |  0. || -1. |  0. |  0. ||  1. |  0. |  0. |


state to eval, currenty is playerone turn=false

| -0. | -0. | -0. || -0. | -0. | -0. || -0. |  1. | -0. |
| -0. |  1. |  1. || -1. | -1. | -0. || -0. | -0. | -0. |
|  1. | -0. | -0. ||  1. | -1. | -0. || -0. | -0. | -0. |
|=====+=====+=====||=====+=====+=====||=====+=====+=====|
|*-0. |*-0. |*-0. || -1. |  1. | -0. || -0. |  1. | -1. |
|*-0. |*-0. |*-0. || -0. | -0. | -1. || -0. | -0. | -0. |
|*-0. |*-0. |*-0. || -0. | -0. |  1. || -0. |  1. | -0. |
|=====+=====+=====||=====+=====+=====||=====+=====+=====|
| -1. | -1. | -0. || -1. | -0. | -0. || -0. | -0. | -0. |
| -0. | -0. | -1. || -0. | -1. | -0. || -0. | -0. | -0. |
| -0. |  1. | -0. ||  1. | -0. | -0. || -1. | -0. | -0. |


Determined best move using: 456604Iterations
current State

|  0. |  0. |  0. ||  0. |  0. |  0. ||  0. | -1. |  0. |
|  0. | -1. | -1. ||  1. |  1. |  0. ||  0. |  0. |  0. |
| -1. |  0. |  0. || -1. |  1. |  0. ||  0. |  0. |  0. |
|=====+=====+=====||=====+=====+=====||=====+=====+=====|
|  0. |  0. |  0. ||  1. | -1. |  0. ||* 0. |*-1. |* 1. |
|  0. |  0. | -1. ||  0. |  0. |  1. ||* 0. |* 0. |* 0. |
|  0. |  0. |  0. ||  0. |  0. | -1. ||* 0. |*-1. |* 0. |
|=====+=====+=====||=====+=====+=====||=====+=====+=====|
|  1. |  1. |  0. ||  1. |  0. |  0. ||  0. |  0. |  0. |
|  0. |  0. |  1. ||  0. |  1. |  0. ||  0. |  0. |  0. |
|  0. | -1. |  0. || -1. |  0. |  0. ||  1. |  0. |  0. |


state to eval, currenty is playerone turn=true

|  0. |  0. |  0. ||  0. |  0. |  0. ||  0. | -1. |  0. |
|  0. | -1. | -1. ||  1. |  1. |  0. ||  0. |  0. |  0. |
| -1. |  0. |  0. || -1. |  1. |  0. ||  0. |  0. |  0. |
|=====+=====+=====||=====+=====+=====||=====+=====+=====|
|  0. |  0. |  0. ||  1. | -1. |  0. ||* 0. |*-1. |* 1. |
|  0. |  0. | -1. ||  0. |  0. |  1. ||* 0. |* 0. |* 0. |
|  0. |  0. |  0. ||  0. |  0. | -1. ||* 0. |*-1. |* 0. |
|=====+=====+=====||=====+=====+=====||=====+=====+=====|
|  1. |  1. |  0. ||  1. |  0. |  0. ||  0. |  0. |  0. |
|  0. |  0. |  1. ||  0. |  1. |  0. ||  0. |  0. |  0. |
|  0. | -1. |  0. || -1. |  0. |  0. ||  1. |  0. |  0. |


Determined best move using: 479539Iterations
current State

|  0. |  0. |  0. ||  0. |  0. |  0. ||  0. | -1. |  0. |
|  0. | -1. | -1. ||  1. |  1. |  0. ||  0. |  0. |  0. |
| -1. |  0. |  0. || -1. |  1. |  0. ||  0. |  0. |  0. |
|=====+=====+=====||=====+=====+=====||=====+=====+=====|
|  0. |  0. |  0. ||  1. | -1. |  0. ||* 0. |*-1. |* 1. |
|  0. |  0. | -1. ||  0. |  0. |  1. ||* 0. |* 0. |* 1. |
|  0. |  0. |  0. ||  0. |  0. | -1. ||* 0. |*-1. |* 0. |
|=====+=====+=====||=====+=====+=====||=====+=====+=====|
|  1. |  1. |  0. ||  1. |  0. |  0. ||  0. |  0. |  0. |
|  0. |  0. |  1. ||  0. |  1. |  0. ||  0. |  0. |  0. |
|  0. | -1. |  0. || -1. |  0. |  0. ||  1. |  0. |  0. |


state to eval, currenty is playerone turn=false

| -0. | -0. | -0. || -0. | -0. | -0. || -0. |  1. | -0. |
| -0. |  1. |  1. || -1. | -1. | -0. || -0. | -0. | -0. |
|  1. | -0. | -0. ||  1. | -1. | -0. || -0. | -0. | -0. |
|=====+=====+=====||=====+=====+=====||=====+=====+=====|
| -0. | -0. | -0. || -1. |  1. | -0. ||*-0. |* 1. |*-1. |
| -0. | -0. |  1. || -0. | -0. | -1. ||*-0. |*-0. |*-1. |
| -0. | -0. | -0. || -0. | -0. |  1. ||*-0. |* 1. |*-0. |
|=====+=====+=====||=====+=====+=====||=====+=====+=====|
| -1. | -1. | -0. || -1. | -0. | -0. || -0. | -0. | -0. |
| -0. | -0. | -1. || -0. | -1. | -0. || -0. | -0. | -0. |
| -0. |  1. | -0. ||  1. | -0. | -0. || -1. | -0. | -0. |


Determined best move using: 494249Iterations
current State

|* 0. |* 0. |* 0. ||  0. |  0. |  0. ||  0. | -1. |  0. |
|* 0. |*-1. |*-1. ||  1. |  1. |  0. ||  0. |  0. |  0. |
|*-1. |* 0. |* 0. || -1. |  1. |  0. ||  0. |  0. |  0. |
|=====+=====+=====||=====+=====+=====||=====+=====+=====|
|  0. |  0. |  0. ||  1. | -1. |  0. || -1. | -1. |  1. |
|  0. |  0. | -1. ||  0. |  0. |  1. ||  0. |  0. |  1. |
|  0. |  0. |  0. ||  0. |  0. | -1. ||  0. | -1. |  0. |
|=====+=====+=====||=====+=====+=====||=====+=====+=====|
|  1. |  1. |  0. ||  1. |  0. |  0. ||  0. |  0. |  0. |
|  0. |  0. |  1. ||  0. |  1. |  0. ||  0. |  0. |  0. |
|  0. | -1. |  0. || -1. |  0. |  0. ||  1. |  0. |  0. |


state to eval, currenty is playerone turn=true

|* 0. |* 0. |* 0. ||  0. |  0. |  0. ||  0. | -1. |  0. |
|* 0. |*-1. |*-1. ||  1. |  1. |  0. ||  0. |  0. |  0. |
|*-1. |* 0. |* 0. || -1. |  1. |  0. ||  0. |  0. |  0. |
|=====+=====+=====||=====+=====+=====||=====+=====+=====|
|  0. |  0. |  0. ||  1. | -1. |  0. || -1. | -1. |  1. |
|  0. |  0. | -1. ||  0. |  0. |  1. ||  0. |  0. |  1. |
|  0. |  0. |  0. ||  0. |  0. | -1. ||  0. | -1. |  0. |
|=====+=====+=====||=====+=====+=====||=====+=====+=====|
|  1. |  1. |  0. ||  1. |  0. |  0. ||  0. |  0. |  0. |
|  0. |  0. |  1. ||  0. |  1. |  0. ||  0. |  0. |  0. |
|  0. | -1. |  0. || -1. |  0. |  0. ||  1. |  0. |  0. |


Determined best move using: 495669Iterations
current State

|  0. |  0. |  1. ||  0. |  0. |  0. ||* 0. |*-1. |* 0. |
|  0. | -1. | -1. ||  1. |  1. |  0. ||* 0. |* 0. |* 0. |
| -1. |  0. |  0. || -1. |  1. |  0. ||* 0. |* 0. |* 0. |
|=====+=====+=====||=====+=====+=====||=====+=====+=====|
|  0. |  0. |  0. ||  1. | -1. |  0. || -1. | -1. |  1. |
|  0. |  0. | -1. ||  0. |  0. |  1. ||  0. |  0. |  1. |
|  0. |  0. |  0. ||  0. |  0. | -1. ||  0. | -1. |  0. |
|=====+=====+=====||=====+=====+=====||=====+=====+=====|
|  1. |  1. |  0. ||  1. |  0. |  0. ||  0. |  0. |  0. |
|  0. |  0. |  1. ||  0. |  1. |  0. ||  0. |  0. |  0. |
|  0. | -1. |  0. || -1. |  0. |  0. ||  1. |  0. |  0. |


state to eval, currenty is playerone turn=false

| -0. | -0. | -1. || -0. | -0. | -0. ||*-0. |* 1. |*-0. |
| -0. |  1. |  1. || -1. | -1. | -0. ||*-0. |*-0. |*-0. |
|  1. | -0. | -0. ||  1. | -1. | -0. ||*-0. |*-0. |*-0. |
|=====+=====+=====||=====+=====+=====||=====+=====+=====|
| -0. | -0. | -0. || -1. |  1. | -0. ||  1. |  1. | -1. |
| -0. | -0. |  1. || -0. | -0. | -1. || -0. | -0. | -1. |
| -0. | -0. | -0. || -0. | -0. |  1. || -0. |  1. | -0. |
|=====+=====+=====||=====+=====+=====||=====+=====+=====|
| -1. | -1. | -0. || -1. | -0. | -0. || -0. | -0. | -0. |
| -0. | -0. | -1. || -0. | -1. | -0. || -0. | -0. | -0. |
| -0. |  1. | -0. ||  1. | -0. | -0. || -1. | -0. | -0. |


Determined best move using: 483384Iterations
current State

|  0. |  0. |  1. ||  0. |  0. |  0. ||  0. | -1. |  0. |
|  0. | -1. | -1. ||  1. |  1. |  0. ||  0. |  0. | -1. |
| -1. |  0. |  0. || -1. |  1. |  0. ||  0. |  0. |  0. |
|=====+=====+=====||=====+=====+=====||=====+=====+=====|
|  0. |  0. |  0. ||  1. | -1. |  0. ||*-1. |*-1. |* 1. |
|  0. |  0. | -1. ||  0. |  0. |  1. ||* 0. |* 0. |* 1. |
|  0. |  0. |  0. ||  0. |  0. | -1. ||* 0. |*-1. |* 0. |
|=====+=====+=====||=====+=====+=====||=====+=====+=====|
|  1. |  1. |  0. ||  1. |  0. |  0. ||  0. |  0. |  0. |
|  0. |  0. |  1. ||  0. |  1. |  0. ||  0. |  0. |  0. |
|  0. | -1. |  0. || -1. |  0. |  0. ||  1. |  0. |  0. |


state to eval, currenty is playerone turn=true

|  0. |  0. |  1. ||  0. |  0. |  0. ||  0. | -1. |  0. |
|  0. | -1. | -1. ||  1. |  1. |  0. ||  0. |  0. | -1. |
| -1. |  0. |  0. || -1. |  1. |  0. ||  0. |  0. |  0. |
|=====+=====+=====||=====+=====+=====||=====+=====+=====|
|  0. |  0. |  0. ||  1. | -1. |  0. ||*-1. |*-1. |* 1. |
|  0. |  0. | -1. ||  0. |  0. |  1. ||* 0. |* 0. |* 1. |
|  0. |  0. |  0. ||  0. |  0. | -1. ||* 0. |*-1. |* 0. |
|=====+=====+=====||=====+=====+=====||=====+=====+=====|
|  1. |  1. |  0. ||  1. |  0. |  0. ||  0. |  0. |  0. |
|  0. |  0. |  1. ||  0. |  1. |  0. ||  0. |  0. |  0. |
|  0. | -1. |  0. || -1. |  0. |  0. ||  1. |  0. |  0. |


Determined best move using: 569303Iterations
current State

|  0. |  0. |  1. ||  0. |  0. |  0. ||  0. | -1. |  0. |
|  0. | -1. | -1. ||  1. |  1. |  0. ||  0. |  0. | -1. |
| -1. |  0. |  0. || -1. |  1. |  0. ||  0. |  0. |  0. |
|=====+=====+=====||=====+=====+=====||=====+=====+=====|
|  0. |  0. |  0. ||  1. | -1. |  0. || -1. | -1. |  1. |
|  0. |  0. | -1. ||  0. |  0. |  1. ||  0. |  0. |  1. |
|  0. |  0. |  0. ||  0. |  0. | -1. ||  0. | -1. |  1. |
|=====+=====+=====||=====+=====+=====||=====+=====+=====|
|  1. |  1. |  0. ||  1. |  0. |  0. ||* 0. |* 0. |* 0. |
|  0. |  0. |  1. ||  0. |  1. |  0. ||* 0. |* 0. |* 0. |
|  0. | -1. |  0. || -1. |  0. |  0. ||* 1. |* 0. |* 0. |


state to eval, currenty is playerone turn=false

| -0. | -0. | -1. || -0. | -0. | -0. || -0. |  1. | -0. |
| -0. |  1. |  1. || -1. | -1. | -0. || -0. | -0. |  1. |
|  1. | -0. | -0. ||  1. | -1. | -0. || -0. | -0. | -0. |
|=====+=====+=====||=====+=====+=====||=====+=====+=====|
| -0. | -0. | -0. || -1. |  1. | -0. ||  1. |  1. | -1. |
| -0. | -0. |  1. || -0. | -0. | -1. || -0. | -0. | -1. |
| -0. | -0. | -0. || -0. | -0. |  1. || -0. |  1. | -1. |
|=====+=====+=====||=====+=====+=====||=====+=====+=====|
| -1. | -1. | -0. || -1. | -0. | -0. ||*-0. |*-0. |*-0. |
| -0. | -0. | -1. || -0. | -1. | -0. ||*-0. |*-0. |*-0. |
| -0. |  1. | -0. ||  1. | -0. | -0. ||*-1. |*-0. |*-0. |


Determined best move using: 562440Iterations
current State

|* 0. |* 0. |* 1. ||  0. |  0. |  0. ||  0. | -1. |  0. |
|* 0. |*-1. |*-1. ||  1. |  1. |  0. ||  0. |  0. | -1. |
|*-1. |* 0. |* 0. || -1. |  1. |  0. ||  0. |  0. |  0. |
|=====+=====+=====||=====+=====+=====||=====+=====+=====|
|  0. |  0. |  0. ||  1. | -1. |  0. || -1. | -1. |  1. |
|  0. |  0. | -1. ||  0. |  0. |  1. ||  0. |  0. |  1. |
|  0. |  0. |  0. ||  0. |  0. | -1. ||  0. | -1. |  1. |
|=====+=====+=====||=====+=====+=====||=====+=====+=====|
|  1. |  1. |  0. ||  1. |  0. |  0. || -1. |  0. |  0. |
|  0. |  0. |  1. ||  0. |  1. |  0. ||  0. |  0. |  0. |
|  0. | -1. |  0. || -1. |  0. |  0. ||  1. |  0. |  0. |


state to eval, currenty is playerone turn=true

|* 0. |* 0. |* 1. ||  0. |  0. |  0. ||  0. | -1. |  0. |
|* 0. |*-1. |*-1. ||  1. |  1. |  0. ||  0. |  0. | -1. |
|*-1. |* 0. |* 0. || -1. |  1. |  0. ||  0. |  0. |  0. |
|=====+=====+=====||=====+=====+=====||=====+=====+=====|
|  0. |  0. |  0. ||  1. | -1. |  0. || -1. | -1. |  1. |
|  0. |  0. | -1. ||  0. |  0. |  1. ||  0. |  0. |  1. |
|  0. |  0. |  0. ||  0. |  0. | -1. ||  0. | -1. |  1. |
|=====+=====+=====||=====+=====+=====||=====+=====+=====|
|  1. |  1. |  0. ||  1. |  0. |  0. || -1. |  0. |  0. |
|  0. |  0. |  1. ||  0. |  1. |  0. ||  0. |  0. |  0. |
|  0. | -1. |  0. || -1. |  0. |  0. ||  1. |  0. |  0. |


Determined best move using: 564581Iterations
current State

|  0. |  0. |  1. ||  0. |  0. |  0. ||  0. | -1. |  0. |
|  0. | -1. | -1. ||  1. |  1. |  0. ||  0. |  0. | -1. |
| -1. |  0. |  1. || -1. |  1. |  0. ||  0. |  0. |  0. |
|=====+=====+=====||=====+=====+=====||=====+=====+=====|
|  0. |  0. |  0. ||  1. | -1. |  0. || -1. | -1. |  1. |
|  0. |  0. | -1. ||  0. |  0. |  1. ||  0. |  0. |  1. |
|  0. |  0. |  0. ||  0. |  0. | -1. ||  0. | -1. |  1. |
|=====+=====+=====||=====+=====+=====||=====+=====+=====|
|  1. |  1. |  0. ||  1. |  0. |  0. ||*-1. |* 0. |* 0. |
|  0. |  0. |  1. ||  0. |  1. |  0. ||* 0. |* 0. |* 0. |
|  0. | -1. |  0. || -1. |  0. |  0. ||* 1. |* 0. |* 0. |


state to eval, currenty is playerone turn=false

| -0. | -0. | -1. || -0. | -0. | -0. || -0. |  1. | -0. |
| -0. |  1. |  1. || -1. | -1. | -0. || -0. | -0. |  1. |
|  1. | -0. | -1. ||  1. | -1. | -0. || -0. | -0. | -0. |
|=====+=====+=====||=====+=====+=====||=====+=====+=====|
| -0. | -0. | -0. || -1. |  1. | -0. ||  1. |  1. | -1. |
| -0. | -0. |  1. || -0. | -0. | -1. || -0. | -0. | -1. |
| -0. | -0. | -0. || -0. | -0. |  1. || -0. |  1. | -1. |
|=====+=====+=====||=====+=====+=====||=====+=====+=====|
| -1. | -1. | -0. || -1. | -0. | -0. ||* 1. |*-0. |*-0. |
| -0. | -0. | -1. || -0. | -1. | -0. ||*-0. |*-0. |*-0. |
| -0. |  1. | -0. ||  1. | -0. | -0. ||*-1. |*-0. |*-0. |


Determined best move using: 583560Iterations
current State

|  0. |  0. |  1. ||  0. |  0. |  0. ||  0. | -1. |  0. |
|  0. | -1. | -1. ||  1. |  1. |  0. ||  0. |  0. | -1. |
| -1. |  0. |  1. || -1. |  1. |  0. ||  0. |  0. |  0. |
|=====+=====+=====||=====+=====+=====||=====+=====+=====|
|  0. |  0. |  0. ||* 1. |*-1. |* 0. || -1. | -1. |  1. |
|  0. |  0. | -1. ||* 0. |* 0. |* 1. ||  0. |  0. |  1. |
|  0. |  0. |  0. ||* 0. |* 0. |*-1. ||  0. | -1. |  1. |
|=====+=====+=====||=====+=====+=====||=====+=====+=====|
|  1. |  1. |  0. ||  1. |  0. |  0. || -1. |  0. |  0. |
|  0. |  0. |  1. ||  0. |  1. |  0. ||  0. | -1. |  0. |
|  0. | -1. |  0. || -1. |  0. |  0. ||  1. |  0. |  0. |


state to eval, currenty is playerone turn=true

|  0. |  0. |  1. ||  0. |  0. |  0. ||  0. | -1. |  0. |
|  0. | -1. | -1. ||  1. |  1. |  0. ||  0. |  0. | -1. |
| -1. |  0. |  1. || -1. |  1. |  0. ||  0. |  0. |  0. |
|=====+=====+=====||=====+=====+=====||=====+=====+=====|
|  0. |  0. |  0. ||* 1. |*-1. |* 0. || -1. | -1. |  1. |
|  0. |  0. | -1. ||* 0. |* 0. |* 1. ||  0. |  0. |  1. |
|  0. |  0. |  0. ||* 0. |* 0. |*-1. ||  0. | -1. |  1. |
|=====+=====+=====||=====+=====+=====||=====+=====+=====|
|  1. |  1. |  0. ||  1. |  0. |  0. || -1. |  0. |  0. |
|  0. |  0. |  1. ||  0. |  1. |  0. ||  0. | -1. |  0. |
|  0. | -1. |  0. || -1. |  0. |  0. ||  1. |  0. |  0. |


Determined best move using: 626345Iterations
current State

|  0. |  0. |  1. ||  0. |  0. |  0. ||  0. | -1. |  0. |
|  0. | -1. | -1. ||  1. |  1. |  0. ||  0. |  0. | -1. |
| -1. |  0. |  1. || -1. |  1. |  0. ||  0. |  0. |  0. |
|=====+=====+=====||=====+=====+=====||=====+=====+=====|
|  0. |  0. |  0. ||  1. | -1. |  0. || -1. | -1. |  1. |
|  0. |  0. | -1. ||  0. |  0. |  1. ||  0. |  0. |  1. |
|  0. |  0. |  0. ||  0. |  1. | -1. ||  0. | -1. |  1. |
|=====+=====+=====||=====+=====+=====||=====+=====+=====|
|  1. |  1. |  0. ||* 1. |* 0. |* 0. || -1. |  0. |  0. |
|  0. |  0. |  1. ||* 0. |* 1. |* 0. ||  0. | -1. |  0. |
|  0. | -1. |  0. ||*-1. |* 0. |* 0. ||  1. |  0. |  0. |


state to eval, currenty is playerone turn=false

| -0. | -0. | -1. || -0. | -0. | -0. || -0. |  1. | -0. |
| -0. |  1. |  1. || -1. | -1. | -0. || -0. | -0. |  1. |
|  1. | -0. | -1. ||  1. | -1. | -0. || -0. | -0. | -0. |
|=====+=====+=====||=====+=====+=====||=====+=====+=====|
| -0. | -0. | -0. || -1. |  1. | -0. ||  1. |  1. | -1. |
| -0. | -0. |  1. || -0. | -0. | -1. || -0. | -0. | -1. |
| -0. | -0. | -0. || -0. | -1. |  1. || -0. |  1. | -1. |
|=====+=====+=====||=====+=====+=====||=====+=====+=====|
| -1. | -1. | -0. ||*-1. |*-0. |*-0. ||  1. | -0. | -0. |
| -0. | -0. | -1. ||*-0. |*-1. |*-0. || -0. |  1. | -0. |
| -0. |  1. | -0. ||* 1. |*-0. |*-0. || -1. | -0. | -0. |


Determined best move using: 673906Iterations
current State

|  0. |  0. |  1. ||  0. |  0. |  0. ||  0. | -1. |  0. |
|  0. | -1. | -1. ||  1. |  1. |  0. ||  0. |  0. | -1. |
| -1. |  0. |  1. || -1. |  1. |  0. ||  0. |  0. |  0. |
|=====+=====+=====||=====+=====+=====||=====+=====+=====|
|* 0. |* 0. |* 0. ||  1. | -1. |  0. || -1. | -1. |  1. |
|* 0. |* 0. |*-1. ||  0. |  0. |  1. ||  0. |  0. |  1. |
|* 0. |* 0. |* 0. ||  0. |  1. | -1. ||  0. | -1. |  1. |
|=====+=====+=====||=====+=====+=====||=====+=====+=====|
|  1. |  1. |  0. ||  1. |  0. |  0. || -1. |  0. |  0. |
|  0. |  0. |  1. || -1. |  1. |  0. ||  0. | -1. |  0. |
|  0. | -1. |  0. || -1. |  0. |  0. ||  1. |  0. |  0. |


state to eval, currenty is playerone turn=true

|  0. |  0. |  1. ||  0. |  0. |  0. ||  0. | -1. |  0. |
|  0. | -1. | -1. ||  1. |  1. |  0. ||  0. |  0. | -1. |
| -1. |  0. |  1. || -1. |  1. |  0. ||  0. |  0. |  0. |
|=====+=====+=====||=====+=====+=====||=====+=====+=====|
|* 0. |* 0. |* 0. ||  1. | -1. |  0. || -1. | -1. |  1. |
|* 0. |* 0. |*-1. ||  0. |  0. |  1. ||  0. |  0. |  1. |
|* 0. |* 0. |* 0. ||  0. |  1. | -1. ||  0. | -1. |  1. |
|=====+=====+=====||=====+=====+=====||=====+=====+=====|
|  1. |  1. |  0. ||  1. |  0. |  0. || -1. |  0. |  0. |
|  0. |  0. |  1. || -1. |  1. |  0. ||  0. | -1. |  0. |
|  0. | -1. |  0. || -1. |  0. |  0. ||  1. |  0. |  0. |


Determined best move using: 682370Iterations
current State

|  0. |  0. |  1. ||* 0. |* 0. |* 0. ||  0. | -1. |  0. |
|  0. | -1. | -1. ||* 1. |* 1. |* 0. ||  0. |  0. | -1. |
| -1. |  0. |  1. ||*-1. |* 1. |* 0. ||  0. |  0. |  0. |
|=====+=====+=====||=====+=====+=====||=====+=====+=====|
|  0. |  1. |  0. ||  1. | -1. |  0. || -1. | -1. |  1. |
|  0. |  0. | -1. ||  0. |  0. |  1. ||  0. |  0. |  1. |
|  0. |  0. |  0. ||  0. |  1. | -1. ||  0. | -1. |  1. |
|=====+=====+=====||=====+=====+=====||=====+=====+=====|
|  1. |  1. |  0. ||  1. |  0. |  0. || -1. |  0. |  0. |
|  0. |  0. |  1. || -1. |  1. |  0. ||  0. | -1. |  0. |
|  0. | -1. |  0. || -1. |  0. |  0. ||  1. |  0. |  0. |


state to eval, currenty is playerone turn=false

| -0. | -0. | -1. ||*-0. |*-0. |*-0. || -0. |  1. | -0. |
| -0. |  1. |  1. ||*-1. |*-1. |*-0. || -0. | -0. |  1. |
|  1. | -0. | -1. ||* 1. |*-1. |*-0. || -0. | -0. | -0. |
|=====+=====+=====||=====+=====+=====||=====+=====+=====|
| -0. | -1. | -0. || -1. |  1. | -0. ||  1. |  1. | -1. |
| -0. | -0. |  1. || -0. | -0. | -1. || -0. | -0. | -1. |
| -0. | -0. | -0. || -0. | -1. |  1. || -0. |  1. | -1. |
|=====+=====+=====||=====+=====+=====||=====+=====+=====|
| -1. | -1. | -0. || -1. | -0. | -0. ||  1. | -0. | -0. |
| -0. | -0. | -1. ||  1. | -1. | -0. || -0. |  1. | -0. |
| -0. |  1. | -0. ||  1. | -0. | -0. || -1. | -0. | -0. |


Determined best move using: 721906Iterations
current State

|  0. |  0. |  1. ||* 0. |*-1. |* 0. ||  0. | -1. |  0. |
|  0. | -1. | -1. ||* 1. |* 1. |* 0. ||  0. |  0. | -1. |
| -1. |  0. |  1. ||*-1. |* 1. |* 0. ||  0. |  0. |  0. |
|=====+=====+=====||=====+=====+=====||=====+=====+=====|
|  0. |  1. |  0. ||  1. | -1. |  0. || -1. | -1. |  1. |
|  0. |  0. | -1. ||  0. |  0. |  1. ||  0. |  0. |  1. |
|  0. |  0. |  0. ||  0. |  1. | -1. ||  0. | -1. |  1. |
|=====+=====+=====||=====+=====+=====||=====+=====+=====|
|  1. |  1. |  0. ||  1. |  0. |  0. || -1. |  0. |  0. |
|  0. |  0. |  1. || -1. |  1. |  0. ||  0. | -1. |  0. |
|  0. | -1. |  0. || -1. |  0. |  0. ||  1. |  0. |  0. |


state to eval, currenty is playerone turn=true

|  0. |  0. |  1. ||* 0. |*-1. |* 0. ||  0. | -1. |  0. |
|  0. | -1. | -1. ||* 1. |* 1. |* 0. ||  0. |  0. | -1. |
| -1. |  0. |  1. ||*-1. |* 1. |* 0. ||  0. |  0. |  0. |
|=====+=====+=====||=====+=====+=====||=====+=====+=====|
|  0. |  1. |  0. ||  1. | -1. |  0. || -1. | -1. |  1. |
|  0. |  0. | -1. ||  0. |  0. |  1. ||  0. |  0. |  1. |
|  0. |  0. |  0. ||  0. |  1. | -1. ||  0. | -1. |  1. |
|=====+=====+=====||=====+=====+=====||=====+=====+=====|
|  1. |  1. |  0. ||  1. |  0. |  0. || -1. |  0. |  0. |
|  0. |  0. |  1. || -1. |  1. |  0. ||  0. | -1. |  0. |
|  0. | -1. |  0. || -1. |  0. |  0. ||  1. |  0. |  0. |


Determined best move using: 773204Iterations
current State

|* 0. |* 0. |* 1. ||  1. | -1. |  0. ||  0. | -1. |  0. |
|* 0. |*-1. |*-1. ||  1. |  1. |  0. ||  0. |  0. | -1. |
|*-1. |* 0. |* 1. || -1. |  1. |  0. ||  0. |  0. |  0. |
|=====+=====+=====||=====+=====+=====||=====+=====+=====|
|  0. |  1. |  0. ||  1. | -1. |  0. || -1. | -1. |  1. |
|  0. |  0. | -1. ||  0. |  0. |  1. ||  0. |  0. |  1. |
|  0. |  0. |  0. ||  0. |  1. | -1. ||  0. | -1. |  1. |
|=====+=====+=====||=====+=====+=====||=====+=====+=====|
|  1. |  1. |  0. ||  1. |  0. |  0. || -1. |  0. |  0. |
|  0. |  0. |  1. || -1. |  1. |  0. ||  0. | -1. |  0. |
|  0. | -1. |  0. || -1. |  0. |  0. ||  1. |  0. |  0. |


state to eval, currenty is playerone turn=false

|*-0. |*-0. |*-1. || -1. |  1. | -0. || -0. |  1. | -0. |
|*-0. |* 1. |* 1. || -1. | -1. | -0. || -0. | -0. |  1. |
|* 1. |*-0. |*-1. ||  1. | -1. | -0. || -0. | -0. | -0. |
|=====+=====+=====||=====+=====+=====||=====+=====+=====|
| -0. | -1. | -0. || -1. |  1. | -0. ||  1. |  1. | -1. |
| -0. | -0. |  1. || -0. | -0. | -1. || -0. | -0. | -1. |
| -0. | -0. | -0. || -0. | -1. |  1. || -0. |  1. | -1. |
|=====+=====+=====||=====+=====+=====||=====+=====+=====|
| -1. | -1. | -0. || -1. | -0. | -0. ||  1. | -0. | -0. |
| -0. | -0. | -1. ||  1. | -1. | -0. || -0. |  1. | -0. |
| -0. |  1. | -0. ||  1. | -0. | -0. || -1. | -0. | -0. |


Determined best move using: 789517Iterations
current State

|  0. |  0. |  1. ||  1. | -1. |  0. ||  0. | -1. |  0. |
| -1. | -1. | -1. ||  1. |  1. |  0. ||  0. |  0. | -1. |
| -1. |  0. |  1. || -1. |  1. |  0. ||  0. |  0. |  0. |
|=====+=====+=====||=====+=====+=====||=====+=====+=====|
|* 0. |* 1. |* 0. ||  1. | -1. |  0. || -1. | -1. |  1. |
|* 0. |* 0. |*-1. ||  0. |  0. |  1. ||  0. |  0. |  1. |
|* 0. |* 0. |* 0. ||  0. |  1. | -1. ||  0. | -1. |  1. |
|=====+=====+=====||=====+=====+=====||=====+=====+=====|
|  1. |  1. |  0. ||  1. |  0. |  0. || -1. |  0. |  0. |
|  0. |  0. |  1. || -1. |  1. |  0. ||  0. | -1. |  0. |
|  0. | -1. |  0. || -1. |  0. |  0. ||  1. |  0. |  0. |


state to eval, currenty is playerone turn=true

|  0. |  0. |  1. ||  1. | -1. |  0. ||  0. | -1. |  0. |
| -1. | -1. | -1. ||  1. |  1. |  0. ||  0. |  0. | -1. |
| -1. |  0. |  1. || -1. |  1. |  0. ||  0. |  0. |  0. |
|=====+=====+=====||=====+=====+=====||=====+=====+=====|
|* 0. |* 1. |* 0. ||  1. | -1. |  0. || -1. | -1. |  1. |
|* 0. |* 0. |*-1. ||  0. |  0. |  1. ||  0. |  0. |  1. |
|* 0. |* 0. |* 0. ||  0. |  1. | -1. ||  0. | -1. |  1. |
|=====+=====+=====||=====+=====+=====||=====+=====+=====|
|  1. |  1. |  0. ||  1. |  0. |  0. || -1. |  0. |  0. |
|  0. |  0. |  1. || -1. |  1. |  0. ||  0. | -1. |  0. |
|  0. | -1. |  0. || -1. |  0. |  0. ||  1. |  0. |  0. |


Determined best move using: 6363879Iterations
current State

|  0. |  0. |  1. ||  1. | -1. |  0. ||* 0. |*-1. |* 0. |
| -1. | -1. | -1. ||  1. |  1. |  0. ||* 0. |* 0. |*-1. |
| -1. |  0. |  1. || -1. |  1. |  0. ||* 0. |* 0. |* 0. |
|=====+=====+=====||=====+=====+=====||=====+=====+=====|
|  0. |  1. |  1. ||  1. | -1. |  0. || -1. | -1. |  1. |
|  0. |  0. | -1. ||  0. |  0. |  1. ||  0. |  0. |  1. |
|  0. |  0. |  0. ||  0. |  1. | -1. ||  0. | -1. |  1. |
|=====+=====+=====||=====+=====+=====||=====+=====+=====|
|  1. |  1. |  0. ||  1. |  0. |  0. || -1. |  0. |  0. |
|  0. |  0. |  1. || -1. |  1. |  0. ||  0. | -1. |  0. |
|  0. | -1. |  0. || -1. |  0. |  0. ||  1. |  0. |  0. |


state to eval, currenty is playerone turn=false

| -0. | -0. | -1. || -1. |  1. | -0. ||*-0. |* 1. |*-0. |
|  1. |  1. |  1. || -1. | -1. | -0. ||*-0. |*-0. |* 1. |
|  1. | -0. | -1. ||  1. | -1. | -0. ||*-0. |*-0. |*-0. |
|=====+=====+=====||=====+=====+=====||=====+=====+=====|
| -0. | -1. | -1. || -1. |  1. | -0. ||  1. |  1. | -1. |
| -0. | -0. |  1. || -0. | -0. | -1. || -0. | -0. | -1. |
| -0. | -0. | -0. || -0. | -1. |  1. || -0. |  1. | -1. |
|=====+=====+=====||=====+=====+=====||=====+=====+=====|
| -1. | -1. | -0. || -1. | -0. | -0. ||  1. | -0. | -0. |
| -0. | -0. | -1. ||  1. | -1. | -0. || -0. |  1. | -0. |
| -0. |  1. | -0. ||  1. | -0. | -0. || -1. | -0. | -0. |


Determined best move using: 3722498Iterations
current State

|  0. |  0. |  1. ||  1. | -1. |  0. ||  0. | -1. |  0. |
| -1. | -1. | -1. ||  1. |  1. |  0. ||  0. | -1. | -1. |
| -1. |  0. |  1. || -1. |  1. |  0. ||  0. |  0. |  0. |
|=====+=====+=====||=====+=====+=====||=====+=====+=====|
|  0. |  1. |  1. ||* 1. |*-1. |* 0. || -1. | -1. |  1. |
|  0. |  0. | -1. ||* 0. |* 0. |* 1. ||  0. |  0. |  1. |
|  0. |  0. |  0. ||* 0. |* 1. |*-1. ||  0. | -1. |  1. |
|=====+=====+=====||=====+=====+=====||=====+=====+=====|
|  1. |  1. |  0. ||  1. |  0. |  0. || -1. |  0. |  0. |
|  0. |  0. |  1. || -1. |  1. |  0. ||  0. | -1. |  0. |
|  0. | -1. |  0. || -1. |  0. |  0. ||  1. |  0. |  0. |


state to eval, currenty is playerone turn=true

|  0. |  0. |  1. ||  1. | -1. |  0. ||  0. | -1. |  0. |
| -1. | -1. | -1. ||  1. |  1. |  0. ||  0. | -1. | -1. |
| -1. |  0. |  1. || -1. |  1. |  0. ||  0. |  0. |  0. |
|=====+=====+=====||=====+=====+=====||=====+=====+=====|
|  0. |  1. |  1. ||* 1. |*-1. |* 0. || -1. | -1. |  1. |
|  0. |  0. | -1. ||* 0. |* 0. |* 1. ||  0. |  0. |  1. |
|  0. |  0. |  0. ||* 0. |* 1. |*-1. ||  0. | -1. |  1. |
|=====+=====+=====||=====+=====+=====||=====+=====+=====|
|  1. |  1. |  0. ||  1. |  0. |  0. || -1. |  0. |  0. |
|  0. |  0. |  1. || -1. |  1. |  0. ||  0. | -1. |  0. |
|  0. | -1. |  0. || -1. |  0. |  0. ||  1. |  0. |  0. |


Determined best move using: 9600854Iterations
current State

|  0. |  0. |  1. ||  1. | -1. |  0. ||  0. | -1. |  0. |
| -1. | -1. | -1. ||  1. |  1. |  0. ||  0. | -1. | -1. |
| -1. |  0. |  1. || -1. |  1. |  0. ||  0. |  0. |  0. |
|=====+=====+=====||=====+=====+=====||=====+=====+=====|
|  0. |  1. |  1. ||  1. | -1. |  0. || -1. | -1. |  1. |
|  0. |  0. | -1. ||  0. |  0. |  1. ||  0. |  0. |  1. |
|  0. |  0. |  0. ||  1. |  1. | -1. ||  0. | -1. |  1. |
|=====+=====+=====||=====+=====+=====||=====+=====+=====|
|* 1. |* 1. |* 0. ||  1. |  0. |  0. || -1. |  0. |  0. |
|* 0. |* 0. |* 1. || -1. |  1. |  0. ||  0. | -1. |  0. |
|* 0. |*-1. |* 0. || -1. |  0. |  0. ||  1. |  0. |  0. |


state to eval, currenty is playerone turn=false

| -0. | -0. | -1. || -1. |  1. | -0. || -0. |  1. | -0. |
|  1. |  1. |  1. || -1. | -1. | -0. || -0. |  1. |  1. |
|  1. | -0. | -1. ||  1. | -1. | -0. || -0. | -0. | -0. |
|=====+=====+=====||=====+=====+=====||=====+=====+=====|
| -0. | -1. | -1. || -1. |  1. | -0. ||  1. |  1. | -1. |
| -0. | -0. |  1. || -0. | -0. | -1. || -0. | -0. | -1. |
| -0. | -0. | -0. || -1. | -1. |  1. || -0. |  1. | -1. |
|=====+=====+=====||=====+=====+=====||=====+=====+=====|
|*-1. |*-1. |*-0. || -1. | -0. | -0. ||  1. | -0. | -0. |
|*-0. |*-0. |*-1. ||  1. | -1. | -0. || -0. |  1. | -0. |
|*-0. |* 1. |*-0. ||  1. | -0. | -0. || -1. | -0. | -0. |


Determined best move using: 257073Iterations
current State

|  0. |  0. |  1. ||  1. | -1. |  0. ||  0. | -1. |  0. |
| -1. | -1. | -1. ||  1. |  1. |  0. ||  0. | -1. | -1. |
| -1. |  0. |  1. || -1. |  1. |  0. ||  0. |  0. |  0. |
|=====+=====+=====||=====+=====+=====||=====+=====+=====|
|  0. |  1. |  1. ||* 1. |*-1. |* 0. || -1. | -1. |  1. |
|  0. |  0. | -1. ||* 0. |* 0. |* 1. ||  0. |  0. |  1. |
|  0. |  0. |  0. ||* 1. |* 1. |*-1. ||  0. | -1. |  1. |
|=====+=====+=====||=====+=====+=====||=====+=====+=====|
|  1. |  1. |  0. ||  1. |  0. |  0. || -1. |  0. |  0. |
|  0. | -1. |  1. || -1. |  1. |  0. ||  0. | -1. |  0. |
|  0. | -1. |  0. || -1. |  0. |  0. ||  1. |  0. |  0. |


state to eval, currenty is playerone turn=true

|  0. |  0. |  1. ||  1. | -1. |  0. ||  0. | -1. |  0. |
| -1. | -1. | -1. ||  1. |  1. |  0. ||  0. | -1. | -1. |
| -1. |  0. |  1. || -1. |  1. |  0. ||  0. |  0. |  0. |
|=====+=====+=====||=====+=====+=====||=====+=====+=====|
|  0. |  1. |  1. ||* 1. |*-1. |* 0. || -1. | -1. |  1. |
|  0. |  0. | -1. ||* 0. |* 0. |* 1. ||  0. |  0. |  1. |
|  0. |  0. |  0. ||* 1. |* 1. |*-1. ||  0. | -1. |  1. |
|=====+=====+=====||=====+=====+=====||=====+=====+=====|
|  1. |  1. |  0. ||  1. |  0. |  0. || -1. |  0. |  0. |
|  0. | -1. |  1. || -1. |  1. |  0. ||  0. | -1. |  0. |
|  0. | -1. |  0. || -1. |  0. |  0. ||  1. |  0. |  0. |


Determined best move using: 274990Iterations
current State

|  0. |  0. |  1. ||  1. | -1. |  0. ||  0. | -1. |  0. |
| -1. | -1. | -1. ||  1. |  1. |  0. ||  0. | -1. | -1. |
| -1. |  0. |  1. || -1. |  1. |  0. ||  0. |  0. |  0. |
|=====+=====+=====||=====+=====+=====||=====+=====+=====|
|* 0. |* 1. |* 1. ||  1. | -1. |  0. || -1. | -1. |  1. |
|* 0. |* 0. |*-1. ||  1. |  0. |  1. ||  0. |  0. |  1. |
|* 0. |* 0. |* 0. ||  1. |  1. | -1. ||  0. | -1. |  1. |
|=====+=====+=====||=====+=====+=====||=====+=====+=====|
|  1. |  1. |  0. ||  1. |  0. |  0. || -1. |  0. |  0. |
|  0. | -1. |  1. || -1. |  1. |  0. ||  0. | -1. |  0. |
|  0. | -1. |  0. || -1. |  0. |  0. ||  1. |  0. |  0. |


state to eval, currenty is playerone turn=false

| -0. | -0. | -1. || -1. |  1. | -0. || -0. |  1. | -0. |
|  1. |  1. |  1. || -1. | -1. | -0. || -0. |  1. |  1. |
|  1. | -0. | -1. ||  1. | -1. | -0. || -0. | -0. | -0. |
|=====+=====+=====||=====+=====+=====||=====+=====+=====|
|*-0. |*-1. |*-1. || -1. |  1. | -0. ||  1. |  1. | -1. |
|*-0. |*-0. |* 1. || -1. | -0. | -1. || -0. | -0. | -1. |
|*-0. |*-0. |*-0. || -1. | -1. |  1. || -0. |  1. | -1. |
|=====+=====+=====||=====+=====+=====||=====+=====+=====|
| -1. | -1. | -0. || -1. | -0. | -0. ||  1. | -0. | -0. |
| -0. |  1. | -1. ||  1. | -1. | -0. || -0. |  1. | -0. |
| -0. |  1. | -0. ||  1. | -0. | -0. || -1. | -0. | -0. |


Determined best move using: 273495Iterations
Determined best move using: 499078Iterations
current State

|  0. |  0. |  1. ||  1. | -1. |  0. ||  0. | -1. |  0. |
| -1. | -1. | -1. ||  1. |  1. |  0. ||  0. | -1. | -1. |
| -1. |  0. |  1. || -1. |  1. |  0. ||  0. |  0. |  0. |
|=====+=====+=====||=====+=====+=====||=====+=====+=====|
|* 0. |* 1. |* 1. ||  1. | -1. |  0. || -1. | -1. |  1. |
|*-1. |* 0. |*-1. ||  1. |  0. |  1. ||  0. |  0. |  1. |
|* 0. |* 0. |* 0. ||  1. |  1. | -1. ||  0. | -1. |  1. |
|=====+=====+=====||=====+=====+=====||=====+=====+=====|
|  1. |  1. |  0. ||  1. |  0. |  0. || -1. |  0. |  0. |
|  0. | -1. |  1. || -1. |  1. |  0. ||  0. | -1. |  0. |
|  0. | -1. |  0. || -1. |  0. |  0. ||  1. |  0. |  0. |


state to eval, currenty is playerone turn=true

|  0. |  0. |  1. ||  1. | -1. |  0. ||  0. | -1. |  0. |
| -1. | -1. | -1. ||  1. |  1. |  0. ||  0. | -1. | -1. |
| -1. |  0. |  1. || -1. |  1. |  0. ||  0. |  0. |  0. |
|=====+=====+=====||=====+=====+=====||=====+=====+=====|
|* 0. |* 1. |* 1. ||  1. | -1. |  0. || -1. | -1. |  1. |
|*-1. |* 0. |*-1. ||  1. |  0. |  1. ||  0. |  0. |  1. |
|* 0. |* 0. |* 0. ||  1. |  1. | -1. ||  0. | -1. |  1. |
|=====+=====+=====||=====+=====+=====||=====+=====+=====|
|  1. |  1. |  0. ||  1. |  0. |  0. || -1. |  0. |  0. |
|  0. | -1. |  1. || -1. |  1. |  0. ||  0. | -1. |  0. |
|  0. | -1. |  0. || -1. |  0. |  0. ||  1. |  0. |  0. |


Determined best move using: 283915Iterations
Determined best move using: 529035Iterations
current State

|  0. |  0. |  1. ||* 1. |*-1. |* 0. ||* 0. |*-1. |* 0. |
| -1. | -1. | -1. ||* 1. |* 1. |* 0. ||* 0. |*-1. |*-1. |
| -1. |  0. |  1. ||*-1. |* 1. |* 0. ||* 0. |* 0. |* 0. |
|=====+=====+=====||=====+=====+=====||=====+=====+=====|
|  1. |  1. |  1. ||  1. | -1. |  0. || -1. | -1. |  1. |
| -1. |  0. | -1. ||  1. |  0. |  1. ||  0. |  0. |  1. |
|  0. |  0. |  0. ||  1. |  1. | -1. ||  0. | -1. |  1. |
|=====+=====+=====||=====+=====+=====||=====+=====+=====|
|* 1. |* 1. |* 0. ||* 1. |* 0. |* 0. ||*-1. |* 0. |* 0. |
|* 0. |*-1. |* 1. ||*-1. |* 1. |* 0. ||* 0. |*-1. |* 0. |
|* 0. |*-1. |* 0. ||*-1. |* 0. |* 0. ||* 1. |* 0. |* 0. |


Game ended in: 45 moves
Actual data created in graphical format: 
[StateDatum{MCTSProbabilites=
|  .0092 |  .0103 |  .0137 ||  .0111 |  .0125 |  .0108 ||  .0117 |  .0116 |  .0098 |
|  .0128 |  .009 |  .0139 ||  .0109 |  .0103 |  .0101 ||  .009 |  .0141 |  .0101 |
|  .0141 |  .0169 |  .0101 ||  .0096 |  .0138 |  .0118 ||  .0152 |  .0118 |  .0138 |
|========+========+========||========+========+========||========+========+========|
|  .0104 |  .0126 |  .0109 ||  .021 |  .0166 |  .0178 ||  .0115 |  .0128 |  .0123 |
|  .0062 |  .0075 |  .0094 ||  .0193 |  .0142 |  .0133 ||  .0084 |  .0093 |  .0071 |
|  .0102 |  .007 |  .013 ||  .0166 |  .0178 |  .0163 ||  .0094 |  .0127 |  .0126 |
|========+========+========||========+========+========||========+========+========|
|  .011 |  .0125 |  .0158 ||  .0116 |  .0119 |  .0126 ||  .0165 |  .0143 |  .0145 |
|  .0134 |  .0161 |  .0149 ||  .011 |  .009 |  .0102 ||  .009 |  .0195 |  .0111 |
|  .0147 |  .0076 |  .013 ||  .0122 |  .0106 |  .0098 ||  .0157 |  .016 |  .0112 |

, state=
|* 0. |* 0. |* 0. ||* 0. |* 0. |* 0. ||* 0. |* 0. |* 0. |
|* 0. |* 0. |* 0. ||* 0. |* 0. |* 0. ||* 0. |* 0. |* 0. |
|* 0. |* 0. |* 0. ||* 0. |* 0. |* 0. ||* 0. |* 0. |* 0. |
|=====+=====+=====||=====+=====+=====||=====+=====+=====|
|* 0. |* 0. |* 0. ||* 0. |* 0. |* 0. ||* 0. |* 0. |* 0. |
|* 0. |* 0. |* 0. ||* 0. |* 0. |* 0. ||* 0. |* 0. |* 0. |
|* 0. |* 0. |* 0. ||* 0. |* 0. |* 0. ||* 0. |* 0. |* 0. |
|=====+=====+=====||=====+=====+=====||=====+=====+=====|
|* 0. |* 0. |* 0. ||* 0. |* 0. |* 0. ||* 0. |* 0. |* 0. |
|* 0. |* 0. |* 0. ||* 0. |* 0. |* 0. ||* 0. |* 0. |* 0. |
|* 0. |* 0. |* 0. ||* 0. |* 0. |* 0. ||* 0. |* 0. |* 0. |

, evalForThisState=1.0, isPlayerOneTurnOriginally=true}, StateDatum{MCTSProbabilites=
|  .0149 |  .0194 |  .0135 ||  .0 |  .0 |  .0 ||  .0 |  .0 |  .0 |
|  .1923 |  .3976 |  .0134 ||  .0 |  .0 |  .0 ||  .0 |  .0 |  .0 |
|  .0126 |  .3245 |  .0118 ||  .0 |  .0 |  .0 ||  .0 |  .0 |  .0 |
|========+========+========||========+========+========||========+========+========|
|  .0 |  .0 |  .0 ||  .0 |  .0 |  .0 ||  .0 |  .0 |  .0 |
|  .0 |  .0 |  .0 ||  .0 |  .0 |  .0 ||  .0 |  .0 |  .0 |
|  .0 |  .0 |  .0 ||  .0 |  .0 |  .0 ||  .0 |  .0 |  .0 |
|========+========+========||========+========+========||========+========+========|
|  .0 |  .0 |  .0 ||  .0 |  .0 |  .0 ||  .0 |  .0 |  .0 |
|  .0 |  .0 |  .0 ||  .0 |  .0 |  .0 ||  .0 |  .0 |  .0 |
|  .0 |  .0 |  .0 ||  .0 |  .0 |  .0 ||  .0 |  .0 |  .0 |

, state=
|*-0. |*-0. |*-0. || -0. | -0. | -0. || -0. | -0. | -0. |
|*-0. |*-0. |*-0. || -0. | -0. | -0. || -0. | -0. | -0. |
|*-0. |*-0. |*-0. || -0. | -0. | -0. || -0. | -0. | -0. |
|=====+=====+=====||=====+=====+=====||=====+=====+=====|
| -0. | -0. | -0. || -1. | -0. | -0. || -0. | -0. | -0. |
| -0. | -0. | -0. || -0. | -0. | -0. || -0. | -0. | -0. |
| -0. | -0. | -0. || -0. | -0. | -0. || -0. | -0. | -0. |
|=====+=====+=====||=====+=====+=====||=====+=====+=====|
| -0. | -0. | -0. || -0. | -0. | -0. || -0. | -0. | -0. |
| -0. | -0. | -0. || -0. | -0. | -0. || -0. | -0. | -0. |
| -0. | -0. | -0. || -0. | -0. | -0. || -0. | -0. | -0. |

, evalForThisState=-1.0, isPlayerOneTurnOriginally=false}, StateDatum{MCTSProbabilites=
|  .0 |  .0 |  .0 ||  .0 |  .0 |  .0 ||  .0 |  .0 |  .0 |
|  .0 |  .0 |  .0 ||  .0 |  .0 |  .0 ||  .0 |  .0 |  .0 |
|  .0 |  .0 |  .0 ||  .0 |  .0 |  .0 ||  .0 |  .0 |  .0 |
|========+========+========||========+========+========||========+========+========|
|  .0 |  .0 |  .0 ||  .0 |  .0853 |  .069 ||  .0 |  .0 |  .0 |
|  .0 |  .0 |  .0 ||  .1963 |  .0648 |  .2412 ||  .0 |  .0 |  .0 |
|  .0 |  .0 |  .0 ||  .0726 |  .2068 |  .0641 ||  .0 |  .0 |  .0 |
|========+========+========||========+========+========||========+========+========|
|  .0 |  .0 |  .0 ||  .0 |  .0 |  .0 ||  .0 |  .0 |  .0 |
|  .0 |  .0 |  .0 ||  .0 |  .0 |  .0 ||  .0 |  .0 |  .0 |
|  .0 |  .0 |  .0 ||  .0 |  .0 |  .0 ||  .0 |  .0 |  .0 |

, state=
|  0. |  0. |  0. ||  0. |  0. |  0. ||  0. |  0. |  0. |
|  0. | -1. |  0. ||  0. |  0. |  0. ||  0. |  0. |  0. |
|  0. |  0. |  0. ||  0. |  0. |  0. ||  0. |  0. |  0. |
|=====+=====+=====||=====+=====+=====||=====+=====+=====|
|  0. |  0. |  0. ||* 1. |* 0. |* 0. ||  0. |  0. |  0. |
|  0. |  0. |  0. ||* 0. |* 0. |* 0. ||  0. |  0. |  0. |
|  0. |  0. |  0. ||* 0. |* 0. |* 0. ||  0. |  0. |  0. |
|=====+=====+=====||=====+=====+=====||=====+=====+=====|
|  0. |  0. |  0. ||  0. |  0. |  0. ||  0. |  0. |  0. |
|  0. |  0. |  0. ||  0. |  0. |  0. ||  0. |  0. |  0. |
|  0. |  0. |  0. ||  0. |  0. |  0. ||  0. |  0. |  0. |

, evalForThisState=1.0, isPlayerOneTurnOriginally=true}, StateDatum{MCTSProbabilites=
|  .0 |  .0 |  .0 ||  .0 |  .0 |  .0 ||  .0 |  .0 |  .0 |
|  .0 |  .0 |  .0 ||  .0 |  .0 |  .0 ||  .0 |  .0 |  .0 |
|  .0 |  .0 |  .0 ||  .0 |  .0 |  .0 ||  .0 |  .0 |  .0 |
|========+========+========||========+========+========||========+========+========|
|  .0 |  .0 |  .0 ||  .0 |  .0 |  .0 ||  .1533 |  .1641 |  .1621 |
|  .0 |  .0 |  .0 ||  .0 |  .0 |  .0 ||  .1569 |  .0131 |  .1614 |
|  .0 |  .0 |  .0 ||  .0 |  .0 |  .0 ||  .0106 |  .0186 |  .1598 |
|========+========+========||========+========+========||========+========+========|
|  .0 |  .0 |  .0 ||  .0 |  .0 |  .0 ||  .0 |  .0 |  .0 |
|  .0 |  .0 |  .0 ||  .0 |  .0 |  .0 ||  .0 |  .0 |  .0 |
|  .0 |  .0 |  .0 ||  .0 |  .0 |  .0 ||  .0 |  .0 |  .0 |

, state=
| -0. | -0. | -0. || -0. | -0. | -0. || -0. | -0. | -0. |
| -0. |  1. | -0. || -0. | -0. | -0. || -0. | -0. | -0. |
| -0. | -0. | -0. || -0. | -0. | -0. || -0. | -0. | -0. |
|=====+=====+=====||=====+=====+=====||=====+=====+=====|
| -0. | -0. | -0. || -1. | -0. | -0. ||*-0. |*-0. |*-0. |
| -0. | -0. | -0. || -0. | -0. | -1. ||*-0. |*-0. |*-0. |
| -0. | -0. | -0. || -0. | -0. | -0. ||*-0. |*-0. |*-0. |
|=====+=====+=====||=====+=====+=====||=====+=====+=====|
| -0. | -0. | -0. || -0. | -0. | -0. || -0. | -0. | -0. |
| -0. | -0. | -0. || -0. | -0. | -0. || -0. | -0. | -0. |
| -0. | -0. | -0. || -0. | -0. | -0. || -0. | -0. | -0. |

, evalForThisState=-1.0, isPlayerOneTurnOriginally=false}, StateDatum{MCTSProbabilites=
|  .0 |  .0 |  .0 ||  .0896 |  .1041 |  .1276 ||  .0 |  .0 |  .0 |
|  .0 |  .0 |  .0 ||  .1024 |  .1379 |  .0511 ||  .0 |  .0 |  .0 |
|  .0 |  .0 |  .0 ||  .1377 |  .1317 |  .118 ||  .0 |  .0 |  .0 |
|========+========+========||========+========+========||========+========+========|
|  .0 |  .0 |  .0 ||  .0 |  .0 |  .0 ||  .0 |  .0 |  .0 |
|  .0 |  .0 |  .0 ||  .0 |  .0 |  .0 ||  .0 |  .0 |  .0 |
|  .0 |  .0 |  .0 ||  .0 |  .0 |  .0 ||  .0 |  .0 |  .0 |
|========+========+========||========+========+========||========+========+========|
|  .0 |  .0 |  .0 ||  .0 |  .0 |  .0 ||  .0 |  .0 |  .0 |
|  .0 |  .0 |  .0 ||  .0 |  .0 |  .0 ||  .0 |  .0 |  .0 |
|  .0 |  .0 |  .0 ||  .0 |  .0 |  .0 ||  .0 |  .0 |  .0 |

, state=
|  0. |  0. |  0. ||* 0. |* 0. |* 0. ||  0. |  0. |  0. |
|  0. | -1. |  0. ||* 0. |* 0. |* 0. ||  0. |  0. |  0. |
|  0. |  0. |  0. ||* 0. |* 0. |* 0. ||  0. |  0. |  0. |
|=====+=====+=====||=====+=====+=====||=====+=====+=====|
|  0. |  0. |  0. ||  1. |  0. |  0. ||  0. | -1. |  0. |
|  0. |  0. |  0. ||  0. |  0. |  1. ||  0. |  0. |  0. |
|  0. |  0. |  0. ||  0. |  0. |  0. ||  0. |  0. |  0. |
|=====+=====+=====||=====+=====+=====||=====+=====+=====|
|  0. |  0. |  0. ||  0. |  0. |  0. ||  0. |  0. |  0. |
|  0. |  0. |  0. ||  0. |  0. |  0. ||  0. |  0. |  0. |
|  0. |  0. |  0. ||  0. |  0. |  0. ||  0. |  0. |  0. |

, evalForThisState=1.0, isPlayerOneTurnOriginally=true}, StateDatum{MCTSProbabilites=
|  .0 |  .0 |  .0 ||  .0 |  .0 |  .0 ||  .0 |  .0 |  .0 |
|  .0 |  .0 |  .0 ||  .0 |  .0 |  .0 ||  .0 |  .0 |  .0 |
|  .0 |  .0 |  .0 ||  .0 |  .0 |  .0 ||  .0 |  .0 |  .0 |
|========+========+========||========+========+========||========+========+========|
|  .0 |  .0 |  .0 ||  .0 |  .0117 |  .1819 ||  .0 |  .0 |  .0 |
|  .0 |  .0 |  .0 ||  .0117 |  .1531 |  .0 ||  .0 |  .0 |  .0 |
|  .0 |  .0 |  .0 ||  .1951 |  .1971 |  .2495 ||  .0 |  .0 |  .0 |
|========+========+========||========+========+========||========+========+========|
|  .0 |  .0 |  .0 ||  .0 |  .0 |  .0 ||  .0 |  .0 |  .0 |
|  .0 |  .0 |  .0 ||  .0 |  .0 |  .0 ||  .0 |  .0 |  .0 |
|  .0 |  .0 |  .0 ||  .0 |  .0 |  .0 ||  .0 |  .0 |  .0 |

, state=
| -0. | -0. | -0. || -0. | -0. | -0. || -0. | -0. | -0. |
| -0. |  1. | -0. || -0. | -1. | -0. || -0. | -0. | -0. |
| -0. | -0. | -0. || -0. | -0. | -0. || -0. | -0. | -0. |
|=====+=====+=====||=====+=====+=====||=====+=====+=====|
| -0. | -0. | -0. ||*-1. |*-0. |*-0. || -0. |  1. | -0. |
| -0. | -0. | -0. ||*-0. |*-0. |*-1. || -0. | -0. | -0. |
| -0. | -0. | -0. ||*-0. |*-0. |*-0. || -0. | -0. | -0. |
|=====+=====+=====||=====+=====+=====||=====+=====+=====|
| -0. | -0. | -0. || -0. | -0. | -0. || -0. | -0. | -0. |
| -0. | -0. | -0. || -0. | -0. | -0. || -0. | -0. | -0. |
| -0. | -0. | -0. || -0. | -0. | -0. || -0. | -0. | -0. |

, evalForThisState=-1.0, isPlayerOneTurnOriginally=false}, StateDatum{MCTSProbabilites=
|  .0 |  .0 |  .0 ||  .0 |  .0 |  .0 ||  .0 |  .0 |  .0 |
|  .0 |  .0 |  .0 ||  .0 |  .0 |  .0 ||  .0 |  .0 |  .0 |
|  .0 |  .0 |  .0 ||  .0 |  .0 |  .0 ||  .0 |  .0 |  .0 |
|========+========+========||========+========+========||========+========+========|
|  .0 |  .0 |  .0 ||  .0 |  .0 |  .0 ||  .0 |  .0 |  .0 |
|  .0 |  .0 |  .0 ||  .0 |  .0 |  .0 ||  .0 |  .0 |  .0 |
|  .0 |  .0 |  .0 ||  .0 |  .0 |  .0 ||  .0 |  .0 |  .0 |
|========+========+========||========+========+========||========+========+========|
|  .0 |  .0 |  .0 ||  .0 |  .0 |  .0 ||  .1528 |  .072 |  .0831 |
|  .0 |  .0 |  .0 ||  .0 |  .0 |  .0 ||  .0479 |  .1155 |  .1285 |
|  .0 |  .0 |  .0 ||  .0 |  .0 |  .0 ||  .1651 |  .1305 |  .1045 |

, state=
|  0. |  0. |  0. ||  0. |  0. |  0. ||  0. |  0. |  0. |
|  0. | -1. |  0. ||  0. |  1. |  0. ||  0. |  0. |  0. |
|  0. |  0. |  0. ||  0. |  0. |  0. ||  0. |  0. |  0. |
|=====+=====+=====||=====+=====+=====||=====+=====+=====|
|  0. |  0. |  0. ||  1. |  0. |  0. ||  0. | -1. |  0. |
|  0. |  0. |  0. ||  0. |  0. |  1. ||  0. |  0. |  0. |
|  0. |  0. |  0. ||  0. |  0. | -1. ||  0. |  0. |  0. |
|=====+=====+=====||=====+=====+=====||=====+=====+=====|
|  0. |  0. |  0. ||  0. |  0. |  0. ||* 0. |* 0. |* 0. |
|  0. |  0. |  0. ||  0. |  0. |  0. ||* 0. |* 0. |* 0. |
|  0. |  0. |  0. ||  0. |  0. |  0. ||* 0. |* 0. |* 0. |

, evalForThisState=1.0, isPlayerOneTurnOriginally=true}, StateDatum{MCTSProbabilites=
|  .0 |  .0 |  .0 ||  .0 |  .0 |  .0 ||  .0 |  .0 |  .0 |
|  .0 |  .0 |  .0 ||  .0 |  .0 |  .0 ||  .0 |  .0 |  .0 |
|  .0 |  .0 |  .0 ||  .0 |  .0 |  .0 ||  .0 |  .0 |  .0 |
|========+========+========||========+========+========||========+========+========|
|  .0 |  .0 |  .0 ||  .0 |  .0 |  .0 ||  .0 |  .0 |  .0 |
|  .0 |  .0 |  .0 ||  .0 |  .0 |  .0 ||  .0 |  .0 |  .0 |
|  .0 |  .0 |  .0 ||  .0 |  .0 |  .0 ||  .0 |  .0 |  .0 |
|========+========+========||========+========+========||========+========+========|
|  .0956 |  .1814 |  .1778 ||  .0 |  .0 |  .0 ||  .0 |  .0 |  .0 |
|  .0108 |  .1592 |  .0114 ||  .0 |  .0 |  .0 ||  .0 |  .0 |  .0 |
|  .1195 |  .2312 |  .0132 ||  .0 |  .0 |  .0 ||  .0 |  .0 |  .0 |

, state=
| -0. | -0. | -0. || -0. | -0. | -0. || -0. | -0. | -0. |
| -0. |  1. | -0. || -0. | -1. | -0. || -0. | -0. | -0. |
| -0. | -0. | -0. || -0. | -0. | -0. || -0. | -0. | -0. |
|=====+=====+=====||=====+=====+=====||=====+=====+=====|
| -0. | -0. | -0. || -1. | -0. | -0. || -0. |  1. | -0. |
| -0. | -0. | -0. || -0. | -0. | -1. || -0. | -0. | -0. |
| -0. | -0. | -0. || -0. | -0. |  1. || -0. | -0. | -0. |
|=====+=====+=====||=====+=====+=====||=====+=====+=====|
|*-0. |*-0. |*-0. || -0. | -0. | -0. || -0. | -0. | -0. |
|*-0. |*-0. |*-0. || -0. | -0. | -0. || -0. | -0. | -0. |
|*-0. |*-0. |*-0. || -0. | -0. | -0. || -1. | -0. | -0. |

, evalForThisState=-1.0, isPlayerOneTurnOriginally=false}, StateDatum{MCTSProbabilites=
|  .0 |  .0 |  .0 ||  .0 |  .0 |  .0 ||  .0 |  .0 |  .0 |
|  .0 |  .0 |  .0 ||  .0 |  .0 |  .0 ||  .0 |  .0 |  .0 |
|  .0 |  .0 |  .0 ||  .0 |  .0 |  .0 ||  .0 |  .0 |  .0 |
|========+========+========||========+========+========||========+========+========|
|  .0 |  .0 |  .0 ||  .0 |  .0 |  .0 ||  .0 |  .0 |  .0 |
|  .0 |  .0 |  .0 ||  .0 |  .0 |  .0 ||  .0 |  .0 |  .0 |
|  .0 |  .0 |  .0 ||  .0 |  .0 |  .0 ||  .0 |  .0 |  .0 |
|========+========+========||========+========+========||========+========+========|
|  .0 |  .0 |  .0 ||  .1719 |  .0905 |  .0818 ||  .0 |  .0 |  .0 |
|  .0 |  .0 |  .0 ||  .1294 |  .1376 |  .0358 ||  .0 |  .0 |  .0 |
|  .0 |  .0 |  .0 ||  .1207 |  .1323 |  .1 ||  .0 |  .0 |  .0 |

, state=
|  0. |  0. |  0. ||  0. |  0. |  0. ||  0. |  0. |  0. |
|  0. | -1. |  0. ||  0. |  1. |  0. ||  0. |  0. |  0. |
|  0. |  0. |  0. ||  0. |  0. |  0. ||  0. |  0. |  0. |
|=====+=====+=====||=====+=====+=====||=====+=====+=====|
|  0. |  0. |  0. ||  1. |  0. |  0. ||  0. | -1. |  0. |
|  0. |  0. |  0. ||  0. |  0. |  1. ||  0. |  0. |  0. |
|  0. |  0. |  0. ||  0. |  0. | -1. ||  0. |  0. |  0. |
|=====+=====+=====||=====+=====+=====||=====+=====+=====|
|  0. |  0. |  0. ||* 0. |* 0. |* 0. ||  0. |  0. |  0. |
|  0. |  0. |  0. ||* 0. |* 0. |* 0. ||  0. |  0. |  0. |
|  0. | -1. |  0. ||* 0. |* 0. |* 0. ||  1. |  0. |  0. |

, evalForThisState=1.0, isPlayerOneTurnOriginally=true}, StateDatum{MCTSProbabilites=
|  .1775 |  .1143 |  .1521 ||  .0 |  .0 |  .0 ||  .0 |  .0 |  .0 |
|  .1596 |  .0 |  .1577 ||  .0 |  .0 |  .0 ||  .0 |  .0 |  .0 |
|  .2165 |  .0096 |  .0126 ||  .0 |  .0 |  .0 ||  .0 |  .0 |  .0 |
|========+========+========||========+========+========||========+========+========|
|  .0 |  .0 |  .0 ||  .0 |  .0 |  .0 ||  .0 |  .0 |  .0 |
|  .0 |  .0 |  .0 ||  .0 |  .0 |  .0 ||  .0 |  .0 |  .0 |
|  .0 |  .0 |  .0 ||  .0 |  .0 |  .0 ||  .0 |  .0 |  .0 |
|========+========+========||========+========+========||========+========+========|
|  .0 |  .0 |  .0 ||  .0 |  .0 |  .0 ||  .0 |  .0 |  .0 |
|  .0 |  .0 |  .0 ||  .0 |  .0 |  .0 ||  .0 |  .0 |  .0 |
|  .0 |  .0 |  .0 ||  .0 |  .0 |  .0 ||  .0 |  .0 |  .0 |

, state=
|*-0. |*-0. |*-0. || -0. | -0. | -0. || -0. | -0. | -0. |
|*-0. |* 1. |*-0. || -0. | -1. | -0. || -0. | -0. | -0. |
|*-0. |*-0. |*-0. || -0. | -0. | -0. || -0. | -0. | -0. |
|=====+=====+=====||=====+=====+=====||=====+=====+=====|
| -0. | -0. | -0. || -1. | -0. | -0. || -0. |  1. | -0. |
| -0. | -0. | -0. || -0. | -0. | -1. || -0. | -0. | -0. |
| -0. | -0. | -0. || -0. | -0. |  1. || -0. | -0. | -0. |
|=====+=====+=====||=====+=====+=====||=====+=====+=====|
| -0. | -0. | -0. || -1. | -0. | -0. || -0. | -0. | -0. |
| -0. | -0. | -0. || -0. | -0. | -0. || -0. | -0. | -0. |
| -0. |  1. | -0. || -0. | -0. | -0. || -1. | -0. | -0. |

, evalForThisState=-1.0, isPlayerOneTurnOriginally=false}, StateDatum{MCTSProbabilites=
|  .0 |  .0 |  .0 ||  .0 |  .0 |  .0 ||  .0 |  .0 |  .0 |
|  .0 |  .0 |  .0 ||  .0 |  .0 |  .0 ||  .0 |  .0 |  .0 |
|  .0 |  .0 |  .0 ||  .0 |  .0 |  .0 ||  .0 |  .0 |  .0 |
|========+========+========||========+========+========||========+========+========|
|  .0 |  .0 |  .0 ||  .0 |  .0 |  .0 ||  .0 |  .0 |  .0 |
|  .0 |  .0 |  .0 ||  .0 |  .0 |  .0 ||  .0 |  .0 |  .0 |
|  .0 |  .0 |  .0 ||  .0 |  .0 |  .0 ||  .0 |  .0 |  .0 |
|========+========+========||========+========+========||========+========+========|
|  .2223 |  .112 |  .0801 ||  .0 |  .0 |  .0 ||  .0 |  .0 |  .0 |
|  .0705 |  .1626 |  .1117 ||  .0 |  .0 |  .0 ||  .0 |  .0 |  .0 |
|  .1454 |  .0 |  .0953 ||  .0 |  .0 |  .0 ||  .0 |  .0 |  .0 |

, state=
|  0. |  0. |  0. ||  0. |  0. |  0. ||  0. |  0. |  0. |
|  0. | -1. |  0. ||  0. |  1. |  0. ||  0. |  0. |  0. |
| -1. |  0. |  0. ||  0. |  0. |  0. ||  0. |  0. |  0. |
|=====+=====+=====||=====+=====+=====||=====+=====+=====|
|  0. |  0. |  0. ||  1. |  0. |  0. ||  0. | -1. |  0. |
|  0. |  0. |  0. ||  0. |  0. |  1. ||  0. |  0. |  0. |
|  0. |  0. |  0. ||  0. |  0. | -1. ||  0. |  0. |  0. |
|=====+=====+=====||=====+=====+=====||=====+=====+=====|
|* 0. |* 0. |* 0. ||  1. |  0. |  0. ||  0. |  0. |  0. |
|* 0. |* 0. |* 0. ||  0. |  0. |  0. ||  0. |  0. |  0. |
|* 0. |*-1. |* 0. ||  0. |  0. |  0. ||  1. |  0. |  0. |

, evalForThisState=1.0, isPlayerOneTurnOriginally=true}, StateDatum{MCTSProbabilites=
|  .0771 |  .0936 |  .1663 ||  .0 |  .0 |  .0 ||  .0 |  .0 |  .0 |
|  .1852 |  .0 |  .187 ||  .0 |  .0 |  .0 ||  .0 |  .0 |  .0 |
|  .0 |  .1477 |  .1431 ||  .0 |  .0 |  .0 ||  .0 |  .0 |  .0 |
|========+========+========||========+========+========||========+========+========|
|  .0 |  .0 |  .0 ||  .0 |  .0 |  .0 ||  .0 |  .0 |  .0 |
|  .0 |  .0 |  .0 ||  .0 |  .0 |  .0 ||  .0 |  .0 |  .0 |
|  .0 |  .0 |  .0 ||  .0 |  .0 |  .0 ||  .0 |  .0 |  .0 |
|========+========+========||========+========+========||========+========+========|
|  .0 |  .0 |  .0 ||  .0 |  .0 |  .0 ||  .0 |  .0 |  .0 |
|  .0 |  .0 |  .0 ||  .0 |  .0 |  .0 ||  .0 |  .0 |  .0 |
|  .0 |  .0 |  .0 ||  .0 |  .0 |  .0 ||  .0 |  .0 |  .0 |

, state=
|*-0. |*-0. |*-0. || -0. | -0. | -0. || -0. | -0. | -0. |
|*-0. |* 1. |*-0. || -0. | -1. | -0. || -0. | -0. | -0. |
|* 1. |*-0. |*-0. || -0. | -0. | -0. || -0. | -0. | -0. |
|=====+=====+=====||=====+=====+=====||=====+=====+=====|
| -0. | -0. | -0. || -1. | -0. | -0. || -0. |  1. | -0. |
| -0. | -0. | -0. || -0. | -0. | -1. || -0. | -0. | -0. |
| -0. | -0. | -0. || -0. | -0. |  1. || -0. | -0. | -0. |
|=====+=====+=====||=====+=====+=====||=====+=====+=====|
| -1. | -0. | -0. || -1. | -0. | -0. || -0. | -0. | -0. |
| -0. | -0. | -0. || -0. | -0. | -0. || -0. | -0. | -0. |
| -0. |  1. | -0. || -0. | -0. | -0. || -1. | -0. | -0. |

, evalForThisState=-1.0, isPlayerOneTurnOriginally=false}, StateDatum{MCTSProbabilites=
|  .0 |  .0 |  .0 ||  .0 |  .0 |  .0 ||  .0 |  .0 |  .0 |
|  .0 |  .0 |  .0 ||  .0 |  .0 |  .0 ||  .0 |  .0 |  .0 |
|  .0 |  .0 |  .0 ||  .0 |  .0 |  .0 ||  .0 |  .0 |  .0 |
|========+========+========||========+========+========||========+========+========|
|  .0 |  .0 |  .0 ||  .0 |  .0 |  .0 ||  .0309 |  .0 |  .3605 |
|  .0 |  .0 |  .0 ||  .0 |  .0 |  .0 ||  .0709 |  .1282 |  .0576 |
|  .0 |  .0 |  .0 ||  .0 |  .0 |  .0 ||  .0515 |  .1404 |  .16 |
|========+========+========||========+========+========||========+========+========|
|  .0 |  .0 |  .0 ||  .0 |  .0 |  .0 ||  .0 |  .0 |  .0 |
|  .0 |  .0 |  .0 ||  .0 |  .0 |  .0 ||  .0 |  .0 |  .0 |
|  .0 |  .0 |  .0 ||  .0 |  .0 |  .0 ||  .0 |  .0 |  .0 |

, state=
|  0. |  0. |  0. ||  0. |  0. |  0. ||  0. |  0. |  0. |
|  0. | -1. | -1. ||  0. |  1. |  0. ||  0. |  0. |  0. |
| -1. |  0. |  0. ||  0. |  0. |  0. ||  0. |  0. |  0. |
|=====+=====+=====||=====+=====+=====||=====+=====+=====|
|  0. |  0. |  0. ||  1. |  0. |  0. ||* 0. |*-1. |* 0. |
|  0. |  0. |  0. ||  0. |  0. |  1. ||* 0. |* 0. |* 0. |
|  0. |  0. |  0. ||  0. |  0. | -1. ||* 0. |* 0. |* 0. |
|=====+=====+=====||=====+=====+=====||=====+=====+=====|
|  1. |  0. |  0. ||  1. |  0. |  0. ||  0. |  0. |  0. |
|  0. |  0. |  0. ||  0. |  0. |  0. ||  0. |  0. |  0. |
|  0. | -1. |  0. ||  0. |  0. |  0. ||  1. |  0. |  0. |

, evalForThisState=1.0, isPlayerOneTurnOriginally=true}, StateDatum{MCTSProbabilites=
|  .0 |  .0 |  .0 ||  .0 |  .0 |  .0 ||  .0983 |  .1458 |  .1254 |
|  .0 |  .0 |  .0 ||  .0 |  .0 |  .0 ||  .123 |  .0989 |  .1019 |
|  .0 |  .0 |  .0 ||  .0 |  .0 |  .0 ||  .0947 |  .1162 |  .0957 |
|========+========+========||========+========+========||========+========+========|
|  .0 |  .0 |  .0 ||  .0 |  .0 |  .0 ||  .0 |  .0 |  .0 |
|  .0 |  .0 |  .0 ||  .0 |  .0 |  .0 ||  .0 |  .0 |  .0 |
|  .0 |  .0 |  .0 ||  .0 |  .0 |  .0 ||  .0 |  .0 |  .0 |
|========+========+========||========+========+========||========+========+========|
|  .0 |  .0 |  .0 ||  .0 |  .0 |  .0 ||  .0 |  .0 |  .0 |
|  .0 |  .0 |  .0 ||  .0 |  .0 |  .0 ||  .0 |  .0 |  .0 |
|  .0 |  .0 |  .0 ||  .0 |  .0 |  .0 ||  .0 |  .0 |  .0 |

, state=
| -0. | -0. | -0. || -0. | -0. | -0. ||*-0. |*-0. |*-0. |
| -0. |  1. |  1. || -0. | -1. | -0. ||*-0. |*-0. |*-0. |
|  1. | -0. | -0. || -0. | -0. | -0. ||*-0. |*-0. |*-0. |
|=====+=====+=====||=====+=====+=====||=====+=====+=====|
| -0. | -0. | -0. || -1. | -0. | -0. || -0. |  1. | -1. |
| -0. | -0. | -0. || -0. | -0. | -1. || -0. | -0. | -0. |
| -0. | -0. | -0. || -0. | -0. |  1. || -0. | -0. | -0. |
|=====+=====+=====||=====+=====+=====||=====+=====+=====|
| -1. | -0. | -0. || -1. | -0. | -0. || -0. | -0. | -0. |
| -0. | -0. | -0. || -0. | -0. | -0. || -0. | -0. | -0. |
| -0. |  1. | -0. || -0. | -0. | -0. || -1. | -0. | -0. |

, evalForThisState=-1.0, isPlayerOneTurnOriginally=false}, StateDatum{MCTSProbabilites=
|  .0 |  .0 |  .0 ||  .2058 |  .1634 |  .0327 ||  .0 |  .0 |  .0 |
|  .0 |  .0 |  .0 ||  .0555 |  .0 |  .0468 ||  .0 |  .0 |  .0 |
|  .0 |  .0 |  .0 ||  .1501 |  .2659 |  .0798 ||  .0 |  .0 |  .0 |
|========+========+========||========+========+========||========+========+========|
|  .0 |  .0 |  .0 ||  .0 |  .0 |  .0 ||  .0 |  .0 |  .0 |
|  .0 |  .0 |  .0 ||  .0 |  .0 |  .0 ||  .0 |  .0 |  .0 |
|  .0 |  .0 |  .0 ||  .0 |  .0 |  .0 ||  .0 |  .0 |  .0 |
|========+========+========||========+========+========||========+========+========|
|  .0 |  .0 |  .0 ||  .0 |  .0 |  .0 ||  .0 |  .0 |  .0 |
|  .0 |  .0 |  .0 ||  .0 |  .0 |  .0 ||  .0 |  .0 |  .0 |
|  .0 |  .0 |  .0 ||  .0 |  .0 |  .0 ||  .0 |  .0 |  .0 |

, state=
|  0. |  0. |  0. ||* 0. |* 0. |* 0. ||  0. | -1. |  0. |
|  0. | -1. | -1. ||* 0. |* 1. |* 0. ||  0. |  0. |  0. |
| -1. |  0. |  0. ||* 0. |* 0. |* 0. ||  0. |  0. |  0. |
|=====+=====+=====||=====+=====+=====||=====+=====+=====|
|  0. |  0. |  0. ||  1. |  0. |  0. ||  0. | -1. |  1. |
|  0. |  0. |  0. ||  0. |  0. |  1. ||  0. |  0. |  0. |
|  0. |  0. |  0. ||  0. |  0. | -1. ||  0. |  0. |  0. |
|=====+=====+=====||=====+=====+=====||=====+=====+=====|
|  1. |  0. |  0. ||  1. |  0. |  0. ||  0. |  0. |  0. |
|  0. |  0. |  0. ||  0. |  0. |  0. ||  0. |  0. |  0. |
|  0. | -1. |  0. ||  0. |  0. |  0. ||  1. |  0. |  0. |

, evalForThisState=1.0, isPlayerOneTurnOriginally=true}, StateDatum{MCTSProbabilites=
|  .0 |  .0 |  .0 ||  .0 |  .0 |  .0 ||  .0 |  .0 |  .0 |
|  .0 |  .0 |  .0 ||  .0 |  .0 |  .0 ||  .0 |  .0 |  .0 |
|  .0 |  .0 |  .0 ||  .0 |  .0 |  .0 ||  .0 |  .0 |  .0 |
|========+========+========||========+========+========||========+========+========|
|  .0 |  .0 |  .0 ||  .0 |  .0 |  .0 ||  .0 |  .0 |  .0 |
|  .0 |  .0 |  .0 ||  .0 |  .0 |  .0 ||  .0 |  .0 |  .0 |
|  .0 |  .0 |  .0 ||  .0 |  .0 |  .0 ||  .0 |  .0 |  .0 |
|========+========+========||========+========+========||========+========+========|
|  .0 |  .0 |  .0 ||  .0 |  .0874 |  .1208 ||  .0 |  .0 |  .0 |
|  .0 |  .0 |  .0 ||  .1268 |  .1002 |  .1192 ||  .0 |  .0 |  .0 |
|  .0 |  .0 |  .0 ||  .1582 |  .1416 |  .1456 ||  .0 |  .0 |  .0 |

, state=
| -0. | -0. | -0. || -0. | -0. | -0. || -0. |  1. | -0. |
| -0. |  1. |  1. || -0. | -1. | -0. || -0. | -0. | -0. |
|  1. | -0. | -0. || -0. | -1. | -0. || -0. | -0. | -0. |
|=====+=====+=====||=====+=====+=====||=====+=====+=====|
| -0. | -0. | -0. || -1. | -0. | -0. || -0. |  1. | -1. |
| -0. | -0. | -0. || -0. | -0. | -1. || -0. | -0. | -0. |
| -0. | -0. | -0. || -0. | -0. |  1. || -0. | -0. | -0. |
|=====+=====+=====||=====+=====+=====||=====+=====+=====|
| -1. | -0. | -0. ||*-1. |*-0. |*-0. || -0. | -0. | -0. |
| -0. | -0. | -0. ||*-0. |*-0. |*-0. || -0. | -0. | -0. |
| -0. |  1. | -0. ||*-0. |*-0. |*-0. || -1. | -0. | -0. |

, evalForThisState=-1.0, isPlayerOneTurnOriginally=false}, StateDatum{MCTSProbabilites=
|  .0 |  .0 |  .0 ||  .0 |  .0 |  .0 ||  .0 |  .0 |  .0 |
|  .0 |  .0 |  .0 ||  .0 |  .0 |  .0 ||  .0 |  .0 |  .0 |
|  .0 |  .0 |  .0 ||  .0 |  .0 |  .0 ||  .0 |  .0 |  .0 |
|========+========+========||========+========+========||========+========+========|
|  .0 |  .0 |  .0 ||  .0 |  .0 |  .0 ||  .0 |  .0 |  .0 |
|  .0 |  .0 |  .0 ||  .0 |  .0 |  .0 ||  .0 |  .0 |  .0 |
|  .0 |  .0 |  .0 ||  .0 |  .0 |  .0 ||  .0 |  .0 |  .0 |
|========+========+========||========+========+========||========+========+========|
|  .0 |  .2233 |  .1427 ||  .0 |  .0 |  .0 ||  .0 |  .0 |  .0 |
|  .074 |  .1217 |  .1551 ||  .0 |  .0 |  .0 ||  .0 |  .0 |  .0 |
|  .1352 |  .0 |  .1479 ||  .0 |  .0 |  .0 ||  .0 |  .0 |  .0 |

, state=
|  0. |  0. |  0. ||  0. |  0. |  0. ||  0. | -1. |  0. |
|  0. | -1. | -1. ||  0. |  1. |  0. ||  0. |  0. |  0. |
| -1. |  0. |  0. ||  0. |  1. |  0. ||  0. |  0. |  0. |
|=====+=====+=====||=====+=====+=====||=====+=====+=====|
|  0. |  0. |  0. ||  1. |  0. |  0. ||  0. | -1. |  1. |
|  0. |  0. |  0. ||  0. |  0. |  1. ||  0. |  0. |  0. |
|  0. |  0. |  0. ||  0. |  0. | -1. ||  0. |  0. |  0. |
|=====+=====+=====||=====+=====+=====||=====+=====+=====|
|* 1. |* 0. |* 0. ||  1. |  0. |  0. ||  0. |  0. |  0. |
|* 0. |* 0. |* 0. ||  0. |  0. |  0. ||  0. |  0. |  0. |
|* 0. |*-1. |* 0. || -1. |  0. |  0. ||  1. |  0. |  0. |

, evalForThisState=1.0, isPlayerOneTurnOriginally=true}, StateDatum{MCTSProbabilites=
|  .0 |  .0 |  .0 ||  .0798 |  .1718 |  .1587 ||  .0 |  .0 |  .0 |
|  .0 |  .0 |  .0 ||  .1749 |  .0 |  .0892 ||  .0 |  .0 |  .0 |
|  .0 |  .0 |  .0 ||  .1749 |  .0 |  .1508 ||  .0 |  .0 |  .0 |
|========+========+========||========+========+========||========+========+========|
|  .0 |  .0 |  .0 ||  .0 |  .0 |  .0 ||  .0 |  .0 |  .0 |
|  .0 |  .0 |  .0 ||  .0 |  .0 |  .0 ||  .0 |  .0 |  .0 |
|  .0 |  .0 |  .0 ||  .0 |  .0 |  .0 ||  .0 |  .0 |  .0 |
|========+========+========||========+========+========||========+========+========|
|  .0 |  .0 |  .0 ||  .0 |  .0 |  .0 ||  .0 |  .0 |  .0 |
|  .0 |  .0 |  .0 ||  .0 |  .0 |  .0 ||  .0 |  .0 |  .0 |
|  .0 |  .0 |  .0 ||  .0 |  .0 |  .0 ||  .0 |  .0 |  .0 |

, state=
| -0. | -0. | -0. ||*-0. |*-0. |*-0. || -0. |  1. | -0. |
| -0. |  1. |  1. ||*-0. |*-1. |*-0. || -0. | -0. | -0. |
|  1. | -0. | -0. ||*-0. |*-1. |*-0. || -0. | -0. | -0. |
|=====+=====+=====||=====+=====+=====||=====+=====+=====|
| -0. | -0. | -0. || -1. | -0. | -0. || -0. |  1. | -1. |
| -0. | -0. | -0. || -0. | -0. | -1. || -0. | -0. | -0. |
| -0. | -0. | -0. || -0. | -0. |  1. || -0. | -0. | -0. |
|=====+=====+=====||=====+=====+=====||=====+=====+=====|
| -1. | -1. | -0. || -1. | -0. | -0. || -0. | -0. | -0. |
| -0. | -0. | -0. || -0. | -0. | -0. || -0. | -0. | -0. |
| -0. |  1. | -0. ||  1. | -0. | -0. || -1. | -0. | -0. |

, evalForThisState=-1.0, isPlayerOneTurnOriginally=false}, StateDatum{MCTSProbabilites=
|  .0 |  .0 |  .0 ||  .0 |  .0 |  .0 ||  .0 |  .0 |  .0 |
|  .0 |  .0 |  .0 ||  .0 |  .0 |  .0 ||  .0 |  .0 |  .0 |
|  .0 |  .0 |  .0 ||  .0 |  .0 |  .0 ||  .0 |  .0 |  .0 |
|========+========+========||========+========+========||========+========+========|
|  .0 |  .0 |  .0 ||  .0 |  .0 |  .0 ||  .0 |  .0 |  .0 |
|  .0 |  .0 |  .0 ||  .0 |  .0 |  .0 ||  .0 |  .0 |  .0 |
|  .0 |  .0 |  .0 ||  .0 |  .0 |  .0 ||  .0 |  .0 |  .0 |
|========+========+========||========+========+========||========+========+========|
|  .0 |  .0 |  .0301 ||  .0 |  .0 |  .0 ||  .0 |  .0 |  .0 |
|  .0431 |  .1104 |  .2895 ||  .0 |  .0 |  .0 ||  .0 |  .0 |  .0 |
|  .2549 |  .0 |  .272 ||  .0 |  .0 |  .0 ||  .0 |  .0 |  .0 |

, state=
|  0. |  0. |  0. ||  0. |  0. |  0. ||  0. | -1. |  0. |
|  0. | -1. | -1. ||  0. |  1. |  0. ||  0. |  0. |  0. |
| -1. |  0. |  0. || -1. |  1. |  0. ||  0. |  0. |  0. |
|=====+=====+=====||=====+=====+=====||=====+=====+=====|
|  0. |  0. |  0. ||  1. |  0. |  0. ||  0. | -1. |  1. |
|  0. |  0. |  0. ||  0. |  0. |  1. ||  0. |  0. |  0. |
|  0. |  0. |  0. ||  0. |  0. | -1. ||  0. |  0. |  0. |
|=====+=====+=====||=====+=====+=====||=====+=====+=====|
|* 1. |* 1. |* 0. ||  1. |  0. |  0. ||  0. |  0. |  0. |
|* 0. |* 0. |* 0. ||  0. |  0. |  0. ||  0. |  0. |  0. |
|* 0. |*-1. |* 0. || -1. |  0. |  0. ||  1. |  0. |  0. |

, evalForThisState=1.0, isPlayerOneTurnOriginally=true}, StateDatum{MCTSProbabilites=
|  .0 |  .0 |  .0 ||  .0 |  .0 |  .0 ||  .0 |  .0 |  .0 |
|  .0 |  .0 |  .0 ||  .0 |  .0 |  .0 ||  .0 |  .0 |  .0 |
|  .0 |  .0 |  .0 ||  .0 |  .0 |  .0 ||  .0 |  .0 |  .0 |
|========+========+========||========+========+========||========+========+========|
|  .0 |  .0 |  .0 ||  .0 |  .0 |  .0 ||  .1468 |  .0 |  .0 |
|  .0 |  .0 |  .0 ||  .0 |  .0 |  .0 ||  .1674 |  .1079 |  .1223 |
|  .0 |  .0 |  .0 ||  .0 |  .0 |  .0 ||  .1211 |  .2192 |  .1153 |
|========+========+========||========+========+========||========+========+========|
|  .0 |  .0 |  .0 ||  .0 |  .0 |  .0 ||  .0 |  .0 |  .0 |
|  .0 |  .0 |  .0 ||  .0 |  .0 |  .0 ||  .0 |  .0 |  .0 |
|  .0 |  .0 |  .0 ||  .0 |  .0 |  .0 ||  .0 |  .0 |  .0 |

, state=
| -0. | -0. | -0. || -0. | -0. | -0. || -0. |  1. | -0. |
| -0. |  1. |  1. || -0. | -1. | -0. || -0. | -0. | -0. |
|  1. | -0. | -0. ||  1. | -1. | -0. || -0. | -0. | -0. |
|=====+=====+=====||=====+=====+=====||=====+=====+=====|
| -0. | -0. | -0. || -1. | -0. | -0. ||*-0. |* 1. |*-1. |
| -0. | -0. | -0. || -0. | -0. | -1. ||*-0. |*-0. |*-0. |
| -0. | -0. | -0. || -0. | -0. |  1. ||*-0. |*-0. |*-0. |
|=====+=====+=====||=====+=====+=====||=====+=====+=====|
| -1. | -1. | -0. || -1. | -0. | -0. || -0. | -0. | -0. |
| -0. | -0. | -1. || -0. | -0. | -0. || -0. | -0. | -0. |
| -0. |  1. | -0. ||  1. | -0. | -0. || -1. | -0. | -0. |

, evalForThisState=-1.0, isPlayerOneTurnOriginally=false}, StateDatum{MCTSProbabilites=
|  .0 |  .0 |  .0 ||  .0 |  .0 |  .0 ||  .0 |  .0 |  .0 |
|  .0 |  .0 |  .0 ||  .0 |  .0 |  .0 ||  .0 |  .0 |  .0 |
|  .0 |  .0 |  .0 ||  .0 |  .0 |  .0 ||  .0 |  .0 |  .0 |
|========+========+========||========+========+========||========+========+========|
|  .0 |  .0 |  .0 ||  .0 |  .0 |  .0 ||  .0 |  .0 |  .0 |
|  .0 |  .0 |  .0 ||  .0 |  .0 |  .0 ||  .0 |  .0 |  .0 |
|  .0 |  .0 |  .0 ||  .0 |  .0 |  .0 ||  .0 |  .0 |  .0 |
|========+========+========||========+========+========||========+========+========|
|  .0 |  .0 |  .0 ||  .0 |  .2047 |  .0295 ||  .0 |  .0 |  .0 |
|  .0 |  .0 |  .0 ||  .1987 |  .2225 |  .1765 ||  .0 |  .0 |  .0 |
|  .0 |  .0 |  .0 ||  .0 |  .1415 |  .0267 ||  .0 |  .0 |  .0 |

, state=
|  0. |  0. |  0. ||  0. |  0. |  0. ||  0. | -1. |  0. |
|  0. | -1. | -1. ||  0. |  1. |  0. ||  0. |  0. |  0. |
| -1. |  0. |  0. || -1. |  1. |  0. ||  0. |  0. |  0. |
|=====+=====+=====||=====+=====+=====||=====+=====+=====|
|  0. |  0. |  0. ||  1. |  0. |  0. ||  0. | -1. |  1. |
|  0. |  0. |  0. ||  0. |  0. |  1. ||  0. |  0. |  0. |
|  0. |  0. |  0. ||  0. |  0. | -1. ||  0. | -1. |  0. |
|=====+=====+=====||=====+=====+=====||=====+=====+=====|
|  1. |  1. |  0. ||* 1. |* 0. |* 0. ||  0. |  0. |  0. |
|  0. |  0. |  1. ||* 0. |* 0. |* 0. ||  0. |  0. |  0. |
|  0. | -1. |  0. ||*-1. |* 0. |* 0. ||  1. |  0. |  0. |

, evalForThisState=1.0, isPlayerOneTurnOriginally=true}, StateDatum{MCTSProbabilites=
|  .0 |  .0 |  .0 ||  .0 |  .0 |  .0 ||  .0 |  .0 |  .0 |
|  .0 |  .0 |  .0 ||  .0 |  .0 |  .0 ||  .0 |  .0 |  .0 |
|  .0 |  .0 |  .0 ||  .0 |  .0 |  .0 ||  .0 |  .0 |  .0 |
|========+========+========||========+========+========||========+========+========|
|  .0 |  .0 |  .0 ||  .0 |  .3723 |  .1402 ||  .0 |  .0 |  .0 |
|  .0 |  .0 |  .0 ||  .1934 |  .0938 |  .0 ||  .0 |  .0 |  .0 |
|  .0 |  .0 |  .0 ||  .0934 |  .107 |  .0 ||  .0 |  .0 |  .0 |
|========+========+========||========+========+========||========+========+========|
|  .0 |  .0 |  .0 ||  .0 |  .0 |  .0 ||  .0 |  .0 |  .0 |
|  .0 |  .0 |  .0 ||  .0 |  .0 |  .0 ||  .0 |  .0 |  .0 |
|  .0 |  .0 |  .0 ||  .0 |  .0 |  .0 ||  .0 |  .0 |  .0 |

, state=
| -0. | -0. | -0. || -0. | -0. | -0. || -0. |  1. | -0. |
| -0. |  1. |  1. || -0. | -1. | -0. || -0. | -0. | -0. |
|  1. | -0. | -0. ||  1. | -1. | -0. || -0. | -0. | -0. |
|=====+=====+=====||=====+=====+=====||=====+=====+=====|
| -0. | -0. | -0. ||*-1. |*-0. |*-0. || -0. |  1. | -1. |
| -0. | -0. | -0. ||*-0. |*-0. |*-1. || -0. | -0. | -0. |
| -0. | -0. | -0. ||*-0. |*-0. |* 1. || -0. |  1. | -0. |
|=====+=====+=====||=====+=====+=====||=====+=====+=====|
| -1. | -1. | -0. || -1. | -0. | -0. || -0. | -0. | -0. |
| -0. | -0. | -1. || -0. | -1. | -0. || -0. | -0. | -0. |
| -0. |  1. | -0. ||  1. | -0. | -0. || -1. | -0. | -0. |

, evalForThisState=-1.0, isPlayerOneTurnOriginally=false}, StateDatum{MCTSProbabilites=
|  .0 |  .0 |  .0 ||  .1646 |  .0654 |  .2479 ||  .0 |  .0 |  .0 |
|  .0 |  .0 |  .0 ||  .2802 |  .0 |  .017 ||  .0 |  .0 |  .0 |
|  .0 |  .0 |  .0 ||  .0 |  .0 |  .2249 ||  .0 |  .0 |  .0 |
|========+========+========||========+========+========||========+========+========|
|  .0 |  .0 |  .0 ||  .0 |  .0 |  .0 ||  .0 |  .0 |  .0 |
|  .0 |  .0 |  .0 ||  .0 |  .0 |  .0 ||  .0 |  .0 |  .0 |
|  .0 |  .0 |  .0 ||  .0 |  .0 |  .0 ||  .0 |  .0 |  .0 |
|========+========+========||========+========+========||========+========+========|
|  .0 |  .0 |  .0 ||  .0 |  .0 |  .0 ||  .0 |  .0 |  .0 |
|  .0 |  .0 |  .0 ||  .0 |  .0 |  .0 ||  .0 |  .0 |  .0 |
|  .0 |  .0 |  .0 ||  .0 |  .0 |  .0 ||  .0 |  .0 |  .0 |

, state=
|  0. |  0. |  0. ||* 0. |* 0. |* 0. ||  0. | -1. |  0. |
|  0. | -1. | -1. ||* 0. |* 1. |* 0. ||  0. |  0. |  0. |
| -1. |  0. |  0. ||*-1. |* 1. |* 0. ||  0. |  0. |  0. |
|=====+=====+=====||=====+=====+=====||=====+=====+=====|
|  0. |  0. |  0. ||  1. | -1. |  0. ||  0. | -1. |  1. |
|  0. |  0. |  0. ||  0. |  0. |  1. ||  0. |  0. |  0. |
|  0. |  0. |  0. ||  0. |  0. | -1. ||  0. | -1. |  0. |
|=====+=====+=====||=====+=====+=====||=====+=====+=====|
|  1. |  1. |  0. ||  1. |  0. |  0. ||  0. |  0. |  0. |
|  0. |  0. |  1. ||  0. |  1. |  0. ||  0. |  0. |  0. |
|  0. | -1. |  0. || -1. |  0. |  0. ||  1. |  0. |  0. |

, evalForThisState=1.0, isPlayerOneTurnOriginally=true}, StateDatum{MCTSProbabilites=
|  .0 |  .0 |  .0 ||  .0 |  .0 |  .0 ||  .0 |  .0 |  .0 |
|  .0 |  .0 |  .0 ||  .0 |  .0 |  .0 ||  .0 |  .0 |  .0 |
|  .0 |  .0 |  .0 ||  .0 |  .0 |  .0 ||  .0 |  .0 |  .0 |
|========+========+========||========+========+========||========+========+========|
|  .0466 |  .065 |  .1178 ||  .0 |  .0 |  .0 ||  .0 |  .0 |  .0 |
|  .1166 |  .0436 |  .2957 ||  .0 |  .0 |  .0 ||  .0 |  .0 |  .0 |
|  .0546 |  .1643 |  .096 ||  .0 |  .0 |  .0 ||  .0 |  .0 |  .0 |
|========+========+========||========+========+========||========+========+========|
|  .0 |  .0 |  .0 ||  .0 |  .0 |  .0 ||  .0 |  .0 |  .0 |
|  .0 |  .0 |  .0 ||  .0 |  .0 |  .0 ||  .0 |  .0 |  .0 |
|  .0 |  .0 |  .0 ||  .0 |  .0 |  .0 ||  .0 |  .0 |  .0 |

, state=
| -0. | -0. | -0. || -0. | -0. | -0. || -0. |  1. | -0. |
| -0. |  1. |  1. || -1. | -1. | -0. || -0. | -0. | -0. |
|  1. | -0. | -0. ||  1. | -1. | -0. || -0. | -0. | -0. |
|=====+=====+=====||=====+=====+=====||=====+=====+=====|
|*-0. |*-0. |*-0. || -1. |  1. | -0. || -0. |  1. | -1. |
|*-0. |*-0. |*-0. || -0. | -0. | -1. || -0. | -0. | -0. |
|*-0. |*-0. |*-0. || -0. | -0. |  1. || -0. |  1. | -0. |
|=====+=====+=====||=====+=====+=====||=====+=====+=====|
| -1. | -1. | -0. || -1. | -0. | -0. || -0. | -0. | -0. |
| -0. | -0. | -1. || -0. | -1. | -0. || -0. | -0. | -0. |
| -0. |  1. | -0. ||  1. | -0. | -0. || -1. | -0. | -0. |

, evalForThisState=-1.0, isPlayerOneTurnOriginally=false}, StateDatum{MCTSProbabilites=
|  .0 |  .0 |  .0 ||  .0 |  .0 |  .0 ||  .0 |  .0 |  .0 |
|  .0 |  .0 |  .0 ||  .0 |  .0 |  .0 ||  .0 |  .0 |  .0 |
|  .0 |  .0 |  .0 ||  .0 |  .0 |  .0 ||  .0 |  .0 |  .0 |
|========+========+========||========+========+========||========+========+========|
|  .0 |  .0 |  .0 ||  .0 |  .0 |  .0 ||  .1913 |  .0 |  .0 |
|  .0 |  .0 |  .0 ||  .0 |  .0 |  .0 ||  .1787 |  .1255 |  .2025 |
|  .0 |  .0 |  .0 ||  .0 |  .0 |  .0 ||  .1492 |  .0 |  .1529 |
|========+========+========||========+========+========||========+========+========|
|  .0 |  .0 |  .0 ||  .0 |  .0 |  .0 ||  .0 |  .0 |  .0 |
|  .0 |  .0 |  .0 ||  .0 |  .0 |  .0 ||  .0 |  .0 |  .0 |
|  .0 |  .0 |  .0 ||  .0 |  .0 |  .0 ||  .0 |  .0 |  .0 |

, state=
|  0. |  0. |  0. ||  0. |  0. |  0. ||  0. | -1. |  0. |
|  0. | -1. | -1. ||  1. |  1. |  0. ||  0. |  0. |  0. |
| -1. |  0. |  0. || -1. |  1. |  0. ||  0. |  0. |  0. |
|=====+=====+=====||=====+=====+=====||=====+=====+=====|
|  0. |  0. |  0. ||  1. | -1. |  0. ||* 0. |*-1. |* 1. |
|  0. |  0. | -1. ||  0. |  0. |  1. ||* 0. |* 0. |* 0. |
|  0. |  0. |  0. ||  0. |  0. | -1. ||* 0. |*-1. |* 0. |
|=====+=====+=====||=====+=====+=====||=====+=====+=====|
|  1. |  1. |  0. ||  1. |  0. |  0. ||  0. |  0. |  0. |
|  0. |  0. |  1. ||  0. |  1. |  0. ||  0. |  0. |  0. |
|  0. | -1. |  0. || -1. |  0. |  0. ||  1. |  0. |  0. |

, evalForThisState=1.0, isPlayerOneTurnOriginally=true}, StateDatum{MCTSProbabilites=
|  .0 |  .0 |  .0 ||  .0 |  .0 |  .0 ||  .0 |  .0 |  .0 |
|  .0 |  .0 |  .0 ||  .0 |  .0 |  .0 ||  .0 |  .0 |  .0 |
|  .0 |  .0 |  .0 ||  .0 |  .0 |  .0 ||  .0 |  .0 |  .0 |
|========+========+========||========+========+========||========+========+========|
|  .0 |  .0 |  .0 ||  .0 |  .0 |  .0 ||  .3403 |  .0 |  .0 |
|  .0 |  .0 |  .0 ||  .0 |  .0 |  .0 ||  .1717 |  .0579 |  .0 |
|  .0 |  .0 |  .0 ||  .0 |  .0 |  .0 ||  .1107 |  .0 |  .3194 |
|========+========+========||========+========+========||========+========+========|
|  .0 |  .0 |  .0 ||  .0 |  .0 |  .0 ||  .0 |  .0 |  .0 |
|  .0 |  .0 |  .0 ||  .0 |  .0 |  .0 ||  .0 |  .0 |  .0 |
|  .0 |  .0 |  .0 ||  .0 |  .0 |  .0 ||  .0 |  .0 |  .0 |

, state=
| -0. | -0. | -0. || -0. | -0. | -0. || -0. |  1. | -0. |
| -0. |  1. |  1. || -1. | -1. | -0. || -0. | -0. | -0. |
|  1. | -0. | -0. ||  1. | -1. | -0. || -0. | -0. | -0. |
|=====+=====+=====||=====+=====+=====||=====+=====+=====|
| -0. | -0. | -0. || -1. |  1. | -0. ||*-0. |* 1. |*-1. |
| -0. | -0. |  1. || -0. | -0. | -1. ||*-0. |*-0. |*-1. |
| -0. | -0. | -0. || -0. | -0. |  1. ||*-0. |* 1. |*-0. |
|=====+=====+=====||=====+=====+=====||=====+=====+=====|
| -1. | -1. | -0. || -1. | -0. | -0. || -0. | -0. | -0. |
| -0. | -0. | -1. || -0. | -1. | -0. || -0. | -0. | -0. |
| -0. |  1. | -0. ||  1. | -0. | -0. || -1. | -0. | -0. |

, evalForThisState=-1.0, isPlayerOneTurnOriginally=false}, StateDatum{MCTSProbabilites=
|  .134 |  .1331 |  .2421 ||  .0 |  .0 |  .0 ||  .0 |  .0 |  .0 |
|  .1851 |  .0 |  .0 ||  .0 |  .0 |  .0 ||  .0 |  .0 |  .0 |
|  .0 |  .1338 |  .1719 ||  .0 |  .0 |  .0 ||  .0 |  .0 |  .0 |
|========+========+========||========+========+========||========+========+========|
|  .0 |  .0 |  .0 ||  .0 |  .0 |  .0 ||  .0 |  .0 |  .0 |
|  .0 |  .0 |  .0 ||  .0 |  .0 |  .0 ||  .0 |  .0 |  .0 |
|  .0 |  .0 |  .0 ||  .0 |  .0 |  .0 ||  .0 |  .0 |  .0 |
|========+========+========||========+========+========||========+========+========|
|  .0 |  .0 |  .0 ||  .0 |  .0 |  .0 ||  .0 |  .0 |  .0 |
|  .0 |  .0 |  .0 ||  .0 |  .0 |  .0 ||  .0 |  .0 |  .0 |
|  .0 |  .0 |  .0 ||  .0 |  .0 |  .0 ||  .0 |  .0 |  .0 |

, state=
|* 0. |* 0. |* 0. ||  0. |  0. |  0. ||  0. | -1. |  0. |
|* 0. |*-1. |*-1. ||  1. |  1. |  0. ||  0. |  0. |  0. |
|*-1. |* 0. |* 0. || -1. |  1. |  0. ||  0. |  0. |  0. |
|=====+=====+=====||=====+=====+=====||=====+=====+=====|
|  0. |  0. |  0. ||  1. | -1. |  0. || -1. | -1. |  1. |
|  0. |  0. | -1. ||  0. |  0. |  1. ||  0. |  0. |  1. |
|  0. |  0. |  0. ||  0. |  0. | -1. ||  0. | -1. |  0. |
|=====+=====+=====||=====+=====+=====||=====+=====+=====|
|  1. |  1. |  0. ||  1. |  0. |  0. ||  0. |  0. |  0. |
|  0. |  0. |  1. ||  0. |  1. |  0. ||  0. |  0. |  0. |
|  0. | -1. |  0. || -1. |  0. |  0. ||  1. |  0. |  0. |

, evalForThisState=1.0, isPlayerOneTurnOriginally=true}, StateDatum{MCTSProbabilites=
|  .0 |  .0 |  .0 ||  .0 |  .0 |  .0 ||  .1675 |  .0 |  .0663 |
|  .0 |  .0 |  .0 ||  .0 |  .0 |  .0 ||  .0589 |  .06 |  .4228 |
|  .0 |  .0 |  .0 ||  .0 |  .0 |  .0 ||  .0911 |  .0538 |  .0796 |
|========+========+========||========+========+========||========+========+========|
|  .0 |  .0 |  .0 ||  .0 |  .0 |  .0 ||  .0 |  .0 |  .0 |
|  .0 |  .0 |  .0 ||  .0 |  .0 |  .0 ||  .0 |  .0 |  .0 |
|  .0 |  .0 |  .0 ||  .0 |  .0 |  .0 ||  .0 |  .0 |  .0 |
|========+========+========||========+========+========||========+========+========|
|  .0 |  .0 |  .0 ||  .0 |  .0 |  .0 ||  .0 |  .0 |  .0 |
|  .0 |  .0 |  .0 ||  .0 |  .0 |  .0 ||  .0 |  .0 |  .0 |
|  .0 |  .0 |  .0 ||  .0 |  .0 |  .0 ||  .0 |  .0 |  .0 |

, state=
| -0. | -0. | -1. || -0. | -0. | -0. ||*-0. |* 1. |*-0. |
| -0. |  1. |  1. || -1. | -1. | -0. ||*-0. |*-0. |*-0. |
|  1. | -0. | -0. ||  1. | -1. | -0. ||*-0. |*-0. |*-0. |
|=====+=====+=====||=====+=====+=====||=====+=====+=====|
| -0. | -0. | -0. || -1. |  1. | -0. ||  1. |  1. | -1. |
| -0. | -0. |  1. || -0. | -0. | -1. || -0. | -0. | -1. |
| -0. | -0. | -0. || -0. | -0. |  1. || -0. |  1. | -0. |
|=====+=====+=====||=====+=====+=====||=====+=====+=====|
| -1. | -1. | -0. || -1. | -0. | -0. || -0. | -0. | -0. |
| -0. | -0. | -1. || -0. | -1. | -0. || -0. | -0. | -0. |
| -0. |  1. | -0. ||  1. | -0. | -0. || -1. | -0. | -0. |

, evalForThisState=-1.0, isPlayerOneTurnOriginally=false}, StateDatum{MCTSProbabilites=
|  .0 |  .0 |  .0 ||  .0 |  .0 |  .0 ||  .0 |  .0 |  .0 |
|  .0 |  .0 |  .0 ||  .0 |  .0 |  .0 ||  .0 |  .0 |  .0 |
|  .0 |  .0 |  .0 ||  .0 |  .0 |  .0 ||  .0 |  .0 |  .0 |
|========+========+========||========+========+========||========+========+========|
|  .0 |  .0 |  .0 ||  .0 |  .0 |  .0 ||  .0 |  .0 |  .0 |
|  .0 |  .0 |  .0 ||  .0 |  .0 |  .0 ||  .2267 |  .2614 |  .0 |
|  .0 |  .0 |  .0 ||  .0 |  .0 |  .0 ||  .2313 |  .0 |  .2806 |
|========+========+========||========+========+========||========+========+========|
|  .0 |  .0 |  .0 ||  .0 |  .0 |  .0 ||  .0 |  .0 |  .0 |
|  .0 |  .0 |  .0 ||  .0 |  .0 |  .0 ||  .0 |  .0 |  .0 |
|  .0 |  .0 |  .0 ||  .0 |  .0 |  .0 ||  .0 |  .0 |  .0 |

, state=
|  0. |  0. |  1. ||  0. |  0. |  0. ||  0. | -1. |  0. |
|  0. | -1. | -1. ||  1. |  1. |  0. ||  0. |  0. | -1. |
| -1. |  0. |  0. || -1. |  1. |  0. ||  0. |  0. |  0. |
|=====+=====+=====||=====+=====+=====||=====+=====+=====|
|  0. |  0. |  0. ||  1. | -1. |  0. ||*-1. |*-1. |* 1. |
|  0. |  0. | -1. ||  0. |  0. |  1. ||* 0. |* 0. |* 1. |
|  0. |  0. |  0. ||  0. |  0. | -1. ||* 0. |*-1. |* 0. |
|=====+=====+=====||=====+=====+=====||=====+=====+=====|
|  1. |  1. |  0. ||  1. |  0. |  0. ||  0. |  0. |  0. |
|  0. |  0. |  1. ||  0. |  1. |  0. ||  0. |  0. |  0. |
|  0. | -1. |  0. || -1. |  0. |  0. ||  1. |  0. |  0. |

, evalForThisState=1.0, isPlayerOneTurnOriginally=true}, StateDatum{MCTSProbabilites=
|  .0 |  .0 |  .0 ||  .0 |  .0 |  .0 ||  .0 |  .0 |  .0 |
|  .0 |  .0 |  .0 ||  .0 |  .0 |  .0 ||  .0 |  .0 |  .0 |
|  .0 |  .0 |  .0 ||  .0 |  .0 |  .0 ||  .0 |  .0 |  .0 |
|========+========+========||========+========+========||========+========+========|
|  .0 |  .0 |  .0 ||  .0 |  .0 |  .0 ||  .0 |  .0 |  .0 |
|  .0 |  .0 |  .0 ||  .0 |  .0 |  .0 ||  .0 |  .0 |  .0 |
|  .0 |  .0 |  .0 ||  .0 |  .0 |  .0 ||  .0 |  .0 |  .0 |
|========+========+========||========+========+========||========+========+========|
|  .0 |  .0 |  .0 ||  .0 |  .0 |  .0 ||  .3324 |  .0604 |  .0718 |
|  .0 |  .0 |  .0 ||  .0 |  .0 |  .0 ||  .0479 |  .0792 |  .2066 |
|  .0 |  .0 |  .0 ||  .0 |  .0 |  .0 ||  .0 |  .1002 |  .1016 |

, state=
| -0. | -0. | -1. || -0. | -0. | -0. || -0. |  1. | -0. |
| -0. |  1. |  1. || -1. | -1. | -0. || -0. | -0. |  1. |
|  1. | -0. | -0. ||  1. | -1. | -0. || -0. | -0. | -0. |
|=====+=====+=====||=====+=====+=====||=====+=====+=====|
| -0. | -0. | -0. || -1. |  1. | -0. ||  1. |  1. | -1. |
| -0. | -0. |  1. || -0. | -0. | -1. || -0. | -0. | -1. |
| -0. | -0. | -0. || -0. | -0. |  1. || -0. |  1. | -1. |
|=====+=====+=====||=====+=====+=====||=====+=====+=====|
| -1. | -1. | -0. || -1. | -0. | -0. ||*-0. |*-0. |*-0. |
| -0. | -0. | -1. || -0. | -1. | -0. ||*-0. |*-0. |*-0. |
| -0. |  1. | -0. ||  1. | -0. | -0. ||*-1. |*-0. |*-0. |

, evalForThisState=-1.0, isPlayerOneTurnOriginally=false}, StateDatum{MCTSProbabilites=
|  .1555 |  .1362 |  .0 ||  .0 |  .0 |  .0 ||  .0 |  .0 |  .0 |
|  .2072 |  .0 |  .0 ||  .0 |  .0 |  .0 ||  .0 |  .0 |  .0 |
|  .0 |  .2002 |  .3009 ||  .0 |  .0 |  .0 ||  .0 |  .0 |  .0 |
|========+========+========||========+========+========||========+========+========|
|  .0 |  .0 |  .0 ||  .0 |  .0 |  .0 ||  .0 |  .0 |  .0 |
|  .0 |  .0 |  .0 ||  .0 |  .0 |  .0 ||  .0 |  .0 |  .0 |
|  .0 |  .0 |  .0 ||  .0 |  .0 |  .0 ||  .0 |  .0 |  .0 |
|========+========+========||========+========+========||========+========+========|
|  .0 |  .0 |  .0 ||  .0 |  .0 |  .0 ||  .0 |  .0 |  .0 |
|  .0 |  .0 |  .0 ||  .0 |  .0 |  .0 ||  .0 |  .0 |  .0 |
|  .0 |  .0 |  .0 ||  .0 |  .0 |  .0 ||  .0 |  .0 |  .0 |

, state=
|* 0. |* 0. |* 1. ||  0. |  0. |  0. ||  0. | -1. |  0. |
|* 0. |*-1. |*-1. ||  1. |  1. |  0. ||  0. |  0. | -1. |
|*-1. |* 0. |* 0. || -1. |  1. |  0. ||  0. |  0. |  0. |
|=====+=====+=====||=====+=====+=====||=====+=====+=====|
|  0. |  0. |  0. ||  1. | -1. |  0. || -1. | -1. |  1. |
|  0. |  0. | -1. ||  0. |  0. |  1. ||  0. |  0. |  1. |
|  0. |  0. |  0. ||  0. |  0. | -1. ||  0. | -1. |  1. |
|=====+=====+=====||=====+=====+=====||=====+=====+=====|
|  1. |  1. |  0. ||  1. |  0. |  0. || -1. |  0. |  0. |
|  0. |  0. |  1. ||  0. |  1. |  0. ||  0. |  0. |  0. |
|  0. | -1. |  0. || -1. |  0. |  0. ||  1. |  0. |  0. |

, evalForThisState=1.0, isPlayerOneTurnOriginally=true}, StateDatum{MCTSProbabilites=
|  .0 |  .0 |  .0 ||  .0 |  .0 |  .0 ||  .0 |  .0 |  .0 |
|  .0 |  .0 |  .0 ||  .0 |  .0 |  .0 ||  .0 |  .0 |  .0 |
|  .0 |  .0 |  .0 ||  .0 |  .0 |  .0 ||  .0 |  .0 |  .0 |
|========+========+========||========+========+========||========+========+========|
|  .0 |  .0 |  .0 ||  .0 |  .0 |  .0 ||  .0 |  .0 |  .0 |
|  .0 |  .0 |  .0 ||  .0 |  .0 |  .0 ||  .0 |  .0 |  .0 |
|  .0 |  .0 |  .0 ||  .0 |  .0 |  .0 ||  .0 |  .0 |  .0 |
|========+========+========||========+========+========||========+========+========|
|  .0 |  .0 |  .0 ||  .0 |  .0 |  .0 ||  .0 |  .1741 |  .128 |
|  .0 |  .0 |  .0 ||  .0 |  .0 |  .0 ||  .1091 |  .3119 |  .0145 |
|  .0 |  .0 |  .0 ||  .0 |  .0 |  .0 ||  .0 |  .1069 |  .1554 |

, state=
| -0. | -0. | -1. || -0. | -0. | -0. || -0. |  1. | -0. |
| -0. |  1. |  1. || -1. | -1. | -0. || -0. | -0. |  1. |
|  1. | -0. | -1. ||  1. | -1. | -0. || -0. | -0. | -0. |
|=====+=====+=====||=====+=====+=====||=====+=====+=====|
| -0. | -0. | -0. || -1. |  1. | -0. ||  1. |  1. | -1. |
| -0. | -0. |  1. || -0. | -0. | -1. || -0. | -0. | -1. |
| -0. | -0. | -0. || -0. | -0. |  1. || -0. |  1. | -1. |
|=====+=====+=====||=====+=====+=====||=====+=====+=====|
| -1. | -1. | -0. || -1. | -0. | -0. ||* 1. |*-0. |*-0. |
| -0. | -0. | -1. || -0. | -1. | -0. ||*-0. |*-0. |*-0. |
| -0. |  1. | -0. ||  1. | -0. | -0. ||*-1. |*-0. |*-0. |

, evalForThisState=-1.0, isPlayerOneTurnOriginally=false}, StateDatum{MCTSProbabilites=
|  .0 |  .0 |  .0 ||  .0 |  .0 |  .0 ||  .0 |  .0 |  .0 |
|  .0 |  .0 |  .0 ||  .0 |  .0 |  .0 ||  .0 |  .0 |  .0 |
|  .0 |  .0 |  .0 ||  .0 |  .0 |  .0 ||  .0 |  .0 |  .0 |
|========+========+========||========+========+========||========+========+========|
|  .0 |  .0 |  .0 ||  .0 |  .0 |  .1839 ||  .0 |  .0 |  .0 |
|  .0 |  .0 |  .0 ||  .1926 |  .1822 |  .0 ||  .0 |  .0 |  .0 |
|  .0 |  .0 |  .0 ||  .1661 |  .2751 |  .0 ||  .0 |  .0 |  .0 |
|========+========+========||========+========+========||========+========+========|
|  .0 |  .0 |  .0 ||  .0 |  .0 |  .0 ||  .0 |  .0 |  .0 |
|  .0 |  .0 |  .0 ||  .0 |  .0 |  .0 ||  .0 |  .0 |  .0 |
|  .0 |  .0 |  .0 ||  .0 |  .0 |  .0 ||  .0 |  .0 |  .0 |

, state=
|  0. |  0. |  1. ||  0. |  0. |  0. ||  0. | -1. |  0. |
|  0. | -1. | -1. ||  1. |  1. |  0. ||  0. |  0. | -1. |
| -1. |  0. |  1. || -1. |  1. |  0. ||  0. |  0. |  0. |
|=====+=====+=====||=====+=====+=====||=====+=====+=====|
|  0. |  0. |  0. ||* 1. |*-1. |* 0. || -1. | -1. |  1. |
|  0. |  0. | -1. ||* 0. |* 0. |* 1. ||  0. |  0. |  1. |
|  0. |  0. |  0. ||* 0. |* 0. |*-1. ||  0. | -1. |  1. |
|=====+=====+=====||=====+=====+=====||=====+=====+=====|
|  1. |  1. |  0. ||  1. |  0. |  0. || -1. |  0. |  0. |
|  0. |  0. |  1. ||  0. |  1. |  0. ||  0. | -1. |  0. |
|  0. | -1. |  0. || -1. |  0. |  0. ||  1. |  0. |  0. |

, evalForThisState=1.0, isPlayerOneTurnOriginally=true}, StateDatum{MCTSProbabilites=
|  .0 |  .0 |  .0 ||  .0 |  .0 |  .0 ||  .0 |  .0 |  .0 |
|  .0 |  .0 |  .0 ||  .0 |  .0 |  .0 ||  .0 |  .0 |  .0 |
|  .0 |  .0 |  .0 ||  .0 |  .0 |  .0 ||  .0 |  .0 |  .0 |
|========+========+========||========+========+========||========+========+========|
|  .0 |  .0 |  .0 ||  .0 |  .0 |  .0 ||  .0 |  .0 |  .0 |
|  .0 |  .0 |  .0 ||  .0 |  .0 |  .0 ||  .0 |  .0 |  .0 |
|  .0 |  .0 |  .0 ||  .0 |  .0 |  .0 ||  .0 |  .0 |  .0 |
|========+========+========||========+========+========||========+========+========|
|  .0 |  .0 |  .0 ||  .0 |  .1296 |  .1348 ||  .0 |  .0 |  .0 |
|  .0 |  .0 |  .0 ||  .2955 |  .0 |  .0178 ||  .0 |  .0 |  .0 |
|  .0 |  .0 |  .0 ||  .0 |  .2055 |  .2168 ||  .0 |  .0 |  .0 |

, state=
| -0. | -0. | -1. || -0. | -0. | -0. || -0. |  1. | -0. |
| -0. |  1. |  1. || -1. | -1. | -0. || -0. | -0. |  1. |
|  1. | -0. | -1. ||  1. | -1. | -0. || -0. | -0. | -0. |
|=====+=====+=====||=====+=====+=====||=====+=====+=====|
| -0. | -0. | -0. || -1. |  1. | -0. ||  1. |  1. | -1. |
| -0. | -0. |  1. || -0. | -0. | -1. || -0. | -0. | -1. |
| -0. | -0. | -0. || -0. | -1. |  1. || -0. |  1. | -1. |
|=====+=====+=====||=====+=====+=====||=====+=====+=====|
| -1. | -1. | -0. ||*-1. |*-0. |*-0. ||  1. | -0. | -0. |
| -0. | -0. | -1. ||*-0. |*-1. |*-0. || -0. |  1. | -0. |
| -0. |  1. | -0. ||* 1. |*-0. |*-0. || -1. | -0. | -0. |

, evalForThisState=-1.0, isPlayerOneTurnOriginally=false}, StateDatum{MCTSProbabilites=
|  .0 |  .0 |  .0 ||  .0 |  .0 |  .0 ||  .0 |  .0 |  .0 |
|  .0 |  .0 |  .0 ||  .0 |  .0 |  .0 ||  .0 |  .0 |  .0 |
|  .0 |  .0 |  .0 ||  .0 |  .0 |  .0 ||  .0 |  .0 |  .0 |
|========+========+========||========+========+========||========+========+========|
|  .0672 |  .1906 |  .1183 ||  .0 |  .0 |  .0 ||  .0 |  .0 |  .0 |
|  .1124 |  .0746 |  .0 ||  .0 |  .0 |  .0 ||  .0 |  .0 |  .0 |
|  .1075 |  .1787 |  .1508 ||  .0 |  .0 |  .0 ||  .0 |  .0 |  .0 |
|========+========+========||========+========+========||========+========+========|
|  .0 |  .0 |  .0 ||  .0 |  .0 |  .0 ||  .0 |  .0 |  .0 |
|  .0 |  .0 |  .0 ||  .0 |  .0 |  .0 ||  .0 |  .0 |  .0 |
|  .0 |  .0 |  .0 ||  .0 |  .0 |  .0 ||  .0 |  .0 |  .0 |

, state=
|  0. |  0. |  1. ||  0. |  0. |  0. ||  0. | -1. |  0. |
|  0. | -1. | -1. ||  1. |  1. |  0. ||  0. |  0. | -1. |
| -1. |  0. |  1. || -1. |  1. |  0. ||  0. |  0. |  0. |
|=====+=====+=====||=====+=====+=====||=====+=====+=====|
|* 0. |* 0. |* 0. ||  1. | -1. |  0. || -1. | -1. |  1. |
|* 0. |* 0. |*-1. ||  0. |  0. |  1. ||  0. |  0. |  1. |
|* 0. |* 0. |* 0. ||  0. |  1. | -1. ||  0. | -1. |  1. |
|=====+=====+=====||=====+=====+=====||=====+=====+=====|
|  1. |  1. |  0. ||  1. |  0. |  0. || -1. |  0. |  0. |
|  0. |  0. |  1. || -1. |  1. |  0. ||  0. | -1. |  0. |
|  0. | -1. |  0. || -1. |  0. |  0. ||  1. |  0. |  0. |

, evalForThisState=1.0, isPlayerOneTurnOriginally=true}, StateDatum{MCTSProbabilites=
|  .0 |  .0 |  .0 ||  .2119 |  .3001 |  .0644 ||  .0 |  .0 |  .0 |
|  .0 |  .0 |  .0 ||  .0 |  .0 |  .1666 ||  .0 |  .0 |  .0 |
|  .0 |  .0 |  .0 ||  .0 |  .0 |  .257 ||  .0 |  .0 |  .0 |
|========+========+========||========+========+========||========+========+========|
|  .0 |  .0 |  .0 ||  .0 |  .0 |  .0 ||  .0 |  .0 |  .0 |
|  .0 |  .0 |  .0 ||  .0 |  .0 |  .0 ||  .0 |  .0 |  .0 |
|  .0 |  .0 |  .0 ||  .0 |  .0 |  .0 ||  .0 |  .0 |  .0 |
|========+========+========||========+========+========||========+========+========|
|  .0 |  .0 |  .0 ||  .0 |  .0 |  .0 ||  .0 |  .0 |  .0 |
|  .0 |  .0 |  .0 ||  .0 |  .0 |  .0 ||  .0 |  .0 |  .0 |
|  .0 |  .0 |  .0 ||  .0 |  .0 |  .0 ||  .0 |  .0 |  .0 |

, state=
| -0. | -0. | -1. ||*-0. |*-0. |*-0. || -0. |  1. | -0. |
| -0. |  1. |  1. ||*-1. |*-1. |*-0. || -0. | -0. |  1. |
|  1. | -0. | -1. ||* 1. |*-1. |*-0. || -0. | -0. | -0. |
|=====+=====+=====||=====+=====+=====||=====+=====+=====|
| -0. | -1. | -0. || -1. |  1. | -0. ||  1. |  1. | -1. |
| -0. | -0. |  1. || -0. | -0. | -1. || -0. | -0. | -1. |
| -0. | -0. | -0. || -0. | -1. |  1. || -0. |  1. | -1. |
|=====+=====+=====||=====+=====+=====||=====+=====+=====|
| -1. | -1. | -0. || -1. | -0. | -0. ||  1. | -0. | -0. |
| -0. | -0. | -1. ||  1. | -1. | -0. || -0. |  1. | -0. |
| -0. |  1. | -0. ||  1. | -0. | -0. || -1. | -0. | -0. |

, evalForThisState=-1.0, isPlayerOneTurnOriginally=false}, StateDatum{MCTSProbabilites=
|  .0 |  .0 |  .0 ||  .3613 |  .0 |  .1926 ||  .0 |  .0 |  .0 |
|  .0 |  .0 |  .0 ||  .0 |  .0 |  .255 ||  .0 |  .0 |  .0 |
|  .0 |  .0 |  .0 ||  .0 |  .0 |  .1911 ||  .0 |  .0 |  .0 |
|========+========+========||========+========+========||========+========+========|
|  .0 |  .0 |  .0 ||  .0 |  .0 |  .0 ||  .0 |  .0 |  .0 |
|  .0 |  .0 |  .0 ||  .0 |  .0 |  .0 ||  .0 |  .0 |  .0 |
|  .0 |  .0 |  .0 ||  .0 |  .0 |  .0 ||  .0 |  .0 |  .0 |
|========+========+========||========+========+========||========+========+========|
|  .0 |  .0 |  .0 ||  .0 |  .0 |  .0 ||  .0 |  .0 |  .0 |
|  .0 |  .0 |  .0 ||  .0 |  .0 |  .0 ||  .0 |  .0 |  .0 |
|  .0 |  .0 |  .0 ||  .0 |  .0 |  .0 ||  .0 |  .0 |  .0 |

, state=
|  0. |  0. |  1. ||* 0. |*-1. |* 0. ||  0. | -1. |  0. |
|  0. | -1. | -1. ||* 1. |* 1. |* 0. ||  0. |  0. | -1. |
| -1. |  0. |  1. ||*-1. |* 1. |* 0. ||  0. |  0. |  0. |
|=====+=====+=====||=====+=====+=====||=====+=====+=====|
|  0. |  1. |  0. ||  1. | -1. |  0. || -1. | -1. |  1. |
|  0. |  0. | -1. ||  0. |  0. |  1. ||  0. |  0. |  1. |
|  0. |  0. |  0. ||  0. |  1. | -1. ||  0. | -1. |  1. |
|=====+=====+=====||=====+=====+=====||=====+=====+=====|
|  1. |  1. |  0. ||  1. |  0. |  0. || -1. |  0. |  0. |
|  0. |  0. |  1. || -1. |  1. |  0. ||  0. | -1. |  0. |
|  0. | -1. |  0. || -1. |  0. |  0. ||  1. |  0. |  0. |

, evalForThisState=1.0, isPlayerOneTurnOriginally=true}, StateDatum{MCTSProbabilites=
|  .2011 |  .1587 |  .0 ||  .0 |  .0 |  .0 ||  .0 |  .0 |  .0 |
|  .4858 |  .0 |  .0 ||  .0 |  .0 |  .0 ||  .0 |  .0 |  .0 |
|  .0 |  .1544 |  .0 ||  .0 |  .0 |  .0 ||  .0 |  .0 |  .0 |
|========+========+========||========+========+========||========+========+========|
|  .0 |  .0 |  .0 ||  .0 |  .0 |  .0 ||  .0 |  .0 |  .0 |
|  .0 |  .0 |  .0 ||  .0 |  .0 |  .0 ||  .0 |  .0 |  .0 |
|  .0 |  .0 |  .0 ||  .0 |  .0 |  .0 ||  .0 |  .0 |  .0 |
|========+========+========||========+========+========||========+========+========|
|  .0 |  .0 |  .0 ||  .0 |  .0 |  .0 ||  .0 |  .0 |  .0 |
|  .0 |  .0 |  .0 ||  .0 |  .0 |  .0 ||  .0 |  .0 |  .0 |
|  .0 |  .0 |  .0 ||  .0 |  .0 |  .0 ||  .0 |  .0 |  .0 |

, state=
|*-0. |*-0. |*-1. || -1. |  1. | -0. || -0. |  1. | -0. |
|*-0. |* 1. |* 1. || -1. | -1. | -0. || -0. | -0. |  1. |
|* 1. |*-0. |*-1. ||  1. | -1. | -0. || -0. | -0. | -0. |
|=====+=====+=====||=====+=====+=====||=====+=====+=====|
| -0. | -1. | -0. || -1. |  1. | -0. ||  1. |  1. | -1. |
| -0. | -0. |  1. || -0. | -0. | -1. || -0. | -0. | -1. |
| -0. | -0. | -0. || -0. | -1. |  1. || -0. |  1. | -1. |
|=====+=====+=====||=====+=====+=====||=====+=====+=====|
| -1. | -1. | -0. || -1. | -0. | -0. ||  1. | -0. | -0. |
| -0. | -0. | -1. ||  1. | -1. | -0. || -0. |  1. | -0. |
| -0. |  1. | -0. ||  1. | -0. | -0. || -1. | -0. | -0. |

, evalForThisState=-1.0, isPlayerOneTurnOriginally=false}, StateDatum{MCTSProbabilites=
|  .0 |  .0 |  .0 ||  .0 |  .0 |  .0 ||  .0 |  .0 |  .0 |
|  .0 |  .0 |  .0 ||  .0 |  .0 |  .0 ||  .0 |  .0 |  .0 |
|  .0 |  .0 |  .0 ||  .0 |  .0 |  .0 ||  .0 |  .0 |  .0 |
|========+========+========||========+========+========||========+========+========|
|  .1182 |  .0 |  .2795 ||  .0 |  .0 |  .0 ||  .0 |  .0 |  .0 |
|  .1512 |  .0592 |  .0 ||  .0 |  .0 |  .0 ||  .0 |  .0 |  .0 |
|  .1379 |  .1586 |  .0953 ||  .0 |  .0 |  .0 ||  .0 |  .0 |  .0 |
|========+========+========||========+========+========||========+========+========|
|  .0 |  .0 |  .0 ||  .0 |  .0 |  .0 ||  .0 |  .0 |  .0 |
|  .0 |  .0 |  .0 ||  .0 |  .0 |  .0 ||  .0 |  .0 |  .0 |
|  .0 |  .0 |  .0 ||  .0 |  .0 |  .0 ||  .0 |  .0 |  .0 |

, state=
|  0. |  0. |  1. ||  1. | -1. |  0. ||  0. | -1. |  0. |
| -1. | -1. | -1. ||  1. |  1. |  0. ||  0. |  0. | -1. |
| -1. |  0. |  1. || -1. |  1. |  0. ||  0. |  0. |  0. |
|=====+=====+=====||=====+=====+=====||=====+=====+=====|
|* 0. |* 1. |* 0. ||  1. | -1. |  0. || -1. | -1. |  1. |
|* 0. |* 0. |*-1. ||  0. |  0. |  1. ||  0. |  0. |  1. |
|* 0. |* 0. |* 0. ||  0. |  1. | -1. ||  0. | -1. |  1. |
|=====+=====+=====||=====+=====+=====||=====+=====+=====|
|  1. |  1. |  0. ||  1. |  0. |  0. || -1. |  0. |  0. |
|  0. |  0. |  1. || -1. |  1. |  0. ||  0. | -1. |  0. |
|  0. | -1. |  0. || -1. |  0. |  0. ||  1. |  0. |  0. |

, evalForThisState=1.0, isPlayerOneTurnOriginally=true}, StateDatum{MCTSProbabilites=
|  .0 |  .0 |  .0 ||  .0 |  .0 |  .0 ||  .1785 |  .0 |  .0999 |
|  .0 |  .0 |  .0 ||  .0 |  .0 |  .0 ||  .0384 |  .2831 |  .0 |
|  .0 |  .0 |  .0 ||  .0 |  .0 |  .0 ||  .069 |  .1264 |  .2048 |
|========+========+========||========+========+========||========+========+========|
|  .0 |  .0 |  .0 ||  .0 |  .0 |  .0 ||  .0 |  .0 |  .0 |
|  .0 |  .0 |  .0 ||  .0 |  .0 |  .0 ||  .0 |  .0 |  .0 |
|  .0 |  .0 |  .0 ||  .0 |  .0 |  .0 ||  .0 |  .0 |  .0 |
|========+========+========||========+========+========||========+========+========|
|  .0 |  .0 |  .0 ||  .0 |  .0 |  .0 ||  .0 |  .0 |  .0 |
|  .0 |  .0 |  .0 ||  .0 |  .0 |  .0 ||  .0 |  .0 |  .0 |
|  .0 |  .0 |  .0 ||  .0 |  .0 |  .0 ||  .0 |  .0 |  .0 |

, state=
| -0. | -0. | -1. || -1. |  1. | -0. ||*-0. |* 1. |*-0. |
|  1. |  1. |  1. || -1. | -1. | -0. ||*-0. |*-0. |* 1. |
|  1. | -0. | -1. ||  1. | -1. | -0. ||*-0. |*-0. |*-0. |
|=====+=====+=====||=====+=====+=====||=====+=====+=====|
| -0. | -1. | -1. || -1. |  1. | -0. ||  1. |  1. | -1. |
| -0. | -0. |  1. || -0. | -0. | -1. || -0. | -0. | -1. |
| -0. | -0. | -0. || -0. | -1. |  1. || -0. |  1. | -1. |
|=====+=====+=====||=====+=====+=====||=====+=====+=====|
| -1. | -1. | -0. || -1. | -0. | -0. ||  1. | -0. | -0. |
| -0. | -0. | -1. ||  1. | -1. | -0. || -0. |  1. | -0. |
| -0. |  1. | -0. ||  1. | -0. | -0. || -1. | -0. | -0. |

, evalForThisState=-1.0, isPlayerOneTurnOriginally=false}, StateDatum{MCTSProbabilites=
|  .0 |  .0 |  .0 ||  .0 |  .0 |  .0 ||  .0 |  .0 |  .0 |
|  .0 |  .0 |  .0 ||  .0 |  .0 |  .0 ||  .0 |  .0 |  .0 |
|  .0 |  .0 |  .0 ||  .0 |  .0 |  .0 ||  .0 |  .0 |  .0 |
|========+========+========||========+========+========||========+========+========|
|  .0 |  .0 |  .0 ||  .0 |  .0 |  .2655 ||  .0 |  .0 |  .0 |
|  .0 |  .0 |  .0 ||  .1365 |  .1446 |  .0 ||  .0 |  .0 |  .0 |
|  .0 |  .0 |  .0 ||  .4533 |  .0 |  .0 ||  .0 |  .0 |  .0 |
|========+========+========||========+========+========||========+========+========|
|  .0 |  .0 |  .0 ||  .0 |  .0 |  .0 ||  .0 |  .0 |  .0 |
|  .0 |  .0 |  .0 ||  .0 |  .0 |  .0 ||  .0 |  .0 |  .0 |
|  .0 |  .0 |  .0 ||  .0 |  .0 |  .0 ||  .0 |  .0 |  .0 |

, state=
|  0. |  0. |  1. ||  1. | -1. |  0. ||  0. | -1. |  0. |
| -1. | -1. | -1. ||  1. |  1. |  0. ||  0. | -1. | -1. |
| -1. |  0. |  1. || -1. |  1. |  0. ||  0. |  0. |  0. |
|=====+=====+=====||=====+=====+=====||=====+=====+=====|
|  0. |  1. |  1. ||* 1. |*-1. |* 0. || -1. | -1. |  1. |
|  0. |  0. | -1. ||* 0. |* 0. |* 1. ||  0. |  0. |  1. |
|  0. |  0. |  0. ||* 0. |* 1. |*-1. ||  0. | -1. |  1. |
|=====+=====+=====||=====+=====+=====||=====+=====+=====|
|  1. |  1. |  0. ||  1. |  0. |  0. || -1. |  0. |  0. |
|  0. |  0. |  1. || -1. |  1. |  0. ||  0. | -1. |  0. |
|  0. | -1. |  0. || -1. |  0. |  0. ||  1. |  0. |  0. |

, evalForThisState=1.0, isPlayerOneTurnOriginally=true}, StateDatum{MCTSProbabilites=
|  .0 |  .0 |  .0 ||  .0 |  .0 |  .0 ||  .0 |  .0 |  .0 |
|  .0 |  .0 |  .0 ||  .0 |  .0 |  .0 ||  .0 |  .0 |  .0 |
|  .0 |  .0 |  .0 ||  .0 |  .0 |  .0 ||  .0 |  .0 |  .0 |
|========+========+========||========+========+========||========+========+========|
|  .0 |  .0 |  .0 ||  .0 |  .0 |  .0 ||  .0 |  .0 |  .0 |
|  .0 |  .0 |  .0 ||  .0 |  .0 |  .0 ||  .0 |  .0 |  .0 |
|  .0 |  .0 |  .0 ||  .0 |  .0 |  .0 ||  .0 |  .0 |  .0 |
|========+========+========||========+========+========||========+========+========|
|  .0 |  .0 |  .1735 ||  .0 |  .0 |  .0 ||  .0 |  .0 |  .0 |
|  .2231 |  .2757 |  .0 ||  .0 |  .0 |  .0 ||  .0 |  .0 |  .0 |
|  .1404 |  .0 |  .1873 ||  .0 |  .0 |  .0 ||  .0 |  .0 |  .0 |

, state=
| -0. | -0. | -1. || -1. |  1. | -0. || -0. |  1. | -0. |
|  1. |  1. |  1. || -1. | -1. | -0. || -0. |  1. |  1. |
|  1. | -0. | -1. ||  1. | -1. | -0. || -0. | -0. | -0. |
|=====+=====+=====||=====+=====+=====||=====+=====+=====|
| -0. | -1. | -1. || -1. |  1. | -0. ||  1. |  1. | -1. |
| -0. | -0. |  1. || -0. | -0. | -1. || -0. | -0. | -1. |
| -0. | -0. | -0. || -1. | -1. |  1. || -0. |  1. | -1. |
|=====+=====+=====||=====+=====+=====||=====+=====+=====|
|*-1. |*-1. |*-0. || -1. | -0. | -0. ||  1. | -0. | -0. |
|*-0. |*-0. |*-1. ||  1. | -1. | -0. || -0. |  1. | -0. |
|*-0. |* 1. |*-0. ||  1. | -0. | -0. || -1. | -0. | -0. |

, evalForThisState=-1.0, isPlayerOneTurnOriginally=false}, StateDatum{MCTSProbabilites=
|  .0 |  .0 |  .0 ||  .0 |  .0 |  .0 ||  .0 |  .0 |  .0 |
|  .0 |  .0 |  .0 ||  .0 |  .0 |  .0 ||  .0 |  .0 |  .0 |
|  .0 |  .0 |  .0 ||  .0 |  .0 |  .0 ||  .0 |  .0 |  .0 |
|========+========+========||========+========+========||========+========+========|
|  .0 |  .0 |  .0 ||  .0 |  .0 |  .0004 ||  .0 |  .0 |  .0 |
|  .0 |  .0 |  .0 ||  .9991 |  .0005 |  .0 ||  .0 |  .0 |  .0 |
|  .0 |  .0 |  .0 ||  .0 |  .0 |  .0 ||  .0 |  .0 |  .0 |
|========+========+========||========+========+========||========+========+========|
|  .0 |  .0 |  .0 ||  .0 |  .0 |  .0 ||  .0 |  .0 |  .0 |
|  .0 |  .0 |  .0 ||  .0 |  .0 |  .0 ||  .0 |  .0 |  .0 |
|  .0 |  .0 |  .0 ||  .0 |  .0 |  .0 ||  .0 |  .0 |  .0 |

, state=
|  0. |  0. |  1. ||  1. | -1. |  0. ||  0. | -1. |  0. |
| -1. | -1. | -1. ||  1. |  1. |  0. ||  0. | -1. | -1. |
| -1. |  0. |  1. || -1. |  1. |  0. ||  0. |  0. |  0. |
|=====+=====+=====||=====+=====+=====||=====+=====+=====|
|  0. |  1. |  1. ||* 1. |*-1. |* 0. || -1. | -1. |  1. |
|  0. |  0. | -1. ||* 0. |* 0. |* 1. ||  0. |  0. |  1. |
|  0. |  0. |  0. ||* 1. |* 1. |*-1. ||  0. | -1. |  1. |
|=====+=====+=====||=====+=====+=====||=====+=====+=====|
|  1. |  1. |  0. ||  1. |  0. |  0. || -1. |  0. |  0. |
|  0. | -1. |  1. || -1. |  1. |  0. ||  0. | -1. |  0. |
|  0. | -1. |  0. || -1. |  0. |  0. ||  1. |  0. |  0. |

, evalForThisState=1.0, isPlayerOneTurnOriginally=true}, StateDatum{MCTSProbabilites=
|  .0 |  .0 |  .0 ||  .0 |  .0 |  .0 ||  .0 |  .0 |  .0 |
|  .0 |  .0 |  .0 ||  .0 |  .0 |  .0 ||  .0 |  .0 |  .0 |
|  .0 |  .0 |  .0 ||  .0 |  .0 |  .0 ||  .0 |  .0 |  .0 |
|========+========+========||========+========+========||========+========+========|
|  .0001 |  .0 |  .0 ||  .0 |  .0 |  .0 ||  .0 |  .0 |  .0 |
|  .9847 |  .0051 |  .0 ||  .0 |  .0 |  .0 ||  .0 |  .0 |  .0 |
|  .0026 |  .0007 |  .0068 ||  .0 |  .0 |  .0 ||  .0 |  .0 |  .0 |
|========+========+========||========+========+========||========+========+========|
|  .0 |  .0 |  .0 ||  .0 |  .0 |  .0 ||  .0 |  .0 |  .0 |
|  .0 |  .0 |  .0 ||  .0 |  .0 |  .0 ||  .0 |  .0 |  .0 |
|  .0 |  .0 |  .0 ||  .0 |  .0 |  .0 ||  .0 |  .0 |  .0 |

, state=
| -0. | -0. | -1. || -1. |  1. | -0. || -0. |  1. | -0. |
|  1. |  1. |  1. || -1. | -1. | -0. || -0. |  1. |  1. |
|  1. | -0. | -1. ||  1. | -1. | -0. || -0. | -0. | -0. |
|=====+=====+=====||=====+=====+=====||=====+=====+=====|
|*-0. |*-1. |*-1. || -1. |  1. | -0. ||  1. |  1. | -1. |
|*-0. |*-0. |* 1. || -1. | -0. | -1. || -0. | -0. | -1. |
|*-0. |*-0. |*-0. || -1. | -1. |  1. || -0. |  1. | -1. |
|=====+=====+=====||=====+=====+=====||=====+=====+=====|
| -1. | -1. | -0. || -1. | -0. | -0. ||  1. | -0. | -0. |
| -0. |  1. | -1. ||  1. | -1. | -0. || -0. |  1. | -0. |
| -0. |  1. | -0. ||  1. | -0. | -0. || -1. | -0. | -0. |

, evalForThisState=-1.0, isPlayerOneTurnOriginally=false}, StateDatum{MCTSProbabilites=
|  .0 |  .0 |  .0 ||  .0 |  .0 |  .0 ||  .0 |  .0 |  .0 |
|  .0 |  .0 |  .0 ||  .0 |  .0 |  .0 ||  .0 |  .0 |  .0 |
|  .0 |  .0 |  .0 ||  .0 |  .0 |  .0 ||  .0 |  .0 |  .0 |
|========+========+========||========+========+========||========+========+========|
|  1.0 |  .0 |  .0 ||  .0 |  .0 |  .0 ||  .0 |  .0 |  .0 |
|  .0 |  .0 |  .0 ||  .0 |  .0 |  .0 ||  .0 |  .0 |  .0 |
|  .0 |  .0 |  .0 ||  .0 |  .0 |  .0 ||  .0 |  .0 |  .0 |
|========+========+========||========+========+========||========+========+========|
|  .0 |  .0 |  .0 ||  .0 |  .0 |  .0 ||  .0 |  .0 |  .0 |
|  .0 |  .0 |  .0 ||  .0 |  .0 |  .0 ||  .0 |  .0 |  .0 |
|  .0 |  .0 |  .0 ||  .0 |  .0 |  .0 ||  .0 |  .0 |  .0 |

, state=
|  0. |  0. |  1. ||  1. | -1. |  0. ||  0. | -1. |  0. |
| -1. | -1. | -1. ||  1. |  1. |  0. ||  0. | -1. | -1. |
| -1. |  0. |  1. || -1. |  1. |  0. ||  0. |  0. |  0. |
|=====+=====+=====||=====+=====+=====||=====+=====+=====|
|* 0. |* 1. |* 1. ||  1. | -1. |  0. || -1. | -1. |  1. |
|*-1. |* 0. |*-1. ||  1. |  0. |  1. ||  0. |  0. |  1. |
|* 0. |* 0. |* 0. ||  1. |  1. | -1. ||  0. | -1. |  1. |
|=====+=====+=====||=====+=====+=====||=====+=====+=====|
|  1. |  1. |  0. ||  1. |  0. |  0. || -1. |  0. |  0. |
|  0. | -1. |  1. || -1. |  1. |  0. ||  0. | -1. |  0. |
|  0. | -1. |  0. || -1. |  0. |  0. ||  1. |  0. |  0. |

, evalForThisState=1.0, isPlayerOneTurnOriginally=true}]
Value network data: 
===========INPUT===================
[[0.00,  0.00,  0.00,  0.00,  0.00,  0.00,  0.00,  0.00,  0.00,  0.00,  0.00,  0.00,  0.00,  0.00,  0.00,  0.00,  0.00,  0.00,  0.00,  0.00,  0.00,  0.00,  0.00,  0.00,  0.00,  0.00,  0.00,  0.00,  0.00,  0.00,  0.00,  0.00,  0.00,  0.00,  0.00,  0.00,  0.00,  0.00,  0.00,  0.00,  0.00,  0.00,  0.00,  0.00,  0.00,  0.00,  0.00,  0.00,  0.00,  0.00,  0.00,  0.00,  0.00,  0.00,  0.00,  0.00,  0.00,  0.00,  0.00,  0.00,  0.00,  0.00,  0.00,  0.00,  0.00,  0.00,  0.00,  0.00,  0.00,  0.00,  0.00,  0.00,  0.00,  0.00,  0.00,  0.00,  0.00,  0.00,  0.00,  0.00,  0.00,  1.00,  1.00,  1.00,  1.00,  1.00,  1.00,  1.00,  1.00,  1.00],  
 [-0.00,  -0.00,  -0.00,  -0.00,  -0.00,  -0.00,  -0.00,  -0.00,  -0.00,  -0.00,  -0.00,  -0.00,  -0.00,  -0.00,  -0.00,  -0.00,  -0.00,  -0.00,  -0.00,  -0.00,  -0.00,  -0.00,  -0.00,  -0.00,  -0.00,  -0.00,  -0.00,  -0.00,  -0.00,  -0.00,  -0.00,  -0.00,  -0.00,  -0.00,  -0.00,  -0.00,  -1.00,  -0.00,  -0.00,  -0.00,  -0.00,  -0.00,  -0.00,  -0.00,  -0.00,  -0.00,  -0.00,  -0.00,  -0.00,  -0.00,  -0.00,  -0.00,  -0.00,  -0.00,  -0.00,  -0.00,  -0.00,  -0.00,  -0.00,  -0.00,  -0.00,  -0.00,  -0.00,  -0.00,  -0.00,  -0.00,  -0.00,  -0.00,  -0.00,  -0.00,  -0.00,  -0.00,  -0.00,  -0.00,  -0.00,  -0.00,  -0.00,  -0.00,  -0.00,  -0.00,  -0.00,  1.00,  -1.00,  -1.00,  -1.00,  -1.00,  -1.00,  -1.00,  -1.00,  -1.00],  
 [0.00,  0.00,  0.00,  0.00,  -1.00,  0.00,  0.00,  0.00,  0.00,  0.00,  0.00,  0.00,  0.00,  0.00,  0.00,  0.00,  0.00,  0.00,  0.00,  0.00,  0.00,  0.00,  0.00,  0.00,  0.00,  0.00,  0.00,  0.00,  0.00,  0.00,  0.00,  0.00,  0.00,  0.00,  0.00,  0.00,  1.00,  0.00,  0.00,  0.00,  0.00,  0.00,  0.00,  0.00,  0.00,  0.00,  0.00,  0.00,  0.00,  0.00,  0.00,  0.00,  0.00,  0.00,  0.00,  0.00,  0.00,  0.00,  0.00,  0.00,  0.00,  0.00,  0.00,  0.00,  0.00,  0.00,  0.00,  0.00,  0.00,  0.00,  0.00,  0.00,  0.00,  0.00,  0.00,  0.00,  0.00,  0.00,  0.00,  0.00,  0.00,  -1.00,  -1.00,  -1.00,  -1.00,  1.00,  -1.00,  -1.00,  -1.00,  -1.00],  
 [-0.00,  -0.00,  -0.00,  -0.00,  1.00,  -0.00,  -0.00,  -0.00,  -0.00,  -0.00,  -0.00,  -0.00,  -0.00,  -0.00,  -0.00,  -0.00,  -0.00,  -0.00,  -0.00,  -0.00,  -0.00,  -0.00,  -0.00,  -0.00,  -0.00,  -0.00,  -0.00,  -0.00,  -0.00,  -0.00,  -0.00,  -0.00,  -0.00,  -0.00,  -0.00,  -0.00,  -1.00,  -0.00,  -0.00,  -0.00,  -0.00,  -1.00,  -0.00,  -0.00,  -0.00,  -0.00,  -0.00,  -0.00,  -0.00,  -0.00,  -0.00,  -0.00,  -0.00,  -0.00,  -0.00,  -0.00,  -0.00,  -0.00,  -0.00,  -0.00,  -0.00,  -0.00,  -0.00,  -0.00,  -0.00,  -0.00,  -0.00,  -0.00,  -0.00,  -0.00,  -0.00,  -0.00,  -0.00,  -0.00,  -0.00,  -0.00,  -0.00,  -0.00,  -0.00,  -0.00,  -0.00,  -1.00,  -1.00,  -1.00,  -1.00,  -1.00,  1.00,  -1.00,  -1.00,  -1.00],  
 [0.00,  0.00,  0.00,  0.00,  -1.00,  0.00,  0.00,  0.00,  0.00,  0.00,  0.00,  0.00,  0.00,  0.00,  0.00,  0.00,  0.00,  0.00,  0.00,  0.00,  0.00,  0.00,  0.00,  0.00,  0.00,  0.00,  0.00,  0.00,  0.00,  0.00,  0.00,  0.00,  0.00,  0.00,  0.00,  0.00,  1.00,  0.00,  0.00,  0.00,  0.00,  1.00,  0.00,  0.00,  0.00,  0.00,  -1.00,  0.00,  0.00,  0.00,  0.00,  0.00,  0.00,  0.00,  0.00,  0.00,  0.00,  0.00,  0.00,  0.00,  0.00,  0.00,  0.00,  0.00,  0.00,  0.00,  0.00,  0.00,  0.00,  0.00,  0.00,  0.00,  0.00,  0.00,  0.00,  0.00,  0.00,  0.00,  0.00,  0.00,  0.00,  -1.00,  1.00,  -1.00,  -1.00,  -1.00,  -1.00,  -1.00,  -1.00,  -1.00],  
 [-0.00,  -0.00,  -0.00,  -0.00,  1.00,  -0.00,  -0.00,  -0.00,  -0.00,  -0.00,  -0.00,  -0.00,  -0.00,  -1.00,  -0.00,  -0.00,  -0.00,  -0.00,  -0.00,  -0.00,  -0.00,  -0.00,  -0.00,  -0.00,  -0.00,  -0.00,  -0.00,  -0.00,  -0.00,  -0.00,  -0.00,  -0.00,  -0.00,  -0.00,  -0.00,  -0.00,  -1.00,  -0.00,  -0.00,  -0.00,  -0.00,  -1.00,  -0.00,  -0.00,  -0.00,  -0.00,  1.00,  -0.00,  -0.00,  -0.00,  -0.00,  -0.00,  -0.00,  -0.00,  -0.00,  -0.00,  -0.00,  -0.00,  -0.00,  -0.00,  -0.00,  -0.00,  -0.00,  -0.00,  -0.00,  -0.00,  -0.00,  -0.00,  -0.00,  -0.00,  -0.00,  -0.00,  -0.00,  -0.00,  -0.00,  -0.00,  -0.00,  -0.00,  -0.00,  -0.00,  -0.00,  -1.00,  -1.00,  -1.00,  -1.00,  1.00,  -1.00,  -1.00,  -1.00,  -1.00],  
 [0.00,  0.00,  0.00,  0.00,  -1.00,  0.00,  0.00,  0.00,  0.00,  0.00,  0.00,  0.00,  0.00,  1.00,  0.00,  0.00,  0.00,  0.00,  0.00,  0.00,  0.00,  0.00,  0.00,  0.00,  0.00,  0.00,  0.00,  0.00,  0.00,  0.00,  0.00,  0.00,  0.00,  0.00,  0.00,  0.00,  1.00,  0.00,  0.00,  0.00,  0.00,  1.00,  0.00,  0.00,  -1.00,  0.00,  -1.00,  0.00,  0.00,  0.00,  0.00,  0.00,  0.00,  0.00,  0.00,  0.00,  0.00,  0.00,  0.00,  0.00,  0.00,  0.00,  0.00,  0.00,  0.00,  0.00,  0.00,  0.00,  0.00,  0.00,  0.00,  0.00,  0.00,  0.00,  0.00,  0.00,  0.00,  0.00,  0.00,  0.00,  0.00,  -1.00,  -1.00,  -1.00,  -1.00,  -1.00,  -1.00,  -1.00,  -1.00,  1.00],  
 [-0.00,  -0.00,  -0.00,  -0.00,  1.00,  -0.00,  -0.00,  -0.00,  -0.00,  -0.00,  -0.00,  -0.00,  -0.00,  -1.00,  -0.00,  -0.00,  -0.00,  -0.00,  -0.00,  -0.00,  -0.00,  -0.00,  -0.00,  -0.00,  -0.00,  -0.00,  -0.00,  -0.00,  -0.00,  -0.00,  -0.00,  -0.00,  -0.00,  -0.00,  -0.00,  -0.00,  -1.00,  -0.00,  -0.00,  -0.00,  -0.00,  -1.00,  -0.00,  -0.00,  1.00,  -0.00,  1.00,  -0.00,  -0.00,  -0.00,  -0.00,  -0.00,  -0.00,  -0.00,  -0.00,  -0.00,  -0.00,  -0.00,  -0.00,  -0.00,  -0.00,  -0.00,  -0.00,  -0.00,  -0.00,  -0.00,  -0.00,  -0.00,  -0.00,  -0.00,  -0.00,  -0.00,  -0.00,  -0.00,  -0.00,  -0.00,  -0.00,  -0.00,  -1.00,  -0.00,  -0.00,  -1.00,  -1.00,  -1.00,  -1.00,  -1.00,  -1.00,  1.00,  -1.00,  -1.00],  
 [0.00,  0.00,  0.00,  0.00,  -1.00,  0.00,  0.00,  0.00,  0.00,  0.00,  0.00,  0.00,  0.00,  1.00,  0.00,  0.00,  0.00,  0.00,  0.00,  0.00,  0.00,  0.00,  0.00,  0.00,  0.00,  0.00,  0.00,  0.00,  0.00,  0.00,  0.00,  0.00,  0.00,  0.00,  0.00,  0.00,  1.00,  0.00,  0.00,  0.00,  0.00,  1.00,  0.00,  0.00,  -1.00,  0.00,  -1.00,  0.00,  0.00,  0.00,  0.00,  0.00,  0.00,  0.00,  0.00,  0.00,  0.00,  0.00,  0.00,  0.00,  0.00,  -1.00,  0.00,  0.00,  0.00,  0.00,  0.00,  0.00,  0.00,  0.00,  0.00,  0.00,  0.00,  0.00,  0.00,  0.00,  0.00,  0.00,  1.00,  0.00,  0.00,  -1.00,  -1.00,  -1.00,  -1.00,  -1.00,  -1.00,  -1.00,  1.00,  -1.00],  
 [-0.00,  -0.00,  -0.00,  -0.00,  1.00,  -0.00,  -0.00,  -0.00,  -0.00,  -0.00,  -0.00,  -0.00,  -0.00,  -1.00,  -0.00,  -0.00,  -0.00,  -0.00,  -0.00,  -0.00,  -0.00,  -0.00,  -0.00,  -0.00,  -0.00,  -0.00,  -0.00,  -0.00,  -0.00,  -0.00,  -0.00,  -0.00,  -0.00,  -0.00,  -0.00,  -0.00,  -1.00,  -0.00,  -0.00,  -0.00,  -0.00,  -1.00,  -0.00,  -0.00,  1.00,  -0.00,  1.00,  -0.00,  -0.00,  -0.00,  -0.00,  -0.00,  -0.00,  -0.00,  -0.00,  -0.00,  -0.00,  -0.00,  -0.00,  -0.00,  -0.00,  1.00,  -0.00,  -1.00,  -0.00,  -0.00,  -0.00,  -0.00,  -0.00,  -0.00,  -0.00,  -0.00,  -0.00,  -0.00,  -0.00,  -0.00,  -0.00,  -0.00,  -1.00,  -0.00,  -0.00,  1.00,  -1.00,  -1.00,  -1.00,  -1.00,  -1.00,  -1.00,  -1.00,  -1.00],  
 [0.00,  0.00,  0.00,  0.00,  -1.00,  0.00,  -1.00,  0.00,  0.00,  0.00,  0.00,  0.00,  0.00,  1.00,  0.00,  0.00,  0.00,  0.00,  0.00,  0.00,  0.00,  0.00,  0.00,  0.00,  0.00,  0.00,  0.00,  0.00,  0.00,  0.00,  0.00,  0.00,  0.00,  0.00,  0.00,  0.00,  1.00,  0.00,  0.00,  0.00,  0.00,  1.00,  0.00,  0.00,  -1.00,  0.00,  -1.00,  0.00,  0.00,  0.00,  0.00,  0.00,  0.00,  0.00,  0.00,  0.00,  0.00,  0.00,  0.00,  0.00,  0.00,  -1.00,  0.00,  1.00,  0.00,  0.00,  0.00,  0.00,  0.00,  0.00,  0.00,  0.00,  0.00,  0.00,  0.00,  0.00,  0.00,  0.00,  1.00,  0.00,  0.00,  -1.00,  -1.00,  -1.00,  -1.00,  -1.00,  -1.00,  1.00,  -1.00,  -1.00],  
 [-0.00,  -0.00,  -0.00,  -0.00,  1.00,  -0.00,  1.00,  -0.00,  -0.00,  -0.00,  -0.00,  -0.00,  -0.00,  -1.00,  -0.00,  -0.00,  -0.00,  -0.00,  -0.00,  -0.00,  -0.00,  -0.00,  -0.00,  -0.00,  -0.00,  -0.00,  -0.00,  -0.00,  -0.00,  -0.00,  -0.00,  -0.00,  -0.00,  -0.00,  -0.00,  -0.00,  -1.00,  -0.00,  -0.00,  -0.00,  -0.00,  -1.00,  -0.00,  -0.00,  1.00,  -0.00,  1.00,  -0.00,  -0.00,  -0.00,  -0.00,  -0.00,  -0.00,  -0.00,  -1.00,  -0.00,  -0.00,  -0.00,  -0.00,  -0.00,  -0.00,  1.00,  -0.00,  -1.00,  -0.00,  -0.00,  -0.00,  -0.00,  -0.00,  -0.00,  -0.00,  -0.00,  -0.00,  -0.00,  -0.00,  -0.00,  -0.00,  -0.00,  -1.00,  -0.00,  -0.00,  1.00,  -1.00,  -1.00,  -1.00,  -1.00,  -1.00,  -1.00,  -1.00,  -1.00],  
 [0.00,  0.00,  0.00,  0.00,  -1.00,  -1.00,  -1.00,  0.00,  0.00,  0.00,  0.00,  0.00,  0.00,  1.00,  0.00,  0.00,  0.00,  0.00,  0.00,  0.00,  0.00,  0.00,  0.00,  0.00,  0.00,  0.00,  0.00,  0.00,  0.00,  0.00,  0.00,  0.00,  0.00,  0.00,  0.00,  0.00,  1.00,  0.00,  0.00,  0.00,  0.00,  1.00,  0.00,  0.00,  -1.00,  0.00,  -1.00,  0.00,  0.00,  0.00,  0.00,  0.00,  0.00,  0.00,  1.00,  0.00,  0.00,  0.00,  0.00,  0.00,  0.00,  -1.00,  0.00,  1.00,  0.00,  0.00,  0.00,  0.00,  0.00,  0.00,  0.00,  0.00,  0.00,  0.00,  0.00,  0.00,  0.00,  0.00,  1.00,  0.00,  0.00,  -1.00,  -1.00,  -1.00,  -1.00,  -1.00,  1.00,  -1.00,  -1.00,  -1.00],  
 [-0.00,  -0.00,  -0.00,  -0.00,  1.00,  1.00,  1.00,  -0.00,  -0.00,  -0.00,  -0.00,  -0.00,  -0.00,  -1.00,  -0.00,  -0.00,  -0.00,  -0.00,  -0.00,  -0.00,  -0.00,  -0.00,  -0.00,  -0.00,  -0.00,  -0.00,  -0.00,  -0.00,  -0.00,  -0.00,  -0.00,  -0.00,  -0.00,  -0.00,  -0.00,  -0.00,  -1.00,  -0.00,  -0.00,  -0.00,  -0.00,  -1.00,  -0.00,  -0.00,  1.00,  -0.00,  1.00,  -1.00,  -0.00,  -0.00,  -0.00,  -0.00,  -0.00,  -0.00,  -1.00,  -0.00,  -0.00,  -0.00,  -0.00,  -0.00,  -0.00,  1.00,  -0.00,  -1.00,  -0.00,  -0.00,  -0.00,  -0.00,  -0.00,  -0.00,  -0.00,  -0.00,  -0.00,  -0.00,  -0.00,  -0.00,  -0.00,  -0.00,  -1.00,  -0.00,  -0.00,  -1.00,  -1.00,  1.00,  -1.00,  -1.00,  -1.00,  -1.00,  -1.00,  -1.00],  
 [0.00,  0.00,  0.00,  0.00,  -1.00,  -1.00,  -1.00,  0.00,  0.00,  0.00,  0.00,  0.00,  0.00,  1.00,  0.00,  0.00,  0.00,  0.00,  0.00,  -1.00,  0.00,  0.00,  0.00,  0.00,  0.00,  0.00,  0.00,  0.00,  0.00,  0.00,  0.00,  0.00,  0.00,  0.00,  0.00,  0.00,  1.00,  0.00,  0.00,  0.00,  0.00,  1.00,  0.00,  0.00,  -1.00,  0.00,  -1.00,  1.00,  0.00,  0.00,  0.00,  0.00,  0.00,  0.00,  1.00,  0.00,  0.00,  0.00,  0.00,  0.00,  0.00,  -1.00,  0.00,  1.00,  0.00,  0.00,  0.00,  0.00,  0.00,  0.00,  0.00,  0.00,  0.00,  0.00,  0.00,  0.00,  0.00,  0.00,  1.00,  0.00,  0.00,  -1.00,  1.00,  -1.00,  -1.00,  -1.00,  -1.00,  -1.00,  -1.00,  -1.00],  
 [-0.00,  -0.00,  -0.00,  -0.00,  1.00,  1.00,  1.00,  -0.00,  -0.00,  -0.00,  -0.00,  -0.00,  -0.00,  -1.00,  -0.00,  -0.00,  -1.00,  -0.00,  -0.00,  1.00,  -0.00,  -0.00,  -0.00,  -0.00,  -0.00,  -0.00,  -0.00,  -0.00,  -0.00,  -0.00,  -0.00,  -0.00,  -0.00,  -0.00,  -0.00,  -0.00,  -1.00,  -0.00,  -0.00,  -0.00,  -0.00,  -1.00,  -0.00,  -0.00,  1.00,  -0.00,  1.00,  -1.00,  -0.00,  -0.00,  -0.00,  -0.00,  -0.00,  -0.00,  -1.00,  -0.00,  -0.00,  -0.00,  -0.00,  -0.00,  -0.00,  1.00,  -0.00,  -1.00,  -0.00,  -0.00,  -0.00,  -0.00,  -0.00,  -0.00,  -0.00,  -0.00,  -0.00,  -0.00,  -0.00,  -0.00,  -0.00,  -0.00,  -1.00,  -0.00,  -0.00,  -1.00,  -1.00,  -1.00,  -1.00,  -1.00,  -1.00,  -1.00,  1.00,  -1.00],  
 [0.00,  0.00,  0.00,  0.00,  -1.00,  -1.00,  -1.00,  0.00,  0.00,  0.00,  0.00,  0.00,  0.00,  1.00,  0.00,  0.00,  1.00,  0.00,  0.00,  -1.00,  0.00,  0.00,  0.00,  0.00,  0.00,  0.00,  0.00,  0.00,  0.00,  0.00,  0.00,  0.00,  0.00,  0.00,  0.00,  0.00,  1.00,  0.00,  0.00,  0.00,  0.00,  1.00,  0.00,  0.00,  -1.00,  0.00,  -1.00,  1.00,  0.00,  0.00,  0.00,  0.00,  0.00,  0.00,  1.00,  0.00,  0.00,  0.00,  0.00,  0.00,  0.00,  -1.00,  0.00,  1.00,  0.00,  0.00,  0.00,  0.00,  0.00,  -1.00,  0.00,  0.00,  0.00,  0.00,  0.00,  0.00,  0.00,  0.00,  1.00,  0.00,  0.00,  -1.00,  -1.00,  -1.00,  -1.00,  -1.00,  -1.00,  1.00,  -1.00,  -1.00],  
 [-0.00,  -0.00,  -0.00,  -0.00,  1.00,  1.00,  1.00,  -0.00,  -0.00,  -0.00,  -0.00,  -0.00,  -0.00,  -1.00,  -0.00,  -0.00,  -1.00,  -0.00,  -0.00,  1.00,  -0.00,  -0.00,  -0.00,  -0.00,  -0.00,  -0.00,  -0.00,  -0.00,  -0.00,  -0.00,  -0.00,  -0.00,  -0.00,  -0.00,  -0.00,  -0.00,  -1.00,  -0.00,  -0.00,  -0.00,  -0.00,  -1.00,  -0.00,  -0.00,  1.00,  -0.00,  1.00,  -1.00,  -0.00,  -0.00,  -0.00,  -0.00,  -0.00,  -0.00,  -1.00,  -1.00,  -0.00,  -0.00,  -0.00,  -0.00,  -0.00,  1.00,  -0.00,  -1.00,  -0.00,  -0.00,  -0.00,  -0.00,  -0.00,  1.00,  -0.00,  -0.00,  -0.00,  -0.00,  -0.00,  -0.00,  -0.00,  -0.00,  -1.00,  -0.00,  -0.00,  -1.00,  1.00,  -1.00,  -1.00,  -1.00,  -1.00,  -1.00,  -1.00,  -1.00],  
 [0.00,  0.00,  0.00,  0.00,  -1.00,  -1.00,  -1.00,  0.00,  0.00,  0.00,  0.00,  0.00,  0.00,  1.00,  0.00,  -1.00,  1.00,  0.00,  0.00,  -1.00,  0.00,  0.00,  0.00,  0.00,  0.00,  0.00,  0.00,  0.00,  0.00,  0.00,  0.00,  0.00,  0.00,  0.00,  0.00,  0.00,  1.00,  0.00,  0.00,  0.00,  0.00,  1.00,  0.00,  0.00,  -1.00,  0.00,  -1.00,  1.00,  0.00,  0.00,  0.00,  0.00,  0.00,  0.00,  1.00,  1.00,  0.00,  0.00,  0.00,  0.00,  0.00,  -1.00,  0.00,  1.00,  0.00,  0.00,  0.00,  0.00,  0.00,  -1.00,  0.00,  0.00,  0.00,  0.00,  0.00,  0.00,  0.00,  0.00,  1.00,  0.00,  0.00,  -1.00,  -1.00,  -1.00,  -1.00,  -1.00,  -1.00,  1.00,  -1.00,  -1.00],  
 [-0.00,  -0.00,  -0.00,  -0.00,  1.00,  1.00,  1.00,  -0.00,  -0.00,  -0.00,  -0.00,  -0.00,  -0.00,  -1.00,  -0.00,  1.00,  -1.00,  -0.00,  -0.00,  1.00,  -0.00,  -0.00,  -0.00,  -0.00,  -0.00,  -0.00,  -0.00,  -0.00,  -0.00,  -0.00,  -0.00,  -0.00,  -0.00,  -0.00,  -0.00,  -0.00,  -1.00,  -0.00,  -0.00,  -0.00,  -0.00,  -1.00,  -0.00,  -0.00,  1.00,  -0.00,  1.00,  -1.00,  -0.00,  -0.00,  -0.00,  -0.00,  -0.00,  -0.00,  -1.00,  -1.00,  -0.00,  -0.00,  -0.00,  -1.00,  -0.00,  1.00,  -0.00,  -1.00,  -0.00,  -0.00,  -0.00,  -0.00,  -0.00,  1.00,  -0.00,  -0.00,  -0.00,  -0.00,  -0.00,  -0.00,  -0.00,  -0.00,  -1.00,  -0.00,  -0.00,  -1.00,  -1.00,  -1.00,  -1.00,  -1.00,  1.00,  -1.00,  -1.00,  -1.00],  
 [0.00,  0.00,  0.00,  0.00,  -1.00,  -1.00,  -1.00,  0.00,  0.00,  0.00,  0.00,  0.00,  0.00,  1.00,  0.00,  -1.00,  1.00,  0.00,  0.00,  -1.00,  0.00,  0.00,  0.00,  0.00,  0.00,  0.00,  0.00,  0.00,  0.00,  0.00,  0.00,  0.00,  0.00,  0.00,  0.00,  0.00,  1.00,  0.00,  0.00,  0.00,  0.00,  1.00,  0.00,  0.00,  -1.00,  0.00,  -1.00,  1.00,  0.00,  0.00,  0.00,  0.00,  -1.00,  0.00,  1.00,  1.00,  0.00,  0.00,  0.00,  1.00,  0.00,  -1.00,  0.00,  1.00,  0.00,  0.00,  0.00,  0.00,  0.00,  -1.00,  0.00,  0.00,  0.00,  0.00,  0.00,  0.00,  0.00,  0.00,  1.00,  0.00,  0.00,  -1.00,  -1.00,  -1.00,  -1.00,  -1.00,  -1.00,  -1.00,  1.00,  -1.00],  
 [-0.00,  -0.00,  -0.00,  -0.00,  1.00,  1.00,  1.00,  -0.00,  -0.00,  -0.00,  -0.00,  -0.00,  -0.00,  -1.00,  -0.00,  1.00,  -1.00,  -0.00,  -0.00,  1.00,  -0.00,  -0.00,  -0.00,  -0.00,  -0.00,  -0.00,  -0.00,  -0.00,  -0.00,  -0.00,  -0.00,  -0.00,  -0.00,  -0.00,  -0.00,  -0.00,  -1.00,  -0.00,  -0.00,  -0.00,  -0.00,  -1.00,  -0.00,  -0.00,  1.00,  -0.00,  1.00,  -1.00,  -0.00,  -0.00,  -0.00,  -0.00,  1.00,  -0.00,  -1.00,  -1.00,  -0.00,  -0.00,  -0.00,  -1.00,  -0.00,  1.00,  -0.00,  -1.00,  -0.00,  -0.00,  -0.00,  -1.00,  -0.00,  1.00,  -0.00,  -0.00,  -0.00,  -0.00,  -0.00,  -0.00,  -0.00,  -0.00,  -1.00,  -0.00,  -0.00,  -1.00,  -1.00,  -1.00,  -1.00,  1.00,  -1.00,  -1.00,  -1.00,  -1.00],  
 [0.00,  0.00,  0.00,  0.00,  -1.00,  -1.00,  -1.00,  0.00,  0.00,  0.00,  0.00,  0.00,  0.00,  1.00,  0.00,  -1.00,  1.00,  0.00,  0.00,  -1.00,  0.00,  0.00,  0.00,  0.00,  0.00,  0.00,  0.00,  0.00,  0.00,  0.00,  0.00,  0.00,  0.00,  0.00,  0.00,  0.00,  1.00,  -1.00,  0.00,  0.00,  0.00,  1.00,  0.00,  0.00,  -1.00,  0.00,  -1.00,  1.00,  0.00,  0.00,  0.00,  0.00,  -1.00,  0.00,  1.00,  1.00,  0.00,  0.00,  0.00,  1.00,  0.00,  -1.00,  0.00,  1.00,  0.00,  0.00,  0.00,  1.00,  0.00,  -1.00,  0.00,  0.00,  0.00,  0.00,  0.00,  0.00,  0.00,  0.00,  1.00,  0.00,  0.00,  -1.00,  1.00,  -1.00,  -1.00,  -1.00,  -1.00,  -1.00,  -1.00,  -1.00],  
 [-0.00,  -0.00,  -0.00,  -0.00,  1.00,  1.00,  1.00,  -0.00,  -0.00,  -0.00,  -0.00,  -0.00,  -1.00,  -1.00,  -0.00,  1.00,  -1.00,  -0.00,  -0.00,  1.00,  -0.00,  -0.00,  -0.00,  -0.00,  -0.00,  -0.00,  -0.00,  -0.00,  -0.00,  -0.00,  -0.00,  -0.00,  -0.00,  -0.00,  -0.00,  -0.00,  -1.00,  1.00,  -0.00,  -0.00,  -0.00,  -1.00,  -0.00,  -0.00,  1.00,  -0.00,  1.00,  -1.00,  -0.00,  -0.00,  -0.00,  -0.00,  1.00,  -0.00,  -1.00,  -1.00,  -0.00,  -0.00,  -0.00,  -1.00,  -0.00,  1.00,  -0.00,  -1.00,  -0.00,  -0.00,  -0.00,  -1.00,  -0.00,  1.00,  -0.00,  -0.00,  -0.00,  -0.00,  -0.00,  -0.00,  -0.00,  -0.00,  -1.00,  -0.00,  -0.00,  -1.00,  -1.00,  -1.00,  1.00,  -1.00,  -1.00,  -1.00,  -1.00,  -1.00],  
 [0.00,  0.00,  0.00,  0.00,  -1.00,  -1.00,  -1.00,  0.00,  0.00,  0.00,  0.00,  0.00,  1.00,  1.00,  0.00,  -1.00,  1.00,  0.00,  0.00,  -1.00,  0.00,  0.00,  0.00,  0.00,  0.00,  0.00,  0.00,  0.00,  0.00,  0.00,  0.00,  0.00,  -1.00,  0.00,  0.00,  0.00,  1.00,  -1.00,  0.00,  0.00,  0.00,  1.00,  0.00,  0.00,  -1.00,  0.00,  -1.00,  1.00,  0.00,  0.00,  0.00,  0.00,  -1.00,  0.00,  1.00,  1.00,  0.00,  0.00,  0.00,  1.00,  0.00,  -1.00,  0.00,  1.00,  0.00,  0.00,  0.00,  1.00,  0.00,  -1.00,  0.00,  0.00,  0.00,  0.00,  0.00,  0.00,  0.00,  0.00,  1.00,  0.00,  0.00,  -1.00,  -1.00,  -1.00,  -1.00,  -1.00,  1.00,  -1.00,  -1.00,  -1.00],  
 [-0.00,  -0.00,  -0.00,  -0.00,  1.00,  1.00,  1.00,  -0.00,  -0.00,  -0.00,  -0.00,  -0.00,  -1.00,  -1.00,  -0.00,  1.00,  -1.00,  -0.00,  -0.00,  1.00,  -0.00,  -0.00,  -0.00,  -0.00,  -0.00,  -0.00,  -0.00,  -0.00,  -0.00,  -0.00,  -0.00,  -0.00,  1.00,  -0.00,  -0.00,  -0.00,  -1.00,  1.00,  -0.00,  -0.00,  -0.00,  -1.00,  -0.00,  -0.00,  1.00,  -0.00,  1.00,  -1.00,  -0.00,  -0.00,  -1.00,  -0.00,  1.00,  -0.00,  -1.00,  -1.00,  -0.00,  -0.00,  -0.00,  -1.00,  -0.00,  1.00,  -0.00,  -1.00,  -0.00,  -0.00,  -0.00,  -1.00,  -0.00,  1.00,  -0.00,  -0.00,  -0.00,  -0.00,  -0.00,  -0.00,  -0.00,  -0.00,  -1.00,  -0.00,  -0.00,  -1.00,  -1.00,  -1.00,  -1.00,  -1.00,  1.00,  -1.00,  -1.00,  -1.00],  
 [0.00,  0.00,  0.00,  0.00,  -1.00,  -1.00,  -1.00,  0.00,  0.00,  0.00,  0.00,  0.00,  1.00,  1.00,  0.00,  -1.00,  1.00,  0.00,  0.00,  -1.00,  0.00,  0.00,  0.00,  0.00,  0.00,  0.00,  0.00,  0.00,  0.00,  0.00,  0.00,  0.00,  -1.00,  0.00,  0.00,  0.00,  1.00,  -1.00,  0.00,  0.00,  0.00,  1.00,  0.00,  0.00,  -1.00,  -1.00,  -1.00,  1.00,  0.00,  0.00,  1.00,  0.00,  -1.00,  0.00,  1.00,  1.00,  0.00,  0.00,  0.00,  1.00,  0.00,  -1.00,  0.00,  1.00,  0.00,  0.00,  0.00,  1.00,  0.00,  -1.00,  0.00,  0.00,  0.00,  0.00,  0.00,  0.00,  0.00,  0.00,  1.00,  0.00,  0.00,  1.00,  -1.00,  -1.00,  -1.00,  -1.00,  -1.00,  -1.00,  -1.00,  -1.00],  
 [-0.00,  -0.00,  -1.00,  -0.00,  1.00,  1.00,  1.00,  -0.00,  -0.00,  -0.00,  -0.00,  -0.00,  -1.00,  -1.00,  -0.00,  1.00,  -1.00,  -0.00,  -0.00,  1.00,  -0.00,  -0.00,  -0.00,  -0.00,  -0.00,  -0.00,  -0.00,  -0.00,  -0.00,  -0.00,  -0.00,  -0.00,  1.00,  -0.00,  -0.00,  -0.00,  -1.00,  1.00,  -0.00,  -0.00,  -0.00,  -1.00,  -0.00,  -0.00,  1.00,  1.00,  1.00,  -1.00,  -0.00,  -0.00,  -1.00,  -0.00,  1.00,  -0.00,  -1.00,  -1.00,  -0.00,  -0.00,  -0.00,  -1.00,  -0.00,  1.00,  -0.00,  -1.00,  -0.00,  -0.00,  -0.00,  -1.00,  -0.00,  1.00,  -0.00,  -0.00,  -0.00,  -0.00,  -0.00,  -0.00,  -0.00,  -0.00,  -1.00,  -0.00,  -0.00,  -1.00,  -1.00,  1.00,  -1.00,  -1.00,  -1.00,  -1.00,  -1.00,  -1.00],  
 [0.00,  0.00,  1.00,  0.00,  -1.00,  -1.00,  -1.00,  0.00,  0.00,  0.00,  0.00,  0.00,  1.00,  1.00,  0.00,  -1.00,  1.00,  0.00,  0.00,  -1.00,  0.00,  0.00,  0.00,  -1.00,  0.00,  0.00,  0.00,  0.00,  0.00,  0.00,  0.00,  0.00,  -1.00,  0.00,  0.00,  0.00,  1.00,  -1.00,  0.00,  0.00,  0.00,  1.00,  0.00,  0.00,  -1.00,  -1.00,  -1.00,  1.00,  0.00,  0.00,  1.00,  0.00,  -1.00,  0.00,  1.00,  1.00,  0.00,  0.00,  0.00,  1.00,  0.00,  -1.00,  0.00,  1.00,  0.00,  0.00,  0.00,  1.00,  0.00,  -1.00,  0.00,  0.00,  0.00,  0.00,  0.00,  0.00,  0.00,  0.00,  1.00,  0.00,  0.00,  -1.00,  -1.00,  -1.00,  -1.00,  -1.00,  1.00,  -1.00,  -1.00,  -1.00],  
 [-0.00,  -0.00,  -1.00,  -0.00,  1.00,  1.00,  1.00,  -0.00,  -0.00,  -0.00,  -0.00,  -0.00,  -1.00,  -1.00,  -0.00,  1.00,  -1.00,  -0.00,  -0.00,  1.00,  -0.00,  -0.00,  -0.00,  1.00,  -0.00,  -0.00,  -0.00,  -0.00,  -0.00,  -0.00,  -0.00,  -0.00,  1.00,  -0.00,  -0.00,  -0.00,  -1.00,  1.00,  -0.00,  -0.00,  -0.00,  -1.00,  -0.00,  -0.00,  1.00,  1.00,  1.00,  -1.00,  -0.00,  -0.00,  -1.00,  -0.00,  1.00,  -1.00,  -1.00,  -1.00,  -0.00,  -0.00,  -0.00,  -1.00,  -0.00,  1.00,  -0.00,  -1.00,  -0.00,  -0.00,  -0.00,  -1.00,  -0.00,  1.00,  -0.00,  -0.00,  -0.00,  -0.00,  -0.00,  -0.00,  -0.00,  -0.00,  -1.00,  -0.00,  -0.00,  -1.00,  -1.00,  -1.00,  -1.00,  -1.00,  -1.00,  -1.00,  -1.00,  1.00],  
 [0.00,  0.00,  1.00,  0.00,  -1.00,  -1.00,  -1.00,  0.00,  0.00,  0.00,  0.00,  0.00,  1.00,  1.00,  0.00,  -1.00,  1.00,  0.00,  0.00,  -1.00,  0.00,  0.00,  0.00,  -1.00,  0.00,  0.00,  0.00,  0.00,  0.00,  0.00,  0.00,  0.00,  -1.00,  0.00,  0.00,  0.00,  1.00,  -1.00,  0.00,  0.00,  0.00,  1.00,  0.00,  0.00,  -1.00,  -1.00,  -1.00,  1.00,  0.00,  0.00,  1.00,  0.00,  -1.00,  1.00,  1.00,  1.00,  0.00,  0.00,  0.00,  1.00,  0.00,  -1.00,  0.00,  1.00,  0.00,  0.00,  0.00,  1.00,  0.00,  -1.00,  0.00,  0.00,  -1.00,  0.00,  0.00,  0.00,  0.00,  0.00,  1.00,  0.00,  0.00,  1.00,  -1.00,  -1.00,  -1.00,  -1.00,  -1.00,  -1.00,  -1.00,  -1.00],  
 [-0.00,  -0.00,  -1.00,  -0.00,  1.00,  1.00,  1.00,  -0.00,  -1.00,  -0.00,  -0.00,  -0.00,  -1.00,  -1.00,  -0.00,  1.00,  -1.00,  -0.00,  -0.00,  1.00,  -0.00,  -0.00,  -0.00,  1.00,  -0.00,  -0.00,  -0.00,  -0.00,  -0.00,  -0.00,  -0.00,  -0.00,  1.00,  -0.00,  -0.00,  -0.00,  -1.00,  1.00,  -0.00,  -0.00,  -0.00,  -1.00,  -0.00,  -0.00,  1.00,  1.00,  1.00,  -1.00,  -0.00,  -0.00,  -1.00,  -0.00,  1.00,  -1.00,  -1.00,  -1.00,  -0.00,  -0.00,  -0.00,  -1.00,  -0.00,  1.00,  -0.00,  -1.00,  -0.00,  -0.00,  -0.00,  -1.00,  -0.00,  1.00,  -0.00,  -0.00,  1.00,  -0.00,  -0.00,  -0.00,  -0.00,  -0.00,  -1.00,  -0.00,  -0.00,  -1.00,  -1.00,  -1.00,  -1.00,  -1.00,  -1.00,  -1.00,  -1.00,  1.00],  
 [0.00,  0.00,  1.00,  0.00,  -1.00,  -1.00,  -1.00,  0.00,  1.00,  0.00,  0.00,  0.00,  1.00,  1.00,  0.00,  -1.00,  1.00,  0.00,  0.00,  -1.00,  0.00,  0.00,  0.00,  -1.00,  0.00,  0.00,  0.00,  0.00,  0.00,  0.00,  0.00,  0.00,  -1.00,  0.00,  0.00,  0.00,  1.00,  -1.00,  0.00,  0.00,  0.00,  1.00,  0.00,  0.00,  -1.00,  -1.00,  -1.00,  1.00,  0.00,  0.00,  1.00,  0.00,  -1.00,  1.00,  1.00,  1.00,  0.00,  0.00,  0.00,  1.00,  0.00,  -1.00,  0.00,  1.00,  0.00,  0.00,  0.00,  1.00,  0.00,  -1.00,  0.00,  0.00,  -1.00,  0.00,  0.00,  0.00,  -1.00,  0.00,  1.00,  0.00,  0.00,  -1.00,  -1.00,  -1.00,  -1.00,  1.00,  -1.00,  -1.00,  -1.00,  -1.00],  
 [-0.00,  -0.00,  -1.00,  -0.00,  1.00,  1.00,  1.00,  -0.00,  -1.00,  -0.00,  -0.00,  -0.00,  -1.00,  -1.00,  -0.00,  1.00,  -1.00,  -0.00,  -0.00,  1.00,  -0.00,  -0.00,  -0.00,  1.00,  -0.00,  -0.00,  -0.00,  -0.00,  -0.00,  -0.00,  -0.00,  -0.00,  1.00,  -0.00,  -0.00,  -0.00,  -1.00,  1.00,  -0.00,  -0.00,  -0.00,  -1.00,  -0.00,  -1.00,  1.00,  1.00,  1.00,  -1.00,  -0.00,  -0.00,  -1.00,  -0.00,  1.00,  -1.00,  -1.00,  -1.00,  -0.00,  -0.00,  -0.00,  -1.00,  -0.00,  1.00,  -0.00,  -1.00,  -0.00,  -0.00,  -0.00,  -1.00,  -0.00,  1.00,  -0.00,  -0.00,  1.00,  -0.00,  -0.00,  -0.00,  1.00,  -0.00,  -1.00,  -0.00,  -0.00,  -1.00,  -1.00,  -1.00,  -1.00,  -1.00,  -1.00,  -1.00,  1.00,  -1.00],  
 [0.00,  0.00,  1.00,  0.00,  -1.00,  -1.00,  -1.00,  0.00,  1.00,  0.00,  0.00,  0.00,  1.00,  1.00,  0.00,  -1.00,  1.00,  0.00,  0.00,  -1.00,  0.00,  0.00,  0.00,  -1.00,  0.00,  0.00,  0.00,  0.00,  0.00,  0.00,  0.00,  0.00,  -1.00,  0.00,  0.00,  0.00,  1.00,  -1.00,  0.00,  0.00,  0.00,  1.00,  0.00,  1.00,  -1.00,  -1.00,  -1.00,  1.00,  0.00,  0.00,  1.00,  0.00,  -1.00,  1.00,  1.00,  1.00,  0.00,  0.00,  0.00,  1.00,  0.00,  -1.00,  0.00,  1.00,  0.00,  0.00,  -1.00,  1.00,  0.00,  -1.00,  0.00,  0.00,  -1.00,  0.00,  0.00,  0.00,  -1.00,  0.00,  1.00,  0.00,  0.00,  -1.00,  -1.00,  -1.00,  1.00,  -1.00,  -1.00,  -1.00,  -1.00,  -1.00],  
 [-0.00,  -0.00,  -1.00,  -0.00,  1.00,  1.00,  1.00,  -0.00,  -1.00,  -0.00,  -0.00,  -0.00,  -1.00,  -1.00,  -0.00,  1.00,  -1.00,  -0.00,  -0.00,  1.00,  -0.00,  -0.00,  -0.00,  1.00,  -0.00,  -0.00,  -0.00,  -0.00,  -1.00,  -0.00,  -0.00,  -0.00,  1.00,  -0.00,  -0.00,  -0.00,  -1.00,  1.00,  -0.00,  -0.00,  -0.00,  -1.00,  -0.00,  -1.00,  1.00,  1.00,  1.00,  -1.00,  -0.00,  -0.00,  -1.00,  -0.00,  1.00,  -1.00,  -1.00,  -1.00,  -0.00,  -0.00,  -0.00,  -1.00,  -0.00,  1.00,  -0.00,  -1.00,  -0.00,  -0.00,  1.00,  -1.00,  -0.00,  1.00,  -0.00,  -0.00,  1.00,  -0.00,  -0.00,  -0.00,  1.00,  -0.00,  -1.00,  -0.00,  -0.00,  -1.00,  1.00,  -1.00,  -1.00,  -1.00,  -1.00,  -1.00,  -1.00,  -1.00],  
 [0.00,  0.00,  1.00,  0.00,  -1.00,  -1.00,  -1.00,  0.00,  1.00,  0.00,  -1.00,  0.00,  1.00,  1.00,  0.00,  -1.00,  1.00,  0.00,  0.00,  -1.00,  0.00,  0.00,  0.00,  -1.00,  0.00,  0.00,  0.00,  0.00,  1.00,  0.00,  0.00,  0.00,  -1.00,  0.00,  0.00,  0.00,  1.00,  -1.00,  0.00,  0.00,  0.00,  1.00,  0.00,  1.00,  -1.00,  -1.00,  -1.00,  1.00,  0.00,  0.00,  1.00,  0.00,  -1.00,  1.00,  1.00,  1.00,  0.00,  0.00,  0.00,  1.00,  0.00,  -1.00,  0.00,  1.00,  0.00,  0.00,  -1.00,  1.00,  0.00,  -1.00,  0.00,  0.00,  -1.00,  0.00,  0.00,  0.00,  -1.00,  0.00,  1.00,  0.00,  0.00,  -1.00,  1.00,  -1.00,  -1.00,  -1.00,  -1.00,  -1.00,  -1.00,  -1.00],  
 [-0.00,  -0.00,  -1.00,  -0.00,  1.00,  1.00,  1.00,  -0.00,  -1.00,  -1.00,  1.00,  -0.00,  -1.00,  -1.00,  -0.00,  1.00,  -1.00,  -0.00,  -0.00,  1.00,  -0.00,  -0.00,  -0.00,  1.00,  -0.00,  -0.00,  -0.00,  -0.00,  -1.00,  -0.00,  -0.00,  -0.00,  1.00,  -0.00,  -0.00,  -0.00,  -1.00,  1.00,  -0.00,  -0.00,  -0.00,  -1.00,  -0.00,  -1.00,  1.00,  1.00,  1.00,  -1.00,  -0.00,  -0.00,  -1.00,  -0.00,  1.00,  -1.00,  -1.00,  -1.00,  -0.00,  -0.00,  -0.00,  -1.00,  -0.00,  1.00,  -0.00,  -1.00,  -0.00,  -0.00,  1.00,  -1.00,  -0.00,  1.00,  -0.00,  -0.00,  1.00,  -0.00,  -0.00,  -0.00,  1.00,  -0.00,  -1.00,  -0.00,  -0.00,  1.00,  -1.00,  -1.00,  -1.00,  -1.00,  -1.00,  -1.00,  -1.00,  -1.00],  
 [0.00,  0.00,  1.00,  -1.00,  -1.00,  -1.00,  -1.00,  0.00,  1.00,  1.00,  -1.00,  0.00,  1.00,  1.00,  0.00,  -1.00,  1.00,  0.00,  0.00,  -1.00,  0.00,  0.00,  0.00,  -1.00,  0.00,  0.00,  0.00,  0.00,  1.00,  0.00,  0.00,  0.00,  -1.00,  0.00,  0.00,  0.00,  1.00,  -1.00,  0.00,  0.00,  0.00,  1.00,  0.00,  1.00,  -1.00,  -1.00,  -1.00,  1.00,  0.00,  0.00,  1.00,  0.00,  -1.00,  1.00,  1.00,  1.00,  0.00,  0.00,  0.00,  1.00,  0.00,  -1.00,  0.00,  1.00,  0.00,  0.00,  -1.00,  1.00,  0.00,  -1.00,  0.00,  0.00,  -1.00,  0.00,  0.00,  0.00,  -1.00,  0.00,  1.00,  0.00,  0.00,  -1.00,  -1.00,  -1.00,  1.00,  -1.00,  -1.00,  -1.00,  -1.00,  -1.00],  
 [-0.00,  -0.00,  -1.00,  1.00,  1.00,  1.00,  1.00,  -0.00,  -1.00,  -1.00,  1.00,  -0.00,  -1.00,  -1.00,  -0.00,  1.00,  -1.00,  -0.00,  -0.00,  1.00,  -0.00,  -0.00,  -0.00,  1.00,  -0.00,  -0.00,  -0.00,  -0.00,  -1.00,  -1.00,  -0.00,  -0.00,  1.00,  -0.00,  -0.00,  -0.00,  -1.00,  1.00,  -0.00,  -0.00,  -0.00,  -1.00,  -0.00,  -1.00,  1.00,  1.00,  1.00,  -1.00,  -0.00,  -0.00,  -1.00,  -0.00,  1.00,  -1.00,  -1.00,  -1.00,  -0.00,  -0.00,  -0.00,  -1.00,  -0.00,  1.00,  -0.00,  -1.00,  -0.00,  -0.00,  1.00,  -1.00,  -0.00,  1.00,  -0.00,  -0.00,  1.00,  -0.00,  -0.00,  -0.00,  1.00,  -0.00,  -1.00,  -0.00,  -0.00,  -1.00,  -1.00,  1.00,  -1.00,  -1.00,  -1.00,  -1.00,  -1.00,  -1.00],  
 [0.00,  0.00,  1.00,  -1.00,  -1.00,  -1.00,  -1.00,  0.00,  1.00,  1.00,  -1.00,  0.00,  1.00,  1.00,  0.00,  -1.00,  1.00,  0.00,  0.00,  -1.00,  0.00,  0.00,  -1.00,  -1.00,  0.00,  0.00,  0.00,  0.00,  1.00,  1.00,  0.00,  0.00,  -1.00,  0.00,  0.00,  0.00,  1.00,  -1.00,  0.00,  0.00,  0.00,  1.00,  0.00,  1.00,  -1.00,  -1.00,  -1.00,  1.00,  0.00,  0.00,  1.00,  0.00,  -1.00,  1.00,  1.00,  1.00,  0.00,  0.00,  0.00,  1.00,  0.00,  -1.00,  0.00,  1.00,  0.00,  0.00,  -1.00,  1.00,  0.00,  -1.00,  0.00,  0.00,  -1.00,  0.00,  0.00,  0.00,  -1.00,  0.00,  1.00,  0.00,  0.00,  -1.00,  -1.00,  -1.00,  -1.00,  1.00,  -1.00,  -1.00,  -1.00,  -1.00],  
 [-0.00,  -0.00,  -1.00,  1.00,  1.00,  1.00,  1.00,  -0.00,  -1.00,  -1.00,  1.00,  -0.00,  -1.00,  -1.00,  -0.00,  1.00,  -1.00,  -0.00,  -0.00,  1.00,  -0.00,  -0.00,  1.00,  1.00,  -0.00,  -0.00,  -0.00,  -0.00,  -1.00,  -1.00,  -0.00,  -0.00,  1.00,  -0.00,  -0.00,  -0.00,  -1.00,  1.00,  -0.00,  -0.00,  -0.00,  -1.00,  -1.00,  -1.00,  1.00,  1.00,  1.00,  -1.00,  -0.00,  -0.00,  -1.00,  -0.00,  1.00,  -1.00,  -1.00,  -1.00,  -0.00,  -0.00,  -0.00,  -1.00,  -0.00,  1.00,  -0.00,  -1.00,  -0.00,  -0.00,  1.00,  -1.00,  -0.00,  1.00,  -0.00,  -0.00,  1.00,  -0.00,  -0.00,  -0.00,  1.00,  -0.00,  -1.00,  -0.00,  -0.00,  -1.00,  -1.00,  -1.00,  -1.00,  -1.00,  -1.00,  1.00,  -1.00,  -1.00],  
 [0.00,  0.00,  1.00,  -1.00,  -1.00,  -1.00,  -1.00,  0.00,  1.00,  1.00,  -1.00,  0.00,  1.00,  1.00,  0.00,  -1.00,  1.00,  0.00,  0.00,  -1.00,  0.00,  0.00,  -1.00,  -1.00,  0.00,  0.00,  0.00,  0.00,  1.00,  1.00,  0.00,  0.00,  -1.00,  0.00,  0.00,  0.00,  1.00,  -1.00,  0.00,  0.00,  0.00,  1.00,  1.00,  1.00,  -1.00,  -1.00,  -1.00,  1.00,  0.00,  0.00,  1.00,  0.00,  -1.00,  1.00,  1.00,  1.00,  0.00,  0.00,  -1.00,  1.00,  0.00,  -1.00,  0.00,  1.00,  0.00,  0.00,  -1.00,  1.00,  0.00,  -1.00,  0.00,  0.00,  -1.00,  0.00,  0.00,  0.00,  -1.00,  0.00,  1.00,  0.00,  0.00,  -1.00,  -1.00,  -1.00,  -1.00,  1.00,  -1.00,  -1.00,  -1.00,  -1.00],  
 [-0.00,  -0.00,  -1.00,  1.00,  1.00,  1.00,  1.00,  -0.00,  -1.00,  -1.00,  1.00,  -0.00,  -1.00,  -1.00,  -0.00,  1.00,  -1.00,  -0.00,  -0.00,  1.00,  -0.00,  -0.00,  1.00,  1.00,  -0.00,  -0.00,  -0.00,  -0.00,  -1.00,  -1.00,  -0.00,  -0.00,  1.00,  -0.00,  -0.00,  -0.00,  -1.00,  1.00,  -0.00,  -1.00,  -0.00,  -1.00,  -1.00,  -1.00,  1.00,  1.00,  1.00,  -1.00,  -0.00,  -0.00,  -1.00,  -0.00,  1.00,  -1.00,  -1.00,  -1.00,  -0.00,  -0.00,  1.00,  -1.00,  -0.00,  1.00,  -0.00,  -1.00,  -0.00,  -0.00,  1.00,  -1.00,  -0.00,  1.00,  -0.00,  -0.00,  1.00,  -0.00,  -0.00,  -0.00,  1.00,  -0.00,  -1.00,  -0.00,  -0.00,  -1.00,  -1.00,  -1.00,  1.00,  -1.00,  -1.00,  -1.00,  -1.00,  -1.00],  
 [0.00,  0.00,  1.00,  -1.00,  -1.00,  -1.00,  -1.00,  0.00,  1.00,  1.00,  -1.00,  0.00,  1.00,  1.00,  0.00,  -1.00,  1.00,  0.00,  0.00,  -1.00,  0.00,  0.00,  -1.00,  -1.00,  0.00,  0.00,  0.00,  0.00,  1.00,  1.00,  -1.00,  0.00,  -1.00,  0.00,  0.00,  0.00,  1.00,  -1.00,  0.00,  1.00,  0.00,  1.00,  1.00,  1.00,  -1.00,  -1.00,  -1.00,  1.00,  0.00,  0.00,  1.00,  0.00,  -1.00,  1.00,  1.00,  1.00,  0.00,  0.00,  -1.00,  1.00,  0.00,  -1.00,  0.00,  1.00,  0.00,  0.00,  -1.00,  1.00,  0.00,  -1.00,  0.00,  0.00,  -1.00,  0.00,  0.00,  0.00,  -1.00,  0.00,  1.00,  0.00,  0.00,  -1.00,  -1.00,  -1.00,  1.00,  -1.00,  -1.00,  -1.00,  -1.00,  -1.00]]
=================OUTPUT==================
[1.00,  -1.00,  1.00,  -1.00,  1.00,  -1.00,  1.00,  -1.00,  1.00,  -1.00,  1.00,  -1.00,  1.00,  -1.00,  1.00,  -1.00,  1.00,  -1.00,  1.00,  -1.00,  1.00,  -1.00,  1.00,  -1.00,  1.00,  -1.00,  1.00,  -1.00,  1.00,  -1.00,  1.00,  -1.00,  1.00,  -1.00,  1.00,  -1.00,  1.00,  -1.00,  1.00,  -1.00,  1.00,  -1.00,  1.00,  -1.00,  1.00]
Policy network data: 
===========INPUT===================
[[0.00,  0.00,  0.00,  0.00,  0.00,  0.00,  0.00,  0.00,  0.00,  0.00,  0.00,  0.00,  0.00,  0.00,  0.00,  0.00,  0.00,  0.00,  0.00,  0.00,  0.00,  0.00,  0.00,  0.00,  0.00,  0.00,  0.00,  0.00,  0.00,  0.00,  0.00,  0.00,  0.00,  0.00,  0.00,  0.00,  0.00,  0.00,  0.00,  0.00,  0.00,  0.00,  0.00,  0.00,  0.00,  0.00,  0.00,  0.00,  0.00,  0.00,  0.00,  0.00,  0.00,  0.00,  0.00,  0.00,  0.00,  0.00,  0.00,  0.00,  0.00,  0.00,  0.00,  0.00,  0.00,  0.00,  0.00,  0.00,  0.00,  0.00,  0.00,  0.00,  0.00,  0.00,  0.00,  0.00,  0.00,  0.00,  0.00,  0.00,  0.00,  1.00,  1.00,  1.00,  1.00,  1.00,  1.00,  1.00,  1.00,  1.00],  
 [-0.00,  -0.00,  -0.00,  -0.00,  -0.00,  -0.00,  -0.00,  -0.00,  -0.00,  -0.00,  -0.00,  -0.00,  -0.00,  -0.00,  -0.00,  -0.00,  -0.00,  -0.00,  -0.00,  -0.00,  -0.00,  -0.00,  -0.00,  -0.00,  -0.00,  -0.00,  -0.00,  -0.00,  -0.00,  -0.00,  -0.00,  -0.00,  -0.00,  -0.00,  -0.00,  -0.00,  -1.00,  -0.00,  -0.00,  -0.00,  -0.00,  -0.00,  -0.00,  -0.00,  -0.00,  -0.00,  -0.00,  -0.00,  -0.00,  -0.00,  -0.00,  -0.00,  -0.00,  -0.00,  -0.00,  -0.00,  -0.00,  -0.00,  -0.00,  -0.00,  -0.00,  -0.00,  -0.00,  -0.00,  -0.00,  -0.00,  -0.00,  -0.00,  -0.00,  -0.00,  -0.00,  -0.00,  -0.00,  -0.00,  -0.00,  -0.00,  -0.00,  -0.00,  -0.00,  -0.00,  -0.00,  1.00,  -1.00,  -1.00,  -1.00,  -1.00,  -1.00,  -1.00,  -1.00,  -1.00],  
 [0.00,  0.00,  0.00,  0.00,  -1.00,  0.00,  0.00,  0.00,  0.00,  0.00,  0.00,  0.00,  0.00,  0.00,  0.00,  0.00,  0.00,  0.00,  0.00,  0.00,  0.00,  0.00,  0.00,  0.00,  0.00,  0.00,  0.00,  0.00,  0.00,  0.00,  0.00,  0.00,  0.00,  0.00,  0.00,  0.00,  1.00,  0.00,  0.00,  0.00,  0.00,  0.00,  0.00,  0.00,  0.00,  0.00,  0.00,  0.00,  0.00,  0.00,  0.00,  0.00,  0.00,  0.00,  0.00,  0.00,  0.00,  0.00,  0.00,  0.00,  0.00,  0.00,  0.00,  0.00,  0.00,  0.00,  0.00,  0.00,  0.00,  0.00,  0.00,  0.00,  0.00,  0.00,  0.00,  0.00,  0.00,  0.00,  0.00,  0.00,  0.00,  -1.00,  -1.00,  -1.00,  -1.00,  1.00,  -1.00,  -1.00,  -1.00,  -1.00],  
 [-0.00,  -0.00,  -0.00,  -0.00,  1.00,  -0.00,  -0.00,  -0.00,  -0.00,  -0.00,  -0.00,  -0.00,  -0.00,  -0.00,  -0.00,  -0.00,  -0.00,  -0.00,  -0.00,  -0.00,  -0.00,  -0.00,  -0.00,  -0.00,  -0.00,  -0.00,  -0.00,  -0.00,  -0.00,  -0.00,  -0.00,  -0.00,  -0.00,  -0.00,  -0.00,  -0.00,  -1.00,  -0.00,  -0.00,  -0.00,  -0.00,  -1.00,  -0.00,  -0.00,  -0.00,  -0.00,  -0.00,  -0.00,  -0.00,  -0.00,  -0.00,  -0.00,  -0.00,  -0.00,  -0.00,  -0.00,  -0.00,  -0.00,  -0.00,  -0.00,  -0.00,  -0.00,  -0.00,  -0.00,  -0.00,  -0.00,  -0.00,  -0.00,  -0.00,  -0.00,  -0.00,  -0.00,  -0.00,  -0.00,  -0.00,  -0.00,  -0.00,  -0.00,  -0.00,  -0.00,  -0.00,  -1.00,  -1.00,  -1.00,  -1.00,  -1.00,  1.00,  -1.00,  -1.00,  -1.00],  
 [0.00,  0.00,  0.00,  0.00,  -1.00,  0.00,  0.00,  0.00,  0.00,  0.00,  0.00,  0.00,  0.00,  0.00,  0.00,  0.00,  0.00,  0.00,  0.00,  0.00,  0.00,  0.00,  0.00,  0.00,  0.00,  0.00,  0.00,  0.00,  0.00,  0.00,  0.00,  0.00,  0.00,  0.00,  0.00,  0.00,  1.00,  0.00,  0.00,  0.00,  0.00,  1.00,  0.00,  0.00,  0.00,  0.00,  -1.00,  0.00,  0.00,  0.00,  0.00,  0.00,  0.00,  0.00,  0.00,  0.00,  0.00,  0.00,  0.00,  0.00,  0.00,  0.00,  0.00,  0.00,  0.00,  0.00,  0.00,  0.00,  0.00,  0.00,  0.00,  0.00,  0.00,  0.00,  0.00,  0.00,  0.00,  0.00,  0.00,  0.00,  0.00,  -1.00,  1.00,  -1.00,  -1.00,  -1.00,  -1.00,  -1.00,  -1.00,  -1.00],  
 [-0.00,  -0.00,  -0.00,  -0.00,  1.00,  -0.00,  -0.00,  -0.00,  -0.00,  -0.00,  -0.00,  -0.00,  -0.00,  -1.00,  -0.00,  -0.00,  -0.00,  -0.00,  -0.00,  -0.00,  -0.00,  -0.00,  -0.00,  -0.00,  -0.00,  -0.00,  -0.00,  -0.00,  -0.00,  -0.00,  -0.00,  -0.00,  -0.00,  -0.00,  -0.00,  -0.00,  -1.00,  -0.00,  -0.00,  -0.00,  -0.00,  -1.00,  -0.00,  -0.00,  -0.00,  -0.00,  1.00,  -0.00,  -0.00,  -0.00,  -0.00,  -0.00,  -0.00,  -0.00,  -0.00,  -0.00,  -0.00,  -0.00,  -0.00,  -0.00,  -0.00,  -0.00,  -0.00,  -0.00,  -0.00,  -0.00,  -0.00,  -0.00,  -0.00,  -0.00,  -0.00,  -0.00,  -0.00,  -0.00,  -0.00,  -0.00,  -0.00,  -0.00,  -0.00,  -0.00,  -0.00,  -1.00,  -1.00,  -1.00,  -1.00,  1.00,  -1.00,  -1.00,  -1.00,  -1.00],  
 [0.00,  0.00,  0.00,  0.00,  -1.00,  0.00,  0.00,  0.00,  0.00,  0.00,  0.00,  0.00,  0.00,  1.00,  0.00,  0.00,  0.00,  0.00,  0.00,  0.00,  0.00,  0.00,  0.00,  0.00,  0.00,  0.00,  0.00,  0.00,  0.00,  0.00,  0.00,  0.00,  0.00,  0.00,  0.00,  0.00,  1.00,  0.00,  0.00,  0.00,  0.00,  1.00,  0.00,  0.00,  -1.00,  0.00,  -1.00,  0.00,  0.00,  0.00,  0.00,  0.00,  0.00,  0.00,  0.00,  0.00,  0.00,  0.00,  0.00,  0.00,  0.00,  0.00,  0.00,  0.00,  0.00,  0.00,  0.00,  0.00,  0.00,  0.00,  0.00,  0.00,  0.00,  0.00,  0.00,  0.00,  0.00,  0.00,  0.00,  0.00,  0.00,  -1.00,  -1.00,  -1.00,  -1.00,  -1.00,  -1.00,  -1.00,  -1.00,  1.00],  
 [-0.00,  -0.00,  -0.00,  -0.00,  1.00,  -0.00,  -0.00,  -0.00,  -0.00,  -0.00,  -0.00,  -0.00,  -0.00,  -1.00,  -0.00,  -0.00,  -0.00,  -0.00,  -0.00,  -0.00,  -0.00,  -0.00,  -0.00,  -0.00,  -0.00,  -0.00,  -0.00,  -0.00,  -0.00,  -0.00,  -0.00,  -0.00,  -0.00,  -0.00,  -0.00,  -0.00,  -1.00,  -0.00,  -0.00,  -0.00,  -0.00,  -1.00,  -0.00,  -0.00,  1.00,  -0.00,  1.00,  -0.00,  -0.00,  -0.00,  -0.00,  -0.00,  -0.00,  -0.00,  -0.00,  -0.00,  -0.00,  -0.00,  -0.00,  -0.00,  -0.00,  -0.00,  -0.00,  -0.00,  -0.00,  -0.00,  -0.00,  -0.00,  -0.00,  -0.00,  -0.00,  -0.00,  -0.00,  -0.00,  -0.00,  -0.00,  -0.00,  -0.00,  -1.00,  -0.00,  -0.00,  -1.00,  -1.00,  -1.00,  -1.00,  -1.00,  -1.00,  1.00,  -1.00,  -1.00],  
 [0.00,  0.00,  0.00,  0.00,  -1.00,  0.00,  0.00,  0.00,  0.00,  0.00,  0.00,  0.00,  0.00,  1.00,  0.00,  0.00,  0.00,  0.00,  0.00,  0.00,  0.00,  0.00,  0.00,  0.00,  0.00,  0.00,  0.00,  0.00,  0.00,  0.00,  0.00,  0.00,  0.00,  0.00,  0.00,  0.00,  1.00,  0.00,  0.00,  0.00,  0.00,  1.00,  0.00,  0.00,  -1.00,  0.00,  -1.00,  0.00,  0.00,  0.00,  0.00,  0.00,  0.00,  0.00,  0.00,  0.00,  0.00,  0.00,  0.00,  0.00,  0.00,  -1.00,  0.00,  0.00,  0.00,  0.00,  0.00,  0.00,  0.00,  0.00,  0.00,  0.00,  0.00,  0.00,  0.00,  0.00,  0.00,  0.00,  1.00,  0.00,  0.00,  -1.00,  -1.00,  -1.00,  -1.00,  -1.00,  -1.00,  -1.00,  1.00,  -1.00],  
 [-0.00,  -0.00,  -0.00,  -0.00,  1.00,  -0.00,  -0.00,  -0.00,  -0.00,  -0.00,  -0.00,  -0.00,  -0.00,  -1.00,  -0.00,  -0.00,  -0.00,  -0.00,  -0.00,  -0.00,  -0.00,  -0.00,  -0.00,  -0.00,  -0.00,  -0.00,  -0.00,  -0.00,  -0.00,  -0.00,  -0.00,  -0.00,  -0.00,  -0.00,  -0.00,  -0.00,  -1.00,  -0.00,  -0.00,  -0.00,  -0.00,  -1.00,  -0.00,  -0.00,  1.00,  -0.00,  1.00,  -0.00,  -0.00,  -0.00,  -0.00,  -0.00,  -0.00,  -0.00,  -0.00,  -0.00,  -0.00,  -0.00,  -0.00,  -0.00,  -0.00,  1.00,  -0.00,  -1.00,  -0.00,  -0.00,  -0.00,  -0.00,  -0.00,  -0.00,  -0.00,  -0.00,  -0.00,  -0.00,  -0.00,  -0.00,  -0.00,  -0.00,  -1.00,  -0.00,  -0.00,  1.00,  -1.00,  -1.00,  -1.00,  -1.00,  -1.00,  -1.00,  -1.00,  -1.00],  
 [0.00,  0.00,  0.00,  0.00,  -1.00,  0.00,  -1.00,  0.00,  0.00,  0.00,  0.00,  0.00,  0.00,  1.00,  0.00,  0.00,  0.00,  0.00,  0.00,  0.00,  0.00,  0.00,  0.00,  0.00,  0.00,  0.00,  0.00,  0.00,  0.00,  0.00,  0.00,  0.00,  0.00,  0.00,  0.00,  0.00,  1.00,  0.00,  0.00,  0.00,  0.00,  1.00,  0.00,  0.00,  -1.00,  0.00,  -1.00,  0.00,  0.00,  0.00,  0.00,  0.00,  0.00,  0.00,  0.00,  0.00,  0.00,  0.00,  0.00,  0.00,  0.00,  -1.00,  0.00,  1.00,  0.00,  0.00,  0.00,  0.00,  0.00,  0.00,  0.00,  0.00,  0.00,  0.00,  0.00,  0.00,  0.00,  0.00,  1.00,  0.00,  0.00,  -1.00,  -1.00,  -1.00,  -1.00,  -1.00,  -1.00,  1.00,  -1.00,  -1.00],  
 [-0.00,  -0.00,  -0.00,  -0.00,  1.00,  -0.00,  1.00,  -0.00,  -0.00,  -0.00,  -0.00,  -0.00,  -0.00,  -1.00,  -0.00,  -0.00,  -0.00,  -0.00,  -0.00,  -0.00,  -0.00,  -0.00,  -0.00,  -0.00,  -0.00,  -0.00,  -0.00,  -0.00,  -0.00,  -0.00,  -0.00,  -0.00,  -0.00,  -0.00,  -0.00,  -0.00,  -1.00,  -0.00,  -0.00,  -0.00,  -0.00,  -1.00,  -0.00,  -0.00,  1.00,  -0.00,  1.00,  -0.00,  -0.00,  -0.00,  -0.00,  -0.00,  -0.00,  -0.00,  -1.00,  -0.00,  -0.00,  -0.00,  -0.00,  -0.00,  -0.00,  1.00,  -0.00,  -1.00,  -0.00,  -0.00,  -0.00,  -0.00,  -0.00,  -0.00,  -0.00,  -0.00,  -0.00,  -0.00,  -0.00,  -0.00,  -0.00,  -0.00,  -1.00,  -0.00,  -0.00,  1.00,  -1.00,  -1.00,  -1.00,  -1.00,  -1.00,  -1.00,  -1.00,  -1.00],  
 [0.00,  0.00,  0.00,  0.00,  -1.00,  -1.00,  -1.00,  0.00,  0.00,  0.00,  0.00,  0.00,  0.00,  1.00,  0.00,  0.00,  0.00,  0.00,  0.00,  0.00,  0.00,  0.00,  0.00,  0.00,  0.00,  0.00,  0.00,  0.00,  0.00,  0.00,  0.00,  0.00,  0.00,  0.00,  0.00,  0.00,  1.00,  0.00,  0.00,  0.00,  0.00,  1.00,  0.00,  0.00,  -1.00,  0.00,  -1.00,  0.00,  0.00,  0.00,  0.00,  0.00,  0.00,  0.00,  1.00,  0.00,  0.00,  0.00,  0.00,  0.00,  0.00,  -1.00,  0.00,  1.00,  0.00,  0.00,  0.00,  0.00,  0.00,  0.00,  0.00,  0.00,  0.00,  0.00,  0.00,  0.00,  0.00,  0.00,  1.00,  0.00,  0.00,  -1.00,  -1.00,  -1.00,  -1.00,  -1.00,  1.00,  -1.00,  -1.00,  -1.00],  
 [-0.00,  -0.00,  -0.00,  -0.00,  1.00,  1.00,  1.00,  -0.00,  -0.00,  -0.00,  -0.00,  -0.00,  -0.00,  -1.00,  -0.00,  -0.00,  -0.00,  -0.00,  -0.00,  -0.00,  -0.00,  -0.00,  -0.00,  -0.00,  -0.00,  -0.00,  -0.00,  -0.00,  -0.00,  -0.00,  -0.00,  -0.00,  -0.00,  -0.00,  -0.00,  -0.00,  -1.00,  -0.00,  -0.00,  -0.00,  -0.00,  -1.00,  -0.00,  -0.00,  1.00,  -0.00,  1.00,  -1.00,  -0.00,  -0.00,  -0.00,  -0.00,  -0.00,  -0.00,  -1.00,  -0.00,  -0.00,  -0.00,  -0.00,  -0.00,  -0.00,  1.00,  -0.00,  -1.00,  -0.00,  -0.00,  -0.00,  -0.00,  -0.00,  -0.00,  -0.00,  -0.00,  -0.00,  -0.00,  -0.00,  -0.00,  -0.00,  -0.00,  -1.00,  -0.00,  -0.00,  -1.00,  -1.00,  1.00,  -1.00,  -1.00,  -1.00,  -1.00,  -1.00,  -1.00],  
 [0.00,  0.00,  0.00,  0.00,  -1.00,  -1.00,  -1.00,  0.00,  0.00,  0.00,  0.00,  0.00,  0.00,  1.00,  0.00,  0.00,  0.00,  0.00,  0.00,  -1.00,  0.00,  0.00,  0.00,  0.00,  0.00,  0.00,  0.00,  0.00,  0.00,  0.00,  0.00,  0.00,  0.00,  0.00,  0.00,  0.00,  1.00,  0.00,  0.00,  0.00,  0.00,  1.00,  0.00,  0.00,  -1.00,  0.00,  -1.00,  1.00,  0.00,  0.00,  0.00,  0.00,  0.00,  0.00,  1.00,  0.00,  0.00,  0.00,  0.00,  0.00,  0.00,  -1.00,  0.00,  1.00,  0.00,  0.00,  0.00,  0.00,  0.00,  0.00,  0.00,  0.00,  0.00,  0.00,  0.00,  0.00,  0.00,  0.00,  1.00,  0.00,  0.00,  -1.00,  1.00,  -1.00,  -1.00,  -1.00,  -1.00,  -1.00,  -1.00,  -1.00],  
 [-0.00,  -0.00,  -0.00,  -0.00,  1.00,  1.00,  1.00,  -0.00,  -0.00,  -0.00,  -0.00,  -0.00,  -0.00,  -1.00,  -0.00,  -0.00,  -1.00,  -0.00,  -0.00,  1.00,  -0.00,  -0.00,  -0.00,  -0.00,  -0.00,  -0.00,  -0.00,  -0.00,  -0.00,  -0.00,  -0.00,  -0.00,  -0.00,  -0.00,  -0.00,  -0.00,  -1.00,  -0.00,  -0.00,  -0.00,  -0.00,  -1.00,  -0.00,  -0.00,  1.00,  -0.00,  1.00,  -1.00,  -0.00,  -0.00,  -0.00,  -0.00,  -0.00,  -0.00,  -1.00,  -0.00,  -0.00,  -0.00,  -0.00,  -0.00,  -0.00,  1.00,  -0.00,  -1.00,  -0.00,  -0.00,  -0.00,  -0.00,  -0.00,  -0.00,  -0.00,  -0.00,  -0.00,  -0.00,  -0.00,  -0.00,  -0.00,  -0.00,  -1.00,  -0.00,  -0.00,  -1.00,  -1.00,  -1.00,  -1.00,  -1.00,  -1.00,  -1.00,  1.00,  -1.00],  
 [0.00,  0.00,  0.00,  0.00,  -1.00,  -1.00,  -1.00,  0.00,  0.00,  0.00,  0.00,  0.00,  0.00,  1.00,  0.00,  0.00,  1.00,  0.00,  0.00,  -1.00,  0.00,  0.00,  0.00,  0.00,  0.00,  0.00,  0.00,  0.00,  0.00,  0.00,  0.00,  0.00,  0.00,  0.00,  0.00,  0.00,  1.00,  0.00,  0.00,  0.00,  0.00,  1.00,  0.00,  0.00,  -1.00,  0.00,  -1.00,  1.00,  0.00,  0.00,  0.00,  0.00,  0.00,  0.00,  1.00,  0.00,  0.00,  0.00,  0.00,  0.00,  0.00,  -1.00,  0.00,  1.00,  0.00,  0.00,  0.00,  0.00,  0.00,  -1.00,  0.00,  0.00,  0.00,  0.00,  0.00,  0.00,  0.00,  0.00,  1.00,  0.00,  0.00,  -1.00,  -1.00,  -1.00,  -1.00,  -1.00,  -1.00,  1.00,  -1.00,  -1.00],  
 [-0.00,  -0.00,  -0.00,  -0.00,  1.00,  1.00,  1.00,  -0.00,  -0.00,  -0.00,  -0.00,  -0.00,  -0.00,  -1.00,  -0.00,  -0.00,  -1.00,  -0.00,  -0.00,  1.00,  -0.00,  -0.00,  -0.00,  -0.00,  -0.00,  -0.00,  -0.00,  -0.00,  -0.00,  -0.00,  -0.00,  -0.00,  -0.00,  -0.00,  -0.00,  -0.00,  -1.00,  -0.00,  -0.00,  -0.00,  -0.00,  -1.00,  -0.00,  -0.00,  1.00,  -0.00,  1.00,  -1.00,  -0.00,  -0.00,  -0.00,  -0.00,  -0.00,  -0.00,  -1.00,  -1.00,  -0.00,  -0.00,  -0.00,  -0.00,  -0.00,  1.00,  -0.00,  -1.00,  -0.00,  -0.00,  -0.00,  -0.00,  -0.00,  1.00,  -0.00,  -0.00,  -0.00,  -0.00,  -0.00,  -0.00,  -0.00,  -0.00,  -1.00,  -0.00,  -0.00,  -1.00,  1.00,  -1.00,  -1.00,  -1.00,  -1.00,  -1.00,  -1.00,  -1.00],  
 [0.00,  0.00,  0.00,  0.00,  -1.00,  -1.00,  -1.00,  0.00,  0.00,  0.00,  0.00,  0.00,  0.00,  1.00,  0.00,  -1.00,  1.00,  0.00,  0.00,  -1.00,  0.00,  0.00,  0.00,  0.00,  0.00,  0.00,  0.00,  0.00,  0.00,  0.00,  0.00,  0.00,  0.00,  0.00,  0.00,  0.00,  1.00,  0.00,  0.00,  0.00,  0.00,  1.00,  0.00,  0.00,  -1.00,  0.00,  -1.00,  1.00,  0.00,  0.00,  0.00,  0.00,  0.00,  0.00,  1.00,  1.00,  0.00,  0.00,  0.00,  0.00,  0.00,  -1.00,  0.00,  1.00,  0.00,  0.00,  0.00,  0.00,  0.00,  -1.00,  0.00,  0.00,  0.00,  0.00,  0.00,  0.00,  0.00,  0.00,  1.00,  0.00,  0.00,  -1.00,  -1.00,  -1.00,  -1.00,  -1.00,  -1.00,  1.00,  -1.00,  -1.00],  
 [-0.00,  -0.00,  -0.00,  -0.00,  1.00,  1.00,  1.00,  -0.00,  -0.00,  -0.00,  -0.00,  -0.00,  -0.00,  -1.00,  -0.00,  1.00,  -1.00,  -0.00,  -0.00,  1.00,  -0.00,  -0.00,  -0.00,  -0.00,  -0.00,  -0.00,  -0.00,  -0.00,  -0.00,  -0.00,  -0.00,  -0.00,  -0.00,  -0.00,  -0.00,  -0.00,  -1.00,  -0.00,  -0.00,  -0.00,  -0.00,  -1.00,  -0.00,  -0.00,  1.00,  -0.00,  1.00,  -1.00,  -0.00,  -0.00,  -0.00,  -0.00,  -0.00,  -0.00,  -1.00,  -1.00,  -0.00,  -0.00,  -0.00,  -1.00,  -0.00,  1.00,  -0.00,  -1.00,  -0.00,  -0.00,  -0.00,  -0.00,  -0.00,  1.00,  -0.00,  -0.00,  -0.00,  -0.00,  -0.00,  -0.00,  -0.00,  -0.00,  -1.00,  -0.00,  -0.00,  -1.00,  -1.00,  -1.00,  -1.00,  -1.00,  1.00,  -1.00,  -1.00,  -1.00],  
 [0.00,  0.00,  0.00,  0.00,  -1.00,  -1.00,  -1.00,  0.00,  0.00,  0.00,  0.00,  0.00,  0.00,  1.00,  0.00,  -1.00,  1.00,  0.00,  0.00,  -1.00,  0.00,  0.00,  0.00,  0.00,  0.00,  0.00,  0.00,  0.00,  0.00,  0.00,  0.00,  0.00,  0.00,  0.00,  0.00,  0.00,  1.00,  0.00,  0.00,  0.00,  0.00,  1.00,  0.00,  0.00,  -1.00,  0.00,  -1.00,  1.00,  0.00,  0.00,  0.00,  0.00,  -1.00,  0.00,  1.00,  1.00,  0.00,  0.00,  0.00,  1.00,  0.00,  -1.00,  0.00,  1.00,  0.00,  0.00,  0.00,  0.00,  0.00,  -1.00,  0.00,  0.00,  0.00,  0.00,  0.00,  0.00,  0.00,  0.00,  1.00,  0.00,  0.00,  -1.00,  -1.00,  -1.00,  -1.00,  -1.00,  -1.00,  -1.00,  1.00,  -1.00],  
 [-0.00,  -0.00,  -0.00,  -0.00,  1.00,  1.00,  1.00,  -0.00,  -0.00,  -0.00,  -0.00,  -0.00,  -0.00,  -1.00,  -0.00,  1.00,  -1.00,  -0.00,  -0.00,  1.00,  -0.00,  -0.00,  -0.00,  -0.00,  -0.00,  -0.00,  -0.00,  -0.00,  -0.00,  -0.00,  -0.00,  -0.00,  -0.00,  -0.00,  -0.00,  -0.00,  -1.00,  -0.00,  -0.00,  -0.00,  -0.00,  -1.00,  -0.00,  -0.00,  1.00,  -0.00,  1.00,  -1.00,  -0.00,  -0.00,  -0.00,  -0.00,  1.00,  -0.00,  -1.00,  -1.00,  -0.00,  -0.00,  -0.00,  -1.00,  -0.00,  1.00,  -0.00,  -1.00,  -0.00,  -0.00,  -0.00,  -1.00,  -0.00,  1.00,  -0.00,  -0.00,  -0.00,  -0.00,  -0.00,  -0.00,  -0.00,  -0.00,  -1.00,  -0.00,  -0.00,  -1.00,  -1.00,  -1.00,  -1.00,  1.00,  -1.00,  -1.00,  -1.00,  -1.00],  
 [0.00,  0.00,  0.00,  0.00,  -1.00,  -1.00,  -1.00,  0.00,  0.00,  0.00,  0.00,  0.00,  0.00,  1.00,  0.00,  -1.00,  1.00,  0.00,  0.00,  -1.00,  0.00,  0.00,  0.00,  0.00,  0.00,  0.00,  0.00,  0.00,  0.00,  0.00,  0.00,  0.00,  0.00,  0.00,  0.00,  0.00,  1.00,  -1.00,  0.00,  0.00,  0.00,  1.00,  0.00,  0.00,  -1.00,  0.00,  -1.00,  1.00,  0.00,  0.00,  0.00,  0.00,  -1.00,  0.00,  1.00,  1.00,  0.00,  0.00,  0.00,  1.00,  0.00,  -1.00,  0.00,  1.00,  0.00,  0.00,  0.00,  1.00,  0.00,  -1.00,  0.00,  0.00,  0.00,  0.00,  0.00,  0.00,  0.00,  0.00,  1.00,  0.00,  0.00,  -1.00,  1.00,  -1.00,  -1.00,  -1.00,  -1.00,  -1.00,  -1.00,  -1.00],  
 [-0.00,  -0.00,  -0.00,  -0.00,  1.00,  1.00,  1.00,  -0.00,  -0.00,  -0.00,  -0.00,  -0.00,  -1.00,  -1.00,  -0.00,  1.00,  -1.00,  -0.00,  -0.00,  1.00,  -0.00,  -0.00,  -0.00,  -0.00,  -0.00,  -0.00,  -0.00,  -0.00,  -0.00,  -0.00,  -0.00,  -0.00,  -0.00,  -0.00,  -0.00,  -0.00,  -1.00,  1.00,  -0.00,  -0.00,  -0.00,  -1.00,  -0.00,  -0.00,  1.00,  -0.00,  1.00,  -1.00,  -0.00,  -0.00,  -0.00,  -0.00,  1.00,  -0.00,  -1.00,  -1.00,  -0.00,  -0.00,  -0.00,  -1.00,  -0.00,  1.00,  -0.00,  -1.00,  -0.00,  -0.00,  -0.00,  -1.00,  -0.00,  1.00,  -0.00,  -0.00,  -0.00,  -0.00,  -0.00,  -0.00,  -0.00,  -0.00,  -1.00,  -0.00,  -0.00,  -1.00,  -1.00,  -1.00,  1.00,  -1.00,  -1.00,  -1.00,  -1.00,  -1.00],  
 [0.00,  0.00,  0.00,  0.00,  -1.00,  -1.00,  -1.00,  0.00,  0.00,  0.00,  0.00,  0.00,  1.00,  1.00,  0.00,  -1.00,  1.00,  0.00,  0.00,  -1.00,  0.00,  0.00,  0.00,  0.00,  0.00,  0.00,  0.00,  0.00,  0.00,  0.00,  0.00,  0.00,  -1.00,  0.00,  0.00,  0.00,  1.00,  -1.00,  0.00,  0.00,  0.00,  1.00,  0.00,  0.00,  -1.00,  0.00,  -1.00,  1.00,  0.00,  0.00,  0.00,  0.00,  -1.00,  0.00,  1.00,  1.00,  0.00,  0.00,  0.00,  1.00,  0.00,  -1.00,  0.00,  1.00,  0.00,  0.00,  0.00,  1.00,  0.00,  -1.00,  0.00,  0.00,  0.00,  0.00,  0.00,  0.00,  0.00,  0.00,  1.00,  0.00,  0.00,  -1.00,  -1.00,  -1.00,  -1.00,  -1.00,  1.00,  -1.00,  -1.00,  -1.00],  
 [-0.00,  -0.00,  -0.00,  -0.00,  1.00,  1.00,  1.00,  -0.00,  -0.00,  -0.00,  -0.00,  -0.00,  -1.00,  -1.00,  -0.00,  1.00,  -1.00,  -0.00,  -0.00,  1.00,  -0.00,  -0.00,  -0.00,  -0.00,  -0.00,  -0.00,  -0.00,  -0.00,  -0.00,  -0.00,  -0.00,  -0.00,  1.00,  -0.00,  -0.00,  -0.00,  -1.00,  1.00,  -0.00,  -0.00,  -0.00,  -1.00,  -0.00,  -0.00,  1.00,  -0.00,  1.00,  -1.00,  -0.00,  -0.00,  -1.00,  -0.00,  1.00,  -0.00,  -1.00,  -1.00,  -0.00,  -0.00,  -0.00,  -1.00,  -0.00,  1.00,  -0.00,  -1.00,  -0.00,  -0.00,  -0.00,  -1.00,  -0.00,  1.00,  -0.00,  -0.00,  -0.00,  -0.00,  -0.00,  -0.00,  -0.00,  -0.00,  -1.00,  -0.00,  -0.00,  -1.00,  -1.00,  -1.00,  -1.00,  -1.00,  1.00,  -1.00,  -1.00,  -1.00],  
 [0.00,  0.00,  0.00,  0.00,  -1.00,  -1.00,  -1.00,  0.00,  0.00,  0.00,  0.00,  0.00,  1.00,  1.00,  0.00,  -1.00,  1.00,  0.00,  0.00,  -1.00,  0.00,  0.00,  0.00,  0.00,  0.00,  0.00,  0.00,  0.00,  0.00,  0.00,  0.00,  0.00,  -1.00,  0.00,  0.00,  0.00,  1.00,  -1.00,  0.00,  0.00,  0.00,  1.00,  0.00,  0.00,  -1.00,  -1.00,  -1.00,  1.00,  0.00,  0.00,  1.00,  0.00,  -1.00,  0.00,  1.00,  1.00,  0.00,  0.00,  0.00,  1.00,  0.00,  -1.00,  0.00,  1.00,  0.00,  0.00,  0.00,  1.00,  0.00,  -1.00,  0.00,  0.00,  0.00,  0.00,  0.00,  0.00,  0.00,  0.00,  1.00,  0.00,  0.00,  1.00,  -1.00,  -1.00,  -1.00,  -1.00,  -1.00,  -1.00,  -1.00,  -1.00],  
 [-0.00,  -0.00,  -1.00,  -0.00,  1.00,  1.00,  1.00,  -0.00,  -0.00,  -0.00,  -0.00,  -0.00,  -1.00,  -1.00,  -0.00,  1.00,  -1.00,  -0.00,  -0.00,  1.00,  -0.00,  -0.00,  -0.00,  -0.00,  -0.00,  -0.00,  -0.00,  -0.00,  -0.00,  -0.00,  -0.00,  -0.00,  1.00,  -0.00,  -0.00,  -0.00,  -1.00,  1.00,  -0.00,  -0.00,  -0.00,  -1.00,  -0.00,  -0.00,  1.00,  1.00,  1.00,  -1.00,  -0.00,  -0.00,  -1.00,  -0.00,  1.00,  -0.00,  -1.00,  -1.00,  -0.00,  -0.00,  -0.00,  -1.00,  -0.00,  1.00,  -0.00,  -1.00,  -0.00,  -0.00,  -0.00,  -1.00,  -0.00,  1.00,  -0.00,  -0.00,  -0.00,  -0.00,  -0.00,  -0.00,  -0.00,  -0.00,  -1.00,  -0.00,  -0.00,  -1.00,  -1.00,  1.00,  -1.00,  -1.00,  -1.00,  -1.00,  -1.00,  -1.00],  
 [0.00,  0.00,  1.00,  0.00,  -1.00,  -1.00,  -1.00,  0.00,  0.00,  0.00,  0.00,  0.00,  1.00,  1.00,  0.00,  -1.00,  1.00,  0.00,  0.00,  -1.00,  0.00,  0.00,  0.00,  -1.00,  0.00,  0.00,  0.00,  0.00,  0.00,  0.00,  0.00,  0.00,  -1.00,  0.00,  0.00,  0.00,  1.00,  -1.00,  0.00,  0.00,  0.00,  1.00,  0.00,  0.00,  -1.00,  -1.00,  -1.00,  1.00,  0.00,  0.00,  1.00,  0.00,  -1.00,  0.00,  1.00,  1.00,  0.00,  0.00,  0.00,  1.00,  0.00,  -1.00,  0.00,  1.00,  0.00,  0.00,  0.00,  1.00,  0.00,  -1.00,  0.00,  0.00,  0.00,  0.00,  0.00,  0.00,  0.00,  0.00,  1.00,  0.00,  0.00,  -1.00,  -1.00,  -1.00,  -1.00,  -1.00,  1.00,  -1.00,  -1.00,  -1.00],  
 [-0.00,  -0.00,  -1.00,  -0.00,  1.00,  1.00,  1.00,  -0.00,  -0.00,  -0.00,  -0.00,  -0.00,  -1.00,  -1.00,  -0.00,  1.00,  -1.00,  -0.00,  -0.00,  1.00,  -0.00,  -0.00,  -0.00,  1.00,  -0.00,  -0.00,  -0.00,  -0.00,  -0.00,  -0.00,  -0.00,  -0.00,  1.00,  -0.00,  -0.00,  -0.00,  -1.00,  1.00,  -0.00,  -0.00,  -0.00,  -1.00,  -0.00,  -0.00,  1.00,  1.00,  1.00,  -1.00,  -0.00,  -0.00,  -1.00,  -0.00,  1.00,  -1.00,  -1.00,  -1.00,  -0.00,  -0.00,  -0.00,  -1.00,  -0.00,  1.00,  -0.00,  -1.00,  -0.00,  -0.00,  -0.00,  -1.00,  -0.00,  1.00,  -0.00,  -0.00,  -0.00,  -0.00,  -0.00,  -0.00,  -0.00,  -0.00,  -1.00,  -0.00,  -0.00,  -1.00,  -1.00,  -1.00,  -1.00,  -1.00,  -1.00,  -1.00,  -1.00,  1.00],  
 [0.00,  0.00,  1.00,  0.00,  -1.00,  -1.00,  -1.00,  0.00,  0.00,  0.00,  0.00,  0.00,  1.00,  1.00,  0.00,  -1.00,  1.00,  0.00,  0.00,  -1.00,  0.00,  0.00,  0.00,  -1.00,  0.00,  0.00,  0.00,  0.00,  0.00,  0.00,  0.00,  0.00,  -1.00,  0.00,  0.00,  0.00,  1.00,  -1.00,  0.00,  0.00,  0.00,  1.00,  0.00,  0.00,  -1.00,  -1.00,  -1.00,  1.00,  0.00,  0.00,  1.00,  0.00,  -1.00,  1.00,  1.00,  1.00,  0.00,  0.00,  0.00,  1.00,  0.00,  -1.00,  0.00,  1.00,  0.00,  0.00,  0.00,  1.00,  0.00,  -1.00,  0.00,  0.00,  -1.00,  0.00,  0.00,  0.00,  0.00,  0.00,  1.00,  0.00,  0.00,  1.00,  -1.00,  -1.00,  -1.00,  -1.00,  -1.00,  -1.00,  -1.00,  -1.00],  
 [-0.00,  -0.00,  -1.00,  -0.00,  1.00,  1.00,  1.00,  -0.00,  -1.00,  -0.00,  -0.00,  -0.00,  -1.00,  -1.00,  -0.00,  1.00,  -1.00,  -0.00,  -0.00,  1.00,  -0.00,  -0.00,  -0.00,  1.00,  -0.00,  -0.00,  -0.00,  -0.00,  -0.00,  -0.00,  -0.00,  -0.00,  1.00,  -0.00,  -0.00,  -0.00,  -1.00,  1.00,  -0.00,  -0.00,  -0.00,  -1.00,  -0.00,  -0.00,  1.00,  1.00,  1.00,  -1.00,  -0.00,  -0.00,  -1.00,  -0.00,  1.00,  -1.00,  -1.00,  -1.00,  -0.00,  -0.00,  -0.00,  -1.00,  -0.00,  1.00,  -0.00,  -1.00,  -0.00,  -0.00,  -0.00,  -1.00,  -0.00,  1.00,  -0.00,  -0.00,  1.00,  -0.00,  -0.00,  -0.00,  -0.00,  -0.00,  -1.00,  -0.00,  -0.00,  -1.00,  -1.00,  -1.00,  -1.00,  -1.00,  -1.00,  -1.00,  -1.00,  1.00],  
 [0.00,  0.00,  1.00,  0.00,  -1.00,  -1.00,  -1.00,  0.00,  1.00,  0.00,  0.00,  0.00,  1.00,  1.00,  0.00,  -1.00,  1.00,  0.00,  0.00,  -1.00,  0.00,  0.00,  0.00,  -1.00,  0.00,  0.00,  0.00,  0.00,  0.00,  0.00,  0.00,  0.00,  -1.00,  0.00,  0.00,  0.00,  1.00,  -1.00,  0.00,  0.00,  0.00,  1.00,  0.00,  0.00,  -1.00,  -1.00,  -1.00,  1.00,  0.00,  0.00,  1.00,  0.00,  -1.00,  1.00,  1.00,  1.00,  0.00,  0.00,  0.00,  1.00,  0.00,  -1.00,  0.00,  1.00,  0.00,  0.00,  0.00,  1.00,  0.00,  -1.00,  0.00,  0.00,  -1.00,  0.00,  0.00,  0.00,  -1.00,  0.00,  1.00,  0.00,  0.00,  -1.00,  -1.00,  -1.00,  -1.00,  1.00,  -1.00,  -1.00,  -1.00,  -1.00],  
 [-0.00,  -0.00,  -1.00,  -0.00,  1.00,  1.00,  1.00,  -0.00,  -1.00,  -0.00,  -0.00,  -0.00,  -1.00,  -1.00,  -0.00,  1.00,  -1.00,  -0.00,  -0.00,  1.00,  -0.00,  -0.00,  -0.00,  1.00,  -0.00,  -0.00,  -0.00,  -0.00,  -0.00,  -0.00,  -0.00,  -0.00,  1.00,  -0.00,  -0.00,  -0.00,  -1.00,  1.00,  -0.00,  -0.00,  -0.00,  -1.00,  -0.00,  -1.00,  1.00,  1.00,  1.00,  -1.00,  -0.00,  -0.00,  -1.00,  -0.00,  1.00,  -1.00,  -1.00,  -1.00,  -0.00,  -0.00,  -0.00,  -1.00,  -0.00,  1.00,  -0.00,  -1.00,  -0.00,  -0.00,  -0.00,  -1.00,  -0.00,  1.00,  -0.00,  -0.00,  1.00,  -0.00,  -0.00,  -0.00,  1.00,  -0.00,  -1.00,  -0.00,  -0.00,  -1.00,  -1.00,  -1.00,  -1.00,  -1.00,  -1.00,  -1.00,  1.00,  -1.00],  
 [0.00,  0.00,  1.00,  0.00,  -1.00,  -1.00,  -1.00,  0.00,  1.00,  0.00,  0.00,  0.00,  1.00,  1.00,  0.00,  -1.00,  1.00,  0.00,  0.00,  -1.00,  0.00,  0.00,  0.00,  -1.00,  0.00,  0.00,  0.00,  0.00,  0.00,  0.00,  0.00,  0.00,  -1.00,  0.00,  0.00,  0.00,  1.00,  -1.00,  0.00,  0.00,  0.00,  1.00,  0.00,  1.00,  -1.00,  -1.00,  -1.00,  1.00,  0.00,  0.00,  1.00,  0.00,  -1.00,  1.00,  1.00,  1.00,  0.00,  0.00,  0.00,  1.00,  0.00,  -1.00,  0.00,  1.00,  0.00,  0.00,  -1.00,  1.00,  0.00,  -1.00,  0.00,  0.00,  -1.00,  0.00,  0.00,  0.00,  -1.00,  0.00,  1.00,  0.00,  0.00,  -1.00,  -1.00,  -1.00,  1.00,  -1.00,  -1.00,  -1.00,  -1.00,  -1.00],  
 [-0.00,  -0.00,  -1.00,  -0.00,  1.00,  1.00,  1.00,  -0.00,  -1.00,  -0.00,  -0.00,  -0.00,  -1.00,  -1.00,  -0.00,  1.00,  -1.00,  -0.00,  -0.00,  1.00,  -0.00,  -0.00,  -0.00,  1.00,  -0.00,  -0.00,  -0.00,  -0.00,  -1.00,  -0.00,  -0.00,  -0.00,  1.00,  -0.00,  -0.00,  -0.00,  -1.00,  1.00,  -0.00,  -0.00,  -0.00,  -1.00,  -0.00,  -1.00,  1.00,  1.00,  1.00,  -1.00,  -0.00,  -0.00,  -1.00,  -0.00,  1.00,  -1.00,  -1.00,  -1.00,  -0.00,  -0.00,  -0.00,  -1.00,  -0.00,  1.00,  -0.00,  -1.00,  -0.00,  -0.00,  1.00,  -1.00,  -0.00,  1.00,  -0.00,  -0.00,  1.00,  -0.00,  -0.00,  -0.00,  1.00,  -0.00,  -1.00,  -0.00,  -0.00,  -1.00,  1.00,  -1.00,  -1.00,  -1.00,  -1.00,  -1.00,  -1.00,  -1.00],  
 [0.00,  0.00,  1.00,  0.00,  -1.00,  -1.00,  -1.00,  0.00,  1.00,  0.00,  -1.00,  0.00,  1.00,  1.00,  0.00,  -1.00,  1.00,  0.00,  0.00,  -1.00,  0.00,  0.00,  0.00,  -1.00,  0.00,  0.00,  0.00,  0.00,  1.00,  0.00,  0.00,  0.00,  -1.00,  0.00,  0.00,  0.00,  1.00,  -1.00,  0.00,  0.00,  0.00,  1.00,  0.00,  1.00,  -1.00,  -1.00,  -1.00,  1.00,  0.00,  0.00,  1.00,  0.00,  -1.00,  1.00,  1.00,  1.00,  0.00,  0.00,  0.00,  1.00,  0.00,  -1.00,  0.00,  1.00,  0.00,  0.00,  -1.00,  1.00,  0.00,  -1.00,  0.00,  0.00,  -1.00,  0.00,  0.00,  0.00,  -1.00,  0.00,  1.00,  0.00,  0.00,  -1.00,  1.00,  -1.00,  -1.00,  -1.00,  -1.00,  -1.00,  -1.00,  -1.00],  
 [-0.00,  -0.00,  -1.00,  -0.00,  1.00,  1.00,  1.00,  -0.00,  -1.00,  -1.00,  1.00,  -0.00,  -1.00,  -1.00,  -0.00,  1.00,  -1.00,  -0.00,  -0.00,  1.00,  -0.00,  -0.00,  -0.00,  1.00,  -0.00,  -0.00,  -0.00,  -0.00,  -1.00,  -0.00,  -0.00,  -0.00,  1.00,  -0.00,  -0.00,  -0.00,  -1.00,  1.00,  -0.00,  -0.00,  -0.00,  -1.00,  -0.00,  -1.00,  1.00,  1.00,  1.00,  -1.00,  -0.00,  -0.00,  -1.00,  -0.00,  1.00,  -1.00,  -1.00,  -1.00,  -0.00,  -0.00,  -0.00,  -1.00,  -0.00,  1.00,  -0.00,  -1.00,  -0.00,  -0.00,  1.00,  -1.00,  -0.00,  1.00,  -0.00,  -0.00,  1.00,  -0.00,  -0.00,  -0.00,  1.00,  -0.00,  -1.00,  -0.00,  -0.00,  1.00,  -1.00,  -1.00,  -1.00,  -1.00,  -1.00,  -1.00,  -1.00,  -1.00],  
 [0.00,  0.00,  1.00,  -1.00,  -1.00,  -1.00,  -1.00,  0.00,  1.00,  1.00,  -1.00,  0.00,  1.00,  1.00,  0.00,  -1.00,  1.00,  0.00,  0.00,  -1.00,  0.00,  0.00,  0.00,  -1.00,  0.00,  0.00,  0.00,  0.00,  1.00,  0.00,  0.00,  0.00,  -1.00,  0.00,  0.00,  0.00,  1.00,  -1.00,  0.00,  0.00,  0.00,  1.00,  0.00,  1.00,  -1.00,  -1.00,  -1.00,  1.00,  0.00,  0.00,  1.00,  0.00,  -1.00,  1.00,  1.00,  1.00,  0.00,  0.00,  0.00,  1.00,  0.00,  -1.00,  0.00,  1.00,  0.00,  0.00,  -1.00,  1.00,  0.00,  -1.00,  0.00,  0.00,  -1.00,  0.00,  0.00,  0.00,  -1.00,  0.00,  1.00,  0.00,  0.00,  -1.00,  -1.00,  -1.00,  1.00,  -1.00,  -1.00,  -1.00,  -1.00,  -1.00],  
 [-0.00,  -0.00,  -1.00,  1.00,  1.00,  1.00,  1.00,  -0.00,  -1.00,  -1.00,  1.00,  -0.00,  -1.00,  -1.00,  -0.00,  1.00,  -1.00,  -0.00,  -0.00,  1.00,  -0.00,  -0.00,  -0.00,  1.00,  -0.00,  -0.00,  -0.00,  -0.00,  -1.00,  -1.00,  -0.00,  -0.00,  1.00,  -0.00,  -0.00,  -0.00,  -1.00,  1.00,  -0.00,  -0.00,  -0.00,  -1.00,  -0.00,  -1.00,  1.00,  1.00,  1.00,  -1.00,  -0.00,  -0.00,  -1.00,  -0.00,  1.00,  -1.00,  -1.00,  -1.00,  -0.00,  -0.00,  -0.00,  -1.00,  -0.00,  1.00,  -0.00,  -1.00,  -0.00,  -0.00,  1.00,  -1.00,  -0.00,  1.00,  -0.00,  -0.00,  1.00,  -0.00,  -0.00,  -0.00,  1.00,  -0.00,  -1.00,  -0.00,  -0.00,  -1.00,  -1.00,  1.00,  -1.00,  -1.00,  -1.00,  -1.00,  -1.00,  -1.00],  
 [0.00,  0.00,  1.00,  -1.00,  -1.00,  -1.00,  -1.00,  0.00,  1.00,  1.00,  -1.00,  0.00,  1.00,  1.00,  0.00,  -1.00,  1.00,  0.00,  0.00,  -1.00,  0.00,  0.00,  -1.00,  -1.00,  0.00,  0.00,  0.00,  0.00,  1.00,  1.00,  0.00,  0.00,  -1.00,  0.00,  0.00,  0.00,  1.00,  -1.00,  0.00,  0.00,  0.00,  1.00,  0.00,  1.00,  -1.00,  -1.00,  -1.00,  1.00,  0.00,  0.00,  1.00,  0.00,  -1.00,  1.00,  1.00,  1.00,  0.00,  0.00,  0.00,  1.00,  0.00,  -1.00,  0.00,  1.00,  0.00,  0.00,  -1.00,  1.00,  0.00,  -1.00,  0.00,  0.00,  -1.00,  0.00,  0.00,  0.00,  -1.00,  0.00,  1.00,  0.00,  0.00,  -1.00,  -1.00,  -1.00,  -1.00,  1.00,  -1.00,  -1.00,  -1.00,  -1.00],  
 [-0.00,  -0.00,  -1.00,  1.00,  1.00,  1.00,  1.00,  -0.00,  -1.00,  -1.00,  1.00,  -0.00,  -1.00,  -1.00,  -0.00,  1.00,  -1.00,  -0.00,  -0.00,  1.00,  -0.00,  -0.00,  1.00,  1.00,  -0.00,  -0.00,  -0.00,  -0.00,  -1.00,  -1.00,  -0.00,  -0.00,  1.00,  -0.00,  -0.00,  -0.00,  -1.00,  1.00,  -0.00,  -0.00,  -0.00,  -1.00,  -1.00,  -1.00,  1.00,  1.00,  1.00,  -1.00,  -0.00,  -0.00,  -1.00,  -0.00,  1.00,  -1.00,  -1.00,  -1.00,  -0.00,  -0.00,  -0.00,  -1.00,  -0.00,  1.00,  -0.00,  -1.00,  -0.00,  -0.00,  1.00,  -1.00,  -0.00,  1.00,  -0.00,  -0.00,  1.00,  -0.00,  -0.00,  -0.00,  1.00,  -0.00,  -1.00,  -0.00,  -0.00,  -1.00,  -1.00,  -1.00,  -1.00,  -1.00,  -1.00,  1.00,  -1.00,  -1.00],  
 [0.00,  0.00,  1.00,  -1.00,  -1.00,  -1.00,  -1.00,  0.00,  1.00,  1.00,  -1.00,  0.00,  1.00,  1.00,  0.00,  -1.00,  1.00,  0.00,  0.00,  -1.00,  0.00,  0.00,  -1.00,  -1.00,  0.00,  0.00,  0.00,  0.00,  1.00,  1.00,  0.00,  0.00,  -1.00,  0.00,  0.00,  0.00,  1.00,  -1.00,  0.00,  0.00,  0.00,  1.00,  1.00,  1.00,  -1.00,  -1.00,  -1.00,  1.00,  0.00,  0.00,  1.00,  0.00,  -1.00,  1.00,  1.00,  1.00,  0.00,  0.00,  -1.00,  1.00,  0.00,  -1.00,  0.00,  1.00,  0.00,  0.00,  -1.00,  1.00,  0.00,  -1.00,  0.00,  0.00,  -1.00,  0.00,  0.00,  0.00,  -1.00,  0.00,  1.00,  0.00,  0.00,  -1.00,  -1.00,  -1.00,  -1.00,  1.00,  -1.00,  -1.00,  -1.00,  -1.00],  
 [-0.00,  -0.00,  -1.00,  1.00,  1.00,  1.00,  1.00,  -0.00,  -1.00,  -1.00,  1.00,  -0.00,  -1.00,  -1.00,  -0.00,  1.00,  -1.00,  -0.00,  -0.00,  1.00,  -0.00,  -0.00,  1.00,  1.00,  -0.00,  -0.00,  -0.00,  -0.00,  -1.00,  -1.00,  -0.00,  -0.00,  1.00,  -0.00,  -0.00,  -0.00,  -1.00,  1.00,  -0.00,  -1.00,  -0.00,  -1.00,  -1.00,  -1.00,  1.00,  1.00,  1.00,  -1.00,  -0.00,  -0.00,  -1.00,  -0.00,  1.00,  -1.00,  -1.00,  -1.00,  -0.00,  -0.00,  1.00,  -1.00,  -0.00,  1.00,  -0.00,  -1.00,  -0.00,  -0.00,  1.00,  -1.00,  -0.00,  1.00,  -0.00,  -0.00,  1.00,  -0.00,  -0.00,  -0.00,  1.00,  -0.00,  -1.00,  -0.00,  -0.00,  -1.00,  -1.00,  -1.00,  1.00,  -1.00,  -1.00,  -1.00,  -1.00,  -1.00],  
 [0.00,  0.00,  1.00,  -1.00,  -1.00,  -1.00,  -1.00,  0.00,  1.00,  1.00,  -1.00,  0.00,  1.00,  1.00,  0.00,  -1.00,  1.00,  0.00,  0.00,  -1.00,  0.00,  0.00,  -1.00,  -1.00,  0.00,  0.00,  0.00,  0.00,  1.00,  1.00,  -1.00,  0.00,  -1.00,  0.00,  0.00,  0.00,  1.00,  -1.00,  0.00,  1.00,  0.00,  1.00,  1.00,  1.00,  -1.00,  -1.00,  -1.00,  1.00,  0.00,  0.00,  1.00,  0.00,  -1.00,  1.00,  1.00,  1.00,  0.00,  0.00,  -1.00,  1.00,  0.00,  -1.00,  0.00,  1.00,  0.00,  0.00,  -1.00,  1.00,  0.00,  -1.00,  0.00,  0.00,  -1.00,  0.00,  0.00,  0.00,  -1.00,  0.00,  1.00,  0.00,  0.00,  -1.00,  -1.00,  -1.00,  1.00,  -1.00,  -1.00,  -1.00,  -1.00,  -1.00]]
=================OUTPUT==================
[[0.01,  0.01,  0.01,  0.01,  0.01,  0.01,  0.01,  0.02,  0.01,  0.01,  0.01,  0.01,  0.01,  0.01,  0.01,  0.01,  0.01,  0.01,  0.01,  0.01,  0.01,  0.01,  0.01,  0.01,  0.02,  0.01,  0.01,  0.01,  0.01,  0.01,  0.01,  0.01,  0.01,  0.01,  0.01,  0.01,  0.02,  0.02,  0.02,  0.02,  0.01,  0.01,  0.02,  0.02,  0.02,  0.01,  0.01,  0.01,  0.01,  0.01,  0.01,  0.01,  0.01,  0.01,  0.01,  0.01,  0.02,  0.01,  0.02,  0.01,  0.01,  0.01,  0.01,  0.01,  0.01,  0.01,  0.01,  0.01,  0.01,  0.01,  0.01,  0.01,  0.02,  0.01,  0.01,  0.01,  0.02,  0.01,  0.02,  0.02,  0.01],  
 [0.01,  0.02,  0.01,  0.19,  0.40,  0.01,  0.01,  0.32,  0.01,  0.00,  0.00,  0.00,  0.00,  0.00,  0.00,  0.00,  0.00,  0.00,  0.00,  0.00,  0.00,  0.00,  0.00,  0.00,  0.00,  0.00,  0.00,  0.00,  0.00,  0.00,  0.00,  0.00,  0.00,  0.00,  0.00,  0.00,  0.00,  0.00,  0.00,  0.00,  0.00,  0.00,  0.00,  0.00,  0.00,  0.00,  0.00,  0.00,  0.00,  0.00,  0.00,  0.00,  0.00,  0.00,  0.00,  0.00,  0.00,  0.00,  0.00,  0.00,  0.00,  0.00,  0.00,  0.00,  0.00,  0.00,  0.00,  0.00,  0.00,  0.00,  0.00,  0.00,  0.00,  0.00,  0.00,  0.00,  0.00,  0.00,  0.00,  0.00,  0.00],  
 [0.00,  0.00,  0.00,  0.00,  0.00,  0.00,  0.00,  0.00,  0.00,  0.00,  0.00,  0.00,  0.00,  0.00,  0.00,  0.00,  0.00,  0.00,  0.00,  0.00,  0.00,  0.00,  0.00,  0.00,  0.00,  0.00,  0.00,  0.00,  0.00,  0.00,  0.00,  0.00,  0.00,  0.00,  0.00,  0.00,  0.00,  0.09,  0.07,  0.20,  0.06,  0.24,  0.07,  0.21,  0.06,  0.00,  0.00,  0.00,  0.00,  0.00,  0.00,  0.00,  0.00,  0.00,  0.00,  0.00,  0.00,  0.00,  0.00,  0.00,  0.00,  0.00,  0.00,  0.00,  0.00,  0.00,  0.00,  0.00,  0.00,  0.00,  0.00,  0.00,  0.00,  0.00,  0.00,  0.00,  0.00,  0.00,  0.00,  0.00,  0.00],  
 [0.00,  0.00,  0.00,  0.00,  0.00,  0.00,  0.00,  0.00,  0.00,  0.00,  0.00,  0.00,  0.00,  0.00,  0.00,  0.00,  0.00,  0.00,  0.00,  0.00,  0.00,  0.00,  0.00,  0.00,  0.00,  0.00,  0.00,  0.00,  0.00,  0.00,  0.00,  0.00,  0.00,  0.00,  0.00,  0.00,  0.00,  0.00,  0.00,  0.00,  0.00,  0.00,  0.00,  0.00,  0.00,  0.15,  0.16,  0.16,  0.16,  0.01,  0.16,  0.01,  0.02,  0.16,  0.00,  0.00,  0.00,  0.00,  0.00,  0.00,  0.00,  0.00,  0.00,  0.00,  0.00,  0.00,  0.00,  0.00,  0.00,  0.00,  0.00,  0.00,  0.00,  0.00,  0.00,  0.00,  0.00,  0.00,  0.00,  0.00,  0.00],  
 [0.00,  0.00,  0.00,  0.00,  0.00,  0.00,  0.00,  0.00,  0.00,  0.09,  0.10,  0.13,  0.10,  0.14,  0.05,  0.14,  0.13,  0.12,  0.00,  0.00,  0.00,  0.00,  0.00,  0.00,  0.00,  0.00,  0.00,  0.00,  0.00,  0.00,  0.00,  0.00,  0.00,  0.00,  0.00,  0.00,  0.00,  0.00,  0.00,  0.00,  0.00,  0.00,  0.00,  0.00,  0.00,  0.00,  0.00,  0.00,  0.00,  0.00,  0.00,  0.00,  0.00,  0.00,  0.00,  0.00,  0.00,  0.00,  0.00,  0.00,  0.00,  0.00,  0.00,  0.00,  0.00,  0.00,  0.00,  0.00,  0.00,  0.00,  0.00,  0.00,  0.00,  0.00,  0.00,  0.00,  0.00,  0.00,  0.00,  0.00,  0.00],  
 [0.00,  0.00,  0.00,  0.00,  0.00,  0.00,  0.00,  0.00,  0.00,  0.00,  0.00,  0.00,  0.00,  0.00,  0.00,  0.00,  0.00,  0.00,  0.00,  0.00,  0.00,  0.00,  0.00,  0.00,  0.00,  0.00,  0.00,  0.00,  0.00,  0.00,  0.00,  0.00,  0.00,  0.00,  0.00,  0.00,  0.00,  0.01,  0.18,  0.01,  0.15,  0.00,  0.20,  0.20,  0.25,  0.00,  0.00,  0.00,  0.00,  0.00,  0.00,  0.00,  0.00,  0.00,  0.00,  0.00,  0.00,  0.00,  0.00,  0.00,  0.00,  0.00,  0.00,  0.00,  0.00,  0.00,  0.00,  0.00,  0.00,  0.00,  0.00,  0.00,  0.00,  0.00,  0.00,  0.00,  0.00,  0.00,  0.00,  0.00,  0.00],  
 [0.00,  0.00,  0.00,  0.00,  0.00,  0.00,  0.00,  0.00,  0.00,  0.00,  0.00,  0.00,  0.00,  0.00,  0.00,  0.00,  0.00,  0.00,  0.00,  0.00,  0.00,  0.00,  0.00,  0.00,  0.00,  0.00,  0.00,  0.00,  0.00,  0.00,  0.00,  0.00,  0.00,  0.00,  0.00,  0.00,  0.00,  0.00,  0.00,  0.00,  0.00,  0.00,  0.00,  0.00,  0.00,  0.00,  0.00,  0.00,  0.00,  0.00,  0.00,  0.00,  0.00,  0.00,  0.00,  0.00,  0.00,  0.00,  0.00,  0.00,  0.00,  0.00,  0.00,  0.00,  0.00,  0.00,  0.00,  0.00,  0.00,  0.00,  0.00,  0.00,  0.15,  0.07,  0.08,  0.05,  0.12,  0.13,  0.17,  0.13,  0.10],  
 [0.00,  0.00,  0.00,  0.00,  0.00,  0.00,  0.00,  0.00,  0.00,  0.00,  0.00,  0.00,  0.00,  0.00,  0.00,  0.00,  0.00,  0.00,  0.00,  0.00,  0.00,  0.00,  0.00,  0.00,  0.00,  0.00,  0.00,  0.00,  0.00,  0.00,  0.00,  0.00,  0.00,  0.00,  0.00,  0.00,  0.00,  0.00,  0.00,  0.00,  0.00,  0.00,  0.00,  0.00,  0.00,  0.00,  0.00,  0.00,  0.00,  0.00,  0.00,  0.00,  0.00,  0.00,  0.10,  0.18,  0.18,  0.01,  0.16,  0.01,  0.12,  0.23,  0.01,  0.00,  0.00,  0.00,  0.00,  0.00,  0.00,  0.00,  0.00,  0.00,  0.00,  0.00,  0.00,  0.00,  0.00,  0.00,  0.00,  0.00,  0.00],  
 [0.00,  0.00,  0.00,  0.00,  0.00,  0.00,  0.00,  0.00,  0.00,  0.00,  0.00,  0.00,  0.00,  0.00,  0.00,  0.00,  0.00,  0.00,  0.00,  0.00,  0.00,  0.00,  0.00,  0.00,  0.00,  0.00,  0.00,  0.00,  0.00,  0.00,  0.00,  0.00,  0.00,  0.00,  0.00,  0.00,  0.00,  0.00,  0.00,  0.00,  0.00,  0.00,  0.00,  0.00,  0.00,  0.00,  0.00,  0.00,  0.00,  0.00,  0.00,  0.00,  0.00,  0.00,  0.00,  0.00,  0.00,  0.00,  0.00,  0.00,  0.00,  0.00,  0.00,  0.17,  0.09,  0.08,  0.13,  0.14,  0.04,  0.12,  0.13,  0.10,  0.00,  0.00,  0.00,  0.00,  0.00,  0.00,  0.00,  0.00,  0.00],  
 [0.18,  0.11,  0.15,  0.16,  0.00,  0.16,  0.22,  0.01,  0.01,  0.00,  0.00,  0.00,  0.00,  0.00,  0.00,  0.00,  0.00,  0.00,  0.00,  0.00,  0.00,  0.00,  0.00,  0.00,  0.00,  0.00,  0.00,  0.00,  0.00,  0.00,  0.00,  0.00,  0.00,  0.00,  0.00,  0.00,  0.00,  0.00,  0.00,  0.00,  0.00,  0.00,  0.00,  0.00,  0.00,  0.00,  0.00,  0.00,  0.00,  0.00,  0.00,  0.00,  0.00,  0.00,  0.00,  0.00,  0.00,  0.00,  0.00,  0.00,  0.00,  0.00,  0.00,  0.00,  0.00,  0.00,  0.00,  0.00,  0.00,  0.00,  0.00,  0.00,  0.00,  0.00,  0.00,  0.00,  0.00,  0.00,  0.00,  0.00,  0.00],  
 [0.00,  0.00,  0.00,  0.00,  0.00,  0.00,  0.00,  0.00,  0.00,  0.00,  0.00,  0.00,  0.00,  0.00,  0.00,  0.00,  0.00,  0.00,  0.00,  0.00,  0.00,  0.00,  0.00,  0.00,  0.00,  0.00,  0.00,  0.00,  0.00,  0.00,  0.00,  0.00,  0.00,  0.00,  0.00,  0.00,  0.00,  0.00,  0.00,  0.00,  0.00,  0.00,  0.00,  0.00,  0.00,  0.00,  0.00,  0.00,  0.00,  0.00,  0.00,  0.00,  0.00,  0.00,  0.22,  0.11,  0.08,  0.07,  0.16,  0.11,  0.15,  0.00,  0.10,  0.00,  0.00,  0.00,  0.00,  0.00,  0.00,  0.00,  0.00,  0.00,  0.00,  0.00,  0.00,  0.00,  0.00,  0.00,  0.00,  0.00,  0.00],  
 [0.08,  0.09,  0.17,  0.19,  0.00,  0.19,  0.00,  0.15,  0.14,  0.00,  0.00,  0.00,  0.00,  0.00,  0.00,  0.00,  0.00,  0.00,  0.00,  0.00,  0.00,  0.00,  0.00,  0.00,  0.00,  0.00,  0.00,  0.00,  0.00,  0.00,  0.00,  0.00,  0.00,  0.00,  0.00,  0.00,  0.00,  0.00,  0.00,  0.00,  0.00,  0.00,  0.00,  0.00,  0.00,  0.00,  0.00,  0.00,  0.00,  0.00,  0.00,  0.00,  0.00,  0.00,  0.00,  0.00,  0.00,  0.00,  0.00,  0.00,  0.00,  0.00,  0.00,  0.00,  0.00,  0.00,  0.00,  0.00,  0.00,  0.00,  0.00,  0.00,  0.00,  0.00,  0.00,  0.00,  0.00,  0.00,  0.00,  0.00,  0.00],  
 [0.00,  0.00,  0.00,  0.00,  0.00,  0.00,  0.00,  0.00,  0.00,  0.00,  0.00,  0.00,  0.00,  0.00,  0.00,  0.00,  0.00,  0.00,  0.00,  0.00,  0.00,  0.00,  0.00,  0.00,  0.00,  0.00,  0.00,  0.00,  0.00,  0.00,  0.00,  0.00,  0.00,  0.00,  0.00,  0.00,  0.00,  0.00,  0.00,  0.00,  0.00,  0.00,  0.00,  0.00,  0.00,  0.03,  0.00,  0.36,  0.07,  0.13,  0.06,  0.05,  0.14,  0.16,  0.00,  0.00,  0.00,  0.00,  0.00,  0.00,  0.00,  0.00,  0.00,  0.00,  0.00,  0.00,  0.00,  0.00,  0.00,  0.00,  0.00,  0.00,  0.00,  0.00,  0.00,  0.00,  0.00,  0.00,  0.00,  0.00,  0.00],  
 [0.00,  0.00,  0.00,  0.00,  0.00,  0.00,  0.00,  0.00,  0.00,  0.00,  0.00,  0.00,  0.00,  0.00,  0.00,  0.00,  0.00,  0.00,  0.10,  0.15,  0.13,  0.12,  0.10,  0.10,  0.09,  0.12,  0.10,  0.00,  0.00,  0.00,  0.00,  0.00,  0.00,  0.00,  0.00,  0.00,  0.00,  0.00,  0.00,  0.00,  0.00,  0.00,  0.00,  0.00,  0.00,  0.00,  0.00,  0.00,  0.00,  0.00,  0.00,  0.00,  0.00,  0.00,  0.00,  0.00,  0.00,  0.00,  0.00,  0.00,  0.00,  0.00,  0.00,  0.00,  0.00,  0.00,  0.00,  0.00,  0.00,  0.00,  0.00,  0.00,  0.00,  0.00,  0.00,  0.00,  0.00,  0.00,  0.00,  0.00,  0.00],  
 [0.00,  0.00,  0.00,  0.00,  0.00,  0.00,  0.00,  0.00,  0.00,  0.21,  0.16,  0.03,  0.06,  0.00,  0.05,  0.15,  0.27,  0.08,  0.00,  0.00,  0.00,  0.00,  0.00,  0.00,  0.00,  0.00,  0.00,  0.00,  0.00,  0.00,  0.00,  0.00,  0.00,  0.00,  0.00,  0.00,  0.00,  0.00,  0.00,  0.00,  0.00,  0.00,  0.00,  0.00,  0.00,  0.00,  0.00,  0.00,  0.00,  0.00,  0.00,  0.00,  0.00,  0.00,  0.00,  0.00,  0.00,  0.00,  0.00,  0.00,  0.00,  0.00,  0.00,  0.00,  0.00,  0.00,  0.00,  0.00,  0.00,  0.00,  0.00,  0.00,  0.00,  0.00,  0.00,  0.00,  0.00,  0.00,  0.00,  0.00,  0.00],  
 [0.00,  0.00,  0.00,  0.00,  0.00,  0.00,  0.00,  0.00,  0.00,  0.00,  0.00,  0.00,  0.00,  0.00,  0.00,  0.00,  0.00,  0.00,  0.00,  0.00,  0.00,  0.00,  0.00,  0.00,  0.00,  0.00,  0.00,  0.00,  0.00,  0.00,  0.00,  0.00,  0.00,  0.00,  0.00,  0.00,  0.00,  0.00,  0.00,  0.00,  0.00,  0.00,  0.00,  0.00,  0.00,  0.00,  0.00,  0.00,  0.00,  0.00,  0.00,  0.00,  0.00,  0.00,  0.00,  0.00,  0.00,  0.00,  0.00,  0.00,  0.00,  0.00,  0.00,  0.00,  0.09,  0.12,  0.13,  0.10,  0.12,  0.16,  0.14,  0.15,  0.00,  0.00,  0.00,  0.00,  0.00,  0.00,  0.00,  0.00,  0.00],  
 [0.00,  0.00,  0.00,  0.00,  0.00,  0.00,  0.00,  0.00,  0.00,  0.00,  0.00,  0.00,  0.00,  0.00,  0.00,  0.00,  0.00,  0.00,  0.00,  0.00,  0.00,  0.00,  0.00,  0.00,  0.00,  0.00,  0.00,  0.00,  0.00,  0.00,  0.00,  0.00,  0.00,  0.00,  0.00,  0.00,  0.00,  0.00,  0.00,  0.00,  0.00,  0.00,  0.00,  0.00,  0.00,  0.00,  0.00,  0.00,  0.00,  0.00,  0.00,  0.00,  0.00,  0.00,  0.00,  0.22,  0.14,  0.07,  0.12,  0.16,  0.14,  0.00,  0.15,  0.00,  0.00,  0.00,  0.00,  0.00,  0.00,  0.00,  0.00,  0.00,  0.00,  0.00,  0.00,  0.00,  0.00,  0.00,  0.00,  0.00,  0.00],  
 [0.00,  0.00,  0.00,  0.00,  0.00,  0.00,  0.00,  0.00,  0.00,  0.08,  0.17,  0.16,  0.17,  0.00,  0.09,  0.17,  0.00,  0.15,  0.00,  0.00,  0.00,  0.00,  0.00,  0.00,  0.00,  0.00,  0.00,  0.00,  0.00,  0.00,  0.00,  0.00,  0.00,  0.00,  0.00,  0.00,  0.00,  0.00,  0.00,  0.00,  0.00,  0.00,  0.00,  0.00,  0.00,  0.00,  0.00,  0.00,  0.00,  0.00,  0.00,  0.00,  0.00,  0.00,  0.00,  0.00,  0.00,  0.00,  0.00,  0.00,  0.00,  0.00,  0.00,  0.00,  0.00,  0.00,  0.00,  0.00,  0.00,  0.00,  0.00,  0.00,  0.00,  0.00,  0.00,  0.00,  0.00,  0.00,  0.00,  0.00,  0.00],  
 [0.00,  0.00,  0.00,  0.00,  0.00,  0.00,  0.00,  0.00,  0.00,  0.00,  0.00,  0.00,  0.00,  0.00,  0.00,  0.00,  0.00,  0.00,  0.00,  0.00,  0.00,  0.00,  0.00,  0.00,  0.00,  0.00,  0.00,  0.00,  0.00,  0.00,  0.00,  0.00,  0.00,  0.00,  0.00,  0.00,  0.00,  0.00,  0.00,  0.00,  0.00,  0.00,  0.00,  0.00,  0.00,  0.00,  0.00,  0.00,  0.00,  0.00,  0.00,  0.00,  0.00,  0.00,  0.00,  0.00,  0.03,  0.04,  0.11,  0.29,  0.25,  0.00,  0.27,  0.00,  0.00,  0.00,  0.00,  0.00,  0.00,  0.00,  0.00,  0.00,  0.00,  0.00,  0.00,  0.00,  0.00,  0.00,  0.00,  0.00,  0.00],  
 [0.00,  0.00,  0.00,  0.00,  0.00,  0.00,  0.00,  0.00,  0.00,  0.00,  0.00,  0.00,  0.00,  0.00,  0.00,  0.00,  0.00,  0.00,  0.00,  0.00,  0.00,  0.00,  0.00,  0.00,  0.00,  0.00,  0.00,  0.00,  0.00,  0.00,  0.00,  0.00,  0.00,  0.00,  0.00,  0.00,  0.00,  0.00,  0.00,  0.00,  0.00,  0.00,  0.00,  0.00,  0.00,  0.15,  0.00,  0.00,  0.17,  0.11,  0.12,  0.12,  0.22,  0.12,  0.00,  0.00,  0.00,  0.00,  0.00,  0.00,  0.00,  0.00,  0.00,  0.00,  0.00,  0.00,  0.00,  0.00,  0.00,  0.00,  0.00,  0.00,  0.00,  0.00,  0.00,  0.00,  0.00,  0.00,  0.00,  0.00,  0.00],  
 [0.00,  0.00,  0.00,  0.00,  0.00,  0.00,  0.00,  0.00,  0.00,  0.00,  0.00,  0.00,  0.00,  0.00,  0.00,  0.00,  0.00,  0.00,  0.00,  0.00,  0.00,  0.00,  0.00,  0.00,  0.00,  0.00,  0.00,  0.00,  0.00,  0.00,  0.00,  0.00,  0.00,  0.00,  0.00,  0.00,  0.00,  0.00,  0.00,  0.00,  0.00,  0.00,  0.00,  0.00,  0.00,  0.00,  0.00,  0.00,  0.00,  0.00,  0.00,  0.00,  0.00,  0.00,  0.00,  0.00,  0.00,  0.00,  0.00,  0.00,  0.00,  0.00,  0.00,  0.00,  0.20,  0.03,  0.20,  0.22,  0.18,  0.00,  0.14,  0.03,  0.00,  0.00,  0.00,  0.00,  0.00,  0.00,  0.00,  0.00,  0.00],  
 [0.00,  0.00,  0.00,  0.00,  0.00,  0.00,  0.00,  0.00,  0.00,  0.00,  0.00,  0.00,  0.00,  0.00,  0.00,  0.00,  0.00,  0.00,  0.00,  0.00,  0.00,  0.00,  0.00,  0.00,  0.00,  0.00,  0.00,  0.00,  0.00,  0.00,  0.00,  0.00,  0.00,  0.00,  0.00,  0.00,  0.00,  0.37,  0.14,  0.19,  0.09,  0.00,  0.09,  0.11,  0.00,  0.00,  0.00,  0.00,  0.00,  0.00,  0.00,  0.00,  0.00,  0.00,  0.00,  0.00,  0.00,  0.00,  0.00,  0.00,  0.00,  0.00,  0.00,  0.00,  0.00,  0.00,  0.00,  0.00,  0.00,  0.00,  0.00,  0.00,  0.00,  0.00,  0.00,  0.00,  0.00,  0.00,  0.00,  0.00,  0.00],  
 [0.00,  0.00,  0.00,  0.00,  0.00,  0.00,  0.00,  0.00,  0.00,  0.16,  0.07,  0.25,  0.28,  0.00,  0.02,  0.00,  0.00,  0.22,  0.00,  0.00,  0.00,  0.00,  0.00,  0.00,  0.00,  0.00,  0.00,  0.00,  0.00,  0.00,  0.00,  0.00,  0.00,  0.00,  0.00,  0.00,  0.00,  0.00,  0.00,  0.00,  0.00,  0.00,  0.00,  0.00,  0.00,  0.00,  0.00,  0.00,  0.00,  0.00,  0.00,  0.00,  0.00,  0.00,  0.00,  0.00,  0.00,  0.00,  0.00,  0.00,  0.00,  0.00,  0.00,  0.00,  0.00,  0.00,  0.00,  0.00,  0.00,  0.00,  0.00,  0.00,  0.00,  0.00,  0.00,  0.00,  0.00,  0.00,  0.00,  0.00,  0.00],  
 [0.00,  0.00,  0.00,  0.00,  0.00,  0.00,  0.00,  0.00,  0.00,  0.00,  0.00,  0.00,  0.00,  0.00,  0.00,  0.00,  0.00,  0.00,  0.00,  0.00,  0.00,  0.00,  0.00,  0.00,  0.00,  0.00,  0.00,  0.05,  0.06,  0.12,  0.12,  0.04,  0.30,  0.05,  0.16,  0.10,  0.00,  0.00,  0.00,  0.00,  0.00,  0.00,  0.00,  0.00,  0.00,  0.00,  0.00,  0.00,  0.00,  0.00,  0.00,  0.00,  0.00,  0.00,  0.00,  0.00,  0.00,  0.00,  0.00,  0.00,  0.00,  0.00,  0.00,  0.00,  0.00,  0.00,  0.00,  0.00,  0.00,  0.00,  0.00,  0.00,  0.00,  0.00,  0.00,  0.00,  0.00,  0.00,  0.00,  0.00,  0.00],  
 [0.00,  0.00,  0.00,  0.00,  0.00,  0.00,  0.00,  0.00,  0.00,  0.00,  0.00,  0.00,  0.00,  0.00,  0.00,  0.00,  0.00,  0.00,  0.00,  0.00,  0.00,  0.00,  0.00,  0.00,  0.00,  0.00,  0.00,  0.00,  0.00,  0.00,  0.00,  0.00,  0.00,  0.00,  0.00,  0.00,  0.00,  0.00,  0.00,  0.00,  0.00,  0.00,  0.00,  0.00,  0.00,  0.19,  0.00,  0.00,  0.18,  0.13,  0.20,  0.15,  0.00,  0.15,  0.00,  0.00,  0.00,  0.00,  0.00,  0.00,  0.00,  0.00,  0.00,  0.00,  0.00,  0.00,  0.00,  0.00,  0.00,  0.00,  0.00,  0.00,  0.00,  0.00,  0.00,  0.00,  0.00,  0.00,  0.00,  0.00,  0.00],  
 [0.00,  0.00,  0.00,  0.00,  0.00,  0.00,  0.00,  0.00,  0.00,  0.00,  0.00,  0.00,  0.00,  0.00,  0.00,  0.00,  0.00,  0.00,  0.00,  0.00,  0.00,  0.00,  0.00,  0.00,  0.00,  0.00,  0.00,  0.00,  0.00,  0.00,  0.00,  0.00,  0.00,  0.00,  0.00,  0.00,  0.00,  0.00,  0.00,  0.00,  0.00,  0.00,  0.00,  0.00,  0.00,  0.34,  0.00,  0.00,  0.17,  0.06,  0.00,  0.11,  0.00,  0.32,  0.00,  0.00,  0.00,  0.00,  0.00,  0.00,  0.00,  0.00,  0.00,  0.00,  0.00,  0.00,  0.00,  0.00,  0.00,  0.00,  0.00,  0.00,  0.00,  0.00,  0.00,  0.00,  0.00,  0.00,  0.00,  0.00,  0.00],  
 [0.13,  0.13,  0.24,  0.19,  0.00,  0.00,  0.00,  0.13,  0.17,  0.00,  0.00,  0.00,  0.00,  0.00,  0.00,  0.00,  0.00,  0.00,  0.00,  0.00,  0.00,  0.00,  0.00,  0.00,  0.00,  0.00,  0.00,  0.00,  0.00,  0.00,  0.00,  0.00,  0.00,  0.00,  0.00,  0.00,  0.00,  0.00,  0.00,  0.00,  0.00,  0.00,  0.00,  0.00,  0.00,  0.00,  0.00,  0.00,  0.00,  0.00,  0.00,  0.00,  0.00,  0.00,  0.00,  0.00,  0.00,  0.00,  0.00,  0.00,  0.00,  0.00,  0.00,  0.00,  0.00,  0.00,  0.00,  0.00,  0.00,  0.00,  0.00,  0.00,  0.00,  0.00,  0.00,  0.00,  0.00,  0.00,  0.00,  0.00,  0.00],  
 [0.00,  0.00,  0.00,  0.00,  0.00,  0.00,  0.00,  0.00,  0.00,  0.00,  0.00,  0.00,  0.00,  0.00,  0.00,  0.00,  0.00,  0.00,  0.17,  0.00,  0.07,  0.06,  0.06,  0.42,  0.09,  0.05,  0.08,  0.00,  0.00,  0.00,  0.00,  0.00,  0.00,  0.00,  0.00,  0.00,  0.00,  0.00,  0.00,  0.00,  0.00,  0.00,  0.00,  0.00,  0.00,  0.00,  0.00,  0.00,  0.00,  0.00,  0.00,  0.00,  0.00,  0.00,  0.00,  0.00,  0.00,  0.00,  0.00,  0.00,  0.00,  0.00,  0.00,  0.00,  0.00,  0.00,  0.00,  0.00,  0.00,  0.00,  0.00,  0.00,  0.00,  0.00,  0.00,  0.00,  0.00,  0.00,  0.00,  0.00,  0.00],  
 [0.00,  0.00,  0.00,  0.00,  0.00,  0.00,  0.00,  0.00,  0.00,  0.00,  0.00,  0.00,  0.00,  0.00,  0.00,  0.00,  0.00,  0.00,  0.00,  0.00,  0.00,  0.00,  0.00,  0.00,  0.00,  0.00,  0.00,  0.00,  0.00,  0.00,  0.00,  0.00,  0.00,  0.00,  0.00,  0.00,  0.00,  0.00,  0.00,  0.00,  0.00,  0.00,  0.00,  0.00,  0.00,  0.00,  0.00,  0.00,  0.23,  0.26,  0.00,  0.23,  0.00,  0.28,  0.00,  0.00,  0.00,  0.00,  0.00,  0.00,  0.00,  0.00,  0.00,  0.00,  0.00,  0.00,  0.00,  0.00,  0.00,  0.00,  0.00,  0.00,  0.00,  0.00,  0.00,  0.00,  0.00,  0.00,  0.00,  0.00,  0.00],  
 [0.00,  0.00,  0.00,  0.00,  0.00,  0.00,  0.00,  0.00,  0.00,  0.00,  0.00,  0.00,  0.00,  0.00,  0.00,  0.00,  0.00,  0.00,  0.00,  0.00,  0.00,  0.00,  0.00,  0.00,  0.00,  0.00,  0.00,  0.00,  0.00,  0.00,  0.00,  0.00,  0.00,  0.00,  0.00,  0.00,  0.00,  0.00,  0.00,  0.00,  0.00,  0.00,  0.00,  0.00,  0.00,  0.00,  0.00,  0.00,  0.00,  0.00,  0.00,  0.00,  0.00,  0.00,  0.00,  0.00,  0.00,  0.00,  0.00,  0.00,  0.00,  0.00,  0.00,  0.00,  0.00,  0.00,  0.00,  0.00,  0.00,  0.00,  0.00,  0.00,  0.33,  0.06,  0.07,  0.05,  0.08,  0.21,  0.00,  0.10,  0.10],  
 [0.16,  0.14,  0.00,  0.21,  0.00,  0.00,  0.00,  0.20,  0.30,  0.00,  0.00,  0.00,  0.00,  0.00,  0.00,  0.00,  0.00,  0.00,  0.00,  0.00,  0.00,  0.00,  0.00,  0.00,  0.00,  0.00,  0.00,  0.00,  0.00,  0.00,  0.00,  0.00,  0.00,  0.00,  0.00,  0.00,  0.00,  0.00,  0.00,  0.00,  0.00,  0.00,  0.00,  0.00,  0.00,  0.00,  0.00,  0.00,  0.00,  0.00,  0.00,  0.00,  0.00,  0.00,  0.00,  0.00,  0.00,  0.00,  0.00,  0.00,  0.00,  0.00,  0.00,  0.00,  0.00,  0.00,  0.00,  0.00,  0.00,  0.00,  0.00,  0.00,  0.00,  0.00,  0.00,  0.00,  0.00,  0.00,  0.00,  0.00,  0.00],  
 [0.00,  0.00,  0.00,  0.00,  0.00,  0.00,  0.00,  0.00,  0.00,  0.00,  0.00,  0.00,  0.00,  0.00,  0.00,  0.00,  0.00,  0.00,  0.00,  0.00,  0.00,  0.00,  0.00,  0.00,  0.00,  0.00,  0.00,  0.00,  0.00,  0.00,  0.00,  0.00,  0.00,  0.00,  0.00,  0.00,  0.00,  0.00,  0.00,  0.00,  0.00,  0.00,  0.00,  0.00,  0.00,  0.00,  0.00,  0.00,  0.00,  0.00,  0.00,  0.00,  0.00,  0.00,  0.00,  0.00,  0.00,  0.00,  0.00,  0.00,  0.00,  0.00,  0.00,  0.00,  0.00,  0.00,  0.00,  0.00,  0.00,  0.00,  0.00,  0.00,  0.00,  0.17,  0.13,  0.11,  0.31,  0.01,  0.00,  0.11,  0.16],  
 [0.00,  0.00,  0.00,  0.00,  0.00,  0.00,  0.00,  0.00,  0.00,  0.00,  0.00,  0.00,  0.00,  0.00,  0.00,  0.00,  0.00,  0.00,  0.00,  0.00,  0.00,  0.00,  0.00,  0.00,  0.00,  0.00,  0.00,  0.00,  0.00,  0.00,  0.00,  0.00,  0.00,  0.00,  0.00,  0.00,  0.00,  0.00,  0.18,  0.19,  0.18,  0.00,  0.17,  0.28,  0.00,  0.00,  0.00,  0.00,  0.00,  0.00,  0.00,  0.00,  0.00,  0.00,  0.00,  0.00,  0.00,  0.00,  0.00,  0.00,  0.00,  0.00,  0.00,  0.00,  0.00,  0.00,  0.00,  0.00,  0.00,  0.00,  0.00,  0.00,  0.00,  0.00,  0.00,  0.00,  0.00,  0.00,  0.00,  0.00,  0.00],  
 [0.00,  0.00,  0.00,  0.00,  0.00,  0.00,  0.00,  0.00,  0.00,  0.00,  0.00,  0.00,  0.00,  0.00,  0.00,  0.00,  0.00,  0.00,  0.00,  0.00,  0.00,  0.00,  0.00,  0.00,  0.00,  0.00,  0.00,  0.00,  0.00,  0.00,  0.00,  0.00,  0.00,  0.00,  0.00,  0.00,  0.00,  0.00,  0.00,  0.00,  0.00,  0.00,  0.00,  0.00,  0.00,  0.00,  0.00,  0.00,  0.00,  0.00,  0.00,  0.00,  0.00,  0.00,  0.00,  0.00,  0.00,  0.00,  0.00,  0.00,  0.00,  0.00,  0.00,  0.00,  0.13,  0.13,  0.30,  0.00,  0.02,  0.00,  0.21,  0.22,  0.00,  0.00,  0.00,  0.00,  0.00,  0.00,  0.00,  0.00,  0.00],  
 [0.00,  0.00,  0.00,  0.00,  0.00,  0.00,  0.00,  0.00,  0.00,  0.00,  0.00,  0.00,  0.00,  0.00,  0.00,  0.00,  0.00,  0.00,  0.00,  0.00,  0.00,  0.00,  0.00,  0.00,  0.00,  0.00,  0.00,  0.07,  0.19,  0.12,  0.11,  0.07,  0.00,  0.11,  0.18,  0.15,  0.00,  0.00,  0.00,  0.00,  0.00,  0.00,  0.00,  0.00,  0.00,  0.00,  0.00,  0.00,  0.00,  0.00,  0.00,  0.00,  0.00,  0.00,  0.00,  0.00,  0.00,  0.00,  0.00,  0.00,  0.00,  0.00,  0.00,  0.00,  0.00,  0.00,  0.00,  0.00,  0.00,  0.00,  0.00,  0.00,  0.00,  0.00,  0.00,  0.00,  0.00,  0.00,  0.00,  0.00,  0.00],  
 [0.00,  0.00,  0.00,  0.00,  0.00,  0.00,  0.00,  0.00,  0.00,  0.21,  0.30,  0.06,  0.00,  0.00,  0.17,  0.00,  0.00,  0.26,  0.00,  0.00,  0.00,  0.00,  0.00,  0.00,  0.00,  0.00,  0.00,  0.00,  0.00,  0.00,  0.00,  0.00,  0.00,  0.00,  0.00,  0.00,  0.00,  0.00,  0.00,  0.00,  0.00,  0.00,  0.00,  0.00,  0.00,  0.00,  0.00,  0.00,  0.00,  0.00,  0.00,  0.00,  0.00,  0.00,  0.00,  0.00,  0.00,  0.00,  0.00,  0.00,  0.00,  0.00,  0.00,  0.00,  0.00,  0.00,  0.00,  0.00,  0.00,  0.00,  0.00,  0.00,  0.00,  0.00,  0.00,  0.00,  0.00,  0.00,  0.00,  0.00,  0.00],  
 [0.00,  0.00,  0.00,  0.00,  0.00,  0.00,  0.00,  0.00,  0.00,  0.36,  0.00,  0.19,  0.00,  0.00,  0.25,  0.00,  0.00,  0.19,  0.00,  0.00,  0.00,  0.00,  0.00,  0.00,  0.00,  0.00,  0.00,  0.00,  0.00,  0.00,  0.00,  0.00,  0.00,  0.00,  0.00,  0.00,  0.00,  0.00,  0.00,  0.00,  0.00,  0.00,  0.00,  0.00,  0.00,  0.00,  0.00,  0.00,  0.00,  0.00,  0.00,  0.00,  0.00,  0.00,  0.00,  0.00,  0.00,  0.00,  0.00,  0.00,  0.00,  0.00,  0.00,  0.00,  0.00,  0.00,  0.00,  0.00,  0.00,  0.00,  0.00,  0.00,  0.00,  0.00,  0.00,  0.00,  0.00,  0.00,  0.00,  0.00,  0.00],  
 [0.20,  0.16,  0.00,  0.49,  0.00,  0.00,  0.00,  0.15,  0.00,  0.00,  0.00,  0.00,  0.00,  0.00,  0.00,  0.00,  0.00,  0.00,  0.00,  0.00,  0.00,  0.00,  0.00,  0.00,  0.00,  0.00,  0.00,  0.00,  0.00,  0.00,  0.00,  0.00,  0.00,  0.00,  0.00,  0.00,  0.00,  0.00,  0.00,  0.00,  0.00,  0.00,  0.00,  0.00,  0.00,  0.00,  0.00,  0.00,  0.00,  0.00,  0.00,  0.00,  0.00,  0.00,  0.00,  0.00,  0.00,  0.00,  0.00,  0.00,  0.00,  0.00,  0.00,  0.00,  0.00,  0.00,  0.00,  0.00,  0.00,  0.00,  0.00,  0.00,  0.00,  0.00,  0.00,  0.00,  0.00,  0.00,  0.00,  0.00,  0.00],  
 [0.00,  0.00,  0.00,  0.00,  0.00,  0.00,  0.00,  0.00,  0.00,  0.00,  0.00,  0.00,  0.00,  0.00,  0.00,  0.00,  0.00,  0.00,  0.00,  0.00,  0.00,  0.00,  0.00,  0.00,  0.00,  0.00,  0.00,  0.12,  0.00,  0.28,  0.15,  0.06,  0.00,  0.14,  0.16,  0.10,  0.00,  0.00,  0.00,  0.00,  0.00,  0.00,  0.00,  0.00,  0.00,  0.00,  0.00,  0.00,  0.00,  0.00,  0.00,  0.00,  0.00,  0.00,  0.00,  0.00,  0.00,  0.00,  0.00,  0.00,  0.00,  0.00,  0.00,  0.00,  0.00,  0.00,  0.00,  0.00,  0.00,  0.00,  0.00,  0.00,  0.00,  0.00,  0.00,  0.00,  0.00,  0.00,  0.00,  0.00,  0.00],  
 [0.00,  0.00,  0.00,  0.00,  0.00,  0.00,  0.00,  0.00,  0.00,  0.00,  0.00,  0.00,  0.00,  0.00,  0.00,  0.00,  0.00,  0.00,  0.18,  0.00,  0.10,  0.04,  0.28,  0.00,  0.07,  0.13,  0.20,  0.00,  0.00,  0.00,  0.00,  0.00,  0.00,  0.00,  0.00,  0.00,  0.00,  0.00,  0.00,  0.00,  0.00,  0.00,  0.00,  0.00,  0.00,  0.00,  0.00,  0.00,  0.00,  0.00,  0.00,  0.00,  0.00,  0.00,  0.00,  0.00,  0.00,  0.00,  0.00,  0.00,  0.00,  0.00,  0.00,  0.00,  0.00,  0.00,  0.00,  0.00,  0.00,  0.00,  0.00,  0.00,  0.00,  0.00,  0.00,  0.00,  0.00,  0.00,  0.00,  0.00,  0.00],  
 [0.00,  0.00,  0.00,  0.00,  0.00,  0.00,  0.00,  0.00,  0.00,  0.00,  0.00,  0.00,  0.00,  0.00,  0.00,  0.00,  0.00,  0.00,  0.00,  0.00,  0.00,  0.00,  0.00,  0.00,  0.00,  0.00,  0.00,  0.00,  0.00,  0.00,  0.00,  0.00,  0.00,  0.00,  0.00,  0.00,  0.00,  0.00,  0.27,  0.14,  0.14,  0.00,  0.45,  0.00,  0.00,  0.00,  0.00,  0.00,  0.00,  0.00,  0.00,  0.00,  0.00,  0.00,  0.00,  0.00,  0.00,  0.00,  0.00,  0.00,  0.00,  0.00,  0.00,  0.00,  0.00,  0.00,  0.00,  0.00,  0.00,  0.00,  0.00,  0.00,  0.00,  0.00,  0.00,  0.00,  0.00,  0.00,  0.00,  0.00,  0.00],  
 [0.00,  0.00,  0.00,  0.00,  0.00,  0.00,  0.00,  0.00,  0.00,  0.00,  0.00,  0.00,  0.00,  0.00,  0.00,  0.00,  0.00,  0.00,  0.00,  0.00,  0.00,  0.00,  0.00,  0.00,  0.00,  0.00,  0.00,  0.00,  0.00,  0.00,  0.00,  0.00,  0.00,  0.00,  0.00,  0.00,  0.00,  0.00,  0.00,  0.00,  0.00,  0.00,  0.00,  0.00,  0.00,  0.00,  0.00,  0.00,  0.00,  0.00,  0.00,  0.00,  0.00,  0.00,  0.00,  0.00,  0.17,  0.22,  0.28,  0.00,  0.14,  0.00,  0.19,  0.00,  0.00,  0.00,  0.00,  0.00,  0.00,  0.00,  0.00,  0.00,  0.00,  0.00,  0.00,  0.00,  0.00,  0.00,  0.00,  0.00,  0.00],  
 [0.00,  0.00,  0.00,  0.00,  0.00,  0.00,  0.00,  0.00,  0.00,  0.00,  0.00,  0.00,  0.00,  0.00,  0.00,  0.00,  0.00,  0.00,  0.00,  0.00,  0.00,  0.00,  0.00,  0.00,  0.00,  0.00,  0.00,  0.00,  0.00,  0.00,  0.00,  0.00,  0.00,  0.00,  0.00,  0.00,  0.00,  0.00,  0.00,  1.00,  0.00,  0.00,  0.00,  0.00,  0.00,  0.00,  0.00,  0.00,  0.00,  0.00,  0.00,  0.00,  0.00,  0.00,  0.00,  0.00,  0.00,  0.00,  0.00,  0.00,  0.00,  0.00,  0.00,  0.00,  0.00,  0.00,  0.00,  0.00,  0.00,  0.00,  0.00,  0.00,  0.00,  0.00,  0.00,  0.00,  0.00,  0.00,  0.00,  0.00,  0.00],  
 [0.00,  0.00,  0.00,  0.00,  0.00,  0.00,  0.00,  0.00,  0.00,  0.00,  0.00,  0.00,  0.00,  0.00,  0.00,  0.00,  0.00,  0.00,  0.00,  0.00,  0.00,  0.00,  0.00,  0.00,  0.00,  0.00,  0.00,  0.00,  0.00,  0.00,  0.98,  0.01,  0.00,  0.00,  0.00,  0.01,  0.00,  0.00,  0.00,  0.00,  0.00,  0.00,  0.00,  0.00,  0.00,  0.00,  0.00,  0.00,  0.00,  0.00,  0.00,  0.00,  0.00,  0.00,  0.00,  0.00,  0.00,  0.00,  0.00,  0.00,  0.00,  0.00,  0.00,  0.00,  0.00,  0.00,  0.00,  0.00,  0.00,  0.00,  0.00,  0.00,  0.00,  0.00,  0.00,  0.00,  0.00,  0.00,  0.00,  0.00,  0.00],  
 [0.00,  0.00,  0.00,  0.00,  0.00,  0.00,  0.00,  0.00,  0.00,  0.00,  0.00,  0.00,  0.00,  0.00,  0.00,  0.00,  0.00,  0.00,  0.00,  0.00,  0.00,  0.00,  0.00,  0.00,  0.00,  0.00,  0.00,  1.00,  0.00,  0.00,  0.00,  0.00,  0.00,  0.00,  0.00,  0.00,  0.00,  0.00,  0.00,  0.00,  0.00,  0.00,  0.00,  0.00,  0.00,  0.00,  0.00,  0.00,  0.00,  0.00,  0.00,  0.00,  0.00,  0.00,  0.00,  0.00,  0.00,  0.00,  0.00,  0.00,  0.00,  0.00,  0.00,  0.00,  0.00,  0.00,  0.00,  0.00,  0.00,  0.00,  0.00,  0.00,  0.00,  0.00,  0.00,  0.00,  0.00,  0.00,  0.00,  0.00,  0.00]]
F:\UltimateTickTackToeAITrainingData\series1\policy$series1gameNum47$1728504136537.bin
