Saving data to: W:\Labs\ME\ME187-Fall2024\StudentFiles\CALEBHOTTES\UTTTstuff\data\series1
Begin custom message: 
DataSeries: series1 game number: 162 

Description: making data during matlab class 238. 

Evaluator config=EvaluatorConfiguration{cValue=2.0, maxRolloutDepth=1000, computeTime=35, threads=1, stupidity=0, allowForcePlay=false, maxMyCPU=false}
End custom message
Inital State: 

|* 0. |* 0. |* 0. ||* 0. |* 0. |* 0. ||* 0. |* 0. |* 0. |
|* 0. |* 0. |* 0. ||* 0. |* 0. |* 0. ||* 0. |* 0. |* 0. |
|* 0. |* 0. |* 0. ||* 0. |* 0. |* 0. ||* 0. |* 0. |* 0. |
|=====+=====+=====||=====+=====+=====||=====+=====+=====|
|* 0. |* 0. |* 0. ||* 0. |* 0. |* 0. ||* 0. |* 0. |* 0. |
|* 0. |* 0. |* 0. ||* 0. |* 0. |* 0. ||* 0. |* 0. |* 0. |
|* 0. |* 0. |* 0. ||* 0. |* 0. |* 0. ||* 0. |* 0. |* 0. |
|=====+=====+=====||=====+=====+=====||=====+=====+=====|
|* 0. |* 0. |* 0. ||* 0. |* 0. |* 0. ||* 0. |* 0. |* 0. |
|* 0. |* 0. |* 0. ||* 0. |* 0. |* 0. ||* 0. |* 0. |* 0. |
|* 0. |* 0. |* 0. ||* 0. |* 0. |* 0. ||* 0. |* 0. |* 0. |


state to eval, currenty is playerone turn=true

|* 0. |* 0. |* 0. ||* 0. |* 0. |* 0. ||* 0. |* 0. |* 0. |
|* 0. |* 0. |* 0. ||* 0. |* 0. |* 0. ||* 0. |* 0. |* 0. |
|* 0. |* 0. |* 0. ||* 0. |* 0. |* 0. ||* 0. |* 0. |* 0. |
|=====+=====+=====||=====+=====+=====||=====+=====+=====|
|* 0. |* 0. |* 0. ||* 0. |* 0. |* 0. ||* 0. |* 0. |* 0. |
|* 0. |* 0. |* 0. ||* 0. |* 0. |* 0. ||* 0. |* 0. |* 0. |
|* 0. |* 0. |* 0. ||* 0. |* 0. |* 0. ||* 0. |* 0. |* 0. |
|=====+=====+=====||=====+=====+=====||=====+=====+=====|
|* 0. |* 0. |* 0. ||* 0. |* 0. |* 0. ||* 0. |* 0. |* 0. |
|* 0. |* 0. |* 0. ||* 0. |* 0. |* 0. ||* 0. |* 0. |* 0. |
|* 0. |* 0. |* 0. ||* 0. |* 0. |* 0. ||* 0. |* 0. |* 0. |


Determined best move using: 161331Iterations
current State

|* 0. |* 0. |* 0. ||  0. |  0. |  0. ||  0. |  0. |  0. |
|* 0. |* 0. |* 0. ||  0. |  0. |  0. ||  0. |  0. |  0. |
|* 0. |* 0. |* 0. ||  0. |  0. |  0. ||  0. |  0. |  0. |
|=====+=====+=====||=====+=====+=====||=====+=====+=====|
|  0. |  0. |  0. ||  0. |  0. |  0. ||  0. |  0. |  0. |
|  0. |  0. |  0. ||  0. |  0. |  0. ||  0. |  0. |  0. |
|  0. |  0. |  0. ||  0. |  0. |  0. ||  0. |  0. |  0. |
|=====+=====+=====||=====+=====+=====||=====+=====+=====|
|  0. |  0. |  0. ||  0. |  0. |  0. ||  1. |  0. |  0. |
|  0. |  0. |  0. ||  0. |  0. |  0. ||  0. |  0. |  0. |
|  0. |  0. |  0. ||  0. |  0. |  0. ||  0. |  0. |  0. |


state to eval, currenty is playerone turn=false

|*-0. |*-0. |*-0. || -0. | -0. | -0. || -0. | -0. | -0. |
|*-0. |*-0. |*-0. || -0. | -0. | -0. || -0. | -0. | -0. |
|*-0. |*-0. |*-0. || -0. | -0. | -0. || -0. | -0. | -0. |
|=====+=====+=====||=====+=====+=====||=====+=====+=====|
| -0. | -0. | -0. || -0. | -0. | -0. || -0. | -0. | -0. |
| -0. | -0. | -0. || -0. | -0. | -0. || -0. | -0. | -0. |
| -0. | -0. | -0. || -0. | -0. | -0. || -0. | -0. | -0. |
|=====+=====+=====||=====+=====+=====||=====+=====+=====|
| -0. | -0. | -0. || -0. | -0. | -0. || -1. | -0. | -0. |
| -0. | -0. | -0. || -0. | -0. | -0. || -0. | -0. | -0. |
| -0. | -0. | -0. || -0. | -0. | -0. || -0. | -0. | -0. |


Determined best move using: 203764Iterations
current State

|*-1. |* 0. |* 0. ||  0. |  0. |  0. ||  0. |  0. |  0. |
|* 0. |* 0. |* 0. ||  0. |  0. |  0. ||  0. |  0. |  0. |
|* 0. |* 0. |* 0. ||  0. |  0. |  0. ||  0. |  0. |  0. |
|=====+=====+=====||=====+=====+=====||=====+=====+=====|
|  0. |  0. |  0. ||  0. |  0. |  0. ||  0. |  0. |  0. |
|  0. |  0. |  0. ||  0. |  0. |  0. ||  0. |  0. |  0. |
|  0. |  0. |  0. ||  0. |  0. |  0. ||  0. |  0. |  0. |
|=====+=====+=====||=====+=====+=====||=====+=====+=====|
|  0. |  0. |  0. ||  0. |  0. |  0. ||  1. |  0. |  0. |
|  0. |  0. |  0. ||  0. |  0. |  0. ||  0. |  0. |  0. |
|  0. |  0. |  0. ||  0. |  0. |  0. ||  0. |  0. |  0. |


state to eval, currenty is playerone turn=true

|*-1. |* 0. |* 0. ||  0. |  0. |  0. ||  0. |  0. |  0. |
|* 0. |* 0. |* 0. ||  0. |  0. |  0. ||  0. |  0. |  0. |
|* 0. |* 0. |* 0. ||  0. |  0. |  0. ||  0. |  0. |  0. |
|=====+=====+=====||=====+=====+=====||=====+=====+=====|
|  0. |  0. |  0. ||  0. |  0. |  0. ||  0. |  0. |  0. |
|  0. |  0. |  0. ||  0. |  0. |  0. ||  0. |  0. |  0. |
|  0. |  0. |  0. ||  0. |  0. |  0. ||  0. |  0. |  0. |
|=====+=====+=====||=====+=====+=====||=====+=====+=====|
|  0. |  0. |  0. ||  0. |  0. |  0. ||  1. |  0. |  0. |
|  0. |  0. |  0. ||  0. |  0. |  0. ||  0. |  0. |  0. |
|  0. |  0. |  0. ||  0. |  0. |  0. ||  0. |  0. |  0. |


Determined best move using: 209271Iterations
current State

| -1. |  0. |  0. ||  0. |  0. |  0. ||  0. |  0. |  0. |
|  1. |  0. |  0. ||  0. |  0. |  0. ||  0. |  0. |  0. |
|  0. |  0. |  0. ||  0. |  0. |  0. ||  0. |  0. |  0. |
|=====+=====+=====||=====+=====+=====||=====+=====+=====|
|* 0. |* 0. |* 0. ||  0. |  0. |  0. ||  0. |  0. |  0. |
|* 0. |* 0. |* 0. ||  0. |  0. |  0. ||  0. |  0. |  0. |
|* 0. |* 0. |* 0. ||  0. |  0. |  0. ||  0. |  0. |  0. |
|=====+=====+=====||=====+=====+=====||=====+=====+=====|
|  0. |  0. |  0. ||  0. |  0. |  0. ||  1. |  0. |  0. |
|  0. |  0. |  0. ||  0. |  0. |  0. ||  0. |  0. |  0. |
|  0. |  0. |  0. ||  0. |  0. |  0. ||  0. |  0. |  0. |


state to eval, currenty is playerone turn=false

|  1. | -0. | -0. || -0. | -0. | -0. || -0. | -0. | -0. |
| -1. | -0. | -0. || -0. | -0. | -0. || -0. | -0. | -0. |
| -0. | -0. | -0. || -0. | -0. | -0. || -0. | -0. | -0. |
|=====+=====+=====||=====+=====+=====||=====+=====+=====|
|*-0. |*-0. |*-0. || -0. | -0. | -0. || -0. | -0. | -0. |
|*-0. |*-0. |*-0. || -0. | -0. | -0. || -0. | -0. | -0. |
|*-0. |*-0. |*-0. || -0. | -0. | -0. || -0. | -0. | -0. |
|=====+=====+=====||=====+=====+=====||=====+=====+=====|
| -0. | -0. | -0. || -0. | -0. | -0. || -1. | -0. | -0. |
| -0. | -0. | -0. || -0. | -0. | -0. || -0. | -0. | -0. |
| -0. | -0. | -0. || -0. | -0. | -0. || -0. | -0. | -0. |


Determined best move using: 257741Iterations
current State

| -1. |  0. |  0. ||  0. |  0. |  0. ||  0. |  0. |  0. |
|  1. |  0. |  0. ||  0. |  0. |  0. ||  0. |  0. |  0. |
|  0. |  0. |  0. ||  0. |  0. |  0. ||  0. |  0. |  0. |
|=====+=====+=====||=====+=====+=====||=====+=====+=====|
|  0. |  0. |  0. ||  0. |  0. |  0. ||* 0. |* 0. |* 0. |
|  0. |  0. | -1. ||  0. |  0. |  0. ||* 0. |* 0. |* 0. |
|  0. |  0. |  0. ||  0. |  0. |  0. ||* 0. |* 0. |* 0. |
|=====+=====+=====||=====+=====+=====||=====+=====+=====|
|  0. |  0. |  0. ||  0. |  0. |  0. ||  1. |  0. |  0. |
|  0. |  0. |  0. ||  0. |  0. |  0. ||  0. |  0. |  0. |
|  0. |  0. |  0. ||  0. |  0. |  0. ||  0. |  0. |  0. |


state to eval, currenty is playerone turn=true

| -1. |  0. |  0. ||  0. |  0. |  0. ||  0. |  0. |  0. |
|  1. |  0. |  0. ||  0. |  0. |  0. ||  0. |  0. |  0. |
|  0. |  0. |  0. ||  0. |  0. |  0. ||  0. |  0. |  0. |
|=====+=====+=====||=====+=====+=====||=====+=====+=====|
|  0. |  0. |  0. ||  0. |  0. |  0. ||* 0. |* 0. |* 0. |
|  0. |  0. | -1. ||  0. |  0. |  0. ||* 0. |* 0. |* 0. |
|  0. |  0. |  0. ||  0. |  0. |  0. ||* 0. |* 0. |* 0. |
|=====+=====+=====||=====+=====+=====||=====+=====+=====|
|  0. |  0. |  0. ||  0. |  0. |  0. ||  1. |  0. |  0. |
|  0. |  0. |  0. ||  0. |  0. |  0. ||  0. |  0. |  0. |
|  0. |  0. |  0. ||  0. |  0. |  0. ||  0. |  0. |  0. |


Determined best move using: 260775Iterations
current State

| -1. |  0. |  0. ||  0. |  0. |  0. ||  0. |  0. |  0. |
|  1. |  0. |  0. ||  0. |  0. |  0. ||  0. |  0. |  0. |
|  0. |  0. |  0. ||  0. |  0. |  0. ||  0. |  0. |  0. |
|=====+=====+=====||=====+=====+=====||=====+=====+=====|
|  0. |  0. |  0. ||* 0. |* 0. |* 0. ||  0. |  0. |  0. |
|  0. |  0. | -1. ||* 0. |* 0. |* 0. ||  0. |  1. |  0. |
|  0. |  0. |  0. ||* 0. |* 0. |* 0. ||  0. |  0. |  0. |
|=====+=====+=====||=====+=====+=====||=====+=====+=====|
|  0. |  0. |  0. ||  0. |  0. |  0. ||  1. |  0. |  0. |
|  0. |  0. |  0. ||  0. |  0. |  0. ||  0. |  0. |  0. |
|  0. |  0. |  0. ||  0. |  0. |  0. ||  0. |  0. |  0. |


state to eval, currenty is playerone turn=false

|  1. | -0. | -0. || -0. | -0. | -0. || -0. | -0. | -0. |
| -1. | -0. | -0. || -0. | -0. | -0. || -0. | -0. | -0. |
| -0. | -0. | -0. || -0. | -0. | -0. || -0. | -0. | -0. |
|=====+=====+=====||=====+=====+=====||=====+=====+=====|
| -0. | -0. | -0. ||*-0. |*-0. |*-0. || -0. | -0. | -0. |
| -0. | -0. |  1. ||*-0. |*-0. |*-0. || -0. | -1. | -0. |
| -0. | -0. | -0. ||*-0. |*-0. |*-0. || -0. | -0. | -0. |
|=====+=====+=====||=====+=====+=====||=====+=====+=====|
| -0. | -0. | -0. || -0. | -0. | -0. || -1. | -0. | -0. |
| -0. | -0. | -0. || -0. | -0. | -0. || -0. | -0. | -0. |
| -0. | -0. | -0. || -0. | -0. | -0. || -0. | -0. | -0. |


Determined best move using: 330567Iterations
current State

| -1. |  0. |  0. ||  0. |  0. |  0. ||  0. |  0. |  0. |
|  1. |  0. |  0. ||  0. |  0. |  0. ||  0. |  0. |  0. |
|  0. |  0. |  0. ||  0. |  0. |  0. ||  0. |  0. |  0. |
|=====+=====+=====||=====+=====+=====||=====+=====+=====|
|  0. |  0. |  0. ||  0. |  0. |  0. ||  0. |  0. |  0. |
|  0. |  0. | -1. ||  0. |  0. |  0. ||  0. |  1. |  0. |
|  0. |  0. |  0. || -1. |  0. |  0. ||  0. |  0. |  0. |
|=====+=====+=====||=====+=====+=====||=====+=====+=====|
|* 0. |* 0. |* 0. ||  0. |  0. |  0. ||  1. |  0. |  0. |
|* 0. |* 0. |* 0. ||  0. |  0. |  0. ||  0. |  0. |  0. |
|* 0. |* 0. |* 0. ||  0. |  0. |  0. ||  0. |  0. |  0. |


state to eval, currenty is playerone turn=true

| -1. |  0. |  0. ||  0. |  0. |  0. ||  0. |  0. |  0. |
|  1. |  0. |  0. ||  0. |  0. |  0. ||  0. |  0. |  0. |
|  0. |  0. |  0. ||  0. |  0. |  0. ||  0. |  0. |  0. |
|=====+=====+=====||=====+=====+=====||=====+=====+=====|
|  0. |  0. |  0. ||  0. |  0. |  0. ||  0. |  0. |  0. |
|  0. |  0. | -1. ||  0. |  0. |  0. ||  0. |  1. |  0. |
|  0. |  0. |  0. || -1. |  0. |  0. ||  0. |  0. |  0. |
|=====+=====+=====||=====+=====+=====||=====+=====+=====|
|* 0. |* 0. |* 0. ||  0. |  0. |  0. ||  1. |  0. |  0. |
|* 0. |* 0. |* 0. ||  0. |  0. |  0. ||  0. |  0. |  0. |
|* 0. |* 0. |* 0. ||  0. |  0. |  0. ||  0. |  0. |  0. |


Determined best move using: 1284583Iterations
current State

| -1. |  0. |  0. ||  0. |  0. |  0. ||  0. |  0. |  0. |
|  1. |  0. |  0. ||  0. |  0. |  0. ||  0. |  0. |  0. |
|  0. |  0. |  0. ||  0. |  0. |  0. ||  0. |  0. |  0. |
|=====+=====+=====||=====+=====+=====||=====+=====+=====|
|  0. |  0. |  0. ||  0. |  0. |  0. ||  0. |  0. |  0. |
|  0. |  0. | -1. ||  0. |  0. |  0. ||  0. |  1. |  0. |
|  0. |  0. |  0. || -1. |  0. |  0. ||  0. |  0. |  0. |
|=====+=====+=====||=====+=====+=====||=====+=====+=====|
|  0. |  0. |  0. ||  0. |  0. |  0. ||* 1. |* 0. |* 0. |
|  0. |  0. |  0. ||  0. |  0. |  0. ||* 0. |* 0. |* 0. |
|  0. |  0. |  1. ||  0. |  0. |  0. ||* 0. |* 0. |* 0. |


state to eval, currenty is playerone turn=false

|  1. | -0. | -0. || -0. | -0. | -0. || -0. | -0. | -0. |
| -1. | -0. | -0. || -0. | -0. | -0. || -0. | -0. | -0. |
| -0. | -0. | -0. || -0. | -0. | -0. || -0. | -0. | -0. |
|=====+=====+=====||=====+=====+=====||=====+=====+=====|
| -0. | -0. | -0. || -0. | -0. | -0. || -0. | -0. | -0. |
| -0. | -0. |  1. || -0. | -0. | -0. || -0. | -1. | -0. |
| -0. | -0. | -0. ||  1. | -0. | -0. || -0. | -0. | -0. |
|=====+=====+=====||=====+=====+=====||=====+=====+=====|
| -0. | -0. | -0. || -0. | -0. | -0. ||*-1. |*-0. |*-0. |
| -0. | -0. | -0. || -0. | -0. | -0. ||*-0. |*-0. |*-0. |
| -0. | -0. | -1. || -0. | -0. | -0. ||*-0. |*-0. |*-0. |


Determined best move using: 2339220Iterations
current State

| -1. |  0. |  0. ||  0. |  0. |  0. ||  0. |  0. |  0. |
|  1. |  0. |  0. ||  0. |  0. |  0. ||  0. |  0. |  0. |
|  0. |  0. |  0. ||  0. |  0. |  0. ||  0. |  0. |  0. |
|=====+=====+=====||=====+=====+=====||=====+=====+=====|
|* 0. |* 0. |* 0. ||  0. |  0. |  0. ||  0. |  0. |  0. |
|* 0. |* 0. |*-1. ||  0. |  0. |  0. ||  0. |  1. |  0. |
|* 0. |* 0. |* 0. || -1. |  0. |  0. ||  0. |  0. |  0. |
|=====+=====+=====||=====+=====+=====||=====+=====+=====|
|  0. |  0. |  0. ||  0. |  0. |  0. ||  1. |  0. |  0. |
|  0. |  0. |  0. ||  0. |  0. |  0. || -1. |  0. |  0. |
|  0. |  0. |  1. ||  0. |  0. |  0. ||  0. |  0. |  0. |


state to eval, currenty is playerone turn=true

| -1. |  0. |  0. ||  0. |  0. |  0. ||  0. |  0. |  0. |
|  1. |  0. |  0. ||  0. |  0. |  0. ||  0. |  0. |  0. |
|  0. |  0. |  0. ||  0. |  0. |  0. ||  0. |  0. |  0. |
|=====+=====+=====||=====+=====+=====||=====+=====+=====|
|* 0. |* 0. |* 0. ||  0. |  0. |  0. ||  0. |  0. |  0. |
|* 0. |* 0. |*-1. ||  0. |  0. |  0. ||  0. |  1. |  0. |
|* 0. |* 0. |* 0. || -1. |  0. |  0. ||  0. |  0. |  0. |
|=====+=====+=====||=====+=====+=====||=====+=====+=====|
|  0. |  0. |  0. ||  0. |  0. |  0. ||  1. |  0. |  0. |
|  0. |  0. |  0. ||  0. |  0. |  0. || -1. |  0. |  0. |
|  0. |  0. |  1. ||  0. |  0. |  0. ||  0. |  0. |  0. |


Determined best move using: 64906Iterations
current State

| -1. |  0. |  0. ||  0. |  0. |  0. ||  0. |  0. |  0. |
|  1. |  0. |  0. ||  0. |  0. |  0. ||  0. |  0. |  0. |
|  0. |  0. |  0. ||  0. |  0. |  0. ||  0. |  0. |  0. |
|=====+=====+=====||=====+=====+=====||=====+=====+=====|
|  0. |  0. |  0. ||  0. |  0. |  0. ||  0. |  0. |  0. |
|  0. |  0. | -1. ||  0. |  0. |  0. ||  0. |  1. |  0. |
|  0. |  0. |  1. || -1. |  0. |  0. ||  0. |  0. |  0. |
|=====+=====+=====||=====+=====+=====||=====+=====+=====|
|  0. |  0. |  0. ||  0. |  0. |  0. ||* 1. |* 0. |* 0. |
|  0. |  0. |  0. ||  0. |  0. |  0. ||*-1. |* 0. |* 0. |
|  0. |  0. |  1. ||  0. |  0. |  0. ||* 0. |* 0. |* 0. |


state to eval, currenty is playerone turn=false

|  1. | -0. | -0. || -0. | -0. | -0. || -0. | -0. | -0. |
| -1. | -0. | -0. || -0. | -0. | -0. || -0. | -0. | -0. |
| -0. | -0. | -0. || -0. | -0. | -0. || -0. | -0. | -0. |
|=====+=====+=====||=====+=====+=====||=====+=====+=====|
| -0. | -0. | -0. || -0. | -0. | -0. || -0. | -0. | -0. |
| -0. | -0. |  1. || -0. | -0. | -0. || -0. | -1. | -0. |
| -0. | -0. | -1. ||  1. | -0. | -0. || -0. | -0. | -0. |
|=====+=====+=====||=====+=====+=====||=====+=====+=====|
| -0. | -0. | -0. || -0. | -0. | -0. ||*-1. |*-0. |*-0. |
| -0. | -0. | -0. || -0. | -0. | -0. ||* 1. |*-0. |*-0. |
| -0. | -0. | -1. || -0. | -0. | -0. ||*-0. |*-0. |*-0. |


Determined best move using: 68748Iterations
current State

| -1. |  0. |  0. ||  0. |  0. |  0. ||  0. |  0. |  0. |
|  1. |  0. |  0. ||  0. |  0. |  0. ||  0. |  0. |  0. |
|  0. |  0. |  0. ||  0. |  0. |  0. ||  0. |  0. |  0. |
|=====+=====+=====||=====+=====+=====||=====+=====+=====|
|  0. |  0. |  0. ||  0. |  0. |  0. ||  0. |  0. |  0. |
|  0. |  0. | -1. ||  0. |  0. |  0. ||  0. |  1. |  0. |
|  0. |  0. |  1. || -1. |  0. |  0. ||  0. |  0. |  0. |
|=====+=====+=====||=====+=====+=====||=====+=====+=====|
|  0. |  0. |  0. ||  0. |  0. |  0. ||* 1. |* 0. |* 0. |
|  0. |  0. |  0. ||  0. |  0. |  0. ||*-1. |* 0. |* 0. |
|  0. |  0. |  1. ||  0. |  0. |  0. ||* 0. |* 0. |*-1. |


state to eval, currenty is playerone turn=true

| -1. |  0. |  0. ||  0. |  0. |  0. ||  0. |  0. |  0. |
|  1. |  0. |  0. ||  0. |  0. |  0. ||  0. |  0. |  0. |
|  0. |  0. |  0. ||  0. |  0. |  0. ||  0. |  0. |  0. |
|=====+=====+=====||=====+=====+=====||=====+=====+=====|
|  0. |  0. |  0. ||  0. |  0. |  0. ||  0. |  0. |  0. |
|  0. |  0. | -1. ||  0. |  0. |  0. ||  0. |  1. |  0. |
|  0. |  0. |  1. || -1. |  0. |  0. ||  0. |  0. |  0. |
|=====+=====+=====||=====+=====+=====||=====+=====+=====|
|  0. |  0. |  0. ||  0. |  0. |  0. ||* 1. |* 0. |* 0. |
|  0. |  0. |  0. ||  0. |  0. |  0. ||*-1. |* 0. |* 0. |
|  0. |  0. |  1. ||  0. |  0. |  0. ||* 0. |* 0. |*-1. |


Determined best move using: 68580Iterations
current State

| -1. |  0. |  0. ||  0. |  0. |  0. ||  0. |  0. |  0. |
|  1. |  0. |  0. ||  0. |  0. |  0. ||  0. |  0. |  0. |
|  0. |  0. |  0. ||  0. |  0. |  0. ||  0. |  0. |  0. |
|=====+=====+=====||=====+=====+=====||=====+=====+=====|
|  0. |  0. |  0. ||  0. |  0. |  0. ||  0. |  0. |  0. |
|  0. |  0. | -1. ||  0. |  0. |  0. ||  0. |  1. |  0. |
|  0. |  0. |  1. || -1. |  0. |  0. ||  0. |  0. |  0. |
|=====+=====+=====||=====+=====+=====||=====+=====+=====|
|  0. |  0. |  0. ||* 0. |* 0. |* 0. ||  1. |  0. |  0. |
|  0. |  0. |  0. ||* 0. |* 0. |* 0. || -1. |  0. |  0. |
|  0. |  0. |  1. ||* 0. |* 0. |* 0. ||  0. |  1. | -1. |


state to eval, currenty is playerone turn=false

|  1. | -0. | -0. || -0. | -0. | -0. || -0. | -0. | -0. |
| -1. | -0. | -0. || -0. | -0. | -0. || -0. | -0. | -0. |
| -0. | -0. | -0. || -0. | -0. | -0. || -0. | -0. | -0. |
|=====+=====+=====||=====+=====+=====||=====+=====+=====|
| -0. | -0. | -0. || -0. | -0. | -0. || -0. | -0. | -0. |
| -0. | -0. |  1. || -0. | -0. | -0. || -0. | -1. | -0. |
| -0. | -0. | -1. ||  1. | -0. | -0. || -0. | -0. | -0. |
|=====+=====+=====||=====+=====+=====||=====+=====+=====|
| -0. | -0. | -0. ||*-0. |*-0. |*-0. || -1. | -0. | -0. |
| -0. | -0. | -0. ||*-0. |*-0. |*-0. ||  1. | -0. | -0. |
| -0. | -0. | -1. ||*-0. |*-0. |*-0. || -0. | -1. |  1. |


Determined best move using: 73393Iterations
current State

| -1. |  0. |  0. ||  0. |  0. |  0. ||  0. |  0. |  0. |
|  1. |  0. |  0. ||  0. |  0. |  0. ||  0. |  0. |  0. |
|  0. |  0. |  0. ||  0. |  0. |  0. ||  0. |  0. |  0. |
|=====+=====+=====||=====+=====+=====||=====+=====+=====|
|  0. |  0. |  0. ||  0. |  0. |  0. ||  0. |  0. |  0. |
|  0. |  0. | -1. ||  0. |  0. |  0. ||  0. |  1. |  0. |
|  0. |  0. |  1. || -1. |  0. |  0. ||  0. |  0. |  0. |
|=====+=====+=====||=====+=====+=====||=====+=====+=====|
|  0. |  0. |  0. ||  0. |  0. |  0. ||* 1. |* 0. |* 0. |
|  0. |  0. |  0. ||  0. |  0. |  0. ||*-1. |* 0. |* 0. |
|  0. |  0. |  1. ||  0. |  0. | -1. ||* 0. |* 1. |*-1. |


state to eval, currenty is playerone turn=true

| -1. |  0. |  0. ||  0. |  0. |  0. ||  0. |  0. |  0. |
|  1. |  0. |  0. ||  0. |  0. |  0. ||  0. |  0. |  0. |
|  0. |  0. |  0. ||  0. |  0. |  0. ||  0. |  0. |  0. |
|=====+=====+=====||=====+=====+=====||=====+=====+=====|
|  0. |  0. |  0. ||  0. |  0. |  0. ||  0. |  0. |  0. |
|  0. |  0. | -1. ||  0. |  0. |  0. ||  0. |  1. |  0. |
|  0. |  0. |  1. || -1. |  0. |  0. ||  0. |  0. |  0. |
|=====+=====+=====||=====+=====+=====||=====+=====+=====|
|  0. |  0. |  0. ||  0. |  0. |  0. ||* 1. |* 0. |* 0. |
|  0. |  0. |  0. ||  0. |  0. |  0. ||*-1. |* 0. |* 0. |
|  0. |  0. |  1. ||  0. |  0. | -1. ||* 0. |* 1. |*-1. |


Determined best move using: 72622Iterations
current State

| -1. |  0. |  0. ||  0. |  0. |  0. ||  0. |  0. |  0. |
|  1. |  0. |  0. ||  0. |  0. |  0. ||  0. |  0. |  0. |
|  0. |  0. |  0. ||  0. |  0. |  0. ||  0. |  0. |  0. |
|=====+=====+=====||=====+=====+=====||=====+=====+=====|
|  0. |  0. |  0. ||* 0. |* 0. |* 0. ||  0. |  0. |  0. |
|  0. |  0. | -1. ||* 0. |* 0. |* 0. ||  0. |  1. |  0. |
|  0. |  0. |  1. ||*-1. |* 0. |* 0. ||  0. |  0. |  0. |
|=====+=====+=====||=====+=====+=====||=====+=====+=====|
|  0. |  0. |  0. ||  0. |  0. |  0. ||  1. |  0. |  0. |
|  0. |  0. |  0. ||  0. |  0. |  0. || -1. |  1. |  0. |
|  0. |  0. |  1. ||  0. |  0. | -1. ||  0. |  1. | -1. |


state to eval, currenty is playerone turn=false

|  1. | -0. | -0. || -0. | -0. | -0. || -0. | -0. | -0. |
| -1. | -0. | -0. || -0. | -0. | -0. || -0. | -0. | -0. |
| -0. | -0. | -0. || -0. | -0. | -0. || -0. | -0. | -0. |
|=====+=====+=====||=====+=====+=====||=====+=====+=====|
| -0. | -0. | -0. ||*-0. |*-0. |*-0. || -0. | -0. | -0. |
| -0. | -0. |  1. ||*-0. |*-0. |*-0. || -0. | -1. | -0. |
| -0. | -0. | -1. ||* 1. |*-0. |*-0. || -0. | -0. | -0. |
|=====+=====+=====||=====+=====+=====||=====+=====+=====|
| -0. | -0. | -0. || -0. | -0. | -0. || -1. | -0. | -0. |
| -0. | -0. | -0. || -0. | -0. | -0. ||  1. | -1. | -0. |
| -0. | -0. | -1. || -0. | -0. |  1. || -0. | -1. |  1. |


Determined best move using: 75534Iterations
current State

| -1. |  0. |  0. ||  0. |  0. |  0. ||  0. |  0. |  0. |
|  1. |  0. |  0. ||  0. |  0. |  0. ||  0. |  0. |  0. |
|  0. |  0. |  0. ||  0. |  0. |  0. ||  0. |  0. |  0. |
|=====+=====+=====||=====+=====+=====||=====+=====+=====|
|  0. |  0. |  0. ||* 0. |* 0. |* 0. ||  0. |  0. |  0. |
|  0. |  0. | -1. ||* 0. |*-1. |* 0. ||  0. |  1. |  0. |
|  0. |  0. |  1. ||*-1. |* 0. |* 0. ||  0. |  0. |  0. |
|=====+=====+=====||=====+=====+=====||=====+=====+=====|
|  0. |  0. |  0. ||  0. |  0. |  0. ||  1. |  0. |  0. |
|  0. |  0. |  0. ||  0. |  0. |  0. || -1. |  1. |  0. |
|  0. |  0. |  1. ||  0. |  0. | -1. ||  0. |  1. | -1. |


state to eval, currenty is playerone turn=true

| -1. |  0. |  0. ||  0. |  0. |  0. ||  0. |  0. |  0. |
|  1. |  0. |  0. ||  0. |  0. |  0. ||  0. |  0. |  0. |
|  0. |  0. |  0. ||  0. |  0. |  0. ||  0. |  0. |  0. |
|=====+=====+=====||=====+=====+=====||=====+=====+=====|
|  0. |  0. |  0. ||* 0. |* 0. |* 0. ||  0. |  0. |  0. |
|  0. |  0. | -1. ||* 0. |*-1. |* 0. ||  0. |  1. |  0. |
|  0. |  0. |  1. ||*-1. |* 0. |* 0. ||  0. |  0. |  0. |
|=====+=====+=====||=====+=====+=====||=====+=====+=====|
|  0. |  0. |  0. ||  0. |  0. |  0. ||  1. |  0. |  0. |
|  0. |  0. |  0. ||  0. |  0. |  0. || -1. |  1. |  0. |
|  0. |  0. |  1. ||  0. |  0. | -1. ||  0. |  1. | -1. |


Determined best move using: 76532Iterations
current State

| -1. |  0. |  0. ||* 0. |* 0. |* 0. ||  0. |  0. |  0. |
|  1. |  0. |  0. ||* 0. |* 0. |* 0. ||  0. |  0. |  0. |
|  0. |  0. |  0. ||* 0. |* 0. |* 0. ||  0. |  0. |  0. |
|=====+=====+=====||=====+=====+=====||=====+=====+=====|
|  0. |  0. |  0. ||  0. |  1. |  0. ||  0. |  0. |  0. |
|  0. |  0. | -1. ||  0. | -1. |  0. ||  0. |  1. |  0. |
|  0. |  0. |  1. || -1. |  0. |  0. ||  0. |  0. |  0. |
|=====+=====+=====||=====+=====+=====||=====+=====+=====|
|  0. |  0. |  0. ||  0. |  0. |  0. ||  1. |  0. |  0. |
|  0. |  0. |  0. ||  0. |  0. |  0. || -1. |  1. |  0. |
|  0. |  0. |  1. ||  0. |  0. | -1. ||  0. |  1. | -1. |


state to eval, currenty is playerone turn=false

|  1. | -0. | -0. ||*-0. |*-0. |*-0. || -0. | -0. | -0. |
| -1. | -0. | -0. ||*-0. |*-0. |*-0. || -0. | -0. | -0. |
| -0. | -0. | -0. ||*-0. |*-0. |*-0. || -0. | -0. | -0. |
|=====+=====+=====||=====+=====+=====||=====+=====+=====|
| -0. | -0. | -0. || -0. | -1. | -0. || -0. | -0. | -0. |
| -0. | -0. |  1. || -0. |  1. | -0. || -0. | -1. | -0. |
| -0. | -0. | -1. ||  1. | -0. | -0. || -0. | -0. | -0. |
|=====+=====+=====||=====+=====+=====||=====+=====+=====|
| -0. | -0. | -0. || -0. | -0. | -0. || -1. | -0. | -0. |
| -0. | -0. | -0. || -0. | -0. | -0. ||  1. | -1. | -0. |
| -0. | -0. | -1. || -0. | -0. |  1. || -0. | -1. |  1. |


Determined best move using: 77455Iterations
current State

| -1. |  0. |  0. ||  0. |  0. |  0. ||  0. |  0. |  0. |
|  1. |  0. |  0. ||  0. |  0. |  0. ||  0. |  0. |  0. |
|  0. |  0. |  0. ||  0. | -1. |  0. ||  0. |  0. |  0. |
|=====+=====+=====||=====+=====+=====||=====+=====+=====|
|  0. |  0. |  0. ||  0. |  1. |  0. ||  0. |  0. |  0. |
|  0. |  0. | -1. ||  0. | -1. |  0. ||  0. |  1. |  0. |
|  0. |  0. |  1. || -1. |  0. |  0. ||  0. |  0. |  0. |
|=====+=====+=====||=====+=====+=====||=====+=====+=====|
|  0. |  0. |  0. ||* 0. |* 0. |* 0. ||  1. |  0. |  0. |
|  0. |  0. |  0. ||* 0. |* 0. |* 0. || -1. |  1. |  0. |
|  0. |  0. |  1. ||* 0. |* 0. |*-1. ||  0. |  1. | -1. |


state to eval, currenty is playerone turn=true

| -1. |  0. |  0. ||  0. |  0. |  0. ||  0. |  0. |  0. |
|  1. |  0. |  0. ||  0. |  0. |  0. ||  0. |  0. |  0. |
|  0. |  0. |  0. ||  0. | -1. |  0. ||  0. |  0. |  0. |
|=====+=====+=====||=====+=====+=====||=====+=====+=====|
|  0. |  0. |  0. ||  0. |  1. |  0. ||  0. |  0. |  0. |
|  0. |  0. | -1. ||  0. | -1. |  0. ||  0. |  1. |  0. |
|  0. |  0. |  1. || -1. |  0. |  0. ||  0. |  0. |  0. |
|=====+=====+=====||=====+=====+=====||=====+=====+=====|
|  0. |  0. |  0. ||* 0. |* 0. |* 0. ||  1. |  0. |  0. |
|  0. |  0. |  0. ||* 0. |* 0. |* 0. || -1. |  1. |  0. |
|  0. |  0. |  1. ||* 0. |* 0. |*-1. ||  0. |  1. | -1. |


Determined best move using: 75735Iterations
current State

| -1. |  0. |  0. ||  0. |  0. |  0. ||  0. |  0. |  0. |
|  1. |  0. |  0. ||  0. |  0. |  0. ||  0. |  0. |  0. |
|  0. |  0. |  0. ||  0. | -1. |  0. ||  0. |  0. |  0. |
|=====+=====+=====||=====+=====+=====||=====+=====+=====|
|  0. |  0. |  0. ||  0. |  1. |  0. ||  0. |  0. |  0. |
|  0. |  0. | -1. ||  0. | -1. |  0. ||  0. |  1. |  0. |
|  0. |  0. |  1. || -1. |  0. |  0. ||  0. |  0. |  0. |
|=====+=====+=====||=====+=====+=====||=====+=====+=====|
|  0. |  0. |  0. ||* 0. |* 0. |* 0. ||  1. |  0. |  0. |
|  0. |  0. |  0. ||* 0. |* 0. |* 0. || -1. |  1. |  0. |
|  0. |  0. |  1. ||* 0. |* 1. |*-1. ||  0. |  1. | -1. |


state to eval, currenty is playerone turn=false

|  1. | -0. | -0. || -0. | -0. | -0. || -0. | -0. | -0. |
| -1. | -0. | -0. || -0. | -0. | -0. || -0. | -0. | -0. |
| -0. | -0. | -0. || -0. |  1. | -0. || -0. | -0. | -0. |
|=====+=====+=====||=====+=====+=====||=====+=====+=====|
| -0. | -0. | -0. || -0. | -1. | -0. || -0. | -0. | -0. |
| -0. | -0. |  1. || -0. |  1. | -0. || -0. | -1. | -0. |
| -0. | -0. | -1. ||  1. | -0. | -0. || -0. | -0. | -0. |
|=====+=====+=====||=====+=====+=====||=====+=====+=====|
| -0. | -0. | -0. ||*-0. |*-0. |*-0. || -1. | -0. | -0. |
| -0. | -0. | -0. ||*-0. |*-0. |*-0. ||  1. | -1. | -0. |
| -0. | -0. | -1. ||*-0. |*-1. |* 1. || -0. | -1. |  1. |


Determined best move using: 78611Iterations
current State

| -1. |  0. |  0. ||  0. |  0. |  0. ||  0. |  0. |  0. |
|  1. |  0. |  0. ||  0. |  0. |  0. ||  0. |  0. |  0. |
|  0. |  0. |  0. ||  0. | -1. |  0. ||  0. |  0. |  0. |
|=====+=====+=====||=====+=====+=====||=====+=====+=====|
|* 0. |* 0. |* 0. ||  0. |  1. |  0. ||  0. |  0. |  0. |
|* 0. |* 0. |*-1. ||  0. | -1. |  0. ||  0. |  1. |  0. |
|* 0. |* 0. |* 1. || -1. |  0. |  0. ||  0. |  0. |  0. |
|=====+=====+=====||=====+=====+=====||=====+=====+=====|
|  0. |  0. |  0. ||  0. |  0. |  0. ||  1. |  0. |  0. |
|  0. |  0. |  0. || -1. |  0. |  0. || -1. |  1. |  0. |
|  0. |  0. |  1. ||  0. |  1. | -1. ||  0. |  1. | -1. |


state to eval, currenty is playerone turn=true

| -1. |  0. |  0. ||  0. |  0. |  0. ||  0. |  0. |  0. |
|  1. |  0. |  0. ||  0. |  0. |  0. ||  0. |  0. |  0. |
|  0. |  0. |  0. ||  0. | -1. |  0. ||  0. |  0. |  0. |
|=====+=====+=====||=====+=====+=====||=====+=====+=====|
|* 0. |* 0. |* 0. ||  0. |  1. |  0. ||  0. |  0. |  0. |
|* 0. |* 0. |*-1. ||  0. | -1. |  0. ||  0. |  1. |  0. |
|* 0. |* 0. |* 1. || -1. |  0. |  0. ||  0. |  0. |  0. |
|=====+=====+=====||=====+=====+=====||=====+=====+=====|
|  0. |  0. |  0. ||  0. |  0. |  0. ||  1. |  0. |  0. |
|  0. |  0. |  0. || -1. |  0. |  0. || -1. |  1. |  0. |
|  0. |  0. |  1. ||  0. |  1. | -1. ||  0. |  1. | -1. |


current State

| -1. |  0. |  0. ||* 0. |* 0. |* 0. ||  0. |  0. |  0. |
|  1. |  0. |  0. ||* 0. |* 0. |* 0. ||  0. |  0. |  0. |
|  0. |  0. |  0. ||* 0. |*-1. |* 0. ||  0. |  0. |  0. |
|=====+=====+=====||=====+=====+=====||=====+=====+=====|
|  0. |  1. |  0. ||  0. |  1. |  0. ||  0. |  0. |  0. |
|  0. |  0. | -1. ||  0. | -1. |  0. ||  0. |  1. |  0. |
|  0. |  0. |  1. || -1. |  0. |  0. ||  0. |  0. |  0. |
|=====+=====+=====||=====+=====+=====||=====+=====+=====|
|  0. |  0. |  0. ||  0. |  0. |  0. ||  1. |  0. |  0. |
|  0. |  0. |  0. || -1. |  0. |  0. || -1. |  1. |  0. |
|  0. |  0. |  1. ||  0. |  1. | -1. ||  0. |  1. | -1. |


state to eval, currenty is playerone turn=false

|  1. | -0. | -0. ||*-0. |*-0. |*-0. || -0. | -0. | -0. |
| -1. | -0. | -0. ||*-0. |*-0. |*-0. || -0. | -0. | -0. |
| -0. | -0. | -0. ||*-0. |* 1. |*-0. || -0. | -0. | -0. |
|=====+=====+=====||=====+=====+=====||=====+=====+=====|
| -0. | -1. | -0. || -0. | -1. | -0. || -0. | -0. | -0. |
| -0. | -0. |  1. || -0. |  1. | -0. || -0. | -1. | -0. |
| -0. | -0. | -1. ||  1. | -0. | -0. || -0. | -0. | -0. |
|=====+=====+=====||=====+=====+=====||=====+=====+=====|
| -0. | -0. | -0. || -0. | -0. | -0. || -1. | -0. | -0. |
| -0. | -0. | -0. ||  1. | -0. | -0. ||  1. | -1. | -0. |
| -0. | -0. | -1. || -0. | -1. |  1. || -0. | -1. |  1. |


current State

| -1. |  0. |  0. ||  0. |  0. |  0. ||  0. |  0. |  0. |
|  1. |  0. |  0. ||  0. | -1. |  0. ||  0. |  0. |  0. |
|  0. |  0. |  0. ||  0. | -1. |  0. ||  0. |  0. |  0. |
|=====+=====+=====||=====+=====+=====||=====+=====+=====|
|  0. |  1. |  0. ||* 0. |* 1. |* 0. ||  0. |  0. |  0. |
|  0. |  0. | -1. ||* 0. |*-1. |* 0. ||  0. |  1. |  0. |
|  0. |  0. |  1. ||*-1. |* 0. |* 0. ||  0. |  0. |  0. |
|=====+=====+=====||=====+=====+=====||=====+=====+=====|
|  0. |  0. |  0. ||  0. |  0. |  0. ||  1. |  0. |  0. |
|  0. |  0. |  0. || -1. |  0. |  0. || -1. |  1. |  0. |
|  0. |  0. |  1. ||  0. |  1. | -1. ||  0. |  1. | -1. |


state to eval, currenty is playerone turn=true

| -1. |  0. |  0. ||  0. |  0. |  0. ||  0. |  0. |  0. |
|  1. |  0. |  0. ||  0. | -1. |  0. ||  0. |  0. |  0. |
|  0. |  0. |  0. ||  0. | -1. |  0. ||  0. |  0. |  0. |
|=====+=====+=====||=====+=====+=====||=====+=====+=====|
|  0. |  1. |  0. ||* 0. |* 1. |* 0. ||  0. |  0. |  0. |
|  0. |  0. | -1. ||* 0. |*-1. |* 0. ||  0. |  1. |  0. |
|  0. |  0. |  1. ||*-1. |* 0. |* 0. ||  0. |  0. |  0. |
|=====+=====+=====||=====+=====+=====||=====+=====+=====|
|  0. |  0. |  0. ||  0. |  0. |  0. ||  1. |  0. |  0. |
|  0. |  0. |  0. || -1. |  0. |  0. || -1. |  1. |  0. |
|  0. |  0. |  1. ||  0. |  1. | -1. ||  0. |  1. | -1. |


current State

|*-1. |* 0. |* 0. ||  0. |  0. |  0. ||  0. |  0. |  0. |
|* 1. |* 0. |* 0. ||  0. | -1. |  0. ||  0. |  0. |  0. |
|* 0. |* 0. |* 0. ||  0. | -1. |  0. ||  0. |  0. |  0. |
|=====+=====+=====||=====+=====+=====||=====+=====+=====|
|  0. |  1. |  0. ||  1. |  1. |  0. ||  0. |  0. |  0. |
|  0. |  0. | -1. ||  0. | -1. |  0. ||  0. |  1. |  0. |
|  0. |  0. |  1. || -1. |  0. |  0. ||  0. |  0. |  0. |
|=====+=====+=====||=====+=====+=====||=====+=====+=====|
|  0. |  0. |  0. ||  0. |  0. |  0. ||  1. |  0. |  0. |
|  0. |  0. |  0. || -1. |  0. |  0. || -1. |  1. |  0. |
|  0. |  0. |  1. ||  0. |  1. | -1. ||  0. |  1. | -1. |


state to eval, currenty is playerone turn=false

|* 1. |*-0. |*-0. || -0. | -0. | -0. || -0. | -0. | -0. |
|*-1. |*-0. |*-0. || -0. |  1. | -0. || -0. | -0. | -0. |
|*-0. |*-0. |*-0. || -0. |  1. | -0. || -0. | -0. | -0. |
|=====+=====+=====||=====+=====+=====||=====+=====+=====|
| -0. | -1. | -0. || -1. | -1. | -0. || -0. | -0. | -0. |
| -0. | -0. |  1. || -0. |  1. | -0. || -0. | -1. | -0. |
| -0. | -0. | -1. ||  1. | -0. | -0. || -0. | -0. | -0. |
|=====+=====+=====||=====+=====+=====||=====+=====+=====|
| -0. | -0. | -0. || -0. | -0. | -0. || -1. | -0. | -0. |
| -0. | -0. | -0. ||  1. | -0. | -0. ||  1. | -1. | -0. |
| -0. | -0. | -1. || -0. | -1. |  1. || -0. | -1. |  1. |


current State

| -1. |  0. |  0. ||  0. |  0. |  0. ||  0. |  0. |  0. |
|  1. |  0. |  0. ||  0. | -1. |  0. ||  0. |  0. |  0. |
| -1. |  0. |  0. ||  0. | -1. |  0. ||  0. |  0. |  0. |
|=====+=====+=====||=====+=====+=====||=====+=====+=====|
|  0. |  1. |  0. ||  1. |  1. |  0. ||  0. |  0. |  0. |
|  0. |  0. | -1. ||  0. | -1. |  0. ||  0. |  1. |  0. |
|  0. |  0. |  1. || -1. |  0. |  0. ||  0. |  0. |  0. |
|=====+=====+=====||=====+=====+=====||=====+=====+=====|
|* 0. |* 0. |* 0. ||  0. |  0. |  0. ||  1. |  0. |  0. |
|* 0. |* 0. |* 0. || -1. |  0. |  0. || -1. |  1. |  0. |
|* 0. |* 0. |* 1. ||  0. |  1. | -1. ||  0. |  1. | -1. |


state to eval, currenty is playerone turn=true

| -1. |  0. |  0. ||  0. |  0. |  0. ||  0. |  0. |  0. |
|  1. |  0. |  0. ||  0. | -1. |  0. ||  0. |  0. |  0. |
| -1. |  0. |  0. ||  0. | -1. |  0. ||  0. |  0. |  0. |
|=====+=====+=====||=====+=====+=====||=====+=====+=====|
|  0. |  1. |  0. ||  1. |  1. |  0. ||  0. |  0. |  0. |
|  0. |  0. | -1. ||  0. | -1. |  0. ||  0. |  1. |  0. |
|  0. |  0. |  1. || -1. |  0. |  0. ||  0. |  0. |  0. |
|=====+=====+=====||=====+=====+=====||=====+=====+=====|
|* 0. |* 0. |* 0. ||  0. |  0. |  0. ||  1. |  0. |  0. |
|* 0. |* 0. |* 0. || -1. |  0. |  0. || -1. |  1. |  0. |
|* 0. |* 0. |* 1. ||  0. |  1. | -1. ||  0. |  1. | -1. |


Determined best move using: 70775Iterations
current State

| -1. |  0. |  0. ||* 0. |* 0. |* 0. ||  0. |  0. |  0. |
|  1. |  0. |  0. ||* 0. |*-1. |* 0. ||  0. |  0. |  0. |
| -1. |  0. |  0. ||* 0. |*-1. |* 0. ||  0. |  0. |  0. |
|=====+=====+=====||=====+=====+=====||=====+=====+=====|
|  0. |  1. |  0. ||  1. |  1. |  0. ||  0. |  0. |  0. |
|  0. |  0. | -1. ||  0. | -1. |  0. ||  0. |  1. |  0. |
|  0. |  0. |  1. || -1. |  0. |  0. ||  0. |  0. |  0. |
|=====+=====+=====||=====+=====+=====||=====+=====+=====|
|  0. |  1. |  0. ||  0. |  0. |  0. ||  1. |  0. |  0. |
|  0. |  0. |  0. || -1. |  0. |  0. || -1. |  1. |  0. |
|  0. |  0. |  1. ||  0. |  1. | -1. ||  0. |  1. | -1. |


state to eval, currenty is playerone turn=false

|  1. | -0. | -0. ||*-0. |*-0. |*-0. || -0. | -0. | -0. |
| -1. | -0. | -0. ||*-0. |* 1. |*-0. || -0. | -0. | -0. |
|  1. | -0. | -0. ||*-0. |* 1. |*-0. || -0. | -0. | -0. |
|=====+=====+=====||=====+=====+=====||=====+=====+=====|
| -0. | -1. | -0. || -1. | -1. | -0. || -0. | -0. | -0. |
| -0. | -0. |  1. || -0. |  1. | -0. || -0. | -1. | -0. |
| -0. | -0. | -1. ||  1. | -0. | -0. || -0. | -0. | -0. |
|=====+=====+=====||=====+=====+=====||=====+=====+=====|
| -0. | -1. | -0. || -0. | -0. | -0. || -1. | -0. | -0. |
| -0. | -0. | -0. ||  1. | -0. | -0. ||  1. | -1. | -0. |
| -0. | -0. | -1. || -0. | -1. |  1. || -0. | -1. |  1. |


Determined best move using: 75000Iterations
current State

| -1. |  0. |  0. ||  0. |  0. |  0. ||  0. |  0. |  0. |
|  1. |  0. |  0. ||  0. | -1. | -1. ||  0. |  0. |  0. |
| -1. |  0. |  0. ||  0. | -1. |  0. ||  0. |  0. |  0. |
|=====+=====+=====||=====+=====+=====||=====+=====+=====|
|  0. |  1. |  0. ||  1. |  1. |  0. ||* 0. |* 0. |* 0. |
|  0. |  0. | -1. ||  0. | -1. |  0. ||* 0. |* 1. |* 0. |
|  0. |  0. |  1. || -1. |  0. |  0. ||* 0. |* 0. |* 0. |
|=====+=====+=====||=====+=====+=====||=====+=====+=====|
|  0. |  1. |  0. ||  0. |  0. |  0. ||  1. |  0. |  0. |
|  0. |  0. |  0. || -1. |  0. |  0. || -1. |  1. |  0. |
|  0. |  0. |  1. ||  0. |  1. | -1. ||  0. |  1. | -1. |


state to eval, currenty is playerone turn=true

| -1. |  0. |  0. ||  0. |  0. |  0. ||  0. |  0. |  0. |
|  1. |  0. |  0. ||  0. | -1. | -1. ||  0. |  0. |  0. |
| -1. |  0. |  0. ||  0. | -1. |  0. ||  0. |  0. |  0. |
|=====+=====+=====||=====+=====+=====||=====+=====+=====|
|  0. |  1. |  0. ||  1. |  1. |  0. ||* 0. |* 0. |* 0. |
|  0. |  0. | -1. ||  0. | -1. |  0. ||* 0. |* 1. |* 0. |
|  0. |  0. |  1. || -1. |  0. |  0. ||* 0. |* 0. |* 0. |
|=====+=====+=====||=====+=====+=====||=====+=====+=====|
|  0. |  1. |  0. ||  0. |  0. |  0. ||  1. |  0. |  0. |
|  0. |  0. |  0. || -1. |  0. |  0. || -1. |  1. |  0. |
|  0. |  0. |  1. ||  0. |  1. | -1. ||  0. |  1. | -1. |


Determined best move using: 73796Iterations
current State

| -1. |  0. |  0. ||  0. |  0. |  0. ||  0. |  0. |  0. |
|  1. |  0. |  0. ||  0. | -1. | -1. ||  0. |  0. |  0. |
| -1. |  0. |  0. ||  0. | -1. |  0. ||  0. |  0. |  0. |
|=====+=====+=====||=====+=====+=====||=====+=====+=====|
|  0. |  1. |  0. ||  1. |  1. |  0. ||  0. |  0. |  0. |
|  0. |  0. | -1. ||  0. | -1. |  0. ||  0. |  1. |  0. |
|  0. |  0. |  1. || -1. |  0. |  0. ||  1. |  0. |  0. |
|=====+=====+=====||=====+=====+=====||=====+=====+=====|
|* 0. |* 1. |* 0. ||  0. |  0. |  0. ||  1. |  0. |  0. |
|* 0. |* 0. |* 0. || -1. |  0. |  0. || -1. |  1. |  0. |
|* 0. |* 0. |* 1. ||  0. |  1. | -1. ||  0. |  1. | -1. |


state to eval, currenty is playerone turn=false

|  1. | -0. | -0. || -0. | -0. | -0. || -0. | -0. | -0. |
| -1. | -0. | -0. || -0. |  1. |  1. || -0. | -0. | -0. |
|  1. | -0. | -0. || -0. |  1. | -0. || -0. | -0. | -0. |
|=====+=====+=====||=====+=====+=====||=====+=====+=====|
| -0. | -1. | -0. || -1. | -1. | -0. || -0. | -0. | -0. |
| -0. | -0. |  1. || -0. |  1. | -0. || -0. | -1. | -0. |
| -0. | -0. | -1. ||  1. | -0. | -0. || -1. | -0. | -0. |
|=====+=====+=====||=====+=====+=====||=====+=====+=====|
|*-0. |*-1. |*-0. || -0. | -0. | -0. || -1. | -0. | -0. |
|*-0. |*-0. |*-0. ||  1. | -0. | -0. ||  1. | -1. | -0. |
|*-0. |*-0. |*-1. || -0. | -1. |  1. || -0. | -1. |  1. |


Determined best move using: 76145Iterations
current State

| -1. |  0. |  0. ||  0. |  0. |  0. ||  0. |  0. |  0. |
|  1. |  0. |  0. ||  0. | -1. | -1. ||  0. |  0. |  0. |
| -1. |  0. |  0. ||  0. | -1. |  0. ||  0. |  0. |  0. |
|=====+=====+=====||=====+=====+=====||=====+=====+=====|
|  0. |  1. |  0. ||* 1. |* 1. |* 0. ||  0. |  0. |  0. |
|  0. |  0. | -1. ||* 0. |*-1. |* 0. ||  0. |  1. |  0. |
|  0. |  0. |  1. ||*-1. |* 0. |* 0. ||  1. |  0. |  0. |
|=====+=====+=====||=====+=====+=====||=====+=====+=====|
|  0. |  1. |  0. ||  0. |  0. |  0. ||  1. |  0. |  0. |
|  0. | -1. |  0. || -1. |  0. |  0. || -1. |  1. |  0. |
|  0. |  0. |  1. ||  0. |  1. | -1. ||  0. |  1. | -1. |


state to eval, currenty is playerone turn=true

| -1. |  0. |  0. ||  0. |  0. |  0. ||  0. |  0. |  0. |
|  1. |  0. |  0. ||  0. | -1. | -1. ||  0. |  0. |  0. |
| -1. |  0. |  0. ||  0. | -1. |  0. ||  0. |  0. |  0. |
|=====+=====+=====||=====+=====+=====||=====+=====+=====|
|  0. |  1. |  0. ||* 1. |* 1. |* 0. ||  0. |  0. |  0. |
|  0. |  0. | -1. ||* 0. |*-1. |* 0. ||  0. |  1. |  0. |
|  0. |  0. |  1. ||*-1. |* 0. |* 0. ||  1. |  0. |  0. |
|=====+=====+=====||=====+=====+=====||=====+=====+=====|
|  0. |  1. |  0. ||  0. |  0. |  0. ||  1. |  0. |  0. |
|  0. | -1. |  0. || -1. |  0. |  0. || -1. |  1. |  0. |
|  0. |  0. |  1. ||  0. |  1. | -1. ||  0. |  1. | -1. |


Determined best move using: 75556Iterations
current State

| -1. |  0. |  0. ||  0. |  0. |  0. ||* 0. |* 0. |* 0. |
|  1. |  0. |  0. ||  0. | -1. | -1. ||* 0. |* 0. |* 0. |
| -1. |  0. |  0. ||  0. | -1. |  0. ||* 0. |* 0. |* 0. |
|=====+=====+=====||=====+=====+=====||=====+=====+=====|
|  0. |  1. |  0. ||  1. |  1. |  1. ||  0. |  0. |  0. |
|  0. |  0. | -1. ||  0. | -1. |  0. ||  0. |  1. |  0. |
|  0. |  0. |  1. || -1. |  0. |  0. ||  1. |  0. |  0. |
|=====+=====+=====||=====+=====+=====||=====+=====+=====|
|  0. |  1. |  0. ||  0. |  0. |  0. ||  1. |  0. |  0. |
|  0. | -1. |  0. || -1. |  0. |  0. || -1. |  1. |  0. |
|  0. |  0. |  1. ||  0. |  1. | -1. ||  0. |  1. | -1. |


state to eval, currenty is playerone turn=false

|  1. | -0. | -0. || -0. | -0. | -0. ||*-0. |*-0. |*-0. |
| -1. | -0. | -0. || -0. |  1. |  1. ||*-0. |*-0. |*-0. |
|  1. | -0. | -0. || -0. |  1. | -0. ||*-0. |*-0. |*-0. |
|=====+=====+=====||=====+=====+=====||=====+=====+=====|
| -0. | -1. | -0. || -1. | -1. | -1. || -0. | -0. | -0. |
| -0. | -0. |  1. || -0. |  1. | -0. || -0. | -1. | -0. |
| -0. | -0. | -1. ||  1. | -0. | -0. || -1. | -0. | -0. |
|=====+=====+=====||=====+=====+=====||=====+=====+=====|
| -0. | -1. | -0. || -0. | -0. | -0. || -1. | -0. | -0. |
| -0. |  1. | -0. ||  1. | -0. | -0. ||  1. | -1. | -0. |
| -0. | -0. | -1. || -0. | -1. |  1. || -0. | -1. |  1. |


Determined best move using: 79259Iterations
current State

| -1. |  0. |  0. ||  0. |  0. |  0. ||  0. |  0. |  0. |
|  1. |  0. |  0. ||  0. | -1. | -1. || -1. |  0. |  0. |
| -1. |  0. |  0. ||  0. | -1. |  0. ||  0. |  0. |  0. |
|=====+=====+=====||=====+=====+=====||=====+=====+=====|
|* 0. |* 1. |* 0. ||  1. |  1. |  1. ||  0. |  0. |  0. |
|* 0. |* 0. |*-1. ||  0. | -1. |  0. ||  0. |  1. |  0. |
|* 0. |* 0. |* 1. || -1. |  0. |  0. ||  1. |  0. |  0. |
|=====+=====+=====||=====+=====+=====||=====+=====+=====|
|  0. |  1. |  0. ||  0. |  0. |  0. ||  1. |  0. |  0. |
|  0. | -1. |  0. || -1. |  0. |  0. || -1. |  1. |  0. |
|  0. |  0. |  1. ||  0. |  1. | -1. ||  0. |  1. | -1. |


state to eval, currenty is playerone turn=true

| -1. |  0. |  0. ||  0. |  0. |  0. ||  0. |  0. |  0. |
|  1. |  0. |  0. ||  0. | -1. | -1. || -1. |  0. |  0. |
| -1. |  0. |  0. ||  0. | -1. |  0. ||  0. |  0. |  0. |
|=====+=====+=====||=====+=====+=====||=====+=====+=====|
|* 0. |* 1. |* 0. ||  1. |  1. |  1. ||  0. |  0. |  0. |
|* 0. |* 0. |*-1. ||  0. | -1. |  0. ||  0. |  1. |  0. |
|* 0. |* 0. |* 1. || -1. |  0. |  0. ||  1. |  0. |  0. |
|=====+=====+=====||=====+=====+=====||=====+=====+=====|
|  0. |  1. |  0. ||  0. |  0. |  0. ||  1. |  0. |  0. |
|  0. | -1. |  0. || -1. |  0. |  0. || -1. |  1. |  0. |
|  0. |  0. |  1. ||  0. |  1. | -1. ||  0. |  1. | -1. |


Determined best move using: 78225Iterations
current State

|*-1. |* 0. |* 0. ||  0. |  0. |  0. ||  0. |  0. |  0. |
|* 1. |* 0. |* 0. ||  0. | -1. | -1. || -1. |  0. |  0. |
|*-1. |* 0. |* 0. ||  0. | -1. |  0. ||  0. |  0. |  0. |
|=====+=====+=====||=====+=====+=====||=====+=====+=====|
|  1. |  1. |  0. ||  1. |  1. |  1. ||  0. |  0. |  0. |
|  0. |  0. | -1. ||  0. | -1. |  0. ||  0. |  1. |  0. |
|  0. |  0. |  1. || -1. |  0. |  0. ||  1. |  0. |  0. |
|=====+=====+=====||=====+=====+=====||=====+=====+=====|
|  0. |  1. |  0. ||  0. |  0. |  0. ||  1. |  0. |  0. |
|  0. | -1. |  0. || -1. |  0. |  0. || -1. |  1. |  0. |
|  0. |  0. |  1. ||  0. |  1. | -1. ||  0. |  1. | -1. |


state to eval, currenty is playerone turn=false

|* 1. |*-0. |*-0. || -0. | -0. | -0. || -0. | -0. | -0. |
|*-1. |*-0. |*-0. || -0. |  1. |  1. ||  1. | -0. | -0. |
|* 1. |*-0. |*-0. || -0. |  1. | -0. || -0. | -0. | -0. |
|=====+=====+=====||=====+=====+=====||=====+=====+=====|
| -1. | -1. | -0. || -1. | -1. | -1. || -0. | -0. | -0. |
| -0. | -0. |  1. || -0. |  1. | -0. || -0. | -1. | -0. |
| -0. | -0. | -1. ||  1. | -0. | -0. || -1. | -0. | -0. |
|=====+=====+=====||=====+=====+=====||=====+=====+=====|
| -0. | -1. | -0. || -0. | -0. | -0. || -1. | -0. | -0. |
| -0. |  1. | -0. ||  1. | -0. | -0. ||  1. | -1. | -0. |
| -0. | -0. | -1. || -0. | -1. |  1. || -0. | -1. |  1. |


Determined best move using: 81516Iterations
current State

| -1. |  0. |  0. ||  0. |  0. |  0. ||  0. |  0. |  0. |
|  1. |  0. | -1. ||  0. | -1. | -1. || -1. |  0. |  0. |
| -1. |  0. |  0. ||  0. | -1. |  0. ||  0. |  0. |  0. |
|=====+=====+=====||=====+=====+=====||=====+=====+=====|
|  1. |  1. |  0. ||  1. |  1. |  1. ||* 0. |* 0. |* 0. |
|  0. |  0. | -1. ||  0. | -1. |  0. ||* 0. |* 1. |* 0. |
|  0. |  0. |  1. || -1. |  0. |  0. ||* 1. |* 0. |* 0. |
|=====+=====+=====||=====+=====+=====||=====+=====+=====|
|  0. |  1. |  0. ||  0. |  0. |  0. ||  1. |  0. |  0. |
|  0. | -1. |  0. || -1. |  0. |  0. || -1. |  1. |  0. |
|  0. |  0. |  1. ||  0. |  1. | -1. ||  0. |  1. | -1. |


state to eval, currenty is playerone turn=true

| -1. |  0. |  0. ||  0. |  0. |  0. ||  0. |  0. |  0. |
|  1. |  0. | -1. ||  0. | -1. | -1. || -1. |  0. |  0. |
| -1. |  0. |  0. ||  0. | -1. |  0. ||  0. |  0. |  0. |
|=====+=====+=====||=====+=====+=====||=====+=====+=====|
|  1. |  1. |  0. ||  1. |  1. |  1. ||* 0. |* 0. |* 0. |
|  0. |  0. | -1. ||  0. | -1. |  0. ||* 0. |* 1. |* 0. |
|  0. |  0. |  1. || -1. |  0. |  0. ||* 1. |* 0. |* 0. |
|=====+=====+=====||=====+=====+=====||=====+=====+=====|
|  0. |  1. |  0. ||  0. |  0. |  0. ||  1. |  0. |  0. |
|  0. | -1. |  0. || -1. |  0. |  0. || -1. |  1. |  0. |
|  0. |  0. |  1. ||  0. |  1. | -1. ||  0. |  1. | -1. |


Determined best move using: 83438Iterations
current State

| -1. |  0. |  0. ||  0. |  0. |  0. ||* 0. |* 0. |* 0. |
|  1. |  0. | -1. ||  0. | -1. | -1. ||*-1. |* 0. |* 0. |
| -1. |  0. |  0. ||  0. | -1. |  0. ||* 0. |* 0. |* 0. |
|=====+=====+=====||=====+=====+=====||=====+=====+=====|
|  1. |  1. |  0. ||  1. |  1. |  1. ||  0. |  0. |  1. |
|  0. |  0. | -1. ||  0. | -1. |  0. ||  0. |  1. |  0. |
|  0. |  0. |  1. || -1. |  0. |  0. ||  1. |  0. |  0. |
|=====+=====+=====||=====+=====+=====||=====+=====+=====|
|  0. |  1. |  0. ||  0. |  0. |  0. ||  1. |  0. |  0. |
|  0. | -1. |  0. || -1. |  0. |  0. || -1. |  1. |  0. |
|  0. |  0. |  1. ||  0. |  1. | -1. ||  0. |  1. | -1. |


state to eval, currenty is playerone turn=false

|  1. | -0. | -0. || -0. | -0. | -0. ||*-0. |*-0. |*-0. |
| -1. | -0. |  1. || -0. |  1. |  1. ||* 1. |*-0. |*-0. |
|  1. | -0. | -0. || -0. |  1. | -0. ||*-0. |*-0. |*-0. |
|=====+=====+=====||=====+=====+=====||=====+=====+=====|
| -1. | -1. | -0. || -1. | -1. | -1. || -0. | -0. | -1. |
| -0. | -0. |  1. || -0. |  1. | -0. || -0. | -1. | -0. |
| -0. | -0. | -1. ||  1. | -0. | -0. || -1. | -0. | -0. |
|=====+=====+=====||=====+=====+=====||=====+=====+=====|
| -0. | -1. | -0. || -0. | -0. | -0. || -1. | -0. | -0. |
| -0. |  1. | -0. ||  1. | -0. | -0. ||  1. | -1. | -0. |
| -0. | -0. | -1. || -0. | -1. |  1. || -0. | -1. |  1. |


Determined best move using: 83427Iterations
current State

|*-1. |* 0. |* 0. ||  0. |  0. |  0. || -1. |  0. |  0. |
|* 1. |* 0. |*-1. ||  0. | -1. | -1. || -1. |  0. |  0. |
|*-1. |* 0. |* 0. ||  0. | -1. |  0. ||  0. |  0. |  0. |
|=====+=====+=====||=====+=====+=====||=====+=====+=====|
|  1. |  1. |  0. ||  1. |  1. |  1. ||  0. |  0. |  1. |
|  0. |  0. | -1. ||  0. | -1. |  0. ||  0. |  1. |  0. |
|  0. |  0. |  1. || -1. |  0. |  0. ||  1. |  0. |  0. |
|=====+=====+=====||=====+=====+=====||=====+=====+=====|
|  0. |  1. |  0. ||  0. |  0. |  0. ||  1. |  0. |  0. |
|  0. | -1. |  0. || -1. |  0. |  0. || -1. |  1. |  0. |
|  0. |  0. |  1. ||  0. |  1. | -1. ||  0. |  1. | -1. |


state to eval, currenty is playerone turn=true

|*-1. |* 0. |* 0. ||  0. |  0. |  0. || -1. |  0. |  0. |
|* 1. |* 0. |*-1. ||  0. | -1. | -1. || -1. |  0. |  0. |
|*-1. |* 0. |* 0. ||  0. | -1. |  0. ||  0. |  0. |  0. |
|=====+=====+=====||=====+=====+=====||=====+=====+=====|
|  1. |  1. |  0. ||  1. |  1. |  1. ||  0. |  0. |  1. |
|  0. |  0. | -1. ||  0. | -1. |  0. ||  0. |  1. |  0. |
|  0. |  0. |  1. || -1. |  0. |  0. ||  1. |  0. |  0. |
|=====+=====+=====||=====+=====+=====||=====+=====+=====|
|  0. |  1. |  0. ||  0. |  0. |  0. ||  1. |  0. |  0. |
|  0. | -1. |  0. || -1. |  0. |  0. || -1. |  1. |  0. |
|  0. |  0. |  1. ||  0. |  1. | -1. ||  0. |  1. | -1. |


Determined best move using: 84880Iterations
current State

|*-1. |* 0. |* 0. ||* 0. |* 0. |* 0. ||*-1. |* 0. |* 0. |
|* 1. |* 1. |*-1. ||* 0. |*-1. |*-1. ||*-1. |* 0. |* 0. |
|*-1. |* 0. |* 0. ||* 0. |*-1. |* 0. ||* 0. |* 0. |* 0. |
|=====+=====+=====||=====+=====+=====||=====+=====+=====|
|* 1. |* 1. |* 0. ||  1. |  1. |  1. ||  0. |  0. |  1. |
|* 0. |* 0. |*-1. ||  0. | -1. |  0. ||  0. |  1. |  0. |
|* 0. |* 0. |* 1. || -1. |  0. |  0. ||  1. |  0. |  0. |
|=====+=====+=====||=====+=====+=====||=====+=====+=====|
|* 0. |* 1. |* 0. ||* 0. |* 0. |* 0. ||* 1. |* 0. |* 0. |
|* 0. |*-1. |* 0. ||*-1. |* 0. |* 0. ||*-1. |* 1. |* 0. |
|* 0. |* 0. |* 1. ||* 0. |* 1. |*-1. ||* 0. |* 1. |*-1. |


state to eval, currenty is playerone turn=false

|* 1. |*-0. |*-0. ||*-0. |*-0. |*-0. ||* 1. |*-0. |*-0. |
|*-1. |*-1. |* 1. ||*-0. |* 1. |* 1. ||* 1. |*-0. |*-0. |
|* 1. |*-0. |*-0. ||*-0. |* 1. |*-0. ||*-0. |*-0. |*-0. |
|=====+=====+=====||=====+=====+=====||=====+=====+=====|
|*-1. |*-1. |*-0. || -1. | -1. | -1. || -0. | -0. | -1. |
|*-0. |*-0. |* 1. || -0. |  1. | -0. || -0. | -1. | -0. |
|*-0. |*-0. |*-1. ||  1. | -0. | -0. || -1. | -0. | -0. |
|=====+=====+=====||=====+=====+=====||=====+=====+=====|
|*-0. |*-1. |*-0. ||*-0. |*-0. |*-0. ||*-1. |*-0. |*-0. |
|*-0. |* 1. |*-0. ||* 1. |*-0. |*-0. ||* 1. |*-1. |*-0. |
|*-0. |*-0. |*-1. ||*-0. |*-1. |* 1. ||*-0. |*-1. |* 1. |


Determined best move using: 86595Iterations
current State

|*-1. |* 0. |* 0. ||  0. |  0. |  0. || -1. |  0. |  0. |
|* 1. |* 1. |*-1. ||  0. | -1. | -1. || -1. |  0. |  0. |
|*-1. |* 0. |* 0. ||  0. | -1. |  0. ||  0. |  0. |  0. |
|=====+=====+=====||=====+=====+=====||=====+=====+=====|
|  1. |  1. |  0. ||  1. |  1. |  1. ||  0. |  0. |  1. |
|  0. |  0. | -1. ||  0. | -1. |  0. ||  0. |  1. |  0. |
|  0. |  0. |  1. || -1. |  0. |  0. ||  1. |  0. |  0. |
|=====+=====+=====||=====+=====+=====||=====+=====+=====|
| -1. |  1. |  0. ||  0. |  0. |  0. ||  1. |  0. |  0. |
|  0. | -1. |  0. || -1. |  0. |  0. || -1. |  1. |  0. |
|  0. |  0. |  1. ||  0. |  1. | -1. ||  0. |  1. | -1. |


state to eval, currenty is playerone turn=true

|*-1. |* 0. |* 0. ||  0. |  0. |  0. || -1. |  0. |  0. |
|* 1. |* 1. |*-1. ||  0. | -1. | -1. || -1. |  0. |  0. |
|*-1. |* 0. |* 0. ||  0. | -1. |  0. ||  0. |  0. |  0. |
|=====+=====+=====||=====+=====+=====||=====+=====+=====|
|  1. |  1. |  0. ||  1. |  1. |  1. ||  0. |  0. |  1. |
|  0. |  0. | -1. ||  0. | -1. |  0. ||  0. |  1. |  0. |
|  0. |  0. |  1. || -1. |  0. |  0. ||  1. |  0. |  0. |
|=====+=====+=====||=====+=====+=====||=====+=====+=====|
| -1. |  1. |  0. ||  0. |  0. |  0. ||  1. |  0. |  0. |
|  0. | -1. |  0. || -1. |  0. |  0. || -1. |  1. |  0. |
|  0. |  0. |  1. ||  0. |  1. | -1. ||  0. |  1. | -1. |


Determined best move using: 86274Iterations
current State

| -1. |  1. |  0. ||* 0. |* 0. |* 0. || -1. |  0. |  0. |
|  1. |  1. | -1. ||* 0. |*-1. |*-1. || -1. |  0. |  0. |
| -1. |  0. |  0. ||* 0. |*-1. |* 0. ||  0. |  0. |  0. |
|=====+=====+=====||=====+=====+=====||=====+=====+=====|
|  1. |  1. |  0. ||  1. |  1. |  1. ||  0. |  0. |  1. |
|  0. |  0. | -1. ||  0. | -1. |  0. ||  0. |  1. |  0. |
|  0. |  0. |  1. || -1. |  0. |  0. ||  1. |  0. |  0. |
|=====+=====+=====||=====+=====+=====||=====+=====+=====|
| -1. |  1. |  0. ||  0. |  0. |  0. ||  1. |  0. |  0. |
|  0. | -1. |  0. || -1. |  0. |  0. || -1. |  1. |  0. |
|  0. |  0. |  1. ||  0. |  1. | -1. ||  0. |  1. | -1. |


state to eval, currenty is playerone turn=false

|  1. | -1. | -0. ||*-0. |*-0. |*-0. ||  1. | -0. | -0. |
| -1. | -1. |  1. ||*-0. |* 1. |* 1. ||  1. | -0. | -0. |
|  1. | -0. | -0. ||*-0. |* 1. |*-0. || -0. | -0. | -0. |
|=====+=====+=====||=====+=====+=====||=====+=====+=====|
| -1. | -1. | -0. || -1. | -1. | -1. || -0. | -0. | -1. |
| -0. | -0. |  1. || -0. |  1. | -0. || -0. | -1. | -0. |
| -0. | -0. | -1. ||  1. | -0. | -0. || -1. | -0. | -0. |
|=====+=====+=====||=====+=====+=====||=====+=====+=====|
|  1. | -1. | -0. || -0. | -0. | -0. || -1. | -0. | -0. |
| -0. |  1. | -0. ||  1. | -0. | -0. ||  1. | -1. | -0. |
| -0. | -0. | -1. || -0. | -1. |  1. || -0. | -1. |  1. |


Determined best move using: 85905Iterations
current State

|*-1. |* 1. |* 0. || -1. |  0. |  0. || -1. |  0. |  0. |
|* 1. |* 1. |*-1. ||  0. | -1. | -1. || -1. |  0. |  0. |
|*-1. |* 0. |* 0. ||  0. | -1. |  0. ||  0. |  0. |  0. |
|=====+=====+=====||=====+=====+=====||=====+=====+=====|
|  1. |  1. |  0. ||  1. |  1. |  1. ||  0. |  0. |  1. |
|  0. |  0. | -1. ||  0. | -1. |  0. ||  0. |  1. |  0. |
|  0. |  0. |  1. || -1. |  0. |  0. ||  1. |  0. |  0. |
|=====+=====+=====||=====+=====+=====||=====+=====+=====|
| -1. |  1. |  0. ||  0. |  0. |  0. ||  1. |  0. |  0. |
|  0. | -1. |  0. || -1. |  0. |  0. || -1. |  1. |  0. |
|  0. |  0. |  1. ||  0. |  1. | -1. ||  0. |  1. | -1. |


state to eval, currenty is playerone turn=true

|*-1. |* 1. |* 0. || -1. |  0. |  0. || -1. |  0. |  0. |
|* 1. |* 1. |*-1. ||  0. | -1. | -1. || -1. |  0. |  0. |
|*-1. |* 0. |* 0. ||  0. | -1. |  0. ||  0. |  0. |  0. |
|=====+=====+=====||=====+=====+=====||=====+=====+=====|
|  1. |  1. |  0. ||  1. |  1. |  1. ||  0. |  0. |  1. |
|  0. |  0. | -1. ||  0. | -1. |  0. ||  0. |  1. |  0. |
|  0. |  0. |  1. || -1. |  0. |  0. ||  1. |  0. |  0. |
|=====+=====+=====||=====+=====+=====||=====+=====+=====|
| -1. |  1. |  0. ||  0. |  0. |  0. ||  1. |  0. |  0. |
|  0. | -1. |  0. || -1. |  0. |  0. || -1. |  1. |  0. |
|  0. |  0. |  1. ||  0. |  1. | -1. ||  0. |  1. | -1. |


Determined best move using: 89801Iterations
current State

| -1. |  1. |  0. || -1. |  0. |  0. || -1. |  0. |  0. |
|  1. |  1. | -1. ||  0. | -1. | -1. || -1. |  0. |  0. |
| -1. |  1. |  0. ||  0. | -1. |  0. ||  0. |  0. |  0. |
|=====+=====+=====||=====+=====+=====||=====+=====+=====|
|  1. |  1. |  0. ||  1. |  1. |  1. ||  0. |  0. |  1. |
|  0. |  0. | -1. ||  0. | -1. |  0. ||  0. |  1. |  0. |
|  0. |  0. |  1. || -1. |  0. |  0. ||  1. |  0. |  0. |
|=====+=====+=====||=====+=====+=====||=====+=====+=====|
| -1. |  1. |  0. ||* 0. |* 0. |* 0. ||  1. |  0. |  0. |
|  0. | -1. |  0. ||*-1. |* 0. |* 0. || -1. |  1. |  0. |
|  0. |  0. |  1. ||* 0. |* 1. |*-1. ||  0. |  1. | -1. |


state to eval, currenty is playerone turn=false

|  1. | -1. | -0. ||  1. | -0. | -0. ||  1. | -0. | -0. |
| -1. | -1. |  1. || -0. |  1. |  1. ||  1. | -0. | -0. |
|  1. | -1. | -0. || -0. |  1. | -0. || -0. | -0. | -0. |
|=====+=====+=====||=====+=====+=====||=====+=====+=====|
| -1. | -1. | -0. || -1. | -1. | -1. || -0. | -0. | -1. |
| -0. | -0. |  1. || -0. |  1. | -0. || -0. | -1. | -0. |
| -0. | -0. | -1. ||  1. | -0. | -0. || -1. | -0. | -0. |
|=====+=====+=====||=====+=====+=====||=====+=====+=====|
|  1. | -1. | -0. ||*-0. |*-0. |*-0. || -1. | -0. | -0. |
| -0. |  1. | -0. ||* 1. |*-0. |*-0. ||  1. | -1. | -0. |
| -0. | -0. | -1. ||*-0. |*-1. |* 1. || -0. | -1. |  1. |


Determined best move using: 87617Iterations
current State

| -1. |  1. |  0. || -1. |  0. |  0. ||*-1. |* 0. |* 0. |
|  1. |  1. | -1. ||  0. | -1. | -1. ||*-1. |* 0. |* 0. |
| -1. |  1. |  0. ||  0. | -1. |  0. ||* 0. |* 0. |* 0. |
|=====+=====+=====||=====+=====+=====||=====+=====+=====|
|  1. |  1. |  0. ||  1. |  1. |  1. ||  0. |  0. |  1. |
|  0. |  0. | -1. ||  0. | -1. |  0. ||  0. |  1. |  0. |
|  0. |  0. |  1. || -1. |  0. |  0. ||  1. |  0. |  0. |
|=====+=====+=====||=====+=====+=====||=====+=====+=====|
| -1. |  1. |  0. ||  0. |  0. | -1. ||  1. |  0. |  0. |
|  0. | -1. |  0. || -1. |  0. |  0. || -1. |  1. |  0. |
|  0. |  0. |  1. ||  0. |  1. | -1. ||  0. |  1. | -1. |


state to eval, currenty is playerone turn=true

| -1. |  1. |  0. || -1. |  0. |  0. ||*-1. |* 0. |* 0. |
|  1. |  1. | -1. ||  0. | -1. | -1. ||*-1. |* 0. |* 0. |
| -1. |  1. |  0. ||  0. | -1. |  0. ||* 0. |* 0. |* 0. |
|=====+=====+=====||=====+=====+=====||=====+=====+=====|
|  1. |  1. |  0. ||  1. |  1. |  1. ||  0. |  0. |  1. |
|  0. |  0. | -1. ||  0. | -1. |  0. ||  0. |  1. |  0. |
|  0. |  0. |  1. || -1. |  0. |  0. ||  1. |  0. |  0. |
|=====+=====+=====||=====+=====+=====||=====+=====+=====|
| -1. |  1. |  0. ||  0. |  0. | -1. ||  1. |  0. |  0. |
|  0. | -1. |  0. || -1. |  0. |  0. || -1. |  1. |  0. |
|  0. |  0. |  1. ||  0. |  1. | -1. ||  0. |  1. | -1. |


Determined best move using: 90449Iterations
current State

| -1. |  1. |  0. || -1. |  0. |  0. ||*-1. |* 0. |* 1. |
|  1. |  1. | -1. ||  0. | -1. | -1. ||*-1. |* 0. |* 0. |
| -1. |  1. |  0. ||  0. | -1. |  0. ||* 0. |* 0. |* 0. |
|=====+=====+=====||=====+=====+=====||=====+=====+=====|
|  1. |  1. |  0. ||  1. |  1. |  1. ||  0. |  0. |  1. |
|  0. |  0. | -1. ||  0. | -1. |  0. ||  0. |  1. |  0. |
|  0. |  0. |  1. || -1. |  0. |  0. ||  1. |  0. |  0. |
|=====+=====+=====||=====+=====+=====||=====+=====+=====|
| -1. |  1. |  0. ||  0. |  0. | -1. ||  1. |  0. |  0. |
|  0. | -1. |  0. || -1. |  0. |  0. || -1. |  1. |  0. |
|  0. |  0. |  1. ||  0. |  1. | -1. ||  0. |  1. | -1. |


state to eval, currenty is playerone turn=false

|  1. | -1. | -0. ||  1. | -0. | -0. ||* 1. |*-0. |*-1. |
| -1. | -1. |  1. || -0. |  1. |  1. ||* 1. |*-0. |*-0. |
|  1. | -1. | -0. || -0. |  1. | -0. ||*-0. |*-0. |*-0. |
|=====+=====+=====||=====+=====+=====||=====+=====+=====|
| -1. | -1. | -0. || -1. | -1. | -1. || -0. | -0. | -1. |
| -0. | -0. |  1. || -0. |  1. | -0. || -0. | -1. | -0. |
| -0. | -0. | -1. ||  1. | -0. | -0. || -1. | -0. | -0. |
|=====+=====+=====||=====+=====+=====||=====+=====+=====|
|  1. | -1. | -0. || -0. | -0. |  1. || -1. | -0. | -0. |
| -0. |  1. | -0. ||  1. | -0. | -0. ||  1. | -1. | -0. |
| -0. | -0. | -1. || -0. | -1. |  1. || -0. | -1. |  1. |


Determined best move using: 91077Iterations
current State

| -1. |  1. |  0. || -1. |  0. |  0. || -1. |  0. |  1. |
|  1. |  1. | -1. ||  0. | -1. | -1. || -1. |  0. |  0. |
| -1. |  1. |  0. ||  0. | -1. |  0. || -1. |  0. |  0. |
|=====+=====+=====||=====+=====+=====||=====+=====+=====|
|  1. |  1. |  0. ||  1. |  1. |  1. ||  0. |  0. |  1. |
|  0. |  0. | -1. ||  0. | -1. |  0. ||  0. |  1. |  0. |
|  0. |  0. |  1. || -1. |  0. |  0. ||  1. |  0. |  0. |
|=====+=====+=====||=====+=====+=====||=====+=====+=====|
|*-1. |* 1. |* 0. ||  0. |  0. | -1. ||  1. |  0. |  0. |
|* 0. |*-1. |* 0. || -1. |  0. |  0. || -1. |  1. |  0. |
|* 0. |* 0. |* 1. ||  0. |  1. | -1. ||  0. |  1. | -1. |


state to eval, currenty is playerone turn=true

| -1. |  1. |  0. || -1. |  0. |  0. || -1. |  0. |  1. |
|  1. |  1. | -1. ||  0. | -1. | -1. || -1. |  0. |  0. |
| -1. |  1. |  0. ||  0. | -1. |  0. || -1. |  0. |  0. |
|=====+=====+=====||=====+=====+=====||=====+=====+=====|
|  1. |  1. |  0. ||  1. |  1. |  1. ||  0. |  0. |  1. |
|  0. |  0. | -1. ||  0. | -1. |  0. ||  0. |  1. |  0. |
|  0. |  0. |  1. || -1. |  0. |  0. ||  1. |  0. |  0. |
|=====+=====+=====||=====+=====+=====||=====+=====+=====|
|*-1. |* 1. |* 0. ||  0. |  0. | -1. ||  1. |  0. |  0. |
|* 0. |*-1. |* 0. || -1. |  0. |  0. || -1. |  1. |  0. |
|* 0. |* 0. |* 1. ||  0. |  1. | -1. ||  0. |  1. | -1. |


Determined best move using: 93152Iterations
current State

| -1. |  1. |  0. || -1. |  0. |  0. || -1. |  0. |  1. |
|  1. |  1. | -1. ||  0. | -1. | -1. || -1. |  0. |  0. |
| -1. |  1. |  0. ||  0. | -1. |  0. || -1. |  0. |  0. |
|=====+=====+=====||=====+=====+=====||=====+=====+=====|
|  1. |  1. |  0. ||  1. |  1. |  1. ||  0. |  0. |  1. |
|  0. |  0. | -1. ||  0. | -1. |  0. ||  0. |  1. |  0. |
|  0. |  0. |  1. || -1. |  0. |  0. ||  1. |  0. |  0. |
|=====+=====+=====||=====+=====+=====||=====+=====+=====|
|*-1. |* 1. |* 0. ||  0. |  0. | -1. ||  1. |  0. |  0. |
|* 0. |*-1. |* 0. || -1. |  0. |  0. || -1. |  1. |  0. |
|* 1. |* 0. |* 1. ||  0. |  1. | -1. ||  0. |  1. | -1. |


state to eval, currenty is playerone turn=false

|  1. | -1. | -0. ||  1. | -0. | -0. ||  1. | -0. | -1. |
| -1. | -1. |  1. || -0. |  1. |  1. ||  1. | -0. | -0. |
|  1. | -1. | -0. || -0. |  1. | -0. ||  1. | -0. | -0. |
|=====+=====+=====||=====+=====+=====||=====+=====+=====|
| -1. | -1. | -0. || -1. | -1. | -1. || -0. | -0. | -1. |
| -0. | -0. |  1. || -0. |  1. | -0. || -0. | -1. | -0. |
| -0. | -0. | -1. ||  1. | -0. | -0. || -1. | -0. | -0. |
|=====+=====+=====||=====+=====+=====||=====+=====+=====|
|* 1. |*-1. |*-0. || -0. | -0. |  1. || -1. | -0. | -0. |
|*-0. |* 1. |*-0. ||  1. | -0. | -0. ||  1. | -1. | -0. |
|*-1. |*-0. |*-1. || -0. | -1. |  1. || -0. | -1. |  1. |


Determined best move using: 95992Iterations
current State

| -1. |  1. |  0. || -1. |  0. |  0. || -1. |  0. |  1. |
|  1. |  1. | -1. ||  0. | -1. | -1. || -1. |  0. |  0. |
| -1. |  1. |  0. ||  0. | -1. |  0. || -1. |  0. |  0. |
|=====+=====+=====||=====+=====+=====||=====+=====+=====|
|* 1. |* 1. |* 0. ||  1. |  1. |  1. ||  0. |  0. |  1. |
|* 0. |* 0. |*-1. ||  0. | -1. |  0. ||  0. |  1. |  0. |
|* 0. |* 0. |* 1. || -1. |  0. |  0. ||  1. |  0. |  0. |
|=====+=====+=====||=====+=====+=====||=====+=====+=====|
| -1. |  1. |  0. ||  0. |  0. | -1. ||  1. |  0. |  0. |
| -1. | -1. |  0. || -1. |  0. |  0. || -1. |  1. |  0. |
|  1. |  0. |  1. ||  0. |  1. | -1. ||  0. |  1. | -1. |


state to eval, currenty is playerone turn=true

| -1. |  1. |  0. || -1. |  0. |  0. || -1. |  0. |  1. |
|  1. |  1. | -1. ||  0. | -1. | -1. || -1. |  0. |  0. |
| -1. |  1. |  0. ||  0. | -1. |  0. || -1. |  0. |  0. |
|=====+=====+=====||=====+=====+=====||=====+=====+=====|
|* 1. |* 1. |* 0. ||  1. |  1. |  1. ||  0. |  0. |  1. |
|* 0. |* 0. |*-1. ||  0. | -1. |  0. ||  0. |  1. |  0. |
|* 0. |* 0. |* 1. || -1. |  0. |  0. ||  1. |  0. |  0. |
|=====+=====+=====||=====+=====+=====||=====+=====+=====|
| -1. |  1. |  0. ||  0. |  0. | -1. ||  1. |  0. |  0. |
| -1. | -1. |  0. || -1. |  0. |  0. || -1. |  1. |  0. |
|  1. |  0. |  1. ||  0. |  1. | -1. ||  0. |  1. | -1. |


Determined best move using: 97611Iterations
current State

| -1. |  1. |  0. ||*-1. |* 0. |* 0. || -1. |  0. |  1. |
|  1. |  1. | -1. ||* 0. |*-1. |*-1. || -1. |  0. |  0. |
| -1. |  1. |  0. ||* 0. |*-1. |* 0. || -1. |  0. |  0. |
|=====+=====+=====||=====+=====+=====||=====+=====+=====|
|  1. |  1. |  1. ||  1. |  1. |  1. ||  0. |  0. |  1. |
|  0. |  0. | -1. ||  0. | -1. |  0. ||  0. |  1. |  0. |
|  0. |  0. |  1. || -1. |  0. |  0. ||  1. |  0. |  0. |
|=====+=====+=====||=====+=====+=====||=====+=====+=====|
|*-1. |* 1. |* 0. ||* 0. |* 0. |*-1. ||* 1. |* 0. |* 0. |
|*-1. |*-1. |* 0. ||*-1. |* 0. |* 0. ||*-1. |* 1. |* 0. |
|* 1. |* 0. |* 1. ||* 0. |* 1. |*-1. ||* 0. |* 1. |*-1. |


Game ended in: 43 moves
Actual data created in graphical format: 
[StateDatum{MCTSProbabilites=
|  .0124 |  .0075 |  .0093 ||  .0097 |  .0117 |  .017 ||  .0141 |  .0123 |  .0112 |
|  .0074 |  .0115 |  .0156 ||  .0141 |  .0179 |  .01 ||  .015 |  .009 |  .0096 |
|  .0136 |  .011 |  .011 ||  .0138 |  .0145 |  .0186 ||  .0147 |  .0153 |  .013 |
|========+========+========||========+========+========||========+========+========|
|  .0115 |  .0106 |  .0099 ||  .0098 |  .0075 |  .0133 ||  .0126 |  .0113 |  .0128 |
|  .0186 |  .0098 |  .0053 ||  .0175 |  .0068 |  .0109 ||  .0122 |  .0103 |  .0106 |
|  .0157 |  .0159 |  .0143 ||  .0082 |  .0075 |  .0161 ||  .0101 |  .0169 |  .0152 |
|========+========+========||========+========+========||========+========+========|
|  .0127 |  .0097 |  .0073 ||  .0136 |  .0148 |  .0177 ||  .0189 |  .0119 |  .0103 |
|  .0161 |  .0146 |  .0137 ||  .0118 |  .0095 |  .0136 ||  .0104 |  .0118 |  .0127 |
|  .0115 |  .0092 |  .0109 ||  .0074 |  .0134 |  .0139 ||  .0134 |  .014 |  .0129 |

, state=
|* 0. |* 0. |* 0. ||* 0. |* 0. |* 0. ||* 0. |* 0. |* 0. |
|* 0. |* 0. |* 0. ||* 0. |* 0. |* 0. ||* 0. |* 0. |* 0. |
|* 0. |* 0. |* 0. ||* 0. |* 0. |* 0. ||* 0. |* 0. |* 0. |
|=====+=====+=====||=====+=====+=====||=====+=====+=====|
|* 0. |* 0. |* 0. ||* 0. |* 0. |* 0. ||* 0. |* 0. |* 0. |
|* 0. |* 0. |* 0. ||* 0. |* 0. |* 0. ||* 0. |* 0. |* 0. |
|* 0. |* 0. |* 0. ||* 0. |* 0. |* 0. ||* 0. |* 0. |* 0. |
|=====+=====+=====||=====+=====+=====||=====+=====+=====|
|* 0. |* 0. |* 0. ||* 0. |* 0. |* 0. ||* 0. |* 0. |* 0. |
|* 0. |* 0. |* 0. ||* 0. |* 0. |* 0. ||* 0. |* 0. |* 0. |
|* 0. |* 0. |* 0. ||* 0. |* 0. |* 0. ||* 0. |* 0. |* 0. |

, evalForThisState=1.0, isPlayerOneTurnOriginally=true}, StateDatum{MCTSProbabilites=
|  .5042 |  .0354 |  .0361 ||  .0 |  .0 |  .0 ||  .0 |  .0 |  .0 |
|  .0382 |  .0402 |  .052 ||  .0 |  .0 |  .0 ||  .0 |  .0 |  .0 |
|  .2003 |  .0609 |  .0328 ||  .0 |  .0 |  .0 ||  .0 |  .0 |  .0 |
|========+========+========||========+========+========||========+========+========|
|  .0 |  .0 |  .0 ||  .0 |  .0 |  .0 ||  .0 |  .0 |  .0 |
|  .0 |  .0 |  .0 ||  .0 |  .0 |  .0 ||  .0 |  .0 |  .0 |
|  .0 |  .0 |  .0 ||  .0 |  .0 |  .0 ||  .0 |  .0 |  .0 |
|========+========+========||========+========+========||========+========+========|
|  .0 |  .0 |  .0 ||  .0 |  .0 |  .0 ||  .0 |  .0 |  .0 |
|  .0 |  .0 |  .0 ||  .0 |  .0 |  .0 ||  .0 |  .0 |  .0 |
|  .0 |  .0 |  .0 ||  .0 |  .0 |  .0 ||  .0 |  .0 |  .0 |

, state=
|*-0. |*-0. |*-0. || -0. | -0. | -0. || -0. | -0. | -0. |
|*-0. |*-0. |*-0. || -0. | -0. | -0. || -0. | -0. | -0. |
|*-0. |*-0. |*-0. || -0. | -0. | -0. || -0. | -0. | -0. |
|=====+=====+=====||=====+=====+=====||=====+=====+=====|
| -0. | -0. | -0. || -0. | -0. | -0. || -0. | -0. | -0. |
| -0. | -0. | -0. || -0. | -0. | -0. || -0. | -0. | -0. |
| -0. | -0. | -0. || -0. | -0. | -0. || -0. | -0. | -0. |
|=====+=====+=====||=====+=====+=====||=====+=====+=====|
| -0. | -0. | -0. || -0. | -0. | -0. || -1. | -0. | -0. |
| -0. | -0. | -0. || -0. | -0. | -0. || -0. | -0. | -0. |
| -0. | -0. | -0. || -0. | -0. | -0. || -0. | -0. | -0. |

, evalForThisState=-1.0, isPlayerOneTurnOriginally=false}, StateDatum{MCTSProbabilites=
|  .0 |  .1307 |  .1376 ||  .0 |  .0 |  .0 ||  .0 |  .0 |  .0 |
|  .1851 |  .1395 |  .0648 ||  .0 |  .0 |  .0 ||  .0 |  .0 |  .0 |
|  .1209 |  .1219 |  .0994 ||  .0 |  .0 |  .0 ||  .0 |  .0 |  .0 |
|========+========+========||========+========+========||========+========+========|
|  .0 |  .0 |  .0 ||  .0 |  .0 |  .0 ||  .0 |  .0 |  .0 |
|  .0 |  .0 |  .0 ||  .0 |  .0 |  .0 ||  .0 |  .0 |  .0 |
|  .0 |  .0 |  .0 ||  .0 |  .0 |  .0 ||  .0 |  .0 |  .0 |
|========+========+========||========+========+========||========+========+========|
|  .0 |  .0 |  .0 ||  .0 |  .0 |  .0 ||  .0 |  .0 |  .0 |
|  .0 |  .0 |  .0 ||  .0 |  .0 |  .0 ||  .0 |  .0 |  .0 |
|  .0 |  .0 |  .0 ||  .0 |  .0 |  .0 ||  .0 |  .0 |  .0 |

, state=
|*-1. |* 0. |* 0. ||  0. |  0. |  0. ||  0. |  0. |  0. |
|* 0. |* 0. |* 0. ||  0. |  0. |  0. ||  0. |  0. |  0. |
|* 0. |* 0. |* 0. ||  0. |  0. |  0. ||  0. |  0. |  0. |
|=====+=====+=====||=====+=====+=====||=====+=====+=====|
|  0. |  0. |  0. ||  0. |  0. |  0. ||  0. |  0. |  0. |
|  0. |  0. |  0. ||  0. |  0. |  0. ||  0. |  0. |  0. |
|  0. |  0. |  0. ||  0. |  0. |  0. ||  0. |  0. |  0. |
|=====+=====+=====||=====+=====+=====||=====+=====+=====|
|  0. |  0. |  0. ||  0. |  0. |  0. ||  1. |  0. |  0. |
|  0. |  0. |  0. ||  0. |  0. |  0. ||  0. |  0. |  0. |
|  0. |  0. |  0. ||  0. |  0. |  0. ||  0. |  0. |  0. |

, evalForThisState=1.0, isPlayerOneTurnOriginally=true}, StateDatum{MCTSProbabilites=
|  .0 |  .0 |  .0 ||  .0 |  .0 |  .0 ||  .0 |  .0 |  .0 |
|  .0 |  .0 |  .0 ||  .0 |  .0 |  .0 ||  .0 |  .0 |  .0 |
|  .0 |  .0 |  .0 ||  .0 |  .0 |  .0 ||  .0 |  .0 |  .0 |
|========+========+========||========+========+========||========+========+========|
|  .0346 |  .0551 |  .0377 ||  .0 |  .0 |  .0 ||  .0 |  .0 |  .0 |
|  .2516 |  .0376 |  .4711 ||  .0 |  .0 |  .0 ||  .0 |  .0 |  .0 |
|  .0321 |  .0418 |  .0383 ||  .0 |  .0 |  .0 ||  .0 |  .0 |  .0 |
|========+========+========||========+========+========||========+========+========|
|  .0 |  .0 |  .0 ||  .0 |  .0 |  .0 ||  .0 |  .0 |  .0 |
|  .0 |  .0 |  .0 ||  .0 |  .0 |  .0 ||  .0 |  .0 |  .0 |
|  .0 |  .0 |  .0 ||  .0 |  .0 |  .0 ||  .0 |  .0 |  .0 |

, state=
|  1. | -0. | -0. || -0. | -0. | -0. || -0. | -0. | -0. |
| -1. | -0. | -0. || -0. | -0. | -0. || -0. | -0. | -0. |
| -0. | -0. | -0. || -0. | -0. | -0. || -0. | -0. | -0. |
|=====+=====+=====||=====+=====+=====||=====+=====+=====|
|*-0. |*-0. |*-0. || -0. | -0. | -0. || -0. | -0. | -0. |
|*-0. |*-0. |*-0. || -0. | -0. | -0. || -0. | -0. | -0. |
|*-0. |*-0. |*-0. || -0. | -0. | -0. || -0. | -0. | -0. |
|=====+=====+=====||=====+=====+=====||=====+=====+=====|
| -0. | -0. | -0. || -0. | -0. | -0. || -1. | -0. | -0. |
| -0. | -0. | -0. || -0. | -0. | -0. || -0. | -0. | -0. |
| -0. | -0. | -0. || -0. | -0. | -0. || -0. | -0. | -0. |

, evalForThisState=-1.0, isPlayerOneTurnOriginally=false}, StateDatum{MCTSProbabilites=
|  .0 |  .0 |  .0 ||  .0 |  .0 |  .0 ||  .0 |  .0 |  .0 |
|  .0 |  .0 |  .0 ||  .0 |  .0 |  .0 ||  .0 |  .0 |  .0 |
|  .0 |  .0 |  .0 ||  .0 |  .0 |  .0 ||  .0 |  .0 |  .0 |
|========+========+========||========+========+========||========+========+========|
|  .0 |  .0 |  .0 ||  .0 |  .0 |  .0 ||  .131 |  .1292 |  .0957 |
|  .0 |  .0 |  .0 ||  .0 |  .0 |  .0 ||  .0628 |  .2064 |  .0919 |
|  .0 |  .0 |  .0 ||  .0 |  .0 |  .0 ||  .0862 |  .0925 |  .1044 |
|========+========+========||========+========+========||========+========+========|
|  .0 |  .0 |  .0 ||  .0 |  .0 |  .0 ||  .0 |  .0 |  .0 |
|  .0 |  .0 |  .0 ||  .0 |  .0 |  .0 ||  .0 |  .0 |  .0 |
|  .0 |  .0 |  .0 ||  .0 |  .0 |  .0 ||  .0 |  .0 |  .0 |

, state=
| -1. |  0. |  0. ||  0. |  0. |  0. ||  0. |  0. |  0. |
|  1. |  0. |  0. ||  0. |  0. |  0. ||  0. |  0. |  0. |
|  0. |  0. |  0. ||  0. |  0. |  0. ||  0. |  0. |  0. |
|=====+=====+=====||=====+=====+=====||=====+=====+=====|
|  0. |  0. |  0. ||  0. |  0. |  0. ||* 0. |* 0. |* 0. |
|  0. |  0. | -1. ||  0. |  0. |  0. ||* 0. |* 0. |* 0. |
|  0. |  0. |  0. ||  0. |  0. |  0. ||* 0. |* 0. |* 0. |
|=====+=====+=====||=====+=====+=====||=====+=====+=====|
|  0. |  0. |  0. ||  0. |  0. |  0. ||  1. |  0. |  0. |
|  0. |  0. |  0. ||  0. |  0. |  0. ||  0. |  0. |  0. |
|  0. |  0. |  0. ||  0. |  0. |  0. ||  0. |  0. |  0. |

, evalForThisState=1.0, isPlayerOneTurnOriginally=true}, StateDatum{MCTSProbabilites=
|  .0 |  .0 |  .0 ||  .0 |  .0 |  .0 ||  .0 |  .0 |  .0 |
|  .0 |  .0 |  .0 ||  .0 |  .0 |  .0 ||  .0 |  .0 |  .0 |
|  .0 |  .0 |  .0 ||  .0 |  .0 |  .0 ||  .0 |  .0 |  .0 |
|========+========+========||========+========+========||========+========+========|
|  .0 |  .0 |  .0 ||  .2659 |  .0422 |  .0402 ||  .0 |  .0 |  .0 |
|  .0 |  .0 |  .0 ||  .0395 |  .0579 |  .0399 ||  .0 |  .0 |  .0 |
|  .0 |  .0 |  .0 ||  .4234 |  .0388 |  .0521 ||  .0 |  .0 |  .0 |
|========+========+========||========+========+========||========+========+========|
|  .0 |  .0 |  .0 ||  .0 |  .0 |  .0 ||  .0 |  .0 |  .0 |
|  .0 |  .0 |  .0 ||  .0 |  .0 |  .0 ||  .0 |  .0 |  .0 |
|  .0 |  .0 |  .0 ||  .0 |  .0 |  .0 ||  .0 |  .0 |  .0 |

, state=
|  1. | -0. | -0. || -0. | -0. | -0. || -0. | -0. | -0. |
| -1. | -0. | -0. || -0. | -0. | -0. || -0. | -0. | -0. |
| -0. | -0. | -0. || -0. | -0. | -0. || -0. | -0. | -0. |
|=====+=====+=====||=====+=====+=====||=====+=====+=====|
| -0. | -0. | -0. ||*-0. |*-0. |*-0. || -0. | -0. | -0. |
| -0. | -0. |  1. ||*-0. |*-0. |*-0. || -0. | -1. | -0. |
| -0. | -0. | -0. ||*-0. |*-0. |*-0. || -0. | -0. | -0. |
|=====+=====+=====||=====+=====+=====||=====+=====+=====|
| -0. | -0. | -0. || -0. | -0. | -0. || -1. | -0. | -0. |
| -0. | -0. | -0. || -0. | -0. | -0. || -0. | -0. | -0. |
| -0. | -0. | -0. || -0. | -0. | -0. || -0. | -0. | -0. |

, evalForThisState=-1.0, isPlayerOneTurnOriginally=false}, StateDatum{MCTSProbabilites=
|  .0 |  .0 |  .0 ||  .0 |  .0 |  .0 ||  .0 |  .0 |  .0 |
|  .0 |  .0 |  .0 ||  .0 |  .0 |  .0 ||  .0 |  .0 |  .0 |
|  .0 |  .0 |  .0 ||  .0 |  .0 |  .0 ||  .0 |  .0 |  .0 |
|========+========+========||========+========+========||========+========+========|
|  .0 |  .0 |  .0 ||  .0 |  .0 |  .0 ||  .0 |  .0 |  .0 |
|  .0 |  .0 |  .0 ||  .0 |  .0 |  .0 ||  .0 |  .0 |  .0 |
|  .0 |  .0 |  .0 ||  .0 |  .0 |  .0 ||  .0 |  .0 |  .0 |
|========+========+========||========+========+========||========+========+========|
|  .0721 |  .0478 |  .0565 ||  .0 |  .0 |  .0 ||  .0 |  .0 |  .0 |
|  .1156 |  .1188 |  .1552 ||  .0 |  .0 |  .0 ||  .0 |  .0 |  .0 |
|  .1458 |  .1238 |  .1645 ||  .0 |  .0 |  .0 ||  .0 |  .0 |  .0 |

, state=
| -1. |  0. |  0. ||  0. |  0. |  0. ||  0. |  0. |  0. |
|  1. |  0. |  0. ||  0. |  0. |  0. ||  0. |  0. |  0. |
|  0. |  0. |  0. ||  0. |  0. |  0. ||  0. |  0. |  0. |
|=====+=====+=====||=====+=====+=====||=====+=====+=====|
|  0. |  0. |  0. ||  0. |  0. |  0. ||  0. |  0. |  0. |
|  0. |  0. | -1. ||  0. |  0. |  0. ||  0. |  1. |  0. |
|  0. |  0. |  0. || -1. |  0. |  0. ||  0. |  0. |  0. |
|=====+=====+=====||=====+=====+=====||=====+=====+=====|
|* 0. |* 0. |* 0. ||  0. |  0. |  0. ||  1. |  0. |  0. |
|* 0. |* 0. |* 0. ||  0. |  0. |  0. ||  0. |  0. |  0. |
|* 0. |* 0. |* 0. ||  0. |  0. |  0. ||  0. |  0. |  0. |

, evalForThisState=1.0, isPlayerOneTurnOriginally=true}, StateDatum{MCTSProbabilites=
|  .0 |  .0 |  .0 ||  .0 |  .0 |  .0 ||  .0 |  .0 |  .0 |
|  .0 |  .0 |  .0 ||  .0 |  .0 |  .0 ||  .0 |  .0 |  .0 |
|  .0 |  .0 |  .0 ||  .0 |  .0 |  .0 ||  .0 |  .0 |  .0 |
|========+========+========||========+========+========||========+========+========|
|  .0 |  .0 |  .0 ||  .0 |  .0 |  .0 ||  .0 |  .0 |  .0 |
|  .0 |  .0 |  .0 ||  .0 |  .0 |  .0 ||  .0 |  .0 |  .0 |
|  .0 |  .0 |  .0 ||  .0 |  .0 |  .0 ||  .0 |  .0 |  .0 |
|========+========+========||========+========+========||========+========+========|
|  .0 |  .0 |  .0 ||  .0 |  .0 |  .0 ||  .0 |  .0441 |  .0406 |
|  .0 |  .0 |  .0 ||  .0 |  .0 |  .0 ||  .348 |  .0376 |  .1146 |
|  .0 |  .0 |  .0 ||  .0 |  .0 |  .0 ||  .3307 |  .0398 |  .0445 |

, state=
|  1. | -0. | -0. || -0. | -0. | -0. || -0. | -0. | -0. |
| -1. | -0. | -0. || -0. | -0. | -0. || -0. | -0. | -0. |
| -0. | -0. | -0. || -0. | -0. | -0. || -0. | -0. | -0. |
|=====+=====+=====||=====+=====+=====||=====+=====+=====|
| -0. | -0. | -0. || -0. | -0. | -0. || -0. | -0. | -0. |
| -0. | -0. |  1. || -0. | -0. | -0. || -0. | -1. | -0. |
| -0. | -0. | -0. ||  1. | -0. | -0. || -0. | -0. | -0. |
|=====+=====+=====||=====+=====+=====||=====+=====+=====|
| -0. | -0. | -0. || -0. | -0. | -0. ||*-1. |*-0. |*-0. |
| -0. | -0. | -0. || -0. | -0. | -0. ||*-0. |*-0. |*-0. |
| -0. | -0. | -1. || -0. | -0. | -0. ||*-0. |*-0. |*-0. |

, evalForThisState=-1.0, isPlayerOneTurnOriginally=false}, StateDatum{MCTSProbabilites=
|  .0 |  .0 |  .0 ||  .0 |  .0 |  .0 ||  .0 |  .0 |  .0 |
|  .0 |  .0 |  .0 ||  .0 |  .0 |  .0 ||  .0 |  .0 |  .0 |
|  .0 |  .0 |  .0 ||  .0 |  .0 |  .0 ||  .0 |  .0 |  .0 |
|========+========+========||========+========+========||========+========+========|
|  .0716 |  .0916 |  .1252 ||  .0 |  .0 |  .0 ||  .0 |  .0 |  .0 |
|  .0525 |  .1988 |  .0 ||  .0 |  .0 |  .0 ||  .0 |  .0 |  .0 |
|  .0614 |  .1268 |  .2722 ||  .0 |  .0 |  .0 ||  .0 |  .0 |  .0 |
|========+========+========||========+========+========||========+========+========|
|  .0 |  .0 |  .0 ||  .0 |  .0 |  .0 ||  .0 |  .0 |  .0 |
|  .0 |  .0 |  .0 ||  .0 |  .0 |  .0 ||  .0 |  .0 |  .0 |
|  .0 |  .0 |  .0 ||  .0 |  .0 |  .0 ||  .0 |  .0 |  .0 |

, state=
| -1. |  0. |  0. ||  0. |  0. |  0. ||  0. |  0. |  0. |
|  1. |  0. |  0. ||  0. |  0. |  0. ||  0. |  0. |  0. |
|  0. |  0. |  0. ||  0. |  0. |  0. ||  0. |  0. |  0. |
|=====+=====+=====||=====+=====+=====||=====+=====+=====|
|* 0. |* 0. |* 0. ||  0. |  0. |  0. ||  0. |  0. |  0. |
|* 0. |* 0. |*-1. ||  0. |  0. |  0. ||  0. |  1. |  0. |
|* 0. |* 0. |* 0. || -1. |  0. |  0. ||  0. |  0. |  0. |
|=====+=====+=====||=====+=====+=====||=====+=====+=====|
|  0. |  0. |  0. ||  0. |  0. |  0. ||  1. |  0. |  0. |
|  0. |  0. |  0. ||  0. |  0. |  0. || -1. |  0. |  0. |
|  0. |  0. |  1. ||  0. |  0. |  0. ||  0. |  0. |  0. |

, evalForThisState=1.0, isPlayerOneTurnOriginally=true}, StateDatum{MCTSProbabilites=
|  .0 |  .0 |  .0 ||  .0 |  .0 |  .0 ||  .0 |  .0 |  .0 |
|  .0 |  .0 |  .0 ||  .0 |  .0 |  .0 ||  .0 |  .0 |  .0 |
|  .0 |  .0 |  .0 ||  .0 |  .0 |  .0 ||  .0 |  .0 |  .0 |
|========+========+========||========+========+========||========+========+========|
|  .0 |  .0 |  .0 ||  .0 |  .0 |  .0 ||  .0 |  .0 |  .0 |
|  .0 |  .0 |  .0 ||  .0 |  .0 |  .0 ||  .0 |  .0 |  .0 |
|  .0 |  .0 |  .0 ||  .0 |  .0 |  .0 ||  .0 |  .0 |  .0 |
|========+========+========||========+========+========||========+========+========|
|  .0 |  .0 |  .0 ||  .0 |  .0 |  .0 ||  .0 |  .0302 |  .2328 |
|  .0 |  .0 |  .0 ||  .0 |  .0 |  .0 ||  .0 |  .1012 |  .2856 |
|  .0 |  .0 |  .0 ||  .0 |  .0 |  .0 ||  .0303 |  .0316 |  .2883 |

, state=
|  1. | -0. | -0. || -0. | -0. | -0. || -0. | -0. | -0. |
| -1. | -0. | -0. || -0. | -0. | -0. || -0. | -0. | -0. |
| -0. | -0. | -0. || -0. | -0. | -0. || -0. | -0. | -0. |
|=====+=====+=====||=====+=====+=====||=====+=====+=====|
| -0. | -0. | -0. || -0. | -0. | -0. || -0. | -0. | -0. |
| -0. | -0. |  1. || -0. | -0. | -0. || -0. | -1. | -0. |
| -0. | -0. | -1. ||  1. | -0. | -0. || -0. | -0. | -0. |
|=====+=====+=====||=====+=====+=====||=====+=====+=====|
| -0. | -0. | -0. || -0. | -0. | -0. ||*-1. |*-0. |*-0. |
| -0. | -0. | -0. || -0. | -0. | -0. ||* 1. |*-0. |*-0. |
| -0. | -0. | -1. || -0. | -0. | -0. ||*-0. |*-0. |*-0. |

, evalForThisState=-1.0, isPlayerOneTurnOriginally=false}, StateDatum{MCTSProbabilites=
|  .0 |  .0 |  .0 ||  .0 |  .0 |  .0 ||  .0 |  .0 |  .0 |
|  .0 |  .0 |  .0 ||  .0 |  .0 |  .0 ||  .0 |  .0 |  .0 |
|  .0 |  .0 |  .0 ||  .0 |  .0 |  .0 ||  .0 |  .0 |  .0 |
|========+========+========||========+========+========||========+========+========|
|  .0 |  .0 |  .0 ||  .0 |  .0 |  .0 ||  .0 |  .0 |  .0 |
|  .0 |  .0 |  .0 ||  .0 |  .0 |  .0 ||  .0 |  .0 |  .0 |
|  .0 |  .0 |  .0 ||  .0 |  .0 |  .0 ||  .0 |  .0 |  .0 |
|========+========+========||========+========+========||========+========+========|
|  .0 |  .0 |  .0 ||  .0 |  .0 |  .0 ||  .0 |  .1892 |  .0987 |
|  .0 |  .0 |  .0 ||  .0 |  .0 |  .0 ||  .0 |  .2954 |  .0546 |
|  .0 |  .0 |  .0 ||  .0 |  .0 |  .0 ||  .0474 |  .3146 |  .0 |

, state=
| -1. |  0. |  0. ||  0. |  0. |  0. ||  0. |  0. |  0. |
|  1. |  0. |  0. ||  0. |  0. |  0. ||  0. |  0. |  0. |
|  0. |  0. |  0. ||  0. |  0. |  0. ||  0. |  0. |  0. |
|=====+=====+=====||=====+=====+=====||=====+=====+=====|
|  0. |  0. |  0. ||  0. |  0. |  0. ||  0. |  0. |  0. |
|  0. |  0. | -1. ||  0. |  0. |  0. ||  0. |  1. |  0. |
|  0. |  0. |  1. || -1. |  0. |  0. ||  0. |  0. |  0. |
|=====+=====+=====||=====+=====+=====||=====+=====+=====|
|  0. |  0. |  0. ||  0. |  0. |  0. ||* 1. |* 0. |* 0. |
|  0. |  0. |  0. ||  0. |  0. |  0. ||*-1. |* 0. |* 0. |
|  0. |  0. |  1. ||  0. |  0. |  0. ||* 0. |* 0. |*-1. |

, evalForThisState=1.0, isPlayerOneTurnOriginally=true}, StateDatum{MCTSProbabilites=
|  .0 |  .0 |  .0 ||  .0 |  .0 |  .0 ||  .0 |  .0 |  .0 |
|  .0 |  .0 |  .0 ||  .0 |  .0 |  .0 ||  .0 |  .0 |  .0 |
|  .0 |  .0 |  .0 ||  .0 |  .0 |  .0 ||  .0 |  .0 |  .0 |
|========+========+========||========+========+========||========+========+========|
|  .0 |  .0 |  .0 ||  .0 |  .0 |  .0 ||  .0 |  .0 |  .0 |
|  .0 |  .0 |  .0 ||  .0 |  .0 |  .0 ||  .0 |  .0 |  .0 |
|  .0 |  .0 |  .0 ||  .0 |  .0 |  .0 ||  .0 |  .0 |  .0 |
|========+========+========||========+========+========||========+========+========|
|  .0 |  .0 |  .0 ||  .0298 |  .2625 |  .0393 ||  .0 |  .0 |  .0 |
|  .0 |  .0 |  .0 ||  .053 |  .2367 |  .0308 ||  .0 |  .0 |  .0 |
|  .0 |  .0 |  .0 ||  .0267 |  .0405 |  .2808 ||  .0 |  .0 |  .0 |

, state=
|  1. | -0. | -0. || -0. | -0. | -0. || -0. | -0. | -0. |
| -1. | -0. | -0. || -0. | -0. | -0. || -0. | -0. | -0. |
| -0. | -0. | -0. || -0. | -0. | -0. || -0. | -0. | -0. |
|=====+=====+=====||=====+=====+=====||=====+=====+=====|
| -0. | -0. | -0. || -0. | -0. | -0. || -0. | -0. | -0. |
| -0. | -0. |  1. || -0. | -0. | -0. || -0. | -1. | -0. |
| -0. | -0. | -1. ||  1. | -0. | -0. || -0. | -0. | -0. |
|=====+=====+=====||=====+=====+=====||=====+=====+=====|
| -0. | -0. | -0. ||*-0. |*-0. |*-0. || -1. | -0. | -0. |
| -0. | -0. | -0. ||*-0. |*-0. |*-0. ||  1. | -0. | -0. |
| -0. | -0. | -1. ||*-0. |*-0. |*-0. || -0. | -1. |  1. |

, evalForThisState=-1.0, isPlayerOneTurnOriginally=false}, StateDatum{MCTSProbabilites=
|  .0 |  .0 |  .0 ||  .0 |  .0 |  .0 ||  .0 |  .0 |  .0 |
|  .0 |  .0 |  .0 ||  .0 |  .0 |  .0 ||  .0 |  .0 |  .0 |
|  .0 |  .0 |  .0 ||  .0 |  .0 |  .0 ||  .0 |  .0 |  .0 |
|========+========+========||========+========+========||========+========+========|
|  .0 |  .0 |  .0 ||  .0 |  .0 |  .0 ||  .0 |  .0 |  .0 |
|  .0 |  .0 |  .0 ||  .0 |  .0 |  .0 ||  .0 |  .0 |  .0 |
|  .0 |  .0 |  .0 ||  .0 |  .0 |  .0 ||  .0 |  .0 |  .0 |
|========+========+========||========+========+========||========+========+========|
|  .0 |  .0 |  .0 ||  .0 |  .0 |  .0 ||  .0 |  .1967 |  .197 |
|  .0 |  .0 |  .0 ||  .0 |  .0 |  .0 ||  .0 |  .2954 |  .2871 |
|  .0 |  .0 |  .0 ||  .0 |  .0 |  .0 ||  .0238 |  .0 |  .0 |

, state=
| -1. |  0. |  0. ||  0. |  0. |  0. ||  0. |  0. |  0. |
|  1. |  0. |  0. ||  0. |  0. |  0. ||  0. |  0. |  0. |
|  0. |  0. |  0. ||  0. |  0. |  0. ||  0. |  0. |  0. |
|=====+=====+=====||=====+=====+=====||=====+=====+=====|
|  0. |  0. |  0. ||  0. |  0. |  0. ||  0. |  0. |  0. |
|  0. |  0. | -1. ||  0. |  0. |  0. ||  0. |  1. |  0. |
|  0. |  0. |  1. || -1. |  0. |  0. ||  0. |  0. |  0. |
|=====+=====+=====||=====+=====+=====||=====+=====+=====|
|  0. |  0. |  0. ||  0. |  0. |  0. ||* 1. |* 0. |* 0. |
|  0. |  0. |  0. ||  0. |  0. |  0. ||*-1. |* 0. |* 0. |
|  0. |  0. |  1. ||  0. |  0. | -1. ||* 0. |* 1. |*-1. |

, evalForThisState=1.0, isPlayerOneTurnOriginally=true}, StateDatum{MCTSProbabilites=
|  .0 |  .0 |  .0 ||  .0 |  .0 |  .0 ||  .0 |  .0 |  .0 |
|  .0 |  .0 |  .0 ||  .0 |  .0 |  .0 ||  .0 |  .0 |  .0 |
|  .0 |  .0 |  .0 ||  .0 |  .0 |  .0 ||  .0 |  .0 |  .0 |
|========+========+========||========+========+========||========+========+========|
|  .0 |  .0 |  .0 ||  .1859 |  .0394 |  .0486 ||  .0 |  .0 |  .0 |
|  .0 |  .0 |  .0 ||  .2197 |  .2241 |  .0245 ||  .0 |  .0 |  .0 |
|  .0 |  .0 |  .0 ||  .0 |  .0399 |  .218 ||  .0 |  .0 |  .0 |
|========+========+========||========+========+========||========+========+========|
|  .0 |  .0 |  .0 ||  .0 |  .0 |  .0 ||  .0 |  .0 |  .0 |
|  .0 |  .0 |  .0 ||  .0 |  .0 |  .0 ||  .0 |  .0 |  .0 |
|  .0 |  .0 |  .0 ||  .0 |  .0 |  .0 ||  .0 |  .0 |  .0 |

, state=
|  1. | -0. | -0. || -0. | -0. | -0. || -0. | -0. | -0. |
| -1. | -0. | -0. || -0. | -0. | -0. || -0. | -0. | -0. |
| -0. | -0. | -0. || -0. | -0. | -0. || -0. | -0. | -0. |
|=====+=====+=====||=====+=====+=====||=====+=====+=====|
| -0. | -0. | -0. ||*-0. |*-0. |*-0. || -0. | -0. | -0. |
| -0. | -0. |  1. ||*-0. |*-0. |*-0. || -0. | -1. | -0. |
| -0. | -0. | -1. ||* 1. |*-0. |*-0. || -0. | -0. | -0. |
|=====+=====+=====||=====+=====+=====||=====+=====+=====|
| -0. | -0. | -0. || -0. | -0. | -0. || -1. | -0. | -0. |
| -0. | -0. | -0. || -0. | -0. | -0. ||  1. | -1. | -0. |
| -0. | -0. | -1. || -0. | -0. |  1. || -0. | -1. |  1. |

, evalForThisState=-1.0, isPlayerOneTurnOriginally=false}, StateDatum{MCTSProbabilites=
|  .0 |  .0 |  .0 ||  .0 |  .0 |  .0 ||  .0 |  .0 |  .0 |
|  .0 |  .0 |  .0 ||  .0 |  .0 |  .0 ||  .0 |  .0 |  .0 |
|  .0 |  .0 |  .0 ||  .0 |  .0 |  .0 ||  .0 |  .0 |  .0 |
|========+========+========||========+========+========||========+========+========|
|  .0 |  .0 |  .0 ||  .244 |  .322 |  .1309 ||  .0 |  .0 |  .0 |
|  .0 |  .0 |  .0 ||  .0204 |  .0 |  .0412 ||  .0 |  .0 |  .0 |
|  .0 |  .0 |  .0 ||  .0 |  .0268 |  .2148 ||  .0 |  .0 |  .0 |
|========+========+========||========+========+========||========+========+========|
|  .0 |  .0 |  .0 ||  .0 |  .0 |  .0 ||  .0 |  .0 |  .0 |
|  .0 |  .0 |  .0 ||  .0 |  .0 |  .0 ||  .0 |  .0 |  .0 |
|  .0 |  .0 |  .0 ||  .0 |  .0 |  .0 ||  .0 |  .0 |  .0 |

, state=
| -1. |  0. |  0. ||  0. |  0. |  0. ||  0. |  0. |  0. |
|  1. |  0. |  0. ||  0. |  0. |  0. ||  0. |  0. |  0. |
|  0. |  0. |  0. ||  0. |  0. |  0. ||  0. |  0. |  0. |
|=====+=====+=====||=====+=====+=====||=====+=====+=====|
|  0. |  0. |  0. ||* 0. |* 0. |* 0. ||  0. |  0. |  0. |
|  0. |  0. | -1. ||* 0. |*-1. |* 0. ||  0. |  1. |  0. |
|  0. |  0. |  1. ||*-1. |* 0. |* 0. ||  0. |  0. |  0. |
|=====+=====+=====||=====+=====+=====||=====+=====+=====|
|  0. |  0. |  0. ||  0. |  0. |  0. ||  1. |  0. |  0. |
|  0. |  0. |  0. ||  0. |  0. |  0. || -1. |  1. |  0. |
|  0. |  0. |  1. ||  0. |  0. | -1. ||  0. |  1. | -1. |

, evalForThisState=1.0, isPlayerOneTurnOriginally=true}, StateDatum{MCTSProbabilites=
|  .0 |  .0 |  .0 ||  .0641 |  .1488 |  .1067 ||  .0 |  .0 |  .0 |
|  .0 |  .0 |  .0 ||  .1154 |  .0858 |  .0835 ||  .0 |  .0 |  .0 |
|  .0 |  .0 |  .0 ||  .0869 |  .1625 |  .1462 ||  .0 |  .0 |  .0 |
|========+========+========||========+========+========||========+========+========|
|  .0 |  .0 |  .0 ||  .0 |  .0 |  .0 ||  .0 |  .0 |  .0 |
|  .0 |  .0 |  .0 ||  .0 |  .0 |  .0 ||  .0 |  .0 |  .0 |
|  .0 |  .0 |  .0 ||  .0 |  .0 |  .0 ||  .0 |  .0 |  .0 |
|========+========+========||========+========+========||========+========+========|
|  .0 |  .0 |  .0 ||  .0 |  .0 |  .0 ||  .0 |  .0 |  .0 |
|  .0 |  .0 |  .0 ||  .0 |  .0 |  .0 ||  .0 |  .0 |  .0 |
|  .0 |  .0 |  .0 ||  .0 |  .0 |  .0 ||  .0 |  .0 |  .0 |

, state=
|  1. | -0. | -0. ||*-0. |*-0. |*-0. || -0. | -0. | -0. |
| -1. | -0. | -0. ||*-0. |*-0. |*-0. || -0. | -0. | -0. |
| -0. | -0. | -0. ||*-0. |*-0. |*-0. || -0. | -0. | -0. |
|=====+=====+=====||=====+=====+=====||=====+=====+=====|
| -0. | -0. | -0. || -0. | -1. | -0. || -0. | -0. | -0. |
| -0. | -0. |  1. || -0. |  1. | -0. || -0. | -1. | -0. |
| -0. | -0. | -1. ||  1. | -0. | -0. || -0. | -0. | -0. |
|=====+=====+=====||=====+=====+=====||=====+=====+=====|
| -0. | -0. | -0. || -0. | -0. | -0. || -1. | -0. | -0. |
| -0. | -0. | -0. || -0. | -0. | -0. ||  1. | -1. | -0. |
| -0. | -0. | -1. || -0. | -0. |  1. || -0. | -1. |  1. |

, evalForThisState=-1.0, isPlayerOneTurnOriginally=false}, StateDatum{MCTSProbabilites=
|  .0 |  .0 |  .0 ||  .0 |  .0 |  .0 ||  .0 |  .0 |  .0 |
|  .0 |  .0 |  .0 ||  .0 |  .0 |  .0 ||  .0 |  .0 |  .0 |
|  .0 |  .0 |  .0 ||  .0 |  .0 |  .0 ||  .0 |  .0 |  .0 |
|========+========+========||========+========+========||========+========+========|
|  .0 |  .0 |  .0 ||  .0 |  .0 |  .0 ||  .0 |  .0 |  .0 |
|  .0 |  .0 |  .0 ||  .0 |  .0 |  .0 ||  .0 |  .0 |  .0 |
|  .0 |  .0 |  .0 ||  .0 |  .0 |  .0 ||  .0 |  .0 |  .0 |
|========+========+========||========+========+========||========+========+========|
|  .0 |  .0 |  .0 ||  .1023 |  .1108 |  .0262 ||  .0 |  .0 |  .0 |
|  .0 |  .0 |  .0 ||  .1583 |  .1189 |  .1705 ||  .0 |  .0 |  .0 |
|  .0 |  .0 |  .0 ||  .1354 |  .1776 |  .0 ||  .0 |  .0 |  .0 |

, state=
| -1. |  0. |  0. ||  0. |  0. |  0. ||  0. |  0. |  0. |
|  1. |  0. |  0. ||  0. |  0. |  0. ||  0. |  0. |  0. |
|  0. |  0. |  0. ||  0. | -1. |  0. ||  0. |  0. |  0. |
|=====+=====+=====||=====+=====+=====||=====+=====+=====|
|  0. |  0. |  0. ||  0. |  1. |  0. ||  0. |  0. |  0. |
|  0. |  0. | -1. ||  0. | -1. |  0. ||  0. |  1. |  0. |
|  0. |  0. |  1. || -1. |  0. |  0. ||  0. |  0. |  0. |
|=====+=====+=====||=====+=====+=====||=====+=====+=====|
|  0. |  0. |  0. ||* 0. |* 0. |* 0. ||  1. |  0. |  0. |
|  0. |  0. |  0. ||* 0. |* 0. |* 0. || -1. |  1. |  0. |
|  0. |  0. |  1. ||* 0. |* 0. |*-1. ||  0. |  1. | -1. |

, evalForThisState=1.0, isPlayerOneTurnOriginally=true}, StateDatum{MCTSProbabilites=
|  .0 |  .0 |  .0 ||  .0 |  .0 |  .0 ||  .0 |  .0 |  .0 |
|  .0 |  .0 |  .0 ||  .0 |  .0 |  .0 ||  .0 |  .0 |  .0 |
|  .0 |  .0 |  .0 ||  .0 |  .0 |  .0 ||  .0 |  .0 |  .0 |
|========+========+========||========+========+========||========+========+========|
|  .0 |  .0 |  .0 ||  .0 |  .0 |  .0 ||  .0 |  .0 |  .0 |
|  .0 |  .0 |  .0 ||  .0 |  .0 |  .0 ||  .0 |  .0 |  .0 |
|  .0 |  .0 |  .0 ||  .0 |  .0 |  .0 ||  .0 |  .0 |  .0 |
|========+========+========||========+========+========||========+========+========|
|  .0 |  .0 |  .0 ||  .1652 |  .1785 |  .1278 ||  .0 |  .0 |  .0 |
|  .0 |  .0 |  .0 ||  .1865 |  .0776 |  .0971 ||  .0 |  .0 |  .0 |
|  .0 |  .0 |  .0 ||  .1673 |  .0 |  .0 ||  .0 |  .0 |  .0 |

, state=
|  1. | -0. | -0. || -0. | -0. | -0. || -0. | -0. | -0. |
| -1. | -0. | -0. || -0. | -0. | -0. || -0. | -0. | -0. |
| -0. | -0. | -0. || -0. |  1. | -0. || -0. | -0. | -0. |
|=====+=====+=====||=====+=====+=====||=====+=====+=====|
| -0. | -0. | -0. || -0. | -1. | -0. || -0. | -0. | -0. |
| -0. | -0. |  1. || -0. |  1. | -0. || -0. | -1. | -0. |
| -0. | -0. | -1. ||  1. | -0. | -0. || -0. | -0. | -0. |
|=====+=====+=====||=====+=====+=====||=====+=====+=====|
| -0. | -0. | -0. ||*-0. |*-0. |*-0. || -1. | -0. | -0. |
| -0. | -0. | -0. ||*-0. |*-0. |*-0. ||  1. | -1. | -0. |
| -0. | -0. | -1. ||*-0. |*-1. |* 1. || -0. | -1. |  1. |

, evalForThisState=-1.0, isPlayerOneTurnOriginally=false}, StateDatum{MCTSProbabilites=
|  .0 |  .0 |  .0 ||  .0 |  .0 |  .0 ||  .0 |  .0 |  .0 |
|  .0 |  .0 |  .0 ||  .0 |  .0 |  .0 ||  .0 |  .0 |  .0 |
|  .0 |  .0 |  .0 ||  .0 |  .0 |  .0 ||  .0 |  .0 |  .0 |
|========+========+========||========+========+========||========+========+========|
|  .1239 |  .2045 |  .0238 ||  .0 |  .0 |  .0 ||  .0 |  .0 |  .0 |
|  .1809 |  .1393 |  .0 ||  .0 |  .0 |  .0 ||  .0 |  .0 |  .0 |
|  .1703 |  .1573 |  .0 ||  .0 |  .0 |  .0 ||  .0 |  .0 |  .0 |
|========+========+========||========+========+========||========+========+========|
|  .0 |  .0 |  .0 ||  .0 |  .0 |  .0 ||  .0 |  .0 |  .0 |
|  .0 |  .0 |  .0 ||  .0 |  .0 |  .0 ||  .0 |  .0 |  .0 |
|  .0 |  .0 |  .0 ||  .0 |  .0 |  .0 ||  .0 |  .0 |  .0 |

, state=
| -1. |  0. |  0. ||  0. |  0. |  0. ||  0. |  0. |  0. |
|  1. |  0. |  0. ||  0. |  0. |  0. ||  0. |  0. |  0. |
|  0. |  0. |  0. ||  0. | -1. |  0. ||  0. |  0. |  0. |
|=====+=====+=====||=====+=====+=====||=====+=====+=====|
|* 0. |* 0. |* 0. ||  0. |  1. |  0. ||  0. |  0. |  0. |
|* 0. |* 0. |*-1. ||  0. | -1. |  0. ||  0. |  1. |  0. |
|* 0. |* 0. |* 1. || -1. |  0. |  0. ||  0. |  0. |  0. |
|=====+=====+=====||=====+=====+=====||=====+=====+=====|
|  0. |  0. |  0. ||  0. |  0. |  0. ||  1. |  0. |  0. |
|  0. |  0. |  0. || -1. |  0. |  0. || -1. |  1. |  0. |
|  0. |  0. |  1. ||  0. |  1. | -1. ||  0. |  1. | -1. |

, evalForThisState=1.0, isPlayerOneTurnOriginally=true}, StateDatum{MCTSProbabilites=
|  .0 |  .0 |  .0 ||  .0819 |  .0903 |  .1836 ||  .0 |  .0 |  .0 |
|  .0 |  .0 |  .0 ||  .1276 |  .3299 |  .063 ||  .0 |  .0 |  .0 |
|  .0 |  .0 |  .0 ||  .0621 |  .0 |  .0618 ||  .0 |  .0 |  .0 |
|========+========+========||========+========+========||========+========+========|
|  .0 |  .0 |  .0 ||  .0 |  .0 |  .0 ||  .0 |  .0 |  .0 |
|  .0 |  .0 |  .0 ||  .0 |  .0 |  .0 ||  .0 |  .0 |  .0 |
|  .0 |  .0 |  .0 ||  .0 |  .0 |  .0 ||  .0 |  .0 |  .0 |
|========+========+========||========+========+========||========+========+========|
|  .0 |  .0 |  .0 ||  .0 |  .0 |  .0 ||  .0 |  .0 |  .0 |
|  .0 |  .0 |  .0 ||  .0 |  .0 |  .0 ||  .0 |  .0 |  .0 |
|  .0 |  .0 |  .0 ||  .0 |  .0 |  .0 ||  .0 |  .0 |  .0 |

, state=
|  1. | -0. | -0. ||*-0. |*-0. |*-0. || -0. | -0. | -0. |
| -1. | -0. | -0. ||*-0. |*-0. |*-0. || -0. | -0. | -0. |
| -0. | -0. | -0. ||*-0. |* 1. |*-0. || -0. | -0. | -0. |
|=====+=====+=====||=====+=====+=====||=====+=====+=====|
| -0. | -1. | -0. || -0. | -1. | -0. || -0. | -0. | -0. |
| -0. | -0. |  1. || -0. |  1. | -0. || -0. | -1. | -0. |
| -0. | -0. | -1. ||  1. | -0. | -0. || -0. | -0. | -0. |
|=====+=====+=====||=====+=====+=====||=====+=====+=====|
| -0. | -0. | -0. || -0. | -0. | -0. || -1. | -0. | -0. |
| -0. | -0. | -0. ||  1. | -0. | -0. ||  1. | -1. | -0. |
| -0. | -0. | -1. || -0. | -1. |  1. || -0. | -1. |  1. |

, evalForThisState=-1.0, isPlayerOneTurnOriginally=false}, StateDatum{MCTSProbabilites=
|  .0 |  .0 |  .0 ||  .0 |  .0 |  .0 ||  .0 |  .0 |  .0 |
|  .0 |  .0 |  .0 ||  .0 |  .0 |  .0 ||  .0 |  .0 |  .0 |
|  .0 |  .0 |  .0 ||  .0 |  .0 |  .0 ||  .0 |  .0 |  .0 |
|========+========+========||========+========+========||========+========+========|
|  .0 |  .0 |  .0 ||  .307 |  .0 |  .1058 ||  .0 |  .0 |  .0 |
|  .0 |  .0 |  .0 ||  .1806 |  .0 |  .2366 ||  .0 |  .0 |  .0 |
|  .0 |  .0 |  .0 ||  .0 |  .0159 |  .154 ||  .0 |  .0 |  .0 |
|========+========+========||========+========+========||========+========+========|
|  .0 |  .0 |  .0 ||  .0 |  .0 |  .0 ||  .0 |  .0 |  .0 |
|  .0 |  .0 |  .0 ||  .0 |  .0 |  .0 ||  .0 |  .0 |  .0 |
|  .0 |  .0 |  .0 ||  .0 |  .0 |  .0 ||  .0 |  .0 |  .0 |

, state=
| -1. |  0. |  0. ||  0. |  0. |  0. ||  0. |  0. |  0. |
|  1. |  0. |  0. ||  0. | -1. |  0. ||  0. |  0. |  0. |
|  0. |  0. |  0. ||  0. | -1. |  0. ||  0. |  0. |  0. |
|=====+=====+=====||=====+=====+=====||=====+=====+=====|
|  0. |  1. |  0. ||* 0. |* 1. |* 0. ||  0. |  0. |  0. |
|  0. |  0. | -1. ||* 0. |*-1. |* 0. ||  0. |  1. |  0. |
|  0. |  0. |  1. ||*-1. |* 0. |* 0. ||  0. |  0. |  0. |
|=====+=====+=====||=====+=====+=====||=====+=====+=====|
|  0. |  0. |  0. ||  0. |  0. |  0. ||  1. |  0. |  0. |
|  0. |  0. |  0. || -1. |  0. |  0. || -1. |  1. |  0. |
|  0. |  0. |  1. ||  0. |  1. | -1. ||  0. |  1. | -1. |

, evalForThisState=1.0, isPlayerOneTurnOriginally=true}, StateDatum{MCTSProbabilites=
|  .0 |  .1531 |  .0643 ||  .0 |  .0 |  .0 ||  .0 |  .0 |  .0 |
|  .0 |  .1328 |  .1839 ||  .0 |  .0 |  .0 ||  .0 |  .0 |  .0 |
|  .1861 |  .1463 |  .1335 ||  .0 |  .0 |  .0 ||  .0 |  .0 |  .0 |
|========+========+========||========+========+========||========+========+========|
|  .0 |  .0 |  .0 ||  .0 |  .0 |  .0 ||  .0 |  .0 |  .0 |
|  .0 |  .0 |  .0 ||  .0 |  .0 |  .0 ||  .0 |  .0 |  .0 |
|  .0 |  .0 |  .0 ||  .0 |  .0 |  .0 ||  .0 |  .0 |  .0 |
|========+========+========||========+========+========||========+========+========|
|  .0 |  .0 |  .0 ||  .0 |  .0 |  .0 ||  .0 |  .0 |  .0 |
|  .0 |  .0 |  .0 ||  .0 |  .0 |  .0 ||  .0 |  .0 |  .0 |
|  .0 |  .0 |  .0 ||  .0 |  .0 |  .0 ||  .0 |  .0 |  .0 |

, state=
|* 1. |*-0. |*-0. || -0. | -0. | -0. || -0. | -0. | -0. |
|*-1. |*-0. |*-0. || -0. |  1. | -0. || -0. | -0. | -0. |
|*-0. |*-0. |*-0. || -0. |  1. | -0. || -0. | -0. | -0. |
|=====+=====+=====||=====+=====+=====||=====+=====+=====|
| -0. | -1. | -0. || -1. | -1. | -0. || -0. | -0. | -0. |
| -0. | -0. |  1. || -0. |  1. | -0. || -0. | -1. | -0. |
| -0. | -0. | -1. ||  1. | -0. | -0. || -0. | -0. | -0. |
|=====+=====+=====||=====+=====+=====||=====+=====+=====|
| -0. | -0. | -0. || -0. | -0. | -0. || -1. | -0. | -0. |
| -0. | -0. | -0. ||  1. | -0. | -0. ||  1. | -1. | -0. |
| -0. | -0. | -1. || -0. | -1. |  1. || -0. | -1. |  1. |

, evalForThisState=-1.0, isPlayerOneTurnOriginally=false}, StateDatum{MCTSProbabilites=
|  .0 |  .0 |  .0 ||  .0 |  .0 |  .0 ||  .0 |  .0 |  .0 |
|  .0 |  .0 |  .0 ||  .0 |  .0 |  .0 ||  .0 |  .0 |  .0 |
|  .0 |  .0 |  .0 ||  .0 |  .0 |  .0 ||  .0 |  .0 |  .0 |
|========+========+========||========+========+========||========+========+========|
|  .0 |  .0 |  .0 ||  .0 |  .0 |  .0 ||  .0 |  .0 |  .0 |
|  .0 |  .0 |  .0 ||  .0 |  .0 |  .0 ||  .0 |  .0 |  .0 |
|  .0 |  .0 |  .0 ||  .0 |  .0 |  .0 ||  .0 |  .0 |  .0 |
|========+========+========||========+========+========||========+========+========|
|  .1599 |  .1718 |  .1049 ||  .0 |  .0 |  .0 ||  .0 |  .0 |  .0 |
|  .0862 |  .1347 |  .1231 ||  .0 |  .0 |  .0 ||  .0 |  .0 |  .0 |
|  .1085 |  .111 |  .0 ||  .0 |  .0 |  .0 ||  .0 |  .0 |  .0 |

, state=
| -1. |  0. |  0. ||  0. |  0. |  0. ||  0. |  0. |  0. |
|  1. |  0. |  0. ||  0. | -1. |  0. ||  0. |  0. |  0. |
| -1. |  0. |  0. ||  0. | -1. |  0. ||  0. |  0. |  0. |
|=====+=====+=====||=====+=====+=====||=====+=====+=====|
|  0. |  1. |  0. ||  1. |  1. |  0. ||  0. |  0. |  0. |
|  0. |  0. | -1. ||  0. | -1. |  0. ||  0. |  1. |  0. |
|  0. |  0. |  1. || -1. |  0. |  0. ||  0. |  0. |  0. |
|=====+=====+=====||=====+=====+=====||=====+=====+=====|
|* 0. |* 0. |* 0. ||  0. |  0. |  0. ||  1. |  0. |  0. |
|* 0. |* 0. |* 0. || -1. |  0. |  0. || -1. |  1. |  0. |
|* 0. |* 0. |* 1. ||  0. |  1. | -1. ||  0. |  1. | -1. |

, evalForThisState=1.0, isPlayerOneTurnOriginally=true}, StateDatum{MCTSProbabilites=
|  .0 |  .0 |  .0 ||  .0815 |  .1415 |  .1777 ||  .0 |  .0 |  .0 |
|  .0 |  .0 |  .0 ||  .1027 |  .0 |  .2597 ||  .0 |  .0 |  .0 |
|  .0 |  .0 |  .0 ||  .1097 |  .0 |  .1272 ||  .0 |  .0 |  .0 |
|========+========+========||========+========+========||========+========+========|
|  .0 |  .0 |  .0 ||  .0 |  .0 |  .0 ||  .0 |  .0 |  .0 |
|  .0 |  .0 |  .0 ||  .0 |  .0 |  .0 ||  .0 |  .0 |  .0 |
|  .0 |  .0 |  .0 ||  .0 |  .0 |  .0 ||  .0 |  .0 |  .0 |
|========+========+========||========+========+========||========+========+========|
|  .0 |  .0 |  .0 ||  .0 |  .0 |  .0 ||  .0 |  .0 |  .0 |
|  .0 |  .0 |  .0 ||  .0 |  .0 |  .0 ||  .0 |  .0 |  .0 |
|  .0 |  .0 |  .0 ||  .0 |  .0 |  .0 ||  .0 |  .0 |  .0 |

, state=
|  1. | -0. | -0. ||*-0. |*-0. |*-0. || -0. | -0. | -0. |
| -1. | -0. | -0. ||*-0. |* 1. |*-0. || -0. | -0. | -0. |
|  1. | -0. | -0. ||*-0. |* 1. |*-0. || -0. | -0. | -0. |
|=====+=====+=====||=====+=====+=====||=====+=====+=====|
| -0. | -1. | -0. || -1. | -1. | -0. || -0. | -0. | -0. |
| -0. | -0. |  1. || -0. |  1. | -0. || -0. | -1. | -0. |
| -0. | -0. | -1. ||  1. | -0. | -0. || -0. | -0. | -0. |
|=====+=====+=====||=====+=====+=====||=====+=====+=====|
| -0. | -1. | -0. || -0. | -0. | -0. || -1. | -0. | -0. |
| -0. | -0. | -0. ||  1. | -0. | -0. ||  1. | -1. | -0. |
| -0. | -0. | -1. || -0. | -1. |  1. || -0. | -1. |  1. |

, evalForThisState=-1.0, isPlayerOneTurnOriginally=false}, StateDatum{MCTSProbabilites=
|  .0 |  .0 |  .0 ||  .0 |  .0 |  .0 ||  .0 |  .0 |  .0 |
|  .0 |  .0 |  .0 ||  .0 |  .0 |  .0 ||  .0 |  .0 |  .0 |
|  .0 |  .0 |  .0 ||  .0 |  .0 |  .0 ||  .0 |  .0 |  .0 |
|========+========+========||========+========+========||========+========+========|
|  .0 |  .0 |  .0 ||  .0 |  .0 |  .0 ||  .0963 |  .1149 |  .1361 |
|  .0 |  .0 |  .0 ||  .0 |  .0 |  .0 ||  .1401 |  .0 |  .1005 |
|  .0 |  .0 |  .0 ||  .0 |  .0 |  .0 ||  .1709 |  .1276 |  .1136 |
|========+========+========||========+========+========||========+========+========|
|  .0 |  .0 |  .0 ||  .0 |  .0 |  .0 ||  .0 |  .0 |  .0 |
|  .0 |  .0 |  .0 ||  .0 |  .0 |  .0 ||  .0 |  .0 |  .0 |
|  .0 |  .0 |  .0 ||  .0 |  .0 |  .0 ||  .0 |  .0 |  .0 |

, state=
| -1. |  0. |  0. ||  0. |  0. |  0. ||  0. |  0. |  0. |
|  1. |  0. |  0. ||  0. | -1. | -1. ||  0. |  0. |  0. |
| -1. |  0. |  0. ||  0. | -1. |  0. ||  0. |  0. |  0. |
|=====+=====+=====||=====+=====+=====||=====+=====+=====|
|  0. |  1. |  0. ||  1. |  1. |  0. ||* 0. |* 0. |* 0. |
|  0. |  0. | -1. ||  0. | -1. |  0. ||* 0. |* 1. |* 0. |
|  0. |  0. |  1. || -1. |  0. |  0. ||* 0. |* 0. |* 0. |
|=====+=====+=====||=====+=====+=====||=====+=====+=====|
|  0. |  1. |  0. ||  0. |  0. |  0. ||  1. |  0. |  0. |
|  0. |  0. |  0. || -1. |  0. |  0. || -1. |  1. |  0. |
|  0. |  0. |  1. ||  0. |  1. | -1. ||  0. |  1. | -1. |

, evalForThisState=1.0, isPlayerOneTurnOriginally=true}, StateDatum{MCTSProbabilites=
|  .0 |  .0 |  .0 ||  .0 |  .0 |  .0 ||  .0 |  .0 |  .0 |
|  .0 |  .0 |  .0 ||  .0 |  .0 |  .0 ||  .0 |  .0 |  .0 |
|  .0 |  .0 |  .0 ||  .0 |  .0 |  .0 ||  .0 |  .0 |  .0 |
|========+========+========||========+========+========||========+========+========|
|  .0 |  .0 |  .0 ||  .0 |  .0 |  .0 ||  .0 |  .0 |  .0 |
|  .0 |  .0 |  .0 ||  .0 |  .0 |  .0 ||  .0 |  .0 |  .0 |
|  .0 |  .0 |  .0 ||  .0 |  .0 |  .0 ||  .0 |  .0 |  .0 |
|========+========+========||========+========+========||========+========+========|
|  .1496 |  .0 |  .1202 ||  .0 |  .0 |  .0 ||  .0 |  .0 |  .0 |
|  .1567 |  .1571 |  .153 ||  .0 |  .0 |  .0 ||  .0 |  .0 |  .0 |
|  .1482 |  .1151 |  .0 ||  .0 |  .0 |  .0 ||  .0 |  .0 |  .0 |

, state=
|  1. | -0. | -0. || -0. | -0. | -0. || -0. | -0. | -0. |
| -1. | -0. | -0. || -0. |  1. |  1. || -0. | -0. | -0. |
|  1. | -0. | -0. || -0. |  1. | -0. || -0. | -0. | -0. |
|=====+=====+=====||=====+=====+=====||=====+=====+=====|
| -0. | -1. | -0. || -1. | -1. | -0. || -0. | -0. | -0. |
| -0. | -0. |  1. || -0. |  1. | -0. || -0. | -1. | -0. |
| -0. | -0. | -1. ||  1. | -0. | -0. || -1. | -0. | -0. |
|=====+=====+=====||=====+=====+=====||=====+=====+=====|
|*-0. |*-1. |*-0. || -0. | -0. | -0. || -1. | -0. | -0. |
|*-0. |*-0. |*-0. ||  1. | -0. | -0. ||  1. | -1. | -0. |
|*-0. |*-0. |*-1. || -0. | -1. |  1. || -0. | -1. |  1. |

, evalForThisState=-1.0, isPlayerOneTurnOriginally=false}, StateDatum{MCTSProbabilites=
|  .0 |  .0 |  .0 ||  .0 |  .0 |  .0 ||  .0 |  .0 |  .0 |
|  .0 |  .0 |  .0 ||  .0 |  .0 |  .0 ||  .0 |  .0 |  .0 |
|  .0 |  .0 |  .0 ||  .0 |  .0 |  .0 ||  .0 |  .0 |  .0 |
|========+========+========||========+========+========||========+========+========|
|  .0 |  .0 |  .0 ||  .0 |  .0 |  .4113 ||  .0 |  .0 |  .0 |
|  .0 |  .0 |  .0 ||  .1648 |  .0 |  .1655 ||  .0 |  .0 |  .0 |
|  .0 |  .0 |  .0 ||  .0 |  .1355 |  .1229 ||  .0 |  .0 |  .0 |
|========+========+========||========+========+========||========+========+========|
|  .0 |  .0 |  .0 ||  .0 |  .0 |  .0 ||  .0 |  .0 |  .0 |
|  .0 |  .0 |  .0 ||  .0 |  .0 |  .0 ||  .0 |  .0 |  .0 |
|  .0 |  .0 |  .0 ||  .0 |  .0 |  .0 ||  .0 |  .0 |  .0 |

, state=
| -1. |  0. |  0. ||  0. |  0. |  0. ||  0. |  0. |  0. |
|  1. |  0. |  0. ||  0. | -1. | -1. ||  0. |  0. |  0. |
| -1. |  0. |  0. ||  0. | -1. |  0. ||  0. |  0. |  0. |
|=====+=====+=====||=====+=====+=====||=====+=====+=====|
|  0. |  1. |  0. ||* 1. |* 1. |* 0. ||  0. |  0. |  0. |
|  0. |  0. | -1. ||* 0. |*-1. |* 0. ||  0. |  1. |  0. |
|  0. |  0. |  1. ||*-1. |* 0. |* 0. ||  1. |  0. |  0. |
|=====+=====+=====||=====+=====+=====||=====+=====+=====|
|  0. |  1. |  0. ||  0. |  0. |  0. ||  1. |  0. |  0. |
|  0. | -1. |  0. || -1. |  0. |  0. || -1. |  1. |  0. |
|  0. |  0. |  1. ||  0. |  1. | -1. ||  0. |  1. | -1. |

, evalForThisState=1.0, isPlayerOneTurnOriginally=true}, StateDatum{MCTSProbabilites=
|  .0 |  .0 |  .0 ||  .0 |  .0 |  .0 ||  .1379 |  .1017 |  .1014 |
|  .0 |  .0 |  .0 ||  .0 |  .0 |  .0 ||  .1447 |  .0432 |  .1349 |
|  .0 |  .0 |  .0 ||  .0 |  .0 |  .0 ||  .1104 |  .0918 |  .1341 |
|========+========+========||========+========+========||========+========+========|
|  .0 |  .0 |  .0 ||  .0 |  .0 |  .0 ||  .0 |  .0 |  .0 |
|  .0 |  .0 |  .0 ||  .0 |  .0 |  .0 ||  .0 |  .0 |  .0 |
|  .0 |  .0 |  .0 ||  .0 |  .0 |  .0 ||  .0 |  .0 |  .0 |
|========+========+========||========+========+========||========+========+========|
|  .0 |  .0 |  .0 ||  .0 |  .0 |  .0 ||  .0 |  .0 |  .0 |
|  .0 |  .0 |  .0 ||  .0 |  .0 |  .0 ||  .0 |  .0 |  .0 |
|  .0 |  .0 |  .0 ||  .0 |  .0 |  .0 ||  .0 |  .0 |  .0 |

, state=
|  1. | -0. | -0. || -0. | -0. | -0. ||*-0. |*-0. |*-0. |
| -1. | -0. | -0. || -0. |  1. |  1. ||*-0. |*-0. |*-0. |
|  1. | -0. | -0. || -0. |  1. | -0. ||*-0. |*-0. |*-0. |
|=====+=====+=====||=====+=====+=====||=====+=====+=====|
| -0. | -1. | -0. || -1. | -1. | -1. || -0. | -0. | -0. |
| -0. | -0. |  1. || -0. |  1. | -0. || -0. | -1. | -0. |
| -0. | -0. | -1. ||  1. | -0. | -0. || -1. | -0. | -0. |
|=====+=====+=====||=====+=====+=====||=====+=====+=====|
| -0. | -1. | -0. || -0. | -0. | -0. || -1. | -0. | -0. |
| -0. |  1. | -0. ||  1. | -0. | -0. ||  1. | -1. | -0. |
| -0. | -0. | -1. || -0. | -1. |  1. || -0. | -1. |  1. |

, evalForThisState=-1.0, isPlayerOneTurnOriginally=false}, StateDatum{MCTSProbabilites=
|  .0 |  .0 |  .0 ||  .0 |  .0 |  .0 ||  .0 |  .0 |  .0 |
|  .0 |  .0 |  .0 ||  .0 |  .0 |  .0 ||  .0 |  .0 |  .0 |
|  .0 |  .0 |  .0 ||  .0 |  .0 |  .0 ||  .0 |  .0 |  .0 |
|========+========+========||========+========+========||========+========+========|
|  .2705 |  .0 |  .0366 ||  .0 |  .0 |  .0 ||  .0 |  .0 |  .0 |
|  .2601 |  .0077 |  .0 ||  .0 |  .0 |  .0 ||  .0 |  .0 |  .0 |
|  .2092 |  .2159 |  .0 ||  .0 |  .0 |  .0 ||  .0 |  .0 |  .0 |
|========+========+========||========+========+========||========+========+========|
|  .0 |  .0 |  .0 ||  .0 |  .0 |  .0 ||  .0 |  .0 |  .0 |
|  .0 |  .0 |  .0 ||  .0 |  .0 |  .0 ||  .0 |  .0 |  .0 |
|  .0 |  .0 |  .0 ||  .0 |  .0 |  .0 ||  .0 |  .0 |  .0 |

, state=
| -1. |  0. |  0. ||  0. |  0. |  0. ||  0. |  0. |  0. |
|  1. |  0. |  0. ||  0. | -1. | -1. || -1. |  0. |  0. |
| -1. |  0. |  0. ||  0. | -1. |  0. ||  0. |  0. |  0. |
|=====+=====+=====||=====+=====+=====||=====+=====+=====|
|* 0. |* 1. |* 0. ||  1. |  1. |  1. ||  0. |  0. |  0. |
|* 0. |* 0. |*-1. ||  0. | -1. |  0. ||  0. |  1. |  0. |
|* 0. |* 0. |* 1. || -1. |  0. |  0. ||  1. |  0. |  0. |
|=====+=====+=====||=====+=====+=====||=====+=====+=====|
|  0. |  1. |  0. ||  0. |  0. |  0. ||  1. |  0. |  0. |
|  0. | -1. |  0. || -1. |  0. |  0. || -1. |  1. |  0. |
|  0. |  0. |  1. ||  0. |  1. | -1. ||  0. |  1. | -1. |

, evalForThisState=1.0, isPlayerOneTurnOriginally=true}, StateDatum{MCTSProbabilites=
|  .0 |  .1662 |  .1496 ||  .0 |  .0 |  .0 ||  .0 |  .0 |  .0 |
|  .0 |  .0492 |  .3992 ||  .0 |  .0 |  .0 ||  .0 |  .0 |  .0 |
|  .0 |  .1609 |  .0749 ||  .0 |  .0 |  .0 ||  .0 |  .0 |  .0 |
|========+========+========||========+========+========||========+========+========|
|  .0 |  .0 |  .0 ||  .0 |  .0 |  .0 ||  .0 |  .0 |  .0 |
|  .0 |  .0 |  .0 ||  .0 |  .0 |  .0 ||  .0 |  .0 |  .0 |
|  .0 |  .0 |  .0 ||  .0 |  .0 |  .0 ||  .0 |  .0 |  .0 |
|========+========+========||========+========+========||========+========+========|
|  .0 |  .0 |  .0 ||  .0 |  .0 |  .0 ||  .0 |  .0 |  .0 |
|  .0 |  .0 |  .0 ||  .0 |  .0 |  .0 ||  .0 |  .0 |  .0 |
|  .0 |  .0 |  .0 ||  .0 |  .0 |  .0 ||  .0 |  .0 |  .0 |

, state=
|* 1. |*-0. |*-0. || -0. | -0. | -0. || -0. | -0. | -0. |
|*-1. |*-0. |*-0. || -0. |  1. |  1. ||  1. | -0. | -0. |
|* 1. |*-0. |*-0. || -0. |  1. | -0. || -0. | -0. | -0. |
|=====+=====+=====||=====+=====+=====||=====+=====+=====|
| -1. | -1. | -0. || -1. | -1. | -1. || -0. | -0. | -0. |
| -0. | -0. |  1. || -0. |  1. | -0. || -0. | -1. | -0. |
| -0. | -0. | -1. ||  1. | -0. | -0. || -1. | -0. | -0. |
|=====+=====+=====||=====+=====+=====||=====+=====+=====|
| -0. | -1. | -0. || -0. | -0. | -0. || -1. | -0. | -0. |
| -0. |  1. | -0. ||  1. | -0. | -0. ||  1. | -1. | -0. |
| -0. | -0. | -1. || -0. | -1. |  1. || -0. | -1. |  1. |

, evalForThisState=-1.0, isPlayerOneTurnOriginally=false}, StateDatum{MCTSProbabilites=
|  .0 |  .0 |  .0 ||  .0 |  .0 |  .0 ||  .0 |  .0 |  .0 |
|  .0 |  .0 |  .0 ||  .0 |  .0 |  .0 ||  .0 |  .0 |  .0 |
|  .0 |  .0 |  .0 ||  .0 |  .0 |  .0 ||  .0 |  .0 |  .0 |
|========+========+========||========+========+========||========+========+========|
|  .0 |  .0 |  .0 ||  .0 |  .0 |  .0 ||  .1083 |  .1364 |  .3794 |
|  .0 |  .0 |  .0 ||  .0 |  .0 |  .0 ||  .1522 |  .0 |  .1423 |
|  .0 |  .0 |  .0 ||  .0 |  .0 |  .0 ||  .0 |  .0408 |  .0406 |
|========+========+========||========+========+========||========+========+========|
|  .0 |  .0 |  .0 ||  .0 |  .0 |  .0 ||  .0 |  .0 |  .0 |
|  .0 |  .0 |  .0 ||  .0 |  .0 |  .0 ||  .0 |  .0 |  .0 |
|  .0 |  .0 |  .0 ||  .0 |  .0 |  .0 ||  .0 |  .0 |  .0 |

, state=
| -1. |  0. |  0. ||  0. |  0. |  0. ||  0. |  0. |  0. |
|  1. |  0. | -1. ||  0. | -1. | -1. || -1. |  0. |  0. |
| -1. |  0. |  0. ||  0. | -1. |  0. ||  0. |  0. |  0. |
|=====+=====+=====||=====+=====+=====||=====+=====+=====|
|  1. |  1. |  0. ||  1. |  1. |  1. ||* 0. |* 0. |* 0. |
|  0. |  0. | -1. ||  0. | -1. |  0. ||* 0. |* 1. |* 0. |
|  0. |  0. |  1. || -1. |  0. |  0. ||* 1. |* 0. |* 0. |
|=====+=====+=====||=====+=====+=====||=====+=====+=====|
|  0. |  1. |  0. ||  0. |  0. |  0. ||  1. |  0. |  0. |
|  0. | -1. |  0. || -1. |  0. |  0. || -1. |  1. |  0. |
|  0. |  0. |  1. ||  0. |  1. | -1. ||  0. |  1. | -1. |

, evalForThisState=1.0, isPlayerOneTurnOriginally=true}, StateDatum{MCTSProbabilites=
|  .0 |  .0 |  .0 ||  .0 |  .0 |  .0 ||  .3153 |  .0344 |  .1574 |
|  .0 |  .0 |  .0 ||  .0 |  .0 |  .0 ||  .0 |  .0636 |  .0012 |
|  .0 |  .0 |  .0 ||  .0 |  .0 |  .0 ||  .1029 |  .1928 |  .1324 |
|========+========+========||========+========+========||========+========+========|
|  .0 |  .0 |  .0 ||  .0 |  .0 |  .0 ||  .0 |  .0 |  .0 |
|  .0 |  .0 |  .0 ||  .0 |  .0 |  .0 ||  .0 |  .0 |  .0 |
|  .0 |  .0 |  .0 ||  .0 |  .0 |  .0 ||  .0 |  .0 |  .0 |
|========+========+========||========+========+========||========+========+========|
|  .0 |  .0 |  .0 ||  .0 |  .0 |  .0 ||  .0 |  .0 |  .0 |
|  .0 |  .0 |  .0 ||  .0 |  .0 |  .0 ||  .0 |  .0 |  .0 |
|  .0 |  .0 |  .0 ||  .0 |  .0 |  .0 ||  .0 |  .0 |  .0 |

, state=
|  1. | -0. | -0. || -0. | -0. | -0. ||*-0. |*-0. |*-0. |
| -1. | -0. |  1. || -0. |  1. |  1. ||* 1. |*-0. |*-0. |
|  1. | -0. | -0. || -0. |  1. | -0. ||*-0. |*-0. |*-0. |
|=====+=====+=====||=====+=====+=====||=====+=====+=====|
| -1. | -1. | -0. || -1. | -1. | -1. || -0. | -0. | -1. |
| -0. | -0. |  1. || -0. |  1. | -0. || -0. | -1. | -0. |
| -0. | -0. | -1. ||  1. | -0. | -0. || -1. | -0. | -0. |
|=====+=====+=====||=====+=====+=====||=====+=====+=====|
| -0. | -1. | -0. || -0. | -0. | -0. || -1. | -0. | -0. |
| -0. |  1. | -0. ||  1. | -0. | -0. ||  1. | -1. | -0. |
| -0. | -0. | -1. || -0. | -1. |  1. || -0. | -1. |  1. |

, evalForThisState=-1.0, isPlayerOneTurnOriginally=false}, StateDatum{MCTSProbabilites=
|  .0 |  .1101 |  .1819 ||  .0 |  .0 |  .0 ||  .0 |  .0 |  .0 |
|  .0 |  .3549 |  .0 ||  .0 |  .0 |  .0 ||  .0 |  .0 |  .0 |
|  .0 |  .196 |  .157 ||  .0 |  .0 |  .0 ||  .0 |  .0 |  .0 |
|========+========+========||========+========+========||========+========+========|
|  .0 |  .0 |  .0 ||  .0 |  .0 |  .0 ||  .0 |  .0 |  .0 |
|  .0 |  .0 |  .0 ||  .0 |  .0 |  .0 ||  .0 |  .0 |  .0 |
|  .0 |  .0 |  .0 ||  .0 |  .0 |  .0 ||  .0 |  .0 |  .0 |
|========+========+========||========+========+========||========+========+========|
|  .0 |  .0 |  .0 ||  .0 |  .0 |  .0 ||  .0 |  .0 |  .0 |
|  .0 |  .0 |  .0 ||  .0 |  .0 |  .0 ||  .0 |  .0 |  .0 |
|  .0 |  .0 |  .0 ||  .0 |  .0 |  .0 ||  .0 |  .0 |  .0 |

, state=
|*-1. |* 0. |* 0. ||  0. |  0. |  0. || -1. |  0. |  0. |
|* 1. |* 0. |*-1. ||  0. | -1. | -1. || -1. |  0. |  0. |
|*-1. |* 0. |* 0. ||  0. | -1. |  0. ||  0. |  0. |  0. |
|=====+=====+=====||=====+=====+=====||=====+=====+=====|
|  1. |  1. |  0. ||  1. |  1. |  1. ||  0. |  0. |  1. |
|  0. |  0. | -1. ||  0. | -1. |  0. ||  0. |  1. |  0. |
|  0. |  0. |  1. || -1. |  0. |  0. ||  1. |  0. |  0. |
|=====+=====+=====||=====+=====+=====||=====+=====+=====|
|  0. |  1. |  0. ||  0. |  0. |  0. ||  1. |  0. |  0. |
|  0. | -1. |  0. || -1. |  0. |  0. || -1. |  1. |  0. |
|  0. |  0. |  1. ||  0. |  1. | -1. ||  0. |  1. | -1. |

, evalForThisState=1.0, isPlayerOneTurnOriginally=true}, StateDatum{MCTSProbabilites=
|  .0 |  .0092 |  .0214 ||  .0444 |  .0007 |  .0243 ||  .0 |  .076 |  .0539 |
|  .0 |  .0 |  .0 ||  .0092 |  .0 |  .0 ||  .0 |  .0019 |  .0009 |
|  .0 |  .0248 |  .015 ||  .0329 |  .0 |  .0238 ||  .0605 |  .0402 |  .0199 |
|========+========+========||========+========+========||========+========+========|
|  .0 |  .0 |  .0136 ||  .0 |  .0 |  .0 ||  .0 |  .0 |  .0 |
|  .0173 |  .0199 |  .0 ||  .0 |  .0 |  .0 ||  .0 |  .0 |  .0 |
|  .0332 |  .0005 |  .0 ||  .0 |  .0 |  .0 ||  .0 |  .0 |  .0 |
|========+========+========||========+========+========||========+========+========|
|  .0769 |  .0 |  .0426 ||  .0552 |  .0253 |  .0414 ||  .0 |  .035 |  .0332 |
|  .0071 |  .0 |  .0009 ||  .0 |  .0008 |  .0008 ||  .0 |  .0 |  .0007 |
|  .0312 |  .0434 |  .0 ||  .0344 |  .0 |  .0 ||  .0277 |  .0 |  .0 |

, state=
|* 1. |*-0. |*-0. ||*-0. |*-0. |*-0. ||* 1. |*-0. |*-0. |
|*-1. |*-1. |* 1. ||*-0. |* 1. |* 1. ||* 1. |*-0. |*-0. |
|* 1. |*-0. |*-0. ||*-0. |* 1. |*-0. ||*-0. |*-0. |*-0. |
|=====+=====+=====||=====+=====+=====||=====+=====+=====|
|*-1. |*-1. |*-0. || -1. | -1. | -1. || -0. | -0. | -1. |
|*-0. |*-0. |* 1. || -0. |  1. | -0. || -0. | -1. | -0. |
|*-0. |*-0. |*-1. ||  1. | -0. | -0. || -1. | -0. | -0. |
|=====+=====+=====||=====+=====+=====||=====+=====+=====|
|*-0. |*-1. |*-0. ||*-0. |*-0. |*-0. ||*-1. |*-0. |*-0. |
|*-0. |* 1. |*-0. ||* 1. |*-0. |*-0. ||* 1. |*-1. |*-0. |
|*-0. |*-0. |*-1. ||*-0. |*-1. |* 1. ||*-0. |*-1. |* 1. |

, evalForThisState=-1.0, isPlayerOneTurnOriginally=false}, StateDatum{MCTSProbabilites=
|  .0 |  .7028 |  .047 ||  .0 |  .0 |  .0 ||  .0 |  .0 |  .0 |
|  .0 |  .0 |  .0 ||  .0 |  .0 |  .0 ||  .0 |  .0 |  .0 |
|  .0 |  .1642 |  .0861 ||  .0 |  .0 |  .0 ||  .0 |  .0 |  .0 |
|========+========+========||========+========+========||========+========+========|
|  .0 |  .0 |  .0 ||  .0 |  .0 |  .0 ||  .0 |  .0 |  .0 |
|  .0 |  .0 |  .0 ||  .0 |  .0 |  .0 ||  .0 |  .0 |  .0 |
|  .0 |  .0 |  .0 ||  .0 |  .0 |  .0 ||  .0 |  .0 |  .0 |
|========+========+========||========+========+========||========+========+========|
|  .0 |  .0 |  .0 ||  .0 |  .0 |  .0 ||  .0 |  .0 |  .0 |
|  .0 |  .0 |  .0 ||  .0 |  .0 |  .0 ||  .0 |  .0 |  .0 |
|  .0 |  .0 |  .0 ||  .0 |  .0 |  .0 ||  .0 |  .0 |  .0 |

, state=
|*-1. |* 0. |* 0. ||  0. |  0. |  0. || -1. |  0. |  0. |
|* 1. |* 1. |*-1. ||  0. | -1. | -1. || -1. |  0. |  0. |
|*-1. |* 0. |* 0. ||  0. | -1. |  0. ||  0. |  0. |  0. |
|=====+=====+=====||=====+=====+=====||=====+=====+=====|
|  1. |  1. |  0. ||  1. |  1. |  1. ||  0. |  0. |  1. |
|  0. |  0. | -1. ||  0. | -1. |  0. ||  0. |  1. |  0. |
|  0. |  0. |  1. || -1. |  0. |  0. ||  1. |  0. |  0. |
|=====+=====+=====||=====+=====+=====||=====+=====+=====|
| -1. |  1. |  0. ||  0. |  0. |  0. ||  1. |  0. |  0. |
|  0. | -1. |  0. || -1. |  0. |  0. || -1. |  1. |  0. |
|  0. |  0. |  1. ||  0. |  1. | -1. ||  0. |  1. | -1. |

, evalForThisState=1.0, isPlayerOneTurnOriginally=true}, StateDatum{MCTSProbabilites=
|  .0 |  .0 |  .0 ||  .4796 |  .0008 |  .2353 ||  .0 |  .0 |  .0 |
|  .0 |  .0 |  .0 ||  .1003 |  .0 |  .0 ||  .0 |  .0 |  .0 |
|  .0 |  .0 |  .0 ||  .0159 |  .0 |  .1681 ||  .0 |  .0 |  .0 |
|========+========+========||========+========+========||========+========+========|
|  .0 |  .0 |  .0 ||  .0 |  .0 |  .0 ||  .0 |  .0 |  .0 |
|  .0 |  .0 |  .0 ||  .0 |  .0 |  .0 ||  .0 |  .0 |  .0 |
|  .0 |  .0 |  .0 ||  .0 |  .0 |  .0 ||  .0 |  .0 |  .0 |
|========+========+========||========+========+========||========+========+========|
|  .0 |  .0 |  .0 ||  .0 |  .0 |  .0 ||  .0 |  .0 |  .0 |
|  .0 |  .0 |  .0 ||  .0 |  .0 |  .0 ||  .0 |  .0 |  .0 |
|  .0 |  .0 |  .0 ||  .0 |  .0 |  .0 ||  .0 |  .0 |  .0 |

, state=
|  1. | -1. | -0. ||*-0. |*-0. |*-0. ||  1. | -0. | -0. |
| -1. | -1. |  1. ||*-0. |* 1. |* 1. ||  1. | -0. | -0. |
|  1. | -0. | -0. ||*-0. |* 1. |*-0. || -0. | -0. | -0. |
|=====+=====+=====||=====+=====+=====||=====+=====+=====|
| -1. | -1. | -0. || -1. | -1. | -1. || -0. | -0. | -1. |
| -0. | -0. |  1. || -0. |  1. | -0. || -0. | -1. | -0. |
| -0. | -0. | -1. ||  1. | -0. | -0. || -1. | -0. | -0. |
|=====+=====+=====||=====+=====+=====||=====+=====+=====|
|  1. | -1. | -0. || -0. | -0. | -0. || -1. | -0. | -0. |
| -0. |  1. | -0. ||  1. | -0. | -0. ||  1. | -1. | -0. |
| -0. | -0. | -1. || -0. | -1. |  1. || -0. | -1. |  1. |

, evalForThisState=-1.0, isPlayerOneTurnOriginally=false}, StateDatum{MCTSProbabilites=
|  .0 |  .0 |  .0069 ||  .0 |  .0 |  .0 ||  .0 |  .0 |  .0 |
|  .0 |  .0 |  .0 ||  .0 |  .0 |  .0 ||  .0 |  .0 |  .0 |
|  .0 |  .987 |  .0061 ||  .0 |  .0 |  .0 ||  .0 |  .0 |  .0 |
|========+========+========||========+========+========||========+========+========|
|  .0 |  .0 |  .0 ||  .0 |  .0 |  .0 ||  .0 |  .0 |  .0 |
|  .0 |  .0 |  .0 ||  .0 |  .0 |  .0 ||  .0 |  .0 |  .0 |
|  .0 |  .0 |  .0 ||  .0 |  .0 |  .0 ||  .0 |  .0 |  .0 |
|========+========+========||========+========+========||========+========+========|
|  .0 |  .0 |  .0 ||  .0 |  .0 |  .0 ||  .0 |  .0 |  .0 |
|  .0 |  .0 |  .0 ||  .0 |  .0 |  .0 ||  .0 |  .0 |  .0 |
|  .0 |  .0 |  .0 ||  .0 |  .0 |  .0 ||  .0 |  .0 |  .0 |

, state=
|*-1. |* 1. |* 0. || -1. |  0. |  0. || -1. |  0. |  0. |
|* 1. |* 1. |*-1. ||  0. | -1. | -1. || -1. |  0. |  0. |
|*-1. |* 0. |* 0. ||  0. | -1. |  0. ||  0. |  0. |  0. |
|=====+=====+=====||=====+=====+=====||=====+=====+=====|
|  1. |  1. |  0. ||  1. |  1. |  1. ||  0. |  0. |  1. |
|  0. |  0. | -1. ||  0. | -1. |  0. ||  0. |  1. |  0. |
|  0. |  0. |  1. || -1. |  0. |  0. ||  1. |  0. |  0. |
|=====+=====+=====||=====+=====+=====||=====+=====+=====|
| -1. |  1. |  0. ||  0. |  0. |  0. ||  1. |  0. |  0. |
|  0. | -1. |  0. || -1. |  0. |  0. || -1. |  1. |  0. |
|  0. |  0. |  1. ||  0. |  1. | -1. ||  0. |  1. | -1. |

, evalForThisState=1.0, isPlayerOneTurnOriginally=true}, StateDatum{MCTSProbabilites=
|  .0 |  .0 |  .0 ||  .0 |  .0 |  .0 ||  .0 |  .0 |  .0 |
|  .0 |  .0 |  .0 ||  .0 |  .0 |  .0 ||  .0 |  .0 |  .0 |
|  .0 |  .0 |  .0 ||  .0 |  .0 |  .0 ||  .0 |  .0 |  .0 |
|========+========+========||========+========+========||========+========+========|
|  .0 |  .0 |  .0 ||  .0 |  .0 |  .0 ||  .0 |  .0 |  .0 |
|  .0 |  .0 |  .0 ||  .0 |  .0 |  .0 ||  .0 |  .0 |  .0 |
|  .0 |  .0 |  .0 ||  .0 |  .0 |  .0 ||  .0 |  .0 |  .0 |
|========+========+========||========+========+========||========+========+========|
|  .0 |  .0 |  .0 ||  .0005 |  .3056 |  .461 ||  .0 |  .0 |  .0 |
|  .0 |  .0 |  .0 ||  .0 |  .0005 |  .0005 ||  .0 |  .0 |  .0 |
|  .0 |  .0 |  .0 ||  .2319 |  .0 |  .0 ||  .0 |  .0 |  .0 |

, state=
|  1. | -1. | -0. ||  1. | -0. | -0. ||  1. | -0. | -0. |
| -1. | -1. |  1. || -0. |  1. |  1. ||  1. | -0. | -0. |
|  1. | -1. | -0. || -0. |  1. | -0. || -0. | -0. | -0. |
|=====+=====+=====||=====+=====+=====||=====+=====+=====|
| -1. | -1. | -0. || -1. | -1. | -1. || -0. | -0. | -1. |
| -0. | -0. |  1. || -0. |  1. | -0. || -0. | -1. | -0. |
| -0. | -0. | -1. ||  1. | -0. | -0. || -1. | -0. | -0. |
|=====+=====+=====||=====+=====+=====||=====+=====+=====|
|  1. | -1. | -0. ||*-0. |*-0. |*-0. || -1. | -0. | -0. |
| -0. |  1. | -0. ||* 1. |*-0. |*-0. ||  1. | -1. | -0. |
| -0. | -0. | -1. ||*-0. |*-1. |* 1. || -0. | -1. |  1. |

, evalForThisState=-1.0, isPlayerOneTurnOriginally=false}, StateDatum{MCTSProbabilites=
|  .0 |  .0 |  .0 ||  .0 |  .0 |  .0 ||  .0 |  .0017 |  .9913 |
|  .0 |  .0 |  .0 ||  .0 |  .0 |  .0 ||  .0 |  .0003 |  .0003 |
|  .0 |  .0 |  .0 ||  .0 |  .0 |  .0 ||  .0014 |  .0037 |  .0012 |
|========+========+========||========+========+========||========+========+========|
|  .0 |  .0 |  .0 ||  .0 |  .0 |  .0 ||  .0 |  .0 |  .0 |
|  .0 |  .0 |  .0 ||  .0 |  .0 |  .0 ||  .0 |  .0 |  .0 |
|  .0 |  .0 |  .0 ||  .0 |  .0 |  .0 ||  .0 |  .0 |  .0 |
|========+========+========||========+========+========||========+========+========|
|  .0 |  .0 |  .0 ||  .0 |  .0 |  .0 ||  .0 |  .0 |  .0 |
|  .0 |  .0 |  .0 ||  .0 |  .0 |  .0 ||  .0 |  .0 |  .0 |
|  .0 |  .0 |  .0 ||  .0 |  .0 |  .0 ||  .0 |  .0 |  .0 |

, state=
| -1. |  1. |  0. || -1. |  0. |  0. ||*-1. |* 0. |* 0. |
|  1. |  1. | -1. ||  0. | -1. | -1. ||*-1. |* 0. |* 0. |
| -1. |  1. |  0. ||  0. | -1. |  0. ||* 0. |* 0. |* 0. |
|=====+=====+=====||=====+=====+=====||=====+=====+=====|
|  1. |  1. |  0. ||  1. |  1. |  1. ||  0. |  0. |  1. |
|  0. |  0. | -1. ||  0. | -1. |  0. ||  0. |  1. |  0. |
|  0. |  0. |  1. || -1. |  0. |  0. ||  1. |  0. |  0. |
|=====+=====+=====||=====+=====+=====||=====+=====+=====|
| -1. |  1. |  0. ||  0. |  0. | -1. ||  1. |  0. |  0. |
|  0. | -1. |  0. || -1. |  0. |  0. || -1. |  1. |  0. |
|  0. |  0. |  1. ||  0. |  1. | -1. ||  0. |  1. | -1. |

, evalForThisState=1.0, isPlayerOneTurnOriginally=true}, StateDatum{MCTSProbabilites=
|  .0 |  .0 |  .0 ||  .0 |  .0 |  .0 ||  .0 |  .0096 |  .0 |
|  .0 |  .0 |  .0 ||  .0 |  .0 |  .0 ||  .0 |  .0003 |  .0003 |
|  .0 |  .0 |  .0 ||  .0 |  .0 |  .0 ||  .9189 |  .0001 |  .0708 |
|========+========+========||========+========+========||========+========+========|
|  .0 |  .0 |  .0 ||  .0 |  .0 |  .0 ||  .0 |  .0 |  .0 |
|  .0 |  .0 |  .0 ||  .0 |  .0 |  .0 ||  .0 |  .0 |  .0 |
|  .0 |  .0 |  .0 ||  .0 |  .0 |  .0 ||  .0 |  .0 |  .0 |
|========+========+========||========+========+========||========+========+========|
|  .0 |  .0 |  .0 ||  .0 |  .0 |  .0 ||  .0 |  .0 |  .0 |
|  .0 |  .0 |  .0 ||  .0 |  .0 |  .0 ||  .0 |  .0 |  .0 |
|  .0 |  .0 |  .0 ||  .0 |  .0 |  .0 ||  .0 |  .0 |  .0 |

, state=
|  1. | -1. | -0. ||  1. | -0. | -0. ||* 1. |*-0. |*-1. |
| -1. | -1. |  1. || -0. |  1. |  1. ||* 1. |*-0. |*-0. |
|  1. | -1. | -0. || -0. |  1. | -0. ||*-0. |*-0. |*-0. |
|=====+=====+=====||=====+=====+=====||=====+=====+=====|
| -1. | -1. | -0. || -1. | -1. | -1. || -0. | -0. | -1. |
| -0. | -0. |  1. || -0. |  1. | -0. || -0. | -1. | -0. |
| -0. | -0. | -1. ||  1. | -0. | -0. || -1. | -0. | -0. |
|=====+=====+=====||=====+=====+=====||=====+=====+=====|
|  1. | -1. | -0. || -0. | -0. |  1. || -1. | -0. | -0. |
| -0. |  1. | -0. ||  1. | -0. | -0. ||  1. | -1. | -0. |
| -0. | -0. | -1. || -0. | -1. |  1. || -0. | -1. |  1. |

, evalForThisState=-1.0, isPlayerOneTurnOriginally=false}, StateDatum{MCTSProbabilites=
|  .0 |  .0 |  .0 ||  .0 |  .0 |  .0 ||  .0 |  .0 |  .0 |
|  .0 |  .0 |  .0 ||  .0 |  .0 |  .0 ||  .0 |  .0 |  .0 |
|  .0 |  .0 |  .0 ||  .0 |  .0 |  .0 ||  .0 |  .0 |  .0 |
|========+========+========||========+========+========||========+========+========|
|  .0 |  .0 |  .0 ||  .0 |  .0 |  .0 ||  .0 |  .0 |  .0 |
|  .0 |  .0 |  .0 ||  .0 |  .0 |  .0 ||  .0 |  .0 |  .0 |
|  .0 |  .0 |  .0 ||  .0 |  .0 |  .0 ||  .0 |  .0 |  .0 |
|========+========+========||========+========+========||========+========+========|
|  .0 |  .0 |  .0 ||  .0 |  .0 |  .0 ||  .0 |  .0 |  .0 |
|  .0002 |  .0 |  .0 ||  .0 |  .0 |  .0 ||  .0 |  .0 |  .0 |
|  .9997 |  .0001 |  .0 ||  .0 |  .0 |  .0 ||  .0 |  .0 |  .0 |

, state=
| -1. |  1. |  0. || -1. |  0. |  0. || -1. |  0. |  1. |
|  1. |  1. | -1. ||  0. | -1. | -1. || -1. |  0. |  0. |
| -1. |  1. |  0. ||  0. | -1. |  0. || -1. |  0. |  0. |
|=====+=====+=====||=====+=====+=====||=====+=====+=====|
|  1. |  1. |  0. ||  1. |  1. |  1. ||  0. |  0. |  1. |
|  0. |  0. | -1. ||  0. | -1. |  0. ||  0. |  1. |  0. |
|  0. |  0. |  1. || -1. |  0. |  0. ||  1. |  0. |  0. |
|=====+=====+=====||=====+=====+=====||=====+=====+=====|
|*-1. |* 1. |* 0. ||  0. |  0. | -1. ||  1. |  0. |  0. |
|* 0. |*-1. |* 0. || -1. |  0. |  0. || -1. |  1. |  0. |
|* 0. |* 0. |* 1. ||  0. |  1. | -1. ||  0. |  1. | -1. |

, evalForThisState=1.0, isPlayerOneTurnOriginally=true}, StateDatum{MCTSProbabilites=
|  .0 |  .0 |  .0 ||  .0 |  .0 |  .0 ||  .0 |  .0 |  .0 |
|  .0 |  .0 |  .0 ||  .0 |  .0 |  .0 ||  .0 |  .0 |  .0 |
|  .0 |  .0 |  .0 ||  .0 |  .0 |  .0 ||  .0 |  .0 |  .0 |
|========+========+========||========+========+========||========+========+========|
|  .0 |  .0 |  .0 ||  .0 |  .0 |  .0 ||  .0 |  .0 |  .0 |
|  .0 |  .0 |  .0 ||  .0 |  .0 |  .0 ||  .0 |  .0 |  .0 |
|  .0 |  .0 |  .0 ||  .0 |  .0 |  .0 ||  .0 |  .0 |  .0 |
|========+========+========||========+========+========||========+========+========|
|  .0 |  .0 |  .0001 ||  .0 |  .0 |  .0 ||  .0 |  .0 |  .0 |
|  .9998 |  .0 |  .0001 ||  .0 |  .0 |  .0 ||  .0 |  .0 |  .0 |
|  .0 |  .0 |  .0 ||  .0 |  .0 |  .0 ||  .0 |  .0 |  .0 |

, state=
|  1. | -1. | -0. ||  1. | -0. | -0. ||  1. | -0. | -1. |
| -1. | -1. |  1. || -0. |  1. |  1. ||  1. | -0. | -0. |
|  1. | -1. | -0. || -0. |  1. | -0. ||  1. | -0. | -0. |
|=====+=====+=====||=====+=====+=====||=====+=====+=====|
| -1. | -1. | -0. || -1. | -1. | -1. || -0. | -0. | -1. |
| -0. | -0. |  1. || -0. |  1. | -0. || -0. | -1. | -0. |
| -0. | -0. | -1. ||  1. | -0. | -0. || -1. | -0. | -0. |
|=====+=====+=====||=====+=====+=====||=====+=====+=====|
|* 1. |*-1. |*-0. || -0. | -0. |  1. || -1. | -0. | -0. |
|*-0. |* 1. |*-0. ||  1. | -0. | -0. ||  1. | -1. | -0. |
|*-1. |*-0. |*-1. || -0. | -1. |  1. || -0. | -1. |  1. |

, evalForThisState=-1.0, isPlayerOneTurnOriginally=false}, StateDatum{MCTSProbabilites=
|  .0 |  .0 |  .0 ||  .0 |  .0 |  .0 ||  .0 |  .0 |  .0 |
|  .0 |  .0 |  .0 ||  .0 |  .0 |  .0 ||  .0 |  .0 |  .0 |
|  .0 |  .0 |  .0 ||  .0 |  .0 |  .0 ||  .0 |  .0 |  .0 |
|========+========+========||========+========+========||========+========+========|
|  .0 |  .0 |  .4999 ||  .0 |  .0 |  .0 ||  .0 |  .0 |  .0 |
|  .0 |  .4999 |  .0 ||  .0 |  .0 |  .0 ||  .0 |  .0 |  .0 |
|  .0001 |  .0 |  .0 ||  .0 |  .0 |  .0 ||  .0 |  .0 |  .0 |
|========+========+========||========+========+========||========+========+========|
|  .0 |  .0 |  .0 ||  .0 |  .0 |  .0 ||  .0 |  .0 |  .0 |
|  .0 |  .0 |  .0 ||  .0 |  .0 |  .0 ||  .0 |  .0 |  .0 |
|  .0 |  .0 |  .0 ||  .0 |  .0 |  .0 ||  .0 |  .0 |  .0 |

, state=
| -1. |  1. |  0. || -1. |  0. |  0. || -1. |  0. |  1. |
|  1. |  1. | -1. ||  0. | -1. | -1. || -1. |  0. |  0. |
| -1. |  1. |  0. ||  0. | -1. |  0. || -1. |  0. |  0. |
|=====+=====+=====||=====+=====+=====||=====+=====+=====|
|* 1. |* 1. |* 0. ||  1. |  1. |  1. ||  0. |  0. |  1. |
|* 0. |* 0. |*-1. ||  0. | -1. |  0. ||  0. |  1. |  0. |
|* 0. |* 0. |* 1. || -1. |  0. |  0. ||  1. |  0. |  0. |
|=====+=====+=====||=====+=====+=====||=====+=====+=====|
| -1. |  1. |  0. ||  0. |  0. | -1. ||  1. |  0. |  0. |
| -1. | -1. |  0. || -1. |  0. |  0. || -1. |  1. |  0. |
|  1. |  0. |  1. ||  0. |  1. | -1. ||  0. |  1. | -1. |

, evalForThisState=1.0, isPlayerOneTurnOriginally=true}]
Value network data: 
===========INPUT===================
[[         0,         0,         0,  ...    1.0000,    1.0000,    1.0000], 
 [         0,         0,         0,  ...   -1.0000,   -1.0000,   -1.0000], 
 [   -1.0000,         0,         0,  ...   -1.0000,   -1.0000,   -1.0000], 
  ..., 
 [   -1.0000,    1.0000,         0,  ...    1.0000,   -1.0000,   -1.0000], 
 [    1.0000,   -1.0000,         0,  ...    1.0000,   -1.0000,   -1.0000], 
 [   -1.0000,    1.0000,         0,  ...   -1.0000,   -1.0000,   -1.0000]]
=================OUTPUT==================
[[1.0000], 
 [-1.0000], 
 [1.0000], 
 [-1.0000], 
 [1.0000], 
 [-1.0000], 
 [1.0000], 
 [-1.0000], 
 [1.0000], 
 [-1.0000], 
 [1.0000], 
 [-1.0000], 
 [1.0000], 
 [-1.0000], 
 [1.0000], 
 [-1.0000], 
 [1.0000], 
 [-1.0000], 
 [1.0000], 
 [-1.0000], 
 [1.0000], 
 [-1.0000], 
 [1.0000], 
 [-1.0000], 
 [1.0000], 
 [-1.0000], 
 [1.0000], 
 [-1.0000], 
 [1.0000], 
 [-1.0000], 
 [1.0000], 
 [-1.0000], 
 [1.0000], 
 [-1.0000], 
 [1.0000], 
 [-1.0000], 
 [1.0000], 
 [-1.0000], 
 [1.0000], 
 [-1.0000], 
 [1.0000], 
 [-1.0000], 
 [1.0000]]
Policy network data: 
===========INPUT===================
[[         0,         0,         0,  ...    1.0000,    1.0000,    1.0000], 
 [         0,         0,         0,  ...   -1.0000,   -1.0000,   -1.0000], 
 [   -1.0000,         0,         0,  ...   -1.0000,   -1.0000,   -1.0000], 
  ..., 
 [   -1.0000,    1.0000,         0,  ...    1.0000,   -1.0000,   -1.0000], 
 [    1.0000,   -1.0000,         0,  ...    1.0000,   -1.0000,   -1.0000], 
 [   -1.0000,    1.0000,         0,  ...   -1.0000,   -1.0000,   -1.0000]]
=================OUTPUT==================
[[    0.0124,    0.0075,    0.0093,  ...    0.0134,    0.0140,    0.0129], 
 [    0.5042,    0.0354,    0.0361,  ...         0,         0,         0], 
 [         0,    0.1307,    0.1376,  ...         0,         0,         0], 
  ..., 
 [         0,         0,         0,  ...         0,         0,         0], 
 [         0,         0,         0,  ...         0,         0,         0], 
 [         0,         0,         0,  ...         0,         0,         0]]
W:\Labs\ME\ME187-Fall2024\StudentFiles\CALEBHOTTES\UTTTstuff\data\series1\policy$series1,gameNum162$1729278298368.bin
Took: 1510 s to simulate game
Finished simulating game, see log at: W:\Labs\ME\ME187-Fall2024\StudentFiles\CALEBHOTTES\UTTTstuff\data\logs\series1\game162$1729269168794.log for details.
