Saving data to: W:\Labs\ME\ME187-Fall2024\StudentFiles\CALEBHOTTES\UTTTstuff\data\series1
Begin custom message: 
DataSeries: series1 game number: 151 

Description: making data during matlab class 238. 

Evaluator config=EvaluatorConfiguration{cValue=2.0, maxRolloutDepth=1000, computeTime=35, threads=1, stupidity=0, allowForcePlay=false, maxMyCPU=false}
End custom message
Inital State: 

|* 0. |* 0. |* 0. ||* 0. |* 0. |* 0. ||* 0. |* 0. |* 0. |
|* 0. |* 0. |* 0. ||* 0. |* 0. |* 0. ||* 0. |* 0. |* 0. |
|* 0. |* 0. |* 0. ||* 0. |* 0. |* 0. ||* 0. |* 0. |* 0. |
|=====+=====+=====||=====+=====+=====||=====+=====+=====|
|* 0. |* 0. |* 0. ||* 0. |* 0. |* 0. ||* 0. |* 0. |* 0. |
|* 0. |* 0. |* 0. ||* 0. |* 0. |* 0. ||* 0. |* 0. |* 0. |
|* 0. |* 0. |* 0. ||* 0. |* 0. |* 0. ||* 0. |* 0. |* 0. |
|=====+=====+=====||=====+=====+=====||=====+=====+=====|
|* 0. |* 0. |* 0. ||* 0. |* 0. |* 0. ||* 0. |* 0. |* 0. |
|* 0. |* 0. |* 0. ||* 0. |* 0. |* 0. ||* 0. |* 0. |* 0. |
|* 0. |* 0. |* 0. ||* 0. |* 0. |* 0. ||* 0. |* 0. |* 0. |


state to eval, currenty is playerone turn=true

|* 0. |* 0. |* 0. ||* 0. |* 0. |* 0. ||* 0. |* 0. |* 0. |
|* 0. |* 0. |* 0. ||* 0. |* 0. |* 0. ||* 0. |* 0. |* 0. |
|* 0. |* 0. |* 0. ||* 0. |* 0. |* 0. ||* 0. |* 0. |* 0. |
|=====+=====+=====||=====+=====+=====||=====+=====+=====|
|* 0. |* 0. |* 0. ||* 0. |* 0. |* 0. ||* 0. |* 0. |* 0. |
|* 0. |* 0. |* 0. ||* 0. |* 0. |* 0. ||* 0. |* 0. |* 0. |
|* 0. |* 0. |* 0. ||* 0. |* 0. |* 0. ||* 0. |* 0. |* 0. |
|=====+=====+=====||=====+=====+=====||=====+=====+=====|
|* 0. |* 0. |* 0. ||* 0. |* 0. |* 0. ||* 0. |* 0. |* 0. |
|* 0. |* 0. |* 0. ||* 0. |* 0. |* 0. ||* 0. |* 0. |* 0. |
|* 0. |* 0. |* 0. ||* 0. |* 0. |* 0. ||* 0. |* 0. |* 0. |


Determined best move using: 124393Iterations
current State

|  0. |  0. |  0. ||* 0. |* 0. |* 0. ||  0. |  0. |  0. |
|  0. |  0. |  0. ||* 0. |* 0. |* 0. ||  0. |  0. |  0. |
|  0. |  0. |  0. ||* 0. |* 0. |* 0. ||  0. |  0. |  0. |
|=====+=====+=====||=====+=====+=====||=====+=====+=====|
|  0. |  0. |  0. ||  0. |  0. |  0. ||  0. |  0. |  0. |
|  0. |  0. |  0. ||  0. |  0. |  0. ||  0. |  0. |  0. |
|  0. |  0. |  0. ||  0. |  0. |  0. ||  0. |  0. |  0. |
|=====+=====+=====||=====+=====+=====||=====+=====+=====|
|  0. |  1. |  0. ||  0. |  0. |  0. ||  0. |  0. |  0. |
|  0. |  0. |  0. ||  0. |  0. |  0. ||  0. |  0. |  0. |
|  0. |  0. |  0. ||  0. |  0. |  0. ||  0. |  0. |  0. |


state to eval, currenty is playerone turn=false

| -0. | -0. | -0. ||*-0. |*-0. |*-0. || -0. | -0. | -0. |
| -0. | -0. | -0. ||*-0. |*-0. |*-0. || -0. | -0. | -0. |
| -0. | -0. | -0. ||*-0. |*-0. |*-0. || -0. | -0. | -0. |
|=====+=====+=====||=====+=====+=====||=====+=====+=====|
| -0. | -0. | -0. || -0. | -0. | -0. || -0. | -0. | -0. |
| -0. | -0. | -0. || -0. | -0. | -0. || -0. | -0. | -0. |
| -0. | -0. | -0. || -0. | -0. | -0. || -0. | -0. | -0. |
|=====+=====+=====||=====+=====+=====||=====+=====+=====|
| -0. | -1. | -0. || -0. | -0. | -0. || -0. | -0. | -0. |
| -0. | -0. | -0. || -0. | -0. | -0. || -0. | -0. | -0. |
| -0. | -0. | -0. || -0. | -0. | -0. || -0. | -0. | -0. |


Determined best move using: 129768Iterations
current State

|* 0. |* 0. |* 0. || -1. |  0. |  0. ||  0. |  0. |  0. |
|* 0. |* 0. |* 0. ||  0. |  0. |  0. ||  0. |  0. |  0. |
|* 0. |* 0. |* 0. ||  0. |  0. |  0. ||  0. |  0. |  0. |
|=====+=====+=====||=====+=====+=====||=====+=====+=====|
|  0. |  0. |  0. ||  0. |  0. |  0. ||  0. |  0. |  0. |
|  0. |  0. |  0. ||  0. |  0. |  0. ||  0. |  0. |  0. |
|  0. |  0. |  0. ||  0. |  0. |  0. ||  0. |  0. |  0. |
|=====+=====+=====||=====+=====+=====||=====+=====+=====|
|  0. |  1. |  0. ||  0. |  0. |  0. ||  0. |  0. |  0. |
|  0. |  0. |  0. ||  0. |  0. |  0. ||  0. |  0. |  0. |
|  0. |  0. |  0. ||  0. |  0. |  0. ||  0. |  0. |  0. |


state to eval, currenty is playerone turn=true

|* 0. |* 0. |* 0. || -1. |  0. |  0. ||  0. |  0. |  0. |
|* 0. |* 0. |* 0. ||  0. |  0. |  0. ||  0. |  0. |  0. |
|* 0. |* 0. |* 0. ||  0. |  0. |  0. ||  0. |  0. |  0. |
|=====+=====+=====||=====+=====+=====||=====+=====+=====|
|  0. |  0. |  0. ||  0. |  0. |  0. ||  0. |  0. |  0. |
|  0. |  0. |  0. ||  0. |  0. |  0. ||  0. |  0. |  0. |
|  0. |  0. |  0. ||  0. |  0. |  0. ||  0. |  0. |  0. |
|=====+=====+=====||=====+=====+=====||=====+=====+=====|
|  0. |  1. |  0. ||  0. |  0. |  0. ||  0. |  0. |  0. |
|  0. |  0. |  0. ||  0. |  0. |  0. ||  0. |  0. |  0. |
|  0. |  0. |  0. ||  0. |  0. |  0. ||  0. |  0. |  0. |


Determined best move using: 132596Iterations
Determined best move using: 120668Iterations
current State

|  0. |  0. |  0. || -1. |  0. |  0. ||  0. |  0. |  0. |
|  0. |  1. |  0. ||  0. |  0. |  0. ||  0. |  0. |  0. |
|  0. |  0. |  0. ||  0. |  0. |  0. ||  0. |  0. |  0. |
|=====+=====+=====||=====+=====+=====||=====+=====+=====|
|  0. |  0. |  0. ||* 0. |* 0. |* 0. ||  0. |  0. |  0. |
|  0. |  0. |  0. ||* 0. |* 0. |* 0. ||  0. |  0. |  0. |
|  0. |  0. |  0. ||* 0. |* 0. |* 0. ||  0. |  0. |  0. |
|=====+=====+=====||=====+=====+=====||=====+=====+=====|
|  0. |  1. |  0. ||  0. |  0. |  0. ||  0. |  0. |  0. |
|  0. |  0. |  0. ||  0. |  0. |  0. ||  0. |  0. |  0. |
|  0. |  0. |  0. ||  0. |  0. |  0. ||  0. |  0. |  0. |


state to eval, currenty is playerone turn=false

| -0. | -0. | -0. ||  1. | -0. | -0. || -0. | -0. | -0. |
| -0. | -1. | -0. || -0. | -0. | -0. || -0. | -0. | -0. |
| -0. | -0. | -0. || -0. | -0. | -0. || -0. | -0. | -0. |
|=====+=====+=====||=====+=====+=====||=====+=====+=====|
| -0. | -0. | -0. ||*-0. |*-0. |*-0. || -0. | -0. | -0. |
| -0. | -0. | -0. ||*-0. |*-0. |*-0. || -0. | -0. | -0. |
| -0. | -0. | -0. ||*-0. |*-0. |*-0. || -0. | -0. | -0. |
|=====+=====+=====||=====+=====+=====||=====+=====+=====|
| -0. | -1. | -0. || -0. | -0. | -0. || -0. | -0. | -0. |
| -0. | -0. | -0. || -0. | -0. | -0. || -0. | -0. | -0. |
| -0. | -0. | -0. || -0. | -0. | -0. || -0. | -0. | -0. |


Determined best move using: 139137Iterations
Determined best move using: 118963Iterations
current State

|  0. |  0. |  0. || -1. |  0. |  0. ||  0. |  0. |  0. |
|  0. |  1. |  0. ||  0. |  0. |  0. ||  0. |  0. |  0. |
|  0. |  0. |  0. ||  0. |  0. |  0. ||  0. |  0. |  0. |
|=====+=====+=====||=====+=====+=====||=====+=====+=====|
|  0. |  0. |  0. ||* 0. |* 0. |* 0. ||  0. |  0. |  0. |
|  0. |  0. |  0. ||* 0. |*-1. |* 0. ||  0. |  0. |  0. |
|  0. |  0. |  0. ||* 0. |* 0. |* 0. ||  0. |  0. |  0. |
|=====+=====+=====||=====+=====+=====||=====+=====+=====|
|  0. |  1. |  0. ||  0. |  0. |  0. ||  0. |  0. |  0. |
|  0. |  0. |  0. ||  0. |  0. |  0. ||  0. |  0. |  0. |
|  0. |  0. |  0. ||  0. |  0. |  0. ||  0. |  0. |  0. |


state to eval, currenty is playerone turn=true

|  0. |  0. |  0. || -1. |  0. |  0. ||  0. |  0. |  0. |
|  0. |  1. |  0. ||  0. |  0. |  0. ||  0. |  0. |  0. |
|  0. |  0. |  0. ||  0. |  0. |  0. ||  0. |  0. |  0. |
|=====+=====+=====||=====+=====+=====||=====+=====+=====|
|  0. |  0. |  0. ||* 0. |* 0. |* 0. ||  0. |  0. |  0. |
|  0. |  0. |  0. ||* 0. |*-1. |* 0. ||  0. |  0. |  0. |
|  0. |  0. |  0. ||* 0. |* 0. |* 0. ||  0. |  0. |  0. |
|=====+=====+=====||=====+=====+=====||=====+=====+=====|
|  0. |  1. |  0. ||  0. |  0. |  0. ||  0. |  0. |  0. |
|  0. |  0. |  0. ||  0. |  0. |  0. ||  0. |  0. |  0. |
|  0. |  0. |  0. ||  0. |  0. |  0. ||  0. |  0. |  0. |


Determined best move using: 148942Iterations
current State

|* 0. |* 0. |* 0. || -1. |  0. |  0. ||  0. |  0. |  0. |
|* 0. |* 1. |* 0. ||  0. |  0. |  0. ||  0. |  0. |  0. |
|* 0. |* 0. |* 0. ||  0. |  0. |  0. ||  0. |  0. |  0. |
|=====+=====+=====||=====+=====+=====||=====+=====+=====|
|  0. |  0. |  0. ||  1. |  0. |  0. ||  0. |  0. |  0. |
|  0. |  0. |  0. ||  0. | -1. |  0. ||  0. |  0. |  0. |
|  0. |  0. |  0. ||  0. |  0. |  0. ||  0. |  0. |  0. |
|=====+=====+=====||=====+=====+=====||=====+=====+=====|
|  0. |  1. |  0. ||  0. |  0. |  0. ||  0. |  0. |  0. |
|  0. |  0. |  0. ||  0. |  0. |  0. ||  0. |  0. |  0. |
|  0. |  0. |  0. ||  0. |  0. |  0. ||  0. |  0. |  0. |


state to eval, currenty is playerone turn=false

|*-0. |*-0. |*-0. ||  1. | -0. | -0. || -0. | -0. | -0. |
|*-0. |*-1. |*-0. || -0. | -0. | -0. || -0. | -0. | -0. |
|*-0. |*-0. |*-0. || -0. | -0. | -0. || -0. | -0. | -0. |
|=====+=====+=====||=====+=====+=====||=====+=====+=====|
| -0. | -0. | -0. || -1. | -0. | -0. || -0. | -0. | -0. |
| -0. | -0. | -0. || -0. |  1. | -0. || -0. | -0. | -0. |
| -0. | -0. | -0. || -0. | -0. | -0. || -0. | -0. | -0. |
|=====+=====+=====||=====+=====+=====||=====+=====+=====|
| -0. | -1. | -0. || -0. | -0. | -0. || -0. | -0. | -0. |
| -0. | -0. | -0. || -0. | -0. | -0. || -0. | -0. | -0. |
| -0. | -0. | -0. || -0. | -0. | -0. || -0. | -0. | -0. |


Determined best move using: 206198Iterations
Determined best move using: 121160Iterations
current State

|  0. |  0. |  0. || -1. |  0. |  0. ||  0. |  0. |  0. |
|  0. |  1. |  0. ||  0. |  0. |  0. ||  0. |  0. |  0. |
|  0. | -1. |  0. ||  0. |  0. |  0. ||  0. |  0. |  0. |
|=====+=====+=====||=====+=====+=====||=====+=====+=====|
|  0. |  0. |  0. ||  1. |  0. |  0. ||  0. |  0. |  0. |
|  0. |  0. |  0. ||  0. | -1. |  0. ||  0. |  0. |  0. |
|  0. |  0. |  0. ||  0. |  0. |  0. ||  0. |  0. |  0. |
|=====+=====+=====||=====+=====+=====||=====+=====+=====|
|  0. |  1. |  0. ||* 0. |* 0. |* 0. ||  0. |  0. |  0. |
|  0. |  0. |  0. ||* 0. |* 0. |* 0. ||  0. |  0. |  0. |
|  0. |  0. |  0. ||* 0. |* 0. |* 0. ||  0. |  0. |  0. |


state to eval, currenty is playerone turn=true

|  0. |  0. |  0. || -1. |  0. |  0. ||  0. |  0. |  0. |
|  0. |  1. |  0. ||  0. |  0. |  0. ||  0. |  0. |  0. |
|  0. | -1. |  0. ||  0. |  0. |  0. ||  0. |  0. |  0. |
|=====+=====+=====||=====+=====+=====||=====+=====+=====|
|  0. |  0. |  0. ||  1. |  0. |  0. ||  0. |  0. |  0. |
|  0. |  0. |  0. ||  0. | -1. |  0. ||  0. |  0. |  0. |
|  0. |  0. |  0. ||  0. |  0. |  0. ||  0. |  0. |  0. |
|=====+=====+=====||=====+=====+=====||=====+=====+=====|
|  0. |  1. |  0. ||* 0. |* 0. |* 0. ||  0. |  0. |  0. |
|  0. |  0. |  0. ||* 0. |* 0. |* 0. ||  0. |  0. |  0. |
|  0. |  0. |  0. ||* 0. |* 0. |* 0. ||  0. |  0. |  0. |


Determined best move using: 1259990Iterations
Determined best move using: 127058Iterations
current State

|  0. |  0. |  0. || -1. |  0. |  0. ||  0. |  0. |  0. |
|  0. |  1. |  0. ||  0. |  0. |  0. ||  0. |  0. |  0. |
|  0. | -1. |  0. ||  0. |  0. |  0. ||  0. |  0. |  0. |
|=====+=====+=====||=====+=====+=====||=====+=====+=====|
|  0. |  0. |  0. ||  1. |  0. |  0. ||  0. |  0. |  0. |
|  0. |  0. |  0. ||  0. | -1. |  0. ||  0. |  0. |  0. |
|  0. |  0. |  0. ||  0. |  0. |  0. ||  0. |  0. |  0. |
|=====+=====+=====||=====+=====+=====||=====+=====+=====|
|  0. |  1. |  0. ||* 0. |* 0. |* 0. ||  0. |  0. |  0. |
|  0. |  0. |  0. ||* 0. |* 0. |* 0. ||  0. |  0. |  0. |
|  0. |  0. |  0. ||* 0. |* 1. |* 0. ||  0. |  0. |  0. |


state to eval, currenty is playerone turn=false

| -0. | -0. | -0. ||  1. | -0. | -0. || -0. | -0. | -0. |
| -0. | -1. | -0. || -0. | -0. | -0. || -0. | -0. | -0. |
| -0. |  1. | -0. || -0. | -0. | -0. || -0. | -0. | -0. |
|=====+=====+=====||=====+=====+=====||=====+=====+=====|
| -0. | -0. | -0. || -1. | -0. | -0. || -0. | -0. | -0. |
| -0. | -0. | -0. || -0. |  1. | -0. || -0. | -0. | -0. |
| -0. | -0. | -0. || -0. | -0. | -0. || -0. | -0. | -0. |
|=====+=====+=====||=====+=====+=====||=====+=====+=====|
| -0. | -1. | -0. ||*-0. |*-0. |*-0. || -0. | -0. | -0. |
| -0. | -0. | -0. ||*-0. |*-0. |*-0. || -0. | -0. | -0. |
| -0. | -0. | -0. ||*-0. |*-1. |*-0. || -0. | -0. | -0. |


Determined best move using: 2204543Iterations
Determined best move using: 131764Iterations
current State

|* 0. |* 0. |* 0. || -1. |  0. |  0. ||  0. |  0. |  0. |
|* 0. |* 1. |* 0. ||  0. |  0. |  0. ||  0. |  0. |  0. |
|* 0. |*-1. |* 0. ||  0. |  0. |  0. ||  0. |  0. |  0. |
|=====+=====+=====||=====+=====+=====||=====+=====+=====|
|  0. |  0. |  0. ||  1. |  0. |  0. ||  0. |  0. |  0. |
|  0. |  0. |  0. ||  0. | -1. |  0. ||  0. |  0. |  0. |
|  0. |  0. |  0. ||  0. |  0. |  0. ||  0. |  0. |  0. |
|=====+=====+=====||=====+=====+=====||=====+=====+=====|
|  0. |  1. |  0. || -1. |  0. |  0. ||  0. |  0. |  0. |
|  0. |  0. |  0. ||  0. |  0. |  0. ||  0. |  0. |  0. |
|  0. |  0. |  0. ||  0. |  1. |  0. ||  0. |  0. |  0. |


state to eval, currenty is playerone turn=true

|* 0. |* 0. |* 0. || -1. |  0. |  0. ||  0. |  0. |  0. |
|* 0. |* 1. |* 0. ||  0. |  0. |  0. ||  0. |  0. |  0. |
|* 0. |*-1. |* 0. ||  0. |  0. |  0. ||  0. |  0. |  0. |
|=====+=====+=====||=====+=====+=====||=====+=====+=====|
|  0. |  0. |  0. ||  1. |  0. |  0. ||  0. |  0. |  0. |
|  0. |  0. |  0. ||  0. | -1. |  0. ||  0. |  0. |  0. |
|  0. |  0. |  0. ||  0. |  0. |  0. ||  0. |  0. |  0. |
|=====+=====+=====||=====+=====+=====||=====+=====+=====|
|  0. |  1. |  0. || -1. |  0. |  0. ||  0. |  0. |  0. |
|  0. |  0. |  0. ||  0. |  0. |  0. ||  0. |  0. |  0. |
|  0. |  0. |  0. ||  0. |  1. |  0. ||  0. |  0. |  0. |


Determined best move using: 132774Iterations
current State

|  0. |  1. |  0. ||*-1. |* 0. |* 0. ||  0. |  0. |  0. |
|  0. |  1. |  0. ||* 0. |* 0. |* 0. ||  0. |  0. |  0. |
|  0. | -1. |  0. ||* 0. |* 0. |* 0. ||  0. |  0. |  0. |
|=====+=====+=====||=====+=====+=====||=====+=====+=====|
|  0. |  0. |  0. ||  1. |  0. |  0. ||  0. |  0. |  0. |
|  0. |  0. |  0. ||  0. | -1. |  0. ||  0. |  0. |  0. |
|  0. |  0. |  0. ||  0. |  0. |  0. ||  0. |  0. |  0. |
|=====+=====+=====||=====+=====+=====||=====+=====+=====|
|  0. |  1. |  0. || -1. |  0. |  0. ||  0. |  0. |  0. |
|  0. |  0. |  0. ||  0. |  0. |  0. ||  0. |  0. |  0. |
|  0. |  0. |  0. ||  0. |  1. |  0. ||  0. |  0. |  0. |


state to eval, currenty is playerone turn=false

| -0. | -1. | -0. ||* 1. |*-0. |*-0. || -0. | -0. | -0. |
| -0. | -1. | -0. ||*-0. |*-0. |*-0. || -0. | -0. | -0. |
| -0. |  1. | -0. ||*-0. |*-0. |*-0. || -0. | -0. | -0. |
|=====+=====+=====||=====+=====+=====||=====+=====+=====|
| -0. | -0. | -0. || -1. | -0. | -0. || -0. | -0. | -0. |
| -0. | -0. | -0. || -0. |  1. | -0. || -0. | -0. | -0. |
| -0. | -0. | -0. || -0. | -0. | -0. || -0. | -0. | -0. |
|=====+=====+=====||=====+=====+=====||=====+=====+=====|
| -0. | -1. | -0. ||  1. | -0. | -0. || -0. | -0. | -0. |
| -0. | -0. | -0. || -0. | -0. | -0. || -0. | -0. | -0. |
| -0. | -0. | -0. || -0. | -1. | -0. || -0. | -0. | -0. |


Determined best move using: 127749Iterations
current State

|  0. |  1. |  0. || -1. |  0. | -1. ||* 0. |* 0. |* 0. |
|  0. |  1. |  0. ||  0. |  0. |  0. ||* 0. |* 0. |* 0. |
|  0. | -1. |  0. ||  0. |  0. |  0. ||* 0. |* 0. |* 0. |
|=====+=====+=====||=====+=====+=====||=====+=====+=====|
|  0. |  0. |  0. ||  1. |  0. |  0. ||  0. |  0. |  0. |
|  0. |  0. |  0. ||  0. | -1. |  0. ||  0. |  0. |  0. |
|  0. |  0. |  0. ||  0. |  0. |  0. ||  0. |  0. |  0. |
|=====+=====+=====||=====+=====+=====||=====+=====+=====|
|  0. |  1. |  0. || -1. |  0. |  0. ||  0. |  0. |  0. |
|  0. |  0. |  0. ||  0. |  0. |  0. ||  0. |  0. |  0. |
|  0. |  0. |  0. ||  0. |  1. |  0. ||  0. |  0. |  0. |


state to eval, currenty is playerone turn=true

|  0. |  1. |  0. || -1. |  0. | -1. ||* 0. |* 0. |* 0. |
|  0. |  1. |  0. ||  0. |  0. |  0. ||* 0. |* 0. |* 0. |
|  0. | -1. |  0. ||  0. |  0. |  0. ||* 0. |* 0. |* 0. |
|=====+=====+=====||=====+=====+=====||=====+=====+=====|
|  0. |  0. |  0. ||  1. |  0. |  0. ||  0. |  0. |  0. |
|  0. |  0. |  0. ||  0. | -1. |  0. ||  0. |  0. |  0. |
|  0. |  0. |  0. ||  0. |  0. |  0. ||  0. |  0. |  0. |
|=====+=====+=====||=====+=====+=====||=====+=====+=====|
|  0. |  1. |  0. || -1. |  0. |  0. ||  0. |  0. |  0. |
|  0. |  0. |  0. ||  0. |  0. |  0. ||  0. |  0. |  0. |
|  0. |  0. |  0. ||  0. |  1. |  0. ||  0. |  0. |  0. |


Determined best move using: 139494Iterations
current State

|  0. |  1. |  0. || -1. |  0. | -1. ||  0. |  0. |  0. |
|  0. |  1. |  0. ||  0. |  0. |  0. ||  0. |  0. |  0. |
|  0. | -1. |  0. ||  0. |  0. |  0. ||  0. |  1. |  0. |
|=====+=====+=====||=====+=====+=====||=====+=====+=====|
|  0. |  0. |  0. ||  1. |  0. |  0. ||  0. |  0. |  0. |
|  0. |  0. |  0. ||  0. | -1. |  0. ||  0. |  0. |  0. |
|  0. |  0. |  0. ||  0. |  0. |  0. ||  0. |  0. |  0. |
|=====+=====+=====||=====+=====+=====||=====+=====+=====|
|  0. |  1. |  0. ||*-1. |* 0. |* 0. ||  0. |  0. |  0. |
|  0. |  0. |  0. ||* 0. |* 0. |* 0. ||  0. |  0. |  0. |
|  0. |  0. |  0. ||* 0. |* 1. |* 0. ||  0. |  0. |  0. |


state to eval, currenty is playerone turn=false

| -0. | -1. | -0. ||  1. | -0. |  1. || -0. | -0. | -0. |
| -0. | -1. | -0. || -0. | -0. | -0. || -0. | -0. | -0. |
| -0. |  1. | -0. || -0. | -0. | -0. || -0. | -1. | -0. |
|=====+=====+=====||=====+=====+=====||=====+=====+=====|
| -0. | -0. | -0. || -1. | -0. | -0. || -0. | -0. | -0. |
| -0. | -0. | -0. || -0. |  1. | -0. || -0. | -0. | -0. |
| -0. | -0. | -0. || -0. | -0. | -0. || -0. | -0. | -0. |
|=====+=====+=====||=====+=====+=====||=====+=====+=====|
| -0. | -1. | -0. ||* 1. |*-0. |*-0. || -0. | -0. | -0. |
| -0. | -0. | -0. ||*-0. |*-0. |*-0. || -0. | -0. | -0. |
| -0. | -0. | -0. ||*-0. |*-1. |*-0. || -0. | -0. | -0. |


Determined best move using: 146919Iterations
current State

|  0. |  1. |  0. || -1. |  0. | -1. ||  0. |  0. |  0. |
|  0. |  1. |  0. ||  0. |  0. |  0. ||  0. |  0. |  0. |
|  0. | -1. |  0. ||  0. |  0. |  0. ||  0. |  1. |  0. |
|=====+=====+=====||=====+=====+=====||=====+=====+=====|
|  0. |  0. |  0. ||* 1. |* 0. |* 0. ||  0. |  0. |  0. |
|  0. |  0. |  0. ||* 0. |*-1. |* 0. ||  0. |  0. |  0. |
|  0. |  0. |  0. ||* 0. |* 0. |* 0. ||  0. |  0. |  0. |
|=====+=====+=====||=====+=====+=====||=====+=====+=====|
|  0. |  1. |  0. || -1. |  0. |  0. ||  0. |  0. |  0. |
|  0. |  0. |  0. ||  0. | -1. |  0. ||  0. |  0. |  0. |
|  0. |  0. |  0. ||  0. |  1. |  0. ||  0. |  0. |  0. |


state to eval, currenty is playerone turn=true

|  0. |  1. |  0. || -1. |  0. | -1. ||  0. |  0. |  0. |
|  0. |  1. |  0. ||  0. |  0. |  0. ||  0. |  0. |  0. |
|  0. | -1. |  0. ||  0. |  0. |  0. ||  0. |  1. |  0. |
|=====+=====+=====||=====+=====+=====||=====+=====+=====|
|  0. |  0. |  0. ||* 1. |* 0. |* 0. ||  0. |  0. |  0. |
|  0. |  0. |  0. ||* 0. |*-1. |* 0. ||  0. |  0. |  0. |
|  0. |  0. |  0. ||* 0. |* 0. |* 0. ||  0. |  0. |  0. |
|=====+=====+=====||=====+=====+=====||=====+=====+=====|
|  0. |  1. |  0. || -1. |  0. |  0. ||  0. |  0. |  0. |
|  0. |  0. |  0. ||  0. | -1. |  0. ||  0. |  0. |  0. |
|  0. |  0. |  0. ||  0. |  1. |  0. ||  0. |  0. |  0. |


Determined best move using: 146048Iterations
current State

|  0. |  1. |  0. || -1. |  0. | -1. ||  0. |  0. |  0. |
|  0. |  1. |  0. ||  0. |  0. |  0. ||  0. |  0. |  0. |
|  0. | -1. |  0. ||  0. |  0. |  0. ||  0. |  1. |  0. |
|=====+=====+=====||=====+=====+=====||=====+=====+=====|
|  0. |  0. |  0. ||  1. |  0. |  0. ||* 0. |* 0. |* 0. |
|  0. |  0. |  0. ||  0. | -1. |  1. ||* 0. |* 0. |* 0. |
|  0. |  0. |  0. ||  0. |  0. |  0. ||* 0. |* 0. |* 0. |
|=====+=====+=====||=====+=====+=====||=====+=====+=====|
|  0. |  1. |  0. || -1. |  0. |  0. ||  0. |  0. |  0. |
|  0. |  0. |  0. ||  0. | -1. |  0. ||  0. |  0. |  0. |
|  0. |  0. |  0. ||  0. |  1. |  0. ||  0. |  0. |  0. |


state to eval, currenty is playerone turn=false

| -0. | -1. | -0. ||  1. | -0. |  1. || -0. | -0. | -0. |
| -0. | -1. | -0. || -0. | -0. | -0. || -0. | -0. | -0. |
| -0. |  1. | -0. || -0. | -0. | -0. || -0. | -1. | -0. |
|=====+=====+=====||=====+=====+=====||=====+=====+=====|
| -0. | -0. | -0. || -1. | -0. | -0. ||*-0. |*-0. |*-0. |
| -0. | -0. | -0. || -0. |  1. | -1. ||*-0. |*-0. |*-0. |
| -0. | -0. | -0. || -0. | -0. | -0. ||*-0. |*-0. |*-0. |
|=====+=====+=====||=====+=====+=====||=====+=====+=====|
| -0. | -1. | -0. ||  1. | -0. | -0. || -0. | -0. | -0. |
| -0. | -0. | -0. || -0. |  1. | -0. || -0. | -0. | -0. |
| -0. | -0. | -0. || -0. | -1. | -0. || -0. | -0. | -0. |


Determined best move using: 155358Iterations
current State

|  0. |  1. |  0. || -1. |  0. | -1. ||  0. |  0. |  0. |
|  0. |  1. |  0. ||  0. |  0. |  0. ||  0. |  0. |  0. |
|  0. | -1. |  0. ||  0. |  0. |  0. ||  0. |  1. |  0. |
|=====+=====+=====||=====+=====+=====||=====+=====+=====|
|  0. |  0. |  0. ||  1. |  0. |  0. ||  0. |  0. |  0. |
|  0. |  0. |  0. ||  0. | -1. |  1. ||  0. |  0. |  0. |
|  0. |  0. |  0. ||  0. |  0. |  0. ||  0. | -1. |  0. |
|=====+=====+=====||=====+=====+=====||=====+=====+=====|
|  0. |  1. |  0. ||*-1. |* 0. |* 0. ||  0. |  0. |  0. |
|  0. |  0. |  0. ||* 0. |*-1. |* 0. ||  0. |  0. |  0. |
|  0. |  0. |  0. ||* 0. |* 1. |* 0. ||  0. |  0. |  0. |


state to eval, currenty is playerone turn=true

|  0. |  1. |  0. || -1. |  0. | -1. ||  0. |  0. |  0. |
|  0. |  1. |  0. ||  0. |  0. |  0. ||  0. |  0. |  0. |
|  0. | -1. |  0. ||  0. |  0. |  0. ||  0. |  1. |  0. |
|=====+=====+=====||=====+=====+=====||=====+=====+=====|
|  0. |  0. |  0. ||  1. |  0. |  0. ||  0. |  0. |  0. |
|  0. |  0. |  0. ||  0. | -1. |  1. ||  0. |  0. |  0. |
|  0. |  0. |  0. ||  0. |  0. |  0. ||  0. | -1. |  0. |
|=====+=====+=====||=====+=====+=====||=====+=====+=====|
|  0. |  1. |  0. ||*-1. |* 0. |* 0. ||  0. |  0. |  0. |
|  0. |  0. |  0. ||* 0. |*-1. |* 0. ||  0. |  0. |  0. |
|  0. |  0. |  0. ||* 0. |* 1. |* 0. ||  0. |  0. |  0. |


Determined best move using: 163558Iterations
current State

|  0. |  1. |  0. || -1. |  0. | -1. ||  0. |  0. |  0. |
|  0. |  1. |  0. ||  0. |  0. |  0. ||  0. |  0. |  0. |
|  0. | -1. |  0. ||  0. |  0. |  0. ||  0. |  1. |  0. |
|=====+=====+=====||=====+=====+=====||=====+=====+=====|
|  0. |  0. |  0. ||  1. |  0. |  0. ||  0. |  0. |  0. |
|  0. |  0. |  0. ||  0. | -1. |  1. ||  0. |  0. |  0. |
|  0. |  0. |  0. ||  0. |  0. |  0. ||  0. | -1. |  0. |
|=====+=====+=====||=====+=====+=====||=====+=====+=====|
|* 0. |* 1. |* 0. || -1. |  0. |  0. ||  0. |  0. |  0. |
|* 0. |* 0. |* 0. ||  0. | -1. |  0. ||  0. |  0. |  0. |
|* 0. |* 0. |* 0. ||  1. |  1. |  0. ||  0. |  0. |  0. |


state to eval, currenty is playerone turn=false

| -0. | -1. | -0. ||  1. | -0. |  1. || -0. | -0. | -0. |
| -0. | -1. | -0. || -0. | -0. | -0. || -0. | -0. | -0. |
| -0. |  1. | -0. || -0. | -0. | -0. || -0. | -1. | -0. |
|=====+=====+=====||=====+=====+=====||=====+=====+=====|
| -0. | -0. | -0. || -1. | -0. | -0. || -0. | -0. | -0. |
| -0. | -0. | -0. || -0. |  1. | -1. || -0. | -0. | -0. |
| -0. | -0. | -0. || -0. | -0. | -0. || -0. |  1. | -0. |
|=====+=====+=====||=====+=====+=====||=====+=====+=====|
|*-0. |*-1. |*-0. ||  1. | -0. | -0. || -0. | -0. | -0. |
|*-0. |*-0. |*-0. || -0. |  1. | -0. || -0. | -0. | -0. |
|*-0. |*-0. |*-0. || -1. | -1. | -0. || -0. | -0. | -0. |


Determined best move using: 178608Iterations
current State

|  0. |  1. |  0. || -1. |  0. | -1. ||  0. |  0. |  0. |
|  0. |  1. |  0. ||  0. |  0. |  0. ||  0. |  0. |  0. |
|  0. | -1. |  0. ||  0. |  0. |  0. ||  0. |  1. |  0. |
|=====+=====+=====||=====+=====+=====||=====+=====+=====|
|* 0. |* 0. |* 0. ||  1. |  0. |  0. ||  0. |  0. |  0. |
|* 0. |* 0. |* 0. ||  0. | -1. |  1. ||  0. |  0. |  0. |
|* 0. |* 0. |* 0. ||  0. |  0. |  0. ||  0. | -1. |  0. |
|=====+=====+=====||=====+=====+=====||=====+=====+=====|
|  0. |  1. |  0. || -1. |  0. |  0. ||  0. |  0. |  0. |
| -1. |  0. |  0. ||  0. | -1. |  0. ||  0. |  0. |  0. |
|  0. |  0. |  0. ||  1. |  1. |  0. ||  0. |  0. |  0. |


state to eval, currenty is playerone turn=true

|  0. |  1. |  0. || -1. |  0. | -1. ||  0. |  0. |  0. |
|  0. |  1. |  0. ||  0. |  0. |  0. ||  0. |  0. |  0. |
|  0. | -1. |  0. ||  0. |  0. |  0. ||  0. |  1. |  0. |
|=====+=====+=====||=====+=====+=====||=====+=====+=====|
|* 0. |* 0. |* 0. ||  1. |  0. |  0. ||  0. |  0. |  0. |
|* 0. |* 0. |* 0. ||  0. | -1. |  1. ||  0. |  0. |  0. |
|* 0. |* 0. |* 0. ||  0. |  0. |  0. ||  0. | -1. |  0. |
|=====+=====+=====||=====+=====+=====||=====+=====+=====|
|  0. |  1. |  0. || -1. |  0. |  0. ||  0. |  0. |  0. |
| -1. |  0. |  0. ||  0. | -1. |  0. ||  0. |  0. |  0. |
|  0. |  0. |  0. ||  1. |  1. |  0. ||  0. |  0. |  0. |


Determined best move using: 209583Iterations
current State

|  0. |  1. |  0. || -1. |  0. | -1. ||  0. |  0. |  0. |
|  0. |  1. |  0. ||  0. |  0. |  0. ||  0. |  0. |  0. |
|  0. | -1. |  0. ||  0. |  0. |  0. ||  0. |  1. |  0. |
|=====+=====+=====||=====+=====+=====||=====+=====+=====|
|  0. |  0. |  0. ||* 1. |* 0. |* 0. ||  0. |  0. |  0. |
|  0. |  1. |  0. ||* 0. |*-1. |* 1. ||  0. |  0. |  0. |
|  0. |  0. |  0. ||* 0. |* 0. |* 0. ||  0. | -1. |  0. |
|=====+=====+=====||=====+=====+=====||=====+=====+=====|
|  0. |  1. |  0. || -1. |  0. |  0. ||  0. |  0. |  0. |
| -1. |  0. |  0. ||  0. | -1. |  0. ||  0. |  0. |  0. |
|  0. |  0. |  0. ||  1. |  1. |  0. ||  0. |  0. |  0. |


state to eval, currenty is playerone turn=false

| -0. | -1. | -0. ||  1. | -0. |  1. || -0. | -0. | -0. |
| -0. | -1. | -0. || -0. | -0. | -0. || -0. | -0. | -0. |
| -0. |  1. | -0. || -0. | -0. | -0. || -0. | -1. | -0. |
|=====+=====+=====||=====+=====+=====||=====+=====+=====|
| -0. | -0. | -0. ||*-1. |*-0. |*-0. || -0. | -0. | -0. |
| -0. | -1. | -0. ||*-0. |* 1. |*-1. || -0. | -0. | -0. |
| -0. | -0. | -0. ||*-0. |*-0. |*-0. || -0. |  1. | -0. |
|=====+=====+=====||=====+=====+=====||=====+=====+=====|
| -0. | -1. | -0. ||  1. | -0. | -0. || -0. | -0. | -0. |
|  1. | -0. | -0. || -0. |  1. | -0. || -0. | -0. | -0. |
| -0. | -0. | -0. || -1. | -1. | -0. || -0. | -0. | -0. |


Determined best move using: 211590Iterations
current State

|  0. |  1. |  0. || -1. |  0. | -1. ||  0. |  0. |  0. |
|  0. |  1. |  0. ||  0. |  0. |  0. ||  0. |  0. |  0. |
|  0. | -1. |  0. ||  0. |  0. |  0. ||  0. |  1. |  0. |
|=====+=====+=====||=====+=====+=====||=====+=====+=====|
|  0. |  0. |  0. ||  1. |  0. |  0. ||  0. |  0. |  0. |
|  0. |  1. |  0. ||  0. | -1. |  1. ||  0. |  0. |  0. |
|  0. |  0. |  0. ||  0. |  0. | -1. ||  0. | -1. |  0. |
|=====+=====+=====||=====+=====+=====||=====+=====+=====|
|  0. |  1. |  0. || -1. |  0. |  0. ||* 0. |* 0. |* 0. |
| -1. |  0. |  0. ||  0. | -1. |  0. ||* 0. |* 0. |* 0. |
|  0. |  0. |  0. ||  1. |  1. |  0. ||* 0. |* 0. |* 0. |


state to eval, currenty is playerone turn=true

|  0. |  1. |  0. || -1. |  0. | -1. ||  0. |  0. |  0. |
|  0. |  1. |  0. ||  0. |  0. |  0. ||  0. |  0. |  0. |
|  0. | -1. |  0. ||  0. |  0. |  0. ||  0. |  1. |  0. |
|=====+=====+=====||=====+=====+=====||=====+=====+=====|
|  0. |  0. |  0. ||  1. |  0. |  0. ||  0. |  0. |  0. |
|  0. |  1. |  0. ||  0. | -1. |  1. ||  0. |  0. |  0. |
|  0. |  0. |  0. ||  0. |  0. | -1. ||  0. | -1. |  0. |
|=====+=====+=====||=====+=====+=====||=====+=====+=====|
|  0. |  1. |  0. || -1. |  0. |  0. ||* 0. |* 0. |* 0. |
| -1. |  0. |  0. ||  0. | -1. |  0. ||* 0. |* 0. |* 0. |
|  0. |  0. |  0. ||  1. |  1. |  0. ||* 0. |* 0. |* 0. |


Determined best move using: 466999Iterations
current State

|  0. |  1. |  0. || -1. |  0. | -1. ||  0. |  0. |  0. |
|  0. |  1. |  0. ||  0. |  0. |  0. ||  0. |  0. |  0. |
|  0. | -1. |  0. ||  0. |  0. |  0. ||  0. |  1. |  0. |
|=====+=====+=====||=====+=====+=====||=====+=====+=====|
|  0. |  0. |  0. ||* 1. |* 0. |* 0. ||  0. |  0. |  0. |
|  0. |  1. |  0. ||* 0. |*-1. |* 1. ||  0. |  0. |  0. |
|  0. |  0. |  0. ||* 0. |* 0. |*-1. ||  0. | -1. |  0. |
|=====+=====+=====||=====+=====+=====||=====+=====+=====|
|  0. |  1. |  0. || -1. |  0. |  0. ||  0. |  0. |  0. |
| -1. |  0. |  0. ||  0. | -1. |  0. ||  0. |  1. |  0. |
|  0. |  0. |  0. ||  1. |  1. |  0. ||  0. |  0. |  0. |


state to eval, currenty is playerone turn=false

| -0. | -1. | -0. ||  1. | -0. |  1. || -0. | -0. | -0. |
| -0. | -1. | -0. || -0. | -0. | -0. || -0. | -0. | -0. |
| -0. |  1. | -0. || -0. | -0. | -0. || -0. | -1. | -0. |
|=====+=====+=====||=====+=====+=====||=====+=====+=====|
| -0. | -0. | -0. ||*-1. |*-0. |*-0. || -0. | -0. | -0. |
| -0. | -1. | -0. ||*-0. |* 1. |*-1. || -0. | -0. | -0. |
| -0. | -0. | -0. ||*-0. |*-0. |* 1. || -0. |  1. | -0. |
|=====+=====+=====||=====+=====+=====||=====+=====+=====|
| -0. | -1. | -0. ||  1. | -0. | -0. || -0. | -0. | -0. |
|  1. | -0. | -0. || -0. |  1. | -0. || -0. | -1. | -0. |
| -0. | -0. | -0. || -1. | -1. | -0. || -0. | -0. | -0. |


Determined best move using: 966062Iterations
current State

|  0. |  1. |  0. || -1. |  0. | -1. ||  0. |  0. |  0. |
|  0. |  1. |  0. ||  0. |  0. |  0. ||  0. |  0. |  0. |
|  0. | -1. |  0. ||  0. |  0. |  0. ||  0. |  1. |  0. |
|=====+=====+=====||=====+=====+=====||=====+=====+=====|
|* 0. |* 0. |* 0. ||  1. |  0. |  0. ||  0. |  0. |  0. |
|* 0. |* 1. |* 0. || -1. | -1. |  1. ||  0. |  0. |  0. |
|* 0. |* 0. |* 0. ||  0. |  0. | -1. ||  0. | -1. |  0. |
|=====+=====+=====||=====+=====+=====||=====+=====+=====|
|  0. |  1. |  0. || -1. |  0. |  0. ||  0. |  0. |  0. |
| -1. |  0. |  0. ||  0. | -1. |  0. ||  0. |  1. |  0. |
|  0. |  0. |  0. ||  1. |  1. |  0. ||  0. |  0. |  0. |


state to eval, currenty is playerone turn=true

|  0. |  1. |  0. || -1. |  0. | -1. ||  0. |  0. |  0. |
|  0. |  1. |  0. ||  0. |  0. |  0. ||  0. |  0. |  0. |
|  0. | -1. |  0. ||  0. |  0. |  0. ||  0. |  1. |  0. |
|=====+=====+=====||=====+=====+=====||=====+=====+=====|
|* 0. |* 0. |* 0. ||  1. |  0. |  0. ||  0. |  0. |  0. |
|* 0. |* 1. |* 0. || -1. | -1. |  1. ||  0. |  0. |  0. |
|* 0. |* 0. |* 0. ||  0. |  0. | -1. ||  0. | -1. |  0. |
|=====+=====+=====||=====+=====+=====||=====+=====+=====|
|  0. |  1. |  0. || -1. |  0. |  0. ||  0. |  0. |  0. |
| -1. |  0. |  0. ||  0. | -1. |  0. ||  0. |  1. |  0. |
|  0. |  0. |  0. ||  1. |  1. |  0. ||  0. |  0. |  0. |


Determined best move using: 1271035Iterations
current State

|  0. |  1. |  0. || -1. |  0. | -1. ||  0. |  0. |  0. |
|  0. |  1. |  0. ||  0. |  0. |  0. ||  0. |  0. |  0. |
|  0. | -1. |  0. ||  0. |  0. |  0. ||  0. |  1. |  0. |
|=====+=====+=====||=====+=====+=====||=====+=====+=====|
|  0. |  0. |  0. ||  1. |  0. |  0. ||  0. |  0. |  0. |
|  0. |  1. |  0. || -1. | -1. |  1. ||  0. |  0. |  0. |
|  1. |  0. |  0. ||  0. |  0. | -1. ||  0. | -1. |  0. |
|=====+=====+=====||=====+=====+=====||=====+=====+=====|
|* 0. |* 1. |* 0. || -1. |  0. |  0. ||  0. |  0. |  0. |
|*-1. |* 0. |* 0. ||  0. | -1. |  0. ||  0. |  1. |  0. |
|* 0. |* 0. |* 0. ||  1. |  1. |  0. ||  0. |  0. |  0. |


state to eval, currenty is playerone turn=false

| -0. | -1. | -0. ||  1. | -0. |  1. || -0. | -0. | -0. |
| -0. | -1. | -0. || -0. | -0. | -0. || -0. | -0. | -0. |
| -0. |  1. | -0. || -0. | -0. | -0. || -0. | -1. | -0. |
|=====+=====+=====||=====+=====+=====||=====+=====+=====|
| -0. | -0. | -0. || -1. | -0. | -0. || -0. | -0. | -0. |
| -0. | -1. | -0. ||  1. |  1. | -1. || -0. | -0. | -0. |
| -1. | -0. | -0. || -0. | -0. |  1. || -0. |  1. | -0. |
|=====+=====+=====||=====+=====+=====||=====+=====+=====|
|*-0. |*-1. |*-0. ||  1. | -0. | -0. || -0. | -0. | -0. |
|* 1. |*-0. |*-0. || -0. |  1. | -0. || -0. | -1. | -0. |
|*-0. |*-0. |*-0. || -1. | -1. | -0. || -0. | -0. | -0. |


Determined best move using: 1540544Iterations
current State

|  0. |  1. |  0. || -1. |  0. | -1. ||  0. |  0. |  0. |
|  0. |  1. |  0. ||  0. |  0. |  0. ||  0. |  0. |  0. |
|  0. | -1. |  0. ||  0. |  0. |  0. ||  0. |  1. |  0. |
|=====+=====+=====||=====+=====+=====||=====+=====+=====|
|  0. |  0. |  0. ||  1. |  0. |  0. ||* 0. |* 0. |* 0. |
|  0. |  1. |  0. || -1. | -1. |  1. ||* 0. |* 0. |* 0. |
|  1. |  0. |  0. ||  0. |  0. | -1. ||* 0. |*-1. |* 0. |
|=====+=====+=====||=====+=====+=====||=====+=====+=====|
|  0. |  1. |  0. || -1. |  0. |  0. ||  0. |  0. |  0. |
| -1. |  0. | -1. ||  0. | -1. |  0. ||  0. |  1. |  0. |
|  0. |  0. |  0. ||  1. |  1. |  0. ||  0. |  0. |  0. |


state to eval, currenty is playerone turn=true

|  0. |  1. |  0. || -1. |  0. | -1. ||  0. |  0. |  0. |
|  0. |  1. |  0. ||  0. |  0. |  0. ||  0. |  0. |  0. |
|  0. | -1. |  0. ||  0. |  0. |  0. ||  0. |  1. |  0. |
|=====+=====+=====||=====+=====+=====||=====+=====+=====|
|  0. |  0. |  0. ||  1. |  0. |  0. ||* 0. |* 0. |* 0. |
|  0. |  1. |  0. || -1. | -1. |  1. ||* 0. |* 0. |* 0. |
|  1. |  0. |  0. ||  0. |  0. | -1. ||* 0. |*-1. |* 0. |
|=====+=====+=====||=====+=====+=====||=====+=====+=====|
|  0. |  1. |  0. || -1. |  0. |  0. ||  0. |  0. |  0. |
| -1. |  0. | -1. ||  0. | -1. |  0. ||  0. |  1. |  0. |
|  0. |  0. |  0. ||  1. |  1. |  0. ||  0. |  0. |  0. |


Determined best move using: 2438637Iterations
current State

|  0. |  1. |  0. || -1. |  0. | -1. ||  0. |  0. |  0. |
|  0. |  1. |  0. ||  0. |  0. |  0. ||  0. |  0. |  0. |
|  0. | -1. |  0. ||  0. |  0. |  0. ||  0. |  1. |  0. |
|=====+=====+=====||=====+=====+=====||=====+=====+=====|
|  0. |  0. |  0. ||  1. |  0. |  0. ||* 0. |* 0. |* 0. |
|  0. |  1. |  0. || -1. | -1. |  1. ||* 0. |* 0. |* 1. |
|  1. |  0. |  0. ||  0. |  0. | -1. ||* 0. |*-1. |* 0. |
|=====+=====+=====||=====+=====+=====||=====+=====+=====|
|  0. |  1. |  0. || -1. |  0. |  0. ||  0. |  0. |  0. |
| -1. |  0. | -1. ||  0. | -1. |  0. ||  0. |  1. |  0. |
|  0. |  0. |  0. ||  1. |  1. |  0. ||  0. |  0. |  0. |


state to eval, currenty is playerone turn=false

| -0. | -1. | -0. ||  1. | -0. |  1. || -0. | -0. | -0. |
| -0. | -1. | -0. || -0. | -0. | -0. || -0. | -0. | -0. |
| -0. |  1. | -0. || -0. | -0. | -0. || -0. | -1. | -0. |
|=====+=====+=====||=====+=====+=====||=====+=====+=====|
| -0. | -0. | -0. || -1. | -0. | -0. ||*-0. |*-0. |*-0. |
| -0. | -1. | -0. ||  1. |  1. | -1. ||*-0. |*-0. |*-1. |
| -1. | -0. | -0. || -0. | -0. |  1. ||*-0. |* 1. |*-0. |
|=====+=====+=====||=====+=====+=====||=====+=====+=====|
| -0. | -1. | -0. ||  1. | -0. | -0. || -0. | -0. | -0. |
|  1. | -0. |  1. || -0. |  1. | -0. || -0. | -1. | -0. |
| -0. | -0. | -0. || -1. | -1. | -0. || -0. | -0. | -0. |


Determined best move using: 67914Iterations
current State

|* 0. |* 1. |* 0. || -1. |  0. | -1. ||  0. |  0. |  0. |
|* 0. |* 1. |* 0. ||  0. |  0. |  0. ||  0. |  0. |  0. |
|* 0. |*-1. |* 0. ||  0. |  0. |  0. ||  0. |  1. |  0. |
|=====+=====+=====||=====+=====+=====||=====+=====+=====|
|  0. |  0. |  0. ||  1. |  0. |  0. || -1. |  0. |  0. |
|  0. |  1. |  0. || -1. | -1. |  1. ||  0. |  0. |  1. |
|  1. |  0. |  0. ||  0. |  0. | -1. ||  0. | -1. |  0. |
|=====+=====+=====||=====+=====+=====||=====+=====+=====|
|  0. |  1. |  0. || -1. |  0. |  0. ||  0. |  0. |  0. |
| -1. |  0. | -1. ||  0. | -1. |  0. ||  0. |  1. |  0. |
|  0. |  0. |  0. ||  1. |  1. |  0. ||  0. |  0. |  0. |


state to eval, currenty is playerone turn=true

|* 0. |* 1. |* 0. || -1. |  0. | -1. ||  0. |  0. |  0. |
|* 0. |* 1. |* 0. ||  0. |  0. |  0. ||  0. |  0. |  0. |
|* 0. |*-1. |* 0. ||  0. |  0. |  0. ||  0. |  1. |  0. |
|=====+=====+=====||=====+=====+=====||=====+=====+=====|
|  0. |  0. |  0. ||  1. |  0. |  0. || -1. |  0. |  0. |
|  0. |  1. |  0. || -1. | -1. |  1. ||  0. |  0. |  1. |
|  1. |  0. |  0. ||  0. |  0. | -1. ||  0. | -1. |  0. |
|=====+=====+=====||=====+=====+=====||=====+=====+=====|
|  0. |  1. |  0. || -1. |  0. |  0. ||  0. |  0. |  0. |
| -1. |  0. | -1. ||  0. | -1. |  0. ||  0. |  1. |  0. |
|  0. |  0. |  0. ||  1. |  1. |  0. ||  0. |  0. |  0. |


Determined best move using: 74179Iterations
current State

|  0. |  1. |  0. || -1. |  0. | -1. ||  0. |  0. |  0. |
|  0. |  1. |  0. ||  0. |  0. |  0. ||  0. |  0. |  0. |
|  1. | -1. |  0. ||  0. |  0. |  0. ||  0. |  1. |  0. |
|=====+=====+=====||=====+=====+=====||=====+=====+=====|
|  0. |  0. |  0. ||  1. |  0. |  0. || -1. |  0. |  0. |
|  0. |  1. |  0. || -1. | -1. |  1. ||  0. |  0. |  1. |
|  1. |  0. |  0. ||  0. |  0. | -1. ||  0. | -1. |  0. |
|=====+=====+=====||=====+=====+=====||=====+=====+=====|
|* 0. |* 1. |* 0. || -1. |  0. |  0. ||  0. |  0. |  0. |
|*-1. |* 0. |*-1. ||  0. | -1. |  0. ||  0. |  1. |  0. |
|* 0. |* 0. |* 0. ||  1. |  1. |  0. ||  0. |  0. |  0. |


state to eval, currenty is playerone turn=false

| -0. | -1. | -0. ||  1. | -0. |  1. || -0. | -0. | -0. |
| -0. | -1. | -0. || -0. | -0. | -0. || -0. | -0. | -0. |
| -1. |  1. | -0. || -0. | -0. | -0. || -0. | -1. | -0. |
|=====+=====+=====||=====+=====+=====||=====+=====+=====|
| -0. | -0. | -0. || -1. | -0. | -0. ||  1. | -0. | -0. |
| -0. | -1. | -0. ||  1. |  1. | -1. || -0. | -0. | -1. |
| -1. | -0. | -0. || -0. | -0. |  1. || -0. |  1. | -0. |
|=====+=====+=====||=====+=====+=====||=====+=====+=====|
|*-0. |*-1. |*-0. ||  1. | -0. | -0. || -0. | -0. | -0. |
|* 1. |*-0. |* 1. || -0. |  1. | -0. || -0. | -1. | -0. |
|*-0. |*-0. |*-0. || -1. | -1. | -0. || -0. | -0. | -0. |


Determined best move using: 73575Iterations
current State

|  0. |  1. |  0. || -1. |  0. | -1. ||  0. |  0. |  0. |
|  0. |  1. |  0. ||  0. |  0. |  0. ||  0. |  0. |  0. |
|  1. | -1. |  0. ||  0. |  0. |  0. ||  0. |  1. |  0. |
|=====+=====+=====||=====+=====+=====||=====+=====+=====|
|  0. |  0. |  0. ||* 1. |* 0. |* 0. || -1. |  0. |  0. |
|  0. |  1. |  0. ||*-1. |*-1. |* 1. ||  0. |  0. |  1. |
|  1. |  0. |  0. ||* 0. |* 0. |*-1. ||  0. | -1. |  0. |
|=====+=====+=====||=====+=====+=====||=====+=====+=====|
|  0. |  1. |  0. || -1. |  0. |  0. ||  0. |  0. |  0. |
| -1. | -1. | -1. ||  0. | -1. |  0. ||  0. |  1. |  0. |
|  0. |  0. |  0. ||  1. |  1. |  0. ||  0. |  0. |  0. |


state to eval, currenty is playerone turn=true

|  0. |  1. |  0. || -1. |  0. | -1. ||  0. |  0. |  0. |
|  0. |  1. |  0. ||  0. |  0. |  0. ||  0. |  0. |  0. |
|  1. | -1. |  0. ||  0. |  0. |  0. ||  0. |  1. |  0. |
|=====+=====+=====||=====+=====+=====||=====+=====+=====|
|  0. |  0. |  0. ||* 1. |* 0. |* 0. || -1. |  0. |  0. |
|  0. |  1. |  0. ||*-1. |*-1. |* 1. ||  0. |  0. |  1. |
|  1. |  0. |  0. ||* 0. |* 0. |*-1. ||  0. | -1. |  0. |
|=====+=====+=====||=====+=====+=====||=====+=====+=====|
|  0. |  1. |  0. || -1. |  0. |  0. ||  0. |  0. |  0. |
| -1. | -1. | -1. ||  0. | -1. |  0. ||  0. |  1. |  0. |
|  0. |  0. |  0. ||  1. |  1. |  0. ||  0. |  0. |  0. |


Determined best move using: 75484Iterations
current State

|  0. |  1. |  0. || -1. |  0. | -1. ||* 0. |* 0. |* 0. |
|  0. |  1. |  0. ||  0. |  0. |  0. ||* 0. |* 0. |* 0. |
|  1. | -1. |  0. ||  0. |  0. |  0. ||* 0. |* 1. |* 0. |
|=====+=====+=====||=====+=====+=====||=====+=====+=====|
|  0. |  0. |  0. ||  1. |  0. |  1. || -1. |  0. |  0. |
|  0. |  1. |  0. || -1. | -1. |  1. ||  0. |  0. |  1. |
|  1. |  0. |  0. ||  0. |  0. | -1. ||  0. | -1. |  0. |
|=====+=====+=====||=====+=====+=====||=====+=====+=====|
|  0. |  1. |  0. || -1. |  0. |  0. ||  0. |  0. |  0. |
| -1. | -1. | -1. ||  0. | -1. |  0. ||  0. |  1. |  0. |
|  0. |  0. |  0. ||  1. |  1. |  0. ||  0. |  0. |  0. |


state to eval, currenty is playerone turn=false

| -0. | -1. | -0. ||  1. | -0. |  1. ||*-0. |*-0. |*-0. |
| -0. | -1. | -0. || -0. | -0. | -0. ||*-0. |*-0. |*-0. |
| -1. |  1. | -0. || -0. | -0. | -0. ||*-0. |*-1. |*-0. |
|=====+=====+=====||=====+=====+=====||=====+=====+=====|
| -0. | -0. | -0. || -1. | -0. | -1. ||  1. | -0. | -0. |
| -0. | -1. | -0. ||  1. |  1. | -1. || -0. | -0. | -1. |
| -1. | -0. | -0. || -0. | -0. |  1. || -0. |  1. | -0. |
|=====+=====+=====||=====+=====+=====||=====+=====+=====|
| -0. | -1. | -0. ||  1. | -0. | -0. || -0. | -0. | -0. |
|  1. |  1. |  1. || -0. |  1. | -0. || -0. | -1. | -0. |
| -0. | -0. | -0. || -1. | -1. | -0. || -0. | -0. | -0. |


Determined best move using: 75682Iterations
current State

|  0. |  1. |  0. || -1. |  0. | -1. ||  0. |  0. |  0. |
|  0. |  1. |  0. ||  0. |  0. |  0. ||  0. |  0. |  0. |
|  1. | -1. |  0. ||  0. |  0. |  0. ||  0. |  1. | -1. |
|=====+=====+=====||=====+=====+=====||=====+=====+=====|
|  0. |  0. |  0. ||  1. |  0. |  1. || -1. |  0. |  0. |
|  0. |  1. |  0. || -1. | -1. |  1. ||  0. |  0. |  1. |
|  1. |  0. |  0. ||  0. |  0. | -1. ||  0. | -1. |  0. |
|=====+=====+=====||=====+=====+=====||=====+=====+=====|
|  0. |  1. |  0. || -1. |  0. |  0. ||* 0. |* 0. |* 0. |
| -1. | -1. | -1. ||  0. | -1. |  0. ||* 0. |* 1. |* 0. |
|  0. |  0. |  0. ||  1. |  1. |  0. ||* 0. |* 0. |* 0. |


state to eval, currenty is playerone turn=true

|  0. |  1. |  0. || -1. |  0. | -1. ||  0. |  0. |  0. |
|  0. |  1. |  0. ||  0. |  0. |  0. ||  0. |  0. |  0. |
|  1. | -1. |  0. ||  0. |  0. |  0. ||  0. |  1. | -1. |
|=====+=====+=====||=====+=====+=====||=====+=====+=====|
|  0. |  0. |  0. ||  1. |  0. |  1. || -1. |  0. |  0. |
|  0. |  1. |  0. || -1. | -1. |  1. ||  0. |  0. |  1. |
|  1. |  0. |  0. ||  0. |  0. | -1. ||  0. | -1. |  0. |
|=====+=====+=====||=====+=====+=====||=====+=====+=====|
|  0. |  1. |  0. || -1. |  0. |  0. ||* 0. |* 0. |* 0. |
| -1. | -1. | -1. ||  0. | -1. |  0. ||* 0. |* 1. |* 0. |
|  0. |  0. |  0. ||  1. |  1. |  0. ||* 0. |* 0. |* 0. |


Determined best move using: 77021Iterations
current State

|  0. |  1. |  0. || -1. |  0. | -1. ||  0. |  0. |  0. |
|  0. |  1. |  0. ||  0. |  0. |  0. ||  0. |  0. |  0. |
|  1. | -1. |  0. ||  0. |  0. |  0. ||  0. |  1. | -1. |
|=====+=====+=====||=====+=====+=====||=====+=====+=====|
|  0. |  0. |  0. ||  1. |  0. |  1. || -1. |  0. |  0. |
|  0. |  1. |  0. || -1. | -1. |  1. ||  0. |  0. |  1. |
|  1. |  0. |  0. ||  0. |  0. | -1. ||  0. | -1. |  0. |
|=====+=====+=====||=====+=====+=====||=====+=====+=====|
|  0. |  1. |  0. || -1. |  0. |  0. ||* 0. |* 0. |* 0. |
| -1. | -1. | -1. ||  0. | -1. |  0. ||* 0. |* 1. |* 0. |
|  0. |  0. |  0. ||  1. |  1. |  0. ||* 0. |* 0. |* 1. |


state to eval, currenty is playerone turn=false

| -0. | -1. | -0. ||  1. | -0. |  1. || -0. | -0. | -0. |
| -0. | -1. | -0. || -0. | -0. | -0. || -0. | -0. | -0. |
| -1. |  1. | -0. || -0. | -0. | -0. || -0. | -1. |  1. |
|=====+=====+=====||=====+=====+=====||=====+=====+=====|
| -0. | -0. | -0. || -1. | -0. | -1. ||  1. | -0. | -0. |
| -0. | -1. | -0. ||  1. |  1. | -1. || -0. | -0. | -1. |
| -1. | -0. | -0. || -0. | -0. |  1. || -0. |  1. | -0. |
|=====+=====+=====||=====+=====+=====||=====+=====+=====|
| -0. | -1. | -0. ||  1. | -0. | -0. ||*-0. |*-0. |*-0. |
|  1. |  1. |  1. || -0. |  1. | -0. ||*-0. |*-1. |*-0. |
| -0. | -0. | -0. || -1. | -1. | -0. ||*-0. |*-0. |*-1. |


Determined best move using: 79499Iterations
current State

|  0. |  1. |  0. || -1. |  0. | -1. ||* 0. |* 0. |* 0. |
|  0. |  1. |  0. ||  0. |  0. |  0. ||* 0. |* 0. |* 0. |
|  1. | -1. |  0. ||  0. |  0. |  0. ||* 0. |* 1. |*-1. |
|=====+=====+=====||=====+=====+=====||=====+=====+=====|
|  0. |  0. |  0. ||  1. |  0. |  1. || -1. |  0. |  0. |
|  0. |  1. |  0. || -1. | -1. |  1. ||  0. |  0. |  1. |
|  1. |  0. |  0. ||  0. |  0. | -1. ||  0. | -1. |  0. |
|=====+=====+=====||=====+=====+=====||=====+=====+=====|
|  0. |  1. |  0. || -1. |  0. |  0. ||  0. |  0. | -1. |
| -1. | -1. | -1. ||  0. | -1. |  0. ||  0. |  1. |  0. |
|  0. |  0. |  0. ||  1. |  1. |  0. ||  0. |  0. |  1. |


state to eval, currenty is playerone turn=true

|  0. |  1. |  0. || -1. |  0. | -1. ||* 0. |* 0. |* 0. |
|  0. |  1. |  0. ||  0. |  0. |  0. ||* 0. |* 0. |* 0. |
|  1. | -1. |  0. ||  0. |  0. |  0. ||* 0. |* 1. |*-1. |
|=====+=====+=====||=====+=====+=====||=====+=====+=====|
|  0. |  0. |  0. ||  1. |  0. |  1. || -1. |  0. |  0. |
|  0. |  1. |  0. || -1. | -1. |  1. ||  0. |  0. |  1. |
|  1. |  0. |  0. ||  0. |  0. | -1. ||  0. | -1. |  0. |
|=====+=====+=====||=====+=====+=====||=====+=====+=====|
|  0. |  1. |  0. || -1. |  0. |  0. ||  0. |  0. | -1. |
| -1. | -1. | -1. ||  0. | -1. |  0. ||  0. |  1. |  0. |
|  0. |  0. |  0. ||  1. |  1. |  0. ||  0. |  0. |  1. |


Determined best move using: 81069Iterations
current State

|  0. |  1. |  0. || -1. |  0. | -1. ||  0. |  0. |  0. |
|  0. |  1. |  0. ||  0. |  0. |  0. ||  0. |  0. |  1. |
|  1. | -1. |  0. ||  0. |  0. |  0. ||  0. |  1. | -1. |
|=====+=====+=====||=====+=====+=====||=====+=====+=====|
|  0. |  0. |  0. ||  1. |  0. |  1. ||*-1. |* 0. |* 0. |
|  0. |  1. |  0. || -1. | -1. |  1. ||* 0. |* 0. |* 1. |
|  1. |  0. |  0. ||  0. |  0. | -1. ||* 0. |*-1. |* 0. |
|=====+=====+=====||=====+=====+=====||=====+=====+=====|
|  0. |  1. |  0. || -1. |  0. |  0. ||  0. |  0. | -1. |
| -1. | -1. | -1. ||  0. | -1. |  0. ||  0. |  1. |  0. |
|  0. |  0. |  0. ||  1. |  1. |  0. ||  0. |  0. |  1. |


state to eval, currenty is playerone turn=false

| -0. | -1. | -0. ||  1. | -0. |  1. || -0. | -0. | -0. |
| -0. | -1. | -0. || -0. | -0. | -0. || -0. | -0. | -1. |
| -1. |  1. | -0. || -0. | -0. | -0. || -0. | -1. |  1. |
|=====+=====+=====||=====+=====+=====||=====+=====+=====|
| -0. | -0. | -0. || -1. | -0. | -1. ||* 1. |*-0. |*-0. |
| -0. | -1. | -0. ||  1. |  1. | -1. ||*-0. |*-0. |*-1. |
| -1. | -0. | -0. || -0. | -0. |  1. ||*-0. |* 1. |*-0. |
|=====+=====+=====||=====+=====+=====||=====+=====+=====|
| -0. | -1. | -0. ||  1. | -0. | -0. || -0. | -0. |  1. |
|  1. |  1. |  1. || -0. |  1. | -0. || -0. | -1. | -0. |
| -0. | -0. | -0. || -1. | -1. | -0. || -0. | -0. | -1. |


Determined best move using: 81722Iterations
current State

|  0. |  1. |  0. || -1. |  0. | -1. ||  0. |  0. |  0. |
|  0. |  1. |  0. ||  0. |  0. |  0. ||  0. |  0. |  1. |
|  1. | -1. |  0. ||  0. |  0. |  0. ||  0. |  1. | -1. |
|=====+=====+=====||=====+=====+=====||=====+=====+=====|
|* 0. |* 0. |* 0. ||  1. |  0. |  1. || -1. |  0. |  0. |
|* 0. |* 1. |* 0. || -1. | -1. |  1. || -1. |  0. |  1. |
|* 1. |* 0. |* 0. ||  0. |  0. | -1. ||  0. | -1. |  0. |
|=====+=====+=====||=====+=====+=====||=====+=====+=====|
|  0. |  1. |  0. || -1. |  0. |  0. ||  0. |  0. | -1. |
| -1. | -1. | -1. ||  0. | -1. |  0. ||  0. |  1. |  0. |
|  0. |  0. |  0. ||  1. |  1. |  0. ||  0. |  0. |  1. |


state to eval, currenty is playerone turn=true

|  0. |  1. |  0. || -1. |  0. | -1. ||  0. |  0. |  0. |
|  0. |  1. |  0. ||  0. |  0. |  0. ||  0. |  0. |  1. |
|  1. | -1. |  0. ||  0. |  0. |  0. ||  0. |  1. | -1. |
|=====+=====+=====||=====+=====+=====||=====+=====+=====|
|* 0. |* 0. |* 0. ||  1. |  0. |  1. || -1. |  0. |  0. |
|* 0. |* 1. |* 0. || -1. | -1. |  1. || -1. |  0. |  1. |
|* 1. |* 0. |* 0. ||  0. |  0. | -1. ||  0. | -1. |  0. |
|=====+=====+=====||=====+=====+=====||=====+=====+=====|
|  0. |  1. |  0. || -1. |  0. |  0. ||  0. |  0. | -1. |
| -1. | -1. | -1. ||  0. | -1. |  0. ||  0. |  1. |  0. |
|  0. |  0. |  0. ||  1. |  1. |  0. ||  0. |  0. |  1. |


Determined best move using: 85319Iterations
current State

|  0. |  1. |  0. || -1. |  0. | -1. ||* 0. |* 0. |* 0. |
|  0. |  1. |  0. ||  0. |  0. |  0. ||* 0. |* 0. |* 1. |
|  1. | -1. |  0. ||  0. |  0. |  0. ||* 0. |* 1. |*-1. |
|=====+=====+=====||=====+=====+=====||=====+=====+=====|
|  0. |  0. |  1. ||  1. |  0. |  1. || -1. |  0. |  0. |
|  0. |  1. |  0. || -1. | -1. |  1. || -1. |  0. |  1. |
|  1. |  0. |  0. ||  0. |  0. | -1. ||  0. | -1. |  0. |
|=====+=====+=====||=====+=====+=====||=====+=====+=====|
|  0. |  1. |  0. || -1. |  0. |  0. ||  0. |  0. | -1. |
| -1. | -1. | -1. ||  0. | -1. |  0. ||  0. |  1. |  0. |
|  0. |  0. |  0. ||  1. |  1. |  0. ||  0. |  0. |  1. |


state to eval, currenty is playerone turn=false

| -0. | -1. | -0. ||  1. | -0. |  1. ||*-0. |*-0. |*-0. |
| -0. | -1. | -0. || -0. | -0. | -0. ||*-0. |*-0. |*-1. |
| -1. |  1. | -0. || -0. | -0. | -0. ||*-0. |*-1. |* 1. |
|=====+=====+=====||=====+=====+=====||=====+=====+=====|
| -0. | -0. | -1. || -1. | -0. | -1. ||  1. | -0. | -0. |
| -0. | -1. | -0. ||  1. |  1. | -1. ||  1. | -0. | -1. |
| -1. | -0. | -0. || -0. | -0. |  1. || -0. |  1. | -0. |
|=====+=====+=====||=====+=====+=====||=====+=====+=====|
| -0. | -1. | -0. ||  1. | -0. | -0. || -0. | -0. |  1. |
|  1. |  1. |  1. || -0. |  1. | -0. || -0. | -1. | -0. |
| -0. | -0. | -0. || -1. | -1. | -0. || -0. | -0. | -1. |


Determined best move using: 84193Iterations
current State

|  0. |  1. |  0. ||*-1. |* 0. |*-1. ||  0. | -1. |  0. |
|  0. |  1. |  0. ||* 0. |* 0. |* 0. ||  0. |  0. |  1. |
|  1. | -1. |  0. ||* 0. |* 0. |* 0. ||  0. |  1. | -1. |
|=====+=====+=====||=====+=====+=====||=====+=====+=====|
|  0. |  0. |  1. ||  1. |  0. |  1. || -1. |  0. |  0. |
|  0. |  1. |  0. || -1. | -1. |  1. || -1. |  0. |  1. |
|  1. |  0. |  0. ||  0. |  0. | -1. ||  0. | -1. |  0. |
|=====+=====+=====||=====+=====+=====||=====+=====+=====|
|  0. |  1. |  0. || -1. |  0. |  0. ||  0. |  0. | -1. |
| -1. | -1. | -1. ||  0. | -1. |  0. ||  0. |  1. |  0. |
|  0. |  0. |  0. ||  1. |  1. |  0. ||  0. |  0. |  1. |


state to eval, currenty is playerone turn=true

|  0. |  1. |  0. ||*-1. |* 0. |*-1. ||  0. | -1. |  0. |
|  0. |  1. |  0. ||* 0. |* 0. |* 0. ||  0. |  0. |  1. |
|  1. | -1. |  0. ||* 0. |* 0. |* 0. ||  0. |  1. | -1. |
|=====+=====+=====||=====+=====+=====||=====+=====+=====|
|  0. |  0. |  1. ||  1. |  0. |  1. || -1. |  0. |  0. |
|  0. |  1. |  0. || -1. | -1. |  1. || -1. |  0. |  1. |
|  1. |  0. |  0. ||  0. |  0. | -1. ||  0. | -1. |  0. |
|=====+=====+=====||=====+=====+=====||=====+=====+=====|
|  0. |  1. |  0. || -1. |  0. |  0. ||  0. |  0. | -1. |
| -1. | -1. | -1. ||  0. | -1. |  0. ||  0. |  1. |  0. |
|  0. |  0. |  0. ||  1. |  1. |  0. ||  0. |  0. |  1. |


Determined best move using: 81823Iterations
current State

|  0. |  1. |  0. ||*-1. |* 1. |*-1. ||  0. | -1. |  0. |
|  0. |  1. |  0. ||* 0. |* 0. |* 0. ||  0. |  0. |  1. |
|  1. | -1. |  0. ||* 0. |* 0. |* 0. ||  0. |  1. | -1. |
|=====+=====+=====||=====+=====+=====||=====+=====+=====|
|  0. |  0. |  1. ||  1. |  0. |  1. || -1. |  0. |  0. |
|  0. |  1. |  0. || -1. | -1. |  1. || -1. |  0. |  1. |
|  1. |  0. |  0. ||  0. |  0. | -1. ||  0. | -1. |  0. |
|=====+=====+=====||=====+=====+=====||=====+=====+=====|
|  0. |  1. |  0. || -1. |  0. |  0. ||  0. |  0. | -1. |
| -1. | -1. | -1. ||  0. | -1. |  0. ||  0. |  1. |  0. |
|  0. |  0. |  0. ||  1. |  1. |  0. ||  0. |  0. |  1. |


state to eval, currenty is playerone turn=false

| -0. | -1. | -0. ||* 1. |*-1. |* 1. || -0. |  1. | -0. |
| -0. | -1. | -0. ||*-0. |*-0. |*-0. || -0. | -0. | -1. |
| -1. |  1. | -0. ||*-0. |*-0. |*-0. || -0. | -1. |  1. |
|=====+=====+=====||=====+=====+=====||=====+=====+=====|
| -0. | -0. | -1. || -1. | -0. | -1. ||  1. | -0. | -0. |
| -0. | -1. | -0. ||  1. |  1. | -1. ||  1. | -0. | -1. |
| -1. | -0. | -0. || -0. | -0. |  1. || -0. |  1. | -0. |
|=====+=====+=====||=====+=====+=====||=====+=====+=====|
| -0. | -1. | -0. ||  1. | -0. | -0. || -0. | -0. |  1. |
|  1. |  1. |  1. || -0. |  1. | -0. || -0. | -1. | -0. |
| -0. | -0. | -0. || -1. | -1. | -0. || -0. | -0. | -1. |


Determined best move using: 84678Iterations
current State

|  0. |  1. |  0. || -1. |  1. | -1. ||  0. | -1. |  0. |
|  0. |  1. |  0. ||  0. | -1. |  0. ||  0. |  0. |  1. |
|  1. | -1. |  0. ||  0. |  0. |  0. ||  0. |  1. | -1. |
|=====+=====+=====||=====+=====+=====||=====+=====+=====|
|  0. |  0. |  1. ||* 1. |* 0. |* 1. || -1. |  0. |  0. |
|  0. |  1. |  0. ||*-1. |*-1. |* 1. || -1. |  0. |  1. |
|  1. |  0. |  0. ||* 0. |* 0. |*-1. ||  0. | -1. |  0. |
|=====+=====+=====||=====+=====+=====||=====+=====+=====|
|  0. |  1. |  0. || -1. |  0. |  0. ||  0. |  0. | -1. |
| -1. | -1. | -1. ||  0. | -1. |  0. ||  0. |  1. |  0. |
|  0. |  0. |  0. ||  1. |  1. |  0. ||  0. |  0. |  1. |


state to eval, currenty is playerone turn=true

|  0. |  1. |  0. || -1. |  1. | -1. ||  0. | -1. |  0. |
|  0. |  1. |  0. ||  0. | -1. |  0. ||  0. |  0. |  1. |
|  1. | -1. |  0. ||  0. |  0. |  0. ||  0. |  1. | -1. |
|=====+=====+=====||=====+=====+=====||=====+=====+=====|
|  0. |  0. |  1. ||* 1. |* 0. |* 1. || -1. |  0. |  0. |
|  0. |  1. |  0. ||*-1. |*-1. |* 1. || -1. |  0. |  1. |
|  1. |  0. |  0. ||* 0. |* 0. |*-1. ||  0. | -1. |  0. |
|=====+=====+=====||=====+=====+=====||=====+=====+=====|
|  0. |  1. |  0. || -1. |  0. |  0. ||  0. |  0. | -1. |
| -1. | -1. | -1. ||  0. | -1. |  0. ||  0. |  1. |  0. |
|  0. |  0. |  0. ||  1. |  1. |  0. ||  0. |  0. |  1. |


Determined best move using: 87896Iterations
current State

|  0. |  1. |  0. ||*-1. |* 1. |*-1. ||  0. | -1. |  0. |
|  0. |  1. |  0. ||* 0. |*-1. |* 0. ||  0. |  0. |  1. |
|  1. | -1. |  0. ||* 0. |* 0. |* 0. ||  0. |  1. | -1. |
|=====+=====+=====||=====+=====+=====||=====+=====+=====|
|  0. |  0. |  1. ||  1. |  1. |  1. || -1. |  0. |  0. |
|  0. |  1. |  0. || -1. | -1. |  1. || -1. |  0. |  1. |
|  1. |  0. |  0. ||  0. |  0. | -1. ||  0. | -1. |  0. |
|=====+=====+=====||=====+=====+=====||=====+=====+=====|
|  0. |  1. |  0. || -1. |  0. |  0. ||  0. |  0. | -1. |
| -1. | -1. | -1. ||  0. | -1. |  0. ||  0. |  1. |  0. |
|  0. |  0. |  0. ||  1. |  1. |  0. ||  0. |  0. |  1. |


state to eval, currenty is playerone turn=false

| -0. | -1. | -0. ||* 1. |*-1. |* 1. || -0. |  1. | -0. |
| -0. | -1. | -0. ||*-0. |* 1. |*-0. || -0. | -0. | -1. |
| -1. |  1. | -0. ||*-0. |*-0. |*-0. || -0. | -1. |  1. |
|=====+=====+=====||=====+=====+=====||=====+=====+=====|
| -0. | -0. | -1. || -1. | -1. | -1. ||  1. | -0. | -0. |
| -0. | -1. | -0. ||  1. |  1. | -1. ||  1. | -0. | -1. |
| -1. | -0. | -0. || -0. | -0. |  1. || -0. |  1. | -0. |
|=====+=====+=====||=====+=====+=====||=====+=====+=====|
| -0. | -1. | -0. ||  1. | -0. | -0. || -0. | -0. |  1. |
|  1. |  1. |  1. || -0. |  1. | -0. || -0. | -1. | -0. |
| -0. | -0. | -0. || -1. | -1. | -0. || -0. | -0. | -1. |


Determined best move using: 90813Iterations
current State

|  0. |  1. |  0. || -1. |  1. | -1. ||  0. | -1. |  0. |
|  0. |  1. |  0. ||  0. | -1. |  0. ||  0. |  0. |  1. |
|  1. | -1. |  0. ||  0. |  0. | -1. ||  0. |  1. | -1. |
|=====+=====+=====||=====+=====+=====||=====+=====+=====|
|  0. |  0. |  1. ||  1. |  1. |  1. || -1. |  0. |  0. |
|  0. |  1. |  0. || -1. | -1. |  1. || -1. |  0. |  1. |
|  1. |  0. |  0. ||  0. |  0. | -1. ||  0. | -1. |  0. |
|=====+=====+=====||=====+=====+=====||=====+=====+=====|
|  0. |  1. |  0. || -1. |  0. |  0. ||* 0. |* 0. |*-1. |
| -1. | -1. | -1. ||  0. | -1. |  0. ||* 0. |* 1. |* 0. |
|  0. |  0. |  0. ||  1. |  1. |  0. ||* 0. |* 0. |* 1. |


state to eval, currenty is playerone turn=true

|  0. |  1. |  0. || -1. |  1. | -1. ||  0. | -1. |  0. |
|  0. |  1. |  0. ||  0. | -1. |  0. ||  0. |  0. |  1. |
|  1. | -1. |  0. ||  0. |  0. | -1. ||  0. |  1. | -1. |
|=====+=====+=====||=====+=====+=====||=====+=====+=====|
|  0. |  0. |  1. ||  1. |  1. |  1. || -1. |  0. |  0. |
|  0. |  1. |  0. || -1. | -1. |  1. || -1. |  0. |  1. |
|  1. |  0. |  0. ||  0. |  0. | -1. ||  0. | -1. |  0. |
|=====+=====+=====||=====+=====+=====||=====+=====+=====|
|  0. |  1. |  0. || -1. |  0. |  0. ||* 0. |* 0. |*-1. |
| -1. | -1. | -1. ||  0. | -1. |  0. ||* 0. |* 1. |* 0. |
|  0. |  0. |  0. ||  1. |  1. |  0. ||* 0. |* 0. |* 1. |


Determined best move using: 93849Iterations
current State

|* 0. |* 1. |* 0. || -1. |  1. | -1. ||  0. | -1. |  0. |
|* 0. |* 1. |* 0. ||  0. | -1. |  0. ||  0. |  0. |  1. |
|* 1. |*-1. |* 0. ||  0. |  0. | -1. ||  0. |  1. | -1. |
|=====+=====+=====||=====+=====+=====||=====+=====+=====|
|  0. |  0. |  1. ||  1. |  1. |  1. || -1. |  0. |  0. |
|  0. |  1. |  0. || -1. | -1. |  1. || -1. |  0. |  1. |
|  1. |  0. |  0. ||  0. |  0. | -1. ||  0. | -1. |  0. |
|=====+=====+=====||=====+=====+=====||=====+=====+=====|
|  0. |  1. |  0. || -1. |  0. |  0. ||  1. |  0. | -1. |
| -1. | -1. | -1. ||  0. | -1. |  0. ||  0. |  1. |  0. |
|  0. |  0. |  0. ||  1. |  1. |  0. ||  0. |  0. |  1. |


state to eval, currenty is playerone turn=false

|*-0. |*-1. |*-0. ||  1. | -1. |  1. || -0. |  1. | -0. |
|*-0. |*-1. |*-0. || -0. |  1. | -0. || -0. | -0. | -1. |
|*-1. |* 1. |*-0. || -0. | -0. |  1. || -0. | -1. |  1. |
|=====+=====+=====||=====+=====+=====||=====+=====+=====|
| -0. | -0. | -1. || -1. | -1. | -1. ||  1. | -0. | -0. |
| -0. | -1. | -0. ||  1. |  1. | -1. ||  1. | -0. | -1. |
| -1. | -0. | -0. || -0. | -0. |  1. || -0. |  1. | -0. |
|=====+=====+=====||=====+=====+=====||=====+=====+=====|
| -0. | -1. | -0. ||  1. | -0. | -0. || -1. | -0. |  1. |
|  1. |  1. |  1. || -0. |  1. | -0. || -0. | -1. | -0. |
| -0. | -0. | -0. || -1. | -1. | -0. || -0. | -0. | -1. |


Determined best move using: 96199Iterations
current State

|  0. |  1. |  0. || -1. |  1. | -1. ||  0. | -1. |  0. |
|  0. |  1. | -1. ||  0. | -1. |  0. ||  0. |  0. |  1. |
|  1. | -1. |  0. ||  0. |  0. | -1. ||  0. |  1. | -1. |
|=====+=====+=====||=====+=====+=====||=====+=====+=====|
|  0. |  0. |  1. ||  1. |  1. |  1. ||*-1. |* 0. |* 0. |
|  0. |  1. |  0. || -1. | -1. |  1. ||*-1. |* 0. |* 1. |
|  1. |  0. |  0. ||  0. |  0. | -1. ||* 0. |*-1. |* 0. |
|=====+=====+=====||=====+=====+=====||=====+=====+=====|
|  0. |  1. |  0. || -1. |  0. |  0. ||  1. |  0. | -1. |
| -1. | -1. | -1. ||  0. | -1. |  0. ||  0. |  1. |  0. |
|  0. |  0. |  0. ||  1. |  1. |  0. ||  0. |  0. |  1. |


state to eval, currenty is playerone turn=true

|  0. |  1. |  0. || -1. |  1. | -1. ||  0. | -1. |  0. |
|  0. |  1. | -1. ||  0. | -1. |  0. ||  0. |  0. |  1. |
|  1. | -1. |  0. ||  0. |  0. | -1. ||  0. |  1. | -1. |
|=====+=====+=====||=====+=====+=====||=====+=====+=====|
|  0. |  0. |  1. ||  1. |  1. |  1. ||*-1. |* 0. |* 0. |
|  0. |  1. |  0. || -1. | -1. |  1. ||*-1. |* 0. |* 1. |
|  1. |  0. |  0. ||  0. |  0. | -1. ||* 0. |*-1. |* 0. |
|=====+=====+=====||=====+=====+=====||=====+=====+=====|
|  0. |  1. |  0. || -1. |  0. |  0. ||  1. |  0. | -1. |
| -1. | -1. | -1. ||  0. | -1. |  0. ||  0. |  1. |  0. |
|  0. |  0. |  0. ||  1. |  1. |  0. ||  0. |  0. |  1. |


Determined best move using: 80673Iterations
current State

|  0. |  1. |  0. || -1. |  1. | -1. ||* 0. |*-1. |* 0. |
|  0. |  1. | -1. ||  0. | -1. |  0. ||* 0. |* 0. |* 1. |
|  1. | -1. |  0. ||  0. |  0. | -1. ||* 0. |* 1. |*-1. |
|=====+=====+=====||=====+=====+=====||=====+=====+=====|
|  0. |  0. |  1. ||  1. |  1. |  1. || -1. |  0. |  1. |
|  0. |  1. |  0. || -1. | -1. |  1. || -1. |  0. |  1. |
|  1. |  0. |  0. ||  0. |  0. | -1. ||  0. | -1. |  0. |
|=====+=====+=====||=====+=====+=====||=====+=====+=====|
|  0. |  1. |  0. || -1. |  0. |  0. ||  1. |  0. | -1. |
| -1. | -1. | -1. ||  0. | -1. |  0. ||  0. |  1. |  0. |
|  0. |  0. |  0. ||  1. |  1. |  0. ||  0. |  0. |  1. |


state to eval, currenty is playerone turn=false

| -0. | -1. | -0. ||  1. | -1. |  1. ||*-0. |* 1. |*-0. |
| -0. | -1. |  1. || -0. |  1. | -0. ||*-0. |*-0. |*-1. |
| -1. |  1. | -0. || -0. | -0. |  1. ||*-0. |*-1. |* 1. |
|=====+=====+=====||=====+=====+=====||=====+=====+=====|
| -0. | -0. | -1. || -1. | -1. | -1. ||  1. | -0. | -1. |
| -0. | -1. | -0. ||  1. |  1. | -1. ||  1. | -0. | -1. |
| -1. | -0. | -0. || -0. | -0. |  1. || -0. |  1. | -0. |
|=====+=====+=====||=====+=====+=====||=====+=====+=====|
| -0. | -1. | -0. ||  1. | -0. | -0. || -1. | -0. |  1. |
|  1. |  1. |  1. || -0. |  1. | -0. || -0. | -1. | -0. |
| -0. | -0. | -0. || -1. | -1. | -0. || -0. | -0. | -1. |


Determined best move using: 82112Iterations
current State

|* 0. |* 1. |* 0. || -1. |  1. | -1. || -1. | -1. |  0. |
|* 0. |* 1. |*-1. ||  0. | -1. |  0. ||  0. |  0. |  1. |
|* 1. |*-1. |* 0. ||  0. |  0. | -1. ||  0. |  1. | -1. |
|=====+=====+=====||=====+=====+=====||=====+=====+=====|
|  0. |  0. |  1. ||  1. |  1. |  1. || -1. |  0. |  1. |
|  0. |  1. |  0. || -1. | -1. |  1. || -1. |  0. |  1. |
|  1. |  0. |  0. ||  0. |  0. | -1. ||  0. | -1. |  0. |
|=====+=====+=====||=====+=====+=====||=====+=====+=====|
|  0. |  1. |  0. || -1. |  0. |  0. ||  1. |  0. | -1. |
| -1. | -1. | -1. ||  0. | -1. |  0. ||  0. |  1. |  0. |
|  0. |  0. |  0. ||  1. |  1. |  0. ||  0. |  0. |  1. |


state to eval, currenty is playerone turn=true

|* 0. |* 1. |* 0. || -1. |  1. | -1. || -1. | -1. |  0. |
|* 0. |* 1. |*-1. ||  0. | -1. |  0. ||  0. |  0. |  1. |
|* 1. |*-1. |* 0. ||  0. |  0. | -1. ||  0. |  1. | -1. |
|=====+=====+=====||=====+=====+=====||=====+=====+=====|
|  0. |  0. |  1. ||  1. |  1. |  1. || -1. |  0. |  1. |
|  0. |  1. |  0. || -1. | -1. |  1. || -1. |  0. |  1. |
|  1. |  0. |  0. ||  0. |  0. | -1. ||  0. | -1. |  0. |
|=====+=====+=====||=====+=====+=====||=====+=====+=====|
|  0. |  1. |  0. || -1. |  0. |  0. ||  1. |  0. | -1. |
| -1. | -1. | -1. ||  0. | -1. |  0. ||  0. |  1. |  0. |
|  0. |  0. |  0. ||  1. |  1. |  0. ||  0. |  0. |  1. |


Determined best move using: 83371Iterations
current State

|  0. |  1. |  1. || -1. |  1. | -1. ||*-1. |*-1. |* 0. |
|  0. |  1. | -1. ||  0. | -1. |  0. ||* 0. |* 0. |* 1. |
|  1. | -1. |  0. ||  0. |  0. | -1. ||* 0. |* 1. |*-1. |
|=====+=====+=====||=====+=====+=====||=====+=====+=====|
|  0. |  0. |  1. ||  1. |  1. |  1. || -1. |  0. |  1. |
|  0. |  1. |  0. || -1. | -1. |  1. || -1. |  0. |  1. |
|  1. |  0. |  0. ||  0. |  0. | -1. ||  0. | -1. |  0. |
|=====+=====+=====||=====+=====+=====||=====+=====+=====|
|  0. |  1. |  0. || -1. |  0. |  0. ||  1. |  0. | -1. |
| -1. | -1. | -1. ||  0. | -1. |  0. ||  0. |  1. |  0. |
|  0. |  0. |  0. ||  1. |  1. |  0. ||  0. |  0. |  1. |


Game ended in: 43 moves
Actual data created in graphical format: 
[StateDatum{MCTSProbabilites=
|  .0137 |  .0082 |  .016 ||  .0179 |  .0104 |  .016 ||  .0125 |  .0135 |  .0103 |
|  .01 |  .0099 |  .0096 ||  .0156 |  .0145 |  .0115 ||  .0109 |  .0072 |  .0153 |
|  .0097 |  .0137 |  .0112 ||  .0118 |  .0155 |  .0139 ||  .0163 |  .0155 |  .0119 |
|========+========+========||========+========+========||========+========+========|
|  .0129 |  .0108 |  .0114 ||  .0107 |  .0087 |  .0126 ||  .0117 |  .0155 |  .0139 |
|  .0081 |  .014 |  .0119 ||  .0135 |  .0094 |  .012 ||  .0168 |  .0163 |  .0098 |
|  .0088 |  .0166 |  .0126 ||  .0107 |  .01 |  .0147 ||  .0123 |  .0081 |  .0119 |
|========+========+========||========+========+========||========+========+========|
|  .0131 |  .0195 |  .0126 ||  .0115 |  .0144 |  .0086 ||  .0071 |  .0089 |  .013 |
|  .0169 |  .0142 |  .0126 ||  .0112 |  .0138 |  .0124 ||  .0111 |  .0081 |  .0099 |
|  .0083 |  .0165 |  .0121 ||  .0158 |  .015 |  .013 ||  .0122 |  .0088 |  .0117 |

, state=
|* 0. |* 0. |* 0. ||* 0. |* 0. |* 0. ||* 0. |* 0. |* 0. |
|* 0. |* 0. |* 0. ||* 0. |* 0. |* 0. ||* 0. |* 0. |* 0. |
|* 0. |* 0. |* 0. ||* 0. |* 0. |* 0. ||* 0. |* 0. |* 0. |
|=====+=====+=====||=====+=====+=====||=====+=====+=====|
|* 0. |* 0. |* 0. ||* 0. |* 0. |* 0. ||* 0. |* 0. |* 0. |
|* 0. |* 0. |* 0. ||* 0. |* 0. |* 0. ||* 0. |* 0. |* 0. |
|* 0. |* 0. |* 0. ||* 0. |* 0. |* 0. ||* 0. |* 0. |* 0. |
|=====+=====+=====||=====+=====+=====||=====+=====+=====|
|* 0. |* 0. |* 0. ||* 0. |* 0. |* 0. ||* 0. |* 0. |* 0. |
|* 0. |* 0. |* 0. ||* 0. |* 0. |* 0. ||* 0. |* 0. |* 0. |
|* 0. |* 0. |* 0. ||* 0. |* 0. |* 0. ||* 0. |* 0. |* 0. |

, evalForThisState=1.0, isPlayerOneTurnOriginally=true}, StateDatum{MCTSProbabilites=
|  .0 |  .0 |  .0 ||  .5301 |  .0478 |  .0435 ||  .0 |  .0 |  .0 |
|  .0 |  .0 |  .0 ||  .0399 |  .0474 |  .1503 ||  .0 |  .0 |  .0 |
|  .0 |  .0 |  .0 ||  .0366 |  .0595 |  .0448 ||  .0 |  .0 |  .0 |
|========+========+========||========+========+========||========+========+========|
|  .0 |  .0 |  .0 ||  .0 |  .0 |  .0 ||  .0 |  .0 |  .0 |
|  .0 |  .0 |  .0 ||  .0 |  .0 |  .0 ||  .0 |  .0 |  .0 |
|  .0 |  .0 |  .0 ||  .0 |  .0 |  .0 ||  .0 |  .0 |  .0 |
|========+========+========||========+========+========||========+========+========|
|  .0 |  .0 |  .0 ||  .0 |  .0 |  .0 ||  .0 |  .0 |  .0 |
|  .0 |  .0 |  .0 ||  .0 |  .0 |  .0 ||  .0 |  .0 |  .0 |
|  .0 |  .0 |  .0 ||  .0 |  .0 |  .0 ||  .0 |  .0 |  .0 |

, state=
| -0. | -0. | -0. ||*-0. |*-0. |*-0. || -0. | -0. | -0. |
| -0. | -0. | -0. ||*-0. |*-0. |*-0. || -0. | -0. | -0. |
| -0. | -0. | -0. ||*-0. |*-0. |*-0. || -0. | -0. | -0. |
|=====+=====+=====||=====+=====+=====||=====+=====+=====|
| -0. | -0. | -0. || -0. | -0. | -0. || -0. | -0. | -0. |
| -0. | -0. | -0. || -0. | -0. | -0. || -0. | -0. | -0. |
| -0. | -0. | -0. || -0. | -0. | -0. || -0. | -0. | -0. |
|=====+=====+=====||=====+=====+=====||=====+=====+=====|
| -0. | -1. | -0. || -0. | -0. | -0. || -0. | -0. | -0. |
| -0. | -0. | -0. || -0. | -0. | -0. || -0. | -0. | -0. |
| -0. | -0. | -0. || -0. | -0. | -0. || -0. | -0. | -0. |

, evalForThisState=-1.0, isPlayerOneTurnOriginally=false}, StateDatum{MCTSProbabilites=
|  .0853 |  .1343 |  .1237 ||  .0 |  .0 |  .0 ||  .0 |  .0 |  .0 |
|  .0685 |  .1485 |  .1173 ||  .0 |  .0 |  .0 ||  .0 |  .0 |  .0 |
|  .0916 |  .1277 |  .103 ||  .0 |  .0 |  .0 ||  .0 |  .0 |  .0 |
|========+========+========||========+========+========||========+========+========|
|  .0 |  .0 |  .0 ||  .0 |  .0 |  .0 ||  .0 |  .0 |  .0 |
|  .0 |  .0 |  .0 ||  .0 |  .0 |  .0 ||  .0 |  .0 |  .0 |
|  .0 |  .0 |  .0 ||  .0 |  .0 |  .0 ||  .0 |  .0 |  .0 |
|========+========+========||========+========+========||========+========+========|
|  .0 |  .0 |  .0 ||  .0 |  .0 |  .0 ||  .0 |  .0 |  .0 |
|  .0 |  .0 |  .0 ||  .0 |  .0 |  .0 ||  .0 |  .0 |  .0 |
|  .0 |  .0 |  .0 ||  .0 |  .0 |  .0 ||  .0 |  .0 |  .0 |

, state=
|* 0. |* 0. |* 0. || -1. |  0. |  0. ||  0. |  0. |  0. |
|* 0. |* 0. |* 0. ||  0. |  0. |  0. ||  0. |  0. |  0. |
|* 0. |* 0. |* 0. ||  0. |  0. |  0. ||  0. |  0. |  0. |
|=====+=====+=====||=====+=====+=====||=====+=====+=====|
|  0. |  0. |  0. ||  0. |  0. |  0. ||  0. |  0. |  0. |
|  0. |  0. |  0. ||  0. |  0. |  0. ||  0. |  0. |  0. |
|  0. |  0. |  0. ||  0. |  0. |  0. ||  0. |  0. |  0. |
|=====+=====+=====||=====+=====+=====||=====+=====+=====|
|  0. |  1. |  0. ||  0. |  0. |  0. ||  0. |  0. |  0. |
|  0. |  0. |  0. ||  0. |  0. |  0. ||  0. |  0. |  0. |
|  0. |  0. |  0. ||  0. |  0. |  0. ||  0. |  0. |  0. |

, evalForThisState=1.0, isPlayerOneTurnOriginally=true}, StateDatum{MCTSProbabilites=
|  .0 |  .0 |  .0 ||  .0 |  .0 |  .0 ||  .0 |  .0 |  .0 |
|  .0 |  .0 |  .0 ||  .0 |  .0 |  .0 ||  .0 |  .0 |  .0 |
|  .0 |  .0 |  .0 ||  .0 |  .0 |  .0 ||  .0 |  .0 |  .0 |
|========+========+========||========+========+========||========+========+========|
|  .0 |  .0 |  .0 ||  .0474 |  .0546 |  .0705 ||  .0 |  .0 |  .0 |
|  .0 |  .0 |  .0 ||  .0444 |  .4522 |  .04 ||  .0 |  .0 |  .0 |
|  .0 |  .0 |  .0 ||  .0394 |  .0333 |  .2184 ||  .0 |  .0 |  .0 |
|========+========+========||========+========+========||========+========+========|
|  .0 |  .0 |  .0 ||  .0 |  .0 |  .0 ||  .0 |  .0 |  .0 |
|  .0 |  .0 |  .0 ||  .0 |  .0 |  .0 ||  .0 |  .0 |  .0 |
|  .0 |  .0 |  .0 ||  .0 |  .0 |  .0 ||  .0 |  .0 |  .0 |

, state=
| -0. | -0. | -0. ||  1. | -0. | -0. || -0. | -0. | -0. |
| -0. | -1. | -0. || -0. | -0. | -0. || -0. | -0. | -0. |
| -0. | -0. | -0. || -0. | -0. | -0. || -0. | -0. | -0. |
|=====+=====+=====||=====+=====+=====||=====+=====+=====|
| -0. | -0. | -0. ||*-0. |*-0. |*-0. || -0. | -0. | -0. |
| -0. | -0. | -0. ||*-0. |*-0. |*-0. || -0. | -0. | -0. |
| -0. | -0. | -0. ||*-0. |*-0. |*-0. || -0. | -0. | -0. |
|=====+=====+=====||=====+=====+=====||=====+=====+=====|
| -0. | -1. | -0. || -0. | -0. | -0. || -0. | -0. | -0. |
| -0. | -0. | -0. || -0. | -0. | -0. || -0. | -0. | -0. |
| -0. | -0. | -0. || -0. | -0. | -0. || -0. | -0. | -0. |

, evalForThisState=-1.0, isPlayerOneTurnOriginally=false}, StateDatum{MCTSProbabilites=
|  .0 |  .0 |  .0 ||  .0 |  .0 |  .0 ||  .0 |  .0 |  .0 |
|  .0 |  .0 |  .0 ||  .0 |  .0 |  .0 ||  .0 |  .0 |  .0 |
|  .0 |  .0 |  .0 ||  .0 |  .0 |  .0 ||  .0 |  .0 |  .0 |
|========+========+========||========+========+========||========+========+========|
|  .0 |  .0 |  .0 ||  .1881 |  .1279 |  .1365 ||  .0 |  .0 |  .0 |
|  .0 |  .0 |  .0 ||  .0815 |  .0 |  .1079 ||  .0 |  .0 |  .0 |
|  .0 |  .0 |  .0 ||  .1266 |  .052 |  .1795 ||  .0 |  .0 |  .0 |
|========+========+========||========+========+========||========+========+========|
|  .0 |  .0 |  .0 ||  .0 |  .0 |  .0 ||  .0 |  .0 |  .0 |
|  .0 |  .0 |  .0 ||  .0 |  .0 |  .0 ||  .0 |  .0 |  .0 |
|  .0 |  .0 |  .0 ||  .0 |  .0 |  .0 ||  .0 |  .0 |  .0 |

, state=
|  0. |  0. |  0. || -1. |  0. |  0. ||  0. |  0. |  0. |
|  0. |  1. |  0. ||  0. |  0. |  0. ||  0. |  0. |  0. |
|  0. |  0. |  0. ||  0. |  0. |  0. ||  0. |  0. |  0. |
|=====+=====+=====||=====+=====+=====||=====+=====+=====|
|  0. |  0. |  0. ||* 0. |* 0. |* 0. ||  0. |  0. |  0. |
|  0. |  0. |  0. ||* 0. |*-1. |* 0. ||  0. |  0. |  0. |
|  0. |  0. |  0. ||* 0. |* 0. |* 0. ||  0. |  0. |  0. |
|=====+=====+=====||=====+=====+=====||=====+=====+=====|
|  0. |  1. |  0. ||  0. |  0. |  0. ||  0. |  0. |  0. |
|  0. |  0. |  0. ||  0. |  0. |  0. ||  0. |  0. |  0. |
|  0. |  0. |  0. ||  0. |  0. |  0. ||  0. |  0. |  0. |

, evalForThisState=1.0, isPlayerOneTurnOriginally=true}, StateDatum{MCTSProbabilites=
|  .0365 |  .3132 |  .0457 ||  .0 |  .0 |  .0 ||  .0 |  .0 |  .0 |
|  .0386 |  .0 |  .0286 ||  .0 |  .0 |  .0 ||  .0 |  .0 |  .0 |
|  .0662 |  .4285 |  .0426 ||  .0 |  .0 |  .0 ||  .0 |  .0 |  .0 |
|========+========+========||========+========+========||========+========+========|
|  .0 |  .0 |  .0 ||  .0 |  .0 |  .0 ||  .0 |  .0 |  .0 |
|  .0 |  .0 |  .0 ||  .0 |  .0 |  .0 ||  .0 |  .0 |  .0 |
|  .0 |  .0 |  .0 ||  .0 |  .0 |  .0 ||  .0 |  .0 |  .0 |
|========+========+========||========+========+========||========+========+========|
|  .0 |  .0 |  .0 ||  .0 |  .0 |  .0 ||  .0 |  .0 |  .0 |
|  .0 |  .0 |  .0 ||  .0 |  .0 |  .0 ||  .0 |  .0 |  .0 |
|  .0 |  .0 |  .0 ||  .0 |  .0 |  .0 ||  .0 |  .0 |  .0 |

, state=
|*-0. |*-0. |*-0. ||  1. | -0. | -0. || -0. | -0. | -0. |
|*-0. |*-1. |*-0. || -0. | -0. | -0. || -0. | -0. | -0. |
|*-0. |*-0. |*-0. || -0. | -0. | -0. || -0. | -0. | -0. |
|=====+=====+=====||=====+=====+=====||=====+=====+=====|
| -0. | -0. | -0. || -1. | -0. | -0. || -0. | -0. | -0. |
| -0. | -0. | -0. || -0. |  1. | -0. || -0. | -0. | -0. |
| -0. | -0. | -0. || -0. | -0. | -0. || -0. | -0. | -0. |
|=====+=====+=====||=====+=====+=====||=====+=====+=====|
| -0. | -1. | -0. || -0. | -0. | -0. || -0. | -0. | -0. |
| -0. | -0. | -0. || -0. | -0. | -0. || -0. | -0. | -0. |
| -0. | -0. | -0. || -0. | -0. | -0. || -0. | -0. | -0. |

, evalForThisState=-1.0, isPlayerOneTurnOriginally=false}, StateDatum{MCTSProbabilites=
|  .0 |  .0 |  .0 ||  .0 |  .0 |  .0 ||  .0 |  .0 |  .0 |
|  .0 |  .0 |  .0 ||  .0 |  .0 |  .0 ||  .0 |  .0 |  .0 |
|  .0 |  .0 |  .0 ||  .0 |  .0 |  .0 ||  .0 |  .0 |  .0 |
|========+========+========||========+========+========||========+========+========|
|  .0 |  .0 |  .0 ||  .0 |  .0 |  .0 ||  .0 |  .0 |  .0 |
|  .0 |  .0 |  .0 ||  .0 |  .0 |  .0 ||  .0 |  .0 |  .0 |
|  .0 |  .0 |  .0 ||  .0 |  .0 |  .0 ||  .0 |  .0 |  .0 |
|========+========+========||========+========+========||========+========+========|
|  .0 |  .0 |  .0 ||  .1274 |  .1125 |  .0969 ||  .0 |  .0 |  .0 |
|  .0 |  .0 |  .0 ||  .1127 |  .1093 |  .0854 ||  .0 |  .0 |  .0 |
|  .0 |  .0 |  .0 ||  .1215 |  .169 |  .0653 ||  .0 |  .0 |  .0 |

, state=
|  0. |  0. |  0. || -1. |  0. |  0. ||  0. |  0. |  0. |
|  0. |  1. |  0. ||  0. |  0. |  0. ||  0. |  0. |  0. |
|  0. | -1. |  0. ||  0. |  0. |  0. ||  0. |  0. |  0. |
|=====+=====+=====||=====+=====+=====||=====+=====+=====|
|  0. |  0. |  0. ||  1. |  0. |  0. ||  0. |  0. |  0. |
|  0. |  0. |  0. ||  0. | -1. |  0. ||  0. |  0. |  0. |
|  0. |  0. |  0. ||  0. |  0. |  0. ||  0. |  0. |  0. |
|=====+=====+=====||=====+=====+=====||=====+=====+=====|
|  0. |  1. |  0. ||* 0. |* 0. |* 0. ||  0. |  0. |  0. |
|  0. |  0. |  0. ||* 0. |* 0. |* 0. ||  0. |  0. |  0. |
|  0. |  0. |  0. ||* 0. |* 0. |* 0. ||  0. |  0. |  0. |

, evalForThisState=1.0, isPlayerOneTurnOriginally=true}, StateDatum{MCTSProbabilites=
|  .0 |  .0 |  .0 ||  .0 |  .0 |  .0 ||  .0 |  .0 |  .0 |
|  .0 |  .0 |  .0 ||  .0 |  .0 |  .0 ||  .0 |  .0 |  .0 |
|  .0 |  .0 |  .0 ||  .0 |  .0 |  .0 ||  .0 |  .0 |  .0 |
|========+========+========||========+========+========||========+========+========|
|  .0 |  .0 |  .0 ||  .0 |  .0 |  .0 ||  .0 |  .0 |  .0 |
|  .0 |  .0 |  .0 ||  .0 |  .0 |  .0 ||  .0 |  .0 |  .0 |
|  .0 |  .0 |  .0 ||  .0 |  .0 |  .0 ||  .0 |  .0 |  .0 |
|========+========+========||========+========+========||========+========+========|
|  .0 |  .0 |  .0 ||  .3819 |  .0367 |  .0547 ||  .0 |  .0 |  .0 |
|  .0 |  .0 |  .0 ||  .078 |  .3243 |  .0505 ||  .0 |  .0 |  .0 |
|  .0 |  .0 |  .0 ||  .0318 |  .0 |  .042 ||  .0 |  .0 |  .0 |

, state=
| -0. | -0. | -0. ||  1. | -0. | -0. || -0. | -0. | -0. |
| -0. | -1. | -0. || -0. | -0. | -0. || -0. | -0. | -0. |
| -0. |  1. | -0. || -0. | -0. | -0. || -0. | -0. | -0. |
|=====+=====+=====||=====+=====+=====||=====+=====+=====|
| -0. | -0. | -0. || -1. | -0. | -0. || -0. | -0. | -0. |
| -0. | -0. | -0. || -0. |  1. | -0. || -0. | -0. | -0. |
| -0. | -0. | -0. || -0. | -0. | -0. || -0. | -0. | -0. |
|=====+=====+=====||=====+=====+=====||=====+=====+=====|
| -0. | -1. | -0. ||*-0. |*-0. |*-0. || -0. | -0. | -0. |
| -0. | -0. | -0. ||*-0. |*-0. |*-0. || -0. | -0. | -0. |
| -0. | -0. | -0. ||*-0. |*-1. |*-0. || -0. | -0. | -0. |

, evalForThisState=-1.0, isPlayerOneTurnOriginally=false}, StateDatum{MCTSProbabilites=
|  .1411 |  .2045 |  .1333 ||  .0 |  .0 |  .0 ||  .0 |  .0 |  .0 |
|  .1234 |  .0 |  .1179 ||  .0 |  .0 |  .0 ||  .0 |  .0 |  .0 |
|  .1584 |  .0 |  .1214 ||  .0 |  .0 |  .0 ||  .0 |  .0 |  .0 |
|========+========+========||========+========+========||========+========+========|
|  .0 |  .0 |  .0 ||  .0 |  .0 |  .0 ||  .0 |  .0 |  .0 |
|  .0 |  .0 |  .0 ||  .0 |  .0 |  .0 ||  .0 |  .0 |  .0 |
|  .0 |  .0 |  .0 ||  .0 |  .0 |  .0 ||  .0 |  .0 |  .0 |
|========+========+========||========+========+========||========+========+========|
|  .0 |  .0 |  .0 ||  .0 |  .0 |  .0 ||  .0 |  .0 |  .0 |
|  .0 |  .0 |  .0 ||  .0 |  .0 |  .0 ||  .0 |  .0 |  .0 |
|  .0 |  .0 |  .0 ||  .0 |  .0 |  .0 ||  .0 |  .0 |  .0 |

, state=
|* 0. |* 0. |* 0. || -1. |  0. |  0. ||  0. |  0. |  0. |
|* 0. |* 1. |* 0. ||  0. |  0. |  0. ||  0. |  0. |  0. |
|* 0. |*-1. |* 0. ||  0. |  0. |  0. ||  0. |  0. |  0. |
|=====+=====+=====||=====+=====+=====||=====+=====+=====|
|  0. |  0. |  0. ||  1. |  0. |  0. ||  0. |  0. |  0. |
|  0. |  0. |  0. ||  0. | -1. |  0. ||  0. |  0. |  0. |
|  0. |  0. |  0. ||  0. |  0. |  0. ||  0. |  0. |  0. |
|=====+=====+=====||=====+=====+=====||=====+=====+=====|
|  0. |  1. |  0. || -1. |  0. |  0. ||  0. |  0. |  0. |
|  0. |  0. |  0. ||  0. |  0. |  0. ||  0. |  0. |  0. |
|  0. |  0. |  0. ||  0. |  1. |  0. ||  0. |  0. |  0. |

, evalForThisState=1.0, isPlayerOneTurnOriginally=true}, StateDatum{MCTSProbabilites=
|  .0 |  .0 |  .0 ||  .0 |  .0388 |  .3368 ||  .0 |  .0 |  .0 |
|  .0 |  .0 |  .0 ||  .1894 |  .1849 |  .0468 ||  .0 |  .0 |  .0 |
|  .0 |  .0 |  .0 ||  .1217 |  .0395 |  .042 ||  .0 |  .0 |  .0 |
|========+========+========||========+========+========||========+========+========|
|  .0 |  .0 |  .0 ||  .0 |  .0 |  .0 ||  .0 |  .0 |  .0 |
|  .0 |  .0 |  .0 ||  .0 |  .0 |  .0 ||  .0 |  .0 |  .0 |
|  .0 |  .0 |  .0 ||  .0 |  .0 |  .0 ||  .0 |  .0 |  .0 |
|========+========+========||========+========+========||========+========+========|
|  .0 |  .0 |  .0 ||  .0 |  .0 |  .0 ||  .0 |  .0 |  .0 |
|  .0 |  .0 |  .0 ||  .0 |  .0 |  .0 ||  .0 |  .0 |  .0 |
|  .0 |  .0 |  .0 ||  .0 |  .0 |  .0 ||  .0 |  .0 |  .0 |

, state=
| -0. | -1. | -0. ||* 1. |*-0. |*-0. || -0. | -0. | -0. |
| -0. | -1. | -0. ||*-0. |*-0. |*-0. || -0. | -0. | -0. |
| -0. |  1. | -0. ||*-0. |*-0. |*-0. || -0. | -0. | -0. |
|=====+=====+=====||=====+=====+=====||=====+=====+=====|
| -0. | -0. | -0. || -1. | -0. | -0. || -0. | -0. | -0. |
| -0. | -0. | -0. || -0. |  1. | -0. || -0. | -0. | -0. |
| -0. | -0. | -0. || -0. | -0. | -0. || -0. | -0. | -0. |
|=====+=====+=====||=====+=====+=====||=====+=====+=====|
| -0. | -1. | -0. ||  1. | -0. | -0. || -0. | -0. | -0. |
| -0. | -0. | -0. || -0. | -0. | -0. || -0. | -0. | -0. |
| -0. | -0. | -0. || -0. | -1. | -0. || -0. | -0. | -0. |

, evalForThisState=-1.0, isPlayerOneTurnOriginally=false}, StateDatum{MCTSProbabilites=
|  .0 |  .0 |  .0 ||  .0 |  .0 |  .0 ||  .2066 |  .0769 |  .0977 |
|  .0 |  .0 |  .0 ||  .0 |  .0 |  .0 ||  .0609 |  .1349 |  .0604 |
|  .0 |  .0 |  .0 ||  .0 |  .0 |  .0 ||  .0759 |  .2446 |  .042 |
|========+========+========||========+========+========||========+========+========|
|  .0 |  .0 |  .0 ||  .0 |  .0 |  .0 ||  .0 |  .0 |  .0 |
|  .0 |  .0 |  .0 ||  .0 |  .0 |  .0 ||  .0 |  .0 |  .0 |
|  .0 |  .0 |  .0 ||  .0 |  .0 |  .0 ||  .0 |  .0 |  .0 |
|========+========+========||========+========+========||========+========+========|
|  .0 |  .0 |  .0 ||  .0 |  .0 |  .0 ||  .0 |  .0 |  .0 |
|  .0 |  .0 |  .0 ||  .0 |  .0 |  .0 ||  .0 |  .0 |  .0 |
|  .0 |  .0 |  .0 ||  .0 |  .0 |  .0 ||  .0 |  .0 |  .0 |

, state=
|  0. |  1. |  0. || -1. |  0. | -1. ||* 0. |* 0. |* 0. |
|  0. |  1. |  0. ||  0. |  0. |  0. ||* 0. |* 0. |* 0. |
|  0. | -1. |  0. ||  0. |  0. |  0. ||* 0. |* 0. |* 0. |
|=====+=====+=====||=====+=====+=====||=====+=====+=====|
|  0. |  0. |  0. ||  1. |  0. |  0. ||  0. |  0. |  0. |
|  0. |  0. |  0. ||  0. | -1. |  0. ||  0. |  0. |  0. |
|  0. |  0. |  0. ||  0. |  0. |  0. ||  0. |  0. |  0. |
|=====+=====+=====||=====+=====+=====||=====+=====+=====|
|  0. |  1. |  0. || -1. |  0. |  0. ||  0. |  0. |  0. |
|  0. |  0. |  0. ||  0. |  0. |  0. ||  0. |  0. |  0. |
|  0. |  0. |  0. ||  0. |  1. |  0. ||  0. |  0. |  0. |

, evalForThisState=1.0, isPlayerOneTurnOriginally=true}, StateDatum{MCTSProbabilites=
|  .0 |  .0 |  .0 ||  .0 |  .0 |  .0 ||  .0 |  .0 |  .0 |
|  .0 |  .0 |  .0 ||  .0 |  .0 |  .0 ||  .0 |  .0 |  .0 |
|  .0 |  .0 |  .0 ||  .0 |  .0 |  .0 ||  .0 |  .0 |  .0 |
|========+========+========||========+========+========||========+========+========|
|  .0 |  .0 |  .0 ||  .0 |  .0 |  .0 ||  .0 |  .0 |  .0 |
|  .0 |  .0 |  .0 ||  .0 |  .0 |  .0 ||  .0 |  .0 |  .0 |
|  .0 |  .0 |  .0 ||  .0 |  .0 |  .0 ||  .0 |  .0 |  .0 |
|========+========+========||========+========+========||========+========+========|
|  .0 |  .0 |  .0 ||  .0 |  .0787 |  .1841 ||  .0 |  .0 |  .0 |
|  .0 |  .0 |  .0 ||  .163 |  .2476 |  .0367 ||  .0 |  .0 |  .0 |
|  .0 |  .0 |  .0 ||  .1464 |  .0 |  .1434 ||  .0 |  .0 |  .0 |

, state=
| -0. | -1. | -0. ||  1. | -0. |  1. || -0. | -0. | -0. |
| -0. | -1. | -0. || -0. | -0. | -0. || -0. | -0. | -0. |
| -0. |  1. | -0. || -0. | -0. | -0. || -0. | -1. | -0. |
|=====+=====+=====||=====+=====+=====||=====+=====+=====|
| -0. | -0. | -0. || -1. | -0. | -0. || -0. | -0. | -0. |
| -0. | -0. | -0. || -0. |  1. | -0. || -0. | -0. | -0. |
| -0. | -0. | -0. || -0. | -0. | -0. || -0. | -0. | -0. |
|=====+=====+=====||=====+=====+=====||=====+=====+=====|
| -0. | -1. | -0. ||* 1. |*-0. |*-0. || -0. | -0. | -0. |
| -0. | -0. | -0. ||*-0. |*-0. |*-0. || -0. | -0. | -0. |
| -0. | -0. | -0. ||*-0. |*-1. |*-0. || -0. | -0. | -0. |

, evalForThisState=-1.0, isPlayerOneTurnOriginally=false}, StateDatum{MCTSProbabilites=
|  .0 |  .0 |  .0 ||  .0 |  .0 |  .0 ||  .0 |  .0 |  .0 |
|  .0 |  .0 |  .0 ||  .0 |  .0 |  .0 ||  .0 |  .0 |  .0 |
|  .0 |  .0 |  .0 ||  .0 |  .0 |  .0 ||  .0 |  .0 |  .0 |
|========+========+========||========+========+========||========+========+========|
|  .0 |  .0 |  .0 ||  .0 |  .1897 |  .1342 ||  .0 |  .0 |  .0 |
|  .0 |  .0 |  .0 ||  .1177 |  .0 |  .2352 ||  .0 |  .0 |  .0 |
|  .0 |  .0 |  .0 ||  .0738 |  .2217 |  .0277 ||  .0 |  .0 |  .0 |
|========+========+========||========+========+========||========+========+========|
|  .0 |  .0 |  .0 ||  .0 |  .0 |  .0 ||  .0 |  .0 |  .0 |
|  .0 |  .0 |  .0 ||  .0 |  .0 |  .0 ||  .0 |  .0 |  .0 |
|  .0 |  .0 |  .0 ||  .0 |  .0 |  .0 ||  .0 |  .0 |  .0 |

, state=
|  0. |  1. |  0. || -1. |  0. | -1. ||  0. |  0. |  0. |
|  0. |  1. |  0. ||  0. |  0. |  0. ||  0. |  0. |  0. |
|  0. | -1. |  0. ||  0. |  0. |  0. ||  0. |  1. |  0. |
|=====+=====+=====||=====+=====+=====||=====+=====+=====|
|  0. |  0. |  0. ||* 1. |* 0. |* 0. ||  0. |  0. |  0. |
|  0. |  0. |  0. ||* 0. |*-1. |* 0. ||  0. |  0. |  0. |
|  0. |  0. |  0. ||* 0. |* 0. |* 0. ||  0. |  0. |  0. |
|=====+=====+=====||=====+=====+=====||=====+=====+=====|
|  0. |  1. |  0. || -1. |  0. |  0. ||  0. |  0. |  0. |
|  0. |  0. |  0. ||  0. | -1. |  0. ||  0. |  0. |  0. |
|  0. |  0. |  0. ||  0. |  1. |  0. ||  0. |  0. |  0. |

, evalForThisState=1.0, isPlayerOneTurnOriginally=true}, StateDatum{MCTSProbabilites=
|  .0 |  .0 |  .0 ||  .0 |  .0 |  .0 ||  .0 |  .0 |  .0 |
|  .0 |  .0 |  .0 ||  .0 |  .0 |  .0 ||  .0 |  .0 |  .0 |
|  .0 |  .0 |  .0 ||  .0 |  .0 |  .0 ||  .0 |  .0 |  .0 |
|========+========+========||========+========+========||========+========+========|
|  .0 |  .0 |  .0 ||  .0 |  .0 |  .0 ||  .2004 |  .0278 |  .1446 |
|  .0 |  .0 |  .0 ||  .0 |  .0 |  .0 ||  .0781 |  .029 |  .1162 |
|  .0 |  .0 |  .0 ||  .0 |  .0 |  .0 ||  .1497 |  .2053 |  .049 |
|========+========+========||========+========+========||========+========+========|
|  .0 |  .0 |  .0 ||  .0 |  .0 |  .0 ||  .0 |  .0 |  .0 |
|  .0 |  .0 |  .0 ||  .0 |  .0 |  .0 ||  .0 |  .0 |  .0 |
|  .0 |  .0 |  .0 ||  .0 |  .0 |  .0 ||  .0 |  .0 |  .0 |

, state=
| -0. | -1. | -0. ||  1. | -0. |  1. || -0. | -0. | -0. |
| -0. | -1. | -0. || -0. | -0. | -0. || -0. | -0. | -0. |
| -0. |  1. | -0. || -0. | -0. | -0. || -0. | -1. | -0. |
|=====+=====+=====||=====+=====+=====||=====+=====+=====|
| -0. | -0. | -0. || -1. | -0. | -0. ||*-0. |*-0. |*-0. |
| -0. | -0. | -0. || -0. |  1. | -1. ||*-0. |*-0. |*-0. |
| -0. | -0. | -0. || -0. | -0. | -0. ||*-0. |*-0. |*-0. |
|=====+=====+=====||=====+=====+=====||=====+=====+=====|
| -0. | -1. | -0. ||  1. | -0. | -0. || -0. | -0. | -0. |
| -0. | -0. | -0. || -0. |  1. | -0. || -0. | -0. | -0. |
| -0. | -0. | -0. || -0. | -1. | -0. || -0. | -0. | -0. |

, evalForThisState=-1.0, isPlayerOneTurnOriginally=false}, StateDatum{MCTSProbabilites=
|  .0 |  .0 |  .0 ||  .0 |  .0 |  .0 ||  .0 |  .0 |  .0 |
|  .0 |  .0 |  .0 ||  .0 |  .0 |  .0 ||  .0 |  .0 |  .0 |
|  .0 |  .0 |  .0 ||  .0 |  .0 |  .0 ||  .0 |  .0 |  .0 |
|========+========+========||========+========+========||========+========+========|
|  .0 |  .0 |  .0 ||  .0 |  .0 |  .0 ||  .0 |  .0 |  .0 |
|  .0 |  .0 |  .0 ||  .0 |  .0 |  .0 ||  .0 |  .0 |  .0 |
|  .0 |  .0 |  .0 ||  .0 |  .0 |  .0 ||  .0 |  .0 |  .0 |
|========+========+========||========+========+========||========+========+========|
|  .0 |  .0 |  .0 ||  .0 |  .1666 |  .235 ||  .0 |  .0 |  .0 |
|  .0 |  .0 |  .0 ||  .0464 |  .0 |  .2291 ||  .0 |  .0 |  .0 |
|  .0 |  .0 |  .0 ||  .2379 |  .0 |  .085 ||  .0 |  .0 |  .0 |

, state=
|  0. |  1. |  0. || -1. |  0. | -1. ||  0. |  0. |  0. |
|  0. |  1. |  0. ||  0. |  0. |  0. ||  0. |  0. |  0. |
|  0. | -1. |  0. ||  0. |  0. |  0. ||  0. |  1. |  0. |
|=====+=====+=====||=====+=====+=====||=====+=====+=====|
|  0. |  0. |  0. ||  1. |  0. |  0. ||  0. |  0. |  0. |
|  0. |  0. |  0. ||  0. | -1. |  1. ||  0. |  0. |  0. |
|  0. |  0. |  0. ||  0. |  0. |  0. ||  0. | -1. |  0. |
|=====+=====+=====||=====+=====+=====||=====+=====+=====|
|  0. |  1. |  0. ||*-1. |* 0. |* 0. ||  0. |  0. |  0. |
|  0. |  0. |  0. ||* 0. |*-1. |* 0. ||  0. |  0. |  0. |
|  0. |  0. |  0. ||* 0. |* 1. |* 0. ||  0. |  0. |  0. |

, evalForThisState=1.0, isPlayerOneTurnOriginally=true}, StateDatum{MCTSProbabilites=
|  .0 |  .0 |  .0 ||  .0 |  .0 |  .0 ||  .0 |  .0 |  .0 |
|  .0 |  .0 |  .0 ||  .0 |  .0 |  .0 ||  .0 |  .0 |  .0 |
|  .0 |  .0 |  .0 ||  .0 |  .0 |  .0 ||  .0 |  .0 |  .0 |
|========+========+========||========+========+========||========+========+========|
|  .0 |  .0 |  .0 ||  .0 |  .0 |  .0 ||  .0 |  .0 |  .0 |
|  .0 |  .0 |  .0 ||  .0 |  .0 |  .0 ||  .0 |  .0 |  .0 |
|  .0 |  .0 |  .0 ||  .0 |  .0 |  .0 ||  .0 |  .0 |  .0 |
|========+========+========||========+========+========||========+========+========|
|  .1323 |  .0 |  .1613 ||  .0 |  .0 |  .0 ||  .0 |  .0 |  .0 |
|  .188 |  .1768 |  .1091 ||  .0 |  .0 |  .0 ||  .0 |  .0 |  .0 |
|  .0461 |  .1583 |  .028 ||  .0 |  .0 |  .0 ||  .0 |  .0 |  .0 |

, state=
| -0. | -1. | -0. ||  1. | -0. |  1. || -0. | -0. | -0. |
| -0. | -1. | -0. || -0. | -0. | -0. || -0. | -0. | -0. |
| -0. |  1. | -0. || -0. | -0. | -0. || -0. | -1. | -0. |
|=====+=====+=====||=====+=====+=====||=====+=====+=====|
| -0. | -0. | -0. || -1. | -0. | -0. || -0. | -0. | -0. |
| -0. | -0. | -0. || -0. |  1. | -1. || -0. | -0. | -0. |
| -0. | -0. | -0. || -0. | -0. | -0. || -0. |  1. | -0. |
|=====+=====+=====||=====+=====+=====||=====+=====+=====|
|*-0. |*-1. |*-0. ||  1. | -0. | -0. || -0. | -0. | -0. |
|*-0. |*-0. |*-0. || -0. |  1. | -0. || -0. | -0. | -0. |
|*-0. |*-0. |*-0. || -1. | -1. | -0. || -0. | -0. | -0. |

, evalForThisState=-1.0, isPlayerOneTurnOriginally=false}, StateDatum{MCTSProbabilites=
|  .0 |  .0 |  .0 ||  .0 |  .0 |  .0 ||  .0 |  .0 |  .0 |
|  .0 |  .0 |  .0 ||  .0 |  .0 |  .0 ||  .0 |  .0 |  .0 |
|  .0 |  .0 |  .0 ||  .0 |  .0 |  .0 ||  .0 |  .0 |  .0 |
|========+========+========||========+========+========||========+========+========|
|  .1498 |  .0719 |  .1197 ||  .0 |  .0 |  .0 ||  .0 |  .0 |  .0 |
|  .0964 |  .1633 |  .1187 ||  .0 |  .0 |  .0 ||  .0 |  .0 |  .0 |
|  .1121 |  .1401 |  .028 ||  .0 |  .0 |  .0 ||  .0 |  .0 |  .0 |
|========+========+========||========+========+========||========+========+========|
|  .0 |  .0 |  .0 ||  .0 |  .0 |  .0 ||  .0 |  .0 |  .0 |
|  .0 |  .0 |  .0 ||  .0 |  .0 |  .0 ||  .0 |  .0 |  .0 |
|  .0 |  .0 |  .0 ||  .0 |  .0 |  .0 ||  .0 |  .0 |  .0 |

, state=
|  0. |  1. |  0. || -1. |  0. | -1. ||  0. |  0. |  0. |
|  0. |  1. |  0. ||  0. |  0. |  0. ||  0. |  0. |  0. |
|  0. | -1. |  0. ||  0. |  0. |  0. ||  0. |  1. |  0. |
|=====+=====+=====||=====+=====+=====||=====+=====+=====|
|* 0. |* 0. |* 0. ||  1. |  0. |  0. ||  0. |  0. |  0. |
|* 0. |* 0. |* 0. ||  0. | -1. |  1. ||  0. |  0. |  0. |
|* 0. |* 0. |* 0. ||  0. |  0. |  0. ||  0. | -1. |  0. |
|=====+=====+=====||=====+=====+=====||=====+=====+=====|
|  0. |  1. |  0. || -1. |  0. |  0. ||  0. |  0. |  0. |
| -1. |  0. |  0. ||  0. | -1. |  0. ||  0. |  0. |  0. |
|  0. |  0. |  0. ||  1. |  1. |  0. ||  0. |  0. |  0. |

, evalForThisState=1.0, isPlayerOneTurnOriginally=true}, StateDatum{MCTSProbabilites=
|  .0 |  .0 |  .0 ||  .0 |  .0 |  .0 ||  .0 |  .0 |  .0 |
|  .0 |  .0 |  .0 ||  .0 |  .0 |  .0 ||  .0 |  .0 |  .0 |
|  .0 |  .0 |  .0 ||  .0 |  .0 |  .0 ||  .0 |  .0 |  .0 |
|========+========+========||========+========+========||========+========+========|
|  .0 |  .0 |  .0 ||  .0 |  .199 |  .1389 ||  .0 |  .0 |  .0 |
|  .0 |  .0 |  .0 ||  .208 |  .0 |  .0 ||  .0 |  .0 |  .0 |
|  .0 |  .0 |  .0 ||  .083 |  .1154 |  .2556 ||  .0 |  .0 |  .0 |
|========+========+========||========+========+========||========+========+========|
|  .0 |  .0 |  .0 ||  .0 |  .0 |  .0 ||  .0 |  .0 |  .0 |
|  .0 |  .0 |  .0 ||  .0 |  .0 |  .0 ||  .0 |  .0 |  .0 |
|  .0 |  .0 |  .0 ||  .0 |  .0 |  .0 ||  .0 |  .0 |  .0 |

, state=
| -0. | -1. | -0. ||  1. | -0. |  1. || -0. | -0. | -0. |
| -0. | -1. | -0. || -0. | -0. | -0. || -0. | -0. | -0. |
| -0. |  1. | -0. || -0. | -0. | -0. || -0. | -1. | -0. |
|=====+=====+=====||=====+=====+=====||=====+=====+=====|
| -0. | -0. | -0. ||*-1. |*-0. |*-0. || -0. | -0. | -0. |
| -0. | -1. | -0. ||*-0. |* 1. |*-1. || -0. | -0. | -0. |
| -0. | -0. | -0. ||*-0. |*-0. |*-0. || -0. |  1. | -0. |
|=====+=====+=====||=====+=====+=====||=====+=====+=====|
| -0. | -1. | -0. ||  1. | -0. | -0. || -0. | -0. | -0. |
|  1. | -0. | -0. || -0. |  1. | -0. || -0. | -0. | -0. |
| -0. | -0. | -0. || -1. | -1. | -0. || -0. | -0. | -0. |

, evalForThisState=-1.0, isPlayerOneTurnOriginally=false}, StateDatum{MCTSProbabilites=
|  .0 |  .0 |  .0 ||  .0 |  .0 |  .0 ||  .0 |  .0 |  .0 |
|  .0 |  .0 |  .0 ||  .0 |  .0 |  .0 ||  .0 |  .0 |  .0 |
|  .0 |  .0 |  .0 ||  .0 |  .0 |  .0 ||  .0 |  .0 |  .0 |
|========+========+========||========+========+========||========+========+========|
|  .0 |  .0 |  .0 ||  .0 |  .0 |  .0 ||  .0 |  .0 |  .0 |
|  .0 |  .0 |  .0 ||  .0 |  .0 |  .0 ||  .0 |  .0 |  .0 |
|  .0 |  .0 |  .0 ||  .0 |  .0 |  .0 ||  .0 |  .0 |  .0 |
|========+========+========||========+========+========||========+========+========|
|  .0 |  .0 |  .0 ||  .0 |  .0 |  .0 ||  .1593 |  .0776 |  .0726 |
|  .0 |  .0 |  .0 ||  .0 |  .0 |  .0 ||  .1477 |  .2055 |  .0833 |
|  .0 |  .0 |  .0 ||  .0 |  .0 |  .0 ||  .0644 |  .1101 |  .0796 |

, state=
|  0. |  1. |  0. || -1. |  0. | -1. ||  0. |  0. |  0. |
|  0. |  1. |  0. ||  0. |  0. |  0. ||  0. |  0. |  0. |
|  0. | -1. |  0. ||  0. |  0. |  0. ||  0. |  1. |  0. |
|=====+=====+=====||=====+=====+=====||=====+=====+=====|
|  0. |  0. |  0. ||  1. |  0. |  0. ||  0. |  0. |  0. |
|  0. |  1. |  0. ||  0. | -1. |  1. ||  0. |  0. |  0. |
|  0. |  0. |  0. ||  0. |  0. | -1. ||  0. | -1. |  0. |
|=====+=====+=====||=====+=====+=====||=====+=====+=====|
|  0. |  1. |  0. || -1. |  0. |  0. ||* 0. |* 0. |* 0. |
| -1. |  0. |  0. ||  0. | -1. |  0. ||* 0. |* 0. |* 0. |
|  0. |  0. |  0. ||  1. |  1. |  0. ||* 0. |* 0. |* 0. |

, evalForThisState=1.0, isPlayerOneTurnOriginally=true}, StateDatum{MCTSProbabilites=
|  .0 |  .0 |  .0 ||  .0 |  .0 |  .0 ||  .0 |  .0 |  .0 |
|  .0 |  .0 |  .0 ||  .0 |  .0 |  .0 ||  .0 |  .0 |  .0 |
|  .0 |  .0 |  .0 ||  .0 |  .0 |  .0 ||  .0 |  .0 |  .0 |
|========+========+========||========+========+========||========+========+========|
|  .0 |  .0 |  .0 ||  .0 |  .1824 |  .1952 ||  .0 |  .0 |  .0 |
|  .0 |  .0 |  .0 ||  .2308 |  .0 |  .0 ||  .0 |  .0 |  .0 |
|  .0 |  .0 |  .0 ||  .2051 |  .1865 |  .0 ||  .0 |  .0 |  .0 |
|========+========+========||========+========+========||========+========+========|
|  .0 |  .0 |  .0 ||  .0 |  .0 |  .0 ||  .0 |  .0 |  .0 |
|  .0 |  .0 |  .0 ||  .0 |  .0 |  .0 ||  .0 |  .0 |  .0 |
|  .0 |  .0 |  .0 ||  .0 |  .0 |  .0 ||  .0 |  .0 |  .0 |

, state=
| -0. | -1. | -0. ||  1. | -0. |  1. || -0. | -0. | -0. |
| -0. | -1. | -0. || -0. | -0. | -0. || -0. | -0. | -0. |
| -0. |  1. | -0. || -0. | -0. | -0. || -0. | -1. | -0. |
|=====+=====+=====||=====+=====+=====||=====+=====+=====|
| -0. | -0. | -0. ||*-1. |*-0. |*-0. || -0. | -0. | -0. |
| -0. | -1. | -0. ||*-0. |* 1. |*-1. || -0. | -0. | -0. |
| -0. | -0. | -0. ||*-0. |*-0. |* 1. || -0. |  1. | -0. |
|=====+=====+=====||=====+=====+=====||=====+=====+=====|
| -0. | -1. | -0. ||  1. | -0. | -0. || -0. | -0. | -0. |
|  1. | -0. | -0. || -0. |  1. | -0. || -0. | -1. | -0. |
| -0. | -0. | -0. || -1. | -1. | -0. || -0. | -0. | -0. |

, evalForThisState=-1.0, isPlayerOneTurnOriginally=false}, StateDatum{MCTSProbabilites=
|  .0 |  .0 |  .0 ||  .0 |  .0 |  .0 ||  .0 |  .0 |  .0 |
|  .0 |  .0 |  .0 ||  .0 |  .0 |  .0 ||  .0 |  .0 |  .0 |
|  .0 |  .0 |  .0 ||  .0 |  .0 |  .0 ||  .0 |  .0 |  .0 |
|========+========+========||========+========+========||========+========+========|
|  .1124 |  .0521 |  .0689 ||  .0 |  .0 |  .0 ||  .0 |  .0 |  .0 |
|  .0899 |  .0 |  .0923 ||  .0 |  .0 |  .0 ||  .0 |  .0 |  .0 |
|  .3271 |  .1929 |  .0643 ||  .0 |  .0 |  .0 ||  .0 |  .0 |  .0 |
|========+========+========||========+========+========||========+========+========|
|  .0 |  .0 |  .0 ||  .0 |  .0 |  .0 ||  .0 |  .0 |  .0 |
|  .0 |  .0 |  .0 ||  .0 |  .0 |  .0 ||  .0 |  .0 |  .0 |
|  .0 |  .0 |  .0 ||  .0 |  .0 |  .0 ||  .0 |  .0 |  .0 |

, state=
|  0. |  1. |  0. || -1. |  0. | -1. ||  0. |  0. |  0. |
|  0. |  1. |  0. ||  0. |  0. |  0. ||  0. |  0. |  0. |
|  0. | -1. |  0. ||  0. |  0. |  0. ||  0. |  1. |  0. |
|=====+=====+=====||=====+=====+=====||=====+=====+=====|
|* 0. |* 0. |* 0. ||  1. |  0. |  0. ||  0. |  0. |  0. |
|* 0. |* 1. |* 0. || -1. | -1. |  1. ||  0. |  0. |  0. |
|* 0. |* 0. |* 0. ||  0. |  0. | -1. ||  0. | -1. |  0. |
|=====+=====+=====||=====+=====+=====||=====+=====+=====|
|  0. |  1. |  0. || -1. |  0. |  0. ||  0. |  0. |  0. |
| -1. |  0. |  0. ||  0. | -1. |  0. ||  0. |  1. |  0. |
|  0. |  0. |  0. ||  1. |  1. |  0. ||  0. |  0. |  0. |

, evalForThisState=1.0, isPlayerOneTurnOriginally=true}, StateDatum{MCTSProbabilites=
|  .0 |  .0 |  .0 ||  .0 |  .0 |  .0 ||  .0 |  .0 |  .0 |
|  .0 |  .0 |  .0 ||  .0 |  .0 |  .0 ||  .0 |  .0 |  .0 |
|  .0 |  .0 |  .0 ||  .0 |  .0 |  .0 ||  .0 |  .0 |  .0 |
|========+========+========||========+========+========||========+========+========|
|  .0 |  .0 |  .0 ||  .0 |  .0 |  .0 ||  .0 |  .0 |  .0 |
|  .0 |  .0 |  .0 ||  .0 |  .0 |  .0 ||  .0 |  .0 |  .0 |
|  .0 |  .0 |  .0 ||  .0 |  .0 |  .0 ||  .0 |  .0 |  .0 |
|========+========+========||========+========+========||========+========+========|
|  .1416 |  .0 |  .1493 ||  .0 |  .0 |  .0 ||  .0 |  .0 |  .0 |
|  .0 |  .0997 |  .1802 ||  .0 |  .0 |  .0 ||  .0 |  .0 |  .0 |
|  .1196 |  .1738 |  .1358 ||  .0 |  .0 |  .0 ||  .0 |  .0 |  .0 |

, state=
| -0. | -1. | -0. ||  1. | -0. |  1. || -0. | -0. | -0. |
| -0. | -1. | -0. || -0. | -0. | -0. || -0. | -0. | -0. |
| -0. |  1. | -0. || -0. | -0. | -0. || -0. | -1. | -0. |
|=====+=====+=====||=====+=====+=====||=====+=====+=====|
| -0. | -0. | -0. || -1. | -0. | -0. || -0. | -0. | -0. |
| -0. | -1. | -0. ||  1. |  1. | -1. || -0. | -0. | -0. |
| -1. | -0. | -0. || -0. | -0. |  1. || -0. |  1. | -0. |
|=====+=====+=====||=====+=====+=====||=====+=====+=====|
|*-0. |*-1. |*-0. ||  1. | -0. | -0. || -0. | -0. | -0. |
|* 1. |*-0. |*-0. || -0. |  1. | -0. || -0. | -1. | -0. |
|*-0. |*-0. |*-0. || -1. | -1. | -0. || -0. | -0. | -0. |

, evalForThisState=-1.0, isPlayerOneTurnOriginally=false}, StateDatum{MCTSProbabilites=
|  .0 |  .0 |  .0 ||  .0 |  .0 |  .0 ||  .0 |  .0 |  .0 |
|  .0 |  .0 |  .0 ||  .0 |  .0 |  .0 ||  .0 |  .0 |  .0 |
|  .0 |  .0 |  .0 ||  .0 |  .0 |  .0 ||  .0 |  .0 |  .0 |
|========+========+========||========+========+========||========+========+========|
|  .0 |  .0 |  .0 ||  .0 |  .0 |  .0 ||  .1346 |  .1324 |  .0548 |
|  .0 |  .0 |  .0 ||  .0 |  .0 |  .0 ||  .1004 |  .0911 |  .1887 |
|  .0 |  .0 |  .0 ||  .0 |  .0 |  .0 ||  .1672 |  .0 |  .1308 |
|========+========+========||========+========+========||========+========+========|
|  .0 |  .0 |  .0 ||  .0 |  .0 |  .0 ||  .0 |  .0 |  .0 |
|  .0 |  .0 |  .0 ||  .0 |  .0 |  .0 ||  .0 |  .0 |  .0 |
|  .0 |  .0 |  .0 ||  .0 |  .0 |  .0 ||  .0 |  .0 |  .0 |

, state=
|  0. |  1. |  0. || -1. |  0. | -1. ||  0. |  0. |  0. |
|  0. |  1. |  0. ||  0. |  0. |  0. ||  0. |  0. |  0. |
|  0. | -1. |  0. ||  0. |  0. |  0. ||  0. |  1. |  0. |
|=====+=====+=====||=====+=====+=====||=====+=====+=====|
|  0. |  0. |  0. ||  1. |  0. |  0. ||* 0. |* 0. |* 0. |
|  0. |  1. |  0. || -1. | -1. |  1. ||* 0. |* 0. |* 0. |
|  1. |  0. |  0. ||  0. |  0. | -1. ||* 0. |*-1. |* 0. |
|=====+=====+=====||=====+=====+=====||=====+=====+=====|
|  0. |  1. |  0. || -1. |  0. |  0. ||  0. |  0. |  0. |
| -1. |  0. | -1. ||  0. | -1. |  0. ||  0. |  1. |  0. |
|  0. |  0. |  0. ||  1. |  1. |  0. ||  0. |  0. |  0. |

, evalForThisState=1.0, isPlayerOneTurnOriginally=true}, StateDatum{MCTSProbabilites=
|  .0 |  .0 |  .0 ||  .0 |  .0 |  .0 ||  .0 |  .0 |  .0 |
|  .0 |  .0 |  .0 ||  .0 |  .0 |  .0 ||  .0 |  .0 |  .0 |
|  .0 |  .0 |  .0 ||  .0 |  .0 |  .0 ||  .0 |  .0 |  .0 |
|========+========+========||========+========+========||========+========+========|
|  .0 |  .0 |  .0 ||  .0 |  .0 |  .0 ||  .1668 |  .1322 |  .1665 |
|  .0 |  .0 |  .0 ||  .0 |  .0 |  .0 ||  .1589 |  .1075 |  .0 |
|  .0 |  .0 |  .0 ||  .0 |  .0 |  .0 ||  .1117 |  .0 |  .1562 |
|========+========+========||========+========+========||========+========+========|
|  .0 |  .0 |  .0 ||  .0 |  .0 |  .0 ||  .0 |  .0 |  .0 |
|  .0 |  .0 |  .0 ||  .0 |  .0 |  .0 ||  .0 |  .0 |  .0 |
|  .0 |  .0 |  .0 ||  .0 |  .0 |  .0 ||  .0 |  .0 |  .0 |

, state=
| -0. | -1. | -0. ||  1. | -0. |  1. || -0. | -0. | -0. |
| -0. | -1. | -0. || -0. | -0. | -0. || -0. | -0. | -0. |
| -0. |  1. | -0. || -0. | -0. | -0. || -0. | -1. | -0. |
|=====+=====+=====||=====+=====+=====||=====+=====+=====|
| -0. | -0. | -0. || -1. | -0. | -0. ||*-0. |*-0. |*-0. |
| -0. | -1. | -0. ||  1. |  1. | -1. ||*-0. |*-0. |*-1. |
| -1. | -0. | -0. || -0. | -0. |  1. ||*-0. |* 1. |*-0. |
|=====+=====+=====||=====+=====+=====||=====+=====+=====|
| -0. | -1. | -0. ||  1. | -0. | -0. || -0. | -0. | -0. |
|  1. | -0. |  1. || -0. |  1. | -0. || -0. | -1. | -0. |
| -0. | -0. | -0. || -1. | -1. | -0. || -0. | -0. | -0. |

, evalForThisState=-1.0, isPlayerOneTurnOriginally=false}, StateDatum{MCTSProbabilites=
|  .1899 |  .0 |  .1082 ||  .0 |  .0 |  .0 ||  .0 |  .0 |  .0 |
|  .1153 |  .0 |  .0811 ||  .0 |  .0 |  .0 ||  .0 |  .0 |  .0 |
|  .3645 |  .0 |  .141 ||  .0 |  .0 |  .0 ||  .0 |  .0 |  .0 |
|========+========+========||========+========+========||========+========+========|
|  .0 |  .0 |  .0 ||  .0 |  .0 |  .0 ||  .0 |  .0 |  .0 |
|  .0 |  .0 |  .0 ||  .0 |  .0 |  .0 ||  .0 |  .0 |  .0 |
|  .0 |  .0 |  .0 ||  .0 |  .0 |  .0 ||  .0 |  .0 |  .0 |
|========+========+========||========+========+========||========+========+========|
|  .0 |  .0 |  .0 ||  .0 |  .0 |  .0 ||  .0 |  .0 |  .0 |
|  .0 |  .0 |  .0 ||  .0 |  .0 |  .0 ||  .0 |  .0 |  .0 |
|  .0 |  .0 |  .0 ||  .0 |  .0 |  .0 ||  .0 |  .0 |  .0 |

, state=
|* 0. |* 1. |* 0. || -1. |  0. | -1. ||  0. |  0. |  0. |
|* 0. |* 1. |* 0. ||  0. |  0. |  0. ||  0. |  0. |  0. |
|* 0. |*-1. |* 0. ||  0. |  0. |  0. ||  0. |  1. |  0. |
|=====+=====+=====||=====+=====+=====||=====+=====+=====|
|  0. |  0. |  0. ||  1. |  0. |  0. || -1. |  0. |  0. |
|  0. |  1. |  0. || -1. | -1. |  1. ||  0. |  0. |  1. |
|  1. |  0. |  0. ||  0. |  0. | -1. ||  0. | -1. |  0. |
|=====+=====+=====||=====+=====+=====||=====+=====+=====|
|  0. |  1. |  0. || -1. |  0. |  0. ||  0. |  0. |  0. |
| -1. |  0. | -1. ||  0. | -1. |  0. ||  0. |  1. |  0. |
|  0. |  0. |  0. ||  1. |  1. |  0. ||  0. |  0. |  0. |

, evalForThisState=1.0, isPlayerOneTurnOriginally=true}, StateDatum{MCTSProbabilites=
|  .0 |  .0 |  .0 ||  .0 |  .0 |  .0 ||  .0 |  .0 |  .0 |
|  .0 |  .0 |  .0 ||  .0 |  .0 |  .0 ||  .0 |  .0 |  .0 |
|  .0 |  .0 |  .0 ||  .0 |  .0 |  .0 ||  .0 |  .0 |  .0 |
|========+========+========||========+========+========||========+========+========|
|  .0 |  .0 |  .0 ||  .0 |  .0 |  .0 ||  .0 |  .0 |  .0 |
|  .0 |  .0 |  .0 ||  .0 |  .0 |  .0 ||  .0 |  .0 |  .0 |
|  .0 |  .0 |  .0 ||  .0 |  .0 |  .0 ||  .0 |  .0 |  .0 |
|========+========+========||========+========+========||========+========+========|
|  .1272 |  .0 |  .1966 ||  .0 |  .0 |  .0 ||  .0 |  .0 |  .0 |
|  .0 |  .1978 |  .0 ||  .0 |  .0 |  .0 ||  .0 |  .0 |  .0 |
|  .1373 |  .165 |  .1761 ||  .0 |  .0 |  .0 ||  .0 |  .0 |  .0 |

, state=
| -0. | -1. | -0. ||  1. | -0. |  1. || -0. | -0. | -0. |
| -0. | -1. | -0. || -0. | -0. | -0. || -0. | -0. | -0. |
| -1. |  1. | -0. || -0. | -0. | -0. || -0. | -1. | -0. |
|=====+=====+=====||=====+=====+=====||=====+=====+=====|
| -0. | -0. | -0. || -1. | -0. | -0. ||  1. | -0. | -0. |
| -0. | -1. | -0. ||  1. |  1. | -1. || -0. | -0. | -1. |
| -1. | -0. | -0. || -0. | -0. |  1. || -0. |  1. | -0. |
|=====+=====+=====||=====+=====+=====||=====+=====+=====|
|*-0. |*-1. |*-0. ||  1. | -0. | -0. || -0. | -0. | -0. |
|* 1. |*-0. |* 1. || -0. |  1. | -0. || -0. | -1. | -0. |
|*-0. |*-0. |*-0. || -1. | -1. | -0. || -0. | -0. | -0. |

, evalForThisState=-1.0, isPlayerOneTurnOriginally=false}, StateDatum{MCTSProbabilites=
|  .0 |  .0 |  .0 ||  .0 |  .0 |  .0 ||  .0 |  .0 |  .0 |
|  .0 |  .0 |  .0 ||  .0 |  .0 |  .0 ||  .0 |  .0 |  .0 |
|  .0 |  .0 |  .0 ||  .0 |  .0 |  .0 ||  .0 |  .0 |  .0 |
|========+========+========||========+========+========||========+========+========|
|  .0 |  .0 |  .0 ||  .0 |  .2518 |  .3785 ||  .0 |  .0 |  .0 |
|  .0 |  .0 |  .0 ||  .0 |  .0 |  .0 ||  .0 |  .0 |  .0 |
|  .0 |  .0 |  .0 ||  .1821 |  .1876 |  .0 ||  .0 |  .0 |  .0 |
|========+========+========||========+========+========||========+========+========|
|  .0 |  .0 |  .0 ||  .0 |  .0 |  .0 ||  .0 |  .0 |  .0 |
|  .0 |  .0 |  .0 ||  .0 |  .0 |  .0 ||  .0 |  .0 |  .0 |
|  .0 |  .0 |  .0 ||  .0 |  .0 |  .0 ||  .0 |  .0 |  .0 |

, state=
|  0. |  1. |  0. || -1. |  0. | -1. ||  0. |  0. |  0. |
|  0. |  1. |  0. ||  0. |  0. |  0. ||  0. |  0. |  0. |
|  1. | -1. |  0. ||  0. |  0. |  0. ||  0. |  1. |  0. |
|=====+=====+=====||=====+=====+=====||=====+=====+=====|
|  0. |  0. |  0. ||* 1. |* 0. |* 0. || -1. |  0. |  0. |
|  0. |  1. |  0. ||*-1. |*-1. |* 1. ||  0. |  0. |  1. |
|  1. |  0. |  0. ||* 0. |* 0. |*-1. ||  0. | -1. |  0. |
|=====+=====+=====||=====+=====+=====||=====+=====+=====|
|  0. |  1. |  0. || -1. |  0. |  0. ||  0. |  0. |  0. |
| -1. | -1. | -1. ||  0. | -1. |  0. ||  0. |  1. |  0. |
|  0. |  0. |  0. ||  1. |  1. |  0. ||  0. |  0. |  0. |

, evalForThisState=1.0, isPlayerOneTurnOriginally=true}, StateDatum{MCTSProbabilites=
|  .0 |  .0 |  .0 ||  .0 |  .0 |  .0 ||  .1157 |  .1296 |  .0725 |
|  .0 |  .0 |  .0 ||  .0 |  .0 |  .0 ||  .1543 |  .1888 |  .0909 |
|  .0 |  .0 |  .0 ||  .0 |  .0 |  .0 ||  .0496 |  .0 |  .1988 |
|========+========+========||========+========+========||========+========+========|
|  .0 |  .0 |  .0 ||  .0 |  .0 |  .0 ||  .0 |  .0 |  .0 |
|  .0 |  .0 |  .0 ||  .0 |  .0 |  .0 ||  .0 |  .0 |  .0 |
|  .0 |  .0 |  .0 ||  .0 |  .0 |  .0 ||  .0 |  .0 |  .0 |
|========+========+========||========+========+========||========+========+========|
|  .0 |  .0 |  .0 ||  .0 |  .0 |  .0 ||  .0 |  .0 |  .0 |
|  .0 |  .0 |  .0 ||  .0 |  .0 |  .0 ||  .0 |  .0 |  .0 |
|  .0 |  .0 |  .0 ||  .0 |  .0 |  .0 ||  .0 |  .0 |  .0 |

, state=
| -0. | -1. | -0. ||  1. | -0. |  1. ||*-0. |*-0. |*-0. |
| -0. | -1. | -0. || -0. | -0. | -0. ||*-0. |*-0. |*-0. |
| -1. |  1. | -0. || -0. | -0. | -0. ||*-0. |*-1. |*-0. |
|=====+=====+=====||=====+=====+=====||=====+=====+=====|
| -0. | -0. | -0. || -1. | -0. | -1. ||  1. | -0. | -0. |
| -0. | -1. | -0. ||  1. |  1. | -1. || -0. | -0. | -1. |
| -1. | -0. | -0. || -0. | -0. |  1. || -0. |  1. | -0. |
|=====+=====+=====||=====+=====+=====||=====+=====+=====|
| -0. | -1. | -0. ||  1. | -0. | -0. || -0. | -0. | -0. |
|  1. |  1. |  1. || -0. |  1. | -0. || -0. | -1. | -0. |
| -0. | -0. | -0. || -1. | -1. | -0. || -0. | -0. | -0. |

, evalForThisState=-1.0, isPlayerOneTurnOriginally=false}, StateDatum{MCTSProbabilites=
|  .0 |  .0 |  .0 ||  .0 |  .0 |  .0 ||  .0 |  .0 |  .0 |
|  .0 |  .0 |  .0 ||  .0 |  .0 |  .0 ||  .0 |  .0 |  .0 |
|  .0 |  .0 |  .0 ||  .0 |  .0 |  .0 ||  .0 |  .0 |  .0 |
|========+========+========||========+========+========||========+========+========|
|  .0 |  .0 |  .0 ||  .0 |  .0 |  .0 ||  .0 |  .0 |  .0 |
|  .0 |  .0 |  .0 ||  .0 |  .0 |  .0 ||  .0 |  .0 |  .0 |
|  .0 |  .0 |  .0 ||  .0 |  .0 |  .0 ||  .0 |  .0 |  .0 |
|========+========+========||========+========+========||========+========+========|
|  .0 |  .0 |  .0 ||  .0 |  .0 |  .0 ||  .1224 |  .0995 |  .1508 |
|  .0 |  .0 |  .0 ||  .0 |  .0 |  .0 ||  .0748 |  .0 |  .0983 |
|  .0 |  .0 |  .0 ||  .0 |  .0 |  .0 ||  .1246 |  .154 |  .1757 |

, state=
|  0. |  1. |  0. || -1. |  0. | -1. ||  0. |  0. |  0. |
|  0. |  1. |  0. ||  0. |  0. |  0. ||  0. |  0. |  0. |
|  1. | -1. |  0. ||  0. |  0. |  0. ||  0. |  1. | -1. |
|=====+=====+=====||=====+=====+=====||=====+=====+=====|
|  0. |  0. |  0. ||  1. |  0. |  1. || -1. |  0. |  0. |
|  0. |  1. |  0. || -1. | -1. |  1. ||  0. |  0. |  1. |
|  1. |  0. |  0. ||  0. |  0. | -1. ||  0. | -1. |  0. |
|=====+=====+=====||=====+=====+=====||=====+=====+=====|
|  0. |  1. |  0. || -1. |  0. |  0. ||* 0. |* 0. |* 0. |
| -1. | -1. | -1. ||  0. | -1. |  0. ||* 0. |* 1. |* 0. |
|  0. |  0. |  0. ||  1. |  1. |  0. ||* 0. |* 0. |* 0. |

, evalForThisState=1.0, isPlayerOneTurnOriginally=true}, StateDatum{MCTSProbabilites=
|  .0 |  .0 |  .0 ||  .0 |  .0 |  .0 ||  .0 |  .0 |  .0 |
|  .0 |  .0 |  .0 ||  .0 |  .0 |  .0 ||  .0 |  .0 |  .0 |
|  .0 |  .0 |  .0 ||  .0 |  .0 |  .0 ||  .0 |  .0 |  .0 |
|========+========+========||========+========+========||========+========+========|
|  .0 |  .0 |  .0 ||  .0 |  .0 |  .0 ||  .0 |  .0 |  .0 |
|  .0 |  .0 |  .0 ||  .0 |  .0 |  .0 ||  .0 |  .0 |  .0 |
|  .0 |  .0 |  .0 ||  .0 |  .0 |  .0 ||  .0 |  .0 |  .0 |
|========+========+========||========+========+========||========+========+========|
|  .0 |  .0 |  .0 ||  .0 |  .0 |  .0 ||  .1527 |  .1503 |  .1957 |
|  .0 |  .0 |  .0 ||  .0 |  .0 |  .0 ||  .1683 |  .0 |  .0834 |
|  .0 |  .0 |  .0 ||  .0 |  .0 |  .0 ||  .0669 |  .1827 |  .0 |

, state=
| -0. | -1. | -0. ||  1. | -0. |  1. || -0. | -0. | -0. |
| -0. | -1. | -0. || -0. | -0. | -0. || -0. | -0. | -0. |
| -1. |  1. | -0. || -0. | -0. | -0. || -0. | -1. |  1. |
|=====+=====+=====||=====+=====+=====||=====+=====+=====|
| -0. | -0. | -0. || -1. | -0. | -1. ||  1. | -0. | -0. |
| -0. | -1. | -0. ||  1. |  1. | -1. || -0. | -0. | -1. |
| -1. | -0. | -0. || -0. | -0. |  1. || -0. |  1. | -0. |
|=====+=====+=====||=====+=====+=====||=====+=====+=====|
| -0. | -1. | -0. ||  1. | -0. | -0. ||*-0. |*-0. |*-0. |
|  1. |  1. |  1. || -0. |  1. | -0. ||*-0. |*-1. |*-0. |
| -0. | -0. | -0. || -1. | -1. | -0. ||*-0. |*-0. |*-1. |

, evalForThisState=-1.0, isPlayerOneTurnOriginally=false}, StateDatum{MCTSProbabilites=
|  .0 |  .0 |  .0 ||  .0 |  .0 |  .0 ||  .1761 |  .0983 |  .1517 |
|  .0 |  .0 |  .0 ||  .0 |  .0 |  .0 ||  .1705 |  .1114 |  .1872 |
|  .0 |  .0 |  .0 ||  .0 |  .0 |  .0 ||  .1048 |  .0 |  .0 |
|========+========+========||========+========+========||========+========+========|
|  .0 |  .0 |  .0 ||  .0 |  .0 |  .0 ||  .0 |  .0 |  .0 |
|  .0 |  .0 |  .0 ||  .0 |  .0 |  .0 ||  .0 |  .0 |  .0 |
|  .0 |  .0 |  .0 ||  .0 |  .0 |  .0 ||  .0 |  .0 |  .0 |
|========+========+========||========+========+========||========+========+========|
|  .0 |  .0 |  .0 ||  .0 |  .0 |  .0 ||  .0 |  .0 |  .0 |
|  .0 |  .0 |  .0 ||  .0 |  .0 |  .0 ||  .0 |  .0 |  .0 |
|  .0 |  .0 |  .0 ||  .0 |  .0 |  .0 ||  .0 |  .0 |  .0 |

, state=
|  0. |  1. |  0. || -1. |  0. | -1. ||* 0. |* 0. |* 0. |
|  0. |  1. |  0. ||  0. |  0. |  0. ||* 0. |* 0. |* 0. |
|  1. | -1. |  0. ||  0. |  0. |  0. ||* 0. |* 1. |*-1. |
|=====+=====+=====||=====+=====+=====||=====+=====+=====|
|  0. |  0. |  0. ||  1. |  0. |  1. || -1. |  0. |  0. |
|  0. |  1. |  0. || -1. | -1. |  1. ||  0. |  0. |  1. |
|  1. |  0. |  0. ||  0. |  0. | -1. ||  0. | -1. |  0. |
|=====+=====+=====||=====+=====+=====||=====+=====+=====|
|  0. |  1. |  0. || -1. |  0. |  0. ||  0. |  0. | -1. |
| -1. | -1. | -1. ||  0. | -1. |  0. ||  0. |  1. |  0. |
|  0. |  0. |  0. ||  1. |  1. |  0. ||  0. |  0. |  1. |

, evalForThisState=1.0, isPlayerOneTurnOriginally=true}, StateDatum{MCTSProbabilites=
|  .0 |  .0 |  .0 ||  .0 |  .0 |  .0 ||  .0 |  .0 |  .0 |
|  .0 |  .0 |  .0 ||  .0 |  .0 |  .0 ||  .0 |  .0 |  .0 |
|  .0 |  .0 |  .0 ||  .0 |  .0 |  .0 ||  .0 |  .0 |  .0 |
|========+========+========||========+========+========||========+========+========|
|  .0 |  .0 |  .0 ||  .0 |  .0 |  .0 ||  .0 |  .2215 |  .1641 |
|  .0 |  .0 |  .0 ||  .0 |  .0 |  .0 ||  .2357 |  .1867 |  .0 |
|  .0 |  .0 |  .0 ||  .0 |  .0 |  .0 ||  .0361 |  .0 |  .1559 |
|========+========+========||========+========+========||========+========+========|
|  .0 |  .0 |  .0 ||  .0 |  .0 |  .0 ||  .0 |  .0 |  .0 |
|  .0 |  .0 |  .0 ||  .0 |  .0 |  .0 ||  .0 |  .0 |  .0 |
|  .0 |  .0 |  .0 ||  .0 |  .0 |  .0 ||  .0 |  .0 |  .0 |

, state=
| -0. | -1. | -0. ||  1. | -0. |  1. || -0. | -0. | -0. |
| -0. | -1. | -0. || -0. | -0. | -0. || -0. | -0. | -1. |
| -1. |  1. | -0. || -0. | -0. | -0. || -0. | -1. |  1. |
|=====+=====+=====||=====+=====+=====||=====+=====+=====|
| -0. | -0. | -0. || -1. | -0. | -1. ||* 1. |*-0. |*-0. |
| -0. | -1. | -0. ||  1. |  1. | -1. ||*-0. |*-0. |*-1. |
| -1. | -0. | -0. || -0. | -0. |  1. ||*-0. |* 1. |*-0. |
|=====+=====+=====||=====+=====+=====||=====+=====+=====|
| -0. | -1. | -0. ||  1. | -0. | -0. || -0. | -0. |  1. |
|  1. |  1. |  1. || -0. |  1. | -0. || -0. | -1. | -0. |
| -0. | -0. | -0. || -1. | -1. | -0. || -0. | -0. | -1. |

, evalForThisState=-1.0, isPlayerOneTurnOriginally=false}, StateDatum{MCTSProbabilites=
|  .0 |  .0 |  .0 ||  .0 |  .0 |  .0 ||  .0 |  .0 |  .0 |
|  .0 |  .0 |  .0 ||  .0 |  .0 |  .0 ||  .0 |  .0 |  .0 |
|  .0 |  .0 |  .0 ||  .0 |  .0 |  .0 ||  .0 |  .0 |  .0 |
|========+========+========||========+========+========||========+========+========|
|  .1676 |  .1299 |  .1975 ||  .0 |  .0 |  .0 ||  .0 |  .0 |  .0 |
|  .051 |  .0 |  .183 ||  .0 |  .0 |  .0 ||  .0 |  .0 |  .0 |
|  .0 |  .0837 |  .1873 ||  .0 |  .0 |  .0 ||  .0 |  .0 |  .0 |
|========+========+========||========+========+========||========+========+========|
|  .0 |  .0 |  .0 ||  .0 |  .0 |  .0 ||  .0 |  .0 |  .0 |
|  .0 |  .0 |  .0 ||  .0 |  .0 |  .0 ||  .0 |  .0 |  .0 |
|  .0 |  .0 |  .0 ||  .0 |  .0 |  .0 ||  .0 |  .0 |  .0 |

, state=
|  0. |  1. |  0. || -1. |  0. | -1. ||  0. |  0. |  0. |
|  0. |  1. |  0. ||  0. |  0. |  0. ||  0. |  0. |  1. |
|  1. | -1. |  0. ||  0. |  0. |  0. ||  0. |  1. | -1. |
|=====+=====+=====||=====+=====+=====||=====+=====+=====|
|* 0. |* 0. |* 0. ||  1. |  0. |  1. || -1. |  0. |  0. |
|* 0. |* 1. |* 0. || -1. | -1. |  1. || -1. |  0. |  1. |
|* 1. |* 0. |* 0. ||  0. |  0. | -1. ||  0. | -1. |  0. |
|=====+=====+=====||=====+=====+=====||=====+=====+=====|
|  0. |  1. |  0. || -1. |  0. |  0. ||  0. |  0. | -1. |
| -1. | -1. | -1. ||  0. | -1. |  0. ||  0. |  1. |  0. |
|  0. |  0. |  0. ||  1. |  1. |  0. ||  0. |  0. |  1. |

, evalForThisState=1.0, isPlayerOneTurnOriginally=true}, StateDatum{MCTSProbabilites=
|  .0 |  .0 |  .0 ||  .0 |  .0 |  .0 ||  .1393 |  .3366 |  .211 |
|  .0 |  .0 |  .0 ||  .0 |  .0 |  .0 ||  .0786 |  .0977 |  .0 |
|  .0 |  .0 |  .0 ||  .0 |  .0 |  .0 ||  .1368 |  .0 |  .0 |
|========+========+========||========+========+========||========+========+========|
|  .0 |  .0 |  .0 ||  .0 |  .0 |  .0 ||  .0 |  .0 |  .0 |
|  .0 |  .0 |  .0 ||  .0 |  .0 |  .0 ||  .0 |  .0 |  .0 |
|  .0 |  .0 |  .0 ||  .0 |  .0 |  .0 ||  .0 |  .0 |  .0 |
|========+========+========||========+========+========||========+========+========|
|  .0 |  .0 |  .0 ||  .0 |  .0 |  .0 ||  .0 |  .0 |  .0 |
|  .0 |  .0 |  .0 ||  .0 |  .0 |  .0 ||  .0 |  .0 |  .0 |
|  .0 |  .0 |  .0 ||  .0 |  .0 |  .0 ||  .0 |  .0 |  .0 |

, state=
| -0. | -1. | -0. ||  1. | -0. |  1. ||*-0. |*-0. |*-0. |
| -0. | -1. | -0. || -0. | -0. | -0. ||*-0. |*-0. |*-1. |
| -1. |  1. | -0. || -0. | -0. | -0. ||*-0. |*-1. |* 1. |
|=====+=====+=====||=====+=====+=====||=====+=====+=====|
| -0. | -0. | -1. || -1. | -0. | -1. ||  1. | -0. | -0. |
| -0. | -1. | -0. ||  1. |  1. | -1. ||  1. | -0. | -1. |
| -1. | -0. | -0. || -0. | -0. |  1. || -0. |  1. | -0. |
|=====+=====+=====||=====+=====+=====||=====+=====+=====|
| -0. | -1. | -0. ||  1. | -0. | -0. || -0. | -0. |  1. |
|  1. |  1. |  1. || -0. |  1. | -0. || -0. | -1. | -0. |
| -0. | -0. | -0. || -1. | -1. | -0. || -0. | -0. | -1. |

, evalForThisState=-1.0, isPlayerOneTurnOriginally=false}, StateDatum{MCTSProbabilites=
|  .0 |  .0 |  .0 ||  .0 |  .203 |  .0 ||  .0 |  .0 |  .0 |
|  .0 |  .0 |  .0 ||  .1376 |  .0766 |  .1544 ||  .0 |  .0 |  .0 |
|  .0 |  .0 |  .0 ||  .131 |  .1822 |  .1153 ||  .0 |  .0 |  .0 |
|========+========+========||========+========+========||========+========+========|
|  .0 |  .0 |  .0 ||  .0 |  .0 |  .0 ||  .0 |  .0 |  .0 |
|  .0 |  .0 |  .0 ||  .0 |  .0 |  .0 ||  .0 |  .0 |  .0 |
|  .0 |  .0 |  .0 ||  .0 |  .0 |  .0 ||  .0 |  .0 |  .0 |
|========+========+========||========+========+========||========+========+========|
|  .0 |  .0 |  .0 ||  .0 |  .0 |  .0 ||  .0 |  .0 |  .0 |
|  .0 |  .0 |  .0 ||  .0 |  .0 |  .0 ||  .0 |  .0 |  .0 |
|  .0 |  .0 |  .0 ||  .0 |  .0 |  .0 ||  .0 |  .0 |  .0 |

, state=
|  0. |  1. |  0. ||*-1. |* 0. |*-1. ||  0. | -1. |  0. |
|  0. |  1. |  0. ||* 0. |* 0. |* 0. ||  0. |  0. |  1. |
|  1. | -1. |  0. ||* 0. |* 0. |* 0. ||  0. |  1. | -1. |
|=====+=====+=====||=====+=====+=====||=====+=====+=====|
|  0. |  0. |  1. ||  1. |  0. |  1. || -1. |  0. |  0. |
|  0. |  1. |  0. || -1. | -1. |  1. || -1. |  0. |  1. |
|  1. |  0. |  0. ||  0. |  0. | -1. ||  0. | -1. |  0. |
|=====+=====+=====||=====+=====+=====||=====+=====+=====|
|  0. |  1. |  0. || -1. |  0. |  0. ||  0. |  0. | -1. |
| -1. | -1. | -1. ||  0. | -1. |  0. ||  0. |  1. |  0. |
|  0. |  0. |  0. ||  1. |  1. |  0. ||  0. |  0. |  1. |

, evalForThisState=1.0, isPlayerOneTurnOriginally=true}, StateDatum{MCTSProbabilites=
|  .0 |  .0 |  .0 ||  .0 |  .0 |  .0 ||  .0 |  .0 |  .0 |
|  .0 |  .0 |  .0 ||  .0992 |  .392 |  .1234 ||  .0 |  .0 |  .0 |
|  .0 |  .0 |  .0 ||  .111 |  .1206 |  .1537 ||  .0 |  .0 |  .0 |
|========+========+========||========+========+========||========+========+========|
|  .0 |  .0 |  .0 ||  .0 |  .0 |  .0 ||  .0 |  .0 |  .0 |
|  .0 |  .0 |  .0 ||  .0 |  .0 |  .0 ||  .0 |  .0 |  .0 |
|  .0 |  .0 |  .0 ||  .0 |  .0 |  .0 ||  .0 |  .0 |  .0 |
|========+========+========||========+========+========||========+========+========|
|  .0 |  .0 |  .0 ||  .0 |  .0 |  .0 ||  .0 |  .0 |  .0 |
|  .0 |  .0 |  .0 ||  .0 |  .0 |  .0 ||  .0 |  .0 |  .0 |
|  .0 |  .0 |  .0 ||  .0 |  .0 |  .0 ||  .0 |  .0 |  .0 |

, state=
| -0. | -1. | -0. ||* 1. |*-1. |* 1. || -0. |  1. | -0. |
| -0. | -1. | -0. ||*-0. |*-0. |*-0. || -0. | -0. | -1. |
| -1. |  1. | -0. ||*-0. |*-0. |*-0. || -0. | -1. |  1. |
|=====+=====+=====||=====+=====+=====||=====+=====+=====|
| -0. | -0. | -1. || -1. | -0. | -1. ||  1. | -0. | -0. |
| -0. | -1. | -0. ||  1. |  1. | -1. ||  1. | -0. | -1. |
| -1. | -0. | -0. || -0. | -0. |  1. || -0. |  1. | -0. |
|=====+=====+=====||=====+=====+=====||=====+=====+=====|
| -0. | -1. | -0. ||  1. | -0. | -0. || -0. | -0. |  1. |
|  1. |  1. |  1. || -0. |  1. | -0. || -0. | -1. | -0. |
| -0. | -0. | -0. || -1. | -1. | -0. || -0. | -0. | -1. |

, evalForThisState=-1.0, isPlayerOneTurnOriginally=false}, StateDatum{MCTSProbabilites=
|  .0 |  .0 |  .0 ||  .0 |  .0 |  .0 ||  .0 |  .0 |  .0 |
|  .0 |  .0 |  .0 ||  .0 |  .0 |  .0 ||  .0 |  .0 |  .0 |
|  .0 |  .0 |  .0 ||  .0 |  .0 |  .0 ||  .0 |  .0 |  .0 |
|========+========+========||========+========+========||========+========+========|
|  .0 |  .0 |  .0 ||  .0 |  .8245 |  .0 ||  .0 |  .0 |  .0 |
|  .0 |  .0 |  .0 ||  .0 |  .0 |  .0 ||  .0 |  .0 |  .0 |
|  .0 |  .0 |  .0 ||  .0738 |  .1018 |  .0 ||  .0 |  .0 |  .0 |
|========+========+========||========+========+========||========+========+========|
|  .0 |  .0 |  .0 ||  .0 |  .0 |  .0 ||  .0 |  .0 |  .0 |
|  .0 |  .0 |  .0 ||  .0 |  .0 |  .0 ||  .0 |  .0 |  .0 |
|  .0 |  .0 |  .0 ||  .0 |  .0 |  .0 ||  .0 |  .0 |  .0 |

, state=
|  0. |  1. |  0. || -1. |  1. | -1. ||  0. | -1. |  0. |
|  0. |  1. |  0. ||  0. | -1. |  0. ||  0. |  0. |  1. |
|  1. | -1. |  0. ||  0. |  0. |  0. ||  0. |  1. | -1. |
|=====+=====+=====||=====+=====+=====||=====+=====+=====|
|  0. |  0. |  1. ||* 1. |* 0. |* 1. || -1. |  0. |  0. |
|  0. |  1. |  0. ||*-1. |*-1. |* 1. || -1. |  0. |  1. |
|  1. |  0. |  0. ||* 0. |* 0. |*-1. ||  0. | -1. |  0. |
|=====+=====+=====||=====+=====+=====||=====+=====+=====|
|  0. |  1. |  0. || -1. |  0. |  0. ||  0. |  0. | -1. |
| -1. | -1. | -1. ||  0. | -1. |  0. ||  0. |  1. |  0. |
|  0. |  0. |  0. ||  1. |  1. |  0. ||  0. |  0. |  1. |

, evalForThisState=1.0, isPlayerOneTurnOriginally=true}, StateDatum{MCTSProbabilites=
|  .0 |  .0 |  .0 ||  .0 |  .0 |  .0 ||  .0 |  .0 |  .0 |
|  .0 |  .0 |  .0 ||  .1089 |  .0 |  .1157 ||  .0 |  .0 |  .0 |
|  .0 |  .0 |  .0 ||  .0012 |  .0994 |  .6748 ||  .0 |  .0 |  .0 |
|========+========+========||========+========+========||========+========+========|
|  .0 |  .0 |  .0 ||  .0 |  .0 |  .0 ||  .0 |  .0 |  .0 |
|  .0 |  .0 |  .0 ||  .0 |  .0 |  .0 ||  .0 |  .0 |  .0 |
|  .0 |  .0 |  .0 ||  .0 |  .0 |  .0 ||  .0 |  .0 |  .0 |
|========+========+========||========+========+========||========+========+========|
|  .0 |  .0 |  .0 ||  .0 |  .0 |  .0 ||  .0 |  .0 |  .0 |
|  .0 |  .0 |  .0 ||  .0 |  .0 |  .0 ||  .0 |  .0 |  .0 |
|  .0 |  .0 |  .0 ||  .0 |  .0 |  .0 ||  .0 |  .0 |  .0 |

, state=
| -0. | -1. | -0. ||* 1. |*-1. |* 1. || -0. |  1. | -0. |
| -0. | -1. | -0. ||*-0. |* 1. |*-0. || -0. | -0. | -1. |
| -1. |  1. | -0. ||*-0. |*-0. |*-0. || -0. | -1. |  1. |
|=====+=====+=====||=====+=====+=====||=====+=====+=====|
| -0. | -0. | -1. || -1. | -1. | -1. ||  1. | -0. | -0. |
| -0. | -1. | -0. ||  1. |  1. | -1. ||  1. | -0. | -1. |
| -1. | -0. | -0. || -0. | -0. |  1. || -0. |  1. | -0. |
|=====+=====+=====||=====+=====+=====||=====+=====+=====|
| -0. | -1. | -0. ||  1. | -0. | -0. || -0. | -0. |  1. |
|  1. |  1. |  1. || -0. |  1. | -0. || -0. | -1. | -0. |
| -0. | -0. | -0. || -1. | -1. | -0. || -0. | -0. | -1. |

, evalForThisState=-1.0, isPlayerOneTurnOriginally=false}, StateDatum{MCTSProbabilites=
|  .0 |  .0 |  .0 ||  .0 |  .0 |  .0 ||  .0 |  .0 |  .0 |
|  .0 |  .0 |  .0 ||  .0 |  .0 |  .0 ||  .0 |  .0 |  .0 |
|  .0 |  .0 |  .0 ||  .0 |  .0 |  .0 ||  .0 |  .0 |  .0 |
|========+========+========||========+========+========||========+========+========|
|  .0 |  .0 |  .0 ||  .0 |  .0 |  .0 ||  .0 |  .0 |  .0 |
|  .0 |  .0 |  .0 ||  .0 |  .0 |  .0 ||  .0 |  .0 |  .0 |
|  .0 |  .0 |  .0 ||  .0 |  .0 |  .0 ||  .0 |  .0 |  .0 |
|========+========+========||========+========+========||========+========+========|
|  .0 |  .0 |  .0 ||  .0 |  .0 |  .0 ||  .9724 |  .004 |  .0 |
|  .0 |  .0 |  .0 ||  .0 |  .0 |  .0 ||  .0046 |  .0 |  .0019 |
|  .0 |  .0 |  .0 ||  .0 |  .0 |  .0 ||  .0027 |  .0144 |  .0 |

, state=
|  0. |  1. |  0. || -1. |  1. | -1. ||  0. | -1. |  0. |
|  0. |  1. |  0. ||  0. | -1. |  0. ||  0. |  0. |  1. |
|  1. | -1. |  0. ||  0. |  0. | -1. ||  0. |  1. | -1. |
|=====+=====+=====||=====+=====+=====||=====+=====+=====|
|  0. |  0. |  1. ||  1. |  1. |  1. || -1. |  0. |  0. |
|  0. |  1. |  0. || -1. | -1. |  1. || -1. |  0. |  1. |
|  1. |  0. |  0. ||  0. |  0. | -1. ||  0. | -1. |  0. |
|=====+=====+=====||=====+=====+=====||=====+=====+=====|
|  0. |  1. |  0. || -1. |  0. |  0. ||* 0. |* 0. |*-1. |
| -1. | -1. | -1. ||  0. | -1. |  0. ||* 0. |* 1. |* 0. |
|  0. |  0. |  0. ||  1. |  1. |  0. ||* 0. |* 0. |* 1. |

, evalForThisState=1.0, isPlayerOneTurnOriginally=true}, StateDatum{MCTSProbabilites=
|  .0037 |  .0 |  .0381 ||  .0 |  .0 |  .0 ||  .0 |  .0 |  .0 |
|  .0004 |  .0 |  .9574 ||  .0 |  .0 |  .0 ||  .0 |  .0 |  .0 |
|  .0 |  .0 |  .0004 ||  .0 |  .0 |  .0 ||  .0 |  .0 |  .0 |
|========+========+========||========+========+========||========+========+========|
|  .0 |  .0 |  .0 ||  .0 |  .0 |  .0 ||  .0 |  .0 |  .0 |
|  .0 |  .0 |  .0 ||  .0 |  .0 |  .0 ||  .0 |  .0 |  .0 |
|  .0 |  .0 |  .0 ||  .0 |  .0 |  .0 ||  .0 |  .0 |  .0 |
|========+========+========||========+========+========||========+========+========|
|  .0 |  .0 |  .0 ||  .0 |  .0 |  .0 ||  .0 |  .0 |  .0 |
|  .0 |  .0 |  .0 ||  .0 |  .0 |  .0 ||  .0 |  .0 |  .0 |
|  .0 |  .0 |  .0 ||  .0 |  .0 |  .0 ||  .0 |  .0 |  .0 |

, state=
|*-0. |*-1. |*-0. ||  1. | -1. |  1. || -0. |  1. | -0. |
|*-0. |*-1. |*-0. || -0. |  1. | -0. || -0. | -0. | -1. |
|*-1. |* 1. |*-0. || -0. | -0. |  1. || -0. | -1. |  1. |
|=====+=====+=====||=====+=====+=====||=====+=====+=====|
| -0. | -0. | -1. || -1. | -1. | -1. ||  1. | -0. | -0. |
| -0. | -1. | -0. ||  1. |  1. | -1. ||  1. | -0. | -1. |
| -1. | -0. | -0. || -0. | -0. |  1. || -0. |  1. | -0. |
|=====+=====+=====||=====+=====+=====||=====+=====+=====|
| -0. | -1. | -0. ||  1. | -0. | -0. || -1. | -0. |  1. |
|  1. |  1. |  1. || -0. |  1. | -0. || -0. | -1. | -0. |
| -0. | -0. | -0. || -1. | -1. | -0. || -0. | -0. | -1. |

, evalForThisState=-1.0, isPlayerOneTurnOriginally=false}, StateDatum{MCTSProbabilites=
|  .0 |  .0 |  .0 ||  .0 |  .0 |  .0 ||  .0 |  .0 |  .0 |
|  .0 |  .0 |  .0 ||  .0 |  .0 |  .0 ||  .0 |  .0 |  .0 |
|  .0 |  .0 |  .0 ||  .0 |  .0 |  .0 ||  .0 |  .0 |  .0 |
|========+========+========||========+========+========||========+========+========|
|  .0 |  .0 |  .0 ||  .0 |  .0 |  .0 ||  .0 |  .012 |  .7083 |
|  .0 |  .0 |  .0 ||  .0 |  .0 |  .0 ||  .0 |  .0107 |  .0 |
|  .0 |  .0 |  .0 ||  .0 |  .0 |  .0 ||  .0026 |  .0 |  .2665 |
|========+========+========||========+========+========||========+========+========|
|  .0 |  .0 |  .0 ||  .0 |  .0 |  .0 ||  .0 |  .0 |  .0 |
|  .0 |  .0 |  .0 ||  .0 |  .0 |  .0 ||  .0 |  .0 |  .0 |
|  .0 |  .0 |  .0 ||  .0 |  .0 |  .0 ||  .0 |  .0 |  .0 |

, state=
|  0. |  1. |  0. || -1. |  1. | -1. ||  0. | -1. |  0. |
|  0. |  1. | -1. ||  0. | -1. |  0. ||  0. |  0. |  1. |
|  1. | -1. |  0. ||  0. |  0. | -1. ||  0. |  1. | -1. |
|=====+=====+=====||=====+=====+=====||=====+=====+=====|
|  0. |  0. |  1. ||  1. |  1. |  1. ||*-1. |* 0. |* 0. |
|  0. |  1. |  0. || -1. | -1. |  1. ||*-1. |* 0. |* 1. |
|  1. |  0. |  0. ||  0. |  0. | -1. ||* 0. |*-1. |* 0. |
|=====+=====+=====||=====+=====+=====||=====+=====+=====|
|  0. |  1. |  0. || -1. |  0. |  0. ||  1. |  0. | -1. |
| -1. | -1. | -1. ||  0. | -1. |  0. ||  0. |  1. |  0. |
|  0. |  0. |  0. ||  1. |  1. |  0. ||  0. |  0. |  1. |

, evalForThisState=1.0, isPlayerOneTurnOriginally=true}, StateDatum{MCTSProbabilites=
|  .0 |  .0 |  .0 ||  .0 |  .0 |  .0 ||  .9985 |  .0 |  .0012 |
|  .0 |  .0 |  .0 ||  .0 |  .0 |  .0 ||  .0001 |  .0001 |  .0 |
|  .0 |  .0 |  .0 ||  .0 |  .0 |  .0 ||  .0001 |  .0 |  .0 |
|========+========+========||========+========+========||========+========+========|
|  .0 |  .0 |  .0 ||  .0 |  .0 |  .0 ||  .0 |  .0 |  .0 |
|  .0 |  .0 |  .0 ||  .0 |  .0 |  .0 ||  .0 |  .0 |  .0 |
|  .0 |  .0 |  .0 ||  .0 |  .0 |  .0 ||  .0 |  .0 |  .0 |
|========+========+========||========+========+========||========+========+========|
|  .0 |  .0 |  .0 ||  .0 |  .0 |  .0 ||  .0 |  .0 |  .0 |
|  .0 |  .0 |  .0 ||  .0 |  .0 |  .0 ||  .0 |  .0 |  .0 |
|  .0 |  .0 |  .0 ||  .0 |  .0 |  .0 ||  .0 |  .0 |  .0 |

, state=
| -0. | -1. | -0. ||  1. | -1. |  1. ||*-0. |* 1. |*-0. |
| -0. | -1. |  1. || -0. |  1. | -0. ||*-0. |*-0. |*-1. |
| -1. |  1. | -0. || -0. | -0. |  1. ||*-0. |*-1. |* 1. |
|=====+=====+=====||=====+=====+=====||=====+=====+=====|
| -0. | -0. | -1. || -1. | -1. | -1. ||  1. | -0. | -1. |
| -0. | -1. | -0. ||  1. |  1. | -1. ||  1. | -0. | -1. |
| -1. | -0. | -0. || -0. | -0. |  1. || -0. |  1. | -0. |
|=====+=====+=====||=====+=====+=====||=====+=====+=====|
| -0. | -1. | -0. ||  1. | -0. | -0. || -1. | -0. |  1. |
|  1. |  1. |  1. || -0. |  1. | -0. || -0. | -1. | -0. |
| -0. | -0. | -0. || -1. | -1. | -0. || -0. | -0. | -1. |

, evalForThisState=-1.0, isPlayerOneTurnOriginally=false}, StateDatum{MCTSProbabilites=
|  .0 |  .0 |  .9998 ||  .0 |  .0 |  .0 ||  .0 |  .0 |  .0 |
|  .0001 |  .0 |  .0 ||  .0 |  .0 |  .0 ||  .0 |  .0 |  .0 |
|  .0 |  .0 |  .0001 ||  .0 |  .0 |  .0 ||  .0 |  .0 |  .0 |
|========+========+========||========+========+========||========+========+========|
|  .0 |  .0 |  .0 ||  .0 |  .0 |  .0 ||  .0 |  .0 |  .0 |
|  .0 |  .0 |  .0 ||  .0 |  .0 |  .0 ||  .0 |  .0 |  .0 |
|  .0 |  .0 |  .0 ||  .0 |  .0 |  .0 ||  .0 |  .0 |  .0 |
|========+========+========||========+========+========||========+========+========|
|  .0 |  .0 |  .0 ||  .0 |  .0 |  .0 ||  .0 |  .0 |  .0 |
|  .0 |  .0 |  .0 ||  .0 |  .0 |  .0 ||  .0 |  .0 |  .0 |
|  .0 |  .0 |  .0 ||  .0 |  .0 |  .0 ||  .0 |  .0 |  .0 |

, state=
|* 0. |* 1. |* 0. || -1. |  1. | -1. || -1. | -1. |  0. |
|* 0. |* 1. |*-1. ||  0. | -1. |  0. ||  0. |  0. |  1. |
|* 1. |*-1. |* 0. ||  0. |  0. | -1. ||  0. |  1. | -1. |
|=====+=====+=====||=====+=====+=====||=====+=====+=====|
|  0. |  0. |  1. ||  1. |  1. |  1. || -1. |  0. |  1. |
|  0. |  1. |  0. || -1. | -1. |  1. || -1. |  0. |  1. |
|  1. |  0. |  0. ||  0. |  0. | -1. ||  0. | -1. |  0. |
|=====+=====+=====||=====+=====+=====||=====+=====+=====|
|  0. |  1. |  0. || -1. |  0. |  0. ||  1. |  0. | -1. |
| -1. | -1. | -1. ||  0. | -1. |  0. ||  0. |  1. |  0. |
|  0. |  0. |  0. ||  1. |  1. |  0. ||  0. |  0. |  1. |

, evalForThisState=1.0, isPlayerOneTurnOriginally=true}]
Value network data: 
===========INPUT===================
[[         0,         0,         0,  ...    1.0000,    1.0000,    1.0000], 
 [         0,         0,         0,  ...   -1.0000,   -1.0000,   -1.0000], 
 [         0,         0,         0,  ...   -1.0000,   -1.0000,   -1.0000], 
  ..., 
 [         0,    1.0000,         0,  ...   -1.0000,   -1.0000,   -1.0000], 
 [         0,   -1.0000,         0,  ...   -1.0000,   -1.0000,   -1.0000], 
 [         0,    1.0000,         0,  ...   -1.0000,   -1.0000,   -1.0000]]
=================OUTPUT==================
[[1.0000], 
 [-1.0000], 
 [1.0000], 
 [-1.0000], 
 [1.0000], 
 [-1.0000], 
 [1.0000], 
 [-1.0000], 
 [1.0000], 
 [-1.0000], 
 [1.0000], 
 [-1.0000], 
 [1.0000], 
 [-1.0000], 
 [1.0000], 
 [-1.0000], 
 [1.0000], 
 [-1.0000], 
 [1.0000], 
 [-1.0000], 
 [1.0000], 
 [-1.0000], 
 [1.0000], 
 [-1.0000], 
 [1.0000], 
 [-1.0000], 
 [1.0000], 
 [-1.0000], 
 [1.0000], 
 [-1.0000], 
 [1.0000], 
 [-1.0000], 
 [1.0000], 
 [-1.0000], 
 [1.0000], 
 [-1.0000], 
 [1.0000], 
 [-1.0000], 
 [1.0000], 
 [-1.0000], 
 [1.0000], 
 [-1.0000], 
 [1.0000]]
Policy network data: 
===========INPUT===================
[[         0,         0,         0,  ...    1.0000,    1.0000,    1.0000], 
 [         0,         0,         0,  ...   -1.0000,   -1.0000,   -1.0000], 
 [         0,         0,         0,  ...   -1.0000,   -1.0000,   -1.0000], 
  ..., 
 [         0,    1.0000,         0,  ...   -1.0000,   -1.0000,   -1.0000], 
 [         0,   -1.0000,         0,  ...   -1.0000,   -1.0000,   -1.0000], 
 [         0,    1.0000,         0,  ...   -1.0000,   -1.0000,   -1.0000]]
=================OUTPUT==================
[[    0.0137,    0.0082,    0.0160,  ...    0.0122,    0.0088,    0.0117], 
 [         0,         0,         0,  ...         0,         0,         0], 
 [    0.0853,    0.1343,    0.1237,  ...         0,         0,         0], 
  ..., 
 [         0,         0,         0,  ...         0,         0,         0], 
 [         0,         0,         0,  ...         0,         0,         0], 
 [ 4.8869e-5,         0,    0.9998,  ...         0,         0,         0]]
W:\Labs\ME\ME187-Fall2024\StudentFiles\CALEBHOTTES\UTTTstuff\data\series1\policy$series1,gameNum151$1729277525968.bin
Took: 1511 s to simulate game
Finished simulating game, see log at: W:\Labs\ME\ME187-Fall2024\StudentFiles\CALEBHOTTES\UTTTstuff\data\logs\series1\game151$1729269168794.log for details.
