Saving data to: W:\Labs\ME\ME187-Fall2024\StudentFiles\CALEBHOTTES\UTTTstuff\data\series1
Begin custom message: 
DataSeries: series1 game number: 54 

Description: making data during matlab class 238. 

Evaluator config=EvaluatorConfiguration{cValue=2.0, maxRolloutDepth=1000, computeTime=35, threads=1, stupidity=0, allowForcePlay=false, maxMyCPU=false}
End custom message
Inital State: 

|* 0. |* 0. |* 0. ||* 0. |* 0. |* 0. ||* 0. |* 0. |* 0. |
|* 0. |* 0. |* 0. ||* 0. |* 0. |* 0. ||* 0. |* 0. |* 0. |
|* 0. |* 0. |* 0. ||* 0. |* 0. |* 0. ||* 0. |* 0. |* 0. |
|=====+=====+=====||=====+=====+=====||=====+=====+=====|
|* 0. |* 0. |* 0. ||* 0. |* 0. |* 0. ||* 0. |* 0. |* 0. |
|* 0. |* 0. |* 0. ||* 0. |* 0. |* 0. ||* 0. |* 0. |* 0. |
|* 0. |* 0. |* 0. ||* 0. |* 0. |* 0. ||* 0. |* 0. |* 0. |
|=====+=====+=====||=====+=====+=====||=====+=====+=====|
|* 0. |* 0. |* 0. ||* 0. |* 0. |* 0. ||* 0. |* 0. |* 0. |
|* 0. |* 0. |* 0. ||* 0. |* 0. |* 0. ||* 0. |* 0. |* 0. |
|* 0. |* 0. |* 0. ||* 0. |* 0. |* 0. ||* 0. |* 0. |* 0. |


state to eval, currenty is playerone turn=true

|* 0. |* 0. |* 0. ||* 0. |* 0. |* 0. ||* 0. |* 0. |* 0. |
|* 0. |* 0. |* 0. ||* 0. |* 0. |* 0. ||* 0. |* 0. |* 0. |
|* 0. |* 0. |* 0. ||* 0. |* 0. |* 0. ||* 0. |* 0. |* 0. |
|=====+=====+=====||=====+=====+=====||=====+=====+=====|
|* 0. |* 0. |* 0. ||* 0. |* 0. |* 0. ||* 0. |* 0. |* 0. |
|* 0. |* 0. |* 0. ||* 0. |* 0. |* 0. ||* 0. |* 0. |* 0. |
|* 0. |* 0. |* 0. ||* 0. |* 0. |* 0. ||* 0. |* 0. |* 0. |
|=====+=====+=====||=====+=====+=====||=====+=====+=====|
|* 0. |* 0. |* 0. ||* 0. |* 0. |* 0. ||* 0. |* 0. |* 0. |
|* 0. |* 0. |* 0. ||* 0. |* 0. |* 0. ||* 0. |* 0. |* 0. |
|* 0. |* 0. |* 0. ||* 0. |* 0. |* 0. ||* 0. |* 0. |* 0. |


Determined best move using: 93350Iterations
Determined best move using: 87774Iterations
current State

|  0. |  0. |  0. ||  0. |  0. |  0. ||  0. |  0. |  0. |
|  0. |  0. |  0. ||  0. |  0. |  0. ||  0. |  0. |  0. |
|  1. |  0. |  0. ||  0. |  0. |  0. ||  0. |  0. |  0. |
|=====+=====+=====||=====+=====+=====||=====+=====+=====|
|  0. |  0. |  0. ||  0. |  0. |  0. ||  0. |  0. |  0. |
|  0. |  0. |  0. ||  0. |  0. |  0. ||  0. |  0. |  0. |
|  0. |  0. |  0. ||  0. |  0. |  0. ||  0. |  0. |  0. |
|=====+=====+=====||=====+=====+=====||=====+=====+=====|
|* 0. |* 0. |* 0. ||  0. |  0. |  0. ||  0. |  0. |  0. |
|* 0. |* 0. |* 0. ||  0. |  0. |  0. ||  0. |  0. |  0. |
|* 0. |* 0. |* 0. ||  0. |  0. |  0. ||  0. |  0. |  0. |


state to eval, currenty is playerone turn=false

| -0. | -0. | -0. || -0. | -0. | -0. || -0. | -0. | -0. |
| -0. | -0. | -0. || -0. | -0. | -0. || -0. | -0. | -0. |
| -1. | -0. | -0. || -0. | -0. | -0. || -0. | -0. | -0. |
|=====+=====+=====||=====+=====+=====||=====+=====+=====|
| -0. | -0. | -0. || -0. | -0. | -0. || -0. | -0. | -0. |
| -0. | -0. | -0. || -0. | -0. | -0. || -0. | -0. | -0. |
| -0. | -0. | -0. || -0. | -0. | -0. || -0. | -0. | -0. |
|=====+=====+=====||=====+=====+=====||=====+=====+=====|
|*-0. |*-0. |*-0. || -0. | -0. | -0. || -0. | -0. | -0. |
|*-0. |*-0. |*-0. || -0. | -0. | -0. || -0. | -0. | -0. |
|*-0. |*-0. |*-0. || -0. | -0. | -0. || -0. | -0. | -0. |


Determined best move using: 90474Iterations
current State

|  0. |  0. |  0. ||  0. |  0. |  0. ||  0. |  0. |  0. |
|  0. |  0. |  0. ||  0. |  0. |  0. ||  0. |  0. |  0. |
|  1. |  0. |  0. ||  0. |  0. |  0. ||  0. |  0. |  0. |
|=====+=====+=====||=====+=====+=====||=====+=====+=====|
|  0. |  0. |  0. ||* 0. |* 0. |* 0. ||  0. |  0. |  0. |
|  0. |  0. |  0. ||* 0. |* 0. |* 0. ||  0. |  0. |  0. |
|  0. |  0. |  0. ||* 0. |* 0. |* 0. ||  0. |  0. |  0. |
|=====+=====+=====||=====+=====+=====||=====+=====+=====|
|  0. |  0. |  0. ||  0. |  0. |  0. ||  0. |  0. |  0. |
|  0. | -1. |  0. ||  0. |  0. |  0. ||  0. |  0. |  0. |
|  0. |  0. |  0. ||  0. |  0. |  0. ||  0. |  0. |  0. |


state to eval, currenty is playerone turn=true

|  0. |  0. |  0. ||  0. |  0. |  0. ||  0. |  0. |  0. |
|  0. |  0. |  0. ||  0. |  0. |  0. ||  0. |  0. |  0. |
|  1. |  0. |  0. ||  0. |  0. |  0. ||  0. |  0. |  0. |
|=====+=====+=====||=====+=====+=====||=====+=====+=====|
|  0. |  0. |  0. ||* 0. |* 0. |* 0. ||  0. |  0. |  0. |
|  0. |  0. |  0. ||* 0. |* 0. |* 0. ||  0. |  0. |  0. |
|  0. |  0. |  0. ||* 0. |* 0. |* 0. ||  0. |  0. |  0. |
|=====+=====+=====||=====+=====+=====||=====+=====+=====|
|  0. |  0. |  0. ||  0. |  0. |  0. ||  0. |  0. |  0. |
|  0. | -1. |  0. ||  0. |  0. |  0. ||  0. |  0. |  0. |
|  0. |  0. |  0. ||  0. |  0. |  0. ||  0. |  0. |  0. |


Determined best move using: 77147Iterations
Determined best move using: 91800Iterations
current State

|  0. |  0. |  0. ||  0. |  0. |  0. ||  0. |  0. |  0. |
|  0. |  0. |  0. ||  0. |  0. |  0. ||  0. |  0. |  0. |
|  1. |  0. |  0. ||  0. |  0. |  0. ||  0. |  0. |  0. |
|=====+=====+=====||=====+=====+=====||=====+=====+=====|
|  0. |  0. |  0. ||  0. |  0. |  0. ||  0. |  0. |  0. |
|  0. |  0. |  0. ||  0. |  0. |  0. ||  0. |  0. |  0. |
|  0. |  0. |  0. ||  0. |  1. |  0. ||  0. |  0. |  0. |
|=====+=====+=====||=====+=====+=====||=====+=====+=====|
|  0. |  0. |  0. ||* 0. |* 0. |* 0. ||  0. |  0. |  0. |
|  0. | -1. |  0. ||* 0. |* 0. |* 0. ||  0. |  0. |  0. |
|  0. |  0. |  0. ||* 0. |* 0. |* 0. ||  0. |  0. |  0. |


state to eval, currenty is playerone turn=false

| -0. | -0. | -0. || -0. | -0. | -0. || -0. | -0. | -0. |
| -0. | -0. | -0. || -0. | -0. | -0. || -0. | -0. | -0. |
| -1. | -0. | -0. || -0. | -0. | -0. || -0. | -0. | -0. |
|=====+=====+=====||=====+=====+=====||=====+=====+=====|
| -0. | -0. | -0. || -0. | -0. | -0. || -0. | -0. | -0. |
| -0. | -0. | -0. || -0. | -0. | -0. || -0. | -0. | -0. |
| -0. | -0. | -0. || -0. | -1. | -0. || -0. | -0. | -0. |
|=====+=====+=====||=====+=====+=====||=====+=====+=====|
| -0. | -0. | -0. ||*-0. |*-0. |*-0. || -0. | -0. | -0. |
| -0. |  1. | -0. ||*-0. |*-0. |*-0. || -0. | -0. | -0. |
| -0. | -0. | -0. ||*-0. |*-0. |*-0. || -0. | -0. | -0. |


Determined best move using: 93327Iterations
current State

|  0. |  0. |  0. ||  0. |  0. |  0. ||  0. |  0. |  0. |
|  0. |  0. |  0. ||  0. |  0. |  0. ||  0. |  0. |  0. |
|  1. |  0. |  0. ||  0. |  0. |  0. ||  0. |  0. |  0. |
|=====+=====+=====||=====+=====+=====||=====+=====+=====|
|  0. |  0. |  0. ||  0. |  0. |  0. ||  0. |  0. |  0. |
|  0. |  0. |  0. ||  0. |  0. |  0. ||  0. |  0. |  0. |
|  0. |  0. |  0. ||  0. |  1. |  0. ||  0. |  0. |  0. |
|=====+=====+=====||=====+=====+=====||=====+=====+=====|
|* 0. |* 0. |* 0. ||  0. |  0. |  0. ||  0. |  0. |  0. |
|* 0. |*-1. |* 0. ||  0. |  0. |  0. ||  0. |  0. |  0. |
|* 0. |* 0. |* 0. || -1. |  0. |  0. ||  0. |  0. |  0. |


state to eval, currenty is playerone turn=true

|  0. |  0. |  0. ||  0. |  0. |  0. ||  0. |  0. |  0. |
|  0. |  0. |  0. ||  0. |  0. |  0. ||  0. |  0. |  0. |
|  1. |  0. |  0. ||  0. |  0. |  0. ||  0. |  0. |  0. |
|=====+=====+=====||=====+=====+=====||=====+=====+=====|
|  0. |  0. |  0. ||  0. |  0. |  0. ||  0. |  0. |  0. |
|  0. |  0. |  0. ||  0. |  0. |  0. ||  0. |  0. |  0. |
|  0. |  0. |  0. ||  0. |  1. |  0. ||  0. |  0. |  0. |
|=====+=====+=====||=====+=====+=====||=====+=====+=====|
|* 0. |* 0. |* 0. ||  0. |  0. |  0. ||  0. |  0. |  0. |
|* 0. |*-1. |* 0. ||  0. |  0. |  0. ||  0. |  0. |  0. |
|* 0. |* 0. |* 0. || -1. |  0. |  0. ||  0. |  0. |  0. |


current State

|* 0. |* 0. |* 0. ||  0. |  0. |  0. ||  0. |  0. |  0. |
|* 0. |* 0. |* 0. ||  0. |  0. |  0. ||  0. |  0. |  0. |
|* 1. |* 0. |* 0. ||  0. |  0. |  0. ||  0. |  0. |  0. |
|=====+=====+=====||=====+=====+=====||=====+=====+=====|
|  0. |  0. |  0. ||  0. |  0. |  0. ||  0. |  0. |  0. |
|  0. |  0. |  0. ||  0. |  0. |  0. ||  0. |  0. |  0. |
|  0. |  0. |  0. ||  0. |  1. |  0. ||  0. |  0. |  0. |
|=====+=====+=====||=====+=====+=====||=====+=====+=====|
|  1. |  0. |  0. ||  0. |  0. |  0. ||  0. |  0. |  0. |
|  0. | -1. |  0. ||  0. |  0. |  0. ||  0. |  0. |  0. |
|  0. |  0. |  0. || -1. |  0. |  0. ||  0. |  0. |  0. |


state to eval, currenty is playerone turn=false

|*-0. |*-0. |*-0. || -0. | -0. | -0. || -0. | -0. | -0. |
|*-0. |*-0. |*-0. || -0. | -0. | -0. || -0. | -0. | -0. |
|*-1. |*-0. |*-0. || -0. | -0. | -0. || -0. | -0. | -0. |
|=====+=====+=====||=====+=====+=====||=====+=====+=====|
| -0. | -0. | -0. || -0. | -0. | -0. || -0. | -0. | -0. |
| -0. | -0. | -0. || -0. | -0. | -0. || -0. | -0. | -0. |
| -0. | -0. | -0. || -0. | -1. | -0. || -0. | -0. | -0. |
|=====+=====+=====||=====+=====+=====||=====+=====+=====|
| -1. | -0. | -0. || -0. | -0. | -0. || -0. | -0. | -0. |
| -0. |  1. | -0. || -0. | -0. | -0. || -0. | -0. | -0. |
| -0. | -0. | -0. ||  1. | -0. | -0. || -0. | -0. | -0. |


current State

|  0. |  0. |  0. ||  0. |  0. |  0. ||  0. |  0. |  0. |
|  0. |  0. |  0. ||  0. |  0. |  0. ||  0. |  0. |  0. |
|  1. | -1. |  0. ||  0. |  0. |  0. ||  0. |  0. |  0. |
|=====+=====+=====||=====+=====+=====||=====+=====+=====|
|  0. |  0. |  0. ||  0. |  0. |  0. ||  0. |  0. |  0. |
|  0. |  0. |  0. ||  0. |  0. |  0. ||  0. |  0. |  0. |
|  0. |  0. |  0. ||  0. |  1. |  0. ||  0. |  0. |  0. |
|=====+=====+=====||=====+=====+=====||=====+=====+=====|
|  1. |  0. |  0. ||* 0. |* 0. |* 0. ||  0. |  0. |  0. |
|  0. | -1. |  0. ||* 0. |* 0. |* 0. ||  0. |  0. |  0. |
|  0. |  0. |  0. ||*-1. |* 0. |* 0. ||  0. |  0. |  0. |


state to eval, currenty is playerone turn=true

|  0. |  0. |  0. ||  0. |  0. |  0. ||  0. |  0. |  0. |
|  0. |  0. |  0. ||  0. |  0. |  0. ||  0. |  0. |  0. |
|  1. | -1. |  0. ||  0. |  0. |  0. ||  0. |  0. |  0. |
|=====+=====+=====||=====+=====+=====||=====+=====+=====|
|  0. |  0. |  0. ||  0. |  0. |  0. ||  0. |  0. |  0. |
|  0. |  0. |  0. ||  0. |  0. |  0. ||  0. |  0. |  0. |
|  0. |  0. |  0. ||  0. |  1. |  0. ||  0. |  0. |  0. |
|=====+=====+=====||=====+=====+=====||=====+=====+=====|
|  1. |  0. |  0. ||* 0. |* 0. |* 0. ||  0. |  0. |  0. |
|  0. | -1. |  0. ||* 0. |* 0. |* 0. ||  0. |  0. |  0. |
|  0. |  0. |  0. ||*-1. |* 0. |* 0. ||  0. |  0. |  0. |


current State

|  0. |  0. |  0. ||  0. |  0. |  0. ||* 0. |* 0. |* 0. |
|  0. |  0. |  0. ||  0. |  0. |  0. ||* 0. |* 0. |* 0. |
|  1. | -1. |  0. ||  0. |  0. |  0. ||* 0. |* 0. |* 0. |
|=====+=====+=====||=====+=====+=====||=====+=====+=====|
|  0. |  0. |  0. ||  0. |  0. |  0. ||  0. |  0. |  0. |
|  0. |  0. |  0. ||  0. |  0. |  0. ||  0. |  0. |  0. |
|  0. |  0. |  0. ||  0. |  1. |  0. ||  0. |  0. |  0. |
|=====+=====+=====||=====+=====+=====||=====+=====+=====|
|  1. |  0. |  0. ||  0. |  0. |  1. ||  0. |  0. |  0. |
|  0. | -1. |  0. ||  0. |  0. |  0. ||  0. |  0. |  0. |
|  0. |  0. |  0. || -1. |  0. |  0. ||  0. |  0. |  0. |


state to eval, currenty is playerone turn=false

| -0. | -0. | -0. || -0. | -0. | -0. ||*-0. |*-0. |*-0. |
| -0. | -0. | -0. || -0. | -0. | -0. ||*-0. |*-0. |*-0. |
| -1. |  1. | -0. || -0. | -0. | -0. ||*-0. |*-0. |*-0. |
|=====+=====+=====||=====+=====+=====||=====+=====+=====|
| -0. | -0. | -0. || -0. | -0. | -0. || -0. | -0. | -0. |
| -0. | -0. | -0. || -0. | -0. | -0. || -0. | -0. | -0. |
| -0. | -0. | -0. || -0. | -1. | -0. || -0. | -0. | -0. |
|=====+=====+=====||=====+=====+=====||=====+=====+=====|
| -1. | -0. | -0. || -0. | -0. | -1. || -0. | -0. | -0. |
| -0. |  1. | -0. || -0. | -0. | -0. || -0. | -0. | -0. |
| -0. | -0. | -0. ||  1. | -0. | -0. || -0. | -0. | -0. |


Determined best move using: 84164Iterations
current State

|  0. |  0. |  0. ||  0. |  0. |  0. ||  0. |  0. |  0. |
|  0. |  0. |  0. ||  0. |  0. |  0. ||  0. |  0. | -1. |
|  1. | -1. |  0. ||  0. |  0. |  0. ||  0. |  0. |  0. |
|=====+=====+=====||=====+=====+=====||=====+=====+=====|
|  0. |  0. |  0. ||  0. |  0. |  0. ||* 0. |* 0. |* 0. |
|  0. |  0. |  0. ||  0. |  0. |  0. ||* 0. |* 0. |* 0. |
|  0. |  0. |  0. ||  0. |  1. |  0. ||* 0. |* 0. |* 0. |
|=====+=====+=====||=====+=====+=====||=====+=====+=====|
|  1. |  0. |  0. ||  0. |  0. |  1. ||  0. |  0. |  0. |
|  0. | -1. |  0. ||  0. |  0. |  0. ||  0. |  0. |  0. |
|  0. |  0. |  0. || -1. |  0. |  0. ||  0. |  0. |  0. |


state to eval, currenty is playerone turn=true

|  0. |  0. |  0. ||  0. |  0. |  0. ||  0. |  0. |  0. |
|  0. |  0. |  0. ||  0. |  0. |  0. ||  0. |  0. | -1. |
|  1. | -1. |  0. ||  0. |  0. |  0. ||  0. |  0. |  0. |
|=====+=====+=====||=====+=====+=====||=====+=====+=====|
|  0. |  0. |  0. ||  0. |  0. |  0. ||* 0. |* 0. |* 0. |
|  0. |  0. |  0. ||  0. |  0. |  0. ||* 0. |* 0. |* 0. |
|  0. |  0. |  0. ||  0. |  1. |  0. ||* 0. |* 0. |* 0. |
|=====+=====+=====||=====+=====+=====||=====+=====+=====|
|  1. |  0. |  0. ||  0. |  0. |  1. ||  0. |  0. |  0. |
|  0. | -1. |  0. ||  0. |  0. |  0. ||  0. |  0. |  0. |
|  0. |  0. |  0. || -1. |  0. |  0. ||  0. |  0. |  0. |


current State

|* 0. |* 0. |* 0. ||  0. |  0. |  0. ||  0. |  0. |  0. |
|* 0. |* 0. |* 0. ||  0. |  0. |  0. ||  0. |  0. | -1. |
|* 1. |*-1. |* 0. ||  0. |  0. |  0. ||  0. |  0. |  0. |
|=====+=====+=====||=====+=====+=====||=====+=====+=====|
|  0. |  0. |  0. ||  0. |  0. |  0. ||  1. |  0. |  0. |
|  0. |  0. |  0. ||  0. |  0. |  0. ||  0. |  0. |  0. |
|  0. |  0. |  0. ||  0. |  1. |  0. ||  0. |  0. |  0. |
|=====+=====+=====||=====+=====+=====||=====+=====+=====|
|  1. |  0. |  0. ||  0. |  0. |  1. ||  0. |  0. |  0. |
|  0. | -1. |  0. ||  0. |  0. |  0. ||  0. |  0. |  0. |
|  0. |  0. |  0. || -1. |  0. |  0. ||  0. |  0. |  0. |


state to eval, currenty is playerone turn=false

|*-0. |*-0. |*-0. || -0. | -0. | -0. || -0. | -0. | -0. |
|*-0. |*-0. |*-0. || -0. | -0. | -0. || -0. | -0. |  1. |
|*-1. |* 1. |*-0. || -0. | -0. | -0. || -0. | -0. | -0. |
|=====+=====+=====||=====+=====+=====||=====+=====+=====|
| -0. | -0. | -0. || -0. | -0. | -0. || -1. | -0. | -0. |
| -0. | -0. | -0. || -0. | -0. | -0. || -0. | -0. | -0. |
| -0. | -0. | -0. || -0. | -1. | -0. || -0. | -0. | -0. |
|=====+=====+=====||=====+=====+=====||=====+=====+=====|
| -1. | -0. | -0. || -0. | -0. | -1. || -0. | -0. | -0. |
| -0. |  1. | -0. || -0. | -0. | -0. || -0. | -0. | -0. |
| -0. | -0. | -0. ||  1. | -0. | -0. || -0. | -0. | -0. |


current State

|  0. |  0. |  0. ||  0. |  0. |  0. ||  0. |  0. |  0. |
|  0. |  0. | -1. ||  0. |  0. |  0. ||  0. |  0. | -1. |
|  1. | -1. |  0. ||  0. |  0. |  0. ||  0. |  0. |  0. |
|=====+=====+=====||=====+=====+=====||=====+=====+=====|
|  0. |  0. |  0. ||  0. |  0. |  0. ||* 1. |* 0. |* 0. |
|  0. |  0. |  0. ||  0. |  0. |  0. ||* 0. |* 0. |* 0. |
|  0. |  0. |  0. ||  0. |  1. |  0. ||* 0. |* 0. |* 0. |
|=====+=====+=====||=====+=====+=====||=====+=====+=====|
|  1. |  0. |  0. ||  0. |  0. |  1. ||  0. |  0. |  0. |
|  0. | -1. |  0. ||  0. |  0. |  0. ||  0. |  0. |  0. |
|  0. |  0. |  0. || -1. |  0. |  0. ||  0. |  0. |  0. |


state to eval, currenty is playerone turn=true

|  0. |  0. |  0. ||  0. |  0. |  0. ||  0. |  0. |  0. |
|  0. |  0. | -1. ||  0. |  0. |  0. ||  0. |  0. | -1. |
|  1. | -1. |  0. ||  0. |  0. |  0. ||  0. |  0. |  0. |
|=====+=====+=====||=====+=====+=====||=====+=====+=====|
|  0. |  0. |  0. ||  0. |  0. |  0. ||* 1. |* 0. |* 0. |
|  0. |  0. |  0. ||  0. |  0. |  0. ||* 0. |* 0. |* 0. |
|  0. |  0. |  0. ||  0. |  1. |  0. ||* 0. |* 0. |* 0. |
|=====+=====+=====||=====+=====+=====||=====+=====+=====|
|  1. |  0. |  0. ||  0. |  0. |  1. ||  0. |  0. |  0. |
|  0. | -1. |  0. ||  0. |  0. |  0. ||  0. |  0. |  0. |
|  0. |  0. |  0. || -1. |  0. |  0. ||  0. |  0. |  0. |


current State

|  0. |  0. |  0. ||  0. |  0. |  0. ||  0. |  0. |  0. |
|  0. |  0. | -1. ||  0. |  0. |  0. ||  0. |  0. | -1. |
|  1. | -1. |  0. ||  0. |  0. |  0. ||  0. |  0. |  0. |
|=====+=====+=====||=====+=====+=====||=====+=====+=====|
|  0. |  0. |  0. ||* 0. |* 0. |* 0. ||  1. |  0. |  0. |
|  0. |  0. |  0. ||* 0. |* 0. |* 0. ||  0. |  1. |  0. |
|  0. |  0. |  0. ||* 0. |* 1. |* 0. ||  0. |  0. |  0. |
|=====+=====+=====||=====+=====+=====||=====+=====+=====|
|  1. |  0. |  0. ||  0. |  0. |  1. ||  0. |  0. |  0. |
|  0. | -1. |  0. ||  0. |  0. |  0. ||  0. |  0. |  0. |
|  0. |  0. |  0. || -1. |  0. |  0. ||  0. |  0. |  0. |


state to eval, currenty is playerone turn=false

| -0. | -0. | -0. || -0. | -0. | -0. || -0. | -0. | -0. |
| -0. | -0. |  1. || -0. | -0. | -0. || -0. | -0. |  1. |
| -1. |  1. | -0. || -0. | -0. | -0. || -0. | -0. | -0. |
|=====+=====+=====||=====+=====+=====||=====+=====+=====|
| -0. | -0. | -0. ||*-0. |*-0. |*-0. || -1. | -0. | -0. |
| -0. | -0. | -0. ||*-0. |*-0. |*-0. || -0. | -1. | -0. |
| -0. | -0. | -0. ||*-0. |*-1. |*-0. || -0. | -0. | -0. |
|=====+=====+=====||=====+=====+=====||=====+=====+=====|
| -1. | -0. | -0. || -0. | -0. | -1. || -0. | -0. | -0. |
| -0. |  1. | -0. || -0. | -0. | -0. || -0. | -0. | -0. |
| -0. | -0. | -0. ||  1. | -0. | -0. || -0. | -0. | -0. |


Determined best move using: 84865Iterations
Determined best move using: 129319Iterations
Determined best move using: 86190Iterations
current State

|  0. |  0. |  0. ||  0. |  0. |  0. ||  0. |  0. |  0. |
|  0. |  0. | -1. ||  0. |  0. |  0. ||  0. |  0. | -1. |
|  1. | -1. |  0. ||  0. |  0. |  0. ||  0. |  0. |  0. |
|=====+=====+=====||=====+=====+=====||=====+=====+=====|
|  0. |  0. |  0. ||  0. |  0. |  0. ||  1. |  0. |  0. |
|  0. |  0. |  0. ||  0. |  0. |  0. ||  0. |  1. |  0. |
|  0. |  0. |  0. || -1. |  1. |  0. ||  0. |  0. |  0. |
|=====+=====+=====||=====+=====+=====||=====+=====+=====|
|* 1. |* 0. |* 0. ||  0. |  0. |  1. ||  0. |  0. |  0. |
|* 0. |*-1. |* 0. ||  0. |  0. |  0. ||  0. |  0. |  0. |
|* 0. |* 0. |* 0. || -1. |  0. |  0. ||  0. |  0. |  0. |


state to eval, currenty is playerone turn=true

|  0. |  0. |  0. ||  0. |  0. |  0. ||  0. |  0. |  0. |
|  0. |  0. | -1. ||  0. |  0. |  0. ||  0. |  0. | -1. |
|  1. | -1. |  0. ||  0. |  0. |  0. ||  0. |  0. |  0. |
|=====+=====+=====||=====+=====+=====||=====+=====+=====|
|  0. |  0. |  0. ||  0. |  0. |  0. ||  1. |  0. |  0. |
|  0. |  0. |  0. ||  0. |  0. |  0. ||  0. |  1. |  0. |
|  0. |  0. |  0. || -1. |  1. |  0. ||  0. |  0. |  0. |
|=====+=====+=====||=====+=====+=====||=====+=====+=====|
|* 1. |* 0. |* 0. ||  0. |  0. |  1. ||  0. |  0. |  0. |
|* 0. |*-1. |* 0. ||  0. |  0. |  0. ||  0. |  0. |  0. |
|* 0. |* 0. |* 0. || -1. |  0. |  0. ||  0. |  0. |  0. |


Determined best move using: 88804Iterations
Determined best move using: 131659Iterations
current State

|  0. |  0. |  0. ||  0. |  0. |  0. ||  0. |  0. |  0. |
|  0. |  0. | -1. ||  0. |  0. |  0. ||  0. |  0. | -1. |
|  1. | -1. |  0. ||  0. |  0. |  0. ||  0. |  0. |  0. |
|=====+=====+=====||=====+=====+=====||=====+=====+=====|
|  0. |  0. |  0. ||  0. |  0. |  0. ||  1. |  0. |  0. |
|  0. |  0. |  0. ||  0. |  0. |  0. ||  0. |  1. |  0. |
|  0. |  0. |  0. || -1. |  1. |  0. ||  0. |  0. |  0. |
|=====+=====+=====||=====+=====+=====||=====+=====+=====|
|  1. |  0. |  0. ||* 0. |* 0. |* 1. ||  0. |  0. |  0. |
|  0. | -1. |  0. ||* 0. |* 0. |* 0. ||  0. |  0. |  0. |
|  0. |  1. |  0. ||*-1. |* 0. |* 0. ||  0. |  0. |  0. |


state to eval, currenty is playerone turn=false

| -0. | -0. | -0. || -0. | -0. | -0. || -0. | -0. | -0. |
| -0. | -0. |  1. || -0. | -0. | -0. || -0. | -0. |  1. |
| -1. |  1. | -0. || -0. | -0. | -0. || -0. | -0. | -0. |
|=====+=====+=====||=====+=====+=====||=====+=====+=====|
| -0. | -0. | -0. || -0. | -0. | -0. || -1. | -0. | -0. |
| -0. | -0. | -0. || -0. | -0. | -0. || -0. | -1. | -0. |
| -0. | -0. | -0. ||  1. | -1. | -0. || -0. | -0. | -0. |
|=====+=====+=====||=====+=====+=====||=====+=====+=====|
| -1. | -0. | -0. ||*-0. |*-0. |*-1. || -0. | -0. | -0. |
| -0. |  1. | -0. ||*-0. |*-0. |*-0. || -0. | -0. | -0. |
| -0. | -1. | -0. ||* 1. |*-0. |*-0. || -0. | -0. | -0. |


current State

|  0. |  0. |  0. ||  0. |  0. |  0. ||  0. |  0. |  0. |
|  0. |  0. | -1. ||  0. |  0. |  0. ||  0. |  0. | -1. |
|  1. | -1. |  0. ||  0. |  0. |  0. ||  0. |  0. |  0. |
|=====+=====+=====||=====+=====+=====||=====+=====+=====|
|  0. |  0. |  0. ||  0. |  0. |  0. ||* 1. |* 0. |* 0. |
|  0. |  0. |  0. ||  0. |  0. |  0. ||* 0. |* 1. |* 0. |
|  0. |  0. |  0. || -1. |  1. |  0. ||* 0. |* 0. |* 0. |
|=====+=====+=====||=====+=====+=====||=====+=====+=====|
|  1. |  0. |  0. ||  0. |  0. |  1. ||  0. |  0. |  0. |
|  0. | -1. |  0. ||  0. |  0. | -1. ||  0. |  0. |  0. |
|  0. |  1. |  0. || -1. |  0. |  0. ||  0. |  0. |  0. |


state to eval, currenty is playerone turn=true

|  0. |  0. |  0. ||  0. |  0. |  0. ||  0. |  0. |  0. |
|  0. |  0. | -1. ||  0. |  0. |  0. ||  0. |  0. | -1. |
|  1. | -1. |  0. ||  0. |  0. |  0. ||  0. |  0. |  0. |
|=====+=====+=====||=====+=====+=====||=====+=====+=====|
|  0. |  0. |  0. ||  0. |  0. |  0. ||* 1. |* 0. |* 0. |
|  0. |  0. |  0. ||  0. |  0. |  0. ||* 0. |* 1. |* 0. |
|  0. |  0. |  0. || -1. |  1. |  0. ||* 0. |* 0. |* 0. |
|=====+=====+=====||=====+=====+=====||=====+=====+=====|
|  1. |  0. |  0. ||  0. |  0. |  1. ||  0. |  0. |  0. |
|  0. | -1. |  0. ||  0. |  0. | -1. ||  0. |  0. |  0. |
|  0. |  1. |  0. || -1. |  0. |  0. ||  0. |  0. |  0. |


Determined best move using: 142870Iterations
Determined best move using: 88469Iterations
current State

|  0. |  0. |  0. ||  0. |  0. |  0. ||  0. |  0. |  0. |
|  0. |  0. | -1. ||  0. |  0. |  0. ||  0. |  0. | -1. |
|  1. | -1. |  0. ||  0. |  0. |  0. ||  0. |  0. |  0. |
|=====+=====+=====||=====+=====+=====||=====+=====+=====|
|  0. |  0. |  0. ||  0. |  0. |  0. ||  1. |  0. |  0. |
|  0. |  0. |  0. ||  0. |  0. |  0. ||  0. |  1. |  0. |
|  0. |  0. |  0. || -1. |  1. |  0. ||  1. |  0. |  0. |
|=====+=====+=====||=====+=====+=====||=====+=====+=====|
|* 1. |* 0. |* 0. ||  0. |  0. |  1. ||  0. |  0. |  0. |
|* 0. |*-1. |* 0. ||  0. |  0. | -1. ||  0. |  0. |  0. |
|* 0. |* 1. |* 0. || -1. |  0. |  0. ||  0. |  0. |  0. |


state to eval, currenty is playerone turn=false

| -0. | -0. | -0. || -0. | -0. | -0. || -0. | -0. | -0. |
| -0. | -0. |  1. || -0. | -0. | -0. || -0. | -0. |  1. |
| -1. |  1. | -0. || -0. | -0. | -0. || -0. | -0. | -0. |
|=====+=====+=====||=====+=====+=====||=====+=====+=====|
| -0. | -0. | -0. || -0. | -0. | -0. || -1. | -0. | -0. |
| -0. | -0. | -0. || -0. | -0. | -0. || -0. | -1. | -0. |
| -0. | -0. | -0. ||  1. | -1. | -0. || -1. | -0. | -0. |
|=====+=====+=====||=====+=====+=====||=====+=====+=====|
|*-1. |*-0. |*-0. || -0. | -0. | -1. || -0. | -0. | -0. |
|*-0. |* 1. |*-0. || -0. | -0. |  1. || -0. | -0. | -0. |
|*-0. |*-1. |*-0. ||  1. | -0. | -0. || -0. | -0. | -0. |


Determined best move using: 89714Iterations
Determined best move using: 148503Iterations
current State

|  0. |  0. |  0. ||  0. |  0. |  0. ||  0. |  0. |  0. |
|  0. |  0. | -1. ||  0. |  0. |  0. ||  0. |  0. | -1. |
|  1. | -1. |  0. ||  0. |  0. |  0. ||  0. |  0. |  0. |
|=====+=====+=====||=====+=====+=====||=====+=====+=====|
|* 0. |* 0. |* 0. ||  0. |  0. |  0. ||  1. |  0. |  0. |
|* 0. |* 0. |* 0. ||  0. |  0. |  0. ||  0. |  1. |  0. |
|* 0. |* 0. |* 0. || -1. |  1. |  0. ||  1. |  0. |  0. |
|=====+=====+=====||=====+=====+=====||=====+=====+=====|
|  1. |  0. |  0. ||  0. |  0. |  1. ||  0. |  0. |  0. |
| -1. | -1. |  0. ||  0. |  0. | -1. ||  0. |  0. |  0. |
|  0. |  1. |  0. || -1. |  0. |  0. ||  0. |  0. |  0. |


state to eval, currenty is playerone turn=true

|  0. |  0. |  0. ||  0. |  0. |  0. ||  0. |  0. |  0. |
|  0. |  0. | -1. ||  0. |  0. |  0. ||  0. |  0. | -1. |
|  1. | -1. |  0. ||  0. |  0. |  0. ||  0. |  0. |  0. |
|=====+=====+=====||=====+=====+=====||=====+=====+=====|
|* 0. |* 0. |* 0. ||  0. |  0. |  0. ||  1. |  0. |  0. |
|* 0. |* 0. |* 0. ||  0. |  0. |  0. ||  0. |  1. |  0. |
|* 0. |* 0. |* 0. || -1. |  1. |  0. ||  1. |  0. |  0. |
|=====+=====+=====||=====+=====+=====||=====+=====+=====|
|  1. |  0. |  0. ||  0. |  0. |  1. ||  0. |  0. |  0. |
| -1. | -1. |  0. ||  0. |  0. | -1. ||  0. |  0. |  0. |
|  0. |  1. |  0. || -1. |  0. |  0. ||  0. |  0. |  0. |


Determined best move using: 152285Iterations
Determined best move using: 92389Iterations
current State

|  0. |  0. |  0. ||  0. |  0. |  0. ||* 0. |* 0. |* 0. |
|  0. |  0. | -1. ||  0. |  0. |  0. ||* 0. |* 0. |*-1. |
|  1. | -1. |  0. ||  0. |  0. |  0. ||* 0. |* 0. |* 0. |
|=====+=====+=====||=====+=====+=====||=====+=====+=====|
|  0. |  0. |  1. ||  0. |  0. |  0. ||  1. |  0. |  0. |
|  0. |  0. |  0. ||  0. |  0. |  0. ||  0. |  1. |  0. |
|  0. |  0. |  0. || -1. |  1. |  0. ||  1. |  0. |  0. |
|=====+=====+=====||=====+=====+=====||=====+=====+=====|
|  1. |  0. |  0. ||  0. |  0. |  1. ||  0. |  0. |  0. |
| -1. | -1. |  0. ||  0. |  0. | -1. ||  0. |  0. |  0. |
|  0. |  1. |  0. || -1. |  0. |  0. ||  0. |  0. |  0. |


state to eval, currenty is playerone turn=false

| -0. | -0. | -0. || -0. | -0. | -0. ||*-0. |*-0. |*-0. |
| -0. | -0. |  1. || -0. | -0. | -0. ||*-0. |*-0. |* 1. |
| -1. |  1. | -0. || -0. | -0. | -0. ||*-0. |*-0. |*-0. |
|=====+=====+=====||=====+=====+=====||=====+=====+=====|
| -0. | -0. | -1. || -0. | -0. | -0. || -1. | -0. | -0. |
| -0. | -0. | -0. || -0. | -0. | -0. || -0. | -1. | -0. |
| -0. | -0. | -0. ||  1. | -1. | -0. || -1. | -0. | -0. |
|=====+=====+=====||=====+=====+=====||=====+=====+=====|
| -1. | -0. | -0. || -0. | -0. | -1. || -0. | -0. | -0. |
|  1. |  1. | -0. || -0. | -0. |  1. || -0. | -0. | -0. |
| -0. | -1. | -0. ||  1. | -0. | -0. || -0. | -0. | -0. |


Determined best move using: 91815Iterations
Determined best move using: 201996Iterations
current State

|  0. |  0. |  0. ||  0. |  0. |  0. ||  0. |  0. |  0. |
|  0. |  0. | -1. ||  0. |  0. |  0. ||  0. |  0. | -1. |
|  1. | -1. |  0. ||  0. |  0. |  0. || -1. |  0. |  0. |
|=====+=====+=====||=====+=====+=====||=====+=====+=====|
|  0. |  0. |  1. ||  0. |  0. |  0. ||  1. |  0. |  0. |
|  0. |  0. |  0. ||  0. |  0. |  0. ||  0. |  1. |  0. |
|  0. |  0. |  0. || -1. |  1. |  0. ||  1. |  0. |  0. |
|=====+=====+=====||=====+=====+=====||=====+=====+=====|
|* 1. |* 0. |* 0. ||  0. |  0. |  1. ||  0. |  0. |  0. |
|*-1. |*-1. |* 0. ||  0. |  0. | -1. ||  0. |  0. |  0. |
|* 0. |* 1. |* 0. || -1. |  0. |  0. ||  0. |  0. |  0. |


state to eval, currenty is playerone turn=true

|  0. |  0. |  0. ||  0. |  0. |  0. ||  0. |  0. |  0. |
|  0. |  0. | -1. ||  0. |  0. |  0. ||  0. |  0. | -1. |
|  1. | -1. |  0. ||  0. |  0. |  0. || -1. |  0. |  0. |
|=====+=====+=====||=====+=====+=====||=====+=====+=====|
|  0. |  0. |  1. ||  0. |  0. |  0. ||  1. |  0. |  0. |
|  0. |  0. |  0. ||  0. |  0. |  0. ||  0. |  1. |  0. |
|  0. |  0. |  0. || -1. |  1. |  0. ||  1. |  0. |  0. |
|=====+=====+=====||=====+=====+=====||=====+=====+=====|
|* 1. |* 0. |* 0. ||  0. |  0. |  1. ||  0. |  0. |  0. |
|*-1. |*-1. |* 0. ||  0. |  0. | -1. ||  0. |  0. |  0. |
|* 0. |* 1. |* 0. || -1. |  0. |  0. ||  0. |  0. |  0. |


Determined best move using: 94317Iterations
current State

|  0. |  0. |  0. ||  0. |  0. |  0. ||  0. |  0. |  0. |
|  0. |  0. | -1. ||  0. |  0. |  0. ||  0. |  0. | -1. |
|  1. | -1. |  0. ||  0. |  0. |  0. || -1. |  0. |  0. |
|=====+=====+=====||=====+=====+=====||=====+=====+=====|
|  0. |  0. |  1. ||  0. |  0. |  0. ||  1. |  0. |  0. |
|  0. |  0. |  0. ||  0. |  0. |  0. ||  0. |  1. |  0. |
|  0. |  0. |  0. || -1. |  1. |  0. ||  1. |  0. |  0. |
|=====+=====+=====||=====+=====+=====||=====+=====+=====|
|  1. |  0. |  0. ||  0. |  0. |  1. ||* 0. |* 0. |* 0. |
| -1. | -1. |  0. ||  0. |  0. | -1. ||* 0. |* 0. |* 0. |
|  0. |  1. |  1. || -1. |  0. |  0. ||* 0. |* 0. |* 0. |


state to eval, currenty is playerone turn=false

| -0. | -0. | -0. || -0. | -0. | -0. || -0. | -0. | -0. |
| -0. | -0. |  1. || -0. | -0. | -0. || -0. | -0. |  1. |
| -1. |  1. | -0. || -0. | -0. | -0. ||  1. | -0. | -0. |
|=====+=====+=====||=====+=====+=====||=====+=====+=====|
| -0. | -0. | -1. || -0. | -0. | -0. || -1. | -0. | -0. |
| -0. | -0. | -0. || -0. | -0. | -0. || -0. | -1. | -0. |
| -0. | -0. | -0. ||  1. | -1. | -0. || -1. | -0. | -0. |
|=====+=====+=====||=====+=====+=====||=====+=====+=====|
| -1. | -0. | -0. || -0. | -0. | -1. ||*-0. |*-0. |*-0. |
|  1. |  1. | -0. || -0. | -0. |  1. ||*-0. |*-0. |*-0. |
| -0. | -1. | -1. ||  1. | -0. | -0. ||*-0. |*-0. |*-0. |


Determined best move using: 219624Iterations
Determined best move using: 94147Iterations
current State

|  0. |  0. |  0. ||  0. |  0. |  0. ||  0. |  0. |  0. |
|  0. |  0. | -1. ||  0. |  0. |  0. ||  0. |  0. | -1. |
|  1. | -1. |  0. ||  0. |  0. |  0. || -1. |  0. |  0. |
|=====+=====+=====||=====+=====+=====||=====+=====+=====|
|  0. |  0. |  1. ||* 0. |* 0. |* 0. ||  1. |  0. |  0. |
|  0. |  0. |  0. ||* 0. |* 0. |* 0. ||  0. |  1. |  0. |
|  0. |  0. |  0. ||*-1. |* 1. |* 0. ||  1. |  0. |  0. |
|=====+=====+=====||=====+=====+=====||=====+=====+=====|
|  1. |  0. |  0. ||  0. |  0. |  1. ||  0. |  0. |  0. |
| -1. | -1. |  0. ||  0. |  0. | -1. ||  0. | -1. |  0. |
|  0. |  1. |  1. || -1. |  0. |  0. ||  0. |  0. |  0. |


state to eval, currenty is playerone turn=true

|  0. |  0. |  0. ||  0. |  0. |  0. ||  0. |  0. |  0. |
|  0. |  0. | -1. ||  0. |  0. |  0. ||  0. |  0. | -1. |
|  1. | -1. |  0. ||  0. |  0. |  0. || -1. |  0. |  0. |
|=====+=====+=====||=====+=====+=====||=====+=====+=====|
|  0. |  0. |  1. ||* 0. |* 0. |* 0. ||  1. |  0. |  0. |
|  0. |  0. |  0. ||* 0. |* 0. |* 0. ||  0. |  1. |  0. |
|  0. |  0. |  0. ||*-1. |* 1. |* 0. ||  1. |  0. |  0. |
|=====+=====+=====||=====+=====+=====||=====+=====+=====|
|  1. |  0. |  0. ||  0. |  0. |  1. ||  0. |  0. |  0. |
| -1. | -1. |  0. ||  0. |  0. | -1. ||  0. | -1. |  0. |
|  0. |  1. |  1. || -1. |  0. |  0. ||  0. |  0. |  0. |


Determined best move using: 198391Iterations
current State

|  0. |  0. |  0. ||  0. |  0. |  0. ||  0. |  0. |  0. |
|  0. |  0. | -1. ||  0. |  0. |  0. ||  0. |  0. | -1. |
|  1. | -1. |  0. ||  0. |  0. |  0. || -1. |  0. |  0. |
|=====+=====+=====||=====+=====+=====||=====+=====+=====|
|  0. |  0. |  1. ||  0. |  0. |  0. ||  1. |  0. |  0. |
|  0. |  0. |  0. ||  0. |  0. |  0. ||  0. |  1. |  0. |
|  0. |  0. |  0. || -1. |  1. |  1. ||  1. |  0. |  0. |
|=====+=====+=====||=====+=====+=====||=====+=====+=====|
|  1. |  0. |  0. ||  0. |  0. |  1. ||* 0. |* 0. |* 0. |
| -1. | -1. |  0. ||  0. |  0. | -1. ||* 0. |*-1. |* 0. |
|  0. |  1. |  1. || -1. |  0. |  0. ||* 0. |* 0. |* 0. |


state to eval, currenty is playerone turn=false

| -0. | -0. | -0. || -0. | -0. | -0. || -0. | -0. | -0. |
| -0. | -0. |  1. || -0. | -0. | -0. || -0. | -0. |  1. |
| -1. |  1. | -0. || -0. | -0. | -0. ||  1. | -0. | -0. |
|=====+=====+=====||=====+=====+=====||=====+=====+=====|
| -0. | -0. | -1. || -0. | -0. | -0. || -1. | -0. | -0. |
| -0. | -0. | -0. || -0. | -0. | -0. || -0. | -1. | -0. |
| -0. | -0. | -0. ||  1. | -1. | -1. || -1. | -0. | -0. |
|=====+=====+=====||=====+=====+=====||=====+=====+=====|
| -1. | -0. | -0. || -0. | -0. | -1. ||*-0. |*-0. |*-0. |
|  1. |  1. | -0. || -0. | -0. |  1. ||*-0. |* 1. |*-0. |
| -0. | -1. | -1. ||  1. | -0. | -0. ||*-0. |*-0. |*-0. |


current State

|  0. |  0. |  0. ||  0. |  0. |  0. ||  0. |  0. |  0. |
|  0. |  0. | -1. ||  0. |  0. |  0. ||  0. |  0. | -1. |
|  1. | -1. |  0. ||  0. |  0. |  0. || -1. |  0. |  0. |
|=====+=====+=====||=====+=====+=====||=====+=====+=====|
|* 0. |* 0. |* 1. ||  0. |  0. |  0. ||  1. |  0. |  0. |
|* 0. |* 0. |* 0. ||  0. |  0. |  0. ||  0. |  1. |  0. |
|* 0. |* 0. |* 0. || -1. |  1. |  1. ||  1. |  0. |  0. |
|=====+=====+=====||=====+=====+=====||=====+=====+=====|
|  1. |  0. |  0. ||  0. |  0. |  1. ||  0. |  0. |  0. |
| -1. | -1. |  0. ||  0. |  0. | -1. || -1. | -1. |  0. |
|  0. |  1. |  1. || -1. |  0. |  0. ||  0. |  0. |  0. |


state to eval, currenty is playerone turn=true

|  0. |  0. |  0. ||  0. |  0. |  0. ||  0. |  0. |  0. |
|  0. |  0. | -1. ||  0. |  0. |  0. ||  0. |  0. | -1. |
|  1. | -1. |  0. ||  0. |  0. |  0. || -1. |  0. |  0. |
|=====+=====+=====||=====+=====+=====||=====+=====+=====|
|* 0. |* 0. |* 1. ||  0. |  0. |  0. ||  1. |  0. |  0. |
|* 0. |* 0. |* 0. ||  0. |  0. |  0. ||  0. |  1. |  0. |
|* 0. |* 0. |* 0. || -1. |  1. |  1. ||  1. |  0. |  0. |
|=====+=====+=====||=====+=====+=====||=====+=====+=====|
|  1. |  0. |  0. ||  0. |  0. |  1. ||  0. |  0. |  0. |
| -1. | -1. |  0. ||  0. |  0. | -1. || -1. | -1. |  0. |
|  0. |  1. |  1. || -1. |  0. |  0. ||  0. |  0. |  0. |


Determined best move using: 104437Iterations
Determined best move using: 113608Iterations
current State

|* 0. |* 0. |* 0. ||  0. |  0. |  0. ||  0. |  0. |  0. |
|* 0. |* 0. |*-1. ||  0. |  0. |  0. ||  0. |  0. | -1. |
|* 1. |*-1. |* 0. ||  0. |  0. |  0. || -1. |  0. |  0. |
|=====+=====+=====||=====+=====+=====||=====+=====+=====|
|  1. |  0. |  1. ||  0. |  0. |  0. ||  1. |  0. |  0. |
|  0. |  0. |  0. ||  0. |  0. |  0. ||  0. |  1. |  0. |
|  0. |  0. |  0. || -1. |  1. |  1. ||  1. |  0. |  0. |
|=====+=====+=====||=====+=====+=====||=====+=====+=====|
|  1. |  0. |  0. ||  0. |  0. |  1. ||  0. |  0. |  0. |
| -1. | -1. |  0. ||  0. |  0. | -1. || -1. | -1. |  0. |
|  0. |  1. |  1. || -1. |  0. |  0. ||  0. |  0. |  0. |


state to eval, currenty is playerone turn=false

|*-0. |*-0. |*-0. || -0. | -0. | -0. || -0. | -0. | -0. |
|*-0. |*-0. |* 1. || -0. | -0. | -0. || -0. | -0. |  1. |
|*-1. |* 1. |*-0. || -0. | -0. | -0. ||  1. | -0. | -0. |
|=====+=====+=====||=====+=====+=====||=====+=====+=====|
| -1. | -0. | -1. || -0. | -0. | -0. || -1. | -0. | -0. |
| -0. | -0. | -0. || -0. | -0. | -0. || -0. | -1. | -0. |
| -0. | -0. | -0. ||  1. | -1. | -1. || -1. | -0. | -0. |
|=====+=====+=====||=====+=====+=====||=====+=====+=====|
| -1. | -0. | -0. || -0. | -0. | -1. || -0. | -0. | -0. |
|  1. |  1. | -0. || -0. | -0. |  1. ||  1. |  1. | -0. |
| -0. | -1. | -1. ||  1. | -0. | -0. || -0. | -0. | -0. |


Determined best move using: 105283Iterations
Determined best move using: 114694Iterations
current State

|  0. |  0. |  0. ||  0. |  0. |  0. ||  0. |  0. |  0. |
|  0. |  0. | -1. ||  0. |  0. |  0. ||  0. |  0. | -1. |
|  1. | -1. | -1. ||  0. |  0. |  0. || -1. |  0. |  0. |
|=====+=====+=====||=====+=====+=====||=====+=====+=====|
|  1. |  0. |  1. ||  0. |  0. |  0. ||  1. |  0. |  0. |
|  0. |  0. |  0. ||  0. |  0. |  0. ||  0. |  1. |  0. |
|  0. |  0. |  0. || -1. |  1. |  1. ||  1. |  0. |  0. |
|=====+=====+=====||=====+=====+=====||=====+=====+=====|
|  1. |  0. |  0. ||  0. |  0. |  1. ||* 0. |* 0. |* 0. |
| -1. | -1. |  0. ||  0. |  0. | -1. ||*-1. |*-1. |* 0. |
|  0. |  1. |  1. || -1. |  0. |  0. ||* 0. |* 0. |* 0. |


state to eval, currenty is playerone turn=true

|  0. |  0. |  0. ||  0. |  0. |  0. ||  0. |  0. |  0. |
|  0. |  0. | -1. ||  0. |  0. |  0. ||  0. |  0. | -1. |
|  1. | -1. | -1. ||  0. |  0. |  0. || -1. |  0. |  0. |
|=====+=====+=====||=====+=====+=====||=====+=====+=====|
|  1. |  0. |  1. ||  0. |  0. |  0. ||  1. |  0. |  0. |
|  0. |  0. |  0. ||  0. |  0. |  0. ||  0. |  1. |  0. |
|  0. |  0. |  0. || -1. |  1. |  1. ||  1. |  0. |  0. |
|=====+=====+=====||=====+=====+=====||=====+=====+=====|
|  1. |  0. |  0. ||  0. |  0. |  1. ||* 0. |* 0. |* 0. |
| -1. | -1. |  0. ||  0. |  0. | -1. ||*-1. |*-1. |* 0. |
|  0. |  1. |  1. || -1. |  0. |  0. ||* 0. |* 0. |* 0. |


Determined best move using: 109350Iterations
current State

|  0. |  0. |  0. ||* 0. |* 0. |* 0. ||  0. |  0. |  0. |
|  0. |  0. | -1. ||* 0. |* 0. |* 0. ||  0. |  0. | -1. |
|  1. | -1. | -1. ||* 0. |* 0. |* 0. || -1. |  0. |  0. |
|=====+=====+=====||=====+=====+=====||=====+=====+=====|
|  1. |  0. |  1. ||  0. |  0. |  0. ||  1. |  0. |  0. |
|  0. |  0. |  0. ||  0. |  0. |  0. ||  0. |  1. |  0. |
|  0. |  0. |  0. || -1. |  1. |  1. ||  1. |  0. |  0. |
|=====+=====+=====||=====+=====+=====||=====+=====+=====|
|  1. |  0. |  0. ||  0. |  0. |  1. ||  0. |  1. |  0. |
| -1. | -1. |  0. ||  0. |  0. | -1. || -1. | -1. |  0. |
|  0. |  1. |  1. || -1. |  0. |  0. ||  0. |  0. |  0. |


state to eval, currenty is playerone turn=false

| -0. | -0. | -0. ||*-0. |*-0. |*-0. || -0. | -0. | -0. |
| -0. | -0. |  1. ||*-0. |*-0. |*-0. || -0. | -0. |  1. |
| -1. |  1. |  1. ||*-0. |*-0. |*-0. ||  1. | -0. | -0. |
|=====+=====+=====||=====+=====+=====||=====+=====+=====|
| -1. | -0. | -1. || -0. | -0. | -0. || -1. | -0. | -0. |
| -0. | -0. | -0. || -0. | -0. | -0. || -0. | -1. | -0. |
| -0. | -0. | -0. ||  1. | -1. | -1. || -1. | -0. | -0. |
|=====+=====+=====||=====+=====+=====||=====+=====+=====|
| -1. | -0. | -0. || -0. | -0. | -1. || -0. | -1. | -0. |
|  1. |  1. | -0. || -0. | -0. |  1. ||  1. |  1. | -0. |
| -0. | -1. | -1. ||  1. | -0. | -0. || -0. | -0. | -0. |


current State

|  0. |  0. |  0. ||  0. |  0. |  0. ||  0. |  0. |  0. |
|  0. |  0. | -1. ||  0. | -1. |  0. ||  0. |  0. | -1. |
|  1. | -1. | -1. ||  0. |  0. |  0. || -1. |  0. |  0. |
|=====+=====+=====||=====+=====+=====||=====+=====+=====|
|  1. |  0. |  1. ||* 0. |* 0. |* 0. ||  1. |  0. |  0. |
|  0. |  0. |  0. ||* 0. |* 0. |* 0. ||  0. |  1. |  0. |
|  0. |  0. |  0. ||*-1. |* 1. |* 1. ||  1. |  0. |  0. |
|=====+=====+=====||=====+=====+=====||=====+=====+=====|
|  1. |  0. |  0. ||  0. |  0. |  1. ||  0. |  1. |  0. |
| -1. | -1. |  0. ||  0. |  0. | -1. || -1. | -1. |  0. |
|  0. |  1. |  1. || -1. |  0. |  0. ||  0. |  0. |  0. |


state to eval, currenty is playerone turn=true

|  0. |  0. |  0. ||  0. |  0. |  0. ||  0. |  0. |  0. |
|  0. |  0. | -1. ||  0. | -1. |  0. ||  0. |  0. | -1. |
|  1. | -1. | -1. ||  0. |  0. |  0. || -1. |  0. |  0. |
|=====+=====+=====||=====+=====+=====||=====+=====+=====|
|  1. |  0. |  1. ||* 0. |* 0. |* 0. ||  1. |  0. |  0. |
|  0. |  0. |  0. ||* 0. |* 0. |* 0. ||  0. |  1. |  0. |
|  0. |  0. |  0. ||*-1. |* 1. |* 1. ||  1. |  0. |  0. |
|=====+=====+=====||=====+=====+=====||=====+=====+=====|
|  1. |  0. |  0. ||  0. |  0. |  1. ||  0. |  1. |  0. |
| -1. | -1. |  0. ||  0. |  0. | -1. || -1. | -1. |  0. |
|  0. |  1. |  1. || -1. |  0. |  0. ||  0. |  0. |  0. |


Determined best move using: 66972Iterations
Determined best move using: 111057Iterations
current State

|  0. |  0. |  0. ||  0. |  0. |  0. ||  0. |  0. |  0. |
|  0. |  0. | -1. ||  0. | -1. |  0. ||  0. |  0. | -1. |
|  1. | -1. | -1. ||  0. |  0. |  0. || -1. |  0. |  0. |
|=====+=====+=====||=====+=====+=====||=====+=====+=====|
|  1. |  0. |  1. ||  0. |  0. |  0. ||* 1. |* 0. |* 0. |
|  0. |  0. |  0. ||  0. |  0. |  1. ||* 0. |* 1. |* 0. |
|  0. |  0. |  0. || -1. |  1. |  1. ||* 1. |* 0. |* 0. |
|=====+=====+=====||=====+=====+=====||=====+=====+=====|
|  1. |  0. |  0. ||  0. |  0. |  1. ||  0. |  1. |  0. |
| -1. | -1. |  0. ||  0. |  0. | -1. || -1. | -1. |  0. |
|  0. |  1. |  1. || -1. |  0. |  0. ||  0. |  0. |  0. |


state to eval, currenty is playerone turn=false

| -0. | -0. | -0. || -0. | -0. | -0. || -0. | -0. | -0. |
| -0. | -0. |  1. || -0. |  1. | -0. || -0. | -0. |  1. |
| -1. |  1. |  1. || -0. | -0. | -0. ||  1. | -0. | -0. |
|=====+=====+=====||=====+=====+=====||=====+=====+=====|
| -1. | -0. | -1. || -0. | -0. | -0. ||*-1. |*-0. |*-0. |
| -0. | -0. | -0. || -0. | -0. | -1. ||*-0. |*-1. |*-0. |
| -0. | -0. | -0. ||  1. | -1. | -1. ||*-1. |*-0. |*-0. |
|=====+=====+=====||=====+=====+=====||=====+=====+=====|
| -1. | -0. | -0. || -0. | -0. | -1. || -0. | -1. | -0. |
|  1. |  1. | -0. || -0. | -0. |  1. ||  1. |  1. | -0. |
| -0. | -1. | -1. ||  1. | -0. | -0. || -0. | -0. | -0. |


Determined best move using: 120823Iterations
current State

|  0. |  0. |  0. ||  0. |  0. |  0. ||  0. |  0. |  0. |
|  0. |  0. | -1. ||  0. | -1. |  0. ||  0. |  0. | -1. |
|  1. | -1. | -1. ||  0. |  0. |  0. || -1. |  0. |  0. |
|=====+=====+=====||=====+=====+=====||=====+=====+=====|
|  1. |  0. |  1. ||  0. |  0. |  0. ||* 1. |* 0. |* 0. |
|  0. |  0. |  0. ||  0. |  0. |  1. ||* 0. |* 1. |*-1. |
|  0. |  0. |  0. || -1. |  1. |  1. ||* 1. |* 0. |* 0. |
|=====+=====+=====||=====+=====+=====||=====+=====+=====|
|  1. |  0. |  0. ||  0. |  0. |  1. ||  0. |  1. |  0. |
| -1. | -1. |  0. ||  0. |  0. | -1. || -1. | -1. |  0. |
|  0. |  1. |  1. || -1. |  0. |  0. ||  0. |  0. |  0. |


state to eval, currenty is playerone turn=true

|  0. |  0. |  0. ||  0. |  0. |  0. ||  0. |  0. |  0. |
|  0. |  0. | -1. ||  0. | -1. |  0. ||  0. |  0. | -1. |
|  1. | -1. | -1. ||  0. |  0. |  0. || -1. |  0. |  0. |
|=====+=====+=====||=====+=====+=====||=====+=====+=====|
|  1. |  0. |  1. ||  0. |  0. |  0. ||* 1. |* 0. |* 0. |
|  0. |  0. |  0. ||  0. |  0. |  1. ||* 0. |* 1. |*-1. |
|  0. |  0. |  0. || -1. |  1. |  1. ||* 1. |* 0. |* 0. |
|=====+=====+=====||=====+=====+=====||=====+=====+=====|
|  1. |  0. |  0. ||  0. |  0. |  1. ||  0. |  1. |  0. |
| -1. | -1. |  0. ||  0. |  0. | -1. || -1. | -1. |  0. |
|  0. |  1. |  1. || -1. |  0. |  0. ||  0. |  0. |  0. |


Determined best move using: 174519Iterations
current State

|  0. |  0. |  0. ||  0. |  0. |  0. ||  0. |  0. |  0. |
|  0. |  0. | -1. ||  0. | -1. |  0. ||  0. |  0. | -1. |
|  1. | -1. | -1. ||  0. |  0. |  0. || -1. |  0. |  0. |
|=====+=====+=====||=====+=====+=====||=====+=====+=====|
|  1. |  0. |  1. ||  0. |  0. |  0. ||  1. |  0. |  0. |
|  0. |  0. |  0. ||  0. |  0. |  1. ||  0. |  1. | -1. |
|  0. |  0. |  0. || -1. |  1. |  1. ||  1. |  1. |  0. |
|=====+=====+=====||=====+=====+=====||=====+=====+=====|
|  1. |  0. |  0. ||* 0. |* 0. |* 1. ||  0. |  1. |  0. |
| -1. | -1. |  0. ||* 0. |* 0. |*-1. || -1. | -1. |  0. |
|  0. |  1. |  1. ||*-1. |* 0. |* 0. ||  0. |  0. |  0. |


state to eval, currenty is playerone turn=false

| -0. | -0. | -0. || -0. | -0. | -0. || -0. | -0. | -0. |
| -0. | -0. |  1. || -0. |  1. | -0. || -0. | -0. |  1. |
| -1. |  1. |  1. || -0. | -0. | -0. ||  1. | -0. | -0. |
|=====+=====+=====||=====+=====+=====||=====+=====+=====|
| -1. | -0. | -1. || -0. | -0. | -0. || -1. | -0. | -0. |
| -0. | -0. | -0. || -0. | -0. | -1. || -0. | -1. |  1. |
| -0. | -0. | -0. ||  1. | -1. | -1. || -1. | -1. | -0. |
|=====+=====+=====||=====+=====+=====||=====+=====+=====|
| -1. | -0. | -0. ||*-0. |*-0. |*-1. || -0. | -1. | -0. |
|  1. |  1. | -0. ||*-0. |*-0. |* 1. ||  1. |  1. | -0. |
| -0. | -1. | -1. ||* 1. |*-0. |*-0. || -0. | -0. | -0. |


Determined best move using: 191142Iterations
current State

|  0. |  0. |  0. ||  0. |  0. |  0. ||  0. |  0. |  0. |
|  0. |  0. | -1. ||  0. | -1. |  0. ||  0. |  0. | -1. |
|  1. | -1. | -1. ||  0. |  0. |  0. || -1. |  0. |  0. |
|=====+=====+=====||=====+=====+=====||=====+=====+=====|
|  1. |  0. |  1. ||  0. |  0. |  0. ||  1. |  0. |  0. |
|  0. |  0. |  0. ||  0. |  0. |  1. ||  0. |  1. | -1. |
|  0. |  0. |  0. || -1. |  1. |  1. ||  1. |  1. |  0. |
|=====+=====+=====||=====+=====+=====||=====+=====+=====|
|  1. |  0. |  0. ||* 0. |* 0. |* 1. ||  0. |  1. |  0. |
| -1. | -1. |  0. ||* 0. |* 0. |*-1. || -1. | -1. |  0. |
|  0. |  1. |  1. ||*-1. |*-1. |* 0. ||  0. |  0. |  0. |


state to eval, currenty is playerone turn=true

|  0. |  0. |  0. ||  0. |  0. |  0. ||  0. |  0. |  0. |
|  0. |  0. | -1. ||  0. | -1. |  0. ||  0. |  0. | -1. |
|  1. | -1. | -1. ||  0. |  0. |  0. || -1. |  0. |  0. |
|=====+=====+=====||=====+=====+=====||=====+=====+=====|
|  1. |  0. |  1. ||  0. |  0. |  0. ||  1. |  0. |  0. |
|  0. |  0. |  0. ||  0. |  0. |  1. ||  0. |  1. | -1. |
|  0. |  0. |  0. || -1. |  1. |  1. ||  1. |  1. |  0. |
|=====+=====+=====||=====+=====+=====||=====+=====+=====|
|  1. |  0. |  0. ||* 0. |* 0. |* 1. ||  0. |  1. |  0. |
| -1. | -1. |  0. ||* 0. |* 0. |*-1. || -1. | -1. |  0. |
|  0. |  1. |  1. ||*-1. |*-1. |* 0. ||  0. |  0. |  0. |


Determined best move using: 1340326Iterations
current State

|* 0. |* 0. |* 0. ||  0. |  0. |  0. ||  0. |  0. |  0. |
|* 0. |* 0. |*-1. ||  0. | -1. |  0. ||  0. |  0. | -1. |
|* 1. |*-1. |*-1. ||  0. |  0. |  0. || -1. |  0. |  0. |
|=====+=====+=====||=====+=====+=====||=====+=====+=====|
|  1. |  0. |  1. ||  0. |  0. |  0. ||  1. |  0. |  0. |
|  0. |  0. |  0. ||  0. |  0. |  1. ||  0. |  1. | -1. |
|  0. |  0. |  0. || -1. |  1. |  1. ||  1. |  1. |  0. |
|=====+=====+=====||=====+=====+=====||=====+=====+=====|
|  1. |  0. |  0. ||  1. |  0. |  1. ||  0. |  1. |  0. |
| -1. | -1. |  0. ||  0. |  0. | -1. || -1. | -1. |  0. |
|  0. |  1. |  1. || -1. | -1. |  0. ||  0. |  0. |  0. |


state to eval, currenty is playerone turn=false

|*-0. |*-0. |*-0. || -0. | -0. | -0. || -0. | -0. | -0. |
|*-0. |*-0. |* 1. || -0. |  1. | -0. || -0. | -0. |  1. |
|*-1. |* 1. |* 1. || -0. | -0. | -0. ||  1. | -0. | -0. |
|=====+=====+=====||=====+=====+=====||=====+=====+=====|
| -1. | -0. | -1. || -0. | -0. | -0. || -1. | -0. | -0. |
| -0. | -0. | -0. || -0. | -0. | -1. || -0. | -1. |  1. |
| -0. | -0. | -0. ||  1. | -1. | -1. || -1. | -1. | -0. |
|=====+=====+=====||=====+=====+=====||=====+=====+=====|
| -1. | -0. | -0. || -1. | -0. | -1. || -0. | -1. | -0. |
|  1. |  1. | -0. || -0. | -0. |  1. ||  1. |  1. | -0. |
| -0. | -1. | -1. ||  1. |  1. | -0. || -0. | -0. | -0. |


Determined best move using: 1369325Iterations
current State

|  0. |  0. | -1. ||  0. |  0. |  0. ||* 0. |* 0. |* 0. |
|  0. |  0. | -1. ||  0. | -1. |  0. ||* 0. |* 0. |*-1. |
|  1. | -1. | -1. ||  0. |  0. |  0. ||*-1. |* 0. |* 0. |
|=====+=====+=====||=====+=====+=====||=====+=====+=====|
|  1. |  0. |  1. ||  0. |  0. |  0. ||  1. |  0. |  0. |
|  0. |  0. |  0. ||  0. |  0. |  1. ||  0. |  1. | -1. |
|  0. |  0. |  0. || -1. |  1. |  1. ||  1. |  1. |  0. |
|=====+=====+=====||=====+=====+=====||=====+=====+=====|
|  1. |  0. |  0. ||  1. |  0. |  1. ||  0. |  1. |  0. |
| -1. | -1. |  0. ||  0. |  0. | -1. || -1. | -1. |  0. |
|  0. |  1. |  1. || -1. | -1. |  0. ||  0. |  0. |  0. |


state to eval, currenty is playerone turn=true

|  0. |  0. | -1. ||  0. |  0. |  0. ||* 0. |* 0. |* 0. |
|  0. |  0. | -1. ||  0. | -1. |  0. ||* 0. |* 0. |*-1. |
|  1. | -1. | -1. ||  0. |  0. |  0. ||*-1. |* 0. |* 0. |
|=====+=====+=====||=====+=====+=====||=====+=====+=====|
|  1. |  0. |  1. ||  0. |  0. |  0. ||  1. |  0. |  0. |
|  0. |  0. |  0. ||  0. |  0. |  1. ||  0. |  1. | -1. |
|  0. |  0. |  0. || -1. |  1. |  1. ||  1. |  1. |  0. |
|=====+=====+=====||=====+=====+=====||=====+=====+=====|
|  1. |  0. |  0. ||  1. |  0. |  1. ||  0. |  1. |  0. |
| -1. | -1. |  0. ||  0. |  0. | -1. || -1. | -1. |  0. |
|  0. |  1. |  1. || -1. | -1. |  0. ||  0. |  0. |  0. |


Determined best move using: 2308421Iterations
current State

|  0. |  0. | -1. ||* 0. |* 0. |* 0. ||* 1. |* 0. |* 0. |
|  0. |  0. | -1. ||* 0. |*-1. |* 0. ||* 0. |* 0. |*-1. |
|  1. | -1. | -1. ||* 0. |* 0. |* 0. ||*-1. |* 0. |* 0. |
|=====+=====+=====||=====+=====+=====||=====+=====+=====|
|* 1. |* 0. |* 1. ||* 0. |* 0. |* 0. ||* 1. |* 0. |* 0. |
|* 0. |* 0. |* 0. ||* 0. |* 0. |* 1. ||* 0. |* 1. |*-1. |
|* 0. |* 0. |* 0. ||*-1. |* 1. |* 1. ||* 1. |* 1. |* 0. |
|=====+=====+=====||=====+=====+=====||=====+=====+=====|
|* 1. |* 0. |* 0. ||* 1. |* 0. |* 1. ||* 0. |* 1. |* 0. |
|*-1. |*-1. |* 0. ||* 0. |* 0. |*-1. ||*-1. |*-1. |* 0. |
|* 0. |* 1. |* 1. ||*-1. |*-1. |* 0. ||* 0. |* 0. |* 0. |


state to eval, currenty is playerone turn=false

| -0. | -0. |  1. ||*-0. |*-0. |*-0. ||*-1. |*-0. |*-0. |
| -0. | -0. |  1. ||*-0. |* 1. |*-0. ||*-0. |*-0. |* 1. |
| -1. |  1. |  1. ||*-0. |*-0. |*-0. ||* 1. |*-0. |*-0. |
|=====+=====+=====||=====+=====+=====||=====+=====+=====|
|*-1. |*-0. |*-1. ||*-0. |*-0. |*-0. ||*-1. |*-0. |*-0. |
|*-0. |*-0. |*-0. ||*-0. |*-0. |*-1. ||*-0. |*-1. |* 1. |
|*-0. |*-0. |*-0. ||* 1. |*-1. |*-1. ||*-1. |*-1. |*-0. |
|=====+=====+=====||=====+=====+=====||=====+=====+=====|
|*-1. |*-0. |*-0. ||*-1. |*-0. |*-1. ||*-0. |*-1. |*-0. |
|* 1. |* 1. |*-0. ||*-0. |*-0. |* 1. ||* 1. |* 1. |*-0. |
|*-0. |*-1. |*-1. ||* 1. |* 1. |*-0. ||*-0. |*-0. |*-0. |


Determined best move using: 63342Iterations
current State

|  0. |  0. | -1. ||  0. |  0. |  0. ||  1. |  0. |  0. |
|  0. |  0. | -1. ||  0. | -1. |  0. ||  0. |  0. | -1. |
|  1. | -1. | -1. ||  0. |  0. |  0. || -1. |  0. |  0. |
|=====+=====+=====||=====+=====+=====||=====+=====+=====|
|  1. |  0. |  1. ||  0. |  0. |  0. ||  1. |  0. |  0. |
|  0. |  0. |  0. ||  0. |  0. |  1. ||  0. |  1. | -1. |
|  0. |  0. |  0. || -1. |  1. |  1. ||  1. |  1. |  0. |
|=====+=====+=====||=====+=====+=====||=====+=====+=====|
|  1. |  0. |  0. ||  1. |  0. |  1. ||* 0. |* 1. |* 0. |
| -1. | -1. |  0. ||  0. |  0. | -1. ||*-1. |*-1. |* 0. |
|  0. |  1. |  1. || -1. | -1. | -1. ||* 0. |* 0. |* 0. |


state to eval, currenty is playerone turn=true

|  0. |  0. | -1. ||  0. |  0. |  0. ||  1. |  0. |  0. |
|  0. |  0. | -1. ||  0. | -1. |  0. ||  0. |  0. | -1. |
|  1. | -1. | -1. ||  0. |  0. |  0. || -1. |  0. |  0. |
|=====+=====+=====||=====+=====+=====||=====+=====+=====|
|  1. |  0. |  1. ||  0. |  0. |  0. ||  1. |  0. |  0. |
|  0. |  0. |  0. ||  0. |  0. |  1. ||  0. |  1. | -1. |
|  0. |  0. |  0. || -1. |  1. |  1. ||  1. |  1. |  0. |
|=====+=====+=====||=====+=====+=====||=====+=====+=====|
|  1. |  0. |  0. ||  1. |  0. |  1. ||* 0. |* 1. |* 0. |
| -1. | -1. |  0. ||  0. |  0. | -1. ||*-1. |*-1. |* 0. |
|  0. |  1. |  1. || -1. | -1. | -1. ||* 0. |* 0. |* 0. |


Determined best move using: 67666Iterations
current State

|  0. |  0. | -1. ||  0. |  0. |  0. ||  1. |  0. |  0. |
|  0. |  0. | -1. ||  0. | -1. |  0. ||  0. |  0. | -1. |
|  1. | -1. | -1. ||  0. |  0. |  0. || -1. |  0. |  0. |
|=====+=====+=====||=====+=====+=====||=====+=====+=====|
|  1. |  0. |  1. ||  0. |  0. |  0. ||  1. |  0. |  0. |
|  0. |  0. |  0. ||  0. |  0. |  1. ||  0. |  1. | -1. |
|  0. |  0. |  0. || -1. |  1. |  1. ||  1. |  1. |  0. |
|=====+=====+=====||=====+=====+=====||=====+=====+=====|
|  1. |  0. |  0. ||  1. |  0. |  1. ||* 0. |* 1. |* 0. |
| -1. | -1. |  0. ||  0. |  0. | -1. ||*-1. |*-1. |* 0. |
|  0. |  1. |  1. || -1. | -1. | -1. ||* 0. |* 0. |* 1. |


state to eval, currenty is playerone turn=false

| -0. | -0. |  1. || -0. | -0. | -0. || -1. | -0. | -0. |
| -0. | -0. |  1. || -0. |  1. | -0. || -0. | -0. |  1. |
| -1. |  1. |  1. || -0. | -0. | -0. ||  1. | -0. | -0. |
|=====+=====+=====||=====+=====+=====||=====+=====+=====|
| -1. | -0. | -1. || -0. | -0. | -0. || -1. | -0. | -0. |
| -0. | -0. | -0. || -0. | -0. | -1. || -0. | -1. |  1. |
| -0. | -0. | -0. ||  1. | -1. | -1. || -1. | -1. | -0. |
|=====+=====+=====||=====+=====+=====||=====+=====+=====|
| -1. | -0. | -0. || -1. | -0. | -1. ||*-0. |*-1. |*-0. |
|  1. |  1. | -0. || -0. | -0. |  1. ||* 1. |* 1. |*-0. |
| -0. | -1. | -1. ||  1. |  1. |  1. ||*-0. |*-0. |*-1. |


Determined best move using: 68900Iterations
Determined best move using: 148391Iterations
current State

|  0. |  0. | -1. ||  0. |  0. |  0. ||  1. |  0. |  0. |
|  0. |  0. | -1. ||  0. | -1. |  0. ||  0. |  0. | -1. |
|  1. | -1. | -1. ||  0. |  0. |  0. || -1. |  0. |  0. |
|=====+=====+=====||=====+=====+=====||=====+=====+=====|
|  1. |  0. |  1. ||  0. |  0. |  0. ||* 1. |* 0. |* 0. |
|  0. |  0. |  0. ||  0. |  0. |  1. ||* 0. |* 1. |*-1. |
|  0. |  0. |  0. || -1. |  1. |  1. ||* 1. |* 1. |* 0. |
|=====+=====+=====||=====+=====+=====||=====+=====+=====|
|  1. |  0. |  0. ||  1. |  0. |  1. ||  0. |  1. |  0. |
| -1. | -1. |  0. ||  0. |  0. | -1. || -1. | -1. | -1. |
|  0. |  1. |  1. || -1. | -1. | -1. ||  0. |  0. |  1. |


state to eval, currenty is playerone turn=true

|  0. |  0. | -1. ||  0. |  0. |  0. ||  1. |  0. |  0. |
|  0. |  0. | -1. ||  0. | -1. |  0. ||  0. |  0. | -1. |
|  1. | -1. | -1. ||  0. |  0. |  0. || -1. |  0. |  0. |
|=====+=====+=====||=====+=====+=====||=====+=====+=====|
|  1. |  0. |  1. ||  0. |  0. |  0. ||* 1. |* 0. |* 0. |
|  0. |  0. |  0. ||  0. |  0. |  1. ||* 0. |* 1. |*-1. |
|  0. |  0. |  0. || -1. |  1. |  1. ||* 1. |* 1. |* 0. |
|=====+=====+=====||=====+=====+=====||=====+=====+=====|
|  1. |  0. |  0. ||  1. |  0. |  1. ||  0. |  1. |  0. |
| -1. | -1. |  0. ||  0. |  0. | -1. || -1. | -1. | -1. |
|  0. |  1. |  1. || -1. | -1. | -1. ||  0. |  0. |  1. |


Determined best move using: 71717Iterations
Determined best move using: 160327Iterations
current State

|  0. |  0. | -1. ||  0. |  0. |  0. ||* 1. |* 0. |* 0. |
|  0. |  0. | -1. ||  0. | -1. |  0. ||* 0. |* 0. |*-1. |
|  1. | -1. | -1. ||  0. |  0. |  0. ||*-1. |* 0. |* 0. |
|=====+=====+=====||=====+=====+=====||=====+=====+=====|
|  1. |  0. |  1. ||  0. |  0. |  0. ||  1. |  0. |  1. |
|  0. |  0. |  0. ||  0. |  0. |  1. ||  0. |  1. | -1. |
|  0. |  0. |  0. || -1. |  1. |  1. ||  1. |  1. |  0. |
|=====+=====+=====||=====+=====+=====||=====+=====+=====|
|  1. |  0. |  0. ||  1. |  0. |  1. ||  0. |  1. |  0. |
| -1. | -1. |  0. ||  0. |  0. | -1. || -1. | -1. | -1. |
|  0. |  1. |  1. || -1. | -1. | -1. ||  0. |  0. |  1. |


state to eval, currenty is playerone turn=false

| -0. | -0. |  1. || -0. | -0. | -0. ||*-1. |*-0. |*-0. |
| -0. | -0. |  1. || -0. |  1. | -0. ||*-0. |*-0. |* 1. |
| -1. |  1. |  1. || -0. | -0. | -0. ||* 1. |*-0. |*-0. |
|=====+=====+=====||=====+=====+=====||=====+=====+=====|
| -1. | -0. | -1. || -0. | -0. | -0. || -1. | -0. | -1. |
| -0. | -0. | -0. || -0. | -0. | -1. || -0. | -1. |  1. |
| -0. | -0. | -0. ||  1. | -1. | -1. || -1. | -1. | -0. |
|=====+=====+=====||=====+=====+=====||=====+=====+=====|
| -1. | -0. | -0. || -1. | -0. | -1. || -0. | -1. | -0. |
|  1. |  1. | -0. || -0. | -0. |  1. ||  1. |  1. |  1. |
| -0. | -1. | -1. ||  1. |  1. |  1. || -0. | -0. | -1. |


Determined best move using: 178764Iterations
Determined best move using: 70225Iterations
current State

|  0. |  0. | -1. ||  0. |  0. |  0. ||* 1. |* 0. |*-1. |
|  0. |  0. | -1. ||  0. | -1. |  0. ||* 0. |* 0. |*-1. |
|  1. | -1. | -1. ||  0. |  0. |  0. ||*-1. |* 0. |* 0. |
|=====+=====+=====||=====+=====+=====||=====+=====+=====|
|  1. |  0. |  1. ||  0. |  0. |  0. ||  1. |  0. |  1. |
|  0. |  0. |  0. ||  0. |  0. |  1. ||  0. |  1. | -1. |
|  0. |  0. |  0. || -1. |  1. |  1. ||  1. |  1. |  0. |
|=====+=====+=====||=====+=====+=====||=====+=====+=====|
|  1. |  0. |  0. ||  1. |  0. |  1. ||  0. |  1. |  0. |
| -1. | -1. |  0. ||  0. |  0. | -1. || -1. | -1. | -1. |
|  0. |  1. |  1. || -1. | -1. | -1. ||  0. |  0. |  1. |


state to eval, currenty is playerone turn=true

|  0. |  0. | -1. ||  0. |  0. |  0. ||* 1. |* 0. |*-1. |
|  0. |  0. | -1. ||  0. | -1. |  0. ||* 0. |* 0. |*-1. |
|  1. | -1. | -1. ||  0. |  0. |  0. ||*-1. |* 0. |* 0. |
|=====+=====+=====||=====+=====+=====||=====+=====+=====|
|  1. |  0. |  1. ||  0. |  0. |  0. ||  1. |  0. |  1. |
|  0. |  0. |  0. ||  0. |  0. |  1. ||  0. |  1. | -1. |
|  0. |  0. |  0. || -1. |  1. |  1. ||  1. |  1. |  0. |
|=====+=====+=====||=====+=====+=====||=====+=====+=====|
|  1. |  0. |  0. ||  1. |  0. |  1. ||  0. |  1. |  0. |
| -1. | -1. |  0. ||  0. |  0. | -1. || -1. | -1. | -1. |
|  0. |  1. |  1. || -1. | -1. | -1. ||  0. |  0. |  1. |


Determined best move using: 72364Iterations
current State

|  0. |  0. | -1. ||* 0. |* 0. |* 0. ||  1. |  1. | -1. |
|  0. |  0. | -1. ||* 0. |*-1. |* 0. ||  0. |  0. | -1. |
|  1. | -1. | -1. ||* 0. |* 0. |* 0. || -1. |  0. |  0. |
|=====+=====+=====||=====+=====+=====||=====+=====+=====|
|  1. |  0. |  1. ||  0. |  0. |  0. ||  1. |  0. |  1. |
|  0. |  0. |  0. ||  0. |  0. |  1. ||  0. |  1. | -1. |
|  0. |  0. |  0. || -1. |  1. |  1. ||  1. |  1. |  0. |
|=====+=====+=====||=====+=====+=====||=====+=====+=====|
|  1. |  0. |  0. ||  1. |  0. |  1. ||  0. |  1. |  0. |
| -1. | -1. |  0. ||  0. |  0. | -1. || -1. | -1. | -1. |
|  0. |  1. |  1. || -1. | -1. | -1. ||  0. |  0. |  1. |


state to eval, currenty is playerone turn=false

| -0. | -0. |  1. ||*-0. |*-0. |*-0. || -1. | -1. |  1. |
| -0. | -0. |  1. ||*-0. |* 1. |*-0. || -0. | -0. |  1. |
| -1. |  1. |  1. ||*-0. |*-0. |*-0. ||  1. | -0. | -0. |
|=====+=====+=====||=====+=====+=====||=====+=====+=====|
| -1. | -0. | -1. || -0. | -0. | -0. || -1. | -0. | -1. |
| -0. | -0. | -0. || -0. | -0. | -1. || -0. | -1. |  1. |
| -0. | -0. | -0. ||  1. | -1. | -1. || -1. | -1. | -0. |
|=====+=====+=====||=====+=====+=====||=====+=====+=====|
| -1. | -0. | -0. || -1. | -0. | -1. || -0. | -1. | -0. |
|  1. |  1. | -0. || -0. | -0. |  1. ||  1. |  1. |  1. |
| -0. | -1. | -1. ||  1. |  1. |  1. || -0. | -0. | -1. |


Determined best move using: 73794Iterations
Determined best move using: 233349Iterations
current State

|  0. |  0. | -1. ||* 0. |*-1. |* 0. ||  1. |  1. | -1. |
|  0. |  0. | -1. ||* 0. |*-1. |* 0. ||  0. |  0. | -1. |
|  1. | -1. | -1. ||* 0. |* 0. |* 0. || -1. |  0. |  0. |
|=====+=====+=====||=====+=====+=====||=====+=====+=====|
|  1. |  0. |  1. ||  0. |  0. |  0. ||  1. |  0. |  1. |
|  0. |  0. |  0. ||  0. |  0. |  1. ||  0. |  1. | -1. |
|  0. |  0. |  0. || -1. |  1. |  1. ||  1. |  1. |  0. |
|=====+=====+=====||=====+=====+=====||=====+=====+=====|
|  1. |  0. |  0. ||  1. |  0. |  1. ||  0. |  1. |  0. |
| -1. | -1. |  0. ||  0. |  0. | -1. || -1. | -1. | -1. |
|  0. |  1. |  1. || -1. | -1. | -1. ||  0. |  0. |  1. |


state to eval, currenty is playerone turn=true

|  0. |  0. | -1. ||* 0. |*-1. |* 0. ||  1. |  1. | -1. |
|  0. |  0. | -1. ||* 0. |*-1. |* 0. ||  0. |  0. | -1. |
|  1. | -1. | -1. ||* 0. |* 0. |* 0. || -1. |  0. |  0. |
|=====+=====+=====||=====+=====+=====||=====+=====+=====|
|  1. |  0. |  1. ||  0. |  0. |  0. ||  1. |  0. |  1. |
|  0. |  0. |  0. ||  0. |  0. |  1. ||  0. |  1. | -1. |
|  0. |  0. |  0. || -1. |  1. |  1. ||  1. |  1. |  0. |
|=====+=====+=====||=====+=====+=====||=====+=====+=====|
|  1. |  0. |  0. ||  1. |  0. |  1. ||  0. |  1. |  0. |
| -1. | -1. |  0. ||  0. |  0. | -1. || -1. | -1. | -1. |
|  0. |  1. |  1. || -1. | -1. | -1. ||  0. |  0. |  1. |


Determined best move using: 1617379Iterations
current State

|  0. |  0. | -1. ||  0. | -1. |  1. ||* 1. |* 1. |*-1. |
|  0. |  0. | -1. ||  0. | -1. |  0. ||* 0. |* 0. |*-1. |
|  1. | -1. | -1. ||  0. |  0. |  0. ||*-1. |* 0. |* 0. |
|=====+=====+=====||=====+=====+=====||=====+=====+=====|
|  1. |  0. |  1. ||  0. |  0. |  0. ||  1. |  0. |  1. |
|  0. |  0. |  0. ||  0. |  0. |  1. ||  0. |  1. | -1. |
|  0. |  0. |  0. || -1. |  1. |  1. ||  1. |  1. |  0. |
|=====+=====+=====||=====+=====+=====||=====+=====+=====|
|  1. |  0. |  0. ||  1. |  0. |  1. ||  0. |  1. |  0. |
| -1. | -1. |  0. ||  0. |  0. | -1. || -1. | -1. | -1. |
|  0. |  1. |  1. || -1. | -1. | -1. ||  0. |  0. |  1. |


state to eval, currenty is playerone turn=false

| -0. | -0. |  1. || -0. |  1. | -1. ||*-1. |*-1. |* 1. |
| -0. | -0. |  1. || -0. |  1. | -0. ||*-0. |*-0. |* 1. |
| -1. |  1. |  1. || -0. | -0. | -0. ||* 1. |*-0. |*-0. |
|=====+=====+=====||=====+=====+=====||=====+=====+=====|
| -1. | -0. | -1. || -0. | -0. | -0. || -1. | -0. | -1. |
| -0. | -0. | -0. || -0. | -0. | -1. || -0. | -1. |  1. |
| -0. | -0. | -0. ||  1. | -1. | -1. || -1. | -1. | -0. |
|=====+=====+=====||=====+=====+=====||=====+=====+=====|
| -1. | -0. | -0. || -1. | -0. | -1. || -0. | -1. | -0. |
|  1. |  1. | -0. || -0. | -0. |  1. ||  1. |  1. |  1. |
| -0. | -1. | -1. ||  1. |  1. |  1. || -0. | -0. | -1. |


current State

|  0. |  0. | -1. ||  0. | -1. |  1. ||  1. |  1. | -1. |
|  0. |  0. | -1. ||  0. | -1. |  0. ||  0. | -1. | -1. |
|  1. | -1. | -1. ||  0. |  0. |  0. || -1. |  0. |  0. |
|=====+=====+=====||=====+=====+=====||=====+=====+=====|
|  1. |  0. |  1. ||* 0. |* 0. |* 0. ||  1. |  0. |  1. |
|  0. |  0. |  0. ||* 0. |* 0. |* 1. ||  0. |  1. | -1. |
|  0. |  0. |  0. ||*-1. |* 1. |* 1. ||  1. |  1. |  0. |
|=====+=====+=====||=====+=====+=====||=====+=====+=====|
|  1. |  0. |  0. ||  1. |  0. |  1. ||  0. |  1. |  0. |
| -1. | -1. |  0. ||  0. |  0. | -1. || -1. | -1. | -1. |
|  0. |  1. |  1. || -1. | -1. | -1. ||  0. |  0. |  1. |


state to eval, currenty is playerone turn=true

|  0. |  0. | -1. ||  0. | -1. |  1. ||  1. |  1. | -1. |
|  0. |  0. | -1. ||  0. | -1. |  0. ||  0. | -1. | -1. |
|  1. | -1. | -1. ||  0. |  0. |  0. || -1. |  0. |  0. |
|=====+=====+=====||=====+=====+=====||=====+=====+=====|
|  1. |  0. |  1. ||* 0. |* 0. |* 0. ||  1. |  0. |  1. |
|  0. |  0. |  0. ||* 0. |* 0. |* 1. ||  0. |  1. | -1. |
|  0. |  0. |  0. ||*-1. |* 1. |* 1. ||  1. |  1. |  0. |
|=====+=====+=====||=====+=====+=====||=====+=====+=====|
|  1. |  0. |  0. ||  1. |  0. |  1. ||  0. |  1. |  0. |
| -1. | -1. |  0. ||  0. |  0. | -1. || -1. | -1. | -1. |
|  0. |  1. |  1. || -1. | -1. | -1. ||  0. |  0. |  1. |


Determined best move using: 81966Iterations
current State

|  0. |  0. | -1. ||* 0. |*-1. |* 1. ||  1. |  1. | -1. |
|  0. |  0. | -1. ||* 0. |*-1. |* 0. ||  0. | -1. | -1. |
|  1. | -1. | -1. ||* 0. |* 0. |* 0. || -1. |  0. |  0. |
|=====+=====+=====||=====+=====+=====||=====+=====+=====|
|  1. |  0. |  1. ||  0. |  1. |  0. ||  1. |  0. |  1. |
|  0. |  0. |  0. ||  0. |  0. |  1. ||  0. |  1. | -1. |
|  0. |  0. |  0. || -1. |  1. |  1. ||  1. |  1. |  0. |
|=====+=====+=====||=====+=====+=====||=====+=====+=====|
|  1. |  0. |  0. ||  1. |  0. |  1. ||  0. |  1. |  0. |
| -1. | -1. |  0. ||  0. |  0. | -1. || -1. | -1. | -1. |
|  0. |  1. |  1. || -1. | -1. | -1. ||  0. |  0. |  1. |


state to eval, currenty is playerone turn=false

| -0. | -0. |  1. ||*-0. |* 1. |*-1. || -1. | -1. |  1. |
| -0. | -0. |  1. ||*-0. |* 1. |*-0. || -0. |  1. |  1. |
| -1. |  1. |  1. ||*-0. |*-0. |*-0. ||  1. | -0. | -0. |
|=====+=====+=====||=====+=====+=====||=====+=====+=====|
| -1. | -0. | -1. || -0. | -1. | -0. || -1. | -0. | -1. |
| -0. | -0. | -0. || -0. | -0. | -1. || -0. | -1. |  1. |
| -0. | -0. | -0. ||  1. | -1. | -1. || -1. | -1. | -0. |
|=====+=====+=====||=====+=====+=====||=====+=====+=====|
| -1. | -0. | -0. || -1. | -0. | -1. || -0. | -1. | -0. |
|  1. |  1. | -0. || -0. | -0. |  1. ||  1. |  1. |  1. |
| -0. | -1. | -1. ||  1. |  1. |  1. || -0. | -0. | -1. |


Determined best move using: 85775Iterations
current State

|  0. |  0. | -1. ||  0. | -1. |  1. ||  1. |  1. | -1. |
|  0. |  0. | -1. ||  0. | -1. |  0. ||  0. | -1. | -1. |
|  1. | -1. | -1. ||  0. | -1. |  0. || -1. |  0. |  0. |
|=====+=====+=====||=====+=====+=====||=====+=====+=====|
|* 1. |* 0. |* 1. ||* 0. |* 1. |* 0. ||  1. |  0. |  1. |
|* 0. |* 0. |* 0. ||* 0. |* 0. |* 1. ||  0. |  1. | -1. |
|* 0. |* 0. |* 0. ||*-1. |* 1. |* 1. ||  1. |  1. |  0. |
|=====+=====+=====||=====+=====+=====||=====+=====+=====|
|* 1. |* 0. |* 0. ||  1. |  0. |  1. ||  0. |  1. |  0. |
|*-1. |*-1. |* 0. ||  0. |  0. | -1. || -1. | -1. | -1. |
|* 0. |* 1. |* 1. || -1. | -1. | -1. ||  0. |  0. |  1. |


Game ended in: 44 moves
Actual data created in graphical format: 
[StateDatum{MCTSProbabilites=
|  .0116 |  .0164 |  .0115 ||  .0104 |  .0136 |  .0139 ||  .0142 |  .0103 |  .0096 |
|  .0138 |  .0091 |  .0087 ||  .0141 |  .0121 |  .012 ||  .0123 |  .0143 |  .0101 |
|  .018 |  .0103 |  .0111 ||  .0147 |  .0129 |  .0111 ||  .0151 |  .0137 |  .0098 |
|========+========+========||========+========+========||========+========+========|
|  .0156 |  .0126 |  .0138 ||  .0085 |  .0078 |  .008 ||  .0129 |  .017 |  .0064 |
|  .0124 |  .0116 |  .0106 ||  .0143 |  .0087 |  .0119 ||  .0131 |  .0119 |  .0098 |
|  .0086 |  .0121 |  .0176 ||  .0117 |  .0124 |  .0077 ||  .0116 |  .014 |  .0171 |
|========+========+========||========+========+========||========+========+========|
|  .0148 |  .0137 |  .0125 ||  .0173 |  .0132 |  .0137 ||  .0151 |  .0155 |  .013 |
|  .0095 |  .0071 |  .0105 ||  .0156 |  .017 |  .0128 ||  .0092 |  .0149 |  .0143 |
|  .008 |  .0128 |  .0072 ||  .0143 |  .0115 |  .0111 ||  .0108 |  .0153 |  .0156 |

, state=
|* 0. |* 0. |* 0. ||* 0. |* 0. |* 0. ||* 0. |* 0. |* 0. |
|* 0. |* 0. |* 0. ||* 0. |* 0. |* 0. ||* 0. |* 0. |* 0. |
|* 0. |* 0. |* 0. ||* 0. |* 0. |* 0. ||* 0. |* 0. |* 0. |
|=====+=====+=====||=====+=====+=====||=====+=====+=====|
|* 0. |* 0. |* 0. ||* 0. |* 0. |* 0. ||* 0. |* 0. |* 0. |
|* 0. |* 0. |* 0. ||* 0. |* 0. |* 0. ||* 0. |* 0. |* 0. |
|* 0. |* 0. |* 0. ||* 0. |* 0. |* 0. ||* 0. |* 0. |* 0. |
|=====+=====+=====||=====+=====+=====||=====+=====+=====|
|* 0. |* 0. |* 0. ||* 0. |* 0. |* 0. ||* 0. |* 0. |* 0. |
|* 0. |* 0. |* 0. ||* 0. |* 0. |* 0. ||* 0. |* 0. |* 0. |
|* 0. |* 0. |* 0. ||* 0. |* 0. |* 0. ||* 0. |* 0. |* 0. |

, evalForThisState=-1.0, isPlayerOneTurnOriginally=true}, StateDatum{MCTSProbabilites=
|  .0 |  .0 |  .0 ||  .0 |  .0 |  .0 ||  .0 |  .0 |  .0 |
|  .0 |  .0 |  .0 ||  .0 |  .0 |  .0 ||  .0 |  .0 |  .0 |
|  .0 |  .0 |  .0 ||  .0 |  .0 |  .0 ||  .0 |  .0 |  .0 |
|========+========+========||========+========+========||========+========+========|
|  .0 |  .0 |  .0 ||  .0 |  .0 |  .0 ||  .0 |  .0 |  .0 |
|  .0 |  .0 |  .0 ||  .0 |  .0 |  .0 ||  .0 |  .0 |  .0 |
|  .0 |  .0 |  .0 ||  .0 |  .0 |  .0 ||  .0 |  .0 |  .0 |
|========+========+========||========+========+========||========+========+========|
|  .0699 |  .0521 |  .0795 ||  .0 |  .0 |  .0 ||  .0 |  .0 |  .0 |
|  .0441 |  .4155 |  .0399 ||  .0 |  .0 |  .0 ||  .0 |  .0 |  .0 |
|  .1828 |  .0433 |  .0729 ||  .0 |  .0 |  .0 ||  .0 |  .0 |  .0 |

, state=
| -0. | -0. | -0. || -0. | -0. | -0. || -0. | -0. | -0. |
| -0. | -0. | -0. || -0. | -0. | -0. || -0. | -0. | -0. |
| -1. | -0. | -0. || -0. | -0. | -0. || -0. | -0. | -0. |
|=====+=====+=====||=====+=====+=====||=====+=====+=====|
| -0. | -0. | -0. || -0. | -0. | -0. || -0. | -0. | -0. |
| -0. | -0. | -0. || -0. | -0. | -0. || -0. | -0. | -0. |
| -0. | -0. | -0. || -0. | -0. | -0. || -0. | -0. | -0. |
|=====+=====+=====||=====+=====+=====||=====+=====+=====|
|*-0. |*-0. |*-0. || -0. | -0. | -0. || -0. | -0. | -0. |
|*-0. |*-0. |*-0. || -0. | -0. | -0. || -0. | -0. | -0. |
|*-0. |*-0. |*-0. || -0. | -0. | -0. || -0. | -0. | -0. |

, evalForThisState=1.0, isPlayerOneTurnOriginally=false}, StateDatum{MCTSProbabilites=
|  .0 |  .0 |  .0 ||  .0 |  .0 |  .0 ||  .0 |  .0 |  .0 |
|  .0 |  .0 |  .0 ||  .0 |  .0 |  .0 ||  .0 |  .0 |  .0 |
|  .0 |  .0 |  .0 ||  .0 |  .0 |  .0 ||  .0 |  .0 |  .0 |
|========+========+========||========+========+========||========+========+========|
|  .0 |  .0 |  .0 ||  .0645 |  .0847 |  .152 ||  .0 |  .0 |  .0 |
|  .0 |  .0 |  .0 ||  .0566 |  .1253 |  .1365 ||  .0 |  .0 |  .0 |
|  .0 |  .0 |  .0 ||  .0886 |  .1557 |  .136 ||  .0 |  .0 |  .0 |
|========+========+========||========+========+========||========+========+========|
|  .0 |  .0 |  .0 ||  .0 |  .0 |  .0 ||  .0 |  .0 |  .0 |
|  .0 |  .0 |  .0 ||  .0 |  .0 |  .0 ||  .0 |  .0 |  .0 |
|  .0 |  .0 |  .0 ||  .0 |  .0 |  .0 ||  .0 |  .0 |  .0 |

, state=
|  0. |  0. |  0. ||  0. |  0. |  0. ||  0. |  0. |  0. |
|  0. |  0. |  0. ||  0. |  0. |  0. ||  0. |  0. |  0. |
|  1. |  0. |  0. ||  0. |  0. |  0. ||  0. |  0. |  0. |
|=====+=====+=====||=====+=====+=====||=====+=====+=====|
|  0. |  0. |  0. ||* 0. |* 0. |* 0. ||  0. |  0. |  0. |
|  0. |  0. |  0. ||* 0. |* 0. |* 0. ||  0. |  0. |  0. |
|  0. |  0. |  0. ||* 0. |* 0. |* 0. ||  0. |  0. |  0. |
|=====+=====+=====||=====+=====+=====||=====+=====+=====|
|  0. |  0. |  0. ||  0. |  0. |  0. ||  0. |  0. |  0. |
|  0. | -1. |  0. ||  0. |  0. |  0. ||  0. |  0. |  0. |
|  0. |  0. |  0. ||  0. |  0. |  0. ||  0. |  0. |  0. |

, evalForThisState=-1.0, isPlayerOneTurnOriginally=true}, StateDatum{MCTSProbabilites=
|  .0 |  .0 |  .0 ||  .0 |  .0 |  .0 ||  .0 |  .0 |  .0 |
|  .0 |  .0 |  .0 ||  .0 |  .0 |  .0 ||  .0 |  .0 |  .0 |
|  .0 |  .0 |  .0 ||  .0 |  .0 |  .0 ||  .0 |  .0 |  .0 |
|========+========+========||========+========+========||========+========+========|
|  .0 |  .0 |  .0 ||  .0 |  .0 |  .0 ||  .0 |  .0 |  .0 |
|  .0 |  .0 |  .0 ||  .0 |  .0 |  .0 ||  .0 |  .0 |  .0 |
|  .0 |  .0 |  .0 ||  .0 |  .0 |  .0 ||  .0 |  .0 |  .0 |
|========+========+========||========+========+========||========+========+========|
|  .0 |  .0 |  .0 ||  .07 |  .0336 |  .077 ||  .0 |  .0 |  .0 |
|  .0 |  .0 |  .0 ||  .0539 |  .15 |  .045 ||  .0 |  .0 |  .0 |
|  .0 |  .0 |  .0 ||  .462 |  .0614 |  .0472 ||  .0 |  .0 |  .0 |

, state=
| -0. | -0. | -0. || -0. | -0. | -0. || -0. | -0. | -0. |
| -0. | -0. | -0. || -0. | -0. | -0. || -0. | -0. | -0. |
| -1. | -0. | -0. || -0. | -0. | -0. || -0. | -0. | -0. |
|=====+=====+=====||=====+=====+=====||=====+=====+=====|
| -0. | -0. | -0. || -0. | -0. | -0. || -0. | -0. | -0. |
| -0. | -0. | -0. || -0. | -0. | -0. || -0. | -0. | -0. |
| -0. | -0. | -0. || -0. | -1. | -0. || -0. | -0. | -0. |
|=====+=====+=====||=====+=====+=====||=====+=====+=====|
| -0. | -0. | -0. ||*-0. |*-0. |*-0. || -0. | -0. | -0. |
| -0. |  1. | -0. ||*-0. |*-0. |*-0. || -0. | -0. | -0. |
| -0. | -0. | -0. ||*-0. |*-0. |*-0. || -0. | -0. | -0. |

, evalForThisState=1.0, isPlayerOneTurnOriginally=false}, StateDatum{MCTSProbabilites=
|  .0 |  .0 |  .0 ||  .0 |  .0 |  .0 ||  .0 |  .0 |  .0 |
|  .0 |  .0 |  .0 ||  .0 |  .0 |  .0 ||  .0 |  .0 |  .0 |
|  .0 |  .0 |  .0 ||  .0 |  .0 |  .0 ||  .0 |  .0 |  .0 |
|========+========+========||========+========+========||========+========+========|
|  .0 |  .0 |  .0 ||  .0 |  .0 |  .0 ||  .0 |  .0 |  .0 |
|  .0 |  .0 |  .0 ||  .0 |  .0 |  .0 ||  .0 |  .0 |  .0 |
|  .0 |  .0 |  .0 ||  .0 |  .0 |  .0 ||  .0 |  .0 |  .0 |
|========+========+========||========+========+========||========+========+========|
|  .2143 |  .082 |  .1742 ||  .0 |  .0 |  .0 ||  .0 |  .0 |  .0 |
|  .1311 |  .0 |  .068 ||  .0 |  .0 |  .0 ||  .0 |  .0 |  .0 |
|  .0819 |  .1754 |  .0732 ||  .0 |  .0 |  .0 ||  .0 |  .0 |  .0 |

, state=
|  0. |  0. |  0. ||  0. |  0. |  0. ||  0. |  0. |  0. |
|  0. |  0. |  0. ||  0. |  0. |  0. ||  0. |  0. |  0. |
|  1. |  0. |  0. ||  0. |  0. |  0. ||  0. |  0. |  0. |
|=====+=====+=====||=====+=====+=====||=====+=====+=====|
|  0. |  0. |  0. ||  0. |  0. |  0. ||  0. |  0. |  0. |
|  0. |  0. |  0. ||  0. |  0. |  0. ||  0. |  0. |  0. |
|  0. |  0. |  0. ||  0. |  1. |  0. ||  0. |  0. |  0. |
|=====+=====+=====||=====+=====+=====||=====+=====+=====|
|* 0. |* 0. |* 0. ||  0. |  0. |  0. ||  0. |  0. |  0. |
|* 0. |*-1. |* 0. ||  0. |  0. |  0. ||  0. |  0. |  0. |
|* 0. |* 0. |* 0. || -1. |  0. |  0. ||  0. |  0. |  0. |

, evalForThisState=-1.0, isPlayerOneTurnOriginally=true}, StateDatum{MCTSProbabilites=
|  .3743 |  .0358 |  .0379 ||  .0 |  .0 |  .0 ||  .0 |  .0 |  .0 |
|  .0385 |  .0525 |  .0449 ||  .0 |  .0 |  .0 ||  .0 |  .0 |  .0 |
|  .0 |  .3807 |  .0354 ||  .0 |  .0 |  .0 ||  .0 |  .0 |  .0 |
|========+========+========||========+========+========||========+========+========|
|  .0 |  .0 |  .0 ||  .0 |  .0 |  .0 ||  .0 |  .0 |  .0 |
|  .0 |  .0 |  .0 ||  .0 |  .0 |  .0 ||  .0 |  .0 |  .0 |
|  .0 |  .0 |  .0 ||  .0 |  .0 |  .0 ||  .0 |  .0 |  .0 |
|========+========+========||========+========+========||========+========+========|
|  .0 |  .0 |  .0 ||  .0 |  .0 |  .0 ||  .0 |  .0 |  .0 |
|  .0 |  .0 |  .0 ||  .0 |  .0 |  .0 ||  .0 |  .0 |  .0 |
|  .0 |  .0 |  .0 ||  .0 |  .0 |  .0 ||  .0 |  .0 |  .0 |

, state=
|*-0. |*-0. |*-0. || -0. | -0. | -0. || -0. | -0. | -0. |
|*-0. |*-0. |*-0. || -0. | -0. | -0. || -0. | -0. | -0. |
|*-1. |*-0. |*-0. || -0. | -0. | -0. || -0. | -0. | -0. |
|=====+=====+=====||=====+=====+=====||=====+=====+=====|
| -0. | -0. | -0. || -0. | -0. | -0. || -0. | -0. | -0. |
| -0. | -0. | -0. || -0. | -0. | -0. || -0. | -0. | -0. |
| -0. | -0. | -0. || -0. | -1. | -0. || -0. | -0. | -0. |
|=====+=====+=====||=====+=====+=====||=====+=====+=====|
| -1. | -0. | -0. || -0. | -0. | -0. || -0. | -0. | -0. |
| -0. |  1. | -0. || -0. | -0. | -0. || -0. | -0. | -0. |
| -0. | -0. | -0. ||  1. | -0. | -0. || -0. | -0. | -0. |

, evalForThisState=1.0, isPlayerOneTurnOriginally=false}, StateDatum{MCTSProbabilites=
|  .0 |  .0 |  .0 ||  .0 |  .0 |  .0 ||  .0 |  .0 |  .0 |
|  .0 |  .0 |  .0 ||  .0 |  .0 |  .0 ||  .0 |  .0 |  .0 |
|  .0 |  .0 |  .0 ||  .0 |  .0 |  .0 ||  .0 |  .0 |  .0 |
|========+========+========||========+========+========||========+========+========|
|  .0 |  .0 |  .0 ||  .0 |  .0 |  .0 ||  .0 |  .0 |  .0 |
|  .0 |  .0 |  .0 ||  .0 |  .0 |  .0 ||  .0 |  .0 |  .0 |
|  .0 |  .0 |  .0 ||  .0 |  .0 |  .0 ||  .0 |  .0 |  .0 |
|========+========+========||========+========+========||========+========+========|
|  .0 |  .0 |  .0 ||  .1293 |  .0835 |  .1448 ||  .0 |  .0 |  .0 |
|  .0 |  .0 |  .0 ||  .1323 |  .138 |  .1391 ||  .0 |  .0 |  .0 |
|  .0 |  .0 |  .0 ||  .0 |  .1447 |  .0883 ||  .0 |  .0 |  .0 |

, state=
|  0. |  0. |  0. ||  0. |  0. |  0. ||  0. |  0. |  0. |
|  0. |  0. |  0. ||  0. |  0. |  0. ||  0. |  0. |  0. |
|  1. | -1. |  0. ||  0. |  0. |  0. ||  0. |  0. |  0. |
|=====+=====+=====||=====+=====+=====||=====+=====+=====|
|  0. |  0. |  0. ||  0. |  0. |  0. ||  0. |  0. |  0. |
|  0. |  0. |  0. ||  0. |  0. |  0. ||  0. |  0. |  0. |
|  0. |  0. |  0. ||  0. |  1. |  0. ||  0. |  0. |  0. |
|=====+=====+=====||=====+=====+=====||=====+=====+=====|
|  1. |  0. |  0. ||* 0. |* 0. |* 0. ||  0. |  0. |  0. |
|  0. | -1. |  0. ||* 0. |* 0. |* 0. ||  0. |  0. |  0. |
|  0. |  0. |  0. ||*-1. |* 0. |* 0. ||  0. |  0. |  0. |

, evalForThisState=-1.0, isPlayerOneTurnOriginally=true}, StateDatum{MCTSProbabilites=
|  .0 |  .0 |  .0 ||  .0 |  .0 |  .0 ||  .0334 |  .0854 |  .04 |
|  .0 |  .0 |  .0 ||  .0 |  .0 |  .0 ||  .0602 |  .3055 |  .3634 |
|  .0 |  .0 |  .0 ||  .0 |  .0 |  .0 ||  .0379 |  .0322 |  .0419 |
|========+========+========||========+========+========||========+========+========|
|  .0 |  .0 |  .0 ||  .0 |  .0 |  .0 ||  .0 |  .0 |  .0 |
|  .0 |  .0 |  .0 ||  .0 |  .0 |  .0 ||  .0 |  .0 |  .0 |
|  .0 |  .0 |  .0 ||  .0 |  .0 |  .0 ||  .0 |  .0 |  .0 |
|========+========+========||========+========+========||========+========+========|
|  .0 |  .0 |  .0 ||  .0 |  .0 |  .0 ||  .0 |  .0 |  .0 |
|  .0 |  .0 |  .0 ||  .0 |  .0 |  .0 ||  .0 |  .0 |  .0 |
|  .0 |  .0 |  .0 ||  .0 |  .0 |  .0 ||  .0 |  .0 |  .0 |

, state=
| -0. | -0. | -0. || -0. | -0. | -0. ||*-0. |*-0. |*-0. |
| -0. | -0. | -0. || -0. | -0. | -0. ||*-0. |*-0. |*-0. |
| -1. |  1. | -0. || -0. | -0. | -0. ||*-0. |*-0. |*-0. |
|=====+=====+=====||=====+=====+=====||=====+=====+=====|
| -0. | -0. | -0. || -0. | -0. | -0. || -0. | -0. | -0. |
| -0. | -0. | -0. || -0. | -0. | -0. || -0. | -0. | -0. |
| -0. | -0. | -0. || -0. | -1. | -0. || -0. | -0. | -0. |
|=====+=====+=====||=====+=====+=====||=====+=====+=====|
| -1. | -0. | -0. || -0. | -0. | -1. || -0. | -0. | -0. |
| -0. |  1. | -0. || -0. | -0. | -0. || -0. | -0. | -0. |
| -0. | -0. | -0. ||  1. | -0. | -0. || -0. | -0. | -0. |

, evalForThisState=1.0, isPlayerOneTurnOriginally=false}, StateDatum{MCTSProbabilites=
|  .0 |  .0 |  .0 ||  .0 |  .0 |  .0 ||  .0 |  .0 |  .0 |
|  .0 |  .0 |  .0 ||  .0 |  .0 |  .0 ||  .0 |  .0 |  .0 |
|  .0 |  .0 |  .0 ||  .0 |  .0 |  .0 ||  .0 |  .0 |  .0 |
|========+========+========||========+========+========||========+========+========|
|  .0 |  .0 |  .0 ||  .0 |  .0 |  .0 ||  .1714 |  .0863 |  .1318 |
|  .0 |  .0 |  .0 ||  .0 |  .0 |  .0 ||  .0803 |  .153 |  .1264 |
|  .0 |  .0 |  .0 ||  .0 |  .0 |  .0 ||  .103 |  .0742 |  .0736 |
|========+========+========||========+========+========||========+========+========|
|  .0 |  .0 |  .0 ||  .0 |  .0 |  .0 ||  .0 |  .0 |  .0 |
|  .0 |  .0 |  .0 ||  .0 |  .0 |  .0 ||  .0 |  .0 |  .0 |
|  .0 |  .0 |  .0 ||  .0 |  .0 |  .0 ||  .0 |  .0 |  .0 |

, state=
|  0. |  0. |  0. ||  0. |  0. |  0. ||  0. |  0. |  0. |
|  0. |  0. |  0. ||  0. |  0. |  0. ||  0. |  0. | -1. |
|  1. | -1. |  0. ||  0. |  0. |  0. ||  0. |  0. |  0. |
|=====+=====+=====||=====+=====+=====||=====+=====+=====|
|  0. |  0. |  0. ||  0. |  0. |  0. ||* 0. |* 0. |* 0. |
|  0. |  0. |  0. ||  0. |  0. |  0. ||* 0. |* 0. |* 0. |
|  0. |  0. |  0. ||  0. |  1. |  0. ||* 0. |* 0. |* 0. |
|=====+=====+=====||=====+=====+=====||=====+=====+=====|
|  1. |  0. |  0. ||  0. |  0. |  1. ||  0. |  0. |  0. |
|  0. | -1. |  0. ||  0. |  0. |  0. ||  0. |  0. |  0. |
|  0. |  0. |  0. || -1. |  0. |  0. ||  0. |  0. |  0. |

, evalForThisState=-1.0, isPlayerOneTurnOriginally=true}, StateDatum{MCTSProbabilites=
|  .032 |  .259 |  .0603 ||  .0 |  .0 |  .0 ||  .0 |  .0 |  .0 |
|  .0937 |  .2233 |  .2911 ||  .0 |  .0 |  .0 ||  .0 |  .0 |  .0 |
|  .0 |  .0 |  .0406 ||  .0 |  .0 |  .0 ||  .0 |  .0 |  .0 |
|========+========+========||========+========+========||========+========+========|
|  .0 |  .0 |  .0 ||  .0 |  .0 |  .0 ||  .0 |  .0 |  .0 |
|  .0 |  .0 |  .0 ||  .0 |  .0 |  .0 ||  .0 |  .0 |  .0 |
|  .0 |  .0 |  .0 ||  .0 |  .0 |  .0 ||  .0 |  .0 |  .0 |
|========+========+========||========+========+========||========+========+========|
|  .0 |  .0 |  .0 ||  .0 |  .0 |  .0 ||  .0 |  .0 |  .0 |
|  .0 |  .0 |  .0 ||  .0 |  .0 |  .0 ||  .0 |  .0 |  .0 |
|  .0 |  .0 |  .0 ||  .0 |  .0 |  .0 ||  .0 |  .0 |  .0 |

, state=
|*-0. |*-0. |*-0. || -0. | -0. | -0. || -0. | -0. | -0. |
|*-0. |*-0. |*-0. || -0. | -0. | -0. || -0. | -0. |  1. |
|*-1. |* 1. |*-0. || -0. | -0. | -0. || -0. | -0. | -0. |
|=====+=====+=====||=====+=====+=====||=====+=====+=====|
| -0. | -0. | -0. || -0. | -0. | -0. || -1. | -0. | -0. |
| -0. | -0. | -0. || -0. | -0. | -0. || -0. | -0. | -0. |
| -0. | -0. | -0. || -0. | -1. | -0. || -0. | -0. | -0. |
|=====+=====+=====||=====+=====+=====||=====+=====+=====|
| -1. | -0. | -0. || -0. | -0. | -1. || -0. | -0. | -0. |
| -0. |  1. | -0. || -0. | -0. | -0. || -0. | -0. | -0. |
| -0. | -0. | -0. ||  1. | -0. | -0. || -0. | -0. | -0. |

, evalForThisState=1.0, isPlayerOneTurnOriginally=false}, StateDatum{MCTSProbabilites=
|  .0 |  .0 |  .0 ||  .0 |  .0 |  .0 ||  .0 |  .0 |  .0 |
|  .0 |  .0 |  .0 ||  .0 |  .0 |  .0 ||  .0 |  .0 |  .0 |
|  .0 |  .0 |  .0 ||  .0 |  .0 |  .0 ||  .0 |  .0 |  .0 |
|========+========+========||========+========+========||========+========+========|
|  .0 |  .0 |  .0 ||  .0 |  .0 |  .0 ||  .0 |  .1259 |  .1469 |
|  .0 |  .0 |  .0 ||  .0 |  .0 |  .0 ||  .1265 |  .1813 |  .0537 |
|  .0 |  .0 |  .0 ||  .0 |  .0 |  .0 ||  .1593 |  .1261 |  .0802 |
|========+========+========||========+========+========||========+========+========|
|  .0 |  .0 |  .0 ||  .0 |  .0 |  .0 ||  .0 |  .0 |  .0 |
|  .0 |  .0 |  .0 ||  .0 |  .0 |  .0 ||  .0 |  .0 |  .0 |
|  .0 |  .0 |  .0 ||  .0 |  .0 |  .0 ||  .0 |  .0 |  .0 |

, state=
|  0. |  0. |  0. ||  0. |  0. |  0. ||  0. |  0. |  0. |
|  0. |  0. | -1. ||  0. |  0. |  0. ||  0. |  0. | -1. |
|  1. | -1. |  0. ||  0. |  0. |  0. ||  0. |  0. |  0. |
|=====+=====+=====||=====+=====+=====||=====+=====+=====|
|  0. |  0. |  0. ||  0. |  0. |  0. ||* 1. |* 0. |* 0. |
|  0. |  0. |  0. ||  0. |  0. |  0. ||* 0. |* 0. |* 0. |
|  0. |  0. |  0. ||  0. |  1. |  0. ||* 0. |* 0. |* 0. |
|=====+=====+=====||=====+=====+=====||=====+=====+=====|
|  1. |  0. |  0. ||  0. |  0. |  1. ||  0. |  0. |  0. |
|  0. | -1. |  0. ||  0. |  0. |  0. ||  0. |  0. |  0. |
|  0. |  0. |  0. || -1. |  0. |  0. ||  0. |  0. |  0. |

, evalForThisState=-1.0, isPlayerOneTurnOriginally=true}, StateDatum{MCTSProbabilites=
|  .0 |  .0 |  .0 ||  .0 |  .0 |  .0 ||  .0 |  .0 |  .0 |
|  .0 |  .0 |  .0 ||  .0 |  .0 |  .0 ||  .0 |  .0 |  .0 |
|  .0 |  .0 |  .0 ||  .0 |  .0 |  .0 ||  .0 |  .0 |  .0 |
|========+========+========||========+========+========||========+========+========|
|  .0 |  .0 |  .0 ||  .0392 |  .0292 |  .1604 ||  .0 |  .0 |  .0 |
|  .0 |  .0 |  .0 ||  .0405 |  .2014 |  .234 ||  .0 |  .0 |  .0 |
|  .0 |  .0 |  .0 ||  .261 |  .0 |  .0344 ||  .0 |  .0 |  .0 |
|========+========+========||========+========+========||========+========+========|
|  .0 |  .0 |  .0 ||  .0 |  .0 |  .0 ||  .0 |  .0 |  .0 |
|  .0 |  .0 |  .0 ||  .0 |  .0 |  .0 ||  .0 |  .0 |  .0 |
|  .0 |  .0 |  .0 ||  .0 |  .0 |  .0 ||  .0 |  .0 |  .0 |

, state=
| -0. | -0. | -0. || -0. | -0. | -0. || -0. | -0. | -0. |
| -0. | -0. |  1. || -0. | -0. | -0. || -0. | -0. |  1. |
| -1. |  1. | -0. || -0. | -0. | -0. || -0. | -0. | -0. |
|=====+=====+=====||=====+=====+=====||=====+=====+=====|
| -0. | -0. | -0. ||*-0. |*-0. |*-0. || -1. | -0. | -0. |
| -0. | -0. | -0. ||*-0. |*-0. |*-0. || -0. | -1. | -0. |
| -0. | -0. | -0. ||*-0. |*-1. |*-0. || -0. | -0. | -0. |
|=====+=====+=====||=====+=====+=====||=====+=====+=====|
| -1. | -0. | -0. || -0. | -0. | -1. || -0. | -0. | -0. |
| -0. |  1. | -0. || -0. | -0. | -0. || -0. | -0. | -0. |
| -0. | -0. | -0. ||  1. | -0. | -0. || -0. | -0. | -0. |

, evalForThisState=1.0, isPlayerOneTurnOriginally=false}, StateDatum{MCTSProbabilites=
|  .0 |  .0 |  .0 ||  .0 |  .0 |  .0 ||  .0 |  .0 |  .0 |
|  .0 |  .0 |  .0 ||  .0 |  .0 |  .0 ||  .0 |  .0 |  .0 |
|  .0 |  .0 |  .0 ||  .0 |  .0 |  .0 ||  .0 |  .0 |  .0 |
|========+========+========||========+========+========||========+========+========|
|  .0 |  .0 |  .0 ||  .0 |  .0 |  .0 ||  .0 |  .0 |  .0 |
|  .0 |  .0 |  .0 ||  .0 |  .0 |  .0 ||  .0 |  .0 |  .0 |
|  .0 |  .0 |  .0 ||  .0 |  .0 |  .0 ||  .0 |  .0 |  .0 |
|========+========+========||========+========+========||========+========+========|
|  .0 |  .1039 |  .1894 ||  .0 |  .0 |  .0 ||  .0 |  .0 |  .0 |
|  .0876 |  .0 |  .1609 ||  .0 |  .0 |  .0 ||  .0 |  .0 |  .0 |
|  .1726 |  .2535 |  .032 ||  .0 |  .0 |  .0 ||  .0 |  .0 |  .0 |

, state=
|  0. |  0. |  0. ||  0. |  0. |  0. ||  0. |  0. |  0. |
|  0. |  0. | -1. ||  0. |  0. |  0. ||  0. |  0. | -1. |
|  1. | -1. |  0. ||  0. |  0. |  0. ||  0. |  0. |  0. |
|=====+=====+=====||=====+=====+=====||=====+=====+=====|
|  0. |  0. |  0. ||  0. |  0. |  0. ||  1. |  0. |  0. |
|  0. |  0. |  0. ||  0. |  0. |  0. ||  0. |  1. |  0. |
|  0. |  0. |  0. || -1. |  1. |  0. ||  0. |  0. |  0. |
|=====+=====+=====||=====+=====+=====||=====+=====+=====|
|* 1. |* 0. |* 0. ||  0. |  0. |  1. ||  0. |  0. |  0. |
|* 0. |*-1. |* 0. ||  0. |  0. |  0. ||  0. |  0. |  0. |
|* 0. |* 0. |* 0. || -1. |  0. |  0. ||  0. |  0. |  0. |

, evalForThisState=-1.0, isPlayerOneTurnOriginally=true}, StateDatum{MCTSProbabilites=
|  .0 |  .0 |  .0 ||  .0 |  .0 |  .0 ||  .0 |  .0 |  .0 |
|  .0 |  .0 |  .0 ||  .0 |  .0 |  .0 ||  .0 |  .0 |  .0 |
|  .0 |  .0 |  .0 ||  .0 |  .0 |  .0 ||  .0 |  .0 |  .0 |
|========+========+========||========+========+========||========+========+========|
|  .0 |  .0 |  .0 ||  .0 |  .0 |  .0 ||  .0 |  .0 |  .0 |
|  .0 |  .0 |  .0 ||  .0 |  .0 |  .0 ||  .0 |  .0 |  .0 |
|  .0 |  .0 |  .0 ||  .0 |  .0 |  .0 ||  .0 |  .0 |  .0 |
|========+========+========||========+========+========||========+========+========|
|  .0 |  .0 |  .0 ||  .1634 |  .0252 |  .0 ||  .0 |  .0 |  .0 |
|  .0 |  .0 |  .0 ||  .2061 |  .1842 |  .2081 ||  .0 |  .0 |  .0 |
|  .0 |  .0 |  .0 ||  .0 |  .1868 |  .0261 ||  .0 |  .0 |  .0 |

, state=
| -0. | -0. | -0. || -0. | -0. | -0. || -0. | -0. | -0. |
| -0. | -0. |  1. || -0. | -0. | -0. || -0. | -0. |  1. |
| -1. |  1. | -0. || -0. | -0. | -0. || -0. | -0. | -0. |
|=====+=====+=====||=====+=====+=====||=====+=====+=====|
| -0. | -0. | -0. || -0. | -0. | -0. || -1. | -0. | -0. |
| -0. | -0. | -0. || -0. | -0. | -0. || -0. | -1. | -0. |
| -0. | -0. | -0. ||  1. | -1. | -0. || -0. | -0. | -0. |
|=====+=====+=====||=====+=====+=====||=====+=====+=====|
| -1. | -0. | -0. ||*-0. |*-0. |*-1. || -0. | -0. | -0. |
| -0. |  1. | -0. ||*-0. |*-0. |*-0. || -0. | -0. | -0. |
| -0. | -1. | -0. ||* 1. |*-0. |*-0. || -0. | -0. | -0. |

, evalForThisState=1.0, isPlayerOneTurnOriginally=false}, StateDatum{MCTSProbabilites=
|  .0 |  .0 |  .0 ||  .0 |  .0 |  .0 ||  .0 |  .0 |  .0 |
|  .0 |  .0 |  .0 ||  .0 |  .0 |  .0 ||  .0 |  .0 |  .0 |
|  .0 |  .0 |  .0 ||  .0 |  .0 |  .0 ||  .0 |  .0 |  .0 |
|========+========+========||========+========+========||========+========+========|
|  .0 |  .0 |  .0 ||  .0 |  .0 |  .0 ||  .0 |  .0334 |  .132 |
|  .0 |  .0 |  .0 ||  .0 |  .0 |  .0 ||  .0427 |  .0 |  .1862 |
|  .0 |  .0 |  .0 ||  .0 |  .0 |  .0 ||  .2416 |  .2028 |  .1613 |
|========+========+========||========+========+========||========+========+========|
|  .0 |  .0 |  .0 ||  .0 |  .0 |  .0 ||  .0 |  .0 |  .0 |
|  .0 |  .0 |  .0 ||  .0 |  .0 |  .0 ||  .0 |  .0 |  .0 |
|  .0 |  .0 |  .0 ||  .0 |  .0 |  .0 ||  .0 |  .0 |  .0 |

, state=
|  0. |  0. |  0. ||  0. |  0. |  0. ||  0. |  0. |  0. |
|  0. |  0. | -1. ||  0. |  0. |  0. ||  0. |  0. | -1. |
|  1. | -1. |  0. ||  0. |  0. |  0. ||  0. |  0. |  0. |
|=====+=====+=====||=====+=====+=====||=====+=====+=====|
|  0. |  0. |  0. ||  0. |  0. |  0. ||* 1. |* 0. |* 0. |
|  0. |  0. |  0. ||  0. |  0. |  0. ||* 0. |* 1. |* 0. |
|  0. |  0. |  0. || -1. |  1. |  0. ||* 0. |* 0. |* 0. |
|=====+=====+=====||=====+=====+=====||=====+=====+=====|
|  1. |  0. |  0. ||  0. |  0. |  1. ||  0. |  0. |  0. |
|  0. | -1. |  0. ||  0. |  0. | -1. ||  0. |  0. |  0. |
|  0. |  1. |  0. || -1. |  0. |  0. ||  0. |  0. |  0. |

, evalForThisState=-1.0, isPlayerOneTurnOriginally=true}, StateDatum{MCTSProbabilites=
|  .0 |  .0 |  .0 ||  .0 |  .0 |  .0 ||  .0 |  .0 |  .0 |
|  .0 |  .0 |  .0 ||  .0 |  .0 |  .0 ||  .0 |  .0 |  .0 |
|  .0 |  .0 |  .0 ||  .0 |  .0 |  .0 ||  .0 |  .0 |  .0 |
|========+========+========||========+========+========||========+========+========|
|  .0 |  .0 |  .0 ||  .0 |  .0 |  .0 ||  .0 |  .0 |  .0 |
|  .0 |  .0 |  .0 ||  .0 |  .0 |  .0 ||  .0 |  .0 |  .0 |
|  .0 |  .0 |  .0 ||  .0 |  .0 |  .0 ||  .0 |  .0 |  .0 |
|========+========+========||========+========+========||========+========+========|
|  .0 |  .2373 |  .0678 ||  .0 |  .0 |  .0 ||  .0 |  .0 |  .0 |
|  .2376 |  .0 |  .1083 ||  .0 |  .0 |  .0 ||  .0 |  .0 |  .0 |
|  .1181 |  .0 |  .2309 ||  .0 |  .0 |  .0 ||  .0 |  .0 |  .0 |

, state=
| -0. | -0. | -0. || -0. | -0. | -0. || -0. | -0. | -0. |
| -0. | -0. |  1. || -0. | -0. | -0. || -0. | -0. |  1. |
| -1. |  1. | -0. || -0. | -0. | -0. || -0. | -0. | -0. |
|=====+=====+=====||=====+=====+=====||=====+=====+=====|
| -0. | -0. | -0. || -0. | -0. | -0. || -1. | -0. | -0. |
| -0. | -0. | -0. || -0. | -0. | -0. || -0. | -1. | -0. |
| -0. | -0. | -0. ||  1. | -1. | -0. || -1. | -0. | -0. |
|=====+=====+=====||=====+=====+=====||=====+=====+=====|
|*-1. |*-0. |*-0. || -0. | -0. | -1. || -0. | -0. | -0. |
|*-0. |* 1. |*-0. || -0. | -0. |  1. || -0. | -0. | -0. |
|*-0. |*-1. |*-0. ||  1. | -0. | -0. || -0. | -0. | -0. |

, evalForThisState=1.0, isPlayerOneTurnOriginally=false}, StateDatum{MCTSProbabilites=
|  .0 |  .0 |  .0 ||  .0 |  .0 |  .0 ||  .0 |  .0 |  .0 |
|  .0 |  .0 |  .0 ||  .0 |  .0 |  .0 ||  .0 |  .0 |  .0 |
|  .0 |  .0 |  .0 ||  .0 |  .0 |  .0 ||  .0 |  .0 |  .0 |
|========+========+========||========+========+========||========+========+========|
|  .1633 |  .0288 |  .1917 ||  .0 |  .0 |  .0 ||  .0 |  .0 |  .0 |
|  .0978 |  .019 |  .1462 ||  .0 |  .0 |  .0 ||  .0 |  .0 |  .0 |
|  .1227 |  .1905 |  .0401 ||  .0 |  .0 |  .0 ||  .0 |  .0 |  .0 |
|========+========+========||========+========+========||========+========+========|
|  .0 |  .0 |  .0 ||  .0 |  .0 |  .0 ||  .0 |  .0 |  .0 |
|  .0 |  .0 |  .0 ||  .0 |  .0 |  .0 ||  .0 |  .0 |  .0 |
|  .0 |  .0 |  .0 ||  .0 |  .0 |  .0 ||  .0 |  .0 |  .0 |

, state=
|  0. |  0. |  0. ||  0. |  0. |  0. ||  0. |  0. |  0. |
|  0. |  0. | -1. ||  0. |  0. |  0. ||  0. |  0. | -1. |
|  1. | -1. |  0. ||  0. |  0. |  0. ||  0. |  0. |  0. |
|=====+=====+=====||=====+=====+=====||=====+=====+=====|
|* 0. |* 0. |* 0. ||  0. |  0. |  0. ||  1. |  0. |  0. |
|* 0. |* 0. |* 0. ||  0. |  0. |  0. ||  0. |  1. |  0. |
|* 0. |* 0. |* 0. || -1. |  1. |  0. ||  1. |  0. |  0. |
|=====+=====+=====||=====+=====+=====||=====+=====+=====|
|  1. |  0. |  0. ||  0. |  0. |  1. ||  0. |  0. |  0. |
| -1. | -1. |  0. ||  0. |  0. | -1. ||  0. |  0. |  0. |
|  0. |  1. |  0. || -1. |  0. |  0. ||  0. |  0. |  0. |

, evalForThisState=-1.0, isPlayerOneTurnOriginally=true}, StateDatum{MCTSProbabilites=
|  .0 |  .0 |  .0 ||  .0 |  .0 |  .0 ||  .1003 |  .1257 |  .0625 |
|  .0 |  .0 |  .0 ||  .0 |  .0 |  .0 ||  .0869 |  .1164 |  .0 |
|  .0 |  .0 |  .0 ||  .0 |  .0 |  .0 ||  .1926 |  .1513 |  .1643 |
|========+========+========||========+========+========||========+========+========|
|  .0 |  .0 |  .0 ||  .0 |  .0 |  .0 ||  .0 |  .0 |  .0 |
|  .0 |  .0 |  .0 ||  .0 |  .0 |  .0 ||  .0 |  .0 |  .0 |
|  .0 |  .0 |  .0 ||  .0 |  .0 |  .0 ||  .0 |  .0 |  .0 |
|========+========+========||========+========+========||========+========+========|
|  .0 |  .0 |  .0 ||  .0 |  .0 |  .0 ||  .0 |  .0 |  .0 |
|  .0 |  .0 |  .0 ||  .0 |  .0 |  .0 ||  .0 |  .0 |  .0 |
|  .0 |  .0 |  .0 ||  .0 |  .0 |  .0 ||  .0 |  .0 |  .0 |

, state=
| -0. | -0. | -0. || -0. | -0. | -0. ||*-0. |*-0. |*-0. |
| -0. | -0. |  1. || -0. | -0. | -0. ||*-0. |*-0. |* 1. |
| -1. |  1. | -0. || -0. | -0. | -0. ||*-0. |*-0. |*-0. |
|=====+=====+=====||=====+=====+=====||=====+=====+=====|
| -0. | -0. | -1. || -0. | -0. | -0. || -1. | -0. | -0. |
| -0. | -0. | -0. || -0. | -0. | -0. || -0. | -1. | -0. |
| -0. | -0. | -0. ||  1. | -1. | -0. || -1. | -0. | -0. |
|=====+=====+=====||=====+=====+=====||=====+=====+=====|
| -1. | -0. | -0. || -0. | -0. | -1. || -0. | -0. | -0. |
|  1. |  1. | -0. || -0. | -0. |  1. || -0. | -0. | -0. |
| -0. | -1. | -0. ||  1. | -0. | -0. || -0. | -0. | -0. |

, evalForThisState=1.0, isPlayerOneTurnOriginally=false}, StateDatum{MCTSProbabilites=
|  .0 |  .0 |  .0 ||  .0 |  .0 |  .0 ||  .0 |  .0 |  .0 |
|  .0 |  .0 |  .0 ||  .0 |  .0 |  .0 ||  .0 |  .0 |  .0 |
|  .0 |  .0 |  .0 ||  .0 |  .0 |  .0 ||  .0 |  .0 |  .0 |
|========+========+========||========+========+========||========+========+========|
|  .0 |  .0 |  .0 ||  .0 |  .0 |  .0 ||  .0 |  .0 |  .0 |
|  .0 |  .0 |  .0 ||  .0 |  .0 |  .0 ||  .0 |  .0 |  .0 |
|  .0 |  .0 |  .0 ||  .0 |  .0 |  .0 ||  .0 |  .0 |  .0 |
|========+========+========||========+========+========||========+========+========|
|  .0 |  .2251 |  .2287 ||  .0 |  .0 |  .0 ||  .0 |  .0 |  .0 |
|  .0 |  .0 |  .1423 ||  .0 |  .0 |  .0 ||  .0 |  .0 |  .0 |
|  .1602 |  .0 |  .2437 ||  .0 |  .0 |  .0 ||  .0 |  .0 |  .0 |

, state=
|  0. |  0. |  0. ||  0. |  0. |  0. ||  0. |  0. |  0. |
|  0. |  0. | -1. ||  0. |  0. |  0. ||  0. |  0. | -1. |
|  1. | -1. |  0. ||  0. |  0. |  0. || -1. |  0. |  0. |
|=====+=====+=====||=====+=====+=====||=====+=====+=====|
|  0. |  0. |  1. ||  0. |  0. |  0. ||  1. |  0. |  0. |
|  0. |  0. |  0. ||  0. |  0. |  0. ||  0. |  1. |  0. |
|  0. |  0. |  0. || -1. |  1. |  0. ||  1. |  0. |  0. |
|=====+=====+=====||=====+=====+=====||=====+=====+=====|
|* 1. |* 0. |* 0. ||  0. |  0. |  1. ||  0. |  0. |  0. |
|*-1. |*-1. |* 0. ||  0. |  0. | -1. ||  0. |  0. |  0. |
|* 0. |* 1. |* 0. || -1. |  0. |  0. ||  0. |  0. |  0. |

, evalForThisState=-1.0, isPlayerOneTurnOriginally=true}, StateDatum{MCTSProbabilites=
|  .0 |  .0 |  .0 ||  .0 |  .0 |  .0 ||  .0 |  .0 |  .0 |
|  .0 |  .0 |  .0 ||  .0 |  .0 |  .0 ||  .0 |  .0 |  .0 |
|  .0 |  .0 |  .0 ||  .0 |  .0 |  .0 ||  .0 |  .0 |  .0 |
|========+========+========||========+========+========||========+========+========|
|  .0 |  .0 |  .0 ||  .0 |  .0 |  .0 ||  .0 |  .0 |  .0 |
|  .0 |  .0 |  .0 ||  .0 |  .0 |  .0 ||  .0 |  .0 |  .0 |
|  .0 |  .0 |  .0 ||  .0 |  .0 |  .0 ||  .0 |  .0 |  .0 |
|========+========+========||========+========+========||========+========+========|
|  .0 |  .0 |  .0 ||  .0 |  .0 |  .0 ||  .1279 |  .087 |  .0825 |
|  .0 |  .0 |  .0 ||  .0 |  .0 |  .0 ||  .1359 |  .1678 |  .0902 |
|  .0 |  .0 |  .0 ||  .0 |  .0 |  .0 ||  .092 |  .1092 |  .1075 |

, state=
| -0. | -0. | -0. || -0. | -0. | -0. || -0. | -0. | -0. |
| -0. | -0. |  1. || -0. | -0. | -0. || -0. | -0. |  1. |
| -1. |  1. | -0. || -0. | -0. | -0. ||  1. | -0. | -0. |
|=====+=====+=====||=====+=====+=====||=====+=====+=====|
| -0. | -0. | -1. || -0. | -0. | -0. || -1. | -0. | -0. |
| -0. | -0. | -0. || -0. | -0. | -0. || -0. | -1. | -0. |
| -0. | -0. | -0. ||  1. | -1. | -0. || -1. | -0. | -0. |
|=====+=====+=====||=====+=====+=====||=====+=====+=====|
| -1. | -0. | -0. || -0. | -0. | -1. ||*-0. |*-0. |*-0. |
|  1. |  1. | -0. || -0. | -0. |  1. ||*-0. |*-0. |*-0. |
| -0. | -1. | -1. ||  1. | -0. | -0. ||*-0. |*-0. |*-0. |

, evalForThisState=1.0, isPlayerOneTurnOriginally=false}, StateDatum{MCTSProbabilites=
|  .0 |  .0 |  .0 ||  .0 |  .0 |  .0 ||  .0 |  .0 |  .0 |
|  .0 |  .0 |  .0 ||  .0 |  .0 |  .0 ||  .0 |  .0 |  .0 |
|  .0 |  .0 |  .0 ||  .0 |  .0 |  .0 ||  .0 |  .0 |  .0 |
|========+========+========||========+========+========||========+========+========|
|  .0 |  .0 |  .0 ||  .1713 |  .1109 |  .1205 ||  .0 |  .0 |  .0 |
|  .0 |  .0 |  .0 ||  .1713 |  .0878 |  .148 ||  .0 |  .0 |  .0 |
|  .0 |  .0 |  .0 ||  .0 |  .0 |  .1903 ||  .0 |  .0 |  .0 |
|========+========+========||========+========+========||========+========+========|
|  .0 |  .0 |  .0 ||  .0 |  .0 |  .0 ||  .0 |  .0 |  .0 |
|  .0 |  .0 |  .0 ||  .0 |  .0 |  .0 ||  .0 |  .0 |  .0 |
|  .0 |  .0 |  .0 ||  .0 |  .0 |  .0 ||  .0 |  .0 |  .0 |

, state=
|  0. |  0. |  0. ||  0. |  0. |  0. ||  0. |  0. |  0. |
|  0. |  0. | -1. ||  0. |  0. |  0. ||  0. |  0. | -1. |
|  1. | -1. |  0. ||  0. |  0. |  0. || -1. |  0. |  0. |
|=====+=====+=====||=====+=====+=====||=====+=====+=====|
|  0. |  0. |  1. ||* 0. |* 0. |* 0. ||  1. |  0. |  0. |
|  0. |  0. |  0. ||* 0. |* 0. |* 0. ||  0. |  1. |  0. |
|  0. |  0. |  0. ||*-1. |* 1. |* 0. ||  1. |  0. |  0. |
|=====+=====+=====||=====+=====+=====||=====+=====+=====|
|  1. |  0. |  0. ||  0. |  0. |  1. ||  0. |  0. |  0. |
| -1. | -1. |  0. ||  0. |  0. | -1. ||  0. | -1. |  0. |
|  0. |  1. |  1. || -1. |  0. |  0. ||  0. |  0. |  0. |

, evalForThisState=-1.0, isPlayerOneTurnOriginally=true}, StateDatum{MCTSProbabilites=
|  .0 |  .0 |  .0 ||  .0 |  .0 |  .0 ||  .0 |  .0 |  .0 |
|  .0 |  .0 |  .0 ||  .0 |  .0 |  .0 ||  .0 |  .0 |  .0 |
|  .0 |  .0 |  .0 ||  .0 |  .0 |  .0 ||  .0 |  .0 |  .0 |
|========+========+========||========+========+========||========+========+========|
|  .0 |  .0 |  .0 ||  .0 |  .0 |  .0 ||  .0 |  .0 |  .0 |
|  .0 |  .0 |  .0 ||  .0 |  .0 |  .0 ||  .0 |  .0 |  .0 |
|  .0 |  .0 |  .0 ||  .0 |  .0 |  .0 ||  .0 |  .0 |  .0 |
|========+========+========||========+========+========||========+========+========|
|  .0 |  .0 |  .0 ||  .0 |  .0 |  .0 ||  .136 |  .1583 |  .1534 |
|  .0 |  .0 |  .0 ||  .0 |  .0 |  .0 ||  .1587 |  .0 |  .1382 |
|  .0 |  .0 |  .0 ||  .0 |  .0 |  .0 ||  .0597 |  .1109 |  .0849 |

, state=
| -0. | -0. | -0. || -0. | -0. | -0. || -0. | -0. | -0. |
| -0. | -0. |  1. || -0. | -0. | -0. || -0. | -0. |  1. |
| -1. |  1. | -0. || -0. | -0. | -0. ||  1. | -0. | -0. |
|=====+=====+=====||=====+=====+=====||=====+=====+=====|
| -0. | -0. | -1. || -0. | -0. | -0. || -1. | -0. | -0. |
| -0. | -0. | -0. || -0. | -0. | -0. || -0. | -1. | -0. |
| -0. | -0. | -0. ||  1. | -1. | -1. || -1. | -0. | -0. |
|=====+=====+=====||=====+=====+=====||=====+=====+=====|
| -1. | -0. | -0. || -0. | -0. | -1. ||*-0. |*-0. |*-0. |
|  1. |  1. | -0. || -0. | -0. |  1. ||*-0. |* 1. |*-0. |
| -0. | -1. | -1. ||  1. | -0. | -0. ||*-0. |*-0. |*-0. |

, evalForThisState=1.0, isPlayerOneTurnOriginally=false}, StateDatum{MCTSProbabilites=
|  .0 |  .0 |  .0 ||  .0 |  .0 |  .0 ||  .0 |  .0 |  .0 |
|  .0 |  .0 |  .0 ||  .0 |  .0 |  .0 ||  .0 |  .0 |  .0 |
|  .0 |  .0 |  .0 ||  .0 |  .0 |  .0 ||  .0 |  .0 |  .0 |
|========+========+========||========+========+========||========+========+========|
|  .1734 |  .0542 |  .0 ||  .0 |  .0 |  .0 ||  .0 |  .0 |  .0 |
|  .1728 |  .1241 |  .0855 ||  .0 |  .0 |  .0 ||  .0 |  .0 |  .0 |
|  .0944 |  .1666 |  .1289 ||  .0 |  .0 |  .0 ||  .0 |  .0 |  .0 |
|========+========+========||========+========+========||========+========+========|
|  .0 |  .0 |  .0 ||  .0 |  .0 |  .0 ||  .0 |  .0 |  .0 |
|  .0 |  .0 |  .0 ||  .0 |  .0 |  .0 ||  .0 |  .0 |  .0 |
|  .0 |  .0 |  .0 ||  .0 |  .0 |  .0 ||  .0 |  .0 |  .0 |

, state=
|  0. |  0. |  0. ||  0. |  0. |  0. ||  0. |  0. |  0. |
|  0. |  0. | -1. ||  0. |  0. |  0. ||  0. |  0. | -1. |
|  1. | -1. |  0. ||  0. |  0. |  0. || -1. |  0. |  0. |
|=====+=====+=====||=====+=====+=====||=====+=====+=====|
|* 0. |* 0. |* 1. ||  0. |  0. |  0. ||  1. |  0. |  0. |
|* 0. |* 0. |* 0. ||  0. |  0. |  0. ||  0. |  1. |  0. |
|* 0. |* 0. |* 0. || -1. |  1. |  1. ||  1. |  0. |  0. |
|=====+=====+=====||=====+=====+=====||=====+=====+=====|
|  1. |  0. |  0. ||  0. |  0. |  1. ||  0. |  0. |  0. |
| -1. | -1. |  0. ||  0. |  0. | -1. || -1. | -1. |  0. |
|  0. |  1. |  1. || -1. |  0. |  0. ||  0. |  0. |  0. |

, evalForThisState=-1.0, isPlayerOneTurnOriginally=true}, StateDatum{MCTSProbabilites=
|  .1609 |  .2068 |  .0999 ||  .0 |  .0 |  .0 ||  .0 |  .0 |  .0 |
|  .1546 |  .1432 |  .0 ||  .0 |  .0 |  .0 ||  .0 |  .0 |  .0 |
|  .0 |  .0 |  .2347 ||  .0 |  .0 |  .0 ||  .0 |  .0 |  .0 |
|========+========+========||========+========+========||========+========+========|
|  .0 |  .0 |  .0 ||  .0 |  .0 |  .0 ||  .0 |  .0 |  .0 |
|  .0 |  .0 |  .0 ||  .0 |  .0 |  .0 ||  .0 |  .0 |  .0 |
|  .0 |  .0 |  .0 ||  .0 |  .0 |  .0 ||  .0 |  .0 |  .0 |
|========+========+========||========+========+========||========+========+========|
|  .0 |  .0 |  .0 ||  .0 |  .0 |  .0 ||  .0 |  .0 |  .0 |
|  .0 |  .0 |  .0 ||  .0 |  .0 |  .0 ||  .0 |  .0 |  .0 |
|  .0 |  .0 |  .0 ||  .0 |  .0 |  .0 ||  .0 |  .0 |  .0 |

, state=
|*-0. |*-0. |*-0. || -0. | -0. | -0. || -0. | -0. | -0. |
|*-0. |*-0. |* 1. || -0. | -0. | -0. || -0. | -0. |  1. |
|*-1. |* 1. |*-0. || -0. | -0. | -0. ||  1. | -0. | -0. |
|=====+=====+=====||=====+=====+=====||=====+=====+=====|
| -1. | -0. | -1. || -0. | -0. | -0. || -1. | -0. | -0. |
| -0. | -0. | -0. || -0. | -0. | -0. || -0. | -1. | -0. |
| -0. | -0. | -0. ||  1. | -1. | -1. || -1. | -0. | -0. |
|=====+=====+=====||=====+=====+=====||=====+=====+=====|
| -1. | -0. | -0. || -0. | -0. | -1. || -0. | -0. | -0. |
|  1. |  1. | -0. || -0. | -0. |  1. ||  1. |  1. | -0. |
| -0. | -1. | -1. ||  1. | -0. | -0. || -0. | -0. | -0. |

, evalForThisState=1.0, isPlayerOneTurnOriginally=false}, StateDatum{MCTSProbabilites=
|  .0 |  .0 |  .0 ||  .0 |  .0 |  .0 ||  .0 |  .0 |  .0 |
|  .0 |  .0 |  .0 ||  .0 |  .0 |  .0 ||  .0 |  .0 |  .0 |
|  .0 |  .0 |  .0 ||  .0 |  .0 |  .0 ||  .0 |  .0 |  .0 |
|========+========+========||========+========+========||========+========+========|
|  .0 |  .0 |  .0 ||  .0 |  .0 |  .0 ||  .0 |  .0 |  .0 |
|  .0 |  .0 |  .0 ||  .0 |  .0 |  .0 ||  .0 |  .0 |  .0 |
|  .0 |  .0 |  .0 ||  .0 |  .0 |  .0 ||  .0 |  .0 |  .0 |
|========+========+========||========+========+========||========+========+========|
|  .0 |  .0 |  .0 ||  .0 |  .0 |  .0 ||  .1542 |  .1861 |  .138 |
|  .0 |  .0 |  .0 ||  .0 |  .0 |  .0 ||  .0 |  .0 |  .1382 |
|  .0 |  .0 |  .0 ||  .0 |  .0 |  .0 ||  .1411 |  .1099 |  .1324 |

, state=
|  0. |  0. |  0. ||  0. |  0. |  0. ||  0. |  0. |  0. |
|  0. |  0. | -1. ||  0. |  0. |  0. ||  0. |  0. | -1. |
|  1. | -1. | -1. ||  0. |  0. |  0. || -1. |  0. |  0. |
|=====+=====+=====||=====+=====+=====||=====+=====+=====|
|  1. |  0. |  1. ||  0. |  0. |  0. ||  1. |  0. |  0. |
|  0. |  0. |  0. ||  0. |  0. |  0. ||  0. |  1. |  0. |
|  0. |  0. |  0. || -1. |  1. |  1. ||  1. |  0. |  0. |
|=====+=====+=====||=====+=====+=====||=====+=====+=====|
|  1. |  0. |  0. ||  0. |  0. |  1. ||* 0. |* 0. |* 0. |
| -1. | -1. |  0. ||  0. |  0. | -1. ||*-1. |*-1. |* 0. |
|  0. |  1. |  1. || -1. |  0. |  0. ||* 0. |* 0. |* 0. |

, evalForThisState=-1.0, isPlayerOneTurnOriginally=true}, StateDatum{MCTSProbabilites=
|  .0 |  .0 |  .0 ||  .095 |  .0713 |  .0692 ||  .0 |  .0 |  .0 |
|  .0 |  .0 |  .0 ||  .1197 |  .181 |  .1115 ||  .0 |  .0 |  .0 |
|  .0 |  .0 |  .0 ||  .1075 |  .0943 |  .1505 ||  .0 |  .0 |  .0 |
|========+========+========||========+========+========||========+========+========|
|  .0 |  .0 |  .0 ||  .0 |  .0 |  .0 ||  .0 |  .0 |  .0 |
|  .0 |  .0 |  .0 ||  .0 |  .0 |  .0 ||  .0 |  .0 |  .0 |
|  .0 |  .0 |  .0 ||  .0 |  .0 |  .0 ||  .0 |  .0 |  .0 |
|========+========+========||========+========+========||========+========+========|
|  .0 |  .0 |  .0 ||  .0 |  .0 |  .0 ||  .0 |  .0 |  .0 |
|  .0 |  .0 |  .0 ||  .0 |  .0 |  .0 ||  .0 |  .0 |  .0 |
|  .0 |  .0 |  .0 ||  .0 |  .0 |  .0 ||  .0 |  .0 |  .0 |

, state=
| -0. | -0. | -0. ||*-0. |*-0. |*-0. || -0. | -0. | -0. |
| -0. | -0. |  1. ||*-0. |*-0. |*-0. || -0. | -0. |  1. |
| -1. |  1. |  1. ||*-0. |*-0. |*-0. ||  1. | -0. | -0. |
|=====+=====+=====||=====+=====+=====||=====+=====+=====|
| -1. | -0. | -1. || -0. | -0. | -0. || -1. | -0. | -0. |
| -0. | -0. | -0. || -0. | -0. | -0. || -0. | -1. | -0. |
| -0. | -0. | -0. ||  1. | -1. | -1. || -1. | -0. | -0. |
|=====+=====+=====||=====+=====+=====||=====+=====+=====|
| -1. | -0. | -0. || -0. | -0. | -1. || -0. | -1. | -0. |
|  1. |  1. | -0. || -0. | -0. |  1. ||  1. |  1. | -0. |
| -0. | -1. | -1. ||  1. | -0. | -0. || -0. | -0. | -0. |

, evalForThisState=1.0, isPlayerOneTurnOriginally=false}, StateDatum{MCTSProbabilites=
|  .0 |  .0 |  .0 ||  .0 |  .0 |  .0 ||  .0 |  .0 |  .0 |
|  .0 |  .0 |  .0 ||  .0 |  .0 |  .0 ||  .0 |  .0 |  .0 |
|  .0 |  .0 |  .0 ||  .0 |  .0 |  .0 ||  .0 |  .0 |  .0 |
|========+========+========||========+========+========||========+========+========|
|  .0 |  .0 |  .0 ||  .2135 |  .1795 |  .0649 ||  .0 |  .0 |  .0 |
|  .0 |  .0 |  .0 ||  .1552 |  .17 |  .2169 ||  .0 |  .0 |  .0 |
|  .0 |  .0 |  .0 ||  .0 |  .0 |  .0 ||  .0 |  .0 |  .0 |
|========+========+========||========+========+========||========+========+========|
|  .0 |  .0 |  .0 ||  .0 |  .0 |  .0 ||  .0 |  .0 |  .0 |
|  .0 |  .0 |  .0 ||  .0 |  .0 |  .0 ||  .0 |  .0 |  .0 |
|  .0 |  .0 |  .0 ||  .0 |  .0 |  .0 ||  .0 |  .0 |  .0 |

, state=
|  0. |  0. |  0. ||  0. |  0. |  0. ||  0. |  0. |  0. |
|  0. |  0. | -1. ||  0. | -1. |  0. ||  0. |  0. | -1. |
|  1. | -1. | -1. ||  0. |  0. |  0. || -1. |  0. |  0. |
|=====+=====+=====||=====+=====+=====||=====+=====+=====|
|  1. |  0. |  1. ||* 0. |* 0. |* 0. ||  1. |  0. |  0. |
|  0. |  0. |  0. ||* 0. |* 0. |* 0. ||  0. |  1. |  0. |
|  0. |  0. |  0. ||*-1. |* 1. |* 1. ||  1. |  0. |  0. |
|=====+=====+=====||=====+=====+=====||=====+=====+=====|
|  1. |  0. |  0. ||  0. |  0. |  1. ||  0. |  1. |  0. |
| -1. | -1. |  0. ||  0. |  0. | -1. || -1. | -1. |  0. |
|  0. |  1. |  1. || -1. |  0. |  0. ||  0. |  0. |  0. |

, evalForThisState=-1.0, isPlayerOneTurnOriginally=true}, StateDatum{MCTSProbabilites=
|  .0 |  .0 |  .0 ||  .0 |  .0 |  .0 ||  .0 |  .0 |  .0 |
|  .0 |  .0 |  .0 ||  .0 |  .0 |  .0 ||  .0 |  .0 |  .0 |
|  .0 |  .0 |  .0 ||  .0 |  .0 |  .0 ||  .0 |  .0 |  .0 |
|========+========+========||========+========+========||========+========+========|
|  .0 |  .0 |  .0 ||  .0 |  .0 |  .0 ||  .0 |  .1568 |  .1588 |
|  .0 |  .0 |  .0 ||  .0 |  .0 |  .0 ||  .1519 |  .0 |  .2032 |
|  .0 |  .0 |  .0 ||  .0 |  .0 |  .0 ||  .0 |  .1347 |  .1947 |
|========+========+========||========+========+========||========+========+========|
|  .0 |  .0 |  .0 ||  .0 |  .0 |  .0 ||  .0 |  .0 |  .0 |
|  .0 |  .0 |  .0 ||  .0 |  .0 |  .0 ||  .0 |  .0 |  .0 |
|  .0 |  .0 |  .0 ||  .0 |  .0 |  .0 ||  .0 |  .0 |  .0 |

, state=
| -0. | -0. | -0. || -0. | -0. | -0. || -0. | -0. | -0. |
| -0. | -0. |  1. || -0. |  1. | -0. || -0. | -0. |  1. |
| -1. |  1. |  1. || -0. | -0. | -0. ||  1. | -0. | -0. |
|=====+=====+=====||=====+=====+=====||=====+=====+=====|
| -1. | -0. | -1. || -0. | -0. | -0. ||*-1. |*-0. |*-0. |
| -0. | -0. | -0. || -0. | -0. | -1. ||*-0. |*-1. |*-0. |
| -0. | -0. | -0. ||  1. | -1. | -1. ||*-1. |*-0. |*-0. |
|=====+=====+=====||=====+=====+=====||=====+=====+=====|
| -1. | -0. | -0. || -0. | -0. | -1. || -0. | -1. | -0. |
|  1. |  1. | -0. || -0. | -0. |  1. ||  1. |  1. | -0. |
| -0. | -1. | -1. ||  1. | -0. | -0. || -0. | -0. | -0. |

, evalForThisState=1.0, isPlayerOneTurnOriginally=false}, StateDatum{MCTSProbabilites=
|  .0 |  .0 |  .0 ||  .0 |  .0 |  .0 ||  .0 |  .0 |  .0 |
|  .0 |  .0 |  .0 ||  .0 |  .0 |  .0 ||  .0 |  .0 |  .0 |
|  .0 |  .0 |  .0 ||  .0 |  .0 |  .0 ||  .0 |  .0 |  .0 |
|========+========+========||========+========+========||========+========+========|
|  .0 |  .0 |  .0 ||  .0 |  .0 |  .0 ||  .0 |  .2021 |  .0496 |
|  .0 |  .0 |  .0 ||  .0 |  .0 |  .0 ||  .2438 |  .0 |  .0 |
|  .0 |  .0 |  .0 ||  .0 |  .0 |  .0 ||  .0 |  .2831 |  .2213 |
|========+========+========||========+========+========||========+========+========|
|  .0 |  .0 |  .0 ||  .0 |  .0 |  .0 ||  .0 |  .0 |  .0 |
|  .0 |  .0 |  .0 ||  .0 |  .0 |  .0 ||  .0 |  .0 |  .0 |
|  .0 |  .0 |  .0 ||  .0 |  .0 |  .0 ||  .0 |  .0 |  .0 |

, state=
|  0. |  0. |  0. ||  0. |  0. |  0. ||  0. |  0. |  0. |
|  0. |  0. | -1. ||  0. | -1. |  0. ||  0. |  0. | -1. |
|  1. | -1. | -1. ||  0. |  0. |  0. || -1. |  0. |  0. |
|=====+=====+=====||=====+=====+=====||=====+=====+=====|
|  1. |  0. |  1. ||  0. |  0. |  0. ||* 1. |* 0. |* 0. |
|  0. |  0. |  0. ||  0. |  0. |  1. ||* 0. |* 1. |*-1. |
|  0. |  0. |  0. || -1. |  1. |  1. ||* 1. |* 0. |* 0. |
|=====+=====+=====||=====+=====+=====||=====+=====+=====|
|  1. |  0. |  0. ||  0. |  0. |  1. ||  0. |  1. |  0. |
| -1. | -1. |  0. ||  0. |  0. | -1. || -1. | -1. |  0. |
|  0. |  1. |  1. || -1. |  0. |  0. ||  0. |  0. |  0. |

, evalForThisState=-1.0, isPlayerOneTurnOriginally=true}, StateDatum{MCTSProbabilites=
|  .0 |  .0 |  .0 ||  .0 |  .0 |  .0 ||  .0 |  .0 |  .0 |
|  .0 |  .0 |  .0 ||  .0 |  .0 |  .0 ||  .0 |  .0 |  .0 |
|  .0 |  .0 |  .0 ||  .0 |  .0 |  .0 ||  .0 |  .0 |  .0 |
|========+========+========||========+========+========||========+========+========|
|  .0 |  .0 |  .0 ||  .0 |  .0 |  .0 ||  .0 |  .0 |  .0 |
|  .0 |  .0 |  .0 ||  .0 |  .0 |  .0 ||  .0 |  .0 |  .0 |
|  .0 |  .0 |  .0 ||  .0 |  .0 |  .0 ||  .0 |  .0 |  .0 |
|========+========+========||========+========+========||========+========+========|
|  .0 |  .0 |  .0 ||  .1751 |  .1857 |  .0 ||  .0 |  .0 |  .0 |
|  .0 |  .0 |  .0 ||  .1421 |  .1122 |  .0 ||  .0 |  .0 |  .0 |
|  .0 |  .0 |  .0 ||  .0 |  .1935 |  .1914 ||  .0 |  .0 |  .0 |

, state=
| -0. | -0. | -0. || -0. | -0. | -0. || -0. | -0. | -0. |
| -0. | -0. |  1. || -0. |  1. | -0. || -0. | -0. |  1. |
| -1. |  1. |  1. || -0. | -0. | -0. ||  1. | -0. | -0. |
|=====+=====+=====||=====+=====+=====||=====+=====+=====|
| -1. | -0. | -1. || -0. | -0. | -0. || -1. | -0. | -0. |
| -0. | -0. | -0. || -0. | -0. | -1. || -0. | -1. |  1. |
| -0. | -0. | -0. ||  1. | -1. | -1. || -1. | -1. | -0. |
|=====+=====+=====||=====+=====+=====||=====+=====+=====|
| -1. | -0. | -0. ||*-0. |*-0. |*-1. || -0. | -1. | -0. |
|  1. |  1. | -0. ||*-0. |*-0. |* 1. ||  1. |  1. | -0. |
| -0. | -1. | -1. ||* 1. |*-0. |*-0. || -0. | -0. | -0. |

, evalForThisState=1.0, isPlayerOneTurnOriginally=false}, StateDatum{MCTSProbabilites=
|  .0 |  .0 |  .0 ||  .0 |  .0 |  .0 ||  .0 |  .0 |  .0 |
|  .0 |  .0 |  .0 ||  .0 |  .0 |  .0 ||  .0 |  .0 |  .0 |
|  .0 |  .0 |  .0 ||  .0 |  .0 |  .0 ||  .0 |  .0 |  .0 |
|========+========+========||========+========+========||========+========+========|
|  .0 |  .0 |  .0 ||  .0 |  .0 |  .0 ||  .0 |  .0 |  .0 |
|  .0 |  .0 |  .0 ||  .0 |  .0 |  .0 ||  .0 |  .0 |  .0 |
|  .0 |  .0 |  .0 ||  .0 |  .0 |  .0 ||  .0 |  .0 |  .0 |
|========+========+========||========+========+========||========+========+========|
|  .0 |  .0 |  .0 ||  .2668 |  .2277 |  .0 ||  .0 |  .0 |  .0 |
|  .0 |  .0 |  .0 ||  .1785 |  .1218 |  .0 ||  .0 |  .0 |  .0 |
|  .0 |  .0 |  .0 ||  .0 |  .0 |  .2053 ||  .0 |  .0 |  .0 |

, state=
|  0. |  0. |  0. ||  0. |  0. |  0. ||  0. |  0. |  0. |
|  0. |  0. | -1. ||  0. | -1. |  0. ||  0. |  0. | -1. |
|  1. | -1. | -1. ||  0. |  0. |  0. || -1. |  0. |  0. |
|=====+=====+=====||=====+=====+=====||=====+=====+=====|
|  1. |  0. |  1. ||  0. |  0. |  0. ||  1. |  0. |  0. |
|  0. |  0. |  0. ||  0. |  0. |  1. ||  0. |  1. | -1. |
|  0. |  0. |  0. || -1. |  1. |  1. ||  1. |  1. |  0. |
|=====+=====+=====||=====+=====+=====||=====+=====+=====|
|  1. |  0. |  0. ||* 0. |* 0. |* 1. ||  0. |  1. |  0. |
| -1. | -1. |  0. ||* 0. |* 0. |*-1. || -1. | -1. |  0. |
|  0. |  1. |  1. ||*-1. |*-1. |* 0. ||  0. |  0. |  0. |

, evalForThisState=-1.0, isPlayerOneTurnOriginally=true}, StateDatum{MCTSProbabilites=
|  .164 |  .1736 |  .3192 ||  .0 |  .0 |  .0 ||  .0 |  .0 |  .0 |
|  .1871 |  .1561 |  .0 ||  .0 |  .0 |  .0 ||  .0 |  .0 |  .0 |
|  .0 |  .0 |  .0 ||  .0 |  .0 |  .0 ||  .0 |  .0 |  .0 |
|========+========+========||========+========+========||========+========+========|
|  .0 |  .0 |  .0 ||  .0 |  .0 |  .0 ||  .0 |  .0 |  .0 |
|  .0 |  .0 |  .0 ||  .0 |  .0 |  .0 ||  .0 |  .0 |  .0 |
|  .0 |  .0 |  .0 ||  .0 |  .0 |  .0 ||  .0 |  .0 |  .0 |
|========+========+========||========+========+========||========+========+========|
|  .0 |  .0 |  .0 ||  .0 |  .0 |  .0 ||  .0 |  .0 |  .0 |
|  .0 |  .0 |  .0 ||  .0 |  .0 |  .0 ||  .0 |  .0 |  .0 |
|  .0 |  .0 |  .0 ||  .0 |  .0 |  .0 ||  .0 |  .0 |  .0 |

, state=
|*-0. |*-0. |*-0. || -0. | -0. | -0. || -0. | -0. | -0. |
|*-0. |*-0. |* 1. || -0. |  1. | -0. || -0. | -0. |  1. |
|*-1. |* 1. |* 1. || -0. | -0. | -0. ||  1. | -0. | -0. |
|=====+=====+=====||=====+=====+=====||=====+=====+=====|
| -1. | -0. | -1. || -0. | -0. | -0. || -1. | -0. | -0. |
| -0. | -0. | -0. || -0. | -0. | -1. || -0. | -1. |  1. |
| -0. | -0. | -0. ||  1. | -1. | -1. || -1. | -1. | -0. |
|=====+=====+=====||=====+=====+=====||=====+=====+=====|
| -1. | -0. | -0. || -1. | -0. | -1. || -0. | -1. | -0. |
|  1. |  1. | -0. || -0. | -0. |  1. ||  1. |  1. | -0. |
| -0. | -1. | -1. ||  1. |  1. | -0. || -0. | -0. | -0. |

, evalForThisState=1.0, isPlayerOneTurnOriginally=false}, StateDatum{MCTSProbabilites=
|  .0 |  .0 |  .0 ||  .0 |  .0 |  .0 ||  .2267 |  .1474 |  .1439 |
|  .0 |  .0 |  .0 ||  .0 |  .0 |  .0 ||  .1195 |  .0816 |  .0 |
|  .0 |  .0 |  .0 ||  .0 |  .0 |  .0 ||  .0 |  .152 |  .1289 |
|========+========+========||========+========+========||========+========+========|
|  .0 |  .0 |  .0 ||  .0 |  .0 |  .0 ||  .0 |  .0 |  .0 |
|  .0 |  .0 |  .0 ||  .0 |  .0 |  .0 ||  .0 |  .0 |  .0 |
|  .0 |  .0 |  .0 ||  .0 |  .0 |  .0 ||  .0 |  .0 |  .0 |
|========+========+========||========+========+========||========+========+========|
|  .0 |  .0 |  .0 ||  .0 |  .0 |  .0 ||  .0 |  .0 |  .0 |
|  .0 |  .0 |  .0 ||  .0 |  .0 |  .0 ||  .0 |  .0 |  .0 |
|  .0 |  .0 |  .0 ||  .0 |  .0 |  .0 ||  .0 |  .0 |  .0 |

, state=
|  0. |  0. | -1. ||  0. |  0. |  0. ||* 0. |* 0. |* 0. |
|  0. |  0. | -1. ||  0. | -1. |  0. ||* 0. |* 0. |*-1. |
|  1. | -1. | -1. ||  0. |  0. |  0. ||*-1. |* 0. |* 0. |
|=====+=====+=====||=====+=====+=====||=====+=====+=====|
|  1. |  0. |  1. ||  0. |  0. |  0. ||  1. |  0. |  0. |
|  0. |  0. |  0. ||  0. |  0. |  1. ||  0. |  1. | -1. |
|  0. |  0. |  0. || -1. |  1. |  1. ||  1. |  1. |  0. |
|=====+=====+=====||=====+=====+=====||=====+=====+=====|
|  1. |  0. |  0. ||  1. |  0. |  1. ||  0. |  1. |  0. |
| -1. | -1. |  0. ||  0. |  0. | -1. || -1. | -1. |  0. |
|  0. |  1. |  1. || -1. | -1. |  0. ||  0. |  0. |  0. |

, evalForThisState=-1.0, isPlayerOneTurnOriginally=true}, StateDatum{MCTSProbabilites=
|  .0 |  .0 |  .0 ||  .0099 |  .0158 |  .0257 ||  .0 |  .0268 |  .0234 |
|  .0 |  .0 |  .0 ||  .0302 |  .0 |  .0133 ||  .0179 |  .0198 |  .0 |
|  .0 |  .0 |  .0 ||  .0222 |  .0122 |  .0232 ||  .0 |  .0212 |  .0131 |
|========+========+========||========+========+========||========+========+========|
|  .0 |  .0214 |  .0 ||  .0392 |  .0206 |  .0134 ||  .0 |  .0233 |  .0269 |
|  .0162 |  .0404 |  .0334 ||  .0214 |  .0059 |  .0 ||  .0233 |  .0 |  .0 |
|  .0119 |  .0105 |  .0313 ||  .0 |  .0 |  .0 ||  .0 |  .0 |  .0133 |
|========+========+========||========+========+========||========+========+========|
|  .0 |  .0255 |  .0253 ||  .0 |  .0229 |  .0 ||  .007 |  .0 |  .0299 |
|  .0 |  .0 |  .0347 ||  .0259 |  .0239 |  .0 ||  .0 |  .0 |  .0381 |
|  .0135 |  .0 |  .0 ||  .0 |  .0 |  .0561 ||  .016 |  .0377 |  .0161 |

, state=
| -0. | -0. |  1. ||*-0. |*-0. |*-0. ||*-1. |*-0. |*-0. |
| -0. | -0. |  1. ||*-0. |* 1. |*-0. ||*-0. |*-0. |* 1. |
| -1. |  1. |  1. ||*-0. |*-0. |*-0. ||* 1. |*-0. |*-0. |
|=====+=====+=====||=====+=====+=====||=====+=====+=====|
|*-1. |*-0. |*-1. ||*-0. |*-0. |*-0. ||*-1. |*-0. |*-0. |
|*-0. |*-0. |*-0. ||*-0. |*-0. |*-1. ||*-0. |*-1. |* 1. |
|*-0. |*-0. |*-0. ||* 1. |*-1. |*-1. ||*-1. |*-1. |*-0. |
|=====+=====+=====||=====+=====+=====||=====+=====+=====|
|*-1. |*-0. |*-0. ||*-1. |*-0. |*-1. ||*-0. |*-1. |*-0. |
|* 1. |* 1. |*-0. ||*-0. |*-0. |* 1. ||* 1. |* 1. |*-0. |
|*-0. |*-1. |*-1. ||* 1. |* 1. |*-0. ||*-0. |*-0. |*-0. |

, evalForThisState=1.0, isPlayerOneTurnOriginally=false}, StateDatum{MCTSProbabilites=
|  .0 |  .0 |  .0 ||  .0 |  .0 |  .0 ||  .0 |  .0 |  .0 |
|  .0 |  .0 |  .0 ||  .0 |  .0 |  .0 ||  .0 |  .0 |  .0 |
|  .0 |  .0 |  .0 ||  .0 |  .0 |  .0 ||  .0 |  .0 |  .0 |
|========+========+========||========+========+========||========+========+========|
|  .0 |  .0 |  .0 ||  .0 |  .0 |  .0 ||  .0 |  .0 |  .0 |
|  .0 |  .0 |  .0 ||  .0 |  .0 |  .0 ||  .0 |  .0 |  .0 |
|  .0 |  .0 |  .0 ||  .0 |  .0 |  .0 ||  .0 |  .0 |  .0 |
|========+========+========||========+========+========||========+========+========|
|  .0 |  .0 |  .0 ||  .0 |  .0 |  .0 ||  .0556 |  .0 |  .1706 |
|  .0 |  .0 |  .0 ||  .0 |  .0 |  .0 ||  .0 |  .0 |  .0877 |
|  .0 |  .0 |  .0 ||  .0 |  .0 |  .0 ||  .1769 |  .0859 |  .4234 |

, state=
|  0. |  0. | -1. ||  0. |  0. |  0. ||  1. |  0. |  0. |
|  0. |  0. | -1. ||  0. | -1. |  0. ||  0. |  0. | -1. |
|  1. | -1. | -1. ||  0. |  0. |  0. || -1. |  0. |  0. |
|=====+=====+=====||=====+=====+=====||=====+=====+=====|
|  1. |  0. |  1. ||  0. |  0. |  0. ||  1. |  0. |  0. |
|  0. |  0. |  0. ||  0. |  0. |  1. ||  0. |  1. | -1. |
|  0. |  0. |  0. || -1. |  1. |  1. ||  1. |  1. |  0. |
|=====+=====+=====||=====+=====+=====||=====+=====+=====|
|  1. |  0. |  0. ||  1. |  0. |  1. ||* 0. |* 1. |* 0. |
| -1. | -1. |  0. ||  0. |  0. | -1. ||*-1. |*-1. |* 0. |
|  0. |  1. |  1. || -1. | -1. | -1. ||* 0. |* 0. |* 0. |

, evalForThisState=-1.0, isPlayerOneTurnOriginally=true}, StateDatum{MCTSProbabilites=
|  .0 |  .0 |  .0 ||  .0 |  .0 |  .0 ||  .0 |  .0 |  .0 |
|  .0 |  .0 |  .0 ||  .0 |  .0 |  .0 ||  .0 |  .0 |  .0 |
|  .0 |  .0 |  .0 ||  .0 |  .0 |  .0 ||  .0 |  .0 |  .0 |
|========+========+========||========+========+========||========+========+========|
|  .0 |  .0 |  .0 ||  .0 |  .0 |  .0 ||  .0 |  .0 |  .0 |
|  .0 |  .0 |  .0 ||  .0 |  .0 |  .0 ||  .0 |  .0 |  .0 |
|  .0 |  .0 |  .0 ||  .0 |  .0 |  .0 ||  .0 |  .0 |  .0 |
|========+========+========||========+========+========||========+========+========|
|  .0 |  .0 |  .0 ||  .0 |  .0 |  .0 ||  .0689 |  .0 |  .0649 |
|  .0 |  .0 |  .0 ||  .0 |  .0 |  .0 ||  .0 |  .0 |  .746 |
|  .0 |  .0 |  .0 ||  .0 |  .0 |  .0 ||  .0622 |  .0579 |  .0 |

, state=
| -0. | -0. |  1. || -0. | -0. | -0. || -1. | -0. | -0. |
| -0. | -0. |  1. || -0. |  1. | -0. || -0. | -0. |  1. |
| -1. |  1. |  1. || -0. | -0. | -0. ||  1. | -0. | -0. |
|=====+=====+=====||=====+=====+=====||=====+=====+=====|
| -1. | -0. | -1. || -0. | -0. | -0. || -1. | -0. | -0. |
| -0. | -0. | -0. || -0. | -0. | -1. || -0. | -1. |  1. |
| -0. | -0. | -0. ||  1. | -1. | -1. || -1. | -1. | -0. |
|=====+=====+=====||=====+=====+=====||=====+=====+=====|
| -1. | -0. | -0. || -1. | -0. | -1. ||*-0. |*-1. |*-0. |
|  1. |  1. | -0. || -0. | -0. |  1. ||* 1. |* 1. |*-0. |
| -0. | -1. | -1. ||  1. |  1. |  1. ||*-0. |*-0. |*-1. |

, evalForThisState=1.0, isPlayerOneTurnOriginally=false}, StateDatum{MCTSProbabilites=
|  .0 |  .0 |  .0 ||  .0 |  .0 |  .0 ||  .0 |  .0 |  .0 |
|  .0 |  .0 |  .0 ||  .0 |  .0 |  .0 ||  .0 |  .0 |  .0 |
|  .0 |  .0 |  .0 ||  .0 |  .0 |  .0 ||  .0 |  .0 |  .0 |
|========+========+========||========+========+========||========+========+========|
|  .0 |  .0 |  .0 ||  .0 |  .0 |  .0 ||  .0 |  .1834 |  .4937 |
|  .0 |  .0 |  .0 ||  .0 |  .0 |  .0 ||  .1462 |  .0 |  .0 |
|  .0 |  .0 |  .0 ||  .0 |  .0 |  .0 ||  .0 |  .0 |  .1766 |
|========+========+========||========+========+========||========+========+========|
|  .0 |  .0 |  .0 ||  .0 |  .0 |  .0 ||  .0 |  .0 |  .0 |
|  .0 |  .0 |  .0 ||  .0 |  .0 |  .0 ||  .0 |  .0 |  .0 |
|  .0 |  .0 |  .0 ||  .0 |  .0 |  .0 ||  .0 |  .0 |  .0 |

, state=
|  0. |  0. | -1. ||  0. |  0. |  0. ||  1. |  0. |  0. |
|  0. |  0. | -1. ||  0. | -1. |  0. ||  0. |  0. | -1. |
|  1. | -1. | -1. ||  0. |  0. |  0. || -1. |  0. |  0. |
|=====+=====+=====||=====+=====+=====||=====+=====+=====|
|  1. |  0. |  1. ||  0. |  0. |  0. ||* 1. |* 0. |* 0. |
|  0. |  0. |  0. ||  0. |  0. |  1. ||* 0. |* 1. |*-1. |
|  0. |  0. |  0. || -1. |  1. |  1. ||* 1. |* 1. |* 0. |
|=====+=====+=====||=====+=====+=====||=====+=====+=====|
|  1. |  0. |  0. ||  1. |  0. |  1. ||  0. |  1. |  0. |
| -1. | -1. |  0. ||  0. |  0. | -1. || -1. | -1. | -1. |
|  0. |  1. |  1. || -1. | -1. | -1. ||  0. |  0. |  1. |

, evalForThisState=-1.0, isPlayerOneTurnOriginally=true}, StateDatum{MCTSProbabilites=
|  .0 |  .0 |  .0 ||  .0 |  .0 |  .0 ||  .0 |  .0655 |  .3363 |
|  .0 |  .0 |  .0 ||  .0 |  .0 |  .0 ||  .1605 |  .0713 |  .0 |
|  .0 |  .0 |  .0 ||  .0 |  .0 |  .0 ||  .0 |  .1601 |  .2062 |
|========+========+========||========+========+========||========+========+========|
|  .0 |  .0 |  .0 ||  .0 |  .0 |  .0 ||  .0 |  .0 |  .0 |
|  .0 |  .0 |  .0 ||  .0 |  .0 |  .0 ||  .0 |  .0 |  .0 |
|  .0 |  .0 |  .0 ||  .0 |  .0 |  .0 ||  .0 |  .0 |  .0 |
|========+========+========||========+========+========||========+========+========|
|  .0 |  .0 |  .0 ||  .0 |  .0 |  .0 ||  .0 |  .0 |  .0 |
|  .0 |  .0 |  .0 ||  .0 |  .0 |  .0 ||  .0 |  .0 |  .0 |
|  .0 |  .0 |  .0 ||  .0 |  .0 |  .0 ||  .0 |  .0 |  .0 |

, state=
| -0. | -0. |  1. || -0. | -0. | -0. ||*-1. |*-0. |*-0. |
| -0. | -0. |  1. || -0. |  1. | -0. ||*-0. |*-0. |* 1. |
| -1. |  1. |  1. || -0. | -0. | -0. ||* 1. |*-0. |*-0. |
|=====+=====+=====||=====+=====+=====||=====+=====+=====|
| -1. | -0. | -1. || -0. | -0. | -0. || -1. | -0. | -1. |
| -0. | -0. | -0. || -0. | -0. | -1. || -0. | -1. |  1. |
| -0. | -0. | -0. ||  1. | -1. | -1. || -1. | -1. | -0. |
|=====+=====+=====||=====+=====+=====||=====+=====+=====|
| -1. | -0. | -0. || -1. | -0. | -1. || -0. | -1. | -0. |
|  1. |  1. | -0. || -0. | -0. |  1. ||  1. |  1. |  1. |
| -0. | -1. | -1. ||  1. |  1. |  1. || -0. | -0. | -1. |

, evalForThisState=1.0, isPlayerOneTurnOriginally=false}, StateDatum{MCTSProbabilites=
|  .0 |  .0 |  .0 ||  .0 |  .0 |  .0 ||  .0 |  .7578 |  .0 |
|  .0 |  .0 |  .0 ||  .0 |  .0 |  .0 ||  .038 |  .0284 |  .0 |
|  .0 |  .0 |  .0 ||  .0 |  .0 |  .0 ||  .0 |  .0871 |  .0887 |
|========+========+========||========+========+========||========+========+========|
|  .0 |  .0 |  .0 ||  .0 |  .0 |  .0 ||  .0 |  .0 |  .0 |
|  .0 |  .0 |  .0 ||  .0 |  .0 |  .0 ||  .0 |  .0 |  .0 |
|  .0 |  .0 |  .0 ||  .0 |  .0 |  .0 ||  .0 |  .0 |  .0 |
|========+========+========||========+========+========||========+========+========|
|  .0 |  .0 |  .0 ||  .0 |  .0 |  .0 ||  .0 |  .0 |  .0 |
|  .0 |  .0 |  .0 ||  .0 |  .0 |  .0 ||  .0 |  .0 |  .0 |
|  .0 |  .0 |  .0 ||  .0 |  .0 |  .0 ||  .0 |  .0 |  .0 |

, state=
|  0. |  0. | -1. ||  0. |  0. |  0. ||* 1. |* 0. |*-1. |
|  0. |  0. | -1. ||  0. | -1. |  0. ||* 0. |* 0. |*-1. |
|  1. | -1. | -1. ||  0. |  0. |  0. ||*-1. |* 0. |* 0. |
|=====+=====+=====||=====+=====+=====||=====+=====+=====|
|  1. |  0. |  1. ||  0. |  0. |  0. ||  1. |  0. |  1. |
|  0. |  0. |  0. ||  0. |  0. |  1. ||  0. |  1. | -1. |
|  0. |  0. |  0. || -1. |  1. |  1. ||  1. |  1. |  0. |
|=====+=====+=====||=====+=====+=====||=====+=====+=====|
|  1. |  0. |  0. ||  1. |  0. |  1. ||  0. |  1. |  0. |
| -1. | -1. |  0. ||  0. |  0. | -1. || -1. | -1. | -1. |
|  0. |  1. |  1. || -1. | -1. | -1. ||  0. |  0. |  1. |

, evalForThisState=-1.0, isPlayerOneTurnOriginally=true}, StateDatum{MCTSProbabilites=
|  .0 |  .0 |  .0 ||  .0016 |  .9915 |  .001 ||  .0 |  .0 |  .0 |
|  .0 |  .0 |  .0 ||  .0033 |  .0 |  .0012 ||  .0 |  .0 |  .0 |
|  .0 |  .0 |  .0 ||  .0003 |  .0005 |  .0005 ||  .0 |  .0 |  .0 |
|========+========+========||========+========+========||========+========+========|
|  .0 |  .0 |  .0 ||  .0 |  .0 |  .0 ||  .0 |  .0 |  .0 |
|  .0 |  .0 |  .0 ||  .0 |  .0 |  .0 ||  .0 |  .0 |  .0 |
|  .0 |  .0 |  .0 ||  .0 |  .0 |  .0 ||  .0 |  .0 |  .0 |
|========+========+========||========+========+========||========+========+========|
|  .0 |  .0 |  .0 ||  .0 |  .0 |  .0 ||  .0 |  .0 |  .0 |
|  .0 |  .0 |  .0 ||  .0 |  .0 |  .0 ||  .0 |  .0 |  .0 |
|  .0 |  .0 |  .0 ||  .0 |  .0 |  .0 ||  .0 |  .0 |  .0 |

, state=
| -0. | -0. |  1. ||*-0. |*-0. |*-0. || -1. | -1. |  1. |
| -0. | -0. |  1. ||*-0. |* 1. |*-0. || -0. | -0. |  1. |
| -1. |  1. |  1. ||*-0. |*-0. |*-0. ||  1. | -0. | -0. |
|=====+=====+=====||=====+=====+=====||=====+=====+=====|
| -1. | -0. | -1. || -0. | -0. | -0. || -1. | -0. | -1. |
| -0. | -0. | -0. || -0. | -0. | -1. || -0. | -1. |  1. |
| -0. | -0. | -0. ||  1. | -1. | -1. || -1. | -1. | -0. |
|=====+=====+=====||=====+=====+=====||=====+=====+=====|
| -1. | -0. | -0. || -1. | -0. | -1. || -0. | -1. | -0. |
|  1. |  1. | -0. || -0. | -0. |  1. ||  1. |  1. |  1. |
| -0. | -1. | -1. ||  1. |  1. |  1. || -0. | -0. | -1. |

, evalForThisState=1.0, isPlayerOneTurnOriginally=false}, StateDatum{MCTSProbabilites=
|  .0 |  .0 |  .0 ||  .0002 |  .0 |  .9908 ||  .0 |  .0 |  .0 |
|  .0 |  .0 |  .0 ||  .0069 |  .0 |  .0001 ||  .0 |  .0 |  .0 |
|  .0 |  .0 |  .0 ||  .0016 |  .0002 |  .0002 ||  .0 |  .0 |  .0 |
|========+========+========||========+========+========||========+========+========|
|  .0 |  .0 |  .0 ||  .0 |  .0 |  .0 ||  .0 |  .0 |  .0 |
|  .0 |  .0 |  .0 ||  .0 |  .0 |  .0 ||  .0 |  .0 |  .0 |
|  .0 |  .0 |  .0 ||  .0 |  .0 |  .0 ||  .0 |  .0 |  .0 |
|========+========+========||========+========+========||========+========+========|
|  .0 |  .0 |  .0 ||  .0 |  .0 |  .0 ||  .0 |  .0 |  .0 |
|  .0 |  .0 |  .0 ||  .0 |  .0 |  .0 ||  .0 |  .0 |  .0 |
|  .0 |  .0 |  .0 ||  .0 |  .0 |  .0 ||  .0 |  .0 |  .0 |

, state=
|  0. |  0. | -1. ||* 0. |*-1. |* 0. ||  1. |  1. | -1. |
|  0. |  0. | -1. ||* 0. |*-1. |* 0. ||  0. |  0. | -1. |
|  1. | -1. | -1. ||* 0. |* 0. |* 0. || -1. |  0. |  0. |
|=====+=====+=====||=====+=====+=====||=====+=====+=====|
|  1. |  0. |  1. ||  0. |  0. |  0. ||  1. |  0. |  1. |
|  0. |  0. |  0. ||  0. |  0. |  1. ||  0. |  1. | -1. |
|  0. |  0. |  0. || -1. |  1. |  1. ||  1. |  1. |  0. |
|=====+=====+=====||=====+=====+=====||=====+=====+=====|
|  1. |  0. |  0. ||  1. |  0. |  1. ||  0. |  1. |  0. |
| -1. | -1. |  0. ||  0. |  0. | -1. || -1. | -1. | -1. |
|  0. |  1. |  1. || -1. | -1. | -1. ||  0. |  0. |  1. |

, evalForThisState=-1.0, isPlayerOneTurnOriginally=true}, StateDatum{MCTSProbabilites=
|  .0 |  .0 |  .0 ||  .0 |  .0 |  .0 ||  .0 |  .0 |  .0 |
|  .0 |  .0 |  .0 ||  .0 |  .0 |  .0 ||  .0003 |  .9986 |  .0 |
|  .0 |  .0 |  .0 ||  .0 |  .0 |  .0 ||  .0 |  .0002 |  .0009 |
|========+========+========||========+========+========||========+========+========|
|  .0 |  .0 |  .0 ||  .0 |  .0 |  .0 ||  .0 |  .0 |  .0 |
|  .0 |  .0 |  .0 ||  .0 |  .0 |  .0 ||  .0 |  .0 |  .0 |
|  .0 |  .0 |  .0 ||  .0 |  .0 |  .0 ||  .0 |  .0 |  .0 |
|========+========+========||========+========+========||========+========+========|
|  .0 |  .0 |  .0 ||  .0 |  .0 |  .0 ||  .0 |  .0 |  .0 |
|  .0 |  .0 |  .0 ||  .0 |  .0 |  .0 ||  .0 |  .0 |  .0 |
|  .0 |  .0 |  .0 ||  .0 |  .0 |  .0 ||  .0 |  .0 |  .0 |

, state=
| -0. | -0. |  1. || -0. |  1. | -1. ||*-1. |*-1. |* 1. |
| -0. | -0. |  1. || -0. |  1. | -0. ||*-0. |*-0. |* 1. |
| -1. |  1. |  1. || -0. | -0. | -0. ||* 1. |*-0. |*-0. |
|=====+=====+=====||=====+=====+=====||=====+=====+=====|
| -1. | -0. | -1. || -0. | -0. | -0. || -1. | -0. | -1. |
| -0. | -0. | -0. || -0. | -0. | -1. || -0. | -1. |  1. |
| -0. | -0. | -0. ||  1. | -1. | -1. || -1. | -1. | -0. |
|=====+=====+=====||=====+=====+=====||=====+=====+=====|
| -1. | -0. | -0. || -1. | -0. | -1. || -0. | -1. | -0. |
|  1. |  1. | -0. || -0. | -0. |  1. ||  1. |  1. |  1. |
| -0. | -1. | -1. ||  1. |  1. |  1. || -0. | -0. | -1. |

, evalForThisState=1.0, isPlayerOneTurnOriginally=false}, StateDatum{MCTSProbabilites=
|  .0 |  .0 |  .0 ||  .0 |  .0 |  .0 ||  .0 |  .0 |  .0 |
|  .0 |  .0 |  .0 ||  .0 |  .0 |  .0 ||  .0 |  .0 |  .0 |
|  .0 |  .0 |  .0 ||  .0 |  .0 |  .0 ||  .0 |  .0 |  .0 |
|========+========+========||========+========+========||========+========+========|
|  .0 |  .0 |  .0 ||  .0001 |  .9987 |  .0001 ||  .0 |  .0 |  .0 |
|  .0 |  .0 |  .0 ||  .0 |  .0011 |  .0 ||  .0 |  .0 |  .0 |
|  .0 |  .0 |  .0 ||  .0 |  .0 |  .0 ||  .0 |  .0 |  .0 |
|========+========+========||========+========+========||========+========+========|
|  .0 |  .0 |  .0 ||  .0 |  .0 |  .0 ||  .0 |  .0 |  .0 |
|  .0 |  .0 |  .0 ||  .0 |  .0 |  .0 ||  .0 |  .0 |  .0 |
|  .0 |  .0 |  .0 ||  .0 |  .0 |  .0 ||  .0 |  .0 |  .0 |

, state=
|  0. |  0. | -1. ||  0. | -1. |  1. ||  1. |  1. | -1. |
|  0. |  0. | -1. ||  0. | -1. |  0. ||  0. | -1. | -1. |
|  1. | -1. | -1. ||  0. |  0. |  0. || -1. |  0. |  0. |
|=====+=====+=====||=====+=====+=====||=====+=====+=====|
|  1. |  0. |  1. ||* 0. |* 0. |* 0. ||  1. |  0. |  1. |
|  0. |  0. |  0. ||* 0. |* 0. |* 1. ||  0. |  1. | -1. |
|  0. |  0. |  0. ||*-1. |* 1. |* 1. ||  1. |  1. |  0. |
|=====+=====+=====||=====+=====+=====||=====+=====+=====|
|  1. |  0. |  0. ||  1. |  0. |  1. ||  0. |  1. |  0. |
| -1. | -1. |  0. ||  0. |  0. | -1. || -1. | -1. | -1. |
|  0. |  1. |  1. || -1. | -1. | -1. ||  0. |  0. |  1. |

, evalForThisState=-1.0, isPlayerOneTurnOriginally=true}, StateDatum{MCTSProbabilites=
|  .0 |  .0 |  .0 ||  .0 |  .0 |  .0 ||  .0 |  .0 |  .0 |
|  .0 |  .0 |  .0 ||  .0 |  .0 |  .0 ||  .0 |  .0 |  .0 |
|  .0 |  .0 |  .0 ||  .0 |  .9999 |  .0 ||  .0 |  .0 |  .0 |
|========+========+========||========+========+========||========+========+========|
|  .0 |  .0 |  .0 ||  .0 |  .0 |  .0 ||  .0 |  .0 |  .0 |
|  .0 |  .0 |  .0 ||  .0 |  .0 |  .0 ||  .0 |  .0 |  .0 |
|  .0 |  .0 |  .0 ||  .0 |  .0 |  .0 ||  .0 |  .0 |  .0 |
|========+========+========||========+========+========||========+========+========|
|  .0 |  .0 |  .0 ||  .0 |  .0 |  .0 ||  .0 |  .0 |  .0 |
|  .0 |  .0 |  .0 ||  .0 |  .0 |  .0 ||  .0 |  .0 |  .0 |
|  .0 |  .0 |  .0 ||  .0 |  .0 |  .0 ||  .0 |  .0 |  .0 |

, state=
| -0. | -0. |  1. ||*-0. |* 1. |*-1. || -1. | -1. |  1. |
| -0. | -0. |  1. ||*-0. |* 1. |*-0. || -0. |  1. |  1. |
| -1. |  1. |  1. ||*-0. |*-0. |*-0. ||  1. | -0. | -0. |
|=====+=====+=====||=====+=====+=====||=====+=====+=====|
| -1. | -0. | -1. || -0. | -1. | -0. || -1. | -0. | -1. |
| -0. | -0. | -0. || -0. | -0. | -1. || -0. | -1. |  1. |
| -0. | -0. | -0. ||  1. | -1. | -1. || -1. | -1. | -0. |
|=====+=====+=====||=====+=====+=====||=====+=====+=====|
| -1. | -0. | -0. || -1. | -0. | -1. || -0. | -1. | -0. |
|  1. |  1. | -0. || -0. | -0. |  1. ||  1. |  1. |  1. |
| -0. | -1. | -1. ||  1. |  1. |  1. || -0. | -0. | -1. |

, evalForThisState=1.0, isPlayerOneTurnOriginally=false}]
Value network data: 
===========INPUT===================
[[         0,         0,         0,  ...    1.0000,    1.0000,    1.0000], 
 [         0,         0,         0,  ...    1.0000,   -1.0000,   -1.0000], 
 [         0,         0,         0,  ...   -1.0000,   -1.0000,   -1.0000], 
  ..., 
 [         0,         0,    1.0000,  ...   -1.0000,   -1.0000,   -1.0000], 
 [         0,         0,   -1.0000,  ...   -1.0000,   -1.0000,   -1.0000], 
 [         0,         0,    1.0000,  ...   -1.0000,   -1.0000,   -1.0000]]
=================OUTPUT==================
[[-1.0000], 
 [1.0000], 
 [-1.0000], 
 [1.0000], 
 [-1.0000], 
 [1.0000], 
 [-1.0000], 
 [1.0000], 
 [-1.0000], 
 [1.0000], 
 [-1.0000], 
 [1.0000], 
 [-1.0000], 
 [1.0000], 
 [-1.0000], 
 [1.0000], 
 [-1.0000], 
 [1.0000], 
 [-1.0000], 
 [1.0000], 
 [-1.0000], 
 [1.0000], 
 [-1.0000], 
 [1.0000], 
 [-1.0000], 
 [1.0000], 
 [-1.0000], 
 [1.0000], 
 [-1.0000], 
 [1.0000], 
 [-1.0000], 
 [1.0000], 
 [-1.0000], 
 [1.0000], 
 [-1.0000], 
 [1.0000], 
 [-1.0000], 
 [1.0000], 
 [-1.0000], 
 [1.0000], 
 [-1.0000], 
 [1.0000], 
 [-1.0000], 
 [1.0000]]
Policy network data: 
===========INPUT===================
[[         0,         0,         0,  ...    1.0000,    1.0000,    1.0000], 
 [         0,         0,         0,  ...    1.0000,   -1.0000,   -1.0000], 
 [         0,         0,         0,  ...   -1.0000,   -1.0000,   -1.0000], 
  ..., 
 [         0,         0,    1.0000,  ...   -1.0000,   -1.0000,   -1.0000], 
 [         0,         0,   -1.0000,  ...   -1.0000,   -1.0000,   -1.0000], 
 [         0,         0,    1.0000,  ...   -1.0000,   -1.0000,   -1.0000]]
=================OUTPUT==================
[[    0.0116,    0.0164,    0.0115,  ...    0.0108,    0.0153,    0.0156], 
 [         0,         0,         0,  ...         0,         0,         0], 
 [         0,         0,         0,  ...         0,         0,         0], 
  ..., 
 [         0,         0,         0,  ...         0,         0,         0], 
 [         0,         0,         0,  ...         0,         0,         0], 
 [         0,         0,         0,  ...         0,         0,         0]]
W:\Labs\ME\ME187-Fall2024\StudentFiles\CALEBHOTTES\UTTTstuff\data\series1\policy$series1,gameNum54$1729272363608.bin
Took: 1545 s to simulate game
Finished simulating game, see log at: W:\Labs\ME\ME187-Fall2024\StudentFiles\CALEBHOTTES\UTTTstuff\data\logs\series1\game54$1729269168791.log for details.
