Saving data to: W:\Labs\ME\ME187-Fall2024\StudentFiles\CALEBHOTTES\UTTTstuff\data\series1
Begin custom message: 
DataSeries: series1 game number: 199 

Description: ME 273data you know the thing. 

Evaluator config=EvaluatorConfiguration{cValue=2.0, maxRolloutDepth=1000, computeTime=30, threads=1, stupidity=0, allowForcePlay=false, maxMyCPU=false}
End custom message
Inital State: 

|* 0. |* 0. |* 0. ||* 0. |* 0. |* 0. ||* 0. |* 0. |* 0. |
|* 0. |* 0. |* 0. ||* 0. |* 0. |* 0. ||* 0. |* 0. |* 0. |
|* 0. |* 0. |* 0. ||* 0. |* 0. |* 0. ||* 0. |* 0. |* 0. |
|=====+=====+=====||=====+=====+=====||=====+=====+=====|
|* 0. |* 0. |* 0. ||* 0. |* 0. |* 0. ||* 0. |* 0. |* 0. |
|* 0. |* 0. |* 0. ||* 0. |* 0. |* 0. ||* 0. |* 0. |* 0. |
|* 0. |* 0. |* 0. ||* 0. |* 0. |* 0. ||* 0. |* 0. |* 0. |
|=====+=====+=====||=====+=====+=====||=====+=====+=====|
|* 0. |* 0. |* 0. ||* 0. |* 0. |* 0. ||* 0. |* 0. |* 0. |
|* 0. |* 0. |* 0. ||* 0. |* 0. |* 0. ||* 0. |* 0. |* 0. |
|* 0. |* 0. |* 0. ||* 0. |* 0. |* 0. ||* 0. |* 0. |* 0. |


state to eval, currenty is playerone turn=true

|* 0. |* 0. |* 0. ||* 0. |* 0. |* 0. ||* 0. |* 0. |* 0. |
|* 0. |* 0. |* 0. ||* 0. |* 0. |* 0. ||* 0. |* 0. |* 0. |
|* 0. |* 0. |* 0. ||* 0. |* 0. |* 0. ||* 0. |* 0. |* 0. |
|=====+=====+=====||=====+=====+=====||=====+=====+=====|
|* 0. |* 0. |* 0. ||* 0. |* 0. |* 0. ||* 0. |* 0. |* 0. |
|* 0. |* 0. |* 0. ||* 0. |* 0. |* 0. ||* 0. |* 0. |* 0. |
|* 0. |* 0. |* 0. ||* 0. |* 0. |* 0. ||* 0. |* 0. |* 0. |
|=====+=====+=====||=====+=====+=====||=====+=====+=====|
|* 0. |* 0. |* 0. ||* 0. |* 0. |* 0. ||* 0. |* 0. |* 0. |
|* 0. |* 0. |* 0. ||* 0. |* 0. |* 0. ||* 0. |* 0. |* 0. |
|* 0. |* 0. |* 0. ||* 0. |* 0. |* 0. ||* 0. |* 0. |* 0. |


Determined best move using: 88210Iterations
current State

|  0. |  0. |  0. ||  0. |  0. |  0. ||  0. |  0. |  0. |
|  0. |  0. |  0. ||  0. |  0. |  0. ||  0. |  0. |  0. |
|  0. |  0. |  0. ||  0. |  0. |  0. ||  0. |  0. |  0. |
|=====+=====+=====||=====+=====+=====||=====+=====+=====|
|  0. |  0. |  0. ||* 0. |* 0. |* 0. ||  0. |  0. |  0. |
|  0. |  0. |  0. ||* 0. |* 1. |* 0. ||  0. |  0. |  0. |
|  0. |  0. |  0. ||* 0. |* 0. |* 0. ||  0. |  0. |  0. |
|=====+=====+=====||=====+=====+=====||=====+=====+=====|
|  0. |  0. |  0. ||  0. |  0. |  0. ||  0. |  0. |  0. |
|  0. |  0. |  0. ||  0. |  0. |  0. ||  0. |  0. |  0. |
|  0. |  0. |  0. ||  0. |  0. |  0. ||  0. |  0. |  0. |


state to eval, currenty is playerone turn=false

| -0. | -0. | -0. || -0. | -0. | -0. || -0. | -0. | -0. |
| -0. | -0. | -0. || -0. | -0. | -0. || -0. | -0. | -0. |
| -0. | -0. | -0. || -0. | -0. | -0. || -0. | -0. | -0. |
|=====+=====+=====||=====+=====+=====||=====+=====+=====|
| -0. | -0. | -0. ||*-0. |*-0. |*-0. || -0. | -0. | -0. |
| -0. | -0. | -0. ||*-0. |*-1. |*-0. || -0. | -0. | -0. |
| -0. | -0. | -0. ||*-0. |*-0. |*-0. || -0. | -0. | -0. |
|=====+=====+=====||=====+=====+=====||=====+=====+=====|
| -0. | -0. | -0. || -0. | -0. | -0. || -0. | -0. | -0. |
| -0. | -0. | -0. || -0. | -0. | -0. || -0. | -0. | -0. |
| -0. | -0. | -0. || -0. | -0. | -0. || -0. | -0. | -0. |


Determined best move using: 96314Iterations
current State

|  0. |  0. |  0. ||  0. |  0. |  0. ||  0. |  0. |  0. |
|  0. |  0. |  0. ||  0. |  0. |  0. ||  0. |  0. |  0. |
|  0. |  0. |  0. ||  0. |  0. |  0. ||  0. |  0. |  0. |
|=====+=====+=====||=====+=====+=====||=====+=====+=====|
|  0. |  0. |  0. ||  0. |  0. |  0. ||* 0. |* 0. |* 0. |
|  0. |  0. |  0. ||  0. |  1. | -1. ||* 0. |* 0. |* 0. |
|  0. |  0. |  0. ||  0. |  0. |  0. ||* 0. |* 0. |* 0. |
|=====+=====+=====||=====+=====+=====||=====+=====+=====|
|  0. |  0. |  0. ||  0. |  0. |  0. ||  0. |  0. |  0. |
|  0. |  0. |  0. ||  0. |  0. |  0. ||  0. |  0. |  0. |
|  0. |  0. |  0. ||  0. |  0. |  0. ||  0. |  0. |  0. |


state to eval, currenty is playerone turn=true

|  0. |  0. |  0. ||  0. |  0. |  0. ||  0. |  0. |  0. |
|  0. |  0. |  0. ||  0. |  0. |  0. ||  0. |  0. |  0. |
|  0. |  0. |  0. ||  0. |  0. |  0. ||  0. |  0. |  0. |
|=====+=====+=====||=====+=====+=====||=====+=====+=====|
|  0. |  0. |  0. ||  0. |  0. |  0. ||* 0. |* 0. |* 0. |
|  0. |  0. |  0. ||  0. |  1. | -1. ||* 0. |* 0. |* 0. |
|  0. |  0. |  0. ||  0. |  0. |  0. ||* 0. |* 0. |* 0. |
|=====+=====+=====||=====+=====+=====||=====+=====+=====|
|  0. |  0. |  0. ||  0. |  0. |  0. ||  0. |  0. |  0. |
|  0. |  0. |  0. ||  0. |  0. |  0. ||  0. |  0. |  0. |
|  0. |  0. |  0. ||  0. |  0. |  0. ||  0. |  0. |  0. |


Determined best move using: 107984Iterations
current State

|  0. |  0. |  0. ||  0. |  0. |  0. ||  0. |  0. |  0. |
|  0. |  0. |  0. ||  0. |  0. |  0. ||  0. |  0. |  0. |
|  0. |  0. |  0. ||  0. |  0. |  0. ||  0. |  0. |  0. |
|=====+=====+=====||=====+=====+=====||=====+=====+=====|
|  0. |  0. |  0. ||  0. |  0. |  0. ||  0. |  0. |  0. |
|  0. |  0. |  0. ||  0. |  1. | -1. ||  0. |  0. |  0. |
|  0. |  0. |  0. ||  0. |  0. |  0. ||  0. |  0. |  1. |
|=====+=====+=====||=====+=====+=====||=====+=====+=====|
|  0. |  0. |  0. ||  0. |  0. |  0. ||* 0. |* 0. |* 0. |
|  0. |  0. |  0. ||  0. |  0. |  0. ||* 0. |* 0. |* 0. |
|  0. |  0. |  0. ||  0. |  0. |  0. ||* 0. |* 0. |* 0. |


state to eval, currenty is playerone turn=false

| -0. | -0. | -0. || -0. | -0. | -0. || -0. | -0. | -0. |
| -0. | -0. | -0. || -0. | -0. | -0. || -0. | -0. | -0. |
| -0. | -0. | -0. || -0. | -0. | -0. || -0. | -0. | -0. |
|=====+=====+=====||=====+=====+=====||=====+=====+=====|
| -0. | -0. | -0. || -0. | -0. | -0. || -0. | -0. | -0. |
| -0. | -0. | -0. || -0. | -1. |  1. || -0. | -0. | -0. |
| -0. | -0. | -0. || -0. | -0. | -0. || -0. | -0. | -1. |
|=====+=====+=====||=====+=====+=====||=====+=====+=====|
| -0. | -0. | -0. || -0. | -0. | -0. ||*-0. |*-0. |*-0. |
| -0. | -0. | -0. || -0. | -0. | -0. ||*-0. |*-0. |*-0. |
| -0. | -0. | -0. || -0. | -0. | -0. ||*-0. |*-0. |*-0. |


Determined best move using: 111627Iterations
current State

|  0. |  0. |  0. ||  0. |  0. |  0. ||  0. |  0. |  0. |
|  0. |  0. |  0. ||  0. |  0. |  0. ||  0. |  0. |  0. |
|  0. |  0. |  0. ||  0. |  0. |  0. ||  0. |  0. |  0. |
|=====+=====+=====||=====+=====+=====||=====+=====+=====|
|* 0. |* 0. |* 0. ||  0. |  0. |  0. ||  0. |  0. |  0. |
|* 0. |* 0. |* 0. ||  0. |  1. | -1. ||  0. |  0. |  0. |
|* 0. |* 0. |* 0. ||  0. |  0. |  0. ||  0. |  0. |  1. |
|=====+=====+=====||=====+=====+=====||=====+=====+=====|
|  0. |  0. |  0. ||  0. |  0. |  0. ||  0. |  0. |  0. |
|  0. |  0. |  0. ||  0. |  0. |  0. || -1. |  0. |  0. |
|  0. |  0. |  0. ||  0. |  0. |  0. ||  0. |  0. |  0. |


state to eval, currenty is playerone turn=true

|  0. |  0. |  0. ||  0. |  0. |  0. ||  0. |  0. |  0. |
|  0. |  0. |  0. ||  0. |  0. |  0. ||  0. |  0. |  0. |
|  0. |  0. |  0. ||  0. |  0. |  0. ||  0. |  0. |  0. |
|=====+=====+=====||=====+=====+=====||=====+=====+=====|
|* 0. |* 0. |* 0. ||  0. |  0. |  0. ||  0. |  0. |  0. |
|* 0. |* 0. |* 0. ||  0. |  1. | -1. ||  0. |  0. |  0. |
|* 0. |* 0. |* 0. ||  0. |  0. |  0. ||  0. |  0. |  1. |
|=====+=====+=====||=====+=====+=====||=====+=====+=====|
|  0. |  0. |  0. ||  0. |  0. |  0. ||  0. |  0. |  0. |
|  0. |  0. |  0. ||  0. |  0. |  0. || -1. |  0. |  0. |
|  0. |  0. |  0. ||  0. |  0. |  0. ||  0. |  0. |  0. |


Determined best move using: 112902Iterations
current State

|  0. |  0. |  0. ||  0. |  0. |  0. ||  0. |  0. |  0. |
|  0. |  0. |  0. ||  0. |  0. |  0. ||  0. |  0. |  0. |
|  0. |  0. |  0. ||  0. |  0. |  0. ||  0. |  0. |  0. |
|=====+=====+=====||=====+=====+=====||=====+=====+=====|
|  0. |  0. |  0. ||  0. |  0. |  0. ||  0. |  0. |  0. |
|  0. |  0. |  0. ||  0. |  1. | -1. ||  0. |  0. |  0. |
|  1. |  0. |  0. ||  0. |  0. |  0. ||  0. |  0. |  1. |
|=====+=====+=====||=====+=====+=====||=====+=====+=====|
|* 0. |* 0. |* 0. ||  0. |  0. |  0. ||  0. |  0. |  0. |
|* 0. |* 0. |* 0. ||  0. |  0. |  0. || -1. |  0. |  0. |
|* 0. |* 0. |* 0. ||  0. |  0. |  0. ||  0. |  0. |  0. |


state to eval, currenty is playerone turn=false

| -0. | -0. | -0. || -0. | -0. | -0. || -0. | -0. | -0. |
| -0. | -0. | -0. || -0. | -0. | -0. || -0. | -0. | -0. |
| -0. | -0. | -0. || -0. | -0. | -0. || -0. | -0. | -0. |
|=====+=====+=====||=====+=====+=====||=====+=====+=====|
| -0. | -0. | -0. || -0. | -0. | -0. || -0. | -0. | -0. |
| -0. | -0. | -0. || -0. | -1. |  1. || -0. | -0. | -0. |
| -1. | -0. | -0. || -0. | -0. | -0. || -0. | -0. | -1. |
|=====+=====+=====||=====+=====+=====||=====+=====+=====|
|*-0. |*-0. |*-0. || -0. | -0. | -0. || -0. | -0. | -0. |
|*-0. |*-0. |*-0. || -0. | -0. | -0. ||  1. | -0. | -0. |
|*-0. |*-0. |*-0. || -0. | -0. | -0. || -0. | -0. | -0. |


Determined best move using: 122514Iterations
current State

|  0. |  0. |  0. ||  0. |  0. |  0. ||  0. |  0. |  0. |
|  0. |  0. |  0. ||  0. |  0. |  0. ||  0. |  0. |  0. |
|  0. |  0. |  0. ||  0. |  0. |  0. ||  0. |  0. |  0. |
|=====+=====+=====||=====+=====+=====||=====+=====+=====|
|  0. |  0. |  0. ||  0. |  0. |  0. ||  0. |  0. |  0. |
|  0. |  0. |  0. ||  0. |  1. | -1. ||  0. |  0. |  0. |
|  1. |  0. |  0. ||  0. |  0. |  0. ||  0. |  0. |  1. |
|=====+=====+=====||=====+=====+=====||=====+=====+=====|
|* 0. |* 0. |* 0. ||  0. |  0. |  0. ||  0. |  0. |  0. |
|* 0. |* 0. |* 0. ||  0. |  0. |  0. || -1. |  0. |  0. |
|*-1. |* 0. |* 0. ||  0. |  0. |  0. ||  0. |  0. |  0. |


state to eval, currenty is playerone turn=true

|  0. |  0. |  0. ||  0. |  0. |  0. ||  0. |  0. |  0. |
|  0. |  0. |  0. ||  0. |  0. |  0. ||  0. |  0. |  0. |
|  0. |  0. |  0. ||  0. |  0. |  0. ||  0. |  0. |  0. |
|=====+=====+=====||=====+=====+=====||=====+=====+=====|
|  0. |  0. |  0. ||  0. |  0. |  0. ||  0. |  0. |  0. |
|  0. |  0. |  0. ||  0. |  1. | -1. ||  0. |  0. |  0. |
|  1. |  0. |  0. ||  0. |  0. |  0. ||  0. |  0. |  1. |
|=====+=====+=====||=====+=====+=====||=====+=====+=====|
|* 0. |* 0. |* 0. ||  0. |  0. |  0. ||  0. |  0. |  0. |
|* 0. |* 0. |* 0. ||  0. |  0. |  0. || -1. |  0. |  0. |
|*-1. |* 0. |* 0. ||  0. |  0. |  0. ||  0. |  0. |  0. |


current State

|  0. |  0. |  0. ||  0. |  0. |  0. ||* 0. |* 0. |* 0. |
|  0. |  0. |  0. ||  0. |  0. |  0. ||* 0. |* 0. |* 0. |
|  0. |  0. |  0. ||  0. |  0. |  0. ||* 0. |* 0. |* 0. |
|=====+=====+=====||=====+=====+=====||=====+=====+=====|
|  0. |  0. |  0. ||  0. |  0. |  0. ||  0. |  0. |  0. |
|  0. |  0. |  0. ||  0. |  1. | -1. ||  0. |  0. |  0. |
|  1. |  0. |  0. ||  0. |  0. |  0. ||  0. |  0. |  1. |
|=====+=====+=====||=====+=====+=====||=====+=====+=====|
|  0. |  0. |  1. ||  0. |  0. |  0. ||  0. |  0. |  0. |
|  0. |  0. |  0. ||  0. |  0. |  0. || -1. |  0. |  0. |
| -1. |  0. |  0. ||  0. |  0. |  0. ||  0. |  0. |  0. |


state to eval, currenty is playerone turn=false

| -0. | -0. | -0. || -0. | -0. | -0. ||*-0. |*-0. |*-0. |
| -0. | -0. | -0. || -0. | -0. | -0. ||*-0. |*-0. |*-0. |
| -0. | -0. | -0. || -0. | -0. | -0. ||*-0. |*-0. |*-0. |
|=====+=====+=====||=====+=====+=====||=====+=====+=====|
| -0. | -0. | -0. || -0. | -0. | -0. || -0. | -0. | -0. |
| -0. | -0. | -0. || -0. | -1. |  1. || -0. | -0. | -0. |
| -1. | -0. | -0. || -0. | -0. | -0. || -0. | -0. | -1. |
|=====+=====+=====||=====+=====+=====||=====+=====+=====|
| -0. | -0. | -1. || -0. | -0. | -0. || -0. | -0. | -0. |
| -0. | -0. | -0. || -0. | -0. | -0. ||  1. | -0. | -0. |
|  1. | -0. | -0. || -0. | -0. | -0. || -0. | -0. | -0. |


Determined best move using: 138506Iterations
current State

|  0. |  0. |  0. ||  0. |  0. |  0. ||* 0. |* 0. |*-1. |
|  0. |  0. |  0. ||  0. |  0. |  0. ||* 0. |* 0. |* 0. |
|  0. |  0. |  0. ||  0. |  0. |  0. ||* 0. |* 0. |* 0. |
|=====+=====+=====||=====+=====+=====||=====+=====+=====|
|  0. |  0. |  0. ||  0. |  0. |  0. ||  0. |  0. |  0. |
|  0. |  0. |  0. ||  0. |  1. | -1. ||  0. |  0. |  0. |
|  1. |  0. |  0. ||  0. |  0. |  0. ||  0. |  0. |  1. |
|=====+=====+=====||=====+=====+=====||=====+=====+=====|
|  0. |  0. |  1. ||  0. |  0. |  0. ||  0. |  0. |  0. |
|  0. |  0. |  0. ||  0. |  0. |  0. || -1. |  0. |  0. |
| -1. |  0. |  0. ||  0. |  0. |  0. ||  0. |  0. |  0. |


state to eval, currenty is playerone turn=true

|  0. |  0. |  0. ||  0. |  0. |  0. ||* 0. |* 0. |*-1. |
|  0. |  0. |  0. ||  0. |  0. |  0. ||* 0. |* 0. |* 0. |
|  0. |  0. |  0. ||  0. |  0. |  0. ||* 0. |* 0. |* 0. |
|=====+=====+=====||=====+=====+=====||=====+=====+=====|
|  0. |  0. |  0. ||  0. |  0. |  0. ||  0. |  0. |  0. |
|  0. |  0. |  0. ||  0. |  1. | -1. ||  0. |  0. |  0. |
|  1. |  0. |  0. ||  0. |  0. |  0. ||  0. |  0. |  1. |
|=====+=====+=====||=====+=====+=====||=====+=====+=====|
|  0. |  0. |  1. ||  0. |  0. |  0. ||  0. |  0. |  0. |
|  0. |  0. |  0. ||  0. |  0. |  0. || -1. |  0. |  0. |
| -1. |  0. |  0. ||  0. |  0. |  0. ||  0. |  0. |  0. |


Determined best move using: 148597Iterations
current State

|  0. |  0. |  0. ||  0. |  0. |  0. ||  0. |  0. | -1. |
|  0. |  0. |  0. ||  0. |  0. |  0. ||  0. |  0. |  0. |
|  0. |  0. |  0. ||  0. |  0. |  0. ||  0. |  0. |  1. |
|=====+=====+=====||=====+=====+=====||=====+=====+=====|
|  0. |  0. |  0. ||  0. |  0. |  0. ||  0. |  0. |  0. |
|  0. |  0. |  0. ||  0. |  1. | -1. ||  0. |  0. |  0. |
|  1. |  0. |  0. ||  0. |  0. |  0. ||  0. |  0. |  1. |
|=====+=====+=====||=====+=====+=====||=====+=====+=====|
|  0. |  0. |  1. ||  0. |  0. |  0. ||* 0. |* 0. |* 0. |
|  0. |  0. |  0. ||  0. |  0. |  0. ||*-1. |* 0. |* 0. |
| -1. |  0. |  0. ||  0. |  0. |  0. ||* 0. |* 0. |* 0. |


state to eval, currenty is playerone turn=false

| -0. | -0. | -0. || -0. | -0. | -0. || -0. | -0. |  1. |
| -0. | -0. | -0. || -0. | -0. | -0. || -0. | -0. | -0. |
| -0. | -0. | -0. || -0. | -0. | -0. || -0. | -0. | -1. |
|=====+=====+=====||=====+=====+=====||=====+=====+=====|
| -0. | -0. | -0. || -0. | -0. | -0. || -0. | -0. | -0. |
| -0. | -0. | -0. || -0. | -1. |  1. || -0. | -0. | -0. |
| -1. | -0. | -0. || -0. | -0. | -0. || -0. | -0. | -1. |
|=====+=====+=====||=====+=====+=====||=====+=====+=====|
| -0. | -0. | -1. || -0. | -0. | -0. ||*-0. |*-0. |*-0. |
| -0. | -0. | -0. || -0. | -0. | -0. ||* 1. |*-0. |*-0. |
|  1. | -0. | -0. || -0. | -0. | -0. ||*-0. |*-0. |*-0. |


Determined best move using: 153708Iterations
current State

|  0. |  0. |  0. ||  0. |  0. |  0. ||* 0. |* 0. |*-1. |
|  0. |  0. |  0. ||  0. |  0. |  0. ||* 0. |* 0. |* 0. |
|  0. |  0. |  0. ||  0. |  0. |  0. ||* 0. |* 0. |* 1. |
|=====+=====+=====||=====+=====+=====||=====+=====+=====|
|  0. |  0. |  0. ||  0. |  0. |  0. ||  0. |  0. |  0. |
|  0. |  0. |  0. ||  0. |  1. | -1. ||  0. |  0. |  0. |
|  1. |  0. |  0. ||  0. |  0. |  0. ||  0. |  0. |  1. |
|=====+=====+=====||=====+=====+=====||=====+=====+=====|
|  0. |  0. |  1. ||  0. |  0. |  0. ||  0. |  0. | -1. |
|  0. |  0. |  0. ||  0. |  0. |  0. || -1. |  0. |  0. |
| -1. |  0. |  0. ||  0. |  0. |  0. ||  0. |  0. |  0. |


state to eval, currenty is playerone turn=true

|  0. |  0. |  0. ||  0. |  0. |  0. ||* 0. |* 0. |*-1. |
|  0. |  0. |  0. ||  0. |  0. |  0. ||* 0. |* 0. |* 0. |
|  0. |  0. |  0. ||  0. |  0. |  0. ||* 0. |* 0. |* 1. |
|=====+=====+=====||=====+=====+=====||=====+=====+=====|
|  0. |  0. |  0. ||  0. |  0. |  0. ||  0. |  0. |  0. |
|  0. |  0. |  0. ||  0. |  1. | -1. ||  0. |  0. |  0. |
|  1. |  0. |  0. ||  0. |  0. |  0. ||  0. |  0. |  1. |
|=====+=====+=====||=====+=====+=====||=====+=====+=====|
|  0. |  0. |  1. ||  0. |  0. |  0. ||  0. |  0. | -1. |
|  0. |  0. |  0. ||  0. |  0. |  0. || -1. |  0. |  0. |
| -1. |  0. |  0. ||  0. |  0. |  0. ||  0. |  0. |  0. |


Determined best move using: 169053Iterations
current State

|  0. |  0. |  0. ||  0. |  0. |  0. ||  0. |  0. | -1. |
|  0. |  0. |  0. ||  0. |  0. |  0. ||  0. |  0. |  1. |
|  0. |  0. |  0. ||  0. |  0. |  0. ||  0. |  0. |  1. |
|=====+=====+=====||=====+=====+=====||=====+=====+=====|
|  0. |  0. |  0. ||  0. |  0. |  0. ||* 0. |* 0. |* 0. |
|  0. |  0. |  0. ||  0. |  1. | -1. ||* 0. |* 0. |* 0. |
|  1. |  0. |  0. ||  0. |  0. |  0. ||* 0. |* 0. |* 1. |
|=====+=====+=====||=====+=====+=====||=====+=====+=====|
|  0. |  0. |  1. ||  0. |  0. |  0. ||  0. |  0. | -1. |
|  0. |  0. |  0. ||  0. |  0. |  0. || -1. |  0. |  0. |
| -1. |  0. |  0. ||  0. |  0. |  0. ||  0. |  0. |  0. |


state to eval, currenty is playerone turn=false

| -0. | -0. | -0. || -0. | -0. | -0. || -0. | -0. |  1. |
| -0. | -0. | -0. || -0. | -0. | -0. || -0. | -0. | -1. |
| -0. | -0. | -0. || -0. | -0. | -0. || -0. | -0. | -1. |
|=====+=====+=====||=====+=====+=====||=====+=====+=====|
| -0. | -0. | -0. || -0. | -0. | -0. ||*-0. |*-0. |*-0. |
| -0. | -0. | -0. || -0. | -1. |  1. ||*-0. |*-0. |*-0. |
| -1. | -0. | -0. || -0. | -0. | -0. ||*-0. |*-0. |*-1. |
|=====+=====+=====||=====+=====+=====||=====+=====+=====|
| -0. | -0. | -1. || -0. | -0. | -0. || -0. | -0. |  1. |
| -0. | -0. | -0. || -0. | -0. | -0. ||  1. | -0. | -0. |
|  1. | -0. | -0. || -0. | -0. | -0. || -0. | -0. | -0. |


current State

|  0. |  0. |  0. ||  0. |  0. |  0. ||  0. |  0. | -1. |
|  0. |  0. |  0. ||  0. |  0. |  0. ||  0. |  0. |  1. |
|  0. |  0. |  0. ||  0. |  0. |  0. ||  0. |  0. |  1. |
|=====+=====+=====||=====+=====+=====||=====+=====+=====|
|  0. |  0. |  0. ||* 0. |* 0. |* 0. ||  0. |  0. |  0. |
|  0. |  0. |  0. ||* 0. |* 1. |*-1. ||  0. | -1. |  0. |
|  1. |  0. |  0. ||* 0. |* 0. |* 0. ||  0. |  0. |  1. |
|=====+=====+=====||=====+=====+=====||=====+=====+=====|
|  0. |  0. |  1. ||  0. |  0. |  0. ||  0. |  0. | -1. |
|  0. |  0. |  0. ||  0. |  0. |  0. || -1. |  0. |  0. |
| -1. |  0. |  0. ||  0. |  0. |  0. ||  0. |  0. |  0. |


state to eval, currenty is playerone turn=true

|  0. |  0. |  0. ||  0. |  0. |  0. ||  0. |  0. | -1. |
|  0. |  0. |  0. ||  0. |  0. |  0. ||  0. |  0. |  1. |
|  0. |  0. |  0. ||  0. |  0. |  0. ||  0. |  0. |  1. |
|=====+=====+=====||=====+=====+=====||=====+=====+=====|
|  0. |  0. |  0. ||* 0. |* 0. |* 0. ||  0. |  0. |  0. |
|  0. |  0. |  0. ||* 0. |* 1. |*-1. ||  0. | -1. |  0. |
|  1. |  0. |  0. ||* 0. |* 0. |* 0. ||  0. |  0. |  1. |
|=====+=====+=====||=====+=====+=====||=====+=====+=====|
|  0. |  0. |  1. ||  0. |  0. |  0. ||  0. |  0. | -1. |
|  0. |  0. |  0. ||  0. |  0. |  0. || -1. |  0. |  0. |
| -1. |  0. |  0. ||  0. |  0. |  0. ||  0. |  0. |  0. |


Determined best move using: 199773Iterations
current State

|  0. |  0. |  0. ||  0. |  0. |  0. ||  0. |  0. | -1. |
|  0. |  0. |  0. ||  0. |  0. |  0. ||  0. |  0. |  1. |
|  0. |  0. |  0. ||  0. |  0. |  0. ||  0. |  0. |  1. |
|=====+=====+=====||=====+=====+=====||=====+=====+=====|
|* 0. |* 0. |* 0. ||  0. |  0. |  0. ||  0. |  0. |  0. |
|* 0. |* 0. |* 0. ||  1. |  1. | -1. ||  0. | -1. |  0. |
|* 1. |* 0. |* 0. ||  0. |  0. |  0. ||  0. |  0. |  1. |
|=====+=====+=====||=====+=====+=====||=====+=====+=====|
|  0. |  0. |  1. ||  0. |  0. |  0. ||  0. |  0. | -1. |
|  0. |  0. |  0. ||  0. |  0. |  0. || -1. |  0. |  0. |
| -1. |  0. |  0. ||  0. |  0. |  0. ||  0. |  0. |  0. |


state to eval, currenty is playerone turn=false

| -0. | -0. | -0. || -0. | -0. | -0. || -0. | -0. |  1. |
| -0. | -0. | -0. || -0. | -0. | -0. || -0. | -0. | -1. |
| -0. | -0. | -0. || -0. | -0. | -0. || -0. | -0. | -1. |
|=====+=====+=====||=====+=====+=====||=====+=====+=====|
|*-0. |*-0. |*-0. || -0. | -0. | -0. || -0. | -0. | -0. |
|*-0. |*-0. |*-0. || -1. | -1. |  1. || -0. |  1. | -0. |
|*-1. |*-0. |*-0. || -0. | -0. | -0. || -0. | -0. | -1. |
|=====+=====+=====||=====+=====+=====||=====+=====+=====|
| -0. | -0. | -1. || -0. | -0. | -0. || -0. | -0. |  1. |
| -0. | -0. | -0. || -0. | -0. | -0. ||  1. | -0. | -0. |
|  1. | -0. | -0. || -0. | -0. | -0. || -0. | -0. | -0. |


current State

|  0. |  0. |  0. ||  0. |  0. |  0. ||  0. |  0. | -1. |
|  0. |  0. |  0. ||  0. |  0. |  0. ||  0. |  0. |  1. |
|  0. |  0. |  0. ||  0. |  0. |  0. ||  0. |  0. |  1. |
|=====+=====+=====||=====+=====+=====||=====+=====+=====|
|  0. |  0. |  0. ||  0. |  0. |  0. ||  0. |  0. |  0. |
|  0. |  0. |  0. ||  1. |  1. | -1. ||  0. | -1. |  0. |
|  1. | -1. |  0. ||  0. |  0. |  0. ||  0. |  0. |  1. |
|=====+=====+=====||=====+=====+=====||=====+=====+=====|
|  0. |  0. |  1. ||* 0. |* 0. |* 0. ||  0. |  0. | -1. |
|  0. |  0. |  0. ||* 0. |* 0. |* 0. || -1. |  0. |  0. |
| -1. |  0. |  0. ||* 0. |* 0. |* 0. ||  0. |  0. |  0. |


state to eval, currenty is playerone turn=true

|  0. |  0. |  0. ||  0. |  0. |  0. ||  0. |  0. | -1. |
|  0. |  0. |  0. ||  0. |  0. |  0. ||  0. |  0. |  1. |
|  0. |  0. |  0. ||  0. |  0. |  0. ||  0. |  0. |  1. |
|=====+=====+=====||=====+=====+=====||=====+=====+=====|
|  0. |  0. |  0. ||  0. |  0. |  0. ||  0. |  0. |  0. |
|  0. |  0. |  0. ||  1. |  1. | -1. ||  0. | -1. |  0. |
|  1. | -1. |  0. ||  0. |  0. |  0. ||  0. |  0. |  1. |
|=====+=====+=====||=====+=====+=====||=====+=====+=====|
|  0. |  0. |  1. ||* 0. |* 0. |* 0. ||  0. |  0. | -1. |
|  0. |  0. |  0. ||* 0. |* 0. |* 0. || -1. |  0. |  0. |
| -1. |  0. |  0. ||* 0. |* 0. |* 0. ||  0. |  0. |  0. |


Determined best move using: 224725Iterations
current State

|  0. |  0. |  0. ||  0. |  0. |  0. ||  0. |  0. | -1. |
|  0. |  0. |  0. ||  0. |  0. |  0. ||  0. |  0. |  1. |
|  0. |  0. |  0. ||  0. |  0. |  0. ||  0. |  0. |  1. |
|=====+=====+=====||=====+=====+=====||=====+=====+=====|
|  0. |  0. |  0. ||  0. |  0. |  0. ||  0. |  0. |  0. |
|  0. |  0. |  0. ||  1. |  1. | -1. ||  0. | -1. |  0. |
|  1. | -1. |  0. ||  0. |  0. |  0. ||  0. |  0. |  1. |
|=====+=====+=====||=====+=====+=====||=====+=====+=====|
|* 0. |* 0. |* 1. ||  0. |  0. |  0. ||  0. |  0. | -1. |
|* 0. |* 0. |* 0. ||  0. |  0. |  0. || -1. |  0. |  0. |
|*-1. |* 0. |* 0. ||  1. |  0. |  0. ||  0. |  0. |  0. |


state to eval, currenty is playerone turn=false

| -0. | -0. | -0. || -0. | -0. | -0. || -0. | -0. |  1. |
| -0. | -0. | -0. || -0. | -0. | -0. || -0. | -0. | -1. |
| -0. | -0. | -0. || -0. | -0. | -0. || -0. | -0. | -1. |
|=====+=====+=====||=====+=====+=====||=====+=====+=====|
| -0. | -0. | -0. || -0. | -0. | -0. || -0. | -0. | -0. |
| -0. | -0. | -0. || -1. | -1. |  1. || -0. |  1. | -0. |
| -1. |  1. | -0. || -0. | -0. | -0. || -0. | -0. | -1. |
|=====+=====+=====||=====+=====+=====||=====+=====+=====|
|*-0. |*-0. |*-1. || -0. | -0. | -0. || -0. | -0. |  1. |
|*-0. |*-0. |*-0. || -0. | -0. | -0. ||  1. | -0. | -0. |
|* 1. |*-0. |*-0. || -1. | -0. | -0. || -0. | -0. | -0. |


current State

|  0. |  0. |  0. ||* 0. |* 0. |* 0. ||  0. |  0. | -1. |
|  0. |  0. |  0. ||* 0. |* 0. |* 0. ||  0. |  0. |  1. |
|  0. |  0. |  0. ||* 0. |* 0. |* 0. ||  0. |  0. |  1. |
|=====+=====+=====||=====+=====+=====||=====+=====+=====|
|  0. |  0. |  0. ||  0. |  0. |  0. ||  0. |  0. |  0. |
|  0. |  0. |  0. ||  1. |  1. | -1. ||  0. | -1. |  0. |
|  1. | -1. |  0. ||  0. |  0. |  0. ||  0. |  0. |  1. |
|=====+=====+=====||=====+=====+=====||=====+=====+=====|
|  0. | -1. |  1. ||  0. |  0. |  0. ||  0. |  0. | -1. |
|  0. |  0. |  0. ||  0. |  0. |  0. || -1. |  0. |  0. |
| -1. |  0. |  0. ||  1. |  0. |  0. ||  0. |  0. |  0. |


state to eval, currenty is playerone turn=true

|  0. |  0. |  0. ||* 0. |* 0. |* 0. ||  0. |  0. | -1. |
|  0. |  0. |  0. ||* 0. |* 0. |* 0. ||  0. |  0. |  1. |
|  0. |  0. |  0. ||* 0. |* 0. |* 0. ||  0. |  0. |  1. |
|=====+=====+=====||=====+=====+=====||=====+=====+=====|
|  0. |  0. |  0. ||  0. |  0. |  0. ||  0. |  0. |  0. |
|  0. |  0. |  0. ||  1. |  1. | -1. ||  0. | -1. |  0. |
|  1. | -1. |  0. ||  0. |  0. |  0. ||  0. |  0. |  1. |
|=====+=====+=====||=====+=====+=====||=====+=====+=====|
|  0. | -1. |  1. ||  0. |  0. |  0. ||  0. |  0. | -1. |
|  0. |  0. |  0. ||  0. |  0. |  0. || -1. |  0. |  0. |
| -1. |  0. |  0. ||  1. |  0. |  0. ||  0. |  0. |  0. |


current State

|  0. |  0. |  0. ||  0. |  0. |  0. ||  0. |  0. | -1. |
|  0. |  0. |  0. ||  0. |  0. |  0. ||  0. |  0. |  1. |
|  0. |  0. |  0. ||  1. |  0. |  0. ||  0. |  0. |  1. |
|=====+=====+=====||=====+=====+=====||=====+=====+=====|
|  0. |  0. |  0. ||  0. |  0. |  0. ||  0. |  0. |  0. |
|  0. |  0. |  0. ||  1. |  1. | -1. ||  0. | -1. |  0. |
|  1. | -1. |  0. ||  0. |  0. |  0. ||  0. |  0. |  1. |
|=====+=====+=====||=====+=====+=====||=====+=====+=====|
|* 0. |*-1. |* 1. ||  0. |  0. |  0. ||  0. |  0. | -1. |
|* 0. |* 0. |* 0. ||  0. |  0. |  0. || -1. |  0. |  0. |
|*-1. |* 0. |* 0. ||  1. |  0. |  0. ||  0. |  0. |  0. |


state to eval, currenty is playerone turn=false

| -0. | -0. | -0. || -0. | -0. | -0. || -0. | -0. |  1. |
| -0. | -0. | -0. || -0. | -0. | -0. || -0. | -0. | -1. |
| -0. | -0. | -0. || -1. | -0. | -0. || -0. | -0. | -1. |
|=====+=====+=====||=====+=====+=====||=====+=====+=====|
| -0. | -0. | -0. || -0. | -0. | -0. || -0. | -0. | -0. |
| -0. | -0. | -0. || -1. | -1. |  1. || -0. |  1. | -0. |
| -1. |  1. | -0. || -0. | -0. | -0. || -0. | -0. | -1. |
|=====+=====+=====||=====+=====+=====||=====+=====+=====|
|*-0. |* 1. |*-1. || -0. | -0. | -0. || -0. | -0. |  1. |
|*-0. |*-0. |*-0. || -0. | -0. | -0. ||  1. | -0. | -0. |
|* 1. |*-0. |*-0. || -1. | -0. | -0. || -0. | -0. | -0. |


Determined best move using: 267789Iterations
current State

|  0. |  0. |  0. ||  0. |  0. |  0. ||  0. |  0. | -1. |
|  0. |  0. |  0. ||  0. |  0. |  0. ||  0. |  0. |  1. |
|  0. |  0. |  0. ||  1. |  0. |  0. ||  0. |  0. |  1. |
|=====+=====+=====||=====+=====+=====||=====+=====+=====|
|  0. |  0. |  0. ||* 0. |* 0. |* 0. ||  0. |  0. |  0. |
|  0. |  0. |  0. ||* 1. |* 1. |*-1. ||  0. | -1. |  0. |
|  1. | -1. |  0. ||* 0. |* 0. |* 0. ||  0. |  0. |  1. |
|=====+=====+=====||=====+=====+=====||=====+=====+=====|
|  0. | -1. |  1. ||  0. |  0. |  0. ||  0. |  0. | -1. |
|  0. | -1. |  0. ||  0. |  0. |  0. || -1. |  0. |  0. |
| -1. |  0. |  0. ||  1. |  0. |  0. ||  0. |  0. |  0. |


state to eval, currenty is playerone turn=true

|  0. |  0. |  0. ||  0. |  0. |  0. ||  0. |  0. | -1. |
|  0. |  0. |  0. ||  0. |  0. |  0. ||  0. |  0. |  1. |
|  0. |  0. |  0. ||  1. |  0. |  0. ||  0. |  0. |  1. |
|=====+=====+=====||=====+=====+=====||=====+=====+=====|
|  0. |  0. |  0. ||* 0. |* 0. |* 0. ||  0. |  0. |  0. |
|  0. |  0. |  0. ||* 1. |* 1. |*-1. ||  0. | -1. |  0. |
|  1. | -1. |  0. ||* 0. |* 0. |* 0. ||  0. |  0. |  1. |
|=====+=====+=====||=====+=====+=====||=====+=====+=====|
|  0. | -1. |  1. ||  0. |  0. |  0. ||  0. |  0. | -1. |
|  0. | -1. |  0. ||  0. |  0. |  0. || -1. |  0. |  0. |
| -1. |  0. |  0. ||  1. |  0. |  0. ||  0. |  0. |  0. |


current State

|  0. |  0. |  0. ||  0. |  0. |  0. ||  0. |  0. | -1. |
|  0. |  0. |  0. ||  0. |  0. |  0. ||  0. |  0. |  1. |
|  0. |  0. |  0. ||  1. |  0. |  0. ||  0. |  0. |  1. |
|=====+=====+=====||=====+=====+=====||=====+=====+=====|
|  0. |  0. |  0. ||  0. |  0. |  0. ||  0. |  0. |  0. |
|  0. |  0. |  0. ||  1. |  1. | -1. ||  0. | -1. |  0. |
|  1. | -1. |  0. ||  1. |  0. |  0. ||  0. |  0. |  1. |
|=====+=====+=====||=====+=====+=====||=====+=====+=====|
|* 0. |*-1. |* 1. ||  0. |  0. |  0. ||  0. |  0. | -1. |
|* 0. |*-1. |* 0. ||  0. |  0. |  0. || -1. |  0. |  0. |
|*-1. |* 0. |* 0. ||  1. |  0. |  0. ||  0. |  0. |  0. |


state to eval, currenty is playerone turn=false

| -0. | -0. | -0. || -0. | -0. | -0. || -0. | -0. |  1. |
| -0. | -0. | -0. || -0. | -0. | -0. || -0. | -0. | -1. |
| -0. | -0. | -0. || -1. | -0. | -0. || -0. | -0. | -1. |
|=====+=====+=====||=====+=====+=====||=====+=====+=====|
| -0. | -0. | -0. || -0. | -0. | -0. || -0. | -0. | -0. |
| -0. | -0. | -0. || -1. | -1. |  1. || -0. |  1. | -0. |
| -1. |  1. | -0. || -1. | -0. | -0. || -0. | -0. | -1. |
|=====+=====+=====||=====+=====+=====||=====+=====+=====|
|*-0. |* 1. |*-1. || -0. | -0. | -0. || -0. | -0. |  1. |
|*-0. |* 1. |*-0. || -0. | -0. | -0. ||  1. | -0. | -0. |
|* 1. |*-0. |*-0. || -1. | -0. | -0. || -0. | -0. | -0. |


Determined best move using: 451872Iterations
current State

|  0. |  0. |  0. ||  0. |  0. |  0. ||  0. |  0. | -1. |
|  0. |  0. |  0. ||  0. |  0. |  0. ||  0. |  0. |  1. |
|  0. |  0. |  0. ||  1. |  0. |  0. ||  0. |  0. |  1. |
|=====+=====+=====||=====+=====+=====||=====+=====+=====|
|  0. |  0. |  0. ||  0. |  0. |  0. ||  0. |  0. |  0. |
|  0. |  0. |  0. ||  1. |  1. | -1. ||  0. | -1. |  0. |
|  1. | -1. |  0. ||  1. |  0. |  0. ||  0. |  0. |  1. |
|=====+=====+=====||=====+=====+=====||=====+=====+=====|
|  0. | -1. |  1. ||* 0. |* 0. |* 0. ||  0. |  0. | -1. |
|  0. | -1. |  0. ||* 0. |* 0. |* 0. || -1. |  0. |  0. |
| -1. | -1. |  0. ||* 1. |* 0. |* 0. ||  0. |  0. |  0. |


state to eval, currenty is playerone turn=true

|  0. |  0. |  0. ||  0. |  0. |  0. ||  0. |  0. | -1. |
|  0. |  0. |  0. ||  0. |  0. |  0. ||  0. |  0. |  1. |
|  0. |  0. |  0. ||  1. |  0. |  0. ||  0. |  0. |  1. |
|=====+=====+=====||=====+=====+=====||=====+=====+=====|
|  0. |  0. |  0. ||  0. |  0. |  0. ||  0. |  0. |  0. |
|  0. |  0. |  0. ||  1. |  1. | -1. ||  0. | -1. |  0. |
|  1. | -1. |  0. ||  1. |  0. |  0. ||  0. |  0. |  1. |
|=====+=====+=====||=====+=====+=====||=====+=====+=====|
|  0. | -1. |  1. ||* 0. |* 0. |* 0. ||  0. |  0. | -1. |
|  0. | -1. |  0. ||* 0. |* 0. |* 0. || -1. |  0. |  0. |
| -1. | -1. |  0. ||* 1. |* 0. |* 0. ||  0. |  0. |  0. |


Determined best move using: 2127489Iterations
current State

|  0. |  0. |  0. ||  0. |  0. |  0. ||  0. |  0. | -1. |
|  0. |  0. |  0. ||  0. |  0. |  0. ||  0. |  0. |  1. |
|  0. |  0. |  0. ||  1. |  0. |  0. ||  0. |  0. |  1. |
|=====+=====+=====||=====+=====+=====||=====+=====+=====|
|  0. |  0. |  0. ||* 0. |* 0. |* 0. ||  0. |  0. |  0. |
|  0. |  0. |  0. ||* 1. |* 1. |*-1. ||  0. | -1. |  0. |
|  1. | -1. |  0. ||* 1. |* 0. |* 0. ||  0. |  0. |  1. |
|=====+=====+=====||=====+=====+=====||=====+=====+=====|
|  0. | -1. |  1. ||  0. |  0. |  0. ||  0. |  0. | -1. |
|  0. | -1. |  0. ||  0. |  1. |  0. || -1. |  0. |  0. |
| -1. | -1. |  0. ||  1. |  0. |  0. ||  0. |  0. |  0. |


state to eval, currenty is playerone turn=false

| -0. | -0. | -0. || -0. | -0. | -0. || -0. | -0. |  1. |
| -0. | -0. | -0. || -0. | -0. | -0. || -0. | -0. | -1. |
| -0. | -0. | -0. || -1. | -0. | -0. || -0. | -0. | -1. |
|=====+=====+=====||=====+=====+=====||=====+=====+=====|
| -0. | -0. | -0. ||*-0. |*-0. |*-0. || -0. | -0. | -0. |
| -0. | -0. | -0. ||*-1. |*-1. |* 1. || -0. |  1. | -0. |
| -1. |  1. | -0. ||*-1. |*-0. |*-0. || -0. | -0. | -1. |
|=====+=====+=====||=====+=====+=====||=====+=====+=====|
| -0. |  1. | -1. || -0. | -0. | -0. || -0. | -0. |  1. |
| -0. |  1. | -0. || -0. | -1. | -0. ||  1. | -0. | -0. |
|  1. |  1. | -0. || -1. | -0. | -0. || -0. | -0. | -0. |


Determined best move using: 646797Iterations
current State

|  0. |  0. |  0. ||  0. |  0. |  0. ||* 0. |* 0. |*-1. |
|  0. |  0. |  0. ||  0. |  0. |  0. ||* 0. |* 0. |* 1. |
|  0. |  0. |  0. ||  1. |  0. |  0. ||* 0. |* 0. |* 1. |
|=====+=====+=====||=====+=====+=====||=====+=====+=====|
|  0. |  0. |  0. ||  0. |  0. | -1. ||  0. |  0. |  0. |
|  0. |  0. |  0. ||  1. |  1. | -1. ||  0. | -1. |  0. |
|  1. | -1. |  0. ||  1. |  0. |  0. ||  0. |  0. |  1. |
|=====+=====+=====||=====+=====+=====||=====+=====+=====|
|  0. | -1. |  1. ||  0. |  0. |  0. ||  0. |  0. | -1. |
|  0. | -1. |  0. ||  0. |  1. |  0. || -1. |  0. |  0. |
| -1. | -1. |  0. ||  1. |  0. |  0. ||  0. |  0. |  0. |


state to eval, currenty is playerone turn=true

|  0. |  0. |  0. ||  0. |  0. |  0. ||* 0. |* 0. |*-1. |
|  0. |  0. |  0. ||  0. |  0. |  0. ||* 0. |* 0. |* 1. |
|  0. |  0. |  0. ||  1. |  0. |  0. ||* 0. |* 0. |* 1. |
|=====+=====+=====||=====+=====+=====||=====+=====+=====|
|  0. |  0. |  0. ||  0. |  0. | -1. ||  0. |  0. |  0. |
|  0. |  0. |  0. ||  1. |  1. | -1. ||  0. | -1. |  0. |
|  1. | -1. |  0. ||  1. |  0. |  0. ||  0. |  0. |  1. |
|=====+=====+=====||=====+=====+=====||=====+=====+=====|
|  0. | -1. |  1. ||  0. |  0. |  0. ||  0. |  0. | -1. |
|  0. | -1. |  0. ||  0. |  1. |  0. || -1. |  0. |  0. |
| -1. | -1. |  0. ||  1. |  0. |  0. ||  0. |  0. |  0. |


Determined best move using: 2601539Iterations
current State

|* 0. |* 0. |* 0. ||  0. |  0. |  0. ||  1. |  0. | -1. |
|* 0. |* 0. |* 0. ||  0. |  0. |  0. ||  0. |  0. |  1. |
|* 0. |* 0. |* 0. ||  1. |  0. |  0. ||  0. |  0. |  1. |
|=====+=====+=====||=====+=====+=====||=====+=====+=====|
|  0. |  0. |  0. ||  0. |  0. | -1. ||  0. |  0. |  0. |
|  0. |  0. |  0. ||  1. |  1. | -1. ||  0. | -1. |  0. |
|  1. | -1. |  0. ||  1. |  0. |  0. ||  0. |  0. |  1. |
|=====+=====+=====||=====+=====+=====||=====+=====+=====|
|  0. | -1. |  1. ||  0. |  0. |  0. ||  0. |  0. | -1. |
|  0. | -1. |  0. ||  0. |  1. |  0. || -1. |  0. |  0. |
| -1. | -1. |  0. ||  1. |  0. |  0. ||  0. |  0. |  0. |


state to eval, currenty is playerone turn=false

|*-0. |*-0. |*-0. || -0. | -0. | -0. || -1. | -0. |  1. |
|*-0. |*-0. |*-0. || -0. | -0. | -0. || -0. | -0. | -1. |
|*-0. |*-0. |*-0. || -1. | -0. | -0. || -0. | -0. | -1. |
|=====+=====+=====||=====+=====+=====||=====+=====+=====|
| -0. | -0. | -0. || -0. | -0. |  1. || -0. | -0. | -0. |
| -0. | -0. | -0. || -1. | -1. |  1. || -0. |  1. | -0. |
| -1. |  1. | -0. || -1. | -0. | -0. || -0. | -0. | -1. |
|=====+=====+=====||=====+=====+=====||=====+=====+=====|
| -0. |  1. | -1. || -0. | -0. | -0. || -0. | -0. |  1. |
| -0. |  1. | -0. || -0. | -1. | -0. ||  1. | -0. | -0. |
|  1. |  1. | -0. || -1. | -0. | -0. || -0. | -0. | -0. |


Determined best move using: 2691952Iterations
current State

|  0. |  0. | -1. ||  0. |  0. |  0. ||* 1. |* 0. |*-1. |
|  0. |  0. |  0. ||  0. |  0. |  0. ||* 0. |* 0. |* 1. |
|  0. |  0. |  0. ||  1. |  0. |  0. ||* 0. |* 0. |* 1. |
|=====+=====+=====||=====+=====+=====||=====+=====+=====|
|  0. |  0. |  0. ||  0. |  0. | -1. ||  0. |  0. |  0. |
|  0. |  0. |  0. ||  1. |  1. | -1. ||  0. | -1. |  0. |
|  1. | -1. |  0. ||  1. |  0. |  0. ||  0. |  0. |  1. |
|=====+=====+=====||=====+=====+=====||=====+=====+=====|
|  0. | -1. |  1. ||  0. |  0. |  0. ||  0. |  0. | -1. |
|  0. | -1. |  0. ||  0. |  1. |  0. || -1. |  0. |  0. |
| -1. | -1. |  0. ||  1. |  0. |  0. ||  0. |  0. |  0. |


state to eval, currenty is playerone turn=true

|  0. |  0. | -1. ||  0. |  0. |  0. ||* 1. |* 0. |*-1. |
|  0. |  0. |  0. ||  0. |  0. |  0. ||* 0. |* 0. |* 1. |
|  0. |  0. |  0. ||  1. |  0. |  0. ||* 0. |* 0. |* 1. |
|=====+=====+=====||=====+=====+=====||=====+=====+=====|
|  0. |  0. |  0. ||  0. |  0. | -1. ||  0. |  0. |  0. |
|  0. |  0. |  0. ||  1. |  1. | -1. ||  0. | -1. |  0. |
|  1. | -1. |  0. ||  1. |  0. |  0. ||  0. |  0. |  1. |
|=====+=====+=====||=====+=====+=====||=====+=====+=====|
|  0. | -1. |  1. ||  0. |  0. |  0. ||  0. |  0. | -1. |
|  0. | -1. |  0. ||  0. |  1. |  0. || -1. |  0. |  0. |
| -1. | -1. |  0. ||  1. |  0. |  0. ||  0. |  0. |  0. |


current State

|* 0. |* 0. |*-1. ||* 0. |* 0. |* 0. ||* 1. |* 0. |*-1. |
|* 0. |* 0. |* 0. ||* 0. |* 0. |* 0. ||* 0. |* 0. |* 1. |
|* 0. |* 0. |* 0. ||* 1. |* 0. |* 0. ||* 1. |* 0. |* 1. |
|=====+=====+=====||=====+=====+=====||=====+=====+=====|
|* 0. |* 0. |* 0. ||* 0. |* 0. |*-1. ||* 0. |* 0. |* 0. |
|* 0. |* 0. |* 0. ||* 1. |* 1. |*-1. ||* 0. |*-1. |* 0. |
|* 1. |*-1. |* 0. ||* 1. |* 0. |* 0. ||* 0. |* 0. |* 1. |
|=====+=====+=====||=====+=====+=====||=====+=====+=====|
|  0. | -1. |  1. ||* 0. |* 0. |* 0. ||* 0. |* 0. |*-1. |
|  0. | -1. |  0. ||* 0. |* 1. |* 0. ||*-1. |* 0. |* 0. |
| -1. | -1. |  0. ||* 1. |* 0. |* 0. ||* 0. |* 0. |* 0. |


state to eval, currenty is playerone turn=false

|*-0. |*-0. |* 1. ||*-0. |*-0. |*-0. ||*-1. |*-0. |* 1. |
|*-0. |*-0. |*-0. ||*-0. |*-0. |*-0. ||*-0. |*-0. |*-1. |
|*-0. |*-0. |*-0. ||*-1. |*-0. |*-0. ||*-1. |*-0. |*-1. |
|=====+=====+=====||=====+=====+=====||=====+=====+=====|
|*-0. |*-0. |*-0. ||*-0. |*-0. |* 1. ||*-0. |*-0. |*-0. |
|*-0. |*-0. |*-0. ||*-1. |*-1. |* 1. ||*-0. |* 1. |*-0. |
|*-1. |* 1. |*-0. ||*-1. |*-0. |*-0. ||*-0. |*-0. |*-1. |
|=====+=====+=====||=====+=====+=====||=====+=====+=====|
| -0. |  1. | -1. ||*-0. |*-0. |*-0. ||*-0. |*-0. |* 1. |
| -0. |  1. | -0. ||*-0. |*-1. |*-0. ||* 1. |*-0. |*-0. |
|  1. |  1. | -0. ||*-1. |*-0. |*-0. ||*-0. |*-0. |*-0. |


Determined best move using: 278944Iterations
current State

|  0. |  0. | -1. ||  0. |  0. |  0. ||  1. |  0. | -1. |
|  0. |  0. |  0. ||  0. |  0. |  0. ||  0. |  0. |  1. |
|  0. |  0. |  0. ||  1. |  0. |  0. ||  1. |  0. |  1. |
|=====+=====+=====||=====+=====+=====||=====+=====+=====|
|  0. |  0. |  0. ||* 0. |* 0. |*-1. ||  0. |  0. |  0. |
|  0. |  0. |  0. ||* 1. |* 1. |*-1. ||  0. | -1. |  0. |
|  1. | -1. |  0. ||* 1. |* 0. |* 0. ||  0. |  0. |  1. |
|=====+=====+=====||=====+=====+=====||=====+=====+=====|
|  0. | -1. |  1. ||  0. |  0. |  0. ||  0. |  0. | -1. |
|  0. | -1. |  0. ||  0. |  1. |  0. || -1. | -1. |  0. |
| -1. | -1. |  0. ||  1. |  0. |  0. ||  0. |  0. |  0. |


state to eval, currenty is playerone turn=true

|  0. |  0. | -1. ||  0. |  0. |  0. ||  1. |  0. | -1. |
|  0. |  0. |  0. ||  0. |  0. |  0. ||  0. |  0. |  1. |
|  0. |  0. |  0. ||  1. |  0. |  0. ||  1. |  0. |  1. |
|=====+=====+=====||=====+=====+=====||=====+=====+=====|
|  0. |  0. |  0. ||* 0. |* 0. |*-1. ||  0. |  0. |  0. |
|  0. |  0. |  0. ||* 1. |* 1. |*-1. ||  0. | -1. |  0. |
|  1. | -1. |  0. ||* 1. |* 0. |* 0. ||  0. |  0. |  1. |
|=====+=====+=====||=====+=====+=====||=====+=====+=====|
|  0. | -1. |  1. ||  0. |  0. |  0. ||  0. |  0. | -1. |
|  0. | -1. |  0. ||  0. |  1. |  0. || -1. | -1. |  0. |
| -1. | -1. |  0. ||  1. |  0. |  0. ||  0. |  0. |  0. |


Determined best move using: 307762Iterations
current State

|* 0. |* 0. |*-1. ||  0. |  0. |  0. ||  1. |  0. | -1. |
|* 0. |* 0. |* 0. ||  0. |  0. |  0. ||  0. |  0. |  1. |
|* 0. |* 0. |* 0. ||  1. |  0. |  0. ||  1. |  0. |  1. |
|=====+=====+=====||=====+=====+=====||=====+=====+=====|
|  0. |  0. |  0. ||  1. |  0. | -1. ||  0. |  0. |  0. |
|  0. |  0. |  0. ||  1. |  1. | -1. ||  0. | -1. |  0. |
|  1. | -1. |  0. ||  1. |  0. |  0. ||  0. |  0. |  1. |
|=====+=====+=====||=====+=====+=====||=====+=====+=====|
|  0. | -1. |  1. ||  0. |  0. |  0. ||  0. |  0. | -1. |
|  0. | -1. |  0. ||  0. |  1. |  0. || -1. | -1. |  0. |
| -1. | -1. |  0. ||  1. |  0. |  0. ||  0. |  0. |  0. |


state to eval, currenty is playerone turn=false

|*-0. |*-0. |* 1. || -0. | -0. | -0. || -1. | -0. |  1. |
|*-0. |*-0. |*-0. || -0. | -0. | -0. || -0. | -0. | -1. |
|*-0. |*-0. |*-0. || -1. | -0. | -0. || -1. | -0. | -1. |
|=====+=====+=====||=====+=====+=====||=====+=====+=====|
| -0. | -0. | -0. || -1. | -0. |  1. || -0. | -0. | -0. |
| -0. | -0. | -0. || -1. | -1. |  1. || -0. |  1. | -0. |
| -1. |  1. | -0. || -1. | -0. | -0. || -0. | -0. | -1. |
|=====+=====+=====||=====+=====+=====||=====+=====+=====|
| -0. |  1. | -1. || -0. | -0. | -0. || -0. | -0. |  1. |
| -0. |  1. | -0. || -0. | -1. | -0. ||  1. |  1. | -0. |
|  1. |  1. | -0. || -1. | -0. | -0. || -0. | -0. | -0. |


current State

|*-1. |* 0. |*-1. ||  0. |  0. |  0. ||  1. |  0. | -1. |
|* 0. |* 0. |* 0. ||  0. |  0. |  0. ||  0. |  0. |  1. |
|* 0. |* 0. |* 0. ||  1. |  0. |  0. ||  1. |  0. |  1. |
|=====+=====+=====||=====+=====+=====||=====+=====+=====|
|  0. |  0. |  0. ||  1. |  0. | -1. ||  0. |  0. |  0. |
|  0. |  0. |  0. ||  1. |  1. | -1. ||  0. | -1. |  0. |
|  1. | -1. |  0. ||  1. |  0. |  0. ||  0. |  0. |  1. |
|=====+=====+=====||=====+=====+=====||=====+=====+=====|
|  0. | -1. |  1. ||  0. |  0. |  0. ||  0. |  0. | -1. |
|  0. | -1. |  0. ||  0. |  1. |  0. || -1. | -1. |  0. |
| -1. | -1. |  0. ||  1. |  0. |  0. ||  0. |  0. |  0. |


state to eval, currenty is playerone turn=true

|*-1. |* 0. |*-1. ||  0. |  0. |  0. ||  1. |  0. | -1. |
|* 0. |* 0. |* 0. ||  0. |  0. |  0. ||  0. |  0. |  1. |
|* 0. |* 0. |* 0. ||  1. |  0. |  0. ||  1. |  0. |  1. |
|=====+=====+=====||=====+=====+=====||=====+=====+=====|
|  0. |  0. |  0. ||  1. |  0. | -1. ||  0. |  0. |  0. |
|  0. |  0. |  0. ||  1. |  1. | -1. ||  0. | -1. |  0. |
|  1. | -1. |  0. ||  1. |  0. |  0. ||  0. |  0. |  1. |
|=====+=====+=====||=====+=====+=====||=====+=====+=====|
|  0. | -1. |  1. ||  0. |  0. |  0. ||  0. |  0. | -1. |
|  0. | -1. |  0. ||  0. |  1. |  0. || -1. | -1. |  0. |
| -1. | -1. |  0. ||  1. |  0. |  0. ||  0. |  0. |  0. |


Determined best move using: 340678Iterations
current State

| -1. |  0. | -1. ||  0. |  0. |  0. ||  1. |  0. | -1. |
|  0. |  0. |  0. ||  0. |  0. |  0. ||  0. |  0. |  1. |
|  0. |  1. |  0. ||  1. |  0. |  0. ||  1. |  0. |  1. |
|=====+=====+=====||=====+=====+=====||=====+=====+=====|
|  0. |  0. |  0. ||  1. |  0. | -1. ||  0. |  0. |  0. |
|  0. |  0. |  0. ||  1. |  1. | -1. ||  0. | -1. |  0. |
|  1. | -1. |  0. ||  1. |  0. |  0. ||  0. |  0. |  1. |
|=====+=====+=====||=====+=====+=====||=====+=====+=====|
|  0. | -1. |  1. ||* 0. |* 0. |* 0. ||  0. |  0. | -1. |
|  0. | -1. |  0. ||* 0. |* 1. |* 0. || -1. | -1. |  0. |
| -1. | -1. |  0. ||* 1. |* 0. |* 0. ||  0. |  0. |  0. |


state to eval, currenty is playerone turn=false

|  1. | -0. |  1. || -0. | -0. | -0. || -1. | -0. |  1. |
| -0. | -0. | -0. || -0. | -0. | -0. || -0. | -0. | -1. |
| -0. | -1. | -0. || -1. | -0. | -0. || -1. | -0. | -1. |
|=====+=====+=====||=====+=====+=====||=====+=====+=====|
| -0. | -0. | -0. || -1. | -0. |  1. || -0. | -0. | -0. |
| -0. | -0. | -0. || -1. | -1. |  1. || -0. |  1. | -0. |
| -1. |  1. | -0. || -1. | -0. | -0. || -0. | -0. | -1. |
|=====+=====+=====||=====+=====+=====||=====+=====+=====|
| -0. |  1. | -1. ||*-0. |*-0. |*-0. || -0. | -0. |  1. |
| -0. |  1. | -0. ||*-0. |*-1. |*-0. ||  1. |  1. | -0. |
|  1. |  1. | -0. ||*-1. |*-0. |*-0. || -0. | -0. | -0. |


Determined best move using: 704984Iterations
current State

| -1. |  0. | -1. ||* 0. |* 0. |* 0. ||  1. |  0. | -1. |
|  0. |  0. |  0. ||* 0. |* 0. |* 0. ||  0. |  0. |  1. |
|  0. |  1. |  0. ||* 1. |* 0. |* 0. ||  1. |  0. |  1. |
|=====+=====+=====||=====+=====+=====||=====+=====+=====|
|  0. |  0. |  0. ||  1. |  0. | -1. ||  0. |  0. |  0. |
|  0. |  0. |  0. ||  1. |  1. | -1. ||  0. | -1. |  0. |
|  1. | -1. |  0. ||  1. |  0. |  0. ||  0. |  0. |  1. |
|=====+=====+=====||=====+=====+=====||=====+=====+=====|
|  0. | -1. |  1. ||  0. | -1. |  0. ||  0. |  0. | -1. |
|  0. | -1. |  0. ||  0. |  1. |  0. || -1. | -1. |  0. |
| -1. | -1. |  0. ||  1. |  0. |  0. ||  0. |  0. |  0. |


state to eval, currenty is playerone turn=true

| -1. |  0. | -1. ||* 0. |* 0. |* 0. ||  1. |  0. | -1. |
|  0. |  0. |  0. ||* 0. |* 0. |* 0. ||  0. |  0. |  1. |
|  0. |  1. |  0. ||* 1. |* 0. |* 0. ||  1. |  0. |  1. |
|=====+=====+=====||=====+=====+=====||=====+=====+=====|
|  0. |  0. |  0. ||  1. |  0. | -1. ||  0. |  0. |  0. |
|  0. |  0. |  0. ||  1. |  1. | -1. ||  0. | -1. |  0. |
|  1. | -1. |  0. ||  1. |  0. |  0. ||  0. |  0. |  1. |
|=====+=====+=====||=====+=====+=====||=====+=====+=====|
|  0. | -1. |  1. ||  0. | -1. |  0. ||  0. |  0. | -1. |
|  0. | -1. |  0. ||  0. |  1. |  0. || -1. | -1. |  0. |
| -1. | -1. |  0. ||  1. |  0. |  0. ||  0. |  0. |  0. |


current State

| -1. |  0. | -1. ||  0. |  0. |  1. ||* 1. |* 0. |*-1. |
|  0. |  0. |  0. ||  0. |  0. |  0. ||* 0. |* 0. |* 1. |
|  0. |  1. |  0. ||  1. |  0. |  0. ||* 1. |* 0. |* 1. |
|=====+=====+=====||=====+=====+=====||=====+=====+=====|
|  0. |  0. |  0. ||  1. |  0. | -1. ||  0. |  0. |  0. |
|  0. |  0. |  0. ||  1. |  1. | -1. ||  0. | -1. |  0. |
|  1. | -1. |  0. ||  1. |  0. |  0. ||  0. |  0. |  1. |
|=====+=====+=====||=====+=====+=====||=====+=====+=====|
|  0. | -1. |  1. ||  0. | -1. |  0. ||  0. |  0. | -1. |
|  0. | -1. |  0. ||  0. |  1. |  0. || -1. | -1. |  0. |
| -1. | -1. |  0. ||  1. |  0. |  0. ||  0. |  0. |  0. |


state to eval, currenty is playerone turn=false

|  1. | -0. |  1. || -0. | -0. | -1. ||*-1. |*-0. |* 1. |
| -0. | -0. | -0. || -0. | -0. | -0. ||*-0. |*-0. |*-1. |
| -0. | -1. | -0. || -1. | -0. | -0. ||*-1. |*-0. |*-1. |
|=====+=====+=====||=====+=====+=====||=====+=====+=====|
| -0. | -0. | -0. || -1. | -0. |  1. || -0. | -0. | -0. |
| -0. | -0. | -0. || -1. | -1. |  1. || -0. |  1. | -0. |
| -1. |  1. | -0. || -1. | -0. | -0. || -0. | -0. | -1. |
|=====+=====+=====||=====+=====+=====||=====+=====+=====|
| -0. |  1. | -1. || -0. |  1. | -0. || -0. | -0. |  1. |
| -0. |  1. | -0. || -0. | -1. | -0. ||  1. |  1. | -0. |
|  1. |  1. | -0. || -1. | -0. | -0. || -0. | -0. | -0. |


Determined best move using: 2322586Iterations
current State

| -1. |  0. | -1. ||* 0. |* 0. |* 1. ||  1. | -1. | -1. |
|  0. |  0. |  0. ||* 0. |* 0. |* 0. ||  0. |  0. |  1. |
|  0. |  1. |  0. ||* 1. |* 0. |* 0. ||  1. |  0. |  1. |
|=====+=====+=====||=====+=====+=====||=====+=====+=====|
|  0. |  0. |  0. ||  1. |  0. | -1. ||  0. |  0. |  0. |
|  0. |  0. |  0. ||  1. |  1. | -1. ||  0. | -1. |  0. |
|  1. | -1. |  0. ||  1. |  0. |  0. ||  0. |  0. |  1. |
|=====+=====+=====||=====+=====+=====||=====+=====+=====|
|  0. | -1. |  1. ||  0. | -1. |  0. ||  0. |  0. | -1. |
|  0. | -1. |  0. ||  0. |  1. |  0. || -1. | -1. |  0. |
| -1. | -1. |  0. ||  1. |  0. |  0. ||  0. |  0. |  0. |


state to eval, currenty is playerone turn=true

| -1. |  0. | -1. ||* 0. |* 0. |* 1. ||  1. | -1. | -1. |
|  0. |  0. |  0. ||* 0. |* 0. |* 0. ||  0. |  0. |  1. |
|  0. |  1. |  0. ||* 1. |* 0. |* 0. ||  1. |  0. |  1. |
|=====+=====+=====||=====+=====+=====||=====+=====+=====|
|  0. |  0. |  0. ||  1. |  0. | -1. ||  0. |  0. |  0. |
|  0. |  0. |  0. ||  1. |  1. | -1. ||  0. | -1. |  0. |
|  1. | -1. |  0. ||  1. |  0. |  0. ||  0. |  0. |  1. |
|=====+=====+=====||=====+=====+=====||=====+=====+=====|
|  0. | -1. |  1. ||  0. | -1. |  0. ||  0. |  0. | -1. |
|  0. | -1. |  0. ||  0. |  1. |  0. || -1. | -1. |  0. |
| -1. | -1. |  0. ||  1. |  0. |  0. ||  0. |  0. |  0. |


current State

|*-1. |* 0. |*-1. ||  0. |  0. |  1. ||* 1. |*-1. |*-1. |
|* 0. |* 0. |* 0. ||  0. |  1. |  0. ||* 0. |* 0. |* 1. |
|* 0. |* 1. |* 0. ||  1. |  0. |  0. ||* 1. |* 0. |* 1. |
|=====+=====+=====||=====+=====+=====||=====+=====+=====|
|* 0. |* 0. |* 0. ||  1. |  0. | -1. ||* 0. |* 0. |* 0. |
|* 0. |* 0. |* 0. ||  1. |  1. | -1. ||* 0. |*-1. |* 0. |
|* 1. |*-1. |* 0. ||  1. |  0. |  0. ||* 0. |* 0. |* 1. |
|=====+=====+=====||=====+=====+=====||=====+=====+=====|
|  0. | -1. |  1. ||* 0. |*-1. |* 0. ||* 0. |* 0. |*-1. |
|  0. | -1. |  0. ||* 0. |* 1. |* 0. ||*-1. |*-1. |* 0. |
| -1. | -1. |  0. ||* 1. |* 0. |* 0. ||* 0. |* 0. |* 0. |


state to eval, currenty is playerone turn=false

|* 1. |*-0. |* 1. || -0. | -0. | -1. ||*-1. |* 1. |* 1. |
|*-0. |*-0. |*-0. || -0. | -1. | -0. ||*-0. |*-0. |*-1. |
|*-0. |*-1. |*-0. || -1. | -0. | -0. ||*-1. |*-0. |*-1. |
|=====+=====+=====||=====+=====+=====||=====+=====+=====|
|*-0. |*-0. |*-0. || -1. | -0. |  1. ||*-0. |*-0. |*-0. |
|*-0. |*-0. |*-0. || -1. | -1. |  1. ||*-0. |* 1. |*-0. |
|*-1. |* 1. |*-0. || -1. | -0. | -0. ||*-0. |*-0. |*-1. |
|=====+=====+=====||=====+=====+=====||=====+=====+=====|
| -0. |  1. | -1. ||*-0. |* 1. |*-0. ||*-0. |*-0. |* 1. |
| -0. |  1. | -0. ||*-0. |*-1. |*-0. ||* 1. |* 1. |*-0. |
|  1. |  1. | -0. ||*-1. |*-0. |*-0. ||*-0. |*-0. |*-0. |


current State

| -1. |  0. | -1. ||  0. |  0. |  1. ||* 1. |*-1. |*-1. |
|  0. |  0. |  0. ||  0. |  1. |  0. ||* 0. |* 0. |* 1. |
|  0. |  1. |  0. ||  1. |  0. |  0. ||* 1. |* 0. |* 1. |
|=====+=====+=====||=====+=====+=====||=====+=====+=====|
|  0. |  0. |  0. ||  1. |  0. | -1. ||  0. |  0. |  0. |
|  0. |  0. |  0. ||  1. |  1. | -1. ||  0. | -1. |  0. |
|  1. | -1. |  0. ||  1. |  0. |  0. ||  0. |  0. |  1. |
|=====+=====+=====||=====+=====+=====||=====+=====+=====|
|  0. | -1. |  1. ||  0. | -1. | -1. ||  0. |  0. | -1. |
|  0. | -1. |  0. ||  0. |  1. |  0. || -1. | -1. |  0. |
| -1. | -1. |  0. ||  1. |  0. |  0. ||  0. |  0. |  0. |


state to eval, currenty is playerone turn=true

| -1. |  0. | -1. ||  0. |  0. |  1. ||* 1. |*-1. |*-1. |
|  0. |  0. |  0. ||  0. |  1. |  0. ||* 0. |* 0. |* 1. |
|  0. |  1. |  0. ||  1. |  0. |  0. ||* 1. |* 0. |* 1. |
|=====+=====+=====||=====+=====+=====||=====+=====+=====|
|  0. |  0. |  0. ||  1. |  0. | -1. ||  0. |  0. |  0. |
|  0. |  0. |  0. ||  1. |  1. | -1. ||  0. | -1. |  0. |
|  1. | -1. |  0. ||  1. |  0. |  0. ||  0. |  0. |  1. |
|=====+=====+=====||=====+=====+=====||=====+=====+=====|
|  0. | -1. |  1. ||  0. | -1. | -1. ||  0. |  0. | -1. |
|  0. | -1. |  0. ||  0. |  1. |  0. || -1. | -1. |  0. |
| -1. | -1. |  0. ||  1. |  0. |  0. ||  0. |  0. |  0. |


current State

| -1. |  0. | -1. ||  0. |  0. |  1. ||  1. | -1. | -1. |
|  0. |  0. |  0. ||  0. |  1. |  0. ||  1. |  0. |  1. |
|  0. |  1. |  0. ||  1. |  0. |  0. ||  1. |  0. |  1. |
|=====+=====+=====||=====+=====+=====||=====+=====+=====|
|* 0. |* 0. |* 0. ||  1. |  0. | -1. ||  0. |  0. |  0. |
|* 0. |* 0. |* 0. ||  1. |  1. | -1. ||  0. | -1. |  0. |
|* 1. |*-1. |* 0. ||  1. |  0. |  0. ||  0. |  0. |  1. |
|=====+=====+=====||=====+=====+=====||=====+=====+=====|
|  0. | -1. |  1. ||  0. | -1. | -1. ||  0. |  0. | -1. |
|  0. | -1. |  0. ||  0. |  1. |  0. || -1. | -1. |  0. |
| -1. | -1. |  0. ||  1. |  0. |  0. ||  0. |  0. |  0. |


state to eval, currenty is playerone turn=false

|  1. | -0. |  1. || -0. | -0. | -1. || -1. |  1. |  1. |
| -0. | -0. | -0. || -0. | -1. | -0. || -1. | -0. | -1. |
| -0. | -1. | -0. || -1. | -0. | -0. || -1. | -0. | -1. |
|=====+=====+=====||=====+=====+=====||=====+=====+=====|
|*-0. |*-0. |*-0. || -1. | -0. |  1. || -0. | -0. | -0. |
|*-0. |*-0. |*-0. || -1. | -1. |  1. || -0. |  1. | -0. |
|*-1. |* 1. |*-0. || -1. | -0. | -0. || -0. | -0. | -1. |
|=====+=====+=====||=====+=====+=====||=====+=====+=====|
| -0. |  1. | -1. || -0. |  1. |  1. || -0. | -0. |  1. |
| -0. |  1. | -0. || -0. | -1. | -0. ||  1. |  1. | -0. |
|  1. |  1. | -0. || -1. | -0. | -0. || -0. | -0. | -0. |


Determined best move using: 912365Iterations
current State

|*-1. |* 0. |*-1. ||  0. |  0. |  1. ||  1. | -1. | -1. |
|* 0. |* 0. |* 0. ||  0. |  1. |  0. ||  1. |  0. |  1. |
|* 0. |* 1. |* 0. ||  1. |  0. |  0. ||  1. |  0. |  1. |
|=====+=====+=====||=====+=====+=====||=====+=====+=====|
| -1. |  0. |  0. ||  1. |  0. | -1. ||  0. |  0. |  0. |
|  0. |  0. |  0. ||  1. |  1. | -1. ||  0. | -1. |  0. |
|  1. | -1. |  0. ||  1. |  0. |  0. ||  0. |  0. |  1. |
|=====+=====+=====||=====+=====+=====||=====+=====+=====|
|  0. | -1. |  1. ||  0. | -1. | -1. ||  0. |  0. | -1. |
|  0. | -1. |  0. ||  0. |  1. |  0. || -1. | -1. |  0. |
| -1. | -1. |  0. ||  1. |  0. |  0. ||  0. |  0. |  0. |


state to eval, currenty is playerone turn=true

|*-1. |* 0. |*-1. ||  0. |  0. |  1. ||  1. | -1. | -1. |
|* 0. |* 0. |* 0. ||  0. |  1. |  0. ||  1. |  0. |  1. |
|* 0. |* 1. |* 0. ||  1. |  0. |  0. ||  1. |  0. |  1. |
|=====+=====+=====||=====+=====+=====||=====+=====+=====|
| -1. |  0. |  0. ||  1. |  0. | -1. ||  0. |  0. |  0. |
|  0. |  0. |  0. ||  1. |  1. | -1. ||  0. | -1. |  0. |
|  1. | -1. |  0. ||  1. |  0. |  0. ||  0. |  0. |  1. |
|=====+=====+=====||=====+=====+=====||=====+=====+=====|
|  0. | -1. |  1. ||  0. | -1. | -1. ||  0. |  0. | -1. |
|  0. | -1. |  0. ||  0. |  1. |  0. || -1. | -1. |  0. |
| -1. | -1. |  0. ||  1. |  0. |  0. ||  0. |  0. |  0. |


Determined best move using: 6729150Iterations
Determined best move using: 5733037Iterations
Determined best move using: 2218905Iterations
current State

| -1. |  0. | -1. ||  0. |  0. |  1. ||  1. | -1. | -1. |
|  0. |  0. |  0. ||  0. |  1. |  0. ||  1. |  0. |  1. |
|  0. |  1. |  1. ||  1. |  0. |  0. ||  1. |  0. |  1. |
|=====+=====+=====||=====+=====+=====||=====+=====+=====|
| -1. |  0. |  0. ||  1. |  0. | -1. ||  0. |  0. |  0. |
|  0. |  0. |  0. ||  1. |  1. | -1. ||  0. | -1. |  0. |
|  1. | -1. |  0. ||  1. |  0. |  0. ||  0. |  0. |  1. |
|=====+=====+=====||=====+=====+=====||=====+=====+=====|
|  0. | -1. |  1. ||  0. | -1. | -1. ||* 0. |* 0. |*-1. |
|  0. | -1. |  0. ||  0. |  1. |  0. ||*-1. |*-1. |* 0. |
| -1. | -1. |  0. ||  1. |  0. |  0. ||* 0. |* 0. |* 0. |


state to eval, currenty is playerone turn=false

|  1. | -0. |  1. || -0. | -0. | -1. || -1. |  1. |  1. |
| -0. | -0. | -0. || -0. | -1. | -0. || -1. | -0. | -1. |
| -0. | -1. | -1. || -1. | -0. | -0. || -1. | -0. | -1. |
|=====+=====+=====||=====+=====+=====||=====+=====+=====|
|  1. | -0. | -0. || -1. | -0. |  1. || -0. | -0. | -0. |
| -0. | -0. | -0. || -1. | -1. |  1. || -0. |  1. | -0. |
| -1. |  1. | -0. || -1. | -0. | -0. || -0. | -0. | -1. |
|=====+=====+=====||=====+=====+=====||=====+=====+=====|
| -0. |  1. | -1. || -0. |  1. |  1. ||*-0. |*-0. |* 1. |
| -0. |  1. | -0. || -0. | -1. | -0. ||* 1. |* 1. |*-0. |
|  1. |  1. | -0. || -1. | -0. | -0. ||*-0. |*-0. |*-0. |


current State

| -1. |  0. | -1. ||  0. |  0. |  1. ||  1. | -1. | -1. |
|  0. |  0. |  0. ||  0. |  1. |  0. ||  1. |  0. |  1. |
|  0. |  1. |  1. ||  1. |  0. |  0. ||  1. |  0. |  1. |
|=====+=====+=====||=====+=====+=====||=====+=====+=====|
| -1. |  0. |  0. ||  1. |  0. | -1. ||* 0. |* 0. |* 0. |
|  0. |  0. |  0. ||  1. |  1. | -1. ||* 0. |*-1. |* 0. |
|  1. | -1. |  0. ||  1. |  0. |  0. ||* 0. |* 0. |* 1. |
|=====+=====+=====||=====+=====+=====||=====+=====+=====|
|  0. | -1. |  1. ||  0. | -1. | -1. ||  0. |  0. | -1. |
|  0. | -1. |  0. ||  0. |  1. |  0. || -1. | -1. | -1. |
| -1. | -1. |  0. ||  1. |  0. |  0. ||  0. |  0. |  0. |


state to eval, currenty is playerone turn=true

| -1. |  0. | -1. ||  0. |  0. |  1. ||  1. | -1. | -1. |
|  0. |  0. |  0. ||  0. |  1. |  0. ||  1. |  0. |  1. |
|  0. |  1. |  1. ||  1. |  0. |  0. ||  1. |  0. |  1. |
|=====+=====+=====||=====+=====+=====||=====+=====+=====|
| -1. |  0. |  0. ||  1. |  0. | -1. ||* 0. |* 0. |* 0. |
|  0. |  0. |  0. ||  1. |  1. | -1. ||* 0. |*-1. |* 0. |
|  1. | -1. |  0. ||  1. |  0. |  0. ||* 0. |* 0. |* 1. |
|=====+=====+=====||=====+=====+=====||=====+=====+=====|
|  0. | -1. |  1. ||  0. | -1. | -1. ||  0. |  0. | -1. |
|  0. | -1. |  0. ||  0. |  1. |  0. || -1. | -1. | -1. |
| -1. | -1. |  0. ||  1. |  0. |  0. ||  0. |  0. |  0. |


current State

| -1. |  0. | -1. ||  0. |  0. |  1. ||  1. | -1. | -1. |
|  0. |  0. |  0. ||  0. |  1. |  0. ||  1. |  0. |  1. |
|  0. |  1. |  1. ||  1. |  0. |  0. ||  1. |  0. |  1. |
|=====+=====+=====||=====+=====+=====||=====+=====+=====|
| -1. |  0. |  0. ||  1. |  0. | -1. ||* 0. |* 0. |* 0. |
|  0. |  0. |  0. ||  1. |  1. | -1. ||* 0. |*-1. |* 1. |
|  1. | -1. |  0. ||  1. |  0. |  0. ||* 0. |* 0. |* 1. |
|=====+=====+=====||=====+=====+=====||=====+=====+=====|
|  0. | -1. |  1. ||  0. | -1. | -1. ||  0. |  0. | -1. |
|  0. | -1. |  0. ||  0. |  1. |  0. || -1. | -1. | -1. |
| -1. | -1. |  0. ||  1. |  0. |  0. ||  0. |  0. |  0. |


state to eval, currenty is playerone turn=false

|  1. | -0. |  1. || -0. | -0. | -1. || -1. |  1. |  1. |
| -0. | -0. | -0. || -0. | -1. | -0. || -1. | -0. | -1. |
| -0. | -1. | -1. || -1. | -0. | -0. || -1. | -0. | -1. |
|=====+=====+=====||=====+=====+=====||=====+=====+=====|
|  1. | -0. | -0. || -1. | -0. |  1. ||*-0. |*-0. |*-0. |
| -0. | -0. | -0. || -1. | -1. |  1. ||*-0. |* 1. |*-1. |
| -1. |  1. | -0. || -1. | -0. | -0. ||*-0. |*-0. |*-1. |
|=====+=====+=====||=====+=====+=====||=====+=====+=====|
| -0. |  1. | -1. || -0. |  1. |  1. || -0. | -0. |  1. |
| -0. |  1. | -0. || -0. | -1. | -0. ||  1. |  1. |  1. |
|  1. |  1. | -0. || -1. | -0. | -0. || -0. | -0. | -0. |


Determined best move using: 5374067Iterations
current State

| -1. |  0. | -1. ||  0. |  0. |  1. ||  1. | -1. | -1. |
|  0. |  0. |  0. ||  0. |  1. |  0. ||  1. |  0. |  1. |
|  0. |  1. |  1. ||  1. |  0. |  0. ||  1. |  0. |  1. |
|=====+=====+=====||=====+=====+=====||=====+=====+=====|
|*-1. |* 0. |* 0. ||  1. |  0. | -1. ||  0. |  0. |  0. |
|* 0. |* 0. |* 0. ||  1. |  1. | -1. || -1. | -1. |  1. |
|* 1. |*-1. |* 0. ||  1. |  0. |  0. ||  0. |  0. |  1. |
|=====+=====+=====||=====+=====+=====||=====+=====+=====|
|  0. | -1. |  1. ||  0. | -1. | -1. ||  0. |  0. | -1. |
|  0. | -1. |  0. ||  0. |  1. |  0. || -1. | -1. | -1. |
| -1. | -1. |  0. ||  1. |  0. |  0. ||  0. |  0. |  0. |


state to eval, currenty is playerone turn=true

| -1. |  0. | -1. ||  0. |  0. |  1. ||  1. | -1. | -1. |
|  0. |  0. |  0. ||  0. |  1. |  0. ||  1. |  0. |  1. |
|  0. |  1. |  1. ||  1. |  0. |  0. ||  1. |  0. |  1. |
|=====+=====+=====||=====+=====+=====||=====+=====+=====|
|*-1. |* 0. |* 0. ||  1. |  0. | -1. ||  0. |  0. |  0. |
|* 0. |* 0. |* 0. ||  1. |  1. | -1. || -1. | -1. |  1. |
|* 1. |*-1. |* 0. ||  1. |  0. |  0. ||  0. |  0. |  1. |
|=====+=====+=====||=====+=====+=====||=====+=====+=====|
|  0. | -1. |  1. ||  0. | -1. | -1. ||  0. |  0. | -1. |
|  0. | -1. |  0. ||  0. |  1. |  0. || -1. | -1. | -1. |
| -1. | -1. |  0. ||  1. |  0. |  0. ||  0. |  0. |  0. |


Determined best move using: 7706609Iterations
Determined best move using: 5786445Iterations
current State

| -1. |  0. | -1. ||  0. |  0. |  1. ||  1. | -1. | -1. |
|  0. |  0. |  0. ||  0. |  1. |  0. ||  1. |  0. |  1. |
|  0. |  1. |  1. ||  1. |  0. |  0. ||  1. |  0. |  1. |
|=====+=====+=====||=====+=====+=====||=====+=====+=====|
| -1. |  0. |  0. ||  1. |  0. | -1. ||* 0. |* 0. |* 0. |
|  0. |  0. |  1. ||  1. |  1. | -1. ||*-1. |*-1. |* 1. |
|  1. | -1. |  0. ||  1. |  0. |  0. ||* 0. |* 0. |* 1. |
|=====+=====+=====||=====+=====+=====||=====+=====+=====|
|  0. | -1. |  1. ||  0. | -1. | -1. ||  0. |  0. | -1. |
|  0. | -1. |  0. ||  0. |  1. |  0. || -1. | -1. | -1. |
| -1. | -1. |  0. ||  1. |  0. |  0. ||  0. |  0. |  0. |


state to eval, currenty is playerone turn=false

|  1. | -0. |  1. || -0. | -0. | -1. || -1. |  1. |  1. |
| -0. | -0. | -0. || -0. | -1. | -0. || -1. | -0. | -1. |
| -0. | -1. | -1. || -1. | -0. | -0. || -1. | -0. | -1. |
|=====+=====+=====||=====+=====+=====||=====+=====+=====|
|  1. | -0. | -0. || -1. | -0. |  1. ||*-0. |*-0. |*-0. |
| -0. | -0. | -1. || -1. | -1. |  1. ||* 1. |* 1. |*-1. |
| -1. |  1. | -0. || -1. | -0. | -0. ||*-0. |*-0. |*-1. |
|=====+=====+=====||=====+=====+=====||=====+=====+=====|
| -0. |  1. | -1. || -0. |  1. |  1. || -0. | -0. |  1. |
| -0. |  1. | -0. || -0. | -1. | -0. ||  1. |  1. |  1. |
|  1. |  1. | -0. || -1. | -0. | -0. || -0. | -0. | -0. |


Determined best move using: 4725243Iterations
current State

|*-1. |* 0. |*-1. ||  0. |  0. |  1. ||  1. | -1. | -1. |
|* 0. |* 0. |* 0. ||  0. |  1. |  0. ||  1. |  0. |  1. |
|* 0. |* 1. |* 1. ||  1. |  0. |  0. ||  1. |  0. |  1. |
|=====+=====+=====||=====+=====+=====||=====+=====+=====|
| -1. |  0. |  0. ||  1. |  0. | -1. || -1. |  0. |  0. |
|  0. |  0. |  1. ||  1. |  1. | -1. || -1. | -1. |  1. |
|  1. | -1. |  0. ||  1. |  0. |  0. ||  0. |  0. |  1. |
|=====+=====+=====||=====+=====+=====||=====+=====+=====|
|  0. | -1. |  1. ||  0. | -1. | -1. ||  0. |  0. | -1. |
|  0. | -1. |  0. ||  0. |  1. |  0. || -1. | -1. | -1. |
| -1. | -1. |  0. ||  1. |  0. |  0. ||  0. |  0. |  0. |


state to eval, currenty is playerone turn=true

|*-1. |* 0. |*-1. ||  0. |  0. |  1. ||  1. | -1. | -1. |
|* 0. |* 0. |* 0. ||  0. |  1. |  0. ||  1. |  0. |  1. |
|* 0. |* 1. |* 1. ||  1. |  0. |  0. ||  1. |  0. |  1. |
|=====+=====+=====||=====+=====+=====||=====+=====+=====|
| -1. |  0. |  0. ||  1. |  0. | -1. || -1. |  0. |  0. |
|  0. |  0. |  1. ||  1. |  1. | -1. || -1. | -1. |  1. |
|  1. | -1. |  0. ||  1. |  0. |  0. ||  0. |  0. |  1. |
|=====+=====+=====||=====+=====+=====||=====+=====+=====|
|  0. | -1. |  1. ||  0. | -1. | -1. ||  0. |  0. | -1. |
|  0. | -1. |  0. ||  0. |  1. |  0. || -1. | -1. | -1. |
| -1. | -1. |  0. ||  1. |  0. |  0. ||  0. |  0. |  0. |


Determined best move using: 8369541Iterations
current State

| -1. |  0. | -1. ||  0. |  0. |  1. ||  1. | -1. | -1. |
|  0. |  0. |  0. ||  0. |  1. |  0. ||  1. |  0. |  1. |
|  1. |  1. |  1. ||  1. |  0. |  0. ||  1. |  0. |  1. |
|=====+=====+=====||=====+=====+=====||=====+=====+=====|
|*-1. |* 0. |* 0. ||  1. |  0. | -1. ||*-1. |* 0. |* 0. |
|* 0. |* 0. |* 1. ||  1. |  1. | -1. ||*-1. |*-1. |* 1. |
|* 1. |*-1. |* 0. ||  1. |  0. |  0. ||* 0. |* 0. |* 1. |
|=====+=====+=====||=====+=====+=====||=====+=====+=====|
|  0. | -1. |  1. ||* 0. |*-1. |*-1. ||  0. |  0. | -1. |
|  0. | -1. |  0. ||* 0. |* 1. |* 0. || -1. | -1. | -1. |
| -1. | -1. |  0. ||* 1. |* 0. |* 0. ||  0. |  0. |  0. |


Game ended in: 43 moves
Actual data created in graphical format: 
[StateDatum{MCTSProbabilites=
|  .0161 |  .0096 |  .0075 ||  .0152 |  .0093 |  .0142 ||  .0148 |  .0133 |  .0137 |
|  .0144 |  .0138 |  .0106 ||  .0173 |  .0137 |  .0165 ||  .0146 |  .0092 |  .0087 |
|  .0158 |  .0094 |  .0146 ||  .0099 |  .0157 |  .0146 ||  .015 |  .0152 |  .0095 |
|========+========+========||========+========+========||========+========+========|
|  .0133 |  .0114 |  .015 ||  .007 |  .012 |  .0088 ||  .0141 |  .0065 |  .0105 |
|  .0117 |  .0132 |  .0105 ||  .0105 |  .0265 |  .0105 ||  .0076 |  .014 |  .0099 |
|  .0135 |  .0099 |  .0148 ||  .0137 |  .0117 |  .0115 ||  .013 |  .0118 |  .0179 |
|========+========+========||========+========+========||========+========+========|
|  .0119 |  .0167 |  .0152 ||  .0134 |  .0068 |  .0063 ||  .0096 |  .0116 |  .0094 |
|  .012 |  .012 |  .0158 ||  .0097 |  .0129 |  .0099 ||  .0111 |  .0127 |  .0075 |
|  .0135 |  .0157 |  .0137 ||  .0084 |  .0115 |  .0065 ||  .014 |  .0126 |  .0164 |

, state=
|* 0. |* 0. |* 0. ||* 0. |* 0. |* 0. ||* 0. |* 0. |* 0. |
|* 0. |* 0. |* 0. ||* 0. |* 0. |* 0. ||* 0. |* 0. |* 0. |
|* 0. |* 0. |* 0. ||* 0. |* 0. |* 0. ||* 0. |* 0. |* 0. |
|=====+=====+=====||=====+=====+=====||=====+=====+=====|
|* 0. |* 0. |* 0. ||* 0. |* 0. |* 0. ||* 0. |* 0. |* 0. |
|* 0. |* 0. |* 0. ||* 0. |* 0. |* 0. ||* 0. |* 0. |* 0. |
|* 0. |* 0. |* 0. ||* 0. |* 0. |* 0. ||* 0. |* 0. |* 0. |
|=====+=====+=====||=====+=====+=====||=====+=====+=====|
|* 0. |* 0. |* 0. ||* 0. |* 0. |* 0. ||* 0. |* 0. |* 0. |
|* 0. |* 0. |* 0. ||* 0. |* 0. |* 0. ||* 0. |* 0. |* 0. |
|* 0. |* 0. |* 0. ||* 0. |* 0. |* 0. ||* 0. |* 0. |* 0. |

, evalForThisState=1.0, isPlayerOneTurnOriginally=true}, StateDatum{MCTSProbabilites=
|  .0 |  .0 |  .0 ||  .0 |  .0 |  .0 ||  .0 |  .0 |  .0 |
|  .0 |  .0 |  .0 ||  .0 |  .0 |  .0 ||  .0 |  .0 |  .0 |
|  .0 |  .0 |  .0 ||  .0 |  .0 |  .0 ||  .0 |  .0 |  .0 |
|========+========+========||========+========+========||========+========+========|
|  .0 |  .0 |  .0 ||  .0352 |  .0426 |  .0562 ||  .0 |  .0 |  .0 |
|  .0 |  .0 |  .0 ||  .0398 |  .0 |  .6907 ||  .0 |  .0 |  .0 |
|  .0 |  .0 |  .0 ||  .0404 |  .0453 |  .0499 ||  .0 |  .0 |  .0 |
|========+========+========||========+========+========||========+========+========|
|  .0 |  .0 |  .0 ||  .0 |  .0 |  .0 ||  .0 |  .0 |  .0 |
|  .0 |  .0 |  .0 ||  .0 |  .0 |  .0 ||  .0 |  .0 |  .0 |
|  .0 |  .0 |  .0 ||  .0 |  .0 |  .0 ||  .0 |  .0 |  .0 |

, state=
| -0. | -0. | -0. || -0. | -0. | -0. || -0. | -0. | -0. |
| -0. | -0. | -0. || -0. | -0. | -0. || -0. | -0. | -0. |
| -0. | -0. | -0. || -0. | -0. | -0. || -0. | -0. | -0. |
|=====+=====+=====||=====+=====+=====||=====+=====+=====|
| -0. | -0. | -0. ||*-0. |*-0. |*-0. || -0. | -0. | -0. |
| -0. | -0. | -0. ||*-0. |*-1. |*-0. || -0. | -0. | -0. |
| -0. | -0. | -0. ||*-0. |*-0. |*-0. || -0. | -0. | -0. |
|=====+=====+=====||=====+=====+=====||=====+=====+=====|
| -0. | -0. | -0. || -0. | -0. | -0. || -0. | -0. | -0. |
| -0. | -0. | -0. || -0. | -0. | -0. || -0. | -0. | -0. |
| -0. | -0. | -0. || -0. | -0. | -0. || -0. | -0. | -0. |

, evalForThisState=-1.0, isPlayerOneTurnOriginally=false}, StateDatum{MCTSProbabilites=
|  .0 |  .0 |  .0 ||  .0 |  .0 |  .0 ||  .0 |  .0 |  .0 |
|  .0 |  .0 |  .0 ||  .0 |  .0 |  .0 ||  .0 |  .0 |  .0 |
|  .0 |  .0 |  .0 ||  .0 |  .0 |  .0 ||  .0 |  .0 |  .0 |
|========+========+========||========+========+========||========+========+========|
|  .0 |  .0 |  .0 ||  .0 |  .0 |  .0 ||  .109 |  .1132 |  .1163 |
|  .0 |  .0 |  .0 ||  .0 |  .0 |  .0 ||  .1127 |  .1145 |  .0902 |
|  .0 |  .0 |  .0 ||  .0 |  .0 |  .0 ||  .1112 |  .096 |  .1369 |
|========+========+========||========+========+========||========+========+========|
|  .0 |  .0 |  .0 ||  .0 |  .0 |  .0 ||  .0 |  .0 |  .0 |
|  .0 |  .0 |  .0 ||  .0 |  .0 |  .0 ||  .0 |  .0 |  .0 |
|  .0 |  .0 |  .0 ||  .0 |  .0 |  .0 ||  .0 |  .0 |  .0 |

, state=
|  0. |  0. |  0. ||  0. |  0. |  0. ||  0. |  0. |  0. |
|  0. |  0. |  0. ||  0. |  0. |  0. ||  0. |  0. |  0. |
|  0. |  0. |  0. ||  0. |  0. |  0. ||  0. |  0. |  0. |
|=====+=====+=====||=====+=====+=====||=====+=====+=====|
|  0. |  0. |  0. ||  0. |  0. |  0. ||* 0. |* 0. |* 0. |
|  0. |  0. |  0. ||  0. |  1. | -1. ||* 0. |* 0. |* 0. |
|  0. |  0. |  0. ||  0. |  0. |  0. ||* 0. |* 0. |* 0. |
|=====+=====+=====||=====+=====+=====||=====+=====+=====|
|  0. |  0. |  0. ||  0. |  0. |  0. ||  0. |  0. |  0. |
|  0. |  0. |  0. ||  0. |  0. |  0. ||  0. |  0. |  0. |
|  0. |  0. |  0. ||  0. |  0. |  0. ||  0. |  0. |  0. |

, evalForThisState=1.0, isPlayerOneTurnOriginally=true}, StateDatum{MCTSProbabilites=
|  .0 |  .0 |  .0 ||  .0 |  .0 |  .0 ||  .0 |  .0 |  .0 |
|  .0 |  .0 |  .0 ||  .0 |  .0 |  .0 ||  .0 |  .0 |  .0 |
|  .0 |  .0 |  .0 ||  .0 |  .0 |  .0 ||  .0 |  .0 |  .0 |
|========+========+========||========+========+========||========+========+========|
|  .0 |  .0 |  .0 ||  .0 |  .0 |  .0 ||  .0 |  .0 |  .0 |
|  .0 |  .0 |  .0 ||  .0 |  .0 |  .0 ||  .0 |  .0 |  .0 |
|  .0 |  .0 |  .0 ||  .0 |  .0 |  .0 ||  .0 |  .0 |  .0 |
|========+========+========||========+========+========||========+========+========|
|  .0 |  .0 |  .0 ||  .0 |  .0 |  .0 ||  .0573 |  .0433 |  .0363 |
|  .0 |  .0 |  .0 ||  .0 |  .0 |  .0 ||  .551 |  .0409 |  .1501 |
|  .0 |  .0 |  .0 ||  .0 |  .0 |  .0 ||  .0437 |  .0351 |  .0422 |

, state=
| -0. | -0. | -0. || -0. | -0. | -0. || -0. | -0. | -0. |
| -0. | -0. | -0. || -0. | -0. | -0. || -0. | -0. | -0. |
| -0. | -0. | -0. || -0. | -0. | -0. || -0. | -0. | -0. |
|=====+=====+=====||=====+=====+=====||=====+=====+=====|
| -0. | -0. | -0. || -0. | -0. | -0. || -0. | -0. | -0. |
| -0. | -0. | -0. || -0. | -1. |  1. || -0. | -0. | -0. |
| -0. | -0. | -0. || -0. | -0. | -0. || -0. | -0. | -1. |
|=====+=====+=====||=====+=====+=====||=====+=====+=====|
| -0. | -0. | -0. || -0. | -0. | -0. ||*-0. |*-0. |*-0. |
| -0. | -0. | -0. || -0. | -0. | -0. ||*-0. |*-0. |*-0. |
| -0. | -0. | -0. || -0. | -0. | -0. ||*-0. |*-0. |*-0. |

, evalForThisState=-1.0, isPlayerOneTurnOriginally=false}, StateDatum{MCTSProbabilites=
|  .0 |  .0 |  .0 ||  .0 |  .0 |  .0 ||  .0 |  .0 |  .0 |
|  .0 |  .0 |  .0 ||  .0 |  .0 |  .0 ||  .0 |  .0 |  .0 |
|  .0 |  .0 |  .0 ||  .0 |  .0 |  .0 ||  .0 |  .0 |  .0 |
|========+========+========||========+========+========||========+========+========|
|  .1086 |  .1156 |  .118 ||  .0 |  .0 |  .0 ||  .0 |  .0 |  .0 |
|  .11 |  .1006 |  .0909 ||  .0 |  .0 |  .0 ||  .0 |  .0 |  .0 |
|  .1545 |  .1087 |  .0932 ||  .0 |  .0 |  .0 ||  .0 |  .0 |  .0 |
|========+========+========||========+========+========||========+========+========|
|  .0 |  .0 |  .0 ||  .0 |  .0 |  .0 ||  .0 |  .0 |  .0 |
|  .0 |  .0 |  .0 ||  .0 |  .0 |  .0 ||  .0 |  .0 |  .0 |
|  .0 |  .0 |  .0 ||  .0 |  .0 |  .0 ||  .0 |  .0 |  .0 |

, state=
|  0. |  0. |  0. ||  0. |  0. |  0. ||  0. |  0. |  0. |
|  0. |  0. |  0. ||  0. |  0. |  0. ||  0. |  0. |  0. |
|  0. |  0. |  0. ||  0. |  0. |  0. ||  0. |  0. |  0. |
|=====+=====+=====||=====+=====+=====||=====+=====+=====|
|* 0. |* 0. |* 0. ||  0. |  0. |  0. ||  0. |  0. |  0. |
|* 0. |* 0. |* 0. ||  0. |  1. | -1. ||  0. |  0. |  0. |
|* 0. |* 0. |* 0. ||  0. |  0. |  0. ||  0. |  0. |  1. |
|=====+=====+=====||=====+=====+=====||=====+=====+=====|
|  0. |  0. |  0. ||  0. |  0. |  0. ||  0. |  0. |  0. |
|  0. |  0. |  0. ||  0. |  0. |  0. || -1. |  0. |  0. |
|  0. |  0. |  0. ||  0. |  0. |  0. ||  0. |  0. |  0. |

, evalForThisState=1.0, isPlayerOneTurnOriginally=true}, StateDatum{MCTSProbabilites=
|  .0 |  .0 |  .0 ||  .0 |  .0 |  .0 ||  .0 |  .0 |  .0 |
|  .0 |  .0 |  .0 ||  .0 |  .0 |  .0 ||  .0 |  .0 |  .0 |
|  .0 |  .0 |  .0 ||  .0 |  .0 |  .0 ||  .0 |  .0 |  .0 |
|========+========+========||========+========+========||========+========+========|
|  .0 |  .0 |  .0 ||  .0 |  .0 |  .0 ||  .0 |  .0 |  .0 |
|  .0 |  .0 |  .0 ||  .0 |  .0 |  .0 ||  .0 |  .0 |  .0 |
|  .0 |  .0 |  .0 ||  .0 |  .0 |  .0 ||  .0 |  .0 |  .0 |
|========+========+========||========+========+========||========+========+========|
|  .0281 |  .034 |  .0464 ||  .0 |  .0 |  .0 ||  .0 |  .0 |  .0 |
|  .0301 |  .3501 |  .033 ||  .0 |  .0 |  .0 ||  .0 |  .0 |  .0 |
|  .4185 |  .0271 |  .0328 ||  .0 |  .0 |  .0 ||  .0 |  .0 |  .0 |

, state=
| -0. | -0. | -0. || -0. | -0. | -0. || -0. | -0. | -0. |
| -0. | -0. | -0. || -0. | -0. | -0. || -0. | -0. | -0. |
| -0. | -0. | -0. || -0. | -0. | -0. || -0. | -0. | -0. |
|=====+=====+=====||=====+=====+=====||=====+=====+=====|
| -0. | -0. | -0. || -0. | -0. | -0. || -0. | -0. | -0. |
| -0. | -0. | -0. || -0. | -1. |  1. || -0. | -0. | -0. |
| -1. | -0. | -0. || -0. | -0. | -0. || -0. | -0. | -1. |
|=====+=====+=====||=====+=====+=====||=====+=====+=====|
|*-0. |*-0. |*-0. || -0. | -0. | -0. || -0. | -0. | -0. |
|*-0. |*-0. |*-0. || -0. | -0. | -0. ||  1. | -0. | -0. |
|*-0. |*-0. |*-0. || -0. | -0. | -0. || -0. | -0. | -0. |

, evalForThisState=-1.0, isPlayerOneTurnOriginally=false}, StateDatum{MCTSProbabilites=
|  .0 |  .0 |  .0 ||  .0 |  .0 |  .0 ||  .0 |  .0 |  .0 |
|  .0 |  .0 |  .0 ||  .0 |  .0 |  .0 ||  .0 |  .0 |  .0 |
|  .0 |  .0 |  .0 ||  .0 |  .0 |  .0 ||  .0 |  .0 |  .0 |
|========+========+========||========+========+========||========+========+========|
|  .0 |  .0 |  .0 ||  .0 |  .0 |  .0 ||  .0 |  .0 |  .0 |
|  .0 |  .0 |  .0 ||  .0 |  .0 |  .0 ||  .0 |  .0 |  .0 |
|  .0 |  .0 |  .0 ||  .0 |  .0 |  .0 ||  .0 |  .0 |  .0 |
|========+========+========||========+========+========||========+========+========|
|  .1331 |  .131 |  .1355 ||  .0 |  .0 |  .0 ||  .0 |  .0 |  .0 |
|  .1275 |  .0925 |  .1275 ||  .0 |  .0 |  .0 ||  .0 |  .0 |  .0 |
|  .0 |  .1193 |  .1336 ||  .0 |  .0 |  .0 ||  .0 |  .0 |  .0 |

, state=
|  0. |  0. |  0. ||  0. |  0. |  0. ||  0. |  0. |  0. |
|  0. |  0. |  0. ||  0. |  0. |  0. ||  0. |  0. |  0. |
|  0. |  0. |  0. ||  0. |  0. |  0. ||  0. |  0. |  0. |
|=====+=====+=====||=====+=====+=====||=====+=====+=====|
|  0. |  0. |  0. ||  0. |  0. |  0. ||  0. |  0. |  0. |
|  0. |  0. |  0. ||  0. |  1. | -1. ||  0. |  0. |  0. |
|  1. |  0. |  0. ||  0. |  0. |  0. ||  0. |  0. |  1. |
|=====+=====+=====||=====+=====+=====||=====+=====+=====|
|* 0. |* 0. |* 0. ||  0. |  0. |  0. ||  0. |  0. |  0. |
|* 0. |* 0. |* 0. ||  0. |  0. |  0. || -1. |  0. |  0. |
|*-1. |* 0. |* 0. ||  0. |  0. |  0. ||  0. |  0. |  0. |

, evalForThisState=1.0, isPlayerOneTurnOriginally=true}, StateDatum{MCTSProbabilites=
|  .0 |  .0 |  .0 ||  .0 |  .0 |  .0 ||  .0358 |  .0255 |  .4019 |
|  .0 |  .0 |  .0 ||  .0 |  .0 |  .0 ||  .0268 |  .0173 |  .0327 |
|  .0 |  .0 |  .0 ||  .0 |  .0 |  .0 ||  .0257 |  .0402 |  .3941 |
|========+========+========||========+========+========||========+========+========|
|  .0 |  .0 |  .0 ||  .0 |  .0 |  .0 ||  .0 |  .0 |  .0 |
|  .0 |  .0 |  .0 ||  .0 |  .0 |  .0 ||  .0 |  .0 |  .0 |
|  .0 |  .0 |  .0 ||  .0 |  .0 |  .0 ||  .0 |  .0 |  .0 |
|========+========+========||========+========+========||========+========+========|
|  .0 |  .0 |  .0 ||  .0 |  .0 |  .0 ||  .0 |  .0 |  .0 |
|  .0 |  .0 |  .0 ||  .0 |  .0 |  .0 ||  .0 |  .0 |  .0 |
|  .0 |  .0 |  .0 ||  .0 |  .0 |  .0 ||  .0 |  .0 |  .0 |

, state=
| -0. | -0. | -0. || -0. | -0. | -0. ||*-0. |*-0. |*-0. |
| -0. | -0. | -0. || -0. | -0. | -0. ||*-0. |*-0. |*-0. |
| -0. | -0. | -0. || -0. | -0. | -0. ||*-0. |*-0. |*-0. |
|=====+=====+=====||=====+=====+=====||=====+=====+=====|
| -0. | -0. | -0. || -0. | -0. | -0. || -0. | -0. | -0. |
| -0. | -0. | -0. || -0. | -1. |  1. || -0. | -0. | -0. |
| -1. | -0. | -0. || -0. | -0. | -0. || -0. | -0. | -1. |
|=====+=====+=====||=====+=====+=====||=====+=====+=====|
| -0. | -0. | -1. || -0. | -0. | -0. || -0. | -0. | -0. |
| -0. | -0. | -0. || -0. | -0. | -0. ||  1. | -0. | -0. |
|  1. | -0. | -0. || -0. | -0. | -0. || -0. | -0. | -0. |

, evalForThisState=-1.0, isPlayerOneTurnOriginally=false}, StateDatum{MCTSProbabilites=
|  .0 |  .0 |  .0 ||  .0 |  .0 |  .0 ||  .1161 |  .131 |  .0 |
|  .0 |  .0 |  .0 ||  .0 |  .0 |  .0 ||  .1206 |  .1228 |  .1175 |
|  .0 |  .0 |  .0 ||  .0 |  .0 |  .0 ||  .1057 |  .1398 |  .1465 |
|========+========+========||========+========+========||========+========+========|
|  .0 |  .0 |  .0 ||  .0 |  .0 |  .0 ||  .0 |  .0 |  .0 |
|  .0 |  .0 |  .0 ||  .0 |  .0 |  .0 ||  .0 |  .0 |  .0 |
|  .0 |  .0 |  .0 ||  .0 |  .0 |  .0 ||  .0 |  .0 |  .0 |
|========+========+========||========+========+========||========+========+========|
|  .0 |  .0 |  .0 ||  .0 |  .0 |  .0 ||  .0 |  .0 |  .0 |
|  .0 |  .0 |  .0 ||  .0 |  .0 |  .0 ||  .0 |  .0 |  .0 |
|  .0 |  .0 |  .0 ||  .0 |  .0 |  .0 ||  .0 |  .0 |  .0 |

, state=
|  0. |  0. |  0. ||  0. |  0. |  0. ||* 0. |* 0. |*-1. |
|  0. |  0. |  0. ||  0. |  0. |  0. ||* 0. |* 0. |* 0. |
|  0. |  0. |  0. ||  0. |  0. |  0. ||* 0. |* 0. |* 0. |
|=====+=====+=====||=====+=====+=====||=====+=====+=====|
|  0. |  0. |  0. ||  0. |  0. |  0. ||  0. |  0. |  0. |
|  0. |  0. |  0. ||  0. |  1. | -1. ||  0. |  0. |  0. |
|  1. |  0. |  0. ||  0. |  0. |  0. ||  0. |  0. |  1. |
|=====+=====+=====||=====+=====+=====||=====+=====+=====|
|  0. |  0. |  1. ||  0. |  0. |  0. ||  0. |  0. |  0. |
|  0. |  0. |  0. ||  0. |  0. |  0. || -1. |  0. |  0. |
| -1. |  0. |  0. ||  0. |  0. |  0. ||  0. |  0. |  0. |

, evalForThisState=1.0, isPlayerOneTurnOriginally=true}, StateDatum{MCTSProbabilites=
|  .0 |  .0 |  .0 ||  .0 |  .0 |  .0 ||  .0 |  .0 |  .0 |
|  .0 |  .0 |  .0 ||  .0 |  .0 |  .0 ||  .0 |  .0 |  .0 |
|  .0 |  .0 |  .0 ||  .0 |  .0 |  .0 ||  .0 |  .0 |  .0 |
|========+========+========||========+========+========||========+========+========|
|  .0 |  .0 |  .0 ||  .0 |  .0 |  .0 ||  .0 |  .0 |  .0 |
|  .0 |  .0 |  .0 ||  .0 |  .0 |  .0 ||  .0 |  .0 |  .0 |
|  .0 |  .0 |  .0 ||  .0 |  .0 |  .0 ||  .0 |  .0 |  .0 |
|========+========+========||========+========+========||========+========+========|
|  .0 |  .0 |  .0 ||  .0 |  .0 |  .0 ||  .0275 |  .0243 |  .3212 |
|  .0 |  .0 |  .0 ||  .0 |  .0 |  .0 ||  .0 |  .3036 |  .0347 |
|  .0 |  .0 |  .0 ||  .0 |  .0 |  .0 ||  .0224 |  .2394 |  .0269 |

, state=
| -0. | -0. | -0. || -0. | -0. | -0. || -0. | -0. |  1. |
| -0. | -0. | -0. || -0. | -0. | -0. || -0. | -0. | -0. |
| -0. | -0. | -0. || -0. | -0. | -0. || -0. | -0. | -1. |
|=====+=====+=====||=====+=====+=====||=====+=====+=====|
| -0. | -0. | -0. || -0. | -0. | -0. || -0. | -0. | -0. |
| -0. | -0. | -0. || -0. | -1. |  1. || -0. | -0. | -0. |
| -1. | -0. | -0. || -0. | -0. | -0. || -0. | -0. | -1. |
|=====+=====+=====||=====+=====+=====||=====+=====+=====|
| -0. | -0. | -1. || -0. | -0. | -0. ||*-0. |*-0. |*-0. |
| -0. | -0. | -0. || -0. | -0. | -0. ||* 1. |*-0. |*-0. |
|  1. | -0. | -0. || -0. | -0. | -0. ||*-0. |*-0. |*-0. |

, evalForThisState=-1.0, isPlayerOneTurnOriginally=false}, StateDatum{MCTSProbabilites=
|  .0 |  .0 |  .0 ||  .0 |  .0 |  .0 ||  .1007 |  .1112 |  .0 |
|  .0 |  .0 |  .0 ||  .0 |  .0 |  .0 ||  .1556 |  .1024 |  .3073 |
|  .0 |  .0 |  .0 ||  .0 |  .0 |  .0 ||  .119 |  .1037 |  .0 |
|========+========+========||========+========+========||========+========+========|
|  .0 |  .0 |  .0 ||  .0 |  .0 |  .0 ||  .0 |  .0 |  .0 |
|  .0 |  .0 |  .0 ||  .0 |  .0 |  .0 ||  .0 |  .0 |  .0 |
|  .0 |  .0 |  .0 ||  .0 |  .0 |  .0 ||  .0 |  .0 |  .0 |
|========+========+========||========+========+========||========+========+========|
|  .0 |  .0 |  .0 ||  .0 |  .0 |  .0 ||  .0 |  .0 |  .0 |
|  .0 |  .0 |  .0 ||  .0 |  .0 |  .0 ||  .0 |  .0 |  .0 |
|  .0 |  .0 |  .0 ||  .0 |  .0 |  .0 ||  .0 |  .0 |  .0 |

, state=
|  0. |  0. |  0. ||  0. |  0. |  0. ||* 0. |* 0. |*-1. |
|  0. |  0. |  0. ||  0. |  0. |  0. ||* 0. |* 0. |* 0. |
|  0. |  0. |  0. ||  0. |  0. |  0. ||* 0. |* 0. |* 1. |
|=====+=====+=====||=====+=====+=====||=====+=====+=====|
|  0. |  0. |  0. ||  0. |  0. |  0. ||  0. |  0. |  0. |
|  0. |  0. |  0. ||  0. |  1. | -1. ||  0. |  0. |  0. |
|  1. |  0. |  0. ||  0. |  0. |  0. ||  0. |  0. |  1. |
|=====+=====+=====||=====+=====+=====||=====+=====+=====|
|  0. |  0. |  1. ||  0. |  0. |  0. ||  0. |  0. | -1. |
|  0. |  0. |  0. ||  0. |  0. |  0. || -1. |  0. |  0. |
| -1. |  0. |  0. ||  0. |  0. |  0. ||  0. |  0. |  0. |

, evalForThisState=1.0, isPlayerOneTurnOriginally=true}, StateDatum{MCTSProbabilites=
|  .0 |  .0 |  .0 ||  .0 |  .0 |  .0 ||  .0 |  .0 |  .0 |
|  .0 |  .0 |  .0 ||  .0 |  .0 |  .0 ||  .0 |  .0 |  .0 |
|  .0 |  .0 |  .0 ||  .0 |  .0 |  .0 ||  .0 |  .0 |  .0 |
|========+========+========||========+========+========||========+========+========|
|  .0 |  .0 |  .0 ||  .0 |  .0 |  .0 ||  .0239 |  .1062 |  .1727 |
|  .0 |  .0 |  .0 ||  .0 |  .0 |  .0 ||  .1984 |  .246 |  .0232 |
|  .0 |  .0 |  .0 ||  .0 |  .0 |  .0 ||  .2002 |  .0294 |  .0 |
|========+========+========||========+========+========||========+========+========|
|  .0 |  .0 |  .0 ||  .0 |  .0 |  .0 ||  .0 |  .0 |  .0 |
|  .0 |  .0 |  .0 ||  .0 |  .0 |  .0 ||  .0 |  .0 |  .0 |
|  .0 |  .0 |  .0 ||  .0 |  .0 |  .0 ||  .0 |  .0 |  .0 |

, state=
| -0. | -0. | -0. || -0. | -0. | -0. || -0. | -0. |  1. |
| -0. | -0. | -0. || -0. | -0. | -0. || -0. | -0. | -1. |
| -0. | -0. | -0. || -0. | -0. | -0. || -0. | -0. | -1. |
|=====+=====+=====||=====+=====+=====||=====+=====+=====|
| -0. | -0. | -0. || -0. | -0. | -0. ||*-0. |*-0. |*-0. |
| -0. | -0. | -0. || -0. | -1. |  1. ||*-0. |*-0. |*-0. |
| -1. | -0. | -0. || -0. | -0. | -0. ||*-0. |*-0. |*-1. |
|=====+=====+=====||=====+=====+=====||=====+=====+=====|
| -0. | -0. | -1. || -0. | -0. | -0. || -0. | -0. |  1. |
| -0. | -0. | -0. || -0. | -0. | -0. ||  1. | -0. | -0. |
|  1. | -0. | -0. || -0. | -0. | -0. || -0. | -0. | -0. |

, evalForThisState=-1.0, isPlayerOneTurnOriginally=false}, StateDatum{MCTSProbabilites=
|  .0 |  .0 |  .0 ||  .0 |  .0 |  .0 ||  .0 |  .0 |  .0 |
|  .0 |  .0 |  .0 ||  .0 |  .0 |  .0 ||  .0 |  .0 |  .0 |
|  .0 |  .0 |  .0 ||  .0 |  .0 |  .0 ||  .0 |  .0 |  .0 |
|========+========+========||========+========+========||========+========+========|
|  .0 |  .0 |  .0 ||  .1 |  .0982 |  .2581 ||  .0 |  .0 |  .0 |
|  .0 |  .0 |  .0 ||  .2795 |  .0 |  .0 ||  .0 |  .0 |  .0 |
|  .0 |  .0 |  .0 ||  .0656 |  .097 |  .1015 ||  .0 |  .0 |  .0 |
|========+========+========||========+========+========||========+========+========|
|  .0 |  .0 |  .0 ||  .0 |  .0 |  .0 ||  .0 |  .0 |  .0 |
|  .0 |  .0 |  .0 ||  .0 |  .0 |  .0 ||  .0 |  .0 |  .0 |
|  .0 |  .0 |  .0 ||  .0 |  .0 |  .0 ||  .0 |  .0 |  .0 |

, state=
|  0. |  0. |  0. ||  0. |  0. |  0. ||  0. |  0. | -1. |
|  0. |  0. |  0. ||  0. |  0. |  0. ||  0. |  0. |  1. |
|  0. |  0. |  0. ||  0. |  0. |  0. ||  0. |  0. |  1. |
|=====+=====+=====||=====+=====+=====||=====+=====+=====|
|  0. |  0. |  0. ||* 0. |* 0. |* 0. ||  0. |  0. |  0. |
|  0. |  0. |  0. ||* 0. |* 1. |*-1. ||  0. | -1. |  0. |
|  1. |  0. |  0. ||* 0. |* 0. |* 0. ||  0. |  0. |  1. |
|=====+=====+=====||=====+=====+=====||=====+=====+=====|
|  0. |  0. |  1. ||  0. |  0. |  0. ||  0. |  0. | -1. |
|  0. |  0. |  0. ||  0. |  0. |  0. || -1. |  0. |  0. |
| -1. |  0. |  0. ||  0. |  0. |  0. ||  0. |  0. |  0. |

, evalForThisState=1.0, isPlayerOneTurnOriginally=true}, StateDatum{MCTSProbabilites=
|  .0 |  .0 |  .0 ||  .0 |  .0 |  .0 ||  .0 |  .0 |  .0 |
|  .0 |  .0 |  .0 ||  .0 |  .0 |  .0 ||  .0 |  .0 |  .0 |
|  .0 |  .0 |  .0 ||  .0 |  .0 |  .0 ||  .0 |  .0 |  .0 |
|========+========+========||========+========+========||========+========+========|
|  .0232 |  .1268 |  .1463 ||  .0 |  .0 |  .0 ||  .0 |  .0 |  .0 |
|  .1624 |  .0887 |  .1573 ||  .0 |  .0 |  .0 ||  .0 |  .0 |  .0 |
|  .0 |  .1632 |  .1321 ||  .0 |  .0 |  .0 ||  .0 |  .0 |  .0 |
|========+========+========||========+========+========||========+========+========|
|  .0 |  .0 |  .0 ||  .0 |  .0 |  .0 ||  .0 |  .0 |  .0 |
|  .0 |  .0 |  .0 ||  .0 |  .0 |  .0 ||  .0 |  .0 |  .0 |
|  .0 |  .0 |  .0 ||  .0 |  .0 |  .0 ||  .0 |  .0 |  .0 |

, state=
| -0. | -0. | -0. || -0. | -0. | -0. || -0. | -0. |  1. |
| -0. | -0. | -0. || -0. | -0. | -0. || -0. | -0. | -1. |
| -0. | -0. | -0. || -0. | -0. | -0. || -0. | -0. | -1. |
|=====+=====+=====||=====+=====+=====||=====+=====+=====|
|*-0. |*-0. |*-0. || -0. | -0. | -0. || -0. | -0. | -0. |
|*-0. |*-0. |*-0. || -1. | -1. |  1. || -0. |  1. | -0. |
|*-1. |*-0. |*-0. || -0. | -0. | -0. || -0. | -0. | -1. |
|=====+=====+=====||=====+=====+=====||=====+=====+=====|
| -0. | -0. | -1. || -0. | -0. | -0. || -0. | -0. |  1. |
| -0. | -0. | -0. || -0. | -0. | -0. ||  1. | -0. | -0. |
|  1. | -0. | -0. || -0. | -0. | -0. || -0. | -0. | -0. |

, evalForThisState=-1.0, isPlayerOneTurnOriginally=false}, StateDatum{MCTSProbabilites=
|  .0 |  .0 |  .0 ||  .0 |  .0 |  .0 ||  .0 |  .0 |  .0 |
|  .0 |  .0 |  .0 ||  .0 |  .0 |  .0 ||  .0 |  .0 |  .0 |
|  .0 |  .0 |  .0 ||  .0 |  .0 |  .0 ||  .0 |  .0 |  .0 |
|========+========+========||========+========+========||========+========+========|
|  .0 |  .0 |  .0 ||  .0 |  .0 |  .0 ||  .0 |  .0 |  .0 |
|  .0 |  .0 |  .0 ||  .0 |  .0 |  .0 ||  .0 |  .0 |  .0 |
|  .0 |  .0 |  .0 ||  .0 |  .0 |  .0 ||  .0 |  .0 |  .0 |
|========+========+========||========+========+========||========+========+========|
|  .0 |  .0 |  .0 ||  .0967 |  .051 |  .1366 ||  .0 |  .0 |  .0 |
|  .0 |  .0 |  .0 ||  .1214 |  .1065 |  .1175 ||  .0 |  .0 |  .0 |
|  .0 |  .0 |  .0 ||  .1443 |  .1092 |  .1169 ||  .0 |  .0 |  .0 |

, state=
|  0. |  0. |  0. ||  0. |  0. |  0. ||  0. |  0. | -1. |
|  0. |  0. |  0. ||  0. |  0. |  0. ||  0. |  0. |  1. |
|  0. |  0. |  0. ||  0. |  0. |  0. ||  0. |  0. |  1. |
|=====+=====+=====||=====+=====+=====||=====+=====+=====|
|  0. |  0. |  0. ||  0. |  0. |  0. ||  0. |  0. |  0. |
|  0. |  0. |  0. ||  1. |  1. | -1. ||  0. | -1. |  0. |
|  1. | -1. |  0. ||  0. |  0. |  0. ||  0. |  0. |  1. |
|=====+=====+=====||=====+=====+=====||=====+=====+=====|
|  0. |  0. |  1. ||* 0. |* 0. |* 0. ||  0. |  0. | -1. |
|  0. |  0. |  0. ||* 0. |* 0. |* 0. || -1. |  0. |  0. |
| -1. |  0. |  0. ||* 0. |* 0. |* 0. ||  0. |  0. |  0. |

, evalForThisState=1.0, isPlayerOneTurnOriginally=true}, StateDatum{MCTSProbabilites=
|  .0 |  .0 |  .0 ||  .0 |  .0 |  .0 ||  .0 |  .0 |  .0 |
|  .0 |  .0 |  .0 ||  .0 |  .0 |  .0 ||  .0 |  .0 |  .0 |
|  .0 |  .0 |  .0 ||  .0 |  .0 |  .0 ||  .0 |  .0 |  .0 |
|========+========+========||========+========+========||========+========+========|
|  .0 |  .0 |  .0 ||  .0 |  .0 |  .0 ||  .0 |  .0 |  .0 |
|  .0 |  .0 |  .0 ||  .0 |  .0 |  .0 ||  .0 |  .0 |  .0 |
|  .0 |  .0 |  .0 ||  .0 |  .0 |  .0 ||  .0 |  .0 |  .0 |
|========+========+========||========+========+========||========+========+========|
|  .1915 |  .2136 |  .0 ||  .0 |  .0 |  .0 ||  .0 |  .0 |  .0 |
|  .1374 |  .0106 |  .163 ||  .0 |  .0 |  .0 ||  .0 |  .0 |  .0 |
|  .0 |  .1543 |  .1296 ||  .0 |  .0 |  .0 ||  .0 |  .0 |  .0 |

, state=
| -0. | -0. | -0. || -0. | -0. | -0. || -0. | -0. |  1. |
| -0. | -0. | -0. || -0. | -0. | -0. || -0. | -0. | -1. |
| -0. | -0. | -0. || -0. | -0. | -0. || -0. | -0. | -1. |
|=====+=====+=====||=====+=====+=====||=====+=====+=====|
| -0. | -0. | -0. || -0. | -0. | -0. || -0. | -0. | -0. |
| -0. | -0. | -0. || -1. | -1. |  1. || -0. |  1. | -0. |
| -1. |  1. | -0. || -0. | -0. | -0. || -0. | -0. | -1. |
|=====+=====+=====||=====+=====+=====||=====+=====+=====|
|*-0. |*-0. |*-1. || -0. | -0. | -0. || -0. | -0. |  1. |
|*-0. |*-0. |*-0. || -0. | -0. | -0. ||  1. | -0. | -0. |
|* 1. |*-0. |*-0. || -1. | -0. | -0. || -0. | -0. | -0. |

, evalForThisState=-1.0, isPlayerOneTurnOriginally=false}, StateDatum{MCTSProbabilites=
|  .0 |  .0 |  .0 ||  .0338 |  .1097 |  .1134 ||  .0 |  .0 |  .0 |
|  .0 |  .0 |  .0 ||  .1153 |  .121 |  .1152 ||  .0 |  .0 |  .0 |
|  .0 |  .0 |  .0 ||  .1514 |  .133 |  .1073 ||  .0 |  .0 |  .0 |
|========+========+========||========+========+========||========+========+========|
|  .0 |  .0 |  .0 ||  .0 |  .0 |  .0 ||  .0 |  .0 |  .0 |
|  .0 |  .0 |  .0 ||  .0 |  .0 |  .0 ||  .0 |  .0 |  .0 |
|  .0 |  .0 |  .0 ||  .0 |  .0 |  .0 ||  .0 |  .0 |  .0 |
|========+========+========||========+========+========||========+========+========|
|  .0 |  .0 |  .0 ||  .0 |  .0 |  .0 ||  .0 |  .0 |  .0 |
|  .0 |  .0 |  .0 ||  .0 |  .0 |  .0 ||  .0 |  .0 |  .0 |
|  .0 |  .0 |  .0 ||  .0 |  .0 |  .0 ||  .0 |  .0 |  .0 |

, state=
|  0. |  0. |  0. ||* 0. |* 0. |* 0. ||  0. |  0. | -1. |
|  0. |  0. |  0. ||* 0. |* 0. |* 0. ||  0. |  0. |  1. |
|  0. |  0. |  0. ||* 0. |* 0. |* 0. ||  0. |  0. |  1. |
|=====+=====+=====||=====+=====+=====||=====+=====+=====|
|  0. |  0. |  0. ||  0. |  0. |  0. ||  0. |  0. |  0. |
|  0. |  0. |  0. ||  1. |  1. | -1. ||  0. | -1. |  0. |
|  1. | -1. |  0. ||  0. |  0. |  0. ||  0. |  0. |  1. |
|=====+=====+=====||=====+=====+=====||=====+=====+=====|
|  0. | -1. |  1. ||  0. |  0. |  0. ||  0. |  0. | -1. |
|  0. |  0. |  0. ||  0. |  0. |  0. || -1. |  0. |  0. |
| -1. |  0. |  0. ||  1. |  0. |  0. ||  0. |  0. |  0. |

, evalForThisState=1.0, isPlayerOneTurnOriginally=true}, StateDatum{MCTSProbabilites=
|  .0 |  .0 |  .0 ||  .0 |  .0 |  .0 ||  .0 |  .0 |  .0 |
|  .0 |  .0 |  .0 ||  .0 |  .0 |  .0 ||  .0 |  .0 |  .0 |
|  .0 |  .0 |  .0 ||  .0 |  .0 |  .0 ||  .0 |  .0 |  .0 |
|========+========+========||========+========+========||========+========+========|
|  .0 |  .0 |  .0 ||  .0 |  .0 |  .0 ||  .0 |  .0 |  .0 |
|  .0 |  .0 |  .0 ||  .0 |  .0 |  .0 ||  .0 |  .0 |  .0 |
|  .0 |  .0 |  .0 ||  .0 |  .0 |  .0 ||  .0 |  .0 |  .0 |
|========+========+========||========+========+========||========+========+========|
|  .1689 |  .0 |  .0 ||  .0 |  .0 |  .0 ||  .0 |  .0 |  .0 |
|  .1589 |  .1832 |  .1658 ||  .0 |  .0 |  .0 ||  .0 |  .0 |  .0 |
|  .0 |  .1532 |  .17 ||  .0 |  .0 |  .0 ||  .0 |  .0 |  .0 |

, state=
| -0. | -0. | -0. || -0. | -0. | -0. || -0. | -0. |  1. |
| -0. | -0. | -0. || -0. | -0. | -0. || -0. | -0. | -1. |
| -0. | -0. | -0. || -1. | -0. | -0. || -0. | -0. | -1. |
|=====+=====+=====||=====+=====+=====||=====+=====+=====|
| -0. | -0. | -0. || -0. | -0. | -0. || -0. | -0. | -0. |
| -0. | -0. | -0. || -1. | -1. |  1. || -0. |  1. | -0. |
| -1. |  1. | -0. || -0. | -0. | -0. || -0. | -0. | -1. |
|=====+=====+=====||=====+=====+=====||=====+=====+=====|
|*-0. |* 1. |*-1. || -0. | -0. | -0. || -0. | -0. |  1. |
|*-0. |*-0. |*-0. || -0. | -0. | -0. ||  1. | -0. | -0. |
|* 1. |*-0. |*-0. || -1. | -0. | -0. || -0. | -0. | -0. |

, evalForThisState=-1.0, isPlayerOneTurnOriginally=false}, StateDatum{MCTSProbabilites=
|  .0 |  .0 |  .0 ||  .0 |  .0 |  .0 ||  .0 |  .0 |  .0 |
|  .0 |  .0 |  .0 ||  .0 |  .0 |  .0 ||  .0 |  .0 |  .0 |
|  .0 |  .0 |  .0 ||  .0 |  .0 |  .0 ||  .0 |  .0 |  .0 |
|========+========+========||========+========+========||========+========+========|
|  .0 |  .0 |  .0 ||  .0554 |  .1058 |  .1616 ||  .0 |  .0 |  .0 |
|  .0 |  .0 |  .0 ||  .0 |  .0 |  .0 ||  .0 |  .0 |  .0 |
|  .0 |  .0 |  .0 ||  .3595 |  .1882 |  .1294 ||  .0 |  .0 |  .0 |
|========+========+========||========+========+========||========+========+========|
|  .0 |  .0 |  .0 ||  .0 |  .0 |  .0 ||  .0 |  .0 |  .0 |
|  .0 |  .0 |  .0 ||  .0 |  .0 |  .0 ||  .0 |  .0 |  .0 |
|  .0 |  .0 |  .0 ||  .0 |  .0 |  .0 ||  .0 |  .0 |  .0 |

, state=
|  0. |  0. |  0. ||  0. |  0. |  0. ||  0. |  0. | -1. |
|  0. |  0. |  0. ||  0. |  0. |  0. ||  0. |  0. |  1. |
|  0. |  0. |  0. ||  1. |  0. |  0. ||  0. |  0. |  1. |
|=====+=====+=====||=====+=====+=====||=====+=====+=====|
|  0. |  0. |  0. ||* 0. |* 0. |* 0. ||  0. |  0. |  0. |
|  0. |  0. |  0. ||* 1. |* 1. |*-1. ||  0. | -1. |  0. |
|  1. | -1. |  0. ||* 0. |* 0. |* 0. ||  0. |  0. |  1. |
|=====+=====+=====||=====+=====+=====||=====+=====+=====|
|  0. | -1. |  1. ||  0. |  0. |  0. ||  0. |  0. | -1. |
|  0. | -1. |  0. ||  0. |  0. |  0. || -1. |  0. |  0. |
| -1. |  0. |  0. ||  1. |  0. |  0. ||  0. |  0. |  0. |

, evalForThisState=1.0, isPlayerOneTurnOriginally=true}, StateDatum{MCTSProbabilites=
|  .0 |  .0 |  .0 ||  .0 |  .0 |  .0 ||  .0 |  .0 |  .0 |
|  .0 |  .0 |  .0 ||  .0 |  .0 |  .0 ||  .0 |  .0 |  .0 |
|  .0 |  .0 |  .0 ||  .0 |  .0 |  .0 ||  .0 |  .0 |  .0 |
|========+========+========||========+========+========||========+========+========|
|  .0 |  .0 |  .0 ||  .0 |  .0 |  .0 ||  .0 |  .0 |  .0 |
|  .0 |  .0 |  .0 ||  .0 |  .0 |  .0 ||  .0 |  .0 |  .0 |
|  .0 |  .0 |  .0 ||  .0 |  .0 |  .0 ||  .0 |  .0 |  .0 |
|========+========+========||========+========+========||========+========+========|
|  .1951 |  .0 |  .0 ||  .0 |  .0 |  .0 ||  .0 |  .0 |  .0 |
|  .1933 |  .0 |  .0994 ||  .0 |  .0 |  .0 ||  .0 |  .0 |  .0 |
|  .0 |  .2719 |  .2403 ||  .0 |  .0 |  .0 ||  .0 |  .0 |  .0 |

, state=
| -0. | -0. | -0. || -0. | -0. | -0. || -0. | -0. |  1. |
| -0. | -0. | -0. || -0. | -0. | -0. || -0. | -0. | -1. |
| -0. | -0. | -0. || -1. | -0. | -0. || -0. | -0. | -1. |
|=====+=====+=====||=====+=====+=====||=====+=====+=====|
| -0. | -0. | -0. || -0. | -0. | -0. || -0. | -0. | -0. |
| -0. | -0. | -0. || -1. | -1. |  1. || -0. |  1. | -0. |
| -1. |  1. | -0. || -1. | -0. | -0. || -0. | -0. | -1. |
|=====+=====+=====||=====+=====+=====||=====+=====+=====|
|*-0. |* 1. |*-1. || -0. | -0. | -0. || -0. | -0. |  1. |
|*-0. |* 1. |*-0. || -0. | -0. | -0. ||  1. | -0. | -0. |
|* 1. |*-0. |*-0. || -1. | -0. | -0. || -0. | -0. | -0. |

, evalForThisState=-1.0, isPlayerOneTurnOriginally=false}, StateDatum{MCTSProbabilites=
|  .0 |  .0 |  .0 ||  .0 |  .0 |  .0 ||  .0 |  .0 |  .0 |
|  .0 |  .0 |  .0 ||  .0 |  .0 |  .0 ||  .0 |  .0 |  .0 |
|  .0 |  .0 |  .0 ||  .0 |  .0 |  .0 ||  .0 |  .0 |  .0 |
|========+========+========||========+========+========||========+========+========|
|  .0 |  .0 |  .0 ||  .0 |  .0 |  .0 ||  .0 |  .0 |  .0 |
|  .0 |  .0 |  .0 ||  .0 |  .0 |  .0 ||  .0 |  .0 |  .0 |
|  .0 |  .0 |  .0 ||  .0 |  .0 |  .0 ||  .0 |  .0 |  .0 |
|========+========+========||========+========+========||========+========+========|
|  .0 |  .0 |  .0 ||  .1075 |  .1464 |  .0949 ||  .0 |  .0 |  .0 |
|  .0 |  .0 |  .0 ||  .1221 |  .2173 |  .0995 ||  .0 |  .0 |  .0 |
|  .0 |  .0 |  .0 ||  .0 |  .1456 |  .0667 ||  .0 |  .0 |  .0 |

, state=
|  0. |  0. |  0. ||  0. |  0. |  0. ||  0. |  0. | -1. |
|  0. |  0. |  0. ||  0. |  0. |  0. ||  0. |  0. |  1. |
|  0. |  0. |  0. ||  1. |  0. |  0. ||  0. |  0. |  1. |
|=====+=====+=====||=====+=====+=====||=====+=====+=====|
|  0. |  0. |  0. ||  0. |  0. |  0. ||  0. |  0. |  0. |
|  0. |  0. |  0. ||  1. |  1. | -1. ||  0. | -1. |  0. |
|  1. | -1. |  0. ||  1. |  0. |  0. ||  0. |  0. |  1. |
|=====+=====+=====||=====+=====+=====||=====+=====+=====|
|  0. | -1. |  1. ||* 0. |* 0. |* 0. ||  0. |  0. | -1. |
|  0. | -1. |  0. ||* 0. |* 0. |* 0. || -1. |  0. |  0. |
| -1. | -1. |  0. ||* 1. |* 0. |* 0. ||  0. |  0. |  0. |

, evalForThisState=1.0, isPlayerOneTurnOriginally=true}, StateDatum{MCTSProbabilites=
|  .0 |  .0 |  .0 ||  .0 |  .0 |  .0 ||  .0 |  .0 |  .0 |
|  .0 |  .0 |  .0 ||  .0 |  .0 |  .0 ||  .0 |  .0 |  .0 |
|  .0 |  .0 |  .0 ||  .0 |  .0 |  .0 ||  .0 |  .0 |  .0 |
|========+========+========||========+========+========||========+========+========|
|  .0 |  .0 |  .0 ||  .1991 |  .168 |  .2341 ||  .0 |  .0 |  .0 |
|  .0 |  .0 |  .0 ||  .0 |  .0 |  .0 ||  .0 |  .0 |  .0 |
|  .0 |  .0 |  .0 ||  .0 |  .1866 |  .2123 ||  .0 |  .0 |  .0 |
|========+========+========||========+========+========||========+========+========|
|  .0 |  .0 |  .0 ||  .0 |  .0 |  .0 ||  .0 |  .0 |  .0 |
|  .0 |  .0 |  .0 ||  .0 |  .0 |  .0 ||  .0 |  .0 |  .0 |
|  .0 |  .0 |  .0 ||  .0 |  .0 |  .0 ||  .0 |  .0 |  .0 |

, state=
| -0. | -0. | -0. || -0. | -0. | -0. || -0. | -0. |  1. |
| -0. | -0. | -0. || -0. | -0. | -0. || -0. | -0. | -1. |
| -0. | -0. | -0. || -1. | -0. | -0. || -0. | -0. | -1. |
|=====+=====+=====||=====+=====+=====||=====+=====+=====|
| -0. | -0. | -0. ||*-0. |*-0. |*-0. || -0. | -0. | -0. |
| -0. | -0. | -0. ||*-1. |*-1. |* 1. || -0. |  1. | -0. |
| -1. |  1. | -0. ||*-1. |*-0. |*-0. || -0. | -0. | -1. |
|=====+=====+=====||=====+=====+=====||=====+=====+=====|
| -0. |  1. | -1. || -0. | -0. | -0. || -0. | -0. |  1. |
| -0. |  1. | -0. || -0. | -1. | -0. ||  1. | -0. | -0. |
|  1. |  1. | -0. || -1. | -0. | -0. || -0. | -0. | -0. |

, evalForThisState=-1.0, isPlayerOneTurnOriginally=false}, StateDatum{MCTSProbabilites=
|  .0 |  .0 |  .0 ||  .0 |  .0 |  .0 ||  .2671 |  .2085 |  .0 |
|  .0 |  .0 |  .0 ||  .0 |  .0 |  .0 ||  .1819 |  .0917 |  .0 |
|  .0 |  .0 |  .0 ||  .0 |  .0 |  .0 ||  .076 |  .1747 |  .0 |
|========+========+========||========+========+========||========+========+========|
|  .0 |  .0 |  .0 ||  .0 |  .0 |  .0 ||  .0 |  .0 |  .0 |
|  .0 |  .0 |  .0 ||  .0 |  .0 |  .0 ||  .0 |  .0 |  .0 |
|  .0 |  .0 |  .0 ||  .0 |  .0 |  .0 ||  .0 |  .0 |  .0 |
|========+========+========||========+========+========||========+========+========|
|  .0 |  .0 |  .0 ||  .0 |  .0 |  .0 ||  .0 |  .0 |  .0 |
|  .0 |  .0 |  .0 ||  .0 |  .0 |  .0 ||  .0 |  .0 |  .0 |
|  .0 |  .0 |  .0 ||  .0 |  .0 |  .0 ||  .0 |  .0 |  .0 |

, state=
|  0. |  0. |  0. ||  0. |  0. |  0. ||* 0. |* 0. |*-1. |
|  0. |  0. |  0. ||  0. |  0. |  0. ||* 0. |* 0. |* 1. |
|  0. |  0. |  0. ||  1. |  0. |  0. ||* 0. |* 0. |* 1. |
|=====+=====+=====||=====+=====+=====||=====+=====+=====|
|  0. |  0. |  0. ||  0. |  0. | -1. ||  0. |  0. |  0. |
|  0. |  0. |  0. ||  1. |  1. | -1. ||  0. | -1. |  0. |
|  1. | -1. |  0. ||  1. |  0. |  0. ||  0. |  0. |  1. |
|=====+=====+=====||=====+=====+=====||=====+=====+=====|
|  0. | -1. |  1. ||  0. |  0. |  0. ||  0. |  0. | -1. |
|  0. | -1. |  0. ||  0. |  1. |  0. || -1. |  0. |  0. |
| -1. | -1. |  0. ||  1. |  0. |  0. ||  0. |  0. |  0. |

, evalForThisState=1.0, isPlayerOneTurnOriginally=true}, StateDatum{MCTSProbabilites=
|  .0771 |  .1224 |  .1238 ||  .0 |  .0 |  .0 ||  .0 |  .0 |  .0 |
|  .1131 |  .1031 |  .1235 ||  .0 |  .0 |  .0 ||  .0 |  .0 |  .0 |
|  .1167 |  .0988 |  .1214 ||  .0 |  .0 |  .0 ||  .0 |  .0 |  .0 |
|========+========+========||========+========+========||========+========+========|
|  .0 |  .0 |  .0 ||  .0 |  .0 |  .0 ||  .0 |  .0 |  .0 |
|  .0 |  .0 |  .0 ||  .0 |  .0 |  .0 ||  .0 |  .0 |  .0 |
|  .0 |  .0 |  .0 ||  .0 |  .0 |  .0 ||  .0 |  .0 |  .0 |
|========+========+========||========+========+========||========+========+========|
|  .0 |  .0 |  .0 ||  .0 |  .0 |  .0 ||  .0 |  .0 |  .0 |
|  .0 |  .0 |  .0 ||  .0 |  .0 |  .0 ||  .0 |  .0 |  .0 |
|  .0 |  .0 |  .0 ||  .0 |  .0 |  .0 ||  .0 |  .0 |  .0 |

, state=
|*-0. |*-0. |*-0. || -0. | -0. | -0. || -1. | -0. |  1. |
|*-0. |*-0. |*-0. || -0. | -0. | -0. || -0. | -0. | -1. |
|*-0. |*-0. |*-0. || -1. | -0. | -0. || -0. | -0. | -1. |
|=====+=====+=====||=====+=====+=====||=====+=====+=====|
| -0. | -0. | -0. || -0. | -0. |  1. || -0. | -0. | -0. |
| -0. | -0. | -0. || -1. | -1. |  1. || -0. |  1. | -0. |
| -1. |  1. | -0. || -1. | -0. | -0. || -0. | -0. | -1. |
|=====+=====+=====||=====+=====+=====||=====+=====+=====|
| -0. |  1. | -1. || -0. | -0. | -0. || -0. | -0. |  1. |
| -0. |  1. | -0. || -0. | -1. | -0. ||  1. | -0. | -0. |
|  1. |  1. | -0. || -1. | -0. | -0. || -0. | -0. | -0. |

, evalForThisState=-1.0, isPlayerOneTurnOriginally=false}, StateDatum{MCTSProbabilites=
|  .0 |  .0 |  .0 ||  .0 |  .0 |  .0 ||  .0 |  .1419 |  .0 |
|  .0 |  .0 |  .0 ||  .0 |  .0 |  .0 ||  .1393 |  .1672 |  .0 |
|  .0 |  .0 |  .0 ||  .0 |  .0 |  .0 ||  .3918 |  .1598 |  .0 |
|========+========+========||========+========+========||========+========+========|
|  .0 |  .0 |  .0 ||  .0 |  .0 |  .0 ||  .0 |  .0 |  .0 |
|  .0 |  .0 |  .0 ||  .0 |  .0 |  .0 ||  .0 |  .0 |  .0 |
|  .0 |  .0 |  .0 ||  .0 |  .0 |  .0 ||  .0 |  .0 |  .0 |
|========+========+========||========+========+========||========+========+========|
|  .0 |  .0 |  .0 ||  .0 |  .0 |  .0 ||  .0 |  .0 |  .0 |
|  .0 |  .0 |  .0 ||  .0 |  .0 |  .0 ||  .0 |  .0 |  .0 |
|  .0 |  .0 |  .0 ||  .0 |  .0 |  .0 ||  .0 |  .0 |  .0 |

, state=
|  0. |  0. | -1. ||  0. |  0. |  0. ||* 1. |* 0. |*-1. |
|  0. |  0. |  0. ||  0. |  0. |  0. ||* 0. |* 0. |* 1. |
|  0. |  0. |  0. ||  1. |  0. |  0. ||* 0. |* 0. |* 1. |
|=====+=====+=====||=====+=====+=====||=====+=====+=====|
|  0. |  0. |  0. ||  0. |  0. | -1. ||  0. |  0. |  0. |
|  0. |  0. |  0. ||  1. |  1. | -1. ||  0. | -1. |  0. |
|  1. | -1. |  0. ||  1. |  0. |  0. ||  0. |  0. |  1. |
|=====+=====+=====||=====+=====+=====||=====+=====+=====|
|  0. | -1. |  1. ||  0. |  0. |  0. ||  0. |  0. | -1. |
|  0. | -1. |  0. ||  0. |  1. |  0. || -1. |  0. |  0. |
| -1. | -1. |  0. ||  1. |  0. |  0. ||  0. |  0. |  0. |

, evalForThisState=1.0, isPlayerOneTurnOriginally=true}, StateDatum{MCTSProbabilites=
|  .0172 |  .0178 |  .0 ||  .0165 |  .019 |  .0152 ||  .0 |  .0264 |  .0 |
|  .0134 |  .0141 |  .0136 ||  .0057 |  .025 |  .0168 ||  .0291 |  .0159 |  .0 |
|  .014 |  .0164 |  .0143 ||  .0 |  .0116 |  .0216 ||  .0 |  .0084 |  .0 |
|========+========+========||========+========+========||========+========+========|
|  .0241 |  .0188 |  .0127 ||  .019 |  .0182 |  .0 ||  .0436 |  .0355 |  .0116 |
|  .0196 |  .0198 |  .0122 ||  .0 |  .0 |  .0 ||  .0126 |  .0 |  .0193 |
|  .0 |  .0 |  .0206 ||  .0 |  .0145 |  .0306 ||  .0202 |  .0148 |  .0 |
|========+========+========||========+========+========||========+========+========|
|  .0 |  .0 |  .0 ||  .023 |  .0252 |  .019 ||  .0207 |  .0215 |  .0 |
|  .0 |  .0 |  .0 ||  .0081 |  .0 |  .023 ||  .0 |  .0445 |  .0121 |
|  .0 |  .0 |  .0 ||  .0 |  .011 |  .0305 ||  .0195 |  .0209 |  .0216 |

, state=
|*-0. |*-0. |* 1. ||*-0. |*-0. |*-0. ||*-1. |*-0. |* 1. |
|*-0. |*-0. |*-0. ||*-0. |*-0. |*-0. ||*-0. |*-0. |*-1. |
|*-0. |*-0. |*-0. ||*-1. |*-0. |*-0. ||*-1. |*-0. |*-1. |
|=====+=====+=====||=====+=====+=====||=====+=====+=====|
|*-0. |*-0. |*-0. ||*-0. |*-0. |* 1. ||*-0. |*-0. |*-0. |
|*-0. |*-0. |*-0. ||*-1. |*-1. |* 1. ||*-0. |* 1. |*-0. |
|*-1. |* 1. |*-0. ||*-1. |*-0. |*-0. ||*-0. |*-0. |*-1. |
|=====+=====+=====||=====+=====+=====||=====+=====+=====|
| -0. |  1. | -1. ||*-0. |*-0. |*-0. ||*-0. |*-0. |* 1. |
| -0. |  1. | -0. ||*-0. |*-1. |*-0. ||* 1. |*-0. |*-0. |
|  1. |  1. | -0. ||*-1. |*-0. |*-0. ||*-0. |*-0. |*-0. |

, evalForThisState=-1.0, isPlayerOneTurnOriginally=false}, StateDatum{MCTSProbabilites=
|  .0 |  .0 |  .0 ||  .0 |  .0 |  .0 ||  .0 |  .0 |  .0 |
|  .0 |  .0 |  .0 ||  .0 |  .0 |  .0 ||  .0 |  .0 |  .0 |
|  .0 |  .0 |  .0 ||  .0 |  .0 |  .0 ||  .0 |  .0 |  .0 |
|========+========+========||========+========+========||========+========+========|
|  .0 |  .0 |  .0 ||  .3282 |  .1664 |  .0 ||  .0 |  .0 |  .0 |
|  .0 |  .0 |  .0 ||  .0 |  .0 |  .0 ||  .0 |  .0 |  .0 |
|  .0 |  .0 |  .0 ||  .0 |  .1859 |  .3195 ||  .0 |  .0 |  .0 |
|========+========+========||========+========+========||========+========+========|
|  .0 |  .0 |  .0 ||  .0 |  .0 |  .0 ||  .0 |  .0 |  .0 |
|  .0 |  .0 |  .0 ||  .0 |  .0 |  .0 ||  .0 |  .0 |  .0 |
|  .0 |  .0 |  .0 ||  .0 |  .0 |  .0 ||  .0 |  .0 |  .0 |

, state=
|  0. |  0. | -1. ||  0. |  0. |  0. ||  1. |  0. | -1. |
|  0. |  0. |  0. ||  0. |  0. |  0. ||  0. |  0. |  1. |
|  0. |  0. |  0. ||  1. |  0. |  0. ||  1. |  0. |  1. |
|=====+=====+=====||=====+=====+=====||=====+=====+=====|
|  0. |  0. |  0. ||* 0. |* 0. |*-1. ||  0. |  0. |  0. |
|  0. |  0. |  0. ||* 1. |* 1. |*-1. ||  0. | -1. |  0. |
|  1. | -1. |  0. ||* 1. |* 0. |* 0. ||  0. |  0. |  1. |
|=====+=====+=====||=====+=====+=====||=====+=====+=====|
|  0. | -1. |  1. ||  0. |  0. |  0. ||  0. |  0. | -1. |
|  0. | -1. |  0. ||  0. |  1. |  0. || -1. | -1. |  0. |
| -1. | -1. |  0. ||  1. |  0. |  0. ||  0. |  0. |  0. |

, evalForThisState=1.0, isPlayerOneTurnOriginally=true}, StateDatum{MCTSProbabilites=
|  .2341 |  .1397 |  .0 ||  .0 |  .0 |  .0 ||  .0 |  .0 |  .0 |
|  .0976 |  .0388 |  .2298 ||  .0 |  .0 |  .0 ||  .0 |  .0 |  .0 |
|  .0368 |  .1515 |  .0717 ||  .0 |  .0 |  .0 ||  .0 |  .0 |  .0 |
|========+========+========||========+========+========||========+========+========|
|  .0 |  .0 |  .0 ||  .0 |  .0 |  .0 ||  .0 |  .0 |  .0 |
|  .0 |  .0 |  .0 ||  .0 |  .0 |  .0 ||  .0 |  .0 |  .0 |
|  .0 |  .0 |  .0 ||  .0 |  .0 |  .0 ||  .0 |  .0 |  .0 |
|========+========+========||========+========+========||========+========+========|
|  .0 |  .0 |  .0 ||  .0 |  .0 |  .0 ||  .0 |  .0 |  .0 |
|  .0 |  .0 |  .0 ||  .0 |  .0 |  .0 ||  .0 |  .0 |  .0 |
|  .0 |  .0 |  .0 ||  .0 |  .0 |  .0 ||  .0 |  .0 |  .0 |

, state=
|*-0. |*-0. |* 1. || -0. | -0. | -0. || -1. | -0. |  1. |
|*-0. |*-0. |*-0. || -0. | -0. | -0. || -0. | -0. | -1. |
|*-0. |*-0. |*-0. || -1. | -0. | -0. || -1. | -0. | -1. |
|=====+=====+=====||=====+=====+=====||=====+=====+=====|
| -0. | -0. | -0. || -1. | -0. |  1. || -0. | -0. | -0. |
| -0. | -0. | -0. || -1. | -1. |  1. || -0. |  1. | -0. |
| -1. |  1. | -0. || -1. | -0. | -0. || -0. | -0. | -1. |
|=====+=====+=====||=====+=====+=====||=====+=====+=====|
| -0. |  1. | -1. || -0. | -0. | -0. || -0. | -0. |  1. |
| -0. |  1. | -0. || -0. | -1. | -0. ||  1. |  1. | -0. |
|  1. |  1. | -0. || -1. | -0. | -0. || -0. | -0. | -0. |

, evalForThisState=-1.0, isPlayerOneTurnOriginally=false}, StateDatum{MCTSProbabilites=
|  .0 |  .0903 |  .0 ||  .0 |  .0 |  .0 ||  .0 |  .0 |  .0 |
|  .1676 |  .1175 |  .1377 ||  .0 |  .0 |  .0 ||  .0 |  .0 |  .0 |
|  .1391 |  .1825 |  .1654 ||  .0 |  .0 |  .0 ||  .0 |  .0 |  .0 |
|========+========+========||========+========+========||========+========+========|
|  .0 |  .0 |  .0 ||  .0 |  .0 |  .0 ||  .0 |  .0 |  .0 |
|  .0 |  .0 |  .0 ||  .0 |  .0 |  .0 ||  .0 |  .0 |  .0 |
|  .0 |  .0 |  .0 ||  .0 |  .0 |  .0 ||  .0 |  .0 |  .0 |
|========+========+========||========+========+========||========+========+========|
|  .0 |  .0 |  .0 ||  .0 |  .0 |  .0 ||  .0 |  .0 |  .0 |
|  .0 |  .0 |  .0 ||  .0 |  .0 |  .0 ||  .0 |  .0 |  .0 |
|  .0 |  .0 |  .0 ||  .0 |  .0 |  .0 ||  .0 |  .0 |  .0 |

, state=
|*-1. |* 0. |*-1. ||  0. |  0. |  0. ||  1. |  0. | -1. |
|* 0. |* 0. |* 0. ||  0. |  0. |  0. ||  0. |  0. |  1. |
|* 0. |* 0. |* 0. ||  1. |  0. |  0. ||  1. |  0. |  1. |
|=====+=====+=====||=====+=====+=====||=====+=====+=====|
|  0. |  0. |  0. ||  1. |  0. | -1. ||  0. |  0. |  0. |
|  0. |  0. |  0. ||  1. |  1. | -1. ||  0. | -1. |  0. |
|  1. | -1. |  0. ||  1. |  0. |  0. ||  0. |  0. |  1. |
|=====+=====+=====||=====+=====+=====||=====+=====+=====|
|  0. | -1. |  1. ||  0. |  0. |  0. ||  0. |  0. | -1. |
|  0. | -1. |  0. ||  0. |  1. |  0. || -1. | -1. |  0. |
| -1. | -1. |  0. ||  1. |  0. |  0. ||  0. |  0. |  0. |

, evalForThisState=1.0, isPlayerOneTurnOriginally=true}, StateDatum{MCTSProbabilites=
|  .0 |  .0 |  .0 ||  .0 |  .0 |  .0 ||  .0 |  .0 |  .0 |
|  .0 |  .0 |  .0 ||  .0 |  .0 |  .0 ||  .0 |  .0 |  .0 |
|  .0 |  .0 |  .0 ||  .0 |  .0 |  .0 ||  .0 |  .0 |  .0 |
|========+========+========||========+========+========||========+========+========|
|  .0 |  .0 |  .0 ||  .0 |  .0 |  .0 ||  .0 |  .0 |  .0 |
|  .0 |  .0 |  .0 ||  .0 |  .0 |  .0 ||  .0 |  .0 |  .0 |
|  .0 |  .0 |  .0 ||  .0 |  .0 |  .0 ||  .0 |  .0 |  .0 |
|========+========+========||========+========+========||========+========+========|
|  .0 |  .0 |  .0 ||  .1297 |  .1621 |  .1429 ||  .0 |  .0 |  .0 |
|  .0 |  .0 |  .0 ||  .1309 |  .0 |  .1512 ||  .0 |  .0 |  .0 |
|  .0 |  .0 |  .0 ||  .0 |  .1357 |  .1476 ||  .0 |  .0 |  .0 |

, state=
|  1. | -0. |  1. || -0. | -0. | -0. || -1. | -0. |  1. |
| -0. | -0. | -0. || -0. | -0. | -0. || -0. | -0. | -1. |
| -0. | -1. | -0. || -1. | -0. | -0. || -1. | -0. | -1. |
|=====+=====+=====||=====+=====+=====||=====+=====+=====|
| -0. | -0. | -0. || -1. | -0. |  1. || -0. | -0. | -0. |
| -0. | -0. | -0. || -1. | -1. |  1. || -0. |  1. | -0. |
| -1. |  1. | -0. || -1. | -0. | -0. || -0. | -0. | -1. |
|=====+=====+=====||=====+=====+=====||=====+=====+=====|
| -0. |  1. | -1. ||*-0. |*-0. |*-0. || -0. | -0. |  1. |
| -0. |  1. | -0. ||*-0. |*-1. |*-0. ||  1. |  1. | -0. |
|  1. |  1. | -0. ||*-1. |*-0. |*-0. || -0. | -0. | -0. |

, evalForThisState=-1.0, isPlayerOneTurnOriginally=false}, StateDatum{MCTSProbabilites=
|  .0 |  .0 |  .0 ||  .0979 |  .0666 |  .2134 ||  .0 |  .0 |  .0 |
|  .0 |  .0 |  .0 ||  .0938 |  .1184 |  .0768 ||  .0 |  .0 |  .0 |
|  .0 |  .0 |  .0 ||  .0 |  .1424 |  .1906 ||  .0 |  .0 |  .0 |
|========+========+========||========+========+========||========+========+========|
|  .0 |  .0 |  .0 ||  .0 |  .0 |  .0 ||  .0 |  .0 |  .0 |
|  .0 |  .0 |  .0 ||  .0 |  .0 |  .0 ||  .0 |  .0 |  .0 |
|  .0 |  .0 |  .0 ||  .0 |  .0 |  .0 ||  .0 |  .0 |  .0 |
|========+========+========||========+========+========||========+========+========|
|  .0 |  .0 |  .0 ||  .0 |  .0 |  .0 ||  .0 |  .0 |  .0 |
|  .0 |  .0 |  .0 ||  .0 |  .0 |  .0 ||  .0 |  .0 |  .0 |
|  .0 |  .0 |  .0 ||  .0 |  .0 |  .0 ||  .0 |  .0 |  .0 |

, state=
| -1. |  0. | -1. ||* 0. |* 0. |* 0. ||  1. |  0. | -1. |
|  0. |  0. |  0. ||* 0. |* 0. |* 0. ||  0. |  0. |  1. |
|  0. |  1. |  0. ||* 1. |* 0. |* 0. ||  1. |  0. |  1. |
|=====+=====+=====||=====+=====+=====||=====+=====+=====|
|  0. |  0. |  0. ||  1. |  0. | -1. ||  0. |  0. |  0. |
|  0. |  0. |  0. ||  1. |  1. | -1. ||  0. | -1. |  0. |
|  1. | -1. |  0. ||  1. |  0. |  0. ||  0. |  0. |  1. |
|=====+=====+=====||=====+=====+=====||=====+=====+=====|
|  0. | -1. |  1. ||  0. | -1. |  0. ||  0. |  0. | -1. |
|  0. | -1. |  0. ||  0. |  1. |  0. || -1. | -1. |  0. |
| -1. | -1. |  0. ||  1. |  0. |  0. ||  0. |  0. |  0. |

, evalForThisState=1.0, isPlayerOneTurnOriginally=true}, StateDatum{MCTSProbabilites=
|  .0 |  .0 |  .0 ||  .0 |  .0 |  .0 ||  .0 |  .6447 |  .0 |
|  .0 |  .0 |  .0 ||  .0 |  .0 |  .0 ||  .216 |  .0342 |  .0 |
|  .0 |  .0 |  .0 ||  .0 |  .0 |  .0 ||  .0 |  .1051 |  .0 |
|========+========+========||========+========+========||========+========+========|
|  .0 |  .0 |  .0 ||  .0 |  .0 |  .0 ||  .0 |  .0 |  .0 |
|  .0 |  .0 |  .0 ||  .0 |  .0 |  .0 ||  .0 |  .0 |  .0 |
|  .0 |  .0 |  .0 ||  .0 |  .0 |  .0 ||  .0 |  .0 |  .0 |
|========+========+========||========+========+========||========+========+========|
|  .0 |  .0 |  .0 ||  .0 |  .0 |  .0 ||  .0 |  .0 |  .0 |
|  .0 |  .0 |  .0 ||  .0 |  .0 |  .0 ||  .0 |  .0 |  .0 |
|  .0 |  .0 |  .0 ||  .0 |  .0 |  .0 ||  .0 |  .0 |  .0 |

, state=
|  1. | -0. |  1. || -0. | -0. | -1. ||*-1. |*-0. |* 1. |
| -0. | -0. | -0. || -0. | -0. | -0. ||*-0. |*-0. |*-1. |
| -0. | -1. | -0. || -1. | -0. | -0. ||*-1. |*-0. |*-1. |
|=====+=====+=====||=====+=====+=====||=====+=====+=====|
| -0. | -0. | -0. || -1. | -0. |  1. || -0. | -0. | -0. |
| -0. | -0. | -0. || -1. | -1. |  1. || -0. |  1. | -0. |
| -1. |  1. | -0. || -1. | -0. | -0. || -0. | -0. | -1. |
|=====+=====+=====||=====+=====+=====||=====+=====+=====|
| -0. |  1. | -1. || -0. |  1. | -0. || -0. | -0. |  1. |
| -0. |  1. | -0. || -0. | -1. | -0. ||  1. |  1. | -0. |
|  1. |  1. | -0. || -1. | -0. | -0. || -0. | -0. | -0. |

, evalForThisState=-1.0, isPlayerOneTurnOriginally=false}, StateDatum{MCTSProbabilites=
|  .0 |  .0 |  .0 ||  .0397 |  .0313 |  .0 ||  .0 |  .0 |  .0 |
|  .0 |  .0 |  .0 ||  .0423 |  .8004 |  .033 ||  .0 |  .0 |  .0 |
|  .0 |  .0 |  .0 ||  .0 |  .023 |  .0303 ||  .0 |  .0 |  .0 |
|========+========+========||========+========+========||========+========+========|
|  .0 |  .0 |  .0 ||  .0 |  .0 |  .0 ||  .0 |  .0 |  .0 |
|  .0 |  .0 |  .0 ||  .0 |  .0 |  .0 ||  .0 |  .0 |  .0 |
|  .0 |  .0 |  .0 ||  .0 |  .0 |  .0 ||  .0 |  .0 |  .0 |
|========+========+========||========+========+========||========+========+========|
|  .0 |  .0 |  .0 ||  .0 |  .0 |  .0 ||  .0 |  .0 |  .0 |
|  .0 |  .0 |  .0 ||  .0 |  .0 |  .0 ||  .0 |  .0 |  .0 |
|  .0 |  .0 |  .0 ||  .0 |  .0 |  .0 ||  .0 |  .0 |  .0 |

, state=
| -1. |  0. | -1. ||* 0. |* 0. |* 1. ||  1. | -1. | -1. |
|  0. |  0. |  0. ||* 0. |* 0. |* 0. ||  0. |  0. |  1. |
|  0. |  1. |  0. ||* 1. |* 0. |* 0. ||  1. |  0. |  1. |
|=====+=====+=====||=====+=====+=====||=====+=====+=====|
|  0. |  0. |  0. ||  1. |  0. | -1. ||  0. |  0. |  0. |
|  0. |  0. |  0. ||  1. |  1. | -1. ||  0. | -1. |  0. |
|  1. | -1. |  0. ||  1. |  0. |  0. ||  0. |  0. |  1. |
|=====+=====+=====||=====+=====+=====||=====+=====+=====|
|  0. | -1. |  1. ||  0. | -1. |  0. ||  0. |  0. | -1. |
|  0. | -1. |  0. ||  0. |  1. |  0. || -1. | -1. |  0. |
| -1. | -1. |  0. ||  1. |  0. |  0. ||  0. |  0. |  0. |

, evalForThisState=1.0, isPlayerOneTurnOriginally=true}, StateDatum{MCTSProbabilites=
|  .0 |  .0199 |  .0 ||  .0 |  .0 |  .0 ||  .0 |  .0 |  .0 |
|  .0189 |  .029 |  .0103 ||  .0 |  .0 |  .0 ||  .0472 |  .0008 |  .0 |
|  .0318 |  .0 |  .0309 ||  .0 |  .0 |  .0 ||  .0 |  .0043 |  .0 |
|========+========+========||========+========+========||========+========+========|
|  .038 |  .0005 |  .0537 ||  .0 |  .0 |  .0 ||  .0003 |  .0197 |  .037 |
|  .0228 |  .0489 |  .0151 ||  .0 |  .0 |  .0 ||  .0481 |  .0 |  .0359 |
|  .0 |  .0 |  .0112 ||  .0 |  .0 |  .0 ||  .0354 |  .0221 |  .0 |
|========+========+========||========+========+========||========+========+========|
|  .0 |  .0 |  .0 ||  .0398 |  .0 |  .0882 ||  .0659 |  .0326 |  .0 |
|  .0 |  .0 |  .0 ||  .0194 |  .0 |  .0372 ||  .0 |  .0 |  .0295 |
|  .0 |  .0 |  .0 ||  .0 |  .0303 |  .0349 ||  .0004 |  .0114 |  .0288 |

, state=
|* 1. |*-0. |* 1. || -0. | -0. | -1. ||*-1. |* 1. |* 1. |
|*-0. |*-0. |*-0. || -0. | -1. | -0. ||*-0. |*-0. |*-1. |
|*-0. |*-1. |*-0. || -1. | -0. | -0. ||*-1. |*-0. |*-1. |
|=====+=====+=====||=====+=====+=====||=====+=====+=====|
|*-0. |*-0. |*-0. || -1. | -0. |  1. ||*-0. |*-0. |*-0. |
|*-0. |*-0. |*-0. || -1. | -1. |  1. ||*-0. |* 1. |*-0. |
|*-1. |* 1. |*-0. || -1. | -0. | -0. ||*-0. |*-0. |*-1. |
|=====+=====+=====||=====+=====+=====||=====+=====+=====|
| -0. |  1. | -1. ||*-0. |* 1. |*-0. ||*-0. |*-0. |* 1. |
| -0. |  1. | -0. ||*-0. |*-1. |*-0. ||* 1. |* 1. |*-0. |
|  1. |  1. | -0. ||*-1. |*-0. |*-0. ||*-0. |*-0. |*-0. |

, evalForThisState=-1.0, isPlayerOneTurnOriginally=false}, StateDatum{MCTSProbabilites=
|  .0 |  .0 |  .0 ||  .0 |  .0 |  .0 ||  .0 |  .0 |  .0 |
|  .0 |  .0 |  .0 ||  .0 |  .0 |  .0 ||  .4229 |  .2027 |  .0 |
|  .0 |  .0 |  .0 ||  .0 |  .0 |  .0 ||  .0 |  .3744 |  .0 |
|========+========+========||========+========+========||========+========+========|
|  .0 |  .0 |  .0 ||  .0 |  .0 |  .0 ||  .0 |  .0 |  .0 |
|  .0 |  .0 |  .0 ||  .0 |  .0 |  .0 ||  .0 |  .0 |  .0 |
|  .0 |  .0 |  .0 ||  .0 |  .0 |  .0 ||  .0 |  .0 |  .0 |
|========+========+========||========+========+========||========+========+========|
|  .0 |  .0 |  .0 ||  .0 |  .0 |  .0 ||  .0 |  .0 |  .0 |
|  .0 |  .0 |  .0 ||  .0 |  .0 |  .0 ||  .0 |  .0 |  .0 |
|  .0 |  .0 |  .0 ||  .0 |  .0 |  .0 ||  .0 |  .0 |  .0 |

, state=
| -1. |  0. | -1. ||  0. |  0. |  1. ||* 1. |*-1. |*-1. |
|  0. |  0. |  0. ||  0. |  1. |  0. ||* 0. |* 0. |* 1. |
|  0. |  1. |  0. ||  1. |  0. |  0. ||* 1. |* 0. |* 1. |
|=====+=====+=====||=====+=====+=====||=====+=====+=====|
|  0. |  0. |  0. ||  1. |  0. | -1. ||  0. |  0. |  0. |
|  0. |  0. |  0. ||  1. |  1. | -1. ||  0. | -1. |  0. |
|  1. | -1. |  0. ||  1. |  0. |  0. ||  0. |  0. |  1. |
|=====+=====+=====||=====+=====+=====||=====+=====+=====|
|  0. | -1. |  1. ||  0. | -1. | -1. ||  0. |  0. | -1. |
|  0. | -1. |  0. ||  0. |  1. |  0. || -1. | -1. |  0. |
| -1. | -1. |  0. ||  1. |  0. |  0. ||  0. |  0. |  0. |

, evalForThisState=1.0, isPlayerOneTurnOriginally=true}, StateDatum{MCTSProbabilites=
|  .0 |  .0 |  .0 ||  .0 |  .0 |  .0 ||  .0 |  .0 |  .0 |
|  .0 |  .0 |  .0 ||  .0 |  .0 |  .0 ||  .0 |  .0 |  .0 |
|  .0 |  .0 |  .0 ||  .0 |  .0 |  .0 ||  .0 |  .0 |  .0 |
|========+========+========||========+========+========||========+========+========|
|  .854 |  .0141 |  .0119 ||  .0 |  .0 |  .0 ||  .0 |  .0 |  .0 |
|  .017 |  .0469 |  .0286 ||  .0 |  .0 |  .0 ||  .0 |  .0 |  .0 |
|  .0 |  .0 |  .0276 ||  .0 |  .0 |  .0 ||  .0 |  .0 |  .0 |
|========+========+========||========+========+========||========+========+========|
|  .0 |  .0 |  .0 ||  .0 |  .0 |  .0 ||  .0 |  .0 |  .0 |
|  .0 |  .0 |  .0 ||  .0 |  .0 |  .0 ||  .0 |  .0 |  .0 |
|  .0 |  .0 |  .0 ||  .0 |  .0 |  .0 ||  .0 |  .0 |  .0 |

, state=
|  1. | -0. |  1. || -0. | -0. | -1. || -1. |  1. |  1. |
| -0. | -0. | -0. || -0. | -1. | -0. || -1. | -0. | -1. |
| -0. | -1. | -0. || -1. | -0. | -0. || -1. | -0. | -1. |
|=====+=====+=====||=====+=====+=====||=====+=====+=====|
|*-0. |*-0. |*-0. || -1. | -0. |  1. || -0. | -0. | -0. |
|*-0. |*-0. |*-0. || -1. | -1. |  1. || -0. |  1. | -0. |
|*-1. |* 1. |*-0. || -1. | -0. | -0. || -0. | -0. | -1. |
|=====+=====+=====||=====+=====+=====||=====+=====+=====|
| -0. |  1. | -1. || -0. |  1. |  1. || -0. | -0. |  1. |
| -0. |  1. | -0. || -0. | -1. | -0. ||  1. |  1. | -0. |
|  1. |  1. | -0. || -1. | -0. | -0. || -0. | -0. | -0. |

, evalForThisState=-1.0, isPlayerOneTurnOriginally=false}, StateDatum{MCTSProbabilites=
|  .0 |  .0144 |  .0 ||  .0 |  .0 |  .0 ||  .0 |  .0 |  .0 |
|  .0008 |  .0236 |  .0026 ||  .0 |  .0 |  .0 ||  .0 |  .0 |  .0 |
|  .0072 |  .0 |  .9514 ||  .0 |  .0 |  .0 ||  .0 |  .0 |  .0 |
|========+========+========||========+========+========||========+========+========|
|  .0 |  .0 |  .0 ||  .0 |  .0 |  .0 ||  .0 |  .0 |  .0 |
|  .0 |  .0 |  .0 ||  .0 |  .0 |  .0 ||  .0 |  .0 |  .0 |
|  .0 |  .0 |  .0 ||  .0 |  .0 |  .0 ||  .0 |  .0 |  .0 |
|========+========+========||========+========+========||========+========+========|
|  .0 |  .0 |  .0 ||  .0 |  .0 |  .0 ||  .0 |  .0 |  .0 |
|  .0 |  .0 |  .0 ||  .0 |  .0 |  .0 ||  .0 |  .0 |  .0 |
|  .0 |  .0 |  .0 ||  .0 |  .0 |  .0 ||  .0 |  .0 |  .0 |

, state=
|*-1. |* 0. |*-1. ||  0. |  0. |  1. ||  1. | -1. | -1. |
|* 0. |* 0. |* 0. ||  0. |  1. |  0. ||  1. |  0. |  1. |
|* 0. |* 1. |* 0. ||  1. |  0. |  0. ||  1. |  0. |  1. |
|=====+=====+=====||=====+=====+=====||=====+=====+=====|
| -1. |  0. |  0. ||  1. |  0. | -1. ||  0. |  0. |  0. |
|  0. |  0. |  0. ||  1. |  1. | -1. ||  0. | -1. |  0. |
|  1. | -1. |  0. ||  1. |  0. |  0. ||  0. |  0. |  1. |
|=====+=====+=====||=====+=====+=====||=====+=====+=====|
|  0. | -1. |  1. ||  0. | -1. | -1. ||  0. |  0. | -1. |
|  0. | -1. |  0. ||  0. |  1. |  0. || -1. | -1. |  0. |
| -1. | -1. |  0. ||  1. |  0. |  0. ||  0. |  0. |  0. |

, evalForThisState=1.0, isPlayerOneTurnOriginally=true}, StateDatum{MCTSProbabilites=
|  .0 |  .0 |  .0 ||  .0 |  .0 |  .0 ||  .0 |  .0 |  .0 |
|  .0 |  .0 |  .0 ||  .0 |  .0 |  .0 ||  .0 |  .0 |  .0 |
|  .0 |  .0 |  .0 ||  .0 |  .0 |  .0 ||  .0 |  .0 |  .0 |
|========+========+========||========+========+========||========+========+========|
|  .0 |  .0 |  .0 ||  .0 |  .0 |  .0 ||  .0 |  .0 |  .0 |
|  .0 |  .0 |  .0 ||  .0 |  .0 |  .0 ||  .0 |  .0 |  .0 |
|  .0 |  .0 |  .0 ||  .0 |  .0 |  .0 ||  .0 |  .0 |  .0 |
|========+========+========||========+========+========||========+========+========|
|  .0 |  .0 |  .0 ||  .0 |  .0 |  .0 ||  .0006 |  .0019 |  .0 |
|  .0 |  .0 |  .0 ||  .0 |  .0 |  .0 ||  .0 |  .0 |  .9944 |
|  .0 |  .0 |  .0 ||  .0 |  .0 |  .0 ||  .0014 |  .0006 |  .0012 |

, state=
|  1. | -0. |  1. || -0. | -0. | -1. || -1. |  1. |  1. |
| -0. | -0. | -0. || -0. | -1. | -0. || -1. | -0. | -1. |
| -0. | -1. | -1. || -1. | -0. | -0. || -1. | -0. | -1. |
|=====+=====+=====||=====+=====+=====||=====+=====+=====|
|  1. | -0. | -0. || -1. | -0. |  1. || -0. | -0. | -0. |
| -0. | -0. | -0. || -1. | -1. |  1. || -0. |  1. | -0. |
| -1. |  1. | -0. || -1. | -0. | -0. || -0. | -0. | -1. |
|=====+=====+=====||=====+=====+=====||=====+=====+=====|
| -0. |  1. | -1. || -0. |  1. |  1. ||*-0. |*-0. |* 1. |
| -0. |  1. | -0. || -0. | -1. | -0. ||* 1. |* 1. |*-0. |
|  1. |  1. | -0. || -1. | -0. | -0. ||*-0. |*-0. |*-0. |

, evalForThisState=-1.0, isPlayerOneTurnOriginally=false}, StateDatum{MCTSProbabilites=
|  .0 |  .0 |  .0 ||  .0 |  .0 |  .0 ||  .0 |  .0 |  .0 |
|  .0 |  .0 |  .0 ||  .0 |  .0 |  .0 ||  .0 |  .0 |  .0 |
|  .0 |  .0 |  .0 ||  .0 |  .0 |  .0 ||  .0 |  .0 |  .0 |
|========+========+========||========+========+========||========+========+========|
|  .0 |  .0 |  .0 ||  .0 |  .0 |  .0 ||  .0004 |  .0005 |  .0008 |
|  .0 |  .0 |  .0 ||  .0 |  .0 |  .0 ||  .0009 |  .0 |  .9961 |
|  .0 |  .0 |  .0 ||  .0 |  .0 |  .0 ||  .0008 |  .0005 |  .0 |
|========+========+========||========+========+========||========+========+========|
|  .0 |  .0 |  .0 ||  .0 |  .0 |  .0 ||  .0 |  .0 |  .0 |
|  .0 |  .0 |  .0 ||  .0 |  .0 |  .0 ||  .0 |  .0 |  .0 |
|  .0 |  .0 |  .0 ||  .0 |  .0 |  .0 ||  .0 |  .0 |  .0 |

, state=
| -1. |  0. | -1. ||  0. |  0. |  1. ||  1. | -1. | -1. |
|  0. |  0. |  0. ||  0. |  1. |  0. ||  1. |  0. |  1. |
|  0. |  1. |  1. ||  1. |  0. |  0. ||  1. |  0. |  1. |
|=====+=====+=====||=====+=====+=====||=====+=====+=====|
| -1. |  0. |  0. ||  1. |  0. | -1. ||* 0. |* 0. |* 0. |
|  0. |  0. |  0. ||  1. |  1. | -1. ||* 0. |*-1. |* 0. |
|  1. | -1. |  0. ||  1. |  0. |  0. ||* 0. |* 0. |* 1. |
|=====+=====+=====||=====+=====+=====||=====+=====+=====|
|  0. | -1. |  1. ||  0. | -1. | -1. ||  0. |  0. | -1. |
|  0. | -1. |  0. ||  0. |  1. |  0. || -1. | -1. | -1. |
| -1. | -1. |  0. ||  1. |  0. |  0. ||  0. |  0. |  0. |

, evalForThisState=1.0, isPlayerOneTurnOriginally=true}, StateDatum{MCTSProbabilites=
|  .0 |  .0 |  .0 ||  .0 |  .0 |  .0 ||  .0 |  .0 |  .0 |
|  .0 |  .0 |  .0 ||  .0 |  .0 |  .0 ||  .0 |  .0 |  .0 |
|  .0 |  .0 |  .0 ||  .0 |  .0 |  .0 ||  .0 |  .0 |  .0 |
|========+========+========||========+========+========||========+========+========|
|  .0 |  .0 |  .0 ||  .0 |  .0 |  .0 ||  .0007 |  .0005 |  .0008 |
|  .0 |  .0 |  .0 ||  .0 |  .0 |  .0 ||  .997 |  .0 |  .0 |
|  .0 |  .0 |  .0 ||  .0 |  .0 |  .0 ||  .0009 |  .0001 |  .0 |
|========+========+========||========+========+========||========+========+========|
|  .0 |  .0 |  .0 ||  .0 |  .0 |  .0 ||  .0 |  .0 |  .0 |
|  .0 |  .0 |  .0 ||  .0 |  .0 |  .0 ||  .0 |  .0 |  .0 |
|  .0 |  .0 |  .0 ||  .0 |  .0 |  .0 ||  .0 |  .0 |  .0 |

, state=
|  1. | -0. |  1. || -0. | -0. | -1. || -1. |  1. |  1. |
| -0. | -0. | -0. || -0. | -1. | -0. || -1. | -0. | -1. |
| -0. | -1. | -1. || -1. | -0. | -0. || -1. | -0. | -1. |
|=====+=====+=====||=====+=====+=====||=====+=====+=====|
|  1. | -0. | -0. || -1. | -0. |  1. ||*-0. |*-0. |*-0. |
| -0. | -0. | -0. || -1. | -1. |  1. ||*-0. |* 1. |*-1. |
| -1. |  1. | -0. || -1. | -0. | -0. ||*-0. |*-0. |*-1. |
|=====+=====+=====||=====+=====+=====||=====+=====+=====|
| -0. |  1. | -1. || -0. |  1. |  1. || -0. | -0. |  1. |
| -0. |  1. | -0. || -0. | -1. | -0. ||  1. |  1. |  1. |
|  1. |  1. | -0. || -1. | -0. | -0. || -0. | -0. | -0. |

, evalForThisState=-1.0, isPlayerOneTurnOriginally=false}, StateDatum{MCTSProbabilites=
|  .0 |  .0 |  .0 ||  .0 |  .0 |  .0 ||  .0 |  .0 |  .0 |
|  .0 |  .0 |  .0 ||  .0 |  .0 |  .0 ||  .0 |  .0 |  .0 |
|  .0 |  .0 |  .0 ||  .0 |  .0 |  .0 ||  .0 |  .0 |  .0 |
|========+========+========||========+========+========||========+========+========|
|  .0 |  .0001 |  .0001 ||  .0 |  .0 |  .0 ||  .0 |  .0 |  .0 |
|  .0001 |  .0 |  .9997 ||  .0 |  .0 |  .0 ||  .0 |  .0 |  .0 |
|  .0 |  .0 |  .0 ||  .0 |  .0 |  .0 ||  .0 |  .0 |  .0 |
|========+========+========||========+========+========||========+========+========|
|  .0 |  .0 |  .0 ||  .0 |  .0 |  .0 ||  .0 |  .0 |  .0 |
|  .0 |  .0 |  .0 ||  .0 |  .0 |  .0 ||  .0 |  .0 |  .0 |
|  .0 |  .0 |  .0 ||  .0 |  .0 |  .0 ||  .0 |  .0 |  .0 |

, state=
| -1. |  0. | -1. ||  0. |  0. |  1. ||  1. | -1. | -1. |
|  0. |  0. |  0. ||  0. |  1. |  0. ||  1. |  0. |  1. |
|  0. |  1. |  1. ||  1. |  0. |  0. ||  1. |  0. |  1. |
|=====+=====+=====||=====+=====+=====||=====+=====+=====|
|*-1. |* 0. |* 0. ||  1. |  0. | -1. ||  0. |  0. |  0. |
|* 0. |* 0. |* 0. ||  1. |  1. | -1. || -1. | -1. |  1. |
|* 1. |*-1. |* 0. ||  1. |  0. |  0. ||  0. |  0. |  1. |
|=====+=====+=====||=====+=====+=====||=====+=====+=====|
|  0. | -1. |  1. ||  0. | -1. | -1. ||  0. |  0. | -1. |
|  0. | -1. |  0. ||  0. |  1. |  0. || -1. | -1. | -1. |
| -1. | -1. |  0. ||  1. |  0. |  0. ||  0. |  0. |  0. |

, evalForThisState=1.0, isPlayerOneTurnOriginally=true}, StateDatum{MCTSProbabilites=
|  .0 |  .0 |  .0 ||  .0 |  .0 |  .0 ||  .0 |  .0 |  .0 |
|  .0 |  .0 |  .0 ||  .0 |  .0 |  .0 ||  .0 |  .0 |  .0 |
|  .0 |  .0 |  .0 ||  .0 |  .0 |  .0 ||  .0 |  .0 |  .0 |
|========+========+========||========+========+========||========+========+========|
|  .0 |  .0 |  .0 ||  .0 |  .0 |  .0 ||  .9973 |  .0005 |  .0009 |
|  .0 |  .0 |  .0 ||  .0 |  .0 |  .0 ||  .0 |  .0 |  .0 |
|  .0 |  .0 |  .0 ||  .0 |  .0 |  .0 ||  .001 |  .0002 |  .0 |
|========+========+========||========+========+========||========+========+========|
|  .0 |  .0 |  .0 ||  .0 |  .0 |  .0 ||  .0 |  .0 |  .0 |
|  .0 |  .0 |  .0 ||  .0 |  .0 |  .0 ||  .0 |  .0 |  .0 |
|  .0 |  .0 |  .0 ||  .0 |  .0 |  .0 ||  .0 |  .0 |  .0 |

, state=
|  1. | -0. |  1. || -0. | -0. | -1. || -1. |  1. |  1. |
| -0. | -0. | -0. || -0. | -1. | -0. || -1. | -0. | -1. |
| -0. | -1. | -1. || -1. | -0. | -0. || -1. | -0. | -1. |
|=====+=====+=====||=====+=====+=====||=====+=====+=====|
|  1. | -0. | -0. || -1. | -0. |  1. ||*-0. |*-0. |*-0. |
| -0. | -0. | -1. || -1. | -1. |  1. ||* 1. |* 1. |*-1. |
| -1. |  1. | -0. || -1. | -0. | -0. ||*-0. |*-0. |*-1. |
|=====+=====+=====||=====+=====+=====||=====+=====+=====|
| -0. |  1. | -1. || -0. |  1. |  1. || -0. | -0. |  1. |
| -0. |  1. | -0. || -0. | -1. | -0. ||  1. |  1. |  1. |
|  1. |  1. | -0. || -1. | -0. | -0. || -0. | -0. | -0. |

, evalForThisState=-1.0, isPlayerOneTurnOriginally=false}, StateDatum{MCTSProbabilites=
|  .0 |  .0 |  .0 ||  .0 |  .0 |  .0 ||  .0 |  .0 |  .0 |
|  .0 |  .0 |  .0 ||  .0 |  .0 |  .0 ||  .0 |  .0 |  .0 |
|  1.0 |  .0 |  .0 ||  .0 |  .0 |  .0 ||  .0 |  .0 |  .0 |
|========+========+========||========+========+========||========+========+========|
|  .0 |  .0 |  .0 ||  .0 |  .0 |  .0 ||  .0 |  .0 |  .0 |
|  .0 |  .0 |  .0 ||  .0 |  .0 |  .0 ||  .0 |  .0 |  .0 |
|  .0 |  .0 |  .0 ||  .0 |  .0 |  .0 ||  .0 |  .0 |  .0 |
|========+========+========||========+========+========||========+========+========|
|  .0 |  .0 |  .0 ||  .0 |  .0 |  .0 ||  .0 |  .0 |  .0 |
|  .0 |  .0 |  .0 ||  .0 |  .0 |  .0 ||  .0 |  .0 |  .0 |
|  .0 |  .0 |  .0 ||  .0 |  .0 |  .0 ||  .0 |  .0 |  .0 |

, state=
|*-1. |* 0. |*-1. ||  0. |  0. |  1. ||  1. | -1. | -1. |
|* 0. |* 0. |* 0. ||  0. |  1. |  0. ||  1. |  0. |  1. |
|* 0. |* 1. |* 1. ||  1. |  0. |  0. ||  1. |  0. |  1. |
|=====+=====+=====||=====+=====+=====||=====+=====+=====|
| -1. |  0. |  0. ||  1. |  0. | -1. || -1. |  0. |  0. |
|  0. |  0. |  1. ||  1. |  1. | -1. || -1. | -1. |  1. |
|  1. | -1. |  0. ||  1. |  0. |  0. ||  0. |  0. |  1. |
|=====+=====+=====||=====+=====+=====||=====+=====+=====|
|  0. | -1. |  1. ||  0. | -1. | -1. ||  0. |  0. | -1. |
|  0. | -1. |  0. ||  0. |  1. |  0. || -1. | -1. | -1. |
| -1. | -1. |  0. ||  1. |  0. |  0. ||  0. |  0. |  0. |

, evalForThisState=1.0, isPlayerOneTurnOriginally=true}]
Value network data: 
===========INPUT===================
[[         0,         0,         0,  ...    1.0000,    1.0000,    1.0000], 
 [         0,         0,         0,  ...   -1.0000,   -1.0000,   -1.0000], 
 [         0,         0,         0,  ...   -1.0000,   -1.0000,   -1.0000], 
  ..., 
 [   -1.0000,         0,   -1.0000,  ...   -1.0000,   -1.0000,   -1.0000], 
 [    1.0000,         0,    1.0000,  ...   -1.0000,   -1.0000,   -1.0000], 
 [   -1.0000,         0,   -1.0000,  ...   -1.0000,   -1.0000,   -1.0000]]
=================OUTPUT==================
[[1.0000], 
 [-1.0000], 
 [1.0000], 
 [-1.0000], 
 [1.0000], 
 [-1.0000], 
 [1.0000], 
 [-1.0000], 
 [1.0000], 
 [-1.0000], 
 [1.0000], 
 [-1.0000], 
 [1.0000], 
 [-1.0000], 
 [1.0000], 
 [-1.0000], 
 [1.0000], 
 [-1.0000], 
 [1.0000], 
 [-1.0000], 
 [1.0000], 
 [-1.0000], 
 [1.0000], 
 [-1.0000], 
 [1.0000], 
 [-1.0000], 
 [1.0000], 
 [-1.0000], 
 [1.0000], 
 [-1.0000], 
 [1.0000], 
 [-1.0000], 
 [1.0000], 
 [-1.0000], 
 [1.0000], 
 [-1.0000], 
 [1.0000], 
 [-1.0000], 
 [1.0000], 
 [-1.0000], 
 [1.0000], 
 [-1.0000], 
 [1.0000]]
Policy network data: 
===========INPUT===================
[[         0,         0,         0,  ...    1.0000,    1.0000,    1.0000], 
 [         0,         0,         0,  ...   -1.0000,   -1.0000,   -1.0000], 
 [         0,         0,         0,  ...   -1.0000,   -1.0000,   -1.0000], 
  ..., 
 [   -1.0000,         0,   -1.0000,  ...   -1.0000,   -1.0000,   -1.0000], 
 [    1.0000,         0,    1.0000,  ...   -1.0000,   -1.0000,   -1.0000], 
 [   -1.0000,         0,   -1.0000,  ...   -1.0000,   -1.0000,   -1.0000]]
=================OUTPUT==================
[[    0.0161,    0.0096,    0.0075,  ...    0.0140,    0.0126,    0.0164], 
 [         0,         0,         0,  ...         0,         0,         0], 
 [         0,         0,         0,  ...         0,         0,         0], 
  ..., 
 [         0,         0,         0,  ...         0,         0,         0], 
 [         0,         0,         0,  ...         0,         0,         0], 
 [         0, 1.0873e-5,         0,  ...         0,         0,         0]]
W:\Labs\ME\ME187-Fall2024\StudentFiles\CALEBHOTTES\UTTTstuff\data\series1\policy$series1,gameNum199$1729882808250.bin
Took: 1290 s to simulate game
Finished simulating game, see log at: W:\Labs\ME\ME187-Fall2024\StudentFiles\CALEBHOTTES\UTTTstuff\data\logs\series1\game199$1729873385296.log for details.
