Saving data to: W:\Labs\ME\ME187-Fall2024\StudentFiles\CALEBHOTTES\UTTTstuff\data\series1
Begin custom message: 
DataSeries: series1 game number: 85 

Description: ME 273data you know the thing. 

Evaluator config=EvaluatorConfiguration{cValue=2.0, maxRolloutDepth=1000, computeTime=30, threads=1, stupidity=0, allowForcePlay=false, maxMyCPU=false}
End custom message
Inital State: 

|* 0. |* 0. |* 0. ||* 0. |* 0. |* 0. ||* 0. |* 0. |* 0. |
|* 0. |* 0. |* 0. ||* 0. |* 0. |* 0. ||* 0. |* 0. |* 0. |
|* 0. |* 0. |* 0. ||* 0. |* 0. |* 0. ||* 0. |* 0. |* 0. |
|=====+=====+=====||=====+=====+=====||=====+=====+=====|
|* 0. |* 0. |* 0. ||* 0. |* 0. |* 0. ||* 0. |* 0. |* 0. |
|* 0. |* 0. |* 0. ||* 0. |* 0. |* 0. ||* 0. |* 0. |* 0. |
|* 0. |* 0. |* 0. ||* 0. |* 0. |* 0. ||* 0. |* 0. |* 0. |
|=====+=====+=====||=====+=====+=====||=====+=====+=====|
|* 0. |* 0. |* 0. ||* 0. |* 0. |* 0. ||* 0. |* 0. |* 0. |
|* 0. |* 0. |* 0. ||* 0. |* 0. |* 0. ||* 0. |* 0. |* 0. |
|* 0. |* 0. |* 0. ||* 0. |* 0. |* 0. ||* 0. |* 0. |* 0. |


state to eval, currenty is playerone turn=true

|* 0. |* 0. |* 0. ||* 0. |* 0. |* 0. ||* 0. |* 0. |* 0. |
|* 0. |* 0. |* 0. ||* 0. |* 0. |* 0. ||* 0. |* 0. |* 0. |
|* 0. |* 0. |* 0. ||* 0. |* 0. |* 0. ||* 0. |* 0. |* 0. |
|=====+=====+=====||=====+=====+=====||=====+=====+=====|
|* 0. |* 0. |* 0. ||* 0. |* 0. |* 0. ||* 0. |* 0. |* 0. |
|* 0. |* 0. |* 0. ||* 0. |* 0. |* 0. ||* 0. |* 0. |* 0. |
|* 0. |* 0. |* 0. ||* 0. |* 0. |* 0. ||* 0. |* 0. |* 0. |
|=====+=====+=====||=====+=====+=====||=====+=====+=====|
|* 0. |* 0. |* 0. ||* 0. |* 0. |* 0. ||* 0. |* 0. |* 0. |
|* 0. |* 0. |* 0. ||* 0. |* 0. |* 0. ||* 0. |* 0. |* 0. |
|* 0. |* 0. |* 0. ||* 0. |* 0. |* 0. ||* 0. |* 0. |* 0. |


Determined best move using: 73279Iterations
Determined best move using: 89406Iterations
Determined best move using: 63071Iterations
current State

|  0. |  0. |  0. ||  0. |  0. |  0. ||  0. |  0. |  0. |
|  0. |  0. |  1. ||  0. |  0. |  0. ||  0. |  0. |  0. |
|  0. |  0. |  0. ||  0. |  0. |  0. ||  0. |  0. |  0. |
|=====+=====+=====||=====+=====+=====||=====+=====+=====|
|  0. |  0. |  0. ||  0. |  0. |  0. ||* 0. |* 0. |* 0. |
|  0. |  0. |  0. ||  0. |  0. |  0. ||* 0. |* 0. |* 0. |
|  0. |  0. |  0. ||  0. |  0. |  0. ||* 0. |* 0. |* 0. |
|=====+=====+=====||=====+=====+=====||=====+=====+=====|
|  0. |  0. |  0. ||  0. |  0. |  0. ||  0. |  0. |  0. |
|  0. |  0. |  0. ||  0. |  0. |  0. ||  0. |  0. |  0. |
|  0. |  0. |  0. ||  0. |  0. |  0. ||  0. |  0. |  0. |


state to eval, currenty is playerone turn=false

| -0. | -0. | -0. || -0. | -0. | -0. || -0. | -0. | -0. |
| -0. | -0. | -1. || -0. | -0. | -0. || -0. | -0. | -0. |
| -0. | -0. | -0. || -0. | -0. | -0. || -0. | -0. | -0. |
|=====+=====+=====||=====+=====+=====||=====+=====+=====|
| -0. | -0. | -0. || -0. | -0. | -0. ||*-0. |*-0. |*-0. |
| -0. | -0. | -0. || -0. | -0. | -0. ||*-0. |*-0. |*-0. |
| -0. | -0. | -0. || -0. | -0. | -0. ||*-0. |*-0. |*-0. |
|=====+=====+=====||=====+=====+=====||=====+=====+=====|
| -0. | -0. | -0. || -0. | -0. | -0. || -0. | -0. | -0. |
| -0. | -0. | -0. || -0. | -0. | -0. || -0. | -0. | -0. |
| -0. | -0. | -0. || -0. | -0. | -0. || -0. | -0. | -0. |


Determined best move using: 67074Iterations
current State

|  0. |  0. |  0. ||* 0. |* 0. |* 0. ||  0. |  0. |  0. |
|  0. |  0. |  1. ||* 0. |* 0. |* 0. ||  0. |  0. |  0. |
|  0. |  0. |  0. ||* 0. |* 0. |* 0. ||  0. |  0. |  0. |
|=====+=====+=====||=====+=====+=====||=====+=====+=====|
|  0. |  0. |  0. ||  0. |  0. |  0. ||  0. | -1. |  0. |
|  0. |  0. |  0. ||  0. |  0. |  0. ||  0. |  0. |  0. |
|  0. |  0. |  0. ||  0. |  0. |  0. ||  0. |  0. |  0. |
|=====+=====+=====||=====+=====+=====||=====+=====+=====|
|  0. |  0. |  0. ||  0. |  0. |  0. ||  0. |  0. |  0. |
|  0. |  0. |  0. ||  0. |  0. |  0. ||  0. |  0. |  0. |
|  0. |  0. |  0. ||  0. |  0. |  0. ||  0. |  0. |  0. |


state to eval, currenty is playerone turn=true

|  0. |  0. |  0. ||* 0. |* 0. |* 0. ||  0. |  0. |  0. |
|  0. |  0. |  1. ||* 0. |* 0. |* 0. ||  0. |  0. |  0. |
|  0. |  0. |  0. ||* 0. |* 0. |* 0. ||  0. |  0. |  0. |
|=====+=====+=====||=====+=====+=====||=====+=====+=====|
|  0. |  0. |  0. ||  0. |  0. |  0. ||  0. | -1. |  0. |
|  0. |  0. |  0. ||  0. |  0. |  0. ||  0. |  0. |  0. |
|  0. |  0. |  0. ||  0. |  0. |  0. ||  0. |  0. |  0. |
|=====+=====+=====||=====+=====+=====||=====+=====+=====|
|  0. |  0. |  0. ||  0. |  0. |  0. ||  0. |  0. |  0. |
|  0. |  0. |  0. ||  0. |  0. |  0. ||  0. |  0. |  0. |
|  0. |  0. |  0. ||  0. |  0. |  0. ||  0. |  0. |  0. |


current State

|  0. |  0. |  0. ||  0. |  0. |  0. ||  0. |  0. |  0. |
|  0. |  0. |  1. ||  0. |  0. |  0. ||  0. |  0. |  0. |
|  0. |  0. |  0. ||  0. |  0. |  1. ||  0. |  0. |  0. |
|=====+=====+=====||=====+=====+=====||=====+=====+=====|
|  0. |  0. |  0. ||  0. |  0. |  0. ||  0. | -1. |  0. |
|  0. |  0. |  0. ||  0. |  0. |  0. ||  0. |  0. |  0. |
|  0. |  0. |  0. ||  0. |  0. |  0. ||  0. |  0. |  0. |
|=====+=====+=====||=====+=====+=====||=====+=====+=====|
|  0. |  0. |  0. ||  0. |  0. |  0. ||* 0. |* 0. |* 0. |
|  0. |  0. |  0. ||  0. |  0. |  0. ||* 0. |* 0. |* 0. |
|  0. |  0. |  0. ||  0. |  0. |  0. ||* 0. |* 0. |* 0. |


state to eval, currenty is playerone turn=false

| -0. | -0. | -0. || -0. | -0. | -0. || -0. | -0. | -0. |
| -0. | -0. | -1. || -0. | -0. | -0. || -0. | -0. | -0. |
| -0. | -0. | -0. || -0. | -0. | -1. || -0. | -0. | -0. |
|=====+=====+=====||=====+=====+=====||=====+=====+=====|
| -0. | -0. | -0. || -0. | -0. | -0. || -0. |  1. | -0. |
| -0. | -0. | -0. || -0. | -0. | -0. || -0. | -0. | -0. |
| -0. | -0. | -0. || -0. | -0. | -0. || -0. | -0. | -0. |
|=====+=====+=====||=====+=====+=====||=====+=====+=====|
| -0. | -0. | -0. || -0. | -0. | -0. ||*-0. |*-0. |*-0. |
| -0. | -0. | -0. || -0. | -0. | -0. ||*-0. |*-0. |*-0. |
| -0. | -0. | -0. || -0. | -0. | -0. ||*-0. |*-0. |*-0. |


Determined best move using: 90952Iterations
current State

|* 0. |* 0. |* 0. ||  0. |  0. |  0. ||  0. |  0. |  0. |
|* 0. |* 0. |* 1. ||  0. |  0. |  0. ||  0. |  0. |  0. |
|* 0. |* 0. |* 0. ||  0. |  0. |  1. ||  0. |  0. |  0. |
|=====+=====+=====||=====+=====+=====||=====+=====+=====|
|  0. |  0. |  0. ||  0. |  0. |  0. ||  0. | -1. |  0. |
|  0. |  0. |  0. ||  0. |  0. |  0. ||  0. |  0. |  0. |
|  0. |  0. |  0. ||  0. |  0. |  0. ||  0. |  0. |  0. |
|=====+=====+=====||=====+=====+=====||=====+=====+=====|
|  0. |  0. |  0. ||  0. |  0. |  0. || -1. |  0. |  0. |
|  0. |  0. |  0. ||  0. |  0. |  0. ||  0. |  0. |  0. |
|  0. |  0. |  0. ||  0. |  0. |  0. ||  0. |  0. |  0. |


state to eval, currenty is playerone turn=true

|* 0. |* 0. |* 0. ||  0. |  0. |  0. ||  0. |  0. |  0. |
|* 0. |* 0. |* 1. ||  0. |  0. |  0. ||  0. |  0. |  0. |
|* 0. |* 0. |* 0. ||  0. |  0. |  1. ||  0. |  0. |  0. |
|=====+=====+=====||=====+=====+=====||=====+=====+=====|
|  0. |  0. |  0. ||  0. |  0. |  0. ||  0. | -1. |  0. |
|  0. |  0. |  0. ||  0. |  0. |  0. ||  0. |  0. |  0. |
|  0. |  0. |  0. ||  0. |  0. |  0. ||  0. |  0. |  0. |
|=====+=====+=====||=====+=====+=====||=====+=====+=====|
|  0. |  0. |  0. ||  0. |  0. |  0. || -1. |  0. |  0. |
|  0. |  0. |  0. ||  0. |  0. |  0. ||  0. |  0. |  0. |
|  0. |  0. |  0. ||  0. |  0. |  0. ||  0. |  0. |  0. |


current State

|  0. |  0. |  0. ||  0. |  0. |  0. ||  0. |  0. |  0. |
|  0. |  0. |  1. ||  0. |  0. |  0. ||  0. |  0. |  0. |
|  0. |  1. |  0. ||  0. |  0. |  1. ||  0. |  0. |  0. |
|=====+=====+=====||=====+=====+=====||=====+=====+=====|
|  0. |  0. |  0. ||  0. |  0. |  0. ||  0. | -1. |  0. |
|  0. |  0. |  0. ||  0. |  0. |  0. ||  0. |  0. |  0. |
|  0. |  0. |  0. ||  0. |  0. |  0. ||  0. |  0. |  0. |
|=====+=====+=====||=====+=====+=====||=====+=====+=====|
|  0. |  0. |  0. ||* 0. |* 0. |* 0. || -1. |  0. |  0. |
|  0. |  0. |  0. ||* 0. |* 0. |* 0. ||  0. |  0. |  0. |
|  0. |  0. |  0. ||* 0. |* 0. |* 0. ||  0. |  0. |  0. |


state to eval, currenty is playerone turn=false

| -0. | -0. | -0. || -0. | -0. | -0. || -0. | -0. | -0. |
| -0. | -0. | -1. || -0. | -0. | -0. || -0. | -0. | -0. |
| -0. | -1. | -0. || -0. | -0. | -1. || -0. | -0. | -0. |
|=====+=====+=====||=====+=====+=====||=====+=====+=====|
| -0. | -0. | -0. || -0. | -0. | -0. || -0. |  1. | -0. |
| -0. | -0. | -0. || -0. | -0. | -0. || -0. | -0. | -0. |
| -0. | -0. | -0. || -0. | -0. | -0. || -0. | -0. | -0. |
|=====+=====+=====||=====+=====+=====||=====+=====+=====|
| -0. | -0. | -0. ||*-0. |*-0. |*-0. ||  1. | -0. | -0. |
| -0. | -0. | -0. ||*-0. |*-0. |*-0. || -0. | -0. | -0. |
| -0. | -0. | -0. ||*-0. |*-0. |*-0. || -0. | -0. | -0. |


current State

|  0. |  0. |  0. ||  0. |  0. |  0. ||  0. |  0. |  0. |
|  0. |  0. |  1. ||  0. |  0. |  0. ||  0. |  0. |  0. |
|  0. |  1. |  0. ||  0. |  0. |  1. ||  0. |  0. |  0. |
|=====+=====+=====||=====+=====+=====||=====+=====+=====|
|  0. |  0. |  0. ||  0. |  0. |  0. ||  0. | -1. |  0. |
|  0. |  0. |  0. ||  0. |  0. |  0. ||  0. |  0. |  0. |
|  0. |  0. |  0. ||  0. |  0. |  0. ||  0. |  0. |  0. |
|=====+=====+=====||=====+=====+=====||=====+=====+=====|
|  0. |  0. |  0. ||* 0. |* 0. |* 0. || -1. |  0. |  0. |
|  0. |  0. |  0. ||* 0. |* 0. |* 0. ||  0. |  0. |  0. |
|  0. |  0. |  0. ||* 0. |*-1. |* 0. ||  0. |  0. |  0. |


state to eval, currenty is playerone turn=true

|  0. |  0. |  0. ||  0. |  0. |  0. ||  0. |  0. |  0. |
|  0. |  0. |  1. ||  0. |  0. |  0. ||  0. |  0. |  0. |
|  0. |  1. |  0. ||  0. |  0. |  1. ||  0. |  0. |  0. |
|=====+=====+=====||=====+=====+=====||=====+=====+=====|
|  0. |  0. |  0. ||  0. |  0. |  0. ||  0. | -1. |  0. |
|  0. |  0. |  0. ||  0. |  0. |  0. ||  0. |  0. |  0. |
|  0. |  0. |  0. ||  0. |  0. |  0. ||  0. |  0. |  0. |
|=====+=====+=====||=====+=====+=====||=====+=====+=====|
|  0. |  0. |  0. ||* 0. |* 0. |* 0. || -1. |  0. |  0. |
|  0. |  0. |  0. ||* 0. |* 0. |* 0. ||  0. |  0. |  0. |
|  0. |  0. |  0. ||* 0. |*-1. |* 0. ||  0. |  0. |  0. |


Determined best move using: 77775Iterations
current State

|  0. |  0. |  0. ||  0. |  0. |  0. ||  0. |  0. |  0. |
|  0. |  0. |  1. ||  0. |  0. |  0. ||  0. |  0. |  0. |
|  0. |  1. |  0. ||  0. |  0. |  1. ||  0. |  0. |  0. |
|=====+=====+=====||=====+=====+=====||=====+=====+=====|
|  0. |  0. |  0. ||  0. |  0. |  0. ||  0. | -1. |  0. |
|  0. |  0. |  0. ||  0. |  0. |  0. ||  0. |  0. |  0. |
|  0. |  0. |  0. ||  0. |  0. |  0. ||  0. |  0. |  0. |
|=====+=====+=====||=====+=====+=====||=====+=====+=====|
|  0. |  0. |  0. ||  0. |  0. |  0. ||*-1. |* 0. |* 0. |
|  0. |  0. |  0. ||  0. |  0. |  0. ||* 0. |* 0. |* 0. |
|  0. |  0. |  0. ||  0. | -1. |  1. ||* 0. |* 0. |* 0. |


state to eval, currenty is playerone turn=false

| -0. | -0. | -0. || -0. | -0. | -0. || -0. | -0. | -0. |
| -0. | -0. | -1. || -0. | -0. | -0. || -0. | -0. | -0. |
| -0. | -1. | -0. || -0. | -0. | -1. || -0. | -0. | -0. |
|=====+=====+=====||=====+=====+=====||=====+=====+=====|
| -0. | -0. | -0. || -0. | -0. | -0. || -0. |  1. | -0. |
| -0. | -0. | -0. || -0. | -0. | -0. || -0. | -0. | -0. |
| -0. | -0. | -0. || -0. | -0. | -0. || -0. | -0. | -0. |
|=====+=====+=====||=====+=====+=====||=====+=====+=====|
| -0. | -0. | -0. || -0. | -0. | -0. ||* 1. |*-0. |*-0. |
| -0. | -0. | -0. || -0. | -0. | -0. ||*-0. |*-0. |*-0. |
| -0. | -0. | -0. || -0. |  1. | -1. ||*-0. |*-0. |*-0. |


current State

|  0. |  0. |  0. ||  0. |  0. |  0. ||  0. |  0. |  0. |
|  0. |  0. |  1. ||  0. |  0. |  0. ||  0. |  0. |  0. |
|  0. |  1. |  0. ||  0. |  0. |  1. ||  0. |  0. |  0. |
|=====+=====+=====||=====+=====+=====||=====+=====+=====|
|  0. |  0. |  0. ||  0. |  0. |  0. ||  0. | -1. |  0. |
|  0. |  0. |  0. ||  0. |  0. |  0. ||  0. |  0. |  0. |
|  0. |  0. |  0. ||  0. |  0. |  0. ||  0. |  0. |  0. |
|=====+=====+=====||=====+=====+=====||=====+=====+=====|
|* 0. |* 0. |* 0. ||  0. |  0. |  0. || -1. |  0. |  0. |
|* 0. |* 0. |* 0. ||  0. |  0. |  0. ||  0. |  0. |  0. |
|* 0. |* 0. |* 0. ||  0. | -1. |  1. || -1. |  0. |  0. |


state to eval, currenty is playerone turn=true

|  0. |  0. |  0. ||  0. |  0. |  0. ||  0. |  0. |  0. |
|  0. |  0. |  1. ||  0. |  0. |  0. ||  0. |  0. |  0. |
|  0. |  1. |  0. ||  0. |  0. |  1. ||  0. |  0. |  0. |
|=====+=====+=====||=====+=====+=====||=====+=====+=====|
|  0. |  0. |  0. ||  0. |  0. |  0. ||  0. | -1. |  0. |
|  0. |  0. |  0. ||  0. |  0. |  0. ||  0. |  0. |  0. |
|  0. |  0. |  0. ||  0. |  0. |  0. ||  0. |  0. |  0. |
|=====+=====+=====||=====+=====+=====||=====+=====+=====|
|* 0. |* 0. |* 0. ||  0. |  0. |  0. || -1. |  0. |  0. |
|* 0. |* 0. |* 0. ||  0. |  0. |  0. ||  0. |  0. |  0. |
|* 0. |* 0. |* 0. ||  0. | -1. |  1. || -1. |  0. |  0. |


Determined best move using: 106507Iterations
Determined best move using: 84407Iterations
current State

|  0. |  0. |  0. ||  0. |  0. |  0. ||  0. |  0. |  0. |
|  0. |  0. |  1. ||  0. |  0. |  0. ||  0. |  0. |  0. |
|  0. |  1. |  0. ||  0. |  0. |  1. ||  0. |  0. |  0. |
|=====+=====+=====||=====+=====+=====||=====+=====+=====|
|  0. |  0. |  0. ||  0. |  0. |  0. ||  0. | -1. |  0. |
|  0. |  0. |  0. ||  0. |  0. |  0. ||  0. |  0. |  0. |
|  0. |  0. |  0. ||  0. |  0. |  0. ||  0. |  0. |  0. |
|=====+=====+=====||=====+=====+=====||=====+=====+=====|
|  0. |  0. |  0. ||* 0. |* 0. |* 0. || -1. |  0. |  0. |
|  0. |  0. |  0. ||* 0. |* 0. |* 0. ||  0. |  0. |  0. |
|  0. |  1. |  0. ||* 0. |*-1. |* 1. || -1. |  0. |  0. |


state to eval, currenty is playerone turn=false

| -0. | -0. | -0. || -0. | -0. | -0. || -0. | -0. | -0. |
| -0. | -0. | -1. || -0. | -0. | -0. || -0. | -0. | -0. |
| -0. | -1. | -0. || -0. | -0. | -1. || -0. | -0. | -0. |
|=====+=====+=====||=====+=====+=====||=====+=====+=====|
| -0. | -0. | -0. || -0. | -0. | -0. || -0. |  1. | -0. |
| -0. | -0. | -0. || -0. | -0. | -0. || -0. | -0. | -0. |
| -0. | -0. | -0. || -0. | -0. | -0. || -0. | -0. | -0. |
|=====+=====+=====||=====+=====+=====||=====+=====+=====|
| -0. | -0. | -0. ||*-0. |*-0. |*-0. ||  1. | -0. | -0. |
| -0. | -0. | -0. ||*-0. |*-0. |*-0. || -0. | -0. | -0. |
| -0. | -1. | -0. ||*-0. |* 1. |*-1. ||  1. | -0. | -0. |


current State

|* 0. |* 0. |* 0. ||  0. |  0. |  0. ||  0. |  0. |  0. |
|* 0. |* 0. |* 1. ||  0. |  0. |  0. ||  0. |  0. |  0. |
|* 0. |* 1. |* 0. ||  0. |  0. |  1. ||  0. |  0. |  0. |
|=====+=====+=====||=====+=====+=====||=====+=====+=====|
|  0. |  0. |  0. ||  0. |  0. |  0. ||  0. | -1. |  0. |
|  0. |  0. |  0. ||  0. |  0. |  0. ||  0. |  0. |  0. |
|  0. |  0. |  0. ||  0. |  0. |  0. ||  0. |  0. |  0. |
|=====+=====+=====||=====+=====+=====||=====+=====+=====|
|  0. |  0. |  0. || -1. |  0. |  0. || -1. |  0. |  0. |
|  0. |  0. |  0. ||  0. |  0. |  0. ||  0. |  0. |  0. |
|  0. |  1. |  0. ||  0. | -1. |  1. || -1. |  0. |  0. |


state to eval, currenty is playerone turn=true

|* 0. |* 0. |* 0. ||  0. |  0. |  0. ||  0. |  0. |  0. |
|* 0. |* 0. |* 1. ||  0. |  0. |  0. ||  0. |  0. |  0. |
|* 0. |* 1. |* 0. ||  0. |  0. |  1. ||  0. |  0. |  0. |
|=====+=====+=====||=====+=====+=====||=====+=====+=====|
|  0. |  0. |  0. ||  0. |  0. |  0. ||  0. | -1. |  0. |
|  0. |  0. |  0. ||  0. |  0. |  0. ||  0. |  0. |  0. |
|  0. |  0. |  0. ||  0. |  0. |  0. ||  0. |  0. |  0. |
|=====+=====+=====||=====+=====+=====||=====+=====+=====|
|  0. |  0. |  0. || -1. |  0. |  0. || -1. |  0. |  0. |
|  0. |  0. |  0. ||  0. |  0. |  0. ||  0. |  0. |  0. |
|  0. |  1. |  0. ||  0. | -1. |  1. || -1. |  0. |  0. |


Determined best move using: 114889Iterations
current State

|* 1. |* 0. |* 0. ||  0. |  0. |  0. ||  0. |  0. |  0. |
|* 0. |* 0. |* 1. ||  0. |  0. |  0. ||  0. |  0. |  0. |
|* 0. |* 1. |* 0. ||  0. |  0. |  1. ||  0. |  0. |  0. |
|=====+=====+=====||=====+=====+=====||=====+=====+=====|
|  0. |  0. |  0. ||  0. |  0. |  0. ||  0. | -1. |  0. |
|  0. |  0. |  0. ||  0. |  0. |  0. ||  0. |  0. |  0. |
|  0. |  0. |  0. ||  0. |  0. |  0. ||  0. |  0. |  0. |
|=====+=====+=====||=====+=====+=====||=====+=====+=====|
|  0. |  0. |  0. || -1. |  0. |  0. || -1. |  0. |  0. |
|  0. |  0. |  0. ||  0. |  0. |  0. ||  0. |  0. |  0. |
|  0. |  1. |  0. ||  0. | -1. |  1. || -1. |  0. |  0. |


state to eval, currenty is playerone turn=false

|*-1. |*-0. |*-0. || -0. | -0. | -0. || -0. | -0. | -0. |
|*-0. |*-0. |*-1. || -0. | -0. | -0. || -0. | -0. | -0. |
|*-0. |*-1. |*-0. || -0. | -0. | -1. || -0. | -0. | -0. |
|=====+=====+=====||=====+=====+=====||=====+=====+=====|
| -0. | -0. | -0. || -0. | -0. | -0. || -0. |  1. | -0. |
| -0. | -0. | -0. || -0. | -0. | -0. || -0. | -0. | -0. |
| -0. | -0. | -0. || -0. | -0. | -0. || -0. | -0. | -0. |
|=====+=====+=====||=====+=====+=====||=====+=====+=====|
| -0. | -0. | -0. ||  1. | -0. | -0. ||  1. | -0. | -0. |
| -0. | -0. | -0. || -0. | -0. | -0. || -0. | -0. | -0. |
| -0. | -1. | -0. || -0. |  1. | -1. ||  1. | -0. | -0. |


Determined best move using: 122664Iterations
Determined best move using: 67299Iterations
Determined best move using: 90346Iterations
current State

|  1. | -1. |  0. ||* 0. |* 0. |* 0. ||  0. |  0. |  0. |
|  0. |  0. |  1. ||* 0. |* 0. |* 0. ||  0. |  0. |  0. |
|  0. |  1. |  0. ||* 0. |* 0. |* 1. ||  0. |  0. |  0. |
|=====+=====+=====||=====+=====+=====||=====+=====+=====|
|  0. |  0. |  0. ||  0. |  0. |  0. ||  0. | -1. |  0. |
|  0. |  0. |  0. ||  0. |  0. |  0. ||  0. |  0. |  0. |
|  0. |  0. |  0. ||  0. |  0. |  0. ||  0. |  0. |  0. |
|=====+=====+=====||=====+=====+=====||=====+=====+=====|
|  0. |  0. |  0. || -1. |  0. |  0. || -1. |  0. |  0. |
|  0. |  0. |  0. ||  0. |  0. |  0. ||  0. |  0. |  0. |
|  0. |  1. |  0. ||  0. | -1. |  1. || -1. |  0. |  0. |


state to eval, currenty is playerone turn=true

|  1. | -1. |  0. ||* 0. |* 0. |* 0. ||  0. |  0. |  0. |
|  0. |  0. |  1. ||* 0. |* 0. |* 0. ||  0. |  0. |  0. |
|  0. |  1. |  0. ||* 0. |* 0. |* 1. ||  0. |  0. |  0. |
|=====+=====+=====||=====+=====+=====||=====+=====+=====|
|  0. |  0. |  0. ||  0. |  0. |  0. ||  0. | -1. |  0. |
|  0. |  0. |  0. ||  0. |  0. |  0. ||  0. |  0. |  0. |
|  0. |  0. |  0. ||  0. |  0. |  0. ||  0. |  0. |  0. |
|=====+=====+=====||=====+=====+=====||=====+=====+=====|
|  0. |  0. |  0. || -1. |  0. |  0. || -1. |  0. |  0. |
|  0. |  0. |  0. ||  0. |  0. |  0. ||  0. |  0. |  0. |
|  0. |  1. |  0. ||  0. | -1. |  1. || -1. |  0. |  0. |


Determined best move using: 92653Iterations
Determined best move using: 68620Iterations
Determined best move using: 117629Iterations
current State

|  1. | -1. |  0. ||  0. |  0. |  0. ||  0. |  0. |  0. |
|  0. |  0. |  1. ||  1. |  0. |  0. ||  0. |  0. |  0. |
|  0. |  1. |  0. ||  0. |  0. |  1. ||  0. |  0. |  0. |
|=====+=====+=====||=====+=====+=====||=====+=====+=====|
|* 0. |* 0. |* 0. ||  0. |  0. |  0. ||  0. | -1. |  0. |
|* 0. |* 0. |* 0. ||  0. |  0. |  0. ||  0. |  0. |  0. |
|* 0. |* 0. |* 0. ||  0. |  0. |  0. ||  0. |  0. |  0. |
|=====+=====+=====||=====+=====+=====||=====+=====+=====|
|  0. |  0. |  0. || -1. |  0. |  0. || -1. |  0. |  0. |
|  0. |  0. |  0. ||  0. |  0. |  0. ||  0. |  0. |  0. |
|  0. |  1. |  0. ||  0. | -1. |  1. || -1. |  0. |  0. |


state to eval, currenty is playerone turn=false

| -1. |  1. | -0. || -0. | -0. | -0. || -0. | -0. | -0. |
| -0. | -0. | -1. || -1. | -0. | -0. || -0. | -0. | -0. |
| -0. | -1. | -0. || -0. | -0. | -1. || -0. | -0. | -0. |
|=====+=====+=====||=====+=====+=====||=====+=====+=====|
|*-0. |*-0. |*-0. || -0. | -0. | -0. || -0. |  1. | -0. |
|*-0. |*-0. |*-0. || -0. | -0. | -0. || -0. | -0. | -0. |
|*-0. |*-0. |*-0. || -0. | -0. | -0. || -0. | -0. | -0. |
|=====+=====+=====||=====+=====+=====||=====+=====+=====|
| -0. | -0. | -0. ||  1. | -0. | -0. ||  1. | -0. | -0. |
| -0. | -0. | -0. || -0. | -0. | -0. || -0. | -0. | -0. |
| -0. | -1. | -0. || -0. |  1. | -1. ||  1. | -0. | -0. |


Determined best move using: 70797Iterations
Determined best move using: 95490Iterations
Determined best move using: 123820Iterations
current State

|  1. | -1. |  0. ||  0. |  0. |  0. ||  0. |  0. |  0. |
|  0. |  0. |  1. ||  1. |  0. |  0. ||  0. |  0. |  0. |
|  0. |  1. |  0. ||  0. |  0. |  1. ||  0. |  0. |  0. |
|=====+=====+=====||=====+=====+=====||=====+=====+=====|
|* 0. |* 0. |* 0. ||  0. |  0. |  0. ||  0. | -1. |  0. |
|*-1. |* 0. |* 0. ||  0. |  0. |  0. ||  0. |  0. |  0. |
|* 0. |* 0. |* 0. ||  0. |  0. |  0. ||  0. |  0. |  0. |
|=====+=====+=====||=====+=====+=====||=====+=====+=====|
|  0. |  0. |  0. || -1. |  0. |  0. || -1. |  0. |  0. |
|  0. |  0. |  0. ||  0. |  0. |  0. ||  0. |  0. |  0. |
|  0. |  1. |  0. ||  0. | -1. |  1. || -1. |  0. |  0. |


state to eval, currenty is playerone turn=true

|  1. | -1. |  0. ||  0. |  0. |  0. ||  0. |  0. |  0. |
|  0. |  0. |  1. ||  1. |  0. |  0. ||  0. |  0. |  0. |
|  0. |  1. |  0. ||  0. |  0. |  1. ||  0. |  0. |  0. |
|=====+=====+=====||=====+=====+=====||=====+=====+=====|
|* 0. |* 0. |* 0. ||  0. |  0. |  0. ||  0. | -1. |  0. |
|*-1. |* 0. |* 0. ||  0. |  0. |  0. ||  0. |  0. |  0. |
|* 0. |* 0. |* 0. ||  0. |  0. |  0. ||  0. |  0. |  0. |
|=====+=====+=====||=====+=====+=====||=====+=====+=====|
|  0. |  0. |  0. || -1. |  0. |  0. || -1. |  0. |  0. |
|  0. |  0. |  0. ||  0. |  0. |  0. ||  0. |  0. |  0. |
|  0. |  1. |  0. ||  0. | -1. |  1. || -1. |  0. |  0. |


Determined best move using: 130388Iterations
Determined best move using: 71026Iterations
current State

|  1. | -1. |  0. ||  0. |  0. |  0. ||* 0. |* 0. |* 0. |
|  0. |  0. |  1. ||  1. |  0. |  0. ||* 0. |* 0. |* 0. |
|  0. |  1. |  0. ||  0. |  0. |  1. ||* 0. |* 0. |* 0. |
|=====+=====+=====||=====+=====+=====||=====+=====+=====|
|  0. |  0. |  1. ||  0. |  0. |  0. ||  0. | -1. |  0. |
| -1. |  0. |  0. ||  0. |  0. |  0. ||  0. |  0. |  0. |
|  0. |  0. |  0. ||  0. |  0. |  0. ||  0. |  0. |  0. |
|=====+=====+=====||=====+=====+=====||=====+=====+=====|
|  0. |  0. |  0. || -1. |  0. |  0. || -1. |  0. |  0. |
|  0. |  0. |  0. ||  0. |  0. |  0. ||  0. |  0. |  0. |
|  0. |  1. |  0. ||  0. | -1. |  1. || -1. |  0. |  0. |


state to eval, currenty is playerone turn=false

| -1. |  1. | -0. || -0. | -0. | -0. ||*-0. |*-0. |*-0. |
| -0. | -0. | -1. || -1. | -0. | -0. ||*-0. |*-0. |*-0. |
| -0. | -1. | -0. || -0. | -0. | -1. ||*-0. |*-0. |*-0. |
|=====+=====+=====||=====+=====+=====||=====+=====+=====|
| -0. | -0. | -1. || -0. | -0. | -0. || -0. |  1. | -0. |
|  1. | -0. | -0. || -0. | -0. | -0. || -0. | -0. | -0. |
| -0. | -0. | -0. || -0. | -0. | -0. || -0. | -0. | -0. |
|=====+=====+=====||=====+=====+=====||=====+=====+=====|
| -0. | -0. | -0. ||  1. | -0. | -0. ||  1. | -0. | -0. |
| -0. | -0. | -0. || -0. | -0. | -0. || -0. | -0. | -0. |
| -0. | -1. | -0. || -0. |  1. | -1. ||  1. | -0. | -0. |


Determined best move using: 104021Iterations
Determined best move using: 73079Iterations
current State

|  1. | -1. |  0. ||  0. |  0. |  0. ||  0. |  0. |  0. |
|  0. |  0. |  1. ||  1. |  0. |  0. ||  0. |  0. | -1. |
|  0. |  1. |  0. ||  0. |  0. |  1. ||  0. |  0. |  0. |
|=====+=====+=====||=====+=====+=====||=====+=====+=====|
|  0. |  0. |  1. ||  0. |  0. |  0. ||* 0. |*-1. |* 0. |
| -1. |  0. |  0. ||  0. |  0. |  0. ||* 0. |* 0. |* 0. |
|  0. |  0. |  0. ||  0. |  0. |  0. ||* 0. |* 0. |* 0. |
|=====+=====+=====||=====+=====+=====||=====+=====+=====|
|  0. |  0. |  0. || -1. |  0. |  0. || -1. |  0. |  0. |
|  0. |  0. |  0. ||  0. |  0. |  0. ||  0. |  0. |  0. |
|  0. |  1. |  0. ||  0. | -1. |  1. || -1. |  0. |  0. |


state to eval, currenty is playerone turn=true

|  1. | -1. |  0. ||  0. |  0. |  0. ||  0. |  0. |  0. |
|  0. |  0. |  1. ||  1. |  0. |  0. ||  0. |  0. | -1. |
|  0. |  1. |  0. ||  0. |  0. |  1. ||  0. |  0. |  0. |
|=====+=====+=====||=====+=====+=====||=====+=====+=====|
|  0. |  0. |  1. ||  0. |  0. |  0. ||* 0. |*-1. |* 0. |
| -1. |  0. |  0. ||  0. |  0. |  0. ||* 0. |* 0. |* 0. |
|  0. |  0. |  0. ||  0. |  0. |  0. ||* 0. |* 0. |* 0. |
|=====+=====+=====||=====+=====+=====||=====+=====+=====|
|  0. |  0. |  0. || -1. |  0. |  0. || -1. |  0. |  0. |
|  0. |  0. |  0. ||  0. |  0. |  0. ||  0. |  0. |  0. |
|  0. |  1. |  0. ||  0. | -1. |  1. || -1. |  0. |  0. |


Determined best move using: 73421Iterations
current State

|  1. | -1. |  0. ||  0. |  0. |  0. ||  0. |  0. |  0. |
|  0. |  0. |  1. ||  1. |  0. |  0. ||  0. |  0. | -1. |
|  0. |  1. |  0. ||  0. |  0. |  1. ||  0. |  0. |  0. |
|=====+=====+=====||=====+=====+=====||=====+=====+=====|
|* 0. |* 0. |* 1. ||  0. |  0. |  0. ||  0. | -1. |  0. |
|*-1. |* 0. |* 0. ||  0. |  0. |  0. ||  1. |  0. |  0. |
|* 0. |* 0. |* 0. ||  0. |  0. |  0. ||  0. |  0. |  0. |
|=====+=====+=====||=====+=====+=====||=====+=====+=====|
|  0. |  0. |  0. || -1. |  0. |  0. || -1. |  0. |  0. |
|  0. |  0. |  0. ||  0. |  0. |  0. ||  0. |  0. |  0. |
|  0. |  1. |  0. ||  0. | -1. |  1. || -1. |  0. |  0. |


state to eval, currenty is playerone turn=false

| -1. |  1. | -0. || -0. | -0. | -0. || -0. | -0. | -0. |
| -0. | -0. | -1. || -1. | -0. | -0. || -0. | -0. |  1. |
| -0. | -1. | -0. || -0. | -0. | -1. || -0. | -0. | -0. |
|=====+=====+=====||=====+=====+=====||=====+=====+=====|
|*-0. |*-0. |*-1. || -0. | -0. | -0. || -0. |  1. | -0. |
|* 1. |*-0. |*-0. || -0. | -0. | -0. || -1. | -0. | -0. |
|*-0. |*-0. |*-0. || -0. | -0. | -0. || -0. | -0. | -0. |
|=====+=====+=====||=====+=====+=====||=====+=====+=====|
| -0. | -0. | -0. ||  1. | -0. | -0. ||  1. | -0. | -0. |
| -0. | -0. | -0. || -0. | -0. | -0. || -0. | -0. | -0. |
| -0. | -1. | -0. || -0. |  1. | -1. ||  1. | -0. | -0. |


Determined best move using: 103055Iterations
Determined best move using: 108541Iterations
current State

|  1. | -1. |  0. ||  0. |  0. |  0. ||  0. |  0. |  0. |
|  0. |  0. |  1. ||  1. |  0. |  0. ||  0. |  0. | -1. |
|  0. |  1. |  0. ||  0. |  0. |  1. ||  0. |  0. |  0. |
|=====+=====+=====||=====+=====+=====||=====+=====+=====|
|  0. |  0. |  1. ||* 0. |* 0. |* 0. ||  0. | -1. |  0. |
| -1. | -1. |  0. ||* 0. |* 0. |* 0. ||  1. |  0. |  0. |
|  0. |  0. |  0. ||* 0. |* 0. |* 0. ||  0. |  0. |  0. |
|=====+=====+=====||=====+=====+=====||=====+=====+=====|
|  0. |  0. |  0. || -1. |  0. |  0. || -1. |  0. |  0. |
|  0. |  0. |  0. ||  0. |  0. |  0. ||  0. |  0. |  0. |
|  0. |  1. |  0. ||  0. | -1. |  1. || -1. |  0. |  0. |


state to eval, currenty is playerone turn=true

|  1. | -1. |  0. ||  0. |  0. |  0. ||  0. |  0. |  0. |
|  0. |  0. |  1. ||  1. |  0. |  0. ||  0. |  0. | -1. |
|  0. |  1. |  0. ||  0. |  0. |  1. ||  0. |  0. |  0. |
|=====+=====+=====||=====+=====+=====||=====+=====+=====|
|  0. |  0. |  1. ||* 0. |* 0. |* 0. ||  0. | -1. |  0. |
| -1. | -1. |  0. ||* 0. |* 0. |* 0. ||  1. |  0. |  0. |
|  0. |  0. |  0. ||* 0. |* 0. |* 0. ||  0. |  0. |  0. |
|=====+=====+=====||=====+=====+=====||=====+=====+=====|
|  0. |  0. |  0. || -1. |  0. |  0. || -1. |  0. |  0. |
|  0. |  0. |  0. ||  0. |  0. |  0. ||  0. |  0. |  0. |
|  0. |  1. |  0. ||  0. | -1. |  1. || -1. |  0. |  0. |


current State

|  1. | -1. |  0. ||  0. |  0. |  0. ||  0. |  0. |  0. |
|  0. |  0. |  1. ||  1. |  0. |  0. ||  0. |  0. | -1. |
|  0. |  1. |  0. ||  0. |  0. |  1. ||  0. |  0. |  0. |
|=====+=====+=====||=====+=====+=====||=====+=====+=====|
|  0. |  0. |  1. ||  0. |  0. |  0. ||* 0. |*-1. |* 0. |
| -1. | -1. |  0. ||  0. |  0. |  1. ||* 1. |* 0. |* 0. |
|  0. |  0. |  0. ||  0. |  0. |  0. ||* 0. |* 0. |* 0. |
|=====+=====+=====||=====+=====+=====||=====+=====+=====|
|  0. |  0. |  0. || -1. |  0. |  0. || -1. |  0. |  0. |
|  0. |  0. |  0. ||  0. |  0. |  0. ||  0. |  0. |  0. |
|  0. |  1. |  0. ||  0. | -1. |  1. || -1. |  0. |  0. |


state to eval, currenty is playerone turn=false

| -1. |  1. | -0. || -0. | -0. | -0. || -0. | -0. | -0. |
| -0. | -0. | -1. || -1. | -0. | -0. || -0. | -0. |  1. |
| -0. | -1. | -0. || -0. | -0. | -1. || -0. | -0. | -0. |
|=====+=====+=====||=====+=====+=====||=====+=====+=====|
| -0. | -0. | -1. || -0. | -0. | -0. ||*-0. |* 1. |*-0. |
|  1. |  1. | -0. || -0. | -0. | -1. ||*-1. |*-0. |*-0. |
| -0. | -0. | -0. || -0. | -0. | -0. ||*-0. |*-0. |*-0. |
|=====+=====+=====||=====+=====+=====||=====+=====+=====|
| -0. | -0. | -0. ||  1. | -0. | -0. ||  1. | -0. | -0. |
| -0. | -0. | -0. || -0. | -0. | -0. || -0. | -0. | -0. |
| -0. | -1. | -0. || -0. |  1. | -1. ||  1. | -0. | -0. |


Determined best move using: 111547Iterations
Determined best move using: 103906Iterations
current State

|  1. | -1. |  0. ||  0. |  0. |  0. ||  0. |  0. |  0. |
|  0. |  0. |  1. ||  1. |  0. |  0. ||  0. |  0. | -1. |
|  0. |  1. |  0. ||  0. |  0. |  1. ||  0. |  0. |  0. |
|=====+=====+=====||=====+=====+=====||=====+=====+=====|
|  0. |  0. |  1. ||  0. |  0. |  0. ||  0. | -1. |  0. |
| -1. | -1. |  0. ||  0. |  0. |  1. ||  1. |  0. |  0. |
|  0. |  0. |  0. ||  0. |  0. |  0. ||  0. | -1. |  0. |
|=====+=====+=====||=====+=====+=====||=====+=====+=====|
|  0. |  0. |  0. ||*-1. |* 0. |* 0. || -1. |  0. |  0. |
|  0. |  0. |  0. ||* 0. |* 0. |* 0. ||  0. |  0. |  0. |
|  0. |  1. |  0. ||* 0. |*-1. |* 1. || -1. |  0. |  0. |


state to eval, currenty is playerone turn=true

|  1. | -1. |  0. ||  0. |  0. |  0. ||  0. |  0. |  0. |
|  0. |  0. |  1. ||  1. |  0. |  0. ||  0. |  0. | -1. |
|  0. |  1. |  0. ||  0. |  0. |  1. ||  0. |  0. |  0. |
|=====+=====+=====||=====+=====+=====||=====+=====+=====|
|  0. |  0. |  1. ||  0. |  0. |  0. ||  0. | -1. |  0. |
| -1. | -1. |  0. ||  0. |  0. |  1. ||  1. |  0. |  0. |
|  0. |  0. |  0. ||  0. |  0. |  0. ||  0. | -1. |  0. |
|=====+=====+=====||=====+=====+=====||=====+=====+=====|
|  0. |  0. |  0. ||*-1. |* 0. |* 0. || -1. |  0. |  0. |
|  0. |  0. |  0. ||* 0. |* 0. |* 0. ||  0. |  0. |  0. |
|  0. |  1. |  0. ||* 0. |*-1. |* 1. || -1. |  0. |  0. |


Determined best move using: 104541Iterations
Determined best move using: 113322Iterations
current State

|  1. | -1. |  0. ||  0. |  0. |  0. ||  0. |  0. |  0. |
|  0. |  0. |  1. ||  1. |  0. |  0. ||  0. |  0. | -1. |
|  0. |  1. |  0. ||  0. |  0. |  1. ||  0. |  0. |  0. |
|=====+=====+=====||=====+=====+=====||=====+=====+=====|
|  0. |  0. |  1. ||  0. |  0. |  0. ||  0. | -1. |  0. |
| -1. | -1. |  0. ||  0. |  0. |  1. ||  1. |  0. |  0. |
|  0. |  0. |  0. ||  0. |  0. |  0. ||  0. | -1. |  0. |
|=====+=====+=====||=====+=====+=====||=====+=====+=====|
|* 0. |* 0. |* 0. || -1. |  0. |  0. || -1. |  0. |  0. |
|* 0. |* 0. |* 0. ||  0. |  0. |  0. ||  0. |  0. |  0. |
|* 0. |* 1. |* 0. ||  1. | -1. |  1. || -1. |  0. |  0. |


state to eval, currenty is playerone turn=false

| -1. |  1. | -0. || -0. | -0. | -0. || -0. | -0. | -0. |
| -0. | -0. | -1. || -1. | -0. | -0. || -0. | -0. |  1. |
| -0. | -1. | -0. || -0. | -0. | -1. || -0. | -0. | -0. |
|=====+=====+=====||=====+=====+=====||=====+=====+=====|
| -0. | -0. | -1. || -0. | -0. | -0. || -0. |  1. | -0. |
|  1. |  1. | -0. || -0. | -0. | -1. || -1. | -0. | -0. |
| -0. | -0. | -0. || -0. | -0. | -0. || -0. |  1. | -0. |
|=====+=====+=====||=====+=====+=====||=====+=====+=====|
|*-0. |*-0. |*-0. ||  1. | -0. | -0. ||  1. | -0. | -0. |
|*-0. |*-0. |*-0. || -0. | -0. | -0. || -0. | -0. | -0. |
|*-0. |*-1. |*-0. || -1. |  1. | -1. ||  1. | -0. | -0. |


Determined best move using: 116132Iterations
current State

|  1. | -1. |  0. ||  0. |  0. |  0. ||* 0. |* 0. |* 0. |
|  0. |  0. |  1. ||  1. |  0. |  0. ||* 0. |* 0. |*-1. |
|  0. |  1. |  0. ||  0. |  0. |  1. ||* 0. |* 0. |* 0. |
|=====+=====+=====||=====+=====+=====||=====+=====+=====|
|  0. |  0. |  1. ||  0. |  0. |  0. ||  0. | -1. |  0. |
| -1. | -1. |  0. ||  0. |  0. |  1. ||  1. |  0. |  0. |
|  0. |  0. |  0. ||  0. |  0. |  0. ||  0. | -1. |  0. |
|=====+=====+=====||=====+=====+=====||=====+=====+=====|
|  0. |  0. | -1. || -1. |  0. |  0. || -1. |  0. |  0. |
|  0. |  0. |  0. ||  0. |  0. |  0. ||  0. |  0. |  0. |
|  0. |  1. |  0. ||  1. | -1. |  1. || -1. |  0. |  0. |


state to eval, currenty is playerone turn=true

|  1. | -1. |  0. ||  0. |  0. |  0. ||* 0. |* 0. |* 0. |
|  0. |  0. |  1. ||  1. |  0. |  0. ||* 0. |* 0. |*-1. |
|  0. |  1. |  0. ||  0. |  0. |  1. ||* 0. |* 0. |* 0. |
|=====+=====+=====||=====+=====+=====||=====+=====+=====|
|  0. |  0. |  1. ||  0. |  0. |  0. ||  0. | -1. |  0. |
| -1. | -1. |  0. ||  0. |  0. |  1. ||  1. |  0. |  0. |
|  0. |  0. |  0. ||  0. |  0. |  0. ||  0. | -1. |  0. |
|=====+=====+=====||=====+=====+=====||=====+=====+=====|
|  0. |  0. | -1. || -1. |  0. |  0. || -1. |  0. |  0. |
|  0. |  0. |  0. ||  0. |  0. |  0. ||  0. |  0. |  0. |
|  0. |  1. |  0. ||  1. | -1. |  1. || -1. |  0. |  0. |


current State

|  1. | -1. |  0. ||  0. |  0. |  0. ||  0. |  0. |  0. |
|  0. |  0. |  1. ||  1. |  0. |  0. ||  0. |  0. | -1. |
|  0. |  1. |  0. ||  0. |  0. |  1. ||  0. |  0. |  1. |
|=====+=====+=====||=====+=====+=====||=====+=====+=====|
|  0. |  0. |  1. ||  0. |  0. |  0. ||  0. | -1. |  0. |
| -1. | -1. |  0. ||  0. |  0. |  1. ||  1. |  0. |  0. |
|  0. |  0. |  0. ||  0. |  0. |  0. ||  0. | -1. |  0. |
|=====+=====+=====||=====+=====+=====||=====+=====+=====|
|  0. |  0. | -1. || -1. |  0. |  0. ||*-1. |* 0. |* 0. |
|  0. |  0. |  0. ||  0. |  0. |  0. ||* 0. |* 0. |* 0. |
|  0. |  1. |  0. ||  1. | -1. |  1. ||*-1. |* 0. |* 0. |


state to eval, currenty is playerone turn=false

| -1. |  1. | -0. || -0. | -0. | -0. || -0. | -0. | -0. |
| -0. | -0. | -1. || -1. | -0. | -0. || -0. | -0. |  1. |
| -0. | -1. | -0. || -0. | -0. | -1. || -0. | -0. | -1. |
|=====+=====+=====||=====+=====+=====||=====+=====+=====|
| -0. | -0. | -1. || -0. | -0. | -0. || -0. |  1. | -0. |
|  1. |  1. | -0. || -0. | -0. | -1. || -1. | -0. | -0. |
| -0. | -0. | -0. || -0. | -0. | -0. || -0. |  1. | -0. |
|=====+=====+=====||=====+=====+=====||=====+=====+=====|
| -0. | -0. |  1. ||  1. | -0. | -0. ||* 1. |*-0. |*-0. |
| -0. | -0. | -0. || -0. | -0. | -0. ||*-0. |*-0. |*-0. |
| -0. | -1. | -0. || -1. |  1. | -1. ||* 1. |*-0. |*-0. |


current State

|  1. | -1. |  0. ||  0. |  0. |  0. ||* 0. |* 0. |* 0. |
|  0. |  0. |  1. ||  1. |  0. |  0. ||* 0. |* 0. |*-1. |
|  0. |  1. |  0. ||  0. |  0. |  1. ||* 0. |* 0. |* 1. |
|=====+=====+=====||=====+=====+=====||=====+=====+=====|
|  0. |  0. |  1. ||  0. |  0. |  0. ||  0. | -1. |  0. |
| -1. | -1. |  0. ||  0. |  0. |  1. ||  1. |  0. |  0. |
|  0. |  0. |  0. ||  0. |  0. |  0. ||  0. | -1. |  0. |
|=====+=====+=====||=====+=====+=====||=====+=====+=====|
|  0. |  0. | -1. || -1. |  0. |  0. || -1. |  0. | -1. |
|  0. |  0. |  0. ||  0. |  0. |  0. ||  0. |  0. |  0. |
|  0. |  1. |  0. ||  1. | -1. |  1. || -1. |  0. |  0. |


state to eval, currenty is playerone turn=true

|  1. | -1. |  0. ||  0. |  0. |  0. ||* 0. |* 0. |* 0. |
|  0. |  0. |  1. ||  1. |  0. |  0. ||* 0. |* 0. |*-1. |
|  0. |  1. |  0. ||  0. |  0. |  1. ||* 0. |* 0. |* 1. |
|=====+=====+=====||=====+=====+=====||=====+=====+=====|
|  0. |  0. |  1. ||  0. |  0. |  0. ||  0. | -1. |  0. |
| -1. | -1. |  0. ||  0. |  0. |  1. ||  1. |  0. |  0. |
|  0. |  0. |  0. ||  0. |  0. |  0. ||  0. | -1. |  0. |
|=====+=====+=====||=====+=====+=====||=====+=====+=====|
|  0. |  0. | -1. || -1. |  0. |  0. || -1. |  0. | -1. |
|  0. |  0. |  0. ||  0. |  0. |  0. ||  0. |  0. |  0. |
|  0. |  1. |  0. ||  1. | -1. |  1. || -1. |  0. |  0. |


current State

|  1. | -1. |  0. ||  0. |  0. |  0. ||  0. |  0. |  0. |
|  0. |  0. |  1. ||  1. |  0. |  0. ||  0. |  0. | -1. |
|  0. |  1. |  0. ||  0. |  0. |  1. ||  1. |  0. |  1. |
|=====+=====+=====||=====+=====+=====||=====+=====+=====|
|  0. |  0. |  1. ||  0. |  0. |  0. ||  0. | -1. |  0. |
| -1. | -1. |  0. ||  0. |  0. |  1. ||  1. |  0. |  0. |
|  0. |  0. |  0. ||  0. |  0. |  0. ||  0. | -1. |  0. |
|=====+=====+=====||=====+=====+=====||=====+=====+=====|
|* 0. |* 0. |*-1. || -1. |  0. |  0. || -1. |  0. | -1. |
|* 0. |* 0. |* 0. ||  0. |  0. |  0. ||  0. |  0. |  0. |
|* 0. |* 1. |* 0. ||  1. | -1. |  1. || -1. |  0. |  0. |


state to eval, currenty is playerone turn=false

| -1. |  1. | -0. || -0. | -0. | -0. || -0. | -0. | -0. |
| -0. | -0. | -1. || -1. | -0. | -0. || -0. | -0. |  1. |
| -0. | -1. | -0. || -0. | -0. | -1. || -1. | -0. | -1. |
|=====+=====+=====||=====+=====+=====||=====+=====+=====|
| -0. | -0. | -1. || -0. | -0. | -0. || -0. |  1. | -0. |
|  1. |  1. | -0. || -0. | -0. | -1. || -1. | -0. | -0. |
| -0. | -0. | -0. || -0. | -0. | -0. || -0. |  1. | -0. |
|=====+=====+=====||=====+=====+=====||=====+=====+=====|
|*-0. |*-0. |* 1. ||  1. | -0. | -0. ||  1. | -0. |  1. |
|*-0. |*-0. |*-0. || -0. | -0. | -0. || -0. | -0. | -0. |
|*-0. |*-1. |*-0. || -1. |  1. | -1. ||  1. | -0. | -0. |


current State

|  1. | -1. |  0. ||  0. |  0. |  0. ||  0. |  0. |  0. |
|  0. |  0. |  1. ||  1. |  0. |  0. ||  0. |  0. | -1. |
|  0. |  1. |  0. ||  0. |  0. |  1. ||  1. |  0. |  1. |
|=====+=====+=====||=====+=====+=====||=====+=====+=====|
|  0. |  0. |  1. ||* 0. |* 0. |* 0. ||  0. | -1. |  0. |
| -1. | -1. |  0. ||* 0. |* 0. |* 1. ||  1. |  0. |  0. |
|  0. |  0. |  0. ||* 0. |* 0. |* 0. ||  0. | -1. |  0. |
|=====+=====+=====||=====+=====+=====||=====+=====+=====|
|  0. |  0. | -1. || -1. |  0. |  0. || -1. |  0. | -1. |
|  0. | -1. |  0. ||  0. |  0. |  0. ||  0. |  0. |  0. |
|  0. |  1. |  0. ||  1. | -1. |  1. || -1. |  0. |  0. |


state to eval, currenty is playerone turn=true

|  1. | -1. |  0. ||  0. |  0. |  0. ||  0. |  0. |  0. |
|  0. |  0. |  1. ||  1. |  0. |  0. ||  0. |  0. | -1. |
|  0. |  1. |  0. ||  0. |  0. |  1. ||  1. |  0. |  1. |
|=====+=====+=====||=====+=====+=====||=====+=====+=====|
|  0. |  0. |  1. ||* 0. |* 0. |* 0. ||  0. | -1. |  0. |
| -1. | -1. |  0. ||* 0. |* 0. |* 1. ||  1. |  0. |  0. |
|  0. |  0. |  0. ||* 0. |* 0. |* 0. ||  0. | -1. |  0. |
|=====+=====+=====||=====+=====+=====||=====+=====+=====|
|  0. |  0. | -1. || -1. |  0. |  0. || -1. |  0. | -1. |
|  0. | -1. |  0. ||  0. |  0. |  0. ||  0. |  0. |  0. |
|  0. |  1. |  0. ||  1. | -1. |  1. || -1. |  0. |  0. |


Determined best move using: 149888Iterations
Determined best move using: 99655Iterations
current State

|  1. | -1. |  0. ||  0. |  0. |  0. ||  0. |  0. |  0. |
|  0. |  0. |  1. ||  1. |  0. |  0. ||  0. |  0. | -1. |
|  0. |  1. |  0. ||  0. |  0. |  1. ||  1. |  0. |  1. |
|=====+=====+=====||=====+=====+=====||=====+=====+=====|
|* 0. |* 0. |* 1. ||  0. |  0. |  0. ||  0. | -1. |  0. |
|*-1. |*-1. |* 0. ||  1. |  0. |  1. ||  1. |  0. |  0. |
|* 0. |* 0. |* 0. ||  0. |  0. |  0. ||  0. | -1. |  0. |
|=====+=====+=====||=====+=====+=====||=====+=====+=====|
|  0. |  0. | -1. || -1. |  0. |  0. || -1. |  0. | -1. |
|  0. | -1. |  0. ||  0. |  0. |  0. ||  0. |  0. |  0. |
|  0. |  1. |  0. ||  1. | -1. |  1. || -1. |  0. |  0. |


state to eval, currenty is playerone turn=false

| -1. |  1. | -0. || -0. | -0. | -0. || -0. | -0. | -0. |
| -0. | -0. | -1. || -1. | -0. | -0. || -0. | -0. |  1. |
| -0. | -1. | -0. || -0. | -0. | -1. || -1. | -0. | -1. |
|=====+=====+=====||=====+=====+=====||=====+=====+=====|
|*-0. |*-0. |*-1. || -0. | -0. | -0. || -0. |  1. | -0. |
|* 1. |* 1. |*-0. || -1. | -0. | -1. || -1. | -0. | -0. |
|*-0. |*-0. |*-0. || -0. | -0. | -0. || -0. |  1. | -0. |
|=====+=====+=====||=====+=====+=====||=====+=====+=====|
| -0. | -0. |  1. ||  1. | -0. | -0. ||  1. | -0. |  1. |
| -0. |  1. | -0. || -0. | -0. | -0. || -0. | -0. | -0. |
| -0. | -1. | -0. || -1. |  1. | -1. ||  1. | -0. | -0. |


current State

|  1. | -1. |  0. ||  0. |  0. |  0. ||  0. |  0. |  0. |
|  0. |  0. |  1. ||  1. |  0. |  0. ||  0. |  0. | -1. |
|  0. |  1. |  0. ||  0. |  0. |  1. ||  1. |  0. |  1. |
|=====+=====+=====||=====+=====+=====||=====+=====+=====|
|  0. |  0. |  1. ||  0. |  0. |  0. ||* 0. |*-1. |* 0. |
| -1. | -1. | -1. ||  1. |  0. |  1. ||* 1. |* 0. |* 0. |
|  0. |  0. |  0. ||  0. |  0. |  0. ||* 0. |*-1. |* 0. |
|=====+=====+=====||=====+=====+=====||=====+=====+=====|
|  0. |  0. | -1. || -1. |  0. |  0. || -1. |  0. | -1. |
|  0. | -1. |  0. ||  0. |  0. |  0. ||  0. |  0. |  0. |
|  0. |  1. |  0. ||  1. | -1. |  1. || -1. |  0. |  0. |


state to eval, currenty is playerone turn=true

|  1. | -1. |  0. ||  0. |  0. |  0. ||  0. |  0. |  0. |
|  0. |  0. |  1. ||  1. |  0. |  0. ||  0. |  0. | -1. |
|  0. |  1. |  0. ||  0. |  0. |  1. ||  1. |  0. |  1. |
|=====+=====+=====||=====+=====+=====||=====+=====+=====|
|  0. |  0. |  1. ||  0. |  0. |  0. ||* 0. |*-1. |* 0. |
| -1. | -1. | -1. ||  1. |  0. |  1. ||* 1. |* 0. |* 0. |
|  0. |  0. |  0. ||  0. |  0. |  0. ||* 0. |*-1. |* 0. |
|=====+=====+=====||=====+=====+=====||=====+=====+=====|
|  0. |  0. | -1. || -1. |  0. |  0. || -1. |  0. | -1. |
|  0. | -1. |  0. ||  0. |  0. |  0. ||  0. |  0. |  0. |
|  0. |  1. |  0. ||  1. | -1. |  1. || -1. |  0. |  0. |


Determined best move using: 220298Iterations
Determined best move using: 1116300Iterations
current State

|  1. | -1. |  0. ||  0. |  0. |  0. ||  0. |  0. |  0. |
|  0. |  0. |  1. ||  1. |  0. |  0. ||  0. |  0. | -1. |
|  0. |  1. |  0. ||  0. |  0. |  1. ||  1. |  0. |  1. |
|=====+=====+=====||=====+=====+=====||=====+=====+=====|
|  0. |  0. |  1. ||  0. |  0. |  0. ||* 0. |*-1. |* 0. |
| -1. | -1. | -1. ||  1. |  0. |  1. ||* 1. |* 0. |* 1. |
|  0. |  0. |  0. ||  0. |  0. |  0. ||* 0. |*-1. |* 0. |
|=====+=====+=====||=====+=====+=====||=====+=====+=====|
|  0. |  0. | -1. || -1. |  0. |  0. || -1. |  0. | -1. |
|  0. | -1. |  0. ||  0. |  0. |  0. ||  0. |  0. |  0. |
|  0. |  1. |  0. ||  1. | -1. |  1. || -1. |  0. |  0. |


state to eval, currenty is playerone turn=false

| -1. |  1. | -0. || -0. | -0. | -0. || -0. | -0. | -0. |
| -0. | -0. | -1. || -1. | -0. | -0. || -0. | -0. |  1. |
| -0. | -1. | -0. || -0. | -0. | -1. || -1. | -0. | -1. |
|=====+=====+=====||=====+=====+=====||=====+=====+=====|
| -0. | -0. | -1. || -0. | -0. | -0. ||*-0. |* 1. |*-0. |
|  1. |  1. |  1. || -1. | -0. | -1. ||*-1. |*-0. |*-1. |
| -0. | -0. | -0. || -0. | -0. | -0. ||*-0. |* 1. |*-0. |
|=====+=====+=====||=====+=====+=====||=====+=====+=====|
| -0. | -0. |  1. ||  1. | -0. | -0. ||  1. | -0. |  1. |
| -0. |  1. | -0. || -0. | -0. | -0. || -0. | -0. | -0. |
| -0. | -1. | -0. || -1. |  1. | -1. ||  1. | -0. | -0. |


current State

|  1. | -1. |  0. ||  0. |  0. |  0. ||  0. |  0. |  0. |
|  0. |  0. |  1. ||  1. |  0. |  0. ||  0. |  0. | -1. |
|  0. |  1. |  0. ||  0. |  0. |  1. ||  1. |  0. |  1. |
|=====+=====+=====||=====+=====+=====||=====+=====+=====|
|  0. |  0. |  1. ||  0. |  0. |  0. ||  0. | -1. |  0. |
| -1. | -1. | -1. ||  1. |  0. |  1. ||  1. |  0. |  1. |
|  0. |  0. |  0. ||  0. |  0. |  0. ||  0. | -1. | -1. |
|=====+=====+=====||=====+=====+=====||=====+=====+=====|
|  0. |  0. | -1. || -1. |  0. |  0. ||*-1. |* 0. |*-1. |
|  0. | -1. |  0. ||  0. |  0. |  0. ||* 0. |* 0. |* 0. |
|  0. |  1. |  0. ||  1. | -1. |  1. ||*-1. |* 0. |* 0. |


state to eval, currenty is playerone turn=true

|  1. | -1. |  0. ||  0. |  0. |  0. ||  0. |  0. |  0. |
|  0. |  0. |  1. ||  1. |  0. |  0. ||  0. |  0. | -1. |
|  0. |  1. |  0. ||  0. |  0. |  1. ||  1. |  0. |  1. |
|=====+=====+=====||=====+=====+=====||=====+=====+=====|
|  0. |  0. |  1. ||  0. |  0. |  0. ||  0. | -1. |  0. |
| -1. | -1. | -1. ||  1. |  0. |  1. ||  1. |  0. |  1. |
|  0. |  0. |  0. ||  0. |  0. |  0. ||  0. | -1. | -1. |
|=====+=====+=====||=====+=====+=====||=====+=====+=====|
|  0. |  0. | -1. || -1. |  0. |  0. ||*-1. |* 0. |*-1. |
|  0. | -1. |  0. ||  0. |  0. |  0. ||* 0. |* 0. |* 0. |
|  0. |  1. |  0. ||  1. | -1. |  1. ||*-1. |* 0. |* 0. |


current State

|  1. | -1. |  0. ||  0. |  0. |  0. ||  0. |  0. |  0. |
|  0. |  0. |  1. ||  1. |  0. |  0. ||  0. |  0. | -1. |
|  0. |  1. |  0. ||  0. |  0. |  1. ||  1. |  0. |  1. |
|=====+=====+=====||=====+=====+=====||=====+=====+=====|
|  0. |  0. |  1. ||  0. |  0. |  0. ||  0. | -1. |  0. |
| -1. | -1. | -1. ||  1. |  0. |  1. ||  1. |  0. |  1. |
|  0. |  0. |  0. ||  0. |  0. |  0. ||  0. | -1. | -1. |
|=====+=====+=====||=====+=====+=====||=====+=====+=====|
|  0. |  0. | -1. || -1. |  0. |  0. ||*-1. |* 0. |*-1. |
|  0. | -1. |  0. ||  0. |  0. |  0. ||* 0. |* 0. |* 0. |
|  0. |  1. |  0. ||  1. | -1. |  1. ||*-1. |* 0. |* 1. |


state to eval, currenty is playerone turn=false

| -1. |  1. | -0. || -0. | -0. | -0. || -0. | -0. | -0. |
| -0. | -0. | -1. || -1. | -0. | -0. || -0. | -0. |  1. |
| -0. | -1. | -0. || -0. | -0. | -1. || -1. | -0. | -1. |
|=====+=====+=====||=====+=====+=====||=====+=====+=====|
| -0. | -0. | -1. || -0. | -0. | -0. || -0. |  1. | -0. |
|  1. |  1. |  1. || -1. | -0. | -1. || -1. | -0. | -1. |
| -0. | -0. | -0. || -0. | -0. | -0. || -0. |  1. |  1. |
|=====+=====+=====||=====+=====+=====||=====+=====+=====|
| -0. | -0. |  1. ||  1. | -0. | -0. ||* 1. |*-0. |* 1. |
| -0. |  1. | -0. || -0. | -0. | -0. ||*-0. |*-0. |*-0. |
| -0. | -1. | -0. || -1. |  1. | -1. ||* 1. |*-0. |*-1. |


current State

|  1. | -1. |  0. ||* 0. |* 0. |* 0. ||  0. |  0. |  0. |
|  0. |  0. |  1. ||* 1. |* 0. |* 0. ||  0. |  0. | -1. |
|  0. |  1. |  0. ||* 0. |* 0. |* 1. ||  1. |  0. |  1. |
|=====+=====+=====||=====+=====+=====||=====+=====+=====|
|  0. |  0. |  1. ||  0. |  0. |  0. ||  0. | -1. |  0. |
| -1. | -1. | -1. ||  1. |  0. |  1. ||  1. |  0. |  1. |
|  0. |  0. |  0. ||  0. |  0. |  0. ||  0. | -1. | -1. |
|=====+=====+=====||=====+=====+=====||=====+=====+=====|
|  0. |  0. | -1. || -1. |  0. |  0. || -1. | -1. | -1. |
|  0. | -1. |  0. ||  0. |  0. |  0. ||  0. |  0. |  0. |
|  0. |  1. |  0. ||  1. | -1. |  1. || -1. |  0. |  1. |


state to eval, currenty is playerone turn=true

|  1. | -1. |  0. ||* 0. |* 0. |* 0. ||  0. |  0. |  0. |
|  0. |  0. |  1. ||* 1. |* 0. |* 0. ||  0. |  0. | -1. |
|  0. |  1. |  0. ||* 0. |* 0. |* 1. ||  1. |  0. |  1. |
|=====+=====+=====||=====+=====+=====||=====+=====+=====|
|  0. |  0. |  1. ||  0. |  0. |  0. ||  0. | -1. |  0. |
| -1. | -1. | -1. ||  1. |  0. |  1. ||  1. |  0. |  1. |
|  0. |  0. |  0. ||  0. |  0. |  0. ||  0. | -1. | -1. |
|=====+=====+=====||=====+=====+=====||=====+=====+=====|
|  0. |  0. | -1. || -1. |  0. |  0. || -1. | -1. | -1. |
|  0. | -1. |  0. ||  0. |  0. |  0. ||  0. |  0. |  0. |
|  0. |  1. |  0. ||  1. | -1. |  1. || -1. |  0. |  1. |


Determined best move using: 1300199Iterations
Determined best move using: 119551Iterations
Determined best move using: 119513Iterations
current State

|  1. | -1. |  0. ||  0. |  0. |  0. ||  0. |  0. |  0. |
|  0. |  0. |  1. ||  1. |  0. |  0. ||  0. |  0. | -1. |
|  0. |  1. |  0. ||  1. |  0. |  1. ||  1. |  0. |  1. |
|=====+=====+=====||=====+=====+=====||=====+=====+=====|
|  0. |  0. |  1. ||  0. |  0. |  0. ||  0. | -1. |  0. |
| -1. | -1. | -1. ||  1. |  0. |  1. ||  1. |  0. |  1. |
|  0. |  0. |  0. ||  0. |  0. |  0. ||  0. | -1. | -1. |
|=====+=====+=====||=====+=====+=====||=====+=====+=====|
|* 0. |* 0. |*-1. || -1. |  0. |  0. || -1. | -1. | -1. |
|* 0. |*-1. |* 0. ||  0. |  0. |  0. ||  0. |  0. |  0. |
|* 0. |* 1. |* 0. ||  1. | -1. |  1. || -1. |  0. |  1. |


state to eval, currenty is playerone turn=false

| -1. |  1. | -0. || -0. | -0. | -0. || -0. | -0. | -0. |
| -0. | -0. | -1. || -1. | -0. | -0. || -0. | -0. |  1. |
| -0. | -1. | -0. || -1. | -0. | -1. || -1. | -0. | -1. |
|=====+=====+=====||=====+=====+=====||=====+=====+=====|
| -0. | -0. | -1. || -0. | -0. | -0. || -0. |  1. | -0. |
|  1. |  1. |  1. || -1. | -0. | -1. || -1. | -0. | -1. |
| -0. | -0. | -0. || -0. | -0. | -0. || -0. |  1. |  1. |
|=====+=====+=====||=====+=====+=====||=====+=====+=====|
|*-0. |*-0. |* 1. ||  1. | -0. | -0. ||  1. |  1. |  1. |
|*-0. |* 1. |*-0. || -0. | -0. | -0. || -0. | -0. | -0. |
|*-0. |*-1. |*-0. || -1. |  1. | -1. ||  1. | -0. | -1. |


Determined best move using: 130893Iterations
current State

|* 1. |*-1. |* 0. ||* 0. |* 0. |* 0. ||* 0. |* 0. |* 0. |
|* 0. |* 0. |* 1. ||* 1. |* 0. |* 0. ||* 0. |* 0. |*-1. |
|* 0. |* 1. |* 0. ||* 1. |* 0. |* 1. ||* 1. |* 0. |* 1. |
|=====+=====+=====||=====+=====+=====||=====+=====+=====|
|  0. |  0. |  1. ||* 0. |* 0. |* 0. ||* 0. |*-1. |* 0. |
| -1. | -1. | -1. ||* 1. |* 0. |* 1. ||* 1. |* 0. |* 1. |
|  0. |  0. |  0. ||* 0. |* 0. |* 0. ||* 0. |*-1. |*-1. |
|=====+=====+=====||=====+=====+=====||=====+=====+=====|
|  0. |  0. | -1. ||*-1. |* 0. |* 0. || -1. | -1. | -1. |
|  0. | -1. |  0. ||* 0. |* 0. |* 0. ||  0. |  0. |  0. |
| -1. |  1. |  0. ||* 1. |*-1. |* 1. || -1. |  0. |  1. |


state to eval, currenty is playerone turn=true

|* 1. |*-1. |* 0. ||* 0. |* 0. |* 0. ||* 0. |* 0. |* 0. |
|* 0. |* 0. |* 1. ||* 1. |* 0. |* 0. ||* 0. |* 0. |*-1. |
|* 0. |* 1. |* 0. ||* 1. |* 0. |* 1. ||* 1. |* 0. |* 1. |
|=====+=====+=====||=====+=====+=====||=====+=====+=====|
|  0. |  0. |  1. ||* 0. |* 0. |* 0. ||* 0. |*-1. |* 0. |
| -1. | -1. | -1. ||* 1. |* 0. |* 1. ||* 1. |* 0. |* 1. |
|  0. |  0. |  0. ||* 0. |* 0. |* 0. ||* 0. |*-1. |*-1. |
|=====+=====+=====||=====+=====+=====||=====+=====+=====|
|  0. |  0. | -1. ||*-1. |* 0. |* 0. || -1. | -1. | -1. |
|  0. | -1. |  0. ||* 0. |* 0. |* 0. ||  0. |  0. |  0. |
| -1. |  1. |  0. ||* 1. |*-1. |* 1. || -1. |  0. |  1. |


Determined best move using: 131991Iterations
Determined best move using: 122807Iterations
Determined best move using: 131582Iterations
Determined best move using: 2004154Iterations
current State

|  1. | -1. |  0. ||  0. |  0. |  0. ||  0. |  0. |  0. |
|  0. |  0. |  1. ||  1. |  1. |  0. ||  0. |  0. | -1. |
|  0. |  1. |  0. ||  1. |  0. |  1. ||  1. |  0. |  1. |
|=====+=====+=====||=====+=====+=====||=====+=====+=====|
|  0. |  0. |  1. ||* 0. |* 0. |* 0. ||  0. | -1. |  0. |
| -1. | -1. | -1. ||* 1. |* 0. |* 1. ||  1. |  0. |  1. |
|  0. |  0. |  0. ||* 0. |* 0. |* 0. ||  0. | -1. | -1. |
|=====+=====+=====||=====+=====+=====||=====+=====+=====|
|  0. |  0. | -1. || -1. |  0. |  0. || -1. | -1. | -1. |
|  0. | -1. |  0. ||  0. |  0. |  0. ||  0. |  0. |  0. |
| -1. |  1. |  0. ||  1. | -1. |  1. || -1. |  0. |  1. |


state to eval, currenty is playerone turn=false

| -1. |  1. | -0. || -0. | -0. | -0. || -0. | -0. | -0. |
| -0. | -0. | -1. || -1. | -1. | -0. || -0. | -0. |  1. |
| -0. | -1. | -0. || -1. | -0. | -1. || -1. | -0. | -1. |
|=====+=====+=====||=====+=====+=====||=====+=====+=====|
| -0. | -0. | -1. ||*-0. |*-0. |*-0. || -0. |  1. | -0. |
|  1. |  1. |  1. ||*-1. |*-0. |*-1. || -1. | -0. | -1. |
| -0. | -0. | -0. ||*-0. |*-0. |*-0. || -0. |  1. |  1. |
|=====+=====+=====||=====+=====+=====||=====+=====+=====|
| -0. | -0. |  1. ||  1. | -0. | -0. ||  1. |  1. |  1. |
| -0. |  1. | -0. || -0. | -0. | -0. || -0. | -0. | -0. |
|  1. | -1. | -0. || -1. |  1. | -1. ||  1. | -0. | -1. |


current State

|* 1. |*-1. |* 0. ||* 0. |* 0. |* 0. ||* 0. |* 0. |* 0. |
|* 0. |* 0. |* 1. ||* 1. |* 1. |* 0. ||* 0. |* 0. |*-1. |
|* 0. |* 1. |* 0. ||* 1. |* 0. |* 1. ||* 1. |* 0. |* 1. |
|=====+=====+=====||=====+=====+=====||=====+=====+=====|
|  0. |  0. |  1. ||* 0. |* 0. |* 0. ||* 0. |*-1. |* 0. |
| -1. | -1. | -1. ||* 1. |* 0. |* 1. ||* 1. |* 0. |* 1. |
|  0. |  0. |  0. ||* 0. |* 0. |*-1. ||* 0. |*-1. |*-1. |
|=====+=====+=====||=====+=====+=====||=====+=====+=====|
|  0. |  0. | -1. ||*-1. |* 0. |* 0. || -1. | -1. | -1. |
|  0. | -1. |  0. ||* 0. |* 0. |* 0. ||  0. |  0. |  0. |
| -1. |  1. |  0. ||* 1. |*-1. |* 1. || -1. |  0. |  1. |


state to eval, currenty is playerone turn=true

|* 1. |*-1. |* 0. ||* 0. |* 0. |* 0. ||* 0. |* 0. |* 0. |
|* 0. |* 0. |* 1. ||* 1. |* 1. |* 0. ||* 0. |* 0. |*-1. |
|* 0. |* 1. |* 0. ||* 1. |* 0. |* 1. ||* 1. |* 0. |* 1. |
|=====+=====+=====||=====+=====+=====||=====+=====+=====|
|  0. |  0. |  1. ||* 0. |* 0. |* 0. ||* 0. |*-1. |* 0. |
| -1. | -1. | -1. ||* 1. |* 0. |* 1. ||* 1. |* 0. |* 1. |
|  0. |  0. |  0. ||* 0. |* 0. |*-1. ||* 0. |*-1. |*-1. |
|=====+=====+=====||=====+=====+=====||=====+=====+=====|
|  0. |  0. | -1. ||*-1. |* 0. |* 0. || -1. | -1. | -1. |
|  0. | -1. |  0. ||* 0. |* 0. |* 0. ||  0. |  0. |  0. |
| -1. |  1. |  0. ||* 1. |*-1. |* 1. || -1. |  0. |  1. |


Determined best move using: 161712Iterations
Determined best move using: 130998Iterations
Determined best move using: 146499Iterations
current State

|  1. | -1. |  0. ||  0. |  0. |  0. ||  0. |  0. |  0. |
|  0. |  0. |  1. ||  1. |  1. |  0. ||  0. |  0. | -1. |
|  0. |  1. |  0. ||  1. |  0. |  1. ||  1. |  0. |  1. |
|=====+=====+=====||=====+=====+=====||=====+=====+=====|
|  0. |  0. |  1. ||  0. |  0. |  0. ||  0. | -1. |  0. |
| -1. | -1. | -1. ||  1. |  0. |  1. ||  1. |  0. |  1. |
|  0. |  0. |  0. ||  0. |  1. | -1. ||  0. | -1. | -1. |
|=====+=====+=====||=====+=====+=====||=====+=====+=====|
|  0. |  0. | -1. ||*-1. |* 0. |* 0. || -1. | -1. | -1. |
|  0. | -1. |  0. ||* 0. |* 0. |* 0. ||  0. |  0. |  0. |
| -1. |  1. |  0. ||* 1. |*-1. |* 1. || -1. |  0. |  1. |


state to eval, currenty is playerone turn=false

| -1. |  1. | -0. || -0. | -0. | -0. || -0. | -0. | -0. |
| -0. | -0. | -1. || -1. | -1. | -0. || -0. | -0. |  1. |
| -0. | -1. | -0. || -1. | -0. | -1. || -1. | -0. | -1. |
|=====+=====+=====||=====+=====+=====||=====+=====+=====|
| -0. | -0. | -1. || -0. | -0. | -0. || -0. |  1. | -0. |
|  1. |  1. |  1. || -1. | -0. | -1. || -1. | -0. | -1. |
| -0. | -0. | -0. || -0. | -1. |  1. || -0. |  1. |  1. |
|=====+=====+=====||=====+=====+=====||=====+=====+=====|
| -0. | -0. |  1. ||* 1. |*-0. |*-0. ||  1. |  1. |  1. |
| -0. |  1. | -0. ||*-0. |*-0. |*-0. || -0. | -0. | -0. |
|  1. | -1. | -0. ||*-1. |* 1. |*-1. ||  1. | -0. | -1. |


Determined best move using: 133026Iterations
Determined best move using: 65982Iterations
Determined best move using: 168811Iterations
current State

|  1. | -1. |  0. ||* 0. |* 0. |* 0. ||  0. |  0. |  0. |
|  0. |  0. |  1. ||* 1. |* 1. |* 0. ||  0. |  0. | -1. |
|  0. |  1. |  0. ||* 1. |* 0. |* 1. ||  1. |  0. |  1. |
|=====+=====+=====||=====+=====+=====||=====+=====+=====|
|  0. |  0. |  1. ||  0. |  0. |  0. ||  0. | -1. |  0. |
| -1. | -1. | -1. ||  1. |  0. |  1. ||  1. |  0. |  1. |
|  0. |  0. |  0. ||  0. |  1. | -1. ||  0. | -1. | -1. |
|=====+=====+=====||=====+=====+=====||=====+=====+=====|
|  0. |  0. | -1. || -1. | -1. |  0. || -1. | -1. | -1. |
|  0. | -1. |  0. ||  0. |  0. |  0. ||  0. |  0. |  0. |
| -1. |  1. |  0. ||  1. | -1. |  1. || -1. |  0. |  1. |


state to eval, currenty is playerone turn=true

|  1. | -1. |  0. ||* 0. |* 0. |* 0. ||  0. |  0. |  0. |
|  0. |  0. |  1. ||* 1. |* 1. |* 0. ||  0. |  0. | -1. |
|  0. |  1. |  0. ||* 1. |* 0. |* 1. ||  1. |  0. |  1. |
|=====+=====+=====||=====+=====+=====||=====+=====+=====|
|  0. |  0. |  1. ||  0. |  0. |  0. ||  0. | -1. |  0. |
| -1. | -1. | -1. ||  1. |  0. |  1. ||  1. |  0. |  1. |
|  0. |  0. |  0. ||  0. |  1. | -1. ||  0. | -1. | -1. |
|=====+=====+=====||=====+=====+=====||=====+=====+=====|
|  0. |  0. | -1. || -1. | -1. |  0. || -1. | -1. | -1. |
|  0. | -1. |  0. ||  0. |  0. |  0. ||  0. |  0. |  0. |
| -1. |  1. |  0. ||  1. | -1. |  1. || -1. |  0. |  1. |


current State

|  1. | -1. |  0. ||  0. |  0. |  0. ||  0. |  0. |  0. |
|  0. |  0. |  1. ||  1. |  1. |  1. ||  0. |  0. | -1. |
|  0. |  1. |  0. ||  1. |  0. |  1. ||  1. |  0. |  1. |
|=====+=====+=====||=====+=====+=====||=====+=====+=====|
|  0. |  0. |  1. ||  0. |  0. |  0. ||* 0. |*-1. |* 0. |
| -1. | -1. | -1. ||  1. |  0. |  1. ||* 1. |* 0. |* 1. |
|  0. |  0. |  0. ||  0. |  1. | -1. ||* 0. |*-1. |*-1. |
|=====+=====+=====||=====+=====+=====||=====+=====+=====|
|  0. |  0. | -1. || -1. | -1. |  0. || -1. | -1. | -1. |
|  0. | -1. |  0. ||  0. |  0. |  0. ||  0. |  0. |  0. |
| -1. |  1. |  0. ||  1. | -1. |  1. || -1. |  0. |  1. |


state to eval, currenty is playerone turn=false

| -1. |  1. | -0. || -0. | -0. | -0. || -0. | -0. | -0. |
| -0. | -0. | -1. || -1. | -1. | -1. || -0. | -0. |  1. |
| -0. | -1. | -0. || -1. | -0. | -1. || -1. | -0. | -1. |
|=====+=====+=====||=====+=====+=====||=====+=====+=====|
| -0. | -0. | -1. || -0. | -0. | -0. ||*-0. |* 1. |*-0. |
|  1. |  1. |  1. || -1. | -0. | -1. ||*-1. |*-0. |*-1. |
| -0. | -0. | -0. || -0. | -1. |  1. ||*-0. |* 1. |* 1. |
|=====+=====+=====||=====+=====+=====||=====+=====+=====|
| -0. | -0. |  1. ||  1. |  1. | -0. ||  1. |  1. |  1. |
| -0. |  1. | -0. || -0. | -0. | -0. || -0. | -0. | -0. |
|  1. | -1. | -0. || -1. |  1. | -1. ||  1. | -0. | -1. |


Determined best move using: 885316Iterations
current State

|  1. | -1. |  0. ||  0. |  0. |  0. ||  0. |  0. |  0. |
|  0. |  0. |  1. ||  1. |  1. |  1. ||  0. |  0. | -1. |
|  0. |  1. |  0. ||  1. |  0. |  1. ||  1. |  0. |  1. |
|=====+=====+=====||=====+=====+=====||=====+=====+=====|
|  0. |  0. |  1. ||* 0. |* 0. |* 0. ||  0. | -1. |  0. |
| -1. | -1. | -1. ||* 1. |* 0. |* 1. ||  1. | -1. |  1. |
|  0. |  0. |  0. ||* 0. |* 1. |*-1. ||  0. | -1. | -1. |
|=====+=====+=====||=====+=====+=====||=====+=====+=====|
|  0. |  0. | -1. || -1. | -1. |  0. || -1. | -1. | -1. |
|  0. | -1. |  0. ||  0. |  0. |  0. ||  0. |  0. |  0. |
| -1. |  1. |  0. ||  1. | -1. |  1. || -1. |  0. |  1. |


state to eval, currenty is playerone turn=true

|  1. | -1. |  0. ||  0. |  0. |  0. ||  0. |  0. |  0. |
|  0. |  0. |  1. ||  1. |  1. |  1. ||  0. |  0. | -1. |
|  0. |  1. |  0. ||  1. |  0. |  1. ||  1. |  0. |  1. |
|=====+=====+=====||=====+=====+=====||=====+=====+=====|
|  0. |  0. |  1. ||* 0. |* 0. |* 0. ||  0. | -1. |  0. |
| -1. | -1. | -1. ||* 1. |* 0. |* 1. ||  1. | -1. |  1. |
|  0. |  0. |  0. ||* 0. |* 1. |*-1. ||  0. | -1. | -1. |
|=====+=====+=====||=====+=====+=====||=====+=====+=====|
|  0. |  0. | -1. || -1. | -1. |  0. || -1. | -1. | -1. |
|  0. | -1. |  0. ||  0. |  0. |  0. ||  0. |  0. |  0. |
| -1. |  1. |  0. ||  1. | -1. |  1. || -1. |  0. |  1. |


current State

|* 1. |*-1. |* 0. ||  0. |  0. |  0. ||  0. |  0. |  0. |
|* 0. |* 0. |* 1. ||  1. |  1. |  1. ||  0. |  0. | -1. |
|* 0. |* 1. |* 0. ||  1. |  0. |  1. ||  1. |  0. |  1. |
|=====+=====+=====||=====+=====+=====||=====+=====+=====|
|  0. |  0. |  1. ||  1. |  0. |  0. ||  0. | -1. |  0. |
| -1. | -1. | -1. ||  1. |  0. |  1. ||  1. | -1. |  1. |
|  0. |  0. |  0. ||  0. |  1. | -1. ||  0. | -1. | -1. |
|=====+=====+=====||=====+=====+=====||=====+=====+=====|
|  0. |  0. | -1. || -1. | -1. |  0. || -1. | -1. | -1. |
|  0. | -1. |  0. ||  0. |  0. |  0. ||  0. |  0. |  0. |
| -1. |  1. |  0. ||  1. | -1. |  1. || -1. |  0. |  1. |


state to eval, currenty is playerone turn=false

|*-1. |* 1. |*-0. || -0. | -0. | -0. || -0. | -0. | -0. |
|*-0. |*-0. |*-1. || -1. | -1. | -1. || -0. | -0. |  1. |
|*-0. |*-1. |*-0. || -1. | -0. | -1. || -1. | -0. | -1. |
|=====+=====+=====||=====+=====+=====||=====+=====+=====|
| -0. | -0. | -1. || -1. | -0. | -0. || -0. |  1. | -0. |
|  1. |  1. |  1. || -1. | -0. | -1. || -1. |  1. | -1. |
| -0. | -0. | -0. || -0. | -1. |  1. || -0. |  1. |  1. |
|=====+=====+=====||=====+=====+=====||=====+=====+=====|
| -0. | -0. |  1. ||  1. |  1. | -0. ||  1. |  1. |  1. |
| -0. |  1. | -0. || -0. | -0. | -0. || -0. | -0. | -0. |
|  1. | -1. | -0. || -1. |  1. | -1. ||  1. | -0. | -1. |


current State

|  1. | -1. |  0. ||  0. |  0. |  0. ||  0. |  0. |  0. |
|  0. | -1. |  1. ||  1. |  1. |  1. ||  0. |  0. | -1. |
|  0. |  1. |  0. ||  1. |  0. |  1. ||  1. |  0. |  1. |
|=====+=====+=====||=====+=====+=====||=====+=====+=====|
|  0. |  0. |  1. ||* 1. |* 0. |* 0. ||  0. | -1. |  0. |
| -1. | -1. | -1. ||* 1. |* 0. |* 1. ||  1. | -1. |  1. |
|  0. |  0. |  0. ||* 0. |* 1. |*-1. ||  0. | -1. | -1. |
|=====+=====+=====||=====+=====+=====||=====+=====+=====|
|  0. |  0. | -1. || -1. | -1. |  0. || -1. | -1. | -1. |
|  0. | -1. |  0. ||  0. |  0. |  0. ||  0. |  0. |  0. |
| -1. |  1. |  0. ||  1. | -1. |  1. || -1. |  0. |  1. |


state to eval, currenty is playerone turn=true

|  1. | -1. |  0. ||  0. |  0. |  0. ||  0. |  0. |  0. |
|  0. | -1. |  1. ||  1. |  1. |  1. ||  0. |  0. | -1. |
|  0. |  1. |  0. ||  1. |  0. |  1. ||  1. |  0. |  1. |
|=====+=====+=====||=====+=====+=====||=====+=====+=====|
|  0. |  0. |  1. ||* 1. |* 0. |* 0. ||  0. | -1. |  0. |
| -1. | -1. | -1. ||* 1. |* 0. |* 1. ||  1. | -1. |  1. |
|  0. |  0. |  0. ||* 0. |* 1. |*-1. ||  0. | -1. | -1. |
|=====+=====+=====||=====+=====+=====||=====+=====+=====|
|  0. |  0. | -1. || -1. | -1. |  0. || -1. | -1. | -1. |
|  0. | -1. |  0. ||  0. |  0. |  0. ||  0. |  0. |  0. |
| -1. |  1. |  0. ||  1. | -1. |  1. || -1. |  0. |  1. |


Determined best move using: 169502Iterations
current State

|* 1. |*-1. |* 0. ||  0. |  0. |  0. ||* 0. |* 0. |* 0. |
|* 0. |*-1. |* 1. ||  1. |  1. |  1. ||* 0. |* 0. |*-1. |
|* 0. |* 1. |* 0. ||  1. |  0. |  1. ||* 1. |* 0. |* 1. |
|=====+=====+=====||=====+=====+=====||=====+=====+=====|
|  0. |  0. |  1. ||  1. |  0. |  0. ||  0. | -1. |  0. |
| -1. | -1. | -1. ||  1. |  1. |  1. ||  1. | -1. |  1. |
|  0. |  0. |  0. ||  0. |  1. | -1. ||  0. | -1. | -1. |
|=====+=====+=====||=====+=====+=====||=====+=====+=====|
|  0. |  0. | -1. ||*-1. |*-1. |* 0. || -1. | -1. | -1. |
|  0. | -1. |  0. ||* 0. |* 0. |* 0. ||  0. |  0. |  0. |
| -1. |  1. |  0. ||* 1. |*-1. |* 1. || -1. |  0. |  1. |


state to eval, currenty is playerone turn=false

|*-1. |* 1. |*-0. || -0. | -0. | -0. ||*-0. |*-0. |*-0. |
|*-0. |* 1. |*-1. || -1. | -1. | -1. ||*-0. |*-0. |* 1. |
|*-0. |*-1. |*-0. || -1. | -0. | -1. ||*-1. |*-0. |*-1. |
|=====+=====+=====||=====+=====+=====||=====+=====+=====|
| -0. | -0. | -1. || -1. | -0. | -0. || -0. |  1. | -0. |
|  1. |  1. |  1. || -1. | -1. | -1. || -1. |  1. | -1. |
| -0. | -0. | -0. || -0. | -1. |  1. || -0. |  1. |  1. |
|=====+=====+=====||=====+=====+=====||=====+=====+=====|
| -0. | -0. |  1. ||* 1. |* 1. |*-0. ||  1. |  1. |  1. |
| -0. |  1. | -0. ||*-0. |*-0. |*-0. || -0. | -0. | -0. |
|  1. | -1. | -0. ||*-1. |* 1. |*-1. ||  1. | -0. | -1. |


Determined best move using: 190139Iterations
current State

|* 1. |*-1. |* 0. ||  0. |  0. |  0. ||* 0. |* 0. |* 0. |
|* 0. |*-1. |* 1. ||  1. |  1. |  1. ||* 0. |* 0. |*-1. |
|* 0. |* 1. |* 0. ||  1. |  0. |  1. ||* 1. |* 0. |* 1. |
|=====+=====+=====||=====+=====+=====||=====+=====+=====|
|  0. |  0. |  1. ||  1. |  0. |  0. ||  0. | -1. |  0. |
| -1. | -1. | -1. ||  1. |  1. |  1. ||  1. | -1. |  1. |
|  0. |  0. |  0. ||  0. |  1. | -1. ||  0. | -1. | -1. |
|=====+=====+=====||=====+=====+=====||=====+=====+=====|
|  0. |  0. | -1. || -1. | -1. |  0. || -1. | -1. | -1. |
|  0. | -1. |  0. ||  0. | -1. |  0. ||  0. |  0. |  0. |
| -1. |  1. |  0. ||  1. | -1. |  1. || -1. |  0. |  1. |


Game ended in: 44 moves
Actual data created in graphical format: 
[StateDatum{MCTSProbabilites=
|  .0126 |  .0077 |  .0187 ||  .0153 |  .0105 |  .0167 ||  .0115 |  .0106 |  .0131 |
|  .0158 |  .0152 |  .0212 ||  .0167 |  .0153 |  .013 ||  .0144 |  .0071 |  .0087 |
|  .0094 |  .0108 |  .0088 ||  .0185 |  .011 |  .0084 ||  .0101 |  .0087 |  .0071 |
|========+========+========||========+========+========||========+========+========|
|  .008 |  .0147 |  .0126 ||  .0116 |  .0117 |  .0093 ||  .0152 |  .0189 |  .0103 |
|  .014 |  .0123 |  .0132 ||  .0108 |  .0054 |  .0121 ||  .0089 |  .0143 |  .0081 |
|  .0164 |  .0153 |  .0117 ||  .011 |  .0091 |  .0159 ||  .011 |  .0073 |  .0113 |
|========+========+========||========+========+========||========+========+========|
|  .0126 |  .0182 |  .0088 ||  .0184 |  .0144 |  .0087 ||  .0071 |  .0113 |  .0095 |
|  .0095 |  .015 |  .0108 ||  .0159 |  .0114 |  .0133 ||  .0111 |  .0133 |  .0109 |
|  .0153 |  .0142 |  .0138 ||  .0154 |  .0151 |  .0157 ||  .0107 |  .008 |  .0144 |

, state=
|* 0. |* 0. |* 0. ||* 0. |* 0. |* 0. ||* 0. |* 0. |* 0. |
|* 0. |* 0. |* 0. ||* 0. |* 0. |* 0. ||* 0. |* 0. |* 0. |
|* 0. |* 0. |* 0. ||* 0. |* 0. |* 0. ||* 0. |* 0. |* 0. |
|=====+=====+=====||=====+=====+=====||=====+=====+=====|
|* 0. |* 0. |* 0. ||* 0. |* 0. |* 0. ||* 0. |* 0. |* 0. |
|* 0. |* 0. |* 0. ||* 0. |* 0. |* 0. ||* 0. |* 0. |* 0. |
|* 0. |* 0. |* 0. ||* 0. |* 0. |* 0. ||* 0. |* 0. |* 0. |
|=====+=====+=====||=====+=====+=====||=====+=====+=====|
|* 0. |* 0. |* 0. ||* 0. |* 0. |* 0. ||* 0. |* 0. |* 0. |
|* 0. |* 0. |* 0. ||* 0. |* 0. |* 0. ||* 0. |* 0. |* 0. |
|* 0. |* 0. |* 0. ||* 0. |* 0. |* 0. ||* 0. |* 0. |* 0. |

, evalForThisState=-1.0, isPlayerOneTurnOriginally=true}, StateDatum{MCTSProbabilites=
|  .0 |  .0 |  .0 ||  .0 |  .0 |  .0 ||  .0 |  .0 |  .0 |
|  .0 |  .0 |  .0 ||  .0 |  .0 |  .0 ||  .0 |  .0 |  .0 |
|  .0 |  .0 |  .0 ||  .0 |  .0 |  .0 ||  .0 |  .0 |  .0 |
|========+========+========||========+========+========||========+========+========|
|  .0 |  .0 |  .0 ||  .0 |  .0 |  .0 ||  .0388 |  .5785 |  .0606 |
|  .0 |  .0 |  .0 ||  .0 |  .0 |  .0 ||  .054 |  .045 |  .0749 |
|  .0 |  .0 |  .0 ||  .0 |  .0 |  .0 ||  .0486 |  .0378 |  .0619 |
|========+========+========||========+========+========||========+========+========|
|  .0 |  .0 |  .0 ||  .0 |  .0 |  .0 ||  .0 |  .0 |  .0 |
|  .0 |  .0 |  .0 ||  .0 |  .0 |  .0 ||  .0 |  .0 |  .0 |
|  .0 |  .0 |  .0 ||  .0 |  .0 |  .0 ||  .0 |  .0 |  .0 |

, state=
| -0. | -0. | -0. || -0. | -0. | -0. || -0. | -0. | -0. |
| -0. | -0. | -1. || -0. | -0. | -0. || -0. | -0. | -0. |
| -0. | -0. | -0. || -0. | -0. | -0. || -0. | -0. | -0. |
|=====+=====+=====||=====+=====+=====||=====+=====+=====|
| -0. | -0. | -0. || -0. | -0. | -0. ||*-0. |*-0. |*-0. |
| -0. | -0. | -0. || -0. | -0. | -0. ||*-0. |*-0. |*-0. |
| -0. | -0. | -0. || -0. | -0. | -0. ||*-0. |*-0. |*-0. |
|=====+=====+=====||=====+=====+=====||=====+=====+=====|
| -0. | -0. | -0. || -0. | -0. | -0. || -0. | -0. | -0. |
| -0. | -0. | -0. || -0. | -0. | -0. || -0. | -0. | -0. |
| -0. | -0. | -0. || -0. | -0. | -0. || -0. | -0. | -0. |

, evalForThisState=1.0, isPlayerOneTurnOriginally=false}, StateDatum{MCTSProbabilites=
|  .0 |  .0 |  .0 ||  .1447 |  .0749 |  .0642 ||  .0 |  .0 |  .0 |
|  .0 |  .0 |  .0 ||  .1138 |  .0621 |  .1192 ||  .0 |  .0 |  .0 |
|  .0 |  .0 |  .0 ||  .0695 |  .1717 |  .1798 ||  .0 |  .0 |  .0 |
|========+========+========||========+========+========||========+========+========|
|  .0 |  .0 |  .0 ||  .0 |  .0 |  .0 ||  .0 |  .0 |  .0 |
|  .0 |  .0 |  .0 ||  .0 |  .0 |  .0 ||  .0 |  .0 |  .0 |
|  .0 |  .0 |  .0 ||  .0 |  .0 |  .0 ||  .0 |  .0 |  .0 |
|========+========+========||========+========+========||========+========+========|
|  .0 |  .0 |  .0 ||  .0 |  .0 |  .0 ||  .0 |  .0 |  .0 |
|  .0 |  .0 |  .0 ||  .0 |  .0 |  .0 ||  .0 |  .0 |  .0 |
|  .0 |  .0 |  .0 ||  .0 |  .0 |  .0 ||  .0 |  .0 |  .0 |

, state=
|  0. |  0. |  0. ||* 0. |* 0. |* 0. ||  0. |  0. |  0. |
|  0. |  0. |  1. ||* 0. |* 0. |* 0. ||  0. |  0. |  0. |
|  0. |  0. |  0. ||* 0. |* 0. |* 0. ||  0. |  0. |  0. |
|=====+=====+=====||=====+=====+=====||=====+=====+=====|
|  0. |  0. |  0. ||  0. |  0. |  0. ||  0. | -1. |  0. |
|  0. |  0. |  0. ||  0. |  0. |  0. ||  0. |  0. |  0. |
|  0. |  0. |  0. ||  0. |  0. |  0. ||  0. |  0. |  0. |
|=====+=====+=====||=====+=====+=====||=====+=====+=====|
|  0. |  0. |  0. ||  0. |  0. |  0. ||  0. |  0. |  0. |
|  0. |  0. |  0. ||  0. |  0. |  0. ||  0. |  0. |  0. |
|  0. |  0. |  0. ||  0. |  0. |  0. ||  0. |  0. |  0. |

, evalForThisState=-1.0, isPlayerOneTurnOriginally=true}, StateDatum{MCTSProbabilites=
|  .0 |  .0 |  .0 ||  .0 |  .0 |  .0 ||  .0 |  .0 |  .0 |
|  .0 |  .0 |  .0 ||  .0 |  .0 |  .0 ||  .0 |  .0 |  .0 |
|  .0 |  .0 |  .0 ||  .0 |  .0 |  .0 ||  .0 |  .0 |  .0 |
|========+========+========||========+========+========||========+========+========|
|  .0 |  .0 |  .0 ||  .0 |  .0 |  .0 ||  .0 |  .0 |  .0 |
|  .0 |  .0 |  .0 ||  .0 |  .0 |  .0 ||  .0 |  .0 |  .0 |
|  .0 |  .0 |  .0 ||  .0 |  .0 |  .0 ||  .0 |  .0 |  .0 |
|========+========+========||========+========+========||========+========+========|
|  .0 |  .0 |  .0 ||  .0 |  .0 |  .0 ||  .4851 |  .0449 |  .0358 |
|  .0 |  .0 |  .0 ||  .0 |  .0 |  .0 ||  .0552 |  .073 |  .1435 |
|  .0 |  .0 |  .0 ||  .0 |  .0 |  .0 ||  .0492 |  .0468 |  .0664 |

, state=
| -0. | -0. | -0. || -0. | -0. | -0. || -0. | -0. | -0. |
| -0. | -0. | -1. || -0. | -0. | -0. || -0. | -0. | -0. |
| -0. | -0. | -0. || -0. | -0. | -1. || -0. | -0. | -0. |
|=====+=====+=====||=====+=====+=====||=====+=====+=====|
| -0. | -0. | -0. || -0. | -0. | -0. || -0. |  1. | -0. |
| -0. | -0. | -0. || -0. | -0. | -0. || -0. | -0. | -0. |
| -0. | -0. | -0. || -0. | -0. | -0. || -0. | -0. | -0. |
|=====+=====+=====||=====+=====+=====||=====+=====+=====|
| -0. | -0. | -0. || -0. | -0. | -0. ||*-0. |*-0. |*-0. |
| -0. | -0. | -0. || -0. | -0. | -0. ||*-0. |*-0. |*-0. |
| -0. | -0. | -0. || -0. | -0. | -0. ||*-0. |*-0. |*-0. |

, evalForThisState=1.0, isPlayerOneTurnOriginally=false}, StateDatum{MCTSProbabilites=
|  .062 |  .1103 |  .125 ||  .0 |  .0 |  .0 ||  .0 |  .0 |  .0 |
|  .098 |  .1175 |  .0 ||  .0 |  .0 |  .0 ||  .0 |  .0 |  .0 |
|  .1649 |  .1986 |  .1238 ||  .0 |  .0 |  .0 ||  .0 |  .0 |  .0 |
|========+========+========||========+========+========||========+========+========|
|  .0 |  .0 |  .0 ||  .0 |  .0 |  .0 ||  .0 |  .0 |  .0 |
|  .0 |  .0 |  .0 ||  .0 |  .0 |  .0 ||  .0 |  .0 |  .0 |
|  .0 |  .0 |  .0 ||  .0 |  .0 |  .0 ||  .0 |  .0 |  .0 |
|========+========+========||========+========+========||========+========+========|
|  .0 |  .0 |  .0 ||  .0 |  .0 |  .0 ||  .0 |  .0 |  .0 |
|  .0 |  .0 |  .0 ||  .0 |  .0 |  .0 ||  .0 |  .0 |  .0 |
|  .0 |  .0 |  .0 ||  .0 |  .0 |  .0 ||  .0 |  .0 |  .0 |

, state=
|* 0. |* 0. |* 0. ||  0. |  0. |  0. ||  0. |  0. |  0. |
|* 0. |* 0. |* 1. ||  0. |  0. |  0. ||  0. |  0. |  0. |
|* 0. |* 0. |* 0. ||  0. |  0. |  1. ||  0. |  0. |  0. |
|=====+=====+=====||=====+=====+=====||=====+=====+=====|
|  0. |  0. |  0. ||  0. |  0. |  0. ||  0. | -1. |  0. |
|  0. |  0. |  0. ||  0. |  0. |  0. ||  0. |  0. |  0. |
|  0. |  0. |  0. ||  0. |  0. |  0. ||  0. |  0. |  0. |
|=====+=====+=====||=====+=====+=====||=====+=====+=====|
|  0. |  0. |  0. ||  0. |  0. |  0. || -1. |  0. |  0. |
|  0. |  0. |  0. ||  0. |  0. |  0. ||  0. |  0. |  0. |
|  0. |  0. |  0. ||  0. |  0. |  0. ||  0. |  0. |  0. |

, evalForThisState=-1.0, isPlayerOneTurnOriginally=true}, StateDatum{MCTSProbabilites=
|  .0 |  .0 |  .0 ||  .0 |  .0 |  .0 ||  .0 |  .0 |  .0 |
|  .0 |  .0 |  .0 ||  .0 |  .0 |  .0 ||  .0 |  .0 |  .0 |
|  .0 |  .0 |  .0 ||  .0 |  .0 |  .0 ||  .0 |  .0 |  .0 |
|========+========+========||========+========+========||========+========+========|
|  .0 |  .0 |  .0 ||  .0 |  .0 |  .0 ||  .0 |  .0 |  .0 |
|  .0 |  .0 |  .0 ||  .0 |  .0 |  .0 ||  .0 |  .0 |  .0 |
|  .0 |  .0 |  .0 ||  .0 |  .0 |  .0 ||  .0 |  .0 |  .0 |
|========+========+========||========+========+========||========+========+========|
|  .0 |  .0 |  .0 ||  .0391 |  .3029 |  .0389 ||  .0 |  .0 |  .0 |
|  .0 |  .0 |  .0 ||  .0417 |  .0364 |  .0496 ||  .0 |  .0 |  .0 |
|  .0 |  .0 |  .0 ||  .0416 |  .4041 |  .0457 ||  .0 |  .0 |  .0 |

, state=
| -0. | -0. | -0. || -0. | -0. | -0. || -0. | -0. | -0. |
| -0. | -0. | -1. || -0. | -0. | -0. || -0. | -0. | -0. |
| -0. | -1. | -0. || -0. | -0. | -1. || -0. | -0. | -0. |
|=====+=====+=====||=====+=====+=====||=====+=====+=====|
| -0. | -0. | -0. || -0. | -0. | -0. || -0. |  1. | -0. |
| -0. | -0. | -0. || -0. | -0. | -0. || -0. | -0. | -0. |
| -0. | -0. | -0. || -0. | -0. | -0. || -0. | -0. | -0. |
|=====+=====+=====||=====+=====+=====||=====+=====+=====|
| -0. | -0. | -0. ||*-0. |*-0. |*-0. ||  1. | -0. | -0. |
| -0. | -0. | -0. ||*-0. |*-0. |*-0. || -0. | -0. | -0. |
| -0. | -0. | -0. ||*-0. |*-0. |*-0. || -0. | -0. | -0. |

, evalForThisState=1.0, isPlayerOneTurnOriginally=false}, StateDatum{MCTSProbabilites=
|  .0 |  .0 |  .0 ||  .0 |  .0 |  .0 ||  .0 |  .0 |  .0 |
|  .0 |  .0 |  .0 ||  .0 |  .0 |  .0 ||  .0 |  .0 |  .0 |
|  .0 |  .0 |  .0 ||  .0 |  .0 |  .0 ||  .0 |  .0 |  .0 |
|========+========+========||========+========+========||========+========+========|
|  .0 |  .0 |  .0 ||  .0 |  .0 |  .0 ||  .0 |  .0 |  .0 |
|  .0 |  .0 |  .0 ||  .0 |  .0 |  .0 ||  .0 |  .0 |  .0 |
|  .0 |  .0 |  .0 ||  .0 |  .0 |  .0 ||  .0 |  .0 |  .0 |
|========+========+========||========+========+========||========+========+========|
|  .0 |  .0 |  .0 ||  .102 |  .1159 |  .071 ||  .0 |  .0 |  .0 |
|  .0 |  .0 |  .0 ||  .0971 |  .1393 |  .0858 ||  .0 |  .0 |  .0 |
|  .0 |  .0 |  .0 ||  .1113 |  .0 |  .2776 ||  .0 |  .0 |  .0 |

, state=
|  0. |  0. |  0. ||  0. |  0. |  0. ||  0. |  0. |  0. |
|  0. |  0. |  1. ||  0. |  0. |  0. ||  0. |  0. |  0. |
|  0. |  1. |  0. ||  0. |  0. |  1. ||  0. |  0. |  0. |
|=====+=====+=====||=====+=====+=====||=====+=====+=====|
|  0. |  0. |  0. ||  0. |  0. |  0. ||  0. | -1. |  0. |
|  0. |  0. |  0. ||  0. |  0. |  0. ||  0. |  0. |  0. |
|  0. |  0. |  0. ||  0. |  0. |  0. ||  0. |  0. |  0. |
|=====+=====+=====||=====+=====+=====||=====+=====+=====|
|  0. |  0. |  0. ||* 0. |* 0. |* 0. || -1. |  0. |  0. |
|  0. |  0. |  0. ||* 0. |* 0. |* 0. ||  0. |  0. |  0. |
|  0. |  0. |  0. ||* 0. |*-1. |* 0. ||  0. |  0. |  0. |

, evalForThisState=-1.0, isPlayerOneTurnOriginally=true}, StateDatum{MCTSProbabilites=
|  .0 |  .0 |  .0 ||  .0 |  .0 |  .0 ||  .0 |  .0 |  .0 |
|  .0 |  .0 |  .0 ||  .0 |  .0 |  .0 ||  .0 |  .0 |  .0 |
|  .0 |  .0 |  .0 ||  .0 |  .0 |  .0 ||  .0 |  .0 |  .0 |
|========+========+========||========+========+========||========+========+========|
|  .0 |  .0 |  .0 ||  .0 |  .0 |  .0 ||  .0 |  .0 |  .0 |
|  .0 |  .0 |  .0 ||  .0 |  .0 |  .0 ||  .0 |  .0 |  .0 |
|  .0 |  .0 |  .0 ||  .0 |  .0 |  .0 ||  .0 |  .0 |  .0 |
|========+========+========||========+========+========||========+========+========|
|  .0 |  .0 |  .0 ||  .0 |  .0 |  .0 ||  .0 |  .0322 |  .0809 |
|  .0 |  .0 |  .0 ||  .0 |  .0 |  .0 ||  .0526 |  .0486 |  .0329 |
|  .0 |  .0 |  .0 ||  .0 |  .0 |  .0 ||  .3547 |  .317 |  .0811 |

, state=
| -0. | -0. | -0. || -0. | -0. | -0. || -0. | -0. | -0. |
| -0. | -0. | -1. || -0. | -0. | -0. || -0. | -0. | -0. |
| -0. | -1. | -0. || -0. | -0. | -1. || -0. | -0. | -0. |
|=====+=====+=====||=====+=====+=====||=====+=====+=====|
| -0. | -0. | -0. || -0. | -0. | -0. || -0. |  1. | -0. |
| -0. | -0. | -0. || -0. | -0. | -0. || -0. | -0. | -0. |
| -0. | -0. | -0. || -0. | -0. | -0. || -0. | -0. | -0. |
|=====+=====+=====||=====+=====+=====||=====+=====+=====|
| -0. | -0. | -0. || -0. | -0. | -0. ||* 1. |*-0. |*-0. |
| -0. | -0. | -0. || -0. | -0. | -0. ||*-0. |*-0. |*-0. |
| -0. | -0. | -0. || -0. |  1. | -1. ||*-0. |*-0. |*-0. |

, evalForThisState=1.0, isPlayerOneTurnOriginally=false}, StateDatum{MCTSProbabilites=
|  .0 |  .0 |  .0 ||  .0 |  .0 |  .0 ||  .0 |  .0 |  .0 |
|  .0 |  .0 |  .0 ||  .0 |  .0 |  .0 ||  .0 |  .0 |  .0 |
|  .0 |  .0 |  .0 ||  .0 |  .0 |  .0 ||  .0 |  .0 |  .0 |
|========+========+========||========+========+========||========+========+========|
|  .0 |  .0 |  .0 ||  .0 |  .0 |  .0 ||  .0 |  .0 |  .0 |
|  .0 |  .0 |  .0 ||  .0 |  .0 |  .0 ||  .0 |  .0 |  .0 |
|  .0 |  .0 |  .0 ||  .0 |  .0 |  .0 ||  .0 |  .0 |  .0 |
|========+========+========||========+========+========||========+========+========|
|  .1493 |  .1629 |  .0428 ||  .0 |  .0 |  .0 ||  .0 |  .0 |  .0 |
|  .0685 |  .0772 |  .0549 ||  .0 |  .0 |  .0 ||  .0 |  .0 |  .0 |
|  .1755 |  .2031 |  .0658 ||  .0 |  .0 |  .0 ||  .0 |  .0 |  .0 |

, state=
|  0. |  0. |  0. ||  0. |  0. |  0. ||  0. |  0. |  0. |
|  0. |  0. |  1. ||  0. |  0. |  0. ||  0. |  0. |  0. |
|  0. |  1. |  0. ||  0. |  0. |  1. ||  0. |  0. |  0. |
|=====+=====+=====||=====+=====+=====||=====+=====+=====|
|  0. |  0. |  0. ||  0. |  0. |  0. ||  0. | -1. |  0. |
|  0. |  0. |  0. ||  0. |  0. |  0. ||  0. |  0. |  0. |
|  0. |  0. |  0. ||  0. |  0. |  0. ||  0. |  0. |  0. |
|=====+=====+=====||=====+=====+=====||=====+=====+=====|
|* 0. |* 0. |* 0. ||  0. |  0. |  0. || -1. |  0. |  0. |
|* 0. |* 0. |* 0. ||  0. |  0. |  0. ||  0. |  0. |  0. |
|* 0. |* 0. |* 0. ||  0. | -1. |  1. || -1. |  0. |  0. |

, evalForThisState=-1.0, isPlayerOneTurnOriginally=true}, StateDatum{MCTSProbabilites=
|  .0 |  .0 |  .0 ||  .0 |  .0 |  .0 ||  .0 |  .0 |  .0 |
|  .0 |  .0 |  .0 ||  .0 |  .0 |  .0 ||  .0 |  .0 |  .0 |
|  .0 |  .0 |  .0 ||  .0 |  .0 |  .0 ||  .0 |  .0 |  .0 |
|========+========+========||========+========+========||========+========+========|
|  .0 |  .0 |  .0 ||  .0 |  .0 |  .0 ||  .0 |  .0 |  .0 |
|  .0 |  .0 |  .0 ||  .0 |  .0 |  .0 ||  .0 |  .0 |  .0 |
|  .0 |  .0 |  .0 ||  .0 |  .0 |  .0 ||  .0 |  .0 |  .0 |
|========+========+========||========+========+========||========+========+========|
|  .0 |  .0 |  .0 ||  .3174 |  .1283 |  .028 ||  .0 |  .0 |  .0 |
|  .0 |  .0 |  .0 ||  .0907 |  .1257 |  .277 ||  .0 |  .0 |  .0 |
|  .0 |  .0 |  .0 ||  .0329 |  .0 |  .0 ||  .0 |  .0 |  .0 |

, state=
| -0. | -0. | -0. || -0. | -0. | -0. || -0. | -0. | -0. |
| -0. | -0. | -1. || -0. | -0. | -0. || -0. | -0. | -0. |
| -0. | -1. | -0. || -0. | -0. | -1. || -0. | -0. | -0. |
|=====+=====+=====||=====+=====+=====||=====+=====+=====|
| -0. | -0. | -0. || -0. | -0. | -0. || -0. |  1. | -0. |
| -0. | -0. | -0. || -0. | -0. | -0. || -0. | -0. | -0. |
| -0. | -0. | -0. || -0. | -0. | -0. || -0. | -0. | -0. |
|=====+=====+=====||=====+=====+=====||=====+=====+=====|
| -0. | -0. | -0. ||*-0. |*-0. |*-0. ||  1. | -0. | -0. |
| -0. | -0. | -0. ||*-0. |*-0. |*-0. || -0. | -0. | -0. |
| -0. | -1. | -0. ||*-0. |* 1. |*-1. ||  1. | -0. | -0. |

, evalForThisState=1.0, isPlayerOneTurnOriginally=false}, StateDatum{MCTSProbabilites=
|  .2358 |  .102 |  .1872 ||  .0 |  .0 |  .0 ||  .0 |  .0 |  .0 |
|  .2282 |  .1042 |  .0 ||  .0 |  .0 |  .0 ||  .0 |  .0 |  .0 |
|  .0381 |  .0 |  .1044 ||  .0 |  .0 |  .0 ||  .0 |  .0 |  .0 |
|========+========+========||========+========+========||========+========+========|
|  .0 |  .0 |  .0 ||  .0 |  .0 |  .0 ||  .0 |  .0 |  .0 |
|  .0 |  .0 |  .0 ||  .0 |  .0 |  .0 ||  .0 |  .0 |  .0 |
|  .0 |  .0 |  .0 ||  .0 |  .0 |  .0 ||  .0 |  .0 |  .0 |
|========+========+========||========+========+========||========+========+========|
|  .0 |  .0 |  .0 ||  .0 |  .0 |  .0 ||  .0 |  .0 |  .0 |
|  .0 |  .0 |  .0 ||  .0 |  .0 |  .0 ||  .0 |  .0 |  .0 |
|  .0 |  .0 |  .0 ||  .0 |  .0 |  .0 ||  .0 |  .0 |  .0 |

, state=
|* 0. |* 0. |* 0. ||  0. |  0. |  0. ||  0. |  0. |  0. |
|* 0. |* 0. |* 1. ||  0. |  0. |  0. ||  0. |  0. |  0. |
|* 0. |* 1. |* 0. ||  0. |  0. |  1. ||  0. |  0. |  0. |
|=====+=====+=====||=====+=====+=====||=====+=====+=====|
|  0. |  0. |  0. ||  0. |  0. |  0. ||  0. | -1. |  0. |
|  0. |  0. |  0. ||  0. |  0. |  0. ||  0. |  0. |  0. |
|  0. |  0. |  0. ||  0. |  0. |  0. ||  0. |  0. |  0. |
|=====+=====+=====||=====+=====+=====||=====+=====+=====|
|  0. |  0. |  0. || -1. |  0. |  0. || -1. |  0. |  0. |
|  0. |  0. |  0. ||  0. |  0. |  0. ||  0. |  0. |  0. |
|  0. |  1. |  0. ||  0. | -1. |  1. || -1. |  0. |  0. |

, evalForThisState=-1.0, isPlayerOneTurnOriginally=true}, StateDatum{MCTSProbabilites=
|  .0 |  .3279 |  .0687 ||  .0 |  .0 |  .0 ||  .0 |  .0 |  .0 |
|  .1109 |  .2316 |  .0 ||  .0 |  .0 |  .0 ||  .0 |  .0 |  .0 |
|  .0274 |  .0 |  .2335 ||  .0 |  .0 |  .0 ||  .0 |  .0 |  .0 |
|========+========+========||========+========+========||========+========+========|
|  .0 |  .0 |  .0 ||  .0 |  .0 |  .0 ||  .0 |  .0 |  .0 |
|  .0 |  .0 |  .0 ||  .0 |  .0 |  .0 ||  .0 |  .0 |  .0 |
|  .0 |  .0 |  .0 ||  .0 |  .0 |  .0 ||  .0 |  .0 |  .0 |
|========+========+========||========+========+========||========+========+========|
|  .0 |  .0 |  .0 ||  .0 |  .0 |  .0 ||  .0 |  .0 |  .0 |
|  .0 |  .0 |  .0 ||  .0 |  .0 |  .0 ||  .0 |  .0 |  .0 |
|  .0 |  .0 |  .0 ||  .0 |  .0 |  .0 ||  .0 |  .0 |  .0 |

, state=
|*-1. |*-0. |*-0. || -0. | -0. | -0. || -0. | -0. | -0. |
|*-0. |*-0. |*-1. || -0. | -0. | -0. || -0. | -0. | -0. |
|*-0. |*-1. |*-0. || -0. | -0. | -1. || -0. | -0. | -0. |
|=====+=====+=====||=====+=====+=====||=====+=====+=====|
| -0. | -0. | -0. || -0. | -0. | -0. || -0. |  1. | -0. |
| -0. | -0. | -0. || -0. | -0. | -0. || -0. | -0. | -0. |
| -0. | -0. | -0. || -0. | -0. | -0. || -0. | -0. | -0. |
|=====+=====+=====||=====+=====+=====||=====+=====+=====|
| -0. | -0. | -0. ||  1. | -0. | -0. ||  1. | -0. | -0. |
| -0. | -0. | -0. || -0. | -0. | -0. || -0. | -0. | -0. |
| -0. | -1. | -0. || -0. |  1. | -1. ||  1. | -0. | -0. |

, evalForThisState=1.0, isPlayerOneTurnOriginally=false}, StateDatum{MCTSProbabilites=
|  .0 |  .0 |  .0 ||  .0777 |  .1745 |  .0366 ||  .0 |  .0 |  .0 |
|  .0 |  .0 |  .0 ||  .2157 |  .1435 |  .1038 ||  .0 |  .0 |  .0 |
|  .0 |  .0 |  .0 ||  .179 |  .0693 |  .0 ||  .0 |  .0 |  .0 |
|========+========+========||========+========+========||========+========+========|
|  .0 |  .0 |  .0 ||  .0 |  .0 |  .0 ||  .0 |  .0 |  .0 |
|  .0 |  .0 |  .0 ||  .0 |  .0 |  .0 ||  .0 |  .0 |  .0 |
|  .0 |  .0 |  .0 ||  .0 |  .0 |  .0 ||  .0 |  .0 |  .0 |
|========+========+========||========+========+========||========+========+========|
|  .0 |  .0 |  .0 ||  .0 |  .0 |  .0 ||  .0 |  .0 |  .0 |
|  .0 |  .0 |  .0 ||  .0 |  .0 |  .0 ||  .0 |  .0 |  .0 |
|  .0 |  .0 |  .0 ||  .0 |  .0 |  .0 ||  .0 |  .0 |  .0 |

, state=
|  1. | -1. |  0. ||* 0. |* 0. |* 0. ||  0. |  0. |  0. |
|  0. |  0. |  1. ||* 0. |* 0. |* 0. ||  0. |  0. |  0. |
|  0. |  1. |  0. ||* 0. |* 0. |* 1. ||  0. |  0. |  0. |
|=====+=====+=====||=====+=====+=====||=====+=====+=====|
|  0. |  0. |  0. ||  0. |  0. |  0. ||  0. | -1. |  0. |
|  0. |  0. |  0. ||  0. |  0. |  0. ||  0. |  0. |  0. |
|  0. |  0. |  0. ||  0. |  0. |  0. ||  0. |  0. |  0. |
|=====+=====+=====||=====+=====+=====||=====+=====+=====|
|  0. |  0. |  0. || -1. |  0. |  0. || -1. |  0. |  0. |
|  0. |  0. |  0. ||  0. |  0. |  0. ||  0. |  0. |  0. |
|  0. |  1. |  0. ||  0. | -1. |  1. || -1. |  0. |  0. |

, evalForThisState=-1.0, isPlayerOneTurnOriginally=true}, StateDatum{MCTSProbabilites=
|  .0 |  .0 |  .0 ||  .0 |  .0 |  .0 ||  .0 |  .0 |  .0 |
|  .0 |  .0 |  .0 ||  .0 |  .0 |  .0 ||  .0 |  .0 |  .0 |
|  .0 |  .0 |  .0 ||  .0 |  .0 |  .0 ||  .0 |  .0 |  .0 |
|========+========+========||========+========+========||========+========+========|
|  .155 |  .1354 |  .0351 ||  .0 |  .0 |  .0 ||  .0 |  .0 |  .0 |
|  .2656 |  .0389 |  .0251 ||  .0 |  .0 |  .0 ||  .0 |  .0 |  .0 |
|  .0225 |  .1953 |  .127 ||  .0 |  .0 |  .0 ||  .0 |  .0 |  .0 |
|========+========+========||========+========+========||========+========+========|
|  .0 |  .0 |  .0 ||  .0 |  .0 |  .0 ||  .0 |  .0 |  .0 |
|  .0 |  .0 |  .0 ||  .0 |  .0 |  .0 ||  .0 |  .0 |  .0 |
|  .0 |  .0 |  .0 ||  .0 |  .0 |  .0 ||  .0 |  .0 |  .0 |

, state=
| -1. |  1. | -0. || -0. | -0. | -0. || -0. | -0. | -0. |
| -0. | -0. | -1. || -1. | -0. | -0. || -0. | -0. | -0. |
| -0. | -1. | -0. || -0. | -0. | -1. || -0. | -0. | -0. |
|=====+=====+=====||=====+=====+=====||=====+=====+=====|
|*-0. |*-0. |*-0. || -0. | -0. | -0. || -0. |  1. | -0. |
|*-0. |*-0. |*-0. || -0. | -0. | -0. || -0. | -0. | -0. |
|*-0. |*-0. |*-0. || -0. | -0. | -0. || -0. | -0. | -0. |
|=====+=====+=====||=====+=====+=====||=====+=====+=====|
| -0. | -0. | -0. ||  1. | -0. | -0. ||  1. | -0. | -0. |
| -0. | -0. | -0. || -0. | -0. | -0. || -0. | -0. | -0. |
| -0. | -1. | -0. || -0. |  1. | -1. ||  1. | -0. | -0. |

, evalForThisState=1.0, isPlayerOneTurnOriginally=false}, StateDatum{MCTSProbabilites=
|  .0 |  .0 |  .0 ||  .0 |  .0 |  .0 ||  .0 |  .0 |  .0 |
|  .0 |  .0 |  .0 ||  .0 |  .0 |  .0 ||  .0 |  .0 |  .0 |
|  .0 |  .0 |  .0 ||  .0 |  .0 |  .0 ||  .0 |  .0 |  .0 |
|========+========+========||========+========+========||========+========+========|
|  .1494 |  .043 |  .2065 ||  .0 |  .0 |  .0 ||  .0 |  .0 |  .0 |
|  .0 |  .1641 |  .0462 ||  .0 |  .0 |  .0 ||  .0 |  .0 |  .0 |
|  .0478 |  .1953 |  .1478 ||  .0 |  .0 |  .0 ||  .0 |  .0 |  .0 |
|========+========+========||========+========+========||========+========+========|
|  .0 |  .0 |  .0 ||  .0 |  .0 |  .0 ||  .0 |  .0 |  .0 |
|  .0 |  .0 |  .0 ||  .0 |  .0 |  .0 ||  .0 |  .0 |  .0 |
|  .0 |  .0 |  .0 ||  .0 |  .0 |  .0 ||  .0 |  .0 |  .0 |

, state=
|  1. | -1. |  0. ||  0. |  0. |  0. ||  0. |  0. |  0. |
|  0. |  0. |  1. ||  1. |  0. |  0. ||  0. |  0. |  0. |
|  0. |  1. |  0. ||  0. |  0. |  1. ||  0. |  0. |  0. |
|=====+=====+=====||=====+=====+=====||=====+=====+=====|
|* 0. |* 0. |* 0. ||  0. |  0. |  0. ||  0. | -1. |  0. |
|*-1. |* 0. |* 0. ||  0. |  0. |  0. ||  0. |  0. |  0. |
|* 0. |* 0. |* 0. ||  0. |  0. |  0. ||  0. |  0. |  0. |
|=====+=====+=====||=====+=====+=====||=====+=====+=====|
|  0. |  0. |  0. || -1. |  0. |  0. || -1. |  0. |  0. |
|  0. |  0. |  0. ||  0. |  0. |  0. ||  0. |  0. |  0. |
|  0. |  1. |  0. ||  0. | -1. |  1. || -1. |  0. |  0. |

, evalForThisState=-1.0, isPlayerOneTurnOriginally=true}, StateDatum{MCTSProbabilites=
|  .0 |  .0 |  .0 ||  .0 |  .0 |  .0 ||  .1067 |  .0749 |  .1517 |
|  .0 |  .0 |  .0 ||  .0 |  .0 |  .0 ||  .0957 |  .0964 |  .229 |
|  .0 |  .0 |  .0 ||  .0 |  .0 |  .0 ||  .0378 |  .0933 |  .1145 |
|========+========+========||========+========+========||========+========+========|
|  .0 |  .0 |  .0 ||  .0 |  .0 |  .0 ||  .0 |  .0 |  .0 |
|  .0 |  .0 |  .0 ||  .0 |  .0 |  .0 ||  .0 |  .0 |  .0 |
|  .0 |  .0 |  .0 ||  .0 |  .0 |  .0 ||  .0 |  .0 |  .0 |
|========+========+========||========+========+========||========+========+========|
|  .0 |  .0 |  .0 ||  .0 |  .0 |  .0 ||  .0 |  .0 |  .0 |
|  .0 |  .0 |  .0 ||  .0 |  .0 |  .0 ||  .0 |  .0 |  .0 |
|  .0 |  .0 |  .0 ||  .0 |  .0 |  .0 ||  .0 |  .0 |  .0 |

, state=
| -1. |  1. | -0. || -0. | -0. | -0. ||*-0. |*-0. |*-0. |
| -0. | -0. | -1. || -1. | -0. | -0. ||*-0. |*-0. |*-0. |
| -0. | -1. | -0. || -0. | -0. | -1. ||*-0. |*-0. |*-0. |
|=====+=====+=====||=====+=====+=====||=====+=====+=====|
| -0. | -0. | -1. || -0. | -0. | -0. || -0. |  1. | -0. |
|  1. | -0. | -0. || -0. | -0. | -0. || -0. | -0. | -0. |
| -0. | -0. | -0. || -0. | -0. | -0. || -0. | -0. | -0. |
|=====+=====+=====||=====+=====+=====||=====+=====+=====|
| -0. | -0. | -0. ||  1. | -0. | -0. ||  1. | -0. | -0. |
| -0. | -0. | -0. || -0. | -0. | -0. || -0. | -0. | -0. |
| -0. | -1. | -0. || -0. |  1. | -1. ||  1. | -0. | -0. |

, evalForThisState=1.0, isPlayerOneTurnOriginally=false}, StateDatum{MCTSProbabilites=
|  .0 |  .0 |  .0 ||  .0 |  .0 |  .0 ||  .0 |  .0 |  .0 |
|  .0 |  .0 |  .0 ||  .0 |  .0 |  .0 ||  .0 |  .0 |  .0 |
|  .0 |  .0 |  .0 ||  .0 |  .0 |  .0 ||  .0 |  .0 |  .0 |
|========+========+========||========+========+========||========+========+========|
|  .0 |  .0 |  .0 ||  .0 |  .0 |  .0 ||  .1664 |  .0 |  .0417 |
|  .0 |  .0 |  .0 ||  .0 |  .0 |  .0 ||  .2402 |  .0345 |  .1623 |
|  .0 |  .0 |  .0 ||  .0 |  .0 |  .0 ||  .0255 |  .1699 |  .1595 |
|========+========+========||========+========+========||========+========+========|
|  .0 |  .0 |  .0 ||  .0 |  .0 |  .0 ||  .0 |  .0 |  .0 |
|  .0 |  .0 |  .0 ||  .0 |  .0 |  .0 ||  .0 |  .0 |  .0 |
|  .0 |  .0 |  .0 ||  .0 |  .0 |  .0 ||  .0 |  .0 |  .0 |

, state=
|  1. | -1. |  0. ||  0. |  0. |  0. ||  0. |  0. |  0. |
|  0. |  0. |  1. ||  1. |  0. |  0. ||  0. |  0. | -1. |
|  0. |  1. |  0. ||  0. |  0. |  1. ||  0. |  0. |  0. |
|=====+=====+=====||=====+=====+=====||=====+=====+=====|
|  0. |  0. |  1. ||  0. |  0. |  0. ||* 0. |*-1. |* 0. |
| -1. |  0. |  0. ||  0. |  0. |  0. ||* 0. |* 0. |* 0. |
|  0. |  0. |  0. ||  0. |  0. |  0. ||* 0. |* 0. |* 0. |
|=====+=====+=====||=====+=====+=====||=====+=====+=====|
|  0. |  0. |  0. || -1. |  0. |  0. || -1. |  0. |  0. |
|  0. |  0. |  0. ||  0. |  0. |  0. ||  0. |  0. |  0. |
|  0. |  1. |  0. ||  0. | -1. |  1. || -1. |  0. |  0. |

, evalForThisState=-1.0, isPlayerOneTurnOriginally=true}, StateDatum{MCTSProbabilites=
|  .0 |  .0 |  .0 ||  .0 |  .0 |  .0 ||  .0 |  .0 |  .0 |
|  .0 |  .0 |  .0 ||  .0 |  .0 |  .0 ||  .0 |  .0 |  .0 |
|  .0 |  .0 |  .0 ||  .0 |  .0 |  .0 ||  .0 |  .0 |  .0 |
|========+========+========||========+========+========||========+========+========|
|  .1345 |  .1379 |  .0 ||  .0 |  .0 |  .0 ||  .0 |  .0 |  .0 |
|  .0 |  .1979 |  .1892 ||  .0 |  .0 |  .0 ||  .0 |  .0 |  .0 |
|  .0242 |  .1758 |  .1405 ||  .0 |  .0 |  .0 ||  .0 |  .0 |  .0 |
|========+========+========||========+========+========||========+========+========|
|  .0 |  .0 |  .0 ||  .0 |  .0 |  .0 ||  .0 |  .0 |  .0 |
|  .0 |  .0 |  .0 ||  .0 |  .0 |  .0 ||  .0 |  .0 |  .0 |
|  .0 |  .0 |  .0 ||  .0 |  .0 |  .0 ||  .0 |  .0 |  .0 |

, state=
| -1. |  1. | -0. || -0. | -0. | -0. || -0. | -0. | -0. |
| -0. | -0. | -1. || -1. | -0. | -0. || -0. | -0. |  1. |
| -0. | -1. | -0. || -0. | -0. | -1. || -0. | -0. | -0. |
|=====+=====+=====||=====+=====+=====||=====+=====+=====|
|*-0. |*-0. |*-1. || -0. | -0. | -0. || -0. |  1. | -0. |
|* 1. |*-0. |*-0. || -0. | -0. | -0. || -1. | -0. | -0. |
|*-0. |*-0. |*-0. || -0. | -0. | -0. || -0. | -0. | -0. |
|=====+=====+=====||=====+=====+=====||=====+=====+=====|
| -0. | -0. | -0. ||  1. | -0. | -0. ||  1. | -0. | -0. |
| -0. | -0. | -0. || -0. | -0. | -0. || -0. | -0. | -0. |
| -0. | -1. | -0. || -0. |  1. | -1. ||  1. | -0. | -0. |

, evalForThisState=1.0, isPlayerOneTurnOriginally=false}, StateDatum{MCTSProbabilites=
|  .0 |  .0 |  .0 ||  .0 |  .0 |  .0 ||  .0 |  .0 |  .0 |
|  .0 |  .0 |  .0 ||  .0 |  .0 |  .0 ||  .0 |  .0 |  .0 |
|  .0 |  .0 |  .0 ||  .0 |  .0 |  .0 ||  .0 |  .0 |  .0 |
|========+========+========||========+========+========||========+========+========|
|  .0 |  .0 |  .0 ||  .1272 |  .1478 |  .0206 ||  .0 |  .0 |  .0 |
|  .0 |  .0 |  .0 ||  .1596 |  .026 |  .1725 ||  .0 |  .0 |  .0 |
|  .0 |  .0 |  .0 ||  .1522 |  .1518 |  .0423 ||  .0 |  .0 |  .0 |
|========+========+========||========+========+========||========+========+========|
|  .0 |  .0 |  .0 ||  .0 |  .0 |  .0 ||  .0 |  .0 |  .0 |
|  .0 |  .0 |  .0 ||  .0 |  .0 |  .0 ||  .0 |  .0 |  .0 |
|  .0 |  .0 |  .0 ||  .0 |  .0 |  .0 ||  .0 |  .0 |  .0 |

, state=
|  1. | -1. |  0. ||  0. |  0. |  0. ||  0. |  0. |  0. |
|  0. |  0. |  1. ||  1. |  0. |  0. ||  0. |  0. | -1. |
|  0. |  1. |  0. ||  0. |  0. |  1. ||  0. |  0. |  0. |
|=====+=====+=====||=====+=====+=====||=====+=====+=====|
|  0. |  0. |  1. ||* 0. |* 0. |* 0. ||  0. | -1. |  0. |
| -1. | -1. |  0. ||* 0. |* 0. |* 0. ||  1. |  0. |  0. |
|  0. |  0. |  0. ||* 0. |* 0. |* 0. ||  0. |  0. |  0. |
|=====+=====+=====||=====+=====+=====||=====+=====+=====|
|  0. |  0. |  0. || -1. |  0. |  0. || -1. |  0. |  0. |
|  0. |  0. |  0. ||  0. |  0. |  0. ||  0. |  0. |  0. |
|  0. |  1. |  0. ||  0. | -1. |  1. || -1. |  0. |  0. |

, evalForThisState=-1.0, isPlayerOneTurnOriginally=true}, StateDatum{MCTSProbabilites=
|  .0 |  .0 |  .0 ||  .0 |  .0 |  .0 ||  .0 |  .0 |  .0 |
|  .0 |  .0 |  .0 ||  .0 |  .0 |  .0 ||  .0 |  .0 |  .0 |
|  .0 |  .0 |  .0 ||  .0 |  .0 |  .0 ||  .0 |  .0 |  .0 |
|========+========+========||========+========+========||========+========+========|
|  .0 |  .0 |  .0 ||  .0 |  .0 |  .0 ||  .0638 |  .0 |  .2177 |
|  .0 |  .0 |  .0 ||  .0 |  .0 |  .0 ||  .0 |  .1014 |  .1363 |
|  .0 |  .0 |  .0 ||  .0 |  .0 |  .0 ||  .1545 |  .229 |  .0972 |
|========+========+========||========+========+========||========+========+========|
|  .0 |  .0 |  .0 ||  .0 |  .0 |  .0 ||  .0 |  .0 |  .0 |
|  .0 |  .0 |  .0 ||  .0 |  .0 |  .0 ||  .0 |  .0 |  .0 |
|  .0 |  .0 |  .0 ||  .0 |  .0 |  .0 ||  .0 |  .0 |  .0 |

, state=
| -1. |  1. | -0. || -0. | -0. | -0. || -0. | -0. | -0. |
| -0. | -0. | -1. || -1. | -0. | -0. || -0. | -0. |  1. |
| -0. | -1. | -0. || -0. | -0. | -1. || -0. | -0. | -0. |
|=====+=====+=====||=====+=====+=====||=====+=====+=====|
| -0. | -0. | -1. || -0. | -0. | -0. ||*-0. |* 1. |*-0. |
|  1. |  1. | -0. || -0. | -0. | -1. ||*-1. |*-0. |*-0. |
| -0. | -0. | -0. || -0. | -0. | -0. ||*-0. |*-0. |*-0. |
|=====+=====+=====||=====+=====+=====||=====+=====+=====|
| -0. | -0. | -0. ||  1. | -0. | -0. ||  1. | -0. | -0. |
| -0. | -0. | -0. || -0. | -0. | -0. || -0. | -0. | -0. |
| -0. | -1. | -0. || -0. |  1. | -1. ||  1. | -0. | -0. |

, evalForThisState=1.0, isPlayerOneTurnOriginally=false}, StateDatum{MCTSProbabilites=
|  .0 |  .0 |  .0 ||  .0 |  .0 |  .0 ||  .0 |  .0 |  .0 |
|  .0 |  .0 |  .0 ||  .0 |  .0 |  .0 ||  .0 |  .0 |  .0 |
|  .0 |  .0 |  .0 ||  .0 |  .0 |  .0 ||  .0 |  .0 |  .0 |
|========+========+========||========+========+========||========+========+========|
|  .0 |  .0 |  .0 ||  .0 |  .0 |  .0 ||  .0 |  .0 |  .0 |
|  .0 |  .0 |  .0 ||  .0 |  .0 |  .0 ||  .0 |  .0 |  .0 |
|  .0 |  .0 |  .0 ||  .0 |  .0 |  .0 ||  .0 |  .0 |  .0 |
|========+========+========||========+========+========||========+========+========|
|  .0 |  .0 |  .0 ||  .0 |  .1585 |  .172 ||  .0 |  .0 |  .0 |
|  .0 |  .0 |  .0 ||  .1562 |  .1749 |  .1286 ||  .0 |  .0 |  .0 |
|  .0 |  .0 |  .0 ||  .2097 |  .0 |  .0 ||  .0 |  .0 |  .0 |

, state=
|  1. | -1. |  0. ||  0. |  0. |  0. ||  0. |  0. |  0. |
|  0. |  0. |  1. ||  1. |  0. |  0. ||  0. |  0. | -1. |
|  0. |  1. |  0. ||  0. |  0. |  1. ||  0. |  0. |  0. |
|=====+=====+=====||=====+=====+=====||=====+=====+=====|
|  0. |  0. |  1. ||  0. |  0. |  0. ||  0. | -1. |  0. |
| -1. | -1. |  0. ||  0. |  0. |  1. ||  1. |  0. |  0. |
|  0. |  0. |  0. ||  0. |  0. |  0. ||  0. | -1. |  0. |
|=====+=====+=====||=====+=====+=====||=====+=====+=====|
|  0. |  0. |  0. ||*-1. |* 0. |* 0. || -1. |  0. |  0. |
|  0. |  0. |  0. ||* 0. |* 0. |* 0. ||  0. |  0. |  0. |
|  0. |  1. |  0. ||* 0. |*-1. |* 1. || -1. |  0. |  0. |

, evalForThisState=-1.0, isPlayerOneTurnOriginally=true}, StateDatum{MCTSProbabilites=
|  .0 |  .0 |  .0 ||  .0 |  .0 |  .0 ||  .0 |  .0 |  .0 |
|  .0 |  .0 |  .0 ||  .0 |  .0 |  .0 ||  .0 |  .0 |  .0 |
|  .0 |  .0 |  .0 ||  .0 |  .0 |  .0 ||  .0 |  .0 |  .0 |
|========+========+========||========+========+========||========+========+========|
|  .0 |  .0 |  .0 ||  .0 |  .0 |  .0 ||  .0 |  .0 |  .0 |
|  .0 |  .0 |  .0 ||  .0 |  .0 |  .0 ||  .0 |  .0 |  .0 |
|  .0 |  .0 |  .0 ||  .0 |  .0 |  .0 ||  .0 |  .0 |  .0 |
|========+========+========||========+========+========||========+========+========|
|  .1091 |  .085 |  .1761 ||  .0 |  .0 |  .0 ||  .0 |  .0 |  .0 |
|  .1445 |  .1664 |  .1244 ||  .0 |  .0 |  .0 ||  .0 |  .0 |  .0 |
|  .11 |  .0 |  .0845 ||  .0 |  .0 |  .0 ||  .0 |  .0 |  .0 |

, state=
| -1. |  1. | -0. || -0. | -0. | -0. || -0. | -0. | -0. |
| -0. | -0. | -1. || -1. | -0. | -0. || -0. | -0. |  1. |
| -0. | -1. | -0. || -0. | -0. | -1. || -0. | -0. | -0. |
|=====+=====+=====||=====+=====+=====||=====+=====+=====|
| -0. | -0. | -1. || -0. | -0. | -0. || -0. |  1. | -0. |
|  1. |  1. | -0. || -0. | -0. | -1. || -1. | -0. | -0. |
| -0. | -0. | -0. || -0. | -0. | -0. || -0. |  1. | -0. |
|=====+=====+=====||=====+=====+=====||=====+=====+=====|
|*-0. |*-0. |*-0. ||  1. | -0. | -0. ||  1. | -0. | -0. |
|*-0. |*-0. |*-0. || -0. | -0. | -0. || -0. | -0. | -0. |
|*-0. |*-1. |*-0. || -1. |  1. | -1. ||  1. | -0. | -0. |

, evalForThisState=1.0, isPlayerOneTurnOriginally=false}, StateDatum{MCTSProbabilites=
|  .0 |  .0 |  .0 ||  .0 |  .0 |  .0 ||  .1212 |  .1297 |  .1357 |
|  .0 |  .0 |  .0 ||  .0 |  .0 |  .0 ||  .134 |  .1125 |  .0 |
|  .0 |  .0 |  .0 ||  .0 |  .0 |  .0 ||  .1005 |  .1027 |  .1637 |
|========+========+========||========+========+========||========+========+========|
|  .0 |  .0 |  .0 ||  .0 |  .0 |  .0 ||  .0 |  .0 |  .0 |
|  .0 |  .0 |  .0 ||  .0 |  .0 |  .0 ||  .0 |  .0 |  .0 |
|  .0 |  .0 |  .0 ||  .0 |  .0 |  .0 ||  .0 |  .0 |  .0 |
|========+========+========||========+========+========||========+========+========|
|  .0 |  .0 |  .0 ||  .0 |  .0 |  .0 ||  .0 |  .0 |  .0 |
|  .0 |  .0 |  .0 ||  .0 |  .0 |  .0 ||  .0 |  .0 |  .0 |
|  .0 |  .0 |  .0 ||  .0 |  .0 |  .0 ||  .0 |  .0 |  .0 |

, state=
|  1. | -1. |  0. ||  0. |  0. |  0. ||* 0. |* 0. |* 0. |
|  0. |  0. |  1. ||  1. |  0. |  0. ||* 0. |* 0. |*-1. |
|  0. |  1. |  0. ||  0. |  0. |  1. ||* 0. |* 0. |* 0. |
|=====+=====+=====||=====+=====+=====||=====+=====+=====|
|  0. |  0. |  1. ||  0. |  0. |  0. ||  0. | -1. |  0. |
| -1. | -1. |  0. ||  0. |  0. |  1. ||  1. |  0. |  0. |
|  0. |  0. |  0. ||  0. |  0. |  0. ||  0. | -1. |  0. |
|=====+=====+=====||=====+=====+=====||=====+=====+=====|
|  0. |  0. | -1. || -1. |  0. |  0. || -1. |  0. |  0. |
|  0. |  0. |  0. ||  0. |  0. |  0. ||  0. |  0. |  0. |
|  0. |  1. |  0. ||  1. | -1. |  1. || -1. |  0. |  0. |

, evalForThisState=-1.0, isPlayerOneTurnOriginally=true}, StateDatum{MCTSProbabilites=
|  .0 |  .0 |  .0 ||  .0 |  .0 |  .0 ||  .0 |  .0 |  .0 |
|  .0 |  .0 |  .0 ||  .0 |  .0 |  .0 ||  .0 |  .0 |  .0 |
|  .0 |  .0 |  .0 ||  .0 |  .0 |  .0 ||  .0 |  .0 |  .0 |
|========+========+========||========+========+========||========+========+========|
|  .0 |  .0 |  .0 ||  .0 |  .0 |  .0 ||  .0 |  .0 |  .0 |
|  .0 |  .0 |  .0 ||  .0 |  .0 |  .0 ||  .0 |  .0 |  .0 |
|  .0 |  .0 |  .0 ||  .0 |  .0 |  .0 ||  .0 |  .0 |  .0 |
|========+========+========||========+========+========||========+========+========|
|  .0 |  .0 |  .0 ||  .0 |  .0 |  .0 ||  .0 |  .1633 |  .1806 |
|  .0 |  .0 |  .0 ||  .0 |  .0 |  .0 ||  .0899 |  .1686 |  .1339 |
|  .0 |  .0 |  .0 ||  .0 |  .0 |  .0 ||  .0 |  .1496 |  .1141 |

, state=
| -1. |  1. | -0. || -0. | -0. | -0. || -0. | -0. | -0. |
| -0. | -0. | -1. || -1. | -0. | -0. || -0. | -0. |  1. |
| -0. | -1. | -0. || -0. | -0. | -1. || -0. | -0. | -1. |
|=====+=====+=====||=====+=====+=====||=====+=====+=====|
| -0. | -0. | -1. || -0. | -0. | -0. || -0. |  1. | -0. |
|  1. |  1. | -0. || -0. | -0. | -1. || -1. | -0. | -0. |
| -0. | -0. | -0. || -0. | -0. | -0. || -0. |  1. | -0. |
|=====+=====+=====||=====+=====+=====||=====+=====+=====|
| -0. | -0. |  1. ||  1. | -0. | -0. ||* 1. |*-0. |*-0. |
| -0. | -0. | -0. || -0. | -0. | -0. ||*-0. |*-0. |*-0. |
| -0. | -1. | -0. || -1. |  1. | -1. ||* 1. |*-0. |*-0. |

, evalForThisState=1.0, isPlayerOneTurnOriginally=false}, StateDatum{MCTSProbabilites=
|  .0 |  .0 |  .0 ||  .0 |  .0 |  .0 ||  .1534 |  .1458 |  .1377 |
|  .0 |  .0 |  .0 ||  .0 |  .0 |  .0 ||  .1644 |  .1299 |  .0 |
|  .0 |  .0 |  .0 ||  .0 |  .0 |  .0 ||  .1707 |  .0982 |  .0 |
|========+========+========||========+========+========||========+========+========|
|  .0 |  .0 |  .0 ||  .0 |  .0 |  .0 ||  .0 |  .0 |  .0 |
|  .0 |  .0 |  .0 ||  .0 |  .0 |  .0 ||  .0 |  .0 |  .0 |
|  .0 |  .0 |  .0 ||  .0 |  .0 |  .0 ||  .0 |  .0 |  .0 |
|========+========+========||========+========+========||========+========+========|
|  .0 |  .0 |  .0 ||  .0 |  .0 |  .0 ||  .0 |  .0 |  .0 |
|  .0 |  .0 |  .0 ||  .0 |  .0 |  .0 ||  .0 |  .0 |  .0 |
|  .0 |  .0 |  .0 ||  .0 |  .0 |  .0 ||  .0 |  .0 |  .0 |

, state=
|  1. | -1. |  0. ||  0. |  0. |  0. ||* 0. |* 0. |* 0. |
|  0. |  0. |  1. ||  1. |  0. |  0. ||* 0. |* 0. |*-1. |
|  0. |  1. |  0. ||  0. |  0. |  1. ||* 0. |* 0. |* 1. |
|=====+=====+=====||=====+=====+=====||=====+=====+=====|
|  0. |  0. |  1. ||  0. |  0. |  0. ||  0. | -1. |  0. |
| -1. | -1. |  0. ||  0. |  0. |  1. ||  1. |  0. |  0. |
|  0. |  0. |  0. ||  0. |  0. |  0. ||  0. | -1. |  0. |
|=====+=====+=====||=====+=====+=====||=====+=====+=====|
|  0. |  0. | -1. || -1. |  0. |  0. || -1. |  0. | -1. |
|  0. |  0. |  0. ||  0. |  0. |  0. ||  0. |  0. |  0. |
|  0. |  1. |  0. ||  1. | -1. |  1. || -1. |  0. |  0. |

, evalForThisState=-1.0, isPlayerOneTurnOriginally=true}, StateDatum{MCTSProbabilites=
|  .0 |  .0 |  .0 ||  .0 |  .0 |  .0 ||  .0 |  .0 |  .0 |
|  .0 |  .0 |  .0 ||  .0 |  .0 |  .0 ||  .0 |  .0 |  .0 |
|  .0 |  .0 |  .0 ||  .0 |  .0 |  .0 ||  .0 |  .0 |  .0 |
|========+========+========||========+========+========||========+========+========|
|  .0 |  .0 |  .0 ||  .0 |  .0 |  .0 ||  .0 |  .0 |  .0 |
|  .0 |  .0 |  .0 ||  .0 |  .0 |  .0 ||  .0 |  .0 |  .0 |
|  .0 |  .0 |  .0 ||  .0 |  .0 |  .0 ||  .0 |  .0 |  .0 |
|========+========+========||========+========+========||========+========+========|
|  .0901 |  .151 |  .0 ||  .0 |  .0 |  .0 ||  .0 |  .0 |  .0 |
|  .1407 |  .1684 |  .1249 ||  .0 |  .0 |  .0 ||  .0 |  .0 |  .0 |
|  .1654 |  .0 |  .1595 ||  .0 |  .0 |  .0 ||  .0 |  .0 |  .0 |

, state=
| -1. |  1. | -0. || -0. | -0. | -0. || -0. | -0. | -0. |
| -0. | -0. | -1. || -1. | -0. | -0. || -0. | -0. |  1. |
| -0. | -1. | -0. || -0. | -0. | -1. || -1. | -0. | -1. |
|=====+=====+=====||=====+=====+=====||=====+=====+=====|
| -0. | -0. | -1. || -0. | -0. | -0. || -0. |  1. | -0. |
|  1. |  1. | -0. || -0. | -0. | -1. || -1. | -0. | -0. |
| -0. | -0. | -0. || -0. | -0. | -0. || -0. |  1. | -0. |
|=====+=====+=====||=====+=====+=====||=====+=====+=====|
|*-0. |*-0. |* 1. ||  1. | -0. | -0. ||  1. | -0. |  1. |
|*-0. |*-0. |*-0. || -0. | -0. | -0. || -0. | -0. | -0. |
|*-0. |*-1. |*-0. || -1. |  1. | -1. ||  1. | -0. | -0. |

, evalForThisState=1.0, isPlayerOneTurnOriginally=false}, StateDatum{MCTSProbabilites=
|  .0 |  .0 |  .0 ||  .0 |  .0 |  .0 ||  .0 |  .0 |  .0 |
|  .0 |  .0 |  .0 ||  .0 |  .0 |  .0 ||  .0 |  .0 |  .0 |
|  .0 |  .0 |  .0 ||  .0 |  .0 |  .0 ||  .0 |  .0 |  .0 |
|========+========+========||========+========+========||========+========+========|
|  .0 |  .0 |  .0 ||  .1064 |  .1484 |  .1268 ||  .0 |  .0 |  .0 |
|  .0 |  .0 |  .0 ||  .1598 |  .1408 |  .0 ||  .0 |  .0 |  .0 |
|  .0 |  .0 |  .0 ||  .093 |  .094 |  .1308 ||  .0 |  .0 |  .0 |
|========+========+========||========+========+========||========+========+========|
|  .0 |  .0 |  .0 ||  .0 |  .0 |  .0 ||  .0 |  .0 |  .0 |
|  .0 |  .0 |  .0 ||  .0 |  .0 |  .0 ||  .0 |  .0 |  .0 |
|  .0 |  .0 |  .0 ||  .0 |  .0 |  .0 ||  .0 |  .0 |  .0 |

, state=
|  1. | -1. |  0. ||  0. |  0. |  0. ||  0. |  0. |  0. |
|  0. |  0. |  1. ||  1. |  0. |  0. ||  0. |  0. | -1. |
|  0. |  1. |  0. ||  0. |  0. |  1. ||  1. |  0. |  1. |
|=====+=====+=====||=====+=====+=====||=====+=====+=====|
|  0. |  0. |  1. ||* 0. |* 0. |* 0. ||  0. | -1. |  0. |
| -1. | -1. |  0. ||* 0. |* 0. |* 1. ||  1. |  0. |  0. |
|  0. |  0. |  0. ||* 0. |* 0. |* 0. ||  0. | -1. |  0. |
|=====+=====+=====||=====+=====+=====||=====+=====+=====|
|  0. |  0. | -1. || -1. |  0. |  0. || -1. |  0. | -1. |
|  0. | -1. |  0. ||  0. |  0. |  0. ||  0. |  0. |  0. |
|  0. |  1. |  0. ||  1. | -1. |  1. || -1. |  0. |  0. |

, evalForThisState=-1.0, isPlayerOneTurnOriginally=true}, StateDatum{MCTSProbabilites=
|  .0 |  .0 |  .0 ||  .0 |  .0 |  .0 ||  .0 |  .0 |  .0 |
|  .0 |  .0 |  .0 ||  .0 |  .0 |  .0 ||  .0 |  .0 |  .0 |
|  .0 |  .0 |  .0 ||  .0 |  .0 |  .0 ||  .0 |  .0 |  .0 |
|========+========+========||========+========+========||========+========+========|
|  .1921 |  .1852 |  .0 ||  .0 |  .0 |  .0 ||  .0 |  .0 |  .0 |
|  .0 |  .0 |  .2294 ||  .0 |  .0 |  .0 ||  .0 |  .0 |  .0 |
|  .1274 |  .1223 |  .1435 ||  .0 |  .0 |  .0 ||  .0 |  .0 |  .0 |
|========+========+========||========+========+========||========+========+========|
|  .0 |  .0 |  .0 ||  .0 |  .0 |  .0 ||  .0 |  .0 |  .0 |
|  .0 |  .0 |  .0 ||  .0 |  .0 |  .0 ||  .0 |  .0 |  .0 |
|  .0 |  .0 |  .0 ||  .0 |  .0 |  .0 ||  .0 |  .0 |  .0 |

, state=
| -1. |  1. | -0. || -0. | -0. | -0. || -0. | -0. | -0. |
| -0. | -0. | -1. || -1. | -0. | -0. || -0. | -0. |  1. |
| -0. | -1. | -0. || -0. | -0. | -1. || -1. | -0. | -1. |
|=====+=====+=====||=====+=====+=====||=====+=====+=====|
|*-0. |*-0. |*-1. || -0. | -0. | -0. || -0. |  1. | -0. |
|* 1. |* 1. |*-0. || -1. | -0. | -1. || -1. | -0. | -0. |
|*-0. |*-0. |*-0. || -0. | -0. | -0. || -0. |  1. | -0. |
|=====+=====+=====||=====+=====+=====||=====+=====+=====|
| -0. | -0. |  1. ||  1. | -0. | -0. ||  1. | -0. |  1. |
| -0. |  1. | -0. || -0. | -0. | -0. || -0. | -0. | -0. |
| -0. | -1. | -0. || -1. |  1. | -1. ||  1. | -0. | -0. |

, evalForThisState=1.0, isPlayerOneTurnOriginally=false}, StateDatum{MCTSProbabilites=
|  .0 |  .0 |  .0 ||  .0 |  .0 |  .0 ||  .0 |  .0 |  .0 |
|  .0 |  .0 |  .0 ||  .0 |  .0 |  .0 ||  .0 |  .0 |  .0 |
|  .0 |  .0 |  .0 ||  .0 |  .0 |  .0 ||  .0 |  .0 |  .0 |
|========+========+========||========+========+========||========+========+========|
|  .0 |  .0 |  .0 ||  .0 |  .0 |  .0 ||  .1451 |  .0 |  .1355 |
|  .0 |  .0 |  .0 ||  .0 |  .0 |  .0 ||  .0 |  .1306 |  .2296 |
|  .0 |  .0 |  .0 ||  .0 |  .0 |  .0 ||  .196 |  .0 |  .1633 |
|========+========+========||========+========+========||========+========+========|
|  .0 |  .0 |  .0 ||  .0 |  .0 |  .0 ||  .0 |  .0 |  .0 |
|  .0 |  .0 |  .0 ||  .0 |  .0 |  .0 ||  .0 |  .0 |  .0 |
|  .0 |  .0 |  .0 ||  .0 |  .0 |  .0 ||  .0 |  .0 |  .0 |

, state=
|  1. | -1. |  0. ||  0. |  0. |  0. ||  0. |  0. |  0. |
|  0. |  0. |  1. ||  1. |  0. |  0. ||  0. |  0. | -1. |
|  0. |  1. |  0. ||  0. |  0. |  1. ||  1. |  0. |  1. |
|=====+=====+=====||=====+=====+=====||=====+=====+=====|
|  0. |  0. |  1. ||  0. |  0. |  0. ||* 0. |*-1. |* 0. |
| -1. | -1. | -1. ||  1. |  0. |  1. ||* 1. |* 0. |* 0. |
|  0. |  0. |  0. ||  0. |  0. |  0. ||* 0. |*-1. |* 0. |
|=====+=====+=====||=====+=====+=====||=====+=====+=====|
|  0. |  0. | -1. || -1. |  0. |  0. || -1. |  0. | -1. |
|  0. | -1. |  0. ||  0. |  0. |  0. ||  0. |  0. |  0. |
|  0. |  1. |  0. ||  1. | -1. |  1. || -1. |  0. |  0. |

, evalForThisState=-1.0, isPlayerOneTurnOriginally=true}, StateDatum{MCTSProbabilites=
|  .0 |  .0 |  .0 ||  .0 |  .0 |  .0 ||  .0 |  .0 |  .0 |
|  .0 |  .0 |  .0 ||  .0 |  .0 |  .0 ||  .0 |  .0 |  .0 |
|  .0 |  .0 |  .0 ||  .0 |  .0 |  .0 ||  .0 |  .0 |  .0 |
|========+========+========||========+========+========||========+========+========|
|  .0 |  .0 |  .0 ||  .0 |  .0 |  .0 ||  .1171 |  .0 |  .2724 |
|  .0 |  .0 |  .0 ||  .0 |  .0 |  .0 ||  .0 |  .1763 |  .0 |
|  .0 |  .0 |  .0 ||  .0 |  .0 |  .0 ||  .1241 |  .0 |  .3101 |
|========+========+========||========+========+========||========+========+========|
|  .0 |  .0 |  .0 ||  .0 |  .0 |  .0 ||  .0 |  .0 |  .0 |
|  .0 |  .0 |  .0 ||  .0 |  .0 |  .0 ||  .0 |  .0 |  .0 |
|  .0 |  .0 |  .0 ||  .0 |  .0 |  .0 ||  .0 |  .0 |  .0 |

, state=
| -1. |  1. | -0. || -0. | -0. | -0. || -0. | -0. | -0. |
| -0. | -0. | -1. || -1. | -0. | -0. || -0. | -0. |  1. |
| -0. | -1. | -0. || -0. | -0. | -1. || -1. | -0. | -1. |
|=====+=====+=====||=====+=====+=====||=====+=====+=====|
| -0. | -0. | -1. || -0. | -0. | -0. ||*-0. |* 1. |*-0. |
|  1. |  1. |  1. || -1. | -0. | -1. ||*-1. |*-0. |*-1. |
| -0. | -0. | -0. || -0. | -0. | -0. ||*-0. |* 1. |*-0. |
|=====+=====+=====||=====+=====+=====||=====+=====+=====|
| -0. | -0. |  1. ||  1. | -0. | -0. ||  1. | -0. |  1. |
| -0. |  1. | -0. || -0. | -0. | -0. || -0. | -0. | -0. |
| -0. | -1. | -0. || -1. |  1. | -1. ||  1. | -0. | -0. |

, evalForThisState=1.0, isPlayerOneTurnOriginally=false}, StateDatum{MCTSProbabilites=
|  .0 |  .0 |  .0 ||  .0 |  .0 |  .0 ||  .0 |  .0 |  .0 |
|  .0 |  .0 |  .0 ||  .0 |  .0 |  .0 ||  .0 |  .0 |  .0 |
|  .0 |  .0 |  .0 ||  .0 |  .0 |  .0 ||  .0 |  .0 |  .0 |
|========+========+========||========+========+========||========+========+========|
|  .0 |  .0 |  .0 ||  .0 |  .0 |  .0 ||  .0 |  .0 |  .0 |
|  .0 |  .0 |  .0 ||  .0 |  .0 |  .0 ||  .0 |  .0 |  .0 |
|  .0 |  .0 |  .0 ||  .0 |  .0 |  .0 ||  .0 |  .0 |  .0 |
|========+========+========||========+========+========||========+========+========|
|  .0 |  .0 |  .0 ||  .0 |  .0 |  .0 ||  .0 |  .1341 |  .0 |
|  .0 |  .0 |  .0 ||  .0 |  .0 |  .0 ||  .1562 |  .1304 |  .1793 |
|  .0 |  .0 |  .0 ||  .0 |  .0 |  .0 ||  .0 |  .1561 |  .2439 |

, state=
|  1. | -1. |  0. ||  0. |  0. |  0. ||  0. |  0. |  0. |
|  0. |  0. |  1. ||  1. |  0. |  0. ||  0. |  0. | -1. |
|  0. |  1. |  0. ||  0. |  0. |  1. ||  1. |  0. |  1. |
|=====+=====+=====||=====+=====+=====||=====+=====+=====|
|  0. |  0. |  1. ||  0. |  0. |  0. ||  0. | -1. |  0. |
| -1. | -1. | -1. ||  1. |  0. |  1. ||  1. |  0. |  1. |
|  0. |  0. |  0. ||  0. |  0. |  0. ||  0. | -1. | -1. |
|=====+=====+=====||=====+=====+=====||=====+=====+=====|
|  0. |  0. | -1. || -1. |  0. |  0. ||*-1. |* 0. |*-1. |
|  0. | -1. |  0. ||  0. |  0. |  0. ||* 0. |* 0. |* 0. |
|  0. |  1. |  0. ||  1. | -1. |  1. ||*-1. |* 0. |* 0. |

, evalForThisState=-1.0, isPlayerOneTurnOriginally=true}, StateDatum{MCTSProbabilites=
|  .0 |  .0 |  .0 ||  .0 |  .0 |  .0 ||  .0 |  .0 |  .0 |
|  .0 |  .0 |  .0 ||  .0 |  .0 |  .0 ||  .0 |  .0 |  .0 |
|  .0 |  .0 |  .0 ||  .0 |  .0 |  .0 ||  .0 |  .0 |  .0 |
|========+========+========||========+========+========||========+========+========|
|  .0 |  .0 |  .0 ||  .0 |  .0 |  .0 ||  .0 |  .0 |  .0 |
|  .0 |  .0 |  .0 ||  .0 |  .0 |  .0 ||  .0 |  .0 |  .0 |
|  .0 |  .0 |  .0 ||  .0 |  .0 |  .0 ||  .0 |  .0 |  .0 |
|========+========+========||========+========+========||========+========+========|
|  .0 |  .0 |  .0 ||  .0 |  .0 |  .0 ||  .0 |  .256 |  .0 |
|  .0 |  .0 |  .0 ||  .0 |  .0 |  .0 ||  .2069 |  .1287 |  .2364 |
|  .0 |  .0 |  .0 ||  .0 |  .0 |  .0 ||  .0 |  .172 |  .0 |

, state=
| -1. |  1. | -0. || -0. | -0. | -0. || -0. | -0. | -0. |
| -0. | -0. | -1. || -1. | -0. | -0. || -0. | -0. |  1. |
| -0. | -1. | -0. || -0. | -0. | -1. || -1. | -0. | -1. |
|=====+=====+=====||=====+=====+=====||=====+=====+=====|
| -0. | -0. | -1. || -0. | -0. | -0. || -0. |  1. | -0. |
|  1. |  1. |  1. || -1. | -0. | -1. || -1. | -0. | -1. |
| -0. | -0. | -0. || -0. | -0. | -0. || -0. |  1. |  1. |
|=====+=====+=====||=====+=====+=====||=====+=====+=====|
| -0. | -0. |  1. ||  1. | -0. | -0. ||* 1. |*-0. |* 1. |
| -0. |  1. | -0. || -0. | -0. | -0. ||*-0. |*-0. |*-0. |
| -0. | -1. | -0. || -1. |  1. | -1. ||* 1. |*-0. |*-1. |

, evalForThisState=1.0, isPlayerOneTurnOriginally=false}, StateDatum{MCTSProbabilites=
|  .0 |  .0 |  .0 ||  .1342 |  .1564 |  .0958 ||  .0 |  .0 |  .0 |
|  .0 |  .0 |  .0 ||  .0 |  .1467 |  .1558 ||  .0 |  .0 |  .0 |
|  .0 |  .0 |  .0 ||  .1892 |  .1218 |  .0 ||  .0 |  .0 |  .0 |
|========+========+========||========+========+========||========+========+========|
|  .0 |  .0 |  .0 ||  .0 |  .0 |  .0 ||  .0 |  .0 |  .0 |
|  .0 |  .0 |  .0 ||  .0 |  .0 |  .0 ||  .0 |  .0 |  .0 |
|  .0 |  .0 |  .0 ||  .0 |  .0 |  .0 ||  .0 |  .0 |  .0 |
|========+========+========||========+========+========||========+========+========|
|  .0 |  .0 |  .0 ||  .0 |  .0 |  .0 ||  .0 |  .0 |  .0 |
|  .0 |  .0 |  .0 ||  .0 |  .0 |  .0 ||  .0 |  .0 |  .0 |
|  .0 |  .0 |  .0 ||  .0 |  .0 |  .0 ||  .0 |  .0 |  .0 |

, state=
|  1. | -1. |  0. ||* 0. |* 0. |* 0. ||  0. |  0. |  0. |
|  0. |  0. |  1. ||* 1. |* 0. |* 0. ||  0. |  0. | -1. |
|  0. |  1. |  0. ||* 0. |* 0. |* 1. ||  1. |  0. |  1. |
|=====+=====+=====||=====+=====+=====||=====+=====+=====|
|  0. |  0. |  1. ||  0. |  0. |  0. ||  0. | -1. |  0. |
| -1. | -1. | -1. ||  1. |  0. |  1. ||  1. |  0. |  1. |
|  0. |  0. |  0. ||  0. |  0. |  0. ||  0. | -1. | -1. |
|=====+=====+=====||=====+=====+=====||=====+=====+=====|
|  0. |  0. | -1. || -1. |  0. |  0. || -1. | -1. | -1. |
|  0. | -1. |  0. ||  0. |  0. |  0. ||  0. |  0. |  0. |
|  0. |  1. |  0. ||  1. | -1. |  1. || -1. |  0. |  1. |

, evalForThisState=-1.0, isPlayerOneTurnOriginally=true}, StateDatum{MCTSProbabilites=
|  .0 |  .0 |  .0 ||  .0 |  .0 |  .0 ||  .0 |  .0 |  .0 |
|  .0 |  .0 |  .0 ||  .0 |  .0 |  .0 ||  .0 |  .0 |  .0 |
|  .0 |  .0 |  .0 ||  .0 |  .0 |  .0 ||  .0 |  .0 |  .0 |
|========+========+========||========+========+========||========+========+========|
|  .0 |  .0 |  .0 ||  .0 |  .0 |  .0 ||  .0 |  .0 |  .0 |
|  .0 |  .0 |  .0 ||  .0 |  .0 |  .0 ||  .0 |  .0 |  .0 |
|  .0 |  .0 |  .0 ||  .0 |  .0 |  .0 ||  .0 |  .0 |  .0 |
|========+========+========||========+========+========||========+========+========|
|  .2062 |  .1532 |  .0 ||  .0 |  .0 |  .0 ||  .0 |  .0 |  .0 |
|  .0831 |  .0 |  .1084 ||  .0 |  .0 |  .0 ||  .0 |  .0 |  .0 |
|  .3273 |  .0 |  .1218 ||  .0 |  .0 |  .0 ||  .0 |  .0 |  .0 |

, state=
| -1. |  1. | -0. || -0. | -0. | -0. || -0. | -0. | -0. |
| -0. | -0. | -1. || -1. | -0. | -0. || -0. | -0. |  1. |
| -0. | -1. | -0. || -1. | -0. | -1. || -1. | -0. | -1. |
|=====+=====+=====||=====+=====+=====||=====+=====+=====|
| -0. | -0. | -1. || -0. | -0. | -0. || -0. |  1. | -0. |
|  1. |  1. |  1. || -1. | -0. | -1. || -1. | -0. | -1. |
| -0. | -0. | -0. || -0. | -0. | -0. || -0. |  1. |  1. |
|=====+=====+=====||=====+=====+=====||=====+=====+=====|
|*-0. |*-0. |* 1. ||  1. | -0. | -0. ||  1. |  1. |  1. |
|*-0. |* 1. |*-0. || -0. | -0. | -0. || -0. | -0. | -0. |
|*-0. |*-1. |*-0. || -1. |  1. | -1. ||  1. | -0. | -1. |

, evalForThisState=1.0, isPlayerOneTurnOriginally=false}, StateDatum{MCTSProbabilites=
|  .0 |  .0 |  .016 ||  .0265 |  .0332 |  .0224 ||  .026 |  .0088 |  .0157 |
|  .0355 |  .024 |  .0 ||  .0 |  .0603 |  .0349 ||  .0354 |  .0446 |  .0 |
|  .0337 |  .0 |  .0433 ||  .0 |  .0323 |  .0 ||  .0 |  .0451 |  .0 |
|========+========+========||========+========+========||========+========+========|
|  .0 |  .0 |  .0 ||  .0268 |  .0282 |  .0349 ||  .037 |  .0 |  .0232 |
|  .0 |  .0 |  .0 ||  .0 |  .0339 |  .0 ||  .0 |  .0399 |  .0 |
|  .0 |  .0 |  .0 ||  .0265 |  .0287 |  .0344 ||  .0302 |  .0 |  .0 |
|========+========+========||========+========+========||========+========+========|
|  .0 |  .0 |  .0 ||  .0 |  .0148 |  .0216 ||  .0 |  .0 |  .0 |
|  .0 |  .0 |  .0 ||  .0267 |  .0314 |  .0241 ||  .0 |  .0 |  .0 |
|  .0 |  .0 |  .0 ||  .0 |  .0 |  .0 ||  .0 |  .0 |  .0 |

, state=
|* 1. |*-1. |* 0. ||* 0. |* 0. |* 0. ||* 0. |* 0. |* 0. |
|* 0. |* 0. |* 1. ||* 1. |* 0. |* 0. ||* 0. |* 0. |*-1. |
|* 0. |* 1. |* 0. ||* 1. |* 0. |* 1. ||* 1. |* 0. |* 1. |
|=====+=====+=====||=====+=====+=====||=====+=====+=====|
|  0. |  0. |  1. ||* 0. |* 0. |* 0. ||* 0. |*-1. |* 0. |
| -1. | -1. | -1. ||* 1. |* 0. |* 1. ||* 1. |* 0. |* 1. |
|  0. |  0. |  0. ||* 0. |* 0. |* 0. ||* 0. |*-1. |*-1. |
|=====+=====+=====||=====+=====+=====||=====+=====+=====|
|  0. |  0. | -1. ||*-1. |* 0. |* 0. || -1. | -1. | -1. |
|  0. | -1. |  0. ||* 0. |* 0. |* 0. ||  0. |  0. |  0. |
| -1. |  1. |  0. ||* 1. |*-1. |* 1. || -1. |  0. |  1. |

, evalForThisState=-1.0, isPlayerOneTurnOriginally=true}, StateDatum{MCTSProbabilites=
|  .0 |  .0 |  .0 ||  .0 |  .0 |  .0 ||  .0 |  .0 |  .0 |
|  .0 |  .0 |  .0 ||  .0 |  .0 |  .0 ||  .0 |  .0 |  .0 |
|  .0 |  .0 |  .0 ||  .0 |  .0 |  .0 ||  .0 |  .0 |  .0 |
|========+========+========||========+========+========||========+========+========|
|  .0 |  .0 |  .0 ||  .1553 |  .1228 |  .1467 ||  .0 |  .0 |  .0 |
|  .0 |  .0 |  .0 ||  .0 |  .1273 |  .0 ||  .0 |  .0 |  .0 |
|  .0 |  .0 |  .0 ||  .1331 |  .1284 |  .1864 ||  .0 |  .0 |  .0 |
|========+========+========||========+========+========||========+========+========|
|  .0 |  .0 |  .0 ||  .0 |  .0 |  .0 ||  .0 |  .0 |  .0 |
|  .0 |  .0 |  .0 ||  .0 |  .0 |  .0 ||  .0 |  .0 |  .0 |
|  .0 |  .0 |  .0 ||  .0 |  .0 |  .0 ||  .0 |  .0 |  .0 |

, state=
| -1. |  1. | -0. || -0. | -0. | -0. || -0. | -0. | -0. |
| -0. | -0. | -1. || -1. | -1. | -0. || -0. | -0. |  1. |
| -0. | -1. | -0. || -1. | -0. | -1. || -1. | -0. | -1. |
|=====+=====+=====||=====+=====+=====||=====+=====+=====|
| -0. | -0. | -1. ||*-0. |*-0. |*-0. || -0. |  1. | -0. |
|  1. |  1. |  1. ||*-1. |*-0. |*-1. || -1. | -0. | -1. |
| -0. | -0. | -0. ||*-0. |*-0. |*-0. || -0. |  1. |  1. |
|=====+=====+=====||=====+=====+=====||=====+=====+=====|
| -0. | -0. |  1. ||  1. | -0. | -0. ||  1. |  1. |  1. |
| -0. |  1. | -0. || -0. | -0. | -0. || -0. | -0. | -0. |
|  1. | -1. | -0. || -1. |  1. | -1. ||  1. | -0. | -1. |

, evalForThisState=1.0, isPlayerOneTurnOriginally=false}, StateDatum{MCTSProbabilites=
|  .0 |  .0 |  .0219 ||  .0208 |  .0456 |  .0081 ||  .0185 |  .029 |  .0355 |
|  .04 |  .0144 |  .0 ||  .0 |  .0 |  .0383 ||  .0446 |  .0339 |  .0 |
|  .022 |  .0 |  .031 ||  .0 |  .0136 |  .0 ||  .0 |  .1008 |  .0 |
|========+========+========||========+========+========||========+========+========|
|  .0 |  .0 |  .0 ||  .0234 |  .04 |  .0253 ||  .0184 |  .0 |  .0117 |
|  .0 |  .0 |  .0 ||  .0 |  .0446 |  .0 ||  .0 |  .026 |  .0 |
|  .0 |  .0 |  .0 ||  .0307 |  .1155 |  .0 ||  .0325 |  .0 |  .0 |
|========+========+========||========+========+========||========+========+========|
|  .0 |  .0 |  .0 ||  .0 |  .022 |  .0216 ||  .0 |  .0 |  .0 |
|  .0 |  .0 |  .0 ||  .0264 |  .031 |  .0129 ||  .0 |  .0 |  .0 |
|  .0 |  .0 |  .0 ||  .0 |  .0 |  .0 ||  .0 |  .0 |  .0 |

, state=
|* 1. |*-1. |* 0. ||* 0. |* 0. |* 0. ||* 0. |* 0. |* 0. |
|* 0. |* 0. |* 1. ||* 1. |* 1. |* 0. ||* 0. |* 0. |*-1. |
|* 0. |* 1. |* 0. ||* 1. |* 0. |* 1. ||* 1. |* 0. |* 1. |
|=====+=====+=====||=====+=====+=====||=====+=====+=====|
|  0. |  0. |  1. ||* 0. |* 0. |* 0. ||* 0. |*-1. |* 0. |
| -1. | -1. | -1. ||* 1. |* 0. |* 1. ||* 1. |* 0. |* 1. |
|  0. |  0. |  0. ||* 0. |* 0. |*-1. ||* 0. |*-1. |*-1. |
|=====+=====+=====||=====+=====+=====||=====+=====+=====|
|  0. |  0. | -1. ||*-1. |* 0. |* 0. || -1. | -1. | -1. |
|  0. | -1. |  0. ||* 0. |* 0. |* 0. ||  0. |  0. |  0. |
| -1. |  1. |  0. ||* 1. |*-1. |* 1. || -1. |  0. |  1. |

, evalForThisState=-1.0, isPlayerOneTurnOriginally=true}, StateDatum{MCTSProbabilites=
|  .0 |  .0 |  .0 ||  .0 |  .0 |  .0 ||  .0 |  .0 |  .0 |
|  .0 |  .0 |  .0 ||  .0 |  .0 |  .0 ||  .0 |  .0 |  .0 |
|  .0 |  .0 |  .0 ||  .0 |  .0 |  .0 ||  .0 |  .0 |  .0 |
|========+========+========||========+========+========||========+========+========|
|  .0 |  .0 |  .0 ||  .0 |  .0 |  .0 ||  .0 |  .0 |  .0 |
|  .0 |  .0 |  .0 ||  .0 |  .0 |  .0 ||  .0 |  .0 |  .0 |
|  .0 |  .0 |  .0 ||  .0 |  .0 |  .0 ||  .0 |  .0 |  .0 |
|========+========+========||========+========+========||========+========+========|
|  .0 |  .0 |  .0 ||  .0 |  .9817 |  .0063 ||  .0 |  .0 |  .0 |
|  .0 |  .0 |  .0 ||  .0021 |  .0062 |  .0037 ||  .0 |  .0 |  .0 |
|  .0 |  .0 |  .0 ||  .0 |  .0 |  .0 ||  .0 |  .0 |  .0 |

, state=
| -1. |  1. | -0. || -0. | -0. | -0. || -0. | -0. | -0. |
| -0. | -0. | -1. || -1. | -1. | -0. || -0. | -0. |  1. |
| -0. | -1. | -0. || -1. | -0. | -1. || -1. | -0. | -1. |
|=====+=====+=====||=====+=====+=====||=====+=====+=====|
| -0. | -0. | -1. || -0. | -0. | -0. || -0. |  1. | -0. |
|  1. |  1. |  1. || -1. | -0. | -1. || -1. | -0. | -1. |
| -0. | -0. | -0. || -0. | -1. |  1. || -0. |  1. |  1. |
|=====+=====+=====||=====+=====+=====||=====+=====+=====|
| -0. | -0. |  1. ||* 1. |*-0. |*-0. ||  1. |  1. |  1. |
| -0. |  1. | -0. ||*-0. |*-0. |*-0. || -0. | -0. | -0. |
|  1. | -1. | -0. ||*-1. |* 1. |*-1. ||  1. | -0. | -1. |

, evalForThisState=1.0, isPlayerOneTurnOriginally=false}, StateDatum{MCTSProbabilites=
|  .0 |  .0 |  .0 ||  .08 |  .0232 |  .0574 ||  .0 |  .0 |  .0 |
|  .0 |  .0 |  .0 ||  .0 |  .0 |  .7971 ||  .0 |  .0 |  .0 |
|  .0 |  .0 |  .0 ||  .0 |  .0423 |  .0 ||  .0 |  .0 |  .0 |
|========+========+========||========+========+========||========+========+========|
|  .0 |  .0 |  .0 ||  .0 |  .0 |  .0 ||  .0 |  .0 |  .0 |
|  .0 |  .0 |  .0 ||  .0 |  .0 |  .0 ||  .0 |  .0 |  .0 |
|  .0 |  .0 |  .0 ||  .0 |  .0 |  .0 ||  .0 |  .0 |  .0 |
|========+========+========||========+========+========||========+========+========|
|  .0 |  .0 |  .0 ||  .0 |  .0 |  .0 ||  .0 |  .0 |  .0 |
|  .0 |  .0 |  .0 ||  .0 |  .0 |  .0 ||  .0 |  .0 |  .0 |
|  .0 |  .0 |  .0 ||  .0 |  .0 |  .0 ||  .0 |  .0 |  .0 |

, state=
|  1. | -1. |  0. ||* 0. |* 0. |* 0. ||  0. |  0. |  0. |
|  0. |  0. |  1. ||* 1. |* 1. |* 0. ||  0. |  0. | -1. |
|  0. |  1. |  0. ||* 1. |* 0. |* 1. ||  1. |  0. |  1. |
|=====+=====+=====||=====+=====+=====||=====+=====+=====|
|  0. |  0. |  1. ||  0. |  0. |  0. ||  0. | -1. |  0. |
| -1. | -1. | -1. ||  1. |  0. |  1. ||  1. |  0. |  1. |
|  0. |  0. |  0. ||  0. |  1. | -1. ||  0. | -1. | -1. |
|=====+=====+=====||=====+=====+=====||=====+=====+=====|
|  0. |  0. | -1. || -1. | -1. |  0. || -1. | -1. | -1. |
|  0. | -1. |  0. ||  0. |  0. |  0. ||  0. |  0. |  0. |
| -1. |  1. |  0. ||  1. | -1. |  1. || -1. |  0. |  1. |

, evalForThisState=-1.0, isPlayerOneTurnOriginally=true}, StateDatum{MCTSProbabilites=
|  .0 |  .0 |  .0 ||  .0 |  .0 |  .0 ||  .0 |  .0 |  .0 |
|  .0 |  .0 |  .0 ||  .0 |  .0 |  .0 ||  .0 |  .0 |  .0 |
|  .0 |  .0 |  .0 ||  .0 |  .0 |  .0 ||  .0 |  .0 |  .0 |
|========+========+========||========+========+========||========+========+========|
|  .0 |  .0 |  .0 ||  .0 |  .0 |  .0 ||  .0003 |  .0 |  .0005 |
|  .0 |  .0 |  .0 ||  .0 |  .0 |  .0 ||  .0 |  .9991 |  .0 |
|  .0 |  .0 |  .0 ||  .0 |  .0 |  .0 ||  .0002 |  .0 |  .0 |
|========+========+========||========+========+========||========+========+========|
|  .0 |  .0 |  .0 ||  .0 |  .0 |  .0 ||  .0 |  .0 |  .0 |
|  .0 |  .0 |  .0 ||  .0 |  .0 |  .0 ||  .0 |  .0 |  .0 |
|  .0 |  .0 |  .0 ||  .0 |  .0 |  .0 ||  .0 |  .0 |  .0 |

, state=
| -1. |  1. | -0. || -0. | -0. | -0. || -0. | -0. | -0. |
| -0. | -0. | -1. || -1. | -1. | -1. || -0. | -0. |  1. |
| -0. | -1. | -0. || -1. | -0. | -1. || -1. | -0. | -1. |
|=====+=====+=====||=====+=====+=====||=====+=====+=====|
| -0. | -0. | -1. || -0. | -0. | -0. ||*-0. |* 1. |*-0. |
|  1. |  1. |  1. || -1. | -0. | -1. ||*-1. |*-0. |*-1. |
| -0. | -0. | -0. || -0. | -1. |  1. ||*-0. |* 1. |* 1. |
|=====+=====+=====||=====+=====+=====||=====+=====+=====|
| -0. | -0. |  1. ||  1. |  1. | -0. ||  1. |  1. |  1. |
| -0. |  1. | -0. || -0. | -0. | -0. || -0. | -0. | -0. |
|  1. | -1. | -0. || -1. |  1. | -1. ||  1. | -0. | -1. |

, evalForThisState=1.0, isPlayerOneTurnOriginally=false}, StateDatum{MCTSProbabilites=
|  .0 |  .0 |  .0 ||  .0 |  .0 |  .0 ||  .0 |  .0 |  .0 |
|  .0 |  .0 |  .0 ||  .0 |  .0 |  .0 ||  .0 |  .0 |  .0 |
|  .0 |  .0 |  .0 ||  .0 |  .0 |  .0 ||  .0 |  .0 |  .0 |
|========+========+========||========+========+========||========+========+========|
|  .0 |  .0 |  .0 ||  .9329 |  .0194 |  .0097 ||  .0 |  .0 |  .0 |
|  .0 |  .0 |  .0 ||  .0 |  .0068 |  .0 ||  .0 |  .0 |  .0 |
|  .0 |  .0 |  .0 ||  .0313 |  .0 |  .0 ||  .0 |  .0 |  .0 |
|========+========+========||========+========+========||========+========+========|
|  .0 |  .0 |  .0 ||  .0 |  .0 |  .0 ||  .0 |  .0 |  .0 |
|  .0 |  .0 |  .0 ||  .0 |  .0 |  .0 ||  .0 |  .0 |  .0 |
|  .0 |  .0 |  .0 ||  .0 |  .0 |  .0 ||  .0 |  .0 |  .0 |

, state=
|  1. | -1. |  0. ||  0. |  0. |  0. ||  0. |  0. |  0. |
|  0. |  0. |  1. ||  1. |  1. |  1. ||  0. |  0. | -1. |
|  0. |  1. |  0. ||  1. |  0. |  1. ||  1. |  0. |  1. |
|=====+=====+=====||=====+=====+=====||=====+=====+=====|
|  0. |  0. |  1. ||* 0. |* 0. |* 0. ||  0. | -1. |  0. |
| -1. | -1. | -1. ||* 1. |* 0. |* 1. ||  1. | -1. |  1. |
|  0. |  0. |  0. ||* 0. |* 1. |*-1. ||  0. | -1. | -1. |
|=====+=====+=====||=====+=====+=====||=====+=====+=====|
|  0. |  0. | -1. || -1. | -1. |  0. || -1. | -1. | -1. |
|  0. | -1. |  0. ||  0. |  0. |  0. ||  0. |  0. |  0. |
| -1. |  1. |  0. ||  1. | -1. |  1. || -1. |  0. |  1. |

, evalForThisState=-1.0, isPlayerOneTurnOriginally=true}, StateDatum{MCTSProbabilites=
|  .0 |  .0 |  .0002 ||  .0 |  .0 |  .0 ||  .0 |  .0 |  .0 |
|  .0002 |  .9993 |  .0 ||  .0 |  .0 |  .0 ||  .0 |  .0 |  .0 |
|  .0002 |  .0 |  .0001 ||  .0 |  .0 |  .0 ||  .0 |  .0 |  .0 |
|========+========+========||========+========+========||========+========+========|
|  .0 |  .0 |  .0 ||  .0 |  .0 |  .0 ||  .0 |  .0 |  .0 |
|  .0 |  .0 |  .0 ||  .0 |  .0 |  .0 ||  .0 |  .0 |  .0 |
|  .0 |  .0 |  .0 ||  .0 |  .0 |  .0 ||  .0 |  .0 |  .0 |
|========+========+========||========+========+========||========+========+========|
|  .0 |  .0 |  .0 ||  .0 |  .0 |  .0 ||  .0 |  .0 |  .0 |
|  .0 |  .0 |  .0 ||  .0 |  .0 |  .0 ||  .0 |  .0 |  .0 |
|  .0 |  .0 |  .0 ||  .0 |  .0 |  .0 ||  .0 |  .0 |  .0 |

, state=
|*-1. |* 1. |*-0. || -0. | -0. | -0. || -0. | -0. | -0. |
|*-0. |*-0. |*-1. || -1. | -1. | -1. || -0. | -0. |  1. |
|*-0. |*-1. |*-0. || -1. | -0. | -1. || -1. | -0. | -1. |
|=====+=====+=====||=====+=====+=====||=====+=====+=====|
| -0. | -0. | -1. || -1. | -0. | -0. || -0. |  1. | -0. |
|  1. |  1. |  1. || -1. | -0. | -1. || -1. |  1. | -1. |
| -0. | -0. | -0. || -0. | -1. |  1. || -0. |  1. |  1. |
|=====+=====+=====||=====+=====+=====||=====+=====+=====|
| -0. | -0. |  1. ||  1. |  1. | -0. ||  1. |  1. |  1. |
| -0. |  1. | -0. || -0. | -0. | -0. || -0. | -0. | -0. |
|  1. | -1. | -0. || -1. |  1. | -1. ||  1. | -0. | -1. |

, evalForThisState=1.0, isPlayerOneTurnOriginally=false}, StateDatum{MCTSProbabilites=
|  .0 |  .0 |  .0 ||  .0 |  .0 |  .0 ||  .0 |  .0 |  .0 |
|  .0 |  .0 |  .0 ||  .0 |  .0 |  .0 ||  .0 |  .0 |  .0 |
|  .0 |  .0 |  .0 ||  .0 |  .0 |  .0 ||  .0 |  .0 |  .0 |
|========+========+========||========+========+========||========+========+========|
|  .0 |  .0 |  .0 ||  .0 |  .0001 |  .001 ||  .0 |  .0 |  .0 |
|  .0 |  .0 |  .0 ||  .0 |  .9988 |  .0 ||  .0 |  .0 |  .0 |
|  .0 |  .0 |  .0 ||  .0001 |  .0 |  .0 ||  .0 |  .0 |  .0 |
|========+========+========||========+========+========||========+========+========|
|  .0 |  .0 |  .0 ||  .0 |  .0 |  .0 ||  .0 |  .0 |  .0 |
|  .0 |  .0 |  .0 ||  .0 |  .0 |  .0 ||  .0 |  .0 |  .0 |
|  .0 |  .0 |  .0 ||  .0 |  .0 |  .0 ||  .0 |  .0 |  .0 |

, state=
|  1. | -1. |  0. ||  0. |  0. |  0. ||  0. |  0. |  0. |
|  0. | -1. |  1. ||  1. |  1. |  1. ||  0. |  0. | -1. |
|  0. |  1. |  0. ||  1. |  0. |  1. ||  1. |  0. |  1. |
|=====+=====+=====||=====+=====+=====||=====+=====+=====|
|  0. |  0. |  1. ||* 1. |* 0. |* 0. ||  0. | -1. |  0. |
| -1. | -1. | -1. ||* 1. |* 0. |* 1. ||  1. | -1. |  1. |
|  0. |  0. |  0. ||* 0. |* 1. |*-1. ||  0. | -1. | -1. |
|=====+=====+=====||=====+=====+=====||=====+=====+=====|
|  0. |  0. | -1. || -1. | -1. |  0. || -1. | -1. | -1. |
|  0. | -1. |  0. ||  0. |  0. |  0. ||  0. |  0. |  0. |
| -1. |  1. |  0. ||  1. | -1. |  1. || -1. |  0. |  1. |

, evalForThisState=-1.0, isPlayerOneTurnOriginally=true}, StateDatum{MCTSProbabilites=
|  .0 |  .0 |  .0001 ||  .0 |  .0 |  .0 ||  .0 |  .0001 |  .0 |
|  .0 |  .0 |  .0 ||  .0 |  .0 |  .0 ||  .0001 |  .0 |  .0 |
|  .0 |  .0 |  .0001 ||  .0 |  .0 |  .0 ||  .0 |  .0001 |  .0 |
|========+========+========||========+========+========||========+========+========|
|  .0 |  .0 |  .0 ||  .0 |  .0 |  .0 ||  .0 |  .0 |  .0 |
|  .0 |  .0 |  .0 ||  .0 |  .0 |  .0 ||  .0 |  .0 |  .0 |
|  .0 |  .0 |  .0 ||  .0 |  .0 |  .0 ||  .0 |  .0 |  .0 |
|========+========+========||========+========+========||========+========+========|
|  .0 |  .0 |  .0 ||  .0 |  .0 |  .4997 ||  .0 |  .0 |  .0 |
|  .0 |  .0 |  .0 ||  .0 |  .4997 |  .0 ||  .0 |  .0 |  .0 |
|  .0 |  .0 |  .0 ||  .0 |  .0 |  .0 ||  .0 |  .0 |  .0 |

, state=
|*-1. |* 1. |*-0. || -0. | -0. | -0. ||*-0. |*-0. |*-0. |
|*-0. |* 1. |*-1. || -1. | -1. | -1. ||*-0. |*-0. |* 1. |
|*-0. |*-1. |*-0. || -1. | -0. | -1. ||*-1. |*-0. |*-1. |
|=====+=====+=====||=====+=====+=====||=====+=====+=====|
| -0. | -0. | -1. || -1. | -0. | -0. || -0. |  1. | -0. |
|  1. |  1. |  1. || -1. | -1. | -1. || -1. |  1. | -1. |
| -0. | -0. | -0. || -0. | -1. |  1. || -0. |  1. |  1. |
|=====+=====+=====||=====+=====+=====||=====+=====+=====|
| -0. | -0. |  1. ||* 1. |* 1. |*-0. ||  1. |  1. |  1. |
| -0. |  1. | -0. ||*-0. |*-0. |*-0. || -0. | -0. | -0. |
|  1. | -1. | -0. ||*-1. |* 1. |*-1. ||  1. | -0. | -1. |

, evalForThisState=1.0, isPlayerOneTurnOriginally=false}]
Value network data: 
===========INPUT===================
[[         0,         0,         0,  ...    1.0000,    1.0000,    1.0000], 
 [         0,         0,         0,  ...   -1.0000,   -1.0000,   -1.0000], 
 [         0,         0,         0,  ...   -1.0000,   -1.0000,   -1.0000], 
  ..., 
 [   -1.0000,    1.0000,         0,  ...   -1.0000,   -1.0000,   -1.0000], 
 [    1.0000,   -1.0000,         0,  ...   -1.0000,   -1.0000,   -1.0000], 
 [   -1.0000,    1.0000,         0,  ...   -1.0000,    1.0000,   -1.0000]]
=================OUTPUT==================
[[-1.0000], 
 [1.0000], 
 [-1.0000], 
 [1.0000], 
 [-1.0000], 
 [1.0000], 
 [-1.0000], 
 [1.0000], 
 [-1.0000], 
 [1.0000], 
 [-1.0000], 
 [1.0000], 
 [-1.0000], 
 [1.0000], 
 [-1.0000], 
 [1.0000], 
 [-1.0000], 
 [1.0000], 
 [-1.0000], 
 [1.0000], 
 [-1.0000], 
 [1.0000], 
 [-1.0000], 
 [1.0000], 
 [-1.0000], 
 [1.0000], 
 [-1.0000], 
 [1.0000], 
 [-1.0000], 
 [1.0000], 
 [-1.0000], 
 [1.0000], 
 [-1.0000], 
 [1.0000], 
 [-1.0000], 
 [1.0000], 
 [-1.0000], 
 [1.0000], 
 [-1.0000], 
 [1.0000], 
 [-1.0000], 
 [1.0000], 
 [-1.0000], 
 [1.0000]]
Policy network data: 
===========INPUT===================
[[         0,         0,         0,  ...    1.0000,    1.0000,    1.0000], 
 [         0,         0,         0,  ...   -1.0000,   -1.0000,   -1.0000], 
 [         0,         0,         0,  ...   -1.0000,   -1.0000,   -1.0000], 
  ..., 
 [   -1.0000,    1.0000,         0,  ...   -1.0000,   -1.0000,   -1.0000], 
 [    1.0000,   -1.0000,         0,  ...   -1.0000,   -1.0000,   -1.0000], 
 [   -1.0000,    1.0000,         0,  ...   -1.0000,    1.0000,   -1.0000]]
=================OUTPUT==================
[[    0.0126,    0.0077,    0.0187,  ...    0.0107,    0.0080,    0.0144], 
 [         0,         0,         0,  ...         0,         0,         0], 
 [         0,         0,         0,  ...         0,         0,         0], 
  ..., 
 [         0,         0,    0.0002,  ...         0,         0,         0], 
 [         0,         0,         0,  ...         0,         0,         0], 
 [         0,         0, 5.6129e-5,  ...         0,         0,         0]]
W:\Labs\ME\ME187-Fall2024\StudentFiles\CALEBHOTTES\UTTTstuff\data\series1\policy$series1,gameNum85$1729877566292.bin
Took: 1324 s to simulate game
Finished simulating game, see log at: W:\Labs\ME\ME187-Fall2024\StudentFiles\CALEBHOTTES\UTTTstuff\data\logs\series1\game85$1729873385290.log for details.
