Saving data to: W:\Labs\ME\ME187-Fall2024\StudentFiles\CALEBHOTTES\UTTTstuff\data\series1
Begin custom message: 
DataSeries: series1 game number: 24 

Description: During Me Club 4+GHz Processior. 

Evaluator config=EvaluatorConfiguration{cValue=2.0, maxRolloutDepth=1000, computeTime=30, threads=1, stupidity=0, allowForcePlay=false, maxMyCPU=false}
End custom message
Inital State: 

|* 0. |* 0. |* 0. ||* 0. |* 0. |* 0. ||* 0. |* 0. |* 0. |
|* 0. |* 0. |* 0. ||* 0. |* 0. |* 0. ||* 0. |* 0. |* 0. |
|* 0. |* 0. |* 0. ||* 0. |* 0. |* 0. ||* 0. |* 0. |* 0. |
|=====+=====+=====||=====+=====+=====||=====+=====+=====|
|* 0. |* 0. |* 0. ||* 0. |* 0. |* 0. ||* 0. |* 0. |* 0. |
|* 0. |* 0. |* 0. ||* 0. |* 0. |* 0. ||* 0. |* 0. |* 0. |
|* 0. |* 0. |* 0. ||* 0. |* 0. |* 0. ||* 0. |* 0. |* 0. |
|=====+=====+=====||=====+=====+=====||=====+=====+=====|
|* 0. |* 0. |* 0. ||* 0. |* 0. |* 0. ||* 0. |* 0. |* 0. |
|* 0. |* 0. |* 0. ||* 0. |* 0. |* 0. ||* 0. |* 0. |* 0. |
|* 0. |* 0. |* 0. ||* 0. |* 0. |* 0. ||* 0. |* 0. |* 0. |


state to eval, currenty is playerone turn=true

|* 0. |* 0. |* 0. ||* 0. |* 0. |* 0. ||* 0. |* 0. |* 0. |
|* 0. |* 0. |* 0. ||* 0. |* 0. |* 0. ||* 0. |* 0. |* 0. |
|* 0. |* 0. |* 0. ||* 0. |* 0. |* 0. ||* 0. |* 0. |* 0. |
|=====+=====+=====||=====+=====+=====||=====+=====+=====|
|* 0. |* 0. |* 0. ||* 0. |* 0. |* 0. ||* 0. |* 0. |* 0. |
|* 0. |* 0. |* 0. ||* 0. |* 0. |* 0. ||* 0. |* 0. |* 0. |
|* 0. |* 0. |* 0. ||* 0. |* 0. |* 0. ||* 0. |* 0. |* 0. |
|=====+=====+=====||=====+=====+=====||=====+=====+=====|
|* 0. |* 0. |* 0. ||* 0. |* 0. |* 0. ||* 0. |* 0. |* 0. |
|* 0. |* 0. |* 0. ||* 0. |* 0. |* 0. ||* 0. |* 0. |* 0. |
|* 0. |* 0. |* 0. ||* 0. |* 0. |* 0. ||* 0. |* 0. |* 0. |


Determined best move using: 76626Iterations
current State

|  0. |  0. |  0. ||  0. |  0. |  0. ||* 0. |* 0. |* 0. |
|  0. |  0. |  0. ||  0. |  0. |  0. ||* 0. |* 0. |* 0. |
|  0. |  0. |  0. ||  0. |  0. |  0. ||* 0. |* 0. |* 0. |
|=====+=====+=====||=====+=====+=====||=====+=====+=====|
|  0. |  0. |  0. ||  0. |  0. |  0. ||  0. |  0. |  1. |
|  0. |  0. |  0. ||  0. |  0. |  0. ||  0. |  0. |  0. |
|  0. |  0. |  0. ||  0. |  0. |  0. ||  0. |  0. |  0. |
|=====+=====+=====||=====+=====+=====||=====+=====+=====|
|  0. |  0. |  0. ||  0. |  0. |  0. ||  0. |  0. |  0. |
|  0. |  0. |  0. ||  0. |  0. |  0. ||  0. |  0. |  0. |
|  0. |  0. |  0. ||  0. |  0. |  0. ||  0. |  0. |  0. |


state to eval, currenty is playerone turn=false

| -0. | -0. | -0. || -0. | -0. | -0. ||*-0. |*-0. |*-0. |
| -0. | -0. | -0. || -0. | -0. | -0. ||*-0. |*-0. |*-0. |
| -0. | -0. | -0. || -0. | -0. | -0. ||*-0. |*-0. |*-0. |
|=====+=====+=====||=====+=====+=====||=====+=====+=====|
| -0. | -0. | -0. || -0. | -0. | -0. || -0. | -0. | -1. |
| -0. | -0. | -0. || -0. | -0. | -0. || -0. | -0. | -0. |
| -0. | -0. | -0. || -0. | -0. | -0. || -0. | -0. | -0. |
|=====+=====+=====||=====+=====+=====||=====+=====+=====|
| -0. | -0. | -0. || -0. | -0. | -0. || -0. | -0. | -0. |
| -0. | -0. | -0. || -0. | -0. | -0. || -0. | -0. | -0. |
| -0. | -0. | -0. || -0. | -0. | -0. || -0. | -0. | -0. |


Determined best move using: 77277Iterations
current State

|  0. |  0. |  0. ||  0. |  0. |  0. ||  0. |  0. |  0. |
|  0. |  0. |  0. ||  0. |  0. |  0. ||  0. |  0. |  0. |
|  0. |  0. |  0. ||  0. |  0. |  0. || -1. |  0. |  0. |
|=====+=====+=====||=====+=====+=====||=====+=====+=====|
|  0. |  0. |  0. ||  0. |  0. |  0. ||  0. |  0. |  1. |
|  0. |  0. |  0. ||  0. |  0. |  0. ||  0. |  0. |  0. |
|  0. |  0. |  0. ||  0. |  0. |  0. ||  0. |  0. |  0. |
|=====+=====+=====||=====+=====+=====||=====+=====+=====|
|* 0. |* 0. |* 0. ||  0. |  0. |  0. ||  0. |  0. |  0. |
|* 0. |* 0. |* 0. ||  0. |  0. |  0. ||  0. |  0. |  0. |
|* 0. |* 0. |* 0. ||  0. |  0. |  0. ||  0. |  0. |  0. |


state to eval, currenty is playerone turn=true

|  0. |  0. |  0. ||  0. |  0. |  0. ||  0. |  0. |  0. |
|  0. |  0. |  0. ||  0. |  0. |  0. ||  0. |  0. |  0. |
|  0. |  0. |  0. ||  0. |  0. |  0. || -1. |  0. |  0. |
|=====+=====+=====||=====+=====+=====||=====+=====+=====|
|  0. |  0. |  0. ||  0. |  0. |  0. ||  0. |  0. |  1. |
|  0. |  0. |  0. ||  0. |  0. |  0. ||  0. |  0. |  0. |
|  0. |  0. |  0. ||  0. |  0. |  0. ||  0. |  0. |  0. |
|=====+=====+=====||=====+=====+=====||=====+=====+=====|
|* 0. |* 0. |* 0. ||  0. |  0. |  0. ||  0. |  0. |  0. |
|* 0. |* 0. |* 0. ||  0. |  0. |  0. ||  0. |  0. |  0. |
|* 0. |* 0. |* 0. ||  0. |  0. |  0. ||  0. |  0. |  0. |


Determined best move using: 78436Iterations
current State

|  0. |  0. |  0. ||  0. |  0. |  0. ||  0. |  0. |  0. |
|  0. |  0. |  0. ||  0. |  0. |  0. ||  0. |  0. |  0. |
|  0. |  0. |  0. ||  0. |  0. |  0. || -1. |  0. |  0. |
|=====+=====+=====||=====+=====+=====||=====+=====+=====|
|  0. |  0. |  0. ||  0. |  0. |  0. ||* 0. |* 0. |* 1. |
|  0. |  0. |  0. ||  0. |  0. |  0. ||* 0. |* 0. |* 0. |
|  0. |  0. |  0. ||  0. |  0. |  0. ||* 0. |* 0. |* 0. |
|=====+=====+=====||=====+=====+=====||=====+=====+=====|
|  0. |  0. |  0. ||  0. |  0. |  0. ||  0. |  0. |  0. |
|  0. |  0. |  1. ||  0. |  0. |  0. ||  0. |  0. |  0. |
|  0. |  0. |  0. ||  0. |  0. |  0. ||  0. |  0. |  0. |


state to eval, currenty is playerone turn=false

| -0. | -0. | -0. || -0. | -0. | -0. || -0. | -0. | -0. |
| -0. | -0. | -0. || -0. | -0. | -0. || -0. | -0. | -0. |
| -0. | -0. | -0. || -0. | -0. | -0. ||  1. | -0. | -0. |
|=====+=====+=====||=====+=====+=====||=====+=====+=====|
| -0. | -0. | -0. || -0. | -0. | -0. ||*-0. |*-0. |*-1. |
| -0. | -0. | -0. || -0. | -0. | -0. ||*-0. |*-0. |*-0. |
| -0. | -0. | -0. || -0. | -0. | -0. ||*-0. |*-0. |*-0. |
|=====+=====+=====||=====+=====+=====||=====+=====+=====|
| -0. | -0. | -0. || -0. | -0. | -0. || -0. | -0. | -0. |
| -0. | -0. | -1. || -0. | -0. | -0. || -0. | -0. | -0. |
| -0. | -0. | -0. || -0. | -0. | -0. || -0. | -0. | -0. |


Determined best move using: 81259Iterations
current State

|  0. |  0. |  0. ||* 0. |* 0. |* 0. ||  0. |  0. |  0. |
|  0. |  0. |  0. ||* 0. |* 0. |* 0. ||  0. |  0. |  0. |
|  0. |  0. |  0. ||* 0. |* 0. |* 0. || -1. |  0. |  0. |
|=====+=====+=====||=====+=====+=====||=====+=====+=====|
|  0. |  0. |  0. ||  0. |  0. |  0. ||  0. | -1. |  1. |
|  0. |  0. |  0. ||  0. |  0. |  0. ||  0. |  0. |  0. |
|  0. |  0. |  0. ||  0. |  0. |  0. ||  0. |  0. |  0. |
|=====+=====+=====||=====+=====+=====||=====+=====+=====|
|  0. |  0. |  0. ||  0. |  0. |  0. ||  0. |  0. |  0. |
|  0. |  0. |  1. ||  0. |  0. |  0. ||  0. |  0. |  0. |
|  0. |  0. |  0. ||  0. |  0. |  0. ||  0. |  0. |  0. |


state to eval, currenty is playerone turn=true

|  0. |  0. |  0. ||* 0. |* 0. |* 0. ||  0. |  0. |  0. |
|  0. |  0. |  0. ||* 0. |* 0. |* 0. ||  0. |  0. |  0. |
|  0. |  0. |  0. ||* 0. |* 0. |* 0. || -1. |  0. |  0. |
|=====+=====+=====||=====+=====+=====||=====+=====+=====|
|  0. |  0. |  0. ||  0. |  0. |  0. ||  0. | -1. |  1. |
|  0. |  0. |  0. ||  0. |  0. |  0. ||  0. |  0. |  0. |
|  0. |  0. |  0. ||  0. |  0. |  0. ||  0. |  0. |  0. |
|=====+=====+=====||=====+=====+=====||=====+=====+=====|
|  0. |  0. |  0. ||  0. |  0. |  0. ||  0. |  0. |  0. |
|  0. |  0. |  1. ||  0. |  0. |  0. ||  0. |  0. |  0. |
|  0. |  0. |  0. ||  0. |  0. |  0. ||  0. |  0. |  0. |


Determined best move using: 82313Iterations
current State

|  0. |  0. |  0. ||  0. |  0. |  0. ||  0. |  0. |  0. |
|  0. |  0. |  0. ||  0. |  0. |  0. ||  0. |  0. |  0. |
|  0. |  0. |  0. ||  1. |  0. |  0. || -1. |  0. |  0. |
|=====+=====+=====||=====+=====+=====||=====+=====+=====|
|  0. |  0. |  0. ||  0. |  0. |  0. ||  0. | -1. |  1. |
|  0. |  0. |  0. ||  0. |  0. |  0. ||  0. |  0. |  0. |
|  0. |  0. |  0. ||  0. |  0. |  0. ||  0. |  0. |  0. |
|=====+=====+=====||=====+=====+=====||=====+=====+=====|
|* 0. |* 0. |* 0. ||  0. |  0. |  0. ||  0. |  0. |  0. |
|* 0. |* 0. |* 1. ||  0. |  0. |  0. ||  0. |  0. |  0. |
|* 0. |* 0. |* 0. ||  0. |  0. |  0. ||  0. |  0. |  0. |


state to eval, currenty is playerone turn=false

| -0. | -0. | -0. || -0. | -0. | -0. || -0. | -0. | -0. |
| -0. | -0. | -0. || -0. | -0. | -0. || -0. | -0. | -0. |
| -0. | -0. | -0. || -1. | -0. | -0. ||  1. | -0. | -0. |
|=====+=====+=====||=====+=====+=====||=====+=====+=====|
| -0. | -0. | -0. || -0. | -0. | -0. || -0. |  1. | -1. |
| -0. | -0. | -0. || -0. | -0. | -0. || -0. | -0. | -0. |
| -0. | -0. | -0. || -0. | -0. | -0. || -0. | -0. | -0. |
|=====+=====+=====||=====+=====+=====||=====+=====+=====|
|*-0. |*-0. |*-0. || -0. | -0. | -0. || -0. | -0. | -0. |
|*-0. |*-0. |*-1. || -0. | -0. | -0. || -0. | -0. | -0. |
|*-0. |*-0. |*-0. || -0. | -0. | -0. || -0. | -0. | -0. |


Determined best move using: 87774Iterations
current State

|  0. |  0. |  0. ||* 0. |* 0. |* 0. ||  0. |  0. |  0. |
|  0. |  0. |  0. ||* 0. |* 0. |* 0. ||  0. |  0. |  0. |
|  0. |  0. |  0. ||* 1. |* 0. |* 0. || -1. |  0. |  0. |
|=====+=====+=====||=====+=====+=====||=====+=====+=====|
|  0. |  0. |  0. ||  0. |  0. |  0. ||  0. | -1. |  1. |
|  0. |  0. |  0. ||  0. |  0. |  0. ||  0. |  0. |  0. |
|  0. |  0. |  0. ||  0. |  0. |  0. ||  0. |  0. |  0. |
|=====+=====+=====||=====+=====+=====||=====+=====+=====|
|  0. | -1. |  0. ||  0. |  0. |  0. ||  0. |  0. |  0. |
|  0. |  0. |  1. ||  0. |  0. |  0. ||  0. |  0. |  0. |
|  0. |  0. |  0. ||  0. |  0. |  0. ||  0. |  0. |  0. |


state to eval, currenty is playerone turn=true

|  0. |  0. |  0. ||* 0. |* 0. |* 0. ||  0. |  0. |  0. |
|  0. |  0. |  0. ||* 0. |* 0. |* 0. ||  0. |  0. |  0. |
|  0. |  0. |  0. ||* 1. |* 0. |* 0. || -1. |  0. |  0. |
|=====+=====+=====||=====+=====+=====||=====+=====+=====|
|  0. |  0. |  0. ||  0. |  0. |  0. ||  0. | -1. |  1. |
|  0. |  0. |  0. ||  0. |  0. |  0. ||  0. |  0. |  0. |
|  0. |  0. |  0. ||  0. |  0. |  0. ||  0. |  0. |  0. |
|=====+=====+=====||=====+=====+=====||=====+=====+=====|
|  0. | -1. |  0. ||  0. |  0. |  0. ||  0. |  0. |  0. |
|  0. |  0. |  1. ||  0. |  0. |  0. ||  0. |  0. |  0. |
|  0. |  0. |  0. ||  0. |  0. |  0. ||  0. |  0. |  0. |


Determined best move using: 90814Iterations
current State

|  0. |  0. |  0. ||  0. |  0. |  0. ||  0. |  0. |  0. |
|  0. |  0. |  0. ||  0. |  0. |  0. ||  0. |  0. |  0. |
|  0. |  0. |  0. ||  1. |  1. |  0. || -1. |  0. |  0. |
|=====+=====+=====||=====+=====+=====||=====+=====+=====|
|  0. |  0. |  0. ||  0. |  0. |  0. ||  0. | -1. |  1. |
|  0. |  0. |  0. ||  0. |  0. |  0. ||  0. |  0. |  0. |
|  0. |  0. |  0. ||  0. |  0. |  0. ||  0. |  0. |  0. |
|=====+=====+=====||=====+=====+=====||=====+=====+=====|
|  0. | -1. |  0. ||* 0. |* 0. |* 0. ||  0. |  0. |  0. |
|  0. |  0. |  1. ||* 0. |* 0. |* 0. ||  0. |  0. |  0. |
|  0. |  0. |  0. ||* 0. |* 0. |* 0. ||  0. |  0. |  0. |


state to eval, currenty is playerone turn=false

| -0. | -0. | -0. || -0. | -0. | -0. || -0. | -0. | -0. |
| -0. | -0. | -0. || -0. | -0. | -0. || -0. | -0. | -0. |
| -0. | -0. | -0. || -1. | -1. | -0. ||  1. | -0. | -0. |
|=====+=====+=====||=====+=====+=====||=====+=====+=====|
| -0. | -0. | -0. || -0. | -0. | -0. || -0. |  1. | -1. |
| -0. | -0. | -0. || -0. | -0. | -0. || -0. | -0. | -0. |
| -0. | -0. | -0. || -0. | -0. | -0. || -0. | -0. | -0. |
|=====+=====+=====||=====+=====+=====||=====+=====+=====|
| -0. |  1. | -0. ||*-0. |*-0. |*-0. || -0. | -0. | -0. |
| -0. | -0. | -1. ||*-0. |*-0. |*-0. || -0. | -0. | -0. |
| -0. | -0. | -0. ||*-0. |*-0. |*-0. || -0. | -0. | -0. |


Determined best move using: 86257Iterations
current State

|  0. |  0. |  0. ||  0. |  0. |  0. ||* 0. |* 0. |* 0. |
|  0. |  0. |  0. ||  0. |  0. |  0. ||* 0. |* 0. |* 0. |
|  0. |  0. |  0. ||  1. |  1. |  0. ||*-1. |* 0. |* 0. |
|=====+=====+=====||=====+=====+=====||=====+=====+=====|
|  0. |  0. |  0. ||  0. |  0. |  0. ||  0. | -1. |  1. |
|  0. |  0. |  0. ||  0. |  0. |  0. ||  0. |  0. |  0. |
|  0. |  0. |  0. ||  0. |  0. |  0. ||  0. |  0. |  0. |
|=====+=====+=====||=====+=====+=====||=====+=====+=====|
|  0. | -1. |  0. ||  0. |  0. | -1. ||  0. |  0. |  0. |
|  0. |  0. |  1. ||  0. |  0. |  0. ||  0. |  0. |  0. |
|  0. |  0. |  0. ||  0. |  0. |  0. ||  0. |  0. |  0. |


state to eval, currenty is playerone turn=true

|  0. |  0. |  0. ||  0. |  0. |  0. ||* 0. |* 0. |* 0. |
|  0. |  0. |  0. ||  0. |  0. |  0. ||* 0. |* 0. |* 0. |
|  0. |  0. |  0. ||  1. |  1. |  0. ||*-1. |* 0. |* 0. |
|=====+=====+=====||=====+=====+=====||=====+=====+=====|
|  0. |  0. |  0. ||  0. |  0. |  0. ||  0. | -1. |  1. |
|  0. |  0. |  0. ||  0. |  0. |  0. ||  0. |  0. |  0. |
|  0. |  0. |  0. ||  0. |  0. |  0. ||  0. |  0. |  0. |
|=====+=====+=====||=====+=====+=====||=====+=====+=====|
|  0. | -1. |  0. ||  0. |  0. | -1. ||  0. |  0. |  0. |
|  0. |  0. |  1. ||  0. |  0. |  0. ||  0. |  0. |  0. |
|  0. |  0. |  0. ||  0. |  0. |  0. ||  0. |  0. |  0. |


Determined best move using: 91356Iterations
current State

|  0. |  0. |  0. ||  0. |  0. |  0. ||  0. |  0. |  0. |
|  0. |  0. |  0. ||  0. |  0. |  0. ||  0. |  0. |  0. |
|  0. |  0. |  0. ||  1. |  1. |  0. || -1. |  1. |  0. |
|=====+=====+=====||=====+=====+=====||=====+=====+=====|
|  0. |  0. |  0. ||  0. |  0. |  0. ||  0. | -1. |  1. |
|  0. |  0. |  0. ||  0. |  0. |  0. ||  0. |  0. |  0. |
|  0. |  0. |  0. ||  0. |  0. |  0. ||  0. |  0. |  0. |
|=====+=====+=====||=====+=====+=====||=====+=====+=====|
|  0. | -1. |  0. ||* 0. |* 0. |*-1. ||  0. |  0. |  0. |
|  0. |  0. |  1. ||* 0. |* 0. |* 0. ||  0. |  0. |  0. |
|  0. |  0. |  0. ||* 0. |* 0. |* 0. ||  0. |  0. |  0. |


state to eval, currenty is playerone turn=false

| -0. | -0. | -0. || -0. | -0. | -0. || -0. | -0. | -0. |
| -0. | -0. | -0. || -0. | -0. | -0. || -0. | -0. | -0. |
| -0. | -0. | -0. || -1. | -1. | -0. ||  1. | -1. | -0. |
|=====+=====+=====||=====+=====+=====||=====+=====+=====|
| -0. | -0. | -0. || -0. | -0. | -0. || -0. |  1. | -1. |
| -0. | -0. | -0. || -0. | -0. | -0. || -0. | -0. | -0. |
| -0. | -0. | -0. || -0. | -0. | -0. || -0. | -0. | -0. |
|=====+=====+=====||=====+=====+=====||=====+=====+=====|
| -0. |  1. | -0. ||*-0. |*-0. |* 1. || -0. | -0. | -0. |
| -0. | -0. | -1. ||*-0. |*-0. |*-0. || -0. | -0. | -0. |
| -0. | -0. | -0. ||*-0. |*-0. |*-0. || -0. | -0. | -0. |


Determined best move using: 97158Iterations
current State

|  0. |  0. |  0. ||  0. |  0. |  0. ||  0. |  0. |  0. |
|  0. |  0. |  0. ||  0. |  0. |  0. ||  0. |  0. |  0. |
|  0. |  0. |  0. ||  1. |  1. |  0. || -1. |  1. |  0. |
|=====+=====+=====||=====+=====+=====||=====+=====+=====|
|  0. |  0. |  0. ||  0. |  0. |  0. ||  0. | -1. |  1. |
|  0. |  0. |  0. ||  0. |  0. |  0. ||  0. |  0. |  0. |
|  0. |  0. |  0. ||  0. |  0. |  0. ||  0. |  0. |  0. |
|=====+=====+=====||=====+=====+=====||=====+=====+=====|
|  0. | -1. |  0. ||  0. |  0. | -1. ||* 0. |* 0. |* 0. |
|  0. |  0. |  1. ||  0. |  0. |  0. ||* 0. |* 0. |* 0. |
|  0. |  0. |  0. ||  0. |  0. | -1. ||* 0. |* 0. |* 0. |


state to eval, currenty is playerone turn=true

|  0. |  0. |  0. ||  0. |  0. |  0. ||  0. |  0. |  0. |
|  0. |  0. |  0. ||  0. |  0. |  0. ||  0. |  0. |  0. |
|  0. |  0. |  0. ||  1. |  1. |  0. || -1. |  1. |  0. |
|=====+=====+=====||=====+=====+=====||=====+=====+=====|
|  0. |  0. |  0. ||  0. |  0. |  0. ||  0. | -1. |  1. |
|  0. |  0. |  0. ||  0. |  0. |  0. ||  0. |  0. |  0. |
|  0. |  0. |  0. ||  0. |  0. |  0. ||  0. |  0. |  0. |
|=====+=====+=====||=====+=====+=====||=====+=====+=====|
|  0. | -1. |  0. ||  0. |  0. | -1. ||* 0. |* 0. |* 0. |
|  0. |  0. |  1. ||  0. |  0. |  0. ||* 0. |* 0. |* 0. |
|  0. |  0. |  0. ||  0. |  0. | -1. ||* 0. |* 0. |* 0. |


Determined best move using: 92068Iterations
current State

|  0. |  0. |  0. ||  0. |  0. |  0. ||  0. |  0. |  0. |
|  0. |  0. |  0. ||  0. |  0. |  0. ||  0. |  0. |  0. |
|  0. |  0. |  0. ||  1. |  1. |  0. || -1. |  1. |  0. |
|=====+=====+=====||=====+=====+=====||=====+=====+=====|
|  0. |  0. |  0. ||  0. |  0. |  0. ||* 0. |*-1. |* 1. |
|  0. |  0. |  0. ||  0. |  0. |  0. ||* 0. |* 0. |* 0. |
|  0. |  0. |  0. ||  0. |  0. |  0. ||* 0. |* 0. |* 0. |
|=====+=====+=====||=====+=====+=====||=====+=====+=====|
|  0. | -1. |  0. ||  0. |  0. | -1. ||  0. |  0. |  0. |
|  0. |  0. |  1. ||  0. |  0. |  0. ||  0. |  0. |  1. |
|  0. |  0. |  0. ||  0. |  0. | -1. ||  0. |  0. |  0. |


state to eval, currenty is playerone turn=false

| -0. | -0. | -0. || -0. | -0. | -0. || -0. | -0. | -0. |
| -0. | -0. | -0. || -0. | -0. | -0. || -0. | -0. | -0. |
| -0. | -0. | -0. || -1. | -1. | -0. ||  1. | -1. | -0. |
|=====+=====+=====||=====+=====+=====||=====+=====+=====|
| -0. | -0. | -0. || -0. | -0. | -0. ||*-0. |* 1. |*-1. |
| -0. | -0. | -0. || -0. | -0. | -0. ||*-0. |*-0. |*-0. |
| -0. | -0. | -0. || -0. | -0. | -0. ||*-0. |*-0. |*-0. |
|=====+=====+=====||=====+=====+=====||=====+=====+=====|
| -0. |  1. | -0. || -0. | -0. |  1. || -0. | -0. | -0. |
| -0. | -0. | -1. || -0. | -0. | -0. || -0. | -0. | -1. |
| -0. | -0. | -0. || -0. | -0. |  1. || -0. | -0. | -0. |


Determined best move using: 93711Iterations
current State

|  0. |  0. |  0. ||  0. |  0. |  0. ||  0. |  0. |  0. |
|  0. |  0. |  0. ||  0. |  0. |  0. ||  0. |  0. |  0. |
|  0. |  0. |  0. ||  1. |  1. |  0. || -1. |  1. |  0. |
|=====+=====+=====||=====+=====+=====||=====+=====+=====|
|  0. |  0. |  0. ||  0. |  0. |  0. ||* 0. |*-1. |* 1. |
|  0. |  0. |  0. ||  0. |  0. |  0. ||* 0. |* 0. |*-1. |
|  0. |  0. |  0. ||  0. |  0. |  0. ||* 0. |* 0. |* 0. |
|=====+=====+=====||=====+=====+=====||=====+=====+=====|
|  0. | -1. |  0. ||  0. |  0. | -1. ||  0. |  0. |  0. |
|  0. |  0. |  1. ||  0. |  0. |  0. ||  0. |  0. |  1. |
|  0. |  0. |  0. ||  0. |  0. | -1. ||  0. |  0. |  0. |


state to eval, currenty is playerone turn=true

|  0. |  0. |  0. ||  0. |  0. |  0. ||  0. |  0. |  0. |
|  0. |  0. |  0. ||  0. |  0. |  0. ||  0. |  0. |  0. |
|  0. |  0. |  0. ||  1. |  1. |  0. || -1. |  1. |  0. |
|=====+=====+=====||=====+=====+=====||=====+=====+=====|
|  0. |  0. |  0. ||  0. |  0. |  0. ||* 0. |*-1. |* 1. |
|  0. |  0. |  0. ||  0. |  0. |  0. ||* 0. |* 0. |*-1. |
|  0. |  0. |  0. ||  0. |  0. |  0. ||* 0. |* 0. |* 0. |
|=====+=====+=====||=====+=====+=====||=====+=====+=====|
|  0. | -1. |  0. ||  0. |  0. | -1. ||  0. |  0. |  0. |
|  0. |  0. |  1. ||  0. |  0. |  0. ||  0. |  0. |  1. |
|  0. |  0. |  0. ||  0. |  0. | -1. ||  0. |  0. |  0. |


Determined best move using: 99136Iterations
current State

|* 0. |* 0. |* 0. ||  0. |  0. |  0. ||  0. |  0. |  0. |
|* 0. |* 0. |* 0. ||  0. |  0. |  0. ||  0. |  0. |  0. |
|* 0. |* 0. |* 0. ||  1. |  1. |  0. || -1. |  1. |  0. |
|=====+=====+=====||=====+=====+=====||=====+=====+=====|
|  0. |  0. |  0. ||  0. |  0. |  0. ||  1. | -1. |  1. |
|  0. |  0. |  0. ||  0. |  0. |  0. ||  0. |  0. | -1. |
|  0. |  0. |  0. ||  0. |  0. |  0. ||  0. |  0. |  0. |
|=====+=====+=====||=====+=====+=====||=====+=====+=====|
|  0. | -1. |  0. ||  0. |  0. | -1. ||  0. |  0. |  0. |
|  0. |  0. |  1. ||  0. |  0. |  0. ||  0. |  0. |  1. |
|  0. |  0. |  0. ||  0. |  0. | -1. ||  0. |  0. |  0. |


state to eval, currenty is playerone turn=false

|*-0. |*-0. |*-0. || -0. | -0. | -0. || -0. | -0. | -0. |
|*-0. |*-0. |*-0. || -0. | -0. | -0. || -0. | -0. | -0. |
|*-0. |*-0. |*-0. || -1. | -1. | -0. ||  1. | -1. | -0. |
|=====+=====+=====||=====+=====+=====||=====+=====+=====|
| -0. | -0. | -0. || -0. | -0. | -0. || -1. |  1. | -1. |
| -0. | -0. | -0. || -0. | -0. | -0. || -0. | -0. |  1. |
| -0. | -0. | -0. || -0. | -0. | -0. || -0. | -0. | -0. |
|=====+=====+=====||=====+=====+=====||=====+=====+=====|
| -0. |  1. | -0. || -0. | -0. |  1. || -0. | -0. | -0. |
| -0. | -0. | -1. || -0. | -0. | -0. || -0. | -0. | -1. |
| -0. | -0. | -0. || -0. | -0. |  1. || -0. | -0. | -0. |


Determined best move using: 103100Iterations
current State

|  0. |  0. |  0. ||  0. |  0. |  0. ||  0. |  0. |  0. |
|  0. |  0. | -1. ||  0. |  0. |  0. ||  0. |  0. |  0. |
|  0. |  0. |  0. ||  1. |  1. |  0. || -1. |  1. |  0. |
|=====+=====+=====||=====+=====+=====||=====+=====+=====|
|  0. |  0. |  0. ||  0. |  0. |  0. ||* 1. |*-1. |* 1. |
|  0. |  0. |  0. ||  0. |  0. |  0. ||* 0. |* 0. |*-1. |
|  0. |  0. |  0. ||  0. |  0. |  0. ||* 0. |* 0. |* 0. |
|=====+=====+=====||=====+=====+=====||=====+=====+=====|
|  0. | -1. |  0. ||  0. |  0. | -1. ||  0. |  0. |  0. |
|  0. |  0. |  1. ||  0. |  0. |  0. ||  0. |  0. |  1. |
|  0. |  0. |  0. ||  0. |  0. | -1. ||  0. |  0. |  0. |


state to eval, currenty is playerone turn=true

|  0. |  0. |  0. ||  0. |  0. |  0. ||  0. |  0. |  0. |
|  0. |  0. | -1. ||  0. |  0. |  0. ||  0. |  0. |  0. |
|  0. |  0. |  0. ||  1. |  1. |  0. || -1. |  1. |  0. |
|=====+=====+=====||=====+=====+=====||=====+=====+=====|
|  0. |  0. |  0. ||  0. |  0. |  0. ||* 1. |*-1. |* 1. |
|  0. |  0. |  0. ||  0. |  0. |  0. ||* 0. |* 0. |*-1. |
|  0. |  0. |  0. ||  0. |  0. |  0. ||* 0. |* 0. |* 0. |
|=====+=====+=====||=====+=====+=====||=====+=====+=====|
|  0. | -1. |  0. ||  0. |  0. | -1. ||  0. |  0. |  0. |
|  0. |  0. |  1. ||  0. |  0. |  0. ||  0. |  0. |  1. |
|  0. |  0. |  0. ||  0. |  0. | -1. ||  0. |  0. |  0. |


Determined best move using: 100665Iterations
current State

|  0. |  0. |  0. ||  0. |  0. |  0. ||  0. |  0. |  0. |
|  0. |  0. | -1. ||  0. |  0. |  0. ||  0. |  0. |  0. |
|  0. |  0. |  0. ||  1. |  1. |  0. || -1. |  1. |  0. |
|=====+=====+=====||=====+=====+=====||=====+=====+=====|
|  0. |  0. |  0. ||* 0. |* 0. |* 0. ||  1. | -1. |  1. |
|  0. |  0. |  0. ||* 0. |* 0. |* 0. ||  0. |  1. | -1. |
|  0. |  0. |  0. ||* 0. |* 0. |* 0. ||  0. |  0. |  0. |
|=====+=====+=====||=====+=====+=====||=====+=====+=====|
|  0. | -1. |  0. ||  0. |  0. | -1. ||  0. |  0. |  0. |
|  0. |  0. |  1. ||  0. |  0. |  0. ||  0. |  0. |  1. |
|  0. |  0. |  0. ||  0. |  0. | -1. ||  0. |  0. |  0. |


state to eval, currenty is playerone turn=false

| -0. | -0. | -0. || -0. | -0. | -0. || -0. | -0. | -0. |
| -0. | -0. |  1. || -0. | -0. | -0. || -0. | -0. | -0. |
| -0. | -0. | -0. || -1. | -1. | -0. ||  1. | -1. | -0. |
|=====+=====+=====||=====+=====+=====||=====+=====+=====|
| -0. | -0. | -0. ||*-0. |*-0. |*-0. || -1. |  1. | -1. |
| -0. | -0. | -0. ||*-0. |*-0. |*-0. || -0. | -1. |  1. |
| -0. | -0. | -0. ||*-0. |*-0. |*-0. || -0. | -0. | -0. |
|=====+=====+=====||=====+=====+=====||=====+=====+=====|
| -0. |  1. | -0. || -0. | -0. |  1. || -0. | -0. | -0. |
| -0. | -0. | -1. || -0. | -0. | -0. || -0. | -0. | -1. |
| -0. | -0. | -0. || -0. | -0. |  1. || -0. | -0. | -0. |


Determined best move using: 103651Iterations
current State

|  0. |  0. |  0. ||* 0. |* 0. |* 0. ||  0. |  0. |  0. |
|  0. |  0. | -1. ||* 0. |* 0. |* 0. ||  0. |  0. |  0. |
|  0. |  0. |  0. ||* 1. |* 1. |* 0. || -1. |  1. |  0. |
|=====+=====+=====||=====+=====+=====||=====+=====+=====|
|  0. |  0. |  0. ||  0. | -1. |  0. ||  1. | -1. |  1. |
|  0. |  0. |  0. ||  0. |  0. |  0. ||  0. |  1. | -1. |
|  0. |  0. |  0. ||  0. |  0. |  0. ||  0. |  0. |  0. |
|=====+=====+=====||=====+=====+=====||=====+=====+=====|
|  0. | -1. |  0. ||  0. |  0. | -1. ||  0. |  0. |  0. |
|  0. |  0. |  1. ||  0. |  0. |  0. ||  0. |  0. |  1. |
|  0. |  0. |  0. ||  0. |  0. | -1. ||  0. |  0. |  0. |


state to eval, currenty is playerone turn=true

|  0. |  0. |  0. ||* 0. |* 0. |* 0. ||  0. |  0. |  0. |
|  0. |  0. | -1. ||* 0. |* 0. |* 0. ||  0. |  0. |  0. |
|  0. |  0. |  0. ||* 1. |* 1. |* 0. || -1. |  1. |  0. |
|=====+=====+=====||=====+=====+=====||=====+=====+=====|
|  0. |  0. |  0. ||  0. | -1. |  0. ||  1. | -1. |  1. |
|  0. |  0. |  0. ||  0. |  0. |  0. ||  0. |  1. | -1. |
|  0. |  0. |  0. ||  0. |  0. |  0. ||  0. |  0. |  0. |
|=====+=====+=====||=====+=====+=====||=====+=====+=====|
|  0. | -1. |  0. ||  0. |  0. | -1. ||  0. |  0. |  0. |
|  0. |  0. |  1. ||  0. |  0. |  0. ||  0. |  0. |  1. |
|  0. |  0. |  0. ||  0. |  0. | -1. ||  0. |  0. |  0. |


Determined best move using: 104448Iterations
current State

|* 0. |* 0. |* 0. ||  1. |  0. |  0. ||  0. |  0. |  0. |
|* 0. |* 0. |*-1. ||  0. |  0. |  0. ||  0. |  0. |  0. |
|* 0. |* 0. |* 0. ||  1. |  1. |  0. || -1. |  1. |  0. |
|=====+=====+=====||=====+=====+=====||=====+=====+=====|
|  0. |  0. |  0. ||  0. | -1. |  0. ||  1. | -1. |  1. |
|  0. |  0. |  0. ||  0. |  0. |  0. ||  0. |  1. | -1. |
|  0. |  0. |  0. ||  0. |  0. |  0. ||  0. |  0. |  0. |
|=====+=====+=====||=====+=====+=====||=====+=====+=====|
|  0. | -1. |  0. ||  0. |  0. | -1. ||  0. |  0. |  0. |
|  0. |  0. |  1. ||  0. |  0. |  0. ||  0. |  0. |  1. |
|  0. |  0. |  0. ||  0. |  0. | -1. ||  0. |  0. |  0. |


state to eval, currenty is playerone turn=false

|*-0. |*-0. |*-0. || -1. | -0. | -0. || -0. | -0. | -0. |
|*-0. |*-0. |* 1. || -0. | -0. | -0. || -0. | -0. | -0. |
|*-0. |*-0. |*-0. || -1. | -1. | -0. ||  1. | -1. | -0. |
|=====+=====+=====||=====+=====+=====||=====+=====+=====|
| -0. | -0. | -0. || -0. |  1. | -0. || -1. |  1. | -1. |
| -0. | -0. | -0. || -0. | -0. | -0. || -0. | -1. |  1. |
| -0. | -0. | -0. || -0. | -0. | -0. || -0. | -0. | -0. |
|=====+=====+=====||=====+=====+=====||=====+=====+=====|
| -0. |  1. | -0. || -0. | -0. |  1. || -0. | -0. | -0. |
| -0. | -0. | -1. || -0. | -0. | -0. || -0. | -0. | -1. |
| -0. | -0. | -0. || -0. | -0. |  1. || -0. | -0. | -0. |


Determined best move using: 103601Iterations
current State

|  0. |  0. |  0. ||  1. |  0. |  0. ||  0. |  0. |  0. |
|  0. |  0. | -1. ||  0. |  0. |  0. ||  0. |  0. |  0. |
|  0. | -1. |  0. ||  1. |  1. |  0. || -1. |  1. |  0. |
|=====+=====+=====||=====+=====+=====||=====+=====+=====|
|  0. |  0. |  0. ||  0. | -1. |  0. ||  1. | -1. |  1. |
|  0. |  0. |  0. ||  0. |  0. |  0. ||  0. |  1. | -1. |
|  0. |  0. |  0. ||  0. |  0. |  0. ||  0. |  0. |  0. |
|=====+=====+=====||=====+=====+=====||=====+=====+=====|
|  0. | -1. |  0. ||* 0. |* 0. |*-1. ||  0. |  0. |  0. |
|  0. |  0. |  1. ||* 0. |* 0. |* 0. ||  0. |  0. |  1. |
|  0. |  0. |  0. ||* 0. |* 0. |*-1. ||  0. |  0. |  0. |


state to eval, currenty is playerone turn=true

|  0. |  0. |  0. ||  1. |  0. |  0. ||  0. |  0. |  0. |
|  0. |  0. | -1. ||  0. |  0. |  0. ||  0. |  0. |  0. |
|  0. | -1. |  0. ||  1. |  1. |  0. || -1. |  1. |  0. |
|=====+=====+=====||=====+=====+=====||=====+=====+=====|
|  0. |  0. |  0. ||  0. | -1. |  0. ||  1. | -1. |  1. |
|  0. |  0. |  0. ||  0. |  0. |  0. ||  0. |  1. | -1. |
|  0. |  0. |  0. ||  0. |  0. |  0. ||  0. |  0. |  0. |
|=====+=====+=====||=====+=====+=====||=====+=====+=====|
|  0. | -1. |  0. ||* 0. |* 0. |*-1. ||  0. |  0. |  0. |
|  0. |  0. |  1. ||* 0. |* 0. |* 0. ||  0. |  0. |  1. |
|  0. |  0. |  0. ||* 0. |* 0. |*-1. ||  0. |  0. |  0. |


Determined best move using: 107977Iterations
current State

|  0. |  0. |  0. ||  1. |  0. |  0. ||  0. |  0. |  0. |
|  0. |  0. | -1. ||  0. |  0. |  0. ||  0. |  0. |  0. |
|  0. | -1. |  0. ||  1. |  1. |  0. || -1. |  1. |  0. |
|=====+=====+=====||=====+=====+=====||=====+=====+=====|
|  0. |  0. |  0. ||* 0. |*-1. |* 0. ||  1. | -1. |  1. |
|  0. |  0. |  0. ||* 0. |* 0. |* 0. ||  0. |  1. | -1. |
|  0. |  0. |  0. ||* 0. |* 0. |* 0. ||  0. |  0. |  0. |
|=====+=====+=====||=====+=====+=====||=====+=====+=====|
|  0. | -1. |  0. ||  0. |  0. | -1. ||  0. |  0. |  0. |
|  0. |  0. |  1. ||  0. |  1. |  0. ||  0. |  0. |  1. |
|  0. |  0. |  0. ||  0. |  0. | -1. ||  0. |  0. |  0. |


state to eval, currenty is playerone turn=false

| -0. | -0. | -0. || -1. | -0. | -0. || -0. | -0. | -0. |
| -0. | -0. |  1. || -0. | -0. | -0. || -0. | -0. | -0. |
| -0. |  1. | -0. || -1. | -1. | -0. ||  1. | -1. | -0. |
|=====+=====+=====||=====+=====+=====||=====+=====+=====|
| -0. | -0. | -0. ||*-0. |* 1. |*-0. || -1. |  1. | -1. |
| -0. | -0. | -0. ||*-0. |*-0. |*-0. || -0. | -1. |  1. |
| -0. | -0. | -0. ||*-0. |*-0. |*-0. || -0. | -0. | -0. |
|=====+=====+=====||=====+=====+=====||=====+=====+=====|
| -0. |  1. | -0. || -0. | -0. |  1. || -0. | -0. | -0. |
| -0. | -0. | -1. || -0. | -1. | -0. || -0. | -0. | -1. |
| -0. | -0. | -0. || -0. | -0. |  1. || -0. | -0. | -0. |


Determined best move using: 110987Iterations
current State

|  0. |  0. |  0. ||  1. |  0. |  0. ||  0. |  0. |  0. |
|  0. |  0. | -1. ||  0. |  0. |  0. ||  0. |  0. |  0. |
|  0. | -1. |  0. ||  1. |  1. |  0. || -1. |  1. |  0. |
|=====+=====+=====||=====+=====+=====||=====+=====+=====|
|* 0. |* 0. |* 0. ||  0. | -1. |  0. ||  1. | -1. |  1. |
|* 0. |* 0. |* 0. || -1. |  0. |  0. ||  0. |  1. | -1. |
|* 0. |* 0. |* 0. ||  0. |  0. |  0. ||  0. |  0. |  0. |
|=====+=====+=====||=====+=====+=====||=====+=====+=====|
|  0. | -1. |  0. ||  0. |  0. | -1. ||  0. |  0. |  0. |
|  0. |  0. |  1. ||  0. |  1. |  0. ||  0. |  0. |  1. |
|  0. |  0. |  0. ||  0. |  0. | -1. ||  0. |  0. |  0. |


state to eval, currenty is playerone turn=true

|  0. |  0. |  0. ||  1. |  0. |  0. ||  0. |  0. |  0. |
|  0. |  0. | -1. ||  0. |  0. |  0. ||  0. |  0. |  0. |
|  0. | -1. |  0. ||  1. |  1. |  0. || -1. |  1. |  0. |
|=====+=====+=====||=====+=====+=====||=====+=====+=====|
|* 0. |* 0. |* 0. ||  0. | -1. |  0. ||  1. | -1. |  1. |
|* 0. |* 0. |* 0. || -1. |  0. |  0. ||  0. |  1. | -1. |
|* 0. |* 0. |* 0. ||  0. |  0. |  0. ||  0. |  0. |  0. |
|=====+=====+=====||=====+=====+=====||=====+=====+=====|
|  0. | -1. |  0. ||  0. |  0. | -1. ||  0. |  0. |  0. |
|  0. |  0. |  1. ||  0. |  1. |  0. ||  0. |  0. |  1. |
|  0. |  0. |  0. ||  0. |  0. | -1. ||  0. |  0. |  0. |


Determined best move using: 116174Iterations
current State

|  0. |  0. |  0. ||  1. |  0. |  0. ||  0. |  0. |  0. |
|  0. |  0. | -1. ||  0. |  0. |  0. ||  0. |  0. |  0. |
|  0. | -1. |  0. ||  1. |  1. |  0. || -1. |  1. |  0. |
|=====+=====+=====||=====+=====+=====||=====+=====+=====|
|* 0. |* 0. |* 0. ||  0. | -1. |  0. ||  1. | -1. |  1. |
|* 1. |* 0. |* 0. || -1. |  0. |  0. ||  0. |  1. | -1. |
|* 0. |* 0. |* 0. ||  0. |  0. |  0. ||  0. |  0. |  0. |
|=====+=====+=====||=====+=====+=====||=====+=====+=====|
|  0. | -1. |  0. ||  0. |  0. | -1. ||  0. |  0. |  0. |
|  0. |  0. |  1. ||  0. |  1. |  0. ||  0. |  0. |  1. |
|  0. |  0. |  0. ||  0. |  0. | -1. ||  0. |  0. |  0. |


state to eval, currenty is playerone turn=false

| -0. | -0. | -0. || -1. | -0. | -0. || -0. | -0. | -0. |
| -0. | -0. |  1. || -0. | -0. | -0. || -0. | -0. | -0. |
| -0. |  1. | -0. || -1. | -1. | -0. ||  1. | -1. | -0. |
|=====+=====+=====||=====+=====+=====||=====+=====+=====|
|*-0. |*-0. |*-0. || -0. |  1. | -0. || -1. |  1. | -1. |
|*-1. |*-0. |*-0. ||  1. | -0. | -0. || -0. | -1. |  1. |
|*-0. |*-0. |*-0. || -0. | -0. | -0. || -0. | -0. | -0. |
|=====+=====+=====||=====+=====+=====||=====+=====+=====|
| -0. |  1. | -0. || -0. | -0. |  1. || -0. | -0. | -0. |
| -0. | -0. | -1. || -0. | -1. | -0. || -0. | -0. | -1. |
| -0. | -0. | -0. || -0. | -0. |  1. || -0. | -0. | -0. |


Determined best move using: 112986Iterations
current State

|  0. |  0. |  0. ||  1. |  0. |  0. ||  0. |  0. |  0. |
|  0. |  0. | -1. ||  0. |  0. |  0. ||  0. |  0. |  0. |
|  0. | -1. |  0. ||  1. |  1. |  0. || -1. |  1. |  0. |
|=====+=====+=====||=====+=====+=====||=====+=====+=====|
|  0. |  0. |  0. ||  0. | -1. |  0. ||  1. | -1. |  1. |
|  1. |  0. |  0. || -1. |  0. |  0. ||  0. |  1. | -1. |
|  0. |  0. | -1. ||  0. |  0. |  0. ||  0. |  0. |  0. |
|=====+=====+=====||=====+=====+=====||=====+=====+=====|
|  0. | -1. |  0. ||  0. |  0. | -1. ||* 0. |* 0. |* 0. |
|  0. |  0. |  1. ||  0. |  1. |  0. ||* 0. |* 0. |* 1. |
|  0. |  0. |  0. ||  0. |  0. | -1. ||* 0. |* 0. |* 0. |


state to eval, currenty is playerone turn=true

|  0. |  0. |  0. ||  1. |  0. |  0. ||  0. |  0. |  0. |
|  0. |  0. | -1. ||  0. |  0. |  0. ||  0. |  0. |  0. |
|  0. | -1. |  0. ||  1. |  1. |  0. || -1. |  1. |  0. |
|=====+=====+=====||=====+=====+=====||=====+=====+=====|
|  0. |  0. |  0. ||  0. | -1. |  0. ||  1. | -1. |  1. |
|  1. |  0. |  0. || -1. |  0. |  0. ||  0. |  1. | -1. |
|  0. |  0. | -1. ||  0. |  0. |  0. ||  0. |  0. |  0. |
|=====+=====+=====||=====+=====+=====||=====+=====+=====|
|  0. | -1. |  0. ||  0. |  0. | -1. ||* 0. |* 0. |* 0. |
|  0. |  0. |  1. ||  0. |  1. |  0. ||* 0. |* 0. |* 1. |
|  0. |  0. |  0. ||  0. |  0. | -1. ||* 0. |* 0. |* 0. |


Determined best move using: 116212Iterations
current State

|  0. |  0. |  0. ||  1. |  0. |  0. ||  0. |  0. |  0. |
|  0. |  0. | -1. ||  0. |  0. |  0. ||  0. |  0. |  0. |
|  0. | -1. |  0. ||  1. |  1. |  0. || -1. |  1. |  0. |
|=====+=====+=====||=====+=====+=====||=====+=====+=====|
|  0. |  0. |  0. ||  0. | -1. |  0. ||  1. | -1. |  1. |
|  1. |  0. |  0. || -1. |  0. |  0. ||  0. |  1. | -1. |
|  0. |  0. | -1. ||  0. |  0. |  0. ||  0. |  0. |  0. |
|=====+=====+=====||=====+=====+=====||=====+=====+=====|
|* 0. |*-1. |* 0. ||  0. |  0. | -1. ||  0. |  0. |  0. |
|* 0. |* 0. |* 1. ||  0. |  1. |  0. ||  0. |  0. |  1. |
|* 0. |* 0. |* 0. ||  0. |  0. | -1. ||  1. |  0. |  0. |


state to eval, currenty is playerone turn=false

| -0. | -0. | -0. || -1. | -0. | -0. || -0. | -0. | -0. |
| -0. | -0. |  1. || -0. | -0. | -0. || -0. | -0. | -0. |
| -0. |  1. | -0. || -1. | -1. | -0. ||  1. | -1. | -0. |
|=====+=====+=====||=====+=====+=====||=====+=====+=====|
| -0. | -0. | -0. || -0. |  1. | -0. || -1. |  1. | -1. |
| -1. | -0. | -0. ||  1. | -0. | -0. || -0. | -1. |  1. |
| -0. | -0. |  1. || -0. | -0. | -0. || -0. | -0. | -0. |
|=====+=====+=====||=====+=====+=====||=====+=====+=====|
|*-0. |* 1. |*-0. || -0. | -0. |  1. || -0. | -0. | -0. |
|*-0. |*-0. |*-1. || -0. | -1. | -0. || -0. | -0. | -1. |
|*-0. |*-0. |*-0. || -0. | -0. |  1. || -1. | -0. | -0. |


Determined best move using: 128912Iterations
current State

|  0. |  0. |  0. ||  1. |  0. |  0. ||  0. |  0. |  0. |
|  0. |  0. | -1. ||  0. |  0. |  0. ||  0. |  0. |  0. |
|  0. | -1. |  0. ||  1. |  1. |  0. || -1. |  1. |  0. |
|=====+=====+=====||=====+=====+=====||=====+=====+=====|
|  0. |  0. |  0. ||  0. | -1. |  0. ||  1. | -1. |  1. |
|  1. |  0. |  0. || -1. |  0. |  0. ||  0. |  1. | -1. |
|  0. |  0. | -1. ||  0. |  0. |  0. ||  0. |  0. |  0. |
|=====+=====+=====||=====+=====+=====||=====+=====+=====|
|* 0. |*-1. |* 0. ||  0. |  0. | -1. ||  0. |  0. |  0. |
|* 0. |* 0. |* 1. ||  0. |  1. |  0. ||  0. |  0. |  1. |
|*-1. |* 0. |* 0. ||  0. |  0. | -1. ||  1. |  0. |  0. |


state to eval, currenty is playerone turn=true

|  0. |  0. |  0. ||  1. |  0. |  0. ||  0. |  0. |  0. |
|  0. |  0. | -1. ||  0. |  0. |  0. ||  0. |  0. |  0. |
|  0. | -1. |  0. ||  1. |  1. |  0. || -1. |  1. |  0. |
|=====+=====+=====||=====+=====+=====||=====+=====+=====|
|  0. |  0. |  0. ||  0. | -1. |  0. ||  1. | -1. |  1. |
|  1. |  0. |  0. || -1. |  0. |  0. ||  0. |  1. | -1. |
|  0. |  0. | -1. ||  0. |  0. |  0. ||  0. |  0. |  0. |
|=====+=====+=====||=====+=====+=====||=====+=====+=====|
|* 0. |*-1. |* 0. ||  0. |  0. | -1. ||  0. |  0. |  0. |
|* 0. |* 0. |* 1. ||  0. |  1. |  0. ||  0. |  0. |  1. |
|*-1. |* 0. |* 0. ||  0. |  0. | -1. ||  1. |  0. |  0. |


Determined best move using: 135537Iterations
current State

|* 0. |* 0. |* 0. ||  1. |  0. |  0. ||  0. |  0. |  0. |
|* 0. |* 0. |*-1. ||  0. |  0. |  0. ||  0. |  0. |  0. |
|* 0. |*-1. |* 0. ||  1. |  1. |  0. || -1. |  1. |  0. |
|=====+=====+=====||=====+=====+=====||=====+=====+=====|
|  0. |  0. |  0. ||  0. | -1. |  0. ||  1. | -1. |  1. |
|  1. |  0. |  0. || -1. |  0. |  0. ||  0. |  1. | -1. |
|  0. |  0. | -1. ||  0. |  0. |  0. ||  0. |  0. |  0. |
|=====+=====+=====||=====+=====+=====||=====+=====+=====|
|  1. | -1. |  0. ||  0. |  0. | -1. ||  0. |  0. |  0. |
|  0. |  0. |  1. ||  0. |  1. |  0. ||  0. |  0. |  1. |
| -1. |  0. |  0. ||  0. |  0. | -1. ||  1. |  0. |  0. |


state to eval, currenty is playerone turn=false

|*-0. |*-0. |*-0. || -1. | -0. | -0. || -0. | -0. | -0. |
|*-0. |*-0. |* 1. || -0. | -0. | -0. || -0. | -0. | -0. |
|*-0. |* 1. |*-0. || -1. | -1. | -0. ||  1. | -1. | -0. |
|=====+=====+=====||=====+=====+=====||=====+=====+=====|
| -0. | -0. | -0. || -0. |  1. | -0. || -1. |  1. | -1. |
| -1. | -0. | -0. ||  1. | -0. | -0. || -0. | -1. |  1. |
| -0. | -0. |  1. || -0. | -0. | -0. || -0. | -0. | -0. |
|=====+=====+=====||=====+=====+=====||=====+=====+=====|
| -1. |  1. | -0. || -0. | -0. |  1. || -0. | -0. | -0. |
| -0. | -0. | -1. || -0. | -1. | -0. || -0. | -0. | -1. |
|  1. | -0. | -0. || -0. | -0. |  1. || -1. | -0. | -0. |


Determined best move using: 140438Iterations
current State

|  0. |  0. |  0. ||  1. |  0. |  0. ||  0. |  0. |  0. |
|  0. |  0. | -1. ||  0. |  0. |  0. ||  0. |  0. |  0. |
| -1. | -1. |  0. ||  1. |  1. |  0. || -1. |  1. |  0. |
|=====+=====+=====||=====+=====+=====||=====+=====+=====|
|  0. |  0. |  0. ||  0. | -1. |  0. ||  1. | -1. |  1. |
|  1. |  0. |  0. || -1. |  0. |  0. ||  0. |  1. | -1. |
|  0. |  0. | -1. ||  0. |  0. |  0. ||  0. |  0. |  0. |
|=====+=====+=====||=====+=====+=====||=====+=====+=====|
|* 1. |*-1. |* 0. ||  0. |  0. | -1. ||  0. |  0. |  0. |
|* 0. |* 0. |* 1. ||  0. |  1. |  0. ||  0. |  0. |  1. |
|*-1. |* 0. |* 0. ||  0. |  0. | -1. ||  1. |  0. |  0. |


state to eval, currenty is playerone turn=true

|  0. |  0. |  0. ||  1. |  0. |  0. ||  0. |  0. |  0. |
|  0. |  0. | -1. ||  0. |  0. |  0. ||  0. |  0. |  0. |
| -1. | -1. |  0. ||  1. |  1. |  0. || -1. |  1. |  0. |
|=====+=====+=====||=====+=====+=====||=====+=====+=====|
|  0. |  0. |  0. ||  0. | -1. |  0. ||  1. | -1. |  1. |
|  1. |  0. |  0. || -1. |  0. |  0. ||  0. |  1. | -1. |
|  0. |  0. | -1. ||  0. |  0. |  0. ||  0. |  0. |  0. |
|=====+=====+=====||=====+=====+=====||=====+=====+=====|
|* 1. |*-1. |* 0. ||  0. |  0. | -1. ||  0. |  0. |  0. |
|* 0. |* 0. |* 1. ||  0. |  1. |  0. ||  0. |  0. |  1. |
|*-1. |* 0. |* 0. ||  0. |  0. | -1. ||  1. |  0. |  0. |


Determined best move using: 137748Iterations
current State

|  0. |  0. |  0. ||  1. |  0. |  0. ||  0. |  0. |  0. |
|  0. |  0. | -1. ||  0. |  0. |  0. ||  0. |  0. |  0. |
| -1. | -1. |  0. ||  1. |  1. |  0. || -1. |  1. |  0. |
|=====+=====+=====||=====+=====+=====||=====+=====+=====|
|  0. |  0. |  0. ||  0. | -1. |  0. ||  1. | -1. |  1. |
|  1. |  0. |  0. || -1. |  0. |  0. ||  0. |  1. | -1. |
|  0. |  0. | -1. ||  0. |  0. |  0. ||  0. |  0. |  0. |
|=====+=====+=====||=====+=====+=====||=====+=====+=====|
|  1. | -1. |  0. ||* 0. |* 0. |*-1. ||  0. |  0. |  0. |
|  0. |  0. |  1. ||* 0. |* 1. |* 0. ||  0. |  0. |  1. |
| -1. |  1. |  0. ||* 0. |* 0. |*-1. ||  1. |  0. |  0. |


state to eval, currenty is playerone turn=false

| -0. | -0. | -0. || -1. | -0. | -0. || -0. | -0. | -0. |
| -0. | -0. |  1. || -0. | -0. | -0. || -0. | -0. | -0. |
|  1. |  1. | -0. || -1. | -1. | -0. ||  1. | -1. | -0. |
|=====+=====+=====||=====+=====+=====||=====+=====+=====|
| -0. | -0. | -0. || -0. |  1. | -0. || -1. |  1. | -1. |
| -1. | -0. | -0. ||  1. | -0. | -0. || -0. | -1. |  1. |
| -0. | -0. |  1. || -0. | -0. | -0. || -0. | -0. | -0. |
|=====+=====+=====||=====+=====+=====||=====+=====+=====|
| -1. |  1. | -0. ||*-0. |*-0. |* 1. || -0. | -0. | -0. |
| -0. | -0. | -1. ||*-0. |*-1. |*-0. || -0. | -0. | -1. |
|  1. | -1. | -0. ||*-0. |*-0. |* 1. || -1. | -0. | -0. |


Determined best move using: 152797Iterations
current State

|  0. |  0. |  0. ||* 1. |* 0. |* 0. ||  0. |  0. |  0. |
|  0. |  0. | -1. ||* 0. |* 0. |* 0. ||  0. |  0. |  0. |
| -1. | -1. |  0. ||* 1. |* 1. |* 0. || -1. |  1. |  0. |
|=====+=====+=====||=====+=====+=====||=====+=====+=====|
|  0. |  0. |  0. ||  0. | -1. |  0. ||  1. | -1. |  1. |
|  1. |  0. |  0. || -1. |  0. |  0. ||  0. |  1. | -1. |
|  0. |  0. | -1. ||  0. |  0. |  0. ||  0. |  0. |  0. |
|=====+=====+=====||=====+=====+=====||=====+=====+=====|
|  1. | -1. |  0. ||  0. | -1. | -1. ||  0. |  0. |  0. |
|  0. |  0. |  1. ||  0. |  1. |  0. ||  0. |  0. |  1. |
| -1. |  1. |  0. ||  0. |  0. | -1. ||  1. |  0. |  0. |


state to eval, currenty is playerone turn=true

|  0. |  0. |  0. ||* 1. |* 0. |* 0. ||  0. |  0. |  0. |
|  0. |  0. | -1. ||* 0. |* 0. |* 0. ||  0. |  0. |  0. |
| -1. | -1. |  0. ||* 1. |* 1. |* 0. || -1. |  1. |  0. |
|=====+=====+=====||=====+=====+=====||=====+=====+=====|
|  0. |  0. |  0. ||  0. | -1. |  0. ||  1. | -1. |  1. |
|  1. |  0. |  0. || -1. |  0. |  0. ||  0. |  1. | -1. |
|  0. |  0. | -1. ||  0. |  0. |  0. ||  0. |  0. |  0. |
|=====+=====+=====||=====+=====+=====||=====+=====+=====|
|  1. | -1. |  0. ||  0. | -1. | -1. ||  0. |  0. |  0. |
|  0. |  0. |  1. ||  0. |  1. |  0. ||  0. |  0. |  1. |
| -1. |  1. |  0. ||  0. |  0. | -1. ||  1. |  0. |  0. |


Determined best move using: 141363Iterations
current State

|  0. |  0. |  0. ||* 1. |* 1. |* 0. ||  0. |  0. |  0. |
|  0. |  0. | -1. ||* 0. |* 0. |* 0. ||  0. |  0. |  0. |
| -1. | -1. |  0. ||* 1. |* 1. |* 0. || -1. |  1. |  0. |
|=====+=====+=====||=====+=====+=====||=====+=====+=====|
|  0. |  0. |  0. ||  0. | -1. |  0. ||  1. | -1. |  1. |
|  1. |  0. |  0. || -1. |  0. |  0. ||  0. |  1. | -1. |
|  0. |  0. | -1. ||  0. |  0. |  0. ||  0. |  0. |  0. |
|=====+=====+=====||=====+=====+=====||=====+=====+=====|
|  1. | -1. |  0. ||  0. | -1. | -1. ||  0. |  0. |  0. |
|  0. |  0. |  1. ||  0. |  1. |  0. ||  0. |  0. |  1. |
| -1. |  1. |  0. ||  0. |  0. | -1. ||  1. |  0. |  0. |


state to eval, currenty is playerone turn=false

| -0. | -0. | -0. ||*-1. |*-1. |*-0. || -0. | -0. | -0. |
| -0. | -0. |  1. ||*-0. |*-0. |*-0. || -0. | -0. | -0. |
|  1. |  1. | -0. ||*-1. |*-1. |*-0. ||  1. | -1. | -0. |
|=====+=====+=====||=====+=====+=====||=====+=====+=====|
| -0. | -0. | -0. || -0. |  1. | -0. || -1. |  1. | -1. |
| -1. | -0. | -0. ||  1. | -0. | -0. || -0. | -1. |  1. |
| -0. | -0. |  1. || -0. | -0. | -0. || -0. | -0. | -0. |
|=====+=====+=====||=====+=====+=====||=====+=====+=====|
| -1. |  1. | -0. || -0. |  1. |  1. || -0. | -0. | -0. |
| -0. | -0. | -1. || -0. | -1. | -0. || -0. | -0. | -1. |
|  1. | -1. | -0. || -0. | -0. |  1. || -1. | -0. | -0. |


Determined best move using: 146528Iterations
current State

|  0. |  0. |  0. ||  1. |  1. |  0. ||  0. |  0. |  0. |
|  0. |  0. | -1. || -1. |  0. |  0. ||  0. |  0. |  0. |
| -1. | -1. |  0. ||  1. |  1. |  0. || -1. |  1. |  0. |
|=====+=====+=====||=====+=====+=====||=====+=====+=====|
|* 0. |* 0. |* 0. ||  0. | -1. |  0. ||  1. | -1. |  1. |
|* 1. |* 0. |* 0. || -1. |  0. |  0. ||  0. |  1. | -1. |
|* 0. |* 0. |*-1. ||  0. |  0. |  0. ||  0. |  0. |  0. |
|=====+=====+=====||=====+=====+=====||=====+=====+=====|
|  1. | -1. |  0. ||  0. | -1. | -1. ||  0. |  0. |  0. |
|  0. |  0. |  1. ||  0. |  1. |  0. ||  0. |  0. |  1. |
| -1. |  1. |  0. ||  0. |  0. | -1. ||  1. |  0. |  0. |


state to eval, currenty is playerone turn=true

|  0. |  0. |  0. ||  1. |  1. |  0. ||  0. |  0. |  0. |
|  0. |  0. | -1. || -1. |  0. |  0. ||  0. |  0. |  0. |
| -1. | -1. |  0. ||  1. |  1. |  0. || -1. |  1. |  0. |
|=====+=====+=====||=====+=====+=====||=====+=====+=====|
|* 0. |* 0. |* 0. ||  0. | -1. |  0. ||  1. | -1. |  1. |
|* 1. |* 0. |* 0. || -1. |  0. |  0. ||  0. |  1. | -1. |
|* 0. |* 0. |*-1. ||  0. |  0. |  0. ||  0. |  0. |  0. |
|=====+=====+=====||=====+=====+=====||=====+=====+=====|
|  1. | -1. |  0. ||  0. | -1. | -1. ||  0. |  0. |  0. |
|  0. |  0. |  1. ||  0. |  1. |  0. ||  0. |  0. |  1. |
| -1. |  1. |  0. ||  0. |  0. | -1. ||  1. |  0. |  0. |


Determined best move using: 161705Iterations
current State

|  0. |  0. |  0. ||  1. |  1. |  0. ||  0. |  0. |  0. |
|  0. |  0. | -1. || -1. |  0. |  0. ||  0. |  0. |  0. |
| -1. | -1. |  0. ||  1. |  1. |  0. || -1. |  1. |  0. |
|=====+=====+=====||=====+=====+=====||=====+=====+=====|
|  0. |  0. |  0. ||  0. | -1. |  0. ||  1. | -1. |  1. |
|  1. |  0. |  0. || -1. |  0. |  0. ||  0. |  1. | -1. |
|  0. |  1. | -1. ||  0. |  0. |  0. ||  0. |  0. |  0. |
|=====+=====+=====||=====+=====+=====||=====+=====+=====|
|  1. | -1. |  0. ||* 0. |*-1. |*-1. ||  0. |  0. |  0. |
|  0. |  0. |  1. ||* 0. |* 1. |* 0. ||  0. |  0. |  1. |
| -1. |  1. |  0. ||* 0. |* 0. |*-1. ||  1. |  0. |  0. |


state to eval, currenty is playerone turn=false

| -0. | -0. | -0. || -1. | -1. | -0. || -0. | -0. | -0. |
| -0. | -0. |  1. ||  1. | -0. | -0. || -0. | -0. | -0. |
|  1. |  1. | -0. || -1. | -1. | -0. ||  1. | -1. | -0. |
|=====+=====+=====||=====+=====+=====||=====+=====+=====|
| -0. | -0. | -0. || -0. |  1. | -0. || -1. |  1. | -1. |
| -1. | -0. | -0. ||  1. | -0. | -0. || -0. | -1. |  1. |
| -0. | -1. |  1. || -0. | -0. | -0. || -0. | -0. | -0. |
|=====+=====+=====||=====+=====+=====||=====+=====+=====|
| -1. |  1. | -0. ||*-0. |* 1. |* 1. || -0. | -0. | -0. |
| -0. | -0. | -1. ||*-0. |*-1. |*-0. || -0. | -0. | -1. |
|  1. | -1. | -0. ||*-0. |*-0. |* 1. || -1. | -0. | -0. |


Determined best move using: 165410Iterations
current State

|  0. |  0. |  0. ||  1. |  1. |  0. ||  0. |  0. |  0. |
|  0. |  0. | -1. || -1. |  0. |  0. ||  0. |  0. |  0. |
| -1. | -1. |  0. ||  1. |  1. |  0. || -1. |  1. |  0. |
|=====+=====+=====||=====+=====+=====||=====+=====+=====|
|  0. |  0. |  0. ||  0. | -1. |  0. ||* 1. |*-1. |* 1. |
|  1. |  0. |  0. || -1. |  0. |  0. ||* 0. |* 1. |*-1. |
|  0. |  1. | -1. ||  0. |  0. |  0. ||* 0. |* 0. |* 0. |
|=====+=====+=====||=====+=====+=====||=====+=====+=====|
|  1. | -1. |  0. ||  0. | -1. | -1. ||  0. |  0. |  0. |
|  0. |  0. |  1. ||  0. |  1. | -1. ||  0. |  0. |  1. |
| -1. |  1. |  0. ||  0. |  0. | -1. ||  1. |  0. |  0. |


state to eval, currenty is playerone turn=true

|  0. |  0. |  0. ||  1. |  1. |  0. ||  0. |  0. |  0. |
|  0. |  0. | -1. || -1. |  0. |  0. ||  0. |  0. |  0. |
| -1. | -1. |  0. ||  1. |  1. |  0. || -1. |  1. |  0. |
|=====+=====+=====||=====+=====+=====||=====+=====+=====|
|  0. |  0. |  0. ||  0. | -1. |  0. ||* 1. |*-1. |* 1. |
|  1. |  0. |  0. || -1. |  0. |  0. ||* 0. |* 1. |*-1. |
|  0. |  1. | -1. ||  0. |  0. |  0. ||* 0. |* 0. |* 0. |
|=====+=====+=====||=====+=====+=====||=====+=====+=====|
|  1. | -1. |  0. ||  0. | -1. | -1. ||  0. |  0. |  0. |
|  0. |  0. |  1. ||  0. |  1. | -1. ||  0. |  0. |  1. |
| -1. |  1. |  0. ||  0. |  0. | -1. ||  1. |  0. |  0. |


Determined best move using: 167165Iterations
current State

|  0. |  0. |  0. ||  1. |  1. |  0. ||  0. |  0. |  0. |
|  0. |  0. | -1. || -1. |  0. |  0. ||  0. |  0. |  0. |
| -1. | -1. |  0. ||  1. |  1. |  0. || -1. |  1. |  0. |
|=====+=====+=====||=====+=====+=====||=====+=====+=====|
|  0. |  0. |  0. ||  0. | -1. |  0. ||  1. | -1. |  1. |
|  1. |  0. |  0. || -1. |  0. |  0. ||  0. |  1. | -1. |
|  0. |  1. | -1. ||  0. |  0. |  0. ||  0. |  0. |  1. |
|=====+=====+=====||=====+=====+=====||=====+=====+=====|
|  1. | -1. |  0. ||  0. | -1. | -1. ||* 0. |* 0. |* 0. |
|  0. |  0. |  1. ||  0. |  1. | -1. ||* 0. |* 0. |* 1. |
| -1. |  1. |  0. ||  0. |  0. | -1. ||* 1. |* 0. |* 0. |


state to eval, currenty is playerone turn=false

| -0. | -0. | -0. || -1. | -1. | -0. || -0. | -0. | -0. |
| -0. | -0. |  1. ||  1. | -0. | -0. || -0. | -0. | -0. |
|  1. |  1. | -0. || -1. | -1. | -0. ||  1. | -1. | -0. |
|=====+=====+=====||=====+=====+=====||=====+=====+=====|
| -0. | -0. | -0. || -0. |  1. | -0. || -1. |  1. | -1. |
| -1. | -0. | -0. ||  1. | -0. | -0. || -0. | -1. |  1. |
| -0. | -1. |  1. || -0. | -0. | -0. || -0. | -0. | -1. |
|=====+=====+=====||=====+=====+=====||=====+=====+=====|
| -1. |  1. | -0. || -0. |  1. |  1. ||*-0. |*-0. |*-0. |
| -0. | -0. | -1. || -0. | -1. |  1. ||*-0. |*-0. |*-1. |
|  1. | -1. | -0. || -0. | -0. |  1. ||*-1. |*-0. |*-0. |


Determined best move using: 176747Iterations
current State

|  0. |  0. |  0. ||* 1. |* 1. |* 0. ||  0. |  0. |  0. |
|  0. |  0. | -1. ||*-1. |* 0. |* 0. ||  0. |  0. |  0. |
| -1. | -1. |  0. ||* 1. |* 1. |* 0. || -1. |  1. |  0. |
|=====+=====+=====||=====+=====+=====||=====+=====+=====|
|  0. |  0. |  0. ||  0. | -1. |  0. ||  1. | -1. |  1. |
|  1. |  0. |  0. || -1. |  0. |  0. ||  0. |  1. | -1. |
|  0. |  1. | -1. ||  0. |  0. |  0. ||  0. |  0. |  1. |
|=====+=====+=====||=====+=====+=====||=====+=====+=====|
|  1. | -1. |  0. ||  0. | -1. | -1. ||  0. | -1. |  0. |
|  0. |  0. |  1. ||  0. |  1. | -1. ||  0. |  0. |  1. |
| -1. |  1. |  0. ||  0. |  0. | -1. ||  1. |  0. |  0. |


state to eval, currenty is playerone turn=true

|  0. |  0. |  0. ||* 1. |* 1. |* 0. ||  0. |  0. |  0. |
|  0. |  0. | -1. ||*-1. |* 0. |* 0. ||  0. |  0. |  0. |
| -1. | -1. |  0. ||* 1. |* 1. |* 0. || -1. |  1. |  0. |
|=====+=====+=====||=====+=====+=====||=====+=====+=====|
|  0. |  0. |  0. ||  0. | -1. |  0. ||  1. | -1. |  1. |
|  1. |  0. |  0. || -1. |  0. |  0. ||  0. |  1. | -1. |
|  0. |  1. | -1. ||  0. |  0. |  0. ||  0. |  0. |  1. |
|=====+=====+=====||=====+=====+=====||=====+=====+=====|
|  1. | -1. |  0. ||  0. | -1. | -1. ||  0. | -1. |  0. |
|  0. |  0. |  1. ||  0. |  1. | -1. ||  0. |  0. |  1. |
| -1. |  1. |  0. ||  0. |  0. | -1. ||  1. |  0. |  0. |


Determined best move using: 176518Iterations
current State

|  0. |  0. |  0. ||  1. |  1. |  0. ||  0. |  0. |  0. |
|  0. |  0. | -1. || -1. |  0. |  0. ||  0. |  0. |  0. |
| -1. | -1. |  0. ||  1. |  1. |  1. || -1. |  1. |  0. |
|=====+=====+=====||=====+=====+=====||=====+=====+=====|
|  0. |  0. |  0. ||  0. | -1. |  0. ||  1. | -1. |  1. |
|  1. |  0. |  0. || -1. |  0. |  0. ||  0. |  1. | -1. |
|  0. |  1. | -1. ||  0. |  0. |  0. ||  0. |  0. |  1. |
|=====+=====+=====||=====+=====+=====||=====+=====+=====|
|  1. | -1. |  0. ||  0. | -1. | -1. ||* 0. |*-1. |* 0. |
|  0. |  0. |  1. ||  0. |  1. | -1. ||* 0. |* 0. |* 1. |
| -1. |  1. |  0. ||  0. |  0. | -1. ||* 1. |* 0. |* 0. |


state to eval, currenty is playerone turn=false

| -0. | -0. | -0. || -1. | -1. | -0. || -0. | -0. | -0. |
| -0. | -0. |  1. ||  1. | -0. | -0. || -0. | -0. | -0. |
|  1. |  1. | -0. || -1. | -1. | -1. ||  1. | -1. | -0. |
|=====+=====+=====||=====+=====+=====||=====+=====+=====|
| -0. | -0. | -0. || -0. |  1. | -0. || -1. |  1. | -1. |
| -1. | -0. | -0. ||  1. | -0. | -0. || -0. | -1. |  1. |
| -0. | -1. |  1. || -0. | -0. | -0. || -0. | -0. | -1. |
|=====+=====+=====||=====+=====+=====||=====+=====+=====|
| -1. |  1. | -0. || -0. |  1. |  1. ||*-0. |* 1. |*-0. |
| -0. | -0. | -1. || -0. | -1. |  1. ||*-0. |*-0. |*-1. |
|  1. | -1. | -0. || -0. | -0. |  1. ||*-1. |*-0. |*-0. |


Determined best move using: 221691Iterations
current State

|  0. |  0. |  0. ||  1. |  1. |  0. ||  0. |  0. |  0. |
|  0. |  0. | -1. || -1. |  0. |  0. ||  0. |  0. |  0. |
| -1. | -1. |  0. ||  1. |  1. |  1. || -1. |  1. |  0. |
|=====+=====+=====||=====+=====+=====||=====+=====+=====|
|  0. |  0. |  0. ||  0. | -1. |  0. ||  1. | -1. |  1. |
|  1. |  0. |  0. || -1. |  0. |  0. ||  0. |  1. | -1. |
|  0. |  1. | -1. ||  0. |  0. |  0. ||  0. |  0. |  1. |
|=====+=====+=====||=====+=====+=====||=====+=====+=====|
|  1. | -1. |  0. ||  0. | -1. | -1. ||* 0. |*-1. |* 0. |
|  0. |  0. |  1. ||  0. |  1. | -1. ||* 0. |* 0. |* 1. |
| -1. |  1. |  0. ||  0. |  0. | -1. ||* 1. |* 0. |*-1. |


state to eval, currenty is playerone turn=true

|  0. |  0. |  0. ||  1. |  1. |  0. ||  0. |  0. |  0. |
|  0. |  0. | -1. || -1. |  0. |  0. ||  0. |  0. |  0. |
| -1. | -1. |  0. ||  1. |  1. |  1. || -1. |  1. |  0. |
|=====+=====+=====||=====+=====+=====||=====+=====+=====|
|  0. |  0. |  0. ||  0. | -1. |  0. ||  1. | -1. |  1. |
|  1. |  0. |  0. || -1. |  0. |  0. ||  0. |  1. | -1. |
|  0. |  1. | -1. ||  0. |  0. |  0. ||  0. |  0. |  1. |
|=====+=====+=====||=====+=====+=====||=====+=====+=====|
|  1. | -1. |  0. ||  0. | -1. | -1. ||* 0. |*-1. |* 0. |
|  0. |  0. |  1. ||  0. |  1. | -1. ||* 0. |* 0. |* 1. |
| -1. |  1. |  0. ||  0. |  0. | -1. ||* 1. |* 0. |*-1. |


Determined best move using: 2302813Iterations
current State

|* 0. |* 0. |* 0. ||  1. |  1. |  0. ||* 0. |* 0. |* 0. |
|* 0. |* 0. |*-1. || -1. |  0. |  0. ||* 0. |* 0. |* 0. |
|*-1. |*-1. |* 0. ||  1. |  1. |  1. ||*-1. |* 1. |* 0. |
|=====+=====+=====||=====+=====+=====||=====+=====+=====|
|* 0. |* 0. |* 0. ||* 0. |*-1. |* 0. ||  1. | -1. |  1. |
|* 1. |* 0. |* 0. ||*-1. |* 0. |* 0. ||  0. |  1. | -1. |
|* 0. |* 1. |*-1. ||* 0. |* 0. |* 0. ||  0. |  0. |  1. |
|=====+=====+=====||=====+=====+=====||=====+=====+=====|
|* 1. |*-1. |* 0. ||  0. | -1. | -1. ||* 0. |*-1. |* 0. |
|* 0. |* 0. |* 1. ||  0. |  1. | -1. ||* 0. |* 0. |* 1. |
|*-1. |* 1. |* 0. ||  0. |  0. | -1. ||* 1. |* 1. |*-1. |


state to eval, currenty is playerone turn=false

|*-0. |*-0. |*-0. || -1. | -1. | -0. ||*-0. |*-0. |*-0. |
|*-0. |*-0. |* 1. ||  1. | -0. | -0. ||*-0. |*-0. |*-0. |
|* 1. |* 1. |*-0. || -1. | -1. | -1. ||* 1. |*-1. |*-0. |
|=====+=====+=====||=====+=====+=====||=====+=====+=====|
|*-0. |*-0. |*-0. ||*-0. |* 1. |*-0. || -1. |  1. | -1. |
|*-1. |*-0. |*-0. ||* 1. |*-0. |*-0. || -0. | -1. |  1. |
|*-0. |*-1. |* 1. ||*-0. |*-0. |*-0. || -0. | -0. | -1. |
|=====+=====+=====||=====+=====+=====||=====+=====+=====|
|*-1. |* 1. |*-0. || -0. |  1. |  1. ||*-0. |* 1. |*-0. |
|*-0. |*-0. |*-1. || -0. | -1. |  1. ||*-0. |*-0. |*-1. |
|* 1. |*-1. |*-0. || -0. | -0. |  1. ||*-1. |*-1. |* 1. |


Determined best move using: 66382Iterations
current State

|  0. |  0. |  0. ||  1. |  1. |  0. ||  0. |  0. |  0. |
|  0. |  0. | -1. || -1. |  0. |  0. || -1. |  0. |  0. |
| -1. | -1. |  0. ||  1. |  1. |  1. || -1. |  1. |  0. |
|=====+=====+=====||=====+=====+=====||=====+=====+=====|
|* 0. |* 0. |* 0. ||  0. | -1. |  0. ||  1. | -1. |  1. |
|* 1. |* 0. |* 0. || -1. |  0. |  0. ||  0. |  1. | -1. |
|* 0. |* 1. |*-1. ||  0. |  0. |  0. ||  0. |  0. |  1. |
|=====+=====+=====||=====+=====+=====||=====+=====+=====|
|  1. | -1. |  0. ||  0. | -1. | -1. ||  0. | -1. |  0. |
|  0. |  0. |  1. ||  0. |  1. | -1. ||  0. |  0. |  1. |
| -1. |  1. |  0. ||  0. |  0. | -1. ||  1. |  1. | -1. |


state to eval, currenty is playerone turn=true

|  0. |  0. |  0. ||  1. |  1. |  0. ||  0. |  0. |  0. |
|  0. |  0. | -1. || -1. |  0. |  0. || -1. |  0. |  0. |
| -1. | -1. |  0. ||  1. |  1. |  1. || -1. |  1. |  0. |
|=====+=====+=====||=====+=====+=====||=====+=====+=====|
|* 0. |* 0. |* 0. ||  0. | -1. |  0. ||  1. | -1. |  1. |
|* 1. |* 0. |* 0. || -1. |  0. |  0. ||  0. |  1. | -1. |
|* 0. |* 1. |*-1. ||  0. |  0. |  0. ||  0. |  0. |  1. |
|=====+=====+=====||=====+=====+=====||=====+=====+=====|
|  1. | -1. |  0. ||  0. | -1. | -1. ||  0. | -1. |  0. |
|  0. |  0. |  1. ||  0. |  1. | -1. ||  0. |  0. |  1. |
| -1. |  1. |  0. ||  0. |  0. | -1. ||  1. |  1. | -1. |


Determined best move using: 70800Iterations
current State

|* 0. |* 0. |* 0. ||  1. |  1. |  0. ||* 0. |* 0. |* 0. |
|* 0. |* 0. |*-1. || -1. |  0. |  0. ||*-1. |* 0. |* 0. |
|*-1. |*-1. |* 0. ||  1. |  1. |  1. ||*-1. |* 1. |* 0. |
|=====+=====+=====||=====+=====+=====||=====+=====+=====|
|* 0. |* 0. |* 0. ||* 0. |*-1. |* 0. ||  1. | -1. |  1. |
|* 1. |* 0. |* 1. ||*-1. |* 0. |* 0. ||  0. |  1. | -1. |
|* 0. |* 1. |*-1. ||* 0. |* 0. |* 0. ||  0. |  0. |  1. |
|=====+=====+=====||=====+=====+=====||=====+=====+=====|
|* 1. |*-1. |* 0. ||  0. | -1. | -1. ||* 0. |*-1. |* 0. |
|* 0. |* 0. |* 1. ||  0. |  1. | -1. ||* 0. |* 0. |* 1. |
|*-1. |* 1. |* 0. ||  0. |  0. | -1. ||* 1. |* 1. |*-1. |


state to eval, currenty is playerone turn=false

|*-0. |*-0. |*-0. || -1. | -1. | -0. ||*-0. |*-0. |*-0. |
|*-0. |*-0. |* 1. ||  1. | -0. | -0. ||* 1. |*-0. |*-0. |
|* 1. |* 1. |*-0. || -1. | -1. | -1. ||* 1. |*-1. |*-0. |
|=====+=====+=====||=====+=====+=====||=====+=====+=====|
|*-0. |*-0. |*-0. ||*-0. |* 1. |*-0. || -1. |  1. | -1. |
|*-1. |*-0. |*-1. ||* 1. |*-0. |*-0. || -0. | -1. |  1. |
|*-0. |*-1. |* 1. ||*-0. |*-0. |*-0. || -0. | -0. | -1. |
|=====+=====+=====||=====+=====+=====||=====+=====+=====|
|*-1. |* 1. |*-0. || -0. |  1. |  1. ||*-0. |* 1. |*-0. |
|*-0. |*-0. |*-1. || -0. | -1. |  1. ||*-0. |*-0. |*-1. |
|* 1. |*-1. |*-0. || -0. | -0. |  1. ||*-1. |*-1. |* 1. |


Determined best move using: 72561Iterations
current State

|  0. |  0. |  0. ||  1. |  1. |  0. ||  0. |  0. |  0. |
|  0. |  0. | -1. || -1. |  0. |  0. || -1. |  0. |  0. |
| -1. | -1. |  0. ||  1. |  1. |  1. || -1. |  1. |  0. |
|=====+=====+=====||=====+=====+=====||=====+=====+=====|
|  0. |  0. |  0. ||  0. | -1. |  0. ||  1. | -1. |  1. |
|  1. |  0. |  1. || -1. |  0. |  0. ||  0. |  1. | -1. |
|  0. |  1. | -1. ||  0. |  0. |  0. ||  0. |  0. |  1. |
|=====+=====+=====||=====+=====+=====||=====+=====+=====|
|  1. | -1. |  0. ||  0. | -1. | -1. ||* 0. |*-1. |* 0. |
|  0. |  0. |  1. ||  0. |  1. | -1. ||* 0. |* 0. |* 1. |
| -1. |  1. | -1. ||  0. |  0. | -1. ||* 1. |* 1. |*-1. |


state to eval, currenty is playerone turn=true

|  0. |  0. |  0. ||  1. |  1. |  0. ||  0. |  0. |  0. |
|  0. |  0. | -1. || -1. |  0. |  0. || -1. |  0. |  0. |
| -1. | -1. |  0. ||  1. |  1. |  1. || -1. |  1. |  0. |
|=====+=====+=====||=====+=====+=====||=====+=====+=====|
|  0. |  0. |  0. ||  0. | -1. |  0. ||  1. | -1. |  1. |
|  1. |  0. |  1. || -1. |  0. |  0. ||  0. |  1. | -1. |
|  0. |  1. | -1. ||  0. |  0. |  0. ||  0. |  0. |  1. |
|=====+=====+=====||=====+=====+=====||=====+=====+=====|
|  1. | -1. |  0. ||  0. | -1. | -1. ||* 0. |*-1. |* 0. |
|  0. |  0. |  1. ||  0. |  1. | -1. ||* 0. |* 0. |* 1. |
| -1. |  1. | -1. ||  0. |  0. | -1. ||* 1. |* 1. |*-1. |


current State

|  0. |  0. |  0. ||  1. |  1. |  0. ||  0. |  0. |  0. |
|  0. |  0. | -1. || -1. |  0. |  0. || -1. |  0. |  0. |
| -1. | -1. |  0. ||  1. |  1. |  1. || -1. |  1. |  0. |
|=====+=====+=====||=====+=====+=====||=====+=====+=====|
|* 0. |* 0. |* 0. ||  0. | -1. |  0. ||  1. | -1. |  1. |
|* 1. |* 0. |* 1. || -1. |  0. |  0. ||  0. |  1. | -1. |
|* 0. |* 1. |*-1. ||  0. |  0. |  0. ||  0. |  0. |  1. |
|=====+=====+=====||=====+=====+=====||=====+=====+=====|
|  1. | -1. |  0. ||  0. | -1. | -1. ||  0. | -1. |  0. |
|  0. |  0. |  1. ||  0. |  1. | -1. ||  1. |  0. |  1. |
| -1. |  1. | -1. ||  0. |  0. | -1. ||  1. |  1. | -1. |


state to eval, currenty is playerone turn=false

| -0. | -0. | -0. || -1. | -1. | -0. || -0. | -0. | -0. |
| -0. | -0. |  1. ||  1. | -0. | -0. ||  1. | -0. | -0. |
|  1. |  1. | -0. || -1. | -1. | -1. ||  1. | -1. | -0. |
|=====+=====+=====||=====+=====+=====||=====+=====+=====|
|*-0. |*-0. |*-0. || -0. |  1. | -0. || -1. |  1. | -1. |
|*-1. |*-0. |*-1. ||  1. | -0. | -0. || -0. | -1. |  1. |
|*-0. |*-1. |* 1. || -0. | -0. | -0. || -0. | -0. | -1. |
|=====+=====+=====||=====+=====+=====||=====+=====+=====|
| -1. |  1. | -0. || -0. |  1. |  1. || -0. |  1. | -0. |
| -0. | -0. | -1. || -0. | -1. |  1. || -1. | -0. | -1. |
|  1. | -1. |  1. || -0. | -0. |  1. || -1. | -1. |  1. |


Determined best move using: 62776Iterations
current State

|  0. |  0. |  0. ||  1. |  1. |  0. ||  0. |  0. |  0. |
|  0. |  0. | -1. || -1. |  0. |  0. || -1. |  0. |  0. |
| -1. | -1. |  0. ||  1. |  1. |  1. || -1. |  1. |  0. |
|=====+=====+=====||=====+=====+=====||=====+=====+=====|
|  0. |  0. |  0. ||* 0. |*-1. |* 0. ||  1. | -1. |  1. |
|  1. | -1. |  1. ||*-1. |* 0. |* 0. ||  0. |  1. | -1. |
|  0. |  1. | -1. ||* 0. |* 0. |* 0. ||  0. |  0. |  1. |
|=====+=====+=====||=====+=====+=====||=====+=====+=====|
|  1. | -1. |  0. ||  0. | -1. | -1. ||  0. | -1. |  0. |
|  0. |  0. |  1. ||  0. |  1. | -1. ||  1. |  0. |  1. |
| -1. |  1. | -1. ||  0. |  0. | -1. ||  1. |  1. | -1. |


state to eval, currenty is playerone turn=true

|  0. |  0. |  0. ||  1. |  1. |  0. ||  0. |  0. |  0. |
|  0. |  0. | -1. || -1. |  0. |  0. || -1. |  0. |  0. |
| -1. | -1. |  0. ||  1. |  1. |  1. || -1. |  1. |  0. |
|=====+=====+=====||=====+=====+=====||=====+=====+=====|
|  0. |  0. |  0. ||* 0. |*-1. |* 0. ||  1. | -1. |  1. |
|  1. | -1. |  1. ||*-1. |* 0. |* 0. ||  0. |  1. | -1. |
|  0. |  1. | -1. ||* 0. |* 0. |* 0. ||  0. |  0. |  1. |
|=====+=====+=====||=====+=====+=====||=====+=====+=====|
|  1. | -1. |  0. ||  0. | -1. | -1. ||  0. | -1. |  0. |
|  0. |  0. |  1. ||  0. |  1. | -1. ||  1. |  0. |  1. |
| -1. |  1. | -1. ||  0. |  0. | -1. ||  1. |  1. | -1. |


Determined best move using: 67517Iterations
current State

|  0. |  0. |  0. ||  1. |  1. |  0. ||  0. |  0. |  0. |
|  0. |  0. | -1. || -1. |  0. |  0. || -1. |  0. |  0. |
| -1. | -1. |  0. ||  1. |  1. |  1. || -1. |  1. |  0. |
|=====+=====+=====||=====+=====+=====||=====+=====+=====|
|  0. |  0. |  0. ||  0. | -1. |  0. ||  1. | -1. |  1. |
|  1. | -1. |  1. || -1. |  0. |  0. ||  0. |  1. | -1. |
|  0. |  1. | -1. ||  1. |  0. |  0. ||  0. |  0. |  1. |
|=====+=====+=====||=====+=====+=====||=====+=====+=====|
|* 1. |*-1. |* 0. ||  0. | -1. | -1. ||  0. | -1. |  0. |
|* 0. |* 0. |* 1. ||  0. |  1. | -1. ||  1. |  0. |  1. |
|*-1. |* 1. |*-1. ||  0. |  0. | -1. ||  1. |  1. | -1. |


state to eval, currenty is playerone turn=false

| -0. | -0. | -0. || -1. | -1. | -0. || -0. | -0. | -0. |
| -0. | -0. |  1. ||  1. | -0. | -0. ||  1. | -0. | -0. |
|  1. |  1. | -0. || -1. | -1. | -1. ||  1. | -1. | -0. |
|=====+=====+=====||=====+=====+=====||=====+=====+=====|
| -0. | -0. | -0. || -0. |  1. | -0. || -1. |  1. | -1. |
| -1. |  1. | -1. ||  1. | -0. | -0. || -0. | -1. |  1. |
| -0. | -1. |  1. || -1. | -0. | -0. || -0. | -0. | -1. |
|=====+=====+=====||=====+=====+=====||=====+=====+=====|
|*-1. |* 1. |*-0. || -0. |  1. |  1. || -0. |  1. | -0. |
|*-0. |*-0. |*-1. || -0. | -1. |  1. || -1. | -0. | -1. |
|* 1. |*-1. |* 1. || -0. | -0. |  1. || -1. | -1. |  1. |


Determined best move using: 66861Iterations
current State

|  0. |  0. |  0. ||  1. |  1. |  0. ||  0. |  0. |  0. |
|  0. |  0. | -1. || -1. |  0. |  0. || -1. |  0. |  0. |
| -1. | -1. |  0. ||  1. |  1. |  1. || -1. |  1. |  0. |
|=====+=====+=====||=====+=====+=====||=====+=====+=====|
|* 0. |* 0. |* 0. ||  0. | -1. |  0. ||  1. | -1. |  1. |
|* 1. |*-1. |* 1. || -1. |  0. |  0. ||  0. |  1. | -1. |
|* 0. |* 1. |*-1. ||  1. |  0. |  0. ||  0. |  0. |  1. |
|=====+=====+=====||=====+=====+=====||=====+=====+=====|
|  1. | -1. |  0. ||  0. | -1. | -1. ||  0. | -1. |  0. |
| -1. |  0. |  1. ||  0. |  1. | -1. ||  1. |  0. |  1. |
| -1. |  1. | -1. ||  0. |  0. | -1. ||  1. |  1. | -1. |


state to eval, currenty is playerone turn=true

|  0. |  0. |  0. ||  1. |  1. |  0. ||  0. |  0. |  0. |
|  0. |  0. | -1. || -1. |  0. |  0. || -1. |  0. |  0. |
| -1. | -1. |  0. ||  1. |  1. |  1. || -1. |  1. |  0. |
|=====+=====+=====||=====+=====+=====||=====+=====+=====|
|* 0. |* 0. |* 0. ||  0. | -1. |  0. ||  1. | -1. |  1. |
|* 1. |*-1. |* 1. || -1. |  0. |  0. ||  0. |  1. | -1. |
|* 0. |* 1. |*-1. ||  1. |  0. |  0. ||  0. |  0. |  1. |
|=====+=====+=====||=====+=====+=====||=====+=====+=====|
|  1. | -1. |  0. ||  0. | -1. | -1. ||  0. | -1. |  0. |
| -1. |  0. |  1. ||  0. |  1. | -1. ||  1. |  0. |  1. |
| -1. |  1. | -1. ||  0. |  0. | -1. ||  1. |  1. | -1. |


Determined best move using: 69338Iterations
current State

|  0. |  0. |  0. ||  1. |  1. |  0. ||  0. |  0. |  0. |
|  0. |  0. | -1. || -1. |  0. |  0. || -1. |  0. |  0. |
| -1. | -1. |  0. ||  1. |  1. |  1. || -1. |  1. |  0. |
|=====+=====+=====||=====+=====+=====||=====+=====+=====|
|  0. |  0. |  0. ||  0. | -1. |  0. ||  1. | -1. |  1. |
|  1. | -1. |  1. || -1. |  0. |  0. ||  0. |  1. | -1. |
|  1. |  1. | -1. ||  1. |  0. |  0. ||  0. |  0. |  1. |
|=====+=====+=====||=====+=====+=====||=====+=====+=====|
|* 1. |*-1. |* 0. ||  0. | -1. | -1. ||  0. | -1. |  0. |
|*-1. |* 0. |* 1. ||  0. |  1. | -1. ||  1. |  0. |  1. |
|*-1. |* 1. |*-1. ||  0. |  0. | -1. ||  1. |  1. | -1. |


state to eval, currenty is playerone turn=false

| -0. | -0. | -0. || -1. | -1. | -0. || -0. | -0. | -0. |
| -0. | -0. |  1. ||  1. | -0. | -0. ||  1. | -0. | -0. |
|  1. |  1. | -0. || -1. | -1. | -1. ||  1. | -1. | -0. |
|=====+=====+=====||=====+=====+=====||=====+=====+=====|
| -0. | -0. | -0. || -0. |  1. | -0. || -1. |  1. | -1. |
| -1. |  1. | -1. ||  1. | -0. | -0. || -0. | -1. |  1. |
| -1. | -1. |  1. || -1. | -0. | -0. || -0. | -0. | -1. |
|=====+=====+=====||=====+=====+=====||=====+=====+=====|
|*-1. |* 1. |*-0. || -0. |  1. |  1. || -0. |  1. | -0. |
|* 1. |*-0. |*-1. || -0. | -1. |  1. || -1. | -0. | -1. |
|* 1. |*-1. |* 1. || -0. | -0. |  1. || -1. | -1. |  1. |


Determined best move using: 67854Iterations
current State

|  0. |  0. |  0. ||  1. |  1. |  0. ||* 0. |* 0. |* 0. |
|  0. |  0. | -1. || -1. |  0. |  0. ||*-1. |* 0. |* 0. |
| -1. | -1. |  0. ||  1. |  1. |  1. ||*-1. |* 1. |* 0. |
|=====+=====+=====||=====+=====+=====||=====+=====+=====|
|  0. |  0. |  0. ||  0. | -1. |  0. ||  1. | -1. |  1. |
|  1. | -1. |  1. || -1. |  0. |  0. ||  0. |  1. | -1. |
|  1. |  1. | -1. ||  1. |  0. |  0. ||  0. |  0. |  1. |
|=====+=====+=====||=====+=====+=====||=====+=====+=====|
|  1. | -1. | -1. ||  0. | -1. | -1. ||  0. | -1. |  0. |
| -1. |  0. |  1. ||  0. |  1. | -1. ||  1. |  0. |  1. |
| -1. |  1. | -1. ||  0. |  0. | -1. ||  1. |  1. | -1. |


state to eval, currenty is playerone turn=true

|  0. |  0. |  0. ||  1. |  1. |  0. ||* 0. |* 0. |* 0. |
|  0. |  0. | -1. || -1. |  0. |  0. ||*-1. |* 0. |* 0. |
| -1. | -1. |  0. ||  1. |  1. |  1. ||*-1. |* 1. |* 0. |
|=====+=====+=====||=====+=====+=====||=====+=====+=====|
|  0. |  0. |  0. ||  0. | -1. |  0. ||  1. | -1. |  1. |
|  1. | -1. |  1. || -1. |  0. |  0. ||  0. |  1. | -1. |
|  1. |  1. | -1. ||  1. |  0. |  0. ||  0. |  0. |  1. |
|=====+=====+=====||=====+=====+=====||=====+=====+=====|
|  1. | -1. | -1. ||  0. | -1. | -1. ||  0. | -1. |  0. |
| -1. |  0. |  1. ||  0. |  1. | -1. ||  1. |  0. |  1. |
| -1. |  1. | -1. ||  0. |  0. | -1. ||  1. |  1. | -1. |


Determined best move using: 68728Iterations
current State

|  0. |  0. |  0. ||  1. |  1. |  0. ||  0. |  0. |  0. |
|  0. |  0. | -1. || -1. |  0. |  0. || -1. |  1. |  0. |
| -1. | -1. |  0. ||  1. |  1. |  1. || -1. |  1. |  0. |
|=====+=====+=====||=====+=====+=====||=====+=====+=====|
|  0. |  0. |  0. ||* 0. |*-1. |* 0. ||  1. | -1. |  1. |
|  1. | -1. |  1. ||*-1. |* 0. |* 0. ||  0. |  1. | -1. |
|  1. |  1. | -1. ||* 1. |* 0. |* 0. ||  0. |  0. |  1. |
|=====+=====+=====||=====+=====+=====||=====+=====+=====|
|  1. | -1. | -1. ||  0. | -1. | -1. ||  0. | -1. |  0. |
| -1. |  0. |  1. ||  0. |  1. | -1. ||  1. |  0. |  1. |
| -1. |  1. | -1. ||  0. |  0. | -1. ||  1. |  1. | -1. |


state to eval, currenty is playerone turn=false

| -0. | -0. | -0. || -1. | -1. | -0. || -0. | -0. | -0. |
| -0. | -0. |  1. ||  1. | -0. | -0. ||  1. | -1. | -0. |
|  1. |  1. | -0. || -1. | -1. | -1. ||  1. | -1. | -0. |
|=====+=====+=====||=====+=====+=====||=====+=====+=====|
| -0. | -0. | -0. ||*-0. |* 1. |*-0. || -1. |  1. | -1. |
| -1. |  1. | -1. ||* 1. |*-0. |*-0. || -0. | -1. |  1. |
| -1. | -1. |  1. ||*-1. |*-0. |*-0. || -0. | -0. | -1. |
|=====+=====+=====||=====+=====+=====||=====+=====+=====|
| -1. |  1. |  1. || -0. |  1. |  1. || -0. |  1. | -0. |
|  1. | -0. | -1. || -0. | -1. |  1. || -1. | -0. | -1. |
|  1. | -1. |  1. || -0. | -0. |  1. || -1. | -1. |  1. |


Determined best move using: 69961Iterations
current State

|  0. |  0. |  0. ||  1. |  1. |  0. ||  0. |  0. |  0. |
|  0. |  0. | -1. || -1. |  0. |  0. || -1. |  1. |  0. |
| -1. | -1. |  0. ||  1. |  1. |  1. || -1. |  1. |  0. |
|=====+=====+=====||=====+=====+=====||=====+=====+=====|
|  0. |  0. |  0. ||  0. | -1. |  0. ||  1. | -1. |  1. |
|  1. | -1. |  1. || -1. |  0. |  0. ||  0. |  1. | -1. |
|  1. |  1. | -1. ||  1. |  0. | -1. ||  0. |  0. |  1. |
|=====+=====+=====||=====+=====+=====||=====+=====+=====|
|  1. | -1. | -1. ||  0. | -1. | -1. ||* 0. |*-1. |* 0. |
| -1. |  0. |  1. ||  0. |  1. | -1. ||* 1. |* 0. |* 1. |
| -1. |  1. | -1. ||  0. |  0. | -1. ||* 1. |* 1. |*-1. |


state to eval, currenty is playerone turn=true

|  0. |  0. |  0. ||  1. |  1. |  0. ||  0. |  0. |  0. |
|  0. |  0. | -1. || -1. |  0. |  0. || -1. |  1. |  0. |
| -1. | -1. |  0. ||  1. |  1. |  1. || -1. |  1. |  0. |
|=====+=====+=====||=====+=====+=====||=====+=====+=====|
|  0. |  0. |  0. ||  0. | -1. |  0. ||  1. | -1. |  1. |
|  1. | -1. |  1. || -1. |  0. |  0. ||  0. |  1. | -1. |
|  1. |  1. | -1. ||  1. |  0. | -1. ||  0. |  0. |  1. |
|=====+=====+=====||=====+=====+=====||=====+=====+=====|
|  1. | -1. | -1. ||  0. | -1. | -1. ||* 0. |*-1. |* 0. |
| -1. |  0. |  1. ||  0. |  1. | -1. ||* 1. |* 0. |* 1. |
| -1. |  1. | -1. ||  0. |  0. | -1. ||* 1. |* 1. |*-1. |


Determined best move using: 71177Iterations
current State

|* 0. |* 0. |* 0. ||  1. |  1. |  0. ||  0. |  0. |  0. |
|* 0. |* 0. |*-1. || -1. |  0. |  0. || -1. |  1. |  0. |
|*-1. |*-1. |* 0. ||  1. |  1. |  1. || -1. |  1. |  0. |
|=====+=====+=====||=====+=====+=====||=====+=====+=====|
|  0. |  0. |  0. ||  0. | -1. |  0. ||  1. | -1. |  1. |
|  1. | -1. |  1. || -1. |  0. |  0. ||  0. |  1. | -1. |
|  1. |  1. | -1. ||  1. |  0. | -1. ||  0. |  0. |  1. |
|=====+=====+=====||=====+=====+=====||=====+=====+=====|
|  1. | -1. | -1. ||  0. | -1. | -1. ||  1. | -1. |  0. |
| -1. |  0. |  1. ||  0. |  1. | -1. ||  1. |  0. |  1. |
| -1. |  1. | -1. ||  0. |  0. | -1. ||  1. |  1. | -1. |


state to eval, currenty is playerone turn=false

|*-0. |*-0. |*-0. || -1. | -1. | -0. || -0. | -0. | -0. |
|*-0. |*-0. |* 1. ||  1. | -0. | -0. ||  1. | -1. | -0. |
|* 1. |* 1. |*-0. || -1. | -1. | -1. ||  1. | -1. | -0. |
|=====+=====+=====||=====+=====+=====||=====+=====+=====|
| -0. | -0. | -0. || -0. |  1. | -0. || -1. |  1. | -1. |
| -1. |  1. | -1. ||  1. | -0. | -0. || -0. | -1. |  1. |
| -1. | -1. |  1. || -1. | -0. |  1. || -0. | -0. | -1. |
|=====+=====+=====||=====+=====+=====||=====+=====+=====|
| -1. |  1. |  1. || -0. |  1. |  1. || -1. |  1. | -0. |
|  1. | -0. | -1. || -0. | -1. |  1. || -1. | -0. | -1. |
|  1. | -1. |  1. || -0. | -0. |  1. || -1. | -1. |  1. |


Determined best move using: 75427Iterations
current State

|  0. |  0. |  0. ||  1. |  1. |  0. ||* 0. |* 0. |* 0. |
|  0. |  0. | -1. || -1. |  0. |  0. ||*-1. |* 1. |* 0. |
| -1. | -1. | -1. ||  1. |  1. |  1. ||*-1. |* 1. |* 0. |
|=====+=====+=====||=====+=====+=====||=====+=====+=====|
|* 0. |* 0. |* 0. ||* 0. |*-1. |* 0. ||  1. | -1. |  1. |
|* 1. |*-1. |* 1. ||*-1. |* 0. |* 0. ||  0. |  1. | -1. |
|* 1. |* 1. |*-1. ||* 1. |* 0. |*-1. ||  0. |  0. |  1. |
|=====+=====+=====||=====+=====+=====||=====+=====+=====|
|* 1. |*-1. |*-1. ||  0. | -1. | -1. ||  1. | -1. |  0. |
|*-1. |* 0. |* 1. ||  0. |  1. | -1. ||  1. |  0. |  1. |
|*-1. |* 1. |*-1. ||  0. |  0. | -1. ||  1. |  1. | -1. |


state to eval, currenty is playerone turn=true

|  0. |  0. |  0. ||  1. |  1. |  0. ||* 0. |* 0. |* 0. |
|  0. |  0. | -1. || -1. |  0. |  0. ||*-1. |* 1. |* 0. |
| -1. | -1. | -1. ||  1. |  1. |  1. ||*-1. |* 1. |* 0. |
|=====+=====+=====||=====+=====+=====||=====+=====+=====|
|* 0. |* 0. |* 0. ||* 0. |*-1. |* 0. ||  1. | -1. |  1. |
|* 1. |*-1. |* 1. ||*-1. |* 0. |* 0. ||  0. |  1. | -1. |
|* 1. |* 1. |*-1. ||* 1. |* 0. |*-1. ||  0. |  0. |  1. |
|=====+=====+=====||=====+=====+=====||=====+=====+=====|
|* 1. |*-1. |*-1. ||  0. | -1. | -1. ||  1. | -1. |  0. |
|*-1. |* 0. |* 1. ||  0. |  1. | -1. ||  1. |  0. |  1. |
|*-1. |* 1. |*-1. ||  0. |  0. | -1. ||  1. |  1. | -1. |


Determined best move using: 77682Iterations
current State

|  0. |  0. |  0. ||  1. |  1. |  0. ||  0. |  1. |  0. |
|  0. |  0. | -1. || -1. |  0. |  0. || -1. |  1. |  0. |
| -1. | -1. | -1. ||  1. |  1. |  1. || -1. |  1. |  0. |
|=====+=====+=====||=====+=====+=====||=====+=====+=====|
|* 0. |* 0. |* 0. ||* 0. |*-1. |* 0. ||  1. | -1. |  1. |
|* 1. |*-1. |* 1. ||*-1. |* 0. |* 0. ||  0. |  1. | -1. |
|* 1. |* 1. |*-1. ||* 1. |* 0. |*-1. ||  0. |  0. |  1. |
|=====+=====+=====||=====+=====+=====||=====+=====+=====|
|* 1. |*-1. |*-1. ||  0. | -1. | -1. ||  1. | -1. |  0. |
|*-1. |* 0. |* 1. ||  0. |  1. | -1. ||  1. |  0. |  1. |
|*-1. |* 1. |*-1. ||  0. |  0. | -1. ||  1. |  1. | -1. |


Game ended in: 51 moves
Actual data created in graphical format: 
[StateDatum{MCTSProbabilites=
|  .0102 |  .0089 |  .0143 ||  .0118 |  .0134 |  .0135 ||  .0149 |  .0131 |  .0089 |
|  .0121 |  .0163 |  .0095 ||  .011 |  .0125 |  .0161 ||  .0087 |  .009 |  .0045 |
|  .0165 |  .012 |  .014 ||  .0155 |  .0159 |  .0183 ||  .0082 |  .0094 |  .0121 |
|========+========+========||========+========+========||========+========+========|
|  .0119 |  .0127 |  .0132 ||  .0128 |  .0075 |  .0102 ||  .018 |  .0116 |  .0202 |
|  .009 |  .0141 |  .0197 ||  .0181 |  .0089 |  .0092 ||  .0122 |  .0146 |  .0099 |
|  .0157 |  .0103 |  .0151 ||  .0071 |  .0062 |  .0092 ||  .0091 |  .0134 |  .0117 |
|========+========+========||========+========+========||========+========+========|
|  .0131 |  .0133 |  .0156 ||  .0093 |  .0115 |  .0131 ||  .0132 |  .011 |  .0169 |
|  .0154 |  .0106 |  .0174 ||  .0141 |  .0098 |  .0173 ||  .0143 |  .0126 |  .014 |
|  .0101 |  .0124 |  .0059 ||  .0116 |  .0091 |  .0085 ||  .0104 |  .0102 |  .0169 |

, state=
|* 0. |* 0. |* 0. ||* 0. |* 0. |* 0. ||* 0. |* 0. |* 0. |
|* 0. |* 0. |* 0. ||* 0. |* 0. |* 0. ||* 0. |* 0. |* 0. |
|* 0. |* 0. |* 0. ||* 0. |* 0. |* 0. ||* 0. |* 0. |* 0. |
|=====+=====+=====||=====+=====+=====||=====+=====+=====|
|* 0. |* 0. |* 0. ||* 0. |* 0. |* 0. ||* 0. |* 0. |* 0. |
|* 0. |* 0. |* 0. ||* 0. |* 0. |* 0. ||* 0. |* 0. |* 0. |
|* 0. |* 0. |* 0. ||* 0. |* 0. |* 0. ||* 0. |* 0. |* 0. |
|=====+=====+=====||=====+=====+=====||=====+=====+=====|
|* 0. |* 0. |* 0. ||* 0. |* 0. |* 0. ||* 0. |* 0. |* 0. |
|* 0. |* 0. |* 0. ||* 0. |* 0. |* 0. ||* 0. |* 0. |* 0. |
|* 0. |* 0. |* 0. ||* 0. |* 0. |* 0. ||* 0. |* 0. |* 0. |

, evalForThisState=1.0, isPlayerOneTurnOriginally=true}, StateDatum{MCTSProbabilites=
|  .0 |  .0 |  .0 ||  .0 |  .0 |  .0 ||  .0402 |  .0599 |  .0536 |
|  .0 |  .0 |  .0 ||  .0 |  .0 |  .0 ||  .0679 |  .0856 |  .0702 |
|  .0 |  .0 |  .0 ||  .0 |  .0 |  .0 ||  .4887 |  .0733 |  .0606 |
|========+========+========||========+========+========||========+========+========|
|  .0 |  .0 |  .0 ||  .0 |  .0 |  .0 ||  .0 |  .0 |  .0 |
|  .0 |  .0 |  .0 ||  .0 |  .0 |  .0 ||  .0 |  .0 |  .0 |
|  .0 |  .0 |  .0 ||  .0 |  .0 |  .0 ||  .0 |  .0 |  .0 |
|========+========+========||========+========+========||========+========+========|
|  .0 |  .0 |  .0 ||  .0 |  .0 |  .0 ||  .0 |  .0 |  .0 |
|  .0 |  .0 |  .0 ||  .0 |  .0 |  .0 ||  .0 |  .0 |  .0 |
|  .0 |  .0 |  .0 ||  .0 |  .0 |  .0 ||  .0 |  .0 |  .0 |

, state=
| -0. | -0. | -0. || -0. | -0. | -0. ||*-0. |*-0. |*-0. |
| -0. | -0. | -0. || -0. | -0. | -0. ||*-0. |*-0. |*-0. |
| -0. | -0. | -0. || -0. | -0. | -0. ||*-0. |*-0. |*-0. |
|=====+=====+=====||=====+=====+=====||=====+=====+=====|
| -0. | -0. | -0. || -0. | -0. | -0. || -0. | -0. | -1. |
| -0. | -0. | -0. || -0. | -0. | -0. || -0. | -0. | -0. |
| -0. | -0. | -0. || -0. | -0. | -0. || -0. | -0. | -0. |
|=====+=====+=====||=====+=====+=====||=====+=====+=====|
| -0. | -0. | -0. || -0. | -0. | -0. || -0. | -0. | -0. |
| -0. | -0. | -0. || -0. | -0. | -0. || -0. | -0. | -0. |
| -0. | -0. | -0. || -0. | -0. | -0. || -0. | -0. | -0. |

, evalForThisState=-1.0, isPlayerOneTurnOriginally=false}, StateDatum{MCTSProbabilites=
|  .0 |  .0 |  .0 ||  .0 |  .0 |  .0 ||  .0 |  .0 |  .0 |
|  .0 |  .0 |  .0 ||  .0 |  .0 |  .0 ||  .0 |  .0 |  .0 |
|  .0 |  .0 |  .0 ||  .0 |  .0 |  .0 ||  .0 |  .0 |  .0 |
|========+========+========||========+========+========||========+========+========|
|  .0 |  .0 |  .0 ||  .0 |  .0 |  .0 ||  .0 |  .0 |  .0 |
|  .0 |  .0 |  .0 ||  .0 |  .0 |  .0 ||  .0 |  .0 |  .0 |
|  .0 |  .0 |  .0 ||  .0 |  .0 |  .0 ||  .0 |  .0 |  .0 |
|========+========+========||========+========+========||========+========+========|
|  .037 |  .0965 |  .065 ||  .0 |  .0 |  .0 ||  .0 |  .0 |  .0 |
|  .0482 |  .1049 |  .3009 ||  .0 |  .0 |  .0 ||  .0 |  .0 |  .0 |
|  .0609 |  .0735 |  .2132 ||  .0 |  .0 |  .0 ||  .0 |  .0 |  .0 |

, state=
|  0. |  0. |  0. ||  0. |  0. |  0. ||  0. |  0. |  0. |
|  0. |  0. |  0. ||  0. |  0. |  0. ||  0. |  0. |  0. |
|  0. |  0. |  0. ||  0. |  0. |  0. || -1. |  0. |  0. |
|=====+=====+=====||=====+=====+=====||=====+=====+=====|
|  0. |  0. |  0. ||  0. |  0. |  0. ||  0. |  0. |  1. |
|  0. |  0. |  0. ||  0. |  0. |  0. ||  0. |  0. |  0. |
|  0. |  0. |  0. ||  0. |  0. |  0. ||  0. |  0. |  0. |
|=====+=====+=====||=====+=====+=====||=====+=====+=====|
|* 0. |* 0. |* 0. ||  0. |  0. |  0. ||  0. |  0. |  0. |
|* 0. |* 0. |* 0. ||  0. |  0. |  0. ||  0. |  0. |  0. |
|* 0. |* 0. |* 0. ||  0. |  0. |  0. ||  0. |  0. |  0. |

, evalForThisState=1.0, isPlayerOneTurnOriginally=true}, StateDatum{MCTSProbabilites=
|  .0 |  .0 |  .0 ||  .0 |  .0 |  .0 ||  .0 |  .0 |  .0 |
|  .0 |  .0 |  .0 ||  .0 |  .0 |  .0 ||  .0 |  .0 |  .0 |
|  .0 |  .0 |  .0 ||  .0 |  .0 |  .0 ||  .0 |  .0 |  .0 |
|========+========+========||========+========+========||========+========+========|
|  .0 |  .0 |  .0 ||  .0 |  .0 |  .0 ||  .0451 |  .3629 |  .0 |
|  .0 |  .0 |  .0 ||  .0 |  .0 |  .0 ||  .0588 |  .0478 |  .3092 |
|  .0 |  .0 |  .0 ||  .0 |  .0 |  .0 ||  .0596 |  .0676 |  .049 |
|========+========+========||========+========+========||========+========+========|
|  .0 |  .0 |  .0 ||  .0 |  .0 |  .0 ||  .0 |  .0 |  .0 |
|  .0 |  .0 |  .0 ||  .0 |  .0 |  .0 ||  .0 |  .0 |  .0 |
|  .0 |  .0 |  .0 ||  .0 |  .0 |  .0 ||  .0 |  .0 |  .0 |

, state=
| -0. | -0. | -0. || -0. | -0. | -0. || -0. | -0. | -0. |
| -0. | -0. | -0. || -0. | -0. | -0. || -0. | -0. | -0. |
| -0. | -0. | -0. || -0. | -0. | -0. ||  1. | -0. | -0. |
|=====+=====+=====||=====+=====+=====||=====+=====+=====|
| -0. | -0. | -0. || -0. | -0. | -0. ||*-0. |*-0. |*-1. |
| -0. | -0. | -0. || -0. | -0. | -0. ||*-0. |*-0. |*-0. |
| -0. | -0. | -0. || -0. | -0. | -0. ||*-0. |*-0. |*-0. |
|=====+=====+=====||=====+=====+=====||=====+=====+=====|
| -0. | -0. | -0. || -0. | -0. | -0. || -0. | -0. | -0. |
| -0. | -0. | -1. || -0. | -0. | -0. || -0. | -0. | -0. |
| -0. | -0. | -0. || -0. | -0. | -0. || -0. | -0. | -0. |

, evalForThisState=-1.0, isPlayerOneTurnOriginally=false}, StateDatum{MCTSProbabilites=
|  .0 |  .0 |  .0 ||  .0517 |  .0675 |  .0613 ||  .0 |  .0 |  .0 |
|  .0 |  .0 |  .0 ||  .0807 |  .0862 |  .0495 ||  .0 |  .0 |  .0 |
|  .0 |  .0 |  .0 ||  .4607 |  .0854 |  .057 ||  .0 |  .0 |  .0 |
|========+========+========||========+========+========||========+========+========|
|  .0 |  .0 |  .0 ||  .0 |  .0 |  .0 ||  .0 |  .0 |  .0 |
|  .0 |  .0 |  .0 ||  .0 |  .0 |  .0 ||  .0 |  .0 |  .0 |
|  .0 |  .0 |  .0 ||  .0 |  .0 |  .0 ||  .0 |  .0 |  .0 |
|========+========+========||========+========+========||========+========+========|
|  .0 |  .0 |  .0 ||  .0 |  .0 |  .0 ||  .0 |  .0 |  .0 |
|  .0 |  .0 |  .0 ||  .0 |  .0 |  .0 ||  .0 |  .0 |  .0 |
|  .0 |  .0 |  .0 ||  .0 |  .0 |  .0 ||  .0 |  .0 |  .0 |

, state=
|  0. |  0. |  0. ||* 0. |* 0. |* 0. ||  0. |  0. |  0. |
|  0. |  0. |  0. ||* 0. |* 0. |* 0. ||  0. |  0. |  0. |
|  0. |  0. |  0. ||* 0. |* 0. |* 0. || -1. |  0. |  0. |
|=====+=====+=====||=====+=====+=====||=====+=====+=====|
|  0. |  0. |  0. ||  0. |  0. |  0. ||  0. | -1. |  1. |
|  0. |  0. |  0. ||  0. |  0. |  0. ||  0. |  0. |  0. |
|  0. |  0. |  0. ||  0. |  0. |  0. ||  0. |  0. |  0. |
|=====+=====+=====||=====+=====+=====||=====+=====+=====|
|  0. |  0. |  0. ||  0. |  0. |  0. ||  0. |  0. |  0. |
|  0. |  0. |  1. ||  0. |  0. |  0. ||  0. |  0. |  0. |
|  0. |  0. |  0. ||  0. |  0. |  0. ||  0. |  0. |  0. |

, evalForThisState=1.0, isPlayerOneTurnOriginally=true}, StateDatum{MCTSProbabilites=
|  .0 |  .0 |  .0 ||  .0 |  .0 |  .0 ||  .0 |  .0 |  .0 |
|  .0 |  .0 |  .0 ||  .0 |  .0 |  .0 ||  .0 |  .0 |  .0 |
|  .0 |  .0 |  .0 ||  .0 |  .0 |  .0 ||  .0 |  .0 |  .0 |
|========+========+========||========+========+========||========+========+========|
|  .0 |  .0 |  .0 ||  .0 |  .0 |  .0 ||  .0 |  .0 |  .0 |
|  .0 |  .0 |  .0 ||  .0 |  .0 |  .0 ||  .0 |  .0 |  .0 |
|  .0 |  .0 |  .0 ||  .0 |  .0 |  .0 ||  .0 |  .0 |  .0 |
|========+========+========||========+========+========||========+========+========|
|  .1038 |  .4012 |  .0783 ||  .0 |  .0 |  .0 ||  .0 |  .0 |  .0 |
|  .1394 |  .0578 |  .0 ||  .0 |  .0 |  .0 ||  .0 |  .0 |  .0 |
|  .0759 |  .0727 |  .071 ||  .0 |  .0 |  .0 ||  .0 |  .0 |  .0 |

, state=
| -0. | -0. | -0. || -0. | -0. | -0. || -0. | -0. | -0. |
| -0. | -0. | -0. || -0. | -0. | -0. || -0. | -0. | -0. |
| -0. | -0. | -0. || -1. | -0. | -0. ||  1. | -0. | -0. |
|=====+=====+=====||=====+=====+=====||=====+=====+=====|
| -0. | -0. | -0. || -0. | -0. | -0. || -0. |  1. | -1. |
| -0. | -0. | -0. || -0. | -0. | -0. || -0. | -0. | -0. |
| -0. | -0. | -0. || -0. | -0. | -0. || -0. | -0. | -0. |
|=====+=====+=====||=====+=====+=====||=====+=====+=====|
|*-0. |*-0. |*-0. || -0. | -0. | -0. || -0. | -0. | -0. |
|*-0. |*-0. |*-1. || -0. | -0. | -0. || -0. | -0. | -0. |
|*-0. |*-0. |*-0. || -0. | -0. | -0. || -0. | -0. | -0. |

, evalForThisState=-1.0, isPlayerOneTurnOriginally=false}, StateDatum{MCTSProbabilites=
|  .0 |  .0 |  .0 ||  .0478 |  .2489 |  .0558 ||  .0 |  .0 |  .0 |
|  .0 |  .0 |  .0 ||  .0623 |  .1269 |  .1174 ||  .0 |  .0 |  .0 |
|  .0 |  .0 |  .0 ||  .0 |  .292 |  .0489 ||  .0 |  .0 |  .0 |
|========+========+========||========+========+========||========+========+========|
|  .0 |  .0 |  .0 ||  .0 |  .0 |  .0 ||  .0 |  .0 |  .0 |
|  .0 |  .0 |  .0 ||  .0 |  .0 |  .0 ||  .0 |  .0 |  .0 |
|  .0 |  .0 |  .0 ||  .0 |  .0 |  .0 ||  .0 |  .0 |  .0 |
|========+========+========||========+========+========||========+========+========|
|  .0 |  .0 |  .0 ||  .0 |  .0 |  .0 ||  .0 |  .0 |  .0 |
|  .0 |  .0 |  .0 ||  .0 |  .0 |  .0 ||  .0 |  .0 |  .0 |
|  .0 |  .0 |  .0 ||  .0 |  .0 |  .0 ||  .0 |  .0 |  .0 |

, state=
|  0. |  0. |  0. ||* 0. |* 0. |* 0. ||  0. |  0. |  0. |
|  0. |  0. |  0. ||* 0. |* 0. |* 0. ||  0. |  0. |  0. |
|  0. |  0. |  0. ||* 1. |* 0. |* 0. || -1. |  0. |  0. |
|=====+=====+=====||=====+=====+=====||=====+=====+=====|
|  0. |  0. |  0. ||  0. |  0. |  0. ||  0. | -1. |  1. |
|  0. |  0. |  0. ||  0. |  0. |  0. ||  0. |  0. |  0. |
|  0. |  0. |  0. ||  0. |  0. |  0. ||  0. |  0. |  0. |
|=====+=====+=====||=====+=====+=====||=====+=====+=====|
|  0. | -1. |  0. ||  0. |  0. |  0. ||  0. |  0. |  0. |
|  0. |  0. |  1. ||  0. |  0. |  0. ||  0. |  0. |  0. |
|  0. |  0. |  0. ||  0. |  0. |  0. ||  0. |  0. |  0. |

, evalForThisState=1.0, isPlayerOneTurnOriginally=true}, StateDatum{MCTSProbabilites=
|  .0 |  .0 |  .0 ||  .0 |  .0 |  .0 ||  .0 |  .0 |  .0 |
|  .0 |  .0 |  .0 ||  .0 |  .0 |  .0 ||  .0 |  .0 |  .0 |
|  .0 |  .0 |  .0 ||  .0 |  .0 |  .0 ||  .0 |  .0 |  .0 |
|========+========+========||========+========+========||========+========+========|
|  .0 |  .0 |  .0 ||  .0 |  .0 |  .0 ||  .0 |  .0 |  .0 |
|  .0 |  .0 |  .0 ||  .0 |  .0 |  .0 ||  .0 |  .0 |  .0 |
|  .0 |  .0 |  .0 ||  .0 |  .0 |  .0 ||  .0 |  .0 |  .0 |
|========+========+========||========+========+========||========+========+========|
|  .0 |  .0 |  .0 ||  .0581 |  .1859 |  .4138 ||  .0 |  .0 |  .0 |
|  .0 |  .0 |  .0 ||  .0589 |  .0561 |  .0647 ||  .0 |  .0 |  .0 |
|  .0 |  .0 |  .0 ||  .0346 |  .0699 |  .0579 ||  .0 |  .0 |  .0 |

, state=
| -0. | -0. | -0. || -0. | -0. | -0. || -0. | -0. | -0. |
| -0. | -0. | -0. || -0. | -0. | -0. || -0. | -0. | -0. |
| -0. | -0. | -0. || -1. | -1. | -0. ||  1. | -0. | -0. |
|=====+=====+=====||=====+=====+=====||=====+=====+=====|
| -0. | -0. | -0. || -0. | -0. | -0. || -0. |  1. | -1. |
| -0. | -0. | -0. || -0. | -0. | -0. || -0. | -0. | -0. |
| -0. | -0. | -0. || -0. | -0. | -0. || -0. | -0. | -0. |
|=====+=====+=====||=====+=====+=====||=====+=====+=====|
| -0. |  1. | -0. ||*-0. |*-0. |*-0. || -0. | -0. | -0. |
| -0. | -0. | -1. ||*-0. |*-0. |*-0. || -0. | -0. | -0. |
| -0. | -0. | -0. ||*-0. |*-0. |*-0. || -0. | -0. | -0. |

, evalForThisState=-1.0, isPlayerOneTurnOriginally=false}, StateDatum{MCTSProbabilites=
|  .0 |  .0 |  .0 ||  .0 |  .0 |  .0 ||  .0441 |  .1605 |  .0891 |
|  .0 |  .0 |  .0 ||  .0 |  .0 |  .0 ||  .0616 |  .0853 |  .1707 |
|  .0 |  .0 |  .0 ||  .0 |  .0 |  .0 ||  .0 |  .3491 |  .0395 |
|========+========+========||========+========+========||========+========+========|
|  .0 |  .0 |  .0 ||  .0 |  .0 |  .0 ||  .0 |  .0 |  .0 |
|  .0 |  .0 |  .0 ||  .0 |  .0 |  .0 ||  .0 |  .0 |  .0 |
|  .0 |  .0 |  .0 ||  .0 |  .0 |  .0 ||  .0 |  .0 |  .0 |
|========+========+========||========+========+========||========+========+========|
|  .0 |  .0 |  .0 ||  .0 |  .0 |  .0 ||  .0 |  .0 |  .0 |
|  .0 |  .0 |  .0 ||  .0 |  .0 |  .0 ||  .0 |  .0 |  .0 |
|  .0 |  .0 |  .0 ||  .0 |  .0 |  .0 ||  .0 |  .0 |  .0 |

, state=
|  0. |  0. |  0. ||  0. |  0. |  0. ||* 0. |* 0. |* 0. |
|  0. |  0. |  0. ||  0. |  0. |  0. ||* 0. |* 0. |* 0. |
|  0. |  0. |  0. ||  1. |  1. |  0. ||*-1. |* 0. |* 0. |
|=====+=====+=====||=====+=====+=====||=====+=====+=====|
|  0. |  0. |  0. ||  0. |  0. |  0. ||  0. | -1. |  1. |
|  0. |  0. |  0. ||  0. |  0. |  0. ||  0. |  0. |  0. |
|  0. |  0. |  0. ||  0. |  0. |  0. ||  0. |  0. |  0. |
|=====+=====+=====||=====+=====+=====||=====+=====+=====|
|  0. | -1. |  0. ||  0. |  0. | -1. ||  0. |  0. |  0. |
|  0. |  0. |  1. ||  0. |  0. |  0. ||  0. |  0. |  0. |
|  0. |  0. |  0. ||  0. |  0. |  0. ||  0. |  0. |  0. |

, evalForThisState=1.0, isPlayerOneTurnOriginally=true}, StateDatum{MCTSProbabilites=
|  .0 |  .0 |  .0 ||  .0 |  .0 |  .0 ||  .0 |  .0 |  .0 |
|  .0 |  .0 |  .0 ||  .0 |  .0 |  .0 ||  .0 |  .0 |  .0 |
|  .0 |  .0 |  .0 ||  .0 |  .0 |  .0 ||  .0 |  .0 |  .0 |
|========+========+========||========+========+========||========+========+========|
|  .0 |  .0 |  .0 ||  .0 |  .0 |  .0 ||  .0 |  .0 |  .0 |
|  .0 |  .0 |  .0 ||  .0 |  .0 |  .0 ||  .0 |  .0 |  .0 |
|  .0 |  .0 |  .0 ||  .0 |  .0 |  .0 ||  .0 |  .0 |  .0 |
|========+========+========||========+========+========||========+========+========|
|  .0 |  .0 |  .0 ||  .0363 |  .0714 |  .0 ||  .0 |  .0 |  .0 |
|  .0 |  .0 |  .0 ||  .0336 |  .0733 |  .0472 ||  .0 |  .0 |  .0 |
|  .0 |  .0 |  .0 ||  .0975 |  .285 |  .3556 ||  .0 |  .0 |  .0 |

, state=
| -0. | -0. | -0. || -0. | -0. | -0. || -0. | -0. | -0. |
| -0. | -0. | -0. || -0. | -0. | -0. || -0. | -0. | -0. |
| -0. | -0. | -0. || -1. | -1. | -0. ||  1. | -1. | -0. |
|=====+=====+=====||=====+=====+=====||=====+=====+=====|
| -0. | -0. | -0. || -0. | -0. | -0. || -0. |  1. | -1. |
| -0. | -0. | -0. || -0. | -0. | -0. || -0. | -0. | -0. |
| -0. | -0. | -0. || -0. | -0. | -0. || -0. | -0. | -0. |
|=====+=====+=====||=====+=====+=====||=====+=====+=====|
| -0. |  1. | -0. ||*-0. |*-0. |* 1. || -0. | -0. | -0. |
| -0. | -0. | -1. ||*-0. |*-0. |*-0. || -0. | -0. | -0. |
| -0. | -0. | -0. ||*-0. |*-0. |*-0. || -0. | -0. | -0. |

, evalForThisState=-1.0, isPlayerOneTurnOriginally=false}, StateDatum{MCTSProbabilites=
|  .0 |  .0 |  .0 ||  .0 |  .0 |  .0 ||  .0 |  .0 |  .0 |
|  .0 |  .0 |  .0 ||  .0 |  .0 |  .0 ||  .0 |  .0 |  .0 |
|  .0 |  .0 |  .0 ||  .0 |  .0 |  .0 ||  .0 |  .0 |  .0 |
|========+========+========||========+========+========||========+========+========|
|  .0 |  .0 |  .0 ||  .0 |  .0 |  .0 ||  .0 |  .0 |  .0 |
|  .0 |  .0 |  .0 ||  .0 |  .0 |  .0 ||  .0 |  .0 |  .0 |
|  .0 |  .0 |  .0 ||  .0 |  .0 |  .0 ||  .0 |  .0 |  .0 |
|========+========+========||========+========+========||========+========+========|
|  .0 |  .0 |  .0 ||  .0 |  .0 |  .0 ||  .0571 |  .0647 |  .2165 |
|  .0 |  .0 |  .0 ||  .0 |  .0 |  .0 ||  .0574 |  .0592 |  .2644 |
|  .0 |  .0 |  .0 ||  .0 |  .0 |  .0 ||  .0599 |  .1684 |  .0523 |

, state=
|  0. |  0. |  0. ||  0. |  0. |  0. ||  0. |  0. |  0. |
|  0. |  0. |  0. ||  0. |  0. |  0. ||  0. |  0. |  0. |
|  0. |  0. |  0. ||  1. |  1. |  0. || -1. |  1. |  0. |
|=====+=====+=====||=====+=====+=====||=====+=====+=====|
|  0. |  0. |  0. ||  0. |  0. |  0. ||  0. | -1. |  1. |
|  0. |  0. |  0. ||  0. |  0. |  0. ||  0. |  0. |  0. |
|  0. |  0. |  0. ||  0. |  0. |  0. ||  0. |  0. |  0. |
|=====+=====+=====||=====+=====+=====||=====+=====+=====|
|  0. | -1. |  0. ||  0. |  0. | -1. ||* 0. |* 0. |* 0. |
|  0. |  0. |  1. ||  0. |  0. |  0. ||* 0. |* 0. |* 0. |
|  0. |  0. |  0. ||  0. |  0. | -1. ||* 0. |* 0. |* 0. |

, evalForThisState=1.0, isPlayerOneTurnOriginally=true}, StateDatum{MCTSProbabilites=
|  .0 |  .0 |  .0 ||  .0 |  .0 |  .0 ||  .0 |  .0 |  .0 |
|  .0 |  .0 |  .0 ||  .0 |  .0 |  .0 ||  .0 |  .0 |  .0 |
|  .0 |  .0 |  .0 ||  .0 |  .0 |  .0 ||  .0 |  .0 |  .0 |
|========+========+========||========+========+========||========+========+========|
|  .0 |  .0 |  .0 ||  .0 |  .0 |  .0 ||  .0413 |  .0 |  .0 |
|  .0 |  .0 |  .0 ||  .0 |  .0 |  .0 ||  .222 |  .2476 |  .2939 |
|  .0 |  .0 |  .0 ||  .0 |  .0 |  .0 ||  .0409 |  .1149 |  .0394 |
|========+========+========||========+========+========||========+========+========|
|  .0 |  .0 |  .0 ||  .0 |  .0 |  .0 ||  .0 |  .0 |  .0 |
|  .0 |  .0 |  .0 ||  .0 |  .0 |  .0 ||  .0 |  .0 |  .0 |
|  .0 |  .0 |  .0 ||  .0 |  .0 |  .0 ||  .0 |  .0 |  .0 |

, state=
| -0. | -0. | -0. || -0. | -0. | -0. || -0. | -0. | -0. |
| -0. | -0. | -0. || -0. | -0. | -0. || -0. | -0. | -0. |
| -0. | -0. | -0. || -1. | -1. | -0. ||  1. | -1. | -0. |
|=====+=====+=====||=====+=====+=====||=====+=====+=====|
| -0. | -0. | -0. || -0. | -0. | -0. ||*-0. |* 1. |*-1. |
| -0. | -0. | -0. || -0. | -0. | -0. ||*-0. |*-0. |*-0. |
| -0. | -0. | -0. || -0. | -0. | -0. ||*-0. |*-0. |*-0. |
|=====+=====+=====||=====+=====+=====||=====+=====+=====|
| -0. |  1. | -0. || -0. | -0. |  1. || -0. | -0. | -0. |
| -0. | -0. | -1. || -0. | -0. | -0. || -0. | -0. | -1. |
| -0. | -0. | -0. || -0. | -0. |  1. || -0. | -0. | -0. |

, evalForThisState=-1.0, isPlayerOneTurnOriginally=false}, StateDatum{MCTSProbabilites=
|  .0 |  .0 |  .0 ||  .0 |  .0 |  .0 ||  .0 |  .0 |  .0 |
|  .0 |  .0 |  .0 ||  .0 |  .0 |  .0 ||  .0 |  .0 |  .0 |
|  .0 |  .0 |  .0 ||  .0 |  .0 |  .0 ||  .0 |  .0 |  .0 |
|========+========+========||========+========+========||========+========+========|
|  .0 |  .0 |  .0 ||  .0 |  .0 |  .0 ||  .2751 |  .0 |  .0 |
|  .0 |  .0 |  .0 ||  .0 |  .0 |  .0 ||  .164 |  .1394 |  .0 |
|  .0 |  .0 |  .0 ||  .0 |  .0 |  .0 ||  .1672 |  .2062 |  .0482 |
|========+========+========||========+========+========||========+========+========|
|  .0 |  .0 |  .0 ||  .0 |  .0 |  .0 ||  .0 |  .0 |  .0 |
|  .0 |  .0 |  .0 ||  .0 |  .0 |  .0 ||  .0 |  .0 |  .0 |
|  .0 |  .0 |  .0 ||  .0 |  .0 |  .0 ||  .0 |  .0 |  .0 |

, state=
|  0. |  0. |  0. ||  0. |  0. |  0. ||  0. |  0. |  0. |
|  0. |  0. |  0. ||  0. |  0. |  0. ||  0. |  0. |  0. |
|  0. |  0. |  0. ||  1. |  1. |  0. || -1. |  1. |  0. |
|=====+=====+=====||=====+=====+=====||=====+=====+=====|
|  0. |  0. |  0. ||  0. |  0. |  0. ||* 0. |*-1. |* 1. |
|  0. |  0. |  0. ||  0. |  0. |  0. ||* 0. |* 0. |*-1. |
|  0. |  0. |  0. ||  0. |  0. |  0. ||* 0. |* 0. |* 0. |
|=====+=====+=====||=====+=====+=====||=====+=====+=====|
|  0. | -1. |  0. ||  0. |  0. | -1. ||  0. |  0. |  0. |
|  0. |  0. |  1. ||  0. |  0. |  0. ||  0. |  0. |  1. |
|  0. |  0. |  0. ||  0. |  0. | -1. ||  0. |  0. |  0. |

, evalForThisState=1.0, isPlayerOneTurnOriginally=true}, StateDatum{MCTSProbabilites=
|  .0636 |  .1183 |  .1373 ||  .0 |  .0 |  .0 ||  .0 |  .0 |  .0 |
|  .174 |  .0963 |  .1767 ||  .0 |  .0 |  .0 ||  .0 |  .0 |  .0 |
|  .1416 |  .0554 |  .0367 ||  .0 |  .0 |  .0 ||  .0 |  .0 |  .0 |
|========+========+========||========+========+========||========+========+========|
|  .0 |  .0 |  .0 ||  .0 |  .0 |  .0 ||  .0 |  .0 |  .0 |
|  .0 |  .0 |  .0 ||  .0 |  .0 |  .0 ||  .0 |  .0 |  .0 |
|  .0 |  .0 |  .0 ||  .0 |  .0 |  .0 ||  .0 |  .0 |  .0 |
|========+========+========||========+========+========||========+========+========|
|  .0 |  .0 |  .0 ||  .0 |  .0 |  .0 ||  .0 |  .0 |  .0 |
|  .0 |  .0 |  .0 ||  .0 |  .0 |  .0 ||  .0 |  .0 |  .0 |
|  .0 |  .0 |  .0 ||  .0 |  .0 |  .0 ||  .0 |  .0 |  .0 |

, state=
|*-0. |*-0. |*-0. || -0. | -0. | -0. || -0. | -0. | -0. |
|*-0. |*-0. |*-0. || -0. | -0. | -0. || -0. | -0. | -0. |
|*-0. |*-0. |*-0. || -1. | -1. | -0. ||  1. | -1. | -0. |
|=====+=====+=====||=====+=====+=====||=====+=====+=====|
| -0. | -0. | -0. || -0. | -0. | -0. || -1. |  1. | -1. |
| -0. | -0. | -0. || -0. | -0. | -0. || -0. | -0. |  1. |
| -0. | -0. | -0. || -0. | -0. | -0. || -0. | -0. | -0. |
|=====+=====+=====||=====+=====+=====||=====+=====+=====|
| -0. |  1. | -0. || -0. | -0. |  1. || -0. | -0. | -0. |
| -0. | -0. | -1. || -0. | -0. | -0. || -0. | -0. | -1. |
| -0. | -0. | -0. || -0. | -0. |  1. || -0. | -0. | -0. |

, evalForThisState=-1.0, isPlayerOneTurnOriginally=false}, StateDatum{MCTSProbabilites=
|  .0 |  .0 |  .0 ||  .0 |  .0 |  .0 ||  .0 |  .0 |  .0 |
|  .0 |  .0 |  .0 ||  .0 |  .0 |  .0 ||  .0 |  .0 |  .0 |
|  .0 |  .0 |  .0 ||  .0 |  .0 |  .0 ||  .0 |  .0 |  .0 |
|========+========+========||========+========+========||========+========+========|
|  .0 |  .0 |  .0 ||  .0 |  .0 |  .0 ||  .0 |  .0 |  .0 |
|  .0 |  .0 |  .0 ||  .0 |  .0 |  .0 ||  .0793 |  .257 |  .0 |
|  .0 |  .0 |  .0 ||  .0 |  .0 |  .0 ||  .2251 |  .2077 |  .2309 |
|========+========+========||========+========+========||========+========+========|
|  .0 |  .0 |  .0 ||  .0 |  .0 |  .0 ||  .0 |  .0 |  .0 |
|  .0 |  .0 |  .0 ||  .0 |  .0 |  .0 ||  .0 |  .0 |  .0 |
|  .0 |  .0 |  .0 ||  .0 |  .0 |  .0 ||  .0 |  .0 |  .0 |

, state=
|  0. |  0. |  0. ||  0. |  0. |  0. ||  0. |  0. |  0. |
|  0. |  0. | -1. ||  0. |  0. |  0. ||  0. |  0. |  0. |
|  0. |  0. |  0. ||  1. |  1. |  0. || -1. |  1. |  0. |
|=====+=====+=====||=====+=====+=====||=====+=====+=====|
|  0. |  0. |  0. ||  0. |  0. |  0. ||* 1. |*-1. |* 1. |
|  0. |  0. |  0. ||  0. |  0. |  0. ||* 0. |* 0. |*-1. |
|  0. |  0. |  0. ||  0. |  0. |  0. ||* 0. |* 0. |* 0. |
|=====+=====+=====||=====+=====+=====||=====+=====+=====|
|  0. | -1. |  0. ||  0. |  0. | -1. ||  0. |  0. |  0. |
|  0. |  0. |  1. ||  0. |  0. |  0. ||  0. |  0. |  1. |
|  0. |  0. |  0. ||  0. |  0. | -1. ||  0. |  0. |  0. |

, evalForThisState=1.0, isPlayerOneTurnOriginally=true}, StateDatum{MCTSProbabilites=
|  .0 |  .0 |  .0 ||  .0 |  .0 |  .0 ||  .0 |  .0 |  .0 |
|  .0 |  .0 |  .0 ||  .0 |  .0 |  .0 ||  .0 |  .0 |  .0 |
|  .0 |  .0 |  .0 ||  .0 |  .0 |  .0 ||  .0 |  .0 |  .0 |
|========+========+========||========+========+========||========+========+========|
|  .0 |  .0 |  .0 ||  .0445 |  .1974 |  .1632 ||  .0 |  .0 |  .0 |
|  .0 |  .0 |  .0 ||  .0391 |  .1467 |  .1363 ||  .0 |  .0 |  .0 |
|  .0 |  .0 |  .0 ||  .0562 |  .1868 |  .0297 ||  .0 |  .0 |  .0 |
|========+========+========||========+========+========||========+========+========|
|  .0 |  .0 |  .0 ||  .0 |  .0 |  .0 ||  .0 |  .0 |  .0 |
|  .0 |  .0 |  .0 ||  .0 |  .0 |  .0 ||  .0 |  .0 |  .0 |
|  .0 |  .0 |  .0 ||  .0 |  .0 |  .0 ||  .0 |  .0 |  .0 |

, state=
| -0. | -0. | -0. || -0. | -0. | -0. || -0. | -0. | -0. |
| -0. | -0. |  1. || -0. | -0. | -0. || -0. | -0. | -0. |
| -0. | -0. | -0. || -1. | -1. | -0. ||  1. | -1. | -0. |
|=====+=====+=====||=====+=====+=====||=====+=====+=====|
| -0. | -0. | -0. ||*-0. |*-0. |*-0. || -1. |  1. | -1. |
| -0. | -0. | -0. ||*-0. |*-0. |*-0. || -0. | -1. |  1. |
| -0. | -0. | -0. ||*-0. |*-0. |*-0. || -0. | -0. | -0. |
|=====+=====+=====||=====+=====+=====||=====+=====+=====|
| -0. |  1. | -0. || -0. | -0. |  1. || -0. | -0. | -0. |
| -0. | -0. | -1. || -0. | -0. | -0. || -0. | -0. | -1. |
| -0. | -0. | -0. || -0. | -0. |  1. || -0. | -0. | -0. |

, evalForThisState=-1.0, isPlayerOneTurnOriginally=false}, StateDatum{MCTSProbabilites=
|  .0 |  .0 |  .0 ||  .2273 |  .1437 |  .1384 ||  .0 |  .0 |  .0 |
|  .0 |  .0 |  .0 ||  .1977 |  .0266 |  .1858 ||  .0 |  .0 |  .0 |
|  .0 |  .0 |  .0 ||  .0 |  .0 |  .0805 ||  .0 |  .0 |  .0 |
|========+========+========||========+========+========||========+========+========|
|  .0 |  .0 |  .0 ||  .0 |  .0 |  .0 ||  .0 |  .0 |  .0 |
|  .0 |  .0 |  .0 ||  .0 |  .0 |  .0 ||  .0 |  .0 |  .0 |
|  .0 |  .0 |  .0 ||  .0 |  .0 |  .0 ||  .0 |  .0 |  .0 |
|========+========+========||========+========+========||========+========+========|
|  .0 |  .0 |  .0 ||  .0 |  .0 |  .0 ||  .0 |  .0 |  .0 |
|  .0 |  .0 |  .0 ||  .0 |  .0 |  .0 ||  .0 |  .0 |  .0 |
|  .0 |  .0 |  .0 ||  .0 |  .0 |  .0 ||  .0 |  .0 |  .0 |

, state=
|  0. |  0. |  0. ||* 0. |* 0. |* 0. ||  0. |  0. |  0. |
|  0. |  0. | -1. ||* 0. |* 0. |* 0. ||  0. |  0. |  0. |
|  0. |  0. |  0. ||* 1. |* 1. |* 0. || -1. |  1. |  0. |
|=====+=====+=====||=====+=====+=====||=====+=====+=====|
|  0. |  0. |  0. ||  0. | -1. |  0. ||  1. | -1. |  1. |
|  0. |  0. |  0. ||  0. |  0. |  0. ||  0. |  1. | -1. |
|  0. |  0. |  0. ||  0. |  0. |  0. ||  0. |  0. |  0. |
|=====+=====+=====||=====+=====+=====||=====+=====+=====|
|  0. | -1. |  0. ||  0. |  0. | -1. ||  0. |  0. |  0. |
|  0. |  0. |  1. ||  0. |  0. |  0. ||  0. |  0. |  1. |
|  0. |  0. |  0. ||  0. |  0. | -1. ||  0. |  0. |  0. |

, evalForThisState=1.0, isPlayerOneTurnOriginally=true}, StateDatum{MCTSProbabilites=
|  .1727 |  .1235 |  .1633 ||  .0 |  .0 |  .0 ||  .0 |  .0 |  .0 |
|  .1922 |  .1014 |  .0 ||  .0 |  .0 |  .0 ||  .0 |  .0 |  .0 |
|  .0273 |  .1931 |  .0265 ||  .0 |  .0 |  .0 ||  .0 |  .0 |  .0 |
|========+========+========||========+========+========||========+========+========|
|  .0 |  .0 |  .0 ||  .0 |  .0 |  .0 ||  .0 |  .0 |  .0 |
|  .0 |  .0 |  .0 ||  .0 |  .0 |  .0 ||  .0 |  .0 |  .0 |
|  .0 |  .0 |  .0 ||  .0 |  .0 |  .0 ||  .0 |  .0 |  .0 |
|========+========+========||========+========+========||========+========+========|
|  .0 |  .0 |  .0 ||  .0 |  .0 |  .0 ||  .0 |  .0 |  .0 |
|  .0 |  .0 |  .0 ||  .0 |  .0 |  .0 ||  .0 |  .0 |  .0 |
|  .0 |  .0 |  .0 ||  .0 |  .0 |  .0 ||  .0 |  .0 |  .0 |

, state=
|*-0. |*-0. |*-0. || -1. | -0. | -0. || -0. | -0. | -0. |
|*-0. |*-0. |* 1. || -0. | -0. | -0. || -0. | -0. | -0. |
|*-0. |*-0. |*-0. || -1. | -1. | -0. ||  1. | -1. | -0. |
|=====+=====+=====||=====+=====+=====||=====+=====+=====|
| -0. | -0. | -0. || -0. |  1. | -0. || -1. |  1. | -1. |
| -0. | -0. | -0. || -0. | -0. | -0. || -0. | -1. |  1. |
| -0. | -0. | -0. || -0. | -0. | -0. || -0. | -0. | -0. |
|=====+=====+=====||=====+=====+=====||=====+=====+=====|
| -0. |  1. | -0. || -0. | -0. |  1. || -0. | -0. | -0. |
| -0. | -0. | -1. || -0. | -0. | -0. || -0. | -0. | -1. |
| -0. | -0. | -0. || -0. | -0. |  1. || -0. | -0. | -0. |

, evalForThisState=-1.0, isPlayerOneTurnOriginally=false}, StateDatum{MCTSProbabilites=
|  .0 |  .0 |  .0 ||  .0 |  .0 |  .0 ||  .0 |  .0 |  .0 |
|  .0 |  .0 |  .0 ||  .0 |  .0 |  .0 ||  .0 |  .0 |  .0 |
|  .0 |  .0 |  .0 ||  .0 |  .0 |  .0 ||  .0 |  .0 |  .0 |
|========+========+========||========+========+========||========+========+========|
|  .0 |  .0 |  .0 ||  .0 |  .0 |  .0 ||  .0 |  .0 |  .0 |
|  .0 |  .0 |  .0 ||  .0 |  .0 |  .0 ||  .0 |  .0 |  .0 |
|  .0 |  .0 |  .0 ||  .0 |  .0 |  .0 ||  .0 |  .0 |  .0 |
|========+========+========||========+========+========||========+========+========|
|  .0 |  .0 |  .0 ||  .1663 |  .1164 |  .0 ||  .0 |  .0 |  .0 |
|  .0 |  .0 |  .0 ||  .0469 |  .2185 |  .0841 ||  .0 |  .0 |  .0 |
|  .0 |  .0 |  .0 ||  .194 |  .1737 |  .0 ||  .0 |  .0 |  .0 |

, state=
|  0. |  0. |  0. ||  1. |  0. |  0. ||  0. |  0. |  0. |
|  0. |  0. | -1. ||  0. |  0. |  0. ||  0. |  0. |  0. |
|  0. | -1. |  0. ||  1. |  1. |  0. || -1. |  1. |  0. |
|=====+=====+=====||=====+=====+=====||=====+=====+=====|
|  0. |  0. |  0. ||  0. | -1. |  0. ||  1. | -1. |  1. |
|  0. |  0. |  0. ||  0. |  0. |  0. ||  0. |  1. | -1. |
|  0. |  0. |  0. ||  0. |  0. |  0. ||  0. |  0. |  0. |
|=====+=====+=====||=====+=====+=====||=====+=====+=====|
|  0. | -1. |  0. ||* 0. |* 0. |*-1. ||  0. |  0. |  0. |
|  0. |  0. |  1. ||* 0. |* 0. |* 0. ||  0. |  0. |  1. |
|  0. |  0. |  0. ||* 0. |* 0. |*-1. ||  0. |  0. |  0. |

, evalForThisState=1.0, isPlayerOneTurnOriginally=true}, StateDatum{MCTSProbabilites=
|  .0 |  .0 |  .0 ||  .0 |  .0 |  .0 ||  .0 |  .0 |  .0 |
|  .0 |  .0 |  .0 ||  .0 |  .0 |  .0 ||  .0 |  .0 |  .0 |
|  .0 |  .0 |  .0 ||  .0 |  .0 |  .0 ||  .0 |  .0 |  .0 |
|========+========+========||========+========+========||========+========+========|
|  .0 |  .0 |  .0 ||  .0882 |  .0 |  .1199 ||  .0 |  .0 |  .0 |
|  .0 |  .0 |  .0 ||  .1972 |  .091 |  .0882 ||  .0 |  .0 |  .0 |
|  .0 |  .0 |  .0 ||  .1499 |  .1533 |  .1123 ||  .0 |  .0 |  .0 |
|========+========+========||========+========+========||========+========+========|
|  .0 |  .0 |  .0 ||  .0 |  .0 |  .0 ||  .0 |  .0 |  .0 |
|  .0 |  .0 |  .0 ||  .0 |  .0 |  .0 ||  .0 |  .0 |  .0 |
|  .0 |  .0 |  .0 ||  .0 |  .0 |  .0 ||  .0 |  .0 |  .0 |

, state=
| -0. | -0. | -0. || -1. | -0. | -0. || -0. | -0. | -0. |
| -0. | -0. |  1. || -0. | -0. | -0. || -0. | -0. | -0. |
| -0. |  1. | -0. || -1. | -1. | -0. ||  1. | -1. | -0. |
|=====+=====+=====||=====+=====+=====||=====+=====+=====|
| -0. | -0. | -0. ||*-0. |* 1. |*-0. || -1. |  1. | -1. |
| -0. | -0. | -0. ||*-0. |*-0. |*-0. || -0. | -1. |  1. |
| -0. | -0. | -0. ||*-0. |*-0. |*-0. || -0. | -0. | -0. |
|=====+=====+=====||=====+=====+=====||=====+=====+=====|
| -0. |  1. | -0. || -0. | -0. |  1. || -0. | -0. | -0. |
| -0. | -0. | -1. || -0. | -1. | -0. || -0. | -0. | -1. |
| -0. | -0. | -0. || -0. | -0. |  1. || -0. | -0. | -0. |

, evalForThisState=-1.0, isPlayerOneTurnOriginally=false}, StateDatum{MCTSProbabilites=
|  .0 |  .0 |  .0 ||  .0 |  .0 |  .0 ||  .0 |  .0 |  .0 |
|  .0 |  .0 |  .0 ||  .0 |  .0 |  .0 ||  .0 |  .0 |  .0 |
|  .0 |  .0 |  .0 ||  .0 |  .0 |  .0 ||  .0 |  .0 |  .0 |
|========+========+========||========+========+========||========+========+========|
|  .1062 |  .0516 |  .1255 ||  .0 |  .0 |  .0 ||  .0 |  .0 |  .0 |
|  .1575 |  .1574 |  .1035 ||  .0 |  .0 |  .0 ||  .0 |  .0 |  .0 |
|  .1502 |  .1106 |  .0375 ||  .0 |  .0 |  .0 ||  .0 |  .0 |  .0 |
|========+========+========||========+========+========||========+========+========|
|  .0 |  .0 |  .0 ||  .0 |  .0 |  .0 ||  .0 |  .0 |  .0 |
|  .0 |  .0 |  .0 ||  .0 |  .0 |  .0 ||  .0 |  .0 |  .0 |
|  .0 |  .0 |  .0 ||  .0 |  .0 |  .0 ||  .0 |  .0 |  .0 |

, state=
|  0. |  0. |  0. ||  1. |  0. |  0. ||  0. |  0. |  0. |
|  0. |  0. | -1. ||  0. |  0. |  0. ||  0. |  0. |  0. |
|  0. | -1. |  0. ||  1. |  1. |  0. || -1. |  1. |  0. |
|=====+=====+=====||=====+=====+=====||=====+=====+=====|
|* 0. |* 0. |* 0. ||  0. | -1. |  0. ||  1. | -1. |  1. |
|* 0. |* 0. |* 0. || -1. |  0. |  0. ||  0. |  1. | -1. |
|* 0. |* 0. |* 0. ||  0. |  0. |  0. ||  0. |  0. |  0. |
|=====+=====+=====||=====+=====+=====||=====+=====+=====|
|  0. | -1. |  0. ||  0. |  0. | -1. ||  0. |  0. |  0. |
|  0. |  0. |  1. ||  0. |  1. |  0. ||  0. |  0. |  1. |
|  0. |  0. |  0. ||  0. |  0. | -1. ||  0. |  0. |  0. |

, evalForThisState=1.0, isPlayerOneTurnOriginally=true}, StateDatum{MCTSProbabilites=
|  .0 |  .0 |  .0 ||  .0 |  .0 |  .0 ||  .0 |  .0 |  .0 |
|  .0 |  .0 |  .0 ||  .0 |  .0 |  .0 ||  .0 |  .0 |  .0 |
|  .0 |  .0 |  .0 ||  .0 |  .0 |  .0 ||  .0 |  .0 |  .0 |
|========+========+========||========+========+========||========+========+========|
|  .0451 |  .1152 |  .1541 ||  .0 |  .0 |  .0 ||  .0 |  .0 |  .0 |
|  .0 |  .1299 |  .1022 ||  .0 |  .0 |  .0 ||  .0 |  .0 |  .0 |
|  .1526 |  .1283 |  .1726 ||  .0 |  .0 |  .0 ||  .0 |  .0 |  .0 |
|========+========+========||========+========+========||========+========+========|
|  .0 |  .0 |  .0 ||  .0 |  .0 |  .0 ||  .0 |  .0 |  .0 |
|  .0 |  .0 |  .0 ||  .0 |  .0 |  .0 ||  .0 |  .0 |  .0 |
|  .0 |  .0 |  .0 ||  .0 |  .0 |  .0 ||  .0 |  .0 |  .0 |

, state=
| -0. | -0. | -0. || -1. | -0. | -0. || -0. | -0. | -0. |
| -0. | -0. |  1. || -0. | -0. | -0. || -0. | -0. | -0. |
| -0. |  1. | -0. || -1. | -1. | -0. ||  1. | -1. | -0. |
|=====+=====+=====||=====+=====+=====||=====+=====+=====|
|*-0. |*-0. |*-0. || -0. |  1. | -0. || -1. |  1. | -1. |
|*-1. |*-0. |*-0. ||  1. | -0. | -0. || -0. | -1. |  1. |
|*-0. |*-0. |*-0. || -0. | -0. | -0. || -0. | -0. | -0. |
|=====+=====+=====||=====+=====+=====||=====+=====+=====|
| -0. |  1. | -0. || -0. | -0. |  1. || -0. | -0. | -0. |
| -0. | -0. | -1. || -0. | -1. | -0. || -0. | -0. | -1. |
| -0. | -0. | -0. || -0. | -0. |  1. || -0. | -0. | -0. |

, evalForThisState=-1.0, isPlayerOneTurnOriginally=false}, StateDatum{MCTSProbabilites=
|  .0 |  .0 |  .0 ||  .0 |  .0 |  .0 ||  .0 |  .0 |  .0 |
|  .0 |  .0 |  .0 ||  .0 |  .0 |  .0 ||  .0 |  .0 |  .0 |
|  .0 |  .0 |  .0 ||  .0 |  .0 |  .0 ||  .0 |  .0 |  .0 |
|========+========+========||========+========+========||========+========+========|
|  .0 |  .0 |  .0 ||  .0 |  .0 |  .0 ||  .0 |  .0 |  .0 |
|  .0 |  .0 |  .0 ||  .0 |  .0 |  .0 ||  .0 |  .0 |  .0 |
|  .0 |  .0 |  .0 ||  .0 |  .0 |  .0 ||  .0 |  .0 |  .0 |
|========+========+========||========+========+========||========+========+========|
|  .0 |  .0 |  .0 ||  .0 |  .0 |  .0 ||  .1409 |  .1356 |  .1164 |
|  .0 |  .0 |  .0 ||  .0 |  .0 |  .0 ||  .1242 |  .0518 |  .0 |
|  .0 |  .0 |  .0 ||  .0 |  .0 |  .0 ||  .1546 |  .1307 |  .1458 |

, state=
|  0. |  0. |  0. ||  1. |  0. |  0. ||  0. |  0. |  0. |
|  0. |  0. | -1. ||  0. |  0. |  0. ||  0. |  0. |  0. |
|  0. | -1. |  0. ||  1. |  1. |  0. || -1. |  1. |  0. |
|=====+=====+=====||=====+=====+=====||=====+=====+=====|
|  0. |  0. |  0. ||  0. | -1. |  0. ||  1. | -1. |  1. |
|  1. |  0. |  0. || -1. |  0. |  0. ||  0. |  1. | -1. |
|  0. |  0. | -1. ||  0. |  0. |  0. ||  0. |  0. |  0. |
|=====+=====+=====||=====+=====+=====||=====+=====+=====|
|  0. | -1. |  0. ||  0. |  0. | -1. ||* 0. |* 0. |* 0. |
|  0. |  0. |  1. ||  0. |  1. |  0. ||* 0. |* 0. |* 1. |
|  0. |  0. |  0. ||  0. |  0. | -1. ||* 0. |* 0. |* 0. |

, evalForThisState=1.0, isPlayerOneTurnOriginally=true}, StateDatum{MCTSProbabilites=
|  .0 |  .0 |  .0 ||  .0 |  .0 |  .0 ||  .0 |  .0 |  .0 |
|  .0 |  .0 |  .0 ||  .0 |  .0 |  .0 ||  .0 |  .0 |  .0 |
|  .0 |  .0 |  .0 ||  .0 |  .0 |  .0 ||  .0 |  .0 |  .0 |
|========+========+========||========+========+========||========+========+========|
|  .0 |  .0 |  .0 ||  .0 |  .0 |  .0 ||  .0 |  .0 |  .0 |
|  .0 |  .0 |  .0 ||  .0 |  .0 |  .0 ||  .0 |  .0 |  .0 |
|  .0 |  .0 |  .0 ||  .0 |  .0 |  .0 ||  .0 |  .0 |  .0 |
|========+========+========||========+========+========||========+========+========|
|  .1187 |  .0 |  .1503 ||  .0 |  .0 |  .0 ||  .0 |  .0 |  .0 |
|  .1179 |  .1176 |  .0 ||  .0 |  .0 |  .0 ||  .0 |  .0 |  .0 |
|  .1972 |  .1499 |  .1485 ||  .0 |  .0 |  .0 ||  .0 |  .0 |  .0 |

, state=
| -0. | -0. | -0. || -1. | -0. | -0. || -0. | -0. | -0. |
| -0. | -0. |  1. || -0. | -0. | -0. || -0. | -0. | -0. |
| -0. |  1. | -0. || -1. | -1. | -0. ||  1. | -1. | -0. |
|=====+=====+=====||=====+=====+=====||=====+=====+=====|
| -0. | -0. | -0. || -0. |  1. | -0. || -1. |  1. | -1. |
| -1. | -0. | -0. ||  1. | -0. | -0. || -0. | -1. |  1. |
| -0. | -0. |  1. || -0. | -0. | -0. || -0. | -0. | -0. |
|=====+=====+=====||=====+=====+=====||=====+=====+=====|
|*-0. |* 1. |*-0. || -0. | -0. |  1. || -0. | -0. | -0. |
|*-0. |*-0. |*-1. || -0. | -1. | -0. || -0. | -0. | -1. |
|*-0. |*-0. |*-0. || -0. | -0. |  1. || -1. | -0. | -0. |

, evalForThisState=-1.0, isPlayerOneTurnOriginally=false}, StateDatum{MCTSProbabilites=
|  .0 |  .0 |  .0 ||  .0 |  .0 |  .0 ||  .0 |  .0 |  .0 |
|  .0 |  .0 |  .0 ||  .0 |  .0 |  .0 ||  .0 |  .0 |  .0 |
|  .0 |  .0 |  .0 ||  .0 |  .0 |  .0 ||  .0 |  .0 |  .0 |
|========+========+========||========+========+========||========+========+========|
|  .0 |  .0 |  .0 ||  .0 |  .0 |  .0 ||  .0 |  .0 |  .0 |
|  .0 |  .0 |  .0 ||  .0 |  .0 |  .0 ||  .0 |  .0 |  .0 |
|  .0 |  .0 |  .0 ||  .0 |  .0 |  .0 ||  .0 |  .0 |  .0 |
|========+========+========||========+========+========||========+========+========|
|  .194 |  .0 |  .1836 ||  .0 |  .0 |  .0 ||  .0 |  .0 |  .0 |
|  .1439 |  .1546 |  .0 ||  .0 |  .0 |  .0 ||  .0 |  .0 |  .0 |
|  .0 |  .1426 |  .1814 ||  .0 |  .0 |  .0 ||  .0 |  .0 |  .0 |

, state=
|  0. |  0. |  0. ||  1. |  0. |  0. ||  0. |  0. |  0. |
|  0. |  0. | -1. ||  0. |  0. |  0. ||  0. |  0. |  0. |
|  0. | -1. |  0. ||  1. |  1. |  0. || -1. |  1. |  0. |
|=====+=====+=====||=====+=====+=====||=====+=====+=====|
|  0. |  0. |  0. ||  0. | -1. |  0. ||  1. | -1. |  1. |
|  1. |  0. |  0. || -1. |  0. |  0. ||  0. |  1. | -1. |
|  0. |  0. | -1. ||  0. |  0. |  0. ||  0. |  0. |  0. |
|=====+=====+=====||=====+=====+=====||=====+=====+=====|
|* 0. |*-1. |* 0. ||  0. |  0. | -1. ||  0. |  0. |  0. |
|* 0. |* 0. |* 1. ||  0. |  1. |  0. ||  0. |  0. |  1. |
|*-1. |* 0. |* 0. ||  0. |  0. | -1. ||  1. |  0. |  0. |

, evalForThisState=1.0, isPlayerOneTurnOriginally=true}, StateDatum{MCTSProbabilites=
|  .1324 |  .1323 |  .1389 ||  .0 |  .0 |  .0 ||  .0 |  .0 |  .0 |
|  .1348 |  .1332 |  .0 ||  .0 |  .0 |  .0 ||  .0 |  .0 |  .0 |
|  .1647 |  .0 |  .1637 ||  .0 |  .0 |  .0 ||  .0 |  .0 |  .0 |
|========+========+========||========+========+========||========+========+========|
|  .0 |  .0 |  .0 ||  .0 |  .0 |  .0 ||  .0 |  .0 |  .0 |
|  .0 |  .0 |  .0 ||  .0 |  .0 |  .0 ||  .0 |  .0 |  .0 |
|  .0 |  .0 |  .0 ||  .0 |  .0 |  .0 ||  .0 |  .0 |  .0 |
|========+========+========||========+========+========||========+========+========|
|  .0 |  .0 |  .0 ||  .0 |  .0 |  .0 ||  .0 |  .0 |  .0 |
|  .0 |  .0 |  .0 ||  .0 |  .0 |  .0 ||  .0 |  .0 |  .0 |
|  .0 |  .0 |  .0 ||  .0 |  .0 |  .0 ||  .0 |  .0 |  .0 |

, state=
|*-0. |*-0. |*-0. || -1. | -0. | -0. || -0. | -0. | -0. |
|*-0. |*-0. |* 1. || -0. | -0. | -0. || -0. | -0. | -0. |
|*-0. |* 1. |*-0. || -1. | -1. | -0. ||  1. | -1. | -0. |
|=====+=====+=====||=====+=====+=====||=====+=====+=====|
| -0. | -0. | -0. || -0. |  1. | -0. || -1. |  1. | -1. |
| -1. | -0. | -0. ||  1. | -0. | -0. || -0. | -1. |  1. |
| -0. | -0. |  1. || -0. | -0. | -0. || -0. | -0. | -0. |
|=====+=====+=====||=====+=====+=====||=====+=====+=====|
| -1. |  1. | -0. || -0. | -0. |  1. || -0. | -0. | -0. |
| -0. | -0. | -1. || -0. | -1. | -0. || -0. | -0. | -1. |
|  1. | -0. | -0. || -0. | -0. |  1. || -1. | -0. | -0. |

, evalForThisState=-1.0, isPlayerOneTurnOriginally=false}, StateDatum{MCTSProbabilites=
|  .0 |  .0 |  .0 ||  .0 |  .0 |  .0 ||  .0 |  .0 |  .0 |
|  .0 |  .0 |  .0 ||  .0 |  .0 |  .0 ||  .0 |  .0 |  .0 |
|  .0 |  .0 |  .0 ||  .0 |  .0 |  .0 ||  .0 |  .0 |  .0 |
|========+========+========||========+========+========||========+========+========|
|  .0 |  .0 |  .0 ||  .0 |  .0 |  .0 ||  .0 |  .0 |  .0 |
|  .0 |  .0 |  .0 ||  .0 |  .0 |  .0 ||  .0 |  .0 |  .0 |
|  .0 |  .0 |  .0 ||  .0 |  .0 |  .0 ||  .0 |  .0 |  .0 |
|========+========+========||========+========+========||========+========+========|
|  .0 |  .0 |  .1565 ||  .0 |  .0 |  .0 ||  .0 |  .0 |  .0 |
|  .1756 |  .1795 |  .0 ||  .0 |  .0 |  .0 ||  .0 |  .0 |  .0 |
|  .0 |  .267 |  .2214 ||  .0 |  .0 |  .0 ||  .0 |  .0 |  .0 |

, state=
|  0. |  0. |  0. ||  1. |  0. |  0. ||  0. |  0. |  0. |
|  0. |  0. | -1. ||  0. |  0. |  0. ||  0. |  0. |  0. |
| -1. | -1. |  0. ||  1. |  1. |  0. || -1. |  1. |  0. |
|=====+=====+=====||=====+=====+=====||=====+=====+=====|
|  0. |  0. |  0. ||  0. | -1. |  0. ||  1. | -1. |  1. |
|  1. |  0. |  0. || -1. |  0. |  0. ||  0. |  1. | -1. |
|  0. |  0. | -1. ||  0. |  0. |  0. ||  0. |  0. |  0. |
|=====+=====+=====||=====+=====+=====||=====+=====+=====|
|* 1. |*-1. |* 0. ||  0. |  0. | -1. ||  0. |  0. |  0. |
|* 0. |* 0. |* 1. ||  0. |  1. |  0. ||  0. |  0. |  1. |
|*-1. |* 0. |* 0. ||  0. |  0. | -1. ||  1. |  0. |  0. |

, evalForThisState=1.0, isPlayerOneTurnOriginally=true}, StateDatum{MCTSProbabilites=
|  .0 |  .0 |  .0 ||  .0 |  .0 |  .0 ||  .0 |  .0 |  .0 |
|  .0 |  .0 |  .0 ||  .0 |  .0 |  .0 ||  .0 |  .0 |  .0 |
|  .0 |  .0 |  .0 ||  .0 |  .0 |  .0 ||  .0 |  .0 |  .0 |
|========+========+========||========+========+========||========+========+========|
|  .0 |  .0 |  .0 ||  .0 |  .0 |  .0 ||  .0 |  .0 |  .0 |
|  .0 |  .0 |  .0 ||  .0 |  .0 |  .0 ||  .0 |  .0 |  .0 |
|  .0 |  .0 |  .0 ||  .0 |  .0 |  .0 ||  .0 |  .0 |  .0 |
|========+========+========||========+========+========||========+========+========|
|  .0 |  .0 |  .0 ||  .1497 |  .206 |  .0 ||  .0 |  .0 |  .0 |
|  .0 |  .0 |  .0 ||  .1553 |  .0 |  .1915 ||  .0 |  .0 |  .0 |
|  .0 |  .0 |  .0 ||  .1344 |  .1631 |  .0 ||  .0 |  .0 |  .0 |

, state=
| -0. | -0. | -0. || -1. | -0. | -0. || -0. | -0. | -0. |
| -0. | -0. |  1. || -0. | -0. | -0. || -0. | -0. | -0. |
|  1. |  1. | -0. || -1. | -1. | -0. ||  1. | -1. | -0. |
|=====+=====+=====||=====+=====+=====||=====+=====+=====|
| -0. | -0. | -0. || -0. |  1. | -0. || -1. |  1. | -1. |
| -1. | -0. | -0. ||  1. | -0. | -0. || -0. | -1. |  1. |
| -0. | -0. |  1. || -0. | -0. | -0. || -0. | -0. | -0. |
|=====+=====+=====||=====+=====+=====||=====+=====+=====|
| -1. |  1. | -0. ||*-0. |*-0. |* 1. || -0. | -0. | -0. |
| -0. | -0. | -1. ||*-0. |*-1. |*-0. || -0. | -0. | -1. |
|  1. | -1. | -0. ||*-0. |*-0. |* 1. || -1. | -0. | -0. |

, evalForThisState=-1.0, isPlayerOneTurnOriginally=false}, StateDatum{MCTSProbabilites=
|  .0 |  .0 |  .0 ||  .0 |  .1965 |  .1761 ||  .0 |  .0 |  .0 |
|  .0 |  .0 |  .0 ||  .1738 |  .1503 |  .1073 ||  .0 |  .0 |  .0 |
|  .0 |  .0 |  .0 ||  .0 |  .0 |  .196 ||  .0 |  .0 |  .0 |
|========+========+========||========+========+========||========+========+========|
|  .0 |  .0 |  .0 ||  .0 |  .0 |  .0 ||  .0 |  .0 |  .0 |
|  .0 |  .0 |  .0 ||  .0 |  .0 |  .0 ||  .0 |  .0 |  .0 |
|  .0 |  .0 |  .0 ||  .0 |  .0 |  .0 ||  .0 |  .0 |  .0 |
|========+========+========||========+========+========||========+========+========|
|  .0 |  .0 |  .0 ||  .0 |  .0 |  .0 ||  .0 |  .0 |  .0 |
|  .0 |  .0 |  .0 ||  .0 |  .0 |  .0 ||  .0 |  .0 |  .0 |
|  .0 |  .0 |  .0 ||  .0 |  .0 |  .0 ||  .0 |  .0 |  .0 |

, state=
|  0. |  0. |  0. ||* 1. |* 0. |* 0. ||  0. |  0. |  0. |
|  0. |  0. | -1. ||* 0. |* 0. |* 0. ||  0. |  0. |  0. |
| -1. | -1. |  0. ||* 1. |* 1. |* 0. || -1. |  1. |  0. |
|=====+=====+=====||=====+=====+=====||=====+=====+=====|
|  0. |  0. |  0. ||  0. | -1. |  0. ||  1. | -1. |  1. |
|  1. |  0. |  0. || -1. |  0. |  0. ||  0. |  1. | -1. |
|  0. |  0. | -1. ||  0. |  0. |  0. ||  0. |  0. |  0. |
|=====+=====+=====||=====+=====+=====||=====+=====+=====|
|  1. | -1. |  0. ||  0. | -1. | -1. ||  0. |  0. |  0. |
|  0. |  0. |  1. ||  0. |  1. |  0. ||  0. |  0. |  1. |
| -1. |  1. |  0. ||  0. |  0. | -1. ||  1. |  0. |  0. |

, evalForThisState=1.0, isPlayerOneTurnOriginally=true}, StateDatum{MCTSProbabilites=
|  .0 |  .0 |  .0 ||  .0 |  .0 |  .2324 ||  .0 |  .0 |  .0 |
|  .0 |  .0 |  .0 ||  .2715 |  .1625 |  .1488 ||  .0 |  .0 |  .0 |
|  .0 |  .0 |  .0 ||  .0 |  .0 |  .1848 ||  .0 |  .0 |  .0 |
|========+========+========||========+========+========||========+========+========|
|  .0 |  .0 |  .0 ||  .0 |  .0 |  .0 ||  .0 |  .0 |  .0 |
|  .0 |  .0 |  .0 ||  .0 |  .0 |  .0 ||  .0 |  .0 |  .0 |
|  .0 |  .0 |  .0 ||  .0 |  .0 |  .0 ||  .0 |  .0 |  .0 |
|========+========+========||========+========+========||========+========+========|
|  .0 |  .0 |  .0 ||  .0 |  .0 |  .0 ||  .0 |  .0 |  .0 |
|  .0 |  .0 |  .0 ||  .0 |  .0 |  .0 ||  .0 |  .0 |  .0 |
|  .0 |  .0 |  .0 ||  .0 |  .0 |  .0 ||  .0 |  .0 |  .0 |

, state=
| -0. | -0. | -0. ||*-1. |*-1. |*-0. || -0. | -0. | -0. |
| -0. | -0. |  1. ||*-0. |*-0. |*-0. || -0. | -0. | -0. |
|  1. |  1. | -0. ||*-1. |*-1. |*-0. ||  1. | -1. | -0. |
|=====+=====+=====||=====+=====+=====||=====+=====+=====|
| -0. | -0. | -0. || -0. |  1. | -0. || -1. |  1. | -1. |
| -1. | -0. | -0. ||  1. | -0. | -0. || -0. | -1. |  1. |
| -0. | -0. |  1. || -0. | -0. | -0. || -0. | -0. | -0. |
|=====+=====+=====||=====+=====+=====||=====+=====+=====|
| -1. |  1. | -0. || -0. |  1. |  1. || -0. | -0. | -0. |
| -0. | -0. | -1. || -0. | -1. | -0. || -0. | -0. | -1. |
|  1. | -1. | -0. || -0. | -0. |  1. || -1. | -0. | -0. |

, evalForThisState=-1.0, isPlayerOneTurnOriginally=false}, StateDatum{MCTSProbabilites=
|  .0 |  .0 |  .0 ||  .0 |  .0 |  .0 ||  .0 |  .0 |  .0 |
|  .0 |  .0 |  .0 ||  .0 |  .0 |  .0 ||  .0 |  .0 |  .0 |
|  .0 |  .0 |  .0 ||  .0 |  .0 |  .0 ||  .0 |  .0 |  .0 |
|========+========+========||========+========+========||========+========+========|
|  .1741 |  .1017 |  .1167 ||  .0 |  .0 |  .0 ||  .0 |  .0 |  .0 |
|  .0 |  .1337 |  .1382 ||  .0 |  .0 |  .0 ||  .0 |  .0 |  .0 |
|  .1535 |  .1821 |  .0 ||  .0 |  .0 |  .0 ||  .0 |  .0 |  .0 |
|========+========+========||========+========+========||========+========+========|
|  .0 |  .0 |  .0 ||  .0 |  .0 |  .0 ||  .0 |  .0 |  .0 |
|  .0 |  .0 |  .0 ||  .0 |  .0 |  .0 ||  .0 |  .0 |  .0 |
|  .0 |  .0 |  .0 ||  .0 |  .0 |  .0 ||  .0 |  .0 |  .0 |

, state=
|  0. |  0. |  0. ||  1. |  1. |  0. ||  0. |  0. |  0. |
|  0. |  0. | -1. || -1. |  0. |  0. ||  0. |  0. |  0. |
| -1. | -1. |  0. ||  1. |  1. |  0. || -1. |  1. |  0. |
|=====+=====+=====||=====+=====+=====||=====+=====+=====|
|* 0. |* 0. |* 0. ||  0. | -1. |  0. ||  1. | -1. |  1. |
|* 1. |* 0. |* 0. || -1. |  0. |  0. ||  0. |  1. | -1. |
|* 0. |* 0. |*-1. ||  0. |  0. |  0. ||  0. |  0. |  0. |
|=====+=====+=====||=====+=====+=====||=====+=====+=====|
|  1. | -1. |  0. ||  0. | -1. | -1. ||  0. |  0. |  0. |
|  0. |  0. |  1. ||  0. |  1. |  0. ||  0. |  0. |  1. |
| -1. |  1. |  0. ||  0. |  0. | -1. ||  1. |  0. |  0. |

, evalForThisState=1.0, isPlayerOneTurnOriginally=true}, StateDatum{MCTSProbabilites=
|  .0 |  .0 |  .0 ||  .0 |  .0 |  .0 ||  .0 |  .0 |  .0 |
|  .0 |  .0 |  .0 ||  .0 |  .0 |  .0 ||  .0 |  .0 |  .0 |
|  .0 |  .0 |  .0 ||  .0 |  .0 |  .0 ||  .0 |  .0 |  .0 |
|========+========+========||========+========+========||========+========+========|
|  .0 |  .0 |  .0 ||  .0 |  .0 |  .0 ||  .0 |  .0 |  .0 |
|  .0 |  .0 |  .0 ||  .0 |  .0 |  .0 ||  .0 |  .0 |  .0 |
|  .0 |  .0 |  .0 ||  .0 |  .0 |  .0 ||  .0 |  .0 |  .0 |
|========+========+========||========+========+========||========+========+========|
|  .0 |  .0 |  .0 ||  .1836 |  .0 |  .0 ||  .0 |  .0 |  .0 |
|  .0 |  .0 |  .0 ||  .2439 |  .0 |  .271 ||  .0 |  .0 |  .0 |
|  .0 |  .0 |  .0 ||  .1655 |  .1361 |  .0 ||  .0 |  .0 |  .0 |

, state=
| -0. | -0. | -0. || -1. | -1. | -0. || -0. | -0. | -0. |
| -0. | -0. |  1. ||  1. | -0. | -0. || -0. | -0. | -0. |
|  1. |  1. | -0. || -1. | -1. | -0. ||  1. | -1. | -0. |
|=====+=====+=====||=====+=====+=====||=====+=====+=====|
| -0. | -0. | -0. || -0. |  1. | -0. || -1. |  1. | -1. |
| -1. | -0. | -0. ||  1. | -0. | -0. || -0. | -1. |  1. |
| -0. | -1. |  1. || -0. | -0. | -0. || -0. | -0. | -0. |
|=====+=====+=====||=====+=====+=====||=====+=====+=====|
| -1. |  1. | -0. ||*-0. |* 1. |* 1. || -0. | -0. | -0. |
| -0. | -0. | -1. ||*-0. |*-1. |*-0. || -0. | -0. | -1. |
|  1. | -1. | -0. ||*-0. |*-0. |* 1. || -1. | -0. | -0. |

, evalForThisState=-1.0, isPlayerOneTurnOriginally=false}, StateDatum{MCTSProbabilites=
|  .0 |  .0 |  .0 ||  .0 |  .0 |  .0 ||  .0 |  .0 |  .0 |
|  .0 |  .0 |  .0 ||  .0 |  .0 |  .0 ||  .0 |  .0 |  .0 |
|  .0 |  .0 |  .0 ||  .0 |  .0 |  .0 ||  .0 |  .0 |  .0 |
|========+========+========||========+========+========||========+========+========|
|  .0 |  .0 |  .0 ||  .0 |  .0 |  .0 ||  .0 |  .0 |  .0 |
|  .0 |  .0 |  .0 ||  .0 |  .0 |  .0 ||  .2259 |  .0 |  .0 |
|  .0 |  .0 |  .0 ||  .0 |  .0 |  .0 ||  .3298 |  .0762 |  .3681 |
|========+========+========||========+========+========||========+========+========|
|  .0 |  .0 |  .0 ||  .0 |  .0 |  .0 ||  .0 |  .0 |  .0 |
|  .0 |  .0 |  .0 ||  .0 |  .0 |  .0 ||  .0 |  .0 |  .0 |
|  .0 |  .0 |  .0 ||  .0 |  .0 |  .0 ||  .0 |  .0 |  .0 |

, state=
|  0. |  0. |  0. ||  1. |  1. |  0. ||  0. |  0. |  0. |
|  0. |  0. | -1. || -1. |  0. |  0. ||  0. |  0. |  0. |
| -1. | -1. |  0. ||  1. |  1. |  0. || -1. |  1. |  0. |
|=====+=====+=====||=====+=====+=====||=====+=====+=====|
|  0. |  0. |  0. ||  0. | -1. |  0. ||* 1. |*-1. |* 1. |
|  1. |  0. |  0. || -1. |  0. |  0. ||* 0. |* 1. |*-1. |
|  0. |  1. | -1. ||  0. |  0. |  0. ||* 0. |* 0. |* 0. |
|=====+=====+=====||=====+=====+=====||=====+=====+=====|
|  1. | -1. |  0. ||  0. | -1. | -1. ||  0. |  0. |  0. |
|  0. |  0. |  1. ||  0. |  1. | -1. ||  0. |  0. |  1. |
| -1. |  1. |  0. ||  0. |  0. | -1. ||  1. |  0. |  0. |

, evalForThisState=1.0, isPlayerOneTurnOriginally=true}, StateDatum{MCTSProbabilites=
|  .0 |  .0 |  .0 ||  .0 |  .0 |  .0 ||  .0 |  .0 |  .0 |
|  .0 |  .0 |  .0 ||  .0 |  .0 |  .0 ||  .0 |  .0 |  .0 |
|  .0 |  .0 |  .0 ||  .0 |  .0 |  .0 ||  .0 |  .0 |  .0 |
|========+========+========||========+========+========||========+========+========|
|  .0 |  .0 |  .0 ||  .0 |  .0 |  .0 ||  .0 |  .0 |  .0 |
|  .0 |  .0 |  .0 ||  .0 |  .0 |  .0 ||  .0 |  .0 |  .0 |
|  .0 |  .0 |  .0 ||  .0 |  .0 |  .0 ||  .0 |  .0 |  .0 |
|========+========+========||========+========+========||========+========+========|
|  .0 |  .0 |  .0 ||  .0 |  .0 |  .0 ||  .1575 |  .3029 |  .128 |
|  .0 |  .0 |  .0 ||  .0 |  .0 |  .0 ||  .0583 |  .1631 |  .0 |
|  .0 |  .0 |  .0 ||  .0 |  .0 |  .0 ||  .0 |  .0542 |  .1359 |

, state=
| -0. | -0. | -0. || -1. | -1. | -0. || -0. | -0. | -0. |
| -0. | -0. |  1. ||  1. | -0. | -0. || -0. | -0. | -0. |
|  1. |  1. | -0. || -1. | -1. | -0. ||  1. | -1. | -0. |
|=====+=====+=====||=====+=====+=====||=====+=====+=====|
| -0. | -0. | -0. || -0. |  1. | -0. || -1. |  1. | -1. |
| -1. | -0. | -0. ||  1. | -0. | -0. || -0. | -1. |  1. |
| -0. | -1. |  1. || -0. | -0. | -0. || -0. | -0. | -1. |
|=====+=====+=====||=====+=====+=====||=====+=====+=====|
| -1. |  1. | -0. || -0. |  1. |  1. ||*-0. |*-0. |*-0. |
| -0. | -0. | -1. || -0. | -1. |  1. ||*-0. |*-0. |*-1. |
|  1. | -1. | -0. || -0. | -0. |  1. ||*-1. |*-0. |*-0. |

, evalForThisState=-1.0, isPlayerOneTurnOriginally=false}, StateDatum{MCTSProbabilites=
|  .0 |  .0 |  .0 ||  .0 |  .0 |  .1902 ||  .0 |  .0 |  .0 |
|  .0 |  .0 |  .0 ||  .0 |  .1678 |  .2057 ||  .0 |  .0 |  .0 |
|  .0 |  .0 |  .0 ||  .0 |  .0 |  .4363 ||  .0 |  .0 |  .0 |
|========+========+========||========+========+========||========+========+========|
|  .0 |  .0 |  .0 ||  .0 |  .0 |  .0 ||  .0 |  .0 |  .0 |
|  .0 |  .0 |  .0 ||  .0 |  .0 |  .0 ||  .0 |  .0 |  .0 |
|  .0 |  .0 |  .0 ||  .0 |  .0 |  .0 ||  .0 |  .0 |  .0 |
|========+========+========||========+========+========||========+========+========|
|  .0 |  .0 |  .0 ||  .0 |  .0 |  .0 ||  .0 |  .0 |  .0 |
|  .0 |  .0 |  .0 ||  .0 |  .0 |  .0 ||  .0 |  .0 |  .0 |
|  .0 |  .0 |  .0 ||  .0 |  .0 |  .0 ||  .0 |  .0 |  .0 |

, state=
|  0. |  0. |  0. ||* 1. |* 1. |* 0. ||  0. |  0. |  0. |
|  0. |  0. | -1. ||*-1. |* 0. |* 0. ||  0. |  0. |  0. |
| -1. | -1. |  0. ||* 1. |* 1. |* 0. || -1. |  1. |  0. |
|=====+=====+=====||=====+=====+=====||=====+=====+=====|
|  0. |  0. |  0. ||  0. | -1. |  0. ||  1. | -1. |  1. |
|  1. |  0. |  0. || -1. |  0. |  0. ||  0. |  1. | -1. |
|  0. |  1. | -1. ||  0. |  0. |  0. ||  0. |  0. |  1. |
|=====+=====+=====||=====+=====+=====||=====+=====+=====|
|  1. | -1. |  0. ||  0. | -1. | -1. ||  0. | -1. |  0. |
|  0. |  0. |  1. ||  0. |  1. | -1. ||  0. |  0. |  1. |
| -1. |  1. |  0. ||  0. |  0. | -1. ||  1. |  0. |  0. |

, evalForThisState=1.0, isPlayerOneTurnOriginally=true}, StateDatum{MCTSProbabilites=
|  .0 |  .0 |  .0 ||  .0 |  .0 |  .0 ||  .0 |  .0 |  .0 |
|  .0 |  .0 |  .0 ||  .0 |  .0 |  .0 ||  .0 |  .0 |  .0 |
|  .0 |  .0 |  .0 ||  .0 |  .0 |  .0 ||  .0 |  .0 |  .0 |
|========+========+========||========+========+========||========+========+========|
|  .0 |  .0 |  .0 ||  .0 |  .0 |  .0 ||  .0 |  .0 |  .0 |
|  .0 |  .0 |  .0 ||  .0 |  .0 |  .0 ||  .0 |  .0 |  .0 |
|  .0 |  .0 |  .0 ||  .0 |  .0 |  .0 ||  .0 |  .0 |  .0 |
|========+========+========||========+========+========||========+========+========|
|  .0 |  .0 |  .0 ||  .0 |  .0 |  .0 ||  .2529 |  .0 |  .2174 |
|  .0 |  .0 |  .0 ||  .0 |  .0 |  .0 ||  .0632 |  .1151 |  .0 |
|  .0 |  .0 |  .0 ||  .0 |  .0 |  .0 ||  .0 |  .087 |  .2644 |

, state=
| -0. | -0. | -0. || -1. | -1. | -0. || -0. | -0. | -0. |
| -0. | -0. |  1. ||  1. | -0. | -0. || -0. | -0. | -0. |
|  1. |  1. | -0. || -1. | -1. | -1. ||  1. | -1. | -0. |
|=====+=====+=====||=====+=====+=====||=====+=====+=====|
| -0. | -0. | -0. || -0. |  1. | -0. || -1. |  1. | -1. |
| -1. | -0. | -0. ||  1. | -0. | -0. || -0. | -1. |  1. |
| -0. | -1. |  1. || -0. | -0. | -0. || -0. | -0. | -1. |
|=====+=====+=====||=====+=====+=====||=====+=====+=====|
| -1. |  1. | -0. || -0. |  1. |  1. ||*-0. |* 1. |*-0. |
| -0. | -0. | -1. || -0. | -1. |  1. ||*-0. |*-0. |*-1. |
|  1. | -1. | -0. || -0. | -0. |  1. ||*-1. |*-0. |*-0. |

, evalForThisState=-1.0, isPlayerOneTurnOriginally=false}, StateDatum{MCTSProbabilites=
|  .0 |  .0 |  .0 ||  .0 |  .0 |  .0 ||  .0 |  .0 |  .0 |
|  .0 |  .0 |  .0 ||  .0 |  .0 |  .0 ||  .0 |  .0 |  .0 |
|  .0 |  .0 |  .0 ||  .0 |  .0 |  .0 ||  .0 |  .0 |  .0 |
|========+========+========||========+========+========||========+========+========|
|  .0 |  .0 |  .0 ||  .0 |  .0 |  .0 ||  .0 |  .0 |  .0 |
|  .0 |  .0 |  .0 ||  .0 |  .0 |  .0 ||  .0 |  .0 |  .0 |
|  .0 |  .0 |  .0 ||  .0 |  .0 |  .0 ||  .0 |  .0 |  .0 |
|========+========+========||========+========+========||========+========+========|
|  .0 |  .0 |  .0 ||  .0 |  .0 |  .0 ||  .1655 |  .0 |  .1805 |
|  .0 |  .0 |  .0 ||  .0 |  .0 |  .0 ||  .234 |  .1546 |  .0 |
|  .0 |  .0 |  .0 ||  .0 |  .0 |  .0 ||  .0 |  .2654 |  .0 |

, state=
|  0. |  0. |  0. ||  1. |  1. |  0. ||  0. |  0. |  0. |
|  0. |  0. | -1. || -1. |  0. |  0. ||  0. |  0. |  0. |
| -1. | -1. |  0. ||  1. |  1. |  1. || -1. |  1. |  0. |
|=====+=====+=====||=====+=====+=====||=====+=====+=====|
|  0. |  0. |  0. ||  0. | -1. |  0. ||  1. | -1. |  1. |
|  1. |  0. |  0. || -1. |  0. |  0. ||  0. |  1. | -1. |
|  0. |  1. | -1. ||  0. |  0. |  0. ||  0. |  0. |  1. |
|=====+=====+=====||=====+=====+=====||=====+=====+=====|
|  1. | -1. |  0. ||  0. | -1. | -1. ||* 0. |*-1. |* 0. |
|  0. |  0. |  1. ||  0. |  1. | -1. ||* 0. |* 0. |* 1. |
| -1. |  1. |  0. ||  0. |  0. | -1. ||* 1. |* 0. |*-1. |

, evalForThisState=1.0, isPlayerOneTurnOriginally=true}, StateDatum{MCTSProbabilites=
|  .0283 |  .0408 |  .0332 ||  .0 |  .0 |  .0 ||  .0245 |  .0319 |  .0216 |
|  .0253 |  .0393 |  .0 ||  .0 |  .0 |  .0 ||  .051 |  .0255 |  .0303 |
|  .0 |  .0 |  .0238 ||  .0 |  .0 |  .0 ||  .0 |  .0 |  .0283 |
|========+========+========||========+========+========||========+========+========|
|  .0227 |  .0298 |  .0341 ||  .0146 |  .0 |  .0318 ||  .0 |  .0 |  .0 |
|  .0 |  .0282 |  .0334 ||  .0 |  .0284 |  .0371 ||  .0 |  .0 |  .0 |
|  .0221 |  .0 |  .0 ||  .0396 |  .0332 |  .0217 ||  .0 |  .0 |  .0 |
|========+========+========||========+========+========||========+========+========|
|  .0 |  .0 |  .0247 ||  .0 |  .0 |  .0 ||  .0314 |  .0 |  .0295 |
|  .0331 |  .018 |  .0 ||  .0 |  .0 |  .0 ||  .0315 |  .0206 |  .0 |
|  .0 |  .0 |  .0307 ||  .0 |  .0 |  .0 ||  .0 |  .0 |  .0 |

, state=
|*-0. |*-0. |*-0. || -1. | -1. | -0. ||*-0. |*-0. |*-0. |
|*-0. |*-0. |* 1. ||  1. | -0. | -0. ||*-0. |*-0. |*-0. |
|* 1. |* 1. |*-0. || -1. | -1. | -1. ||* 1. |*-1. |*-0. |
|=====+=====+=====||=====+=====+=====||=====+=====+=====|
|*-0. |*-0. |*-0. ||*-0. |* 1. |*-0. || -1. |  1. | -1. |
|*-1. |*-0. |*-0. ||* 1. |*-0. |*-0. || -0. | -1. |  1. |
|*-0. |*-1. |* 1. ||*-0. |*-0. |*-0. || -0. | -0. | -1. |
|=====+=====+=====||=====+=====+=====||=====+=====+=====|
|*-1. |* 1. |*-0. || -0. |  1. |  1. ||*-0. |* 1. |*-0. |
|*-0. |*-0. |*-1. || -0. | -1. |  1. ||*-0. |*-0. |*-1. |
|* 1. |*-1. |*-0. || -0. | -0. |  1. ||*-1. |*-1. |* 1. |

, evalForThisState=-1.0, isPlayerOneTurnOriginally=false}, StateDatum{MCTSProbabilites=
|  .0 |  .0 |  .0 ||  .0 |  .0 |  .0 ||  .0 |  .0 |  .0 |
|  .0 |  .0 |  .0 ||  .0 |  .0 |  .0 ||  .0 |  .0 |  .0 |
|  .0 |  .0 |  .0 ||  .0 |  .0 |  .0 ||  .0 |  .0 |  .0 |
|========+========+========||========+========+========||========+========+========|
|  .1317 |  .1846 |  .1685 ||  .0 |  .0 |  .0 ||  .0 |  .0 |  .0 |
|  .0 |  .1604 |  .1867 ||  .0 |  .0 |  .0 ||  .0 |  .0 |  .0 |
|  .168 |  .0 |  .0 ||  .0 |  .0 |  .0 ||  .0 |  .0 |  .0 |
|========+========+========||========+========+========||========+========+========|
|  .0 |  .0 |  .0 ||  .0 |  .0 |  .0 ||  .0 |  .0 |  .0 |
|  .0 |  .0 |  .0 ||  .0 |  .0 |  .0 ||  .0 |  .0 |  .0 |
|  .0 |  .0 |  .0 ||  .0 |  .0 |  .0 ||  .0 |  .0 |  .0 |

, state=
|  0. |  0. |  0. ||  1. |  1. |  0. ||  0. |  0. |  0. |
|  0. |  0. | -1. || -1. |  0. |  0. || -1. |  0. |  0. |
| -1. | -1. |  0. ||  1. |  1. |  1. || -1. |  1. |  0. |
|=====+=====+=====||=====+=====+=====||=====+=====+=====|
|* 0. |* 0. |* 0. ||  0. | -1. |  0. ||  1. | -1. |  1. |
|* 1. |* 0. |* 0. || -1. |  0. |  0. ||  0. |  1. | -1. |
|* 0. |* 1. |*-1. ||  0. |  0. |  0. ||  0. |  0. |  1. |
|=====+=====+=====||=====+=====+=====||=====+=====+=====|
|  1. | -1. |  0. ||  0. | -1. | -1. ||  0. | -1. |  0. |
|  0. |  0. |  1. ||  0. |  1. | -1. ||  0. |  0. |  1. |
| -1. |  1. |  0. ||  0. |  0. | -1. ||  1. |  1. | -1. |

, evalForThisState=1.0, isPlayerOneTurnOriginally=true}, StateDatum{MCTSProbabilites=
|  .0342 |  .0417 |  .0265 ||  .0 |  .0 |  .0 ||  .0222 |  .0281 |  .0303 |
|  .0342 |  .0271 |  .0 ||  .0 |  .0 |  .0 ||  .0 |  .0321 |  .0255 |
|  .0 |  .0 |  .0252 ||  .0 |  .0 |  .0 ||  .0 |  .0 |  .0345 |
|========+========+========||========+========+========||========+========+========|
|  .0167 |  .0288 |  .0355 ||  .0387 |  .0 |  .0282 ||  .0 |  .0 |  .0 |
|  .0 |  .0259 |  .0 ||  .0 |  .0199 |  .0296 ||  .0 |  .0 |  .0 |
|  .0299 |  .0 |  .0 ||  .0372 |  .035 |  .0327 ||  .0 |  .0 |  .0 |
|========+========+========||========+========+========||========+========+========|
|  .0 |  .0 |  .0269 ||  .0 |  .0 |  .0 ||  .0384 |  .0 |  .0285 |
|  .0338 |  .0336 |  .0 ||  .0 |  .0 |  .0 ||  .0458 |  .0261 |  .0 |
|  .0 |  .0 |  .0471 ||  .0 |  .0 |  .0 ||  .0 |  .0 |  .0 |

, state=
|*-0. |*-0. |*-0. || -1. | -1. | -0. ||*-0. |*-0. |*-0. |
|*-0. |*-0. |* 1. ||  1. | -0. | -0. ||* 1. |*-0. |*-0. |
|* 1. |* 1. |*-0. || -1. | -1. | -1. ||* 1. |*-1. |*-0. |
|=====+=====+=====||=====+=====+=====||=====+=====+=====|
|*-0. |*-0. |*-0. ||*-0. |* 1. |*-0. || -1. |  1. | -1. |
|*-1. |*-0. |*-1. ||* 1. |*-0. |*-0. || -0. | -1. |  1. |
|*-0. |*-1. |* 1. ||*-0. |*-0. |*-0. || -0. | -0. | -1. |
|=====+=====+=====||=====+=====+=====||=====+=====+=====|
|*-1. |* 1. |*-0. || -0. |  1. |  1. ||*-0. |* 1. |*-0. |
|*-0. |*-0. |*-1. || -0. | -1. |  1. ||*-0. |*-0. |*-1. |
|* 1. |*-1. |*-0. || -0. | -0. |  1. ||*-1. |*-1. |* 1. |

, evalForThisState=-1.0, isPlayerOneTurnOriginally=false}, StateDatum{MCTSProbabilites=
|  .0 |  .0 |  .0 ||  .0 |  .0 |  .0 ||  .0 |  .0 |  .0 |
|  .0 |  .0 |  .0 ||  .0 |  .0 |  .0 ||  .0 |  .0 |  .0 |
|  .0 |  .0 |  .0 ||  .0 |  .0 |  .0 ||  .0 |  .0 |  .0 |
|========+========+========||========+========+========||========+========+========|
|  .0 |  .0 |  .0 ||  .0 |  .0 |  .0 ||  .0 |  .0 |  .0 |
|  .0 |  .0 |  .0 ||  .0 |  .0 |  .0 ||  .0 |  .0 |  .0 |
|  .0 |  .0 |  .0 ||  .0 |  .0 |  .0 ||  .0 |  .0 |  .0 |
|========+========+========||========+========+========||========+========+========|
|  .0 |  .0 |  .0 ||  .0 |  .0 |  .0 ||  .2429 |  .0 |  .1864 |
|  .0 |  .0 |  .0 ||  .0 |  .0 |  .0 ||  .2858 |  .2849 |  .0 |
|  .0 |  .0 |  .0 ||  .0 |  .0 |  .0 ||  .0 |  .0 |  .0 |

, state=
|  0. |  0. |  0. ||  1. |  1. |  0. ||  0. |  0. |  0. |
|  0. |  0. | -1. || -1. |  0. |  0. || -1. |  0. |  0. |
| -1. | -1. |  0. ||  1. |  1. |  1. || -1. |  1. |  0. |
|=====+=====+=====||=====+=====+=====||=====+=====+=====|
|  0. |  0. |  0. ||  0. | -1. |  0. ||  1. | -1. |  1. |
|  1. |  0. |  1. || -1. |  0. |  0. ||  0. |  1. | -1. |
|  0. |  1. | -1. ||  0. |  0. |  0. ||  0. |  0. |  1. |
|=====+=====+=====||=====+=====+=====||=====+=====+=====|
|  1. | -1. |  0. ||  0. | -1. | -1. ||* 0. |*-1. |* 0. |
|  0. |  0. |  1. ||  0. |  1. | -1. ||* 0. |* 0. |* 1. |
| -1. |  1. | -1. ||  0. |  0. | -1. ||* 1. |* 1. |*-1. |

, evalForThisState=1.0, isPlayerOneTurnOriginally=true}, StateDatum{MCTSProbabilites=
|  .0 |  .0 |  .0 ||  .0 |  .0 |  .0 ||  .0 |  .0 |  .0 |
|  .0 |  .0 |  .0 ||  .0 |  .0 |  .0 ||  .0 |  .0 |  .0 |
|  .0 |  .0 |  .0 ||  .0 |  .0 |  .0 ||  .0 |  .0 |  .0 |
|========+========+========||========+========+========||========+========+========|
|  .1649 |  .1857 |  .2424 ||  .0 |  .0 |  .0 ||  .0 |  .0 |  .0 |
|  .0 |  .3093 |  .0 ||  .0 |  .0 |  .0 ||  .0 |  .0 |  .0 |
|  .0977 |  .0 |  .0 ||  .0 |  .0 |  .0 ||  .0 |  .0 |  .0 |
|========+========+========||========+========+========||========+========+========|
|  .0 |  .0 |  .0 ||  .0 |  .0 |  .0 ||  .0 |  .0 |  .0 |
|  .0 |  .0 |  .0 ||  .0 |  .0 |  .0 ||  .0 |  .0 |  .0 |
|  .0 |  .0 |  .0 ||  .0 |  .0 |  .0 ||  .0 |  .0 |  .0 |

, state=
| -0. | -0. | -0. || -1. | -1. | -0. || -0. | -0. | -0. |
| -0. | -0. |  1. ||  1. | -0. | -0. ||  1. | -0. | -0. |
|  1. |  1. | -0. || -1. | -1. | -1. ||  1. | -1. | -0. |
|=====+=====+=====||=====+=====+=====||=====+=====+=====|
|*-0. |*-0. |*-0. || -0. |  1. | -0. || -1. |  1. | -1. |
|*-1. |*-0. |*-1. ||  1. | -0. | -0. || -0. | -1. |  1. |
|*-0. |*-1. |* 1. || -0. | -0. | -0. || -0. | -0. | -1. |
|=====+=====+=====||=====+=====+=====||=====+=====+=====|
| -1. |  1. | -0. || -0. |  1. |  1. || -0. |  1. | -0. |
| -0. | -0. | -1. || -0. | -1. |  1. || -1. | -0. | -1. |
|  1. | -1. |  1. || -0. | -0. |  1. || -1. | -1. |  1. |

, evalForThisState=-1.0, isPlayerOneTurnOriginally=false}, StateDatum{MCTSProbabilites=
|  .0 |  .0 |  .0 ||  .0 |  .0 |  .0 ||  .0 |  .0 |  .0 |
|  .0 |  .0 |  .0 ||  .0 |  .0 |  .0 ||  .0 |  .0 |  .0 |
|  .0 |  .0 |  .0 ||  .0 |  .0 |  .0 ||  .0 |  .0 |  .0 |
|========+========+========||========+========+========||========+========+========|
|  .0 |  .0 |  .0 ||  .1096 |  .0 |  .1829 ||  .0 |  .0 |  .0 |
|  .0 |  .0 |  .0 ||  .0 |  .0927 |  .0938 ||  .0 |  .0 |  .0 |
|  .0 |  .0 |  .0 ||  .2166 |  .1298 |  .1746 ||  .0 |  .0 |  .0 |
|========+========+========||========+========+========||========+========+========|
|  .0 |  .0 |  .0 ||  .0 |  .0 |  .0 ||  .0 |  .0 |  .0 |
|  .0 |  .0 |  .0 ||  .0 |  .0 |  .0 ||  .0 |  .0 |  .0 |
|  .0 |  .0 |  .0 ||  .0 |  .0 |  .0 ||  .0 |  .0 |  .0 |

, state=
|  0. |  0. |  0. ||  1. |  1. |  0. ||  0. |  0. |  0. |
|  0. |  0. | -1. || -1. |  0. |  0. || -1. |  0. |  0. |
| -1. | -1. |  0. ||  1. |  1. |  1. || -1. |  1. |  0. |
|=====+=====+=====||=====+=====+=====||=====+=====+=====|
|  0. |  0. |  0. ||* 0. |*-1. |* 0. ||  1. | -1. |  1. |
|  1. | -1. |  1. ||*-1. |* 0. |* 0. ||  0. |  1. | -1. |
|  0. |  1. | -1. ||* 0. |* 0. |* 0. ||  0. |  0. |  1. |
|=====+=====+=====||=====+=====+=====||=====+=====+=====|
|  1. | -1. |  0. ||  0. | -1. | -1. ||  0. | -1. |  0. |
|  0. |  0. |  1. ||  0. |  1. | -1. ||  1. |  0. |  1. |
| -1. |  1. | -1. ||  0. |  0. | -1. ||  1. |  1. | -1. |

, evalForThisState=1.0, isPlayerOneTurnOriginally=true}, StateDatum{MCTSProbabilites=
|  .0 |  .0 |  .0 ||  .0 |  .0 |  .0 ||  .0 |  .0 |  .0 |
|  .0 |  .0 |  .0 ||  .0 |  .0 |  .0 ||  .0 |  .0 |  .0 |
|  .0 |  .0 |  .0 ||  .0 |  .0 |  .0 ||  .0 |  .0 |  .0 |
|========+========+========||========+========+========||========+========+========|
|  .0 |  .0 |  .0 ||  .0 |  .0 |  .0 ||  .0 |  .0 |  .0 |
|  .0 |  .0 |  .0 ||  .0 |  .0 |  .0 ||  .0 |  .0 |  .0 |
|  .0 |  .0 |  .0 ||  .0 |  .0 |  .0 ||  .0 |  .0 |  .0 |
|========+========+========||========+========+========||========+========+========|
|  .0 |  .0 |  .3331 ||  .0 |  .0 |  .0 ||  .0 |  .0 |  .0 |
|  .3542 |  .3127 |  .0 ||  .0 |  .0 |  .0 ||  .0 |  .0 |  .0 |
|  .0 |  .0 |  .0 ||  .0 |  .0 |  .0 ||  .0 |  .0 |  .0 |

, state=
| -0. | -0. | -0. || -1. | -1. | -0. || -0. | -0. | -0. |
| -0. | -0. |  1. ||  1. | -0. | -0. ||  1. | -0. | -0. |
|  1. |  1. | -0. || -1. | -1. | -1. ||  1. | -1. | -0. |
|=====+=====+=====||=====+=====+=====||=====+=====+=====|
| -0. | -0. | -0. || -0. |  1. | -0. || -1. |  1. | -1. |
| -1. |  1. | -1. ||  1. | -0. | -0. || -0. | -1. |  1. |
| -0. | -1. |  1. || -1. | -0. | -0. || -0. | -0. | -1. |
|=====+=====+=====||=====+=====+=====||=====+=====+=====|
|*-1. |* 1. |*-0. || -0. |  1. |  1. || -0. |  1. | -0. |
|*-0. |*-0. |*-1. || -0. | -1. |  1. || -1. | -0. | -1. |
|* 1. |*-1. |* 1. || -0. | -0. |  1. || -1. | -1. |  1. |

, evalForThisState=-1.0, isPlayerOneTurnOriginally=false}, StateDatum{MCTSProbabilites=
|  .0 |  .0 |  .0 ||  .0 |  .0 |  .0 ||  .0 |  .0 |  .0 |
|  .0 |  .0 |  .0 ||  .0 |  .0 |  .0 ||  .0 |  .0 |  .0 |
|  .0 |  .0 |  .0 ||  .0 |  .0 |  .0 ||  .0 |  .0 |  .0 |
|========+========+========||========+========+========||========+========+========|
|  .175 |  .2241 |  .2426 ||  .0 |  .0 |  .0 ||  .0 |  .0 |  .0 |
|  .0 |  .0 |  .0 ||  .0 |  .0 |  .0 ||  .0 |  .0 |  .0 |
|  .3583 |  .0 |  .0 ||  .0 |  .0 |  .0 ||  .0 |  .0 |  .0 |
|========+========+========||========+========+========||========+========+========|
|  .0 |  .0 |  .0 ||  .0 |  .0 |  .0 ||  .0 |  .0 |  .0 |
|  .0 |  .0 |  .0 ||  .0 |  .0 |  .0 ||  .0 |  .0 |  .0 |
|  .0 |  .0 |  .0 ||  .0 |  .0 |  .0 ||  .0 |  .0 |  .0 |

, state=
|  0. |  0. |  0. ||  1. |  1. |  0. ||  0. |  0. |  0. |
|  0. |  0. | -1. || -1. |  0. |  0. || -1. |  0. |  0. |
| -1. | -1. |  0. ||  1. |  1. |  1. || -1. |  1. |  0. |
|=====+=====+=====||=====+=====+=====||=====+=====+=====|
|* 0. |* 0. |* 0. ||  0. | -1. |  0. ||  1. | -1. |  1. |
|* 1. |*-1. |* 1. || -1. |  0. |  0. ||  0. |  1. | -1. |
|* 0. |* 1. |*-1. ||  1. |  0. |  0. ||  0. |  0. |  1. |
|=====+=====+=====||=====+=====+=====||=====+=====+=====|
|  1. | -1. |  0. ||  0. | -1. | -1. ||  0. | -1. |  0. |
| -1. |  0. |  1. ||  0. |  1. | -1. ||  1. |  0. |  1. |
| -1. |  1. | -1. ||  0. |  0. | -1. ||  1. |  1. | -1. |

, evalForThisState=1.0, isPlayerOneTurnOriginally=true}, StateDatum{MCTSProbabilites=
|  .0 |  .0 |  .0 ||  .0 |  .0 |  .0 ||  .0 |  .0 |  .0 |
|  .0 |  .0 |  .0 ||  .0 |  .0 |  .0 ||  .0 |  .0 |  .0 |
|  .0 |  .0 |  .0 ||  .0 |  .0 |  .0 ||  .0 |  .0 |  .0 |
|========+========+========||========+========+========||========+========+========|
|  .0 |  .0 |  .0 ||  .0 |  .0 |  .0 ||  .0 |  .0 |  .0 |
|  .0 |  .0 |  .0 ||  .0 |  .0 |  .0 ||  .0 |  .0 |  .0 |
|  .0 |  .0 |  .0 ||  .0 |  .0 |  .0 ||  .0 |  .0 |  .0 |
|========+========+========||========+========+========||========+========+========|
|  .0 |  .0 |  .5544 ||  .0 |  .0 |  .0 ||  .0 |  .0 |  .0 |
|  .0 |  .4456 |  .0 ||  .0 |  .0 |  .0 ||  .0 |  .0 |  .0 |
|  .0 |  .0 |  .0 ||  .0 |  .0 |  .0 ||  .0 |  .0 |  .0 |

, state=
| -0. | -0. | -0. || -1. | -1. | -0. || -0. | -0. | -0. |
| -0. | -0. |  1. ||  1. | -0. | -0. ||  1. | -0. | -0. |
|  1. |  1. | -0. || -1. | -1. | -1. ||  1. | -1. | -0. |
|=====+=====+=====||=====+=====+=====||=====+=====+=====|
| -0. | -0. | -0. || -0. |  1. | -0. || -1. |  1. | -1. |
| -1. |  1. | -1. ||  1. | -0. | -0. || -0. | -1. |  1. |
| -1. | -1. |  1. || -1. | -0. | -0. || -0. | -0. | -1. |
|=====+=====+=====||=====+=====+=====||=====+=====+=====|
|*-1. |* 1. |*-0. || -0. |  1. |  1. || -0. |  1. | -0. |
|* 1. |*-0. |*-1. || -0. | -1. |  1. || -1. | -0. | -1. |
|* 1. |*-1. |* 1. || -0. | -0. |  1. || -1. | -1. |  1. |

, evalForThisState=-1.0, isPlayerOneTurnOriginally=false}, StateDatum{MCTSProbabilites=
|  .0 |  .0 |  .0 ||  .0 |  .0 |  .0 ||  .0474 |  .1601 |  .0902 |
|  .0 |  .0 |  .0 ||  .0 |  .0 |  .0 ||  .0 |  .5251 |  .0711 |
|  .0 |  .0 |  .0 ||  .0 |  .0 |  .0 ||  .0 |  .0 |  .1061 |
|========+========+========||========+========+========||========+========+========|
|  .0 |  .0 |  .0 ||  .0 |  .0 |  .0 ||  .0 |  .0 |  .0 |
|  .0 |  .0 |  .0 ||  .0 |  .0 |  .0 ||  .0 |  .0 |  .0 |
|  .0 |  .0 |  .0 ||  .0 |  .0 |  .0 ||  .0 |  .0 |  .0 |
|========+========+========||========+========+========||========+========+========|
|  .0 |  .0 |  .0 ||  .0 |  .0 |  .0 ||  .0 |  .0 |  .0 |
|  .0 |  .0 |  .0 ||  .0 |  .0 |  .0 ||  .0 |  .0 |  .0 |
|  .0 |  .0 |  .0 ||  .0 |  .0 |  .0 ||  .0 |  .0 |  .0 |

, state=
|  0. |  0. |  0. ||  1. |  1. |  0. ||* 0. |* 0. |* 0. |
|  0. |  0. | -1. || -1. |  0. |  0. ||*-1. |* 0. |* 0. |
| -1. | -1. |  0. ||  1. |  1. |  1. ||*-1. |* 1. |* 0. |
|=====+=====+=====||=====+=====+=====||=====+=====+=====|
|  0. |  0. |  0. ||  0. | -1. |  0. ||  1. | -1. |  1. |
|  1. | -1. |  1. || -1. |  0. |  0. ||  0. |  1. | -1. |
|  1. |  1. | -1. ||  1. |  0. |  0. ||  0. |  0. |  1. |
|=====+=====+=====||=====+=====+=====||=====+=====+=====|
|  1. | -1. | -1. ||  0. | -1. | -1. ||  0. | -1. |  0. |
| -1. |  0. |  1. ||  0. |  1. | -1. ||  1. |  0. |  1. |
| -1. |  1. | -1. ||  0. |  0. | -1. ||  1. |  1. | -1. |

, evalForThisState=1.0, isPlayerOneTurnOriginally=true}, StateDatum{MCTSProbabilites=
|  .0 |  .0 |  .0 ||  .0 |  .0 |  .0 ||  .0 |  .0 |  .0 |
|  .0 |  .0 |  .0 ||  .0 |  .0 |  .0 ||  .0 |  .0 |  .0 |
|  .0 |  .0 |  .0 ||  .0 |  .0 |  .0 ||  .0 |  .0 |  .0 |
|========+========+========||========+========+========||========+========+========|
|  .0 |  .0 |  .0 ||  .1405 |  .0 |  .1146 ||  .0 |  .0 |  .0 |
|  .0 |  .0 |  .0 ||  .0 |  .1017 |  .1167 ||  .0 |  .0 |  .0 |
|  .0 |  .0 |  .0 ||  .0 |  .0919 |  .4346 ||  .0 |  .0 |  .0 |
|========+========+========||========+========+========||========+========+========|
|  .0 |  .0 |  .0 ||  .0 |  .0 |  .0 ||  .0 |  .0 |  .0 |
|  .0 |  .0 |  .0 ||  .0 |  .0 |  .0 ||  .0 |  .0 |  .0 |
|  .0 |  .0 |  .0 ||  .0 |  .0 |  .0 ||  .0 |  .0 |  .0 |

, state=
| -0. | -0. | -0. || -1. | -1. | -0. || -0. | -0. | -0. |
| -0. | -0. |  1. ||  1. | -0. | -0. ||  1. | -1. | -0. |
|  1. |  1. | -0. || -1. | -1. | -1. ||  1. | -1. | -0. |
|=====+=====+=====||=====+=====+=====||=====+=====+=====|
| -0. | -0. | -0. ||*-0. |* 1. |*-0. || -1. |  1. | -1. |
| -1. |  1. | -1. ||* 1. |*-0. |*-0. || -0. | -1. |  1. |
| -1. | -1. |  1. ||*-1. |*-0. |*-0. || -0. | -0. | -1. |
|=====+=====+=====||=====+=====+=====||=====+=====+=====|
| -1. |  1. |  1. || -0. |  1. |  1. || -0. |  1. | -0. |
|  1. | -0. | -1. || -0. | -1. |  1. || -1. | -0. | -1. |
|  1. | -1. |  1. || -0. | -0. |  1. || -1. | -1. |  1. |

, evalForThisState=-1.0, isPlayerOneTurnOriginally=false}, StateDatum{MCTSProbabilites=
|  .0 |  .0 |  .0 ||  .0 |  .0 |  .0 ||  .0 |  .0 |  .0 |
|  .0 |  .0 |  .0 ||  .0 |  .0 |  .0 ||  .0 |  .0 |  .0 |
|  .0 |  .0 |  .0 ||  .0 |  .0 |  .0 ||  .0 |  .0 |  .0 |
|========+========+========||========+========+========||========+========+========|
|  .0 |  .0 |  .0 ||  .0 |  .0 |  .0 ||  .0 |  .0 |  .0 |
|  .0 |  .0 |  .0 ||  .0 |  .0 |  .0 ||  .0 |  .0 |  .0 |
|  .0 |  .0 |  .0 ||  .0 |  .0 |  .0 ||  .0 |  .0 |  .0 |
|========+========+========||========+========+========||========+========+========|
|  .0 |  .0 |  .0 ||  .0 |  .0 |  .0 ||  .9845 |  .0 |  .0012 |
|  .0 |  .0 |  .0 ||  .0 |  .0 |  .0 ||  .0 |  .0142 |  .0 |
|  .0 |  .0 |  .0 ||  .0 |  .0 |  .0 ||  .0 |  .0 |  .0 |

, state=
|  0. |  0. |  0. ||  1. |  1. |  0. ||  0. |  0. |  0. |
|  0. |  0. | -1. || -1. |  0. |  0. || -1. |  1. |  0. |
| -1. | -1. |  0. ||  1. |  1. |  1. || -1. |  1. |  0. |
|=====+=====+=====||=====+=====+=====||=====+=====+=====|
|  0. |  0. |  0. ||  0. | -1. |  0. ||  1. | -1. |  1. |
|  1. | -1. |  1. || -1. |  0. |  0. ||  0. |  1. | -1. |
|  1. |  1. | -1. ||  1. |  0. | -1. ||  0. |  0. |  1. |
|=====+=====+=====||=====+=====+=====||=====+=====+=====|
|  1. | -1. | -1. ||  0. | -1. | -1. ||* 0. |*-1. |* 0. |
| -1. |  0. |  1. ||  0. |  1. | -1. ||* 1. |* 0. |* 1. |
| -1. |  1. | -1. ||  0. |  0. | -1. ||* 1. |* 1. |*-1. |

, evalForThisState=1.0, isPlayerOneTurnOriginally=true}, StateDatum{MCTSProbabilites=
|  .1451 |  .0619 |  .0968 ||  .0 |  .0 |  .0 ||  .0 |  .0 |  .0 |
|  .1058 |  .2693 |  .0 ||  .0 |  .0 |  .0 ||  .0 |  .0 |  .0 |
|  .0 |  .0 |  .3212 ||  .0 |  .0 |  .0 ||  .0 |  .0 |  .0 |
|========+========+========||========+========+========||========+========+========|
|  .0 |  .0 |  .0 ||  .0 |  .0 |  .0 ||  .0 |  .0 |  .0 |
|  .0 |  .0 |  .0 ||  .0 |  .0 |  .0 ||  .0 |  .0 |  .0 |
|  .0 |  .0 |  .0 ||  .0 |  .0 |  .0 ||  .0 |  .0 |  .0 |
|========+========+========||========+========+========||========+========+========|
|  .0 |  .0 |  .0 ||  .0 |  .0 |  .0 ||  .0 |  .0 |  .0 |
|  .0 |  .0 |  .0 ||  .0 |  .0 |  .0 ||  .0 |  .0 |  .0 |
|  .0 |  .0 |  .0 ||  .0 |  .0 |  .0 ||  .0 |  .0 |  .0 |

, state=
|*-0. |*-0. |*-0. || -1. | -1. | -0. || -0. | -0. | -0. |
|*-0. |*-0. |* 1. ||  1. | -0. | -0. ||  1. | -1. | -0. |
|* 1. |* 1. |*-0. || -1. | -1. | -1. ||  1. | -1. | -0. |
|=====+=====+=====||=====+=====+=====||=====+=====+=====|
| -0. | -0. | -0. || -0. |  1. | -0. || -1. |  1. | -1. |
| -1. |  1. | -1. ||  1. | -0. | -0. || -0. | -1. |  1. |
| -1. | -1. |  1. || -1. | -0. |  1. || -0. | -0. | -1. |
|=====+=====+=====||=====+=====+=====||=====+=====+=====|
| -1. |  1. |  1. || -0. |  1. |  1. || -1. |  1. | -0. |
|  1. | -0. | -1. || -0. | -1. |  1. || -1. | -0. | -1. |
|  1. | -1. |  1. || -0. | -0. |  1. || -1. | -1. |  1. |

, evalForThisState=-1.0, isPlayerOneTurnOriginally=false}, StateDatum{MCTSProbabilites=
|  .0 |  .0 |  .0 ||  .0 |  .0 |  .0 ||  .0 |  .9993 |  .0001 |
|  .0 |  .0 |  .0 ||  .0 |  .0 |  .0 ||  .0 |  .0 |  .0001 |
|  .0 |  .0 |  .0 ||  .0 |  .0 |  .0 ||  .0 |  .0 |  .0001 |
|========+========+========||========+========+========||========+========+========|
|  .0001 |  .0 |  .0001 ||  .0 |  .0 |  .0001 ||  .0 |  .0 |  .0 |
|  .0 |  .0 |  .0 ||  .0 |  .0001 |  .0001 ||  .0 |  .0 |  .0 |
|  .0 |  .0 |  .0 ||  .0 |  .0001 |  .0 ||  .0 |  .0 |  .0 |
|========+========+========||========+========+========||========+========+========|
|  .0 |  .0 |  .0 ||  .0 |  .0 |  .0 ||  .0 |  .0 |  .0 |
|  .0 |  .0001 |  .0 ||  .0 |  .0 |  .0 ||  .0 |  .0 |  .0 |
|  .0 |  .0 |  .0 ||  .0 |  .0 |  .0 ||  .0 |  .0 |  .0 |

, state=
|  0. |  0. |  0. ||  1. |  1. |  0. ||* 0. |* 0. |* 0. |
|  0. |  0. | -1. || -1. |  0. |  0. ||*-1. |* 1. |* 0. |
| -1. | -1. | -1. ||  1. |  1. |  1. ||*-1. |* 1. |* 0. |
|=====+=====+=====||=====+=====+=====||=====+=====+=====|
|* 0. |* 0. |* 0. ||* 0. |*-1. |* 0. ||  1. | -1. |  1. |
|* 1. |*-1. |* 1. ||*-1. |* 0. |* 0. ||  0. |  1. | -1. |
|* 1. |* 1. |*-1. ||* 1. |* 0. |*-1. ||  0. |  0. |  1. |
|=====+=====+=====||=====+=====+=====||=====+=====+=====|
|* 1. |*-1. |*-1. ||  0. | -1. | -1. ||  1. | -1. |  0. |
|*-1. |* 0. |* 1. ||  0. |  1. | -1. ||  1. |  0. |  1. |
|*-1. |* 1. |*-1. ||  0. |  0. | -1. ||  1. |  1. | -1. |

, evalForThisState=1.0, isPlayerOneTurnOriginally=true}]
Value network data: 
===========INPUT===================
[[         0,         0,         0,  ...    1.0000,    1.0000,    1.0000], 
 [         0,         0,         0,  ...   -1.0000,   -1.0000,   -1.0000], 
 [         0,         0,         0,  ...    1.0000,   -1.0000,   -1.0000], 
  ..., 
 [         0,         0,         0,  ...   -1.0000,   -1.0000,    1.0000], 
 [         0,         0,         0,  ...   -1.0000,   -1.0000,   -1.0000], 
 [         0,         0,         0,  ...    1.0000,   -1.0000,   -1.0000]]
=================OUTPUT==================
[[1.0000], 
 [-1.0000], 
 [1.0000], 
 [-1.0000], 
 [1.0000], 
 [-1.0000], 
 [1.0000], 
 [-1.0000], 
 [1.0000], 
 [-1.0000], 
 [1.0000], 
 [-1.0000], 
 [1.0000], 
 [-1.0000], 
 [1.0000], 
 [-1.0000], 
 [1.0000], 
 [-1.0000], 
 [1.0000], 
 [-1.0000], 
 [1.0000], 
 [-1.0000], 
 [1.0000], 
 [-1.0000], 
 [1.0000], 
 [-1.0000], 
 [1.0000], 
 [-1.0000], 
 [1.0000], 
 [-1.0000], 
 [1.0000], 
 [-1.0000], 
 [1.0000], 
 [-1.0000], 
 [1.0000], 
 [-1.0000], 
 [1.0000], 
 [-1.0000], 
 [1.0000], 
 [-1.0000], 
 [1.0000], 
 [-1.0000], 
 [1.0000], 
 [-1.0000], 
 [1.0000], 
 [-1.0000], 
 [1.0000], 
 [-1.0000], 
 [1.0000], 
 [-1.0000], 
 [1.0000]]
Policy network data: 
===========INPUT===================
[[         0,         0,         0,  ...    1.0000,    1.0000,    1.0000], 
 [         0,         0,         0,  ...   -1.0000,   -1.0000,   -1.0000], 
 [         0,         0,         0,  ...    1.0000,   -1.0000,   -1.0000], 
  ..., 
 [         0,         0,         0,  ...   -1.0000,   -1.0000,    1.0000], 
 [         0,         0,         0,  ...   -1.0000,   -1.0000,   -1.0000], 
 [         0,         0,         0,  ...    1.0000,   -1.0000,   -1.0000]]
=================OUTPUT==================
[[    0.0102,    0.0089,    0.0143,  ...    0.0104,    0.0102,    0.0169], 
 [         0,         0,         0,  ...         0,         0,         0], 
 [         0,         0,         0,  ...         0,         0,         0], 
  ..., 
 [         0,         0,         0,  ...         0,         0,         0], 
 [    0.1451,    0.0619,    0.0968,  ...         0,         0,         0], 
 [         0,         0,         0,  ...         0,         0,         0]]
W:\Labs\ME\ME187-Fall2024\StudentFiles\CALEBHOTTES\UTTTstuff\data\series1\policy$series1,gameNum24$1729816633821.bin
Took: 1538 s to simulate game
Finished simulating game, see log at: W:\Labs\ME\ME187-Fall2024\StudentFiles\CALEBHOTTES\UTTTstuff\data\logs\series1\game24$1729812532457.log for details.
