Saving data to: W:\Labs\ME\ME187-Fall2024\StudentFiles\CALEBHOTTES\UTTTstuff\series1
Begin custom message: 
DataSeries: series1 game number: 47 

Description: RUCH 238 3.5-4GHz processor. 

Evaluator config=EvaluatorConfiguration{cValue=2.0, maxRolloutDepth=1000, computeTime=30, threads=1, stupidity=0, allowForcePlay=false, maxMyCPU=false}
End custom message
Inital State: 

|* 0. |* 0. |* 0. ||* 0. |* 0. |* 0. ||* 0. |* 0. |* 0. |
|* 0. |* 0. |* 0. ||* 0. |* 0. |* 0. ||* 0. |* 0. |* 0. |
|* 0. |* 0. |* 0. ||* 0. |* 0. |* 0. ||* 0. |* 0. |* 0. |
|=====+=====+=====||=====+=====+=====||=====+=====+=====|
|* 0. |* 0. |* 0. ||* 0. |* 0. |* 0. ||* 0. |* 0. |* 0. |
|* 0. |* 0. |* 0. ||* 0. |* 0. |* 0. ||* 0. |* 0. |* 0. |
|* 0. |* 0. |* 0. ||* 0. |* 0. |* 0. ||* 0. |* 0. |* 0. |
|=====+=====+=====||=====+=====+=====||=====+=====+=====|
|* 0. |* 0. |* 0. ||* 0. |* 0. |* 0. ||* 0. |* 0. |* 0. |
|* 0. |* 0. |* 0. ||* 0. |* 0. |* 0. ||* 0. |* 0. |* 0. |
|* 0. |* 0. |* 0. ||* 0. |* 0. |* 0. ||* 0. |* 0. |* 0. |


state to eval, currenty is playerone turn=true

|* 0. |* 0. |* 0. ||* 0. |* 0. |* 0. ||* 0. |* 0. |* 0. |
|* 0. |* 0. |* 0. ||* 0. |* 0. |* 0. ||* 0. |* 0. |* 0. |
|* 0. |* 0. |* 0. ||* 0. |* 0. |* 0. ||* 0. |* 0. |* 0. |
|=====+=====+=====||=====+=====+=====||=====+=====+=====|
|* 0. |* 0. |* 0. ||* 0. |* 0. |* 0. ||* 0. |* 0. |* 0. |
|* 0. |* 0. |* 0. ||* 0. |* 0. |* 0. ||* 0. |* 0. |* 0. |
|* 0. |* 0. |* 0. ||* 0. |* 0. |* 0. ||* 0. |* 0. |* 0. |
|=====+=====+=====||=====+=====+=====||=====+=====+=====|
|* 0. |* 0. |* 0. ||* 0. |* 0. |* 0. ||* 0. |* 0. |* 0. |
|* 0. |* 0. |* 0. ||* 0. |* 0. |* 0. ||* 0. |* 0. |* 0. |
|* 0. |* 0. |* 0. ||* 0. |* 0. |* 0. ||* 0. |* 0. |* 0. |


Determined best move using: 1216666Iterations
current State

|  0. |  0. |  0. ||  0. |  0. |  0. ||  0. |  0. |  0. |
|  0. |  0. |  0. ||  0. |  0. |  0. ||  0. |  0. |  0. |
|  0. |  0. |  0. ||  0. |  0. |  0. ||  0. |  0. |  0. |
|=====+=====+=====||=====+=====+=====||=====+=====+=====|
|  0. |  0. |  0. ||  0. |  0. |  0. ||  0. |  0. |  0. |
|  0. |  0. |  0. ||  0. |  0. |  0. ||  0. |  0. |  0. |
|  0. |  0. |  0. ||  0. |  0. |  0. ||  0. |  0. |  0. |
|=====+=====+=====||=====+=====+=====||=====+=====+=====|
|* 0. |* 0. |* 0. ||  0. |  0. |  0. ||  0. |  0. |  0. |
|* 0. |* 0. |* 0. ||  0. |  0. |  0. ||  0. |  0. |  0. |
|* 0. |* 0. |* 0. ||  0. |  0. |  0. ||  1. |  0. |  0. |


state to eval, currenty is playerone turn=false

| -0. | -0. | -0. || -0. | -0. | -0. || -0. | -0. | -0. |
| -0. | -0. | -0. || -0. | -0. | -0. || -0. | -0. | -0. |
| -0. | -0. | -0. || -0. | -0. | -0. || -0. | -0. | -0. |
|=====+=====+=====||=====+=====+=====||=====+=====+=====|
| -0. | -0. | -0. || -0. | -0. | -0. || -0. | -0. | -0. |
| -0. | -0. | -0. || -0. | -0. | -0. || -0. | -0. | -0. |
| -0. | -0. | -0. || -0. | -0. | -0. || -0. | -0. | -0. |
|=====+=====+=====||=====+=====+=====||=====+=====+=====|
|*-0. |*-0. |*-0. || -0. | -0. | -0. || -0. | -0. | -0. |
|*-0. |*-0. |*-0. || -0. | -0. | -0. || -0. | -0. | -0. |
|*-0. |*-0. |*-0. || -0. | -0. | -0. || -1. | -0. | -0. |


Determined best move using: 898811Iterations
current State

|  0. |  0. |  0. ||  0. |  0. |  0. ||  0. |  0. |  0. |
|  0. |  0. |  0. ||  0. |  0. |  0. ||  0. |  0. |  0. |
|  0. |  0. |  0. ||  0. |  0. |  0. ||  0. |  0. |  0. |
|=====+=====+=====||=====+=====+=====||=====+=====+=====|
|  0. |  0. |  0. ||  0. |  0. |  0. ||  0. |  0. |  0. |
|  0. |  0. |  0. ||  0. |  0. |  0. ||  0. |  0. |  0. |
|  0. |  0. |  0. ||  0. |  0. |  0. ||  0. |  0. |  0. |
|=====+=====+=====||=====+=====+=====||=====+=====+=====|
|* 0. |* 0. |* 0. ||  0. |  0. |  0. ||  0. |  0. |  0. |
|* 0. |* 0. |* 0. ||  0. |  0. |  0. ||  0. |  0. |  0. |
|*-1. |* 0. |* 0. ||  0. |  0. |  0. ||  1. |  0. |  0. |


state to eval, currenty is playerone turn=true

|  0. |  0. |  0. ||  0. |  0. |  0. ||  0. |  0. |  0. |
|  0. |  0. |  0. ||  0. |  0. |  0. ||  0. |  0. |  0. |
|  0. |  0. |  0. ||  0. |  0. |  0. ||  0. |  0. |  0. |
|=====+=====+=====||=====+=====+=====||=====+=====+=====|
|  0. |  0. |  0. ||  0. |  0. |  0. ||  0. |  0. |  0. |
|  0. |  0. |  0. ||  0. |  0. |  0. ||  0. |  0. |  0. |
|  0. |  0. |  0. ||  0. |  0. |  0. ||  0. |  0. |  0. |
|=====+=====+=====||=====+=====+=====||=====+=====+=====|
|* 0. |* 0. |* 0. ||  0. |  0. |  0. ||  0. |  0. |  0. |
|* 0. |* 0. |* 0. ||  0. |  0. |  0. ||  0. |  0. |  0. |
|*-1. |* 0. |* 0. ||  0. |  0. |  0. ||  1. |  0. |  0. |


Determined best move using: 1582383Iterations
current State

|  0. |  0. |  0. ||  0. |  0. |  0. ||  0. |  0. |  0. |
|  0. |  0. |  0. ||  0. |  0. |  0. ||  0. |  0. |  0. |
|  0. |  0. |  0. ||  0. |  0. |  0. ||  0. |  0. |  0. |
|=====+=====+=====||=====+=====+=====||=====+=====+=====|
|  0. |  0. |  0. ||  0. |  0. |  0. ||  0. |  0. |  0. |
|  0. |  0. |  0. ||  0. |  0. |  0. ||  0. |  0. |  0. |
|  0. |  0. |  0. ||  0. |  0. |  0. ||  0. |  0. |  0. |
|=====+=====+=====||=====+=====+=====||=====+=====+=====|
|  0. |  0. |  0. ||* 0. |* 0. |* 0. ||  0. |  0. |  0. |
|  0. |  0. |  0. ||* 0. |* 0. |* 0. ||  0. |  0. |  0. |
| -1. |  1. |  0. ||* 0. |* 0. |* 0. ||  1. |  0. |  0. |


state to eval, currenty is playerone turn=false

| -0. | -0. | -0. || -0. | -0. | -0. || -0. | -0. | -0. |
| -0. | -0. | -0. || -0. | -0. | -0. || -0. | -0. | -0. |
| -0. | -0. | -0. || -0. | -0. | -0. || -0. | -0. | -0. |
|=====+=====+=====||=====+=====+=====||=====+=====+=====|
| -0. | -0. | -0. || -0. | -0. | -0. || -0. | -0. | -0. |
| -0. | -0. | -0. || -0. | -0. | -0. || -0. | -0. | -0. |
| -0. | -0. | -0. || -0. | -0. | -0. || -0. | -0. | -0. |
|=====+=====+=====||=====+=====+=====||=====+=====+=====|
| -0. | -0. | -0. ||*-0. |*-0. |*-0. || -0. | -0. | -0. |
| -0. | -0. | -0. ||*-0. |*-0. |*-0. || -0. | -0. | -0. |
|  1. | -1. | -0. ||*-0. |*-0. |*-0. || -1. | -0. | -0. |


current State

|  0. |  0. |  0. ||  0. |  0. |  0. ||  0. |  0. |  0. |
|  0. |  0. |  0. ||  0. |  0. |  0. ||  0. |  0. |  0. |
|  0. |  0. |  0. ||  0. |  0. |  0. ||  0. |  0. |  0. |
|=====+=====+=====||=====+=====+=====||=====+=====+=====|
|* 0. |* 0. |* 0. ||  0. |  0. |  0. ||  0. |  0. |  0. |
|* 0. |* 0. |* 0. ||  0. |  0. |  0. ||  0. |  0. |  0. |
|* 0. |* 0. |* 0. ||  0. |  0. |  0. ||  0. |  0. |  0. |
|=====+=====+=====||=====+=====+=====||=====+=====+=====|
|  0. |  0. |  0. ||  0. |  0. |  0. ||  0. |  0. |  0. |
|  0. |  0. |  0. || -1. |  0. |  0. ||  0. |  0. |  0. |
| -1. |  1. |  0. ||  0. |  0. |  0. ||  1. |  0. |  0. |


state to eval, currenty is playerone turn=true

|  0. |  0. |  0. ||  0. |  0. |  0. ||  0. |  0. |  0. |
|  0. |  0. |  0. ||  0. |  0. |  0. ||  0. |  0. |  0. |
|  0. |  0. |  0. ||  0. |  0. |  0. ||  0. |  0. |  0. |
|=====+=====+=====||=====+=====+=====||=====+=====+=====|
|* 0. |* 0. |* 0. ||  0. |  0. |  0. ||  0. |  0. |  0. |
|* 0. |* 0. |* 0. ||  0. |  0. |  0. ||  0. |  0. |  0. |
|* 0. |* 0. |* 0. ||  0. |  0. |  0. ||  0. |  0. |  0. |
|=====+=====+=====||=====+=====+=====||=====+=====+=====|
|  0. |  0. |  0. ||  0. |  0. |  0. ||  0. |  0. |  0. |
|  0. |  0. |  0. || -1. |  0. |  0. ||  0. |  0. |  0. |
| -1. |  1. |  0. ||  0. |  0. |  0. ||  1. |  0. |  0. |


Determined best move using: 58948Iterations
current State

|  0. |  0. |  0. ||  0. |  0. |  0. ||  0. |  0. |  0. |
|  0. |  0. |  0. ||  0. |  0. |  0. ||  0. |  0. |  0. |
|  0. |  0. |  0. ||  0. |  0. |  0. ||  0. |  0. |  0. |
|=====+=====+=====||=====+=====+=====||=====+=====+=====|
|  0. |  0. |  0. ||* 0. |* 0. |* 0. ||  0. |  0. |  0. |
|  0. |  1. |  0. ||* 0. |* 0. |* 0. ||  0. |  0. |  0. |
|  0. |  0. |  0. ||* 0. |* 0. |* 0. ||  0. |  0. |  0. |
|=====+=====+=====||=====+=====+=====||=====+=====+=====|
|  0. |  0. |  0. ||  0. |  0. |  0. ||  0. |  0. |  0. |
|  0. |  0. |  0. || -1. |  0. |  0. ||  0. |  0. |  0. |
| -1. |  1. |  0. ||  0. |  0. |  0. ||  1. |  0. |  0. |


state to eval, currenty is playerone turn=false

| -0. | -0. | -0. || -0. | -0. | -0. || -0. | -0. | -0. |
| -0. | -0. | -0. || -0. | -0. | -0. || -0. | -0. | -0. |
| -0. | -0. | -0. || -0. | -0. | -0. || -0. | -0. | -0. |
|=====+=====+=====||=====+=====+=====||=====+=====+=====|
| -0. | -0. | -0. ||*-0. |*-0. |*-0. || -0. | -0. | -0. |
| -0. | -1. | -0. ||*-0. |*-0. |*-0. || -0. | -0. | -0. |
| -0. | -0. | -0. ||*-0. |*-0. |*-0. || -0. | -0. | -0. |
|=====+=====+=====||=====+=====+=====||=====+=====+=====|
| -0. | -0. | -0. || -0. | -0. | -0. || -0. | -0. | -0. |
| -0. | -0. | -0. ||  1. | -0. | -0. || -0. | -0. | -0. |
|  1. | -1. | -0. || -0. | -0. | -0. || -1. | -0. | -0. |


Determined best move using: 63952Iterations
current State

|  0. |  0. |  0. ||  0. |  0. |  0. ||  0. |  0. |  0. |
|  0. |  0. |  0. ||  0. |  0. |  0. ||  0. |  0. |  0. |
|  0. |  0. |  0. ||  0. |  0. |  0. ||  0. |  0. |  0. |
|=====+=====+=====||=====+=====+=====||=====+=====+=====|
|  0. |  0. |  0. ||  0. |  0. |  0. ||  0. |  0. |  0. |
|  0. |  1. |  0. ||  0. |  0. |  0. ||  0. |  0. |  0. |
|  0. |  0. |  0. || -1. |  0. |  0. ||  0. |  0. |  0. |
|=====+=====+=====||=====+=====+=====||=====+=====+=====|
|* 0. |* 0. |* 0. ||  0. |  0. |  0. ||  0. |  0. |  0. |
|* 0. |* 0. |* 0. || -1. |  0. |  0. ||  0. |  0. |  0. |
|*-1. |* 1. |* 0. ||  0. |  0. |  0. ||  1. |  0. |  0. |


state to eval, currenty is playerone turn=true

|  0. |  0. |  0. ||  0. |  0. |  0. ||  0. |  0. |  0. |
|  0. |  0. |  0. ||  0. |  0. |  0. ||  0. |  0. |  0. |
|  0. |  0. |  0. ||  0. |  0. |  0. ||  0. |  0. |  0. |
|=====+=====+=====||=====+=====+=====||=====+=====+=====|
|  0. |  0. |  0. ||  0. |  0. |  0. ||  0. |  0. |  0. |
|  0. |  1. |  0. ||  0. |  0. |  0. ||  0. |  0. |  0. |
|  0. |  0. |  0. || -1. |  0. |  0. ||  0. |  0. |  0. |
|=====+=====+=====||=====+=====+=====||=====+=====+=====|
|* 0. |* 0. |* 0. ||  0. |  0. |  0. ||  0. |  0. |  0. |
|* 0. |* 0. |* 0. || -1. |  0. |  0. ||  0. |  0. |  0. |
|*-1. |* 1. |* 0. ||  0. |  0. |  0. ||  1. |  0. |  0. |


Determined best move using: 63574Iterations
current State

|  0. |  0. |  0. ||* 0. |* 0. |* 0. ||  0. |  0. |  0. |
|  0. |  0. |  0. ||* 0. |* 0. |* 0. ||  0. |  0. |  0. |
|  0. |  0. |  0. ||* 0. |* 0. |* 0. ||  0. |  0. |  0. |
|=====+=====+=====||=====+=====+=====||=====+=====+=====|
|  0. |  0. |  0. ||  0. |  0. |  0. ||  0. |  0. |  0. |
|  0. |  1. |  0. ||  0. |  0. |  0. ||  0. |  0. |  0. |
|  0. |  0. |  0. || -1. |  0. |  0. ||  0. |  0. |  0. |
|=====+=====+=====||=====+=====+=====||=====+=====+=====|
|  0. |  1. |  0. ||  0. |  0. |  0. ||  0. |  0. |  0. |
|  0. |  0. |  0. || -1. |  0. |  0. ||  0. |  0. |  0. |
| -1. |  1. |  0. ||  0. |  0. |  0. ||  1. |  0. |  0. |


state to eval, currenty is playerone turn=false

| -0. | -0. | -0. ||*-0. |*-0. |*-0. || -0. | -0. | -0. |
| -0. | -0. | -0. ||*-0. |*-0. |*-0. || -0. | -0. | -0. |
| -0. | -0. | -0. ||*-0. |*-0. |*-0. || -0. | -0. | -0. |
|=====+=====+=====||=====+=====+=====||=====+=====+=====|
| -0. | -0. | -0. || -0. | -0. | -0. || -0. | -0. | -0. |
| -0. | -1. | -0. || -0. | -0. | -0. || -0. | -0. | -0. |
| -0. | -0. | -0. ||  1. | -0. | -0. || -0. | -0. | -0. |
|=====+=====+=====||=====+=====+=====||=====+=====+=====|
| -0. | -1. | -0. || -0. | -0. | -0. || -0. | -0. | -0. |
| -0. | -0. | -0. ||  1. | -0. | -0. || -0. | -0. | -0. |
|  1. | -1. | -0. || -0. | -0. | -0. || -1. | -0. | -0. |


Determined best move using: 66824Iterations
current State

|  0. |  0. |  0. ||  0. |  0. |  0. ||  0. |  0. |  0. |
|  0. |  0. |  0. ||  0. |  0. |  0. ||  0. |  0. |  0. |
|  0. |  0. |  0. ||  0. |  0. | -1. ||  0. |  0. |  0. |
|=====+=====+=====||=====+=====+=====||=====+=====+=====|
|  0. |  0. |  0. ||  0. |  0. |  0. ||  0. |  0. |  0. |
|  0. |  1. |  0. ||  0. |  0. |  0. ||  0. |  0. |  0. |
|  0. |  0. |  0. || -1. |  0. |  0. ||  0. |  0. |  0. |
|=====+=====+=====||=====+=====+=====||=====+=====+=====|
|  0. |  1. |  0. ||  0. |  0. |  0. ||* 0. |* 0. |* 0. |
|  0. |  0. |  0. || -1. |  0. |  0. ||* 0. |* 0. |* 0. |
| -1. |  1. |  0. ||  0. |  0. |  0. ||* 1. |* 0. |* 0. |


state to eval, currenty is playerone turn=true

|  0. |  0. |  0. ||  0. |  0. |  0. ||  0. |  0. |  0. |
|  0. |  0. |  0. ||  0. |  0. |  0. ||  0. |  0. |  0. |
|  0. |  0. |  0. ||  0. |  0. | -1. ||  0. |  0. |  0. |
|=====+=====+=====||=====+=====+=====||=====+=====+=====|
|  0. |  0. |  0. ||  0. |  0. |  0. ||  0. |  0. |  0. |
|  0. |  1. |  0. ||  0. |  0. |  0. ||  0. |  0. |  0. |
|  0. |  0. |  0. || -1. |  0. |  0. ||  0. |  0. |  0. |
|=====+=====+=====||=====+=====+=====||=====+=====+=====|
|  0. |  1. |  0. ||  0. |  0. |  0. ||* 0. |* 0. |* 0. |
|  0. |  0. |  0. || -1. |  0. |  0. ||* 0. |* 0. |* 0. |
| -1. |  1. |  0. ||  0. |  0. |  0. ||* 1. |* 0. |* 0. |


Determined best move using: 67931Iterations
current State

|  0. |  0. |  0. ||* 0. |* 0. |* 0. ||  0. |  0. |  0. |
|  0. |  0. |  0. ||* 0. |* 0. |* 0. ||  0. |  0. |  0. |
|  0. |  0. |  0. ||* 0. |* 0. |*-1. ||  0. |  0. |  0. |
|=====+=====+=====||=====+=====+=====||=====+=====+=====|
|  0. |  0. |  0. ||  0. |  0. |  0. ||  0. |  0. |  0. |
|  0. |  1. |  0. ||  0. |  0. |  0. ||  0. |  0. |  0. |
|  0. |  0. |  0. || -1. |  0. |  0. ||  0. |  0. |  0. |
|=====+=====+=====||=====+=====+=====||=====+=====+=====|
|  0. |  1. |  0. ||  0. |  0. |  0. ||  0. |  1. |  0. |
|  0. |  0. |  0. || -1. |  0. |  0. ||  0. |  0. |  0. |
| -1. |  1. |  0. ||  0. |  0. |  0. ||  1. |  0. |  0. |


state to eval, currenty is playerone turn=false

| -0. | -0. | -0. ||*-0. |*-0. |*-0. || -0. | -0. | -0. |
| -0. | -0. | -0. ||*-0. |*-0. |*-0. || -0. | -0. | -0. |
| -0. | -0. | -0. ||*-0. |*-0. |* 1. || -0. | -0. | -0. |
|=====+=====+=====||=====+=====+=====||=====+=====+=====|
| -0. | -0. | -0. || -0. | -0. | -0. || -0. | -0. | -0. |
| -0. | -1. | -0. || -0. | -0. | -0. || -0. | -0. | -0. |
| -0. | -0. | -0. ||  1. | -0. | -0. || -0. | -0. | -0. |
|=====+=====+=====||=====+=====+=====||=====+=====+=====|
| -0. | -1. | -0. || -0. | -0. | -0. || -0. | -1. | -0. |
| -0. | -0. | -0. ||  1. | -0. | -0. || -0. | -0. | -0. |
|  1. | -1. | -0. || -0. | -0. | -0. || -1. | -0. | -0. |


Determined best move using: 68527Iterations
current State

|  0. |  0. |  0. ||  0. |  0. |  0. ||  0. |  0. |  0. |
|  0. |  0. |  0. ||  0. | -1. |  0. ||  0. |  0. |  0. |
|  0. |  0. |  0. ||  0. |  0. | -1. ||  0. |  0. |  0. |
|=====+=====+=====||=====+=====+=====||=====+=====+=====|
|  0. |  0. |  0. ||* 0. |* 0. |* 0. ||  0. |  0. |  0. |
|  0. |  1. |  0. ||* 0. |* 0. |* 0. ||  0. |  0. |  0. |
|  0. |  0. |  0. ||*-1. |* 0. |* 0. ||  0. |  0. |  0. |
|=====+=====+=====||=====+=====+=====||=====+=====+=====|
|  0. |  1. |  0. ||  0. |  0. |  0. ||  0. |  1. |  0. |
|  0. |  0. |  0. || -1. |  0. |  0. ||  0. |  0. |  0. |
| -1. |  1. |  0. ||  0. |  0. |  0. ||  1. |  0. |  0. |


state to eval, currenty is playerone turn=true

|  0. |  0. |  0. ||  0. |  0. |  0. ||  0. |  0. |  0. |
|  0. |  0. |  0. ||  0. | -1. |  0. ||  0. |  0. |  0. |
|  0. |  0. |  0. ||  0. |  0. | -1. ||  0. |  0. |  0. |
|=====+=====+=====||=====+=====+=====||=====+=====+=====|
|  0. |  0. |  0. ||* 0. |* 0. |* 0. ||  0. |  0. |  0. |
|  0. |  1. |  0. ||* 0. |* 0. |* 0. ||  0. |  0. |  0. |
|  0. |  0. |  0. ||*-1. |* 0. |* 0. ||  0. |  0. |  0. |
|=====+=====+=====||=====+=====+=====||=====+=====+=====|
|  0. |  1. |  0. ||  0. |  0. |  0. ||  0. |  1. |  0. |
|  0. |  0. |  0. || -1. |  0. |  0. ||  0. |  0. |  0. |
| -1. |  1. |  0. ||  0. |  0. |  0. ||  1. |  0. |  0. |


Determined best move using: 70184Iterations
current State

|  0. |  0. |  0. ||  0. |  0. |  0. ||  0. |  0. |  0. |
|  0. |  0. |  0. ||  0. | -1. |  0. ||  0. |  0. |  0. |
|  0. |  0. |  0. ||  0. |  0. | -1. ||  0. |  0. |  0. |
|=====+=====+=====||=====+=====+=====||=====+=====+=====|
|* 0. |* 0. |* 0. ||  0. |  0. |  0. ||  0. |  0. |  0. |
|* 0. |* 1. |* 0. ||  1. |  0. |  0. ||  0. |  0. |  0. |
|* 0. |* 0. |* 0. || -1. |  0. |  0. ||  0. |  0. |  0. |
|=====+=====+=====||=====+=====+=====||=====+=====+=====|
|  0. |  1. |  0. ||  0. |  0. |  0. ||  0. |  1. |  0. |
|  0. |  0. |  0. || -1. |  0. |  0. ||  0. |  0. |  0. |
| -1. |  1. |  0. ||  0. |  0. |  0. ||  1. |  0. |  0. |


state to eval, currenty is playerone turn=false

| -0. | -0. | -0. || -0. | -0. | -0. || -0. | -0. | -0. |
| -0. | -0. | -0. || -0. |  1. | -0. || -0. | -0. | -0. |
| -0. | -0. | -0. || -0. | -0. |  1. || -0. | -0. | -0. |
|=====+=====+=====||=====+=====+=====||=====+=====+=====|
|*-0. |*-0. |*-0. || -0. | -0. | -0. || -0. | -0. | -0. |
|*-0. |*-1. |*-0. || -1. | -0. | -0. || -0. | -0. | -0. |
|*-0. |*-0. |*-0. ||  1. | -0. | -0. || -0. | -0. | -0. |
|=====+=====+=====||=====+=====+=====||=====+=====+=====|
| -0. | -1. | -0. || -0. | -0. | -0. || -0. | -1. | -0. |
| -0. | -0. | -0. ||  1. | -0. | -0. || -0. | -0. | -0. |
|  1. | -1. | -0. || -0. | -0. | -0. || -1. | -0. | -0. |


Determined best move using: 69607Iterations
current State

|  0. |  0. |  0. ||  0. |  0. |  0. ||  0. |  0. |  0. |
|  0. |  0. |  0. ||  0. | -1. |  0. ||  0. |  0. |  0. |
|  0. |  0. |  0. ||  0. |  0. | -1. ||  0. |  0. |  0. |
|=====+=====+=====||=====+=====+=====||=====+=====+=====|
|* 0. |* 0. |* 0. ||  0. |  0. |  0. ||  0. |  0. |  0. |
|*-1. |* 1. |* 0. ||  1. |  0. |  0. ||  0. |  0. |  0. |
|* 0. |* 0. |* 0. || -1. |  0. |  0. ||  0. |  0. |  0. |
|=====+=====+=====||=====+=====+=====||=====+=====+=====|
|  0. |  1. |  0. ||  0. |  0. |  0. ||  0. |  1. |  0. |
|  0. |  0. |  0. || -1. |  0. |  0. ||  0. |  0. |  0. |
| -1. |  1. |  0. ||  0. |  0. |  0. ||  1. |  0. |  0. |


state to eval, currenty is playerone turn=true

|  0. |  0. |  0. ||  0. |  0. |  0. ||  0. |  0. |  0. |
|  0. |  0. |  0. ||  0. | -1. |  0. ||  0. |  0. |  0. |
|  0. |  0. |  0. ||  0. |  0. | -1. ||  0. |  0. |  0. |
|=====+=====+=====||=====+=====+=====||=====+=====+=====|
|* 0. |* 0. |* 0. ||  0. |  0. |  0. ||  0. |  0. |  0. |
|*-1. |* 1. |* 0. ||  1. |  0. |  0. ||  0. |  0. |  0. |
|* 0. |* 0. |* 0. || -1. |  0. |  0. ||  0. |  0. |  0. |
|=====+=====+=====||=====+=====+=====||=====+=====+=====|
|  0. |  1. |  0. ||  0. |  0. |  0. ||  0. |  1. |  0. |
|  0. |  0. |  0. || -1. |  0. |  0. ||  0. |  0. |  0. |
| -1. |  1. |  0. ||  0. |  0. |  0. ||  1. |  0. |  0. |


Determined best move using: 71512Iterations
current State

|  0. |  0. |  0. ||  0. |  0. |  0. ||  0. |  0. |  0. |
|  0. |  0. |  0. ||  0. | -1. |  0. ||  0. |  0. |  0. |
|  0. |  0. |  0. ||  0. |  0. | -1. ||  0. |  0. |  0. |
|=====+=====+=====||=====+=====+=====||=====+=====+=====|
|  0. |  0. |  0. ||  0. |  0. |  0. ||* 0. |* 0. |* 0. |
| -1. |  1. |  1. ||  1. |  0. |  0. ||* 0. |* 0. |* 0. |
|  0. |  0. |  0. || -1. |  0. |  0. ||* 0. |* 0. |* 0. |
|=====+=====+=====||=====+=====+=====||=====+=====+=====|
|  0. |  1. |  0. ||  0. |  0. |  0. ||  0. |  1. |  0. |
|  0. |  0. |  0. || -1. |  0. |  0. ||  0. |  0. |  0. |
| -1. |  1. |  0. ||  0. |  0. |  0. ||  1. |  0. |  0. |


state to eval, currenty is playerone turn=false

| -0. | -0. | -0. || -0. | -0. | -0. || -0. | -0. | -0. |
| -0. | -0. | -0. || -0. |  1. | -0. || -0. | -0. | -0. |
| -0. | -0. | -0. || -0. | -0. |  1. || -0. | -0. | -0. |
|=====+=====+=====||=====+=====+=====||=====+=====+=====|
| -0. | -0. | -0. || -0. | -0. | -0. ||*-0. |*-0. |*-0. |
|  1. | -1. | -1. || -1. | -0. | -0. ||*-0. |*-0. |*-0. |
| -0. | -0. | -0. ||  1. | -0. | -0. ||*-0. |*-0. |*-0. |
|=====+=====+=====||=====+=====+=====||=====+=====+=====|
| -0. | -1. | -0. || -0. | -0. | -0. || -0. | -1. | -0. |
| -0. | -0. | -0. ||  1. | -0. | -0. || -0. | -0. | -0. |
|  1. | -1. | -0. || -0. | -0. | -0. || -1. | -0. | -0. |


Determined best move using: 72941Iterations
current State

|  0. |  0. |  0. ||  0. |  0. |  0. ||* 0. |* 0. |* 0. |
|  0. |  0. |  0. ||  0. | -1. |  0. ||* 0. |* 0. |* 0. |
|  0. |  0. |  0. ||  0. |  0. | -1. ||* 0. |* 0. |* 0. |
|=====+=====+=====||=====+=====+=====||=====+=====+=====|
|  0. |  0. |  0. ||  0. |  0. |  0. ||  0. |  0. | -1. |
| -1. |  1. |  1. ||  1. |  0. |  0. ||  0. |  0. |  0. |
|  0. |  0. |  0. || -1. |  0. |  0. ||  0. |  0. |  0. |
|=====+=====+=====||=====+=====+=====||=====+=====+=====|
|  0. |  1. |  0. ||  0. |  0. |  0. ||  0. |  1. |  0. |
|  0. |  0. |  0. || -1. |  0. |  0. ||  0. |  0. |  0. |
| -1. |  1. |  0. ||  0. |  0. |  0. ||  1. |  0. |  0. |


state to eval, currenty is playerone turn=true

|  0. |  0. |  0. ||  0. |  0. |  0. ||* 0. |* 0. |* 0. |
|  0. |  0. |  0. ||  0. | -1. |  0. ||* 0. |* 0. |* 0. |
|  0. |  0. |  0. ||  0. |  0. | -1. ||* 0. |* 0. |* 0. |
|=====+=====+=====||=====+=====+=====||=====+=====+=====|
|  0. |  0. |  0. ||  0. |  0. |  0. ||  0. |  0. | -1. |
| -1. |  1. |  1. ||  1. |  0. |  0. ||  0. |  0. |  0. |
|  0. |  0. |  0. || -1. |  0. |  0. ||  0. |  0. |  0. |
|=====+=====+=====||=====+=====+=====||=====+=====+=====|
|  0. |  1. |  0. ||  0. |  0. |  0. ||  0. |  1. |  0. |
|  0. |  0. |  0. || -1. |  0. |  0. ||  0. |  0. |  0. |
| -1. |  1. |  0. ||  0. |  0. |  0. ||  1. |  0. |  0. |


Determined best move using: 72866Iterations
current State

|  0. |  0. |  0. ||  0. |  0. |  0. ||  0. |  0. |  0. |
|  0. |  0. |  0. ||  0. | -1. |  0. ||  0. |  1. |  0. |
|  0. |  0. |  0. ||  0. |  0. | -1. ||  0. |  0. |  0. |
|=====+=====+=====||=====+=====+=====||=====+=====+=====|
|  0. |  0. |  0. ||* 0. |* 0. |* 0. ||  0. |  0. | -1. |
| -1. |  1. |  1. ||* 1. |* 0. |* 0. ||  0. |  0. |  0. |
|  0. |  0. |  0. ||*-1. |* 0. |* 0. ||  0. |  0. |  0. |
|=====+=====+=====||=====+=====+=====||=====+=====+=====|
|  0. |  1. |  0. ||  0. |  0. |  0. ||  0. |  1. |  0. |
|  0. |  0. |  0. || -1. |  0. |  0. ||  0. |  0. |  0. |
| -1. |  1. |  0. ||  0. |  0. |  0. ||  1. |  0. |  0. |


state to eval, currenty is playerone turn=false

| -0. | -0. | -0. || -0. | -0. | -0. || -0. | -0. | -0. |
| -0. | -0. | -0. || -0. |  1. | -0. || -0. | -1. | -0. |
| -0. | -0. | -0. || -0. | -0. |  1. || -0. | -0. | -0. |
|=====+=====+=====||=====+=====+=====||=====+=====+=====|
| -0. | -0. | -0. ||*-0. |*-0. |*-0. || -0. | -0. |  1. |
|  1. | -1. | -1. ||*-1. |*-0. |*-0. || -0. | -0. | -0. |
| -0. | -0. | -0. ||* 1. |*-0. |*-0. || -0. | -0. | -0. |
|=====+=====+=====||=====+=====+=====||=====+=====+=====|
| -0. | -1. | -0. || -0. | -0. | -0. || -0. | -1. | -0. |
| -0. | -0. | -0. ||  1. | -0. | -0. || -0. | -0. | -0. |
|  1. | -1. | -0. || -0. | -0. | -0. || -1. | -0. | -0. |


Determined best move using: 75092Iterations
Determined best move using: 69116Iterations
current State

|* 0. |* 0. |* 0. ||  0. |  0. |  0. ||  0. |  0. |  0. |
|* 0. |* 0. |* 0. ||  0. | -1. |  0. ||  0. |  1. |  0. |
|* 0. |* 0. |* 0. ||  0. |  0. | -1. ||  0. |  0. |  0. |
|=====+=====+=====||=====+=====+=====||=====+=====+=====|
|  0. |  0. |  0. || -1. |  0. |  0. ||  0. |  0. | -1. |
| -1. |  1. |  1. ||  1. |  0. |  0. ||  0. |  0. |  0. |
|  0. |  0. |  0. || -1. |  0. |  0. ||  0. |  0. |  0. |
|=====+=====+=====||=====+=====+=====||=====+=====+=====|
|  0. |  1. |  0. ||  0. |  0. |  0. ||  0. |  1. |  0. |
|  0. |  0. |  0. || -1. |  0. |  0. ||  0. |  0. |  0. |
| -1. |  1. |  0. ||  0. |  0. |  0. ||  1. |  0. |  0. |


state to eval, currenty is playerone turn=true

|* 0. |* 0. |* 0. ||  0. |  0. |  0. ||  0. |  0. |  0. |
|* 0. |* 0. |* 0. ||  0. | -1. |  0. ||  0. |  1. |  0. |
|* 0. |* 0. |* 0. ||  0. |  0. | -1. ||  0. |  0. |  0. |
|=====+=====+=====||=====+=====+=====||=====+=====+=====|
|  0. |  0. |  0. || -1. |  0. |  0. ||  0. |  0. | -1. |
| -1. |  1. |  1. ||  1. |  0. |  0. ||  0. |  0. |  0. |
|  0. |  0. |  0. || -1. |  0. |  0. ||  0. |  0. |  0. |
|=====+=====+=====||=====+=====+=====||=====+=====+=====|
|  0. |  1. |  0. ||  0. |  0. |  0. ||  0. |  1. |  0. |
|  0. |  0. |  0. || -1. |  0. |  0. ||  0. |  0. |  0. |
| -1. |  1. |  0. ||  0. |  0. |  0. ||  1. |  0. |  0. |


Determined best move using: 70486Iterations
Determined best move using: 76885Iterations
current State

|  0. |  0. |  0. ||  0. |  0. |  0. ||  0. |  0. |  0. |
|  0. |  1. |  0. ||  0. | -1. |  0. ||  0. |  1. |  0. |
|  0. |  0. |  0. ||  0. |  0. | -1. ||  0. |  0. |  0. |
|=====+=====+=====||=====+=====+=====||=====+=====+=====|
|  0. |  0. |  0. ||*-1. |* 0. |* 0. ||  0. |  0. | -1. |
| -1. |  1. |  1. ||* 1. |* 0. |* 0. ||  0. |  0. |  0. |
|  0. |  0. |  0. ||*-1. |* 0. |* 0. ||  0. |  0. |  0. |
|=====+=====+=====||=====+=====+=====||=====+=====+=====|
|  0. |  1. |  0. ||  0. |  0. |  0. ||  0. |  1. |  0. |
|  0. |  0. |  0. || -1. |  0. |  0. ||  0. |  0. |  0. |
| -1. |  1. |  0. ||  0. |  0. |  0. ||  1. |  0. |  0. |


state to eval, currenty is playerone turn=false

| -0. | -0. | -0. || -0. | -0. | -0. || -0. | -0. | -0. |
| -0. | -1. | -0. || -0. |  1. | -0. || -0. | -1. | -0. |
| -0. | -0. | -0. || -0. | -0. |  1. || -0. | -0. | -0. |
|=====+=====+=====||=====+=====+=====||=====+=====+=====|
| -0. | -0. | -0. ||* 1. |*-0. |*-0. || -0. | -0. |  1. |
|  1. | -1. | -1. ||*-1. |*-0. |*-0. || -0. | -0. | -0. |
| -0. | -0. | -0. ||* 1. |*-0. |*-0. || -0. | -0. | -0. |
|=====+=====+=====||=====+=====+=====||=====+=====+=====|
| -0. | -1. | -0. || -0. | -0. | -0. || -0. | -1. | -0. |
| -0. | -0. | -0. ||  1. | -0. | -0. || -0. | -0. | -0. |
|  1. | -1. | -0. || -0. | -0. | -0. || -1. | -0. | -0. |


Determined best move using: 71498Iterations
Determined best move using: 79133Iterations
current State

|  0. |  0. |  0. ||  0. |  0. |  0. ||  0. |  0. |  0. |
|  0. |  1. |  0. ||  0. | -1. |  0. ||  0. |  1. |  0. |
|  0. |  0. |  0. ||  0. |  0. | -1. ||  0. |  0. |  0. |
|=====+=====+=====||=====+=====+=====||=====+=====+=====|
|  0. |  0. |  0. || -1. |  0. |  0. ||* 0. |* 0. |*-1. |
| -1. |  1. |  1. ||  1. |  0. | -1. ||* 0. |* 0. |* 0. |
|  0. |  0. |  0. || -1. |  0. |  0. ||* 0. |* 0. |* 0. |
|=====+=====+=====||=====+=====+=====||=====+=====+=====|
|  0. |  1. |  0. ||  0. |  0. |  0. ||  0. |  1. |  0. |
|  0. |  0. |  0. || -1. |  0. |  0. ||  0. |  0. |  0. |
| -1. |  1. |  0. ||  0. |  0. |  0. ||  1. |  0. |  0. |


state to eval, currenty is playerone turn=true

|  0. |  0. |  0. ||  0. |  0. |  0. ||  0. |  0. |  0. |
|  0. |  1. |  0. ||  0. | -1. |  0. ||  0. |  1. |  0. |
|  0. |  0. |  0. ||  0. |  0. | -1. ||  0. |  0. |  0. |
|=====+=====+=====||=====+=====+=====||=====+=====+=====|
|  0. |  0. |  0. || -1. |  0. |  0. ||* 0. |* 0. |*-1. |
| -1. |  1. |  1. ||  1. |  0. | -1. ||* 0. |* 0. |* 0. |
|  0. |  0. |  0. || -1. |  0. |  0. ||* 0. |* 0. |* 0. |
|=====+=====+=====||=====+=====+=====||=====+=====+=====|
|  0. |  1. |  0. ||  0. |  0. |  0. ||  0. |  1. |  0. |
|  0. |  0. |  0. || -1. |  0. |  0. ||  0. |  0. |  0. |
| -1. |  1. |  0. ||  0. |  0. |  0. ||  1. |  0. |  0. |


Determined best move using: 73825Iterations
Determined best move using: 80456Iterations
current State

|  0. |  0. |  0. ||  0. |  0. |  0. ||  0. |  0. |  0. |
|  0. |  1. |  0. ||  0. | -1. |  0. ||  0. |  1. |  0. |
|  0. |  0. |  0. ||  0. |  0. | -1. ||  0. |  0. |  0. |
|=====+=====+=====||=====+=====+=====||=====+=====+=====|
|  0. |  0. |  0. || -1. |  0. |  0. ||  0. |  0. | -1. |
| -1. |  1. |  1. ||  1. |  0. | -1. ||  0. |  0. |  0. |
|  0. |  0. |  0. || -1. |  0. |  0. ||  1. |  0. |  0. |
|=====+=====+=====||=====+=====+=====||=====+=====+=====|
|* 0. |* 1. |* 0. ||  0. |  0. |  0. ||  0. |  1. |  0. |
|* 0. |* 0. |* 0. || -1. |  0. |  0. ||  0. |  0. |  0. |
|*-1. |* 1. |* 0. ||  0. |  0. |  0. ||  1. |  0. |  0. |


state to eval, currenty is playerone turn=false

| -0. | -0. | -0. || -0. | -0. | -0. || -0. | -0. | -0. |
| -0. | -1. | -0. || -0. |  1. | -0. || -0. | -1. | -0. |
| -0. | -0. | -0. || -0. | -0. |  1. || -0. | -0. | -0. |
|=====+=====+=====||=====+=====+=====||=====+=====+=====|
| -0. | -0. | -0. ||  1. | -0. | -0. || -0. | -0. |  1. |
|  1. | -1. | -1. || -1. | -0. |  1. || -0. | -0. | -0. |
| -0. | -0. | -0. ||  1. | -0. | -0. || -1. | -0. | -0. |
|=====+=====+=====||=====+=====+=====||=====+=====+=====|
|*-0. |*-1. |*-0. || -0. | -0. | -0. || -0. | -1. | -0. |
|*-0. |*-0. |*-0. ||  1. | -0. | -0. || -0. | -0. | -0. |
|* 1. |*-1. |*-0. || -0. | -0. | -0. || -1. | -0. | -0. |


Determined best move using: 81115Iterations
Determined best move using: 75633Iterations
current State

|  0. |  0. |  0. ||  0. |  0. |  0. ||  0. |  0. |  0. |
|  0. |  1. |  0. ||  0. | -1. |  0. ||  0. |  1. |  0. |
|  0. |  0. |  0. ||  0. |  0. | -1. ||  0. |  0. |  0. |
|=====+=====+=====||=====+=====+=====||=====+=====+=====|
|  0. |  0. |  0. || -1. |  0. |  0. ||* 0. |* 0. |*-1. |
| -1. |  1. |  1. ||  1. |  0. | -1. ||* 0. |* 0. |* 0. |
|  0. |  0. |  0. || -1. |  0. |  0. ||* 1. |* 0. |* 0. |
|=====+=====+=====||=====+=====+=====||=====+=====+=====|
|  0. |  1. |  0. ||  0. |  0. |  0. ||  0. |  1. |  0. |
|  0. |  0. | -1. || -1. |  0. |  0. ||  0. |  0. |  0. |
| -1. |  1. |  0. ||  0. |  0. |  0. ||  1. |  0. |  0. |


state to eval, currenty is playerone turn=true

|  0. |  0. |  0. ||  0. |  0. |  0. ||  0. |  0. |  0. |
|  0. |  1. |  0. ||  0. | -1. |  0. ||  0. |  1. |  0. |
|  0. |  0. |  0. ||  0. |  0. | -1. ||  0. |  0. |  0. |
|=====+=====+=====||=====+=====+=====||=====+=====+=====|
|  0. |  0. |  0. || -1. |  0. |  0. ||* 0. |* 0. |*-1. |
| -1. |  1. |  1. ||  1. |  0. | -1. ||* 0. |* 0. |* 0. |
|  0. |  0. |  0. || -1. |  0. |  0. ||* 1. |* 0. |* 0. |
|=====+=====+=====||=====+=====+=====||=====+=====+=====|
|  0. |  1. |  0. ||  0. |  0. |  0. ||  0. |  1. |  0. |
|  0. |  0. | -1. || -1. |  0. |  0. ||  0. |  0. |  0. |
| -1. |  1. |  0. ||  0. |  0. |  0. ||  1. |  0. |  0. |


Determined best move using: 85820Iterations
Determined best move using: 72670Iterations
current State

|  0. |  0. |  0. ||  0. |  0. |  0. ||  0. |  0. |  0. |
|  0. |  1. |  0. ||  0. | -1. |  0. ||  0. |  1. |  0. |
|  0. |  0. |  0. ||  0. |  0. | -1. ||  0. |  0. |  0. |
|=====+=====+=====||=====+=====+=====||=====+=====+=====|
|  0. |  0. |  0. || -1. |  0. |  0. ||* 0. |* 0. |*-1. |
| -1. |  1. |  1. ||  1. |  0. | -1. ||* 0. |* 0. |* 1. |
|  0. |  0. |  0. || -1. |  0. |  0. ||* 1. |* 0. |* 0. |
|=====+=====+=====||=====+=====+=====||=====+=====+=====|
|  0. |  1. |  0. ||  0. |  0. |  0. ||  0. |  1. |  0. |
|  0. |  0. | -1. || -1. |  0. |  0. ||  0. |  0. |  0. |
| -1. |  1. |  0. ||  0. |  0. |  0. ||  1. |  0. |  0. |


state to eval, currenty is playerone turn=false

| -0. | -0. | -0. || -0. | -0. | -0. || -0. | -0. | -0. |
| -0. | -1. | -0. || -0. |  1. | -0. || -0. | -1. | -0. |
| -0. | -0. | -0. || -0. | -0. |  1. || -0. | -0. | -0. |
|=====+=====+=====||=====+=====+=====||=====+=====+=====|
| -0. | -0. | -0. ||  1. | -0. | -0. ||*-0. |*-0. |* 1. |
|  1. | -1. | -1. || -1. | -0. |  1. ||*-0. |*-0. |*-1. |
| -0. | -0. | -0. ||  1. | -0. | -0. ||*-1. |*-0. |*-0. |
|=====+=====+=====||=====+=====+=====||=====+=====+=====|
| -0. | -1. | -0. || -0. | -0. | -0. || -0. | -1. | -0. |
| -0. | -0. |  1. ||  1. | -0. | -0. || -0. | -0. | -0. |
|  1. | -1. | -0. || -0. | -0. | -0. || -1. | -0. | -0. |


Determined best move using: 78147Iterations
Determined best move using: 86108Iterations
current State

|  0. |  0. |  0. ||  0. |  0. |  0. ||  0. |  0. |  0. |
|  0. |  1. |  0. ||  0. | -1. |  0. ||  0. |  1. |  0. |
|  0. |  0. |  0. ||  0. |  0. | -1. ||  0. |  0. |  0. |
|=====+=====+=====||=====+=====+=====||=====+=====+=====|
|  0. |  0. |  0. || -1. |  0. |  0. ||  0. |  0. | -1. |
| -1. |  1. |  1. ||  1. |  0. | -1. ||  0. |  0. |  1. |
|  0. |  0. |  0. || -1. |  0. |  0. ||  1. | -1. |  0. |
|=====+=====+=====||=====+=====+=====||=====+=====+=====|
|  0. |  1. |  0. ||* 0. |* 0. |* 0. ||  0. |  1. |  0. |
|  0. |  0. | -1. ||*-1. |* 0. |* 0. ||  0. |  0. |  0. |
| -1. |  1. |  0. ||* 0. |* 0. |* 0. ||  1. |  0. |  0. |


state to eval, currenty is playerone turn=true

|  0. |  0. |  0. ||  0. |  0. |  0. ||  0. |  0. |  0. |
|  0. |  1. |  0. ||  0. | -1. |  0. ||  0. |  1. |  0. |
|  0. |  0. |  0. ||  0. |  0. | -1. ||  0. |  0. |  0. |
|=====+=====+=====||=====+=====+=====||=====+=====+=====|
|  0. |  0. |  0. || -1. |  0. |  0. ||  0. |  0. | -1. |
| -1. |  1. |  1. ||  1. |  0. | -1. ||  0. |  0. |  1. |
|  0. |  0. |  0. || -1. |  0. |  0. ||  1. | -1. |  0. |
|=====+=====+=====||=====+=====+=====||=====+=====+=====|
|  0. |  1. |  0. ||* 0. |* 0. |* 0. ||  0. |  1. |  0. |
|  0. |  0. | -1. ||*-1. |* 0. |* 0. ||  0. |  0. |  0. |
| -1. |  1. |  0. ||* 0. |* 0. |* 0. ||  1. |  0. |  0. |


Determined best move using: 84876Iterations
Determined best move using: 86834Iterations
current State

|  0. |  0. |  0. ||  0. |  0. |  0. ||  0. |  0. |  0. |
|  0. |  1. |  0. ||  0. | -1. |  0. ||  0. |  1. |  0. |
|  0. |  0. |  0. ||  0. |  0. | -1. ||  0. |  0. |  0. |
|=====+=====+=====||=====+=====+=====||=====+=====+=====|
|  0. |  0. |  0. || -1. |  0. |  0. ||  0. |  0. | -1. |
| -1. |  1. |  1. ||  1. |  0. | -1. ||  0. |  0. |  1. |
|  0. |  0. |  0. || -1. |  0. |  0. ||  1. | -1. |  0. |
|=====+=====+=====||=====+=====+=====||=====+=====+=====|
|  0. |  1. |  0. ||  0. |  0. |  0. ||* 0. |* 1. |* 0. |
|  0. |  0. | -1. || -1. |  0. |  0. ||* 0. |* 0. |* 0. |
| -1. |  1. |  0. ||  0. |  0. |  1. ||* 1. |* 0. |* 0. |


state to eval, currenty is playerone turn=false

| -0. | -0. | -0. || -0. | -0. | -0. || -0. | -0. | -0. |
| -0. | -1. | -0. || -0. |  1. | -0. || -0. | -1. | -0. |
| -0. | -0. | -0. || -0. | -0. |  1. || -0. | -0. | -0. |
|=====+=====+=====||=====+=====+=====||=====+=====+=====|
| -0. | -0. | -0. ||  1. | -0. | -0. || -0. | -0. |  1. |
|  1. | -1. | -1. || -1. | -0. |  1. || -0. | -0. | -1. |
| -0. | -0. | -0. ||  1. | -0. | -0. || -1. |  1. | -0. |
|=====+=====+=====||=====+=====+=====||=====+=====+=====|
| -0. | -1. | -0. || -0. | -0. | -0. ||*-0. |*-1. |*-0. |
| -0. | -0. |  1. ||  1. | -0. | -0. ||*-0. |*-0. |*-0. |
|  1. | -1. | -0. || -0. | -0. | -1. ||*-1. |*-0. |*-0. |


Determined best move using: 86331Iterations
Determined best move using: 89758Iterations
current State

|* 0. |* 0. |* 0. ||  0. |  0. |  0. ||  0. |  0. |  0. |
|* 0. |* 1. |* 0. ||  0. | -1. |  0. ||  0. |  1. |  0. |
|* 0. |* 0. |* 0. ||  0. |  0. | -1. ||  0. |  0. |  0. |
|=====+=====+=====||=====+=====+=====||=====+=====+=====|
|  0. |  0. |  0. || -1. |  0. |  0. ||  0. |  0. | -1. |
| -1. |  1. |  1. ||  1. |  0. | -1. ||  0. |  0. |  1. |
|  0. |  0. |  0. || -1. |  0. |  0. ||  1. | -1. |  0. |
|=====+=====+=====||=====+=====+=====||=====+=====+=====|
|  0. |  1. |  0. ||  0. |  0. |  0. || -1. |  1. |  0. |
|  0. |  0. | -1. || -1. |  0. |  0. ||  0. |  0. |  0. |
| -1. |  1. |  0. ||  0. |  0. |  1. ||  1. |  0. |  0. |


state to eval, currenty is playerone turn=true

|* 0. |* 0. |* 0. ||  0. |  0. |  0. ||  0. |  0. |  0. |
|* 0. |* 1. |* 0. ||  0. | -1. |  0. ||  0. |  1. |  0. |
|* 0. |* 0. |* 0. ||  0. |  0. | -1. ||  0. |  0. |  0. |
|=====+=====+=====||=====+=====+=====||=====+=====+=====|
|  0. |  0. |  0. || -1. |  0. |  0. ||  0. |  0. | -1. |
| -1. |  1. |  1. ||  1. |  0. | -1. ||  0. |  0. |  1. |
|  0. |  0. |  0. || -1. |  0. |  0. ||  1. | -1. |  0. |
|=====+=====+=====||=====+=====+=====||=====+=====+=====|
|  0. |  1. |  0. ||  0. |  0. |  0. || -1. |  1. |  0. |
|  0. |  0. | -1. || -1. |  0. |  0. ||  0. |  0. |  0. |
| -1. |  1. |  0. ||  0. |  0. |  1. ||  1. |  0. |  0. |


Determined best move using: 90923Iterations
Determined best move using: 85999Iterations
current State

|  0. |  1. |  0. ||* 0. |* 0. |* 0. ||  0. |  0. |  0. |
|  0. |  1. |  0. ||* 0. |*-1. |* 0. ||  0. |  1. |  0. |
|  0. |  0. |  0. ||* 0. |* 0. |*-1. ||  0. |  0. |  0. |
|=====+=====+=====||=====+=====+=====||=====+=====+=====|
|  0. |  0. |  0. || -1. |  0. |  0. ||  0. |  0. | -1. |
| -1. |  1. |  1. ||  1. |  0. | -1. ||  0. |  0. |  1. |
|  0. |  0. |  0. || -1. |  0. |  0. ||  1. | -1. |  0. |
|=====+=====+=====||=====+=====+=====||=====+=====+=====|
|  0. |  1. |  0. ||  0. |  0. |  0. || -1. |  1. |  0. |
|  0. |  0. | -1. || -1. |  0. |  0. ||  0. |  0. |  0. |
| -1. |  1. |  0. ||  0. |  0. |  1. ||  1. |  0. |  0. |


state to eval, currenty is playerone turn=false

| -0. | -1. | -0. ||*-0. |*-0. |*-0. || -0. | -0. | -0. |
| -0. | -1. | -0. ||*-0. |* 1. |*-0. || -0. | -1. | -0. |
| -0. | -0. | -0. ||*-0. |*-0. |* 1. || -0. | -0. | -0. |
|=====+=====+=====||=====+=====+=====||=====+=====+=====|
| -0. | -0. | -0. ||  1. | -0. | -0. || -0. | -0. |  1. |
|  1. | -1. | -1. || -1. | -0. |  1. || -0. | -0. | -1. |
| -0. | -0. | -0. ||  1. | -0. | -0. || -1. |  1. | -0. |
|=====+=====+=====||=====+=====+=====||=====+=====+=====|
| -0. | -1. | -0. || -0. | -0. | -0. ||  1. | -1. | -0. |
| -0. | -0. |  1. ||  1. | -0. | -0. || -0. | -0. | -0. |
|  1. | -1. | -0. || -0. | -0. | -1. || -1. | -0. | -0. |


Determined best move using: 90644Iterations
Determined best move using: 90832Iterations
current State

|  0. |  1. |  0. ||  0. |  0. | -1. ||* 0. |* 0. |* 0. |
|  0. |  1. |  0. ||  0. | -1. |  0. ||* 0. |* 1. |* 0. |
|  0. |  0. |  0. ||  0. |  0. | -1. ||* 0. |* 0. |* 0. |
|=====+=====+=====||=====+=====+=====||=====+=====+=====|
|  0. |  0. |  0. || -1. |  0. |  0. ||  0. |  0. | -1. |
| -1. |  1. |  1. ||  1. |  0. | -1. ||  0. |  0. |  1. |
|  0. |  0. |  0. || -1. |  0. |  0. ||  1. | -1. |  0. |
|=====+=====+=====||=====+=====+=====||=====+=====+=====|
|  0. |  1. |  0. ||  0. |  0. |  0. || -1. |  1. |  0. |
|  0. |  0. | -1. || -1. |  0. |  0. ||  0. |  0. |  0. |
| -1. |  1. |  0. ||  0. |  0. |  1. ||  1. |  0. |  0. |


state to eval, currenty is playerone turn=true

|  0. |  1. |  0. ||  0. |  0. | -1. ||* 0. |* 0. |* 0. |
|  0. |  1. |  0. ||  0. | -1. |  0. ||* 0. |* 1. |* 0. |
|  0. |  0. |  0. ||  0. |  0. | -1. ||* 0. |* 0. |* 0. |
|=====+=====+=====||=====+=====+=====||=====+=====+=====|
|  0. |  0. |  0. || -1. |  0. |  0. ||  0. |  0. | -1. |
| -1. |  1. |  1. ||  1. |  0. | -1. ||  0. |  0. |  1. |
|  0. |  0. |  0. || -1. |  0. |  0. ||  1. | -1. |  0. |
|=====+=====+=====||=====+=====+=====||=====+=====+=====|
|  0. |  1. |  0. ||  0. |  0. |  0. || -1. |  1. |  0. |
|  0. |  0. | -1. || -1. |  0. |  0. ||  0. |  0. |  0. |
| -1. |  1. |  0. ||  0. |  0. |  1. ||  1. |  0. |  0. |


Determined best move using: 92312Iterations
Determined best move using: 97551Iterations
current State

|  0. |  1. |  0. ||* 0. |* 0. |*-1. ||  0. |  1. |  0. |
|  0. |  1. |  0. ||* 0. |*-1. |* 0. ||  0. |  1. |  0. |
|  0. |  0. |  0. ||* 0. |* 0. |*-1. ||  0. |  0. |  0. |
|=====+=====+=====||=====+=====+=====||=====+=====+=====|
|  0. |  0. |  0. || -1. |  0. |  0. ||  0. |  0. | -1. |
| -1. |  1. |  1. ||  1. |  0. | -1. ||  0. |  0. |  1. |
|  0. |  0. |  0. || -1. |  0. |  0. ||  1. | -1. |  0. |
|=====+=====+=====||=====+=====+=====||=====+=====+=====|
|  0. |  1. |  0. ||  0. |  0. |  0. || -1. |  1. |  0. |
|  0. |  0. | -1. || -1. |  0. |  0. ||  0. |  0. |  0. |
| -1. |  1. |  0. ||  0. |  0. |  1. ||  1. |  0. |  0. |


state to eval, currenty is playerone turn=false

| -0. | -1. | -0. ||*-0. |*-0. |* 1. || -0. | -1. | -0. |
| -0. | -1. | -0. ||*-0. |* 1. |*-0. || -0. | -1. | -0. |
| -0. | -0. | -0. ||*-0. |*-0. |* 1. || -0. | -0. | -0. |
|=====+=====+=====||=====+=====+=====||=====+=====+=====|
| -0. | -0. | -0. ||  1. | -0. | -0. || -0. | -0. |  1. |
|  1. | -1. | -1. || -1. | -0. |  1. || -0. | -0. | -1. |
| -0. | -0. | -0. ||  1. | -0. | -0. || -1. |  1. | -0. |
|=====+=====+=====||=====+=====+=====||=====+=====+=====|
| -0. | -1. | -0. || -0. | -0. | -0. ||  1. | -1. | -0. |
| -0. | -0. |  1. ||  1. | -0. | -0. || -0. | -0. | -0. |
|  1. | -1. | -0. || -0. | -0. | -1. || -1. | -0. | -0. |


Determined best move using: 96474Iterations
current State

|  0. |  1. |  0. ||  0. |  0. | -1. ||  0. |  1. |  0. |
|  0. |  1. |  0. ||  0. | -1. |  0. ||  0. |  1. |  0. |
|  0. |  0. |  0. || -1. |  0. | -1. ||  0. |  0. |  0. |
|=====+=====+=====||=====+=====+=====||=====+=====+=====|
|  0. |  0. |  0. || -1. |  0. |  0. ||  0. |  0. | -1. |
| -1. |  1. |  1. ||  1. |  0. | -1. ||  0. |  0. |  1. |
|  0. |  0. |  0. || -1. |  0. |  0. ||  1. | -1. |  0. |
|=====+=====+=====||=====+=====+=====||=====+=====+=====|
|* 0. |* 1. |* 0. ||  0. |  0. |  0. || -1. |  1. |  0. |
|* 0. |* 0. |*-1. || -1. |  0. |  0. ||  0. |  0. |  0. |
|*-1. |* 1. |* 0. ||  0. |  0. |  1. ||  1. |  0. |  0. |


state to eval, currenty is playerone turn=true

|  0. |  1. |  0. ||  0. |  0. | -1. ||  0. |  1. |  0. |
|  0. |  1. |  0. ||  0. | -1. |  0. ||  0. |  1. |  0. |
|  0. |  0. |  0. || -1. |  0. | -1. ||  0. |  0. |  0. |
|=====+=====+=====||=====+=====+=====||=====+=====+=====|
|  0. |  0. |  0. || -1. |  0. |  0. ||  0. |  0. | -1. |
| -1. |  1. |  1. ||  1. |  0. | -1. ||  0. |  0. |  1. |
|  0. |  0. |  0. || -1. |  0. |  0. ||  1. | -1. |  0. |
|=====+=====+=====||=====+=====+=====||=====+=====+=====|
|* 0. |* 1. |* 0. ||  0. |  0. |  0. || -1. |  1. |  0. |
|* 0. |* 0. |*-1. || -1. |  0. |  0. ||  0. |  0. |  0. |
|*-1. |* 1. |* 0. ||  0. |  0. |  1. ||  1. |  0. |  0. |


current State

|  0. |  1. |  0. ||  0. |  0. | -1. ||* 0. |* 1. |* 0. |
|  0. |  1. |  0. ||  0. | -1. |  0. ||* 0. |* 1. |* 0. |
|  0. |  0. |  0. || -1. |  0. | -1. ||* 0. |* 0. |* 0. |
|=====+=====+=====||=====+=====+=====||=====+=====+=====|
|  0. |  0. |  0. || -1. |  0. |  0. ||  0. |  0. | -1. |
| -1. |  1. |  1. ||  1. |  0. | -1. ||  0. |  0. |  1. |
|  0. |  0. |  0. || -1. |  0. |  0. ||  1. | -1. |  0. |
|=====+=====+=====||=====+=====+=====||=====+=====+=====|
|  0. |  1. |  1. ||  0. |  0. |  0. || -1. |  1. |  0. |
|  0. |  0. | -1. || -1. |  0. |  0. ||  0. |  0. |  0. |
| -1. |  1. |  0. ||  0. |  0. |  1. ||  1. |  0. |  0. |


state to eval, currenty is playerone turn=false

| -0. | -1. | -0. || -0. | -0. |  1. ||*-0. |*-1. |*-0. |
| -0. | -1. | -0. || -0. |  1. | -0. ||*-0. |*-1. |*-0. |
| -0. | -0. | -0. ||  1. | -0. |  1. ||*-0. |*-0. |*-0. |
|=====+=====+=====||=====+=====+=====||=====+=====+=====|
| -0. | -0. | -0. ||  1. | -0. | -0. || -0. | -0. |  1. |
|  1. | -1. | -1. || -1. | -0. |  1. || -0. | -0. | -1. |
| -0. | -0. | -0. ||  1. | -0. | -0. || -1. |  1. | -0. |
|=====+=====+=====||=====+=====+=====||=====+=====+=====|
| -0. | -1. | -1. || -0. | -0. | -0. ||  1. | -1. | -0. |
| -0. | -0. |  1. ||  1. | -0. | -0. || -0. | -0. | -0. |
|  1. | -1. | -0. || -0. | -0. | -1. || -1. | -0. | -0. |


current State

|  0. |  1. |  0. ||  0. |  0. | -1. ||  0. |  1. |  0. |
|  0. |  1. |  0. ||  0. | -1. |  0. || -1. |  1. |  0. |
|  0. |  0. |  0. || -1. |  0. | -1. ||  0. |  0. |  0. |
|=====+=====+=====||=====+=====+=====||=====+=====+=====|
|* 0. |* 0. |* 0. || -1. |  0. |  0. ||  0. |  0. | -1. |
|*-1. |* 1. |* 1. ||  1. |  0. | -1. ||  0. |  0. |  1. |
|* 0. |* 0. |* 0. || -1. |  0. |  0. ||  1. | -1. |  0. |
|=====+=====+=====||=====+=====+=====||=====+=====+=====|
|  0. |  1. |  1. ||  0. |  0. |  0. || -1. |  1. |  0. |
|  0. |  0. | -1. || -1. |  0. |  0. ||  0. |  0. |  0. |
| -1. |  1. |  0. ||  0. |  0. |  1. ||  1. |  0. |  0. |


state to eval, currenty is playerone turn=true

|  0. |  1. |  0. ||  0. |  0. | -1. ||  0. |  1. |  0. |
|  0. |  1. |  0. ||  0. | -1. |  0. || -1. |  1. |  0. |
|  0. |  0. |  0. || -1. |  0. | -1. ||  0. |  0. |  0. |
|=====+=====+=====||=====+=====+=====||=====+=====+=====|
|* 0. |* 0. |* 0. || -1. |  0. |  0. ||  0. |  0. | -1. |
|*-1. |* 1. |* 1. ||  1. |  0. | -1. ||  0. |  0. |  1. |
|* 0. |* 0. |* 0. || -1. |  0. |  0. ||  1. | -1. |  0. |
|=====+=====+=====||=====+=====+=====||=====+=====+=====|
|  0. |  1. |  1. ||  0. |  0. |  0. || -1. |  1. |  0. |
|  0. |  0. | -1. || -1. |  0. |  0. ||  0. |  0. |  0. |
| -1. |  1. |  0. ||  0. |  0. |  1. ||  1. |  0. |  0. |


current State

|  0. |  1. |  0. ||  0. |  0. | -1. ||* 0. |* 1. |* 0. |
|  0. |  1. |  0. ||  0. | -1. |  0. ||*-1. |* 1. |* 0. |
|  0. |  0. |  0. || -1. |  0. | -1. ||* 0. |* 0. |* 0. |
|=====+=====+=====||=====+=====+=====||=====+=====+=====|
|  0. |  0. |  1. || -1. |  0. |  0. ||  0. |  0. | -1. |
| -1. |  1. |  1. ||  1. |  0. | -1. ||  0. |  0. |  1. |
|  0. |  0. |  0. || -1. |  0. |  0. ||  1. | -1. |  0. |
|=====+=====+=====||=====+=====+=====||=====+=====+=====|
|  0. |  1. |  1. ||  0. |  0. |  0. || -1. |  1. |  0. |
|  0. |  0. | -1. || -1. |  0. |  0. ||  0. |  0. |  0. |
| -1. |  1. |  0. ||  0. |  0. |  1. ||  1. |  0. |  0. |


state to eval, currenty is playerone turn=false

| -0. | -1. | -0. || -0. | -0. |  1. ||*-0. |*-1. |*-0. |
| -0. | -1. | -0. || -0. |  1. | -0. ||* 1. |*-1. |*-0. |
| -0. | -0. | -0. ||  1. | -0. |  1. ||*-0. |*-0. |*-0. |
|=====+=====+=====||=====+=====+=====||=====+=====+=====|
| -0. | -0. | -1. ||  1. | -0. | -0. || -0. | -0. |  1. |
|  1. | -1. | -1. || -1. | -0. |  1. || -0. | -0. | -1. |
| -0. | -0. | -0. ||  1. | -0. | -0. || -1. |  1. | -0. |
|=====+=====+=====||=====+=====+=====||=====+=====+=====|
| -0. | -1. | -1. || -0. | -0. | -0. ||  1. | -1. | -0. |
| -0. | -0. |  1. ||  1. | -0. | -0. || -0. | -0. | -0. |
|  1. | -1. | -0. || -0. | -0. | -1. || -1. | -0. | -0. |


current State

|  0. |  1. |  0. ||  0. |  0. | -1. ||  0. |  1. |  0. |
|  0. |  1. |  0. ||  0. | -1. |  0. || -1. |  1. |  0. |
|  0. |  0. |  0. || -1. |  0. | -1. ||  0. | -1. |  0. |
|=====+=====+=====||=====+=====+=====||=====+=====+=====|
|  0. |  0. |  1. || -1. |  0. |  0. ||  0. |  0. | -1. |
| -1. |  1. |  1. ||  1. |  0. | -1. ||  0. |  0. |  1. |
|  0. |  0. |  0. || -1. |  0. |  0. ||  1. | -1. |  0. |
|=====+=====+=====||=====+=====+=====||=====+=====+=====|
|  0. |  1. |  1. ||* 0. |* 0. |* 0. || -1. |  1. |  0. |
|  0. |  0. | -1. ||*-1. |* 0. |* 0. ||  0. |  0. |  0. |
| -1. |  1. |  0. ||* 0. |* 0. |* 1. ||  1. |  0. |  0. |


state to eval, currenty is playerone turn=true

|  0. |  1. |  0. ||  0. |  0. | -1. ||  0. |  1. |  0. |
|  0. |  1. |  0. ||  0. | -1. |  0. || -1. |  1. |  0. |
|  0. |  0. |  0. || -1. |  0. | -1. ||  0. | -1. |  0. |
|=====+=====+=====||=====+=====+=====||=====+=====+=====|
|  0. |  0. |  1. || -1. |  0. |  0. ||  0. |  0. | -1. |
| -1. |  1. |  1. ||  1. |  0. | -1. ||  0. |  0. |  1. |
|  0. |  0. |  0. || -1. |  0. |  0. ||  1. | -1. |  0. |
|=====+=====+=====||=====+=====+=====||=====+=====+=====|
|  0. |  1. |  1. ||* 0. |* 0. |* 0. || -1. |  1. |  0. |
|  0. |  0. | -1. ||*-1. |* 0. |* 0. ||  0. |  0. |  0. |
| -1. |  1. |  0. ||* 0. |* 0. |* 1. ||  1. |  0. |  0. |


Determined best move using: 107260Iterations
current State

|  0. |  1. |  0. ||  0. |  0. | -1. ||* 0. |* 1. |* 0. |
|  0. |  1. |  0. ||  0. | -1. |  0. ||*-1. |* 1. |* 0. |
|  0. |  0. |  0. || -1. |  0. | -1. ||* 0. |*-1. |* 0. |
|=====+=====+=====||=====+=====+=====||=====+=====+=====|
|  0. |  0. |  1. || -1. |  0. |  0. ||  0. |  0. | -1. |
| -1. |  1. |  1. ||  1. |  0. | -1. ||  0. |  0. |  1. |
|  0. |  0. |  0. || -1. |  0. |  0. ||  1. | -1. |  0. |
|=====+=====+=====||=====+=====+=====||=====+=====+=====|
|  0. |  1. |  1. ||  0. |  0. |  1. || -1. |  1. |  0. |
|  0. |  0. | -1. || -1. |  0. |  0. ||  0. |  0. |  0. |
| -1. |  1. |  0. ||  0. |  0. |  1. ||  1. |  0. |  0. |


state to eval, currenty is playerone turn=false

| -0. | -1. | -0. || -0. | -0. |  1. ||*-0. |*-1. |*-0. |
| -0. | -1. | -0. || -0. |  1. | -0. ||* 1. |*-1. |*-0. |
| -0. | -0. | -0. ||  1. | -0. |  1. ||*-0. |* 1. |*-0. |
|=====+=====+=====||=====+=====+=====||=====+=====+=====|
| -0. | -0. | -1. ||  1. | -0. | -0. || -0. | -0. |  1. |
|  1. | -1. | -1. || -1. | -0. |  1. || -0. | -0. | -1. |
| -0. | -0. | -0. ||  1. | -0. | -0. || -1. |  1. | -0. |
|=====+=====+=====||=====+=====+=====||=====+=====+=====|
| -0. | -1. | -1. || -0. | -0. | -1. ||  1. | -1. | -0. |
| -0. | -0. |  1. ||  1. | -0. | -0. || -0. | -0. | -0. |
|  1. | -1. | -0. || -0. | -0. | -1. || -1. | -0. | -0. |


current State

|  0. |  1. |  0. ||  0. |  0. | -1. ||  0. |  1. |  0. |
|  0. |  1. |  0. ||  0. | -1. |  0. || -1. |  1. |  0. |
|  0. |  0. |  0. || -1. |  0. | -1. ||  0. | -1. | -1. |
|=====+=====+=====||=====+=====+=====||=====+=====+=====|
|  0. |  0. |  1. || -1. |  0. |  0. ||  0. |  0. | -1. |
| -1. |  1. |  1. ||  1. |  0. | -1. ||  0. |  0. |  1. |
|  0. |  0. |  0. || -1. |  0. |  0. ||  1. | -1. |  0. |
|=====+=====+=====||=====+=====+=====||=====+=====+=====|
|  0. |  1. |  1. ||  0. |  0. |  1. ||*-1. |* 1. |* 0. |
|  0. |  0. | -1. || -1. |  0. |  0. ||* 0. |* 0. |* 0. |
| -1. |  1. |  0. ||  0. |  0. |  1. ||* 1. |* 0. |* 0. |


state to eval, currenty is playerone turn=true

|  0. |  1. |  0. ||  0. |  0. | -1. ||  0. |  1. |  0. |
|  0. |  1. |  0. ||  0. | -1. |  0. || -1. |  1. |  0. |
|  0. |  0. |  0. || -1. |  0. | -1. ||  0. | -1. | -1. |
|=====+=====+=====||=====+=====+=====||=====+=====+=====|
|  0. |  0. |  1. || -1. |  0. |  0. ||  0. |  0. | -1. |
| -1. |  1. |  1. ||  1. |  0. | -1. ||  0. |  0. |  1. |
|  0. |  0. |  0. || -1. |  0. |  0. ||  1. | -1. |  0. |
|=====+=====+=====||=====+=====+=====||=====+=====+=====|
|  0. |  1. |  1. ||  0. |  0. |  1. ||*-1. |* 1. |* 0. |
|  0. |  0. | -1. || -1. |  0. |  0. ||* 0. |* 0. |* 0. |
| -1. |  1. |  0. ||  0. |  0. |  1. ||* 1. |* 0. |* 0. |


Determined best move using: 113868Iterations
current State

|  0. |  1. |  0. ||  0. |  0. | -1. ||  0. |  1. |  0. |
|  0. |  1. |  0. ||  0. | -1. |  0. || -1. |  1. |  0. |
|  0. |  0. |  0. || -1. |  0. | -1. ||  0. | -1. | -1. |
|=====+=====+=====||=====+=====+=====||=====+=====+=====|
|  0. |  0. |  1. ||*-1. |* 0. |* 0. ||  0. |  0. | -1. |
| -1. |  1. |  1. ||* 1. |* 0. |*-1. ||  0. |  0. |  1. |
|  0. |  0. |  0. ||*-1. |* 0. |* 0. ||  1. | -1. |  0. |
|=====+=====+=====||=====+=====+=====||=====+=====+=====|
|  0. |  1. |  1. ||  0. |  0. |  1. || -1. |  1. |  0. |
|  0. |  0. | -1. || -1. |  0. |  0. ||  0. |  1. |  0. |
| -1. |  1. |  0. ||  0. |  0. |  1. ||  1. |  0. |  0. |


state to eval, currenty is playerone turn=false

| -0. | -1. | -0. || -0. | -0. |  1. || -0. | -1. | -0. |
| -0. | -1. | -0. || -0. |  1. | -0. ||  1. | -1. | -0. |
| -0. | -0. | -0. ||  1. | -0. |  1. || -0. |  1. |  1. |
|=====+=====+=====||=====+=====+=====||=====+=====+=====|
| -0. | -0. | -1. ||* 1. |*-0. |*-0. || -0. | -0. |  1. |
|  1. | -1. | -1. ||*-1. |*-0. |* 1. || -0. | -0. | -1. |
| -0. | -0. | -0. ||* 1. |*-0. |*-0. || -1. |  1. | -0. |
|=====+=====+=====||=====+=====+=====||=====+=====+=====|
| -0. | -1. | -1. || -0. | -0. | -1. ||  1. | -1. | -0. |
| -0. | -0. |  1. ||  1. | -0. | -0. || -0. | -1. | -0. |
|  1. | -1. | -0. || -0. | -0. | -1. || -1. | -0. | -0. |


Determined best move using: 113835Iterations
current State

|  0. |  1. |  0. ||  0. |  0. | -1. ||  0. |  1. |  0. |
|  0. |  1. |  0. ||  0. | -1. |  0. || -1. |  1. |  0. |
|  0. |  0. |  0. || -1. |  0. | -1. ||  0. | -1. | -1. |
|=====+=====+=====||=====+=====+=====||=====+=====+=====|
|  0. |  0. |  1. ||*-1. |* 0. |* 0. ||  0. |  0. | -1. |
| -1. |  1. |  1. ||* 1. |*-1. |*-1. ||  0. |  0. |  1. |
|  0. |  0. |  0. ||*-1. |* 0. |* 0. ||  1. | -1. |  0. |
|=====+=====+=====||=====+=====+=====||=====+=====+=====|
|  0. |  1. |  1. ||  0. |  0. |  1. || -1. |  1. |  0. |
|  0. |  0. | -1. || -1. |  0. |  0. ||  0. |  1. |  0. |
| -1. |  1. |  0. ||  0. |  0. |  1. ||  1. |  0. |  0. |


state to eval, currenty is playerone turn=true

|  0. |  1. |  0. ||  0. |  0. | -1. ||  0. |  1. |  0. |
|  0. |  1. |  0. ||  0. | -1. |  0. || -1. |  1. |  0. |
|  0. |  0. |  0. || -1. |  0. | -1. ||  0. | -1. | -1. |
|=====+=====+=====||=====+=====+=====||=====+=====+=====|
|  0. |  0. |  1. ||*-1. |* 0. |* 0. ||  0. |  0. | -1. |
| -1. |  1. |  1. ||* 1. |*-1. |*-1. ||  0. |  0. |  1. |
|  0. |  0. |  0. ||*-1. |* 0. |* 0. ||  1. | -1. |  0. |
|=====+=====+=====||=====+=====+=====||=====+=====+=====|
|  0. |  1. |  1. ||  0. |  0. |  1. || -1. |  1. |  0. |
|  0. |  0. | -1. || -1. |  0. |  0. ||  0. |  1. |  0. |
| -1. |  1. |  0. ||  0. |  0. |  1. ||  1. |  0. |  0. |


Determined best move using: 115186Iterations
current State

|  0. |  1. |  0. ||  0. |  0. | -1. ||  0. |  1. |  0. |
|  0. |  1. |  0. ||  0. | -1. |  0. || -1. |  1. |  0. |
|  0. |  0. |  0. || -1. |  0. | -1. ||  0. | -1. | -1. |
|=====+=====+=====||=====+=====+=====||=====+=====+=====|
|  0. |  0. |  1. || -1. |  0. |  0. ||  0. |  0. | -1. |
| -1. |  1. |  1. ||  1. | -1. | -1. ||  0. |  0. |  1. |
|  0. |  0. |  0. || -1. |  1. |  0. ||  1. | -1. |  0. |
|=====+=====+=====||=====+=====+=====||=====+=====+=====|
|  0. |  1. |  1. ||* 0. |* 0. |* 1. || -1. |  1. |  0. |
|  0. |  0. | -1. ||*-1. |* 0. |* 0. ||  0. |  1. |  0. |
| -1. |  1. |  0. ||* 0. |* 0. |* 1. ||  1. |  0. |  0. |


state to eval, currenty is playerone turn=false

| -0. | -1. | -0. || -0. | -0. |  1. || -0. | -1. | -0. |
| -0. | -1. | -0. || -0. |  1. | -0. ||  1. | -1. | -0. |
| -0. | -0. | -0. ||  1. | -0. |  1. || -0. |  1. |  1. |
|=====+=====+=====||=====+=====+=====||=====+=====+=====|
| -0. | -0. | -1. ||  1. | -0. | -0. || -0. | -0. |  1. |
|  1. | -1. | -1. || -1. |  1. |  1. || -0. | -0. | -1. |
| -0. | -0. | -0. ||  1. | -1. | -0. || -1. |  1. | -0. |
|=====+=====+=====||=====+=====+=====||=====+=====+=====|
| -0. | -1. | -1. ||*-0. |*-0. |*-1. ||  1. | -1. | -0. |
| -0. | -0. |  1. ||* 1. |*-0. |*-0. || -0. | -1. | -0. |
|  1. | -1. | -0. ||*-0. |*-0. |*-1. || -1. | -0. | -0. |


Determined best move using: 121883Iterations
current State

|  0. |  1. |  0. ||  0. |  0. | -1. ||  0. |  1. |  0. |
|  0. |  1. |  0. ||  0. | -1. |  0. || -1. |  1. |  0. |
|  0. |  0. |  0. || -1. |  0. | -1. ||  0. | -1. | -1. |
|=====+=====+=====||=====+=====+=====||=====+=====+=====|
|  0. |  0. |  1. ||*-1. |* 0. |* 0. ||  0. |  0. | -1. |
| -1. |  1. |  1. ||* 1. |*-1. |*-1. ||  0. |  0. |  1. |
|  0. |  0. |  0. ||*-1. |* 1. |* 0. ||  1. | -1. |  0. |
|=====+=====+=====||=====+=====+=====||=====+=====+=====|
|  0. |  1. |  1. ||  0. |  0. |  1. || -1. |  1. |  0. |
|  0. |  0. | -1. || -1. | -1. |  0. ||  0. |  1. |  0. |
| -1. |  1. |  0. ||  0. |  0. |  1. ||  1. |  0. |  0. |


state to eval, currenty is playerone turn=true

|  0. |  1. |  0. ||  0. |  0. | -1. ||  0. |  1. |  0. |
|  0. |  1. |  0. ||  0. | -1. |  0. || -1. |  1. |  0. |
|  0. |  0. |  0. || -1. |  0. | -1. ||  0. | -1. | -1. |
|=====+=====+=====||=====+=====+=====||=====+=====+=====|
|  0. |  0. |  1. ||*-1. |* 0. |* 0. ||  0. |  0. | -1. |
| -1. |  1. |  1. ||* 1. |*-1. |*-1. ||  0. |  0. |  1. |
|  0. |  0. |  0. ||*-1. |* 1. |* 0. ||  1. | -1. |  0. |
|=====+=====+=====||=====+=====+=====||=====+=====+=====|
|  0. |  1. |  1. ||  0. |  0. |  1. || -1. |  1. |  0. |
|  0. |  0. | -1. || -1. | -1. |  0. ||  0. |  1. |  0. |
| -1. |  1. |  0. ||  0. |  0. |  1. ||  1. |  0. |  0. |


Determined best move using: 125620Iterations
current State

|  0. |  1. |  0. ||  0. |  0. | -1. ||  0. |  1. |  0. |
|  0. |  1. |  0. ||  0. | -1. |  0. || -1. |  1. |  0. |
|  0. |  0. |  0. || -1. |  0. | -1. ||  0. | -1. | -1. |
|=====+=====+=====||=====+=====+=====||=====+=====+=====|
|  0. |  0. |  1. || -1. |  0. |  0. ||  0. |  0. | -1. |
| -1. |  1. |  1. ||  1. | -1. | -1. ||  0. |  0. |  1. |
|  0. |  0. |  0. || -1. |  1. |  1. ||  1. | -1. |  0. |
|=====+=====+=====||=====+=====+=====||=====+=====+=====|
|  0. |  1. |  1. ||  0. |  0. |  1. ||*-1. |* 1. |* 0. |
|  0. |  0. | -1. || -1. | -1. |  0. ||* 0. |* 1. |* 0. |
| -1. |  1. |  0. ||  0. |  0. |  1. ||* 1. |* 0. |* 0. |


state to eval, currenty is playerone turn=false

| -0. | -1. | -0. || -0. | -0. |  1. || -0. | -1. | -0. |
| -0. | -1. | -0. || -0. |  1. | -0. ||  1. | -1. | -0. |
| -0. | -0. | -0. ||  1. | -0. |  1. || -0. |  1. |  1. |
|=====+=====+=====||=====+=====+=====||=====+=====+=====|
| -0. | -0. | -1. ||  1. | -0. | -0. || -0. | -0. |  1. |
|  1. | -1. | -1. || -1. |  1. |  1. || -0. | -0. | -1. |
| -0. | -0. | -0. ||  1. | -1. | -1. || -1. |  1. | -0. |
|=====+=====+=====||=====+=====+=====||=====+=====+=====|
| -0. | -1. | -1. || -0. | -0. | -1. ||* 1. |*-1. |*-0. |
| -0. | -0. |  1. ||  1. |  1. | -0. ||*-0. |*-1. |*-0. |
|  1. | -1. | -0. || -0. | -0. | -1. ||*-1. |*-0. |*-0. |


Determined best move using: 129297Iterations
current State

|  0. |  1. |  0. ||  0. |  0. | -1. ||  0. |  1. |  0. |
|  0. |  1. |  0. ||  0. | -1. |  0. || -1. |  1. |  0. |
|  0. |  0. |  0. || -1. |  0. | -1. ||  0. | -1. | -1. |
|=====+=====+=====||=====+=====+=====||=====+=====+=====|
|  0. |  0. |  1. || -1. |  0. |  0. ||  0. |  0. | -1. |
| -1. |  1. |  1. ||  1. | -1. | -1. ||  0. |  0. |  1. |
|  0. |  0. |  0. || -1. |  1. |  1. ||  1. | -1. |  0. |
|=====+=====+=====||=====+=====+=====||=====+=====+=====|
|  0. |  1. |  1. ||* 0. |* 0. |* 1. || -1. |  1. |  0. |
|  0. |  0. | -1. ||*-1. |*-1. |* 0. ||  0. |  1. |  0. |
| -1. |  1. |  0. ||* 0. |* 0. |* 1. ||  1. | -1. |  0. |


state to eval, currenty is playerone turn=true

|  0. |  1. |  0. ||  0. |  0. | -1. ||  0. |  1. |  0. |
|  0. |  1. |  0. ||  0. | -1. |  0. || -1. |  1. |  0. |
|  0. |  0. |  0. || -1. |  0. | -1. ||  0. | -1. | -1. |
|=====+=====+=====||=====+=====+=====||=====+=====+=====|
|  0. |  0. |  1. || -1. |  0. |  0. ||  0. |  0. | -1. |
| -1. |  1. |  1. ||  1. | -1. | -1. ||  0. |  0. |  1. |
|  0. |  0. |  0. || -1. |  1. |  1. ||  1. | -1. |  0. |
|=====+=====+=====||=====+=====+=====||=====+=====+=====|
|  0. |  1. |  1. ||* 0. |* 0. |* 1. || -1. |  1. |  0. |
|  0. |  0. | -1. ||*-1. |*-1. |* 0. ||  0. |  1. |  0. |
| -1. |  1. |  0. ||* 0. |* 0. |* 1. ||  1. | -1. |  0. |


current State

|  0. |  1. |  0. ||  0. |  0. | -1. ||  0. |  1. |  0. |
|  0. |  1. |  0. ||  0. | -1. |  0. || -1. |  1. |  0. |
|  0. |  0. |  0. || -1. |  0. | -1. ||  0. | -1. | -1. |
|=====+=====+=====||=====+=====+=====||=====+=====+=====|
|  0. |  0. |  1. || -1. |  0. |  0. ||* 0. |* 0. |*-1. |
| -1. |  1. |  1. ||  1. | -1. | -1. ||* 0. |* 0. |* 1. |
|  0. |  0. |  0. || -1. |  1. |  1. ||* 1. |*-1. |* 0. |
|=====+=====+=====||=====+=====+=====||=====+=====+=====|
|  0. |  1. |  1. ||  0. |  0. |  1. || -1. |  1. |  0. |
|  0. |  0. | -1. || -1. | -1. |  1. ||  0. |  1. |  0. |
| -1. |  1. |  0. ||  0. |  0. |  1. ||  1. | -1. |  0. |


state to eval, currenty is playerone turn=false

| -0. | -1. | -0. || -0. | -0. |  1. || -0. | -1. | -0. |
| -0. | -1. | -0. || -0. |  1. | -0. ||  1. | -1. | -0. |
| -0. | -0. | -0. ||  1. | -0. |  1. || -0. |  1. |  1. |
|=====+=====+=====||=====+=====+=====||=====+=====+=====|
| -0. | -0. | -1. ||  1. | -0. | -0. ||*-0. |*-0. |* 1. |
|  1. | -1. | -1. || -1. |  1. |  1. ||*-0. |*-0. |*-1. |
| -0. | -0. | -0. ||  1. | -1. | -1. ||*-1. |* 1. |*-0. |
|=====+=====+=====||=====+=====+=====||=====+=====+=====|
| -0. | -1. | -1. || -0. | -0. | -1. ||  1. | -1. | -0. |
| -0. | -0. |  1. ||  1. |  1. | -1. || -0. | -1. | -0. |
|  1. | -1. | -0. || -0. | -0. | -1. || -1. |  1. | -0. |


Determined best move using: 143077Iterations
current State

|  0. |  1. |  0. ||  0. |  0. | -1. ||  0. |  1. |  0. |
|  0. |  1. |  0. ||  0. | -1. |  0. || -1. |  1. |  0. |
|  0. |  0. |  0. || -1. |  0. | -1. ||  0. | -1. | -1. |
|=====+=====+=====||=====+=====+=====||=====+=====+=====|
|  0. |  0. |  1. || -1. |  0. |  0. ||  0. |  0. | -1. |
| -1. |  1. |  1. ||  1. | -1. | -1. ||  0. |  0. |  1. |
|  0. |  0. |  0. || -1. |  1. |  1. ||  1. | -1. | -1. |
|=====+=====+=====||=====+=====+=====||=====+=====+=====|
|  0. |  1. |  1. ||  0. |  0. |  1. ||*-1. |* 1. |* 0. |
|  0. |  0. | -1. || -1. | -1. |  1. ||* 0. |* 1. |* 0. |
| -1. |  1. |  0. ||  0. |  0. |  1. ||* 1. |*-1. |* 0. |


state to eval, currenty is playerone turn=true

|  0. |  1. |  0. ||  0. |  0. | -1. ||  0. |  1. |  0. |
|  0. |  1. |  0. ||  0. | -1. |  0. || -1. |  1. |  0. |
|  0. |  0. |  0. || -1. |  0. | -1. ||  0. | -1. | -1. |
|=====+=====+=====||=====+=====+=====||=====+=====+=====|
|  0. |  0. |  1. || -1. |  0. |  0. ||  0. |  0. | -1. |
| -1. |  1. |  1. ||  1. | -1. | -1. ||  0. |  0. |  1. |
|  0. |  0. |  0. || -1. |  1. |  1. ||  1. | -1. | -1. |
|=====+=====+=====||=====+=====+=====||=====+=====+=====|
|  0. |  1. |  1. ||  0. |  0. |  1. ||*-1. |* 1. |* 0. |
|  0. |  0. | -1. || -1. | -1. |  1. ||* 0. |* 1. |* 0. |
| -1. |  1. |  0. ||  0. |  0. |  1. ||* 1. |*-1. |* 0. |


Determined best move using: 141849Iterations
current State

|  0. |  1. |  0. ||  0. |  0. | -1. ||* 0. |* 1. |* 0. |
|  0. |  1. |  0. ||  0. | -1. |  0. ||*-1. |* 1. |* 0. |
|  0. |  0. |  0. || -1. |  0. | -1. ||* 0. |*-1. |*-1. |
|=====+=====+=====||=====+=====+=====||=====+=====+=====|
|  0. |  0. |  1. || -1. |  0. |  0. ||  0. |  0. | -1. |
| -1. |  1. |  1. ||  1. | -1. | -1. ||  0. |  0. |  1. |
|  0. |  0. |  0. || -1. |  1. |  1. ||  1. | -1. | -1. |
|=====+=====+=====||=====+=====+=====||=====+=====+=====|
|  0. |  1. |  1. ||  0. |  0. |  1. || -1. |  1. |  1. |
|  0. |  0. | -1. || -1. | -1. |  1. ||  0. |  1. |  0. |
| -1. |  1. |  0. ||  0. |  0. |  1. ||  1. | -1. |  0. |


state to eval, currenty is playerone turn=false

| -0. | -1. | -0. || -0. | -0. |  1. ||*-0. |*-1. |*-0. |
| -0. | -1. | -0. || -0. |  1. | -0. ||* 1. |*-1. |*-0. |
| -0. | -0. | -0. ||  1. | -0. |  1. ||*-0. |* 1. |* 1. |
|=====+=====+=====||=====+=====+=====||=====+=====+=====|
| -0. | -0. | -1. ||  1. | -0. | -0. || -0. | -0. |  1. |
|  1. | -1. | -1. || -1. |  1. |  1. || -0. | -0. | -1. |
| -0. | -0. | -0. ||  1. | -1. | -1. || -1. |  1. |  1. |
|=====+=====+=====||=====+=====+=====||=====+=====+=====|
| -0. | -1. | -1. || -0. | -0. | -1. ||  1. | -1. | -1. |
| -0. | -0. |  1. ||  1. |  1. | -1. || -0. | -1. | -0. |
|  1. | -1. | -0. || -0. | -0. | -1. || -1. |  1. | -0. |


current State

|  0. |  1. |  0. ||  0. |  0. | -1. ||  0. |  1. |  0. |
|  0. |  1. |  0. ||  0. | -1. |  0. || -1. |  1. |  0. |
|  0. |  0. |  0. || -1. |  0. | -1. || -1. | -1. | -1. |
|=====+=====+=====||=====+=====+=====||=====+=====+=====|
|  0. |  0. |  1. || -1. |  0. |  0. ||  0. |  0. | -1. |
| -1. |  1. |  1. ||  1. | -1. | -1. ||  0. |  0. |  1. |
|  0. |  0. |  0. || -1. |  1. |  1. ||  1. | -1. | -1. |
|=====+=====+=====||=====+=====+=====||=====+=====+=====|
|* 0. |* 1. |* 1. ||  0. |  0. |  1. || -1. |  1. |  1. |
|* 0. |* 0. |*-1. || -1. | -1. |  1. ||  0. |  1. |  0. |
|*-1. |* 1. |* 0. ||  0. |  0. |  1. ||  1. | -1. |  0. |


state to eval, currenty is playerone turn=true

|  0. |  1. |  0. ||  0. |  0. | -1. ||  0. |  1. |  0. |
|  0. |  1. |  0. ||  0. | -1. |  0. || -1. |  1. |  0. |
|  0. |  0. |  0. || -1. |  0. | -1. || -1. | -1. | -1. |
|=====+=====+=====||=====+=====+=====||=====+=====+=====|
|  0. |  0. |  1. || -1. |  0. |  0. ||  0. |  0. | -1. |
| -1. |  1. |  1. ||  1. | -1. | -1. ||  0. |  0. |  1. |
|  0. |  0. |  0. || -1. |  1. |  1. ||  1. | -1. | -1. |
|=====+=====+=====||=====+=====+=====||=====+=====+=====|
|* 0. |* 1. |* 1. ||  0. |  0. |  1. || -1. |  1. |  1. |
|* 0. |* 0. |*-1. || -1. | -1. |  1. ||  0. |  1. |  0. |
|*-1. |* 1. |* 0. ||  0. |  0. |  1. ||  1. | -1. |  0. |


Determined best move using: 54139Iterations
current State

|  0. |  1. |  0. ||  0. |  0. | -1. ||  0. |  1. |  0. |
|  0. |  1. |  0. ||  0. | -1. |  0. || -1. |  1. |  0. |
|  0. |  0. |  0. || -1. |  0. | -1. || -1. | -1. | -1. |
|=====+=====+=====||=====+=====+=====||=====+=====+=====|
|  0. |  0. |  1. ||*-1. |* 0. |* 0. ||  0. |  0. | -1. |
| -1. |  1. |  1. ||* 1. |*-1. |*-1. ||  0. |  0. |  1. |
|  0. |  0. |  0. ||*-1. |* 1. |* 1. ||  1. | -1. | -1. |
|=====+=====+=====||=====+=====+=====||=====+=====+=====|
|  0. |  1. |  1. ||  0. |  0. |  1. || -1. |  1. |  1. |
|  0. |  1. | -1. || -1. | -1. |  1. ||  0. |  1. |  0. |
| -1. |  1. |  0. ||  0. |  0. |  1. ||  1. | -1. |  0. |


Game ended in: 45 moves
Actual data created in graphical format: 
[StateDatum{MCTSProbabilites=
|  .0133 |  .0135 |  .0131 ||  .0179 |  .0135 |  .0167 ||  .0096 |  .0108 |  .013 |
|  .0138 |  .0153 |  .0094 ||  .0095 |  .0164 |  .0132 ||  .0155 |  .0141 |  .0158 |
|  .0122 |  .0156 |  .0103 ||  .0091 |  .0106 |  .0121 ||  .0066 |  .0091 |  .0107 |
|========+========+========||========+========+========||========+========+========|
|  .0159 |  .0168 |  .0128 ||  .0088 |  .0133 |  .0095 ||  .0135 |  .0181 |  .0146 |
|  .0129 |  .011 |  .0166 ||  .0077 |  .0098 |  .005 ||  .0104 |  .0147 |  .0114 |
|  .0085 |  .008 |  .0137 ||  .0125 |  .0144 |  .0103 ||  .0141 |  .015 |  .0164 |
|========+========+========||========+========+========||========+========+========|
|  .0117 |  .014 |  .0095 ||  .0117 |  .0123 |  .0125 ||  .0087 |  .0034 |  .0112 |
|  .0096 |  .0109 |  .0091 ||  .0128 |  .0058 |  .0111 ||  .0166 |  .0111 |  .0126 |
|  .009 |  .0121 |  .0163 ||  .0088 |  .0132 |  .0111 ||  .0229 |  .0153 |  .0203 |

, state=
|* 0. |* 0. |* 0. ||* 0. |* 0. |* 0. ||* 0. |* 0. |* 0. |
|* 0. |* 0. |* 0. ||* 0. |* 0. |* 0. ||* 0. |* 0. |* 0. |
|* 0. |* 0. |* 0. ||* 0. |* 0. |* 0. ||* 0. |* 0. |* 0. |
|=====+=====+=====||=====+=====+=====||=====+=====+=====|
|* 0. |* 0. |* 0. ||* 0. |* 0. |* 0. ||* 0. |* 0. |* 0. |
|* 0. |* 0. |* 0. ||* 0. |* 0. |* 0. ||* 0. |* 0. |* 0. |
|* 0. |* 0. |* 0. ||* 0. |* 0. |* 0. ||* 0. |* 0. |* 0. |
|=====+=====+=====||=====+=====+=====||=====+=====+=====|
|* 0. |* 0. |* 0. ||* 0. |* 0. |* 0. ||* 0. |* 0. |* 0. |
|* 0. |* 0. |* 0. ||* 0. |* 0. |* 0. ||* 0. |* 0. |* 0. |
|* 0. |* 0. |* 0. ||* 0. |* 0. |* 0. ||* 0. |* 0. |* 0. |

, evalForThisState=1.0, isPlayerOneTurnOriginally=true}, StateDatum{MCTSProbabilites=
|  .0 |  .0 |  .0 ||  .0 |  .0 |  .0 ||  .0 |  .0 |  .0 |
|  .0 |  .0 |  .0 ||  .0 |  .0 |  .0 ||  .0 |  .0 |  .0 |
|  .0 |  .0 |  .0 ||  .0 |  .0 |  .0 ||  .0 |  .0 |  .0 |
|========+========+========||========+========+========||========+========+========|
|  .0 |  .0 |  .0 ||  .0 |  .0 |  .0 ||  .0 |  .0 |  .0 |
|  .0 |  .0 |  .0 ||  .0 |  .0 |  .0 ||  .0 |  .0 |  .0 |
|  .0 |  .0 |  .0 ||  .0 |  .0 |  .0 ||  .0 |  .0 |  .0 |
|========+========+========||========+========+========||========+========+========|
|  .0588 |  .0563 |  .0479 ||  .0 |  .0 |  .0 ||  .0 |  .0 |  .0 |
|  .0699 |  .06 |  .0679 ||  .0 |  .0 |  .0 ||  .0 |  .0 |  .0 |
|  .5362 |  .0571 |  .0459 ||  .0 |  .0 |  .0 ||  .0 |  .0 |  .0 |

, state=
| -0. | -0. | -0. || -0. | -0. | -0. || -0. | -0. | -0. |
| -0. | -0. | -0. || -0. | -0. | -0. || -0. | -0. | -0. |
| -0. | -0. | -0. || -0. | -0. | -0. || -0. | -0. | -0. |
|=====+=====+=====||=====+=====+=====||=====+=====+=====|
| -0. | -0. | -0. || -0. | -0. | -0. || -0. | -0. | -0. |
| -0. | -0. | -0. || -0. | -0. | -0. || -0. | -0. | -0. |
| -0. | -0. | -0. || -0. | -0. | -0. || -0. | -0. | -0. |
|=====+=====+=====||=====+=====+=====||=====+=====+=====|
|*-0. |*-0. |*-0. || -0. | -0. | -0. || -0. | -0. | -0. |
|*-0. |*-0. |*-0. || -0. | -0. | -0. || -0. | -0. | -0. |
|*-0. |*-0. |*-0. || -0. | -0. | -0. || -1. | -0. | -0. |

, evalForThisState=-1.0, isPlayerOneTurnOriginally=false}, StateDatum{MCTSProbabilites=
|  .0 |  .0 |  .0 ||  .0 |  .0 |  .0 ||  .0 |  .0 |  .0 |
|  .0 |  .0 |  .0 ||  .0 |  .0 |  .0 ||  .0 |  .0 |  .0 |
|  .0 |  .0 |  .0 ||  .0 |  .0 |  .0 ||  .0 |  .0 |  .0 |
|========+========+========||========+========+========||========+========+========|
|  .0 |  .0 |  .0 ||  .0 |  .0 |  .0 ||  .0 |  .0 |  .0 |
|  .0 |  .0 |  .0 ||  .0 |  .0 |  .0 ||  .0 |  .0 |  .0 |
|  .0 |  .0 |  .0 ||  .0 |  .0 |  .0 ||  .0 |  .0 |  .0 |
|========+========+========||========+========+========||========+========+========|
|  .0796 |  .1422 |  .077 ||  .0 |  .0 |  .0 ||  .0 |  .0 |  .0 |
|  .0887 |  .1758 |  .0926 ||  .0 |  .0 |  .0 ||  .0 |  .0 |  .0 |
|  .0 |  .2118 |  .1323 ||  .0 |  .0 |  .0 ||  .0 |  .0 |  .0 |

, state=
|  0. |  0. |  0. ||  0. |  0. |  0. ||  0. |  0. |  0. |
|  0. |  0. |  0. ||  0. |  0. |  0. ||  0. |  0. |  0. |
|  0. |  0. |  0. ||  0. |  0. |  0. ||  0. |  0. |  0. |
|=====+=====+=====||=====+=====+=====||=====+=====+=====|
|  0. |  0. |  0. ||  0. |  0. |  0. ||  0. |  0. |  0. |
|  0. |  0. |  0. ||  0. |  0. |  0. ||  0. |  0. |  0. |
|  0. |  0. |  0. ||  0. |  0. |  0. ||  0. |  0. |  0. |
|=====+=====+=====||=====+=====+=====||=====+=====+=====|
|* 0. |* 0. |* 0. ||  0. |  0. |  0. ||  0. |  0. |  0. |
|* 0. |* 0. |* 0. ||  0. |  0. |  0. ||  0. |  0. |  0. |
|*-1. |* 0. |* 0. ||  0. |  0. |  0. ||  1. |  0. |  0. |

, evalForThisState=1.0, isPlayerOneTurnOriginally=true}, StateDatum{MCTSProbabilites=
|  .0 |  .0 |  .0 ||  .0 |  .0 |  .0 ||  .0 |  .0 |  .0 |
|  .0 |  .0 |  .0 ||  .0 |  .0 |  .0 ||  .0 |  .0 |  .0 |
|  .0 |  .0 |  .0 ||  .0 |  .0 |  .0 ||  .0 |  .0 |  .0 |
|========+========+========||========+========+========||========+========+========|
|  .0 |  .0 |  .0 ||  .0 |  .0 |  .0 ||  .0 |  .0 |  .0 |
|  .0 |  .0 |  .0 ||  .0 |  .0 |  .0 ||  .0 |  .0 |  .0 |
|  .0 |  .0 |  .0 ||  .0 |  .0 |  .0 ||  .0 |  .0 |  .0 |
|========+========+========||========+========+========||========+========+========|
|  .0 |  .0 |  .0 ||  .0367 |  .0564 |  .055 ||  .0 |  .0 |  .0 |
|  .0 |  .0 |  .0 ||  .5192 |  .0513 |  .1218 ||  .0 |  .0 |  .0 |
|  .0 |  .0 |  .0 ||  .0307 |  .0681 |  .0608 ||  .0 |  .0 |  .0 |

, state=
| -0. | -0. | -0. || -0. | -0. | -0. || -0. | -0. | -0. |
| -0. | -0. | -0. || -0. | -0. | -0. || -0. | -0. | -0. |
| -0. | -0. | -0. || -0. | -0. | -0. || -0. | -0. | -0. |
|=====+=====+=====||=====+=====+=====||=====+=====+=====|
| -0. | -0. | -0. || -0. | -0. | -0. || -0. | -0. | -0. |
| -0. | -0. | -0. || -0. | -0. | -0. || -0. | -0. | -0. |
| -0. | -0. | -0. || -0. | -0. | -0. || -0. | -0. | -0. |
|=====+=====+=====||=====+=====+=====||=====+=====+=====|
| -0. | -0. | -0. ||*-0. |*-0. |*-0. || -0. | -0. | -0. |
| -0. | -0. | -0. ||*-0. |*-0. |*-0. || -0. | -0. | -0. |
|  1. | -1. | -0. ||*-0. |*-0. |*-0. || -1. | -0. | -0. |

, evalForThisState=-1.0, isPlayerOneTurnOriginally=false}, StateDatum{MCTSProbabilites=
|  .0 |  .0 |  .0 ||  .0 |  .0 |  .0 ||  .0 |  .0 |  .0 |
|  .0 |  .0 |  .0 ||  .0 |  .0 |  .0 ||  .0 |  .0 |  .0 |
|  .0 |  .0 |  .0 ||  .0 |  .0 |  .0 ||  .0 |  .0 |  .0 |
|========+========+========||========+========+========||========+========+========|
|  .0919 |  .0764 |  .097 ||  .0 |  .0 |  .0 ||  .0 |  .0 |  .0 |
|  .0813 |  .2521 |  .0519 ||  .0 |  .0 |  .0 ||  .0 |  .0 |  .0 |
|  .0823 |  .0877 |  .1795 ||  .0 |  .0 |  .0 ||  .0 |  .0 |  .0 |
|========+========+========||========+========+========||========+========+========|
|  .0 |  .0 |  .0 ||  .0 |  .0 |  .0 ||  .0 |  .0 |  .0 |
|  .0 |  .0 |  .0 ||  .0 |  .0 |  .0 ||  .0 |  .0 |  .0 |
|  .0 |  .0 |  .0 ||  .0 |  .0 |  .0 ||  .0 |  .0 |  .0 |

, state=
|  0. |  0. |  0. ||  0. |  0. |  0. ||  0. |  0. |  0. |
|  0. |  0. |  0. ||  0. |  0. |  0. ||  0. |  0. |  0. |
|  0. |  0. |  0. ||  0. |  0. |  0. ||  0. |  0. |  0. |
|=====+=====+=====||=====+=====+=====||=====+=====+=====|
|* 0. |* 0. |* 0. ||  0. |  0. |  0. ||  0. |  0. |  0. |
|* 0. |* 0. |* 0. ||  0. |  0. |  0. ||  0. |  0. |  0. |
|* 0. |* 0. |* 0. ||  0. |  0. |  0. ||  0. |  0. |  0. |
|=====+=====+=====||=====+=====+=====||=====+=====+=====|
|  0. |  0. |  0. ||  0. |  0. |  0. ||  0. |  0. |  0. |
|  0. |  0. |  0. || -1. |  0. |  0. ||  0. |  0. |  0. |
| -1. |  1. |  0. ||  0. |  0. |  0. ||  1. |  0. |  0. |

, evalForThisState=1.0, isPlayerOneTurnOriginally=true}, StateDatum{MCTSProbabilites=
|  .0 |  .0 |  .0 ||  .0 |  .0 |  .0 ||  .0 |  .0 |  .0 |
|  .0 |  .0 |  .0 ||  .0 |  .0 |  .0 ||  .0 |  .0 |  .0 |
|  .0 |  .0 |  .0 ||  .0 |  .0 |  .0 ||  .0 |  .0 |  .0 |
|========+========+========||========+========+========||========+========+========|
|  .0 |  .0 |  .0 ||  .3071 |  .0447 |  .0662 ||  .0 |  .0 |  .0 |
|  .0 |  .0 |  .0 ||  .0362 |  .0917 |  .0328 ||  .0 |  .0 |  .0 |
|  .0 |  .0 |  .0 ||  .346 |  .0377 |  .0376 ||  .0 |  .0 |  .0 |
|========+========+========||========+========+========||========+========+========|
|  .0 |  .0 |  .0 ||  .0 |  .0 |  .0 ||  .0 |  .0 |  .0 |
|  .0 |  .0 |  .0 ||  .0 |  .0 |  .0 ||  .0 |  .0 |  .0 |
|  .0 |  .0 |  .0 ||  .0 |  .0 |  .0 ||  .0 |  .0 |  .0 |

, state=
| -0. | -0. | -0. || -0. | -0. | -0. || -0. | -0. | -0. |
| -0. | -0. | -0. || -0. | -0. | -0. || -0. | -0. | -0. |
| -0. | -0. | -0. || -0. | -0. | -0. || -0. | -0. | -0. |
|=====+=====+=====||=====+=====+=====||=====+=====+=====|
| -0. | -0. | -0. ||*-0. |*-0. |*-0. || -0. | -0. | -0. |
| -0. | -1. | -0. ||*-0. |*-0. |*-0. || -0. | -0. | -0. |
| -0. | -0. | -0. ||*-0. |*-0. |*-0. || -0. | -0. | -0. |
|=====+=====+=====||=====+=====+=====||=====+=====+=====|
| -0. | -0. | -0. || -0. | -0. | -0. || -0. | -0. | -0. |
| -0. | -0. | -0. ||  1. | -0. | -0. || -0. | -0. | -0. |
|  1. | -1. | -0. || -0. | -0. | -0. || -1. | -0. | -0. |

, evalForThisState=-1.0, isPlayerOneTurnOriginally=false}, StateDatum{MCTSProbabilites=
|  .0 |  .0 |  .0 ||  .0 |  .0 |  .0 ||  .0 |  .0 |  .0 |
|  .0 |  .0 |  .0 ||  .0 |  .0 |  .0 ||  .0 |  .0 |  .0 |
|  .0 |  .0 |  .0 ||  .0 |  .0 |  .0 ||  .0 |  .0 |  .0 |
|========+========+========||========+========+========||========+========+========|
|  .0 |  .0 |  .0 ||  .0 |  .0 |  .0 ||  .0 |  .0 |  .0 |
|  .0 |  .0 |  .0 ||  .0 |  .0 |  .0 ||  .0 |  .0 |  .0 |
|  .0 |  .0 |  .0 ||  .0 |  .0 |  .0 ||  .0 |  .0 |  .0 |
|========+========+========||========+========+========||========+========+========|
|  .1344 |  .2755 |  .0847 ||  .0 |  .0 |  .0 ||  .0 |  .0 |  .0 |
|  .1543 |  .1969 |  .1056 ||  .0 |  .0 |  .0 ||  .0 |  .0 |  .0 |
|  .0 |  .0 |  .0486 ||  .0 |  .0 |  .0 ||  .0 |  .0 |  .0 |

, state=
|  0. |  0. |  0. ||  0. |  0. |  0. ||  0. |  0. |  0. |
|  0. |  0. |  0. ||  0. |  0. |  0. ||  0. |  0. |  0. |
|  0. |  0. |  0. ||  0. |  0. |  0. ||  0. |  0. |  0. |
|=====+=====+=====||=====+=====+=====||=====+=====+=====|
|  0. |  0. |  0. ||  0. |  0. |  0. ||  0. |  0. |  0. |
|  0. |  1. |  0. ||  0. |  0. |  0. ||  0. |  0. |  0. |
|  0. |  0. |  0. || -1. |  0. |  0. ||  0. |  0. |  0. |
|=====+=====+=====||=====+=====+=====||=====+=====+=====|
|* 0. |* 0. |* 0. ||  0. |  0. |  0. ||  0. |  0. |  0. |
|* 0. |* 0. |* 0. || -1. |  0. |  0. ||  0. |  0. |  0. |
|*-1. |* 1. |* 0. ||  0. |  0. |  0. ||  1. |  0. |  0. |

, evalForThisState=1.0, isPlayerOneTurnOriginally=true}, StateDatum{MCTSProbabilites=
|  .0 |  .0 |  .0 ||  .0405 |  .0469 |  .0458 ||  .0 |  .0 |  .0 |
|  .0 |  .0 |  .0 ||  .0456 |  .0682 |  .0528 ||  .0 |  .0 |  .0 |
|  .0 |  .0 |  .0 ||  .2877 |  .0434 |  .3692 ||  .0 |  .0 |  .0 |
|========+========+========||========+========+========||========+========+========|
|  .0 |  .0 |  .0 ||  .0 |  .0 |  .0 ||  .0 |  .0 |  .0 |
|  .0 |  .0 |  .0 ||  .0 |  .0 |  .0 ||  .0 |  .0 |  .0 |
|  .0 |  .0 |  .0 ||  .0 |  .0 |  .0 ||  .0 |  .0 |  .0 |
|========+========+========||========+========+========||========+========+========|
|  .0 |  .0 |  .0 ||  .0 |  .0 |  .0 ||  .0 |  .0 |  .0 |
|  .0 |  .0 |  .0 ||  .0 |  .0 |  .0 ||  .0 |  .0 |  .0 |
|  .0 |  .0 |  .0 ||  .0 |  .0 |  .0 ||  .0 |  .0 |  .0 |

, state=
| -0. | -0. | -0. ||*-0. |*-0. |*-0. || -0. | -0. | -0. |
| -0. | -0. | -0. ||*-0. |*-0. |*-0. || -0. | -0. | -0. |
| -0. | -0. | -0. ||*-0. |*-0. |*-0. || -0. | -0. | -0. |
|=====+=====+=====||=====+=====+=====||=====+=====+=====|
| -0. | -0. | -0. || -0. | -0. | -0. || -0. | -0. | -0. |
| -0. | -1. | -0. || -0. | -0. | -0. || -0. | -0. | -0. |
| -0. | -0. | -0. ||  1. | -0. | -0. || -0. | -0. | -0. |
|=====+=====+=====||=====+=====+=====||=====+=====+=====|
| -0. | -1. | -0. || -0. | -0. | -0. || -0. | -0. | -0. |
| -0. | -0. | -0. ||  1. | -0. | -0. || -0. | -0. | -0. |
|  1. | -1. | -0. || -0. | -0. | -0. || -1. | -0. | -0. |

, evalForThisState=-1.0, isPlayerOneTurnOriginally=false}, StateDatum{MCTSProbabilites=
|  .0 |  .0 |  .0 ||  .0 |  .0 |  .0 ||  .0 |  .0 |  .0 |
|  .0 |  .0 |  .0 ||  .0 |  .0 |  .0 ||  .0 |  .0 |  .0 |
|  .0 |  .0 |  .0 ||  .0 |  .0 |  .0 ||  .0 |  .0 |  .0 |
|========+========+========||========+========+========||========+========+========|
|  .0 |  .0 |  .0 ||  .0 |  .0 |  .0 ||  .0 |  .0 |  .0 |
|  .0 |  .0 |  .0 ||  .0 |  .0 |  .0 ||  .0 |  .0 |  .0 |
|  .0 |  .0 |  .0 ||  .0 |  .0 |  .0 ||  .0 |  .0 |  .0 |
|========+========+========||========+========+========||========+========+========|
|  .0 |  .0 |  .0 ||  .0 |  .0 |  .0 ||  .1157 |  .2431 |  .0554 |
|  .0 |  .0 |  .0 ||  .0 |  .0 |  .0 ||  .1094 |  .1454 |  .1388 |
|  .0 |  .0 |  .0 ||  .0 |  .0 |  .0 ||  .0 |  .1122 |  .08 |

, state=
|  0. |  0. |  0. ||  0. |  0. |  0. ||  0. |  0. |  0. |
|  0. |  0. |  0. ||  0. |  0. |  0. ||  0. |  0. |  0. |
|  0. |  0. |  0. ||  0. |  0. | -1. ||  0. |  0. |  0. |
|=====+=====+=====||=====+=====+=====||=====+=====+=====|
|  0. |  0. |  0. ||  0. |  0. |  0. ||  0. |  0. |  0. |
|  0. |  1. |  0. ||  0. |  0. |  0. ||  0. |  0. |  0. |
|  0. |  0. |  0. || -1. |  0. |  0. ||  0. |  0. |  0. |
|=====+=====+=====||=====+=====+=====||=====+=====+=====|
|  0. |  1. |  0. ||  0. |  0. |  0. ||* 0. |* 0. |* 0. |
|  0. |  0. |  0. || -1. |  0. |  0. ||* 0. |* 0. |* 0. |
| -1. |  1. |  0. ||  0. |  0. |  0. ||* 1. |* 0. |* 0. |

, evalForThisState=1.0, isPlayerOneTurnOriginally=true}, StateDatum{MCTSProbabilites=
|  .0 |  .0 |  .0 ||  .051 |  .0253 |  .0532 ||  .0 |  .0 |  .0 |
|  .0 |  .0 |  .0 ||  .0308 |  .3424 |  .0421 ||  .0 |  .0 |  .0 |
|  .0 |  .0 |  .0 ||  .2204 |  .2348 |  .0 ||  .0 |  .0 |  .0 |
|========+========+========||========+========+========||========+========+========|
|  .0 |  .0 |  .0 ||  .0 |  .0 |  .0 ||  .0 |  .0 |  .0 |
|  .0 |  .0 |  .0 ||  .0 |  .0 |  .0 ||  .0 |  .0 |  .0 |
|  .0 |  .0 |  .0 ||  .0 |  .0 |  .0 ||  .0 |  .0 |  .0 |
|========+========+========||========+========+========||========+========+========|
|  .0 |  .0 |  .0 ||  .0 |  .0 |  .0 ||  .0 |  .0 |  .0 |
|  .0 |  .0 |  .0 ||  .0 |  .0 |  .0 ||  .0 |  .0 |  .0 |
|  .0 |  .0 |  .0 ||  .0 |  .0 |  .0 ||  .0 |  .0 |  .0 |

, state=
| -0. | -0. | -0. ||*-0. |*-0. |*-0. || -0. | -0. | -0. |
| -0. | -0. | -0. ||*-0. |*-0. |*-0. || -0. | -0. | -0. |
| -0. | -0. | -0. ||*-0. |*-0. |* 1. || -0. | -0. | -0. |
|=====+=====+=====||=====+=====+=====||=====+=====+=====|
| -0. | -0. | -0. || -0. | -0. | -0. || -0. | -0. | -0. |
| -0. | -1. | -0. || -0. | -0. | -0. || -0. | -0. | -0. |
| -0. | -0. | -0. ||  1. | -0. | -0. || -0. | -0. | -0. |
|=====+=====+=====||=====+=====+=====||=====+=====+=====|
| -0. | -1. | -0. || -0. | -0. | -0. || -0. | -1. | -0. |
| -0. | -0. | -0. ||  1. | -0. | -0. || -0. | -0. | -0. |
|  1. | -1. | -0. || -0. | -0. | -0. || -1. | -0. | -0. |

, evalForThisState=-1.0, isPlayerOneTurnOriginally=false}, StateDatum{MCTSProbabilites=
|  .0 |  .0 |  .0 ||  .0 |  .0 |  .0 ||  .0 |  .0 |  .0 |
|  .0 |  .0 |  .0 ||  .0 |  .0 |  .0 ||  .0 |  .0 |  .0 |
|  .0 |  .0 |  .0 ||  .0 |  .0 |  .0 ||  .0 |  .0 |  .0 |
|========+========+========||========+========+========||========+========+========|
|  .0 |  .0 |  .0 ||  .068 |  .1459 |  .0971 ||  .0 |  .0 |  .0 |
|  .0 |  .0 |  .0 ||  .1993 |  .124 |  .1867 ||  .0 |  .0 |  .0 |
|  .0 |  .0 |  .0 ||  .0 |  .0565 |  .1224 ||  .0 |  .0 |  .0 |
|========+========+========||========+========+========||========+========+========|
|  .0 |  .0 |  .0 ||  .0 |  .0 |  .0 ||  .0 |  .0 |  .0 |
|  .0 |  .0 |  .0 ||  .0 |  .0 |  .0 ||  .0 |  .0 |  .0 |
|  .0 |  .0 |  .0 ||  .0 |  .0 |  .0 ||  .0 |  .0 |  .0 |

, state=
|  0. |  0. |  0. ||  0. |  0. |  0. ||  0. |  0. |  0. |
|  0. |  0. |  0. ||  0. | -1. |  0. ||  0. |  0. |  0. |
|  0. |  0. |  0. ||  0. |  0. | -1. ||  0. |  0. |  0. |
|=====+=====+=====||=====+=====+=====||=====+=====+=====|
|  0. |  0. |  0. ||* 0. |* 0. |* 0. ||  0. |  0. |  0. |
|  0. |  1. |  0. ||* 0. |* 0. |* 0. ||  0. |  0. |  0. |
|  0. |  0. |  0. ||*-1. |* 0. |* 0. ||  0. |  0. |  0. |
|=====+=====+=====||=====+=====+=====||=====+=====+=====|
|  0. |  1. |  0. ||  0. |  0. |  0. ||  0. |  1. |  0. |
|  0. |  0. |  0. || -1. |  0. |  0. ||  0. |  0. |  0. |
| -1. |  1. |  0. ||  0. |  0. |  0. ||  1. |  0. |  0. |

, evalForThisState=1.0, isPlayerOneTurnOriginally=true}, StateDatum{MCTSProbabilites=
|  .0 |  .0 |  .0 ||  .0 |  .0 |  .0 ||  .0 |  .0 |  .0 |
|  .0 |  .0 |  .0 ||  .0 |  .0 |  .0 ||  .0 |  .0 |  .0 |
|  .0 |  .0 |  .0 ||  .0 |  .0 |  .0 ||  .0 |  .0 |  .0 |
|========+========+========||========+========+========||========+========+========|
|  .0594 |  .2012 |  .0303 ||  .0 |  .0 |  .0 ||  .0 |  .0 |  .0 |
|  .2294 |  .0 |  .04 ||  .0 |  .0 |  .0 ||  .0 |  .0 |  .0 |
|  .1886 |  .0351 |  .2159 ||  .0 |  .0 |  .0 ||  .0 |  .0 |  .0 |
|========+========+========||========+========+========||========+========+========|
|  .0 |  .0 |  .0 ||  .0 |  .0 |  .0 ||  .0 |  .0 |  .0 |
|  .0 |  .0 |  .0 ||  .0 |  .0 |  .0 ||  .0 |  .0 |  .0 |
|  .0 |  .0 |  .0 ||  .0 |  .0 |  .0 ||  .0 |  .0 |  .0 |

, state=
| -0. | -0. | -0. || -0. | -0. | -0. || -0. | -0. | -0. |
| -0. | -0. | -0. || -0. |  1. | -0. || -0. | -0. | -0. |
| -0. | -0. | -0. || -0. | -0. |  1. || -0. | -0. | -0. |
|=====+=====+=====||=====+=====+=====||=====+=====+=====|
|*-0. |*-0. |*-0. || -0. | -0. | -0. || -0. | -0. | -0. |
|*-0. |*-1. |*-0. || -1. | -0. | -0. || -0. | -0. | -0. |
|*-0. |*-0. |*-0. ||  1. | -0. | -0. || -0. | -0. | -0. |
|=====+=====+=====||=====+=====+=====||=====+=====+=====|
| -0. | -1. | -0. || -0. | -0. | -0. || -0. | -1. | -0. |
| -0. | -0. | -0. ||  1. | -0. | -0. || -0. | -0. | -0. |
|  1. | -1. | -0. || -0. | -0. | -0. || -1. | -0. | -0. |

, evalForThisState=-1.0, isPlayerOneTurnOriginally=false}, StateDatum{MCTSProbabilites=
|  .0 |  .0 |  .0 ||  .0 |  .0 |  .0 ||  .0 |  .0 |  .0 |
|  .0 |  .0 |  .0 ||  .0 |  .0 |  .0 ||  .0 |  .0 |  .0 |
|  .0 |  .0 |  .0 ||  .0 |  .0 |  .0 ||  .0 |  .0 |  .0 |
|========+========+========||========+========+========||========+========+========|
|  .0878 |  .1721 |  .0767 ||  .0 |  .0 |  .0 ||  .0 |  .0 |  .0 |
|  .0 |  .0 |  .2252 ||  .0 |  .0 |  .0 ||  .0 |  .0 |  .0 |
|  .1295 |  .1171 |  .1915 ||  .0 |  .0 |  .0 ||  .0 |  .0 |  .0 |
|========+========+========||========+========+========||========+========+========|
|  .0 |  .0 |  .0 ||  .0 |  .0 |  .0 ||  .0 |  .0 |  .0 |
|  .0 |  .0 |  .0 ||  .0 |  .0 |  .0 ||  .0 |  .0 |  .0 |
|  .0 |  .0 |  .0 ||  .0 |  .0 |  .0 ||  .0 |  .0 |  .0 |

, state=
|  0. |  0. |  0. ||  0. |  0. |  0. ||  0. |  0. |  0. |
|  0. |  0. |  0. ||  0. | -1. |  0. ||  0. |  0. |  0. |
|  0. |  0. |  0. ||  0. |  0. | -1. ||  0. |  0. |  0. |
|=====+=====+=====||=====+=====+=====||=====+=====+=====|
|* 0. |* 0. |* 0. ||  0. |  0. |  0. ||  0. |  0. |  0. |
|*-1. |* 1. |* 0. ||  1. |  0. |  0. ||  0. |  0. |  0. |
|* 0. |* 0. |* 0. || -1. |  0. |  0. ||  0. |  0. |  0. |
|=====+=====+=====||=====+=====+=====||=====+=====+=====|
|  0. |  1. |  0. ||  0. |  0. |  0. ||  0. |  1. |  0. |
|  0. |  0. |  0. || -1. |  0. |  0. ||  0. |  0. |  0. |
| -1. |  1. |  0. ||  0. |  0. |  0. ||  1. |  0. |  0. |

, evalForThisState=1.0, isPlayerOneTurnOriginally=true}, StateDatum{MCTSProbabilites=
|  .0 |  .0 |  .0 ||  .0 |  .0 |  .0 ||  .0 |  .0 |  .0 |
|  .0 |  .0 |  .0 ||  .0 |  .0 |  .0 ||  .0 |  .0 |  .0 |
|  .0 |  .0 |  .0 ||  .0 |  .0 |  .0 ||  .0 |  .0 |  .0 |
|========+========+========||========+========+========||========+========+========|
|  .0 |  .0 |  .0 ||  .0 |  .0 |  .0 ||  .1683 |  .1658 |  .215 |
|  .0 |  .0 |  .0 ||  .0 |  .0 |  .0 ||  .1638 |  .0336 |  .0428 |
|  .0 |  .0 |  .0 ||  .0 |  .0 |  .0 ||  .1288 |  .0381 |  .0439 |
|========+========+========||========+========+========||========+========+========|
|  .0 |  .0 |  .0 ||  .0 |  .0 |  .0 ||  .0 |  .0 |  .0 |
|  .0 |  .0 |  .0 ||  .0 |  .0 |  .0 ||  .0 |  .0 |  .0 |
|  .0 |  .0 |  .0 ||  .0 |  .0 |  .0 ||  .0 |  .0 |  .0 |

, state=
| -0. | -0. | -0. || -0. | -0. | -0. || -0. | -0. | -0. |
| -0. | -0. | -0. || -0. |  1. | -0. || -0. | -0. | -0. |
| -0. | -0. | -0. || -0. | -0. |  1. || -0. | -0. | -0. |
|=====+=====+=====||=====+=====+=====||=====+=====+=====|
| -0. | -0. | -0. || -0. | -0. | -0. ||*-0. |*-0. |*-0. |
|  1. | -1. | -1. || -1. | -0. | -0. ||*-0. |*-0. |*-0. |
| -0. | -0. | -0. ||  1. | -0. | -0. ||*-0. |*-0. |*-0. |
|=====+=====+=====||=====+=====+=====||=====+=====+=====|
| -0. | -1. | -0. || -0. | -0. | -0. || -0. | -1. | -0. |
| -0. | -0. | -0. ||  1. | -0. | -0. || -0. | -0. | -0. |
|  1. | -1. | -0. || -0. | -0. | -0. || -1. | -0. | -0. |

, evalForThisState=-1.0, isPlayerOneTurnOriginally=false}, StateDatum{MCTSProbabilites=
|  .0 |  .0 |  .0 ||  .0 |  .0 |  .0 ||  .0737 |  .0995 |  .1041 |
|  .0 |  .0 |  .0 ||  .0 |  .0 |  .0 ||  .0964 |  .1928 |  .1703 |
|  .0 |  .0 |  .0 ||  .0 |  .0 |  .0 ||  .1197 |  .0684 |  .075 |
|========+========+========||========+========+========||========+========+========|
|  .0 |  .0 |  .0 ||  .0 |  .0 |  .0 ||  .0 |  .0 |  .0 |
|  .0 |  .0 |  .0 ||  .0 |  .0 |  .0 ||  .0 |  .0 |  .0 |
|  .0 |  .0 |  .0 ||  .0 |  .0 |  .0 ||  .0 |  .0 |  .0 |
|========+========+========||========+========+========||========+========+========|
|  .0 |  .0 |  .0 ||  .0 |  .0 |  .0 ||  .0 |  .0 |  .0 |
|  .0 |  .0 |  .0 ||  .0 |  .0 |  .0 ||  .0 |  .0 |  .0 |
|  .0 |  .0 |  .0 ||  .0 |  .0 |  .0 ||  .0 |  .0 |  .0 |

, state=
|  0. |  0. |  0. ||  0. |  0. |  0. ||* 0. |* 0. |* 0. |
|  0. |  0. |  0. ||  0. | -1. |  0. ||* 0. |* 0. |* 0. |
|  0. |  0. |  0. ||  0. |  0. | -1. ||* 0. |* 0. |* 0. |
|=====+=====+=====||=====+=====+=====||=====+=====+=====|
|  0. |  0. |  0. ||  0. |  0. |  0. ||  0. |  0. | -1. |
| -1. |  1. |  1. ||  1. |  0. |  0. ||  0. |  0. |  0. |
|  0. |  0. |  0. || -1. |  0. |  0. ||  0. |  0. |  0. |
|=====+=====+=====||=====+=====+=====||=====+=====+=====|
|  0. |  1. |  0. ||  0. |  0. |  0. ||  0. |  1. |  0. |
|  0. |  0. |  0. || -1. |  0. |  0. ||  0. |  0. |  0. |
| -1. |  1. |  0. ||  0. |  0. |  0. ||  1. |  0. |  0. |

, evalForThisState=1.0, isPlayerOneTurnOriginally=true}, StateDatum{MCTSProbabilites=
|  .0 |  .0 |  .0 ||  .0 |  .0 |  .0 ||  .0 |  .0 |  .0 |
|  .0 |  .0 |  .0 ||  .0 |  .0 |  .0 ||  .0 |  .0 |  .0 |
|  .0 |  .0 |  .0 ||  .0 |  .0 |  .0 ||  .0 |  .0 |  .0 |
|========+========+========||========+========+========||========+========+========|
|  .0 |  .0 |  .0 ||  .2771 |  .2364 |  .0775 ||  .0 |  .0 |  .0 |
|  .0 |  .0 |  .0 ||  .0 |  .0973 |  .0502 ||  .0 |  .0 |  .0 |
|  .0 |  .0 |  .0 ||  .0 |  .1887 |  .0727 ||  .0 |  .0 |  .0 |
|========+========+========||========+========+========||========+========+========|
|  .0 |  .0 |  .0 ||  .0 |  .0 |  .0 ||  .0 |  .0 |  .0 |
|  .0 |  .0 |  .0 ||  .0 |  .0 |  .0 ||  .0 |  .0 |  .0 |
|  .0 |  .0 |  .0 ||  .0 |  .0 |  .0 ||  .0 |  .0 |  .0 |

, state=
| -0. | -0. | -0. || -0. | -0. | -0. || -0. | -0. | -0. |
| -0. | -0. | -0. || -0. |  1. | -0. || -0. | -1. | -0. |
| -0. | -0. | -0. || -0. | -0. |  1. || -0. | -0. | -0. |
|=====+=====+=====||=====+=====+=====||=====+=====+=====|
| -0. | -0. | -0. ||*-0. |*-0. |*-0. || -0. | -0. |  1. |
|  1. | -1. | -1. ||*-1. |*-0. |*-0. || -0. | -0. | -0. |
| -0. | -0. | -0. ||* 1. |*-0. |*-0. || -0. | -0. | -0. |
|=====+=====+=====||=====+=====+=====||=====+=====+=====|
| -0. | -1. | -0. || -0. | -0. | -0. || -0. | -1. | -0. |
| -0. | -0. | -0. ||  1. | -0. | -0. || -0. | -0. | -0. |
|  1. | -1. | -0. || -0. | -0. | -0. || -1. | -0. | -0. |

, evalForThisState=-1.0, isPlayerOneTurnOriginally=false}, StateDatum{MCTSProbabilites=
|  .0982 |  .0628 |  .1186 ||  .0 |  .0 |  .0 ||  .0 |  .0 |  .0 |
|  .0996 |  .1972 |  .1183 ||  .0 |  .0 |  .0 ||  .0 |  .0 |  .0 |
|  .1083 |  .1586 |  .0384 ||  .0 |  .0 |  .0 ||  .0 |  .0 |  .0 |
|========+========+========||========+========+========||========+========+========|
|  .0 |  .0 |  .0 ||  .0 |  .0 |  .0 ||  .0 |  .0 |  .0 |
|  .0 |  .0 |  .0 ||  .0 |  .0 |  .0 ||  .0 |  .0 |  .0 |
|  .0 |  .0 |  .0 ||  .0 |  .0 |  .0 ||  .0 |  .0 |  .0 |
|========+========+========||========+========+========||========+========+========|
|  .0 |  .0 |  .0 ||  .0 |  .0 |  .0 ||  .0 |  .0 |  .0 |
|  .0 |  .0 |  .0 ||  .0 |  .0 |  .0 ||  .0 |  .0 |  .0 |
|  .0 |  .0 |  .0 ||  .0 |  .0 |  .0 ||  .0 |  .0 |  .0 |

, state=
|* 0. |* 0. |* 0. ||  0. |  0. |  0. ||  0. |  0. |  0. |
|* 0. |* 0. |* 0. ||  0. | -1. |  0. ||  0. |  1. |  0. |
|* 0. |* 0. |* 0. ||  0. |  0. | -1. ||  0. |  0. |  0. |
|=====+=====+=====||=====+=====+=====||=====+=====+=====|
|  0. |  0. |  0. || -1. |  0. |  0. ||  0. |  0. | -1. |
| -1. |  1. |  1. ||  1. |  0. |  0. ||  0. |  0. |  0. |
|  0. |  0. |  0. || -1. |  0. |  0. ||  0. |  0. |  0. |
|=====+=====+=====||=====+=====+=====||=====+=====+=====|
|  0. |  1. |  0. ||  0. |  0. |  0. ||  0. |  1. |  0. |
|  0. |  0. |  0. || -1. |  0. |  0. ||  0. |  0. |  0. |
| -1. |  1. |  0. ||  0. |  0. |  0. ||  1. |  0. |  0. |

, evalForThisState=1.0, isPlayerOneTurnOriginally=true}, StateDatum{MCTSProbabilites=
|  .0 |  .0 |  .0 ||  .0 |  .0 |  .0 ||  .0 |  .0 |  .0 |
|  .0 |  .0 |  .0 ||  .0 |  .0 |  .0 ||  .0 |  .0 |  .0 |
|  .0 |  .0 |  .0 ||  .0 |  .0 |  .0 ||  .0 |  .0 |  .0 |
|========+========+========||========+========+========||========+========+========|
|  .0 |  .0 |  .0 ||  .0 |  .2299 |  .1289 ||  .0 |  .0 |  .0 |
|  .0 |  .0 |  .0 ||  .0 |  .0608 |  .2333 ||  .0 |  .0 |  .0 |
|  .0 |  .0 |  .0 ||  .0 |  .2107 |  .1364 ||  .0 |  .0 |  .0 |
|========+========+========||========+========+========||========+========+========|
|  .0 |  .0 |  .0 ||  .0 |  .0 |  .0 ||  .0 |  .0 |  .0 |
|  .0 |  .0 |  .0 ||  .0 |  .0 |  .0 ||  .0 |  .0 |  .0 |
|  .0 |  .0 |  .0 ||  .0 |  .0 |  .0 ||  .0 |  .0 |  .0 |

, state=
| -0. | -0. | -0. || -0. | -0. | -0. || -0. | -0. | -0. |
| -0. | -1. | -0. || -0. |  1. | -0. || -0. | -1. | -0. |
| -0. | -0. | -0. || -0. | -0. |  1. || -0. | -0. | -0. |
|=====+=====+=====||=====+=====+=====||=====+=====+=====|
| -0. | -0. | -0. ||* 1. |*-0. |*-0. || -0. | -0. |  1. |
|  1. | -1. | -1. ||*-1. |*-0. |*-0. || -0. | -0. | -0. |
| -0. | -0. | -0. ||* 1. |*-0. |*-0. || -0. | -0. | -0. |
|=====+=====+=====||=====+=====+=====||=====+=====+=====|
| -0. | -1. | -0. || -0. | -0. | -0. || -0. | -1. | -0. |
| -0. | -0. | -0. ||  1. | -0. | -0. || -0. | -0. | -0. |
|  1. | -1. | -0. || -0. | -0. | -0. || -1. | -0. | -0. |

, evalForThisState=-1.0, isPlayerOneTurnOriginally=false}, StateDatum{MCTSProbabilites=
|  .0 |  .0 |  .0 ||  .0 |  .0 |  .0 ||  .0 |  .0 |  .0 |
|  .0 |  .0 |  .0 ||  .0 |  .0 |  .0 ||  .0 |  .0 |  .0 |
|  .0 |  .0 |  .0 ||  .0 |  .0 |  .0 ||  .0 |  .0 |  .0 |
|========+========+========||========+========+========||========+========+========|
|  .0 |  .0 |  .0 ||  .0 |  .0 |  .0 ||  .1252 |  .0243 |  .0 |
|  .0 |  .0 |  .0 ||  .0 |  .0 |  .0 ||  .1672 |  .125 |  .1493 |
|  .0 |  .0 |  .0 ||  .0 |  .0 |  .0 ||  .1749 |  .092 |  .1421 |
|========+========+========||========+========+========||========+========+========|
|  .0 |  .0 |  .0 ||  .0 |  .0 |  .0 ||  .0 |  .0 |  .0 |
|  .0 |  .0 |  .0 ||  .0 |  .0 |  .0 ||  .0 |  .0 |  .0 |
|  .0 |  .0 |  .0 ||  .0 |  .0 |  .0 ||  .0 |  .0 |  .0 |

, state=
|  0. |  0. |  0. ||  0. |  0. |  0. ||  0. |  0. |  0. |
|  0. |  1. |  0. ||  0. | -1. |  0. ||  0. |  1. |  0. |
|  0. |  0. |  0. ||  0. |  0. | -1. ||  0. |  0. |  0. |
|=====+=====+=====||=====+=====+=====||=====+=====+=====|
|  0. |  0. |  0. || -1. |  0. |  0. ||* 0. |* 0. |*-1. |
| -1. |  1. |  1. ||  1. |  0. | -1. ||* 0. |* 0. |* 0. |
|  0. |  0. |  0. || -1. |  0. |  0. ||* 0. |* 0. |* 0. |
|=====+=====+=====||=====+=====+=====||=====+=====+=====|
|  0. |  1. |  0. ||  0. |  0. |  0. ||  0. |  1. |  0. |
|  0. |  0. |  0. || -1. |  0. |  0. ||  0. |  0. |  0. |
| -1. |  1. |  0. ||  0. |  0. |  0. ||  1. |  0. |  0. |

, evalForThisState=1.0, isPlayerOneTurnOriginally=true}, StateDatum{MCTSProbabilites=
|  .0 |  .0 |  .0 ||  .0 |  .0 |  .0 ||  .0 |  .0 |  .0 |
|  .0 |  .0 |  .0 ||  .0 |  .0 |  .0 ||  .0 |  .0 |  .0 |
|  .0 |  .0 |  .0 ||  .0 |  .0 |  .0 ||  .0 |  .0 |  .0 |
|========+========+========||========+========+========||========+========+========|
|  .0 |  .0 |  .0 ||  .0 |  .0 |  .0 ||  .0 |  .0 |  .0 |
|  .0 |  .0 |  .0 ||  .0 |  .0 |  .0 ||  .0 |  .0 |  .0 |
|  .0 |  .0 |  .0 ||  .0 |  .0 |  .0 ||  .0 |  .0 |  .0 |
|========+========+========||========+========+========||========+========+========|
|  .172 |  .0 |  .1607 ||  .0 |  .0 |  .0 ||  .0 |  .0 |  .0 |
|  .1501 |  .1331 |  .1963 ||  .0 |  .0 |  .0 ||  .0 |  .0 |  .0 |
|  .0 |  .0 |  .1878 ||  .0 |  .0 |  .0 ||  .0 |  .0 |  .0 |

, state=
| -0. | -0. | -0. || -0. | -0. | -0. || -0. | -0. | -0. |
| -0. | -1. | -0. || -0. |  1. | -0. || -0. | -1. | -0. |
| -0. | -0. | -0. || -0. | -0. |  1. || -0. | -0. | -0. |
|=====+=====+=====||=====+=====+=====||=====+=====+=====|
| -0. | -0. | -0. ||  1. | -0. | -0. || -0. | -0. |  1. |
|  1. | -1. | -1. || -1. | -0. |  1. || -0. | -0. | -0. |
| -0. | -0. | -0. ||  1. | -0. | -0. || -1. | -0. | -0. |
|=====+=====+=====||=====+=====+=====||=====+=====+=====|
|*-0. |*-1. |*-0. || -0. | -0. | -0. || -0. | -1. | -0. |
|*-0. |*-0. |*-0. ||  1. | -0. | -0. || -0. | -0. | -0. |
|* 1. |*-1. |*-0. || -0. | -0. | -0. || -1. | -0. | -0. |

, evalForThisState=-1.0, isPlayerOneTurnOriginally=false}, StateDatum{MCTSProbabilites=
|  .0 |  .0 |  .0 ||  .0 |  .0 |  .0 ||  .0 |  .0 |  .0 |
|  .0 |  .0 |  .0 ||  .0 |  .0 |  .0 ||  .0 |  .0 |  .0 |
|  .0 |  .0 |  .0 ||  .0 |  .0 |  .0 ||  .0 |  .0 |  .0 |
|========+========+========||========+========+========||========+========+========|
|  .0 |  .0 |  .0 ||  .0 |  .0 |  .0 ||  .1084 |  .15 |  .0 |
|  .0 |  .0 |  .0 ||  .0 |  .0 |  .0 ||  .1421 |  .1258 |  .1839 |
|  .0 |  .0 |  .0 ||  .0 |  .0 |  .0 ||  .0 |  .1658 |  .1241 |
|========+========+========||========+========+========||========+========+========|
|  .0 |  .0 |  .0 ||  .0 |  .0 |  .0 ||  .0 |  .0 |  .0 |
|  .0 |  .0 |  .0 ||  .0 |  .0 |  .0 ||  .0 |  .0 |  .0 |
|  .0 |  .0 |  .0 ||  .0 |  .0 |  .0 ||  .0 |  .0 |  .0 |

, state=
|  0. |  0. |  0. ||  0. |  0. |  0. ||  0. |  0. |  0. |
|  0. |  1. |  0. ||  0. | -1. |  0. ||  0. |  1. |  0. |
|  0. |  0. |  0. ||  0. |  0. | -1. ||  0. |  0. |  0. |
|=====+=====+=====||=====+=====+=====||=====+=====+=====|
|  0. |  0. |  0. || -1. |  0. |  0. ||* 0. |* 0. |*-1. |
| -1. |  1. |  1. ||  1. |  0. | -1. ||* 0. |* 0. |* 0. |
|  0. |  0. |  0. || -1. |  0. |  0. ||* 1. |* 0. |* 0. |
|=====+=====+=====||=====+=====+=====||=====+=====+=====|
|  0. |  1. |  0. ||  0. |  0. |  0. ||  0. |  1. |  0. |
|  0. |  0. | -1. || -1. |  0. |  0. ||  0. |  0. |  0. |
| -1. |  1. |  0. ||  0. |  0. |  0. ||  1. |  0. |  0. |

, evalForThisState=1.0, isPlayerOneTurnOriginally=true}, StateDatum{MCTSProbabilites=
|  .0 |  .0 |  .0 ||  .0 |  .0 |  .0 ||  .0 |  .0 |  .0 |
|  .0 |  .0 |  .0 ||  .0 |  .0 |  .0 ||  .0 |  .0 |  .0 |
|  .0 |  .0 |  .0 ||  .0 |  .0 |  .0 ||  .0 |  .0 |  .0 |
|========+========+========||========+========+========||========+========+========|
|  .0 |  .0 |  .0 ||  .0 |  .0 |  .0 ||  .1608 |  .1417 |  .0 |
|  .0 |  .0 |  .0 ||  .0 |  .0 |  .0 ||  .1655 |  .1458 |  .0 |
|  .0 |  .0 |  .0 ||  .0 |  .0 |  .0 ||  .0 |  .1932 |  .193 |
|========+========+========||========+========+========||========+========+========|
|  .0 |  .0 |  .0 ||  .0 |  .0 |  .0 ||  .0 |  .0 |  .0 |
|  .0 |  .0 |  .0 ||  .0 |  .0 |  .0 ||  .0 |  .0 |  .0 |
|  .0 |  .0 |  .0 ||  .0 |  .0 |  .0 ||  .0 |  .0 |  .0 |

, state=
| -0. | -0. | -0. || -0. | -0. | -0. || -0. | -0. | -0. |
| -0. | -1. | -0. || -0. |  1. | -0. || -0. | -1. | -0. |
| -0. | -0. | -0. || -0. | -0. |  1. || -0. | -0. | -0. |
|=====+=====+=====||=====+=====+=====||=====+=====+=====|
| -0. | -0. | -0. ||  1. | -0. | -0. ||*-0. |*-0. |* 1. |
|  1. | -1. | -1. || -1. | -0. |  1. ||*-0. |*-0. |*-1. |
| -0. | -0. | -0. ||  1. | -0. | -0. ||*-1. |*-0. |*-0. |
|=====+=====+=====||=====+=====+=====||=====+=====+=====|
| -0. | -1. | -0. || -0. | -0. | -0. || -0. | -1. | -0. |
| -0. | -0. |  1. ||  1. | -0. | -0. || -0. | -0. | -0. |
|  1. | -1. | -0. || -0. | -0. | -0. || -1. | -0. | -0. |

, evalForThisState=-1.0, isPlayerOneTurnOriginally=false}, StateDatum{MCTSProbabilites=
|  .0 |  .0 |  .0 ||  .0 |  .0 |  .0 ||  .0 |  .0 |  .0 |
|  .0 |  .0 |  .0 ||  .0 |  .0 |  .0 ||  .0 |  .0 |  .0 |
|  .0 |  .0 |  .0 ||  .0 |  .0 |  .0 ||  .0 |  .0 |  .0 |
|========+========+========||========+========+========||========+========+========|
|  .0 |  .0 |  .0 ||  .0 |  .0 |  .0 ||  .0 |  .0 |  .0 |
|  .0 |  .0 |  .0 ||  .0 |  .0 |  .0 ||  .0 |  .0 |  .0 |
|  .0 |  .0 |  .0 ||  .0 |  .0 |  .0 ||  .0 |  .0 |  .0 |
|========+========+========||========+========+========||========+========+========|
|  .0 |  .0 |  .0 ||  .0972 |  .1333 |  .1268 ||  .0 |  .0 |  .0 |
|  .0 |  .0 |  .0 ||  .0 |  .0994 |  .1019 ||  .0 |  .0 |  .0 |
|  .0 |  .0 |  .0 ||  .1297 |  .1502 |  .1615 ||  .0 |  .0 |  .0 |

, state=
|  0. |  0. |  0. ||  0. |  0. |  0. ||  0. |  0. |  0. |
|  0. |  1. |  0. ||  0. | -1. |  0. ||  0. |  1. |  0. |
|  0. |  0. |  0. ||  0. |  0. | -1. ||  0. |  0. |  0. |
|=====+=====+=====||=====+=====+=====||=====+=====+=====|
|  0. |  0. |  0. || -1. |  0. |  0. ||  0. |  0. | -1. |
| -1. |  1. |  1. ||  1. |  0. | -1. ||  0. |  0. |  1. |
|  0. |  0. |  0. || -1. |  0. |  0. ||  1. | -1. |  0. |
|=====+=====+=====||=====+=====+=====||=====+=====+=====|
|  0. |  1. |  0. ||* 0. |* 0. |* 0. ||  0. |  1. |  0. |
|  0. |  0. | -1. ||*-1. |* 0. |* 0. ||  0. |  0. |  0. |
| -1. |  1. |  0. ||* 0. |* 0. |* 0. ||  1. |  0. |  0. |

, evalForThisState=1.0, isPlayerOneTurnOriginally=true}, StateDatum{MCTSProbabilites=
|  .0 |  .0 |  .0 ||  .0 |  .0 |  .0 ||  .0 |  .0 |  .0 |
|  .0 |  .0 |  .0 ||  .0 |  .0 |  .0 ||  .0 |  .0 |  .0 |
|  .0 |  .0 |  .0 ||  .0 |  .0 |  .0 ||  .0 |  .0 |  .0 |
|========+========+========||========+========+========||========+========+========|
|  .0 |  .0 |  .0 ||  .0 |  .0 |  .0 ||  .0 |  .0 |  .0 |
|  .0 |  .0 |  .0 ||  .0 |  .0 |  .0 ||  .0 |  .0 |  .0 |
|  .0 |  .0 |  .0 ||  .0 |  .0 |  .0 ||  .0 |  .0 |  .0 |
|========+========+========||========+========+========||========+========+========|
|  .0 |  .0 |  .0 ||  .0 |  .0 |  .0 ||  .1716 |  .0 |  .1435 |
|  .0 |  .0 |  .0 ||  .0 |  .0 |  .0 ||  .1702 |  .1271 |  .1034 |
|  .0 |  .0 |  .0 ||  .0 |  .0 |  .0 ||  .0 |  .1499 |  .1342 |

, state=
| -0. | -0. | -0. || -0. | -0. | -0. || -0. | -0. | -0. |
| -0. | -1. | -0. || -0. |  1. | -0. || -0. | -1. | -0. |
| -0. | -0. | -0. || -0. | -0. |  1. || -0. | -0. | -0. |
|=====+=====+=====||=====+=====+=====||=====+=====+=====|
| -0. | -0. | -0. ||  1. | -0. | -0. || -0. | -0. |  1. |
|  1. | -1. | -1. || -1. | -0. |  1. || -0. | -0. | -1. |
| -0. | -0. | -0. ||  1. | -0. | -0. || -1. |  1. | -0. |
|=====+=====+=====||=====+=====+=====||=====+=====+=====|
| -0. | -1. | -0. || -0. | -0. | -0. ||*-0. |*-1. |*-0. |
| -0. | -0. |  1. ||  1. | -0. | -0. ||*-0. |*-0. |*-0. |
|  1. | -1. | -0. || -0. | -0. | -1. ||*-1. |*-0. |*-0. |

, evalForThisState=-1.0, isPlayerOneTurnOriginally=false}, StateDatum{MCTSProbabilites=
|  .1223 |  .1655 |  .1228 ||  .0 |  .0 |  .0 ||  .0 |  .0 |  .0 |
|  .1357 |  .0 |  .1131 ||  .0 |  .0 |  .0 ||  .0 |  .0 |  .0 |
|  .117 |  .1217 |  .1019 ||  .0 |  .0 |  .0 ||  .0 |  .0 |  .0 |
|========+========+========||========+========+========||========+========+========|
|  .0 |  .0 |  .0 ||  .0 |  .0 |  .0 ||  .0 |  .0 |  .0 |
|  .0 |  .0 |  .0 ||  .0 |  .0 |  .0 ||  .0 |  .0 |  .0 |
|  .0 |  .0 |  .0 ||  .0 |  .0 |  .0 ||  .0 |  .0 |  .0 |
|========+========+========||========+========+========||========+========+========|
|  .0 |  .0 |  .0 ||  .0 |  .0 |  .0 ||  .0 |  .0 |  .0 |
|  .0 |  .0 |  .0 ||  .0 |  .0 |  .0 ||  .0 |  .0 |  .0 |
|  .0 |  .0 |  .0 ||  .0 |  .0 |  .0 ||  .0 |  .0 |  .0 |

, state=
|* 0. |* 0. |* 0. ||  0. |  0. |  0. ||  0. |  0. |  0. |
|* 0. |* 1. |* 0. ||  0. | -1. |  0. ||  0. |  1. |  0. |
|* 0. |* 0. |* 0. ||  0. |  0. | -1. ||  0. |  0. |  0. |
|=====+=====+=====||=====+=====+=====||=====+=====+=====|
|  0. |  0. |  0. || -1. |  0. |  0. ||  0. |  0. | -1. |
| -1. |  1. |  1. ||  1. |  0. | -1. ||  0. |  0. |  1. |
|  0. |  0. |  0. || -1. |  0. |  0. ||  1. | -1. |  0. |
|=====+=====+=====||=====+=====+=====||=====+=====+=====|
|  0. |  1. |  0. ||  0. |  0. |  0. || -1. |  1. |  0. |
|  0. |  0. | -1. || -1. |  0. |  0. ||  0. |  0. |  0. |
| -1. |  1. |  0. ||  0. |  0. |  1. ||  1. |  0. |  0. |

, evalForThisState=1.0, isPlayerOneTurnOriginally=true}, StateDatum{MCTSProbabilites=
|  .0 |  .0 |  .0 ||  .1221 |  .1268 |  .1984 ||  .0 |  .0 |  .0 |
|  .0 |  .0 |  .0 ||  .1518 |  .0 |  .1246 ||  .0 |  .0 |  .0 |
|  .0 |  .0 |  .0 ||  .139 |  .1373 |  .0 ||  .0 |  .0 |  .0 |
|========+========+========||========+========+========||========+========+========|
|  .0 |  .0 |  .0 ||  .0 |  .0 |  .0 ||  .0 |  .0 |  .0 |
|  .0 |  .0 |  .0 ||  .0 |  .0 |  .0 ||  .0 |  .0 |  .0 |
|  .0 |  .0 |  .0 ||  .0 |  .0 |  .0 ||  .0 |  .0 |  .0 |
|========+========+========||========+========+========||========+========+========|
|  .0 |  .0 |  .0 ||  .0 |  .0 |  .0 ||  .0 |  .0 |  .0 |
|  .0 |  .0 |  .0 ||  .0 |  .0 |  .0 ||  .0 |  .0 |  .0 |
|  .0 |  .0 |  .0 ||  .0 |  .0 |  .0 ||  .0 |  .0 |  .0 |

, state=
| -0. | -1. | -0. ||*-0. |*-0. |*-0. || -0. | -0. | -0. |
| -0. | -1. | -0. ||*-0. |* 1. |*-0. || -0. | -1. | -0. |
| -0. | -0. | -0. ||*-0. |*-0. |* 1. || -0. | -0. | -0. |
|=====+=====+=====||=====+=====+=====||=====+=====+=====|
| -0. | -0. | -0. ||  1. | -0. | -0. || -0. | -0. |  1. |
|  1. | -1. | -1. || -1. | -0. |  1. || -0. | -0. | -1. |
| -0. | -0. | -0. ||  1. | -0. | -0. || -1. |  1. | -0. |
|=====+=====+=====||=====+=====+=====||=====+=====+=====|
| -0. | -1. | -0. || -0. | -0. | -0. ||  1. | -1. | -0. |
| -0. | -0. |  1. ||  1. | -0. | -0. || -0. | -0. | -0. |
|  1. | -1. | -0. || -0. | -0. | -1. || -1. | -0. | -0. |

, evalForThisState=-1.0, isPlayerOneTurnOriginally=false}, StateDatum{MCTSProbabilites=
|  .0 |  .0 |  .0 ||  .0 |  .0 |  .0 ||  .1014 |  .1678 |  .116 |
|  .0 |  .0 |  .0 ||  .0 |  .0 |  .0 ||  .1216 |  .0 |  .1203 |
|  .0 |  .0 |  .0 ||  .0 |  .0 |  .0 ||  .1371 |  .1359 |  .1 |
|========+========+========||========+========+========||========+========+========|
|  .0 |  .0 |  .0 ||  .0 |  .0 |  .0 ||  .0 |  .0 |  .0 |
|  .0 |  .0 |  .0 ||  .0 |  .0 |  .0 ||  .0 |  .0 |  .0 |
|  .0 |  .0 |  .0 ||  .0 |  .0 |  .0 ||  .0 |  .0 |  .0 |
|========+========+========||========+========+========||========+========+========|
|  .0 |  .0 |  .0 ||  .0 |  .0 |  .0 ||  .0 |  .0 |  .0 |
|  .0 |  .0 |  .0 ||  .0 |  .0 |  .0 ||  .0 |  .0 |  .0 |
|  .0 |  .0 |  .0 ||  .0 |  .0 |  .0 ||  .0 |  .0 |  .0 |

, state=
|  0. |  1. |  0. ||  0. |  0. | -1. ||* 0. |* 0. |* 0. |
|  0. |  1. |  0. ||  0. | -1. |  0. ||* 0. |* 1. |* 0. |
|  0. |  0. |  0. ||  0. |  0. | -1. ||* 0. |* 0. |* 0. |
|=====+=====+=====||=====+=====+=====||=====+=====+=====|
|  0. |  0. |  0. || -1. |  0. |  0. ||  0. |  0. | -1. |
| -1. |  1. |  1. ||  1. |  0. | -1. ||  0. |  0. |  1. |
|  0. |  0. |  0. || -1. |  0. |  0. ||  1. | -1. |  0. |
|=====+=====+=====||=====+=====+=====||=====+=====+=====|
|  0. |  1. |  0. ||  0. |  0. |  0. || -1. |  1. |  0. |
|  0. |  0. | -1. || -1. |  0. |  0. ||  0. |  0. |  0. |
| -1. |  1. |  0. ||  0. |  0. |  1. ||  1. |  0. |  0. |

, evalForThisState=1.0, isPlayerOneTurnOriginally=true}, StateDatum{MCTSProbabilites=
|  .0 |  .0 |  .0 ||  .1559 |  .1113 |  .0 ||  .0 |  .0 |  .0 |
|  .0 |  .0 |  .0 ||  .1874 |  .0 |  .185 ||  .0 |  .0 |  .0 |
|  .0 |  .0 |  .0 ||  .1882 |  .1722 |  .0 ||  .0 |  .0 |  .0 |
|========+========+========||========+========+========||========+========+========|
|  .0 |  .0 |  .0 ||  .0 |  .0 |  .0 ||  .0 |  .0 |  .0 |
|  .0 |  .0 |  .0 ||  .0 |  .0 |  .0 ||  .0 |  .0 |  .0 |
|  .0 |  .0 |  .0 ||  .0 |  .0 |  .0 ||  .0 |  .0 |  .0 |
|========+========+========||========+========+========||========+========+========|
|  .0 |  .0 |  .0 ||  .0 |  .0 |  .0 ||  .0 |  .0 |  .0 |
|  .0 |  .0 |  .0 ||  .0 |  .0 |  .0 ||  .0 |  .0 |  .0 |
|  .0 |  .0 |  .0 ||  .0 |  .0 |  .0 ||  .0 |  .0 |  .0 |

, state=
| -0. | -1. | -0. ||*-0. |*-0. |* 1. || -0. | -1. | -0. |
| -0. | -1. | -0. ||*-0. |* 1. |*-0. || -0. | -1. | -0. |
| -0. | -0. | -0. ||*-0. |*-0. |* 1. || -0. | -0. | -0. |
|=====+=====+=====||=====+=====+=====||=====+=====+=====|
| -0. | -0. | -0. ||  1. | -0. | -0. || -0. | -0. |  1. |
|  1. | -1. | -1. || -1. | -0. |  1. || -0. | -0. | -1. |
| -0. | -0. | -0. ||  1. | -0. | -0. || -1. |  1. | -0. |
|=====+=====+=====||=====+=====+=====||=====+=====+=====|
| -0. | -1. | -0. || -0. | -0. | -0. ||  1. | -1. | -0. |
| -0. | -0. |  1. ||  1. | -0. | -0. || -0. | -0. | -0. |
|  1. | -1. | -0. || -0. | -0. | -1. || -1. | -0. | -0. |

, evalForThisState=-1.0, isPlayerOneTurnOriginally=false}, StateDatum{MCTSProbabilites=
|  .0 |  .0 |  .0 ||  .0 |  .0 |  .0 ||  .0 |  .0 |  .0 |
|  .0 |  .0 |  .0 ||  .0 |  .0 |  .0 ||  .0 |  .0 |  .0 |
|  .0 |  .0 |  .0 ||  .0 |  .0 |  .0 ||  .0 |  .0 |  .0 |
|========+========+========||========+========+========||========+========+========|
|  .0 |  .0 |  .0 ||  .0 |  .0 |  .0 ||  .0 |  .0 |  .0 |
|  .0 |  .0 |  .0 ||  .0 |  .0 |  .0 ||  .0 |  .0 |  .0 |
|  .0 |  .0 |  .0 ||  .0 |  .0 |  .0 ||  .0 |  .0 |  .0 |
|========+========+========||========+========+========||========+========+========|
|  .1561 |  .0 |  .2796 ||  .0 |  .0 |  .0 ||  .0 |  .0 |  .0 |
|  .1635 |  .2261 |  .0 ||  .0 |  .0 |  .0 ||  .0 |  .0 |  .0 |
|  .0 |  .0 |  .1747 ||  .0 |  .0 |  .0 ||  .0 |  .0 |  .0 |

, state=
|  0. |  1. |  0. ||  0. |  0. | -1. ||  0. |  1. |  0. |
|  0. |  1. |  0. ||  0. | -1. |  0. ||  0. |  1. |  0. |
|  0. |  0. |  0. || -1. |  0. | -1. ||  0. |  0. |  0. |
|=====+=====+=====||=====+=====+=====||=====+=====+=====|
|  0. |  0. |  0. || -1. |  0. |  0. ||  0. |  0. | -1. |
| -1. |  1. |  1. ||  1. |  0. | -1. ||  0. |  0. |  1. |
|  0. |  0. |  0. || -1. |  0. |  0. ||  1. | -1. |  0. |
|=====+=====+=====||=====+=====+=====||=====+=====+=====|
|* 0. |* 1. |* 0. ||  0. |  0. |  0. || -1. |  1. |  0. |
|* 0. |* 0. |*-1. || -1. |  0. |  0. ||  0. |  0. |  0. |
|*-1. |* 1. |* 0. ||  0. |  0. |  1. ||  1. |  0. |  0. |

, evalForThisState=1.0, isPlayerOneTurnOriginally=true}, StateDatum{MCTSProbabilites=
|  .0 |  .0 |  .0 ||  .0 |  .0 |  .0 ||  .1664 |  .0 |  .1353 |
|  .0 |  .0 |  .0 ||  .0 |  .0 |  .0 ||  .1843 |  .0 |  .1193 |
|  .0 |  .0 |  .0 ||  .0 |  .0 |  .0 ||  .1238 |  .1386 |  .1323 |
|========+========+========||========+========+========||========+========+========|
|  .0 |  .0 |  .0 ||  .0 |  .0 |  .0 ||  .0 |  .0 |  .0 |
|  .0 |  .0 |  .0 ||  .0 |  .0 |  .0 ||  .0 |  .0 |  .0 |
|  .0 |  .0 |  .0 ||  .0 |  .0 |  .0 ||  .0 |  .0 |  .0 |
|========+========+========||========+========+========||========+========+========|
|  .0 |  .0 |  .0 ||  .0 |  .0 |  .0 ||  .0 |  .0 |  .0 |
|  .0 |  .0 |  .0 ||  .0 |  .0 |  .0 ||  .0 |  .0 |  .0 |
|  .0 |  .0 |  .0 ||  .0 |  .0 |  .0 ||  .0 |  .0 |  .0 |

, state=
| -0. | -1. | -0. || -0. | -0. |  1. ||*-0. |*-1. |*-0. |
| -0. | -1. | -0. || -0. |  1. | -0. ||*-0. |*-1. |*-0. |
| -0. | -0. | -0. ||  1. | -0. |  1. ||*-0. |*-0. |*-0. |
|=====+=====+=====||=====+=====+=====||=====+=====+=====|
| -0. | -0. | -0. ||  1. | -0. | -0. || -0. | -0. |  1. |
|  1. | -1. | -1. || -1. | -0. |  1. || -0. | -0. | -1. |
| -0. | -0. | -0. ||  1. | -0. | -0. || -1. |  1. | -0. |
|=====+=====+=====||=====+=====+=====||=====+=====+=====|
| -0. | -1. | -1. || -0. | -0. | -0. ||  1. | -1. | -0. |
| -0. | -0. |  1. ||  1. | -0. | -0. || -0. | -0. | -0. |
|  1. | -1. | -0. || -0. | -0. | -1. || -1. | -0. | -0. |

, evalForThisState=-1.0, isPlayerOneTurnOriginally=false}, StateDatum{MCTSProbabilites=
|  .0 |  .0 |  .0 ||  .0 |  .0 |  .0 ||  .0 |  .0 |  .0 |
|  .0 |  .0 |  .0 ||  .0 |  .0 |  .0 ||  .0 |  .0 |  .0 |
|  .0 |  .0 |  .0 ||  .0 |  .0 |  .0 ||  .0 |  .0 |  .0 |
|========+========+========||========+========+========||========+========+========|
|  .2006 |  .1181 |  .2678 ||  .0 |  .0 |  .0 ||  .0 |  .0 |  .0 |
|  .0 |  .0 |  .0 ||  .0 |  .0 |  .0 ||  .0 |  .0 |  .0 |
|  .1081 |  .1038 |  .2016 ||  .0 |  .0 |  .0 ||  .0 |  .0 |  .0 |
|========+========+========||========+========+========||========+========+========|
|  .0 |  .0 |  .0 ||  .0 |  .0 |  .0 ||  .0 |  .0 |  .0 |
|  .0 |  .0 |  .0 ||  .0 |  .0 |  .0 ||  .0 |  .0 |  .0 |
|  .0 |  .0 |  .0 ||  .0 |  .0 |  .0 ||  .0 |  .0 |  .0 |

, state=
|  0. |  1. |  0. ||  0. |  0. | -1. ||  0. |  1. |  0. |
|  0. |  1. |  0. ||  0. | -1. |  0. || -1. |  1. |  0. |
|  0. |  0. |  0. || -1. |  0. | -1. ||  0. |  0. |  0. |
|=====+=====+=====||=====+=====+=====||=====+=====+=====|
|* 0. |* 0. |* 0. || -1. |  0. |  0. ||  0. |  0. | -1. |
|*-1. |* 1. |* 1. ||  1. |  0. | -1. ||  0. |  0. |  1. |
|* 0. |* 0. |* 0. || -1. |  0. |  0. ||  1. | -1. |  0. |
|=====+=====+=====||=====+=====+=====||=====+=====+=====|
|  0. |  1. |  1. ||  0. |  0. |  0. || -1. |  1. |  0. |
|  0. |  0. | -1. || -1. |  0. |  0. ||  0. |  0. |  0. |
| -1. |  1. |  0. ||  0. |  0. |  1. ||  1. |  0. |  0. |

, evalForThisState=1.0, isPlayerOneTurnOriginally=true}, StateDatum{MCTSProbabilites=
|  .0 |  .0 |  .0 ||  .0 |  .0 |  .0 ||  .1478 |  .0 |  .1201 |
|  .0 |  .0 |  .0 ||  .0 |  .0 |  .0 ||  .0 |  .0 |  .211 |
|  .0 |  .0 |  .0 ||  .0 |  .0 |  .0 ||  .0907 |  .2465 |  .1839 |
|========+========+========||========+========+========||========+========+========|
|  .0 |  .0 |  .0 ||  .0 |  .0 |  .0 ||  .0 |  .0 |  .0 |
|  .0 |  .0 |  .0 ||  .0 |  .0 |  .0 ||  .0 |  .0 |  .0 |
|  .0 |  .0 |  .0 ||  .0 |  .0 |  .0 ||  .0 |  .0 |  .0 |
|========+========+========||========+========+========||========+========+========|
|  .0 |  .0 |  .0 ||  .0 |  .0 |  .0 ||  .0 |  .0 |  .0 |
|  .0 |  .0 |  .0 ||  .0 |  .0 |  .0 ||  .0 |  .0 |  .0 |
|  .0 |  .0 |  .0 ||  .0 |  .0 |  .0 ||  .0 |  .0 |  .0 |

, state=
| -0. | -1. | -0. || -0. | -0. |  1. ||*-0. |*-1. |*-0. |
| -0. | -1. | -0. || -0. |  1. | -0. ||* 1. |*-1. |*-0. |
| -0. | -0. | -0. ||  1. | -0. |  1. ||*-0. |*-0. |*-0. |
|=====+=====+=====||=====+=====+=====||=====+=====+=====|
| -0. | -0. | -1. ||  1. | -0. | -0. || -0. | -0. |  1. |
|  1. | -1. | -1. || -1. | -0. |  1. || -0. | -0. | -1. |
| -0. | -0. | -0. ||  1. | -0. | -0. || -1. |  1. | -0. |
|=====+=====+=====||=====+=====+=====||=====+=====+=====|
| -0. | -1. | -1. || -0. | -0. | -0. ||  1. | -1. | -0. |
| -0. | -0. |  1. ||  1. | -0. | -0. || -0. | -0. | -0. |
|  1. | -1. | -0. || -0. | -0. | -1. || -1. | -0. | -0. |

, evalForThisState=-1.0, isPlayerOneTurnOriginally=false}, StateDatum{MCTSProbabilites=
|  .0 |  .0 |  .0 ||  .0 |  .0 |  .0 ||  .0 |  .0 |  .0 |
|  .0 |  .0 |  .0 ||  .0 |  .0 |  .0 ||  .0 |  .0 |  .0 |
|  .0 |  .0 |  .0 ||  .0 |  .0 |  .0 ||  .0 |  .0 |  .0 |
|========+========+========||========+========+========||========+========+========|
|  .0 |  .0 |  .0 ||  .0 |  .0 |  .0 ||  .0 |  .0 |  .0 |
|  .0 |  .0 |  .0 ||  .0 |  .0 |  .0 ||  .0 |  .0 |  .0 |
|  .0 |  .0 |  .0 ||  .0 |  .0 |  .0 ||  .0 |  .0 |  .0 |
|========+========+========||========+========+========||========+========+========|
|  .0 |  .0 |  .0 ||  .1332 |  .1441 |  .1883 ||  .0 |  .0 |  .0 |
|  .0 |  .0 |  .0 ||  .0 |  .1495 |  .1521 ||  .0 |  .0 |  .0 |
|  .0 |  .0 |  .0 ||  .1406 |  .0922 |  .0 ||  .0 |  .0 |  .0 |

, state=
|  0. |  1. |  0. ||  0. |  0. | -1. ||  0. |  1. |  0. |
|  0. |  1. |  0. ||  0. | -1. |  0. || -1. |  1. |  0. |
|  0. |  0. |  0. || -1. |  0. | -1. ||  0. | -1. |  0. |
|=====+=====+=====||=====+=====+=====||=====+=====+=====|
|  0. |  0. |  1. || -1. |  0. |  0. ||  0. |  0. | -1. |
| -1. |  1. |  1. ||  1. |  0. | -1. ||  0. |  0. |  1. |
|  0. |  0. |  0. || -1. |  0. |  0. ||  1. | -1. |  0. |
|=====+=====+=====||=====+=====+=====||=====+=====+=====|
|  0. |  1. |  1. ||* 0. |* 0. |* 0. || -1. |  1. |  0. |
|  0. |  0. | -1. ||*-1. |* 0. |* 0. ||  0. |  0. |  0. |
| -1. |  1. |  0. ||* 0. |* 0. |* 1. ||  1. |  0. |  0. |

, evalForThisState=1.0, isPlayerOneTurnOriginally=true}, StateDatum{MCTSProbabilites=
|  .0 |  .0 |  .0 ||  .0 |  .0 |  .0 ||  .119 |  .0 |  .2113 |
|  .0 |  .0 |  .0 ||  .0 |  .0 |  .0 ||  .0 |  .0 |  .1772 |
|  .0 |  .0 |  .0 ||  .0 |  .0 |  .0 ||  .1671 |  .0 |  .3254 |
|========+========+========||========+========+========||========+========+========|
|  .0 |  .0 |  .0 ||  .0 |  .0 |  .0 ||  .0 |  .0 |  .0 |
|  .0 |  .0 |  .0 ||  .0 |  .0 |  .0 ||  .0 |  .0 |  .0 |
|  .0 |  .0 |  .0 ||  .0 |  .0 |  .0 ||  .0 |  .0 |  .0 |
|========+========+========||========+========+========||========+========+========|
|  .0 |  .0 |  .0 ||  .0 |  .0 |  .0 ||  .0 |  .0 |  .0 |
|  .0 |  .0 |  .0 ||  .0 |  .0 |  .0 ||  .0 |  .0 |  .0 |
|  .0 |  .0 |  .0 ||  .0 |  .0 |  .0 ||  .0 |  .0 |  .0 |

, state=
| -0. | -1. | -0. || -0. | -0. |  1. ||*-0. |*-1. |*-0. |
| -0. | -1. | -0. || -0. |  1. | -0. ||* 1. |*-1. |*-0. |
| -0. | -0. | -0. ||  1. | -0. |  1. ||*-0. |* 1. |*-0. |
|=====+=====+=====||=====+=====+=====||=====+=====+=====|
| -0. | -0. | -1. ||  1. | -0. | -0. || -0. | -0. |  1. |
|  1. | -1. | -1. || -1. | -0. |  1. || -0. | -0. | -1. |
| -0. | -0. | -0. ||  1. | -0. | -0. || -1. |  1. | -0. |
|=====+=====+=====||=====+=====+=====||=====+=====+=====|
| -0. | -1. | -1. || -0. | -0. | -1. ||  1. | -1. | -0. |
| -0. | -0. |  1. ||  1. | -0. | -0. || -0. | -0. | -0. |
|  1. | -1. | -0. || -0. | -0. | -1. || -1. | -0. | -0. |

, evalForThisState=-1.0, isPlayerOneTurnOriginally=false}, StateDatum{MCTSProbabilites=
|  .0 |  .0 |  .0 ||  .0 |  .0 |  .0 ||  .0 |  .0 |  .0 |
|  .0 |  .0 |  .0 ||  .0 |  .0 |  .0 ||  .0 |  .0 |  .0 |
|  .0 |  .0 |  .0 ||  .0 |  .0 |  .0 ||  .0 |  .0 |  .0 |
|========+========+========||========+========+========||========+========+========|
|  .0 |  .0 |  .0 ||  .0 |  .0 |  .0 ||  .0 |  .0 |  .0 |
|  .0 |  .0 |  .0 ||  .0 |  .0 |  .0 ||  .0 |  .0 |  .0 |
|  .0 |  .0 |  .0 ||  .0 |  .0 |  .0 ||  .0 |  .0 |  .0 |
|========+========+========||========+========+========||========+========+========|
|  .0 |  .0 |  .0 ||  .0 |  .0 |  .0 ||  .0 |  .0 |  .2055 |
|  .0 |  .0 |  .0 ||  .0 |  .0 |  .0 ||  .1967 |  .2055 |  .1284 |
|  .0 |  .0 |  .0 ||  .0 |  .0 |  .0 ||  .0 |  .1322 |  .1317 |

, state=
|  0. |  1. |  0. ||  0. |  0. | -1. ||  0. |  1. |  0. |
|  0. |  1. |  0. ||  0. | -1. |  0. || -1. |  1. |  0. |
|  0. |  0. |  0. || -1. |  0. | -1. ||  0. | -1. | -1. |
|=====+=====+=====||=====+=====+=====||=====+=====+=====|
|  0. |  0. |  1. || -1. |  0. |  0. ||  0. |  0. | -1. |
| -1. |  1. |  1. ||  1. |  0. | -1. ||  0. |  0. |  1. |
|  0. |  0. |  0. || -1. |  0. |  0. ||  1. | -1. |  0. |
|=====+=====+=====||=====+=====+=====||=====+=====+=====|
|  0. |  1. |  1. ||  0. |  0. |  1. ||*-1. |* 1. |* 0. |
|  0. |  0. | -1. || -1. |  0. |  0. ||* 0. |* 0. |* 0. |
| -1. |  1. |  0. ||  0. |  0. |  1. ||* 1. |* 0. |* 0. |

, evalForThisState=1.0, isPlayerOneTurnOriginally=true}, StateDatum{MCTSProbabilites=
|  .0 |  .0 |  .0 ||  .0 |  .0 |  .0 ||  .0 |  .0 |  .0 |
|  .0 |  .0 |  .0 ||  .0 |  .0 |  .0 ||  .0 |  .0 |  .0 |
|  .0 |  .0 |  .0 ||  .0 |  .0 |  .0 ||  .0 |  .0 |  .0 |
|========+========+========||========+========+========||========+========+========|
|  .0 |  .0 |  .0 ||  .0 |  .2077 |  .1207 ||  .0 |  .0 |  .0 |
|  .0 |  .0 |  .0 ||  .0 |  .249 |  .0 ||  .0 |  .0 |  .0 |
|  .0 |  .0 |  .0 ||  .0 |  .2038 |  .2187 ||  .0 |  .0 |  .0 |
|========+========+========||========+========+========||========+========+========|
|  .0 |  .0 |  .0 ||  .0 |  .0 |  .0 ||  .0 |  .0 |  .0 |
|  .0 |  .0 |  .0 ||  .0 |  .0 |  .0 ||  .0 |  .0 |  .0 |
|  .0 |  .0 |  .0 ||  .0 |  .0 |  .0 ||  .0 |  .0 |  .0 |

, state=
| -0. | -1. | -0. || -0. | -0. |  1. || -0. | -1. | -0. |
| -0. | -1. | -0. || -0. |  1. | -0. ||  1. | -1. | -0. |
| -0. | -0. | -0. ||  1. | -0. |  1. || -0. |  1. |  1. |
|=====+=====+=====||=====+=====+=====||=====+=====+=====|
| -0. | -0. | -1. ||* 1. |*-0. |*-0. || -0. | -0. |  1. |
|  1. | -1. | -1. ||*-1. |*-0. |* 1. || -0. | -0. | -1. |
| -0. | -0. | -0. ||* 1. |*-0. |*-0. || -1. |  1. | -0. |
|=====+=====+=====||=====+=====+=====||=====+=====+=====|
| -0. | -1. | -1. || -0. | -0. | -1. ||  1. | -1. | -0. |
| -0. | -0. |  1. ||  1. | -0. | -0. || -0. | -1. | -0. |
|  1. | -1. | -0. || -0. | -0. | -1. || -1. | -0. | -0. |

, evalForThisState=-1.0, isPlayerOneTurnOriginally=false}, StateDatum{MCTSProbabilites=
|  .0 |  .0 |  .0 ||  .0 |  .0 |  .0 ||  .0 |  .0 |  .0 |
|  .0 |  .0 |  .0 ||  .0 |  .0 |  .0 ||  .0 |  .0 |  .0 |
|  .0 |  .0 |  .0 ||  .0 |  .0 |  .0 ||  .0 |  .0 |  .0 |
|========+========+========||========+========+========||========+========+========|
|  .0 |  .0 |  .0 ||  .0 |  .2293 |  .1995 ||  .0 |  .0 |  .0 |
|  .0 |  .0 |  .0 ||  .0 |  .0 |  .0 ||  .0 |  .0 |  .0 |
|  .0 |  .0 |  .0 ||  .0 |  .4057 |  .1654 ||  .0 |  .0 |  .0 |
|========+========+========||========+========+========||========+========+========|
|  .0 |  .0 |  .0 ||  .0 |  .0 |  .0 ||  .0 |  .0 |  .0 |
|  .0 |  .0 |  .0 ||  .0 |  .0 |  .0 ||  .0 |  .0 |  .0 |
|  .0 |  .0 |  .0 ||  .0 |  .0 |  .0 ||  .0 |  .0 |  .0 |

, state=
|  0. |  1. |  0. ||  0. |  0. | -1. ||  0. |  1. |  0. |
|  0. |  1. |  0. ||  0. | -1. |  0. || -1. |  1. |  0. |
|  0. |  0. |  0. || -1. |  0. | -1. ||  0. | -1. | -1. |
|=====+=====+=====||=====+=====+=====||=====+=====+=====|
|  0. |  0. |  1. ||*-1. |* 0. |* 0. ||  0. |  0. | -1. |
| -1. |  1. |  1. ||* 1. |*-1. |*-1. ||  0. |  0. |  1. |
|  0. |  0. |  0. ||*-1. |* 0. |* 0. ||  1. | -1. |  0. |
|=====+=====+=====||=====+=====+=====||=====+=====+=====|
|  0. |  1. |  1. ||  0. |  0. |  1. || -1. |  1. |  0. |
|  0. |  0. | -1. || -1. |  0. |  0. ||  0. |  1. |  0. |
| -1. |  1. |  0. ||  0. |  0. |  1. ||  1. |  0. |  0. |

, evalForThisState=1.0, isPlayerOneTurnOriginally=true}, StateDatum{MCTSProbabilites=
|  .0 |  .0 |  .0 ||  .0 |  .0 |  .0 ||  .0 |  .0 |  .0 |
|  .0 |  .0 |  .0 ||  .0 |  .0 |  .0 ||  .0 |  .0 |  .0 |
|  .0 |  .0 |  .0 ||  .0 |  .0 |  .0 ||  .0 |  .0 |  .0 |
|========+========+========||========+========+========||========+========+========|
|  .0 |  .0 |  .0 ||  .0 |  .0 |  .0 ||  .0 |  .0 |  .0 |
|  .0 |  .0 |  .0 ||  .0 |  .0 |  .0 ||  .0 |  .0 |  .0 |
|  .0 |  .0 |  .0 ||  .0 |  .0 |  .0 ||  .0 |  .0 |  .0 |
|========+========+========||========+========+========||========+========+========|
|  .0 |  .0 |  .0 ||  .1314 |  .1993 |  .0 ||  .0 |  .0 |  .0 |
|  .0 |  .0 |  .0 ||  .0 |  .2004 |  .1716 ||  .0 |  .0 |  .0 |
|  .0 |  .0 |  .0 ||  .1389 |  .1583 |  .0 ||  .0 |  .0 |  .0 |

, state=
| -0. | -1. | -0. || -0. | -0. |  1. || -0. | -1. | -0. |
| -0. | -1. | -0. || -0. |  1. | -0. ||  1. | -1. | -0. |
| -0. | -0. | -0. ||  1. | -0. |  1. || -0. |  1. |  1. |
|=====+=====+=====||=====+=====+=====||=====+=====+=====|
| -0. | -0. | -1. ||  1. | -0. | -0. || -0. | -0. |  1. |
|  1. | -1. | -1. || -1. |  1. |  1. || -0. | -0. | -1. |
| -0. | -0. | -0. ||  1. | -1. | -0. || -1. |  1. | -0. |
|=====+=====+=====||=====+=====+=====||=====+=====+=====|
| -0. | -1. | -1. ||*-0. |*-0. |*-1. ||  1. | -1. | -0. |
| -0. | -0. |  1. ||* 1. |*-0. |*-0. || -0. | -1. | -0. |
|  1. | -1. | -0. ||*-0. |*-0. |*-1. || -1. | -0. | -0. |

, evalForThisState=-1.0, isPlayerOneTurnOriginally=false}, StateDatum{MCTSProbabilites=
|  .0 |  .0 |  .0 ||  .0 |  .0 |  .0 ||  .0 |  .0 |  .0 |
|  .0 |  .0 |  .0 ||  .0 |  .0 |  .0 ||  .0 |  .0 |  .0 |
|  .0 |  .0 |  .0 ||  .0 |  .0 |  .0 ||  .0 |  .0 |  .0 |
|========+========+========||========+========+========||========+========+========|
|  .0 |  .0 |  .0 ||  .0 |  .3031 |  .3048 ||  .0 |  .0 |  .0 |
|  .0 |  .0 |  .0 ||  .0 |  .0 |  .0 ||  .0 |  .0 |  .0 |
|  .0 |  .0 |  .0 ||  .0 |  .0 |  .3921 ||  .0 |  .0 |  .0 |
|========+========+========||========+========+========||========+========+========|
|  .0 |  .0 |  .0 ||  .0 |  .0 |  .0 ||  .0 |  .0 |  .0 |
|  .0 |  .0 |  .0 ||  .0 |  .0 |  .0 ||  .0 |  .0 |  .0 |
|  .0 |  .0 |  .0 ||  .0 |  .0 |  .0 ||  .0 |  .0 |  .0 |

, state=
|  0. |  1. |  0. ||  0. |  0. | -1. ||  0. |  1. |  0. |
|  0. |  1. |  0. ||  0. | -1. |  0. || -1. |  1. |  0. |
|  0. |  0. |  0. || -1. |  0. | -1. ||  0. | -1. | -1. |
|=====+=====+=====||=====+=====+=====||=====+=====+=====|
|  0. |  0. |  1. ||*-1. |* 0. |* 0. ||  0. |  0. | -1. |
| -1. |  1. |  1. ||* 1. |*-1. |*-1. ||  0. |  0. |  1. |
|  0. |  0. |  0. ||*-1. |* 1. |* 0. ||  1. | -1. |  0. |
|=====+=====+=====||=====+=====+=====||=====+=====+=====|
|  0. |  1. |  1. ||  0. |  0. |  1. || -1. |  1. |  0. |
|  0. |  0. | -1. || -1. | -1. |  0. ||  0. |  1. |  0. |
| -1. |  1. |  0. ||  0. |  0. |  1. ||  1. |  0. |  0. |

, evalForThisState=1.0, isPlayerOneTurnOriginally=true}, StateDatum{MCTSProbabilites=
|  .0 |  .0 |  .0 ||  .0 |  .0 |  .0 ||  .0 |  .0 |  .0 |
|  .0 |  .0 |  .0 ||  .0 |  .0 |  .0 ||  .0 |  .0 |  .0 |
|  .0 |  .0 |  .0 ||  .0 |  .0 |  .0 ||  .0 |  .0 |  .0 |
|========+========+========||========+========+========||========+========+========|
|  .0 |  .0 |  .0 ||  .0 |  .0 |  .0 ||  .0 |  .0 |  .0 |
|  .0 |  .0 |  .0 ||  .0 |  .0 |  .0 ||  .0 |  .0 |  .0 |
|  .0 |  .0 |  .0 ||  .0 |  .0 |  .0 ||  .0 |  .0 |  .0 |
|========+========+========||========+========+========||========+========+========|
|  .0 |  .0 |  .0 ||  .0 |  .0 |  .0 ||  .0 |  .0 |  .1446 |
|  .0 |  .0 |  .0 ||  .0 |  .0 |  .0 ||  .155 |  .0 |  .2237 |
|  .0 |  .0 |  .0 ||  .0 |  .0 |  .0 ||  .0 |  .378 |  .0987 |

, state=
| -0. | -1. | -0. || -0. | -0. |  1. || -0. | -1. | -0. |
| -0. | -1. | -0. || -0. |  1. | -0. ||  1. | -1. | -0. |
| -0. | -0. | -0. ||  1. | -0. |  1. || -0. |  1. |  1. |
|=====+=====+=====||=====+=====+=====||=====+=====+=====|
| -0. | -0. | -1. ||  1. | -0. | -0. || -0. | -0. |  1. |
|  1. | -1. | -1. || -1. |  1. |  1. || -0. | -0. | -1. |
| -0. | -0. | -0. ||  1. | -1. | -1. || -1. |  1. | -0. |
|=====+=====+=====||=====+=====+=====||=====+=====+=====|
| -0. | -1. | -1. || -0. | -0. | -1. ||* 1. |*-1. |*-0. |
| -0. | -0. |  1. ||  1. |  1. | -0. ||*-0. |*-1. |*-0. |
|  1. | -1. | -0. || -0. | -0. | -1. ||*-1. |*-0. |*-0. |

, evalForThisState=-1.0, isPlayerOneTurnOriginally=false}, StateDatum{MCTSProbabilites=
|  .0 |  .0 |  .0 ||  .0 |  .0 |  .0 ||  .0 |  .0 |  .0 |
|  .0 |  .0 |  .0 ||  .0 |  .0 |  .0 ||  .0 |  .0 |  .0 |
|  .0 |  .0 |  .0 ||  .0 |  .0 |  .0 ||  .0 |  .0 |  .0 |
|========+========+========||========+========+========||========+========+========|
|  .0 |  .0 |  .0 ||  .0 |  .0 |  .0 ||  .0 |  .0 |  .0 |
|  .0 |  .0 |  .0 ||  .0 |  .0 |  .0 ||  .0 |  .0 |  .0 |
|  .0 |  .0 |  .0 ||  .0 |  .0 |  .0 ||  .0 |  .0 |  .0 |
|========+========+========||========+========+========||========+========+========|
|  .0 |  .0 |  .0 ||  .1216 |  .1016 |  .0 ||  .0 |  .0 |  .0 |
|  .0 |  .0 |  .0 ||  .0 |  .0 |  .3709 ||  .0 |  .0 |  .0 |
|  .0 |  .0 |  .0 ||  .1159 |  .29 |  .0 ||  .0 |  .0 |  .0 |

, state=
|  0. |  1. |  0. ||  0. |  0. | -1. ||  0. |  1. |  0. |
|  0. |  1. |  0. ||  0. | -1. |  0. || -1. |  1. |  0. |
|  0. |  0. |  0. || -1. |  0. | -1. ||  0. | -1. | -1. |
|=====+=====+=====||=====+=====+=====||=====+=====+=====|
|  0. |  0. |  1. || -1. |  0. |  0. ||  0. |  0. | -1. |
| -1. |  1. |  1. ||  1. | -1. | -1. ||  0. |  0. |  1. |
|  0. |  0. |  0. || -1. |  1. |  1. ||  1. | -1. |  0. |
|=====+=====+=====||=====+=====+=====||=====+=====+=====|
|  0. |  1. |  1. ||* 0. |* 0. |* 1. || -1. |  1. |  0. |
|  0. |  0. | -1. ||*-1. |*-1. |* 0. ||  0. |  1. |  0. |
| -1. |  1. |  0. ||* 0. |* 0. |* 1. ||  1. | -1. |  0. |

, evalForThisState=1.0, isPlayerOneTurnOriginally=true}, StateDatum{MCTSProbabilites=
|  .0 |  .0 |  .0 ||  .0 |  .0 |  .0 ||  .0 |  .0 |  .0 |
|  .0 |  .0 |  .0 ||  .0 |  .0 |  .0 ||  .0 |  .0 |  .0 |
|  .0 |  .0 |  .0 ||  .0 |  .0 |  .0 ||  .0 |  .0 |  .0 |
|========+========+========||========+========+========||========+========+========|
|  .0 |  .0 |  .0 ||  .0 |  .0 |  .0 ||  .1667 |  .228 |  .0 |
|  .0 |  .0 |  .0 ||  .0 |  .0 |  .0 ||  .1715 |  .1184 |  .0 |
|  .0 |  .0 |  .0 ||  .0 |  .0 |  .0 ||  .0 |  .0 |  .3154 |
|========+========+========||========+========+========||========+========+========|
|  .0 |  .0 |  .0 ||  .0 |  .0 |  .0 ||  .0 |  .0 |  .0 |
|  .0 |  .0 |  .0 ||  .0 |  .0 |  .0 ||  .0 |  .0 |  .0 |
|  .0 |  .0 |  .0 ||  .0 |  .0 |  .0 ||  .0 |  .0 |  .0 |

, state=
| -0. | -1. | -0. || -0. | -0. |  1. || -0. | -1. | -0. |
| -0. | -1. | -0. || -0. |  1. | -0. ||  1. | -1. | -0. |
| -0. | -0. | -0. ||  1. | -0. |  1. || -0. |  1. |  1. |
|=====+=====+=====||=====+=====+=====||=====+=====+=====|
| -0. | -0. | -1. ||  1. | -0. | -0. ||*-0. |*-0. |* 1. |
|  1. | -1. | -1. || -1. |  1. |  1. ||*-0. |*-0. |*-1. |
| -0. | -0. | -0. ||  1. | -1. | -1. ||*-1. |* 1. |*-0. |
|=====+=====+=====||=====+=====+=====||=====+=====+=====|
| -0. | -1. | -1. || -0. | -0. | -1. ||  1. | -1. | -0. |
| -0. | -0. |  1. ||  1. |  1. | -1. || -0. | -1. | -0. |
|  1. | -1. | -0. || -0. | -0. | -1. || -1. |  1. | -0. |

, evalForThisState=-1.0, isPlayerOneTurnOriginally=false}, StateDatum{MCTSProbabilites=
|  .0 |  .0 |  .0 ||  .0 |  .0 |  .0 ||  .0 |  .0 |  .0 |
|  .0 |  .0 |  .0 ||  .0 |  .0 |  .0 ||  .0 |  .0 |  .0 |
|  .0 |  .0 |  .0 ||  .0 |  .0 |  .0 ||  .0 |  .0 |  .0 |
|========+========+========||========+========+========||========+========+========|
|  .0 |  .0 |  .0 ||  .0 |  .0 |  .0 ||  .0 |  .0 |  .0 |
|  .0 |  .0 |  .0 ||  .0 |  .0 |  .0 ||  .0 |  .0 |  .0 |
|  .0 |  .0 |  .0 ||  .0 |  .0 |  .0 ||  .0 |  .0 |  .0 |
|========+========+========||========+========+========||========+========+========|
|  .0 |  .0 |  .0 ||  .0 |  .0 |  .0 ||  .0 |  .0 |  .9901 |
|  .0 |  .0 |  .0 ||  .0 |  .0 |  .0 ||  .0045 |  .0 |  .0031 |
|  .0 |  .0 |  .0 ||  .0 |  .0 |  .0 ||  .0 |  .0 |  .0023 |

, state=
|  0. |  1. |  0. ||  0. |  0. | -1. ||  0. |  1. |  0. |
|  0. |  1. |  0. ||  0. | -1. |  0. || -1. |  1. |  0. |
|  0. |  0. |  0. || -1. |  0. | -1. ||  0. | -1. | -1. |
|=====+=====+=====||=====+=====+=====||=====+=====+=====|
|  0. |  0. |  1. || -1. |  0. |  0. ||  0. |  0. | -1. |
| -1. |  1. |  1. ||  1. | -1. | -1. ||  0. |  0. |  1. |
|  0. |  0. |  0. || -1. |  1. |  1. ||  1. | -1. | -1. |
|=====+=====+=====||=====+=====+=====||=====+=====+=====|
|  0. |  1. |  1. ||  0. |  0. |  1. ||*-1. |* 1. |* 0. |
|  0. |  0. | -1. || -1. | -1. |  1. ||* 0. |* 1. |* 0. |
| -1. |  1. |  0. ||  0. |  0. |  1. ||* 1. |*-1. |* 0. |

, evalForThisState=1.0, isPlayerOneTurnOriginally=true}, StateDatum{MCTSProbabilites=
|  .0 |  .0 |  .0 ||  .0 |  .0 |  .0 ||  .0 |  .0 |  .0001 |
|  .0 |  .0 |  .0 ||  .0 |  .0 |  .0 ||  .0 |  .0 |  .0 |
|  .0 |  .0 |  .0 ||  .0 |  .0 |  .0 ||  .9998 |  .0 |  .0 |
|========+========+========||========+========+========||========+========+========|
|  .0 |  .0 |  .0 ||  .0 |  .0 |  .0 ||  .0 |  .0 |  .0 |
|  .0 |  .0 |  .0 ||  .0 |  .0 |  .0 ||  .0 |  .0 |  .0 |
|  .0 |  .0 |  .0 ||  .0 |  .0 |  .0 ||  .0 |  .0 |  .0 |
|========+========+========||========+========+========||========+========+========|
|  .0 |  .0 |  .0 ||  .0 |  .0 |  .0 ||  .0 |  .0 |  .0 |
|  .0 |  .0 |  .0 ||  .0 |  .0 |  .0 ||  .0 |  .0 |  .0 |
|  .0 |  .0 |  .0 ||  .0 |  .0 |  .0 ||  .0 |  .0 |  .0 |

, state=
| -0. | -1. | -0. || -0. | -0. |  1. ||*-0. |*-1. |*-0. |
| -0. | -1. | -0. || -0. |  1. | -0. ||* 1. |*-1. |*-0. |
| -0. | -0. | -0. ||  1. | -0. |  1. ||*-0. |* 1. |* 1. |
|=====+=====+=====||=====+=====+=====||=====+=====+=====|
| -0. | -0. | -1. ||  1. | -0. | -0. || -0. | -0. |  1. |
|  1. | -1. | -1. || -1. |  1. |  1. || -0. | -0. | -1. |
| -0. | -0. | -0. ||  1. | -1. | -1. || -1. |  1. |  1. |
|=====+=====+=====||=====+=====+=====||=====+=====+=====|
| -0. | -1. | -1. || -0. | -0. | -1. ||  1. | -1. | -1. |
| -0. | -0. |  1. ||  1. |  1. | -1. || -0. | -1. | -0. |
|  1. | -1. | -0. || -0. | -0. | -1. || -1. |  1. | -0. |

, evalForThisState=-1.0, isPlayerOneTurnOriginally=false}, StateDatum{MCTSProbabilites=
|  .0 |  .0 |  .0 ||  .0 |  .0 |  .0 ||  .0 |  .0 |  .0 |
|  .0 |  .0 |  .0 ||  .0 |  .0 |  .0 ||  .0 |  .0 |  .0 |
|  .0 |  .0 |  .0 ||  .0 |  .0 |  .0 ||  .0 |  .0 |  .0 |
|========+========+========||========+========+========||========+========+========|
|  .0 |  .0 |  .0 ||  .0 |  .0 |  .0 ||  .0 |  .0 |  .0 |
|  .0 |  .0 |  .0 ||  .0 |  .0 |  .0 ||  .0 |  .0 |  .0 |
|  .0 |  .0 |  .0 ||  .0 |  .0 |  .0 ||  .0 |  .0 |  .0 |
|========+========+========||========+========+========||========+========+========|
|  .5 |  .0 |  .0 ||  .0 |  .0 |  .0 ||  .0 |  .0 |  .0 |
|  .0 |  .5 |  .0 ||  .0 |  .0 |  .0 ||  .0 |  .0 |  .0 |
|  .0 |  .0 |  .0 ||  .0 |  .0 |  .0 ||  .0 |  .0 |  .0 |

, state=
|  0. |  1. |  0. ||  0. |  0. | -1. ||  0. |  1. |  0. |
|  0. |  1. |  0. ||  0. | -1. |  0. || -1. |  1. |  0. |
|  0. |  0. |  0. || -1. |  0. | -1. || -1. | -1. | -1. |
|=====+=====+=====||=====+=====+=====||=====+=====+=====|
|  0. |  0. |  1. || -1. |  0. |  0. ||  0. |  0. | -1. |
| -1. |  1. |  1. ||  1. | -1. | -1. ||  0. |  0. |  1. |
|  0. |  0. |  0. || -1. |  1. |  1. ||  1. | -1. | -1. |
|=====+=====+=====||=====+=====+=====||=====+=====+=====|
|* 0. |* 1. |* 1. ||  0. |  0. |  1. || -1. |  1. |  1. |
|* 0. |* 0. |*-1. || -1. | -1. |  1. ||  0. |  1. |  0. |
|*-1. |* 1. |* 0. ||  0. |  0. |  1. ||  1. | -1. |  0. |

, evalForThisState=1.0, isPlayerOneTurnOriginally=true}]
Value network data: 
===========INPUT===================
[[         0,         0,         0,  ...    1.0000,    1.0000,    1.0000], 
 [         0,         0,         0,  ...    1.0000,   -1.0000,   -1.0000], 
 [         0,         0,         0,  ...    1.0000,   -1.0000,   -1.0000], 
  ..., 
 [         0,    1.0000,         0,  ...   -1.0000,   -1.0000,    1.0000], 
 [         0,   -1.0000,         0,  ...   -1.0000,   -1.0000,   -1.0000], 
 [         0,    1.0000,         0,  ...    1.0000,   -1.0000,   -1.0000]]
=================OUTPUT==================
[[1.0000], 
 [-1.0000], 
 [1.0000], 
 [-1.0000], 
 [1.0000], 
 [-1.0000], 
 [1.0000], 
 [-1.0000], 
 [1.0000], 
 [-1.0000], 
 [1.0000], 
 [-1.0000], 
 [1.0000], 
 [-1.0000], 
 [1.0000], 
 [-1.0000], 
 [1.0000], 
 [-1.0000], 
 [1.0000], 
 [-1.0000], 
 [1.0000], 
 [-1.0000], 
 [1.0000], 
 [-1.0000], 
 [1.0000], 
 [-1.0000], 
 [1.0000], 
 [-1.0000], 
 [1.0000], 
 [-1.0000], 
 [1.0000], 
 [-1.0000], 
 [1.0000], 
 [-1.0000], 
 [1.0000], 
 [-1.0000], 
 [1.0000], 
 [-1.0000], 
 [1.0000], 
 [-1.0000], 
 [1.0000], 
 [-1.0000], 
 [1.0000], 
 [-1.0000], 
 [1.0000]]
Policy network data: 
===========INPUT===================
[[         0,         0,         0,  ...    1.0000,    1.0000,    1.0000], 
 [         0,         0,         0,  ...    1.0000,   -1.0000,   -1.0000], 
 [         0,         0,         0,  ...    1.0000,   -1.0000,   -1.0000], 
  ..., 
 [         0,    1.0000,         0,  ...   -1.0000,   -1.0000,    1.0000], 
 [         0,   -1.0000,         0,  ...   -1.0000,   -1.0000,   -1.0000], 
 [         0,    1.0000,         0,  ...    1.0000,   -1.0000,   -1.0000]]
=================OUTPUT==================
[[    0.0133,    0.0135,    0.0131,  ...    0.0229,    0.0153,    0.0203], 
 [         0,         0,         0,  ...         0,         0,         0], 
 [         0,         0,         0,  ...         0,         0,         0], 
  ..., 
 [         0,         0,         0,  ...         0,         0,    0.0023], 
 [         0,         0,         0,  ...         0,         0,         0], 
 [         0,         0,         0,  ...         0,         0,         0]]
W:\Labs\ME\ME187-Fall2024\StudentFiles\CALEBHOTTES\UTTTstuff\series1\policy$series1,gameNum47$1729810975450.bin
Took: 1354 s to simulate game
Finished simulating game, see log at: W:\Labs\ME\ME187-Fall2024\StudentFiles\CALEBHOTTES\UTTTstuff\logs\series1\game47$1729808265388.log for details.
