Saving data to: W:\Labs\ME\ME187-Fall2024\StudentFiles\CALEBHOTTES\UTTTstuff\data\series1
Begin custom message: 
DataSeries: series1 game number: 88 

Description: data generated on AWS app stream service. . 

Evaluator config=EvaluatorConfiguration{cValue=2.0, maxRolloutDepth=1000, computeTime=30, threads=1, stupidity=0, allowForcePlay=false, maxMyCPU=false}
End custom message
Inital State: 

|* 0. |* 0. |* 0. ||* 0. |* 0. |* 0. ||* 0. |* 0. |* 0. |
|* 0. |* 0. |* 0. ||* 0. |* 0. |* 0. ||* 0. |* 0. |* 0. |
|* 0. |* 0. |* 0. ||* 0. |* 0. |* 0. ||* 0. |* 0. |* 0. |
|=====+=====+=====||=====+=====+=====||=====+=====+=====|
|* 0. |* 0. |* 0. ||* 0. |* 0. |* 0. ||* 0. |* 0. |* 0. |
|* 0. |* 0. |* 0. ||* 0. |* 0. |* 0. ||* 0. |* 0. |* 0. |
|* 0. |* 0. |* 0. ||* 0. |* 0. |* 0. ||* 0. |* 0. |* 0. |
|=====+=====+=====||=====+=====+=====||=====+=====+=====|
|* 0. |* 0. |* 0. ||* 0. |* 0. |* 0. ||* 0. |* 0. |* 0. |
|* 0. |* 0. |* 0. ||* 0. |* 0. |* 0. ||* 0. |* 0. |* 0. |
|* 0. |* 0. |* 0. ||* 0. |* 0. |* 0. ||* 0. |* 0. |* 0. |


state to eval, currenty is playerone turn=true

|* 0. |* 0. |* 0. ||* 0. |* 0. |* 0. ||* 0. |* 0. |* 0. |
|* 0. |* 0. |* 0. ||* 0. |* 0. |* 0. ||* 0. |* 0. |* 0. |
|* 0. |* 0. |* 0. ||* 0. |* 0. |* 0. ||* 0. |* 0. |* 0. |
|=====+=====+=====||=====+=====+=====||=====+=====+=====|
|* 0. |* 0. |* 0. ||* 0. |* 0. |* 0. ||* 0. |* 0. |* 0. |
|* 0. |* 0. |* 0. ||* 0. |* 0. |* 0. ||* 0. |* 0. |* 0. |
|* 0. |* 0. |* 0. ||* 0. |* 0. |* 0. ||* 0. |* 0. |* 0. |
|=====+=====+=====||=====+=====+=====||=====+=====+=====|
|* 0. |* 0. |* 0. ||* 0. |* 0. |* 0. ||* 0. |* 0. |* 0. |
|* 0. |* 0. |* 0. ||* 0. |* 0. |* 0. ||* 0. |* 0. |* 0. |
|* 0. |* 0. |* 0. ||* 0. |* 0. |* 0. ||* 0. |* 0. |* 0. |


Determined best move using: 54394Iterations
current State

|  0. |  0. |  0. ||  0. |  0. |  0. ||  0. |  0. |  0. |
|  0. |  0. |  0. ||  0. |  0. |  0. ||  0. |  0. |  0. |
|  0. |  0. |  0. ||  0. |  0. |  0. ||  0. |  1. |  0. |
|=====+=====+=====||=====+=====+=====||=====+=====+=====|
|  0. |  0. |  0. ||  0. |  0. |  0. ||  0. |  0. |  0. |
|  0. |  0. |  0. ||  0. |  0. |  0. ||  0. |  0. |  0. |
|  0. |  0. |  0. ||  0. |  0. |  0. ||  0. |  0. |  0. |
|=====+=====+=====||=====+=====+=====||=====+=====+=====|
|  0. |  0. |  0. ||* 0. |* 0. |* 0. ||  0. |  0. |  0. |
|  0. |  0. |  0. ||* 0. |* 0. |* 0. ||  0. |  0. |  0. |
|  0. |  0. |  0. ||* 0. |* 0. |* 0. ||  0. |  0. |  0. |


state to eval, currenty is playerone turn=false

| -0. | -0. | -0. || -0. | -0. | -0. || -0. | -0. | -0. |
| -0. | -0. | -0. || -0. | -0. | -0. || -0. | -0. | -0. |
| -0. | -0. | -0. || -0. | -0. | -0. || -0. | -1. | -0. |
|=====+=====+=====||=====+=====+=====||=====+=====+=====|
| -0. | -0. | -0. || -0. | -0. | -0. || -0. | -0. | -0. |
| -0. | -0. | -0. || -0. | -0. | -0. || -0. | -0. | -0. |
| -0. | -0. | -0. || -0. | -0. | -0. || -0. | -0. | -0. |
|=====+=====+=====||=====+=====+=====||=====+=====+=====|
| -0. | -0. | -0. ||*-0. |*-0. |*-0. || -0. | -0. | -0. |
| -0. | -0. | -0. ||*-0. |*-0. |*-0. || -0. | -0. | -0. |
| -0. | -0. | -0. ||*-0. |*-0. |*-0. || -0. | -0. | -0. |


Determined best move using: 55613Iterations
current State

|  0. |  0. |  0. ||  0. |  0. |  0. ||  0. |  0. |  0. |
|  0. |  0. |  0. ||  0. |  0. |  0. ||  0. |  0. |  0. |
|  0. |  0. |  0. ||  0. |  0. |  0. ||  0. |  1. |  0. |
|=====+=====+=====||=====+=====+=====||=====+=====+=====|
|  0. |  0. |  0. ||  0. |  0. |  0. ||  0. |  0. |  0. |
|  0. |  0. |  0. ||  0. |  0. |  0. ||  0. |  0. |  0. |
|  0. |  0. |  0. ||  0. |  0. |  0. ||  0. |  0. |  0. |
|=====+=====+=====||=====+=====+=====||=====+=====+=====|
|  0. |  0. |  0. ||  0. |  0. |  0. ||* 0. |* 0. |* 0. |
|  0. |  0. |  0. ||  0. |  0. |  0. ||* 0. |* 0. |* 0. |
|  0. |  0. |  0. ||  0. |  0. | -1. ||* 0. |* 0. |* 0. |


state to eval, currenty is playerone turn=true

|  0. |  0. |  0. ||  0. |  0. |  0. ||  0. |  0. |  0. |
|  0. |  0. |  0. ||  0. |  0. |  0. ||  0. |  0. |  0. |
|  0. |  0. |  0. ||  0. |  0. |  0. ||  0. |  1. |  0. |
|=====+=====+=====||=====+=====+=====||=====+=====+=====|
|  0. |  0. |  0. ||  0. |  0. |  0. ||  0. |  0. |  0. |
|  0. |  0. |  0. ||  0. |  0. |  0. ||  0. |  0. |  0. |
|  0. |  0. |  0. ||  0. |  0. |  0. ||  0. |  0. |  0. |
|=====+=====+=====||=====+=====+=====||=====+=====+=====|
|  0. |  0. |  0. ||  0. |  0. |  0. ||* 0. |* 0. |* 0. |
|  0. |  0. |  0. ||  0. |  0. |  0. ||* 0. |* 0. |* 0. |
|  0. |  0. |  0. ||  0. |  0. | -1. ||* 0. |* 0. |* 0. |


Determined best move using: 55703Iterations
current State

|  0. |  0. |  0. ||  0. |  0. |  0. ||  0. |  0. |  0. |
|  0. |  0. |  0. ||  0. |  0. |  0. ||  0. |  0. |  0. |
|  0. |  0. |  0. ||  0. |  0. |  0. ||  0. |  1. |  0. |
|=====+=====+=====||=====+=====+=====||=====+=====+=====|
|  0. |  0. |  0. ||  0. |  0. |  0. ||  0. |  0. |  0. |
|  0. |  0. |  0. ||  0. |  0. |  0. ||  0. |  0. |  0. |
|  0. |  0. |  0. ||  0. |  0. |  0. ||  0. |  0. |  0. |
|=====+=====+=====||=====+=====+=====||=====+=====+=====|
|  0. |  0. |  0. ||  0. |  0. |  0. ||* 0. |* 0. |* 0. |
|  0. |  0. |  0. ||  0. |  0. |  0. ||* 0. |* 0. |* 0. |
|  0. |  0. |  0. ||  0. |  0. | -1. ||* 0. |* 0. |* 1. |


state to eval, currenty is playerone turn=false

| -0. | -0. | -0. || -0. | -0. | -0. || -0. | -0. | -0. |
| -0. | -0. | -0. || -0. | -0. | -0. || -0. | -0. | -0. |
| -0. | -0. | -0. || -0. | -0. | -0. || -0. | -1. | -0. |
|=====+=====+=====||=====+=====+=====||=====+=====+=====|
| -0. | -0. | -0. || -0. | -0. | -0. || -0. | -0. | -0. |
| -0. | -0. | -0. || -0. | -0. | -0. || -0. | -0. | -0. |
| -0. | -0. | -0. || -0. | -0. | -0. || -0. | -0. | -0. |
|=====+=====+=====||=====+=====+=====||=====+=====+=====|
| -0. | -0. | -0. || -0. | -0. | -0. ||*-0. |*-0. |*-0. |
| -0. | -0. | -0. || -0. | -0. | -0. ||*-0. |*-0. |*-0. |
| -0. | -0. | -0. || -0. | -0. |  1. ||*-0. |*-0. |*-1. |


Determined best move using: 56879Iterations
current State

|  0. |  0. |  0. ||  0. |  0. |  0. ||  0. |  0. |  0. |
|  0. |  0. |  0. ||  0. |  0. |  0. ||  0. |  0. |  0. |
|  0. |  0. |  0. ||  0. |  0. |  0. ||  0. |  1. |  0. |
|=====+=====+=====||=====+=====+=====||=====+=====+=====|
|  0. |  0. |  0. ||* 0. |* 0. |* 0. ||  0. |  0. |  0. |
|  0. |  0. |  0. ||* 0. |* 0. |* 0. ||  0. |  0. |  0. |
|  0. |  0. |  0. ||* 0. |* 0. |* 0. ||  0. |  0. |  0. |
|=====+=====+=====||=====+=====+=====||=====+=====+=====|
|  0. |  0. |  0. ||  0. |  0. |  0. ||  0. |  0. |  0. |
|  0. |  0. |  0. ||  0. |  0. |  0. ||  0. | -1. |  0. |
|  0. |  0. |  0. ||  0. |  0. | -1. ||  0. |  0. |  1. |


state to eval, currenty is playerone turn=true

|  0. |  0. |  0. ||  0. |  0. |  0. ||  0. |  0. |  0. |
|  0. |  0. |  0. ||  0. |  0. |  0. ||  0. |  0. |  0. |
|  0. |  0. |  0. ||  0. |  0. |  0. ||  0. |  1. |  0. |
|=====+=====+=====||=====+=====+=====||=====+=====+=====|
|  0. |  0. |  0. ||* 0. |* 0. |* 0. ||  0. |  0. |  0. |
|  0. |  0. |  0. ||* 0. |* 0. |* 0. ||  0. |  0. |  0. |
|  0. |  0. |  0. ||* 0. |* 0. |* 0. ||  0. |  0. |  0. |
|=====+=====+=====||=====+=====+=====||=====+=====+=====|
|  0. |  0. |  0. ||  0. |  0. |  0. ||  0. |  0. |  0. |
|  0. |  0. |  0. ||  0. |  0. |  0. ||  0. | -1. |  0. |
|  0. |  0. |  0. ||  0. |  0. | -1. ||  0. |  0. |  1. |


current State

|  0. |  0. |  0. ||  0. |  0. |  0. ||  0. |  0. |  0. |
|  0. |  0. |  0. ||  0. |  0. |  0. ||  0. |  0. |  0. |
|  0. |  0. |  0. ||  0. |  0. |  0. ||  0. |  1. |  0. |
|=====+=====+=====||=====+=====+=====||=====+=====+=====|
|  0. |  0. |  0. ||  0. |  0. |  0. ||  0. |  0. |  0. |
|  0. |  0. |  0. ||  0. |  0. |  0. ||  0. |  0. |  0. |
|  0. |  0. |  0. ||  1. |  0. |  0. ||  0. |  0. |  0. |
|=====+=====+=====||=====+=====+=====||=====+=====+=====|
|* 0. |* 0. |* 0. ||  0. |  0. |  0. ||  0. |  0. |  0. |
|* 0. |* 0. |* 0. ||  0. |  0. |  0. ||  0. | -1. |  0. |
|* 0. |* 0. |* 0. ||  0. |  0. | -1. ||  0. |  0. |  1. |


state to eval, currenty is playerone turn=false

| -0. | -0. | -0. || -0. | -0. | -0. || -0. | -0. | -0. |
| -0. | -0. | -0. || -0. | -0. | -0. || -0. | -0. | -0. |
| -0. | -0. | -0. || -0. | -0. | -0. || -0. | -1. | -0. |
|=====+=====+=====||=====+=====+=====||=====+=====+=====|
| -0. | -0. | -0. || -0. | -0. | -0. || -0. | -0. | -0. |
| -0. | -0. | -0. || -0. | -0. | -0. || -0. | -0. | -0. |
| -0. | -0. | -0. || -1. | -0. | -0. || -0. | -0. | -0. |
|=====+=====+=====||=====+=====+=====||=====+=====+=====|
|*-0. |*-0. |*-0. || -0. | -0. | -0. || -0. | -0. | -0. |
|*-0. |*-0. |*-0. || -0. | -0. | -0. || -0. |  1. | -0. |
|*-0. |*-0. |*-0. || -0. | -0. |  1. || -0. | -0. | -1. |


current State

|  0. |  0. |  0. ||  0. |  0. |  0. ||  0. |  0. |  0. |
|  0. |  0. |  0. ||  0. |  0. |  0. ||  0. |  0. |  0. |
|  0. |  0. |  0. ||  0. |  0. |  0. ||  0. |  1. |  0. |
|=====+=====+=====||=====+=====+=====||=====+=====+=====|
|  0. |  0. |  0. ||  0. |  0. |  0. ||  0. |  0. |  0. |
|  0. |  0. |  0. ||  0. |  0. |  0. ||  0. |  0. |  0. |
|  0. |  0. |  0. ||  1. |  0. |  0. ||  0. |  0. |  0. |
|=====+=====+=====||=====+=====+=====||=====+=====+=====|
|* 0. |* 0. |* 0. ||  0. |  0. |  0. ||  0. |  0. |  0. |
|* 0. |* 0. |* 0. ||  0. |  0. |  0. ||  0. | -1. |  0. |
|*-1. |* 0. |* 0. ||  0. |  0. | -1. ||  0. |  0. |  1. |


state to eval, currenty is playerone turn=true

|  0. |  0. |  0. ||  0. |  0. |  0. ||  0. |  0. |  0. |
|  0. |  0. |  0. ||  0. |  0. |  0. ||  0. |  0. |  0. |
|  0. |  0. |  0. ||  0. |  0. |  0. ||  0. |  1. |  0. |
|=====+=====+=====||=====+=====+=====||=====+=====+=====|
|  0. |  0. |  0. ||  0. |  0. |  0. ||  0. |  0. |  0. |
|  0. |  0. |  0. ||  0. |  0. |  0. ||  0. |  0. |  0. |
|  0. |  0. |  0. ||  1. |  0. |  0. ||  0. |  0. |  0. |
|=====+=====+=====||=====+=====+=====||=====+=====+=====|
|* 0. |* 0. |* 0. ||  0. |  0. |  0. ||  0. |  0. |  0. |
|* 0. |* 0. |* 0. ||  0. |  0. |  0. ||  0. | -1. |  0. |
|*-1. |* 0. |* 0. ||  0. |  0. | -1. ||  0. |  0. |  1. |


current State

|  0. |  0. |  0. ||  0. |  0. |  0. ||  0. |  0. |  0. |
|  0. |  0. |  0. ||  0. |  0. |  0. ||  0. |  0. |  0. |
|  0. |  0. |  0. ||  0. |  0. |  0. ||  0. |  1. |  0. |
|=====+=====+=====||=====+=====+=====||=====+=====+=====|
|  0. |  0. |  0. ||* 0. |* 0. |* 0. ||  0. |  0. |  0. |
|  0. |  0. |  0. ||* 0. |* 0. |* 0. ||  0. |  0. |  0. |
|  0. |  0. |  0. ||* 1. |* 0. |* 0. ||  0. |  0. |  0. |
|=====+=====+=====||=====+=====+=====||=====+=====+=====|
|  0. |  0. |  0. ||  0. |  0. |  0. ||  0. |  0. |  0. |
|  0. |  1. |  0. ||  0. |  0. |  0. ||  0. | -1. |  0. |
| -1. |  0. |  0. ||  0. |  0. | -1. ||  0. |  0. |  1. |


state to eval, currenty is playerone turn=false

| -0. | -0. | -0. || -0. | -0. | -0. || -0. | -0. | -0. |
| -0. | -0. | -0. || -0. | -0. | -0. || -0. | -0. | -0. |
| -0. | -0. | -0. || -0. | -0. | -0. || -0. | -1. | -0. |
|=====+=====+=====||=====+=====+=====||=====+=====+=====|
| -0. | -0. | -0. ||*-0. |*-0. |*-0. || -0. | -0. | -0. |
| -0. | -0. | -0. ||*-0. |*-0. |*-0. || -0. | -0. | -0. |
| -0. | -0. | -0. ||*-1. |*-0. |*-0. || -0. | -0. | -0. |
|=====+=====+=====||=====+=====+=====||=====+=====+=====|
| -0. | -0. | -0. || -0. | -0. | -0. || -0. | -0. | -0. |
| -0. | -1. | -0. || -0. | -0. | -0. || -0. |  1. | -0. |
|  1. | -0. | -0. || -0. | -0. |  1. || -0. | -0. | -1. |


current State

|  0. |  0. |  0. ||  0. |  0. |  0. ||  0. |  0. |  0. |
|  0. |  0. |  0. ||  0. |  0. |  0. ||  0. |  0. |  0. |
|  0. |  0. |  0. ||  0. |  0. |  0. ||  0. |  1. |  0. |
|=====+=====+=====||=====+=====+=====||=====+=====+=====|
|  0. |  0. |  0. ||* 0. |* 0. |* 0. ||  0. |  0. |  0. |
|  0. |  0. |  0. ||* 0. |*-1. |* 0. ||  0. |  0. |  0. |
|  0. |  0. |  0. ||* 1. |* 0. |* 0. ||  0. |  0. |  0. |
|=====+=====+=====||=====+=====+=====||=====+=====+=====|
|  0. |  0. |  0. ||  0. |  0. |  0. ||  0. |  0. |  0. |
|  0. |  1. |  0. ||  0. |  0. |  0. ||  0. | -1. |  0. |
| -1. |  0. |  0. ||  0. |  0. | -1. ||  0. |  0. |  1. |


state to eval, currenty is playerone turn=true

|  0. |  0. |  0. ||  0. |  0. |  0. ||  0. |  0. |  0. |
|  0. |  0. |  0. ||  0. |  0. |  0. ||  0. |  0. |  0. |
|  0. |  0. |  0. ||  0. |  0. |  0. ||  0. |  1. |  0. |
|=====+=====+=====||=====+=====+=====||=====+=====+=====|
|  0. |  0. |  0. ||* 0. |* 0. |* 0. ||  0. |  0. |  0. |
|  0. |  0. |  0. ||* 0. |*-1. |* 0. ||  0. |  0. |  0. |
|  0. |  0. |  0. ||* 1. |* 0. |* 0. ||  0. |  0. |  0. |
|=====+=====+=====||=====+=====+=====||=====+=====+=====|
|  0. |  0. |  0. ||  0. |  0. |  0. ||  0. |  0. |  0. |
|  0. |  1. |  0. ||  0. |  0. |  0. ||  0. | -1. |  0. |
| -1. |  0. |  0. ||  0. |  0. | -1. ||  0. |  0. |  1. |


current State

|  0. |  0. |  0. ||  0. |  0. |  0. ||  0. |  0. |  0. |
|  0. |  0. |  0. ||  0. |  0. |  0. ||  0. |  0. |  0. |
|  0. |  0. |  0. ||  0. |  0. |  0. ||  0. |  1. |  0. |
|=====+=====+=====||=====+=====+=====||=====+=====+=====|
|* 0. |* 0. |* 0. ||  0. |  0. |  0. ||  0. |  0. |  0. |
|* 0. |* 0. |* 0. ||  1. | -1. |  0. ||  0. |  0. |  0. |
|* 0. |* 0. |* 0. ||  1. |  0. |  0. ||  0. |  0. |  0. |
|=====+=====+=====||=====+=====+=====||=====+=====+=====|
|  0. |  0. |  0. ||  0. |  0. |  0. ||  0. |  0. |  0. |
|  0. |  1. |  0. ||  0. |  0. |  0. ||  0. | -1. |  0. |
| -1. |  0. |  0. ||  0. |  0. | -1. ||  0. |  0. |  1. |


state to eval, currenty is playerone turn=false

| -0. | -0. | -0. || -0. | -0. | -0. || -0. | -0. | -0. |
| -0. | -0. | -0. || -0. | -0. | -0. || -0. | -0. | -0. |
| -0. | -0. | -0. || -0. | -0. | -0. || -0. | -1. | -0. |
|=====+=====+=====||=====+=====+=====||=====+=====+=====|
|*-0. |*-0. |*-0. || -0. | -0. | -0. || -0. | -0. | -0. |
|*-0. |*-0. |*-0. || -1. |  1. | -0. || -0. | -0. | -0. |
|*-0. |*-0. |*-0. || -1. | -0. | -0. || -0. | -0. | -0. |
|=====+=====+=====||=====+=====+=====||=====+=====+=====|
| -0. | -0. | -0. || -0. | -0. | -0. || -0. | -0. | -0. |
| -0. | -1. | -0. || -0. | -0. | -0. || -0. |  1. | -0. |
|  1. | -0. | -0. || -0. | -0. |  1. || -0. | -0. | -1. |


current State

|  0. |  0. |  0. ||  0. |  0. |  0. ||  0. |  0. |  0. |
|  0. |  0. |  0. ||  0. |  0. |  0. ||  0. |  0. |  0. |
|  0. |  0. |  0. ||  0. |  0. |  0. ||  0. |  1. |  0. |
|=====+=====+=====||=====+=====+=====||=====+=====+=====|
|  0. |  0. |  0. ||  0. |  0. |  0. ||  0. |  0. |  0. |
|  0. |  0. |  0. ||  1. | -1. |  0. ||  0. |  0. |  0. |
| -1. |  0. |  0. ||  1. |  0. |  0. ||  0. |  0. |  0. |
|=====+=====+=====||=====+=====+=====||=====+=====+=====|
|* 0. |* 0. |* 0. ||  0. |  0. |  0. ||  0. |  0. |  0. |
|* 0. |* 1. |* 0. ||  0. |  0. |  0. ||  0. | -1. |  0. |
|*-1. |* 0. |* 0. ||  0. |  0. | -1. ||  0. |  0. |  1. |


state to eval, currenty is playerone turn=true

|  0. |  0. |  0. ||  0. |  0. |  0. ||  0. |  0. |  0. |
|  0. |  0. |  0. ||  0. |  0. |  0. ||  0. |  0. |  0. |
|  0. |  0. |  0. ||  0. |  0. |  0. ||  0. |  1. |  0. |
|=====+=====+=====||=====+=====+=====||=====+=====+=====|
|  0. |  0. |  0. ||  0. |  0. |  0. ||  0. |  0. |  0. |
|  0. |  0. |  0. ||  1. | -1. |  0. ||  0. |  0. |  0. |
| -1. |  0. |  0. ||  1. |  0. |  0. ||  0. |  0. |  0. |
|=====+=====+=====||=====+=====+=====||=====+=====+=====|
|* 0. |* 0. |* 0. ||  0. |  0. |  0. ||  0. |  0. |  0. |
|* 0. |* 1. |* 0. ||  0. |  0. |  0. ||  0. | -1. |  0. |
|*-1. |* 0. |* 0. ||  0. |  0. | -1. ||  0. |  0. |  1. |


current State

|  0. |  0. |  0. ||  0. |  0. |  0. ||* 0. |* 0. |* 0. |
|  0. |  0. |  0. ||  0. |  0. |  0. ||* 0. |* 0. |* 0. |
|  0. |  0. |  0. ||  0. |  0. |  0. ||* 0. |* 1. |* 0. |
|=====+=====+=====||=====+=====+=====||=====+=====+=====|
|  0. |  0. |  0. ||  0. |  0. |  0. ||  0. |  0. |  0. |
|  0. |  0. |  0. ||  1. | -1. |  0. ||  0. |  0. |  0. |
| -1. |  0. |  0. ||  1. |  0. |  0. ||  0. |  0. |  0. |
|=====+=====+=====||=====+=====+=====||=====+=====+=====|
|  0. |  0. |  1. ||  0. |  0. |  0. ||  0. |  0. |  0. |
|  0. |  1. |  0. ||  0. |  0. |  0. ||  0. | -1. |  0. |
| -1. |  0. |  0. ||  0. |  0. | -1. ||  0. |  0. |  1. |


state to eval, currenty is playerone turn=false

| -0. | -0. | -0. || -0. | -0. | -0. ||*-0. |*-0. |*-0. |
| -0. | -0. | -0. || -0. | -0. | -0. ||*-0. |*-0. |*-0. |
| -0. | -0. | -0. || -0. | -0. | -0. ||*-0. |*-1. |*-0. |
|=====+=====+=====||=====+=====+=====||=====+=====+=====|
| -0. | -0. | -0. || -0. | -0. | -0. || -0. | -0. | -0. |
| -0. | -0. | -0. || -1. |  1. | -0. || -0. | -0. | -0. |
|  1. | -0. | -0. || -1. | -0. | -0. || -0. | -0. | -0. |
|=====+=====+=====||=====+=====+=====||=====+=====+=====|
| -0. | -0. | -1. || -0. | -0. | -0. || -0. | -0. | -0. |
| -0. | -1. | -0. || -0. | -0. | -0. || -0. |  1. | -0. |
|  1. | -0. | -0. || -0. | -0. |  1. || -0. | -0. | -1. |


current State

|* 0. |* 0. |* 0. ||  0. |  0. |  0. || -1. |  0. |  0. |
|* 0. |* 0. |* 0. ||  0. |  0. |  0. ||  0. |  0. |  0. |
|* 0. |* 0. |* 0. ||  0. |  0. |  0. ||  0. |  1. |  0. |
|=====+=====+=====||=====+=====+=====||=====+=====+=====|
|  0. |  0. |  0. ||  0. |  0. |  0. ||  0. |  0. |  0. |
|  0. |  0. |  0. ||  1. | -1. |  0. ||  0. |  0. |  0. |
| -1. |  0. |  0. ||  1. |  0. |  0. ||  0. |  0. |  0. |
|=====+=====+=====||=====+=====+=====||=====+=====+=====|
|  0. |  0. |  1. ||  0. |  0. |  0. ||  0. |  0. |  0. |
|  0. |  1. |  0. ||  0. |  0. |  0. ||  0. | -1. |  0. |
| -1. |  0. |  0. ||  0. |  0. | -1. ||  0. |  0. |  1. |


state to eval, currenty is playerone turn=true

|* 0. |* 0. |* 0. ||  0. |  0. |  0. || -1. |  0. |  0. |
|* 0. |* 0. |* 0. ||  0. |  0. |  0. ||  0. |  0. |  0. |
|* 0. |* 0. |* 0. ||  0. |  0. |  0. ||  0. |  1. |  0. |
|=====+=====+=====||=====+=====+=====||=====+=====+=====|
|  0. |  0. |  0. ||  0. |  0. |  0. ||  0. |  0. |  0. |
|  0. |  0. |  0. ||  1. | -1. |  0. ||  0. |  0. |  0. |
| -1. |  0. |  0. ||  1. |  0. |  0. ||  0. |  0. |  0. |
|=====+=====+=====||=====+=====+=====||=====+=====+=====|
|  0. |  0. |  1. ||  0. |  0. |  0. ||  0. |  0. |  0. |
|  0. |  1. |  0. ||  0. |  0. |  0. ||  0. | -1. |  0. |
| -1. |  0. |  0. ||  0. |  0. | -1. ||  0. |  0. |  1. |


current State

|  0. |  0. |  0. ||  0. |  0. |  0. || -1. |  0. |  0. |
|  1. |  0. |  0. ||  0. |  0. |  0. ||  0. |  0. |  0. |
|  0. |  0. |  0. ||  0. |  0. |  0. ||  0. |  1. |  0. |
|=====+=====+=====||=====+=====+=====||=====+=====+=====|
|* 0. |* 0. |* 0. ||  0. |  0. |  0. ||  0. |  0. |  0. |
|* 0. |* 0. |* 0. ||  1. | -1. |  0. ||  0. |  0. |  0. |
|*-1. |* 0. |* 0. ||  1. |  0. |  0. ||  0. |  0. |  0. |
|=====+=====+=====||=====+=====+=====||=====+=====+=====|
|  0. |  0. |  1. ||  0. |  0. |  0. ||  0. |  0. |  0. |
|  0. |  1. |  0. ||  0. |  0. |  0. ||  0. | -1. |  0. |
| -1. |  0. |  0. ||  0. |  0. | -1. ||  0. |  0. |  1. |


state to eval, currenty is playerone turn=false

| -0. | -0. | -0. || -0. | -0. | -0. ||  1. | -0. | -0. |
| -1. | -0. | -0. || -0. | -0. | -0. || -0. | -0. | -0. |
| -0. | -0. | -0. || -0. | -0. | -0. || -0. | -1. | -0. |
|=====+=====+=====||=====+=====+=====||=====+=====+=====|
|*-0. |*-0. |*-0. || -0. | -0. | -0. || -0. | -0. | -0. |
|*-0. |*-0. |*-0. || -1. |  1. | -0. || -0. | -0. | -0. |
|* 1. |*-0. |*-0. || -1. | -0. | -0. || -0. | -0. | -0. |
|=====+=====+=====||=====+=====+=====||=====+=====+=====|
| -0. | -0. | -1. || -0. | -0. | -0. || -0. | -0. | -0. |
| -0. | -1. | -0. || -0. | -0. | -0. || -0. |  1. | -0. |
|  1. | -0. | -0. || -0. | -0. |  1. || -0. | -0. | -1. |


current State

|  0. |  0. |  0. ||  0. |  0. |  0. ||*-1. |* 0. |* 0. |
|  1. |  0. |  0. ||  0. |  0. |  0. ||* 0. |* 0. |* 0. |
|  0. |  0. |  0. ||  0. |  0. |  0. ||* 0. |* 1. |* 0. |
|=====+=====+=====||=====+=====+=====||=====+=====+=====|
|  0. |  0. | -1. ||  0. |  0. |  0. ||  0. |  0. |  0. |
|  0. |  0. |  0. ||  1. | -1. |  0. ||  0. |  0. |  0. |
| -1. |  0. |  0. ||  1. |  0. |  0. ||  0. |  0. |  0. |
|=====+=====+=====||=====+=====+=====||=====+=====+=====|
|  0. |  0. |  1. ||  0. |  0. |  0. ||  0. |  0. |  0. |
|  0. |  1. |  0. ||  0. |  0. |  0. ||  0. | -1. |  0. |
| -1. |  0. |  0. ||  0. |  0. | -1. ||  0. |  0. |  1. |


state to eval, currenty is playerone turn=true

|  0. |  0. |  0. ||  0. |  0. |  0. ||*-1. |* 0. |* 0. |
|  1. |  0. |  0. ||  0. |  0. |  0. ||* 0. |* 0. |* 0. |
|  0. |  0. |  0. ||  0. |  0. |  0. ||* 0. |* 1. |* 0. |
|=====+=====+=====||=====+=====+=====||=====+=====+=====|
|  0. |  0. | -1. ||  0. |  0. |  0. ||  0. |  0. |  0. |
|  0. |  0. |  0. ||  1. | -1. |  0. ||  0. |  0. |  0. |
| -1. |  0. |  0. ||  1. |  0. |  0. ||  0. |  0. |  0. |
|=====+=====+=====||=====+=====+=====||=====+=====+=====|
|  0. |  0. |  1. ||  0. |  0. |  0. ||  0. |  0. |  0. |
|  0. |  1. |  0. ||  0. |  0. |  0. ||  0. | -1. |  0. |
| -1. |  0. |  0. ||  0. |  0. | -1. ||  0. |  0. |  1. |


current State

|  0. |  0. |  0. ||  0. |  0. |  0. ||*-1. |* 0. |* 1. |
|  1. |  0. |  0. ||  0. |  0. |  0. ||* 0. |* 0. |* 0. |
|  0. |  0. |  0. ||  0. |  0. |  0. ||* 0. |* 1. |* 0. |
|=====+=====+=====||=====+=====+=====||=====+=====+=====|
|  0. |  0. | -1. ||  0. |  0. |  0. ||  0. |  0. |  0. |
|  0. |  0. |  0. ||  1. | -1. |  0. ||  0. |  0. |  0. |
| -1. |  0. |  0. ||  1. |  0. |  0. ||  0. |  0. |  0. |
|=====+=====+=====||=====+=====+=====||=====+=====+=====|
|  0. |  0. |  1. ||  0. |  0. |  0. ||  0. |  0. |  0. |
|  0. |  1. |  0. ||  0. |  0. |  0. ||  0. | -1. |  0. |
| -1. |  0. |  0. ||  0. |  0. | -1. ||  0. |  0. |  1. |


state to eval, currenty is playerone turn=false

| -0. | -0. | -0. || -0. | -0. | -0. ||* 1. |*-0. |*-1. |
| -1. | -0. | -0. || -0. | -0. | -0. ||*-0. |*-0. |*-0. |
| -0. | -0. | -0. || -0. | -0. | -0. ||*-0. |*-1. |*-0. |
|=====+=====+=====||=====+=====+=====||=====+=====+=====|
| -0. | -0. |  1. || -0. | -0. | -0. || -0. | -0. | -0. |
| -0. | -0. | -0. || -1. |  1. | -0. || -0. | -0. | -0. |
|  1. | -0. | -0. || -1. | -0. | -0. || -0. | -0. | -0. |
|=====+=====+=====||=====+=====+=====||=====+=====+=====|
| -0. | -0. | -1. || -0. | -0. | -0. || -0. | -0. | -0. |
| -0. | -1. | -0. || -0. | -0. | -0. || -0. |  1. | -0. |
|  1. | -0. | -0. || -0. | -0. |  1. || -0. | -0. | -1. |


current State

|  0. |  0. |  0. ||* 0. |* 0. |* 0. || -1. | -1. |  1. |
|  1. |  0. |  0. ||* 0. |* 0. |* 0. ||  0. |  0. |  0. |
|  0. |  0. |  0. ||* 0. |* 0. |* 0. ||  0. |  1. |  0. |
|=====+=====+=====||=====+=====+=====||=====+=====+=====|
|  0. |  0. | -1. ||  0. |  0. |  0. ||  0. |  0. |  0. |
|  0. |  0. |  0. ||  1. | -1. |  0. ||  0. |  0. |  0. |
| -1. |  0. |  0. ||  1. |  0. |  0. ||  0. |  0. |  0. |
|=====+=====+=====||=====+=====+=====||=====+=====+=====|
|  0. |  0. |  1. ||  0. |  0. |  0. ||  0. |  0. |  0. |
|  0. |  1. |  0. ||  0. |  0. |  0. ||  0. | -1. |  0. |
| -1. |  0. |  0. ||  0. |  0. | -1. ||  0. |  0. |  1. |


state to eval, currenty is playerone turn=true

|  0. |  0. |  0. ||* 0. |* 0. |* 0. || -1. | -1. |  1. |
|  1. |  0. |  0. ||* 0. |* 0. |* 0. ||  0. |  0. |  0. |
|  0. |  0. |  0. ||* 0. |* 0. |* 0. ||  0. |  1. |  0. |
|=====+=====+=====||=====+=====+=====||=====+=====+=====|
|  0. |  0. | -1. ||  0. |  0. |  0. ||  0. |  0. |  0. |
|  0. |  0. |  0. ||  1. | -1. |  0. ||  0. |  0. |  0. |
| -1. |  0. |  0. ||  1. |  0. |  0. ||  0. |  0. |  0. |
|=====+=====+=====||=====+=====+=====||=====+=====+=====|
|  0. |  0. |  1. ||  0. |  0. |  0. ||  0. |  0. |  0. |
|  0. |  1. |  0. ||  0. |  0. |  0. ||  0. | -1. |  0. |
| -1. |  0. |  0. ||  0. |  0. | -1. ||  0. |  0. |  1. |


current State

|  0. |  0. |  0. ||  0. |  0. |  0. || -1. | -1. |  1. |
|  1. |  0. |  0. ||  0. |  1. |  0. ||  0. |  0. |  0. |
|  0. |  0. |  0. ||  0. |  0. |  0. ||  0. |  1. |  0. |
|=====+=====+=====||=====+=====+=====||=====+=====+=====|
|  0. |  0. | -1. ||* 0. |* 0. |* 0. ||  0. |  0. |  0. |
|  0. |  0. |  0. ||* 1. |*-1. |* 0. ||  0. |  0. |  0. |
| -1. |  0. |  0. ||* 1. |* 0. |* 0. ||  0. |  0. |  0. |
|=====+=====+=====||=====+=====+=====||=====+=====+=====|
|  0. |  0. |  1. ||  0. |  0. |  0. ||  0. |  0. |  0. |
|  0. |  1. |  0. ||  0. |  0. |  0. ||  0. | -1. |  0. |
| -1. |  0. |  0. ||  0. |  0. | -1. ||  0. |  0. |  1. |


state to eval, currenty is playerone turn=false

| -0. | -0. | -0. || -0. | -0. | -0. ||  1. |  1. | -1. |
| -1. | -0. | -0. || -0. | -1. | -0. || -0. | -0. | -0. |
| -0. | -0. | -0. || -0. | -0. | -0. || -0. | -1. | -0. |
|=====+=====+=====||=====+=====+=====||=====+=====+=====|
| -0. | -0. |  1. ||*-0. |*-0. |*-0. || -0. | -0. | -0. |
| -0. | -0. | -0. ||*-1. |* 1. |*-0. || -0. | -0. | -0. |
|  1. | -0. | -0. ||*-1. |*-0. |*-0. || -0. | -0. | -0. |
|=====+=====+=====||=====+=====+=====||=====+=====+=====|
| -0. | -0. | -1. || -0. | -0. | -0. || -0. | -0. | -0. |
| -0. | -1. | -0. || -0. | -0. | -0. || -0. |  1. | -0. |
|  1. | -0. | -0. || -0. | -0. |  1. || -0. | -0. | -1. |


current State

|  0. |  0. |  0. ||  0. |  0. |  0. || -1. | -1. |  1. |
|  1. |  0. |  0. ||  0. |  1. |  0. ||  0. |  0. |  0. |
|  0. |  0. |  0. ||  0. |  0. |  0. ||  0. |  1. |  0. |
|=====+=====+=====||=====+=====+=====||=====+=====+=====|
|  0. |  0. | -1. ||  0. |  0. |  0. ||  0. |  0. |  0. |
|  0. |  0. |  0. ||  1. | -1. |  0. ||  0. |  0. |  0. |
| -1. |  0. |  0. ||  1. |  0. | -1. ||  0. |  0. |  0. |
|=====+=====+=====||=====+=====+=====||=====+=====+=====|
|  0. |  0. |  1. ||  0. |  0. |  0. ||* 0. |* 0. |* 0. |
|  0. |  1. |  0. ||  0. |  0. |  0. ||* 0. |*-1. |* 0. |
| -1. |  0. |  0. ||  0. |  0. | -1. ||* 0. |* 0. |* 1. |


state to eval, currenty is playerone turn=true

|  0. |  0. |  0. ||  0. |  0. |  0. || -1. | -1. |  1. |
|  1. |  0. |  0. ||  0. |  1. |  0. ||  0. |  0. |  0. |
|  0. |  0. |  0. ||  0. |  0. |  0. ||  0. |  1. |  0. |
|=====+=====+=====||=====+=====+=====||=====+=====+=====|
|  0. |  0. | -1. ||  0. |  0. |  0. ||  0. |  0. |  0. |
|  0. |  0. |  0. ||  1. | -1. |  0. ||  0. |  0. |  0. |
| -1. |  0. |  0. ||  1. |  0. | -1. ||  0. |  0. |  0. |
|=====+=====+=====||=====+=====+=====||=====+=====+=====|
|  0. |  0. |  1. ||  0. |  0. |  0. ||* 0. |* 0. |* 0. |
|  0. |  1. |  0. ||  0. |  0. |  0. ||* 0. |*-1. |* 0. |
| -1. |  0. |  0. ||  0. |  0. | -1. ||* 0. |* 0. |* 1. |


current State

|* 0. |* 0. |* 0. ||  0. |  0. |  0. || -1. | -1. |  1. |
|* 1. |* 0. |* 0. ||  0. |  1. |  0. ||  0. |  0. |  0. |
|* 0. |* 0. |* 0. ||  0. |  0. |  0. ||  0. |  1. |  0. |
|=====+=====+=====||=====+=====+=====||=====+=====+=====|
|  0. |  0. | -1. ||  0. |  0. |  0. ||  0. |  0. |  0. |
|  0. |  0. |  0. ||  1. | -1. |  0. ||  0. |  0. |  0. |
| -1. |  0. |  0. ||  1. |  0. | -1. ||  0. |  0. |  0. |
|=====+=====+=====||=====+=====+=====||=====+=====+=====|
|  0. |  0. |  1. ||  0. |  0. |  0. ||  1. |  0. |  0. |
|  0. |  1. |  0. ||  0. |  0. |  0. ||  0. | -1. |  0. |
| -1. |  0. |  0. ||  0. |  0. | -1. ||  0. |  0. |  1. |


state to eval, currenty is playerone turn=false

|*-0. |*-0. |*-0. || -0. | -0. | -0. ||  1. |  1. | -1. |
|*-1. |*-0. |*-0. || -0. | -1. | -0. || -0. | -0. | -0. |
|*-0. |*-0. |*-0. || -0. | -0. | -0. || -0. | -1. | -0. |
|=====+=====+=====||=====+=====+=====||=====+=====+=====|
| -0. | -0. |  1. || -0. | -0. | -0. || -0. | -0. | -0. |
| -0. | -0. | -0. || -1. |  1. | -0. || -0. | -0. | -0. |
|  1. | -0. | -0. || -1. | -0. |  1. || -0. | -0. | -0. |
|=====+=====+=====||=====+=====+=====||=====+=====+=====|
| -0. | -0. | -1. || -0. | -0. | -0. || -1. | -0. | -0. |
| -0. | -1. | -0. || -0. | -0. | -0. || -0. |  1. | -0. |
|  1. | -0. | -0. || -0. | -0. |  1. || -0. | -0. | -1. |


current State

|  0. |  0. | -1. ||  0. |  0. |  0. ||*-1. |*-1. |* 1. |
|  1. |  0. |  0. ||  0. |  1. |  0. ||* 0. |* 0. |* 0. |
|  0. |  0. |  0. ||  0. |  0. |  0. ||* 0. |* 1. |* 0. |
|=====+=====+=====||=====+=====+=====||=====+=====+=====|
|  0. |  0. | -1. ||  0. |  0. |  0. ||  0. |  0. |  0. |
|  0. |  0. |  0. ||  1. | -1. |  0. ||  0. |  0. |  0. |
| -1. |  0. |  0. ||  1. |  0. | -1. ||  0. |  0. |  0. |
|=====+=====+=====||=====+=====+=====||=====+=====+=====|
|  0. |  0. |  1. ||  0. |  0. |  0. ||  1. |  0. |  0. |
|  0. |  1. |  0. ||  0. |  0. |  0. ||  0. | -1. |  0. |
| -1. |  0. |  0. ||  0. |  0. | -1. ||  0. |  0. |  1. |


state to eval, currenty is playerone turn=true

|  0. |  0. | -1. ||  0. |  0. |  0. ||*-1. |*-1. |* 1. |
|  1. |  0. |  0. ||  0. |  1. |  0. ||* 0. |* 0. |* 0. |
|  0. |  0. |  0. ||  0. |  0. |  0. ||* 0. |* 1. |* 0. |
|=====+=====+=====||=====+=====+=====||=====+=====+=====|
|  0. |  0. | -1. ||  0. |  0. |  0. ||  0. |  0. |  0. |
|  0. |  0. |  0. ||  1. | -1. |  0. ||  0. |  0. |  0. |
| -1. |  0. |  0. ||  1. |  0. | -1. ||  0. |  0. |  0. |
|=====+=====+=====||=====+=====+=====||=====+=====+=====|
|  0. |  0. |  1. ||  0. |  0. |  0. ||  1. |  0. |  0. |
|  0. |  1. |  0. ||  0. |  0. |  0. ||  0. | -1. |  0. |
| -1. |  0. |  0. ||  0. |  0. | -1. ||  0. |  0. |  1. |


Determined best move using: 61363Iterations
current State

|  0. |  0. | -1. ||  0. |  0. |  0. || -1. | -1. |  1. |
|  1. |  0. |  0. ||  0. |  1. |  0. ||  1. |  0. |  0. |
|  0. |  0. |  0. ||  0. |  0. |  0. ||  0. |  1. |  0. |
|=====+=====+=====||=====+=====+=====||=====+=====+=====|
|* 0. |* 0. |*-1. ||  0. |  0. |  0. ||  0. |  0. |  0. |
|* 0. |* 0. |* 0. ||  1. | -1. |  0. ||  0. |  0. |  0. |
|*-1. |* 0. |* 0. ||  1. |  0. | -1. ||  0. |  0. |  0. |
|=====+=====+=====||=====+=====+=====||=====+=====+=====|
|  0. |  0. |  1. ||  0. |  0. |  0. ||  1. |  0. |  0. |
|  0. |  1. |  0. ||  0. |  0. |  0. ||  0. | -1. |  0. |
| -1. |  0. |  0. ||  0. |  0. | -1. ||  0. |  0. |  1. |


state to eval, currenty is playerone turn=false

| -0. | -0. |  1. || -0. | -0. | -0. ||  1. |  1. | -1. |
| -1. | -0. | -0. || -0. | -1. | -0. || -1. | -0. | -0. |
| -0. | -0. | -0. || -0. | -0. | -0. || -0. | -1. | -0. |
|=====+=====+=====||=====+=====+=====||=====+=====+=====|
|*-0. |*-0. |* 1. || -0. | -0. | -0. || -0. | -0. | -0. |
|*-0. |*-0. |*-0. || -1. |  1. | -0. || -0. | -0. | -0. |
|* 1. |*-0. |*-0. || -1. | -0. |  1. || -0. | -0. | -0. |
|=====+=====+=====||=====+=====+=====||=====+=====+=====|
| -0. | -0. | -1. || -0. | -0. | -0. || -1. | -0. | -0. |
| -0. | -1. | -0. || -0. | -0. | -0. || -0. |  1. | -0. |
|  1. | -0. | -0. || -0. | -0. |  1. || -0. | -0. | -1. |


current State

|  0. |  0. | -1. ||* 0. |* 0. |* 0. || -1. | -1. |  1. |
|  1. |  0. |  0. ||* 0. |* 1. |* 0. ||  1. |  0. |  0. |
|  0. |  0. |  0. ||* 0. |* 0. |* 0. ||  0. |  1. |  0. |
|=====+=====+=====||=====+=====+=====||=====+=====+=====|
|  0. | -1. | -1. ||  0. |  0. |  0. ||  0. |  0. |  0. |
|  0. |  0. |  0. ||  1. | -1. |  0. ||  0. |  0. |  0. |
| -1. |  0. |  0. ||  1. |  0. | -1. ||  0. |  0. |  0. |
|=====+=====+=====||=====+=====+=====||=====+=====+=====|
|  0. |  0. |  1. ||  0. |  0. |  0. ||  1. |  0. |  0. |
|  0. |  1. |  0. ||  0. |  0. |  0. ||  0. | -1. |  0. |
| -1. |  0. |  0. ||  0. |  0. | -1. ||  0. |  0. |  1. |


state to eval, currenty is playerone turn=true

|  0. |  0. | -1. ||* 0. |* 0. |* 0. || -1. | -1. |  1. |
|  1. |  0. |  0. ||* 0. |* 1. |* 0. ||  1. |  0. |  0. |
|  0. |  0. |  0. ||* 0. |* 0. |* 0. ||  0. |  1. |  0. |
|=====+=====+=====||=====+=====+=====||=====+=====+=====|
|  0. | -1. | -1. ||  0. |  0. |  0. ||  0. |  0. |  0. |
|  0. |  0. |  0. ||  1. | -1. |  0. ||  0. |  0. |  0. |
| -1. |  0. |  0. ||  1. |  0. | -1. ||  0. |  0. |  0. |
|=====+=====+=====||=====+=====+=====||=====+=====+=====|
|  0. |  0. |  1. ||  0. |  0. |  0. ||  1. |  0. |  0. |
|  0. |  1. |  0. ||  0. |  0. |  0. ||  0. | -1. |  0. |
| -1. |  0. |  0. ||  0. |  0. | -1. ||  0. |  0. |  1. |


current State

|  0. |  0. | -1. ||  0. |  0. |  0. || -1. | -1. |  1. |
|  1. |  0. |  0. ||  0. |  1. |  0. ||  1. |  0. |  0. |
|  0. |  0. |  0. ||  1. |  0. |  0. ||  0. |  1. |  0. |
|=====+=====+=====||=====+=====+=====||=====+=====+=====|
|  0. | -1. | -1. ||  0. |  0. |  0. ||  0. |  0. |  0. |
|  0. |  0. |  0. ||  1. | -1. |  0. ||  0. |  0. |  0. |
| -1. |  0. |  0. ||  1. |  0. | -1. ||  0. |  0. |  0. |
|=====+=====+=====||=====+=====+=====||=====+=====+=====|
|* 0. |* 0. |* 1. ||  0. |  0. |  0. ||  1. |  0. |  0. |
|* 0. |* 1. |* 0. ||  0. |  0. |  0. ||  0. | -1. |  0. |
|*-1. |* 0. |* 0. ||  0. |  0. | -1. ||  0. |  0. |  1. |


state to eval, currenty is playerone turn=false

| -0. | -0. |  1. || -0. | -0. | -0. ||  1. |  1. | -1. |
| -1. | -0. | -0. || -0. | -1. | -0. || -1. | -0. | -0. |
| -0. | -0. | -0. || -1. | -0. | -0. || -0. | -1. | -0. |
|=====+=====+=====||=====+=====+=====||=====+=====+=====|
| -0. |  1. |  1. || -0. | -0. | -0. || -0. | -0. | -0. |
| -0. | -0. | -0. || -1. |  1. | -0. || -0. | -0. | -0. |
|  1. | -0. | -0. || -1. | -0. |  1. || -0. | -0. | -0. |
|=====+=====+=====||=====+=====+=====||=====+=====+=====|
|*-0. |*-0. |*-1. || -0. | -0. | -0. || -1. | -0. | -0. |
|*-0. |*-1. |*-0. || -0. | -0. | -0. || -0. |  1. | -0. |
|* 1. |*-0. |*-0. || -0. | -0. |  1. || -0. | -0. | -1. |


Determined best move using: 63436Iterations
current State

|  0. |  0. | -1. ||  0. |  0. |  0. || -1. | -1. |  1. |
|  1. |  0. |  0. ||  0. |  1. |  0. ||  1. |  0. |  0. |
|  0. |  0. |  0. ||  1. |  0. |  0. ||  0. |  1. |  0. |
|=====+=====+=====||=====+=====+=====||=====+=====+=====|
|  0. | -1. | -1. ||  0. |  0. |  0. ||* 0. |* 0. |* 0. |
|  0. |  0. |  0. ||  1. | -1. |  0. ||* 0. |* 0. |* 0. |
| -1. |  0. |  0. ||  1. |  0. | -1. ||* 0. |* 0. |* 0. |
|=====+=====+=====||=====+=====+=====||=====+=====+=====|
|  0. |  0. |  1. ||  0. |  0. |  0. ||  1. |  0. |  0. |
|  0. |  1. | -1. ||  0. |  0. |  0. ||  0. | -1. |  0. |
| -1. |  0. |  0. ||  0. |  0. | -1. ||  0. |  0. |  1. |


state to eval, currenty is playerone turn=true

|  0. |  0. | -1. ||  0. |  0. |  0. || -1. | -1. |  1. |
|  1. |  0. |  0. ||  0. |  1. |  0. ||  1. |  0. |  0. |
|  0. |  0. |  0. ||  1. |  0. |  0. ||  0. |  1. |  0. |
|=====+=====+=====||=====+=====+=====||=====+=====+=====|
|  0. | -1. | -1. ||  0. |  0. |  0. ||* 0. |* 0. |* 0. |
|  0. |  0. |  0. ||  1. | -1. |  0. ||* 0. |* 0. |* 0. |
| -1. |  0. |  0. ||  1. |  0. | -1. ||* 0. |* 0. |* 0. |
|=====+=====+=====||=====+=====+=====||=====+=====+=====|
|  0. |  0. |  1. ||  0. |  0. |  0. ||  1. |  0. |  0. |
|  0. |  1. | -1. ||  0. |  0. |  0. ||  0. | -1. |  0. |
| -1. |  0. |  0. ||  0. |  0. | -1. ||  0. |  0. |  1. |


current State

|  0. |  0. | -1. ||  0. |  0. |  0. || -1. | -1. |  1. |
|  1. |  0. |  0. ||  0. |  1. |  0. ||  1. |  0. |  0. |
|  0. |  0. |  0. ||  1. |  0. |  0. ||  0. |  1. |  0. |
|=====+=====+=====||=====+=====+=====||=====+=====+=====|
|  0. | -1. | -1. ||* 0. |* 0. |* 0. ||  0. |  0. |  0. |
|  0. |  0. |  0. ||* 1. |*-1. |* 0. ||  0. |  1. |  0. |
| -1. |  0. |  0. ||* 1. |* 0. |*-1. ||  0. |  0. |  0. |
|=====+=====+=====||=====+=====+=====||=====+=====+=====|
|  0. |  0. |  1. ||  0. |  0. |  0. ||  1. |  0. |  0. |
|  0. |  1. | -1. ||  0. |  0. |  0. ||  0. | -1. |  0. |
| -1. |  0. |  0. ||  0. |  0. | -1. ||  0. |  0. |  1. |


state to eval, currenty is playerone turn=false

| -0. | -0. |  1. || -0. | -0. | -0. ||  1. |  1. | -1. |
| -1. | -0. | -0. || -0. | -1. | -0. || -1. | -0. | -0. |
| -0. | -0. | -0. || -1. | -0. | -0. || -0. | -1. | -0. |
|=====+=====+=====||=====+=====+=====||=====+=====+=====|
| -0. |  1. |  1. ||*-0. |*-0. |*-0. || -0. | -0. | -0. |
| -0. | -0. | -0. ||*-1. |* 1. |*-0. || -0. | -1. | -0. |
|  1. | -0. | -0. ||*-1. |*-0. |* 1. || -0. | -0. | -0. |
|=====+=====+=====||=====+=====+=====||=====+=====+=====|
| -0. | -0. | -1. || -0. | -0. | -0. || -1. | -0. | -0. |
| -0. | -1. |  1. || -0. | -0. | -0. || -0. |  1. | -0. |
|  1. | -0. | -0. || -0. | -0. |  1. || -0. | -0. | -1. |


Determined best move using: 65369Iterations
current State

|  0. |  0. | -1. ||  0. |  0. |  0. || -1. | -1. |  1. |
|  1. |  0. |  0. ||  0. |  1. |  0. ||  1. |  0. |  0. |
|  0. |  0. |  0. ||  1. |  0. |  0. ||  0. |  1. |  0. |
|=====+=====+=====||=====+=====+=====||=====+=====+=====|
|  0. | -1. | -1. ||  0. |  0. |  0. ||  0. |  0. |  0. |
|  0. |  0. |  0. ||  1. | -1. |  0. ||  0. |  1. |  0. |
| -1. |  0. |  0. ||  1. | -1. | -1. ||  0. |  0. |  0. |
|=====+=====+=====||=====+=====+=====||=====+=====+=====|
|  0. |  0. |  1. ||* 0. |* 0. |* 0. ||  1. |  0. |  0. |
|  0. |  1. | -1. ||* 0. |* 0. |* 0. ||  0. | -1. |  0. |
| -1. |  0. |  0. ||* 0. |* 0. |*-1. ||  0. |  0. |  1. |


state to eval, currenty is playerone turn=true

|  0. |  0. | -1. ||  0. |  0. |  0. || -1. | -1. |  1. |
|  1. |  0. |  0. ||  0. |  1. |  0. ||  1. |  0. |  0. |
|  0. |  0. |  0. ||  1. |  0. |  0. ||  0. |  1. |  0. |
|=====+=====+=====||=====+=====+=====||=====+=====+=====|
|  0. | -1. | -1. ||  0. |  0. |  0. ||  0. |  0. |  0. |
|  0. |  0. |  0. ||  1. | -1. |  0. ||  0. |  1. |  0. |
| -1. |  0. |  0. ||  1. | -1. | -1. ||  0. |  0. |  0. |
|=====+=====+=====||=====+=====+=====||=====+=====+=====|
|  0. |  0. |  1. ||* 0. |* 0. |* 0. ||  1. |  0. |  0. |
|  0. |  1. | -1. ||* 0. |* 0. |* 0. ||  0. | -1. |  0. |
| -1. |  0. |  0. ||* 0. |* 0. |*-1. ||  0. |  0. |  1. |


Determined best move using: 67271Iterations
current State

|  0. |  0. | -1. ||  0. |  0. |  0. || -1. | -1. |  1. |
|  1. |  0. |  0. ||  0. |  1. |  0. ||  1. |  0. |  0. |
|  0. |  0. |  0. ||  1. |  0. |  0. ||  0. |  1. |  0. |
|=====+=====+=====||=====+=====+=====||=====+=====+=====|
|  0. | -1. | -1. ||  0. |  0. |  0. ||  0. |  0. |  0. |
|  0. |  0. |  0. ||  1. | -1. |  0. ||  0. |  1. |  0. |
| -1. |  0. |  0. ||  1. | -1. | -1. ||  0. |  0. |  0. |
|=====+=====+=====||=====+=====+=====||=====+=====+=====|
|  0. |  0. |  1. ||* 0. |* 0. |* 0. ||  1. |  0. |  0. |
|  0. |  1. | -1. ||* 0. |* 0. |* 0. ||  0. | -1. |  0. |
| -1. |  0. |  0. ||* 0. |* 1. |*-1. ||  0. |  0. |  1. |


state to eval, currenty is playerone turn=false

| -0. | -0. |  1. || -0. | -0. | -0. ||  1. |  1. | -1. |
| -1. | -0. | -0. || -0. | -1. | -0. || -1. | -0. | -0. |
| -0. | -0. | -0. || -1. | -0. | -0. || -0. | -1. | -0. |
|=====+=====+=====||=====+=====+=====||=====+=====+=====|
| -0. |  1. |  1. || -0. | -0. | -0. || -0. | -0. | -0. |
| -0. | -0. | -0. || -1. |  1. | -0. || -0. | -1. | -0. |
|  1. | -0. | -0. || -1. |  1. |  1. || -0. | -0. | -0. |
|=====+=====+=====||=====+=====+=====||=====+=====+=====|
| -0. | -0. | -1. ||*-0. |*-0. |*-0. || -1. | -0. | -0. |
| -0. | -1. |  1. ||*-0. |*-0. |*-0. || -0. |  1. | -0. |
|  1. | -0. | -0. ||*-0. |*-1. |* 1. || -0. | -0. | -1. |


Determined best move using: 67863Iterations
current State

|  0. |  0. | -1. ||  0. |  0. |  0. || -1. | -1. |  1. |
|  1. |  0. |  0. ||  0. |  1. |  0. ||  1. |  0. |  0. |
|  0. |  0. |  0. ||  1. |  0. |  0. ||  0. |  1. |  0. |
|=====+=====+=====||=====+=====+=====||=====+=====+=====|
|  0. | -1. | -1. ||  0. |  0. |  0. ||* 0. |* 0. |* 0. |
|  0. |  0. |  0. ||  1. | -1. |  0. ||* 0. |* 1. |* 0. |
| -1. |  0. |  0. ||  1. | -1. | -1. ||* 0. |* 0. |* 0. |
|=====+=====+=====||=====+=====+=====||=====+=====+=====|
|  0. |  0. |  1. ||  0. |  0. |  0. ||  1. |  0. |  0. |
|  0. |  1. | -1. ||  0. |  0. | -1. ||  0. | -1. |  0. |
| -1. |  0. |  0. ||  0. |  1. | -1. ||  0. |  0. |  1. |


state to eval, currenty is playerone turn=true

|  0. |  0. | -1. ||  0. |  0. |  0. || -1. | -1. |  1. |
|  1. |  0. |  0. ||  0. |  1. |  0. ||  1. |  0. |  0. |
|  0. |  0. |  0. ||  1. |  0. |  0. ||  0. |  1. |  0. |
|=====+=====+=====||=====+=====+=====||=====+=====+=====|
|  0. | -1. | -1. ||  0. |  0. |  0. ||* 0. |* 0. |* 0. |
|  0. |  0. |  0. ||  1. | -1. |  0. ||* 0. |* 1. |* 0. |
| -1. |  0. |  0. ||  1. | -1. | -1. ||* 0. |* 0. |* 0. |
|=====+=====+=====||=====+=====+=====||=====+=====+=====|
|  0. |  0. |  1. ||  0. |  0. |  0. ||  1. |  0. |  0. |
|  0. |  1. | -1. ||  0. |  0. | -1. ||  0. | -1. |  0. |
| -1. |  0. |  0. ||  0. |  1. | -1. ||  0. |  0. |  1. |


Determined best move using: 68797Iterations
current State

|  0. |  0. | -1. ||  0. |  0. |  0. || -1. | -1. |  1. |
|  1. |  0. |  0. ||  0. |  1. |  0. ||  1. |  0. |  0. |
|  0. |  0. |  0. ||  1. |  0. |  0. ||  0. |  1. |  0. |
|=====+=====+=====||=====+=====+=====||=====+=====+=====|
|  0. | -1. | -1. ||  0. |  0. |  0. ||* 0. |* 0. |* 0. |
|  0. |  0. |  0. ||  1. | -1. |  0. ||* 0. |* 1. |* 1. |
| -1. |  0. |  0. ||  1. | -1. | -1. ||* 0. |* 0. |* 0. |
|=====+=====+=====||=====+=====+=====||=====+=====+=====|
|  0. |  0. |  1. ||  0. |  0. |  0. ||  1. |  0. |  0. |
|  0. |  1. | -1. ||  0. |  0. | -1. ||  0. | -1. |  0. |
| -1. |  0. |  0. ||  0. |  1. | -1. ||  0. |  0. |  1. |


state to eval, currenty is playerone turn=false

| -0. | -0. |  1. || -0. | -0. | -0. ||  1. |  1. | -1. |
| -1. | -0. | -0. || -0. | -1. | -0. || -1. | -0. | -0. |
| -0. | -0. | -0. || -1. | -0. | -0. || -0. | -1. | -0. |
|=====+=====+=====||=====+=====+=====||=====+=====+=====|
| -0. |  1. |  1. || -0. | -0. | -0. ||*-0. |*-0. |*-0. |
| -0. | -0. | -0. || -1. |  1. | -0. ||*-0. |*-1. |*-1. |
|  1. | -0. | -0. || -1. |  1. |  1. ||*-0. |*-0. |*-0. |
|=====+=====+=====||=====+=====+=====||=====+=====+=====|
| -0. | -0. | -1. || -0. | -0. | -0. || -1. | -0. | -0. |
| -0. | -1. |  1. || -0. | -0. |  1. || -0. |  1. | -0. |
|  1. | -0. | -0. || -0. | -1. |  1. || -0. | -0. | -1. |


Determined best move using: 69481Iterations
current State

|  0. |  0. | -1. ||  0. |  0. |  0. || -1. | -1. |  1. |
|  1. |  0. |  0. ||  0. |  1. |  0. ||  1. |  0. |  0. |
|  0. |  0. |  0. ||  1. |  0. |  0. ||  0. |  1. |  0. |
|=====+=====+=====||=====+=====+=====||=====+=====+=====|
|  0. | -1. | -1. ||  0. |  0. |  0. ||  0. |  0. |  0. |
|  0. |  0. |  0. ||  1. | -1. |  0. ||  0. |  1. |  1. |
| -1. |  0. |  0. ||  1. | -1. | -1. ||  0. | -1. |  0. |
|=====+=====+=====||=====+=====+=====||=====+=====+=====|
|  0. |  0. |  1. ||* 0. |* 0. |* 0. ||  1. |  0. |  0. |
|  0. |  1. | -1. ||* 0. |* 0. |*-1. ||  0. | -1. |  0. |
| -1. |  0. |  0. ||* 0. |* 1. |*-1. ||  0. |  0. |  1. |


state to eval, currenty is playerone turn=true

|  0. |  0. | -1. ||  0. |  0. |  0. || -1. | -1. |  1. |
|  1. |  0. |  0. ||  0. |  1. |  0. ||  1. |  0. |  0. |
|  0. |  0. |  0. ||  1. |  0. |  0. ||  0. |  1. |  0. |
|=====+=====+=====||=====+=====+=====||=====+=====+=====|
|  0. | -1. | -1. ||  0. |  0. |  0. ||  0. |  0. |  0. |
|  0. |  0. |  0. ||  1. | -1. |  0. ||  0. |  1. |  1. |
| -1. |  0. |  0. ||  1. | -1. | -1. ||  0. | -1. |  0. |
|=====+=====+=====||=====+=====+=====||=====+=====+=====|
|  0. |  0. |  1. ||* 0. |* 0. |* 0. ||  1. |  0. |  0. |
|  0. |  1. | -1. ||* 0. |* 0. |*-1. ||  0. | -1. |  0. |
| -1. |  0. |  0. ||* 0. |* 1. |*-1. ||  0. |  0. |  1. |


Determined best move using: 71829Iterations
current State

|  0. |  0. | -1. ||* 0. |* 0. |* 0. || -1. | -1. |  1. |
|  1. |  0. |  0. ||* 0. |* 1. |* 0. ||  1. |  0. |  0. |
|  0. |  0. |  0. ||* 1. |* 0. |* 0. ||  0. |  1. |  0. |
|=====+=====+=====||=====+=====+=====||=====+=====+=====|
|  0. | -1. | -1. ||  0. |  0. |  0. ||  0. |  0. |  0. |
|  0. |  0. |  0. ||  1. | -1. |  0. ||  0. |  1. |  1. |
| -1. |  0. |  0. ||  1. | -1. | -1. ||  0. | -1. |  0. |
|=====+=====+=====||=====+=====+=====||=====+=====+=====|
|  0. |  0. |  1. ||  0. |  1. |  0. ||  1. |  0. |  0. |
|  0. |  1. | -1. ||  0. |  0. | -1. ||  0. | -1. |  0. |
| -1. |  0. |  0. ||  0. |  1. | -1. ||  0. |  0. |  1. |


state to eval, currenty is playerone turn=false

| -0. | -0. |  1. ||*-0. |*-0. |*-0. ||  1. |  1. | -1. |
| -1. | -0. | -0. ||*-0. |*-1. |*-0. || -1. | -0. | -0. |
| -0. | -0. | -0. ||*-1. |*-0. |*-0. || -0. | -1. | -0. |
|=====+=====+=====||=====+=====+=====||=====+=====+=====|
| -0. |  1. |  1. || -0. | -0. | -0. || -0. | -0. | -0. |
| -0. | -0. | -0. || -1. |  1. | -0. || -0. | -1. | -1. |
|  1. | -0. | -0. || -1. |  1. |  1. || -0. |  1. | -0. |
|=====+=====+=====||=====+=====+=====||=====+=====+=====|
| -0. | -0. | -1. || -0. | -1. | -0. || -1. | -0. | -0. |
| -0. | -1. |  1. || -0. | -0. |  1. || -0. |  1. | -0. |
|  1. | -0. | -0. || -0. | -1. |  1. || -0. | -0. | -1. |


Determined best move using: 74199Iterations
current State

|  0. |  0. | -1. ||  0. |  0. | -1. ||*-1. |*-1. |* 1. |
|  1. |  0. |  0. ||  0. |  1. |  0. ||* 1. |* 0. |* 0. |
|  0. |  0. |  0. ||  1. |  0. |  0. ||* 0. |* 1. |* 0. |
|=====+=====+=====||=====+=====+=====||=====+=====+=====|
|  0. | -1. | -1. ||  0. |  0. |  0. ||  0. |  0. |  0. |
|  0. |  0. |  0. ||  1. | -1. |  0. ||  0. |  1. |  1. |
| -1. |  0. |  0. ||  1. | -1. | -1. ||  0. | -1. |  0. |
|=====+=====+=====||=====+=====+=====||=====+=====+=====|
|  0. |  0. |  1. ||  0. |  1. |  0. ||  1. |  0. |  0. |
|  0. |  1. | -1. ||  0. |  0. | -1. ||  0. | -1. |  0. |
| -1. |  0. |  0. ||  0. |  1. | -1. ||  0. |  0. |  1. |


state to eval, currenty is playerone turn=true

|  0. |  0. | -1. ||  0. |  0. | -1. ||*-1. |*-1. |* 1. |
|  1. |  0. |  0. ||  0. |  1. |  0. ||* 1. |* 0. |* 0. |
|  0. |  0. |  0. ||  1. |  0. |  0. ||* 0. |* 1. |* 0. |
|=====+=====+=====||=====+=====+=====||=====+=====+=====|
|  0. | -1. | -1. ||  0. |  0. |  0. ||  0. |  0. |  0. |
|  0. |  0. |  0. ||  1. | -1. |  0. ||  0. |  1. |  1. |
| -1. |  0. |  0. ||  1. | -1. | -1. ||  0. | -1. |  0. |
|=====+=====+=====||=====+=====+=====||=====+=====+=====|
|  0. |  0. |  1. ||  0. |  1. |  0. ||  1. |  0. |  0. |
|  0. |  1. | -1. ||  0. |  0. | -1. ||  0. | -1. |  0. |
| -1. |  0. |  0. ||  0. |  1. | -1. ||  0. |  0. |  1. |


Determined best move using: 76017Iterations
current State

|  0. |  0. | -1. ||  0. |  0. | -1. || -1. | -1. |  1. |
|  1. |  0. |  0. ||  0. |  1. |  0. ||  1. |  0. |  0. |
|  0. |  0. |  0. ||  1. |  0. |  0. ||  1. |  1. |  0. |
|=====+=====+=====||=====+=====+=====||=====+=====+=====|
|  0. | -1. | -1. ||  0. |  0. |  0. ||  0. |  0. |  0. |
|  0. |  0. |  0. ||  1. | -1. |  0. ||  0. |  1. |  1. |
| -1. |  0. |  0. ||  1. | -1. | -1. ||  0. | -1. |  0. |
|=====+=====+=====||=====+=====+=====||=====+=====+=====|
|* 0. |* 0. |* 1. ||  0. |  1. |  0. ||  1. |  0. |  0. |
|* 0. |* 1. |*-1. ||  0. |  0. | -1. ||  0. | -1. |  0. |
|*-1. |* 0. |* 0. ||  0. |  1. | -1. ||  0. |  0. |  1. |


state to eval, currenty is playerone turn=false

| -0. | -0. |  1. || -0. | -0. |  1. ||  1. |  1. | -1. |
| -1. | -0. | -0. || -0. | -1. | -0. || -1. | -0. | -0. |
| -0. | -0. | -0. || -1. | -0. | -0. || -1. | -1. | -0. |
|=====+=====+=====||=====+=====+=====||=====+=====+=====|
| -0. |  1. |  1. || -0. | -0. | -0. || -0. | -0. | -0. |
| -0. | -0. | -0. || -1. |  1. | -0. || -0. | -1. | -1. |
|  1. | -0. | -0. || -1. |  1. |  1. || -0. |  1. | -0. |
|=====+=====+=====||=====+=====+=====||=====+=====+=====|
|*-0. |*-0. |*-1. || -0. | -1. | -0. || -1. | -0. | -0. |
|*-0. |*-1. |* 1. || -0. | -0. |  1. || -0. |  1. | -0. |
|* 1. |*-0. |*-0. || -0. | -1. |  1. || -0. | -0. | -1. |


current State

|* 0. |* 0. |*-1. ||  0. |  0. | -1. || -1. | -1. |  1. |
|* 1. |* 0. |* 0. ||  0. |  1. |  0. ||  1. |  0. |  0. |
|* 0. |* 0. |* 0. ||  1. |  0. |  0. ||  1. |  1. |  0. |
|=====+=====+=====||=====+=====+=====||=====+=====+=====|
|  0. | -1. | -1. ||  0. |  0. |  0. ||  0. |  0. |  0. |
|  0. |  0. |  0. ||  1. | -1. |  0. ||  0. |  1. |  1. |
| -1. |  0. |  0. ||  1. | -1. | -1. ||  0. | -1. |  0. |
|=====+=====+=====||=====+=====+=====||=====+=====+=====|
| -1. |  0. |  1. ||  0. |  1. |  0. ||  1. |  0. |  0. |
|  0. |  1. | -1. ||  0. |  0. | -1. ||  0. | -1. |  0. |
| -1. |  0. |  0. ||  0. |  1. | -1. ||  0. |  0. |  1. |


state to eval, currenty is playerone turn=true

|* 0. |* 0. |*-1. ||  0. |  0. | -1. || -1. | -1. |  1. |
|* 1. |* 0. |* 0. ||  0. |  1. |  0. ||  1. |  0. |  0. |
|* 0. |* 0. |* 0. ||  1. |  0. |  0. ||  1. |  1. |  0. |
|=====+=====+=====||=====+=====+=====||=====+=====+=====|
|  0. | -1. | -1. ||  0. |  0. |  0. ||  0. |  0. |  0. |
|  0. |  0. |  0. ||  1. | -1. |  0. ||  0. |  1. |  1. |
| -1. |  0. |  0. ||  1. | -1. | -1. ||  0. | -1. |  0. |
|=====+=====+=====||=====+=====+=====||=====+=====+=====|
| -1. |  0. |  1. ||  0. |  1. |  0. ||  1. |  0. |  0. |
|  0. |  1. | -1. ||  0. |  0. | -1. ||  0. | -1. |  0. |
| -1. |  0. |  0. ||  0. |  1. | -1. ||  0. |  0. |  1. |


Determined best move using: 83138Iterations
current State

|  0. |  0. | -1. ||  0. |  0. | -1. || -1. | -1. |  1. |
|  1. |  0. |  1. ||  0. |  1. |  0. ||  1. |  0. |  0. |
|  0. |  0. |  0. ||  1. |  0. |  0. ||  1. |  1. |  0. |
|=====+=====+=====||=====+=====+=====||=====+=====+=====|
|  0. | -1. | -1. ||  0. |  0. |  0. ||* 0. |* 0. |* 0. |
|  0. |  0. |  0. ||  1. | -1. |  0. ||* 0. |* 1. |* 1. |
| -1. |  0. |  0. ||  1. | -1. | -1. ||* 0. |*-1. |* 0. |
|=====+=====+=====||=====+=====+=====||=====+=====+=====|
| -1. |  0. |  1. ||  0. |  1. |  0. ||  1. |  0. |  0. |
|  0. |  1. | -1. ||  0. |  0. | -1. ||  0. | -1. |  0. |
| -1. |  0. |  0. ||  0. |  1. | -1. ||  0. |  0. |  1. |


state to eval, currenty is playerone turn=false

| -0. | -0. |  1. || -0. | -0. |  1. ||  1. |  1. | -1. |
| -1. | -0. | -1. || -0. | -1. | -0. || -1. | -0. | -0. |
| -0. | -0. | -0. || -1. | -0. | -0. || -1. | -1. | -0. |
|=====+=====+=====||=====+=====+=====||=====+=====+=====|
| -0. |  1. |  1. || -0. | -0. | -0. ||*-0. |*-0. |*-0. |
| -0. | -0. | -0. || -1. |  1. | -0. ||*-0. |*-1. |*-1. |
|  1. | -0. | -0. || -1. |  1. |  1. ||*-0. |* 1. |*-0. |
|=====+=====+=====||=====+=====+=====||=====+=====+=====|
|  1. | -0. | -1. || -0. | -1. | -0. || -1. | -0. | -0. |
| -0. | -1. |  1. || -0. | -0. |  1. || -0. |  1. | -0. |
|  1. | -0. | -0. || -0. | -1. |  1. || -0. | -0. | -1. |


Determined best move using: 82317Iterations
current State

|  0. |  0. | -1. ||  0. |  0. | -1. || -1. | -1. |  1. |
|  1. |  0. |  1. ||  0. |  1. |  0. ||  1. |  0. |  0. |
|  0. |  0. |  0. ||  1. |  0. |  0. ||  1. |  1. |  0. |
|=====+=====+=====||=====+=====+=====||=====+=====+=====|
|  0. | -1. | -1. ||  0. |  0. |  0. ||  0. |  0. |  0. |
|  0. |  0. |  0. ||  1. | -1. |  0. ||  0. |  1. |  1. |
| -1. |  0. |  0. ||  1. | -1. | -1. ||  0. | -1. | -1. |
|=====+=====+=====||=====+=====+=====||=====+=====+=====|
| -1. |  0. |  1. ||  0. |  1. |  0. ||* 1. |* 0. |* 0. |
|  0. |  1. | -1. ||  0. |  0. | -1. ||* 0. |*-1. |* 0. |
| -1. |  0. |  0. ||  0. |  1. | -1. ||* 0. |* 0. |* 1. |


state to eval, currenty is playerone turn=true

|  0. |  0. | -1. ||  0. |  0. | -1. || -1. | -1. |  1. |
|  1. |  0. |  1. ||  0. |  1. |  0. ||  1. |  0. |  0. |
|  0. |  0. |  0. ||  1. |  0. |  0. ||  1. |  1. |  0. |
|=====+=====+=====||=====+=====+=====||=====+=====+=====|
|  0. | -1. | -1. ||  0. |  0. |  0. ||  0. |  0. |  0. |
|  0. |  0. |  0. ||  1. | -1. |  0. ||  0. |  1. |  1. |
| -1. |  0. |  0. ||  1. | -1. | -1. ||  0. | -1. | -1. |
|=====+=====+=====||=====+=====+=====||=====+=====+=====|
| -1. |  0. |  1. ||  0. |  1. |  0. ||* 1. |* 0. |* 0. |
|  0. |  1. | -1. ||  0. |  0. | -1. ||* 0. |*-1. |* 0. |
| -1. |  0. |  0. ||  0. |  1. | -1. ||* 0. |* 0. |* 1. |


Determined best move using: 86629Iterations
current State

|  0. |  0. | -1. ||  0. |  0. | -1. || -1. | -1. |  1. |
|  1. |  0. |  1. ||  0. |  1. |  0. ||  1. |  0. |  0. |
|  0. |  0. |  0. ||  1. |  0. |  0. ||  1. |  1. |  0. |
|=====+=====+=====||=====+=====+=====||=====+=====+=====|
|  0. | -1. | -1. ||  0. |  0. |  0. ||* 0. |* 0. |* 0. |
|  0. |  0. |  0. ||  1. | -1. |  0. ||* 0. |* 1. |* 1. |
| -1. |  0. |  0. ||  1. | -1. | -1. ||* 0. |*-1. |*-1. |
|=====+=====+=====||=====+=====+=====||=====+=====+=====|
| -1. |  0. |  1. ||  0. |  1. |  0. ||  1. |  0. |  0. |
|  0. |  1. | -1. ||  0. |  0. | -1. ||  0. | -1. |  1. |
| -1. |  0. |  0. ||  0. |  1. | -1. ||  0. |  0. |  1. |


state to eval, currenty is playerone turn=false

| -0. | -0. |  1. || -0. | -0. |  1. ||  1. |  1. | -1. |
| -1. | -0. | -1. || -0. | -1. | -0. || -1. | -0. | -0. |
| -0. | -0. | -0. || -1. | -0. | -0. || -1. | -1. | -0. |
|=====+=====+=====||=====+=====+=====||=====+=====+=====|
| -0. |  1. |  1. || -0. | -0. | -0. ||*-0. |*-0. |*-0. |
| -0. | -0. | -0. || -1. |  1. | -0. ||*-0. |*-1. |*-1. |
|  1. | -0. | -0. || -1. |  1. |  1. ||*-0. |* 1. |* 1. |
|=====+=====+=====||=====+=====+=====||=====+=====+=====|
|  1. | -0. | -1. || -0. | -1. | -0. || -1. | -0. | -0. |
| -0. | -1. |  1. || -0. | -0. |  1. || -0. |  1. | -1. |
|  1. | -0. | -0. || -0. | -1. |  1. || -0. | -0. | -1. |


Determined best move using: 87500Iterations
current State

|  0. |  0. | -1. ||* 0. |* 0. |*-1. || -1. | -1. |  1. |
|  1. |  0. |  1. ||* 0. |* 1. |* 0. ||  1. |  0. |  0. |
|  0. |  0. |  0. ||* 1. |* 0. |* 0. ||  1. |  1. |  0. |
|=====+=====+=====||=====+=====+=====||=====+=====+=====|
|  0. | -1. | -1. ||  0. |  0. |  0. ||  0. | -1. |  0. |
|  0. |  0. |  0. ||  1. | -1. |  0. ||  0. |  1. |  1. |
| -1. |  0. |  0. ||  1. | -1. | -1. ||  0. | -1. | -1. |
|=====+=====+=====||=====+=====+=====||=====+=====+=====|
| -1. |  0. |  1. ||  0. |  1. |  0. ||  1. |  0. |  0. |
|  0. |  1. | -1. ||  0. |  0. | -1. ||  0. | -1. |  1. |
| -1. |  0. |  0. ||  0. |  1. | -1. ||  0. |  0. |  1. |


state to eval, currenty is playerone turn=true

|  0. |  0. | -1. ||* 0. |* 0. |*-1. || -1. | -1. |  1. |
|  1. |  0. |  1. ||* 0. |* 1. |* 0. ||  1. |  0. |  0. |
|  0. |  0. |  0. ||* 1. |* 0. |* 0. ||  1. |  1. |  0. |
|=====+=====+=====||=====+=====+=====||=====+=====+=====|
|  0. | -1. | -1. ||  0. |  0. |  0. ||  0. | -1. |  0. |
|  0. |  0. |  0. ||  1. | -1. |  0. ||  0. |  1. |  1. |
| -1. |  0. |  0. ||  1. | -1. | -1. ||  0. | -1. | -1. |
|=====+=====+=====||=====+=====+=====||=====+=====+=====|
| -1. |  0. |  1. ||  0. |  1. |  0. ||  1. |  0. |  0. |
|  0. |  1. | -1. ||  0. |  0. | -1. ||  0. | -1. |  1. |
| -1. |  0. |  0. ||  0. |  1. | -1. ||  0. |  0. |  1. |


Determined best move using: 92486Iterations
current State

|  0. |  0. | -1. ||  0. |  0. | -1. || -1. | -1. |  1. |
|  1. |  0. |  1. ||  0. |  1. |  1. ||  1. |  0. |  0. |
|  0. |  0. |  0. ||  1. |  0. |  0. ||  1. |  1. |  0. |
|=====+=====+=====||=====+=====+=====||=====+=====+=====|
|  0. | -1. | -1. ||  0. |  0. |  0. ||* 0. |*-1. |* 0. |
|  0. |  0. |  0. ||  1. | -1. |  0. ||* 0. |* 1. |* 1. |
| -1. |  0. |  0. ||  1. | -1. | -1. ||* 0. |*-1. |*-1. |
|=====+=====+=====||=====+=====+=====||=====+=====+=====|
| -1. |  0. |  1. ||  0. |  1. |  0. ||  1. |  0. |  0. |
|  0. |  1. | -1. ||  0. |  0. | -1. ||  0. | -1. |  1. |
| -1. |  0. |  0. ||  0. |  1. | -1. ||  0. |  0. |  1. |


state to eval, currenty is playerone turn=false

| -0. | -0. |  1. || -0. | -0. |  1. ||  1. |  1. | -1. |
| -1. | -0. | -1. || -0. | -1. | -1. || -1. | -0. | -0. |
| -0. | -0. | -0. || -1. | -0. | -0. || -1. | -1. | -0. |
|=====+=====+=====||=====+=====+=====||=====+=====+=====|
| -0. |  1. |  1. || -0. | -0. | -0. ||*-0. |* 1. |*-0. |
| -0. | -0. | -0. || -1. |  1. | -0. ||*-0. |*-1. |*-1. |
|  1. | -0. | -0. || -1. |  1. |  1. ||*-0. |* 1. |* 1. |
|=====+=====+=====||=====+=====+=====||=====+=====+=====|
|  1. | -0. | -1. || -0. | -1. | -0. || -1. | -0. | -0. |
| -0. | -1. |  1. || -0. | -0. |  1. || -0. |  1. | -1. |
|  1. | -0. | -0. || -0. | -1. |  1. || -0. | -0. | -1. |


Determined best move using: 96449Iterations
current State

|  0. |  0. | -1. ||  0. |  0. | -1. || -1. | -1. |  1. |
|  1. |  0. |  1. ||  0. |  1. |  1. ||  1. |  0. |  0. |
|  0. |  0. |  0. ||  1. |  0. |  0. ||  1. |  1. |  0. |
|=====+=====+=====||=====+=====+=====||=====+=====+=====|
|  0. | -1. | -1. ||  0. |  0. |  0. ||  0. | -1. |  0. |
|  0. |  0. |  0. ||  1. | -1. |  0. ||  0. |  1. |  1. |
| -1. |  0. |  0. ||  1. | -1. | -1. || -1. | -1. | -1. |
|=====+=====+=====||=====+=====+=====||=====+=====+=====|
|*-1. |* 0. |* 1. ||  0. |  1. |  0. ||  1. |  0. |  0. |
|* 0. |* 1. |*-1. ||  0. |  0. | -1. ||  0. | -1. |  1. |
|*-1. |* 0. |* 0. ||  0. |  1. | -1. ||  0. |  0. |  1. |


state to eval, currenty is playerone turn=true

|  0. |  0. | -1. ||  0. |  0. | -1. || -1. | -1. |  1. |
|  1. |  0. |  1. ||  0. |  1. |  1. ||  1. |  0. |  0. |
|  0. |  0. |  0. ||  1. |  0. |  0. ||  1. |  1. |  0. |
|=====+=====+=====||=====+=====+=====||=====+=====+=====|
|  0. | -1. | -1. ||  0. |  0. |  0. ||  0. | -1. |  0. |
|  0. |  0. |  0. ||  1. | -1. |  0. ||  0. |  1. |  1. |
| -1. |  0. |  0. ||  1. | -1. | -1. || -1. | -1. | -1. |
|=====+=====+=====||=====+=====+=====||=====+=====+=====|
|*-1. |* 0. |* 1. ||  0. |  1. |  0. ||  1. |  0. |  0. |
|* 0. |* 1. |*-1. ||  0. |  0. | -1. ||  0. | -1. |  1. |
|*-1. |* 0. |* 0. ||  0. |  1. | -1. ||  0. |  0. |  1. |


Determined best move using: 101042Iterations
current State

|  0. |  0. | -1. ||* 0. |* 0. |*-1. || -1. | -1. |  1. |
|  1. |  0. |  1. ||* 0. |* 1. |* 1. ||  1. |  0. |  0. |
|  0. |  0. |  0. ||* 1. |* 0. |* 0. ||  1. |  1. |  0. |
|=====+=====+=====||=====+=====+=====||=====+=====+=====|
|  0. | -1. | -1. ||  0. |  0. |  0. ||  0. | -1. |  0. |
|  0. |  0. |  0. ||  1. | -1. |  0. ||  0. |  1. |  1. |
| -1. |  0. |  0. ||  1. | -1. | -1. || -1. | -1. | -1. |
|=====+=====+=====||=====+=====+=====||=====+=====+=====|
| -1. |  1. |  1. ||  0. |  1. |  0. ||  1. |  0. |  0. |
|  0. |  1. | -1. ||  0. |  0. | -1. ||  0. | -1. |  1. |
| -1. |  0. |  0. ||  0. |  1. | -1. ||  0. |  0. |  1. |


state to eval, currenty is playerone turn=false

| -0. | -0. |  1. ||*-0. |*-0. |* 1. ||  1. |  1. | -1. |
| -1. | -0. | -1. ||*-0. |*-1. |*-1. || -1. | -0. | -0. |
| -0. | -0. | -0. ||*-1. |*-0. |*-0. || -1. | -1. | -0. |
|=====+=====+=====||=====+=====+=====||=====+=====+=====|
| -0. |  1. |  1. || -0. | -0. | -0. || -0. |  1. | -0. |
| -0. | -0. | -0. || -1. |  1. | -0. || -0. | -1. | -1. |
|  1. | -0. | -0. || -1. |  1. |  1. ||  1. |  1. |  1. |
|=====+=====+=====||=====+=====+=====||=====+=====+=====|
|  1. | -1. | -1. || -0. | -1. | -0. || -1. | -0. | -0. |
| -0. | -1. |  1. || -0. | -0. |  1. || -0. |  1. | -1. |
|  1. | -0. | -0. || -0. | -1. |  1. || -0. | -0. | -1. |


Determined best move using: 102152Iterations
current State

|  0. |  0. | -1. ||* 0. |*-1. |*-1. || -1. | -1. |  1. |
|  1. |  0. |  1. ||* 0. |* 1. |* 1. ||  1. |  0. |  0. |
|  0. |  0. |  0. ||* 1. |* 0. |* 0. ||  1. |  1. |  0. |
|=====+=====+=====||=====+=====+=====||=====+=====+=====|
|  0. | -1. | -1. ||  0. |  0. |  0. ||  0. | -1. |  0. |
|  0. |  0. |  0. ||  1. | -1. |  0. ||  0. |  1. |  1. |
| -1. |  0. |  0. ||  1. | -1. | -1. || -1. | -1. | -1. |
|=====+=====+=====||=====+=====+=====||=====+=====+=====|
| -1. |  1. |  1. ||  0. |  1. |  0. ||  1. |  0. |  0. |
|  0. |  1. | -1. ||  0. |  0. | -1. ||  0. | -1. |  1. |
| -1. |  0. |  0. ||  0. |  1. | -1. ||  0. |  0. |  1. |


state to eval, currenty is playerone turn=true

|  0. |  0. | -1. ||* 0. |*-1. |*-1. || -1. | -1. |  1. |
|  1. |  0. |  1. ||* 0. |* 1. |* 1. ||  1. |  0. |  0. |
|  0. |  0. |  0. ||* 1. |* 0. |* 0. ||  1. |  1. |  0. |
|=====+=====+=====||=====+=====+=====||=====+=====+=====|
|  0. | -1. | -1. ||  0. |  0. |  0. ||  0. | -1. |  0. |
|  0. |  0. |  0. ||  1. | -1. |  0. ||  0. |  1. |  1. |
| -1. |  0. |  0. ||  1. | -1. | -1. || -1. | -1. | -1. |
|=====+=====+=====||=====+=====+=====||=====+=====+=====|
| -1. |  1. |  1. ||  0. |  1. |  0. ||  1. |  0. |  0. |
|  0. |  1. | -1. ||  0. |  0. | -1. ||  0. | -1. |  1. |
| -1. |  0. |  0. ||  0. |  1. | -1. ||  0. |  0. |  1. |


Determined best move using: 104364Iterations
current State

|  0. |  0. | -1. ||  0. | -1. | -1. || -1. | -1. |  1. |
|  1. |  0. |  1. ||  1. |  1. |  1. ||  1. |  0. |  0. |
|  0. |  0. |  0. ||  1. |  0. |  0. ||  1. |  1. |  0. |
|=====+=====+=====||=====+=====+=====||=====+=====+=====|
|* 0. |*-1. |*-1. ||  0. |  0. |  0. ||  0. | -1. |  0. |
|* 0. |* 0. |* 0. ||  1. | -1. |  0. ||  0. |  1. |  1. |
|*-1. |* 0. |* 0. ||  1. | -1. | -1. || -1. | -1. | -1. |
|=====+=====+=====||=====+=====+=====||=====+=====+=====|
| -1. |  1. |  1. ||  0. |  1. |  0. ||  1. |  0. |  0. |
|  0. |  1. | -1. ||  0. |  0. | -1. ||  0. | -1. |  1. |
| -1. |  0. |  0. ||  0. |  1. | -1. ||  0. |  0. |  1. |


state to eval, currenty is playerone turn=false

| -0. | -0. |  1. || -0. |  1. |  1. ||  1. |  1. | -1. |
| -1. | -0. | -1. || -1. | -1. | -1. || -1. | -0. | -0. |
| -0. | -0. | -0. || -1. | -0. | -0. || -1. | -1. | -0. |
|=====+=====+=====||=====+=====+=====||=====+=====+=====|
|*-0. |* 1. |* 1. || -0. | -0. | -0. || -0. |  1. | -0. |
|*-0. |*-0. |*-0. || -1. |  1. | -0. || -0. | -1. | -1. |
|* 1. |*-0. |*-0. || -1. |  1. |  1. ||  1. |  1. |  1. |
|=====+=====+=====||=====+=====+=====||=====+=====+=====|
|  1. | -1. | -1. || -0. | -1. | -0. || -1. | -0. | -0. |
| -0. | -1. |  1. || -0. | -0. |  1. || -0. |  1. | -1. |
|  1. | -0. | -0. || -0. | -1. |  1. || -0. | -0. | -1. |


Determined best move using: 108613Iterations
current State

|* 0. |* 0. |*-1. ||  0. | -1. | -1. || -1. | -1. |  1. |
|* 1. |* 0. |* 1. ||  1. |  1. |  1. ||  1. |  0. |  0. |
|* 0. |* 0. |* 0. ||  1. |  0. |  0. ||  1. |  1. |  0. |
|=====+=====+=====||=====+=====+=====||=====+=====+=====|
| -1. | -1. | -1. ||  0. |  0. |  0. ||  0. | -1. |  0. |
|  0. |  0. |  0. ||  1. | -1. |  0. ||  0. |  1. |  1. |
| -1. |  0. |  0. ||  1. | -1. | -1. || -1. | -1. | -1. |
|=====+=====+=====||=====+=====+=====||=====+=====+=====|
| -1. |  1. |  1. ||  0. |  1. |  0. ||  1. |  0. |  0. |
|  0. |  1. | -1. ||  0. |  0. | -1. ||  0. | -1. |  1. |
| -1. |  0. |  0. ||  0. |  1. | -1. ||  0. |  0. |  1. |


state to eval, currenty is playerone turn=true

|* 0. |* 0. |*-1. ||  0. | -1. | -1. || -1. | -1. |  1. |
|* 1. |* 0. |* 1. ||  1. |  1. |  1. ||  1. |  0. |  0. |
|* 0. |* 0. |* 0. ||  1. |  0. |  0. ||  1. |  1. |  0. |
|=====+=====+=====||=====+=====+=====||=====+=====+=====|
| -1. | -1. | -1. ||  0. |  0. |  0. ||  0. | -1. |  0. |
|  0. |  0. |  0. ||  1. | -1. |  0. ||  0. |  1. |  1. |
| -1. |  0. |  0. ||  1. | -1. | -1. || -1. | -1. | -1. |
|=====+=====+=====||=====+=====+=====||=====+=====+=====|
| -1. |  1. |  1. ||  0. |  1. |  0. ||  1. |  0. |  0. |
|  0. |  1. | -1. ||  0. |  0. | -1. ||  0. | -1. |  1. |
| -1. |  0. |  0. ||  0. |  1. | -1. ||  0. |  0. |  1. |


Determined best move using: 110403Iterations
current State

|  0. |  0. | -1. ||  0. | -1. | -1. || -1. | -1. |  1. |
|  1. |  1. |  1. ||  1. |  1. |  1. ||  1. |  0. |  0. |
|  0. |  0. |  0. ||  1. |  0. |  0. ||  1. |  1. |  0. |
|=====+=====+=====||=====+=====+=====||=====+=====+=====|
| -1. | -1. | -1. ||* 0. |* 0. |* 0. ||  0. | -1. |  0. |
|  0. |  0. |  0. ||* 1. |*-1. |* 0. ||  0. |  1. |  1. |
| -1. |  0. |  0. ||* 1. |*-1. |*-1. || -1. | -1. | -1. |
|=====+=====+=====||=====+=====+=====||=====+=====+=====|
| -1. |  1. |  1. ||  0. |  1. |  0. ||  1. |  0. |  0. |
|  0. |  1. | -1. ||  0. |  0. | -1. ||  0. | -1. |  1. |
| -1. |  0. |  0. ||  0. |  1. | -1. ||  0. |  0. |  1. |


state to eval, currenty is playerone turn=false

| -0. | -0. |  1. || -0. |  1. |  1. ||  1. |  1. | -1. |
| -1. | -1. | -1. || -1. | -1. | -1. || -1. | -0. | -0. |
| -0. | -0. | -0. || -1. | -0. | -0. || -1. | -1. | -0. |
|=====+=====+=====||=====+=====+=====||=====+=====+=====|
|  1. |  1. |  1. ||*-0. |*-0. |*-0. || -0. |  1. | -0. |
| -0. | -0. | -0. ||*-1. |* 1. |*-0. || -0. | -1. | -1. |
|  1. | -0. | -0. ||*-1. |* 1. |* 1. ||  1. |  1. |  1. |
|=====+=====+=====||=====+=====+=====||=====+=====+=====|
|  1. | -1. | -1. || -0. | -1. | -0. || -1. | -0. | -0. |
| -0. | -1. |  1. || -0. | -0. |  1. || -0. |  1. | -1. |
|  1. | -0. | -0. || -0. | -1. |  1. || -0. | -0. | -1. |


Determined best move using: 117650Iterations
current State

|  0. |  0. | -1. ||  0. | -1. | -1. ||*-1. |*-1. |* 1. |
|  1. |  1. |  1. ||  1. |  1. |  1. ||* 1. |* 0. |* 0. |
|  0. |  0. |  0. ||  1. |  0. |  0. ||* 1. |* 1. |* 0. |
|=====+=====+=====||=====+=====+=====||=====+=====+=====|
| -1. | -1. | -1. || -1. |  0. |  0. ||  0. | -1. |  0. |
|  0. |  0. |  0. ||  1. | -1. |  0. ||  0. |  1. |  1. |
| -1. |  0. |  0. ||  1. | -1. | -1. || -1. | -1. | -1. |
|=====+=====+=====||=====+=====+=====||=====+=====+=====|
|*-1. |* 1. |* 1. ||* 0. |* 1. |* 0. ||* 1. |* 0. |* 0. |
|* 0. |* 1. |*-1. ||* 0. |* 0. |*-1. ||* 0. |*-1. |* 1. |
|*-1. |* 0. |* 0. ||* 0. |* 1. |*-1. ||* 0. |* 0. |* 1. |


Game ended in: 46 moves
Actual data created in graphical format: 
[StateDatum{MCTSProbabilites=
|  .0102 |  .0176 |  .0121 ||  .0137 |  .008 |  .0108 ||  .0147 |  .0115 |  .012 |
|  .0104 |  .013 |  .013 ||  .0133 |  .009 |  .0092 ||  .0103 |  .0073 |  .0181 |
|  .007 |  .015 |  .0095 ||  .0181 |  .0136 |  .0111 ||  .0125 |  .0189 |  .0127 |
|========+========+========||========+========+========||========+========+========|
|  .0092 |  .0084 |  .0085 ||  .0071 |  .0087 |  .0081 ||  .0119 |  .0137 |  .0078 |
|  .0177 |  .0176 |  .0113 ||  .0108 |  .0121 |  .0089 ||  .0178 |  .0154 |  .0133 |
|  .0101 |  .0126 |  .0087 ||  .0098 |  .009 |  .0132 ||  .0142 |  .0171 |  .0108 |
|========+========+========||========+========+========||========+========+========|
|  .0119 |  .0167 |  .0105 ||  .0119 |  .0126 |  .0125 ||  .0166 |  .0084 |  .008 |
|  .0172 |  .0149 |  .0128 ||  .0172 |  .0141 |  .0066 ||  .0102 |  .0162 |  .0094 |
|  .0143 |  .0172 |  .0112 ||  .0127 |  .0102 |  .015 ||  .0134 |  .0168 |  .0152 |

, state=
|* 0. |* 0. |* 0. ||* 0. |* 0. |* 0. ||* 0. |* 0. |* 0. |
|* 0. |* 0. |* 0. ||* 0. |* 0. |* 0. ||* 0. |* 0. |* 0. |
|* 0. |* 0. |* 0. ||* 0. |* 0. |* 0. ||* 0. |* 0. |* 0. |
|=====+=====+=====||=====+=====+=====||=====+=====+=====|
|* 0. |* 0. |* 0. ||* 0. |* 0. |* 0. ||* 0. |* 0. |* 0. |
|* 0. |* 0. |* 0. ||* 0. |* 0. |* 0. ||* 0. |* 0. |* 0. |
|* 0. |* 0. |* 0. ||* 0. |* 0. |* 0. ||* 0. |* 0. |* 0. |
|=====+=====+=====||=====+=====+=====||=====+=====+=====|
|* 0. |* 0. |* 0. ||* 0. |* 0. |* 0. ||* 0. |* 0. |* 0. |
|* 0. |* 0. |* 0. ||* 0. |* 0. |* 0. ||* 0. |* 0. |* 0. |
|* 0. |* 0. |* 0. ||* 0. |* 0. |* 0. ||* 0. |* 0. |* 0. |

, evalForThisState=-1.0, isPlayerOneTurnOriginally=true}, StateDatum{MCTSProbabilites=
|  .0 |  .0 |  .0 ||  .0 |  .0 |  .0 ||  .0 |  .0 |  .0 |
|  .0 |  .0 |  .0 ||  .0 |  .0 |  .0 ||  .0 |  .0 |  .0 |
|  .0 |  .0 |  .0 ||  .0 |  .0 |  .0 ||  .0 |  .0 |  .0 |
|========+========+========||========+========+========||========+========+========|
|  .0 |  .0 |  .0 ||  .0 |  .0 |  .0 ||  .0 |  .0 |  .0 |
|  .0 |  .0 |  .0 ||  .0 |  .0 |  .0 ||  .0 |  .0 |  .0 |
|  .0 |  .0 |  .0 ||  .0 |  .0 |  .0 ||  .0 |  .0 |  .0 |
|========+========+========||========+========+========||========+========+========|
|  .0 |  .0 |  .0 ||  .0634 |  .0644 |  .0828 ||  .0 |  .0 |  .0 |
|  .0 |  .0 |  .0 ||  .095 |  .06 |  .0675 ||  .0 |  .0 |  .0 |
|  .0 |  .0 |  .0 ||  .063 |  .0567 |  .447 ||  .0 |  .0 |  .0 |

, state=
| -0. | -0. | -0. || -0. | -0. | -0. || -0. | -0. | -0. |
| -0. | -0. | -0. || -0. | -0. | -0. || -0. | -0. | -0. |
| -0. | -0. | -0. || -0. | -0. | -0. || -0. | -1. | -0. |
|=====+=====+=====||=====+=====+=====||=====+=====+=====|
| -0. | -0. | -0. || -0. | -0. | -0. || -0. | -0. | -0. |
| -0. | -0. | -0. || -0. | -0. | -0. || -0. | -0. | -0. |
| -0. | -0. | -0. || -0. | -0. | -0. || -0. | -0. | -0. |
|=====+=====+=====||=====+=====+=====||=====+=====+=====|
| -0. | -0. | -0. ||*-0. |*-0. |*-0. || -0. | -0. | -0. |
| -0. | -0. | -0. ||*-0. |*-0. |*-0. || -0. | -0. | -0. |
| -0. | -0. | -0. ||*-0. |*-0. |*-0. || -0. | -0. | -0. |

, evalForThisState=1.0, isPlayerOneTurnOriginally=false}, StateDatum{MCTSProbabilites=
|  .0 |  .0 |  .0 ||  .0 |  .0 |  .0 ||  .0 |  .0 |  .0 |
|  .0 |  .0 |  .0 ||  .0 |  .0 |  .0 ||  .0 |  .0 |  .0 |
|  .0 |  .0 |  .0 ||  .0 |  .0 |  .0 ||  .0 |  .0 |  .0 |
|========+========+========||========+========+========||========+========+========|
|  .0 |  .0 |  .0 ||  .0 |  .0 |  .0 ||  .0 |  .0 |  .0 |
|  .0 |  .0 |  .0 ||  .0 |  .0 |  .0 ||  .0 |  .0 |  .0 |
|  .0 |  .0 |  .0 ||  .0 |  .0 |  .0 ||  .0 |  .0 |  .0 |
|========+========+========||========+========+========||========+========+========|
|  .0 |  .0 |  .0 ||  .0 |  .0 |  .0 ||  .102 |  .1038 |  .0561 |
|  .0 |  .0 |  .0 ||  .0 |  .0 |  .0 ||  .104 |  .1154 |  .1199 |
|  .0 |  .0 |  .0 ||  .0 |  .0 |  .0 ||  .1453 |  .1081 |  .1454 |

, state=
|  0. |  0. |  0. ||  0. |  0. |  0. ||  0. |  0. |  0. |
|  0. |  0. |  0. ||  0. |  0. |  0. ||  0. |  0. |  0. |
|  0. |  0. |  0. ||  0. |  0. |  0. ||  0. |  1. |  0. |
|=====+=====+=====||=====+=====+=====||=====+=====+=====|
|  0. |  0. |  0. ||  0. |  0. |  0. ||  0. |  0. |  0. |
|  0. |  0. |  0. ||  0. |  0. |  0. ||  0. |  0. |  0. |
|  0. |  0. |  0. ||  0. |  0. |  0. ||  0. |  0. |  0. |
|=====+=====+=====||=====+=====+=====||=====+=====+=====|
|  0. |  0. |  0. ||  0. |  0. |  0. ||* 0. |* 0. |* 0. |
|  0. |  0. |  0. ||  0. |  0. |  0. ||* 0. |* 0. |* 0. |
|  0. |  0. |  0. ||  0. |  0. | -1. ||* 0. |* 0. |* 0. |

, evalForThisState=-1.0, isPlayerOneTurnOriginally=true}, StateDatum{MCTSProbabilites=
|  .0 |  .0 |  .0 ||  .0 |  .0 |  .0 ||  .0 |  .0 |  .0 |
|  .0 |  .0 |  .0 ||  .0 |  .0 |  .0 ||  .0 |  .0 |  .0 |
|  .0 |  .0 |  .0 ||  .0 |  .0 |  .0 ||  .0 |  .0 |  .0 |
|========+========+========||========+========+========||========+========+========|
|  .0 |  .0 |  .0 ||  .0 |  .0 |  .0 ||  .0 |  .0 |  .0 |
|  .0 |  .0 |  .0 ||  .0 |  .0 |  .0 ||  .0 |  .0 |  .0 |
|  .0 |  .0 |  .0 ||  .0 |  .0 |  .0 ||  .0 |  .0 |  .0 |
|========+========+========||========+========+========||========+========+========|
|  .0 |  .0 |  .0 ||  .0 |  .0 |  .0 ||  .1015 |  .0877 |  .0482 |
|  .0 |  .0 |  .0 ||  .0 |  .0 |  .0 ||  .0455 |  .4996 |  .0846 |
|  .0 |  .0 |  .0 ||  .0 |  .0 |  .0 ||  .0567 |  .0761 |  .0 |

, state=
| -0. | -0. | -0. || -0. | -0. | -0. || -0. | -0. | -0. |
| -0. | -0. | -0. || -0. | -0. | -0. || -0. | -0. | -0. |
| -0. | -0. | -0. || -0. | -0. | -0. || -0. | -1. | -0. |
|=====+=====+=====||=====+=====+=====||=====+=====+=====|
| -0. | -0. | -0. || -0. | -0. | -0. || -0. | -0. | -0. |
| -0. | -0. | -0. || -0. | -0. | -0. || -0. | -0. | -0. |
| -0. | -0. | -0. || -0. | -0. | -0. || -0. | -0. | -0. |
|=====+=====+=====||=====+=====+=====||=====+=====+=====|
| -0. | -0. | -0. || -0. | -0. | -0. ||*-0. |*-0. |*-0. |
| -0. | -0. | -0. || -0. | -0. | -0. ||*-0. |*-0. |*-0. |
| -0. | -0. | -0. || -0. | -0. |  1. ||*-0. |*-0. |*-1. |

, evalForThisState=1.0, isPlayerOneTurnOriginally=false}, StateDatum{MCTSProbabilites=
|  .0 |  .0 |  .0 ||  .0 |  .0 |  .0 ||  .0 |  .0 |  .0 |
|  .0 |  .0 |  .0 ||  .0 |  .0 |  .0 ||  .0 |  .0 |  .0 |
|  .0 |  .0 |  .0 ||  .0 |  .0 |  .0 ||  .0 |  .0 |  .0 |
|========+========+========||========+========+========||========+========+========|
|  .0 |  .0 |  .0 ||  .1078 |  .1047 |  .1171 ||  .0 |  .0 |  .0 |
|  .0 |  .0 |  .0 ||  .1278 |  .1079 |  .0963 ||  .0 |  .0 |  .0 |
|  .0 |  .0 |  .0 ||  .1469 |  .0788 |  .1127 ||  .0 |  .0 |  .0 |
|========+========+========||========+========+========||========+========+========|
|  .0 |  .0 |  .0 ||  .0 |  .0 |  .0 ||  .0 |  .0 |  .0 |
|  .0 |  .0 |  .0 ||  .0 |  .0 |  .0 ||  .0 |  .0 |  .0 |
|  .0 |  .0 |  .0 ||  .0 |  .0 |  .0 ||  .0 |  .0 |  .0 |

, state=
|  0. |  0. |  0. ||  0. |  0. |  0. ||  0. |  0. |  0. |
|  0. |  0. |  0. ||  0. |  0. |  0. ||  0. |  0. |  0. |
|  0. |  0. |  0. ||  0. |  0. |  0. ||  0. |  1. |  0. |
|=====+=====+=====||=====+=====+=====||=====+=====+=====|
|  0. |  0. |  0. ||* 0. |* 0. |* 0. ||  0. |  0. |  0. |
|  0. |  0. |  0. ||* 0. |* 0. |* 0. ||  0. |  0. |  0. |
|  0. |  0. |  0. ||* 0. |* 0. |* 0. ||  0. |  0. |  0. |
|=====+=====+=====||=====+=====+=====||=====+=====+=====|
|  0. |  0. |  0. ||  0. |  0. |  0. ||  0. |  0. |  0. |
|  0. |  0. |  0. ||  0. |  0. |  0. ||  0. | -1. |  0. |
|  0. |  0. |  0. ||  0. |  0. | -1. ||  0. |  0. |  1. |

, evalForThisState=-1.0, isPlayerOneTurnOriginally=true}, StateDatum{MCTSProbabilites=
|  .0 |  .0 |  .0 ||  .0 |  .0 |  .0 ||  .0 |  .0 |  .0 |
|  .0 |  .0 |  .0 ||  .0 |  .0 |  .0 ||  .0 |  .0 |  .0 |
|  .0 |  .0 |  .0 ||  .0 |  .0 |  .0 ||  .0 |  .0 |  .0 |
|========+========+========||========+========+========||========+========+========|
|  .0 |  .0 |  .0 ||  .0 |  .0 |  .0 ||  .0 |  .0 |  .0 |
|  .0 |  .0 |  .0 ||  .0 |  .0 |  .0 ||  .0 |  .0 |  .0 |
|  .0 |  .0 |  .0 ||  .0 |  .0 |  .0 ||  .0 |  .0 |  .0 |
|========+========+========||========+========+========||========+========+========|
|  .0977 |  .0342 |  .052 ||  .0 |  .0 |  .0 ||  .0 |  .0 |  .0 |
|  .0386 |  .0644 |  .0642 ||  .0 |  .0 |  .0 ||  .0 |  .0 |  .0 |
|  .5267 |  .0688 |  .0533 ||  .0 |  .0 |  .0 ||  .0 |  .0 |  .0 |

, state=
| -0. | -0. | -0. || -0. | -0. | -0. || -0. | -0. | -0. |
| -0. | -0. | -0. || -0. | -0. | -0. || -0. | -0. | -0. |
| -0. | -0. | -0. || -0. | -0. | -0. || -0. | -1. | -0. |
|=====+=====+=====||=====+=====+=====||=====+=====+=====|
| -0. | -0. | -0. || -0. | -0. | -0. || -0. | -0. | -0. |
| -0. | -0. | -0. || -0. | -0. | -0. || -0. | -0. | -0. |
| -0. | -0. | -0. || -1. | -0. | -0. || -0. | -0. | -0. |
|=====+=====+=====||=====+=====+=====||=====+=====+=====|
|*-0. |*-0. |*-0. || -0. | -0. | -0. || -0. | -0. | -0. |
|*-0. |*-0. |*-0. || -0. | -0. | -0. || -0. |  1. | -0. |
|*-0. |*-0. |*-0. || -0. | -0. |  1. || -0. | -0. | -1. |

, evalForThisState=1.0, isPlayerOneTurnOriginally=false}, StateDatum{MCTSProbabilites=
|  .0 |  .0 |  .0 ||  .0 |  .0 |  .0 ||  .0 |  .0 |  .0 |
|  .0 |  .0 |  .0 ||  .0 |  .0 |  .0 ||  .0 |  .0 |  .0 |
|  .0 |  .0 |  .0 ||  .0 |  .0 |  .0 ||  .0 |  .0 |  .0 |
|========+========+========||========+========+========||========+========+========|
|  .0 |  .0 |  .0 ||  .0 |  .0 |  .0 ||  .0 |  .0 |  .0 |
|  .0 |  .0 |  .0 ||  .0 |  .0 |  .0 ||  .0 |  .0 |  .0 |
|  .0 |  .0 |  .0 ||  .0 |  .0 |  .0 ||  .0 |  .0 |  .0 |
|========+========+========||========+========+========||========+========+========|
|  .124 |  .087 |  .1455 ||  .0 |  .0 |  .0 ||  .0 |  .0 |  .0 |
|  .1397 |  .1634 |  .107 ||  .0 |  .0 |  .0 ||  .0 |  .0 |  .0 |
|  .0 |  .0909 |  .1426 ||  .0 |  .0 |  .0 ||  .0 |  .0 |  .0 |

, state=
|  0. |  0. |  0. ||  0. |  0. |  0. ||  0. |  0. |  0. |
|  0. |  0. |  0. ||  0. |  0. |  0. ||  0. |  0. |  0. |
|  0. |  0. |  0. ||  0. |  0. |  0. ||  0. |  1. |  0. |
|=====+=====+=====||=====+=====+=====||=====+=====+=====|
|  0. |  0. |  0. ||  0. |  0. |  0. ||  0. |  0. |  0. |
|  0. |  0. |  0. ||  0. |  0. |  0. ||  0. |  0. |  0. |
|  0. |  0. |  0. ||  1. |  0. |  0. ||  0. |  0. |  0. |
|=====+=====+=====||=====+=====+=====||=====+=====+=====|
|* 0. |* 0. |* 0. ||  0. |  0. |  0. ||  0. |  0. |  0. |
|* 0. |* 0. |* 0. ||  0. |  0. |  0. ||  0. | -1. |  0. |
|*-1. |* 0. |* 0. ||  0. |  0. | -1. ||  0. |  0. |  1. |

, evalForThisState=-1.0, isPlayerOneTurnOriginally=true}, StateDatum{MCTSProbabilites=
|  .0 |  .0 |  .0 ||  .0 |  .0 |  .0 ||  .0 |  .0 |  .0 |
|  .0 |  .0 |  .0 ||  .0 |  .0 |  .0 ||  .0 |  .0 |  .0 |
|  .0 |  .0 |  .0 ||  .0 |  .0 |  .0 ||  .0 |  .0 |  .0 |
|========+========+========||========+========+========||========+========+========|
|  .0 |  .0 |  .0 ||  .0481 |  .0474 |  .044 ||  .0 |  .0 |  .0 |
|  .0 |  .0 |  .0 ||  .1362 |  .5788 |  .0604 ||  .0 |  .0 |  .0 |
|  .0 |  .0 |  .0 ||  .0 |  .0473 |  .0377 ||  .0 |  .0 |  .0 |
|========+========+========||========+========+========||========+========+========|
|  .0 |  .0 |  .0 ||  .0 |  .0 |  .0 ||  .0 |  .0 |  .0 |
|  .0 |  .0 |  .0 ||  .0 |  .0 |  .0 ||  .0 |  .0 |  .0 |
|  .0 |  .0 |  .0 ||  .0 |  .0 |  .0 ||  .0 |  .0 |  .0 |

, state=
| -0. | -0. | -0. || -0. | -0. | -0. || -0. | -0. | -0. |
| -0. | -0. | -0. || -0. | -0. | -0. || -0. | -0. | -0. |
| -0. | -0. | -0. || -0. | -0. | -0. || -0. | -1. | -0. |
|=====+=====+=====||=====+=====+=====||=====+=====+=====|
| -0. | -0. | -0. ||*-0. |*-0. |*-0. || -0. | -0. | -0. |
| -0. | -0. | -0. ||*-0. |*-0. |*-0. || -0. | -0. | -0. |
| -0. | -0. | -0. ||*-1. |*-0. |*-0. || -0. | -0. | -0. |
|=====+=====+=====||=====+=====+=====||=====+=====+=====|
| -0. | -0. | -0. || -0. | -0. | -0. || -0. | -0. | -0. |
| -0. | -1. | -0. || -0. | -0. | -0. || -0. |  1. | -0. |
|  1. | -0. | -0. || -0. | -0. |  1. || -0. | -0. | -1. |

, evalForThisState=1.0, isPlayerOneTurnOriginally=false}, StateDatum{MCTSProbabilites=
|  .0 |  .0 |  .0 ||  .0 |  .0 |  .0 ||  .0 |  .0 |  .0 |
|  .0 |  .0 |  .0 ||  .0 |  .0 |  .0 ||  .0 |  .0 |  .0 |
|  .0 |  .0 |  .0 ||  .0 |  .0 |  .0 ||  .0 |  .0 |  .0 |
|========+========+========||========+========+========||========+========+========|
|  .0 |  .0 |  .0 ||  .1248 |  .1176 |  .1721 ||  .0 |  .0 |  .0 |
|  .0 |  .0 |  .0 ||  .1867 |  .0 |  .1469 ||  .0 |  .0 |  .0 |
|  .0 |  .0 |  .0 ||  .0 |  .1028 |  .1492 ||  .0 |  .0 |  .0 |
|========+========+========||========+========+========||========+========+========|
|  .0 |  .0 |  .0 ||  .0 |  .0 |  .0 ||  .0 |  .0 |  .0 |
|  .0 |  .0 |  .0 ||  .0 |  .0 |  .0 ||  .0 |  .0 |  .0 |
|  .0 |  .0 |  .0 ||  .0 |  .0 |  .0 ||  .0 |  .0 |  .0 |

, state=
|  0. |  0. |  0. ||  0. |  0. |  0. ||  0. |  0. |  0. |
|  0. |  0. |  0. ||  0. |  0. |  0. ||  0. |  0. |  0. |
|  0. |  0. |  0. ||  0. |  0. |  0. ||  0. |  1. |  0. |
|=====+=====+=====||=====+=====+=====||=====+=====+=====|
|  0. |  0. |  0. ||* 0. |* 0. |* 0. ||  0. |  0. |  0. |
|  0. |  0. |  0. ||* 0. |*-1. |* 0. ||  0. |  0. |  0. |
|  0. |  0. |  0. ||* 1. |* 0. |* 0. ||  0. |  0. |  0. |
|=====+=====+=====||=====+=====+=====||=====+=====+=====|
|  0. |  0. |  0. ||  0. |  0. |  0. ||  0. |  0. |  0. |
|  0. |  1. |  0. ||  0. |  0. |  0. ||  0. | -1. |  0. |
| -1. |  0. |  0. ||  0. |  0. | -1. ||  0. |  0. |  1. |

, evalForThisState=-1.0, isPlayerOneTurnOriginally=true}, StateDatum{MCTSProbabilites=
|  .0 |  .0 |  .0 ||  .0 |  .0 |  .0 ||  .0 |  .0 |  .0 |
|  .0 |  .0 |  .0 ||  .0 |  .0 |  .0 ||  .0 |  .0 |  .0 |
|  .0 |  .0 |  .0 ||  .0 |  .0 |  .0 ||  .0 |  .0 |  .0 |
|========+========+========||========+========+========||========+========+========|
|  .0507 |  .0455 |  .0267 ||  .0 |  .0 |  .0 ||  .0 |  .0 |  .0 |
|  .2928 |  .0722 |  .0406 ||  .0 |  .0 |  .0 ||  .0 |  .0 |  .0 |
|  .4061 |  .0298 |  .0356 ||  .0 |  .0 |  .0 ||  .0 |  .0 |  .0 |
|========+========+========||========+========+========||========+========+========|
|  .0 |  .0 |  .0 ||  .0 |  .0 |  .0 ||  .0 |  .0 |  .0 |
|  .0 |  .0 |  .0 ||  .0 |  .0 |  .0 ||  .0 |  .0 |  .0 |
|  .0 |  .0 |  .0 ||  .0 |  .0 |  .0 ||  .0 |  .0 |  .0 |

, state=
| -0. | -0. | -0. || -0. | -0. | -0. || -0. | -0. | -0. |
| -0. | -0. | -0. || -0. | -0. | -0. || -0. | -0. | -0. |
| -0. | -0. | -0. || -0. | -0. | -0. || -0. | -1. | -0. |
|=====+=====+=====||=====+=====+=====||=====+=====+=====|
|*-0. |*-0. |*-0. || -0. | -0. | -0. || -0. | -0. | -0. |
|*-0. |*-0. |*-0. || -1. |  1. | -0. || -0. | -0. | -0. |
|*-0. |*-0. |*-0. || -1. | -0. | -0. || -0. | -0. | -0. |
|=====+=====+=====||=====+=====+=====||=====+=====+=====|
| -0. | -0. | -0. || -0. | -0. | -0. || -0. | -0. | -0. |
| -0. | -1. | -0. || -0. | -0. | -0. || -0. |  1. | -0. |
|  1. | -0. | -0. || -0. | -0. |  1. || -0. | -0. | -1. |

, evalForThisState=1.0, isPlayerOneTurnOriginally=false}, StateDatum{MCTSProbabilites=
|  .0 |  .0 |  .0 ||  .0 |  .0 |  .0 ||  .0 |  .0 |  .0 |
|  .0 |  .0 |  .0 ||  .0 |  .0 |  .0 ||  .0 |  .0 |  .0 |
|  .0 |  .0 |  .0 ||  .0 |  .0 |  .0 ||  .0 |  .0 |  .0 |
|========+========+========||========+========+========||========+========+========|
|  .0 |  .0 |  .0 ||  .0 |  .0 |  .0 ||  .0 |  .0 |  .0 |
|  .0 |  .0 |  .0 ||  .0 |  .0 |  .0 ||  .0 |  .0 |  .0 |
|  .0 |  .0 |  .0 ||  .0 |  .0 |  .0 ||  .0 |  .0 |  .0 |
|========+========+========||========+========+========||========+========+========|
|  .1196 |  .1666 |  .1869 ||  .0 |  .0 |  .0 ||  .0 |  .0 |  .0 |
|  .125 |  .0 |  .1375 ||  .0 |  .0 |  .0 ||  .0 |  .0 |  .0 |
|  .0 |  .1295 |  .1348 ||  .0 |  .0 |  .0 ||  .0 |  .0 |  .0 |

, state=
|  0. |  0. |  0. ||  0. |  0. |  0. ||  0. |  0. |  0. |
|  0. |  0. |  0. ||  0. |  0. |  0. ||  0. |  0. |  0. |
|  0. |  0. |  0. ||  0. |  0. |  0. ||  0. |  1. |  0. |
|=====+=====+=====||=====+=====+=====||=====+=====+=====|
|  0. |  0. |  0. ||  0. |  0. |  0. ||  0. |  0. |  0. |
|  0. |  0. |  0. ||  1. | -1. |  0. ||  0. |  0. |  0. |
| -1. |  0. |  0. ||  1. |  0. |  0. ||  0. |  0. |  0. |
|=====+=====+=====||=====+=====+=====||=====+=====+=====|
|* 0. |* 0. |* 0. ||  0. |  0. |  0. ||  0. |  0. |  0. |
|* 0. |* 1. |* 0. ||  0. |  0. |  0. ||  0. | -1. |  0. |
|*-1. |* 0. |* 0. ||  0. |  0. | -1. ||  0. |  0. |  1. |

, evalForThisState=-1.0, isPlayerOneTurnOriginally=true}, StateDatum{MCTSProbabilites=
|  .0 |  .0 |  .0 ||  .0 |  .0 |  .0 ||  .3166 |  .0356 |  .2393 |
|  .0 |  .0 |  .0 ||  .0 |  .0 |  .0 ||  .0336 |  .2448 |  .0318 |
|  .0 |  .0 |  .0 ||  .0 |  .0 |  .0 ||  .0627 |  .0 |  .0355 |
|========+========+========||========+========+========||========+========+========|
|  .0 |  .0 |  .0 ||  .0 |  .0 |  .0 ||  .0 |  .0 |  .0 |
|  .0 |  .0 |  .0 ||  .0 |  .0 |  .0 ||  .0 |  .0 |  .0 |
|  .0 |  .0 |  .0 ||  .0 |  .0 |  .0 ||  .0 |  .0 |  .0 |
|========+========+========||========+========+========||========+========+========|
|  .0 |  .0 |  .0 ||  .0 |  .0 |  .0 ||  .0 |  .0 |  .0 |
|  .0 |  .0 |  .0 ||  .0 |  .0 |  .0 ||  .0 |  .0 |  .0 |
|  .0 |  .0 |  .0 ||  .0 |  .0 |  .0 ||  .0 |  .0 |  .0 |

, state=
| -0. | -0. | -0. || -0. | -0. | -0. ||*-0. |*-0. |*-0. |
| -0. | -0. | -0. || -0. | -0. | -0. ||*-0. |*-0. |*-0. |
| -0. | -0. | -0. || -0. | -0. | -0. ||*-0. |*-1. |*-0. |
|=====+=====+=====||=====+=====+=====||=====+=====+=====|
| -0. | -0. | -0. || -0. | -0. | -0. || -0. | -0. | -0. |
| -0. | -0. | -0. || -1. |  1. | -0. || -0. | -0. | -0. |
|  1. | -0. | -0. || -1. | -0. | -0. || -0. | -0. | -0. |
|=====+=====+=====||=====+=====+=====||=====+=====+=====|
| -0. | -0. | -1. || -0. | -0. | -0. || -0. | -0. | -0. |
| -0. | -1. | -0. || -0. | -0. | -0. || -0. |  1. | -0. |
|  1. | -0. | -0. || -0. | -0. |  1. || -0. | -0. | -1. |

, evalForThisState=1.0, isPlayerOneTurnOriginally=false}, StateDatum{MCTSProbabilites=
|  .0953 |  .1281 |  .0521 ||  .0 |  .0 |  .0 ||  .0 |  .0 |  .0 |
|  .1781 |  .081 |  .1601 ||  .0 |  .0 |  .0 ||  .0 |  .0 |  .0 |
|  .057 |  .1173 |  .1311 ||  .0 |  .0 |  .0 ||  .0 |  .0 |  .0 |
|========+========+========||========+========+========||========+========+========|
|  .0 |  .0 |  .0 ||  .0 |  .0 |  .0 ||  .0 |  .0 |  .0 |
|  .0 |  .0 |  .0 ||  .0 |  .0 |  .0 ||  .0 |  .0 |  .0 |
|  .0 |  .0 |  .0 ||  .0 |  .0 |  .0 ||  .0 |  .0 |  .0 |
|========+========+========||========+========+========||========+========+========|
|  .0 |  .0 |  .0 ||  .0 |  .0 |  .0 ||  .0 |  .0 |  .0 |
|  .0 |  .0 |  .0 ||  .0 |  .0 |  .0 ||  .0 |  .0 |  .0 |
|  .0 |  .0 |  .0 ||  .0 |  .0 |  .0 ||  .0 |  .0 |  .0 |

, state=
|* 0. |* 0. |* 0. ||  0. |  0. |  0. || -1. |  0. |  0. |
|* 0. |* 0. |* 0. ||  0. |  0. |  0. ||  0. |  0. |  0. |
|* 0. |* 0. |* 0. ||  0. |  0. |  0. ||  0. |  1. |  0. |
|=====+=====+=====||=====+=====+=====||=====+=====+=====|
|  0. |  0. |  0. ||  0. |  0. |  0. ||  0. |  0. |  0. |
|  0. |  0. |  0. ||  1. | -1. |  0. ||  0. |  0. |  0. |
| -1. |  0. |  0. ||  1. |  0. |  0. ||  0. |  0. |  0. |
|=====+=====+=====||=====+=====+=====||=====+=====+=====|
|  0. |  0. |  1. ||  0. |  0. |  0. ||  0. |  0. |  0. |
|  0. |  1. |  0. ||  0. |  0. |  0. ||  0. | -1. |  0. |
| -1. |  0. |  0. ||  0. |  0. | -1. ||  0. |  0. |  1. |

, evalForThisState=-1.0, isPlayerOneTurnOriginally=true}, StateDatum{MCTSProbabilites=
|  .0 |  .0 |  .0 ||  .0 |  .0 |  .0 ||  .0 |  .0 |  .0 |
|  .0 |  .0 |  .0 ||  .0 |  .0 |  .0 ||  .0 |  .0 |  .0 |
|  .0 |  .0 |  .0 ||  .0 |  .0 |  .0 ||  .0 |  .0 |  .0 |
|========+========+========||========+========+========||========+========+========|
|  .0366 |  .3504 |  .3657 ||  .0 |  .0 |  .0 ||  .0 |  .0 |  .0 |
|  .0847 |  .0267 |  .0339 ||  .0 |  .0 |  .0 ||  .0 |  .0 |  .0 |
|  .0 |  .0751 |  .0269 ||  .0 |  .0 |  .0 ||  .0 |  .0 |  .0 |
|========+========+========||========+========+========||========+========+========|
|  .0 |  .0 |  .0 ||  .0 |  .0 |  .0 ||  .0 |  .0 |  .0 |
|  .0 |  .0 |  .0 ||  .0 |  .0 |  .0 ||  .0 |  .0 |  .0 |
|  .0 |  .0 |  .0 ||  .0 |  .0 |  .0 ||  .0 |  .0 |  .0 |

, state=
| -0. | -0. | -0. || -0. | -0. | -0. ||  1. | -0. | -0. |
| -1. | -0. | -0. || -0. | -0. | -0. || -0. | -0. | -0. |
| -0. | -0. | -0. || -0. | -0. | -0. || -0. | -1. | -0. |
|=====+=====+=====||=====+=====+=====||=====+=====+=====|
|*-0. |*-0. |*-0. || -0. | -0. | -0. || -0. | -0. | -0. |
|*-0. |*-0. |*-0. || -1. |  1. | -0. || -0. | -0. | -0. |
|* 1. |*-0. |*-0. || -1. | -0. | -0. || -0. | -0. | -0. |
|=====+=====+=====||=====+=====+=====||=====+=====+=====|
| -0. | -0. | -1. || -0. | -0. | -0. || -0. | -0. | -0. |
| -0. | -1. | -0. || -0. | -0. | -0. || -0. |  1. | -0. |
|  1. | -0. | -0. || -0. | -0. |  1. || -0. | -0. | -1. |

, evalForThisState=1.0, isPlayerOneTurnOriginally=false}, StateDatum{MCTSProbabilites=
|  .0 |  .0 |  .0 ||  .0 |  .0 |  .0 ||  .0 |  .1487 |  .2545 |
|  .0 |  .0 |  .0 ||  .0 |  .0 |  .0 ||  .1589 |  .112 |  .1661 |
|  .0 |  .0 |  .0 ||  .0 |  .0 |  .0 ||  .0755 |  .0 |  .0842 |
|========+========+========||========+========+========||========+========+========|
|  .0 |  .0 |  .0 ||  .0 |  .0 |  .0 ||  .0 |  .0 |  .0 |
|  .0 |  .0 |  .0 ||  .0 |  .0 |  .0 ||  .0 |  .0 |  .0 |
|  .0 |  .0 |  .0 ||  .0 |  .0 |  .0 ||  .0 |  .0 |  .0 |
|========+========+========||========+========+========||========+========+========|
|  .0 |  .0 |  .0 ||  .0 |  .0 |  .0 ||  .0 |  .0 |  .0 |
|  .0 |  .0 |  .0 ||  .0 |  .0 |  .0 ||  .0 |  .0 |  .0 |
|  .0 |  .0 |  .0 ||  .0 |  .0 |  .0 ||  .0 |  .0 |  .0 |

, state=
|  0. |  0. |  0. ||  0. |  0. |  0. ||*-1. |* 0. |* 0. |
|  1. |  0. |  0. ||  0. |  0. |  0. ||* 0. |* 0. |* 0. |
|  0. |  0. |  0. ||  0. |  0. |  0. ||* 0. |* 1. |* 0. |
|=====+=====+=====||=====+=====+=====||=====+=====+=====|
|  0. |  0. | -1. ||  0. |  0. |  0. ||  0. |  0. |  0. |
|  0. |  0. |  0. ||  1. | -1. |  0. ||  0. |  0. |  0. |
| -1. |  0. |  0. ||  1. |  0. |  0. ||  0. |  0. |  0. |
|=====+=====+=====||=====+=====+=====||=====+=====+=====|
|  0. |  0. |  1. ||  0. |  0. |  0. ||  0. |  0. |  0. |
|  0. |  1. |  0. ||  0. |  0. |  0. ||  0. | -1. |  0. |
| -1. |  0. |  0. ||  0. |  0. | -1. ||  0. |  0. |  1. |

, evalForThisState=-1.0, isPlayerOneTurnOriginally=true}, StateDatum{MCTSProbabilites=
|  .0 |  .0 |  .0 ||  .0 |  .0 |  .0 ||  .0 |  .2979 |  .0 |
|  .0 |  .0 |  .0 ||  .0 |  .0 |  .0 ||  .1877 |  .0263 |  .0438 |
|  .0 |  .0 |  .0 ||  .0 |  .0 |  .0 ||  .2403 |  .0 |  .2039 |
|========+========+========||========+========+========||========+========+========|
|  .0 |  .0 |  .0 ||  .0 |  .0 |  .0 ||  .0 |  .0 |  .0 |
|  .0 |  .0 |  .0 ||  .0 |  .0 |  .0 ||  .0 |  .0 |  .0 |
|  .0 |  .0 |  .0 ||  .0 |  .0 |  .0 ||  .0 |  .0 |  .0 |
|========+========+========||========+========+========||========+========+========|
|  .0 |  .0 |  .0 ||  .0 |  .0 |  .0 ||  .0 |  .0 |  .0 |
|  .0 |  .0 |  .0 ||  .0 |  .0 |  .0 ||  .0 |  .0 |  .0 |
|  .0 |  .0 |  .0 ||  .0 |  .0 |  .0 ||  .0 |  .0 |  .0 |

, state=
| -0. | -0. | -0. || -0. | -0. | -0. ||* 1. |*-0. |*-1. |
| -1. | -0. | -0. || -0. | -0. | -0. ||*-0. |*-0. |*-0. |
| -0. | -0. | -0. || -0. | -0. | -0. ||*-0. |*-1. |*-0. |
|=====+=====+=====||=====+=====+=====||=====+=====+=====|
| -0. | -0. |  1. || -0. | -0. | -0. || -0. | -0. | -0. |
| -0. | -0. | -0. || -1. |  1. | -0. || -0. | -0. | -0. |
|  1. | -0. | -0. || -1. | -0. | -0. || -0. | -0. | -0. |
|=====+=====+=====||=====+=====+=====||=====+=====+=====|
| -0. | -0. | -1. || -0. | -0. | -0. || -0. | -0. | -0. |
| -0. | -1. | -0. || -0. | -0. | -0. || -0. |  1. | -0. |
|  1. | -0. | -0. || -0. | -0. |  1. || -0. | -0. | -1. |

, evalForThisState=1.0, isPlayerOneTurnOriginally=false}, StateDatum{MCTSProbabilites=
|  .0 |  .0 |  .0 ||  .0976 |  .0826 |  .1285 ||  .0 |  .0 |  .0 |
|  .0 |  .0 |  .0 ||  .0949 |  .1477 |  .1302 ||  .0 |  .0 |  .0 |
|  .0 |  .0 |  .0 ||  .1307 |  .1038 |  .084 ||  .0 |  .0 |  .0 |
|========+========+========||========+========+========||========+========+========|
|  .0 |  .0 |  .0 ||  .0 |  .0 |  .0 ||  .0 |  .0 |  .0 |
|  .0 |  .0 |  .0 ||  .0 |  .0 |  .0 ||  .0 |  .0 |  .0 |
|  .0 |  .0 |  .0 ||  .0 |  .0 |  .0 ||  .0 |  .0 |  .0 |
|========+========+========||========+========+========||========+========+========|
|  .0 |  .0 |  .0 ||  .0 |  .0 |  .0 ||  .0 |  .0 |  .0 |
|  .0 |  .0 |  .0 ||  .0 |  .0 |  .0 ||  .0 |  .0 |  .0 |
|  .0 |  .0 |  .0 ||  .0 |  .0 |  .0 ||  .0 |  .0 |  .0 |

, state=
|  0. |  0. |  0. ||* 0. |* 0. |* 0. || -1. | -1. |  1. |
|  1. |  0. |  0. ||* 0. |* 0. |* 0. ||  0. |  0. |  0. |
|  0. |  0. |  0. ||* 0. |* 0. |* 0. ||  0. |  1. |  0. |
|=====+=====+=====||=====+=====+=====||=====+=====+=====|
|  0. |  0. | -1. ||  0. |  0. |  0. ||  0. |  0. |  0. |
|  0. |  0. |  0. ||  1. | -1. |  0. ||  0. |  0. |  0. |
| -1. |  0. |  0. ||  1. |  0. |  0. ||  0. |  0. |  0. |
|=====+=====+=====||=====+=====+=====||=====+=====+=====|
|  0. |  0. |  1. ||  0. |  0. |  0. ||  0. |  0. |  0. |
|  0. |  1. |  0. ||  0. |  0. |  0. ||  0. | -1. |  0. |
| -1. |  0. |  0. ||  0. |  0. | -1. ||  0. |  0. |  1. |

, evalForThisState=-1.0, isPlayerOneTurnOriginally=true}, StateDatum{MCTSProbabilites=
|  .0 |  .0 |  .0 ||  .0 |  .0 |  .0 ||  .0 |  .0 |  .0 |
|  .0 |  .0 |  .0 ||  .0 |  .0 |  .0 ||  .0 |  .0 |  .0 |
|  .0 |  .0 |  .0 ||  .0 |  .0 |  .0 ||  .0 |  .0 |  .0 |
|========+========+========||========+========+========||========+========+========|
|  .0 |  .0 |  .0 ||  .1532 |  .0413 |  .1454 ||  .0 |  .0 |  .0 |
|  .0 |  .0 |  .0 ||  .0 |  .0 |  .225 ||  .0 |  .0 |  .0 |
|  .0 |  .0 |  .0 ||  .0 |  .2047 |  .2303 ||  .0 |  .0 |  .0 |
|========+========+========||========+========+========||========+========+========|
|  .0 |  .0 |  .0 ||  .0 |  .0 |  .0 ||  .0 |  .0 |  .0 |
|  .0 |  .0 |  .0 ||  .0 |  .0 |  .0 ||  .0 |  .0 |  .0 |
|  .0 |  .0 |  .0 ||  .0 |  .0 |  .0 ||  .0 |  .0 |  .0 |

, state=
| -0. | -0. | -0. || -0. | -0. | -0. ||  1. |  1. | -1. |
| -1. | -0. | -0. || -0. | -1. | -0. || -0. | -0. | -0. |
| -0. | -0. | -0. || -0. | -0. | -0. || -0. | -1. | -0. |
|=====+=====+=====||=====+=====+=====||=====+=====+=====|
| -0. | -0. |  1. ||*-0. |*-0. |*-0. || -0. | -0. | -0. |
| -0. | -0. | -0. ||*-1. |* 1. |*-0. || -0. | -0. | -0. |
|  1. | -0. | -0. ||*-1. |*-0. |*-0. || -0. | -0. | -0. |
|=====+=====+=====||=====+=====+=====||=====+=====+=====|
| -0. | -0. | -1. || -0. | -0. | -0. || -0. | -0. | -0. |
| -0. | -1. | -0. || -0. | -0. | -0. || -0. |  1. | -0. |
|  1. | -0. | -0. || -0. | -0. |  1. || -0. | -0. | -1. |

, evalForThisState=1.0, isPlayerOneTurnOriginally=false}, StateDatum{MCTSProbabilites=
|  .0 |  .0 |  .0 ||  .0 |  .0 |  .0 ||  .0 |  .0 |  .0 |
|  .0 |  .0 |  .0 ||  .0 |  .0 |  .0 ||  .0 |  .0 |  .0 |
|  .0 |  .0 |  .0 ||  .0 |  .0 |  .0 ||  .0 |  .0 |  .0 |
|========+========+========||========+========+========||========+========+========|
|  .0 |  .0 |  .0 ||  .0 |  .0 |  .0 ||  .0 |  .0 |  .0 |
|  .0 |  .0 |  .0 ||  .0 |  .0 |  .0 ||  .0 |  .0 |  .0 |
|  .0 |  .0 |  .0 ||  .0 |  .0 |  .0 ||  .0 |  .0 |  .0 |
|========+========+========||========+========+========||========+========+========|
|  .0 |  .0 |  .0 ||  .0 |  .0 |  .0 ||  .2469 |  .1773 |  .1436 |
|  .0 |  .0 |  .0 ||  .0 |  .0 |  .0 ||  .1593 |  .0 |  .0798 |
|  .0 |  .0 |  .0 ||  .0 |  .0 |  .0 ||  .1213 |  .0718 |  .0 |

, state=
|  0. |  0. |  0. ||  0. |  0. |  0. || -1. | -1. |  1. |
|  1. |  0. |  0. ||  0. |  1. |  0. ||  0. |  0. |  0. |
|  0. |  0. |  0. ||  0. |  0. |  0. ||  0. |  1. |  0. |
|=====+=====+=====||=====+=====+=====||=====+=====+=====|
|  0. |  0. | -1. ||  0. |  0. |  0. ||  0. |  0. |  0. |
|  0. |  0. |  0. ||  1. | -1. |  0. ||  0. |  0. |  0. |
| -1. |  0. |  0. ||  1. |  0. | -1. ||  0. |  0. |  0. |
|=====+=====+=====||=====+=====+=====||=====+=====+=====|
|  0. |  0. |  1. ||  0. |  0. |  0. ||* 0. |* 0. |* 0. |
|  0. |  1. |  0. ||  0. |  0. |  0. ||* 0. |*-1. |* 0. |
| -1. |  0. |  0. ||  0. |  0. | -1. ||* 0. |* 0. |* 1. |

, evalForThisState=-1.0, isPlayerOneTurnOriginally=true}, StateDatum{MCTSProbabilites=
|  .0992 |  .1542 |  .1891 ||  .0 |  .0 |  .0 ||  .0 |  .0 |  .0 |
|  .0 |  .0951 |  .1628 ||  .0 |  .0 |  .0 ||  .0 |  .0 |  .0 |
|  .0423 |  .168 |  .0892 ||  .0 |  .0 |  .0 ||  .0 |  .0 |  .0 |
|========+========+========||========+========+========||========+========+========|
|  .0 |  .0 |  .0 ||  .0 |  .0 |  .0 ||  .0 |  .0 |  .0 |
|  .0 |  .0 |  .0 ||  .0 |  .0 |  .0 ||  .0 |  .0 |  .0 |
|  .0 |  .0 |  .0 ||  .0 |  .0 |  .0 ||  .0 |  .0 |  .0 |
|========+========+========||========+========+========||========+========+========|
|  .0 |  .0 |  .0 ||  .0 |  .0 |  .0 ||  .0 |  .0 |  .0 |
|  .0 |  .0 |  .0 ||  .0 |  .0 |  .0 ||  .0 |  .0 |  .0 |
|  .0 |  .0 |  .0 ||  .0 |  .0 |  .0 ||  .0 |  .0 |  .0 |

, state=
|*-0. |*-0. |*-0. || -0. | -0. | -0. ||  1. |  1. | -1. |
|*-1. |*-0. |*-0. || -0. | -1. | -0. || -0. | -0. | -0. |
|*-0. |*-0. |*-0. || -0. | -0. | -0. || -0. | -1. | -0. |
|=====+=====+=====||=====+=====+=====||=====+=====+=====|
| -0. | -0. |  1. || -0. | -0. | -0. || -0. | -0. | -0. |
| -0. | -0. | -0. || -1. |  1. | -0. || -0. | -0. | -0. |
|  1. | -0. | -0. || -1. | -0. |  1. || -0. | -0. | -0. |
|=====+=====+=====||=====+=====+=====||=====+=====+=====|
| -0. | -0. | -1. || -0. | -0. | -0. || -1. | -0. | -0. |
| -0. | -1. | -0. || -0. | -0. | -0. || -0. |  1. | -0. |
|  1. | -0. | -0. || -0. | -0. |  1. || -0. | -0. | -1. |

, evalForThisState=1.0, isPlayerOneTurnOriginally=false}, StateDatum{MCTSProbabilites=
|  .0 |  .0 |  .0 ||  .0 |  .0 |  .0 ||  .0 |  .0 |  .0 |
|  .0 |  .0 |  .0 ||  .0 |  .0 |  .0 ||  .2729 |  .1425 |  .1727 |
|  .0 |  .0 |  .0 ||  .0 |  .0 |  .0 ||  .1769 |  .0 |  .235 |
|========+========+========||========+========+========||========+========+========|
|  .0 |  .0 |  .0 ||  .0 |  .0 |  .0 ||  .0 |  .0 |  .0 |
|  .0 |  .0 |  .0 ||  .0 |  .0 |  .0 ||  .0 |  .0 |  .0 |
|  .0 |  .0 |  .0 ||  .0 |  .0 |  .0 ||  .0 |  .0 |  .0 |
|========+========+========||========+========+========||========+========+========|
|  .0 |  .0 |  .0 ||  .0 |  .0 |  .0 ||  .0 |  .0 |  .0 |
|  .0 |  .0 |  .0 ||  .0 |  .0 |  .0 ||  .0 |  .0 |  .0 |
|  .0 |  .0 |  .0 ||  .0 |  .0 |  .0 ||  .0 |  .0 |  .0 |

, state=
|  0. |  0. | -1. ||  0. |  0. |  0. ||*-1. |*-1. |* 1. |
|  1. |  0. |  0. ||  0. |  1. |  0. ||* 0. |* 0. |* 0. |
|  0. |  0. |  0. ||  0. |  0. |  0. ||* 0. |* 1. |* 0. |
|=====+=====+=====||=====+=====+=====||=====+=====+=====|
|  0. |  0. | -1. ||  0. |  0. |  0. ||  0. |  0. |  0. |
|  0. |  0. |  0. ||  1. | -1. |  0. ||  0. |  0. |  0. |
| -1. |  0. |  0. ||  1. |  0. | -1. ||  0. |  0. |  0. |
|=====+=====+=====||=====+=====+=====||=====+=====+=====|
|  0. |  0. |  1. ||  0. |  0. |  0. ||  1. |  0. |  0. |
|  0. |  1. |  0. ||  0. |  0. |  0. ||  0. | -1. |  0. |
| -1. |  0. |  0. ||  0. |  0. | -1. ||  0. |  0. |  1. |

, evalForThisState=-1.0, isPlayerOneTurnOriginally=true}, StateDatum{MCTSProbabilites=
|  .0 |  .0 |  .0 ||  .0 |  .0 |  .0 ||  .0 |  .0 |  .0 |
|  .0 |  .0 |  .0 ||  .0 |  .0 |  .0 ||  .0 |  .0 |  .0 |
|  .0 |  .0 |  .0 ||  .0 |  .0 |  .0 ||  .0 |  .0 |  .0 |
|========+========+========||========+========+========||========+========+========|
|  .1747 |  .1873 |  .0 ||  .0 |  .0 |  .0 ||  .0 |  .0 |  .0 |
|  .1177 |  .1085 |  .0912 ||  .0 |  .0 |  .0 ||  .0 |  .0 |  .0 |
|  .0 |  .1348 |  .1857 ||  .0 |  .0 |  .0 ||  .0 |  .0 |  .0 |
|========+========+========||========+========+========||========+========+========|
|  .0 |  .0 |  .0 ||  .0 |  .0 |  .0 ||  .0 |  .0 |  .0 |
|  .0 |  .0 |  .0 ||  .0 |  .0 |  .0 ||  .0 |  .0 |  .0 |
|  .0 |  .0 |  .0 ||  .0 |  .0 |  .0 ||  .0 |  .0 |  .0 |

, state=
| -0. | -0. |  1. || -0. | -0. | -0. ||  1. |  1. | -1. |
| -1. | -0. | -0. || -0. | -1. | -0. || -1. | -0. | -0. |
| -0. | -0. | -0. || -0. | -0. | -0. || -0. | -1. | -0. |
|=====+=====+=====||=====+=====+=====||=====+=====+=====|
|*-0. |*-0. |* 1. || -0. | -0. | -0. || -0. | -0. | -0. |
|*-0. |*-0. |*-0. || -1. |  1. | -0. || -0. | -0. | -0. |
|* 1. |*-0. |*-0. || -1. | -0. |  1. || -0. | -0. | -0. |
|=====+=====+=====||=====+=====+=====||=====+=====+=====|
| -0. | -0. | -1. || -0. | -0. | -0. || -1. | -0. | -0. |
| -0. | -1. | -0. || -0. | -0. | -0. || -0. |  1. | -0. |
|  1. | -0. | -0. || -0. | -0. |  1. || -0. | -0. | -1. |

, evalForThisState=1.0, isPlayerOneTurnOriginally=false}, StateDatum{MCTSProbabilites=
|  .0 |  .0 |  .0 ||  .1181 |  .138 |  .0822 ||  .0 |  .0 |  .0 |
|  .0 |  .0 |  .0 ||  .127 |  .0 |  .1255 ||  .0 |  .0 |  .0 |
|  .0 |  .0 |  .0 ||  .1478 |  .1354 |  .126 ||  .0 |  .0 |  .0 |
|========+========+========||========+========+========||========+========+========|
|  .0 |  .0 |  .0 ||  .0 |  .0 |  .0 ||  .0 |  .0 |  .0 |
|  .0 |  .0 |  .0 ||  .0 |  .0 |  .0 ||  .0 |  .0 |  .0 |
|  .0 |  .0 |  .0 ||  .0 |  .0 |  .0 ||  .0 |  .0 |  .0 |
|========+========+========||========+========+========||========+========+========|
|  .0 |  .0 |  .0 ||  .0 |  .0 |  .0 ||  .0 |  .0 |  .0 |
|  .0 |  .0 |  .0 ||  .0 |  .0 |  .0 ||  .0 |  .0 |  .0 |
|  .0 |  .0 |  .0 ||  .0 |  .0 |  .0 ||  .0 |  .0 |  .0 |

, state=
|  0. |  0. | -1. ||* 0. |* 0. |* 0. || -1. | -1. |  1. |
|  1. |  0. |  0. ||* 0. |* 1. |* 0. ||  1. |  0. |  0. |
|  0. |  0. |  0. ||* 0. |* 0. |* 0. ||  0. |  1. |  0. |
|=====+=====+=====||=====+=====+=====||=====+=====+=====|
|  0. | -1. | -1. ||  0. |  0. |  0. ||  0. |  0. |  0. |
|  0. |  0. |  0. ||  1. | -1. |  0. ||  0. |  0. |  0. |
| -1. |  0. |  0. ||  1. |  0. | -1. ||  0. |  0. |  0. |
|=====+=====+=====||=====+=====+=====||=====+=====+=====|
|  0. |  0. |  1. ||  0. |  0. |  0. ||  1. |  0. |  0. |
|  0. |  1. |  0. ||  0. |  0. |  0. ||  0. | -1. |  0. |
| -1. |  0. |  0. ||  0. |  0. | -1. ||  0. |  0. |  1. |

, evalForThisState=-1.0, isPlayerOneTurnOriginally=true}, StateDatum{MCTSProbabilites=
|  .0 |  .0 |  .0 ||  .0 |  .0 |  .0 ||  .0 |  .0 |  .0 |
|  .0 |  .0 |  .0 ||  .0 |  .0 |  .0 ||  .0 |  .0 |  .0 |
|  .0 |  .0 |  .0 ||  .0 |  .0 |  .0 ||  .0 |  .0 |  .0 |
|========+========+========||========+========+========||========+========+========|
|  .0 |  .0 |  .0 ||  .0 |  .0 |  .0 ||  .0 |  .0 |  .0 |
|  .0 |  .0 |  .0 ||  .0 |  .0 |  .0 ||  .0 |  .0 |  .0 |
|  .0 |  .0 |  .0 ||  .0 |  .0 |  .0 ||  .0 |  .0 |  .0 |
|========+========+========||========+========+========||========+========+========|
|  .1597 |  .2166 |  .0 ||  .0 |  .0 |  .0 ||  .0 |  .0 |  .0 |
|  .135 |  .0 |  .2547 ||  .0 |  .0 |  .0 ||  .0 |  .0 |  .0 |
|  .0 |  .1485 |  .0855 ||  .0 |  .0 |  .0 ||  .0 |  .0 |  .0 |

, state=
| -0. | -0. |  1. || -0. | -0. | -0. ||  1. |  1. | -1. |
| -1. | -0. | -0. || -0. | -1. | -0. || -1. | -0. | -0. |
| -0. | -0. | -0. || -1. | -0. | -0. || -0. | -1. | -0. |
|=====+=====+=====||=====+=====+=====||=====+=====+=====|
| -0. |  1. |  1. || -0. | -0. | -0. || -0. | -0. | -0. |
| -0. | -0. | -0. || -1. |  1. | -0. || -0. | -0. | -0. |
|  1. | -0. | -0. || -1. | -0. |  1. || -0. | -0. | -0. |
|=====+=====+=====||=====+=====+=====||=====+=====+=====|
|*-0. |*-0. |*-1. || -0. | -0. | -0. || -1. | -0. | -0. |
|*-0. |*-1. |*-0. || -0. | -0. | -0. || -0. |  1. | -0. |
|* 1. |*-0. |*-0. || -0. | -0. |  1. || -0. | -0. | -1. |

, evalForThisState=1.0, isPlayerOneTurnOriginally=false}, StateDatum{MCTSProbabilites=
|  .0 |  .0 |  .0 ||  .0 |  .0 |  .0 ||  .0 |  .0 |  .0 |
|  .0 |  .0 |  .0 ||  .0 |  .0 |  .0 ||  .0 |  .0 |  .0 |
|  .0 |  .0 |  .0 ||  .0 |  .0 |  .0 ||  .0 |  .0 |  .0 |
|========+========+========||========+========+========||========+========+========|
|  .0 |  .0 |  .0 ||  .0 |  .0 |  .0 ||  .1016 |  .1218 |  .1166 |
|  .0 |  .0 |  .0 ||  .0 |  .0 |  .0 ||  .1004 |  .1454 |  .0832 |
|  .0 |  .0 |  .0 ||  .0 |  .0 |  .0 ||  .1311 |  .0589 |  .141 |
|========+========+========||========+========+========||========+========+========|
|  .0 |  .0 |  .0 ||  .0 |  .0 |  .0 ||  .0 |  .0 |  .0 |
|  .0 |  .0 |  .0 ||  .0 |  .0 |  .0 ||  .0 |  .0 |  .0 |
|  .0 |  .0 |  .0 ||  .0 |  .0 |  .0 ||  .0 |  .0 |  .0 |

, state=
|  0. |  0. | -1. ||  0. |  0. |  0. || -1. | -1. |  1. |
|  1. |  0. |  0. ||  0. |  1. |  0. ||  1. |  0. |  0. |
|  0. |  0. |  0. ||  1. |  0. |  0. ||  0. |  1. |  0. |
|=====+=====+=====||=====+=====+=====||=====+=====+=====|
|  0. | -1. | -1. ||  0. |  0. |  0. ||* 0. |* 0. |* 0. |
|  0. |  0. |  0. ||  1. | -1. |  0. ||* 0. |* 0. |* 0. |
| -1. |  0. |  0. ||  1. |  0. | -1. ||* 0. |* 0. |* 0. |
|=====+=====+=====||=====+=====+=====||=====+=====+=====|
|  0. |  0. |  1. ||  0. |  0. |  0. ||  1. |  0. |  0. |
|  0. |  1. | -1. ||  0. |  0. |  0. ||  0. | -1. |  0. |
| -1. |  0. |  0. ||  0. |  0. | -1. ||  0. |  0. |  1. |

, evalForThisState=-1.0, isPlayerOneTurnOriginally=true}, StateDatum{MCTSProbabilites=
|  .0 |  .0 |  .0 ||  .0 |  .0 |  .0 ||  .0 |  .0 |  .0 |
|  .0 |  .0 |  .0 ||  .0 |  .0 |  .0 ||  .0 |  .0 |  .0 |
|  .0 |  .0 |  .0 ||  .0 |  .0 |  .0 ||  .0 |  .0 |  .0 |
|========+========+========||========+========+========||========+========+========|
|  .0 |  .0 |  .0 ||  .126 |  .1849 |  .1663 ||  .0 |  .0 |  .0 |
|  .0 |  .0 |  .0 ||  .0 |  .0 |  .2488 ||  .0 |  .0 |  .0 |
|  .0 |  .0 |  .0 ||  .0 |  .274 |  .0 ||  .0 |  .0 |  .0 |
|========+========+========||========+========+========||========+========+========|
|  .0 |  .0 |  .0 ||  .0 |  .0 |  .0 ||  .0 |  .0 |  .0 |
|  .0 |  .0 |  .0 ||  .0 |  .0 |  .0 ||  .0 |  .0 |  .0 |
|  .0 |  .0 |  .0 ||  .0 |  .0 |  .0 ||  .0 |  .0 |  .0 |

, state=
| -0. | -0. |  1. || -0. | -0. | -0. ||  1. |  1. | -1. |
| -1. | -0. | -0. || -0. | -1. | -0. || -1. | -0. | -0. |
| -0. | -0. | -0. || -1. | -0. | -0. || -0. | -1. | -0. |
|=====+=====+=====||=====+=====+=====||=====+=====+=====|
| -0. |  1. |  1. ||*-0. |*-0. |*-0. || -0. | -0. | -0. |
| -0. | -0. | -0. ||*-1. |* 1. |*-0. || -0. | -1. | -0. |
|  1. | -0. | -0. ||*-1. |*-0. |* 1. || -0. | -0. | -0. |
|=====+=====+=====||=====+=====+=====||=====+=====+=====|
| -0. | -0. | -1. || -0. | -0. | -0. || -1. | -0. | -0. |
| -0. | -1. |  1. || -0. | -0. | -0. || -0. |  1. | -0. |
|  1. | -0. | -0. || -0. | -0. |  1. || -0. | -0. | -1. |

, evalForThisState=1.0, isPlayerOneTurnOriginally=false}, StateDatum{MCTSProbabilites=
|  .0 |  .0 |  .0 ||  .0 |  .0 |  .0 ||  .0 |  .0 |  .0 |
|  .0 |  .0 |  .0 ||  .0 |  .0 |  .0 ||  .0 |  .0 |  .0 |
|  .0 |  .0 |  .0 ||  .0 |  .0 |  .0 ||  .0 |  .0 |  .0 |
|========+========+========||========+========+========||========+========+========|
|  .0 |  .0 |  .0 ||  .0 |  .0 |  .0 ||  .0 |  .0 |  .0 |
|  .0 |  .0 |  .0 ||  .0 |  .0 |  .0 ||  .0 |  .0 |  .0 |
|  .0 |  .0 |  .0 ||  .0 |  .0 |  .0 ||  .0 |  .0 |  .0 |
|========+========+========||========+========+========||========+========+========|
|  .0 |  .0 |  .0 ||  .1053 |  .1272 |  .1099 ||  .0 |  .0 |  .0 |
|  .0 |  .0 |  .0 ||  .1484 |  .119 |  .1101 ||  .0 |  .0 |  .0 |
|  .0 |  .0 |  .0 ||  .1269 |  .1533 |  .0 ||  .0 |  .0 |  .0 |

, state=
|  0. |  0. | -1. ||  0. |  0. |  0. || -1. | -1. |  1. |
|  1. |  0. |  0. ||  0. |  1. |  0. ||  1. |  0. |  0. |
|  0. |  0. |  0. ||  1. |  0. |  0. ||  0. |  1. |  0. |
|=====+=====+=====||=====+=====+=====||=====+=====+=====|
|  0. | -1. | -1. ||  0. |  0. |  0. ||  0. |  0. |  0. |
|  0. |  0. |  0. ||  1. | -1. |  0. ||  0. |  1. |  0. |
| -1. |  0. |  0. ||  1. | -1. | -1. ||  0. |  0. |  0. |
|=====+=====+=====||=====+=====+=====||=====+=====+=====|
|  0. |  0. |  1. ||* 0. |* 0. |* 0. ||  1. |  0. |  0. |
|  0. |  1. | -1. ||* 0. |* 0. |* 0. ||  0. | -1. |  0. |
| -1. |  0. |  0. ||* 0. |* 0. |*-1. ||  0. |  0. |  1. |

, evalForThisState=-1.0, isPlayerOneTurnOriginally=true}, StateDatum{MCTSProbabilites=
|  .0 |  .0 |  .0 ||  .0 |  .0 |  .0 ||  .0 |  .0 |  .0 |
|  .0 |  .0 |  .0 ||  .0 |  .0 |  .0 ||  .0 |  .0 |  .0 |
|  .0 |  .0 |  .0 ||  .0 |  .0 |  .0 ||  .0 |  .0 |  .0 |
|========+========+========||========+========+========||========+========+========|
|  .0 |  .0 |  .0 ||  .0 |  .0 |  .0 ||  .0 |  .0 |  .0 |
|  .0 |  .0 |  .0 ||  .0 |  .0 |  .0 ||  .0 |  .0 |  .0 |
|  .0 |  .0 |  .0 ||  .0 |  .0 |  .0 ||  .0 |  .0 |  .0 |
|========+========+========||========+========+========||========+========+========|
|  .0 |  .0 |  .0 ||  .1253 |  .1423 |  .1399 ||  .0 |  .0 |  .0 |
|  .0 |  .0 |  .0 ||  .1628 |  .1224 |  .179 ||  .0 |  .0 |  .0 |
|  .0 |  .0 |  .0 ||  .1282 |  .0 |  .0 ||  .0 |  .0 |  .0 |

, state=
| -0. | -0. |  1. || -0. | -0. | -0. ||  1. |  1. | -1. |
| -1. | -0. | -0. || -0. | -1. | -0. || -1. | -0. | -0. |
| -0. | -0. | -0. || -1. | -0. | -0. || -0. | -1. | -0. |
|=====+=====+=====||=====+=====+=====||=====+=====+=====|
| -0. |  1. |  1. || -0. | -0. | -0. || -0. | -0. | -0. |
| -0. | -0. | -0. || -1. |  1. | -0. || -0. | -1. | -0. |
|  1. | -0. | -0. || -1. |  1. |  1. || -0. | -0. | -0. |
|=====+=====+=====||=====+=====+=====||=====+=====+=====|
| -0. | -0. | -1. ||*-0. |*-0. |*-0. || -1. | -0. | -0. |
| -0. | -1. |  1. ||*-0. |*-0. |*-0. || -0. |  1. | -0. |
|  1. | -0. | -0. ||*-0. |*-1. |* 1. || -0. | -0. | -1. |

, evalForThisState=1.0, isPlayerOneTurnOriginally=false}, StateDatum{MCTSProbabilites=
|  .0 |  .0 |  .0 ||  .0 |  .0 |  .0 ||  .0 |  .0 |  .0 |
|  .0 |  .0 |  .0 ||  .0 |  .0 |  .0 ||  .0 |  .0 |  .0 |
|  .0 |  .0 |  .0 ||  .0 |  .0 |  .0 ||  .0 |  .0 |  .0 |
|========+========+========||========+========+========||========+========+========|
|  .0 |  .0 |  .0 ||  .0 |  .0 |  .0 ||  .1143 |  .121 |  .1182 |
|  .0 |  .0 |  .0 ||  .0 |  .0 |  .0 ||  .1296 |  .0 |  .1444 |
|  .0 |  .0 |  .0 ||  .0 |  .0 |  .0 ||  .1253 |  .1202 |  .127 |
|========+========+========||========+========+========||========+========+========|
|  .0 |  .0 |  .0 ||  .0 |  .0 |  .0 ||  .0 |  .0 |  .0 |
|  .0 |  .0 |  .0 ||  .0 |  .0 |  .0 ||  .0 |  .0 |  .0 |
|  .0 |  .0 |  .0 ||  .0 |  .0 |  .0 ||  .0 |  .0 |  .0 |

, state=
|  0. |  0. | -1. ||  0. |  0. |  0. || -1. | -1. |  1. |
|  1. |  0. |  0. ||  0. |  1. |  0. ||  1. |  0. |  0. |
|  0. |  0. |  0. ||  1. |  0. |  0. ||  0. |  1. |  0. |
|=====+=====+=====||=====+=====+=====||=====+=====+=====|
|  0. | -1. | -1. ||  0. |  0. |  0. ||* 0. |* 0. |* 0. |
|  0. |  0. |  0. ||  1. | -1. |  0. ||* 0. |* 1. |* 0. |
| -1. |  0. |  0. ||  1. | -1. | -1. ||* 0. |* 0. |* 0. |
|=====+=====+=====||=====+=====+=====||=====+=====+=====|
|  0. |  0. |  1. ||  0. |  0. |  0. ||  1. |  0. |  0. |
|  0. |  1. | -1. ||  0. |  0. | -1. ||  0. | -1. |  0. |
| -1. |  0. |  0. ||  0. |  1. | -1. ||  0. |  0. |  1. |

, evalForThisState=-1.0, isPlayerOneTurnOriginally=true}, StateDatum{MCTSProbabilites=
|  .0 |  .0 |  .0 ||  .0 |  .0 |  .0 ||  .0 |  .0 |  .0 |
|  .0 |  .0 |  .0 ||  .0 |  .0 |  .0 ||  .0 |  .0 |  .0 |
|  .0 |  .0 |  .0 ||  .0 |  .0 |  .0 ||  .0 |  .0 |  .0 |
|========+========+========||========+========+========||========+========+========|
|  .0 |  .0 |  .0 ||  .0 |  .0 |  .0 ||  .1365 |  .1172 |  .1433 |
|  .0 |  .0 |  .0 ||  .0 |  .0 |  .0 ||  .1472 |  .0 |  .0 |
|  .0 |  .0 |  .0 ||  .0 |  .0 |  .0 ||  .1424 |  .1867 |  .1267 |
|========+========+========||========+========+========||========+========+========|
|  .0 |  .0 |  .0 ||  .0 |  .0 |  .0 ||  .0 |  .0 |  .0 |
|  .0 |  .0 |  .0 ||  .0 |  .0 |  .0 ||  .0 |  .0 |  .0 |
|  .0 |  .0 |  .0 ||  .0 |  .0 |  .0 ||  .0 |  .0 |  .0 |

, state=
| -0. | -0. |  1. || -0. | -0. | -0. ||  1. |  1. | -1. |
| -1. | -0. | -0. || -0. | -1. | -0. || -1. | -0. | -0. |
| -0. | -0. | -0. || -1. | -0. | -0. || -0. | -1. | -0. |
|=====+=====+=====||=====+=====+=====||=====+=====+=====|
| -0. |  1. |  1. || -0. | -0. | -0. ||*-0. |*-0. |*-0. |
| -0. | -0. | -0. || -1. |  1. | -0. ||*-0. |*-1. |*-1. |
|  1. | -0. | -0. || -1. |  1. |  1. ||*-0. |*-0. |*-0. |
|=====+=====+=====||=====+=====+=====||=====+=====+=====|
| -0. | -0. | -1. || -0. | -0. | -0. || -1. | -0. | -0. |
| -0. | -1. |  1. || -0. | -0. |  1. || -0. |  1. | -0. |
|  1. | -0. | -0. || -0. | -1. |  1. || -0. | -0. | -1. |

, evalForThisState=1.0, isPlayerOneTurnOriginally=false}, StateDatum{MCTSProbabilites=
|  .0 |  .0 |  .0 ||  .0 |  .0 |  .0 ||  .0 |  .0 |  .0 |
|  .0 |  .0 |  .0 ||  .0 |  .0 |  .0 ||  .0 |  .0 |  .0 |
|  .0 |  .0 |  .0 ||  .0 |  .0 |  .0 ||  .0 |  .0 |  .0 |
|========+========+========||========+========+========||========+========+========|
|  .0 |  .0 |  .0 ||  .0 |  .0 |  .0 ||  .0 |  .0 |  .0 |
|  .0 |  .0 |  .0 ||  .0 |  .0 |  .0 ||  .0 |  .0 |  .0 |
|  .0 |  .0 |  .0 ||  .0 |  .0 |  .0 ||  .0 |  .0 |  .0 |
|========+========+========||========+========+========||========+========+========|
|  .0 |  .0 |  .0 ||  .1729 |  .2035 |  .1769 ||  .0 |  .0 |  .0 |
|  .0 |  .0 |  .0 ||  .1672 |  .1616 |  .0 ||  .0 |  .0 |  .0 |
|  .0 |  .0 |  .0 ||  .118 |  .0 |  .0 ||  .0 |  .0 |  .0 |

, state=
|  0. |  0. | -1. ||  0. |  0. |  0. || -1. | -1. |  1. |
|  1. |  0. |  0. ||  0. |  1. |  0. ||  1. |  0. |  0. |
|  0. |  0. |  0. ||  1. |  0. |  0. ||  0. |  1. |  0. |
|=====+=====+=====||=====+=====+=====||=====+=====+=====|
|  0. | -1. | -1. ||  0. |  0. |  0. ||  0. |  0. |  0. |
|  0. |  0. |  0. ||  1. | -1. |  0. ||  0. |  1. |  1. |
| -1. |  0. |  0. ||  1. | -1. | -1. ||  0. | -1. |  0. |
|=====+=====+=====||=====+=====+=====||=====+=====+=====|
|  0. |  0. |  1. ||* 0. |* 0. |* 0. ||  1. |  0. |  0. |
|  0. |  1. | -1. ||* 0. |* 0. |*-1. ||  0. | -1. |  0. |
| -1. |  0. |  0. ||* 0. |* 1. |*-1. ||  0. |  0. |  1. |

, evalForThisState=-1.0, isPlayerOneTurnOriginally=true}, StateDatum{MCTSProbabilites=
|  .0 |  .0 |  .0 ||  .1412 |  .1285 |  .1862 ||  .0 |  .0 |  .0 |
|  .0 |  .0 |  .0 ||  .1427 |  .0 |  .1799 ||  .0 |  .0 |  .0 |
|  .0 |  .0 |  .0 ||  .0 |  .1184 |  .103 ||  .0 |  .0 |  .0 |
|========+========+========||========+========+========||========+========+========|
|  .0 |  .0 |  .0 ||  .0 |  .0 |  .0 ||  .0 |  .0 |  .0 |
|  .0 |  .0 |  .0 ||  .0 |  .0 |  .0 ||  .0 |  .0 |  .0 |
|  .0 |  .0 |  .0 ||  .0 |  .0 |  .0 ||  .0 |  .0 |  .0 |
|========+========+========||========+========+========||========+========+========|
|  .0 |  .0 |  .0 ||  .0 |  .0 |  .0 ||  .0 |  .0 |  .0 |
|  .0 |  .0 |  .0 ||  .0 |  .0 |  .0 ||  .0 |  .0 |  .0 |
|  .0 |  .0 |  .0 ||  .0 |  .0 |  .0 ||  .0 |  .0 |  .0 |

, state=
| -0. | -0. |  1. ||*-0. |*-0. |*-0. ||  1. |  1. | -1. |
| -1. | -0. | -0. ||*-0. |*-1. |*-0. || -1. | -0. | -0. |
| -0. | -0. | -0. ||*-1. |*-0. |*-0. || -0. | -1. | -0. |
|=====+=====+=====||=====+=====+=====||=====+=====+=====|
| -0. |  1. |  1. || -0. | -0. | -0. || -0. | -0. | -0. |
| -0. | -0. | -0. || -1. |  1. | -0. || -0. | -1. | -1. |
|  1. | -0. | -0. || -1. |  1. |  1. || -0. |  1. | -0. |
|=====+=====+=====||=====+=====+=====||=====+=====+=====|
| -0. | -0. | -1. || -0. | -1. | -0. || -1. | -0. | -0. |
| -0. | -1. |  1. || -0. | -0. |  1. || -0. |  1. | -0. |
|  1. | -0. | -0. || -0. | -1. |  1. || -0. | -0. | -1. |

, evalForThisState=1.0, isPlayerOneTurnOriginally=false}, StateDatum{MCTSProbabilites=
|  .0 |  .0 |  .0 ||  .0 |  .0 |  .0 ||  .0 |  .0 |  .0 |
|  .0 |  .0 |  .0 ||  .0 |  .0 |  .0 ||  .0 |  .2077 |  .2847 |
|  .0 |  .0 |  .0 ||  .0 |  .0 |  .0 ||  .3155 |  .0 |  .192 |
|========+========+========||========+========+========||========+========+========|
|  .0 |  .0 |  .0 ||  .0 |  .0 |  .0 ||  .0 |  .0 |  .0 |
|  .0 |  .0 |  .0 ||  .0 |  .0 |  .0 ||  .0 |  .0 |  .0 |
|  .0 |  .0 |  .0 ||  .0 |  .0 |  .0 ||  .0 |  .0 |  .0 |
|========+========+========||========+========+========||========+========+========|
|  .0 |  .0 |  .0 ||  .0 |  .0 |  .0 ||  .0 |  .0 |  .0 |
|  .0 |  .0 |  .0 ||  .0 |  .0 |  .0 ||  .0 |  .0 |  .0 |
|  .0 |  .0 |  .0 ||  .0 |  .0 |  .0 ||  .0 |  .0 |  .0 |

, state=
|  0. |  0. | -1. ||  0. |  0. | -1. ||*-1. |*-1. |* 1. |
|  1. |  0. |  0. ||  0. |  1. |  0. ||* 1. |* 0. |* 0. |
|  0. |  0. |  0. ||  1. |  0. |  0. ||* 0. |* 1. |* 0. |
|=====+=====+=====||=====+=====+=====||=====+=====+=====|
|  0. | -1. | -1. ||  0. |  0. |  0. ||  0. |  0. |  0. |
|  0. |  0. |  0. ||  1. | -1. |  0. ||  0. |  1. |  1. |
| -1. |  0. |  0. ||  1. | -1. | -1. ||  0. | -1. |  0. |
|=====+=====+=====||=====+=====+=====||=====+=====+=====|
|  0. |  0. |  1. ||  0. |  1. |  0. ||  1. |  0. |  0. |
|  0. |  1. | -1. ||  0. |  0. | -1. ||  0. | -1. |  0. |
| -1. |  0. |  0. ||  0. |  1. | -1. ||  0. |  0. |  1. |

, evalForThisState=-1.0, isPlayerOneTurnOriginally=true}, StateDatum{MCTSProbabilites=
|  .0 |  .0 |  .0 ||  .0 |  .0 |  .0 ||  .0 |  .0 |  .0 |
|  .0 |  .0 |  .0 ||  .0 |  .0 |  .0 ||  .0 |  .0 |  .0 |
|  .0 |  .0 |  .0 ||  .0 |  .0 |  .0 ||  .0 |  .0 |  .0 |
|========+========+========||========+========+========||========+========+========|
|  .0 |  .0 |  .0 ||  .0 |  .0 |  .0 ||  .0 |  .0 |  .0 |
|  .0 |  .0 |  .0 ||  .0 |  .0 |  .0 ||  .0 |  .0 |  .0 |
|  .0 |  .0 |  .0 ||  .0 |  .0 |  .0 ||  .0 |  .0 |  .0 |
|========+========+========||========+========+========||========+========+========|
|  .2628 |  .1458 |  .0 ||  .0 |  .0 |  .0 ||  .0 |  .0 |  .0 |
|  .1826 |  .0 |  .0 ||  .0 |  .0 |  .0 ||  .0 |  .0 |  .0 |
|  .0 |  .1983 |  .2104 ||  .0 |  .0 |  .0 ||  .0 |  .0 |  .0 |

, state=
| -0. | -0. |  1. || -0. | -0. |  1. ||  1. |  1. | -1. |
| -1. | -0. | -0. || -0. | -1. | -0. || -1. | -0. | -0. |
| -0. | -0. | -0. || -1. | -0. | -0. || -1. | -1. | -0. |
|=====+=====+=====||=====+=====+=====||=====+=====+=====|
| -0. |  1. |  1. || -0. | -0. | -0. || -0. | -0. | -0. |
| -0. | -0. | -0. || -1. |  1. | -0. || -0. | -1. | -1. |
|  1. | -0. | -0. || -1. |  1. |  1. || -0. |  1. | -0. |
|=====+=====+=====||=====+=====+=====||=====+=====+=====|
|*-0. |*-0. |*-1. || -0. | -1. | -0. || -1. | -0. | -0. |
|*-0. |*-1. |* 1. || -0. | -0. |  1. || -0. |  1. | -0. |
|* 1. |*-0. |*-0. || -0. | -1. |  1. || -0. | -0. | -1. |

, evalForThisState=1.0, isPlayerOneTurnOriginally=false}, StateDatum{MCTSProbabilites=
|  .1104 |  .1153 |  .0 ||  .0 |  .0 |  .0 ||  .0 |  .0 |  .0 |
|  .0 |  .1274 |  .1857 ||  .0 |  .0 |  .0 ||  .0 |  .0 |  .0 |
|  .1805 |  .15 |  .1307 ||  .0 |  .0 |  .0 ||  .0 |  .0 |  .0 |
|========+========+========||========+========+========||========+========+========|
|  .0 |  .0 |  .0 ||  .0 |  .0 |  .0 ||  .0 |  .0 |  .0 |
|  .0 |  .0 |  .0 ||  .0 |  .0 |  .0 ||  .0 |  .0 |  .0 |
|  .0 |  .0 |  .0 ||  .0 |  .0 |  .0 ||  .0 |  .0 |  .0 |
|========+========+========||========+========+========||========+========+========|
|  .0 |  .0 |  .0 ||  .0 |  .0 |  .0 ||  .0 |  .0 |  .0 |
|  .0 |  .0 |  .0 ||  .0 |  .0 |  .0 ||  .0 |  .0 |  .0 |
|  .0 |  .0 |  .0 ||  .0 |  .0 |  .0 ||  .0 |  .0 |  .0 |

, state=
|* 0. |* 0. |*-1. ||  0. |  0. | -1. || -1. | -1. |  1. |
|* 1. |* 0. |* 0. ||  0. |  1. |  0. ||  1. |  0. |  0. |
|* 0. |* 0. |* 0. ||  1. |  0. |  0. ||  1. |  1. |  0. |
|=====+=====+=====||=====+=====+=====||=====+=====+=====|
|  0. | -1. | -1. ||  0. |  0. |  0. ||  0. |  0. |  0. |
|  0. |  0. |  0. ||  1. | -1. |  0. ||  0. |  1. |  1. |
| -1. |  0. |  0. ||  1. | -1. | -1. ||  0. | -1. |  0. |
|=====+=====+=====||=====+=====+=====||=====+=====+=====|
| -1. |  0. |  1. ||  0. |  1. |  0. ||  1. |  0. |  0. |
|  0. |  1. | -1. ||  0. |  0. | -1. ||  0. | -1. |  0. |
| -1. |  0. |  0. ||  0. |  1. | -1. ||  0. |  0. |  1. |

, evalForThisState=-1.0, isPlayerOneTurnOriginally=true}, StateDatum{MCTSProbabilites=
|  .0 |  .0 |  .0 ||  .0 |  .0 |  .0 ||  .0 |  .0 |  .0 |
|  .0 |  .0 |  .0 ||  .0 |  .0 |  .0 ||  .0 |  .0 |  .0 |
|  .0 |  .0 |  .0 ||  .0 |  .0 |  .0 ||  .0 |  .0 |  .0 |
|========+========+========||========+========+========||========+========+========|
|  .0 |  .0 |  .0 ||  .0 |  .0 |  .0 ||  .0944 |  .2141 |  .1542 |
|  .0 |  .0 |  .0 ||  .0 |  .0 |  .0 ||  .1807 |  .0 |  .0 |
|  .0 |  .0 |  .0 ||  .0 |  .0 |  .0 ||  .1385 |  .0 |  .2181 |
|========+========+========||========+========+========||========+========+========|
|  .0 |  .0 |  .0 ||  .0 |  .0 |  .0 ||  .0 |  .0 |  .0 |
|  .0 |  .0 |  .0 ||  .0 |  .0 |  .0 ||  .0 |  .0 |  .0 |
|  .0 |  .0 |  .0 ||  .0 |  .0 |  .0 ||  .0 |  .0 |  .0 |

, state=
| -0. | -0. |  1. || -0. | -0. |  1. ||  1. |  1. | -1. |
| -1. | -0. | -1. || -0. | -1. | -0. || -1. | -0. | -0. |
| -0. | -0. | -0. || -1. | -0. | -0. || -1. | -1. | -0. |
|=====+=====+=====||=====+=====+=====||=====+=====+=====|
| -0. |  1. |  1. || -0. | -0. | -0. ||*-0. |*-0. |*-0. |
| -0. | -0. | -0. || -1. |  1. | -0. ||*-0. |*-1. |*-1. |
|  1. | -0. | -0. || -1. |  1. |  1. ||*-0. |* 1. |*-0. |
|=====+=====+=====||=====+=====+=====||=====+=====+=====|
|  1. | -0. | -1. || -0. | -1. | -0. || -1. | -0. | -0. |
| -0. | -1. |  1. || -0. | -0. |  1. || -0. |  1. | -0. |
|  1. | -0. | -0. || -0. | -1. |  1. || -0. | -0. | -1. |

, evalForThisState=1.0, isPlayerOneTurnOriginally=false}, StateDatum{MCTSProbabilites=
|  .0 |  .0 |  .0 ||  .0 |  .0 |  .0 ||  .0 |  .0 |  .0 |
|  .0 |  .0 |  .0 ||  .0 |  .0 |  .0 ||  .0 |  .0 |  .0 |
|  .0 |  .0 |  .0 ||  .0 |  .0 |  .0 ||  .0 |  .0 |  .0 |
|========+========+========||========+========+========||========+========+========|
|  .0 |  .0 |  .0 ||  .0 |  .0 |  .0 ||  .0 |  .0 |  .0 |
|  .0 |  .0 |  .0 ||  .0 |  .0 |  .0 ||  .0 |  .0 |  .0 |
|  .0 |  .0 |  .0 ||  .0 |  .0 |  .0 ||  .0 |  .0 |  .0 |
|========+========+========||========+========+========||========+========+========|
|  .0 |  .0 |  .0 ||  .0 |  .0 |  .0 ||  .0 |  .1262 |  .1712 |
|  .0 |  .0 |  .0 ||  .0 |  .0 |  .0 ||  .0809 |  .0 |  .2728 |
|  .0 |  .0 |  .0 ||  .0 |  .0 |  .0 ||  .1616 |  .1871 |  .0 |

, state=
|  0. |  0. | -1. ||  0. |  0. | -1. || -1. | -1. |  1. |
|  1. |  0. |  1. ||  0. |  1. |  0. ||  1. |  0. |  0. |
|  0. |  0. |  0. ||  1. |  0. |  0. ||  1. |  1. |  0. |
|=====+=====+=====||=====+=====+=====||=====+=====+=====|
|  0. | -1. | -1. ||  0. |  0. |  0. ||  0. |  0. |  0. |
|  0. |  0. |  0. ||  1. | -1. |  0. ||  0. |  1. |  1. |
| -1. |  0. |  0. ||  1. | -1. | -1. ||  0. | -1. | -1. |
|=====+=====+=====||=====+=====+=====||=====+=====+=====|
| -1. |  0. |  1. ||  0. |  1. |  0. ||* 1. |* 0. |* 0. |
|  0. |  1. | -1. ||  0. |  0. | -1. ||* 0. |*-1. |* 0. |
| -1. |  0. |  0. ||  0. |  1. | -1. ||* 0. |* 0. |* 1. |

, evalForThisState=-1.0, isPlayerOneTurnOriginally=true}, StateDatum{MCTSProbabilites=
|  .0 |  .0 |  .0 ||  .0 |  .0 |  .0 ||  .0 |  .0 |  .0 |
|  .0 |  .0 |  .0 ||  .0 |  .0 |  .0 ||  .0 |  .0 |  .0 |
|  .0 |  .0 |  .0 ||  .0 |  .0 |  .0 ||  .0 |  .0 |  .0 |
|========+========+========||========+========+========||========+========+========|
|  .0 |  .0 |  .0 ||  .0 |  .0 |  .0 ||  .1585 |  .248 |  .2213 |
|  .0 |  .0 |  .0 ||  .0 |  .0 |  .0 ||  .1585 |  .0 |  .0 |
|  .0 |  .0 |  .0 ||  .0 |  .0 |  .0 ||  .2137 |  .0 |  .0 |
|========+========+========||========+========+========||========+========+========|
|  .0 |  .0 |  .0 ||  .0 |  .0 |  .0 ||  .0 |  .0 |  .0 |
|  .0 |  .0 |  .0 ||  .0 |  .0 |  .0 ||  .0 |  .0 |  .0 |
|  .0 |  .0 |  .0 ||  .0 |  .0 |  .0 ||  .0 |  .0 |  .0 |

, state=
| -0. | -0. |  1. || -0. | -0. |  1. ||  1. |  1. | -1. |
| -1. | -0. | -1. || -0. | -1. | -0. || -1. | -0. | -0. |
| -0. | -0. | -0. || -1. | -0. | -0. || -1. | -1. | -0. |
|=====+=====+=====||=====+=====+=====||=====+=====+=====|
| -0. |  1. |  1. || -0. | -0. | -0. ||*-0. |*-0. |*-0. |
| -0. | -0. | -0. || -1. |  1. | -0. ||*-0. |*-1. |*-1. |
|  1. | -0. | -0. || -1. |  1. |  1. ||*-0. |* 1. |* 1. |
|=====+=====+=====||=====+=====+=====||=====+=====+=====|
|  1. | -0. | -1. || -0. | -1. | -0. || -1. | -0. | -0. |
| -0. | -1. |  1. || -0. | -0. |  1. || -0. |  1. | -1. |
|  1. | -0. | -0. || -0. | -1. |  1. || -0. | -0. | -1. |

, evalForThisState=1.0, isPlayerOneTurnOriginally=false}, StateDatum{MCTSProbabilites=
|  .0 |  .0 |  .0 ||  .1504 |  .1997 |  .0 ||  .0 |  .0 |  .0 |
|  .0 |  .0 |  .0 ||  .1547 |  .0 |  .2102 ||  .0 |  .0 |  .0 |
|  .0 |  .0 |  .0 ||  .0 |  .1285 |  .1564 ||  .0 |  .0 |  .0 |
|========+========+========||========+========+========||========+========+========|
|  .0 |  .0 |  .0 ||  .0 |  .0 |  .0 ||  .0 |  .0 |  .0 |
|  .0 |  .0 |  .0 ||  .0 |  .0 |  .0 ||  .0 |  .0 |  .0 |
|  .0 |  .0 |  .0 ||  .0 |  .0 |  .0 ||  .0 |  .0 |  .0 |
|========+========+========||========+========+========||========+========+========|
|  .0 |  .0 |  .0 ||  .0 |  .0 |  .0 ||  .0 |  .0 |  .0 |
|  .0 |  .0 |  .0 ||  .0 |  .0 |  .0 ||  .0 |  .0 |  .0 |
|  .0 |  .0 |  .0 ||  .0 |  .0 |  .0 ||  .0 |  .0 |  .0 |

, state=
|  0. |  0. | -1. ||* 0. |* 0. |*-1. || -1. | -1. |  1. |
|  1. |  0. |  1. ||* 0. |* 1. |* 0. ||  1. |  0. |  0. |
|  0. |  0. |  0. ||* 1. |* 0. |* 0. ||  1. |  1. |  0. |
|=====+=====+=====||=====+=====+=====||=====+=====+=====|
|  0. | -1. | -1. ||  0. |  0. |  0. ||  0. | -1. |  0. |
|  0. |  0. |  0. ||  1. | -1. |  0. ||  0. |  1. |  1. |
| -1. |  0. |  0. ||  1. | -1. | -1. ||  0. | -1. | -1. |
|=====+=====+=====||=====+=====+=====||=====+=====+=====|
| -1. |  0. |  1. ||  0. |  1. |  0. ||  1. |  0. |  0. |
|  0. |  1. | -1. ||  0. |  0. | -1. ||  0. | -1. |  1. |
| -1. |  0. |  0. ||  0. |  1. | -1. ||  0. |  0. |  1. |

, evalForThisState=-1.0, isPlayerOneTurnOriginally=true}, StateDatum{MCTSProbabilites=
|  .0 |  .0 |  .0 ||  .0 |  .0 |  .0 ||  .0 |  .0 |  .0 |
|  .0 |  .0 |  .0 ||  .0 |  .0 |  .0 ||  .0 |  .0 |  .0 |
|  .0 |  .0 |  .0 ||  .0 |  .0 |  .0 ||  .0 |  .0 |  .0 |
|========+========+========||========+========+========||========+========+========|
|  .0 |  .0 |  .0 ||  .0 |  .0 |  .0 ||  .1887 |  .0 |  .3415 |
|  .0 |  .0 |  .0 ||  .0 |  .0 |  .0 ||  .1226 |  .0 |  .0 |
|  .0 |  .0 |  .0 ||  .0 |  .0 |  .0 ||  .3471 |  .0 |  .0 |
|========+========+========||========+========+========||========+========+========|
|  .0 |  .0 |  .0 ||  .0 |  .0 |  .0 ||  .0 |  .0 |  .0 |
|  .0 |  .0 |  .0 ||  .0 |  .0 |  .0 ||  .0 |  .0 |  .0 |
|  .0 |  .0 |  .0 ||  .0 |  .0 |  .0 ||  .0 |  .0 |  .0 |

, state=
| -0. | -0. |  1. || -0. | -0. |  1. ||  1. |  1. | -1. |
| -1. | -0. | -1. || -0. | -1. | -1. || -1. | -0. | -0. |
| -0. | -0. | -0. || -1. | -0. | -0. || -1. | -1. | -0. |
|=====+=====+=====||=====+=====+=====||=====+=====+=====|
| -0. |  1. |  1. || -0. | -0. | -0. ||*-0. |* 1. |*-0. |
| -0. | -0. | -0. || -1. |  1. | -0. ||*-0. |*-1. |*-1. |
|  1. | -0. | -0. || -1. |  1. |  1. ||*-0. |* 1. |* 1. |
|=====+=====+=====||=====+=====+=====||=====+=====+=====|
|  1. | -0. | -1. || -0. | -1. | -0. || -1. | -0. | -0. |
| -0. | -1. |  1. || -0. | -0. |  1. || -0. |  1. | -1. |
|  1. | -0. | -0. || -0. | -1. |  1. || -0. | -0. | -1. |

, evalForThisState=1.0, isPlayerOneTurnOriginally=false}, StateDatum{MCTSProbabilites=
|  .0 |  .0 |  .0 ||  .0 |  .0 |  .0 ||  .0 |  .0 |  .0 |
|  .0 |  .0 |  .0 ||  .0 |  .0 |  .0 ||  .0 |  .0 |  .0 |
|  .0 |  .0 |  .0 ||  .0 |  .0 |  .0 ||  .0 |  .0 |  .0 |
|========+========+========||========+========+========||========+========+========|
|  .0 |  .0 |  .0 ||  .0 |  .0 |  .0 ||  .0 |  .0 |  .0 |
|  .0 |  .0 |  .0 ||  .0 |  .0 |  .0 ||  .0 |  .0 |  .0 |
|  .0 |  .0 |  .0 ||  .0 |  .0 |  .0 ||  .0 |  .0 |  .0 |
|========+========+========||========+========+========||========+========+========|
|  .0 |  .3669 |  .0 ||  .0 |  .0 |  .0 ||  .0 |  .0 |  .0 |
|  .2401 |  .0 |  .0 ||  .0 |  .0 |  .0 ||  .0 |  .0 |  .0 |
|  .0 |  .2567 |  .1363 ||  .0 |  .0 |  .0 ||  .0 |  .0 |  .0 |

, state=
|  0. |  0. | -1. ||  0. |  0. | -1. || -1. | -1. |  1. |
|  1. |  0. |  1. ||  0. |  1. |  1. ||  1. |  0. |  0. |
|  0. |  0. |  0. ||  1. |  0. |  0. ||  1. |  1. |  0. |
|=====+=====+=====||=====+=====+=====||=====+=====+=====|
|  0. | -1. | -1. ||  0. |  0. |  0. ||  0. | -1. |  0. |
|  0. |  0. |  0. ||  1. | -1. |  0. ||  0. |  1. |  1. |
| -1. |  0. |  0. ||  1. | -1. | -1. || -1. | -1. | -1. |
|=====+=====+=====||=====+=====+=====||=====+=====+=====|
|*-1. |* 0. |* 1. ||  0. |  1. |  0. ||  1. |  0. |  0. |
|* 0. |* 1. |*-1. ||  0. |  0. | -1. ||  0. | -1. |  1. |
|*-1. |* 0. |* 0. ||  0. |  1. | -1. ||  0. |  0. |  1. |

, evalForThisState=-1.0, isPlayerOneTurnOriginally=true}, StateDatum{MCTSProbabilites=
|  .0 |  .0 |  .0 ||  .1557 |  .4897 |  .0 ||  .0 |  .0 |  .0 |
|  .0 |  .0 |  .0 ||  .1356 |  .0 |  .0 ||  .0 |  .0 |  .0 |
|  .0 |  .0 |  .0 ||  .0 |  .0969 |  .1221 ||  .0 |  .0 |  .0 |
|========+========+========||========+========+========||========+========+========|
|  .0 |  .0 |  .0 ||  .0 |  .0 |  .0 ||  .0 |  .0 |  .0 |
|  .0 |  .0 |  .0 ||  .0 |  .0 |  .0 ||  .0 |  .0 |  .0 |
|  .0 |  .0 |  .0 ||  .0 |  .0 |  .0 ||  .0 |  .0 |  .0 |
|========+========+========||========+========+========||========+========+========|
|  .0 |  .0 |  .0 ||  .0 |  .0 |  .0 ||  .0 |  .0 |  .0 |
|  .0 |  .0 |  .0 ||  .0 |  .0 |  .0 ||  .0 |  .0 |  .0 |
|  .0 |  .0 |  .0 ||  .0 |  .0 |  .0 ||  .0 |  .0 |  .0 |

, state=
| -0. | -0. |  1. ||*-0. |*-0. |* 1. ||  1. |  1. | -1. |
| -1. | -0. | -1. ||*-0. |*-1. |*-1. || -1. | -0. | -0. |
| -0. | -0. | -0. ||*-1. |*-0. |*-0. || -1. | -1. | -0. |
|=====+=====+=====||=====+=====+=====||=====+=====+=====|
| -0. |  1. |  1. || -0. | -0. | -0. || -0. |  1. | -0. |
| -0. | -0. | -0. || -1. |  1. | -0. || -0. | -1. | -1. |
|  1. | -0. | -0. || -1. |  1. |  1. ||  1. |  1. |  1. |
|=====+=====+=====||=====+=====+=====||=====+=====+=====|
|  1. | -1. | -1. || -0. | -1. | -0. || -1. | -0. | -0. |
| -0. | -1. |  1. || -0. | -0. |  1. || -0. |  1. | -1. |
|  1. | -0. | -0. || -0. | -1. |  1. || -0. | -0. | -1. |

, evalForThisState=1.0, isPlayerOneTurnOriginally=false}, StateDatum{MCTSProbabilites=
|  .0 |  .0 |  .0 ||  .0632 |  .0 |  .0 ||  .0 |  .0 |  .0 |
|  .0 |  .0 |  .0 ||  .8275 |  .0 |  .0 ||  .0 |  .0 |  .0 |
|  .0 |  .0 |  .0 ||  .0 |  .0508 |  .0585 ||  .0 |  .0 |  .0 |
|========+========+========||========+========+========||========+========+========|
|  .0 |  .0 |  .0 ||  .0 |  .0 |  .0 ||  .0 |  .0 |  .0 |
|  .0 |  .0 |  .0 ||  .0 |  .0 |  .0 ||  .0 |  .0 |  .0 |
|  .0 |  .0 |  .0 ||  .0 |  .0 |  .0 ||  .0 |  .0 |  .0 |
|========+========+========||========+========+========||========+========+========|
|  .0 |  .0 |  .0 ||  .0 |  .0 |  .0 ||  .0 |  .0 |  .0 |
|  .0 |  .0 |  .0 ||  .0 |  .0 |  .0 ||  .0 |  .0 |  .0 |
|  .0 |  .0 |  .0 ||  .0 |  .0 |  .0 ||  .0 |  .0 |  .0 |

, state=
|  0. |  0. | -1. ||* 0. |*-1. |*-1. || -1. | -1. |  1. |
|  1. |  0. |  1. ||* 0. |* 1. |* 1. ||  1. |  0. |  0. |
|  0. |  0. |  0. ||* 1. |* 0. |* 0. ||  1. |  1. |  0. |
|=====+=====+=====||=====+=====+=====||=====+=====+=====|
|  0. | -1. | -1. ||  0. |  0. |  0. ||  0. | -1. |  0. |
|  0. |  0. |  0. ||  1. | -1. |  0. ||  0. |  1. |  1. |
| -1. |  0. |  0. ||  1. | -1. | -1. || -1. | -1. | -1. |
|=====+=====+=====||=====+=====+=====||=====+=====+=====|
| -1. |  1. |  1. ||  0. |  1. |  0. ||  1. |  0. |  0. |
|  0. |  1. | -1. ||  0. |  0. | -1. ||  0. | -1. |  1. |
| -1. |  0. |  0. ||  0. |  1. | -1. ||  0. |  0. |  1. |

, evalForThisState=-1.0, isPlayerOneTurnOriginally=true}, StateDatum{MCTSProbabilites=
|  .0 |  .0 |  .0 ||  .0 |  .0 |  .0 ||  .0 |  .0 |  .0 |
|  .0 |  .0 |  .0 ||  .0 |  .0 |  .0 ||  .0 |  .0 |  .0 |
|  .0 |  .0 |  .0 ||  .0 |  .0 |  .0 ||  .0 |  .0 |  .0 |
|========+========+========||========+========+========||========+========+========|
|  .9888 |  .0 |  .0 ||  .0 |  .0 |  .0 ||  .0 |  .0 |  .0 |
|  .0014 |  .0043 |  .0026 ||  .0 |  .0 |  .0 ||  .0 |  .0 |  .0 |
|  .0 |  .0018 |  .0012 ||  .0 |  .0 |  .0 ||  .0 |  .0 |  .0 |
|========+========+========||========+========+========||========+========+========|
|  .0 |  .0 |  .0 ||  .0 |  .0 |  .0 ||  .0 |  .0 |  .0 |
|  .0 |  .0 |  .0 ||  .0 |  .0 |  .0 ||  .0 |  .0 |  .0 |
|  .0 |  .0 |  .0 ||  .0 |  .0 |  .0 ||  .0 |  .0 |  .0 |

, state=
| -0. | -0. |  1. || -0. |  1. |  1. ||  1. |  1. | -1. |
| -1. | -0. | -1. || -1. | -1. | -1. || -1. | -0. | -0. |
| -0. | -0. | -0. || -1. | -0. | -0. || -1. | -1. | -0. |
|=====+=====+=====||=====+=====+=====||=====+=====+=====|
|*-0. |* 1. |* 1. || -0. | -0. | -0. || -0. |  1. | -0. |
|*-0. |*-0. |*-0. || -1. |  1. | -0. || -0. | -1. | -1. |
|* 1. |*-0. |*-0. || -1. |  1. |  1. ||  1. |  1. |  1. |
|=====+=====+=====||=====+=====+=====||=====+=====+=====|
|  1. | -1. | -1. || -0. | -1. | -0. || -1. | -0. | -0. |
| -0. | -1. |  1. || -0. | -0. |  1. || -0. |  1. | -1. |
|  1. | -0. | -0. || -0. | -1. |  1. || -0. | -0. | -1. |

, evalForThisState=1.0, isPlayerOneTurnOriginally=false}, StateDatum{MCTSProbabilites=
|  .0 |  .0 |  .0 ||  .0 |  .0 |  .0 ||  .0 |  .0 |  .0 |
|  .0 |  .9998 |  .0 ||  .0 |  .0 |  .0 ||  .0 |  .0 |  .0 |
|  .0 |  .0 |  .0 ||  .0 |  .0 |  .0 ||  .0 |  .0 |  .0 |
|========+========+========||========+========+========||========+========+========|
|  .0 |  .0 |  .0 ||  .0 |  .0 |  .0 ||  .0 |  .0 |  .0 |
|  .0 |  .0 |  .0 ||  .0 |  .0 |  .0 ||  .0 |  .0 |  .0 |
|  .0 |  .0 |  .0 ||  .0 |  .0 |  .0 ||  .0 |  .0 |  .0 |
|========+========+========||========+========+========||========+========+========|
|  .0 |  .0 |  .0 ||  .0 |  .0 |  .0 ||  .0 |  .0 |  .0 |
|  .0 |  .0 |  .0 ||  .0 |  .0 |  .0 ||  .0 |  .0 |  .0 |
|  .0 |  .0 |  .0 ||  .0 |  .0 |  .0 ||  .0 |  .0 |  .0 |

, state=
|* 0. |* 0. |*-1. ||  0. | -1. | -1. || -1. | -1. |  1. |
|* 1. |* 0. |* 1. ||  1. |  1. |  1. ||  1. |  0. |  0. |
|* 0. |* 0. |* 0. ||  1. |  0. |  0. ||  1. |  1. |  0. |
|=====+=====+=====||=====+=====+=====||=====+=====+=====|
| -1. | -1. | -1. ||  0. |  0. |  0. ||  0. | -1. |  0. |
|  0. |  0. |  0. ||  1. | -1. |  0. ||  0. |  1. |  1. |
| -1. |  0. |  0. ||  1. | -1. | -1. || -1. | -1. | -1. |
|=====+=====+=====||=====+=====+=====||=====+=====+=====|
| -1. |  1. |  1. ||  0. |  1. |  0. ||  1. |  0. |  0. |
|  0. |  1. | -1. ||  0. |  0. | -1. ||  0. | -1. |  1. |
| -1. |  0. |  0. ||  0. |  1. | -1. ||  0. |  0. |  1. |

, evalForThisState=-1.0, isPlayerOneTurnOriginally=true}, StateDatum{MCTSProbabilites=
|  .0 |  .0 |  .0 ||  .0 |  .0 |  .0 ||  .0 |  .0 |  .0 |
|  .0 |  .0 |  .0 ||  .0 |  .0 |  .0 ||  .0 |  .0 |  .0 |
|  .0 |  .0 |  .0 ||  .0 |  .0 |  .0 ||  .0 |  .0 |  .0 |
|========+========+========||========+========+========||========+========+========|
|  .0 |  .0 |  .0 ||  .3724 |  .3721 |  .2555 ||  .0 |  .0 |  .0 |
|  .0 |  .0 |  .0 ||  .0 |  .0 |  .0 ||  .0 |  .0 |  .0 |
|  .0 |  .0 |  .0 ||  .0 |  .0 |  .0 ||  .0 |  .0 |  .0 |
|========+========+========||========+========+========||========+========+========|
|  .0 |  .0 |  .0 ||  .0 |  .0 |  .0 ||  .0 |  .0 |  .0 |
|  .0 |  .0 |  .0 ||  .0 |  .0 |  .0 ||  .0 |  .0 |  .0 |
|  .0 |  .0 |  .0 ||  .0 |  .0 |  .0 ||  .0 |  .0 |  .0 |

, state=
| -0. | -0. |  1. || -0. |  1. |  1. ||  1. |  1. | -1. |
| -1. | -1. | -1. || -1. | -1. | -1. || -1. | -0. | -0. |
| -0. | -0. | -0. || -1. | -0. | -0. || -1. | -1. | -0. |
|=====+=====+=====||=====+=====+=====||=====+=====+=====|
|  1. |  1. |  1. ||*-0. |*-0. |*-0. || -0. |  1. | -0. |
| -0. | -0. | -0. ||*-1. |* 1. |*-0. || -0. | -1. | -1. |
|  1. | -0. | -0. ||*-1. |* 1. |* 1. ||  1. |  1. |  1. |
|=====+=====+=====||=====+=====+=====||=====+=====+=====|
|  1. | -1. | -1. || -0. | -1. | -0. || -1. | -0. | -0. |
| -0. | -1. |  1. || -0. | -0. |  1. || -0. |  1. | -1. |
|  1. | -0. | -0. || -0. | -1. |  1. || -0. | -0. | -1. |

, evalForThisState=1.0, isPlayerOneTurnOriginally=false}]
Value network data: 
===========INPUT===================
[[         0,         0,         0,  ...    1.0000,    1.0000,    1.0000], 
 [         0,         0,         0,  ...   -1.0000,    1.0000,   -1.0000], 
 [         0,         0,         0,  ...   -1.0000,   -1.0000,    1.0000], 
  ..., 
 [         0,         0,    1.0000,  ...   -1.0000,   -1.0000,   -1.0000], 
 [         0,         0,   -1.0000,  ...   -1.0000,   -1.0000,   -1.0000], 
 [         0,         0,    1.0000,  ...   -1.0000,   -1.0000,   -1.0000]]
=================OUTPUT==================
[[-1.0000], 
 [1.0000], 
 [-1.0000], 
 [1.0000], 
 [-1.0000], 
 [1.0000], 
 [-1.0000], 
 [1.0000], 
 [-1.0000], 
 [1.0000], 
 [-1.0000], 
 [1.0000], 
 [-1.0000], 
 [1.0000], 
 [-1.0000], 
 [1.0000], 
 [-1.0000], 
 [1.0000], 
 [-1.0000], 
 [1.0000], 
 [-1.0000], 
 [1.0000], 
 [-1.0000], 
 [1.0000], 
 [-1.0000], 
 [1.0000], 
 [-1.0000], 
 [1.0000], 
 [-1.0000], 
 [1.0000], 
 [-1.0000], 
 [1.0000], 
 [-1.0000], 
 [1.0000], 
 [-1.0000], 
 [1.0000], 
 [-1.0000], 
 [1.0000], 
 [-1.0000], 
 [1.0000], 
 [-1.0000], 
 [1.0000], 
 [-1.0000], 
 [1.0000], 
 [-1.0000], 
 [1.0000]]
Policy network data: 
===========INPUT===================
[[         0,         0,         0,  ...    1.0000,    1.0000,    1.0000], 
 [         0,         0,         0,  ...   -1.0000,    1.0000,   -1.0000], 
 [         0,         0,         0,  ...   -1.0000,   -1.0000,    1.0000], 
  ..., 
 [         0,         0,    1.0000,  ...   -1.0000,   -1.0000,   -1.0000], 
 [         0,         0,   -1.0000,  ...   -1.0000,   -1.0000,   -1.0000], 
 [         0,         0,    1.0000,  ...   -1.0000,   -1.0000,   -1.0000]]
=================OUTPUT==================
[[    0.0102,    0.0176,    0.0121,  ...    0.0134,    0.0168,    0.0152], 
 [         0,         0,         0,  ...         0,         0,         0], 
 [         0,         0,         0,  ...    0.1453,    0.1081,    0.1454], 
  ..., 
 [         0,         0,         0,  ...         0,         0,         0], 
 [   3.57e-5,   4.76e-5,         0,  ...         0,         0,         0], 
 [         0,         0,         0,  ...         0,         0,         0]]
W:\Labs\ME\ME187-Fall2024\StudentFiles\CALEBHOTTES\UTTTstuff\data\series1\policy$series1,gameNum88$1728888863316.bin
Took: 1387 s to simulate game
Finished simulating game, see log at: W:\Labs\ME\ME187-Fall2024\StudentFiles\CALEBHOTTES\UTTTstuff\data\logs\series1\game88$1728884516081.log for details.
