Saving data to: W:\Labs\ME\ME187-Fall2024\StudentFiles\CALEBHOTTES\UTTTstuff\data\series1
Begin custom message: 
DataSeries: series1 game number: 123 

Description: ME 273data you know the thing. 

Evaluator config=EvaluatorConfiguration{cValue=2.0, maxRolloutDepth=1000, computeTime=30, threads=1, stupidity=0, allowForcePlay=false, maxMyCPU=false}
End custom message
Inital State: 

|* 0. |* 0. |* 0. ||* 0. |* 0. |* 0. ||* 0. |* 0. |* 0. |
|* 0. |* 0. |* 0. ||* 0. |* 0. |* 0. ||* 0. |* 0. |* 0. |
|* 0. |* 0. |* 0. ||* 0. |* 0. |* 0. ||* 0. |* 0. |* 0. |
|=====+=====+=====||=====+=====+=====||=====+=====+=====|
|* 0. |* 0. |* 0. ||* 0. |* 0. |* 0. ||* 0. |* 0. |* 0. |
|* 0. |* 0. |* 0. ||* 0. |* 0. |* 0. ||* 0. |* 0. |* 0. |
|* 0. |* 0. |* 0. ||* 0. |* 0. |* 0. ||* 0. |* 0. |* 0. |
|=====+=====+=====||=====+=====+=====||=====+=====+=====|
|* 0. |* 0. |* 0. ||* 0. |* 0. |* 0. ||* 0. |* 0. |* 0. |
|* 0. |* 0. |* 0. ||* 0. |* 0. |* 0. ||* 0. |* 0. |* 0. |
|* 0. |* 0. |* 0. ||* 0. |* 0. |* 0. ||* 0. |* 0. |* 0. |


state to eval, currenty is playerone turn=true

|* 0. |* 0. |* 0. ||* 0. |* 0. |* 0. ||* 0. |* 0. |* 0. |
|* 0. |* 0. |* 0. ||* 0. |* 0. |* 0. ||* 0. |* 0. |* 0. |
|* 0. |* 0. |* 0. ||* 0. |* 0. |* 0. ||* 0. |* 0. |* 0. |
|=====+=====+=====||=====+=====+=====||=====+=====+=====|
|* 0. |* 0. |* 0. ||* 0. |* 0. |* 0. ||* 0. |* 0. |* 0. |
|* 0. |* 0. |* 0. ||* 0. |* 0. |* 0. ||* 0. |* 0. |* 0. |
|* 0. |* 0. |* 0. ||* 0. |* 0. |* 0. ||* 0. |* 0. |* 0. |
|=====+=====+=====||=====+=====+=====||=====+=====+=====|
|* 0. |* 0. |* 0. ||* 0. |* 0. |* 0. ||* 0. |* 0. |* 0. |
|* 0. |* 0. |* 0. ||* 0. |* 0. |* 0. ||* 0. |* 0. |* 0. |
|* 0. |* 0. |* 0. ||* 0. |* 0. |* 0. ||* 0. |* 0. |* 0. |


Determined best move using: 49205Iterations
current State

|* 0. |* 0. |* 0. ||  0. |  0. |  0. ||  0. |  0. |  0. |
|* 0. |* 0. |* 0. ||  0. |  0. |  0. ||  0. |  0. |  0. |
|* 0. |* 0. |* 0. ||  0. |  0. |  0. ||  0. |  0. |  0. |
|=====+=====+=====||=====+=====+=====||=====+=====+=====|
|  1. |  0. |  0. ||  0. |  0. |  0. ||  0. |  0. |  0. |
|  0. |  0. |  0. ||  0. |  0. |  0. ||  0. |  0. |  0. |
|  0. |  0. |  0. ||  0. |  0. |  0. ||  0. |  0. |  0. |
|=====+=====+=====||=====+=====+=====||=====+=====+=====|
|  0. |  0. |  0. ||  0. |  0. |  0. ||  0. |  0. |  0. |
|  0. |  0. |  0. ||  0. |  0. |  0. ||  0. |  0. |  0. |
|  0. |  0. |  0. ||  0. |  0. |  0. ||  0. |  0. |  0. |


state to eval, currenty is playerone turn=false

|*-0. |*-0. |*-0. || -0. | -0. | -0. || -0. | -0. | -0. |
|*-0. |*-0. |*-0. || -0. | -0. | -0. || -0. | -0. | -0. |
|*-0. |*-0. |*-0. || -0. | -0. | -0. || -0. | -0. | -0. |
|=====+=====+=====||=====+=====+=====||=====+=====+=====|
| -1. | -0. | -0. || -0. | -0. | -0. || -0. | -0. | -0. |
| -0. | -0. | -0. || -0. | -0. | -0. || -0. | -0. | -0. |
| -0. | -0. | -0. || -0. | -0. | -0. || -0. | -0. | -0. |
|=====+=====+=====||=====+=====+=====||=====+=====+=====|
| -0. | -0. | -0. || -0. | -0. | -0. || -0. | -0. | -0. |
| -0. | -0. | -0. || -0. | -0. | -0. || -0. | -0. | -0. |
| -0. | -0. | -0. || -0. | -0. | -0. || -0. | -0. | -0. |


current State

|  0. | -1. |  0. ||* 0. |* 0. |* 0. ||  0. |  0. |  0. |
|  0. |  0. |  0. ||* 0. |* 0. |* 0. ||  0. |  0. |  0. |
|  0. |  0. |  0. ||* 0. |* 0. |* 0. ||  0. |  0. |  0. |
|=====+=====+=====||=====+=====+=====||=====+=====+=====|
|  1. |  0. |  0. ||  0. |  0. |  0. ||  0. |  0. |  0. |
|  0. |  0. |  0. ||  0. |  0. |  0. ||  0. |  0. |  0. |
|  0. |  0. |  0. ||  0. |  0. |  0. ||  0. |  0. |  0. |
|=====+=====+=====||=====+=====+=====||=====+=====+=====|
|  0. |  0. |  0. ||  0. |  0. |  0. ||  0. |  0. |  0. |
|  0. |  0. |  0. ||  0. |  0. |  0. ||  0. |  0. |  0. |
|  0. |  0. |  0. ||  0. |  0. |  0. ||  0. |  0. |  0. |


state to eval, currenty is playerone turn=true

|  0. | -1. |  0. ||* 0. |* 0. |* 0. ||  0. |  0. |  0. |
|  0. |  0. |  0. ||* 0. |* 0. |* 0. ||  0. |  0. |  0. |
|  0. |  0. |  0. ||* 0. |* 0. |* 0. ||  0. |  0. |  0. |
|=====+=====+=====||=====+=====+=====||=====+=====+=====|
|  1. |  0. |  0. ||  0. |  0. |  0. ||  0. |  0. |  0. |
|  0. |  0. |  0. ||  0. |  0. |  0. ||  0. |  0. |  0. |
|  0. |  0. |  0. ||  0. |  0. |  0. ||  0. |  0. |  0. |
|=====+=====+=====||=====+=====+=====||=====+=====+=====|
|  0. |  0. |  0. ||  0. |  0. |  0. ||  0. |  0. |  0. |
|  0. |  0. |  0. ||  0. |  0. |  0. ||  0. |  0. |  0. |
|  0. |  0. |  0. ||  0. |  0. |  0. ||  0. |  0. |  0. |


Determined best move using: 51718Iterations
current State

|  0. | -1. |  0. ||  0. |  0. |  0. ||  0. |  0. |  0. |
|  0. |  0. |  0. ||  0. |  0. |  0. ||  0. |  0. |  0. |
|  0. |  0. |  0. ||  1. |  0. |  0. ||  0. |  0. |  0. |
|=====+=====+=====||=====+=====+=====||=====+=====+=====|
|  1. |  0. |  0. ||  0. |  0. |  0. ||  0. |  0. |  0. |
|  0. |  0. |  0. ||  0. |  0. |  0. ||  0. |  0. |  0. |
|  0. |  0. |  0. ||  0. |  0. |  0. ||  0. |  0. |  0. |
|=====+=====+=====||=====+=====+=====||=====+=====+=====|
|* 0. |* 0. |* 0. ||  0. |  0. |  0. ||  0. |  0. |  0. |
|* 0. |* 0. |* 0. ||  0. |  0. |  0. ||  0. |  0. |  0. |
|* 0. |* 0. |* 0. ||  0. |  0. |  0. ||  0. |  0. |  0. |


state to eval, currenty is playerone turn=false

| -0. |  1. | -0. || -0. | -0. | -0. || -0. | -0. | -0. |
| -0. | -0. | -0. || -0. | -0. | -0. || -0. | -0. | -0. |
| -0. | -0. | -0. || -1. | -0. | -0. || -0. | -0. | -0. |
|=====+=====+=====||=====+=====+=====||=====+=====+=====|
| -1. | -0. | -0. || -0. | -0. | -0. || -0. | -0. | -0. |
| -0. | -0. | -0. || -0. | -0. | -0. || -0. | -0. | -0. |
| -0. | -0. | -0. || -0. | -0. | -0. || -0. | -0. | -0. |
|=====+=====+=====||=====+=====+=====||=====+=====+=====|
|*-0. |*-0. |*-0. || -0. | -0. | -0. || -0. | -0. | -0. |
|*-0. |*-0. |*-0. || -0. | -0. | -0. || -0. | -0. | -0. |
|*-0. |*-0. |*-0. || -0. | -0. | -0. || -0. | -0. | -0. |


Determined best move using: 59747Iterations
Determined best move using: 51069Iterations
current State

|  0. | -1. |  0. ||* 0. |* 0. |* 0. ||  0. |  0. |  0. |
|  0. |  0. |  0. ||* 0. |* 0. |* 0. ||  0. |  0. |  0. |
|  0. |  0. |  0. ||* 1. |* 0. |* 0. ||  0. |  0. |  0. |
|=====+=====+=====||=====+=====+=====||=====+=====+=====|
|  1. |  0. |  0. ||  0. |  0. |  0. ||  0. |  0. |  0. |
|  0. |  0. |  0. ||  0. |  0. |  0. ||  0. |  0. |  0. |
|  0. |  0. |  0. ||  0. |  0. |  0. ||  0. |  0. |  0. |
|=====+=====+=====||=====+=====+=====||=====+=====+=====|
|  0. | -1. |  0. ||  0. |  0. |  0. ||  0. |  0. |  0. |
|  0. |  0. |  0. ||  0. |  0. |  0. ||  0. |  0. |  0. |
|  0. |  0. |  0. ||  0. |  0. |  0. ||  0. |  0. |  0. |


state to eval, currenty is playerone turn=true

|  0. | -1. |  0. ||* 0. |* 0. |* 0. ||  0. |  0. |  0. |
|  0. |  0. |  0. ||* 0. |* 0. |* 0. ||  0. |  0. |  0. |
|  0. |  0. |  0. ||* 1. |* 0. |* 0. ||  0. |  0. |  0. |
|=====+=====+=====||=====+=====+=====||=====+=====+=====|
|  1. |  0. |  0. ||  0. |  0. |  0. ||  0. |  0. |  0. |
|  0. |  0. |  0. ||  0. |  0. |  0. ||  0. |  0. |  0. |
|  0. |  0. |  0. ||  0. |  0. |  0. ||  0. |  0. |  0. |
|=====+=====+=====||=====+=====+=====||=====+=====+=====|
|  0. | -1. |  0. ||  0. |  0. |  0. ||  0. |  0. |  0. |
|  0. |  0. |  0. ||  0. |  0. |  0. ||  0. |  0. |  0. |
|  0. |  0. |  0. ||  0. |  0. |  0. ||  0. |  0. |  0. |


current State

|  0. | -1. |  0. ||* 0. |* 1. |* 0. ||  0. |  0. |  0. |
|  0. |  0. |  0. ||* 0. |* 0. |* 0. ||  0. |  0. |  0. |
|  0. |  0. |  0. ||* 1. |* 0. |* 0. ||  0. |  0. |  0. |
|=====+=====+=====||=====+=====+=====||=====+=====+=====|
|  1. |  0. |  0. ||  0. |  0. |  0. ||  0. |  0. |  0. |
|  0. |  0. |  0. ||  0. |  0. |  0. ||  0. |  0. |  0. |
|  0. |  0. |  0. ||  0. |  0. |  0. ||  0. |  0. |  0. |
|=====+=====+=====||=====+=====+=====||=====+=====+=====|
|  0. | -1. |  0. ||  0. |  0. |  0. ||  0. |  0. |  0. |
|  0. |  0. |  0. ||  0. |  0. |  0. ||  0. |  0. |  0. |
|  0. |  0. |  0. ||  0. |  0. |  0. ||  0. |  0. |  0. |


state to eval, currenty is playerone turn=false

| -0. |  1. | -0. ||*-0. |*-1. |*-0. || -0. | -0. | -0. |
| -0. | -0. | -0. ||*-0. |*-0. |*-0. || -0. | -0. | -0. |
| -0. | -0. | -0. ||*-1. |*-0. |*-0. || -0. | -0. | -0. |
|=====+=====+=====||=====+=====+=====||=====+=====+=====|
| -1. | -0. | -0. || -0. | -0. | -0. || -0. | -0. | -0. |
| -0. | -0. | -0. || -0. | -0. | -0. || -0. | -0. | -0. |
| -0. | -0. | -0. || -0. | -0. | -0. || -0. | -0. | -0. |
|=====+=====+=====||=====+=====+=====||=====+=====+=====|
| -0. |  1. | -0. || -0. | -0. | -0. || -0. | -0. | -0. |
| -0. | -0. | -0. || -0. | -0. | -0. || -0. | -0. | -0. |
| -0. | -0. | -0. || -0. | -0. | -0. || -0. | -0. | -0. |


Determined best move using: 116247Iterations
current State

|  0. | -1. |  0. ||  0. |  1. |  0. ||  0. |  0. |  0. |
|  0. |  0. |  0. || -1. |  0. |  0. ||  0. |  0. |  0. |
|  0. |  0. |  0. ||  1. |  0. |  0. ||  0. |  0. |  0. |
|=====+=====+=====||=====+=====+=====||=====+=====+=====|
|* 1. |* 0. |* 0. ||  0. |  0. |  0. ||  0. |  0. |  0. |
|* 0. |* 0. |* 0. ||  0. |  0. |  0. ||  0. |  0. |  0. |
|* 0. |* 0. |* 0. ||  0. |  0. |  0. ||  0. |  0. |  0. |
|=====+=====+=====||=====+=====+=====||=====+=====+=====|
|  0. | -1. |  0. ||  0. |  0. |  0. ||  0. |  0. |  0. |
|  0. |  0. |  0. ||  0. |  0. |  0. ||  0. |  0. |  0. |
|  0. |  0. |  0. ||  0. |  0. |  0. ||  0. |  0. |  0. |


state to eval, currenty is playerone turn=true

|  0. | -1. |  0. ||  0. |  1. |  0. ||  0. |  0. |  0. |
|  0. |  0. |  0. || -1. |  0. |  0. ||  0. |  0. |  0. |
|  0. |  0. |  0. ||  1. |  0. |  0. ||  0. |  0. |  0. |
|=====+=====+=====||=====+=====+=====||=====+=====+=====|
|* 1. |* 0. |* 0. ||  0. |  0. |  0. ||  0. |  0. |  0. |
|* 0. |* 0. |* 0. ||  0. |  0. |  0. ||  0. |  0. |  0. |
|* 0. |* 0. |* 0. ||  0. |  0. |  0. ||  0. |  0. |  0. |
|=====+=====+=====||=====+=====+=====||=====+=====+=====|
|  0. | -1. |  0. ||  0. |  0. |  0. ||  0. |  0. |  0. |
|  0. |  0. |  0. ||  0. |  0. |  0. ||  0. |  0. |  0. |
|  0. |  0. |  0. ||  0. |  0. |  0. ||  0. |  0. |  0. |


Determined best move using: 116403Iterations
current State

|  0. | -1. |  0. ||  0. |  1. |  0. ||  0. |  0. |  0. |
|  0. |  0. |  0. || -1. |  0. |  0. ||  0. |  0. |  0. |
|  0. |  0. |  0. ||  1. |  0. |  0. ||  0. |  0. |  0. |
|=====+=====+=====||=====+=====+=====||=====+=====+=====|
|  1. |  0. |  0. ||  0. |  0. |  0. ||  0. |  0. |  0. |
|  0. |  0. |  0. ||  0. |  0. |  0. ||  0. |  0. |  0. |
|  0. |  1. |  0. ||  0. |  0. |  0. ||  0. |  0. |  0. |
|=====+=====+=====||=====+=====+=====||=====+=====+=====|
|  0. | -1. |  0. ||* 0. |* 0. |* 0. ||  0. |  0. |  0. |
|  0. |  0. |  0. ||* 0. |* 0. |* 0. ||  0. |  0. |  0. |
|  0. |  0. |  0. ||* 0. |* 0. |* 0. ||  0. |  0. |  0. |


state to eval, currenty is playerone turn=false

| -0. |  1. | -0. || -0. | -1. | -0. || -0. | -0. | -0. |
| -0. | -0. | -0. ||  1. | -0. | -0. || -0. | -0. | -0. |
| -0. | -0. | -0. || -1. | -0. | -0. || -0. | -0. | -0. |
|=====+=====+=====||=====+=====+=====||=====+=====+=====|
| -1. | -0. | -0. || -0. | -0. | -0. || -0. | -0. | -0. |
| -0. | -0. | -0. || -0. | -0. | -0. || -0. | -0. | -0. |
| -0. | -1. | -0. || -0. | -0. | -0. || -0. | -0. | -0. |
|=====+=====+=====||=====+=====+=====||=====+=====+=====|
| -0. |  1. | -0. ||*-0. |*-0. |*-0. || -0. | -0. | -0. |
| -0. | -0. | -0. ||*-0. |*-0. |*-0. || -0. | -0. | -0. |
| -0. | -0. | -0. ||*-0. |*-0. |*-0. || -0. | -0. | -0. |


current State

|  0. | -1. |  0. ||* 0. |* 1. |* 0. ||  0. |  0. |  0. |
|  0. |  0. |  0. ||*-1. |* 0. |* 0. ||  0. |  0. |  0. |
|  0. |  0. |  0. ||* 1. |* 0. |* 0. ||  0. |  0. |  0. |
|=====+=====+=====||=====+=====+=====||=====+=====+=====|
|  1. |  0. |  0. ||  0. |  0. |  0. ||  0. |  0. |  0. |
|  0. |  0. |  0. ||  0. |  0. |  0. ||  0. |  0. |  0. |
|  0. |  1. |  0. ||  0. |  0. |  0. ||  0. |  0. |  0. |
|=====+=====+=====||=====+=====+=====||=====+=====+=====|
|  0. | -1. |  0. ||  0. | -1. |  0. ||  0. |  0. |  0. |
|  0. |  0. |  0. ||  0. |  0. |  0. ||  0. |  0. |  0. |
|  0. |  0. |  0. ||  0. |  0. |  0. ||  0. |  0. |  0. |


state to eval, currenty is playerone turn=true

|  0. | -1. |  0. ||* 0. |* 1. |* 0. ||  0. |  0. |  0. |
|  0. |  0. |  0. ||*-1. |* 0. |* 0. ||  0. |  0. |  0. |
|  0. |  0. |  0. ||* 1. |* 0. |* 0. ||  0. |  0. |  0. |
|=====+=====+=====||=====+=====+=====||=====+=====+=====|
|  1. |  0. |  0. ||  0. |  0. |  0. ||  0. |  0. |  0. |
|  0. |  0. |  0. ||  0. |  0. |  0. ||  0. |  0. |  0. |
|  0. |  1. |  0. ||  0. |  0. |  0. ||  0. |  0. |  0. |
|=====+=====+=====||=====+=====+=====||=====+=====+=====|
|  0. | -1. |  0. ||  0. | -1. |  0. ||  0. |  0. |  0. |
|  0. |  0. |  0. ||  0. |  0. |  0. ||  0. |  0. |  0. |
|  0. |  0. |  0. ||  0. |  0. |  0. ||  0. |  0. |  0. |


current State

|* 0. |*-1. |* 0. ||  1. |  1. |  0. ||  0. |  0. |  0. |
|* 0. |* 0. |* 0. || -1. |  0. |  0. ||  0. |  0. |  0. |
|* 0. |* 0. |* 0. ||  1. |  0. |  0. ||  0. |  0. |  0. |
|=====+=====+=====||=====+=====+=====||=====+=====+=====|
|  1. |  0. |  0. ||  0. |  0. |  0. ||  0. |  0. |  0. |
|  0. |  0. |  0. ||  0. |  0. |  0. ||  0. |  0. |  0. |
|  0. |  1. |  0. ||  0. |  0. |  0. ||  0. |  0. |  0. |
|=====+=====+=====||=====+=====+=====||=====+=====+=====|
|  0. | -1. |  0. ||  0. | -1. |  0. ||  0. |  0. |  0. |
|  0. |  0. |  0. ||  0. |  0. |  0. ||  0. |  0. |  0. |
|  0. |  0. |  0. ||  0. |  0. |  0. ||  0. |  0. |  0. |


state to eval, currenty is playerone turn=false

|*-0. |* 1. |*-0. || -1. | -1. | -0. || -0. | -0. | -0. |
|*-0. |*-0. |*-0. ||  1. | -0. | -0. || -0. | -0. | -0. |
|*-0. |*-0. |*-0. || -1. | -0. | -0. || -0. | -0. | -0. |
|=====+=====+=====||=====+=====+=====||=====+=====+=====|
| -1. | -0. | -0. || -0. | -0. | -0. || -0. | -0. | -0. |
| -0. | -0. | -0. || -0. | -0. | -0. || -0. | -0. | -0. |
| -0. | -1. | -0. || -0. | -0. | -0. || -0. | -0. | -0. |
|=====+=====+=====||=====+=====+=====||=====+=====+=====|
| -0. |  1. | -0. || -0. |  1. | -0. || -0. | -0. | -0. |
| -0. | -0. | -0. || -0. | -0. | -0. || -0. | -0. | -0. |
| -0. | -0. | -0. || -0. | -0. | -0. || -0. | -0. | -0. |


Determined best move using: 133449Iterations
current State

|  0. | -1. |  0. ||  1. |  1. |  0. ||  0. |  0. |  0. |
|  0. |  0. |  0. || -1. |  0. |  0. ||  0. |  0. |  0. |
|  0. |  0. | -1. ||  1. |  0. |  0. ||  0. |  0. |  0. |
|=====+=====+=====||=====+=====+=====||=====+=====+=====|
|  1. |  0. |  0. ||  0. |  0. |  0. ||  0. |  0. |  0. |
|  0. |  0. |  0. ||  0. |  0. |  0. ||  0. |  0. |  0. |
|  0. |  1. |  0. ||  0. |  0. |  0. ||  0. |  0. |  0. |
|=====+=====+=====||=====+=====+=====||=====+=====+=====|
|  0. | -1. |  0. ||  0. | -1. |  0. ||* 0. |* 0. |* 0. |
|  0. |  0. |  0. ||  0. |  0. |  0. ||* 0. |* 0. |* 0. |
|  0. |  0. |  0. ||  0. |  0. |  0. ||* 0. |* 0. |* 0. |


state to eval, currenty is playerone turn=true

|  0. | -1. |  0. ||  1. |  1. |  0. ||  0. |  0. |  0. |
|  0. |  0. |  0. || -1. |  0. |  0. ||  0. |  0. |  0. |
|  0. |  0. | -1. ||  1. |  0. |  0. ||  0. |  0. |  0. |
|=====+=====+=====||=====+=====+=====||=====+=====+=====|
|  1. |  0. |  0. ||  0. |  0. |  0. ||  0. |  0. |  0. |
|  0. |  0. |  0. ||  0. |  0. |  0. ||  0. |  0. |  0. |
|  0. |  1. |  0. ||  0. |  0. |  0. ||  0. |  0. |  0. |
|=====+=====+=====||=====+=====+=====||=====+=====+=====|
|  0. | -1. |  0. ||  0. | -1. |  0. ||* 0. |* 0. |* 0. |
|  0. |  0. |  0. ||  0. |  0. |  0. ||* 0. |* 0. |* 0. |
|  0. |  0. |  0. ||  0. |  0. |  0. ||* 0. |* 0. |* 0. |


current State

|  0. | -1. |  0. ||  1. |  1. |  0. ||  0. |  0. |  0. |
|  0. |  0. |  0. || -1. |  0. |  0. ||  0. |  0. |  0. |
|  0. |  0. | -1. ||  1. |  0. |  0. ||  0. |  0. |  0. |
|=====+=====+=====||=====+=====+=====||=====+=====+=====|
|  1. |  0. |  0. ||  0. |  0. |  0. ||  0. |  0. |  0. |
|  0. |  0. |  0. ||  0. |  0. |  0. ||  0. |  0. |  0. |
|  0. |  1. |  0. ||  0. |  0. |  0. ||  0. |  0. |  0. |
|=====+=====+=====||=====+=====+=====||=====+=====+=====|
|  0. | -1. |  0. ||* 0. |*-1. |* 0. ||  0. |  0. |  0. |
|  0. |  0. |  0. ||* 0. |* 0. |* 0. ||  0. |  0. |  0. |
|  0. |  0. |  0. ||* 0. |* 0. |* 0. ||  0. |  1. |  0. |


state to eval, currenty is playerone turn=false

| -0. |  1. | -0. || -1. | -1. | -0. || -0. | -0. | -0. |
| -0. | -0. | -0. ||  1. | -0. | -0. || -0. | -0. | -0. |
| -0. | -0. |  1. || -1. | -0. | -0. || -0. | -0. | -0. |
|=====+=====+=====||=====+=====+=====||=====+=====+=====|
| -1. | -0. | -0. || -0. | -0. | -0. || -0. | -0. | -0. |
| -0. | -0. | -0. || -0. | -0. | -0. || -0. | -0. | -0. |
| -0. | -1. | -0. || -0. | -0. | -0. || -0. | -0. | -0. |
|=====+=====+=====||=====+=====+=====||=====+=====+=====|
| -0. |  1. | -0. ||*-0. |* 1. |*-0. || -0. | -0. | -0. |
| -0. | -0. | -0. ||*-0. |*-0. |*-0. || -0. | -0. | -0. |
| -0. | -0. | -0. ||*-0. |*-0. |*-0. || -0. | -1. | -0. |


Determined best move using: 156842Iterations
current State

|  0. | -1. |  0. ||  1. |  1. |  0. ||  0. |  0. |  0. |
|  0. |  0. |  0. || -1. |  0. |  0. ||  0. |  0. |  0. |
|  0. |  0. | -1. ||  1. |  0. |  0. ||  0. |  0. |  0. |
|=====+=====+=====||=====+=====+=====||=====+=====+=====|
|* 1. |* 0. |* 0. ||  0. |  0. |  0. ||  0. |  0. |  0. |
|* 0. |* 0. |* 0. ||  0. |  0. |  0. ||  0. |  0. |  0. |
|* 0. |* 1. |* 0. ||  0. |  0. |  0. ||  0. |  0. |  0. |
|=====+=====+=====||=====+=====+=====||=====+=====+=====|
|  0. | -1. |  0. ||  0. | -1. |  0. ||  0. |  0. |  0. |
|  0. |  0. |  0. || -1. |  0. |  0. ||  0. |  0. |  0. |
|  0. |  0. |  0. ||  0. |  0. |  0. ||  0. |  1. |  0. |


state to eval, currenty is playerone turn=true

|  0. | -1. |  0. ||  1. |  1. |  0. ||  0. |  0. |  0. |
|  0. |  0. |  0. || -1. |  0. |  0. ||  0. |  0. |  0. |
|  0. |  0. | -1. ||  1. |  0. |  0. ||  0. |  0. |  0. |
|=====+=====+=====||=====+=====+=====||=====+=====+=====|
|* 1. |* 0. |* 0. ||  0. |  0. |  0. ||  0. |  0. |  0. |
|* 0. |* 0. |* 0. ||  0. |  0. |  0. ||  0. |  0. |  0. |
|* 0. |* 1. |* 0. ||  0. |  0. |  0. ||  0. |  0. |  0. |
|=====+=====+=====||=====+=====+=====||=====+=====+=====|
|  0. | -1. |  0. ||  0. | -1. |  0. ||  0. |  0. |  0. |
|  0. |  0. |  0. || -1. |  0. |  0. ||  0. |  0. |  0. |
|  0. |  0. |  0. ||  0. |  0. |  0. ||  0. |  1. |  0. |


Determined best move using: 164336Iterations
current State

|  0. | -1. |  0. ||  1. |  1. |  0. ||* 0. |* 0. |* 0. |
|  0. |  0. |  0. || -1. |  0. |  0. ||* 0. |* 0. |* 0. |
|  0. |  0. | -1. ||  1. |  0. |  0. ||* 0. |* 0. |* 0. |
|=====+=====+=====||=====+=====+=====||=====+=====+=====|
|  1. |  0. |  1. ||  0. |  0. |  0. ||  0. |  0. |  0. |
|  0. |  0. |  0. ||  0. |  0. |  0. ||  0. |  0. |  0. |
|  0. |  1. |  0. ||  0. |  0. |  0. ||  0. |  0. |  0. |
|=====+=====+=====||=====+=====+=====||=====+=====+=====|
|  0. | -1. |  0. ||  0. | -1. |  0. ||  0. |  0. |  0. |
|  0. |  0. |  0. || -1. |  0. |  0. ||  0. |  0. |  0. |
|  0. |  0. |  0. ||  0. |  0. |  0. ||  0. |  1. |  0. |


state to eval, currenty is playerone turn=false

| -0. |  1. | -0. || -1. | -1. | -0. ||*-0. |*-0. |*-0. |
| -0. | -0. | -0. ||  1. | -0. | -0. ||*-0. |*-0. |*-0. |
| -0. | -0. |  1. || -1. | -0. | -0. ||*-0. |*-0. |*-0. |
|=====+=====+=====||=====+=====+=====||=====+=====+=====|
| -1. | -0. | -1. || -0. | -0. | -0. || -0. | -0. | -0. |
| -0. | -0. | -0. || -0. | -0. | -0. || -0. | -0. | -0. |
| -0. | -1. | -0. || -0. | -0. | -0. || -0. | -0. | -0. |
|=====+=====+=====||=====+=====+=====||=====+=====+=====|
| -0. |  1. | -0. || -0. |  1. | -0. || -0. | -0. | -0. |
| -0. | -0. | -0. ||  1. | -0. | -0. || -0. | -0. | -0. |
| -0. | -0. | -0. || -0. | -0. | -0. || -0. | -1. | -0. |


Determined best move using: 177246Iterations
current State

|  0. | -1. |  0. ||  1. |  1. |  0. ||  0. |  0. |  0. |
|  0. |  0. |  0. || -1. |  0. |  0. ||  0. |  0. | -1. |
|  0. |  0. | -1. ||  1. |  0. |  0. ||  0. |  0. |  0. |
|=====+=====+=====||=====+=====+=====||=====+=====+=====|
|  1. |  0. |  1. ||  0. |  0. |  0. ||* 0. |* 0. |* 0. |
|  0. |  0. |  0. ||  0. |  0. |  0. ||* 0. |* 0. |* 0. |
|  0. |  1. |  0. ||  0. |  0. |  0. ||* 0. |* 0. |* 0. |
|=====+=====+=====||=====+=====+=====||=====+=====+=====|
|  0. | -1. |  0. ||  0. | -1. |  0. ||  0. |  0. |  0. |
|  0. |  0. |  0. || -1. |  0. |  0. ||  0. |  0. |  0. |
|  0. |  0. |  0. ||  0. |  0. |  0. ||  0. |  1. |  0. |


state to eval, currenty is playerone turn=true

|  0. | -1. |  0. ||  1. |  1. |  0. ||  0. |  0. |  0. |
|  0. |  0. |  0. || -1. |  0. |  0. ||  0. |  0. | -1. |
|  0. |  0. | -1. ||  1. |  0. |  0. ||  0. |  0. |  0. |
|=====+=====+=====||=====+=====+=====||=====+=====+=====|
|  1. |  0. |  1. ||  0. |  0. |  0. ||* 0. |* 0. |* 0. |
|  0. |  0. |  0. ||  0. |  0. |  0. ||* 0. |* 0. |* 0. |
|  0. |  1. |  0. ||  0. |  0. |  0. ||* 0. |* 0. |* 0. |
|=====+=====+=====||=====+=====+=====||=====+=====+=====|
|  0. | -1. |  0. ||  0. | -1. |  0. ||  0. |  0. |  0. |
|  0. |  0. |  0. || -1. |  0. |  0. ||  0. |  0. |  0. |
|  0. |  0. |  0. ||  0. |  0. |  0. ||  0. |  1. |  0. |


Determined best move using: 187885Iterations
current State

|  0. | -1. |  0. ||  1. |  1. |  0. ||  0. |  0. |  0. |
|  0. |  0. |  0. || -1. |  0. |  0. ||  0. |  0. | -1. |
|  0. |  0. | -1. ||  1. |  0. |  0. ||  0. |  0. |  0. |
|=====+=====+=====||=====+=====+=====||=====+=====+=====|
|  1. |  0. |  1. ||* 0. |* 0. |* 0. ||  0. |  0. |  0. |
|  0. |  0. |  0. ||* 0. |* 0. |* 0. ||  0. |  1. |  0. |
|  0. |  1. |  0. ||* 0. |* 0. |* 0. ||  0. |  0. |  0. |
|=====+=====+=====||=====+=====+=====||=====+=====+=====|
|  0. | -1. |  0. ||  0. | -1. |  0. ||  0. |  0. |  0. |
|  0. |  0. |  0. || -1. |  0. |  0. ||  0. |  0. |  0. |
|  0. |  0. |  0. ||  0. |  0. |  0. ||  0. |  1. |  0. |


state to eval, currenty is playerone turn=false

| -0. |  1. | -0. || -1. | -1. | -0. || -0. | -0. | -0. |
| -0. | -0. | -0. ||  1. | -0. | -0. || -0. | -0. |  1. |
| -0. | -0. |  1. || -1. | -0. | -0. || -0. | -0. | -0. |
|=====+=====+=====||=====+=====+=====||=====+=====+=====|
| -1. | -0. | -1. ||*-0. |*-0. |*-0. || -0. | -0. | -0. |
| -0. | -0. | -0. ||*-0. |*-0. |*-0. || -0. | -1. | -0. |
| -0. | -1. | -0. ||*-0. |*-0. |*-0. || -0. | -0. | -0. |
|=====+=====+=====||=====+=====+=====||=====+=====+=====|
| -0. |  1. | -0. || -0. |  1. | -0. || -0. | -0. | -0. |
| -0. | -0. | -0. ||  1. | -0. | -0. || -0. | -0. | -0. |
| -0. | -0. | -0. || -0. | -0. | -0. || -0. | -1. | -0. |


current State

|  0. | -1. |  0. ||  1. |  1. |  0. ||  0. |  0. |  0. |
|  0. |  0. |  0. || -1. |  0. |  0. ||  0. |  0. | -1. |
|  0. |  0. | -1. ||  1. |  0. |  0. ||  0. |  0. |  0. |
|=====+=====+=====||=====+=====+=====||=====+=====+=====|
|  1. |  0. |  1. ||* 0. |* 0. |* 0. ||  0. |  0. |  0. |
|  0. |  0. |  0. ||* 0. |*-1. |* 0. ||  0. |  1. |  0. |
|  0. |  1. |  0. ||* 0. |* 0. |* 0. ||  0. |  0. |  0. |
|=====+=====+=====||=====+=====+=====||=====+=====+=====|
|  0. | -1. |  0. ||  0. | -1. |  0. ||  0. |  0. |  0. |
|  0. |  0. |  0. || -1. |  0. |  0. ||  0. |  0. |  0. |
|  0. |  0. |  0. ||  0. |  0. |  0. ||  0. |  1. |  0. |


state to eval, currenty is playerone turn=true

|  0. | -1. |  0. ||  1. |  1. |  0. ||  0. |  0. |  0. |
|  0. |  0. |  0. || -1. |  0. |  0. ||  0. |  0. | -1. |
|  0. |  0. | -1. ||  1. |  0. |  0. ||  0. |  0. |  0. |
|=====+=====+=====||=====+=====+=====||=====+=====+=====|
|  1. |  0. |  1. ||* 0. |* 0. |* 0. ||  0. |  0. |  0. |
|  0. |  0. |  0. ||* 0. |*-1. |* 0. ||  0. |  1. |  0. |
|  0. |  1. |  0. ||* 0. |* 0. |* 0. ||  0. |  0. |  0. |
|=====+=====+=====||=====+=====+=====||=====+=====+=====|
|  0. | -1. |  0. ||  0. | -1. |  0. ||  0. |  0. |  0. |
|  0. |  0. |  0. || -1. |  0. |  0. ||  0. |  0. |  0. |
|  0. |  0. |  0. ||  0. |  0. |  0. ||  0. |  1. |  0. |


current State

|  0. | -1. |  0. ||  1. |  1. |  0. ||  0. |  0. |  0. |
|  0. |  0. |  0. || -1. |  0. |  0. ||  0. |  0. | -1. |
|  0. |  0. | -1. ||  1. |  0. |  0. ||  0. |  0. |  0. |
|=====+=====+=====||=====+=====+=====||=====+=====+=====|
|  1. |  0. |  1. ||  0. |  0. |  0. ||* 0. |* 0. |* 0. |
|  0. |  0. |  0. ||  0. | -1. |  1. ||* 0. |* 1. |* 0. |
|  0. |  1. |  0. ||  0. |  0. |  0. ||* 0. |* 0. |* 0. |
|=====+=====+=====||=====+=====+=====||=====+=====+=====|
|  0. | -1. |  0. ||  0. | -1. |  0. ||  0. |  0. |  0. |
|  0. |  0. |  0. || -1. |  0. |  0. ||  0. |  0. |  0. |
|  0. |  0. |  0. ||  0. |  0. |  0. ||  0. |  1. |  0. |


state to eval, currenty is playerone turn=false

| -0. |  1. | -0. || -1. | -1. | -0. || -0. | -0. | -0. |
| -0. | -0. | -0. ||  1. | -0. | -0. || -0. | -0. |  1. |
| -0. | -0. |  1. || -1. | -0. | -0. || -0. | -0. | -0. |
|=====+=====+=====||=====+=====+=====||=====+=====+=====|
| -1. | -0. | -1. || -0. | -0. | -0. ||*-0. |*-0. |*-0. |
| -0. | -0. | -0. || -0. |  1. | -1. ||*-0. |*-1. |*-0. |
| -0. | -1. | -0. || -0. | -0. | -0. ||*-0. |*-0. |*-0. |
|=====+=====+=====||=====+=====+=====||=====+=====+=====|
| -0. |  1. | -0. || -0. |  1. | -0. || -0. | -0. | -0. |
| -0. | -0. | -0. ||  1. | -0. | -0. || -0. | -0. | -0. |
| -0. | -0. | -0. || -0. | -0. | -0. || -0. | -1. | -0. |


Determined best move using: 64416Iterations
Determined best move using: 59413Iterations
Determined best move using: 60957Iterations
current State

|  0. | -1. |  0. ||  1. |  1. |  0. ||  0. |  0. |  0. |
|  0. |  0. |  0. || -1. |  0. |  0. ||  0. |  0. | -1. |
|  0. |  0. | -1. ||  1. |  0. |  0. ||  0. |  0. |  0. |
|=====+=====+=====||=====+=====+=====||=====+=====+=====|
|  1. |  0. |  1. ||  0. |  0. |  0. ||  0. |  0. |  0. |
|  0. |  0. |  0. ||  0. | -1. |  1. ||  0. |  1. |  0. |
|  0. |  1. |  0. ||  0. |  0. |  0. ||  0. |  0. | -1. |
|=====+=====+=====||=====+=====+=====||=====+=====+=====|
|  0. | -1. |  0. ||  0. | -1. |  0. ||* 0. |* 0. |* 0. |
|  0. |  0. |  0. || -1. |  0. |  0. ||* 0. |* 0. |* 0. |
|  0. |  0. |  0. ||  0. |  0. |  0. ||* 0. |* 1. |* 0. |


state to eval, currenty is playerone turn=true

|  0. | -1. |  0. ||  1. |  1. |  0. ||  0. |  0. |  0. |
|  0. |  0. |  0. || -1. |  0. |  0. ||  0. |  0. | -1. |
|  0. |  0. | -1. ||  1. |  0. |  0. ||  0. |  0. |  0. |
|=====+=====+=====||=====+=====+=====||=====+=====+=====|
|  1. |  0. |  1. ||  0. |  0. |  0. ||  0. |  0. |  0. |
|  0. |  0. |  0. ||  0. | -1. |  1. ||  0. |  1. |  0. |
|  0. |  1. |  0. ||  0. |  0. |  0. ||  0. |  0. | -1. |
|=====+=====+=====||=====+=====+=====||=====+=====+=====|
|  0. | -1. |  0. ||  0. | -1. |  0. ||* 0. |* 0. |* 0. |
|  0. |  0. |  0. || -1. |  0. |  0. ||* 0. |* 0. |* 0. |
|  0. |  0. |  0. ||  0. |  0. |  0. ||* 0. |* 1. |* 0. |


Determined best move using: 55384Iterations
Determined best move using: 62789Iterations
Determined best move using: 63280Iterations
current State

|  0. | -1. |  0. ||  1. |  1. |  0. ||  0. |  0. |  0. |
|  0. |  0. |  0. || -1. |  0. |  0. ||  0. |  0. | -1. |
|  0. |  0. | -1. ||  1. |  0. |  0. ||  0. |  0. |  0. |
|=====+=====+=====||=====+=====+=====||=====+=====+=====|
|  1. |  0. |  1. ||  0. |  0. |  0. ||* 0. |* 0. |* 0. |
|  0. |  0. |  0. ||  0. | -1. |  1. ||* 0. |* 1. |* 0. |
|  0. |  1. |  0. ||  0. |  0. |  0. ||* 0. |* 0. |*-1. |
|=====+=====+=====||=====+=====+=====||=====+=====+=====|
|  0. | -1. |  0. ||  0. | -1. |  0. ||  0. |  0. |  0. |
|  0. |  0. |  0. || -1. |  0. |  0. ||  0. |  0. |  1. |
|  0. |  0. |  0. ||  0. |  0. |  0. ||  0. |  1. |  0. |


state to eval, currenty is playerone turn=false

| -0. |  1. | -0. || -1. | -1. | -0. || -0. | -0. | -0. |
| -0. | -0. | -0. ||  1. | -0. | -0. || -0. | -0. |  1. |
| -0. | -0. |  1. || -1. | -0. | -0. || -0. | -0. | -0. |
|=====+=====+=====||=====+=====+=====||=====+=====+=====|
| -1. | -0. | -1. || -0. | -0. | -0. ||*-0. |*-0. |*-0. |
| -0. | -0. | -0. || -0. |  1. | -1. ||*-0. |*-1. |*-0. |
| -0. | -1. | -0. || -0. | -0. | -0. ||*-0. |*-0. |* 1. |
|=====+=====+=====||=====+=====+=====||=====+=====+=====|
| -0. |  1. | -0. || -0. |  1. | -0. || -0. | -0. | -0. |
| -0. | -0. | -0. ||  1. | -0. | -0. || -0. | -0. | -1. |
| -0. | -0. | -0. || -0. | -0. | -0. || -0. | -1. | -0. |


current State

|  0. | -1. |  0. ||  1. |  1. |  0. ||* 0. |* 0. |* 0. |
|  0. |  0. |  0. || -1. |  0. |  0. ||* 0. |* 0. |*-1. |
|  0. |  0. | -1. ||  1. |  0. |  0. ||* 0. |* 0. |* 0. |
|=====+=====+=====||=====+=====+=====||=====+=====+=====|
|  1. |  0. |  1. ||  0. |  0. |  0. ||  0. |  0. | -1. |
|  0. |  0. |  0. ||  0. | -1. |  1. ||  0. |  1. |  0. |
|  0. |  1. |  0. ||  0. |  0. |  0. ||  0. |  0. | -1. |
|=====+=====+=====||=====+=====+=====||=====+=====+=====|
|  0. | -1. |  0. ||  0. | -1. |  0. ||  0. |  0. |  0. |
|  0. |  0. |  0. || -1. |  0. |  0. ||  0. |  0. |  1. |
|  0. |  0. |  0. ||  0. |  0. |  0. ||  0. |  1. |  0. |


state to eval, currenty is playerone turn=true

|  0. | -1. |  0. ||  1. |  1. |  0. ||* 0. |* 0. |* 0. |
|  0. |  0. |  0. || -1. |  0. |  0. ||* 0. |* 0. |*-1. |
|  0. |  0. | -1. ||  1. |  0. |  0. ||* 0. |* 0. |* 0. |
|=====+=====+=====||=====+=====+=====||=====+=====+=====|
|  1. |  0. |  1. ||  0. |  0. |  0. ||  0. |  0. | -1. |
|  0. |  0. |  0. ||  0. | -1. |  1. ||  0. |  1. |  0. |
|  0. |  1. |  0. ||  0. |  0. |  0. ||  0. |  0. | -1. |
|=====+=====+=====||=====+=====+=====||=====+=====+=====|
|  0. | -1. |  0. ||  0. | -1. |  0. ||  0. |  0. |  0. |
|  0. |  0. |  0. || -1. |  0. |  0. ||  0. |  0. |  1. |
|  0. |  0. |  0. ||  0. |  0. |  0. ||  0. |  1. |  0. |


current State

|  0. | -1. |  0. ||  1. |  1. |  0. ||* 0. |* 0. |* 1. |
|  0. |  0. |  0. || -1. |  0. |  0. ||* 0. |* 0. |*-1. |
|  0. |  0. | -1. ||  1. |  0. |  0. ||* 0. |* 0. |* 0. |
|=====+=====+=====||=====+=====+=====||=====+=====+=====|
|  1. |  0. |  1. ||  0. |  0. |  0. ||  0. |  0. | -1. |
|  0. |  0. |  0. ||  0. | -1. |  1. ||  0. |  1. |  0. |
|  0. |  1. |  0. ||  0. |  0. |  0. ||  0. |  0. | -1. |
|=====+=====+=====||=====+=====+=====||=====+=====+=====|
|  0. | -1. |  0. ||  0. | -1. |  0. ||  0. |  0. |  0. |
|  0. |  0. |  0. || -1. |  0. |  0. ||  0. |  0. |  1. |
|  0. |  0. |  0. ||  0. |  0. |  0. ||  0. |  1. |  0. |


state to eval, currenty is playerone turn=false

| -0. |  1. | -0. || -1. | -1. | -0. ||*-0. |*-0. |*-1. |
| -0. | -0. | -0. ||  1. | -0. | -0. ||*-0. |*-0. |* 1. |
| -0. | -0. |  1. || -1. | -0. | -0. ||*-0. |*-0. |*-0. |
|=====+=====+=====||=====+=====+=====||=====+=====+=====|
| -1. | -0. | -1. || -0. | -0. | -0. || -0. | -0. |  1. |
| -0. | -0. | -0. || -0. |  1. | -1. || -0. | -1. | -0. |
| -0. | -1. | -0. || -0. | -0. | -0. || -0. | -0. |  1. |
|=====+=====+=====||=====+=====+=====||=====+=====+=====|
| -0. |  1. | -0. || -0. |  1. | -0. || -0. | -0. | -0. |
| -0. | -0. | -0. ||  1. | -0. | -0. || -0. | -0. | -1. |
| -0. | -0. | -0. || -0. | -0. | -0. || -0. | -1. | -0. |


Determined best move using: 66412Iterations
Determined best move using: 63994Iterations
current State

|  0. | -1. |  0. ||  1. |  1. |  0. ||  0. |  0. |  1. |
|  0. |  0. |  0. || -1. |  0. |  0. ||  0. |  0. | -1. |
|  0. |  0. | -1. ||  1. |  0. |  0. ||  0. |  0. | -1. |
|=====+=====+=====||=====+=====+=====||=====+=====+=====|
|  1. |  0. |  1. ||  0. |  0. |  0. ||  0. |  0. | -1. |
|  0. |  0. |  0. ||  0. | -1. |  1. ||  0. |  1. |  0. |
|  0. |  1. |  0. ||  0. |  0. |  0. ||  0. |  0. | -1. |
|=====+=====+=====||=====+=====+=====||=====+=====+=====|
|  0. | -1. |  0. ||  0. | -1. |  0. ||* 0. |* 0. |* 0. |
|  0. |  0. |  0. || -1. |  0. |  0. ||* 0. |* 0. |* 1. |
|  0. |  0. |  0. ||  0. |  0. |  0. ||* 0. |* 1. |* 0. |


state to eval, currenty is playerone turn=true

|  0. | -1. |  0. ||  1. |  1. |  0. ||  0. |  0. |  1. |
|  0. |  0. |  0. || -1. |  0. |  0. ||  0. |  0. | -1. |
|  0. |  0. | -1. ||  1. |  0. |  0. ||  0. |  0. | -1. |
|=====+=====+=====||=====+=====+=====||=====+=====+=====|
|  1. |  0. |  1. ||  0. |  0. |  0. ||  0. |  0. | -1. |
|  0. |  0. |  0. ||  0. | -1. |  1. ||  0. |  1. |  0. |
|  0. |  1. |  0. ||  0. |  0. |  0. ||  0. |  0. | -1. |
|=====+=====+=====||=====+=====+=====||=====+=====+=====|
|  0. | -1. |  0. ||  0. | -1. |  0. ||* 0. |* 0. |* 0. |
|  0. |  0. |  0. || -1. |  0. |  0. ||* 0. |* 0. |* 1. |
|  0. |  0. |  0. ||  0. |  0. |  0. ||* 0. |* 1. |* 0. |


current State

|* 0. |*-1. |* 0. ||  1. |  1. |  0. ||  0. |  0. |  1. |
|* 0. |* 0. |* 0. || -1. |  0. |  0. ||  0. |  0. | -1. |
|* 0. |* 0. |*-1. ||  1. |  0. |  0. ||  0. |  0. | -1. |
|=====+=====+=====||=====+=====+=====||=====+=====+=====|
|  1. |  0. |  1. ||  0. |  0. |  0. ||  0. |  0. | -1. |
|  0. |  0. |  0. ||  0. | -1. |  1. ||  0. |  1. |  0. |
|  0. |  1. |  0. ||  0. |  0. |  0. ||  0. |  0. | -1. |
|=====+=====+=====||=====+=====+=====||=====+=====+=====|
|  0. | -1. |  0. ||  0. | -1. |  0. ||  1. |  0. |  0. |
|  0. |  0. |  0. || -1. |  0. |  0. ||  0. |  0. |  1. |
|  0. |  0. |  0. ||  0. |  0. |  0. ||  0. |  1. |  0. |


state to eval, currenty is playerone turn=false

|*-0. |* 1. |*-0. || -1. | -1. | -0. || -0. | -0. | -1. |
|*-0. |*-0. |*-0. ||  1. | -0. | -0. || -0. | -0. |  1. |
|*-0. |*-0. |* 1. || -1. | -0. | -0. || -0. | -0. |  1. |
|=====+=====+=====||=====+=====+=====||=====+=====+=====|
| -1. | -0. | -1. || -0. | -0. | -0. || -0. | -0. |  1. |
| -0. | -0. | -0. || -0. |  1. | -1. || -0. | -1. | -0. |
| -0. | -1. | -0. || -0. | -0. | -0. || -0. | -0. |  1. |
|=====+=====+=====||=====+=====+=====||=====+=====+=====|
| -0. |  1. | -0. || -0. |  1. | -0. || -1. | -0. | -0. |
| -0. | -0. | -0. ||  1. | -0. | -0. || -0. | -0. | -1. |
| -0. | -0. | -0. || -0. | -0. | -0. || -0. | -1. | -0. |


current State

|  0. | -1. |  0. ||  1. |  1. |  0. ||  0. |  0. |  1. |
|  0. |  0. |  0. || -1. |  0. |  0. ||  0. |  0. | -1. |
| -1. |  0. | -1. ||  1. |  0. |  0. ||  0. |  0. | -1. |
|=====+=====+=====||=====+=====+=====||=====+=====+=====|
|  1. |  0. |  1. ||  0. |  0. |  0. ||  0. |  0. | -1. |
|  0. |  0. |  0. ||  0. | -1. |  1. ||  0. |  1. |  0. |
|  0. |  1. |  0. ||  0. |  0. |  0. ||  0. |  0. | -1. |
|=====+=====+=====||=====+=====+=====||=====+=====+=====|
|* 0. |*-1. |* 0. ||  0. | -1. |  0. ||  1. |  0. |  0. |
|* 0. |* 0. |* 0. || -1. |  0. |  0. ||  0. |  0. |  1. |
|* 0. |* 0. |* 0. ||  0. |  0. |  0. ||  0. |  1. |  0. |


state to eval, currenty is playerone turn=true

|  0. | -1. |  0. ||  1. |  1. |  0. ||  0. |  0. |  1. |
|  0. |  0. |  0. || -1. |  0. |  0. ||  0. |  0. | -1. |
| -1. |  0. | -1. ||  1. |  0. |  0. ||  0. |  0. | -1. |
|=====+=====+=====||=====+=====+=====||=====+=====+=====|
|  1. |  0. |  1. ||  0. |  0. |  0. ||  0. |  0. | -1. |
|  0. |  0. |  0. ||  0. | -1. |  1. ||  0. |  1. |  0. |
|  0. |  1. |  0. ||  0. |  0. |  0. ||  0. |  0. | -1. |
|=====+=====+=====||=====+=====+=====||=====+=====+=====|
|* 0. |*-1. |* 0. ||  0. | -1. |  0. ||  1. |  0. |  0. |
|* 0. |* 0. |* 0. || -1. |  0. |  0. ||  0. |  0. |  1. |
|* 0. |* 0. |* 0. ||  0. |  0. |  0. ||  0. |  1. |  0. |


current State

|  0. | -1. |  0. ||  1. |  1. |  0. ||  0. |  0. |  1. |
|  0. |  0. |  0. || -1. |  0. |  0. ||  0. |  0. | -1. |
| -1. |  0. | -1. ||  1. |  0. |  0. ||  0. |  0. | -1. |
|=====+=====+=====||=====+=====+=====||=====+=====+=====|
|  1. |  0. |  1. ||  0. |  0. |  0. ||  0. |  0. | -1. |
|  0. |  0. |  0. ||  0. | -1. |  1. ||  0. |  1. |  0. |
|  0. |  1. |  0. ||  0. |  0. |  0. ||  0. |  0. | -1. |
|=====+=====+=====||=====+=====+=====||=====+=====+=====|
|  0. | -1. |  0. ||* 0. |*-1. |* 0. ||  1. |  0. |  0. |
|  0. |  0. |  0. ||*-1. |* 0. |* 0. ||  0. |  0. |  1. |
|  0. |  1. |  0. ||* 0. |* 0. |* 0. ||  0. |  1. |  0. |


state to eval, currenty is playerone turn=false

| -0. |  1. | -0. || -1. | -1. | -0. || -0. | -0. | -1. |
| -0. | -0. | -0. ||  1. | -0. | -0. || -0. | -0. |  1. |
|  1. | -0. |  1. || -1. | -0. | -0. || -0. | -0. |  1. |
|=====+=====+=====||=====+=====+=====||=====+=====+=====|
| -1. | -0. | -1. || -0. | -0. | -0. || -0. | -0. |  1. |
| -0. | -0. | -0. || -0. |  1. | -1. || -0. | -1. | -0. |
| -0. | -1. | -0. || -0. | -0. | -0. || -0. | -0. |  1. |
|=====+=====+=====||=====+=====+=====||=====+=====+=====|
| -0. |  1. | -0. ||*-0. |* 1. |*-0. || -1. | -0. | -0. |
| -0. | -0. | -0. ||* 1. |*-0. |*-0. || -0. | -0. | -1. |
| -0. | -1. | -0. ||*-0. |*-0. |*-0. || -0. | -1. | -0. |


current State

|  0. | -1. |  0. ||  1. |  1. |  0. ||  0. |  0. |  1. |
|  0. |  0. |  0. || -1. |  0. |  0. ||  0. |  0. | -1. |
| -1. |  0. | -1. ||  1. |  0. |  0. ||  0. |  0. | -1. |
|=====+=====+=====||=====+=====+=====||=====+=====+=====|
|  1. |  0. |  1. ||  0. |  0. |  0. ||  0. |  0. | -1. |
|  0. |  0. |  0. ||  0. | -1. |  1. ||  0. |  1. |  0. |
|  0. |  1. |  0. ||  0. |  0. |  0. ||  0. |  0. | -1. |
|=====+=====+=====||=====+=====+=====||=====+=====+=====|
|* 0. |*-1. |* 0. ||  0. | -1. |  0. ||  1. |  0. |  0. |
|* 0. |* 0. |* 0. || -1. |  0. |  0. ||  0. |  0. |  1. |
|* 0. |* 1. |* 0. || -1. |  0. |  0. ||  0. |  1. |  0. |


state to eval, currenty is playerone turn=true

|  0. | -1. |  0. ||  1. |  1. |  0. ||  0. |  0. |  1. |
|  0. |  0. |  0. || -1. |  0. |  0. ||  0. |  0. | -1. |
| -1. |  0. | -1. ||  1. |  0. |  0. ||  0. |  0. | -1. |
|=====+=====+=====||=====+=====+=====||=====+=====+=====|
|  1. |  0. |  1. ||  0. |  0. |  0. ||  0. |  0. | -1. |
|  0. |  0. |  0. ||  0. | -1. |  1. ||  0. |  1. |  0. |
|  0. |  1. |  0. ||  0. |  0. |  0. ||  0. |  0. | -1. |
|=====+=====+=====||=====+=====+=====||=====+=====+=====|
|* 0. |*-1. |* 0. ||  0. | -1. |  0. ||  1. |  0. |  0. |
|* 0. |* 0. |* 0. || -1. |  0. |  0. ||  0. |  0. |  1. |
|* 0. |* 1. |* 0. || -1. |  0. |  0. ||  0. |  1. |  0. |


Determined best move using: 64457Iterations
Determined best move using: 72733Iterations
Determined best move using: 85728Iterations
Determined best move using: 71165Iterations
current State

|  0. | -1. |  0. ||  1. |  1. |  0. ||  0. |  0. |  1. |
|  0. |  0. |  0. || -1. |  0. |  0. ||  0. |  0. | -1. |
| -1. |  0. | -1. ||  1. |  0. |  0. ||  0. |  0. | -1. |
|=====+=====+=====||=====+=====+=====||=====+=====+=====|
|  1. |  0. |  1. ||  0. |  0. |  0. ||  0. |  0. | -1. |
|  0. |  0. |  0. ||  0. | -1. |  1. ||  0. |  1. |  0. |
|  0. |  1. |  0. ||  0. |  0. |  0. ||  0. |  0. | -1. |
|=====+=====+=====||=====+=====+=====||=====+=====+=====|
|* 0. |*-1. |* 0. ||  0. | -1. |  0. ||  1. |  0. |  0. |
|* 0. |* 0. |* 0. || -1. |  0. |  0. ||  0. |  0. |  1. |
|* 1. |* 1. |* 0. || -1. |  0. |  0. ||  0. |  1. |  0. |


state to eval, currenty is playerone turn=false

| -0. |  1. | -0. || -1. | -1. | -0. || -0. | -0. | -1. |
| -0. | -0. | -0. ||  1. | -0. | -0. || -0. | -0. |  1. |
|  1. | -0. |  1. || -1. | -0. | -0. || -0. | -0. |  1. |
|=====+=====+=====||=====+=====+=====||=====+=====+=====|
| -1. | -0. | -1. || -0. | -0. | -0. || -0. | -0. |  1. |
| -0. | -0. | -0. || -0. |  1. | -1. || -0. | -1. | -0. |
| -0. | -1. | -0. || -0. | -0. | -0. || -0. | -0. |  1. |
|=====+=====+=====||=====+=====+=====||=====+=====+=====|
|*-0. |* 1. |*-0. || -0. |  1. | -0. || -1. | -0. | -0. |
|*-0. |*-0. |*-0. ||  1. | -0. | -0. || -0. | -0. | -1. |
|*-1. |*-1. |*-0. ||  1. | -0. | -0. || -0. | -1. | -0. |


Determined best move using: 70840Iterations
Determined best move using: 64541Iterations
current State

|  0. | -1. |  0. ||  1. |  1. |  0. ||  0. |  0. |  1. |
|  0. |  0. |  0. || -1. |  0. |  0. ||  0. |  0. | -1. |
| -1. |  0. | -1. ||  1. |  0. |  0. ||  0. |  0. | -1. |
|=====+=====+=====||=====+=====+=====||=====+=====+=====|
|* 1. |* 0. |* 1. ||  0. |  0. |  0. ||  0. |  0. | -1. |
|* 0. |* 0. |* 0. ||  0. | -1. |  1. ||  0. |  1. |  0. |
|* 0. |* 1. |* 0. ||  0. |  0. |  0. ||  0. |  0. | -1. |
|=====+=====+=====||=====+=====+=====||=====+=====+=====|
|  0. | -1. |  0. ||  0. | -1. |  0. ||  1. |  0. |  0. |
| -1. |  0. |  0. || -1. |  0. |  0. ||  0. |  0. |  1. |
|  1. |  1. |  0. || -1. |  0. |  0. ||  0. |  1. |  0. |


state to eval, currenty is playerone turn=true

|  0. | -1. |  0. ||  1. |  1. |  0. ||  0. |  0. |  1. |
|  0. |  0. |  0. || -1. |  0. |  0. ||  0. |  0. | -1. |
| -1. |  0. | -1. ||  1. |  0. |  0. ||  0. |  0. | -1. |
|=====+=====+=====||=====+=====+=====||=====+=====+=====|
|* 1. |* 0. |* 1. ||  0. |  0. |  0. ||  0. |  0. | -1. |
|* 0. |* 0. |* 0. ||  0. | -1. |  1. ||  0. |  1. |  0. |
|* 0. |* 1. |* 0. ||  0. |  0. |  0. ||  0. |  0. | -1. |
|=====+=====+=====||=====+=====+=====||=====+=====+=====|
|  0. | -1. |  0. ||  0. | -1. |  0. ||  1. |  0. |  0. |
| -1. |  0. |  0. || -1. |  0. |  0. ||  0. |  0. |  1. |
|  1. |  1. |  0. || -1. |  0. |  0. ||  0. |  1. |  0. |


Determined best move using: 70333Iterations
current State

|  0. | -1. |  0. ||* 1. |* 1. |* 0. ||  0. |  0. |  1. |
|  0. |  0. |  0. ||*-1. |* 0. |* 0. ||  0. |  0. | -1. |
| -1. |  0. | -1. ||* 1. |* 0. |* 0. ||  0. |  0. | -1. |
|=====+=====+=====||=====+=====+=====||=====+=====+=====|
|  1. |  1. |  1. ||  0. |  0. |  0. ||  0. |  0. | -1. |
|  0. |  0. |  0. ||  0. | -1. |  1. ||  0. |  1. |  0. |
|  0. |  1. |  0. ||  0. |  0. |  0. ||  0. |  0. | -1. |
|=====+=====+=====||=====+=====+=====||=====+=====+=====|
|  0. | -1. |  0. ||  0. | -1. |  0. ||  1. |  0. |  0. |
| -1. |  0. |  0. || -1. |  0. |  0. ||  0. |  0. |  1. |
|  1. |  1. |  0. || -1. |  0. |  0. ||  0. |  1. |  0. |


state to eval, currenty is playerone turn=false

| -0. |  1. | -0. ||*-1. |*-1. |*-0. || -0. | -0. | -1. |
| -0. | -0. | -0. ||* 1. |*-0. |*-0. || -0. | -0. |  1. |
|  1. | -0. |  1. ||*-1. |*-0. |*-0. || -0. | -0. |  1. |
|=====+=====+=====||=====+=====+=====||=====+=====+=====|
| -1. | -1. | -1. || -0. | -0. | -0. || -0. | -0. |  1. |
| -0. | -0. | -0. || -0. |  1. | -1. || -0. | -1. | -0. |
| -0. | -1. | -0. || -0. | -0. | -0. || -0. | -0. |  1. |
|=====+=====+=====||=====+=====+=====||=====+=====+=====|
| -0. |  1. | -0. || -0. |  1. | -0. || -1. | -0. | -0. |
|  1. | -0. | -0. ||  1. | -0. | -0. || -0. | -0. | -1. |
| -1. | -1. | -0. ||  1. | -0. | -0. || -0. | -1. | -0. |


current State

|  0. | -1. |  0. ||  1. |  1. |  0. ||  0. |  0. |  1. |
|  0. |  0. |  0. || -1. |  0. | -1. ||  0. |  0. | -1. |
| -1. |  0. | -1. ||  1. |  0. |  0. ||  0. |  0. | -1. |
|=====+=====+=====||=====+=====+=====||=====+=====+=====|
|  1. |  1. |  1. ||  0. |  0. |  0. ||* 0. |* 0. |*-1. |
|  0. |  0. |  0. ||  0. | -1. |  1. ||* 0. |* 1. |* 0. |
|  0. |  1. |  0. ||  0. |  0. |  0. ||* 0. |* 0. |*-1. |
|=====+=====+=====||=====+=====+=====||=====+=====+=====|
|  0. | -1. |  0. ||  0. | -1. |  0. ||  1. |  0. |  0. |
| -1. |  0. |  0. || -1. |  0. |  0. ||  0. |  0. |  1. |
|  1. |  1. |  0. || -1. |  0. |  0. ||  0. |  1. |  0. |


state to eval, currenty is playerone turn=true

|  0. | -1. |  0. ||  1. |  1. |  0. ||  0. |  0. |  1. |
|  0. |  0. |  0. || -1. |  0. | -1. ||  0. |  0. | -1. |
| -1. |  0. | -1. ||  1. |  0. |  0. ||  0. |  0. | -1. |
|=====+=====+=====||=====+=====+=====||=====+=====+=====|
|  1. |  1. |  1. ||  0. |  0. |  0. ||* 0. |* 0. |*-1. |
|  0. |  0. |  0. ||  0. | -1. |  1. ||* 0. |* 1. |* 0. |
|  0. |  1. |  0. ||  0. |  0. |  0. ||* 0. |* 0. |*-1. |
|=====+=====+=====||=====+=====+=====||=====+=====+=====|
|  0. | -1. |  0. ||  0. | -1. |  0. ||  1. |  0. |  0. |
| -1. |  0. |  0. || -1. |  0. |  0. ||  0. |  0. |  1. |
|  1. |  1. |  0. || -1. |  0. |  0. ||  0. |  1. |  0. |


Determined best move using: 69971Iterations
current State

|* 0. |*-1. |* 0. ||* 1. |* 1. |* 0. ||* 0. |* 0. |* 1. |
|* 0. |* 0. |* 0. ||*-1. |* 0. |*-1. ||* 0. |* 0. |*-1. |
|*-1. |* 0. |*-1. ||* 1. |* 0. |* 0. ||* 0. |* 0. |*-1. |
|=====+=====+=====||=====+=====+=====||=====+=====+=====|
|  1. |  1. |  1. ||* 0. |* 0. |* 0. ||* 0. |* 0. |*-1. |
|  0. |  0. |  0. ||* 0. |*-1. |* 1. ||* 1. |* 1. |* 0. |
|  0. |  1. |  0. ||* 0. |* 0. |* 0. ||* 0. |* 0. |*-1. |
|=====+=====+=====||=====+=====+=====||=====+=====+=====|
|* 0. |*-1. |* 0. ||* 0. |*-1. |* 0. ||* 1. |* 0. |* 0. |
|*-1. |* 0. |* 0. ||*-1. |* 0. |* 0. ||* 0. |* 0. |* 1. |
|* 1. |* 1. |* 0. ||*-1. |* 0. |* 0. ||* 0. |* 1. |* 0. |


state to eval, currenty is playerone turn=false

|*-0. |* 1. |*-0. ||*-1. |*-1. |*-0. ||*-0. |*-0. |*-1. |
|*-0. |*-0. |*-0. ||* 1. |*-0. |* 1. ||*-0. |*-0. |* 1. |
|* 1. |*-0. |* 1. ||*-1. |*-0. |*-0. ||*-0. |*-0. |* 1. |
|=====+=====+=====||=====+=====+=====||=====+=====+=====|
| -1. | -1. | -1. ||*-0. |*-0. |*-0. ||*-0. |*-0. |* 1. |
| -0. | -0. | -0. ||*-0. |* 1. |*-1. ||*-1. |*-1. |*-0. |
| -0. | -1. | -0. ||*-0. |*-0. |*-0. ||*-0. |*-0. |* 1. |
|=====+=====+=====||=====+=====+=====||=====+=====+=====|
|*-0. |* 1. |*-0. ||*-0. |* 1. |*-0. ||*-1. |*-0. |*-0. |
|* 1. |*-0. |*-0. ||* 1. |*-0. |*-0. ||*-0. |*-0. |*-1. |
|*-1. |*-1. |*-0. ||* 1. |*-0. |*-0. ||*-0. |*-1. |*-0. |


current State

|  0. | -1. |  0. ||  1. |  1. |  0. ||  0. |  0. |  1. |
|  0. |  0. |  0. || -1. |  0. | -1. ||  0. |  0. | -1. |
| -1. |  0. | -1. ||  1. |  0. |  0. ||  0. |  0. | -1. |
|=====+=====+=====||=====+=====+=====||=====+=====+=====|
|  1. |  1. |  1. ||* 0. |* 0. |* 0. ||  0. |  0. | -1. |
|  0. |  0. |  0. ||* 0. |*-1. |* 1. ||  1. |  1. |  0. |
|  0. |  1. |  0. ||* 0. |* 0. |* 0. ||  0. |  0. | -1. |
|=====+=====+=====||=====+=====+=====||=====+=====+=====|
|  0. | -1. |  0. ||  0. | -1. |  0. ||  1. |  0. |  0. |
| -1. |  0. |  0. || -1. | -1. |  0. ||  0. |  0. |  1. |
|  1. |  1. |  0. || -1. |  0. |  0. ||  0. |  1. |  0. |


state to eval, currenty is playerone turn=true

|  0. | -1. |  0. ||  1. |  1. |  0. ||  0. |  0. |  1. |
|  0. |  0. |  0. || -1. |  0. | -1. ||  0. |  0. | -1. |
| -1. |  0. | -1. ||  1. |  0. |  0. ||  0. |  0. | -1. |
|=====+=====+=====||=====+=====+=====||=====+=====+=====|
|  1. |  1. |  1. ||* 0. |* 0. |* 0. ||  0. |  0. | -1. |
|  0. |  0. |  0. ||* 0. |*-1. |* 1. ||  1. |  1. |  0. |
|  0. |  1. |  0. ||* 0. |* 0. |* 0. ||  0. |  0. | -1. |
|=====+=====+=====||=====+=====+=====||=====+=====+=====|
|  0. | -1. |  0. ||  0. | -1. |  0. ||  1. |  0. |  0. |
| -1. |  0. |  0. || -1. | -1. |  0. ||  0. |  0. |  1. |
|  1. |  1. |  0. || -1. |  0. |  0. ||  0. |  1. |  0. |


current State

|* 0. |*-1. |* 0. ||* 1. |* 1. |* 0. ||* 0. |* 0. |* 1. |
|* 0. |* 0. |* 0. ||*-1. |* 0. |*-1. ||* 0. |* 0. |*-1. |
|*-1. |* 0. |*-1. ||* 1. |* 0. |* 0. ||* 0. |* 0. |*-1. |
|=====+=====+=====||=====+=====+=====||=====+=====+=====|
|  1. |  1. |  1. ||* 0. |* 0. |* 0. ||* 0. |* 0. |*-1. |
|  0. |  0. |  0. ||* 1. |*-1. |* 1. ||* 1. |* 1. |* 0. |
|  0. |  1. |  0. ||* 0. |* 0. |* 0. ||* 0. |* 0. |*-1. |
|=====+=====+=====||=====+=====+=====||=====+=====+=====|
|* 0. |*-1. |* 0. ||* 0. |*-1. |* 0. ||* 1. |* 0. |* 0. |
|*-1. |* 0. |* 0. ||*-1. |*-1. |* 0. ||* 0. |* 0. |* 1. |
|* 1. |* 1. |* 0. ||*-1. |* 0. |* 0. ||* 0. |* 1. |* 0. |


state to eval, currenty is playerone turn=false

|*-0. |* 1. |*-0. ||*-1. |*-1. |*-0. ||*-0. |*-0. |*-1. |
|*-0. |*-0. |*-0. ||* 1. |*-0. |* 1. ||*-0. |*-0. |* 1. |
|* 1. |*-0. |* 1. ||*-1. |*-0. |*-0. ||*-0. |*-0. |* 1. |
|=====+=====+=====||=====+=====+=====||=====+=====+=====|
| -1. | -1. | -1. ||*-0. |*-0. |*-0. ||*-0. |*-0. |* 1. |
| -0. | -0. | -0. ||*-1. |* 1. |*-1. ||*-1. |*-1. |*-0. |
| -0. | -1. | -0. ||*-0. |*-0. |*-0. ||*-0. |*-0. |* 1. |
|=====+=====+=====||=====+=====+=====||=====+=====+=====|
|*-0. |* 1. |*-0. ||*-0. |* 1. |*-0. ||*-1. |*-0. |*-0. |
|* 1. |*-0. |*-0. ||* 1. |* 1. |*-0. ||*-0. |*-0. |*-1. |
|*-1. |*-1. |*-0. ||* 1. |*-0. |*-0. ||*-0. |*-1. |*-0. |


current State

|  0. | -1. |  0. ||  1. |  1. |  0. ||  0. |  0. |  1. |
|  0. |  0. |  0. || -1. |  0. | -1. ||  0. |  0. | -1. |
| -1. | -1. | -1. ||  1. |  0. |  0. ||  0. |  0. | -1. |
|=====+=====+=====||=====+=====+=====||=====+=====+=====|
|  1. |  1. |  1. ||  0. |  0. |  0. ||  0. |  0. | -1. |
|  0. |  0. |  0. ||  1. | -1. |  1. ||  1. |  1. |  0. |
|  0. |  1. |  0. ||  0. |  0. |  0. ||  0. |  0. | -1. |
|=====+=====+=====||=====+=====+=====||=====+=====+=====|
|  0. | -1. |  0. ||* 0. |*-1. |* 0. ||  1. |  0. |  0. |
| -1. |  0. |  0. ||*-1. |*-1. |* 0. ||  0. |  0. |  1. |
|  1. |  1. |  0. ||*-1. |* 0. |* 0. ||  0. |  1. |  0. |


state to eval, currenty is playerone turn=true

|  0. | -1. |  0. ||  1. |  1. |  0. ||  0. |  0. |  1. |
|  0. |  0. |  0. || -1. |  0. | -1. ||  0. |  0. | -1. |
| -1. | -1. | -1. ||  1. |  0. |  0. ||  0. |  0. | -1. |
|=====+=====+=====||=====+=====+=====||=====+=====+=====|
|  1. |  1. |  1. ||  0. |  0. |  0. ||  0. |  0. | -1. |
|  0. |  0. |  0. ||  1. | -1. |  1. ||  1. |  1. |  0. |
|  0. |  1. |  0. ||  0. |  0. |  0. ||  0. |  0. | -1. |
|=====+=====+=====||=====+=====+=====||=====+=====+=====|
|  0. | -1. |  0. ||* 0. |*-1. |* 0. ||  1. |  0. |  0. |
| -1. |  0. |  0. ||*-1. |*-1. |* 0. ||  0. |  0. |  1. |
|  1. |  1. |  0. ||*-1. |* 0. |* 0. ||  0. |  1. |  0. |


Determined best move using: 76288Iterations
Determined best move using: 82551Iterations
current State

|  0. | -1. |  0. ||  1. |  1. |  0. ||  0. |  0. |  1. |
|  0. |  0. |  0. || -1. |  0. | -1. ||  0. |  0. | -1. |
| -1. | -1. | -1. ||  1. |  0. |  0. ||  0. |  0. | -1. |
|=====+=====+=====||=====+=====+=====||=====+=====+=====|
|  1. |  1. |  1. ||  0. |  0. |  0. ||* 0. |* 0. |*-1. |
|  0. |  0. |  0. ||  1. | -1. |  1. ||* 1. |* 1. |* 0. |
|  0. |  1. |  0. ||  0. |  0. |  0. ||* 0. |* 0. |*-1. |
|=====+=====+=====||=====+=====+=====||=====+=====+=====|
|  0. | -1. |  0. ||  0. | -1. |  0. ||  1. |  0. |  0. |
| -1. |  0. |  0. || -1. | -1. |  1. ||  0. |  0. |  1. |
|  1. |  1. |  0. || -1. |  0. |  0. ||  0. |  1. |  0. |


state to eval, currenty is playerone turn=false

| -0. |  1. | -0. || -1. | -1. | -0. || -0. | -0. | -1. |
| -0. | -0. | -0. ||  1. | -0. |  1. || -0. | -0. |  1. |
|  1. |  1. |  1. || -1. | -0. | -0. || -0. | -0. |  1. |
|=====+=====+=====||=====+=====+=====||=====+=====+=====|
| -1. | -1. | -1. || -0. | -0. | -0. ||*-0. |*-0. |* 1. |
| -0. | -0. | -0. || -1. |  1. | -1. ||*-1. |*-1. |*-0. |
| -0. | -1. | -0. || -0. | -0. | -0. ||*-0. |*-0. |* 1. |
|=====+=====+=====||=====+=====+=====||=====+=====+=====|
| -0. |  1. | -0. || -0. |  1. | -0. || -1. | -0. | -0. |
|  1. | -0. | -0. ||  1. |  1. | -1. || -0. | -0. | -1. |
| -1. | -1. | -0. ||  1. | -0. | -0. || -0. | -1. | -0. |


current State

|  0. | -1. |  0. ||* 1. |* 1. |* 0. ||* 0. |* 0. |* 1. |
|  0. |  0. |  0. ||*-1. |* 0. |*-1. ||* 0. |* 0. |*-1. |
| -1. | -1. | -1. ||* 1. |* 0. |* 0. ||* 0. |* 0. |*-1. |
|=====+=====+=====||=====+=====+=====||=====+=====+=====|
|  1. |  1. |  1. ||* 0. |* 0. |* 0. ||  0. |  0. | -1. |
|  0. |  0. |  0. ||* 1. |*-1. |* 1. ||  1. |  1. | -1. |
|  0. |  1. |  0. ||* 0. |* 0. |* 0. ||  0. |  0. | -1. |
|=====+=====+=====||=====+=====+=====||=====+=====+=====|
|* 0. |*-1. |* 0. ||* 0. |*-1. |* 0. ||* 1. |* 0. |* 0. |
|*-1. |* 0. |* 0. ||*-1. |*-1. |* 1. ||* 0. |* 0. |* 1. |
|* 1. |* 1. |* 0. ||*-1. |* 0. |* 0. ||* 0. |* 1. |* 0. |


state to eval, currenty is playerone turn=true

|  0. | -1. |  0. ||* 1. |* 1. |* 0. ||* 0. |* 0. |* 1. |
|  0. |  0. |  0. ||*-1. |* 0. |*-1. ||* 0. |* 0. |*-1. |
| -1. | -1. | -1. ||* 1. |* 0. |* 0. ||* 0. |* 0. |*-1. |
|=====+=====+=====||=====+=====+=====||=====+=====+=====|
|  1. |  1. |  1. ||* 0. |* 0. |* 0. ||  0. |  0. | -1. |
|  0. |  0. |  0. ||* 1. |*-1. |* 1. ||  1. |  1. | -1. |
|  0. |  1. |  0. ||* 0. |* 0. |* 0. ||  0. |  0. | -1. |
|=====+=====+=====||=====+=====+=====||=====+=====+=====|
|* 0. |*-1. |* 0. ||* 0. |*-1. |* 0. ||* 1. |* 0. |* 0. |
|*-1. |* 0. |* 0. ||*-1. |*-1. |* 1. ||* 0. |* 0. |* 1. |
|* 1. |* 1. |* 0. ||*-1. |* 0. |* 0. ||* 0. |* 1. |* 0. |


current State

|  0. | -1. |  0. ||  1. |  1. |  0. ||  0. |  0. |  1. |
|  0. |  0. |  0. || -1. |  0. | -1. ||  0. |  0. | -1. |
| -1. | -1. | -1. ||  1. |  0. |  0. ||  0. |  0. | -1. |
|=====+=====+=====||=====+=====+=====||=====+=====+=====|
|  1. |  1. |  1. ||* 0. |* 0. |* 0. ||  0. |  0. | -1. |
|  0. |  0. |  0. ||* 1. |*-1. |* 1. ||  1. |  1. | -1. |
|  0. |  1. |  0. ||* 0. |* 0. |* 0. ||  0. |  0. | -1. |
|=====+=====+=====||=====+=====+=====||=====+=====+=====|
|  0. | -1. |  0. ||  0. | -1. |  0. ||  1. |  0. |  0. |
| -1. |  0. |  0. || -1. | -1. |  1. ||  0. |  1. |  1. |
|  1. |  1. |  0. || -1. |  0. |  0. ||  0. |  1. |  0. |


state to eval, currenty is playerone turn=false

| -0. |  1. | -0. || -1. | -1. | -0. || -0. | -0. | -1. |
| -0. | -0. | -0. ||  1. | -0. |  1. || -0. | -0. |  1. |
|  1. |  1. |  1. || -1. | -0. | -0. || -0. | -0. |  1. |
|=====+=====+=====||=====+=====+=====||=====+=====+=====|
| -1. | -1. | -1. ||*-0. |*-0. |*-0. || -0. | -0. |  1. |
| -0. | -0. | -0. ||*-1. |* 1. |*-1. || -1. | -1. |  1. |
| -0. | -1. | -0. ||*-0. |*-0. |*-0. || -0. | -0. |  1. |
|=====+=====+=====||=====+=====+=====||=====+=====+=====|
| -0. |  1. | -0. || -0. |  1. | -0. || -1. | -0. | -0. |
|  1. | -0. | -0. ||  1. |  1. | -1. || -0. | -1. | -1. |
| -1. | -1. | -0. ||  1. | -0. | -0. || -0. | -1. | -0. |


current State

|  0. | -1. |  0. ||  1. |  1. |  0. ||  0. |  0. |  1. |
|  0. |  0. |  0. || -1. |  0. | -1. ||  0. |  0. | -1. |
| -1. | -1. | -1. ||  1. |  0. |  0. ||  0. |  0. | -1. |
|=====+=====+=====||=====+=====+=====||=====+=====+=====|
|  1. |  1. |  1. ||  0. |  0. |  0. ||  0. |  0. | -1. |
|  0. |  0. |  0. ||  1. | -1. |  1. ||  1. |  1. | -1. |
|  0. |  1. |  0. ||  0. |  0. | -1. ||  0. |  0. | -1. |
|=====+=====+=====||=====+=====+=====||=====+=====+=====|
|  0. | -1. |  0. ||  0. | -1. |  0. ||* 1. |* 0. |* 0. |
| -1. |  0. |  0. || -1. | -1. |  1. ||* 0. |* 1. |* 1. |
|  1. |  1. |  0. || -1. |  0. |  0. ||* 0. |* 1. |* 0. |


state to eval, currenty is playerone turn=true

|  0. | -1. |  0. ||  1. |  1. |  0. ||  0. |  0. |  1. |
|  0. |  0. |  0. || -1. |  0. | -1. ||  0. |  0. | -1. |
| -1. | -1. | -1. ||  1. |  0. |  0. ||  0. |  0. | -1. |
|=====+=====+=====||=====+=====+=====||=====+=====+=====|
|  1. |  1. |  1. ||  0. |  0. |  0. ||  0. |  0. | -1. |
|  0. |  0. |  0. ||  1. | -1. |  1. ||  1. |  1. | -1. |
|  0. |  1. |  0. ||  0. |  0. | -1. ||  0. |  0. | -1. |
|=====+=====+=====||=====+=====+=====||=====+=====+=====|
|  0. | -1. |  0. ||  0. | -1. |  0. ||* 1. |* 0. |* 0. |
| -1. |  0. |  0. || -1. | -1. |  1. ||* 0. |* 1. |* 1. |
|  1. |  1. |  0. || -1. |  0. |  0. ||* 0. |* 1. |* 0. |


current State

|  0. | -1. |  0. ||* 1. |* 1. |* 0. ||  0. |  0. |  1. |
|  0. |  0. |  0. ||*-1. |* 0. |*-1. ||  0. |  0. | -1. |
| -1. | -1. | -1. ||* 1. |* 0. |* 0. ||  0. |  0. | -1. |
|=====+=====+=====||=====+=====+=====||=====+=====+=====|
|  1. |  1. |  1. ||  0. |  0. |  0. ||  0. |  0. | -1. |
|  0. |  0. |  0. ||  1. | -1. |  1. ||  1. |  1. | -1. |
|  0. |  1. |  0. ||  0. |  0. | -1. ||  0. |  0. | -1. |
|=====+=====+=====||=====+=====+=====||=====+=====+=====|
|  0. | -1. |  0. ||  0. | -1. |  0. ||  1. |  1. |  0. |
| -1. |  0. |  0. || -1. | -1. |  1. ||  0. |  1. |  1. |
|  1. |  1. |  0. || -1. |  0. |  0. ||  0. |  1. |  0. |


state to eval, currenty is playerone turn=false

| -0. |  1. | -0. ||*-1. |*-1. |*-0. || -0. | -0. | -1. |
| -0. | -0. | -0. ||* 1. |*-0. |* 1. || -0. | -0. |  1. |
|  1. |  1. |  1. ||*-1. |*-0. |*-0. || -0. | -0. |  1. |
|=====+=====+=====||=====+=====+=====||=====+=====+=====|
| -1. | -1. | -1. || -0. | -0. | -0. || -0. | -0. |  1. |
| -0. | -0. | -0. || -1. |  1. | -1. || -1. | -1. |  1. |
| -0. | -1. | -0. || -0. | -0. |  1. || -0. | -0. |  1. |
|=====+=====+=====||=====+=====+=====||=====+=====+=====|
| -0. |  1. | -0. || -0. |  1. | -0. || -1. | -1. | -0. |
|  1. | -0. | -0. ||  1. |  1. | -1. || -0. | -1. | -1. |
| -1. | -1. | -0. ||  1. | -0. | -0. || -0. | -1. | -0. |


current State

|  0. | -1. |  0. ||  1. |  1. |  0. ||  0. |  0. |  1. |
|  0. |  0. |  0. || -1. | -1. | -1. ||  0. |  0. | -1. |
| -1. | -1. | -1. ||  1. |  0. |  0. ||  0. |  0. | -1. |
|=====+=====+=====||=====+=====+=====||=====+=====+=====|
|  1. |  1. |  1. ||* 0. |* 0. |* 0. ||  0. |  0. | -1. |
|  0. |  0. |  0. ||* 1. |*-1. |* 1. ||  1. |  1. | -1. |
|  0. |  1. |  0. ||* 0. |* 0. |*-1. ||  0. |  0. | -1. |
|=====+=====+=====||=====+=====+=====||=====+=====+=====|
|  0. | -1. |  0. ||  0. | -1. |  0. ||  1. |  1. |  0. |
| -1. |  0. |  0. || -1. | -1. |  1. ||  0. |  1. |  1. |
|  1. |  1. |  0. || -1. |  0. |  0. ||  0. |  1. |  0. |


state to eval, currenty is playerone turn=true

|  0. | -1. |  0. ||  1. |  1. |  0. ||  0. |  0. |  1. |
|  0. |  0. |  0. || -1. | -1. | -1. ||  0. |  0. | -1. |
| -1. | -1. | -1. ||  1. |  0. |  0. ||  0. |  0. | -1. |
|=====+=====+=====||=====+=====+=====||=====+=====+=====|
|  1. |  1. |  1. ||* 0. |* 0. |* 0. ||  0. |  0. | -1. |
|  0. |  0. |  0. ||* 1. |*-1. |* 1. ||  1. |  1. | -1. |
|  0. |  1. |  0. ||* 0. |* 0. |*-1. ||  0. |  0. | -1. |
|=====+=====+=====||=====+=====+=====||=====+=====+=====|
|  0. | -1. |  0. ||  0. | -1. |  0. ||  1. |  1. |  0. |
| -1. |  0. |  0. || -1. | -1. |  1. ||  0. |  1. |  1. |
|  1. |  1. |  0. || -1. |  0. |  0. ||  0. |  1. |  0. |


Determined best move using: 86013Iterations
Determined best move using: 85521Iterations
current State

|  0. | -1. |  0. ||  1. |  1. |  0. ||  0. |  0. |  1. |
|  0. |  0. |  0. || -1. | -1. | -1. ||  0. |  0. | -1. |
| -1. | -1. | -1. ||  1. |  0. |  0. ||  0. |  0. | -1. |
|=====+=====+=====||=====+=====+=====||=====+=====+=====|
|  1. |  1. |  1. ||  0. |  0. |  0. ||  0. |  0. | -1. |
|  0. |  0. |  0. ||  1. | -1. |  1. ||  1. |  1. | -1. |
|  0. |  1. |  0. ||  0. |  1. | -1. ||  0. |  0. | -1. |
|=====+=====+=====||=====+=====+=====||=====+=====+=====|
|  0. | -1. |  0. ||* 0. |*-1. |* 0. ||  1. |  1. |  0. |
| -1. |  0. |  0. ||*-1. |*-1. |* 1. ||  0. |  1. |  1. |
|  1. |  1. |  0. ||*-1. |* 0. |* 0. ||  0. |  1. |  0. |


state to eval, currenty is playerone turn=false

| -0. |  1. | -0. || -1. | -1. | -0. || -0. | -0. | -1. |
| -0. | -0. | -0. ||  1. |  1. |  1. || -0. | -0. |  1. |
|  1. |  1. |  1. || -1. | -0. | -0. || -0. | -0. |  1. |
|=====+=====+=====||=====+=====+=====||=====+=====+=====|
| -1. | -1. | -1. || -0. | -0. | -0. || -0. | -0. |  1. |
| -0. | -0. | -0. || -1. |  1. | -1. || -1. | -1. |  1. |
| -0. | -1. | -0. || -0. | -1. |  1. || -0. | -0. |  1. |
|=====+=====+=====||=====+=====+=====||=====+=====+=====|
| -0. |  1. | -0. ||*-0. |* 1. |*-0. || -1. | -1. | -0. |
|  1. | -0. | -0. ||* 1. |* 1. |*-1. || -0. | -1. | -1. |
| -1. | -1. | -0. ||* 1. |*-0. |*-0. || -0. | -1. | -0. |


current State

|  0. | -1. |  0. ||  1. |  1. |  0. ||* 0. |* 0. |* 1. |
|  0. |  0. |  0. || -1. | -1. | -1. ||* 0. |* 0. |*-1. |
| -1. | -1. | -1. ||  1. |  0. |  0. ||* 0. |* 0. |*-1. |
|=====+=====+=====||=====+=====+=====||=====+=====+=====|
|  1. |  1. |  1. ||  0. |  0. |  0. ||  0. |  0. | -1. |
|  0. |  0. |  0. ||  1. | -1. |  1. ||  1. |  1. | -1. |
|  0. |  1. |  0. ||  0. |  1. | -1. ||  0. |  0. | -1. |
|=====+=====+=====||=====+=====+=====||=====+=====+=====|
|  0. | -1. |  0. ||  0. | -1. | -1. ||  1. |  1. |  0. |
| -1. |  0. |  0. || -1. | -1. |  1. ||  0. |  1. |  1. |
|  1. |  1. |  0. || -1. |  0. |  0. ||  0. |  1. |  0. |


state to eval, currenty is playerone turn=true

|  0. | -1. |  0. ||  1. |  1. |  0. ||* 0. |* 0. |* 1. |
|  0. |  0. |  0. || -1. | -1. | -1. ||* 0. |* 0. |*-1. |
| -1. | -1. | -1. ||  1. |  0. |  0. ||* 0. |* 0. |*-1. |
|=====+=====+=====||=====+=====+=====||=====+=====+=====|
|  1. |  1. |  1. ||  0. |  0. |  0. ||  0. |  0. | -1. |
|  0. |  0. |  0. ||  1. | -1. |  1. ||  1. |  1. | -1. |
|  0. |  1. |  0. ||  0. |  1. | -1. ||  0. |  0. | -1. |
|=====+=====+=====||=====+=====+=====||=====+=====+=====|
|  0. | -1. |  0. ||  0. | -1. | -1. ||  1. |  1. |  0. |
| -1. |  0. |  0. || -1. | -1. |  1. ||  0. |  1. |  1. |
|  1. |  1. |  0. || -1. |  0. |  0. ||  0. |  1. |  0. |


current State

|  0. | -1. |  0. ||  1. |  1. |  0. ||  0. |  0. |  1. |
|  0. |  0. |  0. || -1. | -1. | -1. ||  0. |  1. | -1. |
| -1. | -1. | -1. ||  1. |  0. |  0. ||  0. |  0. | -1. |
|=====+=====+=====||=====+=====+=====||=====+=====+=====|
|  1. |  1. |  1. ||* 0. |* 0. |* 0. ||  0. |  0. | -1. |
|  0. |  0. |  0. ||* 1. |*-1. |* 1. ||  1. |  1. | -1. |
|  0. |  1. |  0. ||* 0. |* 1. |*-1. ||  0. |  0. | -1. |
|=====+=====+=====||=====+=====+=====||=====+=====+=====|
|  0. | -1. |  0. ||  0. | -1. | -1. ||  1. |  1. |  0. |
| -1. |  0. |  0. || -1. | -1. |  1. ||  0. |  1. |  1. |
|  1. |  1. |  0. || -1. |  0. |  0. ||  0. |  1. |  0. |


state to eval, currenty is playerone turn=false

| -0. |  1. | -0. || -1. | -1. | -0. || -0. | -0. | -1. |
| -0. | -0. | -0. ||  1. |  1. |  1. || -0. | -1. |  1. |
|  1. |  1. |  1. || -1. | -0. | -0. || -0. | -0. |  1. |
|=====+=====+=====||=====+=====+=====||=====+=====+=====|
| -1. | -1. | -1. ||*-0. |*-0. |*-0. || -0. | -0. |  1. |
| -0. | -0. | -0. ||*-1. |* 1. |*-1. || -1. | -1. |  1. |
| -0. | -1. | -0. ||*-0. |*-1. |* 1. || -0. | -0. |  1. |
|=====+=====+=====||=====+=====+=====||=====+=====+=====|
| -0. |  1. | -0. || -0. |  1. |  1. || -1. | -1. | -0. |
|  1. | -0. | -0. ||  1. |  1. | -1. || -0. | -1. | -1. |
| -1. | -1. | -0. ||  1. | -0. | -0. || -0. | -1. | -0. |


current State

|  0. | -1. |  0. ||  1. |  1. |  0. ||* 0. |* 0. |* 1. |
|  0. |  0. |  0. || -1. | -1. | -1. ||* 0. |* 1. |*-1. |
| -1. | -1. | -1. ||  1. |  0. |  0. ||* 0. |* 0. |*-1. |
|=====+=====+=====||=====+=====+=====||=====+=====+=====|
|  1. |  1. |  1. || -1. |  0. |  0. ||  0. |  0. | -1. |
|  0. |  0. |  0. ||  1. | -1. |  1. ||  1. |  1. | -1. |
|  0. |  1. |  0. ||  0. |  1. | -1. ||  0. |  0. | -1. |
|=====+=====+=====||=====+=====+=====||=====+=====+=====|
|* 0. |*-1. |* 0. ||  0. | -1. | -1. ||  1. |  1. |  0. |
|*-1. |* 0. |* 0. || -1. | -1. |  1. ||  0. |  1. |  1. |
|* 1. |* 1. |* 0. || -1. |  0. |  0. ||  0. |  1. |  0. |


Game ended in: 44 moves
Actual data created in graphical format: 
[StateDatum{MCTSProbabilites=
|  .0081 |  .0091 |  .0094 ||  .0147 |  .0156 |  .0152 ||  .0113 |  .0102 |  .0131 |
|  .0083 |  .0068 |  .005 ||  .0135 |  .0104 |  .0189 ||  .0114 |  .0169 |  .015 |
|  .0109 |  .0115 |  .0058 ||  .0057 |  .0134 |  .0136 ||  .0148 |  .0095 |  .0184 |
|========+========+========||========+========+========||========+========+========|
|  .0198 |  .0086 |  .0164 ||  .0133 |  .0129 |  .0076 ||  .0144 |  .0125 |  .0104 |
|  .0107 |  .014 |  .0135 ||  .0133 |  .0141 |  .0072 ||  .0122 |  .0121 |  .0115 |
|  .0151 |  .0108 |  .0169 ||  .01 |  .016 |  .0067 ||  .0168 |  .0174 |  .0167 |
|========+========+========||========+========+========||========+========+========|
|  .0168 |  .0096 |  .0081 ||  .0127 |  .0142 |  .0131 ||  .015 |  .0101 |  .0123 |
|  .0108 |  .018 |  .0142 ||  .0146 |  .0157 |  .0123 ||  .0118 |  .0107 |  .0106 |
|  .0044 |  .0166 |  .0132 ||  .0108 |  .0139 |  .018 ||  .0077 |  .0105 |  .007 |

, state=
|* 0. |* 0. |* 0. ||* 0. |* 0. |* 0. ||* 0. |* 0. |* 0. |
|* 0. |* 0. |* 0. ||* 0. |* 0. |* 0. ||* 0. |* 0. |* 0. |
|* 0. |* 0. |* 0. ||* 0. |* 0. |* 0. ||* 0. |* 0. |* 0. |
|=====+=====+=====||=====+=====+=====||=====+=====+=====|
|* 0. |* 0. |* 0. ||* 0. |* 0. |* 0. ||* 0. |* 0. |* 0. |
|* 0. |* 0. |* 0. ||* 0. |* 0. |* 0. ||* 0. |* 0. |* 0. |
|* 0. |* 0. |* 0. ||* 0. |* 0. |* 0. ||* 0. |* 0. |* 0. |
|=====+=====+=====||=====+=====+=====||=====+=====+=====|
|* 0. |* 0. |* 0. ||* 0. |* 0. |* 0. ||* 0. |* 0. |* 0. |
|* 0. |* 0. |* 0. ||* 0. |* 0. |* 0. ||* 0. |* 0. |* 0. |
|* 0. |* 0. |* 0. ||* 0. |* 0. |* 0. ||* 0. |* 0. |* 0. |

, evalForThisState=-1.0, isPlayerOneTurnOriginally=true}, StateDatum{MCTSProbabilites=
|  .0437 |  .5516 |  .0482 ||  .0 |  .0 |  .0 ||  .0 |  .0 |  .0 |
|  .0721 |  .0595 |  .0939 ||  .0 |  .0 |  .0 ||  .0 |  .0 |  .0 |
|  .0444 |  .0333 |  .0533 ||  .0 |  .0 |  .0 ||  .0 |  .0 |  .0 |
|========+========+========||========+========+========||========+========+========|
|  .0 |  .0 |  .0 ||  .0 |  .0 |  .0 ||  .0 |  .0 |  .0 |
|  .0 |  .0 |  .0 ||  .0 |  .0 |  .0 ||  .0 |  .0 |  .0 |
|  .0 |  .0 |  .0 ||  .0 |  .0 |  .0 ||  .0 |  .0 |  .0 |
|========+========+========||========+========+========||========+========+========|
|  .0 |  .0 |  .0 ||  .0 |  .0 |  .0 ||  .0 |  .0 |  .0 |
|  .0 |  .0 |  .0 ||  .0 |  .0 |  .0 ||  .0 |  .0 |  .0 |
|  .0 |  .0 |  .0 ||  .0 |  .0 |  .0 ||  .0 |  .0 |  .0 |

, state=
|*-0. |*-0. |*-0. || -0. | -0. | -0. || -0. | -0. | -0. |
|*-0. |*-0. |*-0. || -0. | -0. | -0. || -0. | -0. | -0. |
|*-0. |*-0. |*-0. || -0. | -0. | -0. || -0. | -0. | -0. |
|=====+=====+=====||=====+=====+=====||=====+=====+=====|
| -1. | -0. | -0. || -0. | -0. | -0. || -0. | -0. | -0. |
| -0. | -0. | -0. || -0. | -0. | -0. || -0. | -0. | -0. |
| -0. | -0. | -0. || -0. | -0. | -0. || -0. | -0. | -0. |
|=====+=====+=====||=====+=====+=====||=====+=====+=====|
| -0. | -0. | -0. || -0. | -0. | -0. || -0. | -0. | -0. |
| -0. | -0. | -0. || -0. | -0. | -0. || -0. | -0. | -0. |
| -0. | -0. | -0. || -0. | -0. | -0. || -0. | -0. | -0. |

, evalForThisState=1.0, isPlayerOneTurnOriginally=false}, StateDatum{MCTSProbabilites=
|  .0 |  .0 |  .0 ||  .1993 |  .0694 |  .0691 ||  .0 |  .0 |  .0 |
|  .0 |  .0 |  .0 ||  .0895 |  .0605 |  .0805 ||  .0 |  .0 |  .0 |
|  .0 |  .0 |  .0 ||  .2206 |  .1004 |  .1107 ||  .0 |  .0 |  .0 |
|========+========+========||========+========+========||========+========+========|
|  .0 |  .0 |  .0 ||  .0 |  .0 |  .0 ||  .0 |  .0 |  .0 |
|  .0 |  .0 |  .0 ||  .0 |  .0 |  .0 ||  .0 |  .0 |  .0 |
|  .0 |  .0 |  .0 ||  .0 |  .0 |  .0 ||  .0 |  .0 |  .0 |
|========+========+========||========+========+========||========+========+========|
|  .0 |  .0 |  .0 ||  .0 |  .0 |  .0 ||  .0 |  .0 |  .0 |
|  .0 |  .0 |  .0 ||  .0 |  .0 |  .0 ||  .0 |  .0 |  .0 |
|  .0 |  .0 |  .0 ||  .0 |  .0 |  .0 ||  .0 |  .0 |  .0 |

, state=
|  0. | -1. |  0. ||* 0. |* 0. |* 0. ||  0. |  0. |  0. |
|  0. |  0. |  0. ||* 0. |* 0. |* 0. ||  0. |  0. |  0. |
|  0. |  0. |  0. ||* 0. |* 0. |* 0. ||  0. |  0. |  0. |
|=====+=====+=====||=====+=====+=====||=====+=====+=====|
|  1. |  0. |  0. ||  0. |  0. |  0. ||  0. |  0. |  0. |
|  0. |  0. |  0. ||  0. |  0. |  0. ||  0. |  0. |  0. |
|  0. |  0. |  0. ||  0. |  0. |  0. ||  0. |  0. |  0. |
|=====+=====+=====||=====+=====+=====||=====+=====+=====|
|  0. |  0. |  0. ||  0. |  0. |  0. ||  0. |  0. |  0. |
|  0. |  0. |  0. ||  0. |  0. |  0. ||  0. |  0. |  0. |
|  0. |  0. |  0. ||  0. |  0. |  0. ||  0. |  0. |  0. |

, evalForThisState=-1.0, isPlayerOneTurnOriginally=true}, StateDatum{MCTSProbabilites=
|  .0 |  .0 |  .0 ||  .0 |  .0 |  .0 ||  .0 |  .0 |  .0 |
|  .0 |  .0 |  .0 ||  .0 |  .0 |  .0 ||  .0 |  .0 |  .0 |
|  .0 |  .0 |  .0 ||  .0 |  .0 |  .0 ||  .0 |  .0 |  .0 |
|========+========+========||========+========+========||========+========+========|
|  .0 |  .0 |  .0 ||  .0 |  .0 |  .0 ||  .0 |  .0 |  .0 |
|  .0 |  .0 |  .0 ||  .0 |  .0 |  .0 ||  .0 |  .0 |  .0 |
|  .0 |  .0 |  .0 ||  .0 |  .0 |  .0 ||  .0 |  .0 |  .0 |
|========+========+========||========+========+========||========+========+========|
|  .0457 |  .4721 |  .0793 ||  .0 |  .0 |  .0 ||  .0 |  .0 |  .0 |
|  .0445 |  .0565 |  .0556 ||  .0 |  .0 |  .0 ||  .0 |  .0 |  .0 |
|  .0968 |  .057 |  .0925 ||  .0 |  .0 |  .0 ||  .0 |  .0 |  .0 |

, state=
| -0. |  1. | -0. || -0. | -0. | -0. || -0. | -0. | -0. |
| -0. | -0. | -0. || -0. | -0. | -0. || -0. | -0. | -0. |
| -0. | -0. | -0. || -1. | -0. | -0. || -0. | -0. | -0. |
|=====+=====+=====||=====+=====+=====||=====+=====+=====|
| -1. | -0. | -0. || -0. | -0. | -0. || -0. | -0. | -0. |
| -0. | -0. | -0. || -0. | -0. | -0. || -0. | -0. | -0. |
| -0. | -0. | -0. || -0. | -0. | -0. || -0. | -0. | -0. |
|=====+=====+=====||=====+=====+=====||=====+=====+=====|
|*-0. |*-0. |*-0. || -0. | -0. | -0. || -0. | -0. | -0. |
|*-0. |*-0. |*-0. || -0. | -0. | -0. || -0. | -0. | -0. |
|*-0. |*-0. |*-0. || -0. | -0. | -0. || -0. | -0. | -0. |

, evalForThisState=1.0, isPlayerOneTurnOriginally=false}, StateDatum{MCTSProbabilites=
|  .0 |  .0 |  .0 ||  .1354 |  .3506 |  .0737 ||  .0 |  .0 |  .0 |
|  .0 |  .0 |  .0 ||  .1801 |  .0505 |  .0636 ||  .0 |  .0 |  .0 |
|  .0 |  .0 |  .0 ||  .0 |  .0458 |  .1002 ||  .0 |  .0 |  .0 |
|========+========+========||========+========+========||========+========+========|
|  .0 |  .0 |  .0 ||  .0 |  .0 |  .0 ||  .0 |  .0 |  .0 |
|  .0 |  .0 |  .0 ||  .0 |  .0 |  .0 ||  .0 |  .0 |  .0 |
|  .0 |  .0 |  .0 ||  .0 |  .0 |  .0 ||  .0 |  .0 |  .0 |
|========+========+========||========+========+========||========+========+========|
|  .0 |  .0 |  .0 ||  .0 |  .0 |  .0 ||  .0 |  .0 |  .0 |
|  .0 |  .0 |  .0 ||  .0 |  .0 |  .0 ||  .0 |  .0 |  .0 |
|  .0 |  .0 |  .0 ||  .0 |  .0 |  .0 ||  .0 |  .0 |  .0 |

, state=
|  0. | -1. |  0. ||* 0. |* 0. |* 0. ||  0. |  0. |  0. |
|  0. |  0. |  0. ||* 0. |* 0. |* 0. ||  0. |  0. |  0. |
|  0. |  0. |  0. ||* 1. |* 0. |* 0. ||  0. |  0. |  0. |
|=====+=====+=====||=====+=====+=====||=====+=====+=====|
|  1. |  0. |  0. ||  0. |  0. |  0. ||  0. |  0. |  0. |
|  0. |  0. |  0. ||  0. |  0. |  0. ||  0. |  0. |  0. |
|  0. |  0. |  0. ||  0. |  0. |  0. ||  0. |  0. |  0. |
|=====+=====+=====||=====+=====+=====||=====+=====+=====|
|  0. | -1. |  0. ||  0. |  0. |  0. ||  0. |  0. |  0. |
|  0. |  0. |  0. ||  0. |  0. |  0. ||  0. |  0. |  0. |
|  0. |  0. |  0. ||  0. |  0. |  0. ||  0. |  0. |  0. |

, evalForThisState=-1.0, isPlayerOneTurnOriginally=true}, StateDatum{MCTSProbabilites=
|  .0 |  .0 |  .0 ||  .0547 |  .0 |  .0497 ||  .0 |  .0 |  .0 |
|  .0 |  .0 |  .0 ||  .5218 |  .0954 |  .1853 ||  .0 |  .0 |  .0 |
|  .0 |  .0 |  .0 ||  .0 |  .0456 |  .0475 ||  .0 |  .0 |  .0 |
|========+========+========||========+========+========||========+========+========|
|  .0 |  .0 |  .0 ||  .0 |  .0 |  .0 ||  .0 |  .0 |  .0 |
|  .0 |  .0 |  .0 ||  .0 |  .0 |  .0 ||  .0 |  .0 |  .0 |
|  .0 |  .0 |  .0 ||  .0 |  .0 |  .0 ||  .0 |  .0 |  .0 |
|========+========+========||========+========+========||========+========+========|
|  .0 |  .0 |  .0 ||  .0 |  .0 |  .0 ||  .0 |  .0 |  .0 |
|  .0 |  .0 |  .0 ||  .0 |  .0 |  .0 ||  .0 |  .0 |  .0 |
|  .0 |  .0 |  .0 ||  .0 |  .0 |  .0 ||  .0 |  .0 |  .0 |

, state=
| -0. |  1. | -0. ||*-0. |*-1. |*-0. || -0. | -0. | -0. |
| -0. | -0. | -0. ||*-0. |*-0. |*-0. || -0. | -0. | -0. |
| -0. | -0. | -0. ||*-1. |*-0. |*-0. || -0. | -0. | -0. |
|=====+=====+=====||=====+=====+=====||=====+=====+=====|
| -1. | -0. | -0. || -0. | -0. | -0. || -0. | -0. | -0. |
| -0. | -0. | -0. || -0. | -0. | -0. || -0. | -0. | -0. |
| -0. | -0. | -0. || -0. | -0. | -0. || -0. | -0. | -0. |
|=====+=====+=====||=====+=====+=====||=====+=====+=====|
| -0. |  1. | -0. || -0. | -0. | -0. || -0. | -0. | -0. |
| -0. | -0. | -0. || -0. | -0. | -0. || -0. | -0. | -0. |
| -0. | -0. | -0. || -0. | -0. | -0. || -0. | -0. | -0. |

, evalForThisState=1.0, isPlayerOneTurnOriginally=false}, StateDatum{MCTSProbabilites=
|  .0 |  .0 |  .0 ||  .0 |  .0 |  .0 ||  .0 |  .0 |  .0 |
|  .0 |  .0 |  .0 ||  .0 |  .0 |  .0 ||  .0 |  .0 |  .0 |
|  .0 |  .0 |  .0 ||  .0 |  .0 |  .0 ||  .0 |  .0 |  .0 |
|========+========+========||========+========+========||========+========+========|
|  .0 |  .053 |  .0674 ||  .0 |  .0 |  .0 ||  .0 |  .0 |  .0 |
|  .0976 |  .0438 |  .0456 ||  .0 |  .0 |  .0 ||  .0 |  .0 |  .0 |
|  .2516 |  .3895 |  .0514 ||  .0 |  .0 |  .0 ||  .0 |  .0 |  .0 |
|========+========+========||========+========+========||========+========+========|
|  .0 |  .0 |  .0 ||  .0 |  .0 |  .0 ||  .0 |  .0 |  .0 |
|  .0 |  .0 |  .0 ||  .0 |  .0 |  .0 ||  .0 |  .0 |  .0 |
|  .0 |  .0 |  .0 ||  .0 |  .0 |  .0 ||  .0 |  .0 |  .0 |

, state=
|  0. | -1. |  0. ||  0. |  1. |  0. ||  0. |  0. |  0. |
|  0. |  0. |  0. || -1. |  0. |  0. ||  0. |  0. |  0. |
|  0. |  0. |  0. ||  1. |  0. |  0. ||  0. |  0. |  0. |
|=====+=====+=====||=====+=====+=====||=====+=====+=====|
|* 1. |* 0. |* 0. ||  0. |  0. |  0. ||  0. |  0. |  0. |
|* 0. |* 0. |* 0. ||  0. |  0. |  0. ||  0. |  0. |  0. |
|* 0. |* 0. |* 0. ||  0. |  0. |  0. ||  0. |  0. |  0. |
|=====+=====+=====||=====+=====+=====||=====+=====+=====|
|  0. | -1. |  0. ||  0. |  0. |  0. ||  0. |  0. |  0. |
|  0. |  0. |  0. ||  0. |  0. |  0. ||  0. |  0. |  0. |
|  0. |  0. |  0. ||  0. |  0. |  0. ||  0. |  0. |  0. |

, evalForThisState=-1.0, isPlayerOneTurnOriginally=true}, StateDatum{MCTSProbabilites=
|  .0 |  .0 |  .0 ||  .0 |  .0 |  .0 ||  .0 |  .0 |  .0 |
|  .0 |  .0 |  .0 ||  .0 |  .0 |  .0 ||  .0 |  .0 |  .0 |
|  .0 |  .0 |  .0 ||  .0 |  .0 |  .0 ||  .0 |  .0 |  .0 |
|========+========+========||========+========+========||========+========+========|
|  .0 |  .0 |  .0 ||  .0 |  .0 |  .0 ||  .0 |  .0 |  .0 |
|  .0 |  .0 |  .0 ||  .0 |  .0 |  .0 ||  .0 |  .0 |  .0 |
|  .0 |  .0 |  .0 ||  .0 |  .0 |  .0 ||  .0 |  .0 |  .0 |
|========+========+========||========+========+========||========+========+========|
|  .0 |  .0 |  .0 ||  .0437 |  .3024 |  .049 ||  .0 |  .0 |  .0 |
|  .0 |  .0 |  .0 ||  .2723 |  .0379 |  .0746 ||  .0 |  .0 |  .0 |
|  .0 |  .0 |  .0 ||  .1368 |  .0416 |  .0418 ||  .0 |  .0 |  .0 |

, state=
| -0. |  1. | -0. || -0. | -1. | -0. || -0. | -0. | -0. |
| -0. | -0. | -0. ||  1. | -0. | -0. || -0. | -0. | -0. |
| -0. | -0. | -0. || -1. | -0. | -0. || -0. | -0. | -0. |
|=====+=====+=====||=====+=====+=====||=====+=====+=====|
| -1. | -0. | -0. || -0. | -0. | -0. || -0. | -0. | -0. |
| -0. | -0. | -0. || -0. | -0. | -0. || -0. | -0. | -0. |
| -0. | -1. | -0. || -0. | -0. | -0. || -0. | -0. | -0. |
|=====+=====+=====||=====+=====+=====||=====+=====+=====|
| -0. |  1. | -0. ||*-0. |*-0. |*-0. || -0. | -0. | -0. |
| -0. | -0. | -0. ||*-0. |*-0. |*-0. || -0. | -0. | -0. |
| -0. | -0. | -0. ||*-0. |*-0. |*-0. || -0. | -0. | -0. |

, evalForThisState=1.0, isPlayerOneTurnOriginally=false}, StateDatum{MCTSProbabilites=
|  .0 |  .0 |  .0 ||  .4003 |  .0 |  .2712 ||  .0 |  .0 |  .0 |
|  .0 |  .0 |  .0 ||  .0 |  .082 |  .1241 ||  .0 |  .0 |  .0 |
|  .0 |  .0 |  .0 ||  .0 |  .0741 |  .0483 ||  .0 |  .0 |  .0 |
|========+========+========||========+========+========||========+========+========|
|  .0 |  .0 |  .0 ||  .0 |  .0 |  .0 ||  .0 |  .0 |  .0 |
|  .0 |  .0 |  .0 ||  .0 |  .0 |  .0 ||  .0 |  .0 |  .0 |
|  .0 |  .0 |  .0 ||  .0 |  .0 |  .0 ||  .0 |  .0 |  .0 |
|========+========+========||========+========+========||========+========+========|
|  .0 |  .0 |  .0 ||  .0 |  .0 |  .0 ||  .0 |  .0 |  .0 |
|  .0 |  .0 |  .0 ||  .0 |  .0 |  .0 ||  .0 |  .0 |  .0 |
|  .0 |  .0 |  .0 ||  .0 |  .0 |  .0 ||  .0 |  .0 |  .0 |

, state=
|  0. | -1. |  0. ||* 0. |* 1. |* 0. ||  0. |  0. |  0. |
|  0. |  0. |  0. ||*-1. |* 0. |* 0. ||  0. |  0. |  0. |
|  0. |  0. |  0. ||* 1. |* 0. |* 0. ||  0. |  0. |  0. |
|=====+=====+=====||=====+=====+=====||=====+=====+=====|
|  1. |  0. |  0. ||  0. |  0. |  0. ||  0. |  0. |  0. |
|  0. |  0. |  0. ||  0. |  0. |  0. ||  0. |  0. |  0. |
|  0. |  1. |  0. ||  0. |  0. |  0. ||  0. |  0. |  0. |
|=====+=====+=====||=====+=====+=====||=====+=====+=====|
|  0. | -1. |  0. ||  0. | -1. |  0. ||  0. |  0. |  0. |
|  0. |  0. |  0. ||  0. |  0. |  0. ||  0. |  0. |  0. |
|  0. |  0. |  0. ||  0. |  0. |  0. ||  0. |  0. |  0. |

, evalForThisState=-1.0, isPlayerOneTurnOriginally=true}, StateDatum{MCTSProbabilites=
|  .126 |  .0 |  .1026 ||  .0 |  .0 |  .0 ||  .0 |  .0 |  .0 |
|  .2503 |  .0428 |  .0495 ||  .0 |  .0 |  .0 ||  .0 |  .0 |  .0 |
|  .0474 |  .0541 |  .3274 ||  .0 |  .0 |  .0 ||  .0 |  .0 |  .0 |
|========+========+========||========+========+========||========+========+========|
|  .0 |  .0 |  .0 ||  .0 |  .0 |  .0 ||  .0 |  .0 |  .0 |
|  .0 |  .0 |  .0 ||  .0 |  .0 |  .0 ||  .0 |  .0 |  .0 |
|  .0 |  .0 |  .0 ||  .0 |  .0 |  .0 ||  .0 |  .0 |  .0 |
|========+========+========||========+========+========||========+========+========|
|  .0 |  .0 |  .0 ||  .0 |  .0 |  .0 ||  .0 |  .0 |  .0 |
|  .0 |  .0 |  .0 ||  .0 |  .0 |  .0 ||  .0 |  .0 |  .0 |
|  .0 |  .0 |  .0 ||  .0 |  .0 |  .0 ||  .0 |  .0 |  .0 |

, state=
|*-0. |* 1. |*-0. || -1. | -1. | -0. || -0. | -0. | -0. |
|*-0. |*-0. |*-0. ||  1. | -0. | -0. || -0. | -0. | -0. |
|*-0. |*-0. |*-0. || -1. | -0. | -0. || -0. | -0. | -0. |
|=====+=====+=====||=====+=====+=====||=====+=====+=====|
| -1. | -0. | -0. || -0. | -0. | -0. || -0. | -0. | -0. |
| -0. | -0. | -0. || -0. | -0. | -0. || -0. | -0. | -0. |
| -0. | -1. | -0. || -0. | -0. | -0. || -0. | -0. | -0. |
|=====+=====+=====||=====+=====+=====||=====+=====+=====|
| -0. |  1. | -0. || -0. |  1. | -0. || -0. | -0. | -0. |
| -0. | -0. | -0. || -0. | -0. | -0. || -0. | -0. | -0. |
| -0. | -0. | -0. || -0. | -0. | -0. || -0. | -0. | -0. |

, evalForThisState=1.0, isPlayerOneTurnOriginally=false}, StateDatum{MCTSProbabilites=
|  .0 |  .0 |  .0 ||  .0 |  .0 |  .0 ||  .0 |  .0 |  .0 |
|  .0 |  .0 |  .0 ||  .0 |  .0 |  .0 ||  .0 |  .0 |  .0 |
|  .0 |  .0 |  .0 ||  .0 |  .0 |  .0 ||  .0 |  .0 |  .0 |
|========+========+========||========+========+========||========+========+========|
|  .0 |  .0 |  .0 ||  .0 |  .0 |  .0 ||  .0 |  .0 |  .0 |
|  .0 |  .0 |  .0 ||  .0 |  .0 |  .0 ||  .0 |  .0 |  .0 |
|  .0 |  .0 |  .0 ||  .0 |  .0 |  .0 ||  .0 |  .0 |  .0 |
|========+========+========||========+========+========||========+========+========|
|  .0 |  .0 |  .0 ||  .0 |  .0 |  .0 ||  .1145 |  .2345 |  .0572 |
|  .0 |  .0 |  .0 ||  .0 |  .0 |  .0 ||  .1808 |  .0423 |  .0323 |
|  .0 |  .0 |  .0 ||  .0 |  .0 |  .0 ||  .0364 |  .2777 |  .0243 |

, state=
|  0. | -1. |  0. ||  1. |  1. |  0. ||  0. |  0. |  0. |
|  0. |  0. |  0. || -1. |  0. |  0. ||  0. |  0. |  0. |
|  0. |  0. | -1. ||  1. |  0. |  0. ||  0. |  0. |  0. |
|=====+=====+=====||=====+=====+=====||=====+=====+=====|
|  1. |  0. |  0. ||  0. |  0. |  0. ||  0. |  0. |  0. |
|  0. |  0. |  0. ||  0. |  0. |  0. ||  0. |  0. |  0. |
|  0. |  1. |  0. ||  0. |  0. |  0. ||  0. |  0. |  0. |
|=====+=====+=====||=====+=====+=====||=====+=====+=====|
|  0. | -1. |  0. ||  0. | -1. |  0. ||* 0. |* 0. |* 0. |
|  0. |  0. |  0. ||  0. |  0. |  0. ||* 0. |* 0. |* 0. |
|  0. |  0. |  0. ||  0. |  0. |  0. ||* 0. |* 0. |* 0. |

, evalForThisState=-1.0, isPlayerOneTurnOriginally=true}, StateDatum{MCTSProbabilites=
|  .0 |  .0 |  .0 ||  .0 |  .0 |  .0 ||  .0 |  .0 |  .0 |
|  .0 |  .0 |  .0 ||  .0 |  .0 |  .0 ||  .0 |  .0 |  .0 |
|  .0 |  .0 |  .0 ||  .0 |  .0 |  .0 ||  .0 |  .0 |  .0 |
|========+========+========||========+========+========||========+========+========|
|  .0 |  .0 |  .0 ||  .0 |  .0 |  .0 ||  .0 |  .0 |  .0 |
|  .0 |  .0 |  .0 ||  .0 |  .0 |  .0 ||  .0 |  .0 |  .0 |
|  .0 |  .0 |  .0 ||  .0 |  .0 |  .0 ||  .0 |  .0 |  .0 |
|========+========+========||========+========+========||========+========+========|
|  .0 |  .0 |  .0 ||  .1034 |  .0 |  .0617 ||  .0 |  .0 |  .0 |
|  .0 |  .0 |  .0 ||  .2519 |  .2454 |  .0395 ||  .0 |  .0 |  .0 |
|  .0 |  .0 |  .0 ||  .0676 |  .1905 |  .04 ||  .0 |  .0 |  .0 |

, state=
| -0. |  1. | -0. || -1. | -1. | -0. || -0. | -0. | -0. |
| -0. | -0. | -0. ||  1. | -0. | -0. || -0. | -0. | -0. |
| -0. | -0. |  1. || -1. | -0. | -0. || -0. | -0. | -0. |
|=====+=====+=====||=====+=====+=====||=====+=====+=====|
| -1. | -0. | -0. || -0. | -0. | -0. || -0. | -0. | -0. |
| -0. | -0. | -0. || -0. | -0. | -0. || -0. | -0. | -0. |
| -0. | -1. | -0. || -0. | -0. | -0. || -0. | -0. | -0. |
|=====+=====+=====||=====+=====+=====||=====+=====+=====|
| -0. |  1. | -0. ||*-0. |* 1. |*-0. || -0. | -0. | -0. |
| -0. | -0. | -0. ||*-0. |*-0. |*-0. || -0. | -0. | -0. |
| -0. | -0. | -0. ||*-0. |*-0. |*-0. || -0. | -1. | -0. |

, evalForThisState=1.0, isPlayerOneTurnOriginally=false}, StateDatum{MCTSProbabilites=
|  .0 |  .0 |  .0 ||  .0 |  .0 |  .0 ||  .0 |  .0 |  .0 |
|  .0 |  .0 |  .0 ||  .0 |  .0 |  .0 ||  .0 |  .0 |  .0 |
|  .0 |  .0 |  .0 ||  .0 |  .0 |  .0 ||  .0 |  .0 |  .0 |
|========+========+========||========+========+========||========+========+========|
|  .0 |  .2062 |  .3022 ||  .0 |  .0 |  .0 ||  .0 |  .0 |  .0 |
|  .139 |  .0296 |  .2534 ||  .0 |  .0 |  .0 ||  .0 |  .0 |  .0 |
|  .038 |  .0 |  .0314 ||  .0 |  .0 |  .0 ||  .0 |  .0 |  .0 |
|========+========+========||========+========+========||========+========+========|
|  .0 |  .0 |  .0 ||  .0 |  .0 |  .0 ||  .0 |  .0 |  .0 |
|  .0 |  .0 |  .0 ||  .0 |  .0 |  .0 ||  .0 |  .0 |  .0 |
|  .0 |  .0 |  .0 ||  .0 |  .0 |  .0 ||  .0 |  .0 |  .0 |

, state=
|  0. | -1. |  0. ||  1. |  1. |  0. ||  0. |  0. |  0. |
|  0. |  0. |  0. || -1. |  0. |  0. ||  0. |  0. |  0. |
|  0. |  0. | -1. ||  1. |  0. |  0. ||  0. |  0. |  0. |
|=====+=====+=====||=====+=====+=====||=====+=====+=====|
|* 1. |* 0. |* 0. ||  0. |  0. |  0. ||  0. |  0. |  0. |
|* 0. |* 0. |* 0. ||  0. |  0. |  0. ||  0. |  0. |  0. |
|* 0. |* 1. |* 0. ||  0. |  0. |  0. ||  0. |  0. |  0. |
|=====+=====+=====||=====+=====+=====||=====+=====+=====|
|  0. | -1. |  0. ||  0. | -1. |  0. ||  0. |  0. |  0. |
|  0. |  0. |  0. || -1. |  0. |  0. ||  0. |  0. |  0. |
|  0. |  0. |  0. ||  0. |  0. |  0. ||  0. |  1. |  0. |

, evalForThisState=-1.0, isPlayerOneTurnOriginally=true}, StateDatum{MCTSProbabilites=
|  .0 |  .0 |  .0 ||  .0 |  .0 |  .0 ||  .0773 |  .1774 |  .0388 |
|  .0 |  .0 |  .0 ||  .0 |  .0 |  .0 ||  .1826 |  .0431 |  .3131 |
|  .0 |  .0 |  .0 ||  .0 |  .0 |  .0 ||  .0793 |  .0625 |  .0258 |
|========+========+========||========+========+========||========+========+========|
|  .0 |  .0 |  .0 ||  .0 |  .0 |  .0 ||  .0 |  .0 |  .0 |
|  .0 |  .0 |  .0 ||  .0 |  .0 |  .0 ||  .0 |  .0 |  .0 |
|  .0 |  .0 |  .0 ||  .0 |  .0 |  .0 ||  .0 |  .0 |  .0 |
|========+========+========||========+========+========||========+========+========|
|  .0 |  .0 |  .0 ||  .0 |  .0 |  .0 ||  .0 |  .0 |  .0 |
|  .0 |  .0 |  .0 ||  .0 |  .0 |  .0 ||  .0 |  .0 |  .0 |
|  .0 |  .0 |  .0 ||  .0 |  .0 |  .0 ||  .0 |  .0 |  .0 |

, state=
| -0. |  1. | -0. || -1. | -1. | -0. ||*-0. |*-0. |*-0. |
| -0. | -0. | -0. ||  1. | -0. | -0. ||*-0. |*-0. |*-0. |
| -0. | -0. |  1. || -1. | -0. | -0. ||*-0. |*-0. |*-0. |
|=====+=====+=====||=====+=====+=====||=====+=====+=====|
| -1. | -0. | -1. || -0. | -0. | -0. || -0. | -0. | -0. |
| -0. | -0. | -0. || -0. | -0. | -0. || -0. | -0. | -0. |
| -0. | -1. | -0. || -0. | -0. | -0. || -0. | -0. | -0. |
|=====+=====+=====||=====+=====+=====||=====+=====+=====|
| -0. |  1. | -0. || -0. |  1. | -0. || -0. | -0. | -0. |
| -0. | -0. | -0. ||  1. | -0. | -0. || -0. | -0. | -0. |
| -0. | -0. | -0. || -0. | -0. | -0. || -0. | -1. | -0. |

, evalForThisState=1.0, isPlayerOneTurnOriginally=false}, StateDatum{MCTSProbabilites=
|  .0 |  .0 |  .0 ||  .0 |  .0 |  .0 ||  .0 |  .0 |  .0 |
|  .0 |  .0 |  .0 ||  .0 |  .0 |  .0 ||  .0 |  .0 |  .0 |
|  .0 |  .0 |  .0 ||  .0 |  .0 |  .0 ||  .0 |  .0 |  .0 |
|========+========+========||========+========+========||========+========+========|
|  .0 |  .0 |  .0 ||  .0 |  .0 |  .0 ||  .1382 |  .0537 |  .1562 |
|  .0 |  .0 |  .0 ||  .0 |  .0 |  .0 ||  .1193 |  .1905 |  .0255 |
|  .0 |  .0 |  .0 ||  .0 |  .0 |  .0 ||  .0705 |  .1086 |  .1375 |
|========+========+========||========+========+========||========+========+========|
|  .0 |  .0 |  .0 ||  .0 |  .0 |  .0 ||  .0 |  .0 |  .0 |
|  .0 |  .0 |  .0 ||  .0 |  .0 |  .0 ||  .0 |  .0 |  .0 |
|  .0 |  .0 |  .0 ||  .0 |  .0 |  .0 ||  .0 |  .0 |  .0 |

, state=
|  0. | -1. |  0. ||  1. |  1. |  0. ||  0. |  0. |  0. |
|  0. |  0. |  0. || -1. |  0. |  0. ||  0. |  0. | -1. |
|  0. |  0. | -1. ||  1. |  0. |  0. ||  0. |  0. |  0. |
|=====+=====+=====||=====+=====+=====||=====+=====+=====|
|  1. |  0. |  1. ||  0. |  0. |  0. ||* 0. |* 0. |* 0. |
|  0. |  0. |  0. ||  0. |  0. |  0. ||* 0. |* 0. |* 0. |
|  0. |  1. |  0. ||  0. |  0. |  0. ||* 0. |* 0. |* 0. |
|=====+=====+=====||=====+=====+=====||=====+=====+=====|
|  0. | -1. |  0. ||  0. | -1. |  0. ||  0. |  0. |  0. |
|  0. |  0. |  0. || -1. |  0. |  0. ||  0. |  0. |  0. |
|  0. |  0. |  0. ||  0. |  0. |  0. ||  0. |  1. |  0. |

, evalForThisState=-1.0, isPlayerOneTurnOriginally=true}, StateDatum{MCTSProbabilites=
|  .0 |  .0 |  .0 ||  .0 |  .0 |  .0 ||  .0 |  .0 |  .0 |
|  .0 |  .0 |  .0 ||  .0 |  .0 |  .0 ||  .0 |  .0 |  .0 |
|  .0 |  .0 |  .0 ||  .0 |  .0 |  .0 ||  .0 |  .0 |  .0 |
|========+========+========||========+========+========||========+========+========|
|  .0 |  .0 |  .0 ||  .0834 |  .1621 |  .1197 ||  .0 |  .0 |  .0 |
|  .0 |  .0 |  .0 ||  .0451 |  .1683 |  .0301 ||  .0 |  .0 |  .0 |
|  .0 |  .0 |  .0 ||  .0719 |  .1557 |  .1638 ||  .0 |  .0 |  .0 |
|========+========+========||========+========+========||========+========+========|
|  .0 |  .0 |  .0 ||  .0 |  .0 |  .0 ||  .0 |  .0 |  .0 |
|  .0 |  .0 |  .0 ||  .0 |  .0 |  .0 ||  .0 |  .0 |  .0 |
|  .0 |  .0 |  .0 ||  .0 |  .0 |  .0 ||  .0 |  .0 |  .0 |

, state=
| -0. |  1. | -0. || -1. | -1. | -0. || -0. | -0. | -0. |
| -0. | -0. | -0. ||  1. | -0. | -0. || -0. | -0. |  1. |
| -0. | -0. |  1. || -1. | -0. | -0. || -0. | -0. | -0. |
|=====+=====+=====||=====+=====+=====||=====+=====+=====|
| -1. | -0. | -1. ||*-0. |*-0. |*-0. || -0. | -0. | -0. |
| -0. | -0. | -0. ||*-0. |*-0. |*-0. || -0. | -1. | -0. |
| -0. | -1. | -0. ||*-0. |*-0. |*-0. || -0. | -0. | -0. |
|=====+=====+=====||=====+=====+=====||=====+=====+=====|
| -0. |  1. | -0. || -0. |  1. | -0. || -0. | -0. | -0. |
| -0. | -0. | -0. ||  1. | -0. | -0. || -0. | -0. | -0. |
| -0. | -0. | -0. || -0. | -0. | -0. || -0. | -1. | -0. |

, evalForThisState=1.0, isPlayerOneTurnOriginally=false}, StateDatum{MCTSProbabilites=
|  .0 |  .0 |  .0 ||  .0 |  .0 |  .0 ||  .0 |  .0 |  .0 |
|  .0 |  .0 |  .0 ||  .0 |  .0 |  .0 ||  .0 |  .0 |  .0 |
|  .0 |  .0 |  .0 ||  .0 |  .0 |  .0 ||  .0 |  .0 |  .0 |
|========+========+========||========+========+========||========+========+========|
|  .0 |  .0 |  .0 ||  .1235 |  .1775 |  .0388 ||  .0 |  .0 |  .0 |
|  .0 |  .0 |  .0 ||  .1632 |  .0 |  .1973 ||  .0 |  .0 |  .0 |
|  .0 |  .0 |  .0 ||  .1935 |  .021 |  .0853 ||  .0 |  .0 |  .0 |
|========+========+========||========+========+========||========+========+========|
|  .0 |  .0 |  .0 ||  .0 |  .0 |  .0 ||  .0 |  .0 |  .0 |
|  .0 |  .0 |  .0 ||  .0 |  .0 |  .0 ||  .0 |  .0 |  .0 |
|  .0 |  .0 |  .0 ||  .0 |  .0 |  .0 ||  .0 |  .0 |  .0 |

, state=
|  0. | -1. |  0. ||  1. |  1. |  0. ||  0. |  0. |  0. |
|  0. |  0. |  0. || -1. |  0. |  0. ||  0. |  0. | -1. |
|  0. |  0. | -1. ||  1. |  0. |  0. ||  0. |  0. |  0. |
|=====+=====+=====||=====+=====+=====||=====+=====+=====|
|  1. |  0. |  1. ||* 0. |* 0. |* 0. ||  0. |  0. |  0. |
|  0. |  0. |  0. ||* 0. |*-1. |* 0. ||  0. |  1. |  0. |
|  0. |  1. |  0. ||* 0. |* 0. |* 0. ||  0. |  0. |  0. |
|=====+=====+=====||=====+=====+=====||=====+=====+=====|
|  0. | -1. |  0. ||  0. | -1. |  0. ||  0. |  0. |  0. |
|  0. |  0. |  0. || -1. |  0. |  0. ||  0. |  0. |  0. |
|  0. |  0. |  0. ||  0. |  0. |  0. ||  0. |  1. |  0. |

, evalForThisState=-1.0, isPlayerOneTurnOriginally=true}, StateDatum{MCTSProbabilites=
|  .0 |  .0 |  .0 ||  .0 |  .0 |  .0 ||  .0 |  .0 |  .0 |
|  .0 |  .0 |  .0 ||  .0 |  .0 |  .0 ||  .0 |  .0 |  .0 |
|  .0 |  .0 |  .0 ||  .0 |  .0 |  .0 ||  .0 |  .0 |  .0 |
|========+========+========||========+========+========||========+========+========|
|  .0 |  .0 |  .0 ||  .0 |  .0 |  .0 ||  .1192 |  .1262 |  .162 |
|  .0 |  .0 |  .0 ||  .0 |  .0 |  .0 ||  .108 |  .0 |  .1518 |
|  .0 |  .0 |  .0 ||  .0 |  .0 |  .0 ||  .0253 |  .1295 |  .1781 |
|========+========+========||========+========+========||========+========+========|
|  .0 |  .0 |  .0 ||  .0 |  .0 |  .0 ||  .0 |  .0 |  .0 |
|  .0 |  .0 |  .0 ||  .0 |  .0 |  .0 ||  .0 |  .0 |  .0 |
|  .0 |  .0 |  .0 ||  .0 |  .0 |  .0 ||  .0 |  .0 |  .0 |

, state=
| -0. |  1. | -0. || -1. | -1. | -0. || -0. | -0. | -0. |
| -0. | -0. | -0. ||  1. | -0. | -0. || -0. | -0. |  1. |
| -0. | -0. |  1. || -1. | -0. | -0. || -0. | -0. | -0. |
|=====+=====+=====||=====+=====+=====||=====+=====+=====|
| -1. | -0. | -1. || -0. | -0. | -0. ||*-0. |*-0. |*-0. |
| -0. | -0. | -0. || -0. |  1. | -1. ||*-0. |*-1. |*-0. |
| -0. | -1. | -0. || -0. | -0. | -0. ||*-0. |*-0. |*-0. |
|=====+=====+=====||=====+=====+=====||=====+=====+=====|
| -0. |  1. | -0. || -0. |  1. | -0. || -0. | -0. | -0. |
| -0. | -0. | -0. ||  1. | -0. | -0. || -0. | -0. | -0. |
| -0. | -0. | -0. || -0. | -0. | -0. || -0. | -1. | -0. |

, evalForThisState=1.0, isPlayerOneTurnOriginally=false}, StateDatum{MCTSProbabilites=
|  .0 |  .0 |  .0 ||  .0 |  .0 |  .0 ||  .0 |  .0 |  .0 |
|  .0 |  .0 |  .0 ||  .0 |  .0 |  .0 ||  .0 |  .0 |  .0 |
|  .0 |  .0 |  .0 ||  .0 |  .0 |  .0 ||  .0 |  .0 |  .0 |
|========+========+========||========+========+========||========+========+========|
|  .0 |  .0 |  .0 ||  .0 |  .0 |  .0 ||  .0 |  .0 |  .0 |
|  .0 |  .0 |  .0 ||  .0 |  .0 |  .0 ||  .0 |  .0 |  .0 |
|  .0 |  .0 |  .0 ||  .0 |  .0 |  .0 ||  .0 |  .0 |  .0 |
|========+========+========||========+========+========||========+========+========|
|  .0 |  .0 |  .0 ||  .0 |  .0 |  .0 ||  .1071 |  .1148 |  .1447 |
|  .0 |  .0 |  .0 ||  .0 |  .0 |  .0 ||  .1243 |  .1566 |  .163 |
|  .0 |  .0 |  .0 ||  .0 |  .0 |  .0 ||  .0557 |  .0 |  .1338 |

, state=
|  0. | -1. |  0. ||  1. |  1. |  0. ||  0. |  0. |  0. |
|  0. |  0. |  0. || -1. |  0. |  0. ||  0. |  0. | -1. |
|  0. |  0. | -1. ||  1. |  0. |  0. ||  0. |  0. |  0. |
|=====+=====+=====||=====+=====+=====||=====+=====+=====|
|  1. |  0. |  1. ||  0. |  0. |  0. ||  0. |  0. |  0. |
|  0. |  0. |  0. ||  0. | -1. |  1. ||  0. |  1. |  0. |
|  0. |  1. |  0. ||  0. |  0. |  0. ||  0. |  0. | -1. |
|=====+=====+=====||=====+=====+=====||=====+=====+=====|
|  0. | -1. |  0. ||  0. | -1. |  0. ||* 0. |* 0. |* 0. |
|  0. |  0. |  0. || -1. |  0. |  0. ||* 0. |* 0. |* 0. |
|  0. |  0. |  0. ||  0. |  0. |  0. ||* 0. |* 1. |* 0. |

, evalForThisState=-1.0, isPlayerOneTurnOriginally=true}, StateDatum{MCTSProbabilites=
|  .0 |  .0 |  .0 ||  .0 |  .0 |  .0 ||  .0 |  .0 |  .0 |
|  .0 |  .0 |  .0 ||  .0 |  .0 |  .0 ||  .0 |  .0 |  .0 |
|  .0 |  .0 |  .0 ||  .0 |  .0 |  .0 ||  .0 |  .0 |  .0 |
|========+========+========||========+========+========||========+========+========|
|  .0 |  .0 |  .0 ||  .0 |  .0 |  .0 ||  .1544 |  .1624 |  .1925 |
|  .0 |  .0 |  .0 ||  .0 |  .0 |  .0 ||  .1425 |  .0 |  .1406 |
|  .0 |  .0 |  .0 ||  .0 |  .0 |  .0 ||  .0858 |  .1219 |  .0 |
|========+========+========||========+========+========||========+========+========|
|  .0 |  .0 |  .0 ||  .0 |  .0 |  .0 ||  .0 |  .0 |  .0 |
|  .0 |  .0 |  .0 ||  .0 |  .0 |  .0 ||  .0 |  .0 |  .0 |
|  .0 |  .0 |  .0 ||  .0 |  .0 |  .0 ||  .0 |  .0 |  .0 |

, state=
| -0. |  1. | -0. || -1. | -1. | -0. || -0. | -0. | -0. |
| -0. | -0. | -0. ||  1. | -0. | -0. || -0. | -0. |  1. |
| -0. | -0. |  1. || -1. | -0. | -0. || -0. | -0. | -0. |
|=====+=====+=====||=====+=====+=====||=====+=====+=====|
| -1. | -0. | -1. || -0. | -0. | -0. ||*-0. |*-0. |*-0. |
| -0. | -0. | -0. || -0. |  1. | -1. ||*-0. |*-1. |*-0. |
| -0. | -1. | -0. || -0. | -0. | -0. ||*-0. |*-0. |* 1. |
|=====+=====+=====||=====+=====+=====||=====+=====+=====|
| -0. |  1. | -0. || -0. |  1. | -0. || -0. | -0. | -0. |
| -0. | -0. | -0. ||  1. | -0. | -0. || -0. | -0. | -1. |
| -0. | -0. | -0. || -0. | -0. | -0. || -0. | -1. | -0. |

, evalForThisState=1.0, isPlayerOneTurnOriginally=false}, StateDatum{MCTSProbabilites=
|  .0 |  .0 |  .0 ||  .0 |  .0 |  .0 ||  .0912 |  .1165 |  .1675 |
|  .0 |  .0 |  .0 ||  .0 |  .0 |  .0 ||  .1619 |  .155 |  .0 |
|  .0 |  .0 |  .0 ||  .0 |  .0 |  .0 ||  .1352 |  .1543 |  .0184 |
|========+========+========||========+========+========||========+========+========|
|  .0 |  .0 |  .0 ||  .0 |  .0 |  .0 ||  .0 |  .0 |  .0 |
|  .0 |  .0 |  .0 ||  .0 |  .0 |  .0 ||  .0 |  .0 |  .0 |
|  .0 |  .0 |  .0 ||  .0 |  .0 |  .0 ||  .0 |  .0 |  .0 |
|========+========+========||========+========+========||========+========+========|
|  .0 |  .0 |  .0 ||  .0 |  .0 |  .0 ||  .0 |  .0 |  .0 |
|  .0 |  .0 |  .0 ||  .0 |  .0 |  .0 ||  .0 |  .0 |  .0 |
|  .0 |  .0 |  .0 ||  .0 |  .0 |  .0 ||  .0 |  .0 |  .0 |

, state=
|  0. | -1. |  0. ||  1. |  1. |  0. ||* 0. |* 0. |* 0. |
|  0. |  0. |  0. || -1. |  0. |  0. ||* 0. |* 0. |*-1. |
|  0. |  0. | -1. ||  1. |  0. |  0. ||* 0. |* 0. |* 0. |
|=====+=====+=====||=====+=====+=====||=====+=====+=====|
|  1. |  0. |  1. ||  0. |  0. |  0. ||  0. |  0. | -1. |
|  0. |  0. |  0. ||  0. | -1. |  1. ||  0. |  1. |  0. |
|  0. |  1. |  0. ||  0. |  0. |  0. ||  0. |  0. | -1. |
|=====+=====+=====||=====+=====+=====||=====+=====+=====|
|  0. | -1. |  0. ||  0. | -1. |  0. ||  0. |  0. |  0. |
|  0. |  0. |  0. || -1. |  0. |  0. ||  0. |  0. |  1. |
|  0. |  0. |  0. ||  0. |  0. |  0. ||  0. |  1. |  0. |

, evalForThisState=-1.0, isPlayerOneTurnOriginally=true}, StateDatum{MCTSProbabilites=
|  .0 |  .0 |  .0 ||  .0 |  .0 |  .0 ||  .1298 |  .1205 |  .0 |
|  .0 |  .0 |  .0 ||  .0 |  .0 |  .0 ||  .1451 |  .0904 |  .0 |
|  .0 |  .0 |  .0 ||  .0 |  .0 |  .0 ||  .1519 |  .1637 |  .1986 |
|========+========+========||========+========+========||========+========+========|
|  .0 |  .0 |  .0 ||  .0 |  .0 |  .0 ||  .0 |  .0 |  .0 |
|  .0 |  .0 |  .0 ||  .0 |  .0 |  .0 ||  .0 |  .0 |  .0 |
|  .0 |  .0 |  .0 ||  .0 |  .0 |  .0 ||  .0 |  .0 |  .0 |
|========+========+========||========+========+========||========+========+========|
|  .0 |  .0 |  .0 ||  .0 |  .0 |  .0 ||  .0 |  .0 |  .0 |
|  .0 |  .0 |  .0 ||  .0 |  .0 |  .0 ||  .0 |  .0 |  .0 |
|  .0 |  .0 |  .0 ||  .0 |  .0 |  .0 ||  .0 |  .0 |  .0 |

, state=
| -0. |  1. | -0. || -1. | -1. | -0. ||*-0. |*-0. |*-1. |
| -0. | -0. | -0. ||  1. | -0. | -0. ||*-0. |*-0. |* 1. |
| -0. | -0. |  1. || -1. | -0. | -0. ||*-0. |*-0. |*-0. |
|=====+=====+=====||=====+=====+=====||=====+=====+=====|
| -1. | -0. | -1. || -0. | -0. | -0. || -0. | -0. |  1. |
| -0. | -0. | -0. || -0. |  1. | -1. || -0. | -1. | -0. |
| -0. | -1. | -0. || -0. | -0. | -0. || -0. | -0. |  1. |
|=====+=====+=====||=====+=====+=====||=====+=====+=====|
| -0. |  1. | -0. || -0. |  1. | -0. || -0. | -0. | -0. |
| -0. | -0. | -0. ||  1. | -0. | -0. || -0. | -0. | -1. |
| -0. | -0. | -0. || -0. | -0. | -0. || -0. | -1. | -0. |

, evalForThisState=1.0, isPlayerOneTurnOriginally=false}, StateDatum{MCTSProbabilites=
|  .0 |  .0 |  .0 ||  .0 |  .0 |  .0 ||  .0 |  .0 |  .0 |
|  .0 |  .0 |  .0 ||  .0 |  .0 |  .0 ||  .0 |  .0 |  .0 |
|  .0 |  .0 |  .0 ||  .0 |  .0 |  .0 ||  .0 |  .0 |  .0 |
|========+========+========||========+========+========||========+========+========|
|  .0 |  .0 |  .0 ||  .0 |  .0 |  .0 ||  .0 |  .0 |  .0 |
|  .0 |  .0 |  .0 ||  .0 |  .0 |  .0 ||  .0 |  .0 |  .0 |
|  .0 |  .0 |  .0 ||  .0 |  .0 |  .0 ||  .0 |  .0 |  .0 |
|========+========+========||========+========+========||========+========+========|
|  .0 |  .0 |  .0 ||  .0 |  .0 |  .0 ||  .1821 |  .1218 |  .1219 |
|  .0 |  .0 |  .0 ||  .0 |  .0 |  .0 ||  .12 |  .1639 |  .0 |
|  .0 |  .0 |  .0 ||  .0 |  .0 |  .0 ||  .1614 |  .0 |  .129 |

, state=
|  0. | -1. |  0. ||  1. |  1. |  0. ||  0. |  0. |  1. |
|  0. |  0. |  0. || -1. |  0. |  0. ||  0. |  0. | -1. |
|  0. |  0. | -1. ||  1. |  0. |  0. ||  0. |  0. | -1. |
|=====+=====+=====||=====+=====+=====||=====+=====+=====|
|  1. |  0. |  1. ||  0. |  0. |  0. ||  0. |  0. | -1. |
|  0. |  0. |  0. ||  0. | -1. |  1. ||  0. |  1. |  0. |
|  0. |  1. |  0. ||  0. |  0. |  0. ||  0. |  0. | -1. |
|=====+=====+=====||=====+=====+=====||=====+=====+=====|
|  0. | -1. |  0. ||  0. | -1. |  0. ||* 0. |* 0. |* 0. |
|  0. |  0. |  0. || -1. |  0. |  0. ||* 0. |* 0. |* 1. |
|  0. |  0. |  0. ||  0. |  0. |  0. ||* 0. |* 1. |* 0. |

, evalForThisState=-1.0, isPlayerOneTurnOriginally=true}, StateDatum{MCTSProbabilites=
|  .1165 |  .0 |  .1772 ||  .0 |  .0 |  .0 ||  .0 |  .0 |  .0 |
|  .1297 |  .1388 |  .1183 ||  .0 |  .0 |  .0 ||  .0 |  .0 |  .0 |
|  .1774 |  .1421 |  .0 ||  .0 |  .0 |  .0 ||  .0 |  .0 |  .0 |
|========+========+========||========+========+========||========+========+========|
|  .0 |  .0 |  .0 ||  .0 |  .0 |  .0 ||  .0 |  .0 |  .0 |
|  .0 |  .0 |  .0 ||  .0 |  .0 |  .0 ||  .0 |  .0 |  .0 |
|  .0 |  .0 |  .0 ||  .0 |  .0 |  .0 ||  .0 |  .0 |  .0 |
|========+========+========||========+========+========||========+========+========|
|  .0 |  .0 |  .0 ||  .0 |  .0 |  .0 ||  .0 |  .0 |  .0 |
|  .0 |  .0 |  .0 ||  .0 |  .0 |  .0 ||  .0 |  .0 |  .0 |
|  .0 |  .0 |  .0 ||  .0 |  .0 |  .0 ||  .0 |  .0 |  .0 |

, state=
|*-0. |* 1. |*-0. || -1. | -1. | -0. || -0. | -0. | -1. |
|*-0. |*-0. |*-0. ||  1. | -0. | -0. || -0. | -0. |  1. |
|*-0. |*-0. |* 1. || -1. | -0. | -0. || -0. | -0. |  1. |
|=====+=====+=====||=====+=====+=====||=====+=====+=====|
| -1. | -0. | -1. || -0. | -0. | -0. || -0. | -0. |  1. |
| -0. | -0. | -0. || -0. |  1. | -1. || -0. | -1. | -0. |
| -0. | -1. | -0. || -0. | -0. | -0. || -0. | -0. |  1. |
|=====+=====+=====||=====+=====+=====||=====+=====+=====|
| -0. |  1. | -0. || -0. |  1. | -0. || -1. | -0. | -0. |
| -0. | -0. | -0. ||  1. | -0. | -0. || -0. | -0. | -1. |
| -0. | -0. | -0. || -0. | -0. | -0. || -0. | -1. | -0. |

, evalForThisState=1.0, isPlayerOneTurnOriginally=false}, StateDatum{MCTSProbabilites=
|  .0 |  .0 |  .0 ||  .0 |  .0 |  .0 ||  .0 |  .0 |  .0 |
|  .0 |  .0 |  .0 ||  .0 |  .0 |  .0 ||  .0 |  .0 |  .0 |
|  .0 |  .0 |  .0 ||  .0 |  .0 |  .0 ||  .0 |  .0 |  .0 |
|========+========+========||========+========+========||========+========+========|
|  .0 |  .0 |  .0 ||  .0 |  .0 |  .0 ||  .0 |  .0 |  .0 |
|  .0 |  .0 |  .0 ||  .0 |  .0 |  .0 ||  .0 |  .0 |  .0 |
|  .0 |  .0 |  .0 ||  .0 |  .0 |  .0 ||  .0 |  .0 |  .0 |
|========+========+========||========+========+========||========+========+========|
|  .0942 |  .0 |  .1107 ||  .0 |  .0 |  .0 ||  .0 |  .0 |  .0 |
|  .1371 |  .137 |  .1076 ||  .0 |  .0 |  .0 ||  .0 |  .0 |  .0 |
|  .1245 |  .147 |  .1418 ||  .0 |  .0 |  .0 ||  .0 |  .0 |  .0 |

, state=
|  0. | -1. |  0. ||  1. |  1. |  0. ||  0. |  0. |  1. |
|  0. |  0. |  0. || -1. |  0. |  0. ||  0. |  0. | -1. |
| -1. |  0. | -1. ||  1. |  0. |  0. ||  0. |  0. | -1. |
|=====+=====+=====||=====+=====+=====||=====+=====+=====|
|  1. |  0. |  1. ||  0. |  0. |  0. ||  0. |  0. | -1. |
|  0. |  0. |  0. ||  0. | -1. |  1. ||  0. |  1. |  0. |
|  0. |  1. |  0. ||  0. |  0. |  0. ||  0. |  0. | -1. |
|=====+=====+=====||=====+=====+=====||=====+=====+=====|
|* 0. |*-1. |* 0. ||  0. | -1. |  0. ||  1. |  0. |  0. |
|* 0. |* 0. |* 0. || -1. |  0. |  0. ||  0. |  0. |  1. |
|* 0. |* 0. |* 0. ||  0. |  0. |  0. ||  0. |  1. |  0. |

, evalForThisState=-1.0, isPlayerOneTurnOriginally=true}, StateDatum{MCTSProbabilites=
|  .0 |  .0 |  .0 ||  .0 |  .0 |  .0 ||  .0 |  .0 |  .0 |
|  .0 |  .0 |  .0 ||  .0 |  .0 |  .0 ||  .0 |  .0 |  .0 |
|  .0 |  .0 |  .0 ||  .0 |  .0 |  .0 ||  .0 |  .0 |  .0 |
|========+========+========||========+========+========||========+========+========|
|  .0 |  .0 |  .0 ||  .0 |  .0 |  .0 ||  .0 |  .0 |  .0 |
|  .0 |  .0 |  .0 ||  .0 |  .0 |  .0 ||  .0 |  .0 |  .0 |
|  .0 |  .0 |  .0 ||  .0 |  .0 |  .0 ||  .0 |  .0 |  .0 |
|========+========+========||========+========+========||========+========+========|
|  .0 |  .0 |  .0 ||  .1334 |  .0 |  .1183 ||  .0 |  .0 |  .0 |
|  .0 |  .0 |  .0 ||  .0 |  .1474 |  .1388 ||  .0 |  .0 |  .0 |
|  .0 |  .0 |  .0 ||  .1649 |  .1625 |  .1347 ||  .0 |  .0 |  .0 |

, state=
| -0. |  1. | -0. || -1. | -1. | -0. || -0. | -0. | -1. |
| -0. | -0. | -0. ||  1. | -0. | -0. || -0. | -0. |  1. |
|  1. | -0. |  1. || -1. | -0. | -0. || -0. | -0. |  1. |
|=====+=====+=====||=====+=====+=====||=====+=====+=====|
| -1. | -0. | -1. || -0. | -0. | -0. || -0. | -0. |  1. |
| -0. | -0. | -0. || -0. |  1. | -1. || -0. | -1. | -0. |
| -0. | -1. | -0. || -0. | -0. | -0. || -0. | -0. |  1. |
|=====+=====+=====||=====+=====+=====||=====+=====+=====|
| -0. |  1. | -0. ||*-0. |* 1. |*-0. || -1. | -0. | -0. |
| -0. | -0. | -0. ||* 1. |*-0. |*-0. || -0. | -0. | -1. |
| -0. | -1. | -0. ||*-0. |*-0. |*-0. || -0. | -1. | -0. |

, evalForThisState=1.0, isPlayerOneTurnOriginally=false}, StateDatum{MCTSProbabilites=
|  .0 |  .0 |  .0 ||  .0 |  .0 |  .0 ||  .0 |  .0 |  .0 |
|  .0 |  .0 |  .0 ||  .0 |  .0 |  .0 ||  .0 |  .0 |  .0 |
|  .0 |  .0 |  .0 ||  .0 |  .0 |  .0 ||  .0 |  .0 |  .0 |
|========+========+========||========+========+========||========+========+========|
|  .0 |  .0 |  .0 ||  .0 |  .0 |  .0 ||  .0 |  .0 |  .0 |
|  .0 |  .0 |  .0 ||  .0 |  .0 |  .0 ||  .0 |  .0 |  .0 |
|  .0 |  .0 |  .0 ||  .0 |  .0 |  .0 ||  .0 |  .0 |  .0 |
|========+========+========||========+========+========||========+========+========|
|  .1351 |  .0 |  .1298 ||  .0 |  .0 |  .0 ||  .0 |  .0 |  .0 |
|  .1341 |  .1516 |  .1 ||  .0 |  .0 |  .0 ||  .0 |  .0 |  .0 |
|  .19 |  .0 |  .1594 ||  .0 |  .0 |  .0 ||  .0 |  .0 |  .0 |

, state=
|  0. | -1. |  0. ||  1. |  1. |  0. ||  0. |  0. |  1. |
|  0. |  0. |  0. || -1. |  0. |  0. ||  0. |  0. | -1. |
| -1. |  0. | -1. ||  1. |  0. |  0. ||  0. |  0. | -1. |
|=====+=====+=====||=====+=====+=====||=====+=====+=====|
|  1. |  0. |  1. ||  0. |  0. |  0. ||  0. |  0. | -1. |
|  0. |  0. |  0. ||  0. | -1. |  1. ||  0. |  1. |  0. |
|  0. |  1. |  0. ||  0. |  0. |  0. ||  0. |  0. | -1. |
|=====+=====+=====||=====+=====+=====||=====+=====+=====|
|* 0. |*-1. |* 0. ||  0. | -1. |  0. ||  1. |  0. |  0. |
|* 0. |* 0. |* 0. || -1. |  0. |  0. ||  0. |  0. |  1. |
|* 0. |* 1. |* 0. || -1. |  0. |  0. ||  0. |  1. |  0. |

, evalForThisState=-1.0, isPlayerOneTurnOriginally=true}, StateDatum{MCTSProbabilites=
|  .0 |  .0 |  .0 ||  .0 |  .0 |  .0 ||  .0 |  .0 |  .0 |
|  .0 |  .0 |  .0 ||  .0 |  .0 |  .0 ||  .0 |  .0 |  .0 |
|  .0 |  .0 |  .0 ||  .0 |  .0 |  .0 ||  .0 |  .0 |  .0 |
|========+========+========||========+========+========||========+========+========|
|  .0 |  .0 |  .0 ||  .0 |  .0 |  .0 ||  .0 |  .0 |  .0 |
|  .0 |  .0 |  .0 ||  .0 |  .0 |  .0 ||  .0 |  .0 |  .0 |
|  .0 |  .0 |  .0 ||  .0 |  .0 |  .0 ||  .0 |  .0 |  .0 |
|========+========+========||========+========+========||========+========+========|
|  .1617 |  .0 |  .126 ||  .0 |  .0 |  .0 ||  .0 |  .0 |  .0 |
|  .2258 |  .1827 |  .1624 ||  .0 |  .0 |  .0 ||  .0 |  .0 |  .0 |
|  .0 |  .0 |  .1414 ||  .0 |  .0 |  .0 ||  .0 |  .0 |  .0 |

, state=
| -0. |  1. | -0. || -1. | -1. | -0. || -0. | -0. | -1. |
| -0. | -0. | -0. ||  1. | -0. | -0. || -0. | -0. |  1. |
|  1. | -0. |  1. || -1. | -0. | -0. || -0. | -0. |  1. |
|=====+=====+=====||=====+=====+=====||=====+=====+=====|
| -1. | -0. | -1. || -0. | -0. | -0. || -0. | -0. |  1. |
| -0. | -0. | -0. || -0. |  1. | -1. || -0. | -1. | -0. |
| -0. | -1. | -0. || -0. | -0. | -0. || -0. | -0. |  1. |
|=====+=====+=====||=====+=====+=====||=====+=====+=====|
|*-0. |* 1. |*-0. || -0. |  1. | -0. || -1. | -0. | -0. |
|*-0. |*-0. |*-0. ||  1. | -0. | -0. || -0. | -0. | -1. |
|*-1. |*-1. |*-0. ||  1. | -0. | -0. || -0. | -1. | -0. |

, evalForThisState=1.0, isPlayerOneTurnOriginally=false}, StateDatum{MCTSProbabilites=
|  .0 |  .0 |  .0 ||  .0 |  .0 |  .0 ||  .0 |  .0 |  .0 |
|  .0 |  .0 |  .0 ||  .0 |  .0 |  .0 ||  .0 |  .0 |  .0 |
|  .0 |  .0 |  .0 ||  .0 |  .0 |  .0 ||  .0 |  .0 |  .0 |
|========+========+========||========+========+========||========+========+========|
|  .0 |  .211 |  .0 ||  .0 |  .0 |  .0 ||  .0 |  .0 |  .0 |
|  .1985 |  .1602 |  .1758 ||  .0 |  .0 |  .0 ||  .0 |  .0 |  .0 |
|  .1427 |  .0 |  .1118 ||  .0 |  .0 |  .0 ||  .0 |  .0 |  .0 |
|========+========+========||========+========+========||========+========+========|
|  .0 |  .0 |  .0 ||  .0 |  .0 |  .0 ||  .0 |  .0 |  .0 |
|  .0 |  .0 |  .0 ||  .0 |  .0 |  .0 ||  .0 |  .0 |  .0 |
|  .0 |  .0 |  .0 ||  .0 |  .0 |  .0 ||  .0 |  .0 |  .0 |

, state=
|  0. | -1. |  0. ||  1. |  1. |  0. ||  0. |  0. |  1. |
|  0. |  0. |  0. || -1. |  0. |  0. ||  0. |  0. | -1. |
| -1. |  0. | -1. ||  1. |  0. |  0. ||  0. |  0. | -1. |
|=====+=====+=====||=====+=====+=====||=====+=====+=====|
|* 1. |* 0. |* 1. ||  0. |  0. |  0. ||  0. |  0. | -1. |
|* 0. |* 0. |* 0. ||  0. | -1. |  1. ||  0. |  1. |  0. |
|* 0. |* 1. |* 0. ||  0. |  0. |  0. ||  0. |  0. | -1. |
|=====+=====+=====||=====+=====+=====||=====+=====+=====|
|  0. | -1. |  0. ||  0. | -1. |  0. ||  1. |  0. |  0. |
| -1. |  0. |  0. || -1. |  0. |  0. ||  0. |  0. |  1. |
|  1. |  1. |  0. || -1. |  0. |  0. ||  0. |  1. |  0. |

, evalForThisState=-1.0, isPlayerOneTurnOriginally=true}, StateDatum{MCTSProbabilites=
|  .0 |  .0 |  .0 ||  .0 |  .0 |  .1982 ||  .0 |  .0 |  .0 |
|  .0 |  .0 |  .0 ||  .0 |  .1791 |  .2588 ||  .0 |  .0 |  .0 |
|  .0 |  .0 |  .0 ||  .0 |  .1948 |  .1692 ||  .0 |  .0 |  .0 |
|========+========+========||========+========+========||========+========+========|
|  .0 |  .0 |  .0 ||  .0 |  .0 |  .0 ||  .0 |  .0 |  .0 |
|  .0 |  .0 |  .0 ||  .0 |  .0 |  .0 ||  .0 |  .0 |  .0 |
|  .0 |  .0 |  .0 ||  .0 |  .0 |  .0 ||  .0 |  .0 |  .0 |
|========+========+========||========+========+========||========+========+========|
|  .0 |  .0 |  .0 ||  .0 |  .0 |  .0 ||  .0 |  .0 |  .0 |
|  .0 |  .0 |  .0 ||  .0 |  .0 |  .0 ||  .0 |  .0 |  .0 |
|  .0 |  .0 |  .0 ||  .0 |  .0 |  .0 ||  .0 |  .0 |  .0 |

, state=
| -0. |  1. | -0. ||*-1. |*-1. |*-0. || -0. | -0. | -1. |
| -0. | -0. | -0. ||* 1. |*-0. |*-0. || -0. | -0. |  1. |
|  1. | -0. |  1. ||*-1. |*-0. |*-0. || -0. | -0. |  1. |
|=====+=====+=====||=====+=====+=====||=====+=====+=====|
| -1. | -1. | -1. || -0. | -0. | -0. || -0. | -0. |  1. |
| -0. | -0. | -0. || -0. |  1. | -1. || -0. | -1. | -0. |
| -0. | -1. | -0. || -0. | -0. | -0. || -0. | -0. |  1. |
|=====+=====+=====||=====+=====+=====||=====+=====+=====|
| -0. |  1. | -0. || -0. |  1. | -0. || -1. | -0. | -0. |
|  1. | -0. | -0. ||  1. | -0. | -0. || -0. | -0. | -1. |
| -1. | -1. | -0. ||  1. | -0. | -0. || -0. | -1. | -0. |

, evalForThisState=1.0, isPlayerOneTurnOriginally=false}, StateDatum{MCTSProbabilites=
|  .0 |  .0 |  .0 ||  .0 |  .0 |  .0 ||  .0 |  .0 |  .0 |
|  .0 |  .0 |  .0 ||  .0 |  .0 |  .0 ||  .0 |  .0 |  .0 |
|  .0 |  .0 |  .0 ||  .0 |  .0 |  .0 ||  .0 |  .0 |  .0 |
|========+========+========||========+========+========||========+========+========|
|  .0 |  .0 |  .0 ||  .0 |  .0 |  .0 ||  .1528 |  .1878 |  .0 |
|  .0 |  .0 |  .0 ||  .0 |  .0 |  .0 ||  .2343 |  .0 |  .1441 |
|  .0 |  .0 |  .0 ||  .0 |  .0 |  .0 ||  .1343 |  .1467 |  .0 |
|========+========+========||========+========+========||========+========+========|
|  .0 |  .0 |  .0 ||  .0 |  .0 |  .0 ||  .0 |  .0 |  .0 |
|  .0 |  .0 |  .0 ||  .0 |  .0 |  .0 ||  .0 |  .0 |  .0 |
|  .0 |  .0 |  .0 ||  .0 |  .0 |  .0 ||  .0 |  .0 |  .0 |

, state=
|  0. | -1. |  0. ||  1. |  1. |  0. ||  0. |  0. |  1. |
|  0. |  0. |  0. || -1. |  0. | -1. ||  0. |  0. | -1. |
| -1. |  0. | -1. ||  1. |  0. |  0. ||  0. |  0. | -1. |
|=====+=====+=====||=====+=====+=====||=====+=====+=====|
|  1. |  1. |  1. ||  0. |  0. |  0. ||* 0. |* 0. |*-1. |
|  0. |  0. |  0. ||  0. | -1. |  1. ||* 0. |* 1. |* 0. |
|  0. |  1. |  0. ||  0. |  0. |  0. ||* 0. |* 0. |*-1. |
|=====+=====+=====||=====+=====+=====||=====+=====+=====|
|  0. | -1. |  0. ||  0. | -1. |  0. ||  1. |  0. |  0. |
| -1. |  0. |  0. || -1. |  0. |  0. ||  0. |  0. |  1. |
|  1. |  1. |  0. || -1. |  0. |  0. ||  0. |  1. |  0. |

, evalForThisState=-1.0, isPlayerOneTurnOriginally=true}, StateDatum{MCTSProbabilites=
|  .0232 |  .0 |  .0228 ||  .0 |  .0 |  .0128 ||  .0161 |  .0325 |  .0 |
|  .0245 |  .0295 |  .0198 ||  .0 |  .0342 |  .0 ||  .0148 |  .0135 |  .0 |
|  .0 |  .0241 |  .0 ||  .0 |  .0239 |  .0164 ||  .0216 |  .0099 |  .0 |
|========+========+========||========+========+========||========+========+========|
|  .0 |  .0 |  .0 ||  .017 |  .0154 |  .0247 ||  .0247 |  .0443 |  .0 |
|  .0 |  .0 |  .0 ||  .0225 |  .0 |  .0 ||  .0 |  .0 |  .0175 |
|  .0 |  .0 |  .0 ||  .0182 |  .0161 |  .0207 ||  .0213 |  .0146 |  .0 |
|========+========+========||========+========+========||========+========+========|
|  .0243 |  .0 |  .0117 ||  .0264 |  .0 |  .0083 ||  .0 |  .0325 |  .0169 |
|  .0 |  .0304 |  .0223 ||  .0 |  .0459 |  .0268 ||  .0195 |  .026 |  .0 |
|  .0 |  .0 |  .0151 ||  .0 |  .0264 |  .0184 ||  .0234 |  .0 |  .0291 |

, state=
|*-0. |* 1. |*-0. ||*-1. |*-1. |*-0. ||*-0. |*-0. |*-1. |
|*-0. |*-0. |*-0. ||* 1. |*-0. |* 1. ||*-0. |*-0. |* 1. |
|* 1. |*-0. |* 1. ||*-1. |*-0. |*-0. ||*-0. |*-0. |* 1. |
|=====+=====+=====||=====+=====+=====||=====+=====+=====|
| -1. | -1. | -1. ||*-0. |*-0. |*-0. ||*-0. |*-0. |* 1. |
| -0. | -0. | -0. ||*-0. |* 1. |*-1. ||*-1. |*-1. |*-0. |
| -0. | -1. | -0. ||*-0. |*-0. |*-0. ||*-0. |*-0. |* 1. |
|=====+=====+=====||=====+=====+=====||=====+=====+=====|
|*-0. |* 1. |*-0. ||*-0. |* 1. |*-0. ||*-1. |*-0. |*-0. |
|* 1. |*-0. |*-0. ||* 1. |*-0. |*-0. ||*-0. |*-0. |*-1. |
|*-1. |*-1. |*-0. ||* 1. |*-0. |*-0. ||*-0. |*-1. |*-0. |

, evalForThisState=1.0, isPlayerOneTurnOriginally=false}, StateDatum{MCTSProbabilites=
|  .0 |  .0 |  .0 ||  .0 |  .0 |  .0 ||  .0 |  .0 |  .0 |
|  .0 |  .0 |  .0 ||  .0 |  .0 |  .0 ||  .0 |  .0 |  .0 |
|  .0 |  .0 |  .0 ||  .0 |  .0 |  .0 ||  .0 |  .0 |  .0 |
|========+========+========||========+========+========||========+========+========|
|  .0 |  .0 |  .0 ||  .153 |  .1326 |  .0868 ||  .0 |  .0 |  .0 |
|  .0 |  .0 |  .0 ||  .2366 |  .0 |  .0 ||  .0 |  .0 |  .0 |
|  .0 |  .0 |  .0 ||  .1483 |  .1519 |  .091 ||  .0 |  .0 |  .0 |
|========+========+========||========+========+========||========+========+========|
|  .0 |  .0 |  .0 ||  .0 |  .0 |  .0 ||  .0 |  .0 |  .0 |
|  .0 |  .0 |  .0 ||  .0 |  .0 |  .0 ||  .0 |  .0 |  .0 |
|  .0 |  .0 |  .0 ||  .0 |  .0 |  .0 ||  .0 |  .0 |  .0 |

, state=
|  0. | -1. |  0. ||  1. |  1. |  0. ||  0. |  0. |  1. |
|  0. |  0. |  0. || -1. |  0. | -1. ||  0. |  0. | -1. |
| -1. |  0. | -1. ||  1. |  0. |  0. ||  0. |  0. | -1. |
|=====+=====+=====||=====+=====+=====||=====+=====+=====|
|  1. |  1. |  1. ||* 0. |* 0. |* 0. ||  0. |  0. | -1. |
|  0. |  0. |  0. ||* 0. |*-1. |* 1. ||  1. |  1. |  0. |
|  0. |  1. |  0. ||* 0. |* 0. |* 0. ||  0. |  0. | -1. |
|=====+=====+=====||=====+=====+=====||=====+=====+=====|
|  0. | -1. |  0. ||  0. | -1. |  0. ||  1. |  0. |  0. |
| -1. |  0. |  0. || -1. | -1. |  0. ||  0. |  0. |  1. |
|  1. |  1. |  0. || -1. |  0. |  0. ||  0. |  1. |  0. |

, evalForThisState=-1.0, isPlayerOneTurnOriginally=true}, StateDatum{MCTSProbabilites=
|  .0227 |  .0 |  .027 ||  .0 |  .0 |  .0206 ||  .0214 |  .0268 |  .0 |
|  .0158 |  .0201 |  .0299 ||  .0 |  .017 |  .0 ||  .0141 |  .0283 |  .0 |
|  .0 |  .0352 |  .0 ||  .0 |  .03 |  .0188 ||  .0221 |  .0118 |  .0 |
|========+========+========||========+========+========||========+========+========|
|  .0 |  .0 |  .0 ||  .0118 |  .0285 |  .0167 ||  .0195 |  .0145 |  .0 |
|  .0 |  .0 |  .0 ||  .0 |  .0 |  .0 ||  .0 |  .0 |  .0206 |
|  .0 |  .0 |  .0 ||  .0178 |  .0271 |  .0211 ||  .0233 |  .0268 |  .0 |
|========+========+========||========+========+========||========+========+========|
|  .0167 |  .0 |  .0235 ||  .0255 |  .0 |  .0244 ||  .0 |  .0177 |  .0293 |
|  .0 |  .0295 |  .0335 ||  .0 |  .0 |  .0337 ||  .0195 |  .0285 |  .0 |
|  .0 |  .0 |  .0244 ||  .0 |  .0269 |  .0291 ||  .0228 |  .0 |  .0258 |

, state=
|*-0. |* 1. |*-0. ||*-1. |*-1. |*-0. ||*-0. |*-0. |*-1. |
|*-0. |*-0. |*-0. ||* 1. |*-0. |* 1. ||*-0. |*-0. |* 1. |
|* 1. |*-0. |* 1. ||*-1. |*-0. |*-0. ||*-0. |*-0. |* 1. |
|=====+=====+=====||=====+=====+=====||=====+=====+=====|
| -1. | -1. | -1. ||*-0. |*-0. |*-0. ||*-0. |*-0. |* 1. |
| -0. | -0. | -0. ||*-1. |* 1. |*-1. ||*-1. |*-1. |*-0. |
| -0. | -1. | -0. ||*-0. |*-0. |*-0. ||*-0. |*-0. |* 1. |
|=====+=====+=====||=====+=====+=====||=====+=====+=====|
|*-0. |* 1. |*-0. ||*-0. |* 1. |*-0. ||*-1. |*-0. |*-0. |
|* 1. |*-0. |*-0. ||* 1. |* 1. |*-0. ||*-0. |*-0. |*-1. |
|*-1. |*-1. |*-0. ||* 1. |*-0. |*-0. ||*-0. |*-1. |*-0. |

, evalForThisState=1.0, isPlayerOneTurnOriginally=false}, StateDatum{MCTSProbabilites=
|  .0 |  .0 |  .0 ||  .0 |  .0 |  .0 ||  .0 |  .0 |  .0 |
|  .0 |  .0 |  .0 ||  .0 |  .0 |  .0 ||  .0 |  .0 |  .0 |
|  .0 |  .0 |  .0 ||  .0 |  .0 |  .0 ||  .0 |  .0 |  .0 |
|========+========+========||========+========+========||========+========+========|
|  .0 |  .0 |  .0 ||  .0 |  .0 |  .0 ||  .0 |  .0 |  .0 |
|  .0 |  .0 |  .0 ||  .0 |  .0 |  .0 ||  .0 |  .0 |  .0 |
|  .0 |  .0 |  .0 ||  .0 |  .0 |  .0 ||  .0 |  .0 |  .0 |
|========+========+========||========+========+========||========+========+========|
|  .0 |  .0 |  .0 ||  .1575 |  .0 |  .2456 ||  .0 |  .0 |  .0 |
|  .0 |  .0 |  .0 ||  .0 |  .0 |  .3209 ||  .0 |  .0 |  .0 |
|  .0 |  .0 |  .0 ||  .0 |  .1461 |  .1299 ||  .0 |  .0 |  .0 |

, state=
|  0. | -1. |  0. ||  1. |  1. |  0. ||  0. |  0. |  1. |
|  0. |  0. |  0. || -1. |  0. | -1. ||  0. |  0. | -1. |
| -1. | -1. | -1. ||  1. |  0. |  0. ||  0. |  0. | -1. |
|=====+=====+=====||=====+=====+=====||=====+=====+=====|
|  1. |  1. |  1. ||  0. |  0. |  0. ||  0. |  0. | -1. |
|  0. |  0. |  0. ||  1. | -1. |  1. ||  1. |  1. |  0. |
|  0. |  1. |  0. ||  0. |  0. |  0. ||  0. |  0. | -1. |
|=====+=====+=====||=====+=====+=====||=====+=====+=====|
|  0. | -1. |  0. ||* 0. |*-1. |* 0. ||  1. |  0. |  0. |
| -1. |  0. |  0. ||*-1. |*-1. |* 0. ||  0. |  0. |  1. |
|  1. |  1. |  0. ||*-1. |* 0. |* 0. ||  0. |  1. |  0. |

, evalForThisState=-1.0, isPlayerOneTurnOriginally=true}, StateDatum{MCTSProbabilites=
|  .0 |  .0 |  .0 ||  .0 |  .0 |  .0 ||  .0 |  .0 |  .0 |
|  .0 |  .0 |  .0 ||  .0 |  .0 |  .0 ||  .0 |  .0 |  .0 |
|  .0 |  .0 |  .0 ||  .0 |  .0 |  .0 ||  .0 |  .0 |  .0 |
|========+========+========||========+========+========||========+========+========|
|  .0 |  .0 |  .0 ||  .0 |  .0 |  .0 ||  .2278 |  .1396 |  .0 |
|  .0 |  .0 |  .0 ||  .0 |  .0 |  .0 ||  .0 |  .0 |  .2445 |
|  .0 |  .0 |  .0 ||  .0 |  .0 |  .0 ||  .1783 |  .2098 |  .0 |
|========+========+========||========+========+========||========+========+========|
|  .0 |  .0 |  .0 ||  .0 |  .0 |  .0 ||  .0 |  .0 |  .0 |
|  .0 |  .0 |  .0 ||  .0 |  .0 |  .0 ||  .0 |  .0 |  .0 |
|  .0 |  .0 |  .0 ||  .0 |  .0 |  .0 ||  .0 |  .0 |  .0 |

, state=
| -0. |  1. | -0. || -1. | -1. | -0. || -0. | -0. | -1. |
| -0. | -0. | -0. ||  1. | -0. |  1. || -0. | -0. |  1. |
|  1. |  1. |  1. || -1. | -0. | -0. || -0. | -0. |  1. |
|=====+=====+=====||=====+=====+=====||=====+=====+=====|
| -1. | -1. | -1. || -0. | -0. | -0. ||*-0. |*-0. |* 1. |
| -0. | -0. | -0. || -1. |  1. | -1. ||*-1. |*-1. |*-0. |
| -0. | -1. | -0. || -0. | -0. | -0. ||*-0. |*-0. |* 1. |
|=====+=====+=====||=====+=====+=====||=====+=====+=====|
| -0. |  1. | -0. || -0. |  1. | -0. || -1. | -0. | -0. |
|  1. | -0. | -0. ||  1. |  1. | -1. || -0. | -0. | -1. |
| -1. | -1. | -0. ||  1. | -0. | -0. || -0. | -1. | -0. |

, evalForThisState=1.0, isPlayerOneTurnOriginally=false}, StateDatum{MCTSProbabilites=
|  .0 |  .0 |  .0 ||  .0 |  .0 |  .0259 ||  .0193 |  .041 |  .0 |
|  .0 |  .0 |  .0 ||  .0 |  .0186 |  .0 ||  .0204 |  .0366 |  .0 |
|  .0 |  .0 |  .0 ||  .0 |  .027 |  .0325 ||  .0275 |  .0414 |  .0 |
|========+========+========||========+========+========||========+========+========|
|  .0 |  .0 |  .0 ||  .0326 |  .0115 |  .0377 ||  .0 |  .0 |  .0 |
|  .0 |  .0 |  .0 ||  .0 |  .0 |  .0 ||  .0 |  .0 |  .0 |
|  .0 |  .0 |  .0 ||  .0242 |  .0445 |  .0285 ||  .0 |  .0 |  .0 |
|========+========+========||========+========+========||========+========+========|
|  .0259 |  .0 |  .0454 ||  .04 |  .0 |  .0311 ||  .0 |  .0344 |  .0343 |
|  .0 |  .0315 |  .0252 ||  .0 |  .0 |  .0 ||  .0512 |  .0556 |  .0 |
|  .0 |  .0 |  .0243 ||  .0 |  .0482 |  .0379 ||  .0227 |  .0 |  .0231 |

, state=
|  0. | -1. |  0. ||* 1. |* 1. |* 0. ||* 0. |* 0. |* 1. |
|  0. |  0. |  0. ||*-1. |* 0. |*-1. ||* 0. |* 0. |*-1. |
| -1. | -1. | -1. ||* 1. |* 0. |* 0. ||* 0. |* 0. |*-1. |
|=====+=====+=====||=====+=====+=====||=====+=====+=====|
|  1. |  1. |  1. ||* 0. |* 0. |* 0. ||  0. |  0. | -1. |
|  0. |  0. |  0. ||* 1. |*-1. |* 1. ||  1. |  1. | -1. |
|  0. |  1. |  0. ||* 0. |* 0. |* 0. ||  0. |  0. | -1. |
|=====+=====+=====||=====+=====+=====||=====+=====+=====|
|* 0. |*-1. |* 0. ||* 0. |*-1. |* 0. ||* 1. |* 0. |* 0. |
|*-1. |* 0. |* 0. ||*-1. |*-1. |* 1. ||* 0. |* 0. |* 1. |
|* 1. |* 1. |* 0. ||*-1. |* 0. |* 0. ||* 0. |* 1. |* 0. |

, evalForThisState=-1.0, isPlayerOneTurnOriginally=true}, StateDatum{MCTSProbabilites=
|  .0 |  .0 |  .0 ||  .0 |  .0 |  .0 ||  .0 |  .0 |  .0 |
|  .0 |  .0 |  .0 ||  .0 |  .0 |  .0 ||  .0 |  .0 |  .0 |
|  .0 |  .0 |  .0 ||  .0 |  .0 |  .0 ||  .0 |  .0 |  .0 |
|========+========+========||========+========+========||========+========+========|
|  .0 |  .0 |  .0 ||  .164 |  .1675 |  .1633 ||  .0 |  .0 |  .0 |
|  .0 |  .0 |  .0 ||  .0 |  .0 |  .0 ||  .0 |  .0 |  .0 |
|  .0 |  .0 |  .0 ||  .1656 |  .1558 |  .1838 ||  .0 |  .0 |  .0 |
|========+========+========||========+========+========||========+========+========|
|  .0 |  .0 |  .0 ||  .0 |  .0 |  .0 ||  .0 |  .0 |  .0 |
|  .0 |  .0 |  .0 ||  .0 |  .0 |  .0 ||  .0 |  .0 |  .0 |
|  .0 |  .0 |  .0 ||  .0 |  .0 |  .0 ||  .0 |  .0 |  .0 |

, state=
| -0. |  1. | -0. || -1. | -1. | -0. || -0. | -0. | -1. |
| -0. | -0. | -0. ||  1. | -0. |  1. || -0. | -0. |  1. |
|  1. |  1. |  1. || -1. | -0. | -0. || -0. | -0. |  1. |
|=====+=====+=====||=====+=====+=====||=====+=====+=====|
| -1. | -1. | -1. ||*-0. |*-0. |*-0. || -0. | -0. |  1. |
| -0. | -0. | -0. ||*-1. |* 1. |*-1. || -1. | -1. |  1. |
| -0. | -1. | -0. ||*-0. |*-0. |*-0. || -0. | -0. |  1. |
|=====+=====+=====||=====+=====+=====||=====+=====+=====|
| -0. |  1. | -0. || -0. |  1. | -0. || -1. | -0. | -0. |
|  1. | -0. | -0. ||  1. |  1. | -1. || -0. | -1. | -1. |
| -1. | -1. | -0. ||  1. | -0. | -0. || -0. | -1. | -0. |

, evalForThisState=1.0, isPlayerOneTurnOriginally=false}, StateDatum{MCTSProbabilites=
|  .0 |  .0 |  .0 ||  .0 |  .0 |  .0 ||  .0 |  .0 |  .0 |
|  .0 |  .0 |  .0 ||  .0 |  .0 |  .0 ||  .0 |  .0 |  .0 |
|  .0 |  .0 |  .0 ||  .0 |  .0 |  .0 ||  .0 |  .0 |  .0 |
|========+========+========||========+========+========||========+========+========|
|  .0 |  .0 |  .0 ||  .0 |  .0 |  .0 ||  .0 |  .0 |  .0 |
|  .0 |  .0 |  .0 ||  .0 |  .0 |  .0 ||  .0 |  .0 |  .0 |
|  .0 |  .0 |  .0 ||  .0 |  .0 |  .0 ||  .0 |  .0 |  .0 |
|========+========+========||========+========+========||========+========+========|
|  .0 |  .0 |  .0 ||  .0 |  .0 |  .0 ||  .0 |  .2678 |  .2366 |
|  .0 |  .0 |  .0 ||  .0 |  .0 |  .0 ||  .1922 |  .0 |  .0 |
|  .0 |  .0 |  .0 ||  .0 |  .0 |  .0 ||  .1399 |  .0 |  .1635 |

, state=
|  0. | -1. |  0. ||  1. |  1. |  0. ||  0. |  0. |  1. |
|  0. |  0. |  0. || -1. |  0. | -1. ||  0. |  0. | -1. |
| -1. | -1. | -1. ||  1. |  0. |  0. ||  0. |  0. | -1. |
|=====+=====+=====||=====+=====+=====||=====+=====+=====|
|  1. |  1. |  1. ||  0. |  0. |  0. ||  0. |  0. | -1. |
|  0. |  0. |  0. ||  1. | -1. |  1. ||  1. |  1. | -1. |
|  0. |  1. |  0. ||  0. |  0. | -1. ||  0. |  0. | -1. |
|=====+=====+=====||=====+=====+=====||=====+=====+=====|
|  0. | -1. |  0. ||  0. | -1. |  0. ||* 1. |* 0. |* 0. |
| -1. |  0. |  0. || -1. | -1. |  1. ||* 0. |* 1. |* 1. |
|  1. |  1. |  0. || -1. |  0. |  0. ||* 0. |* 1. |* 0. |

, evalForThisState=-1.0, isPlayerOneTurnOriginally=true}, StateDatum{MCTSProbabilites=
|  .0 |  .0 |  .0 ||  .0 |  .0 |  .0049 ||  .0 |  .0 |  .0 |
|  .0 |  .0 |  .0 ||  .0 |  .9669 |  .0 ||  .0 |  .0 |  .0 |
|  .0 |  .0 |  .0 ||  .0 |  .0083 |  .0198 ||  .0 |  .0 |  .0 |
|========+========+========||========+========+========||========+========+========|
|  .0 |  .0 |  .0 ||  .0 |  .0 |  .0 ||  .0 |  .0 |  .0 |
|  .0 |  .0 |  .0 ||  .0 |  .0 |  .0 ||  .0 |  .0 |  .0 |
|  .0 |  .0 |  .0 ||  .0 |  .0 |  .0 ||  .0 |  .0 |  .0 |
|========+========+========||========+========+========||========+========+========|
|  .0 |  .0 |  .0 ||  .0 |  .0 |  .0 ||  .0 |  .0 |  .0 |
|  .0 |  .0 |  .0 ||  .0 |  .0 |  .0 ||  .0 |  .0 |  .0 |
|  .0 |  .0 |  .0 ||  .0 |  .0 |  .0 ||  .0 |  .0 |  .0 |

, state=
| -0. |  1. | -0. ||*-1. |*-1. |*-0. || -0. | -0. | -1. |
| -0. | -0. | -0. ||* 1. |*-0. |* 1. || -0. | -0. |  1. |
|  1. |  1. |  1. ||*-1. |*-0. |*-0. || -0. | -0. |  1. |
|=====+=====+=====||=====+=====+=====||=====+=====+=====|
| -1. | -1. | -1. || -0. | -0. | -0. || -0. | -0. |  1. |
| -0. | -0. | -0. || -1. |  1. | -1. || -1. | -1. |  1. |
| -0. | -1. | -0. || -0. | -0. |  1. || -0. | -0. |  1. |
|=====+=====+=====||=====+=====+=====||=====+=====+=====|
| -0. |  1. | -0. || -0. |  1. | -0. || -1. | -1. | -0. |
|  1. | -0. | -0. ||  1. |  1. | -1. || -0. | -1. | -1. |
| -1. | -1. | -0. ||  1. | -0. | -0. || -0. | -1. | -0. |

, evalForThisState=1.0, isPlayerOneTurnOriginally=false}, StateDatum{MCTSProbabilites=
|  .0 |  .0 |  .0 ||  .0 |  .0 |  .0 ||  .0 |  .0 |  .0 |
|  .0 |  .0 |  .0 ||  .0 |  .0 |  .0 ||  .0 |  .0 |  .0 |
|  .0 |  .0 |  .0 ||  .0 |  .0 |  .0 ||  .0 |  .0 |  .0 |
|========+========+========||========+========+========||========+========+========|
|  .0 |  .0 |  .0 ||  .0002 |  .0001 |  .0507 ||  .0 |  .0 |  .0 |
|  .0 |  .0 |  .0 ||  .0 |  .0 |  .0 ||  .0 |  .0 |  .0 |
|  .0 |  .0 |  .0 ||  .0235 |  .9255 |  .0 ||  .0 |  .0 |  .0 |
|========+========+========||========+========+========||========+========+========|
|  .0 |  .0 |  .0 ||  .0 |  .0 |  .0 ||  .0 |  .0 |  .0 |
|  .0 |  .0 |  .0 ||  .0 |  .0 |  .0 ||  .0 |  .0 |  .0 |
|  .0 |  .0 |  .0 ||  .0 |  .0 |  .0 ||  .0 |  .0 |  .0 |

, state=
|  0. | -1. |  0. ||  1. |  1. |  0. ||  0. |  0. |  1. |
|  0. |  0. |  0. || -1. | -1. | -1. ||  0. |  0. | -1. |
| -1. | -1. | -1. ||  1. |  0. |  0. ||  0. |  0. | -1. |
|=====+=====+=====||=====+=====+=====||=====+=====+=====|
|  1. |  1. |  1. ||* 0. |* 0. |* 0. ||  0. |  0. | -1. |
|  0. |  0. |  0. ||* 1. |*-1. |* 1. ||  1. |  1. | -1. |
|  0. |  1. |  0. ||* 0. |* 0. |*-1. ||  0. |  0. | -1. |
|=====+=====+=====||=====+=====+=====||=====+=====+=====|
|  0. | -1. |  0. ||  0. | -1. |  0. ||  1. |  1. |  0. |
| -1. |  0. |  0. || -1. | -1. |  1. ||  0. |  1. |  1. |
|  1. |  1. |  0. || -1. |  0. |  0. ||  0. |  1. |  0. |

, evalForThisState=-1.0, isPlayerOneTurnOriginally=true}, StateDatum{MCTSProbabilites=
|  .0 |  .0 |  .0 ||  .0 |  .0 |  .0 ||  .0 |  .0 |  .0 |
|  .0 |  .0 |  .0 ||  .0 |  .0 |  .0 ||  .0 |  .0 |  .0 |
|  .0 |  .0 |  .0 ||  .0 |  .0 |  .0 ||  .0 |  .0 |  .0 |
|========+========+========||========+========+========||========+========+========|
|  .0 |  .0 |  .0 ||  .0 |  .0 |  .0 ||  .0 |  .0 |  .0 |
|  .0 |  .0 |  .0 ||  .0 |  .0 |  .0 ||  .0 |  .0 |  .0 |
|  .0 |  .0 |  .0 ||  .0 |  .0 |  .0 ||  .0 |  .0 |  .0 |
|========+========+========||========+========+========||========+========+========|
|  .0 |  .0 |  .0 ||  .0004 |  .0 |  .9991 ||  .0 |  .0 |  .0 |
|  .0 |  .0 |  .0 ||  .0 |  .0 |  .0 ||  .0 |  .0 |  .0 |
|  .0 |  .0 |  .0 ||  .0 |  .0004 |  .0001 ||  .0 |  .0 |  .0 |

, state=
| -0. |  1. | -0. || -1. | -1. | -0. || -0. | -0. | -1. |
| -0. | -0. | -0. ||  1. |  1. |  1. || -0. | -0. |  1. |
|  1. |  1. |  1. || -1. | -0. | -0. || -0. | -0. |  1. |
|=====+=====+=====||=====+=====+=====||=====+=====+=====|
| -1. | -1. | -1. || -0. | -0. | -0. || -0. | -0. |  1. |
| -0. | -0. | -0. || -1. |  1. | -1. || -1. | -1. |  1. |
| -0. | -1. | -0. || -0. | -1. |  1. || -0. | -0. |  1. |
|=====+=====+=====||=====+=====+=====||=====+=====+=====|
| -0. |  1. | -0. ||*-0. |* 1. |*-0. || -1. | -1. | -0. |
|  1. | -0. | -0. ||* 1. |* 1. |*-1. || -0. | -1. | -1. |
| -1. | -1. | -0. ||* 1. |*-0. |*-0. || -0. | -1. | -0. |

, evalForThisState=1.0, isPlayerOneTurnOriginally=false}, StateDatum{MCTSProbabilites=
|  .0 |  .0 |  .0 ||  .0 |  .0 |  .0 ||  .0001 |  .0 |  .0 |
|  .0 |  .0 |  .0 ||  .0 |  .0 |  .0 ||  .0 |  .9958 |  .0 |
|  .0 |  .0 |  .0 ||  .0 |  .0 |  .0 ||  .004 |  .0 |  .0 |
|========+========+========||========+========+========||========+========+========|
|  .0 |  .0 |  .0 ||  .0 |  .0 |  .0 ||  .0 |  .0 |  .0 |
|  .0 |  .0 |  .0 ||  .0 |  .0 |  .0 ||  .0 |  .0 |  .0 |
|  .0 |  .0 |  .0 ||  .0 |  .0 |  .0 ||  .0 |  .0 |  .0 |
|========+========+========||========+========+========||========+========+========|
|  .0 |  .0 |  .0 ||  .0 |  .0 |  .0 ||  .0 |  .0 |  .0 |
|  .0 |  .0 |  .0 ||  .0 |  .0 |  .0 ||  .0 |  .0 |  .0 |
|  .0 |  .0 |  .0 ||  .0 |  .0 |  .0 ||  .0 |  .0 |  .0 |

, state=
|  0. | -1. |  0. ||  1. |  1. |  0. ||* 0. |* 0. |* 1. |
|  0. |  0. |  0. || -1. | -1. | -1. ||* 0. |* 0. |*-1. |
| -1. | -1. | -1. ||  1. |  0. |  0. ||* 0. |* 0. |*-1. |
|=====+=====+=====||=====+=====+=====||=====+=====+=====|
|  1. |  1. |  1. ||  0. |  0. |  0. ||  0. |  0. | -1. |
|  0. |  0. |  0. ||  1. | -1. |  1. ||  1. |  1. | -1. |
|  0. |  1. |  0. ||  0. |  1. | -1. ||  0. |  0. | -1. |
|=====+=====+=====||=====+=====+=====||=====+=====+=====|
|  0. | -1. |  0. ||  0. | -1. | -1. ||  1. |  1. |  0. |
| -1. |  0. |  0. || -1. | -1. |  1. ||  0. |  1. |  1. |
|  1. |  1. |  0. || -1. |  0. |  0. ||  0. |  1. |  0. |

, evalForThisState=-1.0, isPlayerOneTurnOriginally=true}, StateDatum{MCTSProbabilites=
|  .0 |  .0 |  .0 ||  .0 |  .0 |  .0 ||  .0 |  .0 |  .0 |
|  .0 |  .0 |  .0 ||  .0 |  .0 |  .0 ||  .0 |  .0 |  .0 |
|  .0 |  .0 |  .0 ||  .0 |  .0 |  .0 ||  .0 |  .0 |  .0 |
|========+========+========||========+========+========||========+========+========|
|  .0 |  .0 |  .0 ||  .9999 |  .0 |  .0 ||  .0 |  .0 |  .0 |
|  .0 |  .0 |  .0 ||  .0 |  .0 |  .0 ||  .0 |  .0 |  .0 |
|  .0 |  .0 |  .0 ||  .0001 |  .0 |  .0 ||  .0 |  .0 |  .0 |
|========+========+========||========+========+========||========+========+========|
|  .0 |  .0 |  .0 ||  .0 |  .0 |  .0 ||  .0 |  .0 |  .0 |
|  .0 |  .0 |  .0 ||  .0 |  .0 |  .0 ||  .0 |  .0 |  .0 |
|  .0 |  .0 |  .0 ||  .0 |  .0 |  .0 ||  .0 |  .0 |  .0 |

, state=
| -0. |  1. | -0. || -1. | -1. | -0. || -0. | -0. | -1. |
| -0. | -0. | -0. ||  1. |  1. |  1. || -0. | -1. |  1. |
|  1. |  1. |  1. || -1. | -0. | -0. || -0. | -0. |  1. |
|=====+=====+=====||=====+=====+=====||=====+=====+=====|
| -1. | -1. | -1. ||*-0. |*-0. |*-0. || -0. | -0. |  1. |
| -0. | -0. | -0. ||*-1. |* 1. |*-1. || -1. | -1. |  1. |
| -0. | -1. | -0. ||*-0. |*-1. |* 1. || -0. | -0. |  1. |
|=====+=====+=====||=====+=====+=====||=====+=====+=====|
| -0. |  1. | -0. || -0. |  1. |  1. || -1. | -1. | -0. |
|  1. | -0. | -0. ||  1. |  1. | -1. || -0. | -1. | -1. |
| -1. | -1. | -0. ||  1. | -0. | -0. || -0. | -1. | -0. |

, evalForThisState=1.0, isPlayerOneTurnOriginally=false}]
Value network data: 
===========INPUT===================
[[         0,         0,         0,  ...    1.0000,    1.0000,    1.0000], 
 [         0,         0,         0,  ...   -1.0000,   -1.0000,   -1.0000], 
 [         0,   -1.0000,         0,  ...   -1.0000,   -1.0000,   -1.0000], 
  ..., 
 [         0,    1.0000,         0,  ...   -1.0000,    1.0000,   -1.0000], 
 [         0,   -1.0000,         0,  ...   -1.0000,   -1.0000,   -1.0000], 
 [         0,    1.0000,         0,  ...   -1.0000,   -1.0000,   -1.0000]]
=================OUTPUT==================
[[-1.0000], 
 [1.0000], 
 [-1.0000], 
 [1.0000], 
 [-1.0000], 
 [1.0000], 
 [-1.0000], 
 [1.0000], 
 [-1.0000], 
 [1.0000], 
 [-1.0000], 
 [1.0000], 
 [-1.0000], 
 [1.0000], 
 [-1.0000], 
 [1.0000], 
 [-1.0000], 
 [1.0000], 
 [-1.0000], 
 [1.0000], 
 [-1.0000], 
 [1.0000], 
 [-1.0000], 
 [1.0000], 
 [-1.0000], 
 [1.0000], 
 [-1.0000], 
 [1.0000], 
 [-1.0000], 
 [1.0000], 
 [-1.0000], 
 [1.0000], 
 [-1.0000], 
 [1.0000], 
 [-1.0000], 
 [1.0000], 
 [-1.0000], 
 [1.0000], 
 [-1.0000], 
 [1.0000], 
 [-1.0000], 
 [1.0000], 
 [-1.0000], 
 [1.0000]]
Policy network data: 
===========INPUT===================
[[         0,         0,         0,  ...    1.0000,    1.0000,    1.0000], 
 [         0,         0,         0,  ...   -1.0000,   -1.0000,   -1.0000], 
 [         0,   -1.0000,         0,  ...   -1.0000,   -1.0000,   -1.0000], 
  ..., 
 [         0,    1.0000,         0,  ...   -1.0000,    1.0000,   -1.0000], 
 [         0,   -1.0000,         0,  ...   -1.0000,   -1.0000,   -1.0000], 
 [         0,    1.0000,         0,  ...   -1.0000,   -1.0000,   -1.0000]]
=================OUTPUT==================
[[    0.0081,    0.0091,    0.0094,  ...    0.0077,    0.0105,    0.0070], 
 [    0.0437,    0.5516,    0.0482,  ...         0,         0,         0], 
 [         0,         0,         0,  ...         0,         0,         0], 
  ..., 
 [         0,         0,         0,  ...         0,         0,         0], 
 [         0,         0,         0,  ...         0,         0,         0], 
 [         0,         0,         0,  ...         0,         0,         0]]
W:\Labs\ME\ME187-Fall2024\StudentFiles\CALEBHOTTES\UTTTstuff\data\series1\policy$series1,gameNum123$1729879614167.bin
Took: 1323 s to simulate game
Finished simulating game, see log at: W:\Labs\ME\ME187-Fall2024\StudentFiles\CALEBHOTTES\UTTTstuff\data\logs\series1\game123$1729873385290.log for details.
