Saving data to: W:\Labs\ME\ME187-Fall2024\StudentFiles\CALEBHOTTES\UTTTstuff\data\series1
Begin custom message: 
DataSeries: series1 game number: 161 

Description: making data during matlab class 238. 

Evaluator config=EvaluatorConfiguration{cValue=2.0, maxRolloutDepth=1000, computeTime=35, threads=1, stupidity=0, allowForcePlay=false, maxMyCPU=false}
End custom message
Inital State: 

|* 0. |* 0. |* 0. ||* 0. |* 0. |* 0. ||* 0. |* 0. |* 0. |
|* 0. |* 0. |* 0. ||* 0. |* 0. |* 0. ||* 0. |* 0. |* 0. |
|* 0. |* 0. |* 0. ||* 0. |* 0. |* 0. ||* 0. |* 0. |* 0. |
|=====+=====+=====||=====+=====+=====||=====+=====+=====|
|* 0. |* 0. |* 0. ||* 0. |* 0. |* 0. ||* 0. |* 0. |* 0. |
|* 0. |* 0. |* 0. ||* 0. |* 0. |* 0. ||* 0. |* 0. |* 0. |
|* 0. |* 0. |* 0. ||* 0. |* 0. |* 0. ||* 0. |* 0. |* 0. |
|=====+=====+=====||=====+=====+=====||=====+=====+=====|
|* 0. |* 0. |* 0. ||* 0. |* 0. |* 0. ||* 0. |* 0. |* 0. |
|* 0. |* 0. |* 0. ||* 0. |* 0. |* 0. ||* 0. |* 0. |* 0. |
|* 0. |* 0. |* 0. ||* 0. |* 0. |* 0. ||* 0. |* 0. |* 0. |


state to eval, currenty is playerone turn=true

|* 0. |* 0. |* 0. ||* 0. |* 0. |* 0. ||* 0. |* 0. |* 0. |
|* 0. |* 0. |* 0. ||* 0. |* 0. |* 0. ||* 0. |* 0. |* 0. |
|* 0. |* 0. |* 0. ||* 0. |* 0. |* 0. ||* 0. |* 0. |* 0. |
|=====+=====+=====||=====+=====+=====||=====+=====+=====|
|* 0. |* 0. |* 0. ||* 0. |* 0. |* 0. ||* 0. |* 0. |* 0. |
|* 0. |* 0. |* 0. ||* 0. |* 0. |* 0. ||* 0. |* 0. |* 0. |
|* 0. |* 0. |* 0. ||* 0. |* 0. |* 0. ||* 0. |* 0. |* 0. |
|=====+=====+=====||=====+=====+=====||=====+=====+=====|
|* 0. |* 0. |* 0. ||* 0. |* 0. |* 0. ||* 0. |* 0. |* 0. |
|* 0. |* 0. |* 0. ||* 0. |* 0. |* 0. ||* 0. |* 0. |* 0. |
|* 0. |* 0. |* 0. ||* 0. |* 0. |* 0. ||* 0. |* 0. |* 0. |


current State

|* 0. |* 0. |* 0. ||  0. |  0. |  0. ||  0. |  0. |  0. |
|* 0. |* 0. |* 0. ||  0. |  0. |  0. ||  0. |  0. |  0. |
|* 0. |* 0. |* 0. ||  0. |  0. |  0. ||  0. |  0. |  0. |
|=====+=====+=====||=====+=====+=====||=====+=====+=====|
|  0. |  0. |  0. ||  0. |  0. |  0. ||  1. |  0. |  0. |
|  0. |  0. |  0. ||  0. |  0. |  0. ||  0. |  0. |  0. |
|  0. |  0. |  0. ||  0. |  0. |  0. ||  0. |  0. |  0. |
|=====+=====+=====||=====+=====+=====||=====+=====+=====|
|  0. |  0. |  0. ||  0. |  0. |  0. ||  0. |  0. |  0. |
|  0. |  0. |  0. ||  0. |  0. |  0. ||  0. |  0. |  0. |
|  0. |  0. |  0. ||  0. |  0. |  0. ||  0. |  0. |  0. |


state to eval, currenty is playerone turn=false

|*-0. |*-0. |*-0. || -0. | -0. | -0. || -0. | -0. | -0. |
|*-0. |*-0. |*-0. || -0. | -0. | -0. || -0. | -0. | -0. |
|*-0. |*-0. |*-0. || -0. | -0. | -0. || -0. | -0. | -0. |
|=====+=====+=====||=====+=====+=====||=====+=====+=====|
| -0. | -0. | -0. || -0. | -0. | -0. || -1. | -0. | -0. |
| -0. | -0. | -0. || -0. | -0. | -0. || -0. | -0. | -0. |
| -0. | -0. | -0. || -0. | -0. | -0. || -0. | -0. | -0. |
|=====+=====+=====||=====+=====+=====||=====+=====+=====|
| -0. | -0. | -0. || -0. | -0. | -0. || -0. | -0. | -0. |
| -0. | -0. | -0. || -0. | -0. | -0. || -0. | -0. | -0. |
| -0. | -0. | -0. || -0. | -0. | -0. || -0. | -0. | -0. |


current State

|  0. |  0. |  0. ||  0. |  0. |  0. ||  0. |  0. |  0. |
|  0. |  0. |  0. ||  0. |  0. |  0. ||  0. |  0. |  0. |
| -1. |  0. |  0. ||  0. |  0. |  0. ||  0. |  0. |  0. |
|=====+=====+=====||=====+=====+=====||=====+=====+=====|
|  0. |  0. |  0. ||  0. |  0. |  0. ||  1. |  0. |  0. |
|  0. |  0. |  0. ||  0. |  0. |  0. ||  0. |  0. |  0. |
|  0. |  0. |  0. ||  0. |  0. |  0. ||  0. |  0. |  0. |
|=====+=====+=====||=====+=====+=====||=====+=====+=====|
|* 0. |* 0. |* 0. ||  0. |  0. |  0. ||  0. |  0. |  0. |
|* 0. |* 0. |* 0. ||  0. |  0. |  0. ||  0. |  0. |  0. |
|* 0. |* 0. |* 0. ||  0. |  0. |  0. ||  0. |  0. |  0. |


state to eval, currenty is playerone turn=true

|  0. |  0. |  0. ||  0. |  0. |  0. ||  0. |  0. |  0. |
|  0. |  0. |  0. ||  0. |  0. |  0. ||  0. |  0. |  0. |
| -1. |  0. |  0. ||  0. |  0. |  0. ||  0. |  0. |  0. |
|=====+=====+=====||=====+=====+=====||=====+=====+=====|
|  0. |  0. |  0. ||  0. |  0. |  0. ||  1. |  0. |  0. |
|  0. |  0. |  0. ||  0. |  0. |  0. ||  0. |  0. |  0. |
|  0. |  0. |  0. ||  0. |  0. |  0. ||  0. |  0. |  0. |
|=====+=====+=====||=====+=====+=====||=====+=====+=====|
|* 0. |* 0. |* 0. ||  0. |  0. |  0. ||  0. |  0. |  0. |
|* 0. |* 0. |* 0. ||  0. |  0. |  0. ||  0. |  0. |  0. |
|* 0. |* 0. |* 0. ||  0. |  0. |  0. ||  0. |  0. |  0. |


current State

|  0. |  0. |  0. ||  0. |  0. |  0. ||  0. |  0. |  0. |
|  0. |  0. |  0. ||  0. |  0. |  0. ||  0. |  0. |  0. |
| -1. |  0. |  0. ||  0. |  0. |  0. ||  0. |  0. |  0. |
|=====+=====+=====||=====+=====+=====||=====+=====+=====|
|  0. |  0. |  0. ||  0. |  0. |  0. ||* 1. |* 0. |* 0. |
|  0. |  0. |  0. ||  0. |  0. |  0. ||* 0. |* 0. |* 0. |
|  0. |  0. |  0. ||  0. |  0. |  0. ||* 0. |* 0. |* 0. |
|=====+=====+=====||=====+=====+=====||=====+=====+=====|
|  0. |  0. |  0. ||  0. |  0. |  0. ||  0. |  0. |  0. |
|  0. |  0. |  1. ||  0. |  0. |  0. ||  0. |  0. |  0. |
|  0. |  0. |  0. ||  0. |  0. |  0. ||  0. |  0. |  0. |


state to eval, currenty is playerone turn=false

| -0. | -0. | -0. || -0. | -0. | -0. || -0. | -0. | -0. |
| -0. | -0. | -0. || -0. | -0. | -0. || -0. | -0. | -0. |
|  1. | -0. | -0. || -0. | -0. | -0. || -0. | -0. | -0. |
|=====+=====+=====||=====+=====+=====||=====+=====+=====|
| -0. | -0. | -0. || -0. | -0. | -0. ||*-1. |*-0. |*-0. |
| -0. | -0. | -0. || -0. | -0. | -0. ||*-0. |*-0. |*-0. |
| -0. | -0. | -0. || -0. | -0. | -0. ||*-0. |*-0. |*-0. |
|=====+=====+=====||=====+=====+=====||=====+=====+=====|
| -0. | -0. | -0. || -0. | -0. | -0. || -0. | -0. | -0. |
| -0. | -0. | -1. || -0. | -0. | -0. || -0. | -0. | -0. |
| -0. | -0. | -0. || -0. | -0. | -0. || -0. | -0. | -0. |


Determined best move using: 129915Iterations
current State

|  0. |  0. |  0. ||  0. |  0. |  0. ||  0. |  0. |  0. |
|  0. |  0. |  0. ||  0. |  0. |  0. ||  0. |  0. |  0. |
| -1. |  0. |  0. ||  0. |  0. |  0. ||  0. |  0. |  0. |
|=====+=====+=====||=====+=====+=====||=====+=====+=====|
|  0. |  0. |  0. ||  0. |  0. |  0. ||  1. |  0. |  0. |
|  0. |  0. |  0. ||  0. |  0. |  0. ||  0. |  0. |  0. |
|  0. |  0. |  0. ||  0. |  0. |  0. || -1. |  0. |  0. |
|=====+=====+=====||=====+=====+=====||=====+=====+=====|
|* 0. |* 0. |* 0. ||  0. |  0. |  0. ||  0. |  0. |  0. |
|* 0. |* 0. |* 1. ||  0. |  0. |  0. ||  0. |  0. |  0. |
|* 0. |* 0. |* 0. ||  0. |  0. |  0. ||  0. |  0. |  0. |


state to eval, currenty is playerone turn=true

|  0. |  0. |  0. ||  0. |  0. |  0. ||  0. |  0. |  0. |
|  0. |  0. |  0. ||  0. |  0. |  0. ||  0. |  0. |  0. |
| -1. |  0. |  0. ||  0. |  0. |  0. ||  0. |  0. |  0. |
|=====+=====+=====||=====+=====+=====||=====+=====+=====|
|  0. |  0. |  0. ||  0. |  0. |  0. ||  1. |  0. |  0. |
|  0. |  0. |  0. ||  0. |  0. |  0. ||  0. |  0. |  0. |
|  0. |  0. |  0. ||  0. |  0. |  0. || -1. |  0. |  0. |
|=====+=====+=====||=====+=====+=====||=====+=====+=====|
|* 0. |* 0. |* 0. ||  0. |  0. |  0. ||  0. |  0. |  0. |
|* 0. |* 0. |* 1. ||  0. |  0. |  0. ||  0. |  0. |  0. |
|* 0. |* 0. |* 0. ||  0. |  0. |  0. ||  0. |  0. |  0. |


Determined best move using: 134730Iterations
current State

|  0. |  0. |  0. ||  0. |  0. |  0. ||  0. |  0. |  0. |
|  0. |  0. |  0. ||  0. |  0. |  0. ||  0. |  0. |  0. |
| -1. |  0. |  0. ||  0. |  0. |  0. ||  0. |  0. |  0. |
|=====+=====+=====||=====+=====+=====||=====+=====+=====|
|  0. |  0. |  0. ||  0. |  0. |  0. ||  1. |  0. |  0. |
|  0. |  0. |  0. ||  0. |  0. |  0. ||  0. |  0. |  0. |
|  0. |  0. |  0. ||  0. |  0. |  0. || -1. |  0. |  0. |
|=====+=====+=====||=====+=====+=====||=====+=====+=====|
|  0. |  0. |  0. ||  0. |  0. |  0. ||* 0. |* 0. |* 0. |
|  0. |  0. |  1. ||  0. |  0. |  0. ||* 0. |* 0. |* 0. |
|  0. |  0. |  1. ||  0. |  0. |  0. ||* 0. |* 0. |* 0. |


state to eval, currenty is playerone turn=false

| -0. | -0. | -0. || -0. | -0. | -0. || -0. | -0. | -0. |
| -0. | -0. | -0. || -0. | -0. | -0. || -0. | -0. | -0. |
|  1. | -0. | -0. || -0. | -0. | -0. || -0. | -0. | -0. |
|=====+=====+=====||=====+=====+=====||=====+=====+=====|
| -0. | -0. | -0. || -0. | -0. | -0. || -1. | -0. | -0. |
| -0. | -0. | -0. || -0. | -0. | -0. || -0. | -0. | -0. |
| -0. | -0. | -0. || -0. | -0. | -0. ||  1. | -0. | -0. |
|=====+=====+=====||=====+=====+=====||=====+=====+=====|
| -0. | -0. | -0. || -0. | -0. | -0. ||*-0. |*-0. |*-0. |
| -0. | -0. | -1. || -0. | -0. | -0. ||*-0. |*-0. |*-0. |
| -0. | -0. | -1. || -0. | -0. | -0. ||*-0. |*-0. |*-0. |


current State

|  0. |  0. |  0. ||  0. |  0. |  0. ||  0. |  0. |  0. |
|  0. |  0. |  0. ||  0. |  0. |  0. ||  0. |  0. |  0. |
| -1. |  0. |  0. ||  0. |  0. |  0. ||  0. |  0. |  0. |
|=====+=====+=====||=====+=====+=====||=====+=====+=====|
|  0. |  0. |  0. ||* 0. |* 0. |* 0. ||  1. |  0. |  0. |
|  0. |  0. |  0. ||* 0. |* 0. |* 0. ||  0. |  0. |  0. |
|  0. |  0. |  0. ||* 0. |* 0. |* 0. || -1. |  0. |  0. |
|=====+=====+=====||=====+=====+=====||=====+=====+=====|
|  0. |  0. |  0. ||  0. |  0. |  0. ||  0. |  0. |  0. |
|  0. |  0. |  1. ||  0. |  0. |  0. ||  0. | -1. |  0. |
|  0. |  0. |  1. ||  0. |  0. |  0. ||  0. |  0. |  0. |


state to eval, currenty is playerone turn=true

|  0. |  0. |  0. ||  0. |  0. |  0. ||  0. |  0. |  0. |
|  0. |  0. |  0. ||  0. |  0. |  0. ||  0. |  0. |  0. |
| -1. |  0. |  0. ||  0. |  0. |  0. ||  0. |  0. |  0. |
|=====+=====+=====||=====+=====+=====||=====+=====+=====|
|  0. |  0. |  0. ||* 0. |* 0. |* 0. ||  1. |  0. |  0. |
|  0. |  0. |  0. ||* 0. |* 0. |* 0. ||  0. |  0. |  0. |
|  0. |  0. |  0. ||* 0. |* 0. |* 0. || -1. |  0. |  0. |
|=====+=====+=====||=====+=====+=====||=====+=====+=====|
|  0. |  0. |  0. ||  0. |  0. |  0. ||  0. |  0. |  0. |
|  0. |  0. |  1. ||  0. |  0. |  0. ||  0. | -1. |  0. |
|  0. |  0. |  1. ||  0. |  0. |  0. ||  0. |  0. |  0. |


current State

|  0. |  0. |  0. ||  0. |  0. |  0. ||  0. |  0. |  0. |
|  0. |  0. |  0. ||  0. |  0. |  0. ||  0. |  0. |  0. |
| -1. |  0. |  0. ||  0. |  0. |  0. ||  0. |  0. |  0. |
|=====+=====+=====||=====+=====+=====||=====+=====+=====|
|  0. |  0. |  0. ||  0. |  0. |  0. ||  1. |  0. |  0. |
|  0. |  0. |  0. ||  0. |  0. |  0. ||  0. |  0. |  0. |
|  0. |  0. |  0. ||  0. |  0. |  1. || -1. |  0. |  0. |
|=====+=====+=====||=====+=====+=====||=====+=====+=====|
|  0. |  0. |  0. ||  0. |  0. |  0. ||* 0. |* 0. |* 0. |
|  0. |  0. |  1. ||  0. |  0. |  0. ||* 0. |*-1. |* 0. |
|  0. |  0. |  1. ||  0. |  0. |  0. ||* 0. |* 0. |* 0. |


state to eval, currenty is playerone turn=false

| -0. | -0. | -0. || -0. | -0. | -0. || -0. | -0. | -0. |
| -0. | -0. | -0. || -0. | -0. | -0. || -0. | -0. | -0. |
|  1. | -0. | -0. || -0. | -0. | -0. || -0. | -0. | -0. |
|=====+=====+=====||=====+=====+=====||=====+=====+=====|
| -0. | -0. | -0. || -0. | -0. | -0. || -1. | -0. | -0. |
| -0. | -0. | -0. || -0. | -0. | -0. || -0. | -0. | -0. |
| -0. | -0. | -0. || -0. | -0. | -1. ||  1. | -0. | -0. |
|=====+=====+=====||=====+=====+=====||=====+=====+=====|
| -0. | -0. | -0. || -0. | -0. | -0. ||*-0. |*-0. |*-0. |
| -0. | -0. | -1. || -0. | -0. | -0. ||*-0. |* 1. |*-0. |
| -0. | -0. | -1. || -0. | -0. | -0. ||*-0. |*-0. |*-0. |


current State

|  0. |  0. |  0. ||  0. |  0. |  0. ||  0. |  0. |  0. |
|  0. |  0. |  0. ||  0. |  0. |  0. ||  0. |  0. |  0. |
| -1. |  0. |  0. ||  0. |  0. |  0. ||  0. |  0. |  0. |
|=====+=====+=====||=====+=====+=====||=====+=====+=====|
|  0. |  0. |  0. ||  0. |  0. |  0. ||  1. |  0. |  0. |
|  0. |  0. |  0. ||  0. |  0. |  0. ||  0. |  0. |  0. |
|  0. |  0. |  0. ||  0. |  0. |  1. || -1. |  0. |  0. |
|=====+=====+=====||=====+=====+=====||=====+=====+=====|
|* 0. |* 0. |* 0. ||  0. |  0. |  0. ||  0. |  0. |  0. |
|* 0. |* 0. |* 1. ||  0. |  0. |  0. ||  0. | -1. |  0. |
|* 0. |* 0. |* 1. ||  0. |  0. |  0. || -1. |  0. |  0. |


state to eval, currenty is playerone turn=true

|  0. |  0. |  0. ||  0. |  0. |  0. ||  0. |  0. |  0. |
|  0. |  0. |  0. ||  0. |  0. |  0. ||  0. |  0. |  0. |
| -1. |  0. |  0. ||  0. |  0. |  0. ||  0. |  0. |  0. |
|=====+=====+=====||=====+=====+=====||=====+=====+=====|
|  0. |  0. |  0. ||  0. |  0. |  0. ||  1. |  0. |  0. |
|  0. |  0. |  0. ||  0. |  0. |  0. ||  0. |  0. |  0. |
|  0. |  0. |  0. ||  0. |  0. |  1. || -1. |  0. |  0. |
|=====+=====+=====||=====+=====+=====||=====+=====+=====|
|* 0. |* 0. |* 0. ||  0. |  0. |  0. ||  0. |  0. |  0. |
|* 0. |* 0. |* 1. ||  0. |  0. |  0. ||  0. | -1. |  0. |
|* 0. |* 0. |* 1. ||  0. |  0. |  0. || -1. |  0. |  0. |


Determined best move using: 72241Iterations
current State

|* 0. |* 0. |* 0. ||  0. |  0. |  0. ||  0. |  0. |  0. |
|* 0. |* 0. |* 0. ||  0. |  0. |  0. ||  0. |  0. |  0. |
|*-1. |* 0. |* 0. ||  0. |  0. |  0. ||  0. |  0. |  0. |
|=====+=====+=====||=====+=====+=====||=====+=====+=====|
|  0. |  0. |  0. ||  0. |  0. |  0. ||  1. |  0. |  0. |
|  0. |  0. |  0. ||  0. |  0. |  0. ||  0. |  0. |  0. |
|  0. |  0. |  0. ||  0. |  0. |  1. || -1. |  0. |  0. |
|=====+=====+=====||=====+=====+=====||=====+=====+=====|
|  1. |  0. |  0. ||  0. |  0. |  0. ||  0. |  0. |  0. |
|  0. |  0. |  1. ||  0. |  0. |  0. ||  0. | -1. |  0. |
|  0. |  0. |  1. ||  0. |  0. |  0. || -1. |  0. |  0. |


state to eval, currenty is playerone turn=false

|*-0. |*-0. |*-0. || -0. | -0. | -0. || -0. | -0. | -0. |
|*-0. |*-0. |*-0. || -0. | -0. | -0. || -0. | -0. | -0. |
|* 1. |*-0. |*-0. || -0. | -0. | -0. || -0. | -0. | -0. |
|=====+=====+=====||=====+=====+=====||=====+=====+=====|
| -0. | -0. | -0. || -0. | -0. | -0. || -1. | -0. | -0. |
| -0. | -0. | -0. || -0. | -0. | -0. || -0. | -0. | -0. |
| -0. | -0. | -0. || -0. | -0. | -1. ||  1. | -0. | -0. |
|=====+=====+=====||=====+=====+=====||=====+=====+=====|
| -1. | -0. | -0. || -0. | -0. | -0. || -0. | -0. | -0. |
| -0. | -0. | -1. || -0. | -0. | -0. || -0. |  1. | -0. |
| -0. | -0. | -1. || -0. | -0. | -0. ||  1. | -0. | -0. |


Determined best move using: 76206Iterations
current State

|  0. |  0. |  0. ||  0. |  0. |  0. ||  0. |  0. |  0. |
|  0. |  0. |  0. ||  0. |  0. |  0. ||  0. |  0. |  0. |
| -1. |  0. | -1. ||  0. |  0. |  0. ||  0. |  0. |  0. |
|=====+=====+=====||=====+=====+=====||=====+=====+=====|
|  0. |  0. |  0. ||  0. |  0. |  0. ||  1. |  0. |  0. |
|  0. |  0. |  0. ||  0. |  0. |  0. ||  0. |  0. |  0. |
|  0. |  0. |  0. ||  0. |  0. |  1. || -1. |  0. |  0. |
|=====+=====+=====||=====+=====+=====||=====+=====+=====|
|  1. |  0. |  0. ||  0. |  0. |  0. ||* 0. |* 0. |* 0. |
|  0. |  0. |  1. ||  0. |  0. |  0. ||* 0. |*-1. |* 0. |
|  0. |  0. |  1. ||  0. |  0. |  0. ||*-1. |* 0. |* 0. |


state to eval, currenty is playerone turn=true

|  0. |  0. |  0. ||  0. |  0. |  0. ||  0. |  0. |  0. |
|  0. |  0. |  0. ||  0. |  0. |  0. ||  0. |  0. |  0. |
| -1. |  0. | -1. ||  0. |  0. |  0. ||  0. |  0. |  0. |
|=====+=====+=====||=====+=====+=====||=====+=====+=====|
|  0. |  0. |  0. ||  0. |  0. |  0. ||  1. |  0. |  0. |
|  0. |  0. |  0. ||  0. |  0. |  0. ||  0. |  0. |  0. |
|  0. |  0. |  0. ||  0. |  0. |  1. || -1. |  0. |  0. |
|=====+=====+=====||=====+=====+=====||=====+=====+=====|
|  1. |  0. |  0. ||  0. |  0. |  0. ||* 0. |* 0. |* 0. |
|  0. |  0. |  1. ||  0. |  0. |  0. ||* 0. |*-1. |* 0. |
|  0. |  0. |  1. ||  0. |  0. |  0. ||*-1. |* 0. |* 0. |


Determined best move using: 78551Iterations
current State

|  0. |  0. |  0. ||  0. |  0. |  0. ||* 0. |* 0. |* 0. |
|  0. |  0. |  0. ||  0. |  0. |  0. ||* 0. |* 0. |* 0. |
| -1. |  0. | -1. ||  0. |  0. |  0. ||* 0. |* 0. |* 0. |
|=====+=====+=====||=====+=====+=====||=====+=====+=====|
|  0. |  0. |  0. ||  0. |  0. |  0. ||  1. |  0. |  0. |
|  0. |  0. |  0. ||  0. |  0. |  0. ||  0. |  0. |  0. |
|  0. |  0. |  0. ||  0. |  0. |  1. || -1. |  0. |  0. |
|=====+=====+=====||=====+=====+=====||=====+=====+=====|
|  1. |  0. |  0. ||  0. |  0. |  0. ||  0. |  0. |  1. |
|  0. |  0. |  1. ||  0. |  0. |  0. ||  0. | -1. |  0. |
|  0. |  0. |  1. ||  0. |  0. |  0. || -1. |  0. |  0. |


state to eval, currenty is playerone turn=false

| -0. | -0. | -0. || -0. | -0. | -0. ||*-0. |*-0. |*-0. |
| -0. | -0. | -0. || -0. | -0. | -0. ||*-0. |*-0. |*-0. |
|  1. | -0. |  1. || -0. | -0. | -0. ||*-0. |*-0. |*-0. |
|=====+=====+=====||=====+=====+=====||=====+=====+=====|
| -0. | -0. | -0. || -0. | -0. | -0. || -1. | -0. | -0. |
| -0. | -0. | -0. || -0. | -0. | -0. || -0. | -0. | -0. |
| -0. | -0. | -0. || -0. | -0. | -1. ||  1. | -0. | -0. |
|=====+=====+=====||=====+=====+=====||=====+=====+=====|
| -1. | -0. | -0. || -0. | -0. | -0. || -0. | -0. | -1. |
| -0. | -0. | -1. || -0. | -0. | -0. || -0. |  1. | -0. |
| -0. | -0. | -1. || -0. | -0. | -0. ||  1. | -0. | -0. |


Determined best move using: 69424Iterations
Determined best move using: 78919Iterations
current State

|  0. |  0. |  0. ||* 0. |* 0. |* 0. ||  0. | -1. |  0. |
|  0. |  0. |  0. ||* 0. |* 0. |* 0. ||  0. |  0. |  0. |
| -1. |  0. | -1. ||* 0. |* 0. |* 0. ||  0. |  0. |  0. |
|=====+=====+=====||=====+=====+=====||=====+=====+=====|
|  0. |  0. |  0. ||  0. |  0. |  0. ||  1. |  0. |  0. |
|  0. |  0. |  0. ||  0. |  0. |  0. ||  0. |  0. |  0. |
|  0. |  0. |  0. ||  0. |  0. |  1. || -1. |  0. |  0. |
|=====+=====+=====||=====+=====+=====||=====+=====+=====|
|  1. |  0. |  0. ||  0. |  0. |  0. ||  0. |  0. |  1. |
|  0. |  0. |  1. ||  0. |  0. |  0. ||  0. | -1. |  0. |
|  0. |  0. |  1. ||  0. |  0. |  0. || -1. |  0. |  0. |


state to eval, currenty is playerone turn=true

|  0. |  0. |  0. ||* 0. |* 0. |* 0. ||  0. | -1. |  0. |
|  0. |  0. |  0. ||* 0. |* 0. |* 0. ||  0. |  0. |  0. |
| -1. |  0. | -1. ||* 0. |* 0. |* 0. ||  0. |  0. |  0. |
|=====+=====+=====||=====+=====+=====||=====+=====+=====|
|  0. |  0. |  0. ||  0. |  0. |  0. ||  1. |  0. |  0. |
|  0. |  0. |  0. ||  0. |  0. |  0. ||  0. |  0. |  0. |
|  0. |  0. |  0. ||  0. |  0. |  1. || -1. |  0. |  0. |
|=====+=====+=====||=====+=====+=====||=====+=====+=====|
|  1. |  0. |  0. ||  0. |  0. |  0. ||  0. |  0. |  1. |
|  0. |  0. |  1. ||  0. |  0. |  0. ||  0. | -1. |  0. |
|  0. |  0. |  1. ||  0. |  0. |  0. || -1. |  0. |  0. |


Determined best move using: 73386Iterations
Determined best move using: 77618Iterations
current State

|* 0. |* 0. |* 0. ||  1. |  0. |  0. ||  0. | -1. |  0. |
|* 0. |* 0. |* 0. ||  0. |  0. |  0. ||  0. |  0. |  0. |
|*-1. |* 0. |*-1. ||  0. |  0. |  0. ||  0. |  0. |  0. |
|=====+=====+=====||=====+=====+=====||=====+=====+=====|
|  0. |  0. |  0. ||  0. |  0. |  0. ||  1. |  0. |  0. |
|  0. |  0. |  0. ||  0. |  0. |  0. ||  0. |  0. |  0. |
|  0. |  0. |  0. ||  0. |  0. |  1. || -1. |  0. |  0. |
|=====+=====+=====||=====+=====+=====||=====+=====+=====|
|  1. |  0. |  0. ||  0. |  0. |  0. ||  0. |  0. |  1. |
|  0. |  0. |  1. ||  0. |  0. |  0. ||  0. | -1. |  0. |
|  0. |  0. |  1. ||  0. |  0. |  0. || -1. |  0. |  0. |


state to eval, currenty is playerone turn=false

|*-0. |*-0. |*-0. || -1. | -0. | -0. || -0. |  1. | -0. |
|*-0. |*-0. |*-0. || -0. | -0. | -0. || -0. | -0. | -0. |
|* 1. |*-0. |* 1. || -0. | -0. | -0. || -0. | -0. | -0. |
|=====+=====+=====||=====+=====+=====||=====+=====+=====|
| -0. | -0. | -0. || -0. | -0. | -0. || -1. | -0. | -0. |
| -0. | -0. | -0. || -0. | -0. | -0. || -0. | -0. | -0. |
| -0. | -0. | -0. || -0. | -0. | -1. ||  1. | -0. | -0. |
|=====+=====+=====||=====+=====+=====||=====+=====+=====|
| -1. | -0. | -0. || -0. | -0. | -0. || -0. | -0. | -1. |
| -0. | -0. | -1. || -0. | -0. | -0. || -0. |  1. | -0. |
| -0. | -0. | -1. || -0. | -0. | -0. ||  1. | -0. | -0. |


Determined best move using: 79800Iterations
current State

|  0. |  0. | -1. ||  1. |  0. |  0. ||* 0. |*-1. |* 0. |
|  0. |  0. |  0. ||  0. |  0. |  0. ||* 0. |* 0. |* 0. |
| -1. |  0. | -1. ||  0. |  0. |  0. ||* 0. |* 0. |* 0. |
|=====+=====+=====||=====+=====+=====||=====+=====+=====|
|  0. |  0. |  0. ||  0. |  0. |  0. ||  1. |  0. |  0. |
|  0. |  0. |  0. ||  0. |  0. |  0. ||  0. |  0. |  0. |
|  0. |  0. |  0. ||  0. |  0. |  1. || -1. |  0. |  0. |
|=====+=====+=====||=====+=====+=====||=====+=====+=====|
|  1. |  0. |  0. ||  0. |  0. |  0. ||  0. |  0. |  1. |
|  0. |  0. |  1. ||  0. |  0. |  0. ||  0. | -1. |  0. |
|  0. |  0. |  1. ||  0. |  0. |  0. || -1. |  0. |  0. |


state to eval, currenty is playerone turn=true

|  0. |  0. | -1. ||  1. |  0. |  0. ||* 0. |*-1. |* 0. |
|  0. |  0. |  0. ||  0. |  0. |  0. ||* 0. |* 0. |* 0. |
| -1. |  0. | -1. ||  0. |  0. |  0. ||* 0. |* 0. |* 0. |
|=====+=====+=====||=====+=====+=====||=====+=====+=====|
|  0. |  0. |  0. ||  0. |  0. |  0. ||  1. |  0. |  0. |
|  0. |  0. |  0. ||  0. |  0. |  0. ||  0. |  0. |  0. |
|  0. |  0. |  0. ||  0. |  0. |  1. || -1. |  0. |  0. |
|=====+=====+=====||=====+=====+=====||=====+=====+=====|
|  1. |  0. |  0. ||  0. |  0. |  0. ||  0. |  0. |  1. |
|  0. |  0. |  1. ||  0. |  0. |  0. ||  0. | -1. |  0. |
|  0. |  0. |  1. ||  0. |  0. |  0. || -1. |  0. |  0. |


current State

|  0. |  0. | -1. ||  1. |  0. |  0. ||  0. | -1. |  0. |
|  0. |  0. |  0. ||  0. |  0. |  0. ||  0. |  0. |  0. |
| -1. |  0. | -1. ||  0. |  0. |  0. ||  0. |  0. |  1. |
|=====+=====+=====||=====+=====+=====||=====+=====+=====|
|  0. |  0. |  0. ||  0. |  0. |  0. ||  1. |  0. |  0. |
|  0. |  0. |  0. ||  0. |  0. |  0. ||  0. |  0. |  0. |
|  0. |  0. |  0. ||  0. |  0. |  1. || -1. |  0. |  0. |
|=====+=====+=====||=====+=====+=====||=====+=====+=====|
|  1. |  0. |  0. ||  0. |  0. |  0. ||* 0. |* 0. |* 1. |
|  0. |  0. |  1. ||  0. |  0. |  0. ||* 0. |*-1. |* 0. |
|  0. |  0. |  1. ||  0. |  0. |  0. ||*-1. |* 0. |* 0. |


state to eval, currenty is playerone turn=false

| -0. | -0. |  1. || -1. | -0. | -0. || -0. |  1. | -0. |
| -0. | -0. | -0. || -0. | -0. | -0. || -0. | -0. | -0. |
|  1. | -0. |  1. || -0. | -0. | -0. || -0. | -0. | -1. |
|=====+=====+=====||=====+=====+=====||=====+=====+=====|
| -0. | -0. | -0. || -0. | -0. | -0. || -1. | -0. | -0. |
| -0. | -0. | -0. || -0. | -0. | -0. || -0. | -0. | -0. |
| -0. | -0. | -0. || -0. | -0. | -1. ||  1. | -0. | -0. |
|=====+=====+=====||=====+=====+=====||=====+=====+=====|
| -1. | -0. | -0. || -0. | -0. | -0. ||*-0. |*-0. |*-1. |
| -0. | -0. | -1. || -0. | -0. | -0. ||*-0. |* 1. |*-0. |
| -0. | -0. | -1. || -0. | -0. | -0. ||* 1. |*-0. |*-0. |


current State

|  0. |  0. | -1. ||  1. |  0. |  0. ||  0. | -1. |  0. |
|  0. |  0. |  0. ||  0. |  0. |  0. ||  0. |  0. |  0. |
| -1. |  0. | -1. ||  0. |  0. |  0. ||  0. |  0. |  1. |
|=====+=====+=====||=====+=====+=====||=====+=====+=====|
|  0. |  0. |  0. ||  0. |  0. |  0. ||  1. |  0. |  0. |
|  0. |  0. |  0. ||  0. |  0. |  0. ||  0. |  0. |  0. |
|  0. |  0. |  0. ||  0. |  0. |  1. || -1. |  0. |  0. |
|=====+=====+=====||=====+=====+=====||=====+=====+=====|
|  1. |  0. |  0. ||  0. |  0. |  0. ||* 0. |* 0. |* 1. |
|  0. |  0. |  1. ||  0. |  0. |  0. ||* 0. |*-1. |* 0. |
|  0. |  0. |  1. ||  0. |  0. |  0. ||*-1. |* 0. |*-1. |


state to eval, currenty is playerone turn=true

|  0. |  0. | -1. ||  1. |  0. |  0. ||  0. | -1. |  0. |
|  0. |  0. |  0. ||  0. |  0. |  0. ||  0. |  0. |  0. |
| -1. |  0. | -1. ||  0. |  0. |  0. ||  0. |  0. |  1. |
|=====+=====+=====||=====+=====+=====||=====+=====+=====|
|  0. |  0. |  0. ||  0. |  0. |  0. ||  1. |  0. |  0. |
|  0. |  0. |  0. ||  0. |  0. |  0. ||  0. |  0. |  0. |
|  0. |  0. |  0. ||  0. |  0. |  1. || -1. |  0. |  0. |
|=====+=====+=====||=====+=====+=====||=====+=====+=====|
|  1. |  0. |  0. ||  0. |  0. |  0. ||* 0. |* 0. |* 1. |
|  0. |  0. |  1. ||  0. |  0. |  0. ||* 0. |*-1. |* 0. |
|  0. |  0. |  1. ||  0. |  0. |  0. ||*-1. |* 0. |*-1. |


current State

|  0. |  0. | -1. ||  1. |  0. |  0. ||  0. | -1. |  0. |
|  0. |  0. |  0. ||  0. |  0. |  0. ||  0. |  0. |  0. |
| -1. |  0. | -1. ||  0. |  0. |  0. ||  0. |  0. |  1. |
|=====+=====+=====||=====+=====+=====||=====+=====+=====|
|* 0. |* 0. |* 0. ||  0. |  0. |  0. ||  1. |  0. |  0. |
|* 0. |* 0. |* 0. ||  0. |  0. |  0. ||  0. |  0. |  0. |
|* 0. |* 0. |* 0. ||  0. |  0. |  1. || -1. |  0. |  0. |
|=====+=====+=====||=====+=====+=====||=====+=====+=====|
|  1. |  0. |  0. ||  0. |  0. |  0. ||  0. |  0. |  1. |
|  0. |  0. |  1. ||  0. |  0. |  0. ||  1. | -1. |  0. |
|  0. |  0. |  1. ||  0. |  0. |  0. || -1. |  0. | -1. |


state to eval, currenty is playerone turn=false

| -0. | -0. |  1. || -1. | -0. | -0. || -0. |  1. | -0. |
| -0. | -0. | -0. || -0. | -0. | -0. || -0. | -0. | -0. |
|  1. | -0. |  1. || -0. | -0. | -0. || -0. | -0. | -1. |
|=====+=====+=====||=====+=====+=====||=====+=====+=====|
|*-0. |*-0. |*-0. || -0. | -0. | -0. || -1. | -0. | -0. |
|*-0. |*-0. |*-0. || -0. | -0. | -0. || -0. | -0. | -0. |
|*-0. |*-0. |*-0. || -0. | -0. | -1. ||  1. | -0. | -0. |
|=====+=====+=====||=====+=====+=====||=====+=====+=====|
| -1. | -0. | -0. || -0. | -0. | -0. || -0. | -0. | -1. |
| -0. | -0. | -1. || -0. | -0. | -0. || -1. |  1. | -0. |
| -0. | -0. | -1. || -0. | -0. | -0. ||  1. | -0. |  1. |


Determined best move using: 74319Iterations
current State

|  0. |  0. | -1. ||  1. |  0. |  0. ||  0. | -1. |  0. |
|  0. |  0. |  0. ||  0. |  0. |  0. ||  0. |  0. |  0. |
| -1. |  0. | -1. ||  0. |  0. |  0. ||  0. |  0. |  1. |
|=====+=====+=====||=====+=====+=====||=====+=====+=====|
|  0. |  0. |  0. ||* 0. |* 0. |* 0. ||  1. |  0. |  0. |
|  0. | -1. |  0. ||* 0. |* 0. |* 0. ||  0. |  0. |  0. |
|  0. |  0. |  0. ||* 0. |* 0. |* 1. || -1. |  0. |  0. |
|=====+=====+=====||=====+=====+=====||=====+=====+=====|
|  1. |  0. |  0. ||  0. |  0. |  0. ||  0. |  0. |  1. |
|  0. |  0. |  1. ||  0. |  0. |  0. ||  1. | -1. |  0. |
|  0. |  0. |  1. ||  0. |  0. |  0. || -1. |  0. | -1. |


state to eval, currenty is playerone turn=true

|  0. |  0. | -1. ||  1. |  0. |  0. ||  0. | -1. |  0. |
|  0. |  0. |  0. ||  0. |  0. |  0. ||  0. |  0. |  0. |
| -1. |  0. | -1. ||  0. |  0. |  0. ||  0. |  0. |  1. |
|=====+=====+=====||=====+=====+=====||=====+=====+=====|
|  0. |  0. |  0. ||* 0. |* 0. |* 0. ||  1. |  0. |  0. |
|  0. | -1. |  0. ||* 0. |* 0. |* 0. ||  0. |  0. |  0. |
|  0. |  0. |  0. ||* 0. |* 0. |* 1. || -1. |  0. |  0. |
|=====+=====+=====||=====+=====+=====||=====+=====+=====|
|  1. |  0. |  0. ||  0. |  0. |  0. ||  0. |  0. |  1. |
|  0. |  0. |  1. ||  0. |  0. |  0. ||  1. | -1. |  0. |
|  0. |  0. |  1. ||  0. |  0. |  0. || -1. |  0. | -1. |


current State

|  0. |  0. | -1. ||* 1. |* 0. |* 0. ||  0. | -1. |  0. |
|  0. |  0. |  0. ||* 0. |* 0. |* 0. ||  0. |  0. |  0. |
| -1. |  0. | -1. ||* 0. |* 0. |* 0. ||  0. |  0. |  1. |
|=====+=====+=====||=====+=====+=====||=====+=====+=====|
|  0. |  0. |  0. ||  0. |  1. |  0. ||  1. |  0. |  0. |
|  0. | -1. |  0. ||  0. |  0. |  0. ||  0. |  0. |  0. |
|  0. |  0. |  0. ||  0. |  0. |  1. || -1. |  0. |  0. |
|=====+=====+=====||=====+=====+=====||=====+=====+=====|
|  1. |  0. |  0. ||  0. |  0. |  0. ||  0. |  0. |  1. |
|  0. |  0. |  1. ||  0. |  0. |  0. ||  1. | -1. |  0. |
|  0. |  0. |  1. ||  0. |  0. |  0. || -1. |  0. | -1. |


state to eval, currenty is playerone turn=false

| -0. | -0. |  1. ||*-1. |*-0. |*-0. || -0. |  1. | -0. |
| -0. | -0. | -0. ||*-0. |*-0. |*-0. || -0. | -0. | -0. |
|  1. | -0. |  1. ||*-0. |*-0. |*-0. || -0. | -0. | -1. |
|=====+=====+=====||=====+=====+=====||=====+=====+=====|
| -0. | -0. | -0. || -0. | -1. | -0. || -1. | -0. | -0. |
| -0. |  1. | -0. || -0. | -0. | -0. || -0. | -0. | -0. |
| -0. | -0. | -0. || -0. | -0. | -1. ||  1. | -0. | -0. |
|=====+=====+=====||=====+=====+=====||=====+=====+=====|
| -1. | -0. | -0. || -0. | -0. | -0. || -0. | -0. | -1. |
| -0. | -0. | -1. || -0. | -0. | -0. || -1. |  1. | -0. |
| -0. | -0. | -1. || -0. | -0. | -0. ||  1. | -0. |  1. |


Determined best move using: 91867Iterations
current State

|  0. |  0. | -1. ||  1. |  0. |  0. ||  0. | -1. |  0. |
|  0. |  0. |  0. ||  0. |  0. |  0. ||  0. |  0. |  0. |
| -1. |  0. | -1. ||  0. | -1. |  0. ||  0. |  0. |  1. |
|=====+=====+=====||=====+=====+=====||=====+=====+=====|
|  0. |  0. |  0. ||  0. |  1. |  0. ||  1. |  0. |  0. |
|  0. | -1. |  0. ||  0. |  0. |  0. ||  0. |  0. |  0. |
|  0. |  0. |  0. ||  0. |  0. |  1. || -1. |  0. |  0. |
|=====+=====+=====||=====+=====+=====||=====+=====+=====|
|  1. |  0. |  0. ||* 0. |* 0. |* 0. ||  0. |  0. |  1. |
|  0. |  0. |  1. ||* 0. |* 0. |* 0. ||  1. | -1. |  0. |
|  0. |  0. |  1. ||* 0. |* 0. |* 0. || -1. |  0. | -1. |


state to eval, currenty is playerone turn=true

|  0. |  0. | -1. ||  1. |  0. |  0. ||  0. | -1. |  0. |
|  0. |  0. |  0. ||  0. |  0. |  0. ||  0. |  0. |  0. |
| -1. |  0. | -1. ||  0. | -1. |  0. ||  0. |  0. |  1. |
|=====+=====+=====||=====+=====+=====||=====+=====+=====|
|  0. |  0. |  0. ||  0. |  1. |  0. ||  1. |  0. |  0. |
|  0. | -1. |  0. ||  0. |  0. |  0. ||  0. |  0. |  0. |
|  0. |  0. |  0. ||  0. |  0. |  1. || -1. |  0. |  0. |
|=====+=====+=====||=====+=====+=====||=====+=====+=====|
|  1. |  0. |  0. ||* 0. |* 0. |* 0. ||  0. |  0. |  1. |
|  0. |  0. |  1. ||* 0. |* 0. |* 0. ||  1. | -1. |  0. |
|  0. |  0. |  1. ||* 0. |* 0. |* 0. || -1. |  0. | -1. |


Determined best move using: 91006Iterations
current State

|  0. |  0. | -1. ||* 1. |* 0. |* 0. ||  0. | -1. |  0. |
|  0. |  0. |  0. ||* 0. |* 0. |* 0. ||  0. |  0. |  0. |
| -1. |  0. | -1. ||* 0. |*-1. |* 0. ||  0. |  0. |  1. |
|=====+=====+=====||=====+=====+=====||=====+=====+=====|
|  0. |  0. |  0. ||  0. |  1. |  0. ||  1. |  0. |  0. |
|  0. | -1. |  0. ||  0. |  0. |  0. ||  0. |  0. |  0. |
|  0. |  0. |  0. ||  0. |  0. |  1. || -1. |  0. |  0. |
|=====+=====+=====||=====+=====+=====||=====+=====+=====|
|  1. |  0. |  0. ||  0. |  1. |  0. ||  0. |  0. |  1. |
|  0. |  0. |  1. ||  0. |  0. |  0. ||  1. | -1. |  0. |
|  0. |  0. |  1. ||  0. |  0. |  0. || -1. |  0. | -1. |


state to eval, currenty is playerone turn=false

| -0. | -0. |  1. ||*-1. |*-0. |*-0. || -0. |  1. | -0. |
| -0. | -0. | -0. ||*-0. |*-0. |*-0. || -0. | -0. | -0. |
|  1. | -0. |  1. ||*-0. |* 1. |*-0. || -0. | -0. | -1. |
|=====+=====+=====||=====+=====+=====||=====+=====+=====|
| -0. | -0. | -0. || -0. | -1. | -0. || -1. | -0. | -0. |
| -0. |  1. | -0. || -0. | -0. | -0. || -0. | -0. | -0. |
| -0. | -0. | -0. || -0. | -0. | -1. ||  1. | -0. | -0. |
|=====+=====+=====||=====+=====+=====||=====+=====+=====|
| -1. | -0. | -0. || -0. | -1. | -0. || -0. | -0. | -1. |
| -0. | -0. | -1. || -0. | -0. | -0. || -1. |  1. | -0. |
| -0. | -0. | -1. || -0. | -0. | -0. ||  1. | -0. |  1. |


current State

|  0. |  0. | -1. ||  1. |  0. |  0. ||  0. | -1. |  0. |
|  0. |  0. |  0. ||  0. |  0. | -1. ||  0. |  0. |  0. |
| -1. |  0. | -1. ||  0. | -1. |  0. ||  0. |  0. |  1. |
|=====+=====+=====||=====+=====+=====||=====+=====+=====|
|  0. |  0. |  0. ||  0. |  1. |  0. ||* 1. |* 0. |* 0. |
|  0. | -1. |  0. ||  0. |  0. |  0. ||* 0. |* 0. |* 0. |
|  0. |  0. |  0. ||  0. |  0. |  1. ||*-1. |* 0. |* 0. |
|=====+=====+=====||=====+=====+=====||=====+=====+=====|
|  1. |  0. |  0. ||  0. |  1. |  0. ||  0. |  0. |  1. |
|  0. |  0. |  1. ||  0. |  0. |  0. ||  1. | -1. |  0. |
|  0. |  0. |  1. ||  0. |  0. |  0. || -1. |  0. | -1. |


state to eval, currenty is playerone turn=true

|  0. |  0. | -1. ||  1. |  0. |  0. ||  0. | -1. |  0. |
|  0. |  0. |  0. ||  0. |  0. | -1. ||  0. |  0. |  0. |
| -1. |  0. | -1. ||  0. | -1. |  0. ||  0. |  0. |  1. |
|=====+=====+=====||=====+=====+=====||=====+=====+=====|
|  0. |  0. |  0. ||  0. |  1. |  0. ||* 1. |* 0. |* 0. |
|  0. | -1. |  0. ||  0. |  0. |  0. ||* 0. |* 0. |* 0. |
|  0. |  0. |  0. ||  0. |  0. |  1. ||*-1. |* 0. |* 0. |
|=====+=====+=====||=====+=====+=====||=====+=====+=====|
|  1. |  0. |  0. ||  0. |  1. |  0. ||  0. |  0. |  1. |
|  0. |  0. |  1. ||  0. |  0. |  0. ||  1. | -1. |  0. |
|  0. |  0. |  1. ||  0. |  0. |  0. || -1. |  0. | -1. |


Determined best move using: 97559Iterations
current State

|  0. |  0. | -1. ||  1. |  0. |  0. ||* 0. |*-1. |* 0. |
|  0. |  0. |  0. ||  0. |  0. | -1. ||* 0. |* 0. |* 0. |
| -1. |  0. | -1. ||  0. | -1. |  0. ||* 0. |* 0. |* 1. |
|=====+=====+=====||=====+=====+=====||=====+=====+=====|
|  0. |  0. |  0. ||  0. |  1. |  0. ||  1. |  0. |  1. |
|  0. | -1. |  0. ||  0. |  0. |  0. ||  0. |  0. |  0. |
|  0. |  0. |  0. ||  0. |  0. |  1. || -1. |  0. |  0. |
|=====+=====+=====||=====+=====+=====||=====+=====+=====|
|  1. |  0. |  0. ||  0. |  1. |  0. ||  0. |  0. |  1. |
|  0. |  0. |  1. ||  0. |  0. |  0. ||  1. | -1. |  0. |
|  0. |  0. |  1. ||  0. |  0. |  0. || -1. |  0. | -1. |


state to eval, currenty is playerone turn=false

| -0. | -0. |  1. || -1. | -0. | -0. ||*-0. |* 1. |*-0. |
| -0. | -0. | -0. || -0. | -0. |  1. ||*-0. |*-0. |*-0. |
|  1. | -0. |  1. || -0. |  1. | -0. ||*-0. |*-0. |*-1. |
|=====+=====+=====||=====+=====+=====||=====+=====+=====|
| -0. | -0. | -0. || -0. | -1. | -0. || -1. | -0. | -1. |
| -0. |  1. | -0. || -0. | -0. | -0. || -0. | -0. | -0. |
| -0. | -0. | -0. || -0. | -0. | -1. ||  1. | -0. | -0. |
|=====+=====+=====||=====+=====+=====||=====+=====+=====|
| -1. | -0. | -0. || -0. | -1. | -0. || -0. | -0. | -1. |
| -0. | -0. | -1. || -0. | -0. | -0. || -1. |  1. | -0. |
| -0. | -0. | -1. || -0. | -0. | -0. ||  1. | -0. |  1. |


Determined best move using: 99330Iterations
current State

|* 0. |* 0. |*-1. ||  1. |  0. |  0. || -1. | -1. |  0. |
|* 0. |* 0. |* 0. ||  0. |  0. | -1. ||  0. |  0. |  0. |
|*-1. |* 0. |*-1. ||  0. | -1. |  0. ||  0. |  0. |  1. |
|=====+=====+=====||=====+=====+=====||=====+=====+=====|
|  0. |  0. |  0. ||  0. |  1. |  0. ||  1. |  0. |  1. |
|  0. | -1. |  0. ||  0. |  0. |  0. ||  0. |  0. |  0. |
|  0. |  0. |  0. ||  0. |  0. |  1. || -1. |  0. |  0. |
|=====+=====+=====||=====+=====+=====||=====+=====+=====|
|  1. |  0. |  0. ||  0. |  1. |  0. ||  0. |  0. |  1. |
|  0. |  0. |  1. ||  0. |  0. |  0. ||  1. | -1. |  0. |
|  0. |  0. |  1. ||  0. |  0. |  0. || -1. |  0. | -1. |


state to eval, currenty is playerone turn=true

|* 0. |* 0. |*-1. ||  1. |  0. |  0. || -1. | -1. |  0. |
|* 0. |* 0. |* 0. ||  0. |  0. | -1. ||  0. |  0. |  0. |
|*-1. |* 0. |*-1. ||  0. | -1. |  0. ||  0. |  0. |  1. |
|=====+=====+=====||=====+=====+=====||=====+=====+=====|
|  0. |  0. |  0. ||  0. |  1. |  0. ||  1. |  0. |  1. |
|  0. | -1. |  0. ||  0. |  0. |  0. ||  0. |  0. |  0. |
|  0. |  0. |  0. ||  0. |  0. |  1. || -1. |  0. |  0. |
|=====+=====+=====||=====+=====+=====||=====+=====+=====|
|  1. |  0. |  0. ||  0. |  1. |  0. ||  0. |  0. |  1. |
|  0. |  0. |  1. ||  0. |  0. |  0. ||  1. | -1. |  0. |
|  0. |  0. |  1. ||  0. |  0. |  0. || -1. |  0. | -1. |


Determined best move using: 98442Iterations
current State

|  0. |  0. | -1. ||  1. |  0. |  0. || -1. | -1. |  0. |
|  1. |  0. |  0. ||  0. |  0. | -1. ||  0. |  0. |  0. |
| -1. |  0. | -1. ||  0. | -1. |  0. ||  0. |  0. |  1. |
|=====+=====+=====||=====+=====+=====||=====+=====+=====|
|* 0. |* 0. |* 0. ||  0. |  1. |  0. ||  1. |  0. |  1. |
|* 0. |*-1. |* 0. ||  0. |  0. |  0. ||  0. |  0. |  0. |
|* 0. |* 0. |* 0. ||  0. |  0. |  1. || -1. |  0. |  0. |
|=====+=====+=====||=====+=====+=====||=====+=====+=====|
|  1. |  0. |  0. ||  0. |  1. |  0. ||  0. |  0. |  1. |
|  0. |  0. |  1. ||  0. |  0. |  0. ||  1. | -1. |  0. |
|  0. |  0. |  1. ||  0. |  0. |  0. || -1. |  0. | -1. |


state to eval, currenty is playerone turn=false

| -0. | -0. |  1. || -1. | -0. | -0. ||  1. |  1. | -0. |
| -1. | -0. | -0. || -0. | -0. |  1. || -0. | -0. | -0. |
|  1. | -0. |  1. || -0. |  1. | -0. || -0. | -0. | -1. |
|=====+=====+=====||=====+=====+=====||=====+=====+=====|
|*-0. |*-0. |*-0. || -0. | -1. | -0. || -1. | -0. | -1. |
|*-0. |* 1. |*-0. || -0. | -0. | -0. || -0. | -0. | -0. |
|*-0. |*-0. |*-0. || -0. | -0. | -1. ||  1. | -0. | -0. |
|=====+=====+=====||=====+=====+=====||=====+=====+=====|
| -1. | -0. | -0. || -0. | -1. | -0. || -0. | -0. | -1. |
| -0. | -0. | -1. || -0. | -0. | -0. || -1. |  1. | -0. |
| -0. | -0. | -1. || -0. | -0. | -0. ||  1. | -0. |  1. |


current State

|* 0. |* 0. |*-1. ||  1. |  0. |  0. || -1. | -1. |  0. |
|* 1. |* 0. |* 0. ||  0. |  0. | -1. ||  0. |  0. |  0. |
|*-1. |* 0. |*-1. ||  0. | -1. |  0. ||  0. |  0. |  1. |
|=====+=====+=====||=====+=====+=====||=====+=====+=====|
| -1. |  0. |  0. ||  0. |  1. |  0. ||  1. |  0. |  1. |
|  0. | -1. |  0. ||  0. |  0. |  0. ||  0. |  0. |  0. |
|  0. |  0. |  0. ||  0. |  0. |  1. || -1. |  0. |  0. |
|=====+=====+=====||=====+=====+=====||=====+=====+=====|
|  1. |  0. |  0. ||  0. |  1. |  0. ||  0. |  0. |  1. |
|  0. |  0. |  1. ||  0. |  0. |  0. ||  1. | -1. |  0. |
|  0. |  0. |  1. ||  0. |  0. |  0. || -1. |  0. | -1. |


state to eval, currenty is playerone turn=true

|* 0. |* 0. |*-1. ||  1. |  0. |  0. || -1. | -1. |  0. |
|* 1. |* 0. |* 0. ||  0. |  0. | -1. ||  0. |  0. |  0. |
|*-1. |* 0. |*-1. ||  0. | -1. |  0. ||  0. |  0. |  1. |
|=====+=====+=====||=====+=====+=====||=====+=====+=====|
| -1. |  0. |  0. ||  0. |  1. |  0. ||  1. |  0. |  1. |
|  0. | -1. |  0. ||  0. |  0. |  0. ||  0. |  0. |  0. |
|  0. |  0. |  0. ||  0. |  0. |  1. || -1. |  0. |  0. |
|=====+=====+=====||=====+=====+=====||=====+=====+=====|
|  1. |  0. |  0. ||  0. |  1. |  0. ||  0. |  0. |  1. |
|  0. |  0. |  1. ||  0. |  0. |  0. ||  1. | -1. |  0. |
|  0. |  0. |  1. ||  0. |  0. |  0. || -1. |  0. | -1. |


current State

|* 1. |* 0. |*-1. ||  1. |  0. |  0. || -1. | -1. |  0. |
|* 1. |* 0. |* 0. ||  0. |  0. | -1. ||  0. |  0. |  0. |
|*-1. |* 0. |*-1. ||  0. | -1. |  0. ||  0. |  0. |  1. |
|=====+=====+=====||=====+=====+=====||=====+=====+=====|
| -1. |  0. |  0. ||  0. |  1. |  0. ||  1. |  0. |  1. |
|  0. | -1. |  0. ||  0. |  0. |  0. ||  0. |  0. |  0. |
|  0. |  0. |  0. ||  0. |  0. |  1. || -1. |  0. |  0. |
|=====+=====+=====||=====+=====+=====||=====+=====+=====|
|  1. |  0. |  0. ||  0. |  1. |  0. ||  0. |  0. |  1. |
|  0. |  0. |  1. ||  0. |  0. |  0. ||  1. | -1. |  0. |
|  0. |  0. |  1. ||  0. |  0. |  0. || -1. |  0. | -1. |


state to eval, currenty is playerone turn=false

|*-1. |*-0. |* 1. || -1. | -0. | -0. ||  1. |  1. | -0. |
|*-1. |*-0. |*-0. || -0. | -0. |  1. || -0. | -0. | -0. |
|* 1. |*-0. |* 1. || -0. |  1. | -0. || -0. | -0. | -1. |
|=====+=====+=====||=====+=====+=====||=====+=====+=====|
|  1. | -0. | -0. || -0. | -1. | -0. || -1. | -0. | -1. |
| -0. |  1. | -0. || -0. | -0. | -0. || -0. | -0. | -0. |
| -0. | -0. | -0. || -0. | -0. | -1. ||  1. | -0. | -0. |
|=====+=====+=====||=====+=====+=====||=====+=====+=====|
| -1. | -0. | -0. || -0. | -1. | -0. || -0. | -0. | -1. |
| -0. | -0. | -1. || -0. | -0. | -0. || -1. |  1. | -0. |
| -0. | -0. | -1. || -0. | -0. | -0. ||  1. | -0. |  1. |


Determined best move using: 90033Iterations
current State

|  1. | -1. | -1. ||* 1. |* 0. |* 0. || -1. | -1. |  0. |
|  1. |  0. |  0. ||* 0. |* 0. |*-1. ||  0. |  0. |  0. |
| -1. |  0. | -1. ||* 0. |*-1. |* 0. ||  0. |  0. |  1. |
|=====+=====+=====||=====+=====+=====||=====+=====+=====|
| -1. |  0. |  0. ||  0. |  1. |  0. ||  1. |  0. |  1. |
|  0. | -1. |  0. ||  0. |  0. |  0. ||  0. |  0. |  0. |
|  0. |  0. |  0. ||  0. |  0. |  1. || -1. |  0. |  0. |
|=====+=====+=====||=====+=====+=====||=====+=====+=====|
|  1. |  0. |  0. ||  0. |  1. |  0. ||  0. |  0. |  1. |
|  0. |  0. |  1. ||  0. |  0. |  0. ||  1. | -1. |  0. |
|  0. |  0. |  1. ||  0. |  0. |  0. || -1. |  0. | -1. |


state to eval, currenty is playerone turn=true

|  1. | -1. | -1. ||* 1. |* 0. |* 0. || -1. | -1. |  0. |
|  1. |  0. |  0. ||* 0. |* 0. |*-1. ||  0. |  0. |  0. |
| -1. |  0. | -1. ||* 0. |*-1. |* 0. ||  0. |  0. |  1. |
|=====+=====+=====||=====+=====+=====||=====+=====+=====|
| -1. |  0. |  0. ||  0. |  1. |  0. ||  1. |  0. |  1. |
|  0. | -1. |  0. ||  0. |  0. |  0. ||  0. |  0. |  0. |
|  0. |  0. |  0. ||  0. |  0. |  1. || -1. |  0. |  0. |
|=====+=====+=====||=====+=====+=====||=====+=====+=====|
|  1. |  0. |  0. ||  0. |  1. |  0. ||  0. |  0. |  1. |
|  0. |  0. |  1. ||  0. |  0. |  0. ||  1. | -1. |  0. |
|  0. |  0. |  1. ||  0. |  0. |  0. || -1. |  0. | -1. |


Determined best move using: 93615Iterations
current State

|  1. | -1. | -1. ||  1. |  0. |  0. || -1. | -1. |  0. |
|  1. |  0. |  0. ||  1. |  0. | -1. ||  0. |  0. |  0. |
| -1. |  0. | -1. ||  0. | -1. |  0. ||  0. |  0. |  1. |
|=====+=====+=====||=====+=====+=====||=====+=====+=====|
|*-1. |* 0. |* 0. ||  0. |  1. |  0. ||  1. |  0. |  1. |
|* 0. |*-1. |* 0. ||  0. |  0. |  0. ||  0. |  0. |  0. |
|* 0. |* 0. |* 0. ||  0. |  0. |  1. || -1. |  0. |  0. |
|=====+=====+=====||=====+=====+=====||=====+=====+=====|
|  1. |  0. |  0. ||  0. |  1. |  0. ||  0. |  0. |  1. |
|  0. |  0. |  1. ||  0. |  0. |  0. ||  1. | -1. |  0. |
|  0. |  0. |  1. ||  0. |  0. |  0. || -1. |  0. | -1. |


state to eval, currenty is playerone turn=false

| -1. |  1. |  1. || -1. | -0. | -0. ||  1. |  1. | -0. |
| -1. | -0. | -0. || -1. | -0. |  1. || -0. | -0. | -0. |
|  1. | -0. |  1. || -0. |  1. | -0. || -0. | -0. | -1. |
|=====+=====+=====||=====+=====+=====||=====+=====+=====|
|* 1. |*-0. |*-0. || -0. | -1. | -0. || -1. | -0. | -1. |
|*-0. |* 1. |*-0. || -0. | -0. | -0. || -0. | -0. | -0. |
|*-0. |*-0. |*-0. || -0. | -0. | -1. ||  1. | -0. | -0. |
|=====+=====+=====||=====+=====+=====||=====+=====+=====|
| -1. | -0. | -0. || -0. | -1. | -0. || -0. | -0. | -1. |
| -0. | -0. | -1. || -0. | -0. | -0. || -1. |  1. | -0. |
| -0. | -0. | -1. || -0. | -0. | -0. ||  1. | -0. |  1. |


Determined best move using: 95523Iterations
current State

|  1. | -1. | -1. ||  1. |  0. |  0. || -1. | -1. |  0. |
|  1. |  0. |  0. ||  1. |  0. | -1. ||  0. |  0. |  0. |
| -1. |  0. | -1. ||  0. | -1. |  0. ||  0. |  0. |  1. |
|=====+=====+=====||=====+=====+=====||=====+=====+=====|
| -1. |  0. |  0. ||  0. |  1. |  0. ||  1. |  0. |  1. |
|  0. | -1. |  0. ||  0. |  0. |  0. ||  0. |  0. |  0. |
|  0. |  0. | -1. ||  0. |  0. |  1. || -1. |  0. |  0. |
|=====+=====+=====||=====+=====+=====||=====+=====+=====|
|  1. |  0. |  0. ||  0. |  1. |  0. ||* 0. |* 0. |* 1. |
|  0. |  0. |  1. ||  0. |  0. |  0. ||* 1. |*-1. |* 0. |
|  0. |  0. |  1. ||  0. |  0. |  0. ||*-1. |* 0. |*-1. |


state to eval, currenty is playerone turn=true

|  1. | -1. | -1. ||  1. |  0. |  0. || -1. | -1. |  0. |
|  1. |  0. |  0. ||  1. |  0. | -1. ||  0. |  0. |  0. |
| -1. |  0. | -1. ||  0. | -1. |  0. ||  0. |  0. |  1. |
|=====+=====+=====||=====+=====+=====||=====+=====+=====|
| -1. |  0. |  0. ||  0. |  1. |  0. ||  1. |  0. |  1. |
|  0. | -1. |  0. ||  0. |  0. |  0. ||  0. |  0. |  0. |
|  0. |  0. | -1. ||  0. |  0. |  1. || -1. |  0. |  0. |
|=====+=====+=====||=====+=====+=====||=====+=====+=====|
|  1. |  0. |  0. ||  0. |  1. |  0. ||* 0. |* 0. |* 1. |
|  0. |  0. |  1. ||  0. |  0. |  0. ||* 1. |*-1. |* 0. |
|  0. |  0. |  1. ||  0. |  0. |  0. ||*-1. |* 0. |*-1. |


current State

|* 1. |*-1. |*-1. ||  1. |  0. |  0. || -1. | -1. |  0. |
|* 1. |* 0. |* 0. ||  1. |  0. | -1. ||  0. |  0. |  0. |
|*-1. |* 0. |*-1. ||  0. | -1. |  0. ||  0. |  0. |  1. |
|=====+=====+=====||=====+=====+=====||=====+=====+=====|
| -1. |  0. |  0. ||  0. |  1. |  0. ||  1. |  0. |  1. |
|  0. | -1. |  0. ||  0. |  0. |  0. ||  0. |  0. |  0. |
|  0. |  0. | -1. ||  0. |  0. |  1. || -1. |  0. |  0. |
|=====+=====+=====||=====+=====+=====||=====+=====+=====|
|  1. |  0. |  0. ||  0. |  1. |  0. ||  1. |  0. |  1. |
|  0. |  0. |  1. ||  0. |  0. |  0. ||  1. | -1. |  0. |
|  0. |  0. |  1. ||  0. |  0. |  0. || -1. |  0. | -1. |


state to eval, currenty is playerone turn=false

|*-1. |* 1. |* 1. || -1. | -0. | -0. ||  1. |  1. | -0. |
|*-1. |*-0. |*-0. || -1. | -0. |  1. || -0. | -0. | -0. |
|* 1. |*-0. |* 1. || -0. |  1. | -0. || -0. | -0. | -1. |
|=====+=====+=====||=====+=====+=====||=====+=====+=====|
|  1. | -0. | -0. || -0. | -1. | -0. || -1. | -0. | -1. |
| -0. |  1. | -0. || -0. | -0. | -0. || -0. | -0. | -0. |
| -0. | -0. |  1. || -0. | -0. | -1. ||  1. | -0. | -0. |
|=====+=====+=====||=====+=====+=====||=====+=====+=====|
| -1. | -0. | -0. || -0. | -1. | -0. || -1. | -0. | -1. |
| -0. | -0. | -1. || -0. | -0. | -0. || -1. |  1. | -0. |
| -0. | -0. | -1. || -0. | -0. | -0. ||  1. | -0. |  1. |


current State

|  1. | -1. | -1. ||  1. |  0. |  0. || -1. | -1. |  0. |
|  1. | -1. |  0. ||  1. |  0. | -1. ||  0. |  0. |  0. |
| -1. |  0. | -1. ||  0. | -1. |  0. ||  0. |  0. |  1. |
|=====+=====+=====||=====+=====+=====||=====+=====+=====|
| -1. |  0. |  0. ||* 0. |* 1. |* 0. ||  1. |  0. |  1. |
|  0. | -1. |  0. ||* 0. |* 0. |* 0. ||  0. |  0. |  0. |
|  0. |  0. | -1. ||* 0. |* 0. |* 1. || -1. |  0. |  0. |
|=====+=====+=====||=====+=====+=====||=====+=====+=====|
|  1. |  0. |  0. ||  0. |  1. |  0. ||  1. |  0. |  1. |
|  0. |  0. |  1. ||  0. |  0. |  0. ||  1. | -1. |  0. |
|  0. |  0. |  1. ||  0. |  0. |  0. || -1. |  0. | -1. |


state to eval, currenty is playerone turn=true

|  1. | -1. | -1. ||  1. |  0. |  0. || -1. | -1. |  0. |
|  1. | -1. |  0. ||  1. |  0. | -1. ||  0. |  0. |  0. |
| -1. |  0. | -1. ||  0. | -1. |  0. ||  0. |  0. |  1. |
|=====+=====+=====||=====+=====+=====||=====+=====+=====|
| -1. |  0. |  0. ||* 0. |* 1. |* 0. ||  1. |  0. |  1. |
|  0. | -1. |  0. ||* 0. |* 0. |* 0. ||  0. |  0. |  0. |
|  0. |  0. | -1. ||* 0. |* 0. |* 1. || -1. |  0. |  0. |
|=====+=====+=====||=====+=====+=====||=====+=====+=====|
|  1. |  0. |  0. ||  0. |  1. |  0. ||  1. |  0. |  1. |
|  0. |  0. |  1. ||  0. |  0. |  0. ||  1. | -1. |  0. |
|  0. |  0. |  1. ||  0. |  0. |  0. || -1. |  0. | -1. |


Determined best move using: 101865Iterations
current State

|  1. | -1. | -1. ||  1. |  0. |  0. || -1. | -1. |  0. |
|  1. | -1. |  0. ||  1. |  0. | -1. ||  0. |  0. |  0. |
| -1. |  0. | -1. ||  0. | -1. |  0. ||  0. |  0. |  1. |
|=====+=====+=====||=====+=====+=====||=====+=====+=====|
| -1. |  0. |  0. ||  0. |  1. |  0. ||* 1. |* 0. |* 1. |
|  0. | -1. |  0. ||  0. |  0. |  1. ||* 0. |* 0. |* 0. |
|  0. |  0. | -1. ||  0. |  0. |  1. ||*-1. |* 0. |* 0. |
|=====+=====+=====||=====+=====+=====||=====+=====+=====|
|  1. |  0. |  0. ||  0. |  1. |  0. ||  1. |  0. |  1. |
|  0. |  0. |  1. ||  0. |  0. |  0. ||  1. | -1. |  0. |
|  0. |  0. |  1. ||  0. |  0. |  0. || -1. |  0. | -1. |


state to eval, currenty is playerone turn=false

| -1. |  1. |  1. || -1. | -0. | -0. ||  1. |  1. | -0. |
| -1. |  1. | -0. || -1. | -0. |  1. || -0. | -0. | -0. |
|  1. | -0. |  1. || -0. |  1. | -0. || -0. | -0. | -1. |
|=====+=====+=====||=====+=====+=====||=====+=====+=====|
|  1. | -0. | -0. || -0. | -1. | -0. ||*-1. |*-0. |*-1. |
| -0. |  1. | -0. || -0. | -0. | -1. ||*-0. |*-0. |*-0. |
| -0. | -0. |  1. || -0. | -0. | -1. ||* 1. |*-0. |*-0. |
|=====+=====+=====||=====+=====+=====||=====+=====+=====|
| -1. | -0. | -0. || -0. | -1. | -0. || -1. | -0. | -1. |
| -0. | -0. | -1. || -0. | -0. | -0. || -1. |  1. | -0. |
| -0. | -0. | -1. || -0. | -0. | -0. ||  1. | -0. |  1. |


Determined best move using: 105191Iterations
current State

|  1. | -1. | -1. ||  1. |  0. |  0. || -1. | -1. |  0. |
|  1. | -1. |  0. ||  1. |  0. | -1. ||  0. |  0. |  0. |
| -1. |  0. | -1. ||  0. | -1. |  0. ||  0. |  0. |  1. |
|=====+=====+=====||=====+=====+=====||=====+=====+=====|
| -1. |  0. |  0. ||  0. |  1. |  0. ||  1. |  0. |  1. |
|  0. | -1. |  0. ||  0. |  0. |  1. ||  0. |  0. |  0. |
|  0. |  0. | -1. ||  0. |  0. |  1. || -1. | -1. |  0. |
|=====+=====+=====||=====+=====+=====||=====+=====+=====|
|  1. |  0. |  0. ||* 0. |* 1. |* 0. ||  1. |  0. |  1. |
|  0. |  0. |  1. ||* 0. |* 0. |* 0. ||  1. | -1. |  0. |
|  0. |  0. |  1. ||* 0. |* 0. |* 0. || -1. |  0. | -1. |


state to eval, currenty is playerone turn=true

|  1. | -1. | -1. ||  1. |  0. |  0. || -1. | -1. |  0. |
|  1. | -1. |  0. ||  1. |  0. | -1. ||  0. |  0. |  0. |
| -1. |  0. | -1. ||  0. | -1. |  0. ||  0. |  0. |  1. |
|=====+=====+=====||=====+=====+=====||=====+=====+=====|
| -1. |  0. |  0. ||  0. |  1. |  0. ||  1. |  0. |  1. |
|  0. | -1. |  0. ||  0. |  0. |  1. ||  0. |  0. |  0. |
|  0. |  0. | -1. ||  0. |  0. |  1. || -1. | -1. |  0. |
|=====+=====+=====||=====+=====+=====||=====+=====+=====|
|  1. |  0. |  0. ||* 0. |* 1. |* 0. ||  1. |  0. |  1. |
|  0. |  0. |  1. ||* 0. |* 0. |* 0. ||  1. | -1. |  0. |
|  0. |  0. |  1. ||* 0. |* 0. |* 0. || -1. |  0. | -1. |


Determined best move using: 110882Iterations
current State

|  1. | -1. | -1. ||  1. |  0. |  0. || -1. | -1. |  0. |
|  1. | -1. |  0. ||  1. |  0. | -1. ||  0. |  0. |  0. |
| -1. |  0. | -1. ||  0. | -1. |  0. ||  0. |  0. |  1. |
|=====+=====+=====||=====+=====+=====||=====+=====+=====|
| -1. |  0. |  0. ||  0. |  1. |  0. ||  1. |  0. |  1. |
|  0. | -1. |  0. ||  0. |  0. |  1. ||  0. |  0. |  0. |
|  0. |  0. | -1. ||  0. |  0. |  1. || -1. | -1. |  0. |
|=====+=====+=====||=====+=====+=====||=====+=====+=====|
|  1. |  0. |  0. ||  0. |  1. |  0. ||* 1. |* 0. |* 1. |
|  0. |  0. |  1. ||  0. |  0. |  0. ||* 1. |*-1. |* 0. |
|  0. |  0. |  1. ||  0. |  0. |  1. ||*-1. |* 0. |*-1. |


state to eval, currenty is playerone turn=false

| -1. |  1. |  1. || -1. | -0. | -0. ||  1. |  1. | -0. |
| -1. |  1. | -0. || -1. | -0. |  1. || -0. | -0. | -0. |
|  1. | -0. |  1. || -0. |  1. | -0. || -0. | -0. | -1. |
|=====+=====+=====||=====+=====+=====||=====+=====+=====|
|  1. | -0. | -0. || -0. | -1. | -0. || -1. | -0. | -1. |
| -0. |  1. | -0. || -0. | -0. | -1. || -0. | -0. | -0. |
| -0. | -0. |  1. || -0. | -0. | -1. ||  1. |  1. | -0. |
|=====+=====+=====||=====+=====+=====||=====+=====+=====|
| -1. | -0. | -0. || -0. | -1. | -0. ||*-1. |*-0. |*-1. |
| -0. | -0. | -1. || -0. | -0. | -0. ||*-1. |* 1. |*-0. |
| -0. | -0. | -1. || -0. | -0. | -1. ||* 1. |*-0. |* 1. |


Determined best move using: 110905Iterations
current State

|  1. | -1. | -1. ||  1. |  0. |  0. || -1. | -1. |  0. |
|  1. | -1. |  0. ||  1. |  0. | -1. ||  0. |  0. |  0. |
| -1. |  0. | -1. ||  0. | -1. |  0. ||  0. |  0. |  1. |
|=====+=====+=====||=====+=====+=====||=====+=====+=====|
| -1. |  0. |  0. ||  0. |  1. |  0. ||* 1. |* 0. |* 1. |
|  0. | -1. |  0. ||  0. |  0. |  1. ||* 0. |* 0. |* 0. |
|  0. |  0. | -1. ||  0. |  0. |  1. ||*-1. |*-1. |* 0. |
|=====+=====+=====||=====+=====+=====||=====+=====+=====|
|  1. |  0. |  0. ||  0. |  1. |  0. ||  1. |  0. |  1. |
|  0. |  0. |  1. ||  0. |  0. |  0. ||  1. | -1. | -1. |
|  0. |  0. |  1. ||  0. |  0. |  1. || -1. |  0. | -1. |


state to eval, currenty is playerone turn=true

|  1. | -1. | -1. ||  1. |  0. |  0. || -1. | -1. |  0. |
|  1. | -1. |  0. ||  1. |  0. | -1. ||  0. |  0. |  0. |
| -1. |  0. | -1. ||  0. | -1. |  0. ||  0. |  0. |  1. |
|=====+=====+=====||=====+=====+=====||=====+=====+=====|
| -1. |  0. |  0. ||  0. |  1. |  0. ||* 1. |* 0. |* 1. |
|  0. | -1. |  0. ||  0. |  0. |  1. ||* 0. |* 0. |* 0. |
|  0. |  0. | -1. ||  0. |  0. |  1. ||*-1. |*-1. |* 0. |
|=====+=====+=====||=====+=====+=====||=====+=====+=====|
|  1. |  0. |  0. ||  0. |  1. |  0. ||  1. |  0. |  1. |
|  0. |  0. |  1. ||  0. |  0. |  0. ||  1. | -1. | -1. |
|  0. |  0. |  1. ||  0. |  0. |  1. || -1. |  0. | -1. |


Determined best move using: 117576Iterations
current State

|  1. | -1. | -1. ||  1. |  0. |  0. || -1. | -1. |  0. |
|  1. | -1. |  0. ||  1. |  0. | -1. ||  0. |  0. |  0. |
| -1. |  0. | -1. ||  0. | -1. |  0. ||  0. |  0. |  1. |
|=====+=====+=====||=====+=====+=====||=====+=====+=====|
| -1. |  0. |  0. ||  0. |  1. |  0. ||  1. |  0. |  1. |
|  0. | -1. |  0. ||  0. |  0. |  1. ||  0. |  0. |  0. |
|  0. |  0. | -1. ||  0. |  0. |  1. || -1. | -1. |  1. |
|=====+=====+=====||=====+=====+=====||=====+=====+=====|
|  1. |  0. |  0. ||  0. |  1. |  0. ||* 1. |* 0. |* 1. |
|  0. |  0. |  1. ||  0. |  0. |  0. ||* 1. |*-1. |*-1. |
|  0. |  0. |  1. ||  0. |  0. |  1. ||*-1. |* 0. |*-1. |


state to eval, currenty is playerone turn=false

| -1. |  1. |  1. || -1. | -0. | -0. ||  1. |  1. | -0. |
| -1. |  1. | -0. || -1. | -0. |  1. || -0. | -0. | -0. |
|  1. | -0. |  1. || -0. |  1. | -0. || -0. | -0. | -1. |
|=====+=====+=====||=====+=====+=====||=====+=====+=====|
|  1. | -0. | -0. || -0. | -1. | -0. || -1. | -0. | -1. |
| -0. |  1. | -0. || -0. | -0. | -1. || -0. | -0. | -0. |
| -0. | -0. |  1. || -0. | -0. | -1. ||  1. |  1. | -1. |
|=====+=====+=====||=====+=====+=====||=====+=====+=====|
| -1. | -0. | -0. || -0. | -1. | -0. ||*-1. |*-0. |*-1. |
| -0. | -0. | -1. || -0. | -0. | -0. ||*-1. |* 1. |* 1. |
| -0. | -0. | -1. || -0. | -0. | -1. ||* 1. |*-0. |* 1. |


current State

|  1. | -1. | -1. ||  1. |  0. |  0. || -1. | -1. |  0. |
|  1. | -1. |  0. ||  1. |  0. | -1. ||  0. |  0. |  0. |
| -1. |  0. | -1. ||  0. | -1. |  0. ||  0. |  0. |  1. |
|=====+=====+=====||=====+=====+=====||=====+=====+=====|
| -1. |  0. |  0. ||  0. |  1. |  0. ||  1. |  0. |  1. |
|  0. | -1. |  0. ||  0. |  0. |  1. ||  0. |  0. |  0. |
|  0. |  0. | -1. ||  0. |  0. |  1. || -1. | -1. |  1. |
|=====+=====+=====||=====+=====+=====||=====+=====+=====|
|  1. |  0. |  0. ||* 0. |* 1. |* 0. ||  1. |  0. |  1. |
|  0. |  0. |  1. ||* 0. |* 0. |* 0. ||  1. | -1. | -1. |
|  0. |  0. |  1. ||* 0. |* 0. |* 1. || -1. | -1. | -1. |


state to eval, currenty is playerone turn=true

|  1. | -1. | -1. ||  1. |  0. |  0. || -1. | -1. |  0. |
|  1. | -1. |  0. ||  1. |  0. | -1. ||  0. |  0. |  0. |
| -1. |  0. | -1. ||  0. | -1. |  0. ||  0. |  0. |  1. |
|=====+=====+=====||=====+=====+=====||=====+=====+=====|
| -1. |  0. |  0. ||  0. |  1. |  0. ||  1. |  0. |  1. |
|  0. | -1. |  0. ||  0. |  0. |  1. ||  0. |  0. |  0. |
|  0. |  0. | -1. ||  0. |  0. |  1. || -1. | -1. |  1. |
|=====+=====+=====||=====+=====+=====||=====+=====+=====|
|  1. |  0. |  0. ||* 0. |* 1. |* 0. ||  1. |  0. |  1. |
|  0. |  0. |  1. ||* 0. |* 0. |* 0. ||  1. | -1. | -1. |
|  0. |  0. |  1. ||* 0. |* 0. |* 1. || -1. | -1. | -1. |


current State

|  1. | -1. | -1. ||  1. |  0. |  0. || -1. | -1. |  0. |
|  1. | -1. |  0. ||  1. |  0. | -1. ||  0. |  0. |  0. |
| -1. |  0. | -1. ||  0. | -1. |  0. ||  0. |  0. |  1. |
|=====+=====+=====||=====+=====+=====||=====+=====+=====|
| -1. |  0. |  0. ||  0. |  1. |  0. ||  1. |  0. |  1. |
|  0. | -1. |  0. ||  0. |  0. |  1. ||  0. |  0. |  0. |
|  0. |  0. | -1. ||  0. |  0. |  1. || -1. | -1. |  1. |
|=====+=====+=====||=====+=====+=====||=====+=====+=====|
|  1. |  0. |  0. ||* 0. |* 1. |* 0. ||  1. |  0. |  1. |
|  0. |  0. |  1. ||* 0. |* 0. |* 0. ||  1. | -1. | -1. |
|  0. |  0. |  1. ||* 0. |* 1. |* 1. || -1. | -1. | -1. |


state to eval, currenty is playerone turn=false

| -1. |  1. |  1. || -1. | -0. | -0. ||  1. |  1. | -0. |
| -1. |  1. | -0. || -1. | -0. |  1. || -0. | -0. | -0. |
|  1. | -0. |  1. || -0. |  1. | -0. || -0. | -0. | -1. |
|=====+=====+=====||=====+=====+=====||=====+=====+=====|
|  1. | -0. | -0. || -0. | -1. | -0. || -1. | -0. | -1. |
| -0. |  1. | -0. || -0. | -0. | -1. || -0. | -0. | -0. |
| -0. | -0. |  1. || -0. | -0. | -1. ||  1. |  1. | -1. |
|=====+=====+=====||=====+=====+=====||=====+=====+=====|
| -1. | -0. | -0. ||*-0. |*-1. |*-0. || -1. | -0. | -1. |
| -0. | -0. | -1. ||*-0. |*-0. |*-0. || -1. |  1. |  1. |
| -0. | -0. | -1. ||*-0. |*-1. |*-1. ||  1. |  1. |  1. |


current State

|  1. | -1. | -1. ||  1. |  0. |  0. || -1. | -1. |  0. |
|  1. | -1. |  0. ||  1. |  0. | -1. ||  0. |  0. |  0. |
| -1. |  0. | -1. ||  0. | -1. |  0. ||  0. |  0. |  1. |
|=====+=====+=====||=====+=====+=====||=====+=====+=====|
| -1. |  0. |  0. ||  0. |  1. |  0. ||* 1. |* 0. |* 1. |
|  0. | -1. |  0. ||  0. |  0. |  1. ||* 0. |* 0. |* 0. |
|  0. |  0. | -1. ||  0. |  0. |  1. ||*-1. |*-1. |* 1. |
|=====+=====+=====||=====+=====+=====||=====+=====+=====|
|  1. |  0. |  0. ||  0. |  1. |  0. ||  1. |  0. |  1. |
|  0. |  0. |  1. ||  0. |  0. | -1. ||  1. | -1. | -1. |
|  0. |  0. |  1. ||  0. |  1. |  1. || -1. | -1. | -1. |


state to eval, currenty is playerone turn=true

|  1. | -1. | -1. ||  1. |  0. |  0. || -1. | -1. |  0. |
|  1. | -1. |  0. ||  1. |  0. | -1. ||  0. |  0. |  0. |
| -1. |  0. | -1. ||  0. | -1. |  0. ||  0. |  0. |  1. |
|=====+=====+=====||=====+=====+=====||=====+=====+=====|
| -1. |  0. |  0. ||  0. |  1. |  0. ||* 1. |* 0. |* 1. |
|  0. | -1. |  0. ||  0. |  0. |  1. ||* 0. |* 0. |* 0. |
|  0. |  0. | -1. ||  0. |  0. |  1. ||*-1. |*-1. |* 1. |
|=====+=====+=====||=====+=====+=====||=====+=====+=====|
|  1. |  0. |  0. ||  0. |  1. |  0. ||  1. |  0. |  1. |
|  0. |  0. |  1. ||  0. |  0. | -1. ||  1. | -1. | -1. |
|  0. |  0. |  1. ||  0. |  1. |  1. || -1. | -1. | -1. |


current State

|  1. | -1. | -1. ||  1. |  0. |  0. || -1. | -1. |  0. |
|  1. | -1. |  0. ||  1. |  0. | -1. ||  0. |  0. |  0. |
| -1. |  0. | -1. ||  0. | -1. |  0. ||  0. |  0. |  1. |
|=====+=====+=====||=====+=====+=====||=====+=====+=====|
| -1. |  0. |  0. ||* 0. |* 1. |* 0. ||  1. |  0. |  1. |
|  0. | -1. |  0. ||* 0. |* 0. |* 1. ||  0. |  1. |  0. |
|  0. |  0. | -1. ||* 0. |* 0. |* 1. || -1. | -1. |  1. |
|=====+=====+=====||=====+=====+=====||=====+=====+=====|
|  1. |  0. |  0. ||  0. |  1. |  0. ||  1. |  0. |  1. |
|  0. |  0. |  1. ||  0. |  0. | -1. ||  1. | -1. | -1. |
|  0. |  0. |  1. ||  0. |  1. |  1. || -1. | -1. | -1. |


state to eval, currenty is playerone turn=false

| -1. |  1. |  1. || -1. | -0. | -0. ||  1. |  1. | -0. |
| -1. |  1. | -0. || -1. | -0. |  1. || -0. | -0. | -0. |
|  1. | -0. |  1. || -0. |  1. | -0. || -0. | -0. | -1. |
|=====+=====+=====||=====+=====+=====||=====+=====+=====|
|  1. | -0. | -0. ||*-0. |*-1. |*-0. || -1. | -0. | -1. |
| -0. |  1. | -0. ||*-0. |*-0. |*-1. || -0. | -1. | -0. |
| -0. | -0. |  1. ||*-0. |*-0. |*-1. ||  1. |  1. | -1. |
|=====+=====+=====||=====+=====+=====||=====+=====+=====|
| -1. | -0. | -0. || -0. | -1. | -0. || -1. | -0. | -1. |
| -0. | -0. | -1. || -0. | -0. |  1. || -1. |  1. |  1. |
| -0. | -0. | -1. || -0. | -1. | -1. ||  1. |  1. |  1. |


current State

|  1. | -1. | -1. ||  1. |  0. |  0. || -1. | -1. |  0. |
|  1. | -1. |  0. ||  1. |  0. | -1. ||  0. |  0. |  0. |
| -1. |  0. | -1. ||  0. | -1. |  0. ||  0. |  0. |  1. |
|=====+=====+=====||=====+=====+=====||=====+=====+=====|
| -1. |  0. |  0. ||  0. |  1. |  0. ||  1. |  0. |  1. |
|  0. | -1. |  0. ||  0. |  0. |  1. ||  0. |  1. |  0. |
|  0. |  0. | -1. || -1. |  0. |  1. || -1. | -1. |  1. |
|=====+=====+=====||=====+=====+=====||=====+=====+=====|
|* 1. |* 0. |* 0. ||  0. |  1. |  0. ||  1. |  0. |  1. |
|* 0. |* 0. |* 1. ||  0. |  0. | -1. ||  1. | -1. | -1. |
|* 0. |* 0. |* 1. ||  0. |  1. |  1. || -1. | -1. | -1. |


state to eval, currenty is playerone turn=true

|  1. | -1. | -1. ||  1. |  0. |  0. || -1. | -1. |  0. |
|  1. | -1. |  0. ||  1. |  0. | -1. ||  0. |  0. |  0. |
| -1. |  0. | -1. ||  0. | -1. |  0. ||  0. |  0. |  1. |
|=====+=====+=====||=====+=====+=====||=====+=====+=====|
| -1. |  0. |  0. ||  0. |  1. |  0. ||  1. |  0. |  1. |
|  0. | -1. |  0. ||  0. |  0. |  1. ||  0. |  1. |  0. |
|  0. |  0. | -1. || -1. |  0. |  1. || -1. | -1. |  1. |
|=====+=====+=====||=====+=====+=====||=====+=====+=====|
|* 1. |* 0. |* 0. ||  0. |  1. |  0. ||  1. |  0. |  1. |
|* 0. |* 0. |* 1. ||  0. |  0. | -1. ||  1. | -1. | -1. |
|* 0. |* 0. |* 1. ||  0. |  1. |  1. || -1. | -1. | -1. |


Determined best move using: 83170Iterations
current State

|  1. | -1. | -1. ||  1. |  0. |  0. || -1. | -1. |  0. |
|  1. | -1. |  0. ||  1. |  0. | -1. ||  0. |  0. |  0. |
| -1. |  0. | -1. ||  0. | -1. |  0. ||  0. |  0. |  1. |
|=====+=====+=====||=====+=====+=====||=====+=====+=====|
| -1. |  0. |  0. ||* 0. |* 1. |* 0. ||  1. |  0. |  1. |
|  0. | -1. |  0. ||* 0. |* 0. |* 1. ||  0. |  1. |  0. |
|  0. |  0. | -1. ||*-1. |* 0. |* 1. || -1. | -1. |  1. |
|=====+=====+=====||=====+=====+=====||=====+=====+=====|
|  1. |  0. |  0. ||  0. |  1. |  0. ||  1. |  0. |  1. |
|  0. |  1. |  1. ||  0. |  0. | -1. ||  1. | -1. | -1. |
|  0. |  0. |  1. ||  0. |  1. |  1. || -1. | -1. | -1. |


state to eval, currenty is playerone turn=false

| -1. |  1. |  1. || -1. | -0. | -0. ||  1. |  1. | -0. |
| -1. |  1. | -0. || -1. | -0. |  1. || -0. | -0. | -0. |
|  1. | -0. |  1. || -0. |  1. | -0. || -0. | -0. | -1. |
|=====+=====+=====||=====+=====+=====||=====+=====+=====|
|  1. | -0. | -0. ||*-0. |*-1. |*-0. || -1. | -0. | -1. |
| -0. |  1. | -0. ||*-0. |*-0. |*-1. || -0. | -1. | -0. |
| -0. | -0. |  1. ||* 1. |*-0. |*-1. ||  1. |  1. | -1. |
|=====+=====+=====||=====+=====+=====||=====+=====+=====|
| -1. | -0. | -0. || -0. | -1. | -0. || -1. | -0. | -1. |
| -0. | -1. | -1. || -0. | -0. |  1. || -1. |  1. |  1. |
| -0. | -0. | -1. || -0. | -1. | -1. ||  1. |  1. |  1. |


Determined best move using: 88192Iterations
current State

|  1. | -1. | -1. ||  1. |  0. |  0. ||*-1. |*-1. |* 0. |
|  1. | -1. |  0. ||  1. |  0. | -1. ||* 0. |* 0. |* 0. |
| -1. |  0. | -1. ||  0. | -1. |  0. ||* 0. |* 0. |* 1. |
|=====+=====+=====||=====+=====+=====||=====+=====+=====|
| -1. |  0. |  0. ||  0. |  1. | -1. ||  1. |  0. |  1. |
|  0. | -1. |  0. ||  0. |  0. |  1. ||  0. |  1. |  0. |
|  0. |  0. | -1. || -1. |  0. |  1. || -1. | -1. |  1. |
|=====+=====+=====||=====+=====+=====||=====+=====+=====|
|  1. |  0. |  0. ||  0. |  1. |  0. ||  1. |  0. |  1. |
|  0. |  1. |  1. ||  0. |  0. | -1. ||  1. | -1. | -1. |
|  0. |  0. |  1. ||  0. |  1. |  1. || -1. | -1. | -1. |


state to eval, currenty is playerone turn=true

|  1. | -1. | -1. ||  1. |  0. |  0. ||*-1. |*-1. |* 0. |
|  1. | -1. |  0. ||  1. |  0. | -1. ||* 0. |* 0. |* 0. |
| -1. |  0. | -1. ||  0. | -1. |  0. ||* 0. |* 0. |* 1. |
|=====+=====+=====||=====+=====+=====||=====+=====+=====|
| -1. |  0. |  0. ||  0. |  1. | -1. ||  1. |  0. |  1. |
|  0. | -1. |  0. ||  0. |  0. |  1. ||  0. |  1. |  0. |
|  0. |  0. | -1. || -1. |  0. |  1. || -1. | -1. |  1. |
|=====+=====+=====||=====+=====+=====||=====+=====+=====|
|  1. |  0. |  0. ||  0. |  1. |  0. ||  1. |  0. |  1. |
|  0. |  1. |  1. ||  0. |  0. | -1. ||  1. | -1. | -1. |
|  0. |  0. |  1. ||  0. |  1. |  1. || -1. | -1. | -1. |


current State

|  1. | -1. | -1. ||  1. |  0. |  0. || -1. | -1. |  0. |
|  1. | -1. |  0. ||  1. |  0. | -1. ||  0. |  1. |  0. |
| -1. |  0. | -1. ||  0. | -1. |  0. ||  0. |  0. |  1. |
|=====+=====+=====||=====+=====+=====||=====+=====+=====|
| -1. |  0. |  0. ||* 0. |* 1. |*-1. ||  1. |  0. |  1. |
|  0. | -1. |  0. ||* 0. |* 0. |* 1. ||  0. |  1. |  0. |
|  0. |  0. | -1. ||*-1. |* 0. |* 1. || -1. | -1. |  1. |
|=====+=====+=====||=====+=====+=====||=====+=====+=====|
|  1. |  0. |  0. ||  0. |  1. |  0. ||  1. |  0. |  1. |
|  0. |  1. |  1. ||  0. |  0. | -1. ||  1. | -1. | -1. |
|  0. |  0. |  1. ||  0. |  1. |  1. || -1. | -1. | -1. |


state to eval, currenty is playerone turn=false

| -1. |  1. |  1. || -1. | -0. | -0. ||  1. |  1. | -0. |
| -1. |  1. | -0. || -1. | -0. |  1. || -0. | -1. | -0. |
|  1. | -0. |  1. || -0. |  1. | -0. || -0. | -0. | -1. |
|=====+=====+=====||=====+=====+=====||=====+=====+=====|
|  1. | -0. | -0. ||*-0. |*-1. |* 1. || -1. | -0. | -1. |
| -0. |  1. | -0. ||*-0. |*-0. |*-1. || -0. | -1. | -0. |
| -0. | -0. |  1. ||* 1. |*-0. |*-1. ||  1. |  1. | -1. |
|=====+=====+=====||=====+=====+=====||=====+=====+=====|
| -1. | -0. | -0. || -0. | -1. | -0. || -1. | -0. | -1. |
| -0. | -1. | -1. || -0. | -0. |  1. || -1. |  1. |  1. |
| -0. | -0. | -1. || -0. | -1. | -1. ||  1. |  1. |  1. |


Determined best move using: 922926Iterations
current State

|  1. | -1. | -1. ||* 1. |* 0. |* 0. ||*-1. |*-1. |* 0. |
|  1. | -1. |  0. ||* 1. |* 0. |*-1. ||* 0. |* 1. |* 0. |
| -1. |  0. | -1. ||* 0. |*-1. |* 0. ||* 0. |* 0. |* 1. |
|=====+=====+=====||=====+=====+=====||=====+=====+=====|
| -1. |  0. |  0. ||  0. |  1. | -1. ||  1. |  0. |  1. |
|  0. | -1. |  0. ||  0. | -1. |  1. ||  0. |  1. |  0. |
|  0. |  0. | -1. || -1. |  0. |  1. || -1. | -1. |  1. |
|=====+=====+=====||=====+=====+=====||=====+=====+=====|
|  1. |  0. |  0. ||* 0. |* 1. |* 0. ||  1. |  0. |  1. |
|  0. |  1. |  1. ||* 0. |* 0. |*-1. ||  1. | -1. | -1. |
|  0. |  0. |  1. ||* 0. |* 1. |* 1. || -1. | -1. | -1. |


Game ended in: 46 moves
Actual data created in graphical format: 
[StateDatum{MCTSProbabilites=
|  .0074 |  .0141 |  .016 ||  .0068 |  .0127 |  .0111 ||  .0134 |  .0141 |  .0162 |
|  .011 |  .0142 |  .0083 ||  .0119 |  .0149 |  .0065 ||  .0112 |  .0169 |  .0078 |
|  .0109 |  .0139 |  .0128 ||  .014 |  .0115 |  .0088 ||  .0121 |  .0102 |  .0146 |
|========+========+========||========+========+========||========+========+========|
|  .0139 |  .0161 |  .0131 ||  .0103 |  .011 |  .0073 ||  .0218 |  .0144 |  .0151 |
|  .0143 |  .0131 |  .0124 ||  .0086 |  .0077 |  .0104 ||  .0178 |  .0163 |  .0104 |
|  .0131 |  .0138 |  .016 ||  .0072 |  .0139 |  .0122 ||  .0104 |  .0162 |  .0107 |
|========+========+========||========+========+========||========+========+========|
|  .0112 |  .0101 |  .0151 ||  .011 |  .0111 |  .015 ||  .0133 |  .0133 |  .013 |
|  .0119 |  .0075 |  .014 ||  .0063 |  .0194 |  .0119 ||  .0062 |  .0119 |  .0146 |
|  .0115 |  .0098 |  .0085 ||  .0124 |  .0156 |  .0154 ||  .0117 |  .014 |  .0133 |

, state=
|* 0. |* 0. |* 0. ||* 0. |* 0. |* 0. ||* 0. |* 0. |* 0. |
|* 0. |* 0. |* 0. ||* 0. |* 0. |* 0. ||* 0. |* 0. |* 0. |
|* 0. |* 0. |* 0. ||* 0. |* 0. |* 0. ||* 0. |* 0. |* 0. |
|=====+=====+=====||=====+=====+=====||=====+=====+=====|
|* 0. |* 0. |* 0. ||* 0. |* 0. |* 0. ||* 0. |* 0. |* 0. |
|* 0. |* 0. |* 0. ||* 0. |* 0. |* 0. ||* 0. |* 0. |* 0. |
|* 0. |* 0. |* 0. ||* 0. |* 0. |* 0. ||* 0. |* 0. |* 0. |
|=====+=====+=====||=====+=====+=====||=====+=====+=====|
|* 0. |* 0. |* 0. ||* 0. |* 0. |* 0. ||* 0. |* 0. |* 0. |
|* 0. |* 0. |* 0. ||* 0. |* 0. |* 0. ||* 0. |* 0. |* 0. |
|* 0. |* 0. |* 0. ||* 0. |* 0. |* 0. ||* 0. |* 0. |* 0. |

, evalForThisState=-1.0, isPlayerOneTurnOriginally=true}, StateDatum{MCTSProbabilites=
|  .055 |  .0391 |  .0555 ||  .0 |  .0 |  .0 ||  .0 |  .0 |  .0 |
|  .0601 |  .0791 |  .0547 ||  .0 |  .0 |  .0 ||  .0 |  .0 |  .0 |
|  .5103 |  .0882 |  .0579 ||  .0 |  .0 |  .0 ||  .0 |  .0 |  .0 |
|========+========+========||========+========+========||========+========+========|
|  .0 |  .0 |  .0 ||  .0 |  .0 |  .0 ||  .0 |  .0 |  .0 |
|  .0 |  .0 |  .0 ||  .0 |  .0 |  .0 ||  .0 |  .0 |  .0 |
|  .0 |  .0 |  .0 ||  .0 |  .0 |  .0 ||  .0 |  .0 |  .0 |
|========+========+========||========+========+========||========+========+========|
|  .0 |  .0 |  .0 ||  .0 |  .0 |  .0 ||  .0 |  .0 |  .0 |
|  .0 |  .0 |  .0 ||  .0 |  .0 |  .0 ||  .0 |  .0 |  .0 |
|  .0 |  .0 |  .0 ||  .0 |  .0 |  .0 ||  .0 |  .0 |  .0 |

, state=
|*-0. |*-0. |*-0. || -0. | -0. | -0. || -0. | -0. | -0. |
|*-0. |*-0. |*-0. || -0. | -0. | -0. || -0. | -0. | -0. |
|*-0. |*-0. |*-0. || -0. | -0. | -0. || -0. | -0. | -0. |
|=====+=====+=====||=====+=====+=====||=====+=====+=====|
| -0. | -0. | -0. || -0. | -0. | -0. || -1. | -0. | -0. |
| -0. | -0. | -0. || -0. | -0. | -0. || -0. | -0. | -0. |
| -0. | -0. | -0. || -0. | -0. | -0. || -0. | -0. | -0. |
|=====+=====+=====||=====+=====+=====||=====+=====+=====|
| -0. | -0. | -0. || -0. | -0. | -0. || -0. | -0. | -0. |
| -0. | -0. | -0. || -0. | -0. | -0. || -0. | -0. | -0. |
| -0. | -0. | -0. || -0. | -0. | -0. || -0. | -0. | -0. |

, evalForThisState=1.0, isPlayerOneTurnOriginally=false}, StateDatum{MCTSProbabilites=
|  .0 |  .0 |  .0 ||  .0 |  .0 |  .0 ||  .0 |  .0 |  .0 |
|  .0 |  .0 |  .0 ||  .0 |  .0 |  .0 ||  .0 |  .0 |  .0 |
|  .0 |  .0 |  .0 ||  .0 |  .0 |  .0 ||  .0 |  .0 |  .0 |
|========+========+========||========+========+========||========+========+========|
|  .0 |  .0 |  .0 ||  .0 |  .0 |  .0 ||  .0 |  .0 |  .0 |
|  .0 |  .0 |  .0 ||  .0 |  .0 |  .0 ||  .0 |  .0 |  .0 |
|  .0 |  .0 |  .0 ||  .0 |  .0 |  .0 ||  .0 |  .0 |  .0 |
|========+========+========||========+========+========||========+========+========|
|  .1398 |  .0653 |  .0664 ||  .0 |  .0 |  .0 ||  .0 |  .0 |  .0 |
|  .0761 |  .0999 |  .3119 ||  .0 |  .0 |  .0 ||  .0 |  .0 |  .0 |
|  .0694 |  .0875 |  .0837 ||  .0 |  .0 |  .0 ||  .0 |  .0 |  .0 |

, state=
|  0. |  0. |  0. ||  0. |  0. |  0. ||  0. |  0. |  0. |
|  0. |  0. |  0. ||  0. |  0. |  0. ||  0. |  0. |  0. |
| -1. |  0. |  0. ||  0. |  0. |  0. ||  0. |  0. |  0. |
|=====+=====+=====||=====+=====+=====||=====+=====+=====|
|  0. |  0. |  0. ||  0. |  0. |  0. ||  1. |  0. |  0. |
|  0. |  0. |  0. ||  0. |  0. |  0. ||  0. |  0. |  0. |
|  0. |  0. |  0. ||  0. |  0. |  0. ||  0. |  0. |  0. |
|=====+=====+=====||=====+=====+=====||=====+=====+=====|
|* 0. |* 0. |* 0. ||  0. |  0. |  0. ||  0. |  0. |  0. |
|* 0. |* 0. |* 0. ||  0. |  0. |  0. ||  0. |  0. |  0. |
|* 0. |* 0. |* 0. ||  0. |  0. |  0. ||  0. |  0. |  0. |

, evalForThisState=-1.0, isPlayerOneTurnOriginally=true}, StateDatum{MCTSProbabilites=
|  .0 |  .0 |  .0 ||  .0 |  .0 |  .0 ||  .0 |  .0 |  .0 |
|  .0 |  .0 |  .0 ||  .0 |  .0 |  .0 ||  .0 |  .0 |  .0 |
|  .0 |  .0 |  .0 ||  .0 |  .0 |  .0 ||  .0 |  .0 |  .0 |
|========+========+========||========+========+========||========+========+========|
|  .0 |  .0 |  .0 ||  .0 |  .0 |  .0 ||  .0 |  .0749 |  .0562 |
|  .0 |  .0 |  .0 ||  .0 |  .0 |  .0 ||  .0643 |  .0646 |  .0903 |
|  .0 |  .0 |  .0 ||  .0 |  .0 |  .0 ||  .5326 |  .0544 |  .0626 |
|========+========+========||========+========+========||========+========+========|
|  .0 |  .0 |  .0 ||  .0 |  .0 |  .0 ||  .0 |  .0 |  .0 |
|  .0 |  .0 |  .0 ||  .0 |  .0 |  .0 ||  .0 |  .0 |  .0 |
|  .0 |  .0 |  .0 ||  .0 |  .0 |  .0 ||  .0 |  .0 |  .0 |

, state=
| -0. | -0. | -0. || -0. | -0. | -0. || -0. | -0. | -0. |
| -0. | -0. | -0. || -0. | -0. | -0. || -0. | -0. | -0. |
|  1. | -0. | -0. || -0. | -0. | -0. || -0. | -0. | -0. |
|=====+=====+=====||=====+=====+=====||=====+=====+=====|
| -0. | -0. | -0. || -0. | -0. | -0. ||*-1. |*-0. |*-0. |
| -0. | -0. | -0. || -0. | -0. | -0. ||*-0. |*-0. |*-0. |
| -0. | -0. | -0. || -0. | -0. | -0. ||*-0. |*-0. |*-0. |
|=====+=====+=====||=====+=====+=====||=====+=====+=====|
| -0. | -0. | -0. || -0. | -0. | -0. || -0. | -0. | -0. |
| -0. | -0. | -1. || -0. | -0. | -0. || -0. | -0. | -0. |
| -0. | -0. | -0. || -0. | -0. | -0. || -0. | -0. | -0. |

, evalForThisState=1.0, isPlayerOneTurnOriginally=false}, StateDatum{MCTSProbabilites=
|  .0 |  .0 |  .0 ||  .0 |  .0 |  .0 ||  .0 |  .0 |  .0 |
|  .0 |  .0 |  .0 ||  .0 |  .0 |  .0 ||  .0 |  .0 |  .0 |
|  .0 |  .0 |  .0 ||  .0 |  .0 |  .0 ||  .0 |  .0 |  .0 |
|========+========+========||========+========+========||========+========+========|
|  .0 |  .0 |  .0 ||  .0 |  .0 |  .0 ||  .0 |  .0 |  .0 |
|  .0 |  .0 |  .0 ||  .0 |  .0 |  .0 ||  .0 |  .0 |  .0 |
|  .0 |  .0 |  .0 ||  .0 |  .0 |  .0 ||  .0 |  .0 |  .0 |
|========+========+========||========+========+========||========+========+========|
|  .2109 |  .0715 |  .1305 ||  .0 |  .0 |  .0 ||  .0 |  .0 |  .0 |
|  .083 |  .0858 |  .0 ||  .0 |  .0 |  .0 ||  .0 |  .0 |  .0 |
|  .1341 |  .0723 |  .2118 ||  .0 |  .0 |  .0 ||  .0 |  .0 |  .0 |

, state=
|  0. |  0. |  0. ||  0. |  0. |  0. ||  0. |  0. |  0. |
|  0. |  0. |  0. ||  0. |  0. |  0. ||  0. |  0. |  0. |
| -1. |  0. |  0. ||  0. |  0. |  0. ||  0. |  0. |  0. |
|=====+=====+=====||=====+=====+=====||=====+=====+=====|
|  0. |  0. |  0. ||  0. |  0. |  0. ||  1. |  0. |  0. |
|  0. |  0. |  0. ||  0. |  0. |  0. ||  0. |  0. |  0. |
|  0. |  0. |  0. ||  0. |  0. |  0. || -1. |  0. |  0. |
|=====+=====+=====||=====+=====+=====||=====+=====+=====|
|* 0. |* 0. |* 0. ||  0. |  0. |  0. ||  0. |  0. |  0. |
|* 0. |* 0. |* 1. ||  0. |  0. |  0. ||  0. |  0. |  0. |
|* 0. |* 0. |* 0. ||  0. |  0. |  0. ||  0. |  0. |  0. |

, evalForThisState=-1.0, isPlayerOneTurnOriginally=true}, StateDatum{MCTSProbabilites=
|  .0 |  .0 |  .0 ||  .0 |  .0 |  .0 ||  .0 |  .0 |  .0 |
|  .0 |  .0 |  .0 ||  .0 |  .0 |  .0 ||  .0 |  .0 |  .0 |
|  .0 |  .0 |  .0 ||  .0 |  .0 |  .0 ||  .0 |  .0 |  .0 |
|========+========+========||========+========+========||========+========+========|
|  .0 |  .0 |  .0 ||  .0 |  .0 |  .0 ||  .0 |  .0 |  .0 |
|  .0 |  .0 |  .0 ||  .0 |  .0 |  .0 ||  .0 |  .0 |  .0 |
|  .0 |  .0 |  .0 ||  .0 |  .0 |  .0 ||  .0 |  .0 |  .0 |
|========+========+========||========+========+========||========+========+========|
|  .0 |  .0 |  .0 ||  .0 |  .0 |  .0 ||  .1074 |  .0589 |  .0514 |
|  .0 |  .0 |  .0 ||  .0 |  .0 |  .0 ||  .0421 |  .5538 |  .0317 |
|  .0 |  .0 |  .0 ||  .0 |  .0 |  .0 ||  .0454 |  .0496 |  .0598 |

, state=
| -0. | -0. | -0. || -0. | -0. | -0. || -0. | -0. | -0. |
| -0. | -0. | -0. || -0. | -0. | -0. || -0. | -0. | -0. |
|  1. | -0. | -0. || -0. | -0. | -0. || -0. | -0. | -0. |
|=====+=====+=====||=====+=====+=====||=====+=====+=====|
| -0. | -0. | -0. || -0. | -0. | -0. || -1. | -0. | -0. |
| -0. | -0. | -0. || -0. | -0. | -0. || -0. | -0. | -0. |
| -0. | -0. | -0. || -0. | -0. | -0. ||  1. | -0. | -0. |
|=====+=====+=====||=====+=====+=====||=====+=====+=====|
| -0. | -0. | -0. || -0. | -0. | -0. ||*-0. |*-0. |*-0. |
| -0. | -0. | -1. || -0. | -0. | -0. ||*-0. |*-0. |*-0. |
| -0. | -0. | -1. || -0. | -0. | -0. ||*-0. |*-0. |*-0. |

, evalForThisState=1.0, isPlayerOneTurnOriginally=false}, StateDatum{MCTSProbabilites=
|  .0 |  .0 |  .0 ||  .0 |  .0 |  .0 ||  .0 |  .0 |  .0 |
|  .0 |  .0 |  .0 ||  .0 |  .0 |  .0 ||  .0 |  .0 |  .0 |
|  .0 |  .0 |  .0 ||  .0 |  .0 |  .0 ||  .0 |  .0 |  .0 |
|========+========+========||========+========+========||========+========+========|
|  .0 |  .0 |  .0 ||  .1615 |  .1156 |  .1098 ||  .0 |  .0 |  .0 |
|  .0 |  .0 |  .0 ||  .0509 |  .0667 |  .0656 ||  .0 |  .0 |  .0 |
|  .0 |  .0 |  .0 ||  .1558 |  .0865 |  .1876 ||  .0 |  .0 |  .0 |
|========+========+========||========+========+========||========+========+========|
|  .0 |  .0 |  .0 ||  .0 |  .0 |  .0 ||  .0 |  .0 |  .0 |
|  .0 |  .0 |  .0 ||  .0 |  .0 |  .0 ||  .0 |  .0 |  .0 |
|  .0 |  .0 |  .0 ||  .0 |  .0 |  .0 ||  .0 |  .0 |  .0 |

, state=
|  0. |  0. |  0. ||  0. |  0. |  0. ||  0. |  0. |  0. |
|  0. |  0. |  0. ||  0. |  0. |  0. ||  0. |  0. |  0. |
| -1. |  0. |  0. ||  0. |  0. |  0. ||  0. |  0. |  0. |
|=====+=====+=====||=====+=====+=====||=====+=====+=====|
|  0. |  0. |  0. ||* 0. |* 0. |* 0. ||  1. |  0. |  0. |
|  0. |  0. |  0. ||* 0. |* 0. |* 0. ||  0. |  0. |  0. |
|  0. |  0. |  0. ||* 0. |* 0. |* 0. || -1. |  0. |  0. |
|=====+=====+=====||=====+=====+=====||=====+=====+=====|
|  0. |  0. |  0. ||  0. |  0. |  0. ||  0. |  0. |  0. |
|  0. |  0. |  1. ||  0. |  0. |  0. ||  0. | -1. |  0. |
|  0. |  0. |  1. ||  0. |  0. |  0. ||  0. |  0. |  0. |

, evalForThisState=-1.0, isPlayerOneTurnOriginally=true}, StateDatum{MCTSProbabilites=
|  .0 |  .0 |  .0 ||  .0 |  .0 |  .0 ||  .0 |  .0 |  .0 |
|  .0 |  .0 |  .0 ||  .0 |  .0 |  .0 ||  .0 |  .0 |  .0 |
|  .0 |  .0 |  .0 ||  .0 |  .0 |  .0 ||  .0 |  .0 |  .0 |
|========+========+========||========+========+========||========+========+========|
|  .0 |  .0 |  .0 ||  .0 |  .0 |  .0 ||  .0 |  .0 |  .0 |
|  .0 |  .0 |  .0 ||  .0 |  .0 |  .0 ||  .0 |  .0 |  .0 |
|  .0 |  .0 |  .0 ||  .0 |  .0 |  .0 ||  .0 |  .0 |  .0 |
|========+========+========||========+========+========||========+========+========|
|  .0 |  .0 |  .0 ||  .0 |  .0 |  .0 ||  .03 |  .074 |  .0379 |
|  .0 |  .0 |  .0 ||  .0 |  .0 |  .0 ||  .0467 |  .0 |  .0741 |
|  .0 |  .0 |  .0 ||  .0 |  .0 |  .0 ||  .3718 |  .0658 |  .2997 |

, state=
| -0. | -0. | -0. || -0. | -0. | -0. || -0. | -0. | -0. |
| -0. | -0. | -0. || -0. | -0. | -0. || -0. | -0. | -0. |
|  1. | -0. | -0. || -0. | -0. | -0. || -0. | -0. | -0. |
|=====+=====+=====||=====+=====+=====||=====+=====+=====|
| -0. | -0. | -0. || -0. | -0. | -0. || -1. | -0. | -0. |
| -0. | -0. | -0. || -0. | -0. | -0. || -0. | -0. | -0. |
| -0. | -0. | -0. || -0. | -0. | -1. ||  1. | -0. | -0. |
|=====+=====+=====||=====+=====+=====||=====+=====+=====|
| -0. | -0. | -0. || -0. | -0. | -0. ||*-0. |*-0. |*-0. |
| -0. | -0. | -1. || -0. | -0. | -0. ||*-0. |* 1. |*-0. |
| -0. | -0. | -1. || -0. | -0. | -0. ||*-0. |*-0. |*-0. |

, evalForThisState=1.0, isPlayerOneTurnOriginally=false}, StateDatum{MCTSProbabilites=
|  .0 |  .0 |  .0 ||  .0 |  .0 |  .0 ||  .0 |  .0 |  .0 |
|  .0 |  .0 |  .0 ||  .0 |  .0 |  .0 ||  .0 |  .0 |  .0 |
|  .0 |  .0 |  .0 ||  .0 |  .0 |  .0 ||  .0 |  .0 |  .0 |
|========+========+========||========+========+========||========+========+========|
|  .0 |  .0 |  .0 ||  .0 |  .0 |  .0 ||  .0 |  .0 |  .0 |
|  .0 |  .0 |  .0 ||  .0 |  .0 |  .0 ||  .0 |  .0 |  .0 |
|  .0 |  .0 |  .0 ||  .0 |  .0 |  .0 ||  .0 |  .0 |  .0 |
|========+========+========||========+========+========||========+========+========|
|  .3128 |  .0817 |  .0641 ||  .0 |  .0 |  .0 ||  .0 |  .0 |  .0 |
|  .0481 |  .1597 |  .0 ||  .0 |  .0 |  .0 ||  .0 |  .0 |  .0 |
|  .1885 |  .1451 |  .0 ||  .0 |  .0 |  .0 ||  .0 |  .0 |  .0 |

, state=
|  0. |  0. |  0. ||  0. |  0. |  0. ||  0. |  0. |  0. |
|  0. |  0. |  0. ||  0. |  0. |  0. ||  0. |  0. |  0. |
| -1. |  0. |  0. ||  0. |  0. |  0. ||  0. |  0. |  0. |
|=====+=====+=====||=====+=====+=====||=====+=====+=====|
|  0. |  0. |  0. ||  0. |  0. |  0. ||  1. |  0. |  0. |
|  0. |  0. |  0. ||  0. |  0. |  0. ||  0. |  0. |  0. |
|  0. |  0. |  0. ||  0. |  0. |  1. || -1. |  0. |  0. |
|=====+=====+=====||=====+=====+=====||=====+=====+=====|
|* 0. |* 0. |* 0. ||  0. |  0. |  0. ||  0. |  0. |  0. |
|* 0. |* 0. |* 1. ||  0. |  0. |  0. ||  0. | -1. |  0. |
|* 0. |* 0. |* 1. ||  0. |  0. |  0. || -1. |  0. |  0. |

, evalForThisState=-1.0, isPlayerOneTurnOriginally=true}, StateDatum{MCTSProbabilites=
|  .0602 |  .0474 |  .1856 ||  .0 |  .0 |  .0 ||  .0 |  .0 |  .0 |
|  .065 |  .0822 |  .2472 ||  .0 |  .0 |  .0 ||  .0 |  .0 |  .0 |
|  .0 |  .0638 |  .2485 ||  .0 |  .0 |  .0 ||  .0 |  .0 |  .0 |
|========+========+========||========+========+========||========+========+========|
|  .0 |  .0 |  .0 ||  .0 |  .0 |  .0 ||  .0 |  .0 |  .0 |
|  .0 |  .0 |  .0 ||  .0 |  .0 |  .0 ||  .0 |  .0 |  .0 |
|  .0 |  .0 |  .0 ||  .0 |  .0 |  .0 ||  .0 |  .0 |  .0 |
|========+========+========||========+========+========||========+========+========|
|  .0 |  .0 |  .0 ||  .0 |  .0 |  .0 ||  .0 |  .0 |  .0 |
|  .0 |  .0 |  .0 ||  .0 |  .0 |  .0 ||  .0 |  .0 |  .0 |
|  .0 |  .0 |  .0 ||  .0 |  .0 |  .0 ||  .0 |  .0 |  .0 |

, state=
|*-0. |*-0. |*-0. || -0. | -0. | -0. || -0. | -0. | -0. |
|*-0. |*-0. |*-0. || -0. | -0. | -0. || -0. | -0. | -0. |
|* 1. |*-0. |*-0. || -0. | -0. | -0. || -0. | -0. | -0. |
|=====+=====+=====||=====+=====+=====||=====+=====+=====|
| -0. | -0. | -0. || -0. | -0. | -0. || -1. | -0. | -0. |
| -0. | -0. | -0. || -0. | -0. | -0. || -0. | -0. | -0. |
| -0. | -0. | -0. || -0. | -0. | -1. ||  1. | -0. | -0. |
|=====+=====+=====||=====+=====+=====||=====+=====+=====|
| -1. | -0. | -0. || -0. | -0. | -0. || -0. | -0. | -0. |
| -0. | -0. | -1. || -0. | -0. | -0. || -0. |  1. | -0. |
| -0. | -0. | -1. || -0. | -0. | -0. ||  1. | -0. | -0. |

, evalForThisState=1.0, isPlayerOneTurnOriginally=false}, StateDatum{MCTSProbabilites=
|  .0 |  .0 |  .0 ||  .0 |  .0 |  .0 ||  .0 |  .0 |  .0 |
|  .0 |  .0 |  .0 ||  .0 |  .0 |  .0 ||  .0 |  .0 |  .0 |
|  .0 |  .0 |  .0 ||  .0 |  .0 |  .0 ||  .0 |  .0 |  .0 |
|========+========+========||========+========+========||========+========+========|
|  .0 |  .0 |  .0 ||  .0 |  .0 |  .0 ||  .0 |  .0 |  .0 |
|  .0 |  .0 |  .0 ||  .0 |  .0 |  .0 ||  .0 |  .0 |  .0 |
|  .0 |  .0 |  .0 ||  .0 |  .0 |  .0 ||  .0 |  .0 |  .0 |
|========+========+========||========+========+========||========+========+========|
|  .0 |  .0 |  .0 ||  .0 |  .0 |  .0 ||  .0721 |  .0718 |  .2727 |
|  .0 |  .0 |  .0 ||  .0 |  .0 |  .0 ||  .0865 |  .0 |  .1857 |
|  .0 |  .0 |  .0 ||  .0 |  .0 |  .0 ||  .0 |  .0513 |  .2599 |

, state=
|  0. |  0. |  0. ||  0. |  0. |  0. ||  0. |  0. |  0. |
|  0. |  0. |  0. ||  0. |  0. |  0. ||  0. |  0. |  0. |
| -1. |  0. | -1. ||  0. |  0. |  0. ||  0. |  0. |  0. |
|=====+=====+=====||=====+=====+=====||=====+=====+=====|
|  0. |  0. |  0. ||  0. |  0. |  0. ||  1. |  0. |  0. |
|  0. |  0. |  0. ||  0. |  0. |  0. ||  0. |  0. |  0. |
|  0. |  0. |  0. ||  0. |  0. |  1. || -1. |  0. |  0. |
|=====+=====+=====||=====+=====+=====||=====+=====+=====|
|  1. |  0. |  0. ||  0. |  0. |  0. ||* 0. |* 0. |* 0. |
|  0. |  0. |  1. ||  0. |  0. |  0. ||* 0. |*-1. |* 0. |
|  0. |  0. |  1. ||  0. |  0. |  0. ||*-1. |* 0. |* 0. |

, evalForThisState=-1.0, isPlayerOneTurnOriginally=true}, StateDatum{MCTSProbabilites=
|  .0 |  .0 |  .0 ||  .0 |  .0 |  .0 ||  .1385 |  .253 |  .0558 |
|  .0 |  .0 |  .0 ||  .0 |  .0 |  .0 ||  .068 |  .0668 |  .0521 |
|  .0 |  .0 |  .0 ||  .0 |  .0 |  .0 ||  .097 |  .0671 |  .2018 |
|========+========+========||========+========+========||========+========+========|
|  .0 |  .0 |  .0 ||  .0 |  .0 |  .0 ||  .0 |  .0 |  .0 |
|  .0 |  .0 |  .0 ||  .0 |  .0 |  .0 ||  .0 |  .0 |  .0 |
|  .0 |  .0 |  .0 ||  .0 |  .0 |  .0 ||  .0 |  .0 |  .0 |
|========+========+========||========+========+========||========+========+========|
|  .0 |  .0 |  .0 ||  .0 |  .0 |  .0 ||  .0 |  .0 |  .0 |
|  .0 |  .0 |  .0 ||  .0 |  .0 |  .0 ||  .0 |  .0 |  .0 |
|  .0 |  .0 |  .0 ||  .0 |  .0 |  .0 ||  .0 |  .0 |  .0 |

, state=
| -0. | -0. | -0. || -0. | -0. | -0. ||*-0. |*-0. |*-0. |
| -0. | -0. | -0. || -0. | -0. | -0. ||*-0. |*-0. |*-0. |
|  1. | -0. |  1. || -0. | -0. | -0. ||*-0. |*-0. |*-0. |
|=====+=====+=====||=====+=====+=====||=====+=====+=====|
| -0. | -0. | -0. || -0. | -0. | -0. || -1. | -0. | -0. |
| -0. | -0. | -0. || -0. | -0. | -0. || -0. | -0. | -0. |
| -0. | -0. | -0. || -0. | -0. | -1. ||  1. | -0. | -0. |
|=====+=====+=====||=====+=====+=====||=====+=====+=====|
| -1. | -0. | -0. || -0. | -0. | -0. || -0. | -0. | -1. |
| -0. | -0. | -1. || -0. | -0. | -0. || -0. |  1. | -0. |
| -0. | -0. | -1. || -0. | -0. | -0. ||  1. | -0. | -0. |

, evalForThisState=1.0, isPlayerOneTurnOriginally=false}, StateDatum{MCTSProbabilites=
|  .0 |  .0 |  .0 ||  .28 |  .0492 |  .0435 ||  .0 |  .0 |  .0 |
|  .0 |  .0 |  .0 ||  .0638 |  .0475 |  .0906 ||  .0 |  .0 |  .0 |
|  .0 |  .0 |  .0 ||  .1917 |  .0552 |  .1786 ||  .0 |  .0 |  .0 |
|========+========+========||========+========+========||========+========+========|
|  .0 |  .0 |  .0 ||  .0 |  .0 |  .0 ||  .0 |  .0 |  .0 |
|  .0 |  .0 |  .0 ||  .0 |  .0 |  .0 ||  .0 |  .0 |  .0 |
|  .0 |  .0 |  .0 ||  .0 |  .0 |  .0 ||  .0 |  .0 |  .0 |
|========+========+========||========+========+========||========+========+========|
|  .0 |  .0 |  .0 ||  .0 |  .0 |  .0 ||  .0 |  .0 |  .0 |
|  .0 |  .0 |  .0 ||  .0 |  .0 |  .0 ||  .0 |  .0 |  .0 |
|  .0 |  .0 |  .0 ||  .0 |  .0 |  .0 ||  .0 |  .0 |  .0 |

, state=
|  0. |  0. |  0. ||* 0. |* 0. |* 0. ||  0. | -1. |  0. |
|  0. |  0. |  0. ||* 0. |* 0. |* 0. ||  0. |  0. |  0. |
| -1. |  0. | -1. ||* 0. |* 0. |* 0. ||  0. |  0. |  0. |
|=====+=====+=====||=====+=====+=====||=====+=====+=====|
|  0. |  0. |  0. ||  0. |  0. |  0. ||  1. |  0. |  0. |
|  0. |  0. |  0. ||  0. |  0. |  0. ||  0. |  0. |  0. |
|  0. |  0. |  0. ||  0. |  0. |  1. || -1. |  0. |  0. |
|=====+=====+=====||=====+=====+=====||=====+=====+=====|
|  1. |  0. |  0. ||  0. |  0. |  0. ||  0. |  0. |  1. |
|  0. |  0. |  1. ||  0. |  0. |  0. ||  0. | -1. |  0. |
|  0. |  0. |  1. ||  0. |  0. |  0. || -1. |  0. |  0. |

, evalForThisState=-1.0, isPlayerOneTurnOriginally=true}, StateDatum{MCTSProbabilites=
|  .1185 |  .0445 |  .2714 ||  .0 |  .0 |  .0 ||  .0 |  .0 |  .0 |
|  .1664 |  .043 |  .2632 ||  .0 |  .0 |  .0 ||  .0 |  .0 |  .0 |
|  .0 |  .093 |  .0 ||  .0 |  .0 |  .0 ||  .0 |  .0 |  .0 |
|========+========+========||========+========+========||========+========+========|
|  .0 |  .0 |  .0 ||  .0 |  .0 |  .0 ||  .0 |  .0 |  .0 |
|  .0 |  .0 |  .0 ||  .0 |  .0 |  .0 ||  .0 |  .0 |  .0 |
|  .0 |  .0 |  .0 ||  .0 |  .0 |  .0 ||  .0 |  .0 |  .0 |
|========+========+========||========+========+========||========+========+========|
|  .0 |  .0 |  .0 ||  .0 |  .0 |  .0 ||  .0 |  .0 |  .0 |
|  .0 |  .0 |  .0 ||  .0 |  .0 |  .0 ||  .0 |  .0 |  .0 |
|  .0 |  .0 |  .0 ||  .0 |  .0 |  .0 ||  .0 |  .0 |  .0 |

, state=
|*-0. |*-0. |*-0. || -1. | -0. | -0. || -0. |  1. | -0. |
|*-0. |*-0. |*-0. || -0. | -0. | -0. || -0. | -0. | -0. |
|* 1. |*-0. |* 1. || -0. | -0. | -0. || -0. | -0. | -0. |
|=====+=====+=====||=====+=====+=====||=====+=====+=====|
| -0. | -0. | -0. || -0. | -0. | -0. || -1. | -0. | -0. |
| -0. | -0. | -0. || -0. | -0. | -0. || -0. | -0. | -0. |
| -0. | -0. | -0. || -0. | -0. | -1. ||  1. | -0. | -0. |
|=====+=====+=====||=====+=====+=====||=====+=====+=====|
| -1. | -0. | -0. || -0. | -0. | -0. || -0. | -0. | -1. |
| -0. | -0. | -1. || -0. | -0. | -0. || -0. |  1. | -0. |
| -0. | -0. | -1. || -0. | -0. | -0. ||  1. | -0. | -0. |

, evalForThisState=1.0, isPlayerOneTurnOriginally=false}, StateDatum{MCTSProbabilites=
|  .0 |  .0 |  .0 ||  .0 |  .0 |  .0 ||  .091 |  .0 |  .1314 |
|  .0 |  .0 |  .0 ||  .0 |  .0 |  .0 ||  .1169 |  .1287 |  .1544 |
|  .0 |  .0 |  .0 ||  .0 |  .0 |  .0 ||  .1013 |  .112 |  .1642 |
|========+========+========||========+========+========||========+========+========|
|  .0 |  .0 |  .0 ||  .0 |  .0 |  .0 ||  .0 |  .0 |  .0 |
|  .0 |  .0 |  .0 ||  .0 |  .0 |  .0 ||  .0 |  .0 |  .0 |
|  .0 |  .0 |  .0 ||  .0 |  .0 |  .0 ||  .0 |  .0 |  .0 |
|========+========+========||========+========+========||========+========+========|
|  .0 |  .0 |  .0 ||  .0 |  .0 |  .0 ||  .0 |  .0 |  .0 |
|  .0 |  .0 |  .0 ||  .0 |  .0 |  .0 ||  .0 |  .0 |  .0 |
|  .0 |  .0 |  .0 ||  .0 |  .0 |  .0 ||  .0 |  .0 |  .0 |

, state=
|  0. |  0. | -1. ||  1. |  0. |  0. ||* 0. |*-1. |* 0. |
|  0. |  0. |  0. ||  0. |  0. |  0. ||* 0. |* 0. |* 0. |
| -1. |  0. | -1. ||  0. |  0. |  0. ||* 0. |* 0. |* 0. |
|=====+=====+=====||=====+=====+=====||=====+=====+=====|
|  0. |  0. |  0. ||  0. |  0. |  0. ||  1. |  0. |  0. |
|  0. |  0. |  0. ||  0. |  0. |  0. ||  0. |  0. |  0. |
|  0. |  0. |  0. ||  0. |  0. |  1. || -1. |  0. |  0. |
|=====+=====+=====||=====+=====+=====||=====+=====+=====|
|  1. |  0. |  0. ||  0. |  0. |  0. ||  0. |  0. |  1. |
|  0. |  0. |  1. ||  0. |  0. |  0. ||  0. | -1. |  0. |
|  0. |  0. |  1. ||  0. |  0. |  0. || -1. |  0. |  0. |

, evalForThisState=-1.0, isPlayerOneTurnOriginally=true}, StateDatum{MCTSProbabilites=
|  .0 |  .0 |  .0 ||  .0 |  .0 |  .0 ||  .0 |  .0 |  .0 |
|  .0 |  .0 |  .0 ||  .0 |  .0 |  .0 ||  .0 |  .0 |  .0 |
|  .0 |  .0 |  .0 ||  .0 |  .0 |  .0 ||  .0 |  .0 |  .0 |
|========+========+========||========+========+========||========+========+========|
|  .0 |  .0 |  .0 ||  .0 |  .0 |  .0 ||  .0 |  .0 |  .0 |
|  .0 |  .0 |  .0 ||  .0 |  .0 |  .0 ||  .0 |  .0 |  .0 |
|  .0 |  .0 |  .0 ||  .0 |  .0 |  .0 ||  .0 |  .0 |  .0 |
|========+========+========||========+========+========||========+========+========|
|  .0 |  .0 |  .0 ||  .0 |  .0 |  .0 ||  .1241 |  .184 |  .0 |
|  .0 |  .0 |  .0 ||  .0 |  .0 |  .0 ||  .1461 |  .0 |  .1994 |
|  .0 |  .0 |  .0 ||  .0 |  .0 |  .0 ||  .0 |  .1291 |  .2172 |

, state=
| -0. | -0. |  1. || -1. | -0. | -0. || -0. |  1. | -0. |
| -0. | -0. | -0. || -0. | -0. | -0. || -0. | -0. | -0. |
|  1. | -0. |  1. || -0. | -0. | -0. || -0. | -0. | -1. |
|=====+=====+=====||=====+=====+=====||=====+=====+=====|
| -0. | -0. | -0. || -0. | -0. | -0. || -1. | -0. | -0. |
| -0. | -0. | -0. || -0. | -0. | -0. || -0. | -0. | -0. |
| -0. | -0. | -0. || -0. | -0. | -1. ||  1. | -0. | -0. |
|=====+=====+=====||=====+=====+=====||=====+=====+=====|
| -1. | -0. | -0. || -0. | -0. | -0. ||*-0. |*-0. |*-1. |
| -0. | -0. | -1. || -0. | -0. | -0. ||*-0. |* 1. |*-0. |
| -0. | -0. | -1. || -0. | -0. | -0. ||* 1. |*-0. |*-0. |

, evalForThisState=1.0, isPlayerOneTurnOriginally=false}, StateDatum{MCTSProbabilites=
|  .0 |  .0 |  .0 ||  .0 |  .0 |  .0 ||  .0 |  .0 |  .0 |
|  .0 |  .0 |  .0 ||  .0 |  .0 |  .0 ||  .0 |  .0 |  .0 |
|  .0 |  .0 |  .0 ||  .0 |  .0 |  .0 ||  .0 |  .0 |  .0 |
|========+========+========||========+========+========||========+========+========|
|  .0 |  .0 |  .0 ||  .0 |  .0 |  .0 ||  .0 |  .0 |  .0 |
|  .0 |  .0 |  .0 ||  .0 |  .0 |  .0 ||  .0 |  .0 |  .0 |
|  .0 |  .0 |  .0 ||  .0 |  .0 |  .0 ||  .0 |  .0 |  .0 |
|========+========+========||========+========+========||========+========+========|
|  .0 |  .0 |  .0 ||  .0 |  .0 |  .0 ||  .1861 |  .1365 |  .0 |
|  .0 |  .0 |  .0 ||  .0 |  .0 |  .0 ||  .2901 |  .0 |  .2491 |
|  .0 |  .0 |  .0 ||  .0 |  .0 |  .0 ||  .0 |  .1383 |  .0 |

, state=
|  0. |  0. | -1. ||  1. |  0. |  0. ||  0. | -1. |  0. |
|  0. |  0. |  0. ||  0. |  0. |  0. ||  0. |  0. |  0. |
| -1. |  0. | -1. ||  0. |  0. |  0. ||  0. |  0. |  1. |
|=====+=====+=====||=====+=====+=====||=====+=====+=====|
|  0. |  0. |  0. ||  0. |  0. |  0. ||  1. |  0. |  0. |
|  0. |  0. |  0. ||  0. |  0. |  0. ||  0. |  0. |  0. |
|  0. |  0. |  0. ||  0. |  0. |  1. || -1. |  0. |  0. |
|=====+=====+=====||=====+=====+=====||=====+=====+=====|
|  1. |  0. |  0. ||  0. |  0. |  0. ||* 0. |* 0. |* 1. |
|  0. |  0. |  1. ||  0. |  0. |  0. ||* 0. |*-1. |* 0. |
|  0. |  0. |  1. ||  0. |  0. |  0. ||*-1. |* 0. |*-1. |

, evalForThisState=-1.0, isPlayerOneTurnOriginally=true}, StateDatum{MCTSProbabilites=
|  .0 |  .0 |  .0 ||  .0 |  .0 |  .0 ||  .0 |  .0 |  .0 |
|  .0 |  .0 |  .0 ||  .0 |  .0 |  .0 ||  .0 |  .0 |  .0 |
|  .0 |  .0 |  .0 ||  .0 |  .0 |  .0 ||  .0 |  .0 |  .0 |
|========+========+========||========+========+========||========+========+========|
|  .0657 |  .0734 |  .186 ||  .0 |  .0 |  .0 ||  .0 |  .0 |  .0 |
|  .0774 |  .2021 |  .0793 ||  .0 |  .0 |  .0 ||  .0 |  .0 |  .0 |
|  .1042 |  .0522 |  .1596 ||  .0 |  .0 |  .0 ||  .0 |  .0 |  .0 |
|========+========+========||========+========+========||========+========+========|
|  .0 |  .0 |  .0 ||  .0 |  .0 |  .0 ||  .0 |  .0 |  .0 |
|  .0 |  .0 |  .0 ||  .0 |  .0 |  .0 ||  .0 |  .0 |  .0 |
|  .0 |  .0 |  .0 ||  .0 |  .0 |  .0 ||  .0 |  .0 |  .0 |

, state=
| -0. | -0. |  1. || -1. | -0. | -0. || -0. |  1. | -0. |
| -0. | -0. | -0. || -0. | -0. | -0. || -0. | -0. | -0. |
|  1. | -0. |  1. || -0. | -0. | -0. || -0. | -0. | -1. |
|=====+=====+=====||=====+=====+=====||=====+=====+=====|
|*-0. |*-0. |*-0. || -0. | -0. | -0. || -1. | -0. | -0. |
|*-0. |*-0. |*-0. || -0. | -0. | -0. || -0. | -0. | -0. |
|*-0. |*-0. |*-0. || -0. | -0. | -1. ||  1. | -0. | -0. |
|=====+=====+=====||=====+=====+=====||=====+=====+=====|
| -1. | -0. | -0. || -0. | -0. | -0. || -0. | -0. | -1. |
| -0. | -0. | -1. || -0. | -0. | -0. || -1. |  1. | -0. |
| -0. | -0. | -1. || -0. | -0. | -0. ||  1. | -0. |  1. |

, evalForThisState=1.0, isPlayerOneTurnOriginally=false}, StateDatum{MCTSProbabilites=
|  .0 |  .0 |  .0 ||  .0 |  .0 |  .0 ||  .0 |  .0 |  .0 |
|  .0 |  .0 |  .0 ||  .0 |  .0 |  .0 ||  .0 |  .0 |  .0 |
|  .0 |  .0 |  .0 ||  .0 |  .0 |  .0 ||  .0 |  .0 |  .0 |
|========+========+========||========+========+========||========+========+========|
|  .0 |  .0 |  .0 ||  .1323 |  .1653 |  .123 ||  .0 |  .0 |  .0 |
|  .0 |  .0 |  .0 ||  .1283 |  .1502 |  .1024 ||  .0 |  .0 |  .0 |
|  .0 |  .0 |  .0 ||  .0785 |  .12 |  .0 ||  .0 |  .0 |  .0 |
|========+========+========||========+========+========||========+========+========|
|  .0 |  .0 |  .0 ||  .0 |  .0 |  .0 ||  .0 |  .0 |  .0 |
|  .0 |  .0 |  .0 ||  .0 |  .0 |  .0 ||  .0 |  .0 |  .0 |
|  .0 |  .0 |  .0 ||  .0 |  .0 |  .0 ||  .0 |  .0 |  .0 |

, state=
|  0. |  0. | -1. ||  1. |  0. |  0. ||  0. | -1. |  0. |
|  0. |  0. |  0. ||  0. |  0. |  0. ||  0. |  0. |  0. |
| -1. |  0. | -1. ||  0. |  0. |  0. ||  0. |  0. |  1. |
|=====+=====+=====||=====+=====+=====||=====+=====+=====|
|  0. |  0. |  0. ||* 0. |* 0. |* 0. ||  1. |  0. |  0. |
|  0. | -1. |  0. ||* 0. |* 0. |* 0. ||  0. |  0. |  0. |
|  0. |  0. |  0. ||* 0. |* 0. |* 1. || -1. |  0. |  0. |
|=====+=====+=====||=====+=====+=====||=====+=====+=====|
|  1. |  0. |  0. ||  0. |  0. |  0. ||  0. |  0. |  1. |
|  0. |  0. |  1. ||  0. |  0. |  0. ||  1. | -1. |  0. |
|  0. |  0. |  1. ||  0. |  0. |  0. || -1. |  0. | -1. |

, evalForThisState=-1.0, isPlayerOneTurnOriginally=true}, StateDatum{MCTSProbabilites=
|  .0 |  .0 |  .0 ||  .0 |  .1613 |  .0395 ||  .0 |  .0 |  .0 |
|  .0 |  .0 |  .0 ||  .0645 |  .1584 |  .1421 ||  .0 |  .0 |  .0 |
|  .0 |  .0 |  .0 ||  .1259 |  .189 |  .1193 ||  .0 |  .0 |  .0 |
|========+========+========||========+========+========||========+========+========|
|  .0 |  .0 |  .0 ||  .0 |  .0 |  .0 ||  .0 |  .0 |  .0 |
|  .0 |  .0 |  .0 ||  .0 |  .0 |  .0 ||  .0 |  .0 |  .0 |
|  .0 |  .0 |  .0 ||  .0 |  .0 |  .0 ||  .0 |  .0 |  .0 |
|========+========+========||========+========+========||========+========+========|
|  .0 |  .0 |  .0 ||  .0 |  .0 |  .0 ||  .0 |  .0 |  .0 |
|  .0 |  .0 |  .0 ||  .0 |  .0 |  .0 ||  .0 |  .0 |  .0 |
|  .0 |  .0 |  .0 ||  .0 |  .0 |  .0 ||  .0 |  .0 |  .0 |

, state=
| -0. | -0. |  1. ||*-1. |*-0. |*-0. || -0. |  1. | -0. |
| -0. | -0. | -0. ||*-0. |*-0. |*-0. || -0. | -0. | -0. |
|  1. | -0. |  1. ||*-0. |*-0. |*-0. || -0. | -0. | -1. |
|=====+=====+=====||=====+=====+=====||=====+=====+=====|
| -0. | -0. | -0. || -0. | -1. | -0. || -1. | -0. | -0. |
| -0. |  1. | -0. || -0. | -0. | -0. || -0. | -0. | -0. |
| -0. | -0. | -0. || -0. | -0. | -1. ||  1. | -0. | -0. |
|=====+=====+=====||=====+=====+=====||=====+=====+=====|
| -1. | -0. | -0. || -0. | -0. | -0. || -0. | -0. | -1. |
| -0. | -0. | -1. || -0. | -0. | -0. || -1. |  1. | -0. |
| -0. | -0. | -1. || -0. | -0. | -0. ||  1. | -0. |  1. |

, evalForThisState=1.0, isPlayerOneTurnOriginally=false}, StateDatum{MCTSProbabilites=
|  .0 |  .0 |  .0 ||  .0 |  .0 |  .0 ||  .0 |  .0 |  .0 |
|  .0 |  .0 |  .0 ||  .0 |  .0 |  .0 ||  .0 |  .0 |  .0 |
|  .0 |  .0 |  .0 ||  .0 |  .0 |  .0 ||  .0 |  .0 |  .0 |
|========+========+========||========+========+========||========+========+========|
|  .0 |  .0 |  .0 ||  .0 |  .0 |  .0 ||  .0 |  .0 |  .0 |
|  .0 |  .0 |  .0 ||  .0 |  .0 |  .0 ||  .0 |  .0 |  .0 |
|  .0 |  .0 |  .0 ||  .0 |  .0 |  .0 ||  .0 |  .0 |  .0 |
|========+========+========||========+========+========||========+========+========|
|  .0 |  .0 |  .0 ||  .0647 |  .1654 |  .0253 ||  .0 |  .0 |  .0 |
|  .0 |  .0 |  .0 ||  .0701 |  .1621 |  .1013 ||  .0 |  .0 |  .0 |
|  .0 |  .0 |  .0 ||  .1178 |  .1305 |  .1628 ||  .0 |  .0 |  .0 |

, state=
|  0. |  0. | -1. ||  1. |  0. |  0. ||  0. | -1. |  0. |
|  0. |  0. |  0. ||  0. |  0. |  0. ||  0. |  0. |  0. |
| -1. |  0. | -1. ||  0. | -1. |  0. ||  0. |  0. |  1. |
|=====+=====+=====||=====+=====+=====||=====+=====+=====|
|  0. |  0. |  0. ||  0. |  1. |  0. ||  1. |  0. |  0. |
|  0. | -1. |  0. ||  0. |  0. |  0. ||  0. |  0. |  0. |
|  0. |  0. |  0. ||  0. |  0. |  1. || -1. |  0. |  0. |
|=====+=====+=====||=====+=====+=====||=====+=====+=====|
|  1. |  0. |  0. ||* 0. |* 0. |* 0. ||  0. |  0. |  1. |
|  0. |  0. |  1. ||* 0. |* 0. |* 0. ||  1. | -1. |  0. |
|  0. |  0. |  1. ||* 0. |* 0. |* 0. || -1. |  0. | -1. |

, evalForThisState=-1.0, isPlayerOneTurnOriginally=true}, StateDatum{MCTSProbabilites=
|  .0 |  .0 |  .0 ||  .0 |  .1103 |  .1634 ||  .0 |  .0 |  .0 |
|  .0 |  .0 |  .0 ||  .153 |  .1405 |  .1722 ||  .0 |  .0 |  .0 |
|  .0 |  .0 |  .0 ||  .138 |  .0 |  .1227 ||  .0 |  .0 |  .0 |
|========+========+========||========+========+========||========+========+========|
|  .0 |  .0 |  .0 ||  .0 |  .0 |  .0 ||  .0 |  .0 |  .0 |
|  .0 |  .0 |  .0 ||  .0 |  .0 |  .0 ||  .0 |  .0 |  .0 |
|  .0 |  .0 |  .0 ||  .0 |  .0 |  .0 ||  .0 |  .0 |  .0 |
|========+========+========||========+========+========||========+========+========|
|  .0 |  .0 |  .0 ||  .0 |  .0 |  .0 ||  .0 |  .0 |  .0 |
|  .0 |  .0 |  .0 ||  .0 |  .0 |  .0 ||  .0 |  .0 |  .0 |
|  .0 |  .0 |  .0 ||  .0 |  .0 |  .0 ||  .0 |  .0 |  .0 |

, state=
| -0. | -0. |  1. ||*-1. |*-0. |*-0. || -0. |  1. | -0. |
| -0. | -0. | -0. ||*-0. |*-0. |*-0. || -0. | -0. | -0. |
|  1. | -0. |  1. ||*-0. |* 1. |*-0. || -0. | -0. | -1. |
|=====+=====+=====||=====+=====+=====||=====+=====+=====|
| -0. | -0. | -0. || -0. | -1. | -0. || -1. | -0. | -0. |
| -0. |  1. | -0. || -0. | -0. | -0. || -0. | -0. | -0. |
| -0. | -0. | -0. || -0. | -0. | -1. ||  1. | -0. | -0. |
|=====+=====+=====||=====+=====+=====||=====+=====+=====|
| -1. | -0. | -0. || -0. | -1. | -0. || -0. | -0. | -1. |
| -0. | -0. | -1. || -0. | -0. | -0. || -1. |  1. | -0. |
| -0. | -0. | -1. || -0. | -0. | -0. ||  1. | -0. |  1. |

, evalForThisState=1.0, isPlayerOneTurnOriginally=false}, StateDatum{MCTSProbabilites=
|  .0 |  .0 |  .0 ||  .0 |  .0 |  .0 ||  .0 |  .0 |  .0 |
|  .0 |  .0 |  .0 ||  .0 |  .0 |  .0 ||  .0 |  .0 |  .0 |
|  .0 |  .0 |  .0 ||  .0 |  .0 |  .0 ||  .0 |  .0 |  .0 |
|========+========+========||========+========+========||========+========+========|
|  .0 |  .0 |  .0 ||  .0 |  .0 |  .0 ||  .0 |  .1638 |  .2027 |
|  .0 |  .0 |  .0 ||  .0 |  .0 |  .0 ||  .1546 |  .1983 |  .0896 |
|  .0 |  .0 |  .0 ||  .0 |  .0 |  .0 ||  .0 |  .0447 |  .1462 |
|========+========+========||========+========+========||========+========+========|
|  .0 |  .0 |  .0 ||  .0 |  .0 |  .0 ||  .0 |  .0 |  .0 |
|  .0 |  .0 |  .0 ||  .0 |  .0 |  .0 ||  .0 |  .0 |  .0 |
|  .0 |  .0 |  .0 ||  .0 |  .0 |  .0 ||  .0 |  .0 |  .0 |

, state=
|  0. |  0. | -1. ||  1. |  0. |  0. ||  0. | -1. |  0. |
|  0. |  0. |  0. ||  0. |  0. | -1. ||  0. |  0. |  0. |
| -1. |  0. | -1. ||  0. | -1. |  0. ||  0. |  0. |  1. |
|=====+=====+=====||=====+=====+=====||=====+=====+=====|
|  0. |  0. |  0. ||  0. |  1. |  0. ||* 1. |* 0. |* 0. |
|  0. | -1. |  0. ||  0. |  0. |  0. ||* 0. |* 0. |* 0. |
|  0. |  0. |  0. ||  0. |  0. |  1. ||*-1. |* 0. |* 0. |
|=====+=====+=====||=====+=====+=====||=====+=====+=====|
|  1. |  0. |  0. ||  0. |  1. |  0. ||  0. |  0. |  1. |
|  0. |  0. |  1. ||  0. |  0. |  0. ||  1. | -1. |  0. |
|  0. |  0. |  1. ||  0. |  0. |  0. || -1. |  0. | -1. |

, evalForThisState=-1.0, isPlayerOneTurnOriginally=true}, StateDatum{MCTSProbabilites=
|  .0 |  .0 |  .0 ||  .0 |  .0 |  .0 ||  .1866 |  .0 |  .1222 |
|  .0 |  .0 |  .0 ||  .0 |  .0 |  .0 ||  .159 |  .1398 |  .1229 |
|  .0 |  .0 |  .0 ||  .0 |  .0 |  .0 ||  .1794 |  .09 |  .0 |
|========+========+========||========+========+========||========+========+========|
|  .0 |  .0 |  .0 ||  .0 |  .0 |  .0 ||  .0 |  .0 |  .0 |
|  .0 |  .0 |  .0 ||  .0 |  .0 |  .0 ||  .0 |  .0 |  .0 |
|  .0 |  .0 |  .0 ||  .0 |  .0 |  .0 ||  .0 |  .0 |  .0 |
|========+========+========||========+========+========||========+========+========|
|  .0 |  .0 |  .0 ||  .0 |  .0 |  .0 ||  .0 |  .0 |  .0 |
|  .0 |  .0 |  .0 ||  .0 |  .0 |  .0 ||  .0 |  .0 |  .0 |
|  .0 |  .0 |  .0 ||  .0 |  .0 |  .0 ||  .0 |  .0 |  .0 |

, state=
| -0. | -0. |  1. || -1. | -0. | -0. ||*-0. |* 1. |*-0. |
| -0. | -0. | -0. || -0. | -0. |  1. ||*-0. |*-0. |*-0. |
|  1. | -0. |  1. || -0. |  1. | -0. ||*-0. |*-0. |*-1. |
|=====+=====+=====||=====+=====+=====||=====+=====+=====|
| -0. | -0. | -0. || -0. | -1. | -0. || -1. | -0. | -1. |
| -0. |  1. | -0. || -0. | -0. | -0. || -0. | -0. | -0. |
| -0. | -0. | -0. || -0. | -0. | -1. ||  1. | -0. | -0. |
|=====+=====+=====||=====+=====+=====||=====+=====+=====|
| -1. | -0. | -0. || -0. | -1. | -0. || -0. | -0. | -1. |
| -0. | -0. | -1. || -0. | -0. | -0. || -1. |  1. | -0. |
| -0. | -0. | -1. || -0. | -0. | -0. ||  1. | -0. |  1. |

, evalForThisState=1.0, isPlayerOneTurnOriginally=false}, StateDatum{MCTSProbabilites=
|  .1682 |  .1135 |  .0 ||  .0 |  .0 |  .0 ||  .0 |  .0 |  .0 |
|  .2072 |  .171 |  .1675 ||  .0 |  .0 |  .0 ||  .0 |  .0 |  .0 |
|  .0 |  .1727 |  .0 ||  .0 |  .0 |  .0 ||  .0 |  .0 |  .0 |
|========+========+========||========+========+========||========+========+========|
|  .0 |  .0 |  .0 ||  .0 |  .0 |  .0 ||  .0 |  .0 |  .0 |
|  .0 |  .0 |  .0 ||  .0 |  .0 |  .0 ||  .0 |  .0 |  .0 |
|  .0 |  .0 |  .0 ||  .0 |  .0 |  .0 ||  .0 |  .0 |  .0 |
|========+========+========||========+========+========||========+========+========|
|  .0 |  .0 |  .0 ||  .0 |  .0 |  .0 ||  .0 |  .0 |  .0 |
|  .0 |  .0 |  .0 ||  .0 |  .0 |  .0 ||  .0 |  .0 |  .0 |
|  .0 |  .0 |  .0 ||  .0 |  .0 |  .0 ||  .0 |  .0 |  .0 |

, state=
|* 0. |* 0. |*-1. ||  1. |  0. |  0. || -1. | -1. |  0. |
|* 0. |* 0. |* 0. ||  0. |  0. | -1. ||  0. |  0. |  0. |
|*-1. |* 0. |*-1. ||  0. | -1. |  0. ||  0. |  0. |  1. |
|=====+=====+=====||=====+=====+=====||=====+=====+=====|
|  0. |  0. |  0. ||  0. |  1. |  0. ||  1. |  0. |  1. |
|  0. | -1. |  0. ||  0. |  0. |  0. ||  0. |  0. |  0. |
|  0. |  0. |  0. ||  0. |  0. |  1. || -1. |  0. |  0. |
|=====+=====+=====||=====+=====+=====||=====+=====+=====|
|  1. |  0. |  0. ||  0. |  1. |  0. ||  0. |  0. |  1. |
|  0. |  0. |  1. ||  0. |  0. |  0. ||  1. | -1. |  0. |
|  0. |  0. |  1. ||  0. |  0. |  0. || -1. |  0. | -1. |

, evalForThisState=-1.0, isPlayerOneTurnOriginally=true}, StateDatum{MCTSProbabilites=
|  .0 |  .0 |  .0 ||  .0 |  .0 |  .0 ||  .0 |  .0 |  .0 |
|  .0 |  .0 |  .0 ||  .0 |  .0 |  .0 ||  .0 |  .0 |  .0 |
|  .0 |  .0 |  .0 ||  .0 |  .0 |  .0 ||  .0 |  .0 |  .0 |
|========+========+========||========+========+========||========+========+========|
|  .2004 |  .1196 |  .1074 ||  .0 |  .0 |  .0 ||  .0 |  .0 |  .0 |
|  .1349 |  .0 |  .0987 ||  .0 |  .0 |  .0 ||  .0 |  .0 |  .0 |
|  .0998 |  .053 |  .1861 ||  .0 |  .0 |  .0 ||  .0 |  .0 |  .0 |
|========+========+========||========+========+========||========+========+========|
|  .0 |  .0 |  .0 ||  .0 |  .0 |  .0 ||  .0 |  .0 |  .0 |
|  .0 |  .0 |  .0 ||  .0 |  .0 |  .0 ||  .0 |  .0 |  .0 |
|  .0 |  .0 |  .0 ||  .0 |  .0 |  .0 ||  .0 |  .0 |  .0 |

, state=
| -0. | -0. |  1. || -1. | -0. | -0. ||  1. |  1. | -0. |
| -1. | -0. | -0. || -0. | -0. |  1. || -0. | -0. | -0. |
|  1. | -0. |  1. || -0. |  1. | -0. || -0. | -0. | -1. |
|=====+=====+=====||=====+=====+=====||=====+=====+=====|
|*-0. |*-0. |*-0. || -0. | -1. | -0. || -1. | -0. | -1. |
|*-0. |* 1. |*-0. || -0. | -0. | -0. || -0. | -0. | -0. |
|*-0. |*-0. |*-0. || -0. | -0. | -1. ||  1. | -0. | -0. |
|=====+=====+=====||=====+=====+=====||=====+=====+=====|
| -1. | -0. | -0. || -0. | -1. | -0. || -0. | -0. | -1. |
| -0. | -0. | -1. || -0. | -0. | -0. || -1. |  1. | -0. |
| -0. | -0. | -1. || -0. | -0. | -0. ||  1. | -0. |  1. |

, evalForThisState=1.0, isPlayerOneTurnOriginally=false}, StateDatum{MCTSProbabilites=
|  .2298 |  .1236 |  .0 ||  .0 |  .0 |  .0 ||  .0 |  .0 |  .0 |
|  .0 |  .2286 |  .2183 ||  .0 |  .0 |  .0 ||  .0 |  .0 |  .0 |
|  .0 |  .1997 |  .0 ||  .0 |  .0 |  .0 ||  .0 |  .0 |  .0 |
|========+========+========||========+========+========||========+========+========|
|  .0 |  .0 |  .0 ||  .0 |  .0 |  .0 ||  .0 |  .0 |  .0 |
|  .0 |  .0 |  .0 ||  .0 |  .0 |  .0 ||  .0 |  .0 |  .0 |
|  .0 |  .0 |  .0 ||  .0 |  .0 |  .0 ||  .0 |  .0 |  .0 |
|========+========+========||========+========+========||========+========+========|
|  .0 |  .0 |  .0 ||  .0 |  .0 |  .0 ||  .0 |  .0 |  .0 |
|  .0 |  .0 |  .0 ||  .0 |  .0 |  .0 ||  .0 |  .0 |  .0 |
|  .0 |  .0 |  .0 ||  .0 |  .0 |  .0 ||  .0 |  .0 |  .0 |

, state=
|* 0. |* 0. |*-1. ||  1. |  0. |  0. || -1. | -1. |  0. |
|* 1. |* 0. |* 0. ||  0. |  0. | -1. ||  0. |  0. |  0. |
|*-1. |* 0. |*-1. ||  0. | -1. |  0. ||  0. |  0. |  1. |
|=====+=====+=====||=====+=====+=====||=====+=====+=====|
| -1. |  0. |  0. ||  0. |  1. |  0. ||  1. |  0. |  1. |
|  0. | -1. |  0. ||  0. |  0. |  0. ||  0. |  0. |  0. |
|  0. |  0. |  0. ||  0. |  0. |  1. || -1. |  0. |  0. |
|=====+=====+=====||=====+=====+=====||=====+=====+=====|
|  1. |  0. |  0. ||  0. |  1. |  0. ||  0. |  0. |  1. |
|  0. |  0. |  1. ||  0. |  0. |  0. ||  1. | -1. |  0. |
|  0. |  0. |  1. ||  0. |  0. |  0. || -1. |  0. | -1. |

, evalForThisState=-1.0, isPlayerOneTurnOriginally=true}, StateDatum{MCTSProbabilites=
|  .0 |  .4663 |  .0 ||  .0 |  .0 |  .0 ||  .0 |  .0 |  .0 |
|  .0 |  .3835 |  .094 ||  .0 |  .0 |  .0 ||  .0 |  .0 |  .0 |
|  .0 |  .0562 |  .0 ||  .0 |  .0 |  .0 ||  .0 |  .0 |  .0 |
|========+========+========||========+========+========||========+========+========|
|  .0 |  .0 |  .0 ||  .0 |  .0 |  .0 ||  .0 |  .0 |  .0 |
|  .0 |  .0 |  .0 ||  .0 |  .0 |  .0 ||  .0 |  .0 |  .0 |
|  .0 |  .0 |  .0 ||  .0 |  .0 |  .0 ||  .0 |  .0 |  .0 |
|========+========+========||========+========+========||========+========+========|
|  .0 |  .0 |  .0 ||  .0 |  .0 |  .0 ||  .0 |  .0 |  .0 |
|  .0 |  .0 |  .0 ||  .0 |  .0 |  .0 ||  .0 |  .0 |  .0 |
|  .0 |  .0 |  .0 ||  .0 |  .0 |  .0 ||  .0 |  .0 |  .0 |

, state=
|*-1. |*-0. |* 1. || -1. | -0. | -0. ||  1. |  1. | -0. |
|*-1. |*-0. |*-0. || -0. | -0. |  1. || -0. | -0. | -0. |
|* 1. |*-0. |* 1. || -0. |  1. | -0. || -0. | -0. | -1. |
|=====+=====+=====||=====+=====+=====||=====+=====+=====|
|  1. | -0. | -0. || -0. | -1. | -0. || -1. | -0. | -1. |
| -0. |  1. | -0. || -0. | -0. | -0. || -0. | -0. | -0. |
| -0. | -0. | -0. || -0. | -0. | -1. ||  1. | -0. | -0. |
|=====+=====+=====||=====+=====+=====||=====+=====+=====|
| -1. | -0. | -0. || -0. | -1. | -0. || -0. | -0. | -1. |
| -0. | -0. | -1. || -0. | -0. | -0. || -1. |  1. | -0. |
| -0. | -0. | -1. || -0. | -0. | -0. ||  1. | -0. |  1. |

, evalForThisState=1.0, isPlayerOneTurnOriginally=false}, StateDatum{MCTSProbabilites=
|  .0 |  .0 |  .0 ||  .0 |  .1567 |  .1649 ||  .0 |  .0 |  .0 |
|  .0 |  .0 |  .0 ||  .2282 |  .1776 |  .0 ||  .0 |  .0 |  .0 |
|  .0 |  .0 |  .0 ||  .1582 |  .0 |  .1143 ||  .0 |  .0 |  .0 |
|========+========+========||========+========+========||========+========+========|
|  .0 |  .0 |  .0 ||  .0 |  .0 |  .0 ||  .0 |  .0 |  .0 |
|  .0 |  .0 |  .0 ||  .0 |  .0 |  .0 ||  .0 |  .0 |  .0 |
|  .0 |  .0 |  .0 ||  .0 |  .0 |  .0 ||  .0 |  .0 |  .0 |
|========+========+========||========+========+========||========+========+========|
|  .0 |  .0 |  .0 ||  .0 |  .0 |  .0 ||  .0 |  .0 |  .0 |
|  .0 |  .0 |  .0 ||  .0 |  .0 |  .0 ||  .0 |  .0 |  .0 |
|  .0 |  .0 |  .0 ||  .0 |  .0 |  .0 ||  .0 |  .0 |  .0 |

, state=
|  1. | -1. | -1. ||* 1. |* 0. |* 0. || -1. | -1. |  0. |
|  1. |  0. |  0. ||* 0. |* 0. |*-1. ||  0. |  0. |  0. |
| -1. |  0. | -1. ||* 0. |*-1. |* 0. ||  0. |  0. |  1. |
|=====+=====+=====||=====+=====+=====||=====+=====+=====|
| -1. |  0. |  0. ||  0. |  1. |  0. ||  1. |  0. |  1. |
|  0. | -1. |  0. ||  0. |  0. |  0. ||  0. |  0. |  0. |
|  0. |  0. |  0. ||  0. |  0. |  1. || -1. |  0. |  0. |
|=====+=====+=====||=====+=====+=====||=====+=====+=====|
|  1. |  0. |  0. ||  0. |  1. |  0. ||  0. |  0. |  1. |
|  0. |  0. |  1. ||  0. |  0. |  0. ||  1. | -1. |  0. |
|  0. |  0. |  1. ||  0. |  0. |  0. || -1. |  0. | -1. |

, evalForThisState=-1.0, isPlayerOneTurnOriginally=true}, StateDatum{MCTSProbabilites=
|  .0 |  .0 |  .0 ||  .0 |  .0 |  .0 ||  .0 |  .0 |  .0 |
|  .0 |  .0 |  .0 ||  .0 |  .0 |  .0 ||  .0 |  .0 |  .0 |
|  .0 |  .0 |  .0 ||  .0 |  .0 |  .0 ||  .0 |  .0 |  .0 |
|========+========+========||========+========+========||========+========+========|
|  .0 |  .1612 |  .1282 ||  .0 |  .0 |  .0 ||  .0 |  .0 |  .0 |
|  .0802 |  .0 |  .1365 ||  .0 |  .0 |  .0 ||  .0 |  .0 |  .0 |
|  .1354 |  .1087 |  .2499 ||  .0 |  .0 |  .0 ||  .0 |  .0 |  .0 |
|========+========+========||========+========+========||========+========+========|
|  .0 |  .0 |  .0 ||  .0 |  .0 |  .0 ||  .0 |  .0 |  .0 |
|  .0 |  .0 |  .0 ||  .0 |  .0 |  .0 ||  .0 |  .0 |  .0 |
|  .0 |  .0 |  .0 ||  .0 |  .0 |  .0 ||  .0 |  .0 |  .0 |

, state=
| -1. |  1. |  1. || -1. | -0. | -0. ||  1. |  1. | -0. |
| -1. | -0. | -0. || -1. | -0. |  1. || -0. | -0. | -0. |
|  1. | -0. |  1. || -0. |  1. | -0. || -0. | -0. | -1. |
|=====+=====+=====||=====+=====+=====||=====+=====+=====|
|* 1. |*-0. |*-0. || -0. | -1. | -0. || -1. | -0. | -1. |
|*-0. |* 1. |*-0. || -0. | -0. | -0. || -0. | -0. | -0. |
|*-0. |*-0. |*-0. || -0. | -0. | -1. ||  1. | -0. | -0. |
|=====+=====+=====||=====+=====+=====||=====+=====+=====|
| -1. | -0. | -0. || -0. | -1. | -0. || -0. | -0. | -1. |
| -0. | -0. | -1. || -0. | -0. | -0. || -1. |  1. | -0. |
| -0. | -0. | -1. || -0. | -0. | -0. ||  1. | -0. |  1. |

, evalForThisState=1.0, isPlayerOneTurnOriginally=false}, StateDatum{MCTSProbabilites=
|  .0 |  .0 |  .0 ||  .0 |  .0 |  .0 ||  .0 |  .0 |  .0 |
|  .0 |  .0 |  .0 ||  .0 |  .0 |  .0 ||  .0 |  .0 |  .0 |
|  .0 |  .0 |  .0 ||  .0 |  .0 |  .0 ||  .0 |  .0 |  .0 |
|========+========+========||========+========+========||========+========+========|
|  .0 |  .0 |  .0 ||  .0 |  .0 |  .0 ||  .0 |  .0 |  .0 |
|  .0 |  .0 |  .0 ||  .0 |  .0 |  .0 ||  .0 |  .0 |  .0 |
|  .0 |  .0 |  .0 ||  .0 |  .0 |  .0 ||  .0 |  .0 |  .0 |
|========+========+========||========+========+========||========+========+========|
|  .0 |  .0 |  .0 ||  .0 |  .0 |  .0 ||  .3693 |  .2288 |  .0 |
|  .0 |  .0 |  .0 ||  .0 |  .0 |  .0 ||  .0 |  .0 |  .2553 |
|  .0 |  .0 |  .0 ||  .0 |  .0 |  .0 ||  .0 |  .1465 |  .0 |

, state=
|  1. | -1. | -1. ||  1. |  0. |  0. || -1. | -1. |  0. |
|  1. |  0. |  0. ||  1. |  0. | -1. ||  0. |  0. |  0. |
| -1. |  0. | -1. ||  0. | -1. |  0. ||  0. |  0. |  1. |
|=====+=====+=====||=====+=====+=====||=====+=====+=====|
| -1. |  0. |  0. ||  0. |  1. |  0. ||  1. |  0. |  1. |
|  0. | -1. |  0. ||  0. |  0. |  0. ||  0. |  0. |  0. |
|  0. |  0. | -1. ||  0. |  0. |  1. || -1. |  0. |  0. |
|=====+=====+=====||=====+=====+=====||=====+=====+=====|
|  1. |  0. |  0. ||  0. |  1. |  0. ||* 0. |* 0. |* 1. |
|  0. |  0. |  1. ||  0. |  0. |  0. ||* 1. |*-1. |* 0. |
|  0. |  0. |  1. ||  0. |  0. |  0. ||*-1. |* 0. |*-1. |

, evalForThisState=-1.0, isPlayerOneTurnOriginally=true}, StateDatum{MCTSProbabilites=
|  .0 |  .0 |  .0 ||  .0 |  .0 |  .0 ||  .0 |  .0 |  .0 |
|  .0 |  .3747 |  .297 ||  .0 |  .0 |  .0 ||  .0 |  .0 |  .0 |
|  .0 |  .3283 |  .0 ||  .0 |  .0 |  .0 ||  .0 |  .0 |  .0 |
|========+========+========||========+========+========||========+========+========|
|  .0 |  .0 |  .0 ||  .0 |  .0 |  .0 ||  .0 |  .0 |  .0 |
|  .0 |  .0 |  .0 ||  .0 |  .0 |  .0 ||  .0 |  .0 |  .0 |
|  .0 |  .0 |  .0 ||  .0 |  .0 |  .0 ||  .0 |  .0 |  .0 |
|========+========+========||========+========+========||========+========+========|
|  .0 |  .0 |  .0 ||  .0 |  .0 |  .0 ||  .0 |  .0 |  .0 |
|  .0 |  .0 |  .0 ||  .0 |  .0 |  .0 ||  .0 |  .0 |  .0 |
|  .0 |  .0 |  .0 ||  .0 |  .0 |  .0 ||  .0 |  .0 |  .0 |

, state=
|*-1. |* 1. |* 1. || -1. | -0. | -0. ||  1. |  1. | -0. |
|*-1. |*-0. |*-0. || -1. | -0. |  1. || -0. | -0. | -0. |
|* 1. |*-0. |* 1. || -0. |  1. | -0. || -0. | -0. | -1. |
|=====+=====+=====||=====+=====+=====||=====+=====+=====|
|  1. | -0. | -0. || -0. | -1. | -0. || -1. | -0. | -1. |
| -0. |  1. | -0. || -0. | -0. | -0. || -0. | -0. | -0. |
| -0. | -0. |  1. || -0. | -0. | -1. ||  1. | -0. | -0. |
|=====+=====+=====||=====+=====+=====||=====+=====+=====|
| -1. | -0. | -0. || -0. | -1. | -0. || -1. | -0. | -1. |
| -0. | -0. | -1. || -0. | -0. | -0. || -1. |  1. | -0. |
| -0. | -0. | -1. || -0. | -0. | -0. ||  1. | -0. |  1. |

, evalForThisState=1.0, isPlayerOneTurnOriginally=false}, StateDatum{MCTSProbabilites=
|  .0 |  .0 |  .0 ||  .0 |  .0 |  .0 ||  .0 |  .0 |  .0 |
|  .0 |  .0 |  .0 ||  .0 |  .0 |  .0 ||  .0 |  .0 |  .0 |
|  .0 |  .0 |  .0 ||  .0 |  .0 |  .0 ||  .0 |  .0 |  .0 |
|========+========+========||========+========+========||========+========+========|
|  .0 |  .0 |  .0 ||  .1865 |  .0 |  .0365 ||  .0 |  .0 |  .0 |
|  .0 |  .0 |  .0 ||  .1694 |  .0792 |  .2452 ||  .0 |  .0 |  .0 |
|  .0 |  .0 |  .0 ||  .152 |  .1311 |  .0 ||  .0 |  .0 |  .0 |
|========+========+========||========+========+========||========+========+========|
|  .0 |  .0 |  .0 ||  .0 |  .0 |  .0 ||  .0 |  .0 |  .0 |
|  .0 |  .0 |  .0 ||  .0 |  .0 |  .0 ||  .0 |  .0 |  .0 |
|  .0 |  .0 |  .0 ||  .0 |  .0 |  .0 ||  .0 |  .0 |  .0 |

, state=
|  1. | -1. | -1. ||  1. |  0. |  0. || -1. | -1. |  0. |
|  1. | -1. |  0. ||  1. |  0. | -1. ||  0. |  0. |  0. |
| -1. |  0. | -1. ||  0. | -1. |  0. ||  0. |  0. |  1. |
|=====+=====+=====||=====+=====+=====||=====+=====+=====|
| -1. |  0. |  0. ||* 0. |* 1. |* 0. ||  1. |  0. |  1. |
|  0. | -1. |  0. ||* 0. |* 0. |* 0. ||  0. |  0. |  0. |
|  0. |  0. | -1. ||* 0. |* 0. |* 1. || -1. |  0. |  0. |
|=====+=====+=====||=====+=====+=====||=====+=====+=====|
|  1. |  0. |  0. ||  0. |  1. |  0. ||  1. |  0. |  1. |
|  0. |  0. |  1. ||  0. |  0. |  0. ||  1. | -1. |  0. |
|  0. |  0. |  1. ||  0. |  0. |  0. || -1. |  0. | -1. |

, evalForThisState=-1.0, isPlayerOneTurnOriginally=true}, StateDatum{MCTSProbabilites=
|  .0 |  .0 |  .0 ||  .0 |  .0 |  .0 ||  .0 |  .0 |  .0 |
|  .0 |  .0 |  .0 ||  .0 |  .0 |  .0 ||  .0 |  .0 |  .0 |
|  .0 |  .0 |  .0 ||  .0 |  .0 |  .0 ||  .0 |  .0 |  .0 |
|========+========+========||========+========+========||========+========+========|
|  .0 |  .0 |  .0 ||  .0 |  .0 |  .0 ||  .0 |  .171 |  .0 |
|  .0 |  .0 |  .0 ||  .0 |  .0 |  .0 ||  .1407 |  .1969 |  .1528 |
|  .0 |  .0 |  .0 ||  .0 |  .0 |  .0 ||  .0 |  .2561 |  .0824 |
|========+========+========||========+========+========||========+========+========|
|  .0 |  .0 |  .0 ||  .0 |  .0 |  .0 ||  .0 |  .0 |  .0 |
|  .0 |  .0 |  .0 ||  .0 |  .0 |  .0 ||  .0 |  .0 |  .0 |
|  .0 |  .0 |  .0 ||  .0 |  .0 |  .0 ||  .0 |  .0 |  .0 |

, state=
| -1. |  1. |  1. || -1. | -0. | -0. ||  1. |  1. | -0. |
| -1. |  1. | -0. || -1. | -0. |  1. || -0. | -0. | -0. |
|  1. | -0. |  1. || -0. |  1. | -0. || -0. | -0. | -1. |
|=====+=====+=====||=====+=====+=====||=====+=====+=====|
|  1. | -0. | -0. || -0. | -1. | -0. ||*-1. |*-0. |*-1. |
| -0. |  1. | -0. || -0. | -0. | -1. ||*-0. |*-0. |*-0. |
| -0. | -0. |  1. || -0. | -0. | -1. ||* 1. |*-0. |*-0. |
|=====+=====+=====||=====+=====+=====||=====+=====+=====|
| -1. | -0. | -0. || -0. | -1. | -0. || -1. | -0. | -1. |
| -0. | -0. | -1. || -0. | -0. | -0. || -1. |  1. | -0. |
| -0. | -0. | -1. || -0. | -0. | -0. ||  1. | -0. |  1. |

, evalForThisState=1.0, isPlayerOneTurnOriginally=false}, StateDatum{MCTSProbabilites=
|  .0 |  .0 |  .0 ||  .0 |  .0 |  .0 ||  .0 |  .0 |  .0 |
|  .0 |  .0 |  .0 ||  .0 |  .0 |  .0 ||  .0 |  .0 |  .0 |
|  .0 |  .0 |  .0 ||  .0 |  .0 |  .0 ||  .0 |  .0 |  .0 |
|========+========+========||========+========+========||========+========+========|
|  .0 |  .0 |  .0 ||  .0 |  .0 |  .0 ||  .0 |  .0 |  .0 |
|  .0 |  .0 |  .0 ||  .0 |  .0 |  .0 ||  .0 |  .0 |  .0 |
|  .0 |  .0 |  .0 ||  .0 |  .0 |  .0 ||  .0 |  .0 |  .0 |
|========+========+========||========+========+========||========+========+========|
|  .0 |  .0 |  .0 ||  .1283 |  .0 |  .0957 ||  .0 |  .0 |  .0 |
|  .0 |  .0 |  .0 ||  .118 |  .122 |  .1575 ||  .0 |  .0 |  .0 |
|  .0 |  .0 |  .0 ||  .1252 |  .0947 |  .1586 ||  .0 |  .0 |  .0 |

, state=
|  1. | -1. | -1. ||  1. |  0. |  0. || -1. | -1. |  0. |
|  1. | -1. |  0. ||  1. |  0. | -1. ||  0. |  0. |  0. |
| -1. |  0. | -1. ||  0. | -1. |  0. ||  0. |  0. |  1. |
|=====+=====+=====||=====+=====+=====||=====+=====+=====|
| -1. |  0. |  0. ||  0. |  1. |  0. ||  1. |  0. |  1. |
|  0. | -1. |  0. ||  0. |  0. |  1. ||  0. |  0. |  0. |
|  0. |  0. | -1. ||  0. |  0. |  1. || -1. | -1. |  0. |
|=====+=====+=====||=====+=====+=====||=====+=====+=====|
|  1. |  0. |  0. ||* 0. |* 1. |* 0. ||  1. |  0. |  1. |
|  0. |  0. |  1. ||* 0. |* 0. |* 0. ||  1. | -1. |  0. |
|  0. |  0. |  1. ||* 0. |* 0. |* 0. || -1. |  0. | -1. |

, evalForThisState=-1.0, isPlayerOneTurnOriginally=true}, StateDatum{MCTSProbabilites=
|  .0 |  .0 |  .0 ||  .0 |  .0 |  .0 ||  .0 |  .0 |  .0 |
|  .0 |  .0 |  .0 ||  .0 |  .0 |  .0 ||  .0 |  .0 |  .0 |
|  .0 |  .0 |  .0 ||  .0 |  .0 |  .0 ||  .0 |  .0 |  .0 |
|========+========+========||========+========+========||========+========+========|
|  .0 |  .0 |  .0 ||  .0 |  .0 |  .0 ||  .0 |  .0 |  .0 |
|  .0 |  .0 |  .0 ||  .0 |  .0 |  .0 ||  .0 |  .0 |  .0 |
|  .0 |  .0 |  .0 ||  .0 |  .0 |  .0 ||  .0 |  .0 |  .0 |
|========+========+========||========+========+========||========+========+========|
|  .0 |  .0 |  .0 ||  .0 |  .0 |  .0 ||  .0 |  .3257 |  .0 |
|  .0 |  .0 |  .0 ||  .0 |  .0 |  .0 ||  .0 |  .0 |  .4162 |
|  .0 |  .0 |  .0 ||  .0 |  .0 |  .0 ||  .0 |  .2581 |  .0 |

, state=
| -1. |  1. |  1. || -1. | -0. | -0. ||  1. |  1. | -0. |
| -1. |  1. | -0. || -1. | -0. |  1. || -0. | -0. | -0. |
|  1. | -0. |  1. || -0. |  1. | -0. || -0. | -0. | -1. |
|=====+=====+=====||=====+=====+=====||=====+=====+=====|
|  1. | -0. | -0. || -0. | -1. | -0. || -1. | -0. | -1. |
| -0. |  1. | -0. || -0. | -0. | -1. || -0. | -0. | -0. |
| -0. | -0. |  1. || -0. | -0. | -1. ||  1. |  1. | -0. |
|=====+=====+=====||=====+=====+=====||=====+=====+=====|
| -1. | -0. | -0. || -0. | -1. | -0. ||*-1. |*-0. |*-1. |
| -0. | -0. | -1. || -0. | -0. | -0. ||*-1. |* 1. |*-0. |
| -0. | -0. | -1. || -0. | -0. | -1. ||* 1. |*-0. |* 1. |

, evalForThisState=1.0, isPlayerOneTurnOriginally=false}, StateDatum{MCTSProbabilites=
|  .0 |  .0 |  .0 ||  .0 |  .0 |  .0 ||  .0 |  .0 |  .0 |
|  .0 |  .0 |  .0 ||  .0 |  .0 |  .0 ||  .0 |  .0 |  .0 |
|  .0 |  .0 |  .0 ||  .0 |  .0 |  .0 ||  .0 |  .0 |  .0 |
|========+========+========||========+========+========||========+========+========|
|  .0 |  .0 |  .0 ||  .0 |  .0 |  .0 ||  .0 |  .2966 |  .0 |
|  .0 |  .0 |  .0 ||  .0 |  .0 |  .0 ||  .0869 |  .1071 |  .1697 |
|  .0 |  .0 |  .0 ||  .0 |  .0 |  .0 ||  .0 |  .0 |  .3396 |
|========+========+========||========+========+========||========+========+========|
|  .0 |  .0 |  .0 ||  .0 |  .0 |  .0 ||  .0 |  .0 |  .0 |
|  .0 |  .0 |  .0 ||  .0 |  .0 |  .0 ||  .0 |  .0 |  .0 |
|  .0 |  .0 |  .0 ||  .0 |  .0 |  .0 ||  .0 |  .0 |  .0 |

, state=
|  1. | -1. | -1. ||  1. |  0. |  0. || -1. | -1. |  0. |
|  1. | -1. |  0. ||  1. |  0. | -1. ||  0. |  0. |  0. |
| -1. |  0. | -1. ||  0. | -1. |  0. ||  0. |  0. |  1. |
|=====+=====+=====||=====+=====+=====||=====+=====+=====|
| -1. |  0. |  0. ||  0. |  1. |  0. ||* 1. |* 0. |* 1. |
|  0. | -1. |  0. ||  0. |  0. |  1. ||* 0. |* 0. |* 0. |
|  0. |  0. | -1. ||  0. |  0. |  1. ||*-1. |*-1. |* 0. |
|=====+=====+=====||=====+=====+=====||=====+=====+=====|
|  1. |  0. |  0. ||  0. |  1. |  0. ||  1. |  0. |  1. |
|  0. |  0. |  1. ||  0. |  0. |  0. ||  1. | -1. | -1. |
|  0. |  0. |  1. ||  0. |  0. |  1. || -1. |  0. | -1. |

, evalForThisState=-1.0, isPlayerOneTurnOriginally=true}, StateDatum{MCTSProbabilites=
|  .0 |  .0 |  .0 ||  .0 |  .0 |  .0 ||  .0 |  .0 |  .0 |
|  .0 |  .0 |  .0 ||  .0 |  .0 |  .0 ||  .0 |  .0 |  .0 |
|  .0 |  .0 |  .0 ||  .0 |  .0 |  .0 ||  .0 |  .0 |  .0 |
|========+========+========||========+========+========||========+========+========|
|  .0 |  .0 |  .0 ||  .0 |  .0 |  .0 ||  .0 |  .0 |  .0 |
|  .0 |  .0 |  .0 ||  .0 |  .0 |  .0 ||  .0 |  .0 |  .0 |
|  .0 |  .0 |  .0 ||  .0 |  .0 |  .0 ||  .0 |  .0 |  .0 |
|========+========+========||========+========+========||========+========+========|
|  .0 |  .0 |  .0 ||  .0 |  .0 |  .0 ||  .0 |  .4743 |  .0 |
|  .0 |  .0 |  .0 ||  .0 |  .0 |  .0 ||  .0 |  .0 |  .0 |
|  .0 |  .0 |  .0 ||  .0 |  .0 |  .0 ||  .0 |  .5257 |  .0 |

, state=
| -1. |  1. |  1. || -1. | -0. | -0. ||  1. |  1. | -0. |
| -1. |  1. | -0. || -1. | -0. |  1. || -0. | -0. | -0. |
|  1. | -0. |  1. || -0. |  1. | -0. || -0. | -0. | -1. |
|=====+=====+=====||=====+=====+=====||=====+=====+=====|
|  1. | -0. | -0. || -0. | -1. | -0. || -1. | -0. | -1. |
| -0. |  1. | -0. || -0. | -0. | -1. || -0. | -0. | -0. |
| -0. | -0. |  1. || -0. | -0. | -1. ||  1. |  1. | -1. |
|=====+=====+=====||=====+=====+=====||=====+=====+=====|
| -1. | -0. | -0. || -0. | -1. | -0. ||*-1. |*-0. |*-1. |
| -0. | -0. | -1. || -0. | -0. | -0. ||*-1. |* 1. |* 1. |
| -0. | -0. | -1. || -0. | -0. | -1. ||* 1. |*-0. |* 1. |

, evalForThisState=1.0, isPlayerOneTurnOriginally=false}, StateDatum{MCTSProbabilites=
|  .0 |  .0 |  .0 ||  .0 |  .0 |  .0 ||  .0 |  .0 |  .0 |
|  .0 |  .0 |  .0 ||  .0 |  .0 |  .0 ||  .0 |  .0 |  .0 |
|  .0 |  .0 |  .0 ||  .0 |  .0 |  .0 ||  .0 |  .0 |  .0 |
|========+========+========||========+========+========||========+========+========|
|  .0 |  .0 |  .0 ||  .0 |  .0 |  .0 ||  .0 |  .0 |  .0 |
|  .0 |  .0 |  .0 ||  .0 |  .0 |  .0 ||  .0 |  .0 |  .0 |
|  .0 |  .0 |  .0 ||  .0 |  .0 |  .0 ||  .0 |  .0 |  .0 |
|========+========+========||========+========+========||========+========+========|
|  .0 |  .0 |  .0 ||  .0479 |  .0 |  .095 ||  .0 |  .0 |  .0 |
|  .0 |  .0 |  .0 ||  .0414 |  .0618 |  .2318 ||  .0 |  .0 |  .0 |
|  .0 |  .0 |  .0 ||  .1542 |  .3679 |  .0 ||  .0 |  .0 |  .0 |

, state=
|  1. | -1. | -1. ||  1. |  0. |  0. || -1. | -1. |  0. |
|  1. | -1. |  0. ||  1. |  0. | -1. ||  0. |  0. |  0. |
| -1. |  0. | -1. ||  0. | -1. |  0. ||  0. |  0. |  1. |
|=====+=====+=====||=====+=====+=====||=====+=====+=====|
| -1. |  0. |  0. ||  0. |  1. |  0. ||  1. |  0. |  1. |
|  0. | -1. |  0. ||  0. |  0. |  1. ||  0. |  0. |  0. |
|  0. |  0. | -1. ||  0. |  0. |  1. || -1. | -1. |  1. |
|=====+=====+=====||=====+=====+=====||=====+=====+=====|
|  1. |  0. |  0. ||* 0. |* 1. |* 0. ||  1. |  0. |  1. |
|  0. |  0. |  1. ||* 0. |* 0. |* 0. ||  1. | -1. | -1. |
|  0. |  0. |  1. ||* 0. |* 0. |* 1. || -1. | -1. | -1. |

, evalForThisState=-1.0, isPlayerOneTurnOriginally=true}, StateDatum{MCTSProbabilites=
|  .0 |  .0 |  .0 ||  .0 |  .0 |  .0 ||  .0 |  .0 |  .0 |
|  .0 |  .0 |  .0 ||  .0 |  .0 |  .0 ||  .0 |  .0 |  .0 |
|  .0 |  .0 |  .0 ||  .0 |  .0 |  .0 ||  .0 |  .0 |  .0 |
|========+========+========||========+========+========||========+========+========|
|  .0 |  .0 |  .0 ||  .0 |  .0 |  .0 ||  .0 |  .0 |  .0 |
|  .0 |  .0 |  .0 ||  .0 |  .0 |  .0 ||  .0 |  .0 |  .0 |
|  .0 |  .0 |  .0 ||  .0 |  .0 |  .0 ||  .0 |  .0 |  .0 |
|========+========+========||========+========+========||========+========+========|
|  .0 |  .0 |  .0 ||  .1368 |  .0 |  .1256 ||  .0 |  .0 |  .0 |
|  .0 |  .0 |  .0 ||  .2019 |  .1763 |  .2538 ||  .0 |  .0 |  .0 |
|  .0 |  .0 |  .0 ||  .1055 |  .0 |  .0 ||  .0 |  .0 |  .0 |

, state=
| -1. |  1. |  1. || -1. | -0. | -0. ||  1. |  1. | -0. |
| -1. |  1. | -0. || -1. | -0. |  1. || -0. | -0. | -0. |
|  1. | -0. |  1. || -0. |  1. | -0. || -0. | -0. | -1. |
|=====+=====+=====||=====+=====+=====||=====+=====+=====|
|  1. | -0. | -0. || -0. | -1. | -0. || -1. | -0. | -1. |
| -0. |  1. | -0. || -0. | -0. | -1. || -0. | -0. | -0. |
| -0. | -0. |  1. || -0. | -0. | -1. ||  1. |  1. | -1. |
|=====+=====+=====||=====+=====+=====||=====+=====+=====|
| -1. | -0. | -0. ||*-0. |*-1. |*-0. || -1. | -0. | -1. |
| -0. | -0. | -1. ||*-0. |*-0. |*-0. || -1. |  1. |  1. |
| -0. | -0. | -1. ||*-0. |*-1. |*-1. ||  1. |  1. |  1. |

, evalForThisState=1.0, isPlayerOneTurnOriginally=false}, StateDatum{MCTSProbabilites=
|  .0 |  .0 |  .0 ||  .0 |  .0 |  .0 ||  .0 |  .0 |  .0 |
|  .0 |  .0 |  .0 ||  .0 |  .0 |  .0 ||  .0 |  .0 |  .0 |
|  .0 |  .0 |  .0 ||  .0 |  .0 |  .0 ||  .0 |  .0 |  .0 |
|========+========+========||========+========+========||========+========+========|
|  .0 |  .0 |  .0 ||  .0 |  .0 |  .0 ||  .0 |  .2406 |  .0 |
|  .0 |  .0 |  .0 ||  .0 |  .0 |  .0 ||  .2748 |  .3829 |  .1017 |
|  .0 |  .0 |  .0 ||  .0 |  .0 |  .0 ||  .0 |  .0 |  .0 |
|========+========+========||========+========+========||========+========+========|
|  .0 |  .0 |  .0 ||  .0 |  .0 |  .0 ||  .0 |  .0 |  .0 |
|  .0 |  .0 |  .0 ||  .0 |  .0 |  .0 ||  .0 |  .0 |  .0 |
|  .0 |  .0 |  .0 ||  .0 |  .0 |  .0 ||  .0 |  .0 |  .0 |

, state=
|  1. | -1. | -1. ||  1. |  0. |  0. || -1. | -1. |  0. |
|  1. | -1. |  0. ||  1. |  0. | -1. ||  0. |  0. |  0. |
| -1. |  0. | -1. ||  0. | -1. |  0. ||  0. |  0. |  1. |
|=====+=====+=====||=====+=====+=====||=====+=====+=====|
| -1. |  0. |  0. ||  0. |  1. |  0. ||* 1. |* 0. |* 1. |
|  0. | -1. |  0. ||  0. |  0. |  1. ||* 0. |* 0. |* 0. |
|  0. |  0. | -1. ||  0. |  0. |  1. ||*-1. |*-1. |* 1. |
|=====+=====+=====||=====+=====+=====||=====+=====+=====|
|  1. |  0. |  0. ||  0. |  1. |  0. ||  1. |  0. |  1. |
|  0. |  0. |  1. ||  0. |  0. | -1. ||  1. | -1. | -1. |
|  0. |  0. |  1. ||  0. |  1. |  1. || -1. | -1. | -1. |

, evalForThisState=-1.0, isPlayerOneTurnOriginally=true}, StateDatum{MCTSProbabilites=
|  .0 |  .0 |  .0 ||  .0 |  .0 |  .0 ||  .0 |  .0 |  .0 |
|  .0 |  .0 |  .0 ||  .0 |  .0 |  .0 ||  .0 |  .0 |  .0 |
|  .0 |  .0 |  .0 ||  .0 |  .0 |  .0 ||  .0 |  .0 |  .0 |
|========+========+========||========+========+========||========+========+========|
|  .0 |  .0 |  .0 ||  .2194 |  .0 |  .0916 ||  .0 |  .0 |  .0 |
|  .0 |  .0 |  .0 ||  .1514 |  .1608 |  .0 ||  .0 |  .0 |  .0 |
|  .0 |  .0 |  .0 ||  .2393 |  .1377 |  .0 ||  .0 |  .0 |  .0 |
|========+========+========||========+========+========||========+========+========|
|  .0 |  .0 |  .0 ||  .0 |  .0 |  .0 ||  .0 |  .0 |  .0 |
|  .0 |  .0 |  .0 ||  .0 |  .0 |  .0 ||  .0 |  .0 |  .0 |
|  .0 |  .0 |  .0 ||  .0 |  .0 |  .0 ||  .0 |  .0 |  .0 |

, state=
| -1. |  1. |  1. || -1. | -0. | -0. ||  1. |  1. | -0. |
| -1. |  1. | -0. || -1. | -0. |  1. || -0. | -0. | -0. |
|  1. | -0. |  1. || -0. |  1. | -0. || -0. | -0. | -1. |
|=====+=====+=====||=====+=====+=====||=====+=====+=====|
|  1. | -0. | -0. ||*-0. |*-1. |*-0. || -1. | -0. | -1. |
| -0. |  1. | -0. ||*-0. |*-0. |*-1. || -0. | -1. | -0. |
| -0. | -0. |  1. ||*-0. |*-0. |*-1. ||  1. |  1. | -1. |
|=====+=====+=====||=====+=====+=====||=====+=====+=====|
| -1. | -0. | -0. || -0. | -1. | -0. || -1. | -0. | -1. |
| -0. | -0. | -1. || -0. | -0. |  1. || -1. |  1. |  1. |
| -0. | -0. | -1. || -0. | -1. | -1. ||  1. |  1. |  1. |

, evalForThisState=1.0, isPlayerOneTurnOriginally=false}, StateDatum{MCTSProbabilites=
|  .0 |  .0 |  .0 ||  .0 |  .0 |  .0 ||  .0 |  .0 |  .0 |
|  .0 |  .0 |  .0 ||  .0 |  .0 |  .0 ||  .0 |  .0 |  .0 |
|  .0 |  .0 |  .0 ||  .0 |  .0 |  .0 ||  .0 |  .0 |  .0 |
|========+========+========||========+========+========||========+========+========|
|  .0 |  .0 |  .0 ||  .0 |  .0 |  .0 ||  .0 |  .0 |  .0 |
|  .0 |  .0 |  .0 ||  .0 |  .0 |  .0 ||  .0 |  .0 |  .0 |
|  .0 |  .0 |  .0 ||  .0 |  .0 |  .0 ||  .0 |  .0 |  .0 |
|========+========+========||========+========+========||========+========+========|
|  .0 |  .019 |  .0093 ||  .0 |  .0 |  .0 ||  .0 |  .0 |  .0 |
|  .0088 |  .9399 |  .0 ||  .0 |  .0 |  .0 ||  .0 |  .0 |  .0 |
|  .0142 |  .0086 |  .0 ||  .0 |  .0 |  .0 ||  .0 |  .0 |  .0 |

, state=
|  1. | -1. | -1. ||  1. |  0. |  0. || -1. | -1. |  0. |
|  1. | -1. |  0. ||  1. |  0. | -1. ||  0. |  0. |  0. |
| -1. |  0. | -1. ||  0. | -1. |  0. ||  0. |  0. |  1. |
|=====+=====+=====||=====+=====+=====||=====+=====+=====|
| -1. |  0. |  0. ||  0. |  1. |  0. ||  1. |  0. |  1. |
|  0. | -1. |  0. ||  0. |  0. |  1. ||  0. |  1. |  0. |
|  0. |  0. | -1. || -1. |  0. |  1. || -1. | -1. |  1. |
|=====+=====+=====||=====+=====+=====||=====+=====+=====|
|* 1. |* 0. |* 0. ||  0. |  1. |  0. ||  1. |  0. |  1. |
|* 0. |* 0. |* 1. ||  0. |  0. | -1. ||  1. | -1. | -1. |
|* 0. |* 0. |* 1. ||  0. |  1. |  1. || -1. | -1. | -1. |

, evalForThisState=-1.0, isPlayerOneTurnOriginally=true}, StateDatum{MCTSProbabilites=
|  .0 |  .0 |  .0 ||  .0 |  .0 |  .0 ||  .0 |  .0 |  .0 |
|  .0 |  .0 |  .0 ||  .0 |  .0 |  .0 ||  .0 |  .0 |  .0 |
|  .0 |  .0 |  .0 ||  .0 |  .0 |  .0 ||  .0 |  .0 |  .0 |
|========+========+========||========+========+========||========+========+========|
|  .0 |  .0 |  .0 ||  .0178 |  .0 |  .9411 ||  .0 |  .0 |  .0 |
|  .0 |  .0 |  .0 ||  .0275 |  .0118 |  .0 ||  .0 |  .0 |  .0 |
|  .0 |  .0 |  .0 ||  .0 |  .0019 |  .0 ||  .0 |  .0 |  .0 |
|========+========+========||========+========+========||========+========+========|
|  .0 |  .0 |  .0 ||  .0 |  .0 |  .0 ||  .0 |  .0 |  .0 |
|  .0 |  .0 |  .0 ||  .0 |  .0 |  .0 ||  .0 |  .0 |  .0 |
|  .0 |  .0 |  .0 ||  .0 |  .0 |  .0 ||  .0 |  .0 |  .0 |

, state=
| -1. |  1. |  1. || -1. | -0. | -0. ||  1. |  1. | -0. |
| -1. |  1. | -0. || -1. | -0. |  1. || -0. | -0. | -0. |
|  1. | -0. |  1. || -0. |  1. | -0. || -0. | -0. | -1. |
|=====+=====+=====||=====+=====+=====||=====+=====+=====|
|  1. | -0. | -0. ||*-0. |*-1. |*-0. || -1. | -0. | -1. |
| -0. |  1. | -0. ||*-0. |*-0. |*-1. || -0. | -1. | -0. |
| -0. | -0. |  1. ||* 1. |*-0. |*-1. ||  1. |  1. | -1. |
|=====+=====+=====||=====+=====+=====||=====+=====+=====|
| -1. | -0. | -0. || -0. | -1. | -0. || -1. | -0. | -1. |
| -0. | -1. | -1. || -0. | -0. |  1. || -1. |  1. |  1. |
| -0. | -0. | -1. || -0. | -1. | -1. ||  1. |  1. |  1. |

, evalForThisState=1.0, isPlayerOneTurnOriginally=false}, StateDatum{MCTSProbabilites=
|  .0 |  .0 |  .0 ||  .0 |  .0 |  .0 ||  .0 |  .0 |  .0 |
|  .0 |  .0 |  .0 ||  .0 |  .0 |  .0 ||  .0001 |  .9994 |  .0001 |
|  .0 |  .0 |  .0 ||  .0 |  .0 |  .0 ||  .0001 |  .0004 |  .0 |
|========+========+========||========+========+========||========+========+========|
|  .0 |  .0 |  .0 ||  .0 |  .0 |  .0 ||  .0 |  .0 |  .0 |
|  .0 |  .0 |  .0 ||  .0 |  .0 |  .0 ||  .0 |  .0 |  .0 |
|  .0 |  .0 |  .0 ||  .0 |  .0 |  .0 ||  .0 |  .0 |  .0 |
|========+========+========||========+========+========||========+========+========|
|  .0 |  .0 |  .0 ||  .0 |  .0 |  .0 ||  .0 |  .0 |  .0 |
|  .0 |  .0 |  .0 ||  .0 |  .0 |  .0 ||  .0 |  .0 |  .0 |
|  .0 |  .0 |  .0 ||  .0 |  .0 |  .0 ||  .0 |  .0 |  .0 |

, state=
|  1. | -1. | -1. ||  1. |  0. |  0. ||*-1. |*-1. |* 0. |
|  1. | -1. |  0. ||  1. |  0. | -1. ||* 0. |* 0. |* 0. |
| -1. |  0. | -1. ||  0. | -1. |  0. ||* 0. |* 0. |* 1. |
|=====+=====+=====||=====+=====+=====||=====+=====+=====|
| -1. |  0. |  0. ||  0. |  1. | -1. ||  1. |  0. |  1. |
|  0. | -1. |  0. ||  0. |  0. |  1. ||  0. |  1. |  0. |
|  0. |  0. | -1. || -1. |  0. |  1. || -1. | -1. |  1. |
|=====+=====+=====||=====+=====+=====||=====+=====+=====|
|  1. |  0. |  0. ||  0. |  1. |  0. ||  1. |  0. |  1. |
|  0. |  1. |  1. ||  0. |  0. | -1. ||  1. | -1. | -1. |
|  0. |  0. |  1. ||  0. |  1. |  1. || -1. | -1. | -1. |

, evalForThisState=-1.0, isPlayerOneTurnOriginally=true}, StateDatum{MCTSProbabilites=
|  .0 |  .0 |  .0 ||  .0 |  .0 |  .0 ||  .0 |  .0 |  .0 |
|  .0 |  .0 |  .0 ||  .0 |  .0 |  .0 ||  .0 |  .0 |  .0 |
|  .0 |  .0 |  .0 ||  .0 |  .0 |  .0 ||  .0 |  .0 |  .0 |
|========+========+========||========+========+========||========+========+========|
|  .0 |  .0 |  .0 ||  .0001 |  .0 |  .0 ||  .0 |  .0 |  .0 |
|  .0 |  .0 |  .0 ||  .0001 |  .9998 |  .0 ||  .0 |  .0 |  .0 |
|  .0 |  .0 |  .0 ||  .0 |  .0 |  .0 ||  .0 |  .0 |  .0 |
|========+========+========||========+========+========||========+========+========|
|  .0 |  .0 |  .0 ||  .0 |  .0 |  .0 ||  .0 |  .0 |  .0 |
|  .0 |  .0 |  .0 ||  .0 |  .0 |  .0 ||  .0 |  .0 |  .0 |
|  .0 |  .0 |  .0 ||  .0 |  .0 |  .0 ||  .0 |  .0 |  .0 |

, state=
| -1. |  1. |  1. || -1. | -0. | -0. ||  1. |  1. | -0. |
| -1. |  1. | -0. || -1. | -0. |  1. || -0. | -1. | -0. |
|  1. | -0. |  1. || -0. |  1. | -0. || -0. | -0. | -1. |
|=====+=====+=====||=====+=====+=====||=====+=====+=====|
|  1. | -0. | -0. ||*-0. |*-1. |* 1. || -1. | -0. | -1. |
| -0. |  1. | -0. ||*-0. |*-0. |*-1. || -0. | -1. | -0. |
| -0. | -0. |  1. ||* 1. |*-0. |*-1. ||  1. |  1. | -1. |
|=====+=====+=====||=====+=====+=====||=====+=====+=====|
| -1. | -0. | -0. || -0. | -1. | -0. || -1. | -0. | -1. |
| -0. | -1. | -1. || -0. | -0. |  1. || -1. |  1. |  1. |
| -0. | -0. | -1. || -0. | -1. | -1. ||  1. |  1. |  1. |

, evalForThisState=1.0, isPlayerOneTurnOriginally=false}]
Value network data: 
===========INPUT===================
[[         0,         0,         0,  ...    1.0000,    1.0000,    1.0000], 
 [         0,         0,         0,  ...   -1.0000,   -1.0000,   -1.0000], 
 [         0,         0,         0,  ...    1.0000,   -1.0000,   -1.0000], 
  ..., 
 [   -1.0000,    1.0000,    1.0000,  ...   -1.0000,   -1.0000,   -1.0000], 
 [    1.0000,   -1.0000,   -1.0000,  ...   -1.0000,   -1.0000,   -1.0000], 
 [   -1.0000,    1.0000,    1.0000,  ...   -1.0000,   -1.0000,   -1.0000]]
=================OUTPUT==================
[[-1.0000], 
 [1.0000], 
 [-1.0000], 
 [1.0000], 
 [-1.0000], 
 [1.0000], 
 [-1.0000], 
 [1.0000], 
 [-1.0000], 
 [1.0000], 
 [-1.0000], 
 [1.0000], 
 [-1.0000], 
 [1.0000], 
 [-1.0000], 
 [1.0000], 
 [-1.0000], 
 [1.0000], 
 [-1.0000], 
 [1.0000], 
 [-1.0000], 
 [1.0000], 
 [-1.0000], 
 [1.0000], 
 [-1.0000], 
 [1.0000], 
 [-1.0000], 
 [1.0000], 
 [-1.0000], 
 [1.0000], 
 [-1.0000], 
 [1.0000], 
 [-1.0000], 
 [1.0000], 
 [-1.0000], 
 [1.0000], 
 [-1.0000], 
 [1.0000], 
 [-1.0000], 
 [1.0000], 
 [-1.0000], 
 [1.0000], 
 [-1.0000], 
 [1.0000], 
 [-1.0000], 
 [1.0000]]
Policy network data: 
===========INPUT===================
[[         0,         0,         0,  ...    1.0000,    1.0000,    1.0000], 
 [         0,         0,         0,  ...   -1.0000,   -1.0000,   -1.0000], 
 [         0,         0,         0,  ...    1.0000,   -1.0000,   -1.0000], 
  ..., 
 [   -1.0000,    1.0000,    1.0000,  ...   -1.0000,   -1.0000,   -1.0000], 
 [    1.0000,   -1.0000,   -1.0000,  ...   -1.0000,   -1.0000,   -1.0000], 
 [   -1.0000,    1.0000,    1.0000,  ...   -1.0000,   -1.0000,   -1.0000]]
=================OUTPUT==================
[[    0.0074,    0.0141,    0.0160,  ...    0.0117,    0.0140,    0.0133], 
 [    0.0550,    0.0391,    0.0555,  ...         0,         0,         0], 
 [         0,         0,         0,  ...         0,         0,         0], 
  ..., 
 [         0,         0,         0,  ...         0,         0,         0], 
 [         0,         0,         0,  ...         0,         0,         0], 
 [         0,         0,         0,  ...         0,         0,         0]]
W:\Labs\ME\ME187-Fall2024\StudentFiles\CALEBHOTTES\UTTTstuff\data\series1\policy$series1,gameNum161$1729278401446.bin
Took: 1615 s to simulate game
Finished simulating game, see log at: W:\Labs\ME\ME187-Fall2024\StudentFiles\CALEBHOTTES\UTTTstuff\data\logs\series1\game161$1729269168794.log for details.
