Saving data to: W:\Labs\ME\ME187-Fall2024\StudentFiles\CALEBHOTTES\UTTTstuff\data\series1
Begin custom message: 
DataSeries: series1 Game submitted because inactive thread pool detected but completed game count not met consider changing game number, a task might have run into an error game number: 103 

Description: data generated on AWS app stream service. . 

Evaluator config=EvaluatorConfiguration{cValue=2.0, maxRolloutDepth=1000, computeTime=30, threads=1, stupidity=0, allowForcePlay=false, maxMyCPU=false}
End custom message
Inital State: 

|* 0. |* 0. |* 0. ||* 0. |* 0. |* 0. ||* 0. |* 0. |* 0. |
|* 0. |* 0. |* 0. ||* 0. |* 0. |* 0. ||* 0. |* 0. |* 0. |
|* 0. |* 0. |* 0. ||* 0. |* 0. |* 0. ||* 0. |* 0. |* 0. |
|=====+=====+=====||=====+=====+=====||=====+=====+=====|
|* 0. |* 0. |* 0. ||* 0. |* 0. |* 0. ||* 0. |* 0. |* 0. |
|* 0. |* 0. |* 0. ||* 0. |* 0. |* 0. ||* 0. |* 0. |* 0. |
|* 0. |* 0. |* 0. ||* 0. |* 0. |* 0. ||* 0. |* 0. |* 0. |
|=====+=====+=====||=====+=====+=====||=====+=====+=====|
|* 0. |* 0. |* 0. ||* 0. |* 0. |* 0. ||* 0. |* 0. |* 0. |
|* 0. |* 0. |* 0. ||* 0. |* 0. |* 0. ||* 0. |* 0. |* 0. |
|* 0. |* 0. |* 0. ||* 0. |* 0. |* 0. ||* 0. |* 0. |* 0. |


state to eval, currenty is playerone turn=true

|* 0. |* 0. |* 0. ||* 0. |* 0. |* 0. ||* 0. |* 0. |* 0. |
|* 0. |* 0. |* 0. ||* 0. |* 0. |* 0. ||* 0. |* 0. |* 0. |
|* 0. |* 0. |* 0. ||* 0. |* 0. |* 0. ||* 0. |* 0. |* 0. |
|=====+=====+=====||=====+=====+=====||=====+=====+=====|
|* 0. |* 0. |* 0. ||* 0. |* 0. |* 0. ||* 0. |* 0. |* 0. |
|* 0. |* 0. |* 0. ||* 0. |* 0. |* 0. ||* 0. |* 0. |* 0. |
|* 0. |* 0. |* 0. ||* 0. |* 0. |* 0. ||* 0. |* 0. |* 0. |
|=====+=====+=====||=====+=====+=====||=====+=====+=====|
|* 0. |* 0. |* 0. ||* 0. |* 0. |* 0. ||* 0. |* 0. |* 0. |
|* 0. |* 0. |* 0. ||* 0. |* 0. |* 0. ||* 0. |* 0. |* 0. |
|* 0. |* 0. |* 0. ||* 0. |* 0. |* 0. ||* 0. |* 0. |* 0. |


current State

|  0. |  0. |  0. ||  0. |  0. |  0. ||  0. |  0. |  0. |
|  0. |  0. |  0. ||  0. |  0. |  0. ||  0. |  0. |  0. |
|  0. |  0. |  0. ||  0. |  0. |  0. ||  0. |  0. |  0. |
|=====+=====+=====||=====+=====+=====||=====+=====+=====|
|  0. |  0. |  0. ||  0. |  0. |  0. ||  0. |  0. |  0. |
|  0. |  0. |  0. ||  0. |  0. |  0. ||  0. |  0. |  0. |
|  1. |  0. |  0. ||  0. |  0. |  0. ||  0. |  0. |  0. |
|=====+=====+=====||=====+=====+=====||=====+=====+=====|
|* 0. |* 0. |* 0. ||  0. |  0. |  0. ||  0. |  0. |  0. |
|* 0. |* 0. |* 0. ||  0. |  0. |  0. ||  0. |  0. |  0. |
|* 0. |* 0. |* 0. ||  0. |  0. |  0. ||  0. |  0. |  0. |


state to eval, currenty is playerone turn=false

| -0. | -0. | -0. || -0. | -0. | -0. || -0. | -0. | -0. |
| -0. | -0. | -0. || -0. | -0. | -0. || -0. | -0. | -0. |
| -0. | -0. | -0. || -0. | -0. | -0. || -0. | -0. | -0. |
|=====+=====+=====||=====+=====+=====||=====+=====+=====|
| -0. | -0. | -0. || -0. | -0. | -0. || -0. | -0. | -0. |
| -0. | -0. | -0. || -0. | -0. | -0. || -0. | -0. | -0. |
| -1. | -0. | -0. || -0. | -0. | -0. || -0. | -0. | -0. |
|=====+=====+=====||=====+=====+=====||=====+=====+=====|
|*-0. |*-0. |*-0. || -0. | -0. | -0. || -0. | -0. | -0. |
|*-0. |*-0. |*-0. || -0. | -0. | -0. || -0. | -0. | -0. |
|*-0. |*-0. |*-0. || -0. | -0. | -0. || -0. | -0. | -0. |


current State

|  0. |  0. |  0. ||  0. |  0. |  0. ||  0. |  0. |  0. |
|  0. |  0. |  0. ||  0. |  0. |  0. ||  0. |  0. |  0. |
|  0. |  0. |  0. ||  0. |  0. |  0. ||  0. |  0. |  0. |
|=====+=====+=====||=====+=====+=====||=====+=====+=====|
|* 0. |* 0. |* 0. ||  0. |  0. |  0. ||  0. |  0. |  0. |
|* 0. |* 0. |* 0. ||  0. |  0. |  0. ||  0. |  0. |  0. |
|* 1. |* 0. |* 0. ||  0. |  0. |  0. ||  0. |  0. |  0. |
|=====+=====+=====||=====+=====+=====||=====+=====+=====|
|  0. |  0. |  0. ||  0. |  0. |  0. ||  0. |  0. |  0. |
| -1. |  0. |  0. ||  0. |  0. |  0. ||  0. |  0. |  0. |
|  0. |  0. |  0. ||  0. |  0. |  0. ||  0. |  0. |  0. |


state to eval, currenty is playerone turn=true

|  0. |  0. |  0. ||  0. |  0. |  0. ||  0. |  0. |  0. |
|  0. |  0. |  0. ||  0. |  0. |  0. ||  0. |  0. |  0. |
|  0. |  0. |  0. ||  0. |  0. |  0. ||  0. |  0. |  0. |
|=====+=====+=====||=====+=====+=====||=====+=====+=====|
|* 0. |* 0. |* 0. ||  0. |  0. |  0. ||  0. |  0. |  0. |
|* 0. |* 0. |* 0. ||  0. |  0. |  0. ||  0. |  0. |  0. |
|* 1. |* 0. |* 0. ||  0. |  0. |  0. ||  0. |  0. |  0. |
|=====+=====+=====||=====+=====+=====||=====+=====+=====|
|  0. |  0. |  0. ||  0. |  0. |  0. ||  0. |  0. |  0. |
| -1. |  0. |  0. ||  0. |  0. |  0. ||  0. |  0. |  0. |
|  0. |  0. |  0. ||  0. |  0. |  0. ||  0. |  0. |  0. |


current State

|  0. |  0. |  0. ||  0. |  0. |  0. ||  0. |  0. |  0. |
|  0. |  0. |  0. ||  0. |  0. |  0. ||  0. |  0. |  0. |
|  0. |  0. |  0. ||  0. |  0. |  0. ||  0. |  0. |  0. |
|=====+=====+=====||=====+=====+=====||=====+=====+=====|
|  0. |  0. |  0. ||  0. |  0. |  0. ||  0. |  0. |  0. |
|  0. |  0. |  0. ||  0. |  0. |  0. ||  0. |  0. |  0. |
|  1. |  0. |  1. ||  0. |  0. |  0. ||  0. |  0. |  0. |
|=====+=====+=====||=====+=====+=====||=====+=====+=====|
|  0. |  0. |  0. ||  0. |  0. |  0. ||* 0. |* 0. |* 0. |
| -1. |  0. |  0. ||  0. |  0. |  0. ||* 0. |* 0. |* 0. |
|  0. |  0. |  0. ||  0. |  0. |  0. ||* 0. |* 0. |* 0. |


state to eval, currenty is playerone turn=false

| -0. | -0. | -0. || -0. | -0. | -0. || -0. | -0. | -0. |
| -0. | -0. | -0. || -0. | -0. | -0. || -0. | -0. | -0. |
| -0. | -0. | -0. || -0. | -0. | -0. || -0. | -0. | -0. |
|=====+=====+=====||=====+=====+=====||=====+=====+=====|
| -0. | -0. | -0. || -0. | -0. | -0. || -0. | -0. | -0. |
| -0. | -0. | -0. || -0. | -0. | -0. || -0. | -0. | -0. |
| -1. | -0. | -1. || -0. | -0. | -0. || -0. | -0. | -0. |
|=====+=====+=====||=====+=====+=====||=====+=====+=====|
| -0. | -0. | -0. || -0. | -0. | -0. ||*-0. |*-0. |*-0. |
|  1. | -0. | -0. || -0. | -0. | -0. ||*-0. |*-0. |*-0. |
| -0. | -0. | -0. || -0. | -0. | -0. ||*-0. |*-0. |*-0. |


current State

|* 0. |* 0. |* 0. ||  0. |  0. |  0. ||  0. |  0. |  0. |
|* 0. |* 0. |* 0. ||  0. |  0. |  0. ||  0. |  0. |  0. |
|* 0. |* 0. |* 0. ||  0. |  0. |  0. ||  0. |  0. |  0. |
|=====+=====+=====||=====+=====+=====||=====+=====+=====|
|  0. |  0. |  0. ||  0. |  0. |  0. ||  0. |  0. |  0. |
|  0. |  0. |  0. ||  0. |  0. |  0. ||  0. |  0. |  0. |
|  1. |  0. |  1. ||  0. |  0. |  0. ||  0. |  0. |  0. |
|=====+=====+=====||=====+=====+=====||=====+=====+=====|
|  0. |  0. |  0. ||  0. |  0. |  0. || -1. |  0. |  0. |
| -1. |  0. |  0. ||  0. |  0. |  0. ||  0. |  0. |  0. |
|  0. |  0. |  0. ||  0. |  0. |  0. ||  0. |  0. |  0. |


state to eval, currenty is playerone turn=true

|* 0. |* 0. |* 0. ||  0. |  0. |  0. ||  0. |  0. |  0. |
|* 0. |* 0. |* 0. ||  0. |  0. |  0. ||  0. |  0. |  0. |
|* 0. |* 0. |* 0. ||  0. |  0. |  0. ||  0. |  0. |  0. |
|=====+=====+=====||=====+=====+=====||=====+=====+=====|
|  0. |  0. |  0. ||  0. |  0. |  0. ||  0. |  0. |  0. |
|  0. |  0. |  0. ||  0. |  0. |  0. ||  0. |  0. |  0. |
|  1. |  0. |  1. ||  0. |  0. |  0. ||  0. |  0. |  0. |
|=====+=====+=====||=====+=====+=====||=====+=====+=====|
|  0. |  0. |  0. ||  0. |  0. |  0. || -1. |  0. |  0. |
| -1. |  0. |  0. ||  0. |  0. |  0. ||  0. |  0. |  0. |
|  0. |  0. |  0. ||  0. |  0. |  0. ||  0. |  0. |  0. |


current State

|  0. |  0. |  0. ||  0. |  0. |  0. ||  0. |  0. |  0. |
|  1. |  0. |  0. ||  0. |  0. |  0. ||  0. |  0. |  0. |
|  0. |  0. |  0. ||  0. |  0. |  0. ||  0. |  0. |  0. |
|=====+=====+=====||=====+=====+=====||=====+=====+=====|
|* 0. |* 0. |* 0. ||  0. |  0. |  0. ||  0. |  0. |  0. |
|* 0. |* 0. |* 0. ||  0. |  0. |  0. ||  0. |  0. |  0. |
|* 1. |* 0. |* 1. ||  0. |  0. |  0. ||  0. |  0. |  0. |
|=====+=====+=====||=====+=====+=====||=====+=====+=====|
|  0. |  0. |  0. ||  0. |  0. |  0. || -1. |  0. |  0. |
| -1. |  0. |  0. ||  0. |  0. |  0. ||  0. |  0. |  0. |
|  0. |  0. |  0. ||  0. |  0. |  0. ||  0. |  0. |  0. |


state to eval, currenty is playerone turn=false

| -0. | -0. | -0. || -0. | -0. | -0. || -0. | -0. | -0. |
| -1. | -0. | -0. || -0. | -0. | -0. || -0. | -0. | -0. |
| -0. | -0. | -0. || -0. | -0. | -0. || -0. | -0. | -0. |
|=====+=====+=====||=====+=====+=====||=====+=====+=====|
|*-0. |*-0. |*-0. || -0. | -0. | -0. || -0. | -0. | -0. |
|*-0. |*-0. |*-0. || -0. | -0. | -0. || -0. | -0. | -0. |
|*-1. |*-0. |*-1. || -0. | -0. | -0. || -0. | -0. | -0. |
|=====+=====+=====||=====+=====+=====||=====+=====+=====|
| -0. | -0. | -0. || -0. | -0. | -0. ||  1. | -0. | -0. |
|  1. | -0. | -0. || -0. | -0. | -0. || -0. | -0. | -0. |
| -0. | -0. | -0. || -0. | -0. | -0. || -0. | -0. | -0. |


current State

|  0. |  0. |  0. ||  0. |  0. |  0. ||  0. |  0. |  0. |
|  1. |  0. |  0. ||  0. |  0. |  0. ||  0. |  0. |  0. |
|  0. |  0. |  0. ||  0. |  0. |  0. ||  0. |  0. |  0. |
|=====+=====+=====||=====+=====+=====||=====+=====+=====|
|* 0. |* 0. |* 0. ||  0. |  0. |  0. ||  0. |  0. |  0. |
|*-1. |* 0. |* 0. ||  0. |  0. |  0. ||  0. |  0. |  0. |
|* 1. |* 0. |* 1. ||  0. |  0. |  0. ||  0. |  0. |  0. |
|=====+=====+=====||=====+=====+=====||=====+=====+=====|
|  0. |  0. |  0. ||  0. |  0. |  0. || -1. |  0. |  0. |
| -1. |  0. |  0. ||  0. |  0. |  0. ||  0. |  0. |  0. |
|  0. |  0. |  0. ||  0. |  0. |  0. ||  0. |  0. |  0. |


state to eval, currenty is playerone turn=true

|  0. |  0. |  0. ||  0. |  0. |  0. ||  0. |  0. |  0. |
|  1. |  0. |  0. ||  0. |  0. |  0. ||  0. |  0. |  0. |
|  0. |  0. |  0. ||  0. |  0. |  0. ||  0. |  0. |  0. |
|=====+=====+=====||=====+=====+=====||=====+=====+=====|
|* 0. |* 0. |* 0. ||  0. |  0. |  0. ||  0. |  0. |  0. |
|*-1. |* 0. |* 0. ||  0. |  0. |  0. ||  0. |  0. |  0. |
|* 1. |* 0. |* 1. ||  0. |  0. |  0. ||  0. |  0. |  0. |
|=====+=====+=====||=====+=====+=====||=====+=====+=====|
|  0. |  0. |  0. ||  0. |  0. |  0. || -1. |  0. |  0. |
| -1. |  0. |  0. ||  0. |  0. |  0. ||  0. |  0. |  0. |
|  0. |  0. |  0. ||  0. |  0. |  0. ||  0. |  0. |  0. |


current State

|  0. |  0. |  0. ||* 0. |* 0. |* 0. ||  0. |  0. |  0. |
|  1. |  0. |  0. ||* 0. |* 0. |* 0. ||  0. |  0. |  0. |
|  0. |  0. |  0. ||* 0. |* 0. |* 0. ||  0. |  0. |  0. |
|=====+=====+=====||=====+=====+=====||=====+=====+=====|
|  0. |  1. |  0. ||  0. |  0. |  0. ||  0. |  0. |  0. |
| -1. |  0. |  0. ||  0. |  0. |  0. ||  0. |  0. |  0. |
|  1. |  0. |  1. ||  0. |  0. |  0. ||  0. |  0. |  0. |
|=====+=====+=====||=====+=====+=====||=====+=====+=====|
|  0. |  0. |  0. ||  0. |  0. |  0. || -1. |  0. |  0. |
| -1. |  0. |  0. ||  0. |  0. |  0. ||  0. |  0. |  0. |
|  0. |  0. |  0. ||  0. |  0. |  0. ||  0. |  0. |  0. |


state to eval, currenty is playerone turn=false

| -0. | -0. | -0. ||*-0. |*-0. |*-0. || -0. | -0. | -0. |
| -1. | -0. | -0. ||*-0. |*-0. |*-0. || -0. | -0. | -0. |
| -0. | -0. | -0. ||*-0. |*-0. |*-0. || -0. | -0. | -0. |
|=====+=====+=====||=====+=====+=====||=====+=====+=====|
| -0. | -1. | -0. || -0. | -0. | -0. || -0. | -0. | -0. |
|  1. | -0. | -0. || -0. | -0. | -0. || -0. | -0. | -0. |
| -1. | -0. | -1. || -0. | -0. | -0. || -0. | -0. | -0. |
|=====+=====+=====||=====+=====+=====||=====+=====+=====|
| -0. | -0. | -0. || -0. | -0. | -0. ||  1. | -0. | -0. |
|  1. | -0. | -0. || -0. | -0. | -0. || -0. | -0. | -0. |
| -0. | -0. | -0. || -0. | -0. | -0. || -0. | -0. | -0. |


current State

|  0. |  0. |  0. ||  0. |  0. |  0. ||  0. |  0. |  0. |
|  1. |  0. |  0. ||  0. |  0. |  0. ||  0. |  0. |  0. |
|  0. |  0. |  0. ||  0. |  0. | -1. ||  0. |  0. |  0. |
|=====+=====+=====||=====+=====+=====||=====+=====+=====|
|  0. |  1. |  0. ||  0. |  0. |  0. ||  0. |  0. |  0. |
| -1. |  0. |  0. ||  0. |  0. |  0. ||  0. |  0. |  0. |
|  1. |  0. |  1. ||  0. |  0. |  0. ||  0. |  0. |  0. |
|=====+=====+=====||=====+=====+=====||=====+=====+=====|
|  0. |  0. |  0. ||  0. |  0. |  0. ||*-1. |* 0. |* 0. |
| -1. |  0. |  0. ||  0. |  0. |  0. ||* 0. |* 0. |* 0. |
|  0. |  0. |  0. ||  0. |  0. |  0. ||* 0. |* 0. |* 0. |


state to eval, currenty is playerone turn=true

|  0. |  0. |  0. ||  0. |  0. |  0. ||  0. |  0. |  0. |
|  1. |  0. |  0. ||  0. |  0. |  0. ||  0. |  0. |  0. |
|  0. |  0. |  0. ||  0. |  0. | -1. ||  0. |  0. |  0. |
|=====+=====+=====||=====+=====+=====||=====+=====+=====|
|  0. |  1. |  0. ||  0. |  0. |  0. ||  0. |  0. |  0. |
| -1. |  0. |  0. ||  0. |  0. |  0. ||  0. |  0. |  0. |
|  1. |  0. |  1. ||  0. |  0. |  0. ||  0. |  0. |  0. |
|=====+=====+=====||=====+=====+=====||=====+=====+=====|
|  0. |  0. |  0. ||  0. |  0. |  0. ||*-1. |* 0. |* 0. |
| -1. |  0. |  0. ||  0. |  0. |  0. ||* 0. |* 0. |* 0. |
|  0. |  0. |  0. ||  0. |  0. |  0. ||* 0. |* 0. |* 0. |


current State

|  0. |  0. |  0. ||  0. |  0. |  0. ||  0. |  0. |  0. |
|  1. |  0. |  0. ||  0. |  0. |  0. ||  0. |  0. |  0. |
|  0. |  0. |  0. ||  0. |  0. | -1. ||  0. |  0. |  0. |
|=====+=====+=====||=====+=====+=====||=====+=====+=====|
|* 0. |* 1. |* 0. ||  0. |  0. |  0. ||  0. |  0. |  0. |
|*-1. |* 0. |* 0. ||  0. |  0. |  0. ||  0. |  0. |  0. |
|* 1. |* 0. |* 1. ||  0. |  0. |  0. ||  0. |  0. |  0. |
|=====+=====+=====||=====+=====+=====||=====+=====+=====|
|  0. |  0. |  0. ||  0. |  0. |  0. || -1. |  0. |  0. |
| -1. |  0. |  0. ||  0. |  0. |  0. ||  1. |  0. |  0. |
|  0. |  0. |  0. ||  0. |  0. |  0. ||  0. |  0. |  0. |


state to eval, currenty is playerone turn=false

| -0. | -0. | -0. || -0. | -0. | -0. || -0. | -0. | -0. |
| -1. | -0. | -0. || -0. | -0. | -0. || -0. | -0. | -0. |
| -0. | -0. | -0. || -0. | -0. |  1. || -0. | -0. | -0. |
|=====+=====+=====||=====+=====+=====||=====+=====+=====|
|*-0. |*-1. |*-0. || -0. | -0. | -0. || -0. | -0. | -0. |
|* 1. |*-0. |*-0. || -0. | -0. | -0. || -0. | -0. | -0. |
|*-1. |*-0. |*-1. || -0. | -0. | -0. || -0. | -0. | -0. |
|=====+=====+=====||=====+=====+=====||=====+=====+=====|
| -0. | -0. | -0. || -0. | -0. | -0. ||  1. | -0. | -0. |
|  1. | -0. | -0. || -0. | -0. | -0. || -1. | -0. | -0. |
| -0. | -0. | -0. || -0. | -0. | -0. || -0. | -0. | -0. |


current State

|  0. |  0. |  0. ||  0. |  0. |  0. ||  0. |  0. |  0. |
|  1. |  0. |  0. ||  0. |  0. |  0. ||  0. |  0. |  0. |
|  0. |  0. |  0. ||  0. |  0. | -1. ||  0. |  0. |  0. |
|=====+=====+=====||=====+=====+=====||=====+=====+=====|
|  0. |  1. |  0. ||  0. |  0. |  0. ||  0. |  0. |  0. |
| -1. |  0. |  0. ||  0. |  0. |  0. ||  0. |  0. |  0. |
|  1. | -1. |  1. ||  0. |  0. |  0. ||  0. |  0. |  0. |
|=====+=====+=====||=====+=====+=====||=====+=====+=====|
|  0. |  0. |  0. ||* 0. |* 0. |* 0. || -1. |  0. |  0. |
| -1. |  0. |  0. ||* 0. |* 0. |* 0. ||  1. |  0. |  0. |
|  0. |  0. |  0. ||* 0. |* 0. |* 0. ||  0. |  0. |  0. |


state to eval, currenty is playerone turn=true

|  0. |  0. |  0. ||  0. |  0. |  0. ||  0. |  0. |  0. |
|  1. |  0. |  0. ||  0. |  0. |  0. ||  0. |  0. |  0. |
|  0. |  0. |  0. ||  0. |  0. | -1. ||  0. |  0. |  0. |
|=====+=====+=====||=====+=====+=====||=====+=====+=====|
|  0. |  1. |  0. ||  0. |  0. |  0. ||  0. |  0. |  0. |
| -1. |  0. |  0. ||  0. |  0. |  0. ||  0. |  0. |  0. |
|  1. | -1. |  1. ||  0. |  0. |  0. ||  0. |  0. |  0. |
|=====+=====+=====||=====+=====+=====||=====+=====+=====|
|  0. |  0. |  0. ||* 0. |* 0. |* 0. || -1. |  0. |  0. |
| -1. |  0. |  0. ||* 0. |* 0. |* 0. ||  1. |  0. |  0. |
|  0. |  0. |  0. ||* 0. |* 0. |* 0. ||  0. |  0. |  0. |


current State

|  0. |  0. |  0. ||  0. |  0. |  0. ||* 0. |* 0. |* 0. |
|  1. |  0. |  0. ||  0. |  0. |  0. ||* 0. |* 0. |* 0. |
|  0. |  0. |  0. ||  0. |  0. | -1. ||* 0. |* 0. |* 0. |
|=====+=====+=====||=====+=====+=====||=====+=====+=====|
|  0. |  1. |  0. ||  0. |  0. |  0. ||  0. |  0. |  0. |
| -1. |  0. |  0. ||  0. |  0. |  0. ||  0. |  0. |  0. |
|  1. | -1. |  1. ||  0. |  0. |  0. ||  0. |  0. |  0. |
|=====+=====+=====||=====+=====+=====||=====+=====+=====|
|  0. |  0. |  0. ||  0. |  0. |  1. || -1. |  0. |  0. |
| -1. |  0. |  0. ||  0. |  0. |  0. ||  1. |  0. |  0. |
|  0. |  0. |  0. ||  0. |  0. |  0. ||  0. |  0. |  0. |


state to eval, currenty is playerone turn=false

| -0. | -0. | -0. || -0. | -0. | -0. ||*-0. |*-0. |*-0. |
| -1. | -0. | -0. || -0. | -0. | -0. ||*-0. |*-0. |*-0. |
| -0. | -0. | -0. || -0. | -0. |  1. ||*-0. |*-0. |*-0. |
|=====+=====+=====||=====+=====+=====||=====+=====+=====|
| -0. | -1. | -0. || -0. | -0. | -0. || -0. | -0. | -0. |
|  1. | -0. | -0. || -0. | -0. | -0. || -0. | -0. | -0. |
| -1. |  1. | -1. || -0. | -0. | -0. || -0. | -0. | -0. |
|=====+=====+=====||=====+=====+=====||=====+=====+=====|
| -0. | -0. | -0. || -0. | -0. | -1. ||  1. | -0. | -0. |
|  1. | -0. | -0. || -0. | -0. | -0. || -1. | -0. | -0. |
| -0. | -0. | -0. || -0. | -0. | -0. || -0. | -0. | -0. |


current State

|  0. |  0. |  0. ||  0. |  0. |  0. ||  0. |  0. |  0. |
|  1. |  0. |  0. ||  0. |  0. |  0. || -1. |  0. |  0. |
|  0. |  0. |  0. ||  0. |  0. | -1. ||  0. |  0. |  0. |
|=====+=====+=====||=====+=====+=====||=====+=====+=====|
|* 0. |* 1. |* 0. ||  0. |  0. |  0. ||  0. |  0. |  0. |
|*-1. |* 0. |* 0. ||  0. |  0. |  0. ||  0. |  0. |  0. |
|* 1. |*-1. |* 1. ||  0. |  0. |  0. ||  0. |  0. |  0. |
|=====+=====+=====||=====+=====+=====||=====+=====+=====|
|  0. |  0. |  0. ||  0. |  0. |  1. || -1. |  0. |  0. |
| -1. |  0. |  0. ||  0. |  0. |  0. ||  1. |  0. |  0. |
|  0. |  0. |  0. ||  0. |  0. |  0. ||  0. |  0. |  0. |


state to eval, currenty is playerone turn=true

|  0. |  0. |  0. ||  0. |  0. |  0. ||  0. |  0. |  0. |
|  1. |  0. |  0. ||  0. |  0. |  0. || -1. |  0. |  0. |
|  0. |  0. |  0. ||  0. |  0. | -1. ||  0. |  0. |  0. |
|=====+=====+=====||=====+=====+=====||=====+=====+=====|
|* 0. |* 1. |* 0. ||  0. |  0. |  0. ||  0. |  0. |  0. |
|*-1. |* 0. |* 0. ||  0. |  0. |  0. ||  0. |  0. |  0. |
|* 1. |*-1. |* 1. ||  0. |  0. |  0. ||  0. |  0. |  0. |
|=====+=====+=====||=====+=====+=====||=====+=====+=====|
|  0. |  0. |  0. ||  0. |  0. |  1. || -1. |  0. |  0. |
| -1. |  0. |  0. ||  0. |  0. |  0. ||  1. |  0. |  0. |
|  0. |  0. |  0. ||  0. |  0. |  0. ||  0. |  0. |  0. |


current State

|* 0. |* 0. |* 0. ||  0. |  0. |  0. ||  0. |  0. |  0. |
|* 1. |* 0. |* 0. ||  0. |  0. |  0. || -1. |  0. |  0. |
|* 0. |* 0. |* 0. ||  0. |  0. | -1. ||  0. |  0. |  0. |
|=====+=====+=====||=====+=====+=====||=====+=====+=====|
|  1. |  1. |  0. ||  0. |  0. |  0. ||  0. |  0. |  0. |
| -1. |  0. |  0. ||  0. |  0. |  0. ||  0. |  0. |  0. |
|  1. | -1. |  1. ||  0. |  0. |  0. ||  0. |  0. |  0. |
|=====+=====+=====||=====+=====+=====||=====+=====+=====|
|  0. |  0. |  0. ||  0. |  0. |  1. || -1. |  0. |  0. |
| -1. |  0. |  0. ||  0. |  0. |  0. ||  1. |  0. |  0. |
|  0. |  0. |  0. ||  0. |  0. |  0. ||  0. |  0. |  0. |


state to eval, currenty is playerone turn=false

|*-0. |*-0. |*-0. || -0. | -0. | -0. || -0. | -0. | -0. |
|*-1. |*-0. |*-0. || -0. | -0. | -0. ||  1. | -0. | -0. |
|*-0. |*-0. |*-0. || -0. | -0. |  1. || -0. | -0. | -0. |
|=====+=====+=====||=====+=====+=====||=====+=====+=====|
| -1. | -1. | -0. || -0. | -0. | -0. || -0. | -0. | -0. |
|  1. | -0. | -0. || -0. | -0. | -0. || -0. | -0. | -0. |
| -1. |  1. | -1. || -0. | -0. | -0. || -0. | -0. | -0. |
|=====+=====+=====||=====+=====+=====||=====+=====+=====|
| -0. | -0. | -0. || -0. | -0. | -1. ||  1. | -0. | -0. |
|  1. | -0. | -0. || -0. | -0. | -0. || -1. | -0. | -0. |
| -0. | -0. | -0. || -0. | -0. | -0. || -0. | -0. | -0. |


current State

|*-1. |* 0. |* 0. ||  0. |  0. |  0. ||  0. |  0. |  0. |
|* 1. |* 0. |* 0. ||  0. |  0. |  0. || -1. |  0. |  0. |
|* 0. |* 0. |* 0. ||  0. |  0. | -1. ||  0. |  0. |  0. |
|=====+=====+=====||=====+=====+=====||=====+=====+=====|
|  1. |  1. |  0. ||  0. |  0. |  0. ||  0. |  0. |  0. |
| -1. |  0. |  0. ||  0. |  0. |  0. ||  0. |  0. |  0. |
|  1. | -1. |  1. ||  0. |  0. |  0. ||  0. |  0. |  0. |
|=====+=====+=====||=====+=====+=====||=====+=====+=====|
|  0. |  0. |  0. ||  0. |  0. |  1. || -1. |  0. |  0. |
| -1. |  0. |  0. ||  0. |  0. |  0. ||  1. |  0. |  0. |
|  0. |  0. |  0. ||  0. |  0. |  0. ||  0. |  0. |  0. |


state to eval, currenty is playerone turn=true

|*-1. |* 0. |* 0. ||  0. |  0. |  0. ||  0. |  0. |  0. |
|* 1. |* 0. |* 0. ||  0. |  0. |  0. || -1. |  0. |  0. |
|* 0. |* 0. |* 0. ||  0. |  0. | -1. ||  0. |  0. |  0. |
|=====+=====+=====||=====+=====+=====||=====+=====+=====|
|  1. |  1. |  0. ||  0. |  0. |  0. ||  0. |  0. |  0. |
| -1. |  0. |  0. ||  0. |  0. |  0. ||  0. |  0. |  0. |
|  1. | -1. |  1. ||  0. |  0. |  0. ||  0. |  0. |  0. |
|=====+=====+=====||=====+=====+=====||=====+=====+=====|
|  0. |  0. |  0. ||  0. |  0. |  1. || -1. |  0. |  0. |
| -1. |  0. |  0. ||  0. |  0. |  0. ||  1. |  0. |  0. |
|  0. |  0. |  0. ||  0. |  0. |  0. ||  0. |  0. |  0. |


current State

| -1. |  0. |  0. ||  0. |  0. |  0. ||  0. |  0. |  0. |
|  1. |  0. |  0. ||  0. |  0. |  0. || -1. |  0. |  0. |
|  1. |  0. |  0. ||  0. |  0. | -1. ||  0. |  0. |  0. |
|=====+=====+=====||=====+=====+=====||=====+=====+=====|
|  1. |  1. |  0. ||  0. |  0. |  0. ||  0. |  0. |  0. |
| -1. |  0. |  0. ||  0. |  0. |  0. ||  0. |  0. |  0. |
|  1. | -1. |  1. ||  0. |  0. |  0. ||  0. |  0. |  0. |
|=====+=====+=====||=====+=====+=====||=====+=====+=====|
|* 0. |* 0. |* 0. ||  0. |  0. |  1. || -1. |  0. |  0. |
|*-1. |* 0. |* 0. ||  0. |  0. |  0. ||  1. |  0. |  0. |
|* 0. |* 0. |* 0. ||  0. |  0. |  0. ||  0. |  0. |  0. |


state to eval, currenty is playerone turn=false

|  1. | -0. | -0. || -0. | -0. | -0. || -0. | -0. | -0. |
| -1. | -0. | -0. || -0. | -0. | -0. ||  1. | -0. | -0. |
| -1. | -0. | -0. || -0. | -0. |  1. || -0. | -0. | -0. |
|=====+=====+=====||=====+=====+=====||=====+=====+=====|
| -1. | -1. | -0. || -0. | -0. | -0. || -0. | -0. | -0. |
|  1. | -0. | -0. || -0. | -0. | -0. || -0. | -0. | -0. |
| -1. |  1. | -1. || -0. | -0. | -0. || -0. | -0. | -0. |
|=====+=====+=====||=====+=====+=====||=====+=====+=====|
|*-0. |*-0. |*-0. || -0. | -0. | -1. ||  1. | -0. | -0. |
|* 1. |*-0. |*-0. || -0. | -0. | -0. || -1. | -0. | -0. |
|*-0. |*-0. |*-0. || -0. | -0. | -0. || -0. | -0. | -0. |


current State

| -1. |  0. |  0. ||* 0. |* 0. |* 0. ||  0. |  0. |  0. |
|  1. |  0. |  0. ||* 0. |* 0. |* 0. || -1. |  0. |  0. |
|  1. |  0. |  0. ||* 0. |* 0. |*-1. ||  0. |  0. |  0. |
|=====+=====+=====||=====+=====+=====||=====+=====+=====|
|  1. |  1. |  0. ||  0. |  0. |  0. ||  0. |  0. |  0. |
| -1. |  0. |  0. ||  0. |  0. |  0. ||  0. |  0. |  0. |
|  1. | -1. |  1. ||  0. |  0. |  0. ||  0. |  0. |  0. |
|=====+=====+=====||=====+=====+=====||=====+=====+=====|
|  0. | -1. |  0. ||  0. |  0. |  1. || -1. |  0. |  0. |
| -1. |  0. |  0. ||  0. |  0. |  0. ||  1. |  0. |  0. |
|  0. |  0. |  0. ||  0. |  0. |  0. ||  0. |  0. |  0. |


state to eval, currenty is playerone turn=true

| -1. |  0. |  0. ||* 0. |* 0. |* 0. ||  0. |  0. |  0. |
|  1. |  0. |  0. ||* 0. |* 0. |* 0. || -1. |  0. |  0. |
|  1. |  0. |  0. ||* 0. |* 0. |*-1. ||  0. |  0. |  0. |
|=====+=====+=====||=====+=====+=====||=====+=====+=====|
|  1. |  1. |  0. ||  0. |  0. |  0. ||  0. |  0. |  0. |
| -1. |  0. |  0. ||  0. |  0. |  0. ||  0. |  0. |  0. |
|  1. | -1. |  1. ||  0. |  0. |  0. ||  0. |  0. |  0. |
|=====+=====+=====||=====+=====+=====||=====+=====+=====|
|  0. | -1. |  0. ||  0. |  0. |  1. || -1. |  0. |  0. |
| -1. |  0. |  0. ||  0. |  0. |  0. ||  1. |  0. |  0. |
|  0. |  0. |  0. ||  0. |  0. |  0. ||  0. |  0. |  0. |


current State

| -1. |  0. |  0. ||  0. |  0. |  0. ||  0. |  0. |  0. |
|  1. |  0. |  0. ||  0. |  0. |  1. || -1. |  0. |  0. |
|  1. |  0. |  0. ||  0. |  0. | -1. ||  0. |  0. |  0. |
|=====+=====+=====||=====+=====+=====||=====+=====+=====|
|  1. |  1. |  0. ||  0. |  0. |  0. ||* 0. |* 0. |* 0. |
| -1. |  0. |  0. ||  0. |  0. |  0. ||* 0. |* 0. |* 0. |
|  1. | -1. |  1. ||  0. |  0. |  0. ||* 0. |* 0. |* 0. |
|=====+=====+=====||=====+=====+=====||=====+=====+=====|
|  0. | -1. |  0. ||  0. |  0. |  1. || -1. |  0. |  0. |
| -1. |  0. |  0. ||  0. |  0. |  0. ||  1. |  0. |  0. |
|  0. |  0. |  0. ||  0. |  0. |  0. ||  0. |  0. |  0. |


state to eval, currenty is playerone turn=false

|  1. | -0. | -0. || -0. | -0. | -0. || -0. | -0. | -0. |
| -1. | -0. | -0. || -0. | -0. | -1. ||  1. | -0. | -0. |
| -1. | -0. | -0. || -0. | -0. |  1. || -0. | -0. | -0. |
|=====+=====+=====||=====+=====+=====||=====+=====+=====|
| -1. | -1. | -0. || -0. | -0. | -0. ||*-0. |*-0. |*-0. |
|  1. | -0. | -0. || -0. | -0. | -0. ||*-0. |*-0. |*-0. |
| -1. |  1. | -1. || -0. | -0. | -0. ||*-0. |*-0. |*-0. |
|=====+=====+=====||=====+=====+=====||=====+=====+=====|
| -0. |  1. | -0. || -0. | -0. | -1. ||  1. | -0. | -0. |
|  1. | -0. | -0. || -0. | -0. | -0. || -1. | -0. | -0. |
| -0. | -0. | -0. || -0. | -0. | -0. || -0. | -0. | -0. |


current State

|*-1. |* 0. |* 0. ||  0. |  0. |  0. ||  0. |  0. |  0. |
|* 1. |* 0. |* 0. ||  0. |  0. |  1. || -1. |  0. |  0. |
|* 1. |* 0. |* 0. ||  0. |  0. | -1. ||  0. |  0. |  0. |
|=====+=====+=====||=====+=====+=====||=====+=====+=====|
|  1. |  1. |  0. ||  0. |  0. |  0. || -1. |  0. |  0. |
| -1. |  0. |  0. ||  0. |  0. |  0. ||  0. |  0. |  0. |
|  1. | -1. |  1. ||  0. |  0. |  0. ||  0. |  0. |  0. |
|=====+=====+=====||=====+=====+=====||=====+=====+=====|
|  0. | -1. |  0. ||  0. |  0. |  1. || -1. |  0. |  0. |
| -1. |  0. |  0. ||  0. |  0. |  0. ||  1. |  0. |  0. |
|  0. |  0. |  0. ||  0. |  0. |  0. ||  0. |  0. |  0. |


state to eval, currenty is playerone turn=true

|*-1. |* 0. |* 0. ||  0. |  0. |  0. ||  0. |  0. |  0. |
|* 1. |* 0. |* 0. ||  0. |  0. |  1. || -1. |  0. |  0. |
|* 1. |* 0. |* 0. ||  0. |  0. | -1. ||  0. |  0. |  0. |
|=====+=====+=====||=====+=====+=====||=====+=====+=====|
|  1. |  1. |  0. ||  0. |  0. |  0. || -1. |  0. |  0. |
| -1. |  0. |  0. ||  0. |  0. |  0. ||  0. |  0. |  0. |
|  1. | -1. |  1. ||  0. |  0. |  0. ||  0. |  0. |  0. |
|=====+=====+=====||=====+=====+=====||=====+=====+=====|
|  0. | -1. |  0. ||  0. |  0. |  1. || -1. |  0. |  0. |
| -1. |  0. |  0. ||  0. |  0. |  0. ||  1. |  0. |  0. |
|  0. |  0. |  0. ||  0. |  0. |  0. ||  0. |  0. |  0. |


current State

| -1. |  0. |  1. ||  0. |  0. |  0. ||* 0. |* 0. |* 0. |
|  1. |  0. |  0. ||  0. |  0. |  1. ||*-1. |* 0. |* 0. |
|  1. |  0. |  0. ||  0. |  0. | -1. ||* 0. |* 0. |* 0. |
|=====+=====+=====||=====+=====+=====||=====+=====+=====|
|  1. |  1. |  0. ||  0. |  0. |  0. || -1. |  0. |  0. |
| -1. |  0. |  0. ||  0. |  0. |  0. ||  0. |  0. |  0. |
|  1. | -1. |  1. ||  0. |  0. |  0. ||  0. |  0. |  0. |
|=====+=====+=====||=====+=====+=====||=====+=====+=====|
|  0. | -1. |  0. ||  0. |  0. |  1. || -1. |  0. |  0. |
| -1. |  0. |  0. ||  0. |  0. |  0. ||  1. |  0. |  0. |
|  0. |  0. |  0. ||  0. |  0. |  0. ||  0. |  0. |  0. |


state to eval, currenty is playerone turn=false

|  1. | -0. | -1. || -0. | -0. | -0. ||*-0. |*-0. |*-0. |
| -1. | -0. | -0. || -0. | -0. | -1. ||* 1. |*-0. |*-0. |
| -1. | -0. | -0. || -0. | -0. |  1. ||*-0. |*-0. |*-0. |
|=====+=====+=====||=====+=====+=====||=====+=====+=====|
| -1. | -1. | -0. || -0. | -0. | -0. ||  1. | -0. | -0. |
|  1. | -0. | -0. || -0. | -0. | -0. || -0. | -0. | -0. |
| -1. |  1. | -1. || -0. | -0. | -0. || -0. | -0. | -0. |
|=====+=====+=====||=====+=====+=====||=====+=====+=====|
| -0. |  1. | -0. || -0. | -0. | -1. ||  1. | -0. | -0. |
|  1. | -0. | -0. || -0. | -0. | -0. || -1. | -0. | -0. |
| -0. | -0. | -0. || -0. | -0. | -0. || -0. | -0. | -0. |


current State

| -1. |  0. |  1. ||  0. |  0. |  0. ||  0. |  0. |  0. |
|  1. |  0. |  0. ||  0. |  0. |  1. || -1. |  0. |  0. |
|  1. |  0. |  0. ||  0. |  0. | -1. ||  0. | -1. |  0. |
|=====+=====+=====||=====+=====+=====||=====+=====+=====|
|  1. |  1. |  0. ||  0. |  0. |  0. || -1. |  0. |  0. |
| -1. |  0. |  0. ||  0. |  0. |  0. ||  0. |  0. |  0. |
|  1. | -1. |  1. ||  0. |  0. |  0. ||  0. |  0. |  0. |
|=====+=====+=====||=====+=====+=====||=====+=====+=====|
|  0. | -1. |  0. ||* 0. |* 0. |* 1. || -1. |  0. |  0. |
| -1. |  0. |  0. ||* 0. |* 0. |* 0. ||  1. |  0. |  0. |
|  0. |  0. |  0. ||* 0. |* 0. |* 0. ||  0. |  0. |  0. |


state to eval, currenty is playerone turn=true

| -1. |  0. |  1. ||  0. |  0. |  0. ||  0. |  0. |  0. |
|  1. |  0. |  0. ||  0. |  0. |  1. || -1. |  0. |  0. |
|  1. |  0. |  0. ||  0. |  0. | -1. ||  0. | -1. |  0. |
|=====+=====+=====||=====+=====+=====||=====+=====+=====|
|  1. |  1. |  0. ||  0. |  0. |  0. || -1. |  0. |  0. |
| -1. |  0. |  0. ||  0. |  0. |  0. ||  0. |  0. |  0. |
|  1. | -1. |  1. ||  0. |  0. |  0. ||  0. |  0. |  0. |
|=====+=====+=====||=====+=====+=====||=====+=====+=====|
|  0. | -1. |  0. ||* 0. |* 0. |* 1. || -1. |  0. |  0. |
| -1. |  0. |  0. ||* 0. |* 0. |* 0. ||  1. |  0. |  0. |
|  0. |  0. |  0. ||* 0. |* 0. |* 0. ||  0. |  0. |  0. |


current State

| -1. |  0. |  1. ||  0. |  0. |  0. ||  0. |  0. |  0. |
|  1. |  0. |  0. ||  0. |  0. |  1. || -1. |  0. |  0. |
|  1. |  0. |  0. ||  0. |  0. | -1. ||  0. | -1. |  0. |
|=====+=====+=====||=====+=====+=====||=====+=====+=====|
|  1. |  1. |  0. ||  0. |  0. |  0. || -1. |  0. |  0. |
| -1. |  0. |  0. ||  0. |  0. |  0. ||  0. |  0. |  0. |
|  1. | -1. |  1. ||  0. |  0. |  0. ||  0. |  0. |  0. |
|=====+=====+=====||=====+=====+=====||=====+=====+=====|
|  0. | -1. |  0. ||  0. |  0. |  1. ||*-1. |* 0. |* 0. |
| -1. |  0. |  0. ||  0. |  0. |  0. ||* 1. |* 0. |* 0. |
|  0. |  0. |  0. ||  0. |  0. |  1. ||* 0. |* 0. |* 0. |


state to eval, currenty is playerone turn=false

|  1. | -0. | -1. || -0. | -0. | -0. || -0. | -0. | -0. |
| -1. | -0. | -0. || -0. | -0. | -1. ||  1. | -0. | -0. |
| -1. | -0. | -0. || -0. | -0. |  1. || -0. |  1. | -0. |
|=====+=====+=====||=====+=====+=====||=====+=====+=====|
| -1. | -1. | -0. || -0. | -0. | -0. ||  1. | -0. | -0. |
|  1. | -0. | -0. || -0. | -0. | -0. || -0. | -0. | -0. |
| -1. |  1. | -1. || -0. | -0. | -0. || -0. | -0. | -0. |
|=====+=====+=====||=====+=====+=====||=====+=====+=====|
| -0. |  1. | -0. || -0. | -0. | -1. ||* 1. |*-0. |*-0. |
|  1. | -0. | -0. || -0. | -0. | -0. ||*-1. |*-0. |*-0. |
| -0. | -0. | -0. || -0. | -0. | -1. ||*-0. |*-0. |*-0. |


current State

| -1. |  0. |  1. ||  0. |  0. |  0. ||  0. |  0. |  0. |
|  1. |  0. |  0. ||  0. |  0. |  1. || -1. |  0. |  0. |
|  1. |  0. |  0. ||  0. |  0. | -1. ||  0. | -1. |  0. |
|=====+=====+=====||=====+=====+=====||=====+=====+=====|
|  1. |  1. |  0. ||  0. |  0. |  0. || -1. |  0. |  0. |
| -1. |  0. |  0. ||  0. |  0. |  0. ||  0. |  0. |  0. |
|  1. | -1. |  1. ||  0. |  0. |  0. ||  0. |  0. |  0. |
|=====+=====+=====||=====+=====+=====||=====+=====+=====|
|* 0. |*-1. |* 0. ||  0. |  0. |  1. || -1. |  0. |  0. |
|*-1. |* 0. |* 0. ||  0. |  0. |  0. ||  1. |  0. |  0. |
|* 0. |* 0. |* 0. ||  0. |  0. |  1. || -1. |  0. |  0. |


state to eval, currenty is playerone turn=true

| -1. |  0. |  1. ||  0. |  0. |  0. ||  0. |  0. |  0. |
|  1. |  0. |  0. ||  0. |  0. |  1. || -1. |  0. |  0. |
|  1. |  0. |  0. ||  0. |  0. | -1. ||  0. | -1. |  0. |
|=====+=====+=====||=====+=====+=====||=====+=====+=====|
|  1. |  1. |  0. ||  0. |  0. |  0. || -1. |  0. |  0. |
| -1. |  0. |  0. ||  0. |  0. |  0. ||  0. |  0. |  0. |
|  1. | -1. |  1. ||  0. |  0. |  0. ||  0. |  0. |  0. |
|=====+=====+=====||=====+=====+=====||=====+=====+=====|
|* 0. |*-1. |* 0. ||  0. |  0. |  1. || -1. |  0. |  0. |
|*-1. |* 0. |* 0. ||  0. |  0. |  0. ||  1. |  0. |  0. |
|* 0. |* 0. |* 0. ||  0. |  0. |  1. || -1. |  0. |  0. |


current State

| -1. |  0. |  1. ||  0. |  0. |  0. ||* 0. |* 0. |* 0. |
|  1. |  0. |  0. ||  0. |  0. |  1. ||*-1. |* 0. |* 0. |
|  1. |  0. |  0. ||  0. |  0. | -1. ||* 0. |*-1. |* 0. |
|=====+=====+=====||=====+=====+=====||=====+=====+=====|
|  1. |  1. |  0. ||  0. |  0. |  0. || -1. |  0. |  0. |
| -1. |  0. |  0. ||  0. |  0. |  0. ||  0. |  0. |  0. |
|  1. | -1. |  1. ||  0. |  0. |  0. ||  0. |  0. |  0. |
|=====+=====+=====||=====+=====+=====||=====+=====+=====|
|  0. | -1. |  1. ||  0. |  0. |  1. || -1. |  0. |  0. |
| -1. |  0. |  0. ||  0. |  0. |  0. ||  1. |  0. |  0. |
|  0. |  0. |  0. ||  0. |  0. |  1. || -1. |  0. |  0. |


state to eval, currenty is playerone turn=false

|  1. | -0. | -1. || -0. | -0. | -0. ||*-0. |*-0. |*-0. |
| -1. | -0. | -0. || -0. | -0. | -1. ||* 1. |*-0. |*-0. |
| -1. | -0. | -0. || -0. | -0. |  1. ||*-0. |* 1. |*-0. |
|=====+=====+=====||=====+=====+=====||=====+=====+=====|
| -1. | -1. | -0. || -0. | -0. | -0. ||  1. | -0. | -0. |
|  1. | -0. | -0. || -0. | -0. | -0. || -0. | -0. | -0. |
| -1. |  1. | -1. || -0. | -0. | -0. || -0. | -0. | -0. |
|=====+=====+=====||=====+=====+=====||=====+=====+=====|
| -0. |  1. | -1. || -0. | -0. | -1. ||  1. | -0. | -0. |
|  1. | -0. | -0. || -0. | -0. | -0. || -1. | -0. | -0. |
| -0. | -0. | -0. || -0. | -0. | -1. ||  1. | -0. | -0. |


current State

| -1. |  0. |  1. ||  0. |  0. |  0. ||  0. |  0. |  0. |
|  1. |  0. |  0. ||  0. |  0. |  1. || -1. |  0. |  0. |
|  1. |  0. |  0. ||  0. |  0. | -1. ||  0. | -1. | -1. |
|=====+=====+=====||=====+=====+=====||=====+=====+=====|
|  1. |  1. |  0. ||  0. |  0. |  0. || -1. |  0. |  0. |
| -1. |  0. |  0. ||  0. |  0. |  0. ||  0. |  0. |  0. |
|  1. | -1. |  1. ||  0. |  0. |  0. ||  0. |  0. |  0. |
|=====+=====+=====||=====+=====+=====||=====+=====+=====|
|  0. | -1. |  1. ||  0. |  0. |  1. ||*-1. |* 0. |* 0. |
| -1. |  0. |  0. ||  0. |  0. |  0. ||* 1. |* 0. |* 0. |
|  0. |  0. |  0. ||  0. |  0. |  1. ||*-1. |* 0. |* 0. |


state to eval, currenty is playerone turn=true

| -1. |  0. |  1. ||  0. |  0. |  0. ||  0. |  0. |  0. |
|  1. |  0. |  0. ||  0. |  0. |  1. || -1. |  0. |  0. |
|  1. |  0. |  0. ||  0. |  0. | -1. ||  0. | -1. | -1. |
|=====+=====+=====||=====+=====+=====||=====+=====+=====|
|  1. |  1. |  0. ||  0. |  0. |  0. || -1. |  0. |  0. |
| -1. |  0. |  0. ||  0. |  0. |  0. ||  0. |  0. |  0. |
|  1. | -1. |  1. ||  0. |  0. |  0. ||  0. |  0. |  0. |
|=====+=====+=====||=====+=====+=====||=====+=====+=====|
|  0. | -1. |  1. ||  0. |  0. |  1. ||*-1. |* 0. |* 0. |
| -1. |  0. |  0. ||  0. |  0. |  0. ||* 1. |* 0. |* 0. |
|  0. |  0. |  0. ||  0. |  0. |  1. ||*-1. |* 0. |* 0. |


current State

| -1. |  0. |  1. ||  0. |  0. |  0. ||* 0. |* 0. |* 0. |
|  1. |  0. |  0. ||  0. |  0. |  1. ||*-1. |* 0. |* 0. |
|  1. |  0. |  0. ||  0. |  0. | -1. ||* 0. |*-1. |*-1. |
|=====+=====+=====||=====+=====+=====||=====+=====+=====|
|  1. |  1. |  0. ||  0. |  0. |  0. || -1. |  0. |  0. |
| -1. |  0. |  0. ||  0. |  0. |  0. ||  0. |  0. |  0. |
|  1. | -1. |  1. ||  0. |  0. |  0. ||  0. |  0. |  0. |
|=====+=====+=====||=====+=====+=====||=====+=====+=====|
|  0. | -1. |  1. ||  0. |  0. |  1. || -1. |  0. |  1. |
| -1. |  0. |  0. ||  0. |  0. |  0. ||  1. |  0. |  0. |
|  0. |  0. |  0. ||  0. |  0. |  1. || -1. |  0. |  0. |


state to eval, currenty is playerone turn=false

|  1. | -0. | -1. || -0. | -0. | -0. ||*-0. |*-0. |*-0. |
| -1. | -0. | -0. || -0. | -0. | -1. ||* 1. |*-0. |*-0. |
| -1. | -0. | -0. || -0. | -0. |  1. ||*-0. |* 1. |* 1. |
|=====+=====+=====||=====+=====+=====||=====+=====+=====|
| -1. | -1. | -0. || -0. | -0. | -0. ||  1. | -0. | -0. |
|  1. | -0. | -0. || -0. | -0. | -0. || -0. | -0. | -0. |
| -1. |  1. | -1. || -0. | -0. | -0. || -0. | -0. | -0. |
|=====+=====+=====||=====+=====+=====||=====+=====+=====|
| -0. |  1. | -1. || -0. | -0. | -1. ||  1. | -0. | -1. |
|  1. | -0. | -0. || -0. | -0. | -0. || -1. | -0. | -0. |
| -0. | -0. | -0. || -0. | -0. | -1. ||  1. | -0. | -0. |


current State

| -1. |  0. |  1. ||* 0. |* 0. |* 0. ||  0. | -1. |  0. |
|  1. |  0. |  0. ||* 0. |* 0. |* 1. || -1. |  0. |  0. |
|  1. |  0. |  0. ||* 0. |* 0. |*-1. ||  0. | -1. | -1. |
|=====+=====+=====||=====+=====+=====||=====+=====+=====|
|  1. |  1. |  0. ||  0. |  0. |  0. || -1. |  0. |  0. |
| -1. |  0. |  0. ||  0. |  0. |  0. ||  0. |  0. |  0. |
|  1. | -1. |  1. ||  0. |  0. |  0. ||  0. |  0. |  0. |
|=====+=====+=====||=====+=====+=====||=====+=====+=====|
|  0. | -1. |  1. ||  0. |  0. |  1. || -1. |  0. |  1. |
| -1. |  0. |  0. ||  0. |  0. |  0. ||  1. |  0. |  0. |
|  0. |  0. |  0. ||  0. |  0. |  1. || -1. |  0. |  0. |


state to eval, currenty is playerone turn=true

| -1. |  0. |  1. ||* 0. |* 0. |* 0. ||  0. | -1. |  0. |
|  1. |  0. |  0. ||* 0. |* 0. |* 1. || -1. |  0. |  0. |
|  1. |  0. |  0. ||* 0. |* 0. |*-1. ||  0. | -1. | -1. |
|=====+=====+=====||=====+=====+=====||=====+=====+=====|
|  1. |  1. |  0. ||  0. |  0. |  0. || -1. |  0. |  0. |
| -1. |  0. |  0. ||  0. |  0. |  0. ||  0. |  0. |  0. |
|  1. | -1. |  1. ||  0. |  0. |  0. ||  0. |  0. |  0. |
|=====+=====+=====||=====+=====+=====||=====+=====+=====|
|  0. | -1. |  1. ||  0. |  0. |  1. || -1. |  0. |  1. |
| -1. |  0. |  0. ||  0. |  0. |  0. ||  1. |  0. |  0. |
|  0. |  0. |  0. ||  0. |  0. |  1. || -1. |  0. |  0. |


current State

|*-1. |* 0. |* 1. ||  1. |  0. |  0. ||  0. | -1. |  0. |
|* 1. |* 0. |* 0. ||  0. |  0. |  1. || -1. |  0. |  0. |
|* 1. |* 0. |* 0. ||  0. |  0. | -1. ||  0. | -1. | -1. |
|=====+=====+=====||=====+=====+=====||=====+=====+=====|
|  1. |  1. |  0. ||  0. |  0. |  0. || -1. |  0. |  0. |
| -1. |  0. |  0. ||  0. |  0. |  0. ||  0. |  0. |  0. |
|  1. | -1. |  1. ||  0. |  0. |  0. ||  0. |  0. |  0. |
|=====+=====+=====||=====+=====+=====||=====+=====+=====|
|  0. | -1. |  1. ||  0. |  0. |  1. || -1. |  0. |  1. |
| -1. |  0. |  0. ||  0. |  0. |  0. ||  1. |  0. |  0. |
|  0. |  0. |  0. ||  0. |  0. |  1. || -1. |  0. |  0. |


state to eval, currenty is playerone turn=false

|* 1. |*-0. |*-1. || -1. | -0. | -0. || -0. |  1. | -0. |
|*-1. |*-0. |*-0. || -0. | -0. | -1. ||  1. | -0. | -0. |
|*-1. |*-0. |*-0. || -0. | -0. |  1. || -0. |  1. |  1. |
|=====+=====+=====||=====+=====+=====||=====+=====+=====|
| -1. | -1. | -0. || -0. | -0. | -0. ||  1. | -0. | -0. |
|  1. | -0. | -0. || -0. | -0. | -0. || -0. | -0. | -0. |
| -1. |  1. | -1. || -0. | -0. | -0. || -0. | -0. | -0. |
|=====+=====+=====||=====+=====+=====||=====+=====+=====|
| -0. |  1. | -1. || -0. | -0. | -1. ||  1. | -0. | -1. |
|  1. | -0. | -0. || -0. | -0. | -0. || -1. | -0. | -0. |
| -0. | -0. | -0. || -0. | -0. | -1. ||  1. | -0. | -0. |


current State

| -1. |  0. |  1. ||  1. |  0. |  0. ||  0. | -1. |  0. |
|  1. |  0. | -1. ||  0. |  0. |  1. || -1. |  0. |  0. |
|  1. |  0. |  0. ||  0. |  0. | -1. ||  0. | -1. | -1. |
|=====+=====+=====||=====+=====+=====||=====+=====+=====|
|  1. |  1. |  0. ||  0. |  0. |  0. ||*-1. |* 0. |* 0. |
| -1. |  0. |  0. ||  0. |  0. |  0. ||* 0. |* 0. |* 0. |
|  1. | -1. |  1. ||  0. |  0. |  0. ||* 0. |* 0. |* 0. |
|=====+=====+=====||=====+=====+=====||=====+=====+=====|
|  0. | -1. |  1. ||  0. |  0. |  1. || -1. |  0. |  1. |
| -1. |  0. |  0. ||  0. |  0. |  0. ||  1. |  0. |  0. |
|  0. |  0. |  0. ||  0. |  0. |  1. || -1. |  0. |  0. |


state to eval, currenty is playerone turn=true

| -1. |  0. |  1. ||  1. |  0. |  0. ||  0. | -1. |  0. |
|  1. |  0. | -1. ||  0. |  0. |  1. || -1. |  0. |  0. |
|  1. |  0. |  0. ||  0. |  0. | -1. ||  0. | -1. | -1. |
|=====+=====+=====||=====+=====+=====||=====+=====+=====|
|  1. |  1. |  0. ||  0. |  0. |  0. ||*-1. |* 0. |* 0. |
| -1. |  0. |  0. ||  0. |  0. |  0. ||* 0. |* 0. |* 0. |
|  1. | -1. |  1. ||  0. |  0. |  0. ||* 0. |* 0. |* 0. |
|=====+=====+=====||=====+=====+=====||=====+=====+=====|
|  0. | -1. |  1. ||  0. |  0. |  1. || -1. |  0. |  1. |
| -1. |  0. |  0. ||  0. |  0. |  0. ||  1. |  0. |  0. |
|  0. |  0. |  0. ||  0. |  0. |  1. || -1. |  0. |  0. |


current State

| -1. |  0. |  1. ||  1. |  0. |  0. ||  0. | -1. |  0. |
|  1. |  0. | -1. ||  0. |  0. |  1. || -1. |  0. |  0. |
|  1. |  0. |  0. ||  0. |  0. | -1. ||  0. | -1. | -1. |
|=====+=====+=====||=====+=====+=====||=====+=====+=====|
|  1. |  1. |  0. ||* 0. |* 0. |* 0. || -1. |  0. |  0. |
| -1. |  0. |  0. ||* 0. |* 0. |* 0. ||  0. |  1. |  0. |
|  1. | -1. |  1. ||* 0. |* 0. |* 0. ||  0. |  0. |  0. |
|=====+=====+=====||=====+=====+=====||=====+=====+=====|
|  0. | -1. |  1. ||  0. |  0. |  1. || -1. |  0. |  1. |
| -1. |  0. |  0. ||  0. |  0. |  0. ||  1. |  0. |  0. |
|  0. |  0. |  0. ||  0. |  0. |  1. || -1. |  0. |  0. |


state to eval, currenty is playerone turn=false

|  1. | -0. | -1. || -1. | -0. | -0. || -0. |  1. | -0. |
| -1. | -0. |  1. || -0. | -0. | -1. ||  1. | -0. | -0. |
| -1. | -0. | -0. || -0. | -0. |  1. || -0. |  1. |  1. |
|=====+=====+=====||=====+=====+=====||=====+=====+=====|
| -1. | -1. | -0. ||*-0. |*-0. |*-0. ||  1. | -0. | -0. |
|  1. | -0. | -0. ||*-0. |*-0. |*-0. || -0. | -1. | -0. |
| -1. |  1. | -1. ||*-0. |*-0. |*-0. || -0. | -0. | -0. |
|=====+=====+=====||=====+=====+=====||=====+=====+=====|
| -0. |  1. | -1. || -0. | -0. | -1. ||  1. | -0. | -1. |
|  1. | -0. | -0. || -0. | -0. | -0. || -1. | -0. | -0. |
| -0. | -0. | -0. || -0. | -0. | -1. ||  1. | -0. | -0. |


current State

| -1. |  0. |  1. ||* 1. |* 0. |* 0. ||  0. | -1. |  0. |
|  1. |  0. | -1. ||* 0. |* 0. |* 1. || -1. |  0. |  0. |
|  1. |  0. |  0. ||* 0. |* 0. |*-1. ||  0. | -1. | -1. |
|=====+=====+=====||=====+=====+=====||=====+=====+=====|
|  1. |  1. |  0. ||  0. | -1. |  0. || -1. |  0. |  0. |
| -1. |  0. |  0. ||  0. |  0. |  0. ||  0. |  1. |  0. |
|  1. | -1. |  1. ||  0. |  0. |  0. ||  0. |  0. |  0. |
|=====+=====+=====||=====+=====+=====||=====+=====+=====|
|  0. | -1. |  1. ||  0. |  0. |  1. || -1. |  0. |  1. |
| -1. |  0. |  0. ||  0. |  0. |  0. ||  1. |  0. |  0. |
|  0. |  0. |  0. ||  0. |  0. |  1. || -1. |  0. |  0. |


state to eval, currenty is playerone turn=true

| -1. |  0. |  1. ||* 1. |* 0. |* 0. ||  0. | -1. |  0. |
|  1. |  0. | -1. ||* 0. |* 0. |* 1. || -1. |  0. |  0. |
|  1. |  0. |  0. ||* 0. |* 0. |*-1. ||  0. | -1. | -1. |
|=====+=====+=====||=====+=====+=====||=====+=====+=====|
|  1. |  1. |  0. ||  0. | -1. |  0. || -1. |  0. |  0. |
| -1. |  0. |  0. ||  0. |  0. |  0. ||  0. |  1. |  0. |
|  1. | -1. |  1. ||  0. |  0. |  0. ||  0. |  0. |  0. |
|=====+=====+=====||=====+=====+=====||=====+=====+=====|
|  0. | -1. |  1. ||  0. |  0. |  1. || -1. |  0. |  1. |
| -1. |  0. |  0. ||  0. |  0. |  0. ||  1. |  0. |  0. |
|  0. |  0. |  0. ||  0. |  0. |  1. || -1. |  0. |  0. |


current State

| -1. |  0. |  1. ||  1. |  0. |  1. ||* 0. |*-1. |* 0. |
|  1. |  0. | -1. ||  0. |  0. |  1. ||*-1. |* 0. |* 0. |
|  1. |  0. |  0. ||  0. |  0. | -1. ||* 0. |*-1. |*-1. |
|=====+=====+=====||=====+=====+=====||=====+=====+=====|
|  1. |  1. |  0. ||  0. | -1. |  0. || -1. |  0. |  0. |
| -1. |  0. |  0. ||  0. |  0. |  0. ||  0. |  1. |  0. |
|  1. | -1. |  1. ||  0. |  0. |  0. ||  0. |  0. |  0. |
|=====+=====+=====||=====+=====+=====||=====+=====+=====|
|  0. | -1. |  1. ||  0. |  0. |  1. || -1. |  0. |  1. |
| -1. |  0. |  0. ||  0. |  0. |  0. ||  1. |  0. |  0. |
|  0. |  0. |  0. ||  0. |  0. |  1. || -1. |  0. |  0. |


state to eval, currenty is playerone turn=false

|  1. | -0. | -1. || -1. | -0. | -1. ||*-0. |* 1. |*-0. |
| -1. | -0. |  1. || -0. | -0. | -1. ||* 1. |*-0. |*-0. |
| -1. | -0. | -0. || -0. | -0. |  1. ||*-0. |* 1. |* 1. |
|=====+=====+=====||=====+=====+=====||=====+=====+=====|
| -1. | -1. | -0. || -0. |  1. | -0. ||  1. | -0. | -0. |
|  1. | -0. | -0. || -0. | -0. | -0. || -0. | -1. | -0. |
| -1. |  1. | -1. || -0. | -0. | -0. || -0. | -0. | -0. |
|=====+=====+=====||=====+=====+=====||=====+=====+=====|
| -0. |  1. | -1. || -0. | -0. | -1. ||  1. | -0. | -1. |
|  1. | -0. | -0. || -0. | -0. | -0. || -1. | -0. | -0. |
| -0. | -0. | -0. || -0. | -0. | -1. ||  1. | -0. | -0. |


current State

| -1. |  0. |  1. ||  1. |  0. |  1. ||* 0. |*-1. |*-1. |
|  1. |  0. | -1. ||  0. |  0. |  1. ||*-1. |* 0. |* 0. |
|  1. |  0. |  0. ||  0. |  0. | -1. ||* 0. |*-1. |*-1. |
|=====+=====+=====||=====+=====+=====||=====+=====+=====|
|  1. |  1. |  0. ||  0. | -1. |  0. || -1. |  0. |  0. |
| -1. |  0. |  0. ||  0. |  0. |  0. ||  0. |  1. |  0. |
|  1. | -1. |  1. ||  0. |  0. |  0. ||  0. |  0. |  0. |
|=====+=====+=====||=====+=====+=====||=====+=====+=====|
|  0. | -1. |  1. ||  0. |  0. |  1. || -1. |  0. |  1. |
| -1. |  0. |  0. ||  0. |  0. |  0. ||  1. |  0. |  0. |
|  0. |  0. |  0. ||  0. |  0. |  1. || -1. |  0. |  0. |


state to eval, currenty is playerone turn=true

| -1. |  0. |  1. ||  1. |  0. |  1. ||* 0. |*-1. |*-1. |
|  1. |  0. | -1. ||  0. |  0. |  1. ||*-1. |* 0. |* 0. |
|  1. |  0. |  0. ||  0. |  0. | -1. ||* 0. |*-1. |*-1. |
|=====+=====+=====||=====+=====+=====||=====+=====+=====|
|  1. |  1. |  0. ||  0. | -1. |  0. || -1. |  0. |  0. |
| -1. |  0. |  0. ||  0. |  0. |  0. ||  0. |  1. |  0. |
|  1. | -1. |  1. ||  0. |  0. |  0. ||  0. |  0. |  0. |
|=====+=====+=====||=====+=====+=====||=====+=====+=====|
|  0. | -1. |  1. ||  0. |  0. |  1. || -1. |  0. |  1. |
| -1. |  0. |  0. ||  0. |  0. |  0. ||  1. |  0. |  0. |
|  0. |  0. |  0. ||  0. |  0. |  1. || -1. |  0. |  0. |


current State

|*-1. |* 0. |* 1. ||  1. |  0. |  1. ||  1. | -1. | -1. |
|* 1. |* 0. |*-1. ||  0. |  0. |  1. || -1. |  0. |  0. |
|* 1. |* 0. |* 0. ||  0. |  0. | -1. ||  0. | -1. | -1. |
|=====+=====+=====||=====+=====+=====||=====+=====+=====|
|  1. |  1. |  0. ||  0. | -1. |  0. || -1. |  0. |  0. |
| -1. |  0. |  0. ||  0. |  0. |  0. ||  0. |  1. |  0. |
|  1. | -1. |  1. ||  0. |  0. |  0. ||  0. |  0. |  0. |
|=====+=====+=====||=====+=====+=====||=====+=====+=====|
|  0. | -1. |  1. ||  0. |  0. |  1. || -1. |  0. |  1. |
| -1. |  0. |  0. ||  0. |  0. |  0. ||  1. |  0. |  0. |
|  0. |  0. |  0. ||  0. |  0. |  1. || -1. |  0. |  0. |


state to eval, currenty is playerone turn=false

|* 1. |*-0. |*-1. || -1. | -0. | -1. || -1. |  1. |  1. |
|*-1. |*-0. |* 1. || -0. | -0. | -1. ||  1. | -0. | -0. |
|*-1. |*-0. |*-0. || -0. | -0. |  1. || -0. |  1. |  1. |
|=====+=====+=====||=====+=====+=====||=====+=====+=====|
| -1. | -1. | -0. || -0. |  1. | -0. ||  1. | -0. | -0. |
|  1. | -0. | -0. || -0. | -0. | -0. || -0. | -1. | -0. |
| -1. |  1. | -1. || -0. | -0. | -0. || -0. | -0. | -0. |
|=====+=====+=====||=====+=====+=====||=====+=====+=====|
| -0. |  1. | -1. || -0. | -0. | -1. ||  1. | -0. | -1. |
|  1. | -0. | -0. || -0. | -0. | -0. || -1. | -0. | -0. |
| -0. | -0. | -0. || -0. | -0. | -1. ||  1. | -0. | -0. |


current State

| -1. | -1. |  1. ||* 1. |* 0. |* 1. ||  1. | -1. | -1. |
|  1. |  0. | -1. ||* 0. |* 0. |* 1. || -1. |  0. |  0. |
|  1. |  0. |  0. ||* 0. |* 0. |*-1. ||  0. | -1. | -1. |
|=====+=====+=====||=====+=====+=====||=====+=====+=====|
|  1. |  1. |  0. ||  0. | -1. |  0. || -1. |  0. |  0. |
| -1. |  0. |  0. ||  0. |  0. |  0. ||  0. |  1. |  0. |
|  1. | -1. |  1. ||  0. |  0. |  0. ||  0. |  0. |  0. |
|=====+=====+=====||=====+=====+=====||=====+=====+=====|
|  0. | -1. |  1. ||  0. |  0. |  1. || -1. |  0. |  1. |
| -1. |  0. |  0. ||  0. |  0. |  0. ||  1. |  0. |  0. |
|  0. |  0. |  0. ||  0. |  0. |  1. || -1. |  0. |  0. |


state to eval, currenty is playerone turn=true

| -1. | -1. |  1. ||* 1. |* 0. |* 1. ||  1. | -1. | -1. |
|  1. |  0. | -1. ||* 0. |* 0. |* 1. || -1. |  0. |  0. |
|  1. |  0. |  0. ||* 0. |* 0. |*-1. ||  0. | -1. | -1. |
|=====+=====+=====||=====+=====+=====||=====+=====+=====|
|  1. |  1. |  0. ||  0. | -1. |  0. || -1. |  0. |  0. |
| -1. |  0. |  0. ||  0. |  0. |  0. ||  0. |  1. |  0. |
|  1. | -1. |  1. ||  0. |  0. |  0. ||  0. |  0. |  0. |
|=====+=====+=====||=====+=====+=====||=====+=====+=====|
|  0. | -1. |  1. ||  0. |  0. |  1. || -1. |  0. |  1. |
| -1. |  0. |  0. ||  0. |  0. |  0. ||  1. |  0. |  0. |
|  0. |  0. |  0. ||  0. |  0. |  1. || -1. |  0. |  0. |


current State

| -1. | -1. |  1. ||  1. |  0. |  1. ||  1. | -1. | -1. |
|  1. |  0. | -1. ||  0. |  0. |  1. || -1. |  0. |  0. |
|  1. |  0. |  0. ||  0. |  1. | -1. ||  0. | -1. | -1. |
|=====+=====+=====||=====+=====+=====||=====+=====+=====|
|  1. |  1. |  0. ||  0. | -1. |  0. || -1. |  0. |  0. |
| -1. |  0. |  0. ||  0. |  0. |  0. ||  0. |  1. |  0. |
|  1. | -1. |  1. ||  0. |  0. |  0. ||  0. |  0. |  0. |
|=====+=====+=====||=====+=====+=====||=====+=====+=====|
|  0. | -1. |  1. ||* 0. |* 0. |* 1. || -1. |  0. |  1. |
| -1. |  0. |  0. ||* 0. |* 0. |* 0. ||  1. |  0. |  0. |
|  0. |  0. |  0. ||* 0. |* 0. |* 1. || -1. |  0. |  0. |


state to eval, currenty is playerone turn=false

|  1. |  1. | -1. || -1. | -0. | -1. || -1. |  1. |  1. |
| -1. | -0. |  1. || -0. | -0. | -1. ||  1. | -0. | -0. |
| -1. | -0. | -0. || -0. | -1. |  1. || -0. |  1. |  1. |
|=====+=====+=====||=====+=====+=====||=====+=====+=====|
| -1. | -1. | -0. || -0. |  1. | -0. ||  1. | -0. | -0. |
|  1. | -0. | -0. || -0. | -0. | -0. || -0. | -1. | -0. |
| -1. |  1. | -1. || -0. | -0. | -0. || -0. | -0. | -0. |
|=====+=====+=====||=====+=====+=====||=====+=====+=====|
| -0. |  1. | -1. ||*-0. |*-0. |*-1. ||  1. | -0. | -1. |
|  1. | -0. | -0. ||*-0. |*-0. |*-0. || -1. | -0. | -0. |
| -0. | -0. | -0. ||*-0. |*-0. |*-1. ||  1. | -0. | -0. |


current State

| -1. | -1. |  1. ||  1. |  0. |  1. ||  1. | -1. | -1. |
|  1. |  0. | -1. ||  0. |  0. |  1. || -1. |  0. |  0. |
|  1. |  0. |  0. ||  0. |  1. | -1. ||  0. | -1. | -1. |
|=====+=====+=====||=====+=====+=====||=====+=====+=====|
|* 1. |* 1. |* 0. ||  0. | -1. |  0. || -1. |  0. |  0. |
|*-1. |* 0. |* 0. ||  0. |  0. |  0. ||  0. |  1. |  0. |
|* 1. |*-1. |* 1. ||  0. |  0. |  0. ||  0. |  0. |  0. |
|=====+=====+=====||=====+=====+=====||=====+=====+=====|
|  0. | -1. |  1. ||  0. |  0. |  1. || -1. |  0. |  1. |
| -1. |  0. |  0. || -1. |  0. |  0. ||  1. |  0. |  0. |
|  0. |  0. |  0. ||  0. |  0. |  1. || -1. |  0. |  0. |


state to eval, currenty is playerone turn=true

| -1. | -1. |  1. ||  1. |  0. |  1. ||  1. | -1. | -1. |
|  1. |  0. | -1. ||  0. |  0. |  1. || -1. |  0. |  0. |
|  1. |  0. |  0. ||  0. |  1. | -1. ||  0. | -1. | -1. |
|=====+=====+=====||=====+=====+=====||=====+=====+=====|
|* 1. |* 1. |* 0. ||  0. | -1. |  0. || -1. |  0. |  0. |
|*-1. |* 0. |* 0. ||  0. |  0. |  0. ||  0. |  1. |  0. |
|* 1. |*-1. |* 1. ||  0. |  0. |  0. ||  0. |  0. |  0. |
|=====+=====+=====||=====+=====+=====||=====+=====+=====|
|  0. | -1. |  1. ||  0. |  0. |  1. || -1. |  0. |  1. |
| -1. |  0. |  0. || -1. |  0. |  0. ||  1. |  0. |  0. |
|  0. |  0. |  0. ||  0. |  0. |  1. || -1. |  0. |  0. |


current State

| -1. | -1. |  1. ||  1. |  0. |  1. ||  1. | -1. | -1. |
|  1. |  0. | -1. ||  0. |  0. |  1. || -1. |  0. |  0. |
|  1. |  0. |  0. ||  0. |  1. | -1. ||  0. | -1. | -1. |
|=====+=====+=====||=====+=====+=====||=====+=====+=====|
|  1. |  1. |  0. ||  0. | -1. |  0. ||*-1. |* 0. |* 0. |
| -1. |  0. |  1. ||  0. |  0. |  0. ||* 0. |* 1. |* 0. |
|  1. | -1. |  1. ||  0. |  0. |  0. ||* 0. |* 0. |* 0. |
|=====+=====+=====||=====+=====+=====||=====+=====+=====|
|  0. | -1. |  1. ||  0. |  0. |  1. || -1. |  0. |  1. |
| -1. |  0. |  0. || -1. |  0. |  0. ||  1. |  0. |  0. |
|  0. |  0. |  0. ||  0. |  0. |  1. || -1. |  0. |  0. |


state to eval, currenty is playerone turn=false

|  1. |  1. | -1. || -1. | -0. | -1. || -1. |  1. |  1. |
| -1. | -0. |  1. || -0. | -0. | -1. ||  1. | -0. | -0. |
| -1. | -0. | -0. || -0. | -1. |  1. || -0. |  1. |  1. |
|=====+=====+=====||=====+=====+=====||=====+=====+=====|
| -1. | -1. | -0. || -0. |  1. | -0. ||* 1. |*-0. |*-0. |
|  1. | -0. | -1. || -0. | -0. | -0. ||*-0. |*-1. |*-0. |
| -1. |  1. | -1. || -0. | -0. | -0. ||*-0. |*-0. |*-0. |
|=====+=====+=====||=====+=====+=====||=====+=====+=====|
| -0. |  1. | -1. || -0. | -0. | -1. ||  1. | -0. | -1. |
|  1. | -0. | -0. ||  1. | -0. | -0. || -1. | -0. | -0. |
| -0. | -0. | -0. || -0. | -0. | -1. ||  1. | -0. | -0. |


current State

| -1. | -1. |  1. ||* 1. |* 0. |* 1. ||  1. | -1. | -1. |
|  1. |  0. | -1. ||* 0. |* 0. |* 1. || -1. |  0. |  0. |
|  1. |  0. |  0. ||* 0. |* 1. |*-1. ||  0. | -1. | -1. |
|=====+=====+=====||=====+=====+=====||=====+=====+=====|
|  1. |  1. |  0. ||  0. | -1. |  0. || -1. | -1. |  0. |
| -1. |  0. |  1. ||  0. |  0. |  0. ||  0. |  1. |  0. |
|  1. | -1. |  1. ||  0. |  0. |  0. ||  0. |  0. |  0. |
|=====+=====+=====||=====+=====+=====||=====+=====+=====|
|  0. | -1. |  1. ||  0. |  0. |  1. || -1. |  0. |  1. |
| -1. |  0. |  0. || -1. |  0. |  0. ||  1. |  0. |  0. |
|  0. |  0. |  0. ||  0. |  0. |  1. || -1. |  0. |  0. |


state to eval, currenty is playerone turn=true

| -1. | -1. |  1. ||* 1. |* 0. |* 1. ||  1. | -1. | -1. |
|  1. |  0. | -1. ||* 0. |* 0. |* 1. || -1. |  0. |  0. |
|  1. |  0. |  0. ||* 0. |* 1. |*-1. ||  0. | -1. | -1. |
|=====+=====+=====||=====+=====+=====||=====+=====+=====|
|  1. |  1. |  0. ||  0. | -1. |  0. || -1. | -1. |  0. |
| -1. |  0. |  1. ||  0. |  0. |  0. ||  0. |  1. |  0. |
|  1. | -1. |  1. ||  0. |  0. |  0. ||  0. |  0. |  0. |
|=====+=====+=====||=====+=====+=====||=====+=====+=====|
|  0. | -1. |  1. ||  0. |  0. |  1. || -1. |  0. |  1. |
| -1. |  0. |  0. || -1. |  0. |  0. ||  1. |  0. |  0. |
|  0. |  0. |  0. ||  0. |  0. |  1. || -1. |  0. |  0. |


current State

| -1. | -1. |  1. ||  1. |  0. |  1. ||  1. | -1. | -1. |
|  1. |  0. | -1. ||  1. |  0. |  1. || -1. |  0. |  0. |
|  1. |  0. |  0. ||  0. |  1. | -1. ||  0. | -1. | -1. |
|=====+=====+=====||=====+=====+=====||=====+=====+=====|
|* 1. |* 1. |* 0. ||  0. | -1. |  0. || -1. | -1. |  0. |
|*-1. |* 0. |* 1. ||  0. |  0. |  0. ||  0. |  1. |  0. |
|* 1. |*-1. |* 1. ||  0. |  0. |  0. ||  0. |  0. |  0. |
|=====+=====+=====||=====+=====+=====||=====+=====+=====|
|  0. | -1. |  1. ||  0. |  0. |  1. || -1. |  0. |  1. |
| -1. |  0. |  0. || -1. |  0. |  0. ||  1. |  0. |  0. |
|  0. |  0. |  0. ||  0. |  0. |  1. || -1. |  0. |  0. |


state to eval, currenty is playerone turn=false

|  1. |  1. | -1. || -1. | -0. | -1. || -1. |  1. |  1. |
| -1. | -0. |  1. || -1. | -0. | -1. ||  1. | -0. | -0. |
| -1. | -0. | -0. || -0. | -1. |  1. || -0. |  1. |  1. |
|=====+=====+=====||=====+=====+=====||=====+=====+=====|
|*-1. |*-1. |*-0. || -0. |  1. | -0. ||  1. |  1. | -0. |
|* 1. |*-0. |*-1. || -0. | -0. | -0. || -0. | -1. | -0. |
|*-1. |* 1. |*-1. || -0. | -0. | -0. || -0. | -0. | -0. |
|=====+=====+=====||=====+=====+=====||=====+=====+=====|
| -0. |  1. | -1. || -0. | -0. | -1. ||  1. | -0. | -1. |
|  1. | -0. | -0. ||  1. | -0. | -0. || -1. | -0. | -0. |
| -0. | -0. | -0. || -0. | -0. | -1. ||  1. | -0. | -0. |


Determined best move using: 2001165Iterations
current State

| -1. | -1. |  1. ||  1. |  0. |  1. ||* 1. |*-1. |*-1. |
|  1. |  0. | -1. ||  1. |  0. |  1. ||*-1. |* 0. |* 0. |
|  1. |  0. |  0. ||  0. |  1. | -1. ||* 0. |*-1. |*-1. |
|=====+=====+=====||=====+=====+=====||=====+=====+=====|
|  1. |  1. | -1. ||  0. | -1. |  0. || -1. | -1. |  0. |
| -1. |  0. |  1. ||  0. |  0. |  0. ||  0. |  1. |  0. |
|  1. | -1. |  1. ||  0. |  0. |  0. ||  0. |  0. |  0. |
|=====+=====+=====||=====+=====+=====||=====+=====+=====|
|  0. | -1. |  1. ||  0. |  0. |  1. || -1. |  0. |  1. |
| -1. |  0. |  0. || -1. |  0. |  0. ||  1. |  0. |  0. |
|  0. |  0. |  0. ||  0. |  0. |  1. || -1. |  0. |  0. |


state to eval, currenty is playerone turn=true

| -1. | -1. |  1. ||  1. |  0. |  1. ||* 1. |*-1. |*-1. |
|  1. |  0. | -1. ||  1. |  0. |  1. ||*-1. |* 0. |* 0. |
|  1. |  0. |  0. ||  0. |  1. | -1. ||* 0. |*-1. |*-1. |
|=====+=====+=====||=====+=====+=====||=====+=====+=====|
|  1. |  1. | -1. ||  0. | -1. |  0. || -1. | -1. |  0. |
| -1. |  0. |  1. ||  0. |  0. |  0. ||  0. |  1. |  0. |
|  1. | -1. |  1. ||  0. |  0. |  0. ||  0. |  0. |  0. |
|=====+=====+=====||=====+=====+=====||=====+=====+=====|
|  0. | -1. |  1. ||  0. |  0. |  1. || -1. |  0. |  1. |
| -1. |  0. |  0. || -1. |  0. |  0. ||  1. |  0. |  0. |
|  0. |  0. |  0. ||  0. |  0. |  1. || -1. |  0. |  0. |


current State

| -1. | -1. |  1. ||  1. |  0. |  1. ||  1. | -1. | -1. |
|  1. |  0. | -1. ||  1. |  0. |  1. || -1. |  0. |  1. |
|  1. |  0. |  0. ||  0. |  1. | -1. ||  0. | -1. | -1. |
|=====+=====+=====||=====+=====+=====||=====+=====+=====|
|  1. |  1. | -1. ||  0. | -1. |  0. ||*-1. |*-1. |* 0. |
| -1. |  0. |  1. ||  0. |  0. |  0. ||* 0. |* 1. |* 0. |
|  1. | -1. |  1. ||  0. |  0. |  0. ||* 0. |* 0. |* 0. |
|=====+=====+=====||=====+=====+=====||=====+=====+=====|
|  0. | -1. |  1. ||  0. |  0. |  1. || -1. |  0. |  1. |
| -1. |  0. |  0. || -1. |  0. |  0. ||  1. |  0. |  0. |
|  0. |  0. |  0. ||  0. |  0. |  1. || -1. |  0. |  0. |


state to eval, currenty is playerone turn=false

|  1. |  1. | -1. || -1. | -0. | -1. || -1. |  1. |  1. |
| -1. | -0. |  1. || -1. | -0. | -1. ||  1. | -0. | -1. |
| -1. | -0. | -0. || -0. | -1. |  1. || -0. |  1. |  1. |
|=====+=====+=====||=====+=====+=====||=====+=====+=====|
| -1. | -1. |  1. || -0. |  1. | -0. ||* 1. |* 1. |*-0. |
|  1. | -0. | -1. || -0. | -0. | -0. ||*-0. |*-1. |*-0. |
| -1. |  1. | -1. || -0. | -0. | -0. ||*-0. |*-0. |*-0. |
|=====+=====+=====||=====+=====+=====||=====+=====+=====|
| -0. |  1. | -1. || -0. | -0. | -1. ||  1. | -0. | -1. |
|  1. | -0. | -0. ||  1. | -0. | -0. || -1. | -0. | -0. |
| -0. | -0. | -0. || -0. | -0. | -1. ||  1. | -0. | -0. |


current State

| -1. | -1. |  1. ||  1. |  0. |  1. ||  1. | -1. | -1. |
|  1. |  0. | -1. ||  1. |  0. |  1. || -1. |  0. |  1. |
|  1. |  0. |  0. ||  0. |  1. | -1. ||  0. | -1. | -1. |
|=====+=====+=====||=====+=====+=====||=====+=====+=====|
|  1. |  1. | -1. ||  0. | -1. |  0. || -1. | -1. |  0. |
| -1. |  0. |  1. ||  0. |  0. |  0. ||  0. |  1. |  0. |
|  1. | -1. |  1. ||  0. |  0. |  0. ||  0. |  0. | -1. |
|=====+=====+=====||=====+=====+=====||=====+=====+=====|
|  0. | -1. |  1. ||  0. |  0. |  1. ||*-1. |* 0. |* 1. |
| -1. |  0. |  0. || -1. |  0. |  0. ||* 1. |* 0. |* 0. |
|  0. |  0. |  0. ||  0. |  0. |  1. ||*-1. |* 0. |* 0. |


state to eval, currenty is playerone turn=true

| -1. | -1. |  1. ||  1. |  0. |  1. ||  1. | -1. | -1. |
|  1. |  0. | -1. ||  1. |  0. |  1. || -1. |  0. |  1. |
|  1. |  0. |  0. ||  0. |  1. | -1. ||  0. | -1. | -1. |
|=====+=====+=====||=====+=====+=====||=====+=====+=====|
|  1. |  1. | -1. ||  0. | -1. |  0. || -1. | -1. |  0. |
| -1. |  0. |  1. ||  0. |  0. |  0. ||  0. |  1. |  0. |
|  1. | -1. |  1. ||  0. |  0. |  0. ||  0. |  0. | -1. |
|=====+=====+=====||=====+=====+=====||=====+=====+=====|
|  0. | -1. |  1. ||  0. |  0. |  1. ||*-1. |* 0. |* 1. |
| -1. |  0. |  0. || -1. |  0. |  0. ||* 1. |* 0. |* 0. |
|  0. |  0. |  0. ||  0. |  0. |  1. ||*-1. |* 0. |* 0. |


current State

| -1. | -1. |  1. ||  1. |  0. |  1. ||  1. | -1. | -1. |
|  1. |  0. | -1. ||  1. |  0. |  1. || -1. |  0. |  1. |
|  1. |  0. |  0. ||  0. |  1. | -1. ||  0. | -1. | -1. |
|=====+=====+=====||=====+=====+=====||=====+=====+=====|
|  1. |  1. | -1. ||* 0. |*-1. |* 0. || -1. | -1. |  0. |
| -1. |  0. |  1. ||* 0. |* 0. |* 0. ||  0. |  1. |  0. |
|  1. | -1. |  1. ||* 0. |* 0. |* 0. ||  0. |  0. | -1. |
|=====+=====+=====||=====+=====+=====||=====+=====+=====|
|  0. | -1. |  1. ||  0. |  0. |  1. || -1. |  0. |  1. |
| -1. |  0. |  0. || -1. |  0. |  0. ||  1. |  1. |  0. |
|  0. |  0. |  0. ||  0. |  0. |  1. || -1. |  0. |  0. |


state to eval, currenty is playerone turn=false

|  1. |  1. | -1. || -1. | -0. | -1. || -1. |  1. |  1. |
| -1. | -0. |  1. || -1. | -0. | -1. ||  1. | -0. | -1. |
| -1. | -0. | -0. || -0. | -1. |  1. || -0. |  1. |  1. |
|=====+=====+=====||=====+=====+=====||=====+=====+=====|
| -1. | -1. |  1. ||*-0. |* 1. |*-0. ||  1. |  1. | -0. |
|  1. | -0. | -1. ||*-0. |*-0. |*-0. || -0. | -1. | -0. |
| -1. |  1. | -1. ||*-0. |*-0. |*-0. || -0. | -0. |  1. |
|=====+=====+=====||=====+=====+=====||=====+=====+=====|
| -0. |  1. | -1. || -0. | -0. | -1. ||  1. | -0. | -1. |
|  1. | -0. | -0. ||  1. | -0. | -0. || -1. | -1. | -0. |
| -0. | -0. | -0. || -0. | -0. | -1. ||  1. | -0. | -0. |


current State

| -1. | -1. |  1. ||  1. |  0. |  1. ||  1. | -1. | -1. |
|  1. |  0. | -1. ||  1. |  0. |  1. || -1. |  0. |  1. |
|  1. |  0. |  0. ||  0. |  1. | -1. ||  0. | -1. | -1. |
|=====+=====+=====||=====+=====+=====||=====+=====+=====|
|  1. |  1. | -1. ||  0. | -1. |  0. || -1. | -1. |  0. |
| -1. |  0. |  1. ||  0. |  0. |  0. ||  0. |  1. |  0. |
|  1. | -1. |  1. ||  0. |  0. | -1. ||  0. |  0. | -1. |
|=====+=====+=====||=====+=====+=====||=====+=====+=====|
|  0. | -1. |  1. ||  0. |  0. |  1. ||*-1. |* 0. |* 1. |
| -1. |  0. |  0. || -1. |  0. |  0. ||* 1. |* 1. |* 0. |
|  0. |  0. |  0. ||  0. |  0. |  1. ||*-1. |* 0. |* 0. |


state to eval, currenty is playerone turn=true

| -1. | -1. |  1. ||  1. |  0. |  1. ||  1. | -1. | -1. |
|  1. |  0. | -1. ||  1. |  0. |  1. || -1. |  0. |  1. |
|  1. |  0. |  0. ||  0. |  1. | -1. ||  0. | -1. | -1. |
|=====+=====+=====||=====+=====+=====||=====+=====+=====|
|  1. |  1. | -1. ||  0. | -1. |  0. || -1. | -1. |  0. |
| -1. |  0. |  1. ||  0. |  0. |  0. ||  0. |  1. |  0. |
|  1. | -1. |  1. ||  0. |  0. | -1. ||  0. |  0. | -1. |
|=====+=====+=====||=====+=====+=====||=====+=====+=====|
|  0. | -1. |  1. ||  0. |  0. |  1. ||*-1. |* 0. |* 1. |
| -1. |  0. |  0. || -1. |  0. |  0. ||* 1. |* 1. |* 0. |
|  0. |  0. |  0. ||  0. |  0. |  1. ||*-1. |* 0. |* 0. |


current State

| -1. | -1. |  1. ||  1. |  0. |  1. ||  1. | -1. | -1. |
|  1. |  0. | -1. ||  1. |  0. |  1. || -1. |  0. |  1. |
|  1. |  0. |  0. ||  0. |  1. | -1. ||  0. | -1. | -1. |
|=====+=====+=====||=====+=====+=====||=====+=====+=====|
|  1. |  1. | -1. ||  0. | -1. |  0. || -1. | -1. |  0. |
| -1. |  0. |  1. ||  0. |  0. |  0. ||  0. |  1. |  0. |
|  1. | -1. |  1. ||  0. |  0. | -1. ||  0. |  0. | -1. |
|=====+=====+=====||=====+=====+=====||=====+=====+=====|
|  0. | -1. |  1. ||  0. |  0. |  1. ||*-1. |* 0. |* 1. |
| -1. |  0. |  0. || -1. |  0. |  0. ||* 1. |* 1. |* 0. |
|  0. |  0. |  0. ||  0. |  0. |  1. ||*-1. |* 0. |* 1. |


state to eval, currenty is playerone turn=false

|  1. |  1. | -1. || -1. | -0. | -1. || -1. |  1. |  1. |
| -1. | -0. |  1. || -1. | -0. | -1. ||  1. | -0. | -1. |
| -1. | -0. | -0. || -0. | -1. |  1. || -0. |  1. |  1. |
|=====+=====+=====||=====+=====+=====||=====+=====+=====|
| -1. | -1. |  1. || -0. |  1. | -0. ||  1. |  1. | -0. |
|  1. | -0. | -1. || -0. | -0. | -0. || -0. | -1. | -0. |
| -1. |  1. | -1. || -0. | -0. |  1. || -0. | -0. |  1. |
|=====+=====+=====||=====+=====+=====||=====+=====+=====|
| -0. |  1. | -1. || -0. | -0. | -1. ||* 1. |*-0. |*-1. |
|  1. | -0. | -0. ||  1. | -0. | -0. ||*-1. |*-1. |*-0. |
| -0. | -0. | -0. || -0. | -0. | -1. ||* 1. |*-0. |*-1. |


current State

| -1. | -1. |  1. ||* 1. |* 0. |* 1. ||  1. | -1. | -1. |
|  1. |  0. | -1. ||* 1. |* 0. |* 1. || -1. |  0. |  1. |
|  1. |  0. |  0. ||* 0. |* 1. |*-1. ||  0. | -1. | -1. |
|=====+=====+=====||=====+=====+=====||=====+=====+=====|
|  1. |  1. | -1. ||  0. | -1. |  0. || -1. | -1. |  0. |
| -1. |  0. |  1. ||  0. |  0. |  0. ||  0. |  1. |  0. |
|  1. | -1. |  1. ||  0. |  0. | -1. ||  0. |  0. | -1. |
|=====+=====+=====||=====+=====+=====||=====+=====+=====|
|  0. | -1. |  1. ||  0. |  0. |  1. || -1. | -1. |  1. |
| -1. |  0. |  0. || -1. |  0. |  0. ||  1. |  1. |  0. |
|  0. |  0. |  0. ||  0. |  0. |  1. || -1. |  0. |  1. |


state to eval, currenty is playerone turn=true

| -1. | -1. |  1. ||* 1. |* 0. |* 1. ||  1. | -1. | -1. |
|  1. |  0. | -1. ||* 1. |* 0. |* 1. || -1. |  0. |  1. |
|  1. |  0. |  0. ||* 0. |* 1. |*-1. ||  0. | -1. | -1. |
|=====+=====+=====||=====+=====+=====||=====+=====+=====|
|  1. |  1. | -1. ||  0. | -1. |  0. || -1. | -1. |  0. |
| -1. |  0. |  1. ||  0. |  0. |  0. ||  0. |  1. |  0. |
|  1. | -1. |  1. ||  0. |  0. | -1. ||  0. |  0. | -1. |
|=====+=====+=====||=====+=====+=====||=====+=====+=====|
|  0. | -1. |  1. ||  0. |  0. |  1. || -1. | -1. |  1. |
| -1. |  0. |  0. || -1. |  0. |  0. ||  1. |  1. |  0. |
|  0. |  0. |  0. ||  0. |  0. |  1. || -1. |  0. |  1. |


current State

| -1. | -1. |  1. ||  1. |  0. |  1. ||  1. | -1. | -1. |
|  1. |  0. | -1. ||  1. |  1. |  1. || -1. |  0. |  1. |
|  1. |  0. |  0. ||  0. |  1. | -1. ||  0. | -1. | -1. |
|=====+=====+=====||=====+=====+=====||=====+=====+=====|
|  1. |  1. | -1. ||* 0. |*-1. |* 0. || -1. | -1. |  0. |
| -1. |  0. |  1. ||* 0. |* 0. |* 0. ||  0. |  1. |  0. |
|  1. | -1. |  1. ||* 0. |* 0. |*-1. ||  0. |  0. | -1. |
|=====+=====+=====||=====+=====+=====||=====+=====+=====|
|  0. | -1. |  1. ||  0. |  0. |  1. || -1. | -1. |  1. |
| -1. |  0. |  0. || -1. |  0. |  0. ||  1. |  1. |  0. |
|  0. |  0. |  0. ||  0. |  0. |  1. || -1. |  0. |  1. |


state to eval, currenty is playerone turn=false

|  1. |  1. | -1. || -1. | -0. | -1. || -1. |  1. |  1. |
| -1. | -0. |  1. || -1. | -1. | -1. ||  1. | -0. | -1. |
| -1. | -0. | -0. || -0. | -1. |  1. || -0. |  1. |  1. |
|=====+=====+=====||=====+=====+=====||=====+=====+=====|
| -1. | -1. |  1. ||*-0. |* 1. |*-0. ||  1. |  1. | -0. |
|  1. | -0. | -1. ||*-0. |*-0. |*-0. || -0. | -1. | -0. |
| -1. |  1. | -1. ||*-0. |*-0. |* 1. || -0. | -0. |  1. |
|=====+=====+=====||=====+=====+=====||=====+=====+=====|
| -0. |  1. | -1. || -0. | -0. | -1. ||  1. |  1. | -1. |
|  1. | -0. | -0. ||  1. | -0. | -0. || -1. | -1. | -0. |
| -0. | -0. | -0. || -0. | -0. | -1. ||  1. | -0. | -1. |


current State

| -1. | -1. |  1. ||  1. |  0. |  1. ||  1. | -1. | -1. |
|  1. |  0. | -1. ||  1. |  1. |  1. || -1. |  0. |  1. |
|  1. |  0. |  0. ||  0. |  1. | -1. ||  0. | -1. | -1. |
|=====+=====+=====||=====+=====+=====||=====+=====+=====|
|  1. |  1. | -1. ||* 0. |*-1. |* 0. || -1. | -1. |  0. |
| -1. |  0. |  1. ||* 0. |*-1. |* 0. ||  0. |  1. |  0. |
|  1. | -1. |  1. ||* 0. |* 0. |*-1. ||  0. |  0. | -1. |
|=====+=====+=====||=====+=====+=====||=====+=====+=====|
|  0. | -1. |  1. ||  0. |  0. |  1. || -1. | -1. |  1. |
| -1. |  0. |  0. || -1. |  0. |  0. ||  1. |  1. |  0. |
|  0. |  0. |  0. ||  0. |  0. |  1. || -1. |  0. |  1. |


state to eval, currenty is playerone turn=true

| -1. | -1. |  1. ||  1. |  0. |  1. ||  1. | -1. | -1. |
|  1. |  0. | -1. ||  1. |  1. |  1. || -1. |  0. |  1. |
|  1. |  0. |  0. ||  0. |  1. | -1. ||  0. | -1. | -1. |
|=====+=====+=====||=====+=====+=====||=====+=====+=====|
|  1. |  1. | -1. ||* 0. |*-1. |* 0. || -1. | -1. |  0. |
| -1. |  0. |  1. ||* 0. |*-1. |* 0. ||  0. |  1. |  0. |
|  1. | -1. |  1. ||* 0. |* 0. |*-1. ||  0. |  0. | -1. |
|=====+=====+=====||=====+=====+=====||=====+=====+=====|
|  0. | -1. |  1. ||  0. |  0. |  1. || -1. | -1. |  1. |
| -1. |  0. |  0. || -1. |  0. |  0. ||  1. |  1. |  0. |
|  0. |  0. |  0. ||  0. |  0. |  1. || -1. |  0. |  1. |


Determined best move using: 2152413Iterations
Determined best move using: 270592Iterations
current State

| -1. | -1. |  1. ||  1. |  0. |  1. ||  1. | -1. | -1. |
|  1. |  0. | -1. ||  1. |  1. |  1. || -1. |  0. |  1. |
|  1. |  0. |  0. ||  0. |  1. | -1. ||  0. | -1. | -1. |
|=====+=====+=====||=====+=====+=====||=====+=====+=====|
|* 1. |* 1. |*-1. ||  0. | -1. |  0. || -1. | -1. |  0. |
|*-1. |* 0. |* 1. ||  1. | -1. |  0. ||  0. |  1. |  0. |
|* 1. |*-1. |* 1. ||  0. |  0. | -1. ||  0. |  0. | -1. |
|=====+=====+=====||=====+=====+=====||=====+=====+=====|
|  0. | -1. |  1. ||  0. |  0. |  1. || -1. | -1. |  1. |
| -1. |  0. |  0. || -1. |  0. |  0. ||  1. |  1. |  0. |
|  0. |  0. |  0. ||  0. |  0. |  1. || -1. |  0. |  1. |


state to eval, currenty is playerone turn=false

|  1. |  1. | -1. || -1. | -0. | -1. || -1. |  1. |  1. |
| -1. | -0. |  1. || -1. | -1. | -1. ||  1. | -0. | -1. |
| -1. | -0. | -0. || -0. | -1. |  1. || -0. |  1. |  1. |
|=====+=====+=====||=====+=====+=====||=====+=====+=====|
|*-1. |*-1. |* 1. || -0. |  1. | -0. ||  1. |  1. | -0. |
|* 1. |*-0. |*-1. || -1. |  1. | -0. || -0. | -1. | -0. |
|*-1. |* 1. |*-1. || -0. | -0. |  1. || -0. | -0. |  1. |
|=====+=====+=====||=====+=====+=====||=====+=====+=====|
| -0. |  1. | -1. || -0. | -0. | -1. ||  1. |  1. | -1. |
|  1. | -0. | -0. ||  1. | -0. | -0. || -1. | -1. | -0. |
| -0. | -0. | -0. || -0. | -0. | -1. ||  1. | -0. | -1. |


Determined best move using: 1653928Iterations
Determined best move using: 291798Iterations
current State

| -1. | -1. |  1. ||  1. |  0. |  1. ||  1. | -1. | -1. |
|  1. |  0. | -1. ||  1. |  1. |  1. || -1. |  0. |  1. |
|  1. |  0. |  0. ||  0. |  1. | -1. ||  0. | -1. | -1. |
|=====+=====+=====||=====+=====+=====||=====+=====+=====|
|  1. |  1. | -1. ||* 0. |*-1. |* 0. || -1. | -1. |  0. |
| -1. | -1. |  1. ||* 1. |*-1. |* 0. ||  0. |  1. |  0. |
|  1. | -1. |  1. ||* 0. |* 0. |*-1. ||  0. |  0. | -1. |
|=====+=====+=====||=====+=====+=====||=====+=====+=====|
|  0. | -1. |  1. ||  0. |  0. |  1. || -1. | -1. |  1. |
| -1. |  0. |  0. || -1. |  0. |  0. ||  1. |  1. |  0. |
|  0. |  0. |  0. ||  0. |  0. |  1. || -1. |  0. |  1. |


state to eval, currenty is playerone turn=true

| -1. | -1. |  1. ||  1. |  0. |  1. ||  1. | -1. | -1. |
|  1. |  0. | -1. ||  1. |  1. |  1. || -1. |  0. |  1. |
|  1. |  0. |  0. ||  0. |  1. | -1. ||  0. | -1. | -1. |
|=====+=====+=====||=====+=====+=====||=====+=====+=====|
|  1. |  1. | -1. ||* 0. |*-1. |* 0. || -1. | -1. |  0. |
| -1. | -1. |  1. ||* 1. |*-1. |* 0. ||  0. |  1. |  0. |
|  1. | -1. |  1. ||* 0. |* 0. |*-1. ||  0. |  0. | -1. |
|=====+=====+=====||=====+=====+=====||=====+=====+=====|
|  0. | -1. |  1. ||  0. |  0. |  1. || -1. | -1. |  1. |
| -1. |  0. |  0. || -1. |  0. |  0. ||  1. |  1. |  0. |
|  0. |  0. |  0. ||  0. |  0. |  1. || -1. |  0. |  1. |


Determined best move using: 2884626Iterations
Determined best move using: 314759Iterations
current State

| -1. | -1. |  1. ||  1. |  0. |  1. ||  1. | -1. | -1. |
|  1. |  0. | -1. ||  1. |  1. |  1. || -1. |  0. |  1. |
|  1. |  0. |  0. ||  0. |  1. | -1. ||  0. | -1. | -1. |
|=====+=====+=====||=====+=====+=====||=====+=====+=====|
|  1. |  1. | -1. ||  0. | -1. |  0. || -1. | -1. |  0. |
| -1. | -1. |  1. ||  1. | -1. |  0. ||  0. |  1. |  0. |
|  1. | -1. |  1. ||  1. |  0. | -1. ||  0. |  0. | -1. |
|=====+=====+=====||=====+=====+=====||=====+=====+=====|
|* 0. |*-1. |* 1. ||  0. |  0. |  1. || -1. | -1. |  1. |
|*-1. |* 0. |* 0. || -1. |  0. |  0. ||  1. |  1. |  0. |
|* 0. |* 0. |* 0. ||  0. |  0. |  1. || -1. |  0. |  1. |


state to eval, currenty is playerone turn=false

|  1. |  1. | -1. || -1. | -0. | -1. || -1. |  1. |  1. |
| -1. | -0. |  1. || -1. | -1. | -1. ||  1. | -0. | -1. |
| -1. | -0. | -0. || -0. | -1. |  1. || -0. |  1. |  1. |
|=====+=====+=====||=====+=====+=====||=====+=====+=====|
| -1. | -1. |  1. || -0. |  1. | -0. ||  1. |  1. | -0. |
|  1. |  1. | -1. || -1. |  1. | -0. || -0. | -1. | -0. |
| -1. |  1. | -1. || -1. | -0. |  1. || -0. | -0. |  1. |
|=====+=====+=====||=====+=====+=====||=====+=====+=====|
|*-0. |* 1. |*-1. || -0. | -0. | -1. ||  1. |  1. | -1. |
|* 1. |*-0. |*-0. ||  1. | -0. | -0. || -1. | -1. | -0. |
|*-0. |*-0. |*-0. || -0. | -0. | -1. ||  1. | -0. | -1. |


Determined best move using: 342853Iterations
current State

| -1. | -1. |  1. ||  1. |  0. |  1. ||  1. | -1. | -1. |
|  1. |  0. | -1. ||  1. |  1. |  1. || -1. |  0. |  1. |
|  1. |  0. |  0. ||  0. |  1. | -1. ||  0. | -1. | -1. |
|=====+=====+=====||=====+=====+=====||=====+=====+=====|
|  1. |  1. | -1. ||  0. | -1. |  0. || -1. | -1. |  0. |
| -1. | -1. |  1. ||  1. | -1. |  0. ||  0. |  1. |  0. |
|  1. | -1. |  1. ||  1. |  0. | -1. ||  0. |  0. | -1. |
|=====+=====+=====||=====+=====+=====||=====+=====+=====|
|  0. | -1. |  1. ||  0. |  0. |  1. ||*-1. |*-1. |* 1. |
| -1. |  0. |  0. || -1. |  0. |  0. ||* 1. |* 1. |* 0. |
|  0. |  0. | -1. ||  0. |  0. |  1. ||*-1. |* 0. |* 1. |


state to eval, currenty is playerone turn=true

| -1. | -1. |  1. ||  1. |  0. |  1. ||  1. | -1. | -1. |
|  1. |  0. | -1. ||  1. |  1. |  1. || -1. |  0. |  1. |
|  1. |  0. |  0. ||  0. |  1. | -1. ||  0. | -1. | -1. |
|=====+=====+=====||=====+=====+=====||=====+=====+=====|
|  1. |  1. | -1. ||  0. | -1. |  0. || -1. | -1. |  0. |
| -1. | -1. |  1. ||  1. | -1. |  0. ||  0. |  1. |  0. |
|  1. | -1. |  1. ||  1. |  0. | -1. ||  0. |  0. | -1. |
|=====+=====+=====||=====+=====+=====||=====+=====+=====|
|  0. | -1. |  1. ||  0. |  0. |  1. ||*-1. |*-1. |* 1. |
| -1. |  0. |  0. || -1. |  0. |  0. ||* 1. |* 1. |* 0. |
|  0. |  0. | -1. ||  0. |  0. |  1. ||*-1. |* 0. |* 1. |


Determined best move using: 613612Iterations
current State

| -1. | -1. |  1. ||  1. |  0. |  1. ||  1. | -1. | -1. |
|  1. |  0. | -1. ||  1. |  1. |  1. || -1. |  0. |  1. |
|  1. |  0. |  0. ||  0. |  1. | -1. ||  0. | -1. | -1. |
|=====+=====+=====||=====+=====+=====||=====+=====+=====|
|  1. |  1. | -1. ||  0. | -1. |  0. ||*-1. |*-1. |* 0. |
| -1. | -1. |  1. ||  1. | -1. |  0. ||* 0. |* 1. |* 0. |
|  1. | -1. |  1. ||  1. |  0. | -1. ||* 0. |* 0. |*-1. |
|=====+=====+=====||=====+=====+=====||=====+=====+=====|
|  0. | -1. |  1. ||  0. |  0. |  1. || -1. | -1. |  1. |
| -1. |  0. |  0. || -1. |  0. |  0. ||  1. |  1. |  1. |
|  0. |  0. | -1. ||  0. |  0. |  1. || -1. |  0. |  1. |


state to eval, currenty is playerone turn=false

|  1. |  1. | -1. || -1. | -0. | -1. || -1. |  1. |  1. |
| -1. | -0. |  1. || -1. | -1. | -1. ||  1. | -0. | -1. |
| -1. | -0. | -0. || -0. | -1. |  1. || -0. |  1. |  1. |
|=====+=====+=====||=====+=====+=====||=====+=====+=====|
| -1. | -1. |  1. || -0. |  1. | -0. ||* 1. |* 1. |*-0. |
|  1. |  1. | -1. || -1. |  1. | -0. ||*-0. |*-1. |*-0. |
| -1. |  1. | -1. || -1. | -0. |  1. ||*-0. |*-0. |* 1. |
|=====+=====+=====||=====+=====+=====||=====+=====+=====|
| -0. |  1. | -1. || -0. | -0. | -1. ||  1. |  1. | -1. |
|  1. | -0. | -0. ||  1. | -0. | -0. || -1. | -1. | -1. |
| -0. | -0. |  1. || -0. | -0. | -1. ||  1. | -0. | -1. |


Determined best move using: 432385Iterations
current State

| -1. | -1. |  1. ||  1. |  0. |  1. ||* 1. |*-1. |*-1. |
|  1. |  0. | -1. ||  1. |  1. |  1. ||*-1. |* 0. |* 1. |
|  1. |  0. |  0. ||  0. |  1. | -1. ||* 0. |*-1. |*-1. |
|=====+=====+=====||=====+=====+=====||=====+=====+=====|
|  1. |  1. | -1. ||  0. | -1. |  0. || -1. | -1. | -1. |
| -1. | -1. |  1. ||  1. | -1. |  0. ||  0. |  1. |  0. |
|  1. | -1. |  1. ||  1. |  0. | -1. ||  0. |  0. | -1. |
|=====+=====+=====||=====+=====+=====||=====+=====+=====|
|  0. | -1. |  1. ||  0. |  0. |  1. || -1. | -1. |  1. |
| -1. |  0. |  0. || -1. |  0. |  0. ||  1. |  1. |  1. |
|  0. |  0. | -1. ||  0. |  0. |  1. || -1. |  0. |  1. |


state to eval, currenty is playerone turn=true

| -1. | -1. |  1. ||  1. |  0. |  1. ||* 1. |*-1. |*-1. |
|  1. |  0. | -1. ||  1. |  1. |  1. ||*-1. |* 0. |* 1. |
|  1. |  0. |  0. ||  0. |  1. | -1. ||* 0. |*-1. |*-1. |
|=====+=====+=====||=====+=====+=====||=====+=====+=====|
|  1. |  1. | -1. ||  0. | -1. |  0. || -1. | -1. | -1. |
| -1. | -1. |  1. ||  1. | -1. |  0. ||  0. |  1. |  0. |
|  1. | -1. |  1. ||  1. |  0. | -1. ||  0. |  0. | -1. |
|=====+=====+=====||=====+=====+=====||=====+=====+=====|
|  0. | -1. |  1. ||  0. |  0. |  1. || -1. | -1. |  1. |
| -1. |  0. |  0. || -1. |  0. |  0. ||  1. |  1. |  1. |
|  0. |  0. | -1. ||  0. |  0. |  1. || -1. |  0. |  1. |


Determined best move using: 1094236Iterations
current State

| -1. | -1. |  1. ||  1. |  0. |  1. ||  1. | -1. | -1. |
|  1. |  0. | -1. ||  1. |  1. |  1. || -1. |  0. |  1. |
|  1. |  0. |  0. ||  0. |  1. | -1. ||  1. | -1. | -1. |
|=====+=====+=====||=====+=====+=====||=====+=====+=====|
|  1. |  1. | -1. ||  0. | -1. |  0. || -1. | -1. | -1. |
| -1. | -1. |  1. ||  1. | -1. |  0. ||  0. |  1. |  0. |
|  1. | -1. |  1. ||  1. |  0. | -1. ||  0. |  0. | -1. |
|=====+=====+=====||=====+=====+=====||=====+=====+=====|
|* 0. |*-1. |* 1. ||  0. |  0. |  1. || -1. | -1. |  1. |
|*-1. |* 0. |* 0. || -1. |  0. |  0. ||  1. |  1. |  1. |
|* 0. |* 0. |*-1. ||  0. |  0. |  1. || -1. |  0. |  1. |


state to eval, currenty is playerone turn=false

|  1. |  1. | -1. || -1. | -0. | -1. || -1. |  1. |  1. |
| -1. | -0. |  1. || -1. | -1. | -1. ||  1. | -0. | -1. |
| -1. | -0. | -0. || -0. | -1. |  1. || -1. |  1. |  1. |
|=====+=====+=====||=====+=====+=====||=====+=====+=====|
| -1. | -1. |  1. || -0. |  1. | -0. ||  1. |  1. |  1. |
|  1. |  1. | -1. || -1. |  1. | -0. || -0. | -1. | -0. |
| -1. |  1. | -1. || -1. | -0. |  1. || -0. | -0. |  1. |
|=====+=====+=====||=====+=====+=====||=====+=====+=====|
|*-0. |* 1. |*-1. || -0. | -0. | -1. ||  1. |  1. | -1. |
|* 1. |*-0. |*-0. ||  1. | -0. | -0. || -1. | -1. | -1. |
|*-0. |*-0. |* 1. || -0. | -0. | -1. ||  1. | -0. | -1. |


Determined best move using: 1640206Iterations
current State

|*-1. |*-1. |* 1. ||  1. |  0. |  1. ||  1. | -1. | -1. |
|* 1. |* 0. |*-1. ||  1. |  1. |  1. || -1. |  0. |  1. |
|* 1. |* 0. |* 0. ||  0. |  1. | -1. ||  1. | -1. | -1. |
|=====+=====+=====||=====+=====+=====||=====+=====+=====|
|  1. |  1. | -1. ||  0. | -1. |  0. || -1. | -1. | -1. |
| -1. | -1. |  1. ||  1. | -1. |  0. ||  0. |  1. |  0. |
|  1. | -1. |  1. ||  1. |  0. | -1. ||  0. |  0. | -1. |
|=====+=====+=====||=====+=====+=====||=====+=====+=====|
| -1. | -1. |  1. ||  0. |  0. |  1. || -1. | -1. |  1. |
| -1. |  0. |  0. || -1. |  0. |  0. ||  1. |  1. |  1. |
|  0. |  0. | -1. ||  0. |  0. |  1. || -1. |  0. |  1. |


state to eval, currenty is playerone turn=true

|*-1. |*-1. |* 1. ||  1. |  0. |  1. ||  1. | -1. | -1. |
|* 1. |* 0. |*-1. ||  1. |  1. |  1. || -1. |  0. |  1. |
|* 1. |* 0. |* 0. ||  0. |  1. | -1. ||  1. | -1. | -1. |
|=====+=====+=====||=====+=====+=====||=====+=====+=====|
|  1. |  1. | -1. ||  0. | -1. |  0. || -1. | -1. | -1. |
| -1. | -1. |  1. ||  1. | -1. |  0. ||  0. |  1. |  0. |
|  1. | -1. |  1. ||  1. |  0. | -1. ||  0. |  0. | -1. |
|=====+=====+=====||=====+=====+=====||=====+=====+=====|
| -1. | -1. |  1. ||  0. |  0. |  1. || -1. | -1. |  1. |
| -1. |  0. |  0. || -1. |  0. |  0. ||  1. |  1. |  1. |
|  0. |  0. | -1. ||  0. |  0. |  1. || -1. |  0. |  1. |


Determined best move using: 1268534Iterations
current State

|*-1. |*-1. |* 1. ||  1. |  0. |  1. ||* 1. |*-1. |*-1. |
|* 1. |* 0. |*-1. ||  1. |  1. |  1. ||*-1. |* 0. |* 1. |
|* 1. |* 0. |* 1. ||  0. |  1. | -1. ||* 1. |*-1. |*-1. |
|=====+=====+=====||=====+=====+=====||=====+=====+=====|
|  1. |  1. | -1. ||* 0. |*-1. |* 0. || -1. | -1. | -1. |
| -1. | -1. |  1. ||* 1. |*-1. |* 0. ||  0. |  1. |  0. |
|  1. | -1. |  1. ||* 1. |* 0. |*-1. ||  0. |  0. | -1. |
|=====+=====+=====||=====+=====+=====||=====+=====+=====|
|*-1. |*-1. |* 1. ||* 0. |* 0. |* 1. || -1. | -1. |  1. |
|*-1. |* 0. |* 0. ||*-1. |* 0. |* 0. ||  1. |  1. |  1. |
|* 0. |* 0. |*-1. ||* 0. |* 0. |* 1. || -1. |  0. |  1. |


state to eval, currenty is playerone turn=false

|* 1. |* 1. |*-1. || -1. | -0. | -1. ||*-1. |* 1. |* 1. |
|*-1. |*-0. |* 1. || -1. | -1. | -1. ||* 1. |*-0. |*-1. |
|*-1. |*-0. |*-1. || -0. | -1. |  1. ||*-1. |* 1. |* 1. |
|=====+=====+=====||=====+=====+=====||=====+=====+=====|
| -1. | -1. |  1. ||*-0. |* 1. |*-0. ||  1. |  1. |  1. |
|  1. |  1. | -1. ||*-1. |* 1. |*-0. || -0. | -1. | -0. |
| -1. |  1. | -1. ||*-1. |*-0. |* 1. || -0. | -0. |  1. |
|=====+=====+=====||=====+=====+=====||=====+=====+=====|
|* 1. |* 1. |*-1. ||*-0. |*-0. |*-1. ||  1. |  1. | -1. |
|* 1. |*-0. |*-0. ||* 1. |*-0. |*-0. || -1. | -1. | -1. |
|*-0. |*-0. |* 1. ||*-0. |*-0. |*-1. ||  1. | -0. | -1. |


Determined best move using: 1982999Iterations
current State

| -1. | -1. |  1. ||  1. |  0. |  1. ||  1. | -1. | -1. |
|  1. |  0. | -1. ||  1. |  1. |  1. || -1. |  0. |  1. |
|  1. |  0. |  1. ||  0. |  1. | -1. ||  1. | -1. | -1. |
|=====+=====+=====||=====+=====+=====||=====+=====+=====|
|  1. |  1. | -1. ||* 0. |*-1. |* 0. || -1. | -1. | -1. |
| -1. | -1. |  1. ||* 1. |*-1. |* 0. ||  0. |  1. |  0. |
|  1. | -1. |  1. ||* 1. |* 0. |*-1. ||  0. |  0. | -1. |
|=====+=====+=====||=====+=====+=====||=====+=====+=====|
| -1. | -1. |  1. ||  0. |  0. |  1. || -1. | -1. |  1. |
| -1. | -1. |  0. || -1. |  0. |  0. ||  1. |  1. |  1. |
|  0. |  0. | -1. ||  0. |  0. |  1. || -1. |  0. |  1. |


state to eval, currenty is playerone turn=true

| -1. | -1. |  1. ||  1. |  0. |  1. ||  1. | -1. | -1. |
|  1. |  0. | -1. ||  1. |  1. |  1. || -1. |  0. |  1. |
|  1. |  0. |  1. ||  0. |  1. | -1. ||  1. | -1. | -1. |
|=====+=====+=====||=====+=====+=====||=====+=====+=====|
|  1. |  1. | -1. ||* 0. |*-1. |* 0. || -1. | -1. | -1. |
| -1. | -1. |  1. ||* 1. |*-1. |* 0. ||  0. |  1. |  0. |
|  1. | -1. |  1. ||* 1. |* 0. |*-1. ||  0. |  0. | -1. |
|=====+=====+=====||=====+=====+=====||=====+=====+=====|
| -1. | -1. |  1. ||  0. |  0. |  1. || -1. | -1. |  1. |
| -1. | -1. |  0. || -1. |  0. |  0. ||  1. |  1. |  1. |
|  0. |  0. | -1. ||  0. |  0. |  1. || -1. |  0. |  1. |


Determined best move using: 2519256Iterations
current State

|*-1. |*-1. |* 1. ||  1. |  0. |  1. ||  1. | -1. | -1. |
|* 1. |* 0. |*-1. ||  1. |  1. |  1. || -1. |  0. |  1. |
|* 1. |* 0. |* 1. ||  0. |  1. | -1. ||  1. | -1. | -1. |
|=====+=====+=====||=====+=====+=====||=====+=====+=====|
|  1. |  1. | -1. ||  1. | -1. |  0. || -1. | -1. | -1. |
| -1. | -1. |  1. ||  1. | -1. |  0. ||  0. |  1. |  0. |
|  1. | -1. |  1. ||  1. |  0. | -1. ||  0. |  0. | -1. |
|=====+=====+=====||=====+=====+=====||=====+=====+=====|
| -1. | -1. |  1. ||  0. |  0. |  1. || -1. | -1. |  1. |
| -1. | -1. |  0. || -1. |  0. |  0. ||  1. |  1. |  1. |
|  0. |  0. | -1. ||  0. |  0. |  1. || -1. |  0. |  1. |


state to eval, currenty is playerone turn=false

|* 1. |* 1. |*-1. || -1. | -0. | -1. || -1. |  1. |  1. |
|*-1. |*-0. |* 1. || -1. | -1. | -1. ||  1. | -0. | -1. |
|*-1. |*-0. |*-1. || -0. | -1. |  1. || -1. |  1. |  1. |
|=====+=====+=====||=====+=====+=====||=====+=====+=====|
| -1. | -1. |  1. || -1. |  1. | -0. ||  1. |  1. |  1. |
|  1. |  1. | -1. || -1. |  1. | -0. || -0. | -1. | -0. |
| -1. |  1. | -1. || -1. | -0. |  1. || -0. | -0. |  1. |
|=====+=====+=====||=====+=====+=====||=====+=====+=====|
|  1. |  1. | -1. || -0. | -0. | -1. ||  1. |  1. | -1. |
|  1. |  1. | -0. ||  1. | -0. | -0. || -1. | -1. | -1. |
| -0. | -0. |  1. || -0. | -0. | -1. ||  1. | -0. | -1. |


Determined best move using: 2588993Iterations
current State

| -1. | -1. |  1. ||  1. |  0. |  1. ||  1. | -1. | -1. |
|  1. |  0. | -1. ||  1. |  1. |  1. || -1. |  0. |  1. |
|  1. | -1. |  1. ||  0. |  1. | -1. ||  1. | -1. | -1. |
|=====+=====+=====||=====+=====+=====||=====+=====+=====|
|  1. |  1. | -1. ||  1. | -1. |  0. || -1. | -1. | -1. |
| -1. | -1. |  1. ||  1. | -1. |  0. ||  0. |  1. |  0. |
|  1. | -1. |  1. ||  1. |  0. | -1. ||  0. |  0. | -1. |
|=====+=====+=====||=====+=====+=====||=====+=====+=====|
| -1. | -1. |  1. ||* 0. |* 0. |* 1. || -1. | -1. |  1. |
| -1. | -1. |  0. ||*-1. |* 0. |* 0. ||  1. |  1. |  1. |
|  0. |  0. | -1. ||* 0. |* 0. |* 1. || -1. |  0. |  1. |


state to eval, currenty is playerone turn=true

| -1. | -1. |  1. ||  1. |  0. |  1. ||  1. | -1. | -1. |
|  1. |  0. | -1. ||  1. |  1. |  1. || -1. |  0. |  1. |
|  1. | -1. |  1. ||  0. |  1. | -1. ||  1. | -1. | -1. |
|=====+=====+=====||=====+=====+=====||=====+=====+=====|
|  1. |  1. | -1. ||  1. | -1. |  0. || -1. | -1. | -1. |
| -1. | -1. |  1. ||  1. | -1. |  0. ||  0. |  1. |  0. |
|  1. | -1. |  1. ||  1. |  0. | -1. ||  0. |  0. | -1. |
|=====+=====+=====||=====+=====+=====||=====+=====+=====|
| -1. | -1. |  1. ||* 0. |* 0. |* 1. || -1. | -1. |  1. |
| -1. | -1. |  0. ||*-1. |* 0. |* 0. ||  1. |  1. |  1. |
|  0. |  0. | -1. ||* 0. |* 0. |* 1. || -1. |  0. |  1. |


Determined best move using: 2691672Iterations
current State

|*-1. |*-1. |* 1. ||  1. |  0. |  1. ||* 1. |*-1. |*-1. |
|* 1. |* 0. |*-1. ||  1. |  1. |  1. ||*-1. |* 0. |* 1. |
|* 1. |*-1. |* 1. ||  0. |  1. | -1. ||* 1. |*-1. |*-1. |
|=====+=====+=====||=====+=====+=====||=====+=====+=====|
|  1. |  1. | -1. ||  1. | -1. |  0. || -1. | -1. | -1. |
| -1. | -1. |  1. ||  1. | -1. |  0. ||  0. |  1. |  0. |
|  1. | -1. |  1. ||  1. |  0. | -1. ||  0. |  0. | -1. |
|=====+=====+=====||=====+=====+=====||=====+=====+=====|
| -1. | -1. |  1. ||  0. |  0. |  1. || -1. | -1. |  1. |
| -1. | -1. |  0. || -1. |  0. |  1. ||  1. |  1. |  1. |
|  0. |  0. | -1. ||  0. |  0. |  1. || -1. |  0. |  1. |


Game ended in: 61 moves
Actual data created in graphical format: 
[StateDatum{MCTSProbabilites=
|  .0135 |  .0091 |  .0086 ||  .0128 |  .0074 |  .0108 ||  .0111 |  .0101 |  .0148 |
|  .0117 |  .0185 |  .011 ||  .0115 |  .013 |  .016 ||  .0151 |  .0088 |  .0131 |
|  .0079 |  .0139 |  .0104 ||  .0155 |  .0144 |  .0095 ||  .0154 |  .0109 |  .0072 |
|========+========+========||========+========+========||========+========+========|
|  .013 |  .0114 |  .0131 ||  .0116 |  .0077 |  .0067 ||  .0128 |  .0143 |  .0108 |
|  .0134 |  .0121 |  .0125 ||  .0138 |  .0081 |  .0114 ||  .0168 |  .0157 |  .0138 |
|  .022 |  .0168 |  .0137 ||  .0078 |  .0134 |  .0064 ||  .0142 |  .0149 |  .014 |
|========+========+========||========+========+========||========+========+========|
|  .0145 |  .0097 |  .0093 ||  .01 |  .0127 |  .0095 ||  .0109 |  .0164 |  .0121 |
|  .0114 |  .0105 |  .0066 ||  .0088 |  .0148 |  .0173 ||  .0071 |  .0167 |  .0097 |
|  .0128 |  .0139 |  .018 ||  .0158 |  .0141 |  .0176 ||  .0134 |  .0141 |  .0086 |

, state=
|* 0. |* 0. |* 0. ||* 0. |* 0. |* 0. ||* 0. |* 0. |* 0. |
|* 0. |* 0. |* 0. ||* 0. |* 0. |* 0. ||* 0. |* 0. |* 0. |
|* 0. |* 0. |* 0. ||* 0. |* 0. |* 0. ||* 0. |* 0. |* 0. |
|=====+=====+=====||=====+=====+=====||=====+=====+=====|
|* 0. |* 0. |* 0. ||* 0. |* 0. |* 0. ||* 0. |* 0. |* 0. |
|* 0. |* 0. |* 0. ||* 0. |* 0. |* 0. ||* 0. |* 0. |* 0. |
|* 0. |* 0. |* 0. ||* 0. |* 0. |* 0. ||* 0. |* 0. |* 0. |
|=====+=====+=====||=====+=====+=====||=====+=====+=====|
|* 0. |* 0. |* 0. ||* 0. |* 0. |* 0. ||* 0. |* 0. |* 0. |
|* 0. |* 0. |* 0. ||* 0. |* 0. |* 0. ||* 0. |* 0. |* 0. |
|* 0. |* 0. |* 0. ||* 0. |* 0. |* 0. ||* 0. |* 0. |* 0. |

, evalForThisState=1.0, isPlayerOneTurnOriginally=true}, StateDatum{MCTSProbabilites=
|  .0 |  .0 |  .0 ||  .0 |  .0 |  .0 ||  .0 |  .0 |  .0 |
|  .0 |  .0 |  .0 ||  .0 |  .0 |  .0 ||  .0 |  .0 |  .0 |
|  .0 |  .0 |  .0 ||  .0 |  .0 |  .0 ||  .0 |  .0 |  .0 |
|========+========+========||========+========+========||========+========+========|
|  .0 |  .0 |  .0 ||  .0 |  .0 |  .0 ||  .0 |  .0 |  .0 |
|  .0 |  .0 |  .0 ||  .0 |  .0 |  .0 ||  .0 |  .0 |  .0 |
|  .0 |  .0 |  .0 ||  .0 |  .0 |  .0 ||  .0 |  .0 |  .0 |
|========+========+========||========+========+========||========+========+========|
|  .0429 |  .2406 |  .04 ||  .0 |  .0 |  .0 ||  .0 |  .0 |  .0 |
|  .4222 |  .0397 |  .0509 ||  .0 |  .0 |  .0 ||  .0 |  .0 |  .0 |
|  .0612 |  .0535 |  .049 ||  .0 |  .0 |  .0 ||  .0 |  .0 |  .0 |

, state=
| -0. | -0. | -0. || -0. | -0. | -0. || -0. | -0. | -0. |
| -0. | -0. | -0. || -0. | -0. | -0. || -0. | -0. | -0. |
| -0. | -0. | -0. || -0. | -0. | -0. || -0. | -0. | -0. |
|=====+=====+=====||=====+=====+=====||=====+=====+=====|
| -0. | -0. | -0. || -0. | -0. | -0. || -0. | -0. | -0. |
| -0. | -0. | -0. || -0. | -0. | -0. || -0. | -0. | -0. |
| -1. | -0. | -0. || -0. | -0. | -0. || -0. | -0. | -0. |
|=====+=====+=====||=====+=====+=====||=====+=====+=====|
|*-0. |*-0. |*-0. || -0. | -0. | -0. || -0. | -0. | -0. |
|*-0. |*-0. |*-0. || -0. | -0. | -0. || -0. | -0. | -0. |
|*-0. |*-0. |*-0. || -0. | -0. | -0. || -0. | -0. | -0. |

, evalForThisState=-1.0, isPlayerOneTurnOriginally=false}, StateDatum{MCTSProbabilites=
|  .0 |  .0 |  .0 ||  .0 |  .0 |  .0 ||  .0 |  .0 |  .0 |
|  .0 |  .0 |  .0 ||  .0 |  .0 |  .0 ||  .0 |  .0 |  .0 |
|  .0 |  .0 |  .0 ||  .0 |  .0 |  .0 ||  .0 |  .0 |  .0 |
|========+========+========||========+========+========||========+========+========|
|  .0872 |  .1646 |  .101 ||  .0 |  .0 |  .0 ||  .0 |  .0 |  .0 |
|  .122 |  .0881 |  .0838 ||  .0 |  .0 |  .0 ||  .0 |  .0 |  .0 |
|  .0 |  .1507 |  .2026 ||  .0 |  .0 |  .0 ||  .0 |  .0 |  .0 |
|========+========+========||========+========+========||========+========+========|
|  .0 |  .0 |  .0 ||  .0 |  .0 |  .0 ||  .0 |  .0 |  .0 |
|  .0 |  .0 |  .0 ||  .0 |  .0 |  .0 ||  .0 |  .0 |  .0 |
|  .0 |  .0 |  .0 ||  .0 |  .0 |  .0 ||  .0 |  .0 |  .0 |

, state=
|  0. |  0. |  0. ||  0. |  0. |  0. ||  0. |  0. |  0. |
|  0. |  0. |  0. ||  0. |  0. |  0. ||  0. |  0. |  0. |
|  0. |  0. |  0. ||  0. |  0. |  0. ||  0. |  0. |  0. |
|=====+=====+=====||=====+=====+=====||=====+=====+=====|
|* 0. |* 0. |* 0. ||  0. |  0. |  0. ||  0. |  0. |  0. |
|* 0. |* 0. |* 0. ||  0. |  0. |  0. ||  0. |  0. |  0. |
|* 1. |* 0. |* 0. ||  0. |  0. |  0. ||  0. |  0. |  0. |
|=====+=====+=====||=====+=====+=====||=====+=====+=====|
|  0. |  0. |  0. ||  0. |  0. |  0. ||  0. |  0. |  0. |
| -1. |  0. |  0. ||  0. |  0. |  0. ||  0. |  0. |  0. |
|  0. |  0. |  0. ||  0. |  0. |  0. ||  0. |  0. |  0. |

, evalForThisState=1.0, isPlayerOneTurnOriginally=true}, StateDatum{MCTSProbabilites=
|  .0 |  .0 |  .0 ||  .0 |  .0 |  .0 ||  .0 |  .0 |  .0 |
|  .0 |  .0 |  .0 ||  .0 |  .0 |  .0 ||  .0 |  .0 |  .0 |
|  .0 |  .0 |  .0 ||  .0 |  .0 |  .0 ||  .0 |  .0 |  .0 |
|========+========+========||========+========+========||========+========+========|
|  .0 |  .0 |  .0 ||  .0 |  .0 |  .0 ||  .0 |  .0 |  .0 |
|  .0 |  .0 |  .0 ||  .0 |  .0 |  .0 ||  .0 |  .0 |  .0 |
|  .0 |  .0 |  .0 ||  .0 |  .0 |  .0 ||  .0 |  .0 |  .0 |
|========+========+========||========+========+========||========+========+========|
|  .0 |  .0 |  .0 ||  .0 |  .0 |  .0 ||  .5003 |  .1725 |  .0492 |
|  .0 |  .0 |  .0 ||  .0 |  .0 |  .0 ||  .0421 |  .0481 |  .0503 |
|  .0 |  .0 |  .0 ||  .0 |  .0 |  .0 ||  .0447 |  .0542 |  .0387 |

, state=
| -0. | -0. | -0. || -0. | -0. | -0. || -0. | -0. | -0. |
| -0. | -0. | -0. || -0. | -0. | -0. || -0. | -0. | -0. |
| -0. | -0. | -0. || -0. | -0. | -0. || -0. | -0. | -0. |
|=====+=====+=====||=====+=====+=====||=====+=====+=====|
| -0. | -0. | -0. || -0. | -0. | -0. || -0. | -0. | -0. |
| -0. | -0. | -0. || -0. | -0. | -0. || -0. | -0. | -0. |
| -1. | -0. | -1. || -0. | -0. | -0. || -0. | -0. | -0. |
|=====+=====+=====||=====+=====+=====||=====+=====+=====|
| -0. | -0. | -0. || -0. | -0. | -0. ||*-0. |*-0. |*-0. |
|  1. | -0. | -0. || -0. | -0. | -0. ||*-0. |*-0. |*-0. |
| -0. | -0. | -0. || -0. | -0. | -0. ||*-0. |*-0. |*-0. |

, evalForThisState=-1.0, isPlayerOneTurnOriginally=false}, StateDatum{MCTSProbabilites=
|  .0966 |  .1436 |  .137 ||  .0 |  .0 |  .0 ||  .0 |  .0 |  .0 |
|  .1921 |  .0912 |  .0655 ||  .0 |  .0 |  .0 ||  .0 |  .0 |  .0 |
|  .0788 |  .0953 |  .0999 ||  .0 |  .0 |  .0 ||  .0 |  .0 |  .0 |
|========+========+========||========+========+========||========+========+========|
|  .0 |  .0 |  .0 ||  .0 |  .0 |  .0 ||  .0 |  .0 |  .0 |
|  .0 |  .0 |  .0 ||  .0 |  .0 |  .0 ||  .0 |  .0 |  .0 |
|  .0 |  .0 |  .0 ||  .0 |  .0 |  .0 ||  .0 |  .0 |  .0 |
|========+========+========||========+========+========||========+========+========|
|  .0 |  .0 |  .0 ||  .0 |  .0 |  .0 ||  .0 |  .0 |  .0 |
|  .0 |  .0 |  .0 ||  .0 |  .0 |  .0 ||  .0 |  .0 |  .0 |
|  .0 |  .0 |  .0 ||  .0 |  .0 |  .0 ||  .0 |  .0 |  .0 |

, state=
|* 0. |* 0. |* 0. ||  0. |  0. |  0. ||  0. |  0. |  0. |
|* 0. |* 0. |* 0. ||  0. |  0. |  0. ||  0. |  0. |  0. |
|* 0. |* 0. |* 0. ||  0. |  0. |  0. ||  0. |  0. |  0. |
|=====+=====+=====||=====+=====+=====||=====+=====+=====|
|  0. |  0. |  0. ||  0. |  0. |  0. ||  0. |  0. |  0. |
|  0. |  0. |  0. ||  0. |  0. |  0. ||  0. |  0. |  0. |
|  1. |  0. |  1. ||  0. |  0. |  0. ||  0. |  0. |  0. |
|=====+=====+=====||=====+=====+=====||=====+=====+=====|
|  0. |  0. |  0. ||  0. |  0. |  0. || -1. |  0. |  0. |
| -1. |  0. |  0. ||  0. |  0. |  0. ||  0. |  0. |  0. |
|  0. |  0. |  0. ||  0. |  0. |  0. ||  0. |  0. |  0. |

, evalForThisState=1.0, isPlayerOneTurnOriginally=true}, StateDatum{MCTSProbabilites=
|  .0 |  .0 |  .0 ||  .0 |  .0 |  .0 ||  .0 |  .0 |  .0 |
|  .0 |  .0 |  .0 ||  .0 |  .0 |  .0 ||  .0 |  .0 |  .0 |
|  .0 |  .0 |  .0 ||  .0 |  .0 |  .0 ||  .0 |  .0 |  .0 |
|========+========+========||========+========+========||========+========+========|
|  .0396 |  .3201 |  .0544 ||  .0 |  .0 |  .0 ||  .0 |  .0 |  .0 |
|  .3466 |  .0541 |  .0525 ||  .0 |  .0 |  .0 ||  .0 |  .0 |  .0 |
|  .0 |  .1328 |  .0 ||  .0 |  .0 |  .0 ||  .0 |  .0 |  .0 |
|========+========+========||========+========+========||========+========+========|
|  .0 |  .0 |  .0 ||  .0 |  .0 |  .0 ||  .0 |  .0 |  .0 |
|  .0 |  .0 |  .0 ||  .0 |  .0 |  .0 ||  .0 |  .0 |  .0 |
|  .0 |  .0 |  .0 ||  .0 |  .0 |  .0 ||  .0 |  .0 |  .0 |

, state=
| -0. | -0. | -0. || -0. | -0. | -0. || -0. | -0. | -0. |
| -1. | -0. | -0. || -0. | -0. | -0. || -0. | -0. | -0. |
| -0. | -0. | -0. || -0. | -0. | -0. || -0. | -0. | -0. |
|=====+=====+=====||=====+=====+=====||=====+=====+=====|
|*-0. |*-0. |*-0. || -0. | -0. | -0. || -0. | -0. | -0. |
|*-0. |*-0. |*-0. || -0. | -0. | -0. || -0. | -0. | -0. |
|*-1. |*-0. |*-1. || -0. | -0. | -0. || -0. | -0. | -0. |
|=====+=====+=====||=====+=====+=====||=====+=====+=====|
| -0. | -0. | -0. || -0. | -0. | -0. ||  1. | -0. | -0. |
|  1. | -0. | -0. || -0. | -0. | -0. || -0. | -0. | -0. |
| -0. | -0. | -0. || -0. | -0. | -0. || -0. | -0. | -0. |

, evalForThisState=-1.0, isPlayerOneTurnOriginally=false}, StateDatum{MCTSProbabilites=
|  .0 |  .0 |  .0 ||  .0 |  .0 |  .0 ||  .0 |  .0 |  .0 |
|  .0 |  .0 |  .0 ||  .0 |  .0 |  .0 ||  .0 |  .0 |  .0 |
|  .0 |  .0 |  .0 ||  .0 |  .0 |  .0 ||  .0 |  .0 |  .0 |
|========+========+========||========+========+========||========+========+========|
|  .1883 |  .2938 |  .0556 ||  .0 |  .0 |  .0 ||  .0 |  .0 |  .0 |
|  .0 |  .1477 |  .1531 ||  .0 |  .0 |  .0 ||  .0 |  .0 |  .0 |
|  .0 |  .1615 |  .0 ||  .0 |  .0 |  .0 ||  .0 |  .0 |  .0 |
|========+========+========||========+========+========||========+========+========|
|  .0 |  .0 |  .0 ||  .0 |  .0 |  .0 ||  .0 |  .0 |  .0 |
|  .0 |  .0 |  .0 ||  .0 |  .0 |  .0 ||  .0 |  .0 |  .0 |
|  .0 |  .0 |  .0 ||  .0 |  .0 |  .0 ||  .0 |  .0 |  .0 |

, state=
|  0. |  0. |  0. ||  0. |  0. |  0. ||  0. |  0. |  0. |
|  1. |  0. |  0. ||  0. |  0. |  0. ||  0. |  0. |  0. |
|  0. |  0. |  0. ||  0. |  0. |  0. ||  0. |  0. |  0. |
|=====+=====+=====||=====+=====+=====||=====+=====+=====|
|* 0. |* 0. |* 0. ||  0. |  0. |  0. ||  0. |  0. |  0. |
|*-1. |* 0. |* 0. ||  0. |  0. |  0. ||  0. |  0. |  0. |
|* 1. |* 0. |* 1. ||  0. |  0. |  0. ||  0. |  0. |  0. |
|=====+=====+=====||=====+=====+=====||=====+=====+=====|
|  0. |  0. |  0. ||  0. |  0. |  0. || -1. |  0. |  0. |
| -1. |  0. |  0. ||  0. |  0. |  0. ||  0. |  0. |  0. |
|  0. |  0. |  0. ||  0. |  0. |  0. ||  0. |  0. |  0. |

, evalForThisState=1.0, isPlayerOneTurnOriginally=true}, StateDatum{MCTSProbabilites=
|  .0 |  .0 |  .0 ||  .0388 |  .1871 |  .1587 ||  .0 |  .0 |  .0 |
|  .0 |  .0 |  .0 ||  .0989 |  .0374 |  .0934 ||  .0 |  .0 |  .0 |
|  .0 |  .0 |  .0 ||  .0305 |  .0471 |  .308 ||  .0 |  .0 |  .0 |
|========+========+========||========+========+========||========+========+========|
|  .0 |  .0 |  .0 ||  .0 |  .0 |  .0 ||  .0 |  .0 |  .0 |
|  .0 |  .0 |  .0 ||  .0 |  .0 |  .0 ||  .0 |  .0 |  .0 |
|  .0 |  .0 |  .0 ||  .0 |  .0 |  .0 ||  .0 |  .0 |  .0 |
|========+========+========||========+========+========||========+========+========|
|  .0 |  .0 |  .0 ||  .0 |  .0 |  .0 ||  .0 |  .0 |  .0 |
|  .0 |  .0 |  .0 ||  .0 |  .0 |  .0 ||  .0 |  .0 |  .0 |
|  .0 |  .0 |  .0 ||  .0 |  .0 |  .0 ||  .0 |  .0 |  .0 |

, state=
| -0. | -0. | -0. ||*-0. |*-0. |*-0. || -0. | -0. | -0. |
| -1. | -0. | -0. ||*-0. |*-0. |*-0. || -0. | -0. | -0. |
| -0. | -0. | -0. ||*-0. |*-0. |*-0. || -0. | -0. | -0. |
|=====+=====+=====||=====+=====+=====||=====+=====+=====|
| -0. | -1. | -0. || -0. | -0. | -0. || -0. | -0. | -0. |
|  1. | -0. | -0. || -0. | -0. | -0. || -0. | -0. | -0. |
| -1. | -0. | -1. || -0. | -0. | -0. || -0. | -0. | -0. |
|=====+=====+=====||=====+=====+=====||=====+=====+=====|
| -0. | -0. | -0. || -0. | -0. | -0. ||  1. | -0. | -0. |
|  1. | -0. | -0. || -0. | -0. | -0. || -0. | -0. | -0. |
| -0. | -0. | -0. || -0. | -0. | -0. || -0. | -0. | -0. |

, evalForThisState=-1.0, isPlayerOneTurnOriginally=false}, StateDatum{MCTSProbabilites=
|  .0 |  .0 |  .0 ||  .0 |  .0 |  .0 ||  .0 |  .0 |  .0 |
|  .0 |  .0 |  .0 ||  .0 |  .0 |  .0 ||  .0 |  .0 |  .0 |
|  .0 |  .0 |  .0 ||  .0 |  .0 |  .0 ||  .0 |  .0 |  .0 |
|========+========+========||========+========+========||========+========+========|
|  .0 |  .0 |  .0 ||  .0 |  .0 |  .0 ||  .0 |  .0 |  .0 |
|  .0 |  .0 |  .0 ||  .0 |  .0 |  .0 ||  .0 |  .0 |  .0 |
|  .0 |  .0 |  .0 ||  .0 |  .0 |  .0 ||  .0 |  .0 |  .0 |
|========+========+========||========+========+========||========+========+========|
|  .0 |  .0 |  .0 ||  .0 |  .0 |  .0 ||  .0 |  .169 |  .0956 |
|  .0 |  .0 |  .0 ||  .0 |  .0 |  .0 ||  .3085 |  .0838 |  .0777 |
|  .0 |  .0 |  .0 ||  .0 |  .0 |  .0 ||  .0793 |  .072 |  .1141 |

, state=
|  0. |  0. |  0. ||  0. |  0. |  0. ||  0. |  0. |  0. |
|  1. |  0. |  0. ||  0. |  0. |  0. ||  0. |  0. |  0. |
|  0. |  0. |  0. ||  0. |  0. | -1. ||  0. |  0. |  0. |
|=====+=====+=====||=====+=====+=====||=====+=====+=====|
|  0. |  1. |  0. ||  0. |  0. |  0. ||  0. |  0. |  0. |
| -1. |  0. |  0. ||  0. |  0. |  0. ||  0. |  0. |  0. |
|  1. |  0. |  1. ||  0. |  0. |  0. ||  0. |  0. |  0. |
|=====+=====+=====||=====+=====+=====||=====+=====+=====|
|  0. |  0. |  0. ||  0. |  0. |  0. ||*-1. |* 0. |* 0. |
| -1. |  0. |  0. ||  0. |  0. |  0. ||* 0. |* 0. |* 0. |
|  0. |  0. |  0. ||  0. |  0. |  0. ||* 0. |* 0. |* 0. |

, evalForThisState=1.0, isPlayerOneTurnOriginally=true}, StateDatum{MCTSProbabilites=
|  .0 |  .0 |  .0 ||  .0 |  .0 |  .0 ||  .0 |  .0 |  .0 |
|  .0 |  .0 |  .0 ||  .0 |  .0 |  .0 ||  .0 |  .0 |  .0 |
|  .0 |  .0 |  .0 ||  .0 |  .0 |  .0 ||  .0 |  .0 |  .0 |
|========+========+========||========+========+========||========+========+========|
|  .045 |  .0 |  .3903 ||  .0 |  .0 |  .0 ||  .0 |  .0 |  .0 |
|  .0 |  .0423 |  .0893 ||  .0 |  .0 |  .0 ||  .0 |  .0 |  .0 |
|  .0 |  .433 |  .0 ||  .0 |  .0 |  .0 ||  .0 |  .0 |  .0 |
|========+========+========||========+========+========||========+========+========|
|  .0 |  .0 |  .0 ||  .0 |  .0 |  .0 ||  .0 |  .0 |  .0 |
|  .0 |  .0 |  .0 ||  .0 |  .0 |  .0 ||  .0 |  .0 |  .0 |
|  .0 |  .0 |  .0 ||  .0 |  .0 |  .0 ||  .0 |  .0 |  .0 |

, state=
| -0. | -0. | -0. || -0. | -0. | -0. || -0. | -0. | -0. |
| -1. | -0. | -0. || -0. | -0. | -0. || -0. | -0. | -0. |
| -0. | -0. | -0. || -0. | -0. |  1. || -0. | -0. | -0. |
|=====+=====+=====||=====+=====+=====||=====+=====+=====|
|*-0. |*-1. |*-0. || -0. | -0. | -0. || -0. | -0. | -0. |
|* 1. |*-0. |*-0. || -0. | -0. | -0. || -0. | -0. | -0. |
|*-1. |*-0. |*-1. || -0. | -0. | -0. || -0. | -0. | -0. |
|=====+=====+=====||=====+=====+=====||=====+=====+=====|
| -0. | -0. | -0. || -0. | -0. | -0. ||  1. | -0. | -0. |
|  1. | -0. | -0. || -0. | -0. | -0. || -1. | -0. | -0. |
| -0. | -0. | -0. || -0. | -0. | -0. || -0. | -0. | -0. |

, evalForThisState=-1.0, isPlayerOneTurnOriginally=false}, StateDatum{MCTSProbabilites=
|  .0 |  .0 |  .0 ||  .0 |  .0 |  .0 ||  .0 |  .0 |  .0 |
|  .0 |  .0 |  .0 ||  .0 |  .0 |  .0 ||  .0 |  .0 |  .0 |
|  .0 |  .0 |  .0 ||  .0 |  .0 |  .0 ||  .0 |  .0 |  .0 |
|========+========+========||========+========+========||========+========+========|
|  .0 |  .0 |  .0 ||  .0 |  .0 |  .0 ||  .0 |  .0 |  .0 |
|  .0 |  .0 |  .0 ||  .0 |  .0 |  .0 ||  .0 |  .0 |  .0 |
|  .0 |  .0 |  .0 ||  .0 |  .0 |  .0 ||  .0 |  .0 |  .0 |
|========+========+========||========+========+========||========+========+========|
|  .0 |  .0 |  .0 ||  .0844 |  .0516 |  .3879 ||  .0 |  .0 |  .0 |
|  .0 |  .0 |  .0 ||  .2118 |  .0535 |  .0267 ||  .0 |  .0 |  .0 |
|  .0 |  .0 |  .0 ||  .0533 |  .0984 |  .0324 ||  .0 |  .0 |  .0 |

, state=
|  0. |  0. |  0. ||  0. |  0. |  0. ||  0. |  0. |  0. |
|  1. |  0. |  0. ||  0. |  0. |  0. ||  0. |  0. |  0. |
|  0. |  0. |  0. ||  0. |  0. | -1. ||  0. |  0. |  0. |
|=====+=====+=====||=====+=====+=====||=====+=====+=====|
|  0. |  1. |  0. ||  0. |  0. |  0. ||  0. |  0. |  0. |
| -1. |  0. |  0. ||  0. |  0. |  0. ||  0. |  0. |  0. |
|  1. | -1. |  1. ||  0. |  0. |  0. ||  0. |  0. |  0. |
|=====+=====+=====||=====+=====+=====||=====+=====+=====|
|  0. |  0. |  0. ||* 0. |* 0. |* 0. || -1. |  0. |  0. |
| -1. |  0. |  0. ||* 0. |* 0. |* 0. ||  1. |  0. |  0. |
|  0. |  0. |  0. ||* 0. |* 0. |* 0. ||  0. |  0. |  0. |

, evalForThisState=1.0, isPlayerOneTurnOriginally=true}, StateDatum{MCTSProbabilites=
|  .0 |  .0 |  .0 ||  .0 |  .0 |  .0 ||  .0667 |  .1244 |  .1282 |
|  .0 |  .0 |  .0 ||  .0 |  .0 |  .0 ||  .1748 |  .0609 |  .1091 |
|  .0 |  .0 |  .0 ||  .0 |  .0 |  .0 ||  .1554 |  .0272 |  .1532 |
|========+========+========||========+========+========||========+========+========|
|  .0 |  .0 |  .0 ||  .0 |  .0 |  .0 ||  .0 |  .0 |  .0 |
|  .0 |  .0 |  .0 ||  .0 |  .0 |  .0 ||  .0 |  .0 |  .0 |
|  .0 |  .0 |  .0 ||  .0 |  .0 |  .0 ||  .0 |  .0 |  .0 |
|========+========+========||========+========+========||========+========+========|
|  .0 |  .0 |  .0 ||  .0 |  .0 |  .0 ||  .0 |  .0 |  .0 |
|  .0 |  .0 |  .0 ||  .0 |  .0 |  .0 ||  .0 |  .0 |  .0 |
|  .0 |  .0 |  .0 ||  .0 |  .0 |  .0 ||  .0 |  .0 |  .0 |

, state=
| -0. | -0. | -0. || -0. | -0. | -0. ||*-0. |*-0. |*-0. |
| -1. | -0. | -0. || -0. | -0. | -0. ||*-0. |*-0. |*-0. |
| -0. | -0. | -0. || -0. | -0. |  1. ||*-0. |*-0. |*-0. |
|=====+=====+=====||=====+=====+=====||=====+=====+=====|
| -0. | -1. | -0. || -0. | -0. | -0. || -0. | -0. | -0. |
|  1. | -0. | -0. || -0. | -0. | -0. || -0. | -0. | -0. |
| -1. |  1. | -1. || -0. | -0. | -0. || -0. | -0. | -0. |
|=====+=====+=====||=====+=====+=====||=====+=====+=====|
| -0. | -0. | -0. || -0. | -0. | -1. ||  1. | -0. | -0. |
|  1. | -0. | -0. || -0. | -0. | -0. || -1. | -0. | -0. |
| -0. | -0. | -0. || -0. | -0. | -0. || -0. | -0. | -0. |

, evalForThisState=-1.0, isPlayerOneTurnOriginally=false}, StateDatum{MCTSProbabilites=
|  .0 |  .0 |  .0 ||  .0 |  .0 |  .0 ||  .0 |  .0 |  .0 |
|  .0 |  .0 |  .0 ||  .0 |  .0 |  .0 ||  .0 |  .0 |  .0 |
|  .0 |  .0 |  .0 ||  .0 |  .0 |  .0 ||  .0 |  .0 |  .0 |
|========+========+========||========+========+========||========+========+========|
|  .3626 |  .0 |  .1011 ||  .0 |  .0 |  .0 ||  .0 |  .0 |  .0 |
|  .0 |  .2279 |  .3084 ||  .0 |  .0 |  .0 ||  .0 |  .0 |  .0 |
|  .0 |  .0 |  .0 ||  .0 |  .0 |  .0 ||  .0 |  .0 |  .0 |
|========+========+========||========+========+========||========+========+========|
|  .0 |  .0 |  .0 ||  .0 |  .0 |  .0 ||  .0 |  .0 |  .0 |
|  .0 |  .0 |  .0 ||  .0 |  .0 |  .0 ||  .0 |  .0 |  .0 |
|  .0 |  .0 |  .0 ||  .0 |  .0 |  .0 ||  .0 |  .0 |  .0 |

, state=
|  0. |  0. |  0. ||  0. |  0. |  0. ||  0. |  0. |  0. |
|  1. |  0. |  0. ||  0. |  0. |  0. || -1. |  0. |  0. |
|  0. |  0. |  0. ||  0. |  0. | -1. ||  0. |  0. |  0. |
|=====+=====+=====||=====+=====+=====||=====+=====+=====|
|* 0. |* 1. |* 0. ||  0. |  0. |  0. ||  0. |  0. |  0. |
|*-1. |* 0. |* 0. ||  0. |  0. |  0. ||  0. |  0. |  0. |
|* 1. |*-1. |* 1. ||  0. |  0. |  0. ||  0. |  0. |  0. |
|=====+=====+=====||=====+=====+=====||=====+=====+=====|
|  0. |  0. |  0. ||  0. |  0. |  1. || -1. |  0. |  0. |
| -1. |  0. |  0. ||  0. |  0. |  0. ||  1. |  0. |  0. |
|  0. |  0. |  0. ||  0. |  0. |  0. ||  0. |  0. |  0. |

, evalForThisState=1.0, isPlayerOneTurnOriginally=true}, StateDatum{MCTSProbabilites=
|  .2261 |  .1727 |  .1736 ||  .0 |  .0 |  .0 ||  .0 |  .0 |  .0 |
|  .0 |  .0849 |  .0993 ||  .0 |  .0 |  .0 ||  .0 |  .0 |  .0 |
|  .0283 |  .066 |  .1492 ||  .0 |  .0 |  .0 ||  .0 |  .0 |  .0 |
|========+========+========||========+========+========||========+========+========|
|  .0 |  .0 |  .0 ||  .0 |  .0 |  .0 ||  .0 |  .0 |  .0 |
|  .0 |  .0 |  .0 ||  .0 |  .0 |  .0 ||  .0 |  .0 |  .0 |
|  .0 |  .0 |  .0 ||  .0 |  .0 |  .0 ||  .0 |  .0 |  .0 |
|========+========+========||========+========+========||========+========+========|
|  .0 |  .0 |  .0 ||  .0 |  .0 |  .0 ||  .0 |  .0 |  .0 |
|  .0 |  .0 |  .0 ||  .0 |  .0 |  .0 ||  .0 |  .0 |  .0 |
|  .0 |  .0 |  .0 ||  .0 |  .0 |  .0 ||  .0 |  .0 |  .0 |

, state=
|*-0. |*-0. |*-0. || -0. | -0. | -0. || -0. | -0. | -0. |
|*-1. |*-0. |*-0. || -0. | -0. | -0. ||  1. | -0. | -0. |
|*-0. |*-0. |*-0. || -0. | -0. |  1. || -0. | -0. | -0. |
|=====+=====+=====||=====+=====+=====||=====+=====+=====|
| -1. | -1. | -0. || -0. | -0. | -0. || -0. | -0. | -0. |
|  1. | -0. | -0. || -0. | -0. | -0. || -0. | -0. | -0. |
| -1. |  1. | -1. || -0. | -0. | -0. || -0. | -0. | -0. |
|=====+=====+=====||=====+=====+=====||=====+=====+=====|
| -0. | -0. | -0. || -0. | -0. | -1. ||  1. | -0. | -0. |
|  1. | -0. | -0. || -0. | -0. | -0. || -1. | -0. | -0. |
| -0. | -0. | -0. || -0. | -0. | -0. || -0. | -0. | -0. |

, evalForThisState=-1.0, isPlayerOneTurnOriginally=false}, StateDatum{MCTSProbabilites=
|  .0 |  .1142 |  .0311 ||  .0 |  .0 |  .0 ||  .0 |  .0 |  .0 |
|  .0 |  .1679 |  .0789 ||  .0 |  .0 |  .0 ||  .0 |  .0 |  .0 |
|  .3027 |  .0338 |  .2715 ||  .0 |  .0 |  .0 ||  .0 |  .0 |  .0 |
|========+========+========||========+========+========||========+========+========|
|  .0 |  .0 |  .0 ||  .0 |  .0 |  .0 ||  .0 |  .0 |  .0 |
|  .0 |  .0 |  .0 ||  .0 |  .0 |  .0 ||  .0 |  .0 |  .0 |
|  .0 |  .0 |  .0 ||  .0 |  .0 |  .0 ||  .0 |  .0 |  .0 |
|========+========+========||========+========+========||========+========+========|
|  .0 |  .0 |  .0 ||  .0 |  .0 |  .0 ||  .0 |  .0 |  .0 |
|  .0 |  .0 |  .0 ||  .0 |  .0 |  .0 ||  .0 |  .0 |  .0 |
|  .0 |  .0 |  .0 ||  .0 |  .0 |  .0 ||  .0 |  .0 |  .0 |

, state=
|*-1. |* 0. |* 0. ||  0. |  0. |  0. ||  0. |  0. |  0. |
|* 1. |* 0. |* 0. ||  0. |  0. |  0. || -1. |  0. |  0. |
|* 0. |* 0. |* 0. ||  0. |  0. | -1. ||  0. |  0. |  0. |
|=====+=====+=====||=====+=====+=====||=====+=====+=====|
|  1. |  1. |  0. ||  0. |  0. |  0. ||  0. |  0. |  0. |
| -1. |  0. |  0. ||  0. |  0. |  0. ||  0. |  0. |  0. |
|  1. | -1. |  1. ||  0. |  0. |  0. ||  0. |  0. |  0. |
|=====+=====+=====||=====+=====+=====||=====+=====+=====|
|  0. |  0. |  0. ||  0. |  0. |  1. || -1. |  0. |  0. |
| -1. |  0. |  0. ||  0. |  0. |  0. ||  1. |  0. |  0. |
|  0. |  0. |  0. ||  0. |  0. |  0. ||  0. |  0. |  0. |

, evalForThisState=1.0, isPlayerOneTurnOriginally=true}, StateDatum{MCTSProbabilites=
|  .0 |  .0 |  .0 ||  .0 |  .0 |  .0 ||  .0 |  .0 |  .0 |
|  .0 |  .0 |  .0 ||  .0 |  .0 |  .0 ||  .0 |  .0 |  .0 |
|  .0 |  .0 |  .0 ||  .0 |  .0 |  .0 ||  .0 |  .0 |  .0 |
|========+========+========||========+========+========||========+========+========|
|  .0 |  .0 |  .0 ||  .0 |  .0 |  .0 ||  .0 |  .0 |  .0 |
|  .0 |  .0 |  .0 ||  .0 |  .0 |  .0 ||  .0 |  .0 |  .0 |
|  .0 |  .0 |  .0 ||  .0 |  .0 |  .0 ||  .0 |  .0 |  .0 |
|========+========+========||========+========+========||========+========+========|
|  .1425 |  .171 |  .0819 ||  .0 |  .0 |  .0 ||  .0 |  .0 |  .0 |
|  .0 |  .1248 |  .1367 ||  .0 |  .0 |  .0 ||  .0 |  .0 |  .0 |
|  .1239 |  .1374 |  .0817 ||  .0 |  .0 |  .0 ||  .0 |  .0 |  .0 |

, state=
|  1. | -0. | -0. || -0. | -0. | -0. || -0. | -0. | -0. |
| -1. | -0. | -0. || -0. | -0. | -0. ||  1. | -0. | -0. |
| -1. | -0. | -0. || -0. | -0. |  1. || -0. | -0. | -0. |
|=====+=====+=====||=====+=====+=====||=====+=====+=====|
| -1. | -1. | -0. || -0. | -0. | -0. || -0. | -0. | -0. |
|  1. | -0. | -0. || -0. | -0. | -0. || -0. | -0. | -0. |
| -1. |  1. | -1. || -0. | -0. | -0. || -0. | -0. | -0. |
|=====+=====+=====||=====+=====+=====||=====+=====+=====|
|*-0. |*-0. |*-0. || -0. | -0. | -1. ||  1. | -0. | -0. |
|* 1. |*-0. |*-0. || -0. | -0. | -0. || -1. | -0. | -0. |
|*-0. |*-0. |*-0. || -0. | -0. | -0. || -0. | -0. | -0. |

, evalForThisState=-1.0, isPlayerOneTurnOriginally=false}, StateDatum{MCTSProbabilites=
|  .0 |  .0 |  .0 ||  .1892 |  .0368 |  .1895 ||  .0 |  .0 |  .0 |
|  .0 |  .0 |  .0 ||  .1181 |  .1707 |  .2364 ||  .0 |  .0 |  .0 |
|  .0 |  .0 |  .0 ||  .0264 |  .0329 |  .0 ||  .0 |  .0 |  .0 |
|========+========+========||========+========+========||========+========+========|
|  .0 |  .0 |  .0 ||  .0 |  .0 |  .0 ||  .0 |  .0 |  .0 |
|  .0 |  .0 |  .0 ||  .0 |  .0 |  .0 ||  .0 |  .0 |  .0 |
|  .0 |  .0 |  .0 ||  .0 |  .0 |  .0 ||  .0 |  .0 |  .0 |
|========+========+========||========+========+========||========+========+========|
|  .0 |  .0 |  .0 ||  .0 |  .0 |  .0 ||  .0 |  .0 |  .0 |
|  .0 |  .0 |  .0 ||  .0 |  .0 |  .0 ||  .0 |  .0 |  .0 |
|  .0 |  .0 |  .0 ||  .0 |  .0 |  .0 ||  .0 |  .0 |  .0 |

, state=
| -1. |  0. |  0. ||* 0. |* 0. |* 0. ||  0. |  0. |  0. |
|  1. |  0. |  0. ||* 0. |* 0. |* 0. || -1. |  0. |  0. |
|  1. |  0. |  0. ||* 0. |* 0. |*-1. ||  0. |  0. |  0. |
|=====+=====+=====||=====+=====+=====||=====+=====+=====|
|  1. |  1. |  0. ||  0. |  0. |  0. ||  0. |  0. |  0. |
| -1. |  0. |  0. ||  0. |  0. |  0. ||  0. |  0. |  0. |
|  1. | -1. |  1. ||  0. |  0. |  0. ||  0. |  0. |  0. |
|=====+=====+=====||=====+=====+=====||=====+=====+=====|
|  0. | -1. |  0. ||  0. |  0. |  1. || -1. |  0. |  0. |
| -1. |  0. |  0. ||  0. |  0. |  0. ||  1. |  0. |  0. |
|  0. |  0. |  0. ||  0. |  0. |  0. ||  0. |  0. |  0. |

, evalForThisState=1.0, isPlayerOneTurnOriginally=true}, StateDatum{MCTSProbabilites=
|  .0 |  .0 |  .0 ||  .0 |  .0 |  .0 ||  .0 |  .0 |  .0 |
|  .0 |  .0 |  .0 ||  .0 |  .0 |  .0 ||  .0 |  .0 |  .0 |
|  .0 |  .0 |  .0 ||  .0 |  .0 |  .0 ||  .0 |  .0 |  .0 |
|========+========+========||========+========+========||========+========+========|
|  .0 |  .0 |  .0 ||  .0 |  .0 |  .0 ||  .1929 |  .1107 |  .1074 |
|  .0 |  .0 |  .0 ||  .0 |  .0 |  .0 ||  .1341 |  .0738 |  .1051 |
|  .0 |  .0 |  .0 ||  .0 |  .0 |  .0 ||  .11 |  .0707 |  .0953 |
|========+========+========||========+========+========||========+========+========|
|  .0 |  .0 |  .0 ||  .0 |  .0 |  .0 ||  .0 |  .0 |  .0 |
|  .0 |  .0 |  .0 ||  .0 |  .0 |  .0 ||  .0 |  .0 |  .0 |
|  .0 |  .0 |  .0 ||  .0 |  .0 |  .0 ||  .0 |  .0 |  .0 |

, state=
|  1. | -0. | -0. || -0. | -0. | -0. || -0. | -0. | -0. |
| -1. | -0. | -0. || -0. | -0. | -1. ||  1. | -0. | -0. |
| -1. | -0. | -0. || -0. | -0. |  1. || -0. | -0. | -0. |
|=====+=====+=====||=====+=====+=====||=====+=====+=====|
| -1. | -1. | -0. || -0. | -0. | -0. ||*-0. |*-0. |*-0. |
|  1. | -0. | -0. || -0. | -0. | -0. ||*-0. |*-0. |*-0. |
| -1. |  1. | -1. || -0. | -0. | -0. ||*-0. |*-0. |*-0. |
|=====+=====+=====||=====+=====+=====||=====+=====+=====|
| -0. |  1. | -0. || -0. | -0. | -1. ||  1. | -0. | -0. |
|  1. | -0. | -0. || -0. | -0. | -0. || -1. | -0. | -0. |
| -0. | -0. | -0. || -0. | -0. | -0. || -0. | -0. | -0. |

, evalForThisState=-1.0, isPlayerOneTurnOriginally=false}, StateDatum{MCTSProbabilites=
|  .0 |  .2264 |  .2547 ||  .0 |  .0 |  .0 ||  .0 |  .0 |  .0 |
|  .0 |  .0501 |  .2262 ||  .0 |  .0 |  .0 ||  .0 |  .0 |  .0 |
|  .0 |  .1947 |  .0479 ||  .0 |  .0 |  .0 ||  .0 |  .0 |  .0 |
|========+========+========||========+========+========||========+========+========|
|  .0 |  .0 |  .0 ||  .0 |  .0 |  .0 ||  .0 |  .0 |  .0 |
|  .0 |  .0 |  .0 ||  .0 |  .0 |  .0 ||  .0 |  .0 |  .0 |
|  .0 |  .0 |  .0 ||  .0 |  .0 |  .0 ||  .0 |  .0 |  .0 |
|========+========+========||========+========+========||========+========+========|
|  .0 |  .0 |  .0 ||  .0 |  .0 |  .0 ||  .0 |  .0 |  .0 |
|  .0 |  .0 |  .0 ||  .0 |  .0 |  .0 ||  .0 |  .0 |  .0 |
|  .0 |  .0 |  .0 ||  .0 |  .0 |  .0 ||  .0 |  .0 |  .0 |

, state=
|*-1. |* 0. |* 0. ||  0. |  0. |  0. ||  0. |  0. |  0. |
|* 1. |* 0. |* 0. ||  0. |  0. |  1. || -1. |  0. |  0. |
|* 1. |* 0. |* 0. ||  0. |  0. | -1. ||  0. |  0. |  0. |
|=====+=====+=====||=====+=====+=====||=====+=====+=====|
|  1. |  1. |  0. ||  0. |  0. |  0. || -1. |  0. |  0. |
| -1. |  0. |  0. ||  0. |  0. |  0. ||  0. |  0. |  0. |
|  1. | -1. |  1. ||  0. |  0. |  0. ||  0. |  0. |  0. |
|=====+=====+=====||=====+=====+=====||=====+=====+=====|
|  0. | -1. |  0. ||  0. |  0. |  1. || -1. |  0. |  0. |
| -1. |  0. |  0. ||  0. |  0. |  0. ||  1. |  0. |  0. |
|  0. |  0. |  0. ||  0. |  0. |  0. ||  0. |  0. |  0. |

, evalForThisState=1.0, isPlayerOneTurnOriginally=true}, StateDatum{MCTSProbabilites=
|  .0 |  .0 |  .0 ||  .0 |  .0 |  .0 ||  .0937 |  .1179 |  .1486 |
|  .0 |  .0 |  .0 ||  .0 |  .0 |  .0 ||  .0 |  .1284 |  .0939 |
|  .0 |  .0 |  .0 ||  .0 |  .0 |  .0 ||  .0916 |  .1896 |  .1362 |
|========+========+========||========+========+========||========+========+========|
|  .0 |  .0 |  .0 ||  .0 |  .0 |  .0 ||  .0 |  .0 |  .0 |
|  .0 |  .0 |  .0 ||  .0 |  .0 |  .0 ||  .0 |  .0 |  .0 |
|  .0 |  .0 |  .0 ||  .0 |  .0 |  .0 ||  .0 |  .0 |  .0 |
|========+========+========||========+========+========||========+========+========|
|  .0 |  .0 |  .0 ||  .0 |  .0 |  .0 ||  .0 |  .0 |  .0 |
|  .0 |  .0 |  .0 ||  .0 |  .0 |  .0 ||  .0 |  .0 |  .0 |
|  .0 |  .0 |  .0 ||  .0 |  .0 |  .0 ||  .0 |  .0 |  .0 |

, state=
|  1. | -0. | -1. || -0. | -0. | -0. ||*-0. |*-0. |*-0. |
| -1. | -0. | -0. || -0. | -0. | -1. ||* 1. |*-0. |*-0. |
| -1. | -0. | -0. || -0. | -0. |  1. ||*-0. |*-0. |*-0. |
|=====+=====+=====||=====+=====+=====||=====+=====+=====|
| -1. | -1. | -0. || -0. | -0. | -0. ||  1. | -0. | -0. |
|  1. | -0. | -0. || -0. | -0. | -0. || -0. | -0. | -0. |
| -1. |  1. | -1. || -0. | -0. | -0. || -0. | -0. | -0. |
|=====+=====+=====||=====+=====+=====||=====+=====+=====|
| -0. |  1. | -0. || -0. | -0. | -1. ||  1. | -0. | -0. |
|  1. | -0. | -0. || -0. | -0. | -0. || -1. | -0. | -0. |
| -0. | -0. | -0. || -0. | -0. | -0. || -0. | -0. | -0. |

, evalForThisState=-1.0, isPlayerOneTurnOriginally=false}, StateDatum{MCTSProbabilites=
|  .0 |  .0 |  .0 ||  .0 |  .0 |  .0 ||  .0 |  .0 |  .0 |
|  .0 |  .0 |  .0 ||  .0 |  .0 |  .0 ||  .0 |  .0 |  .0 |
|  .0 |  .0 |  .0 ||  .0 |  .0 |  .0 ||  .0 |  .0 |  .0 |
|========+========+========||========+========+========||========+========+========|
|  .0 |  .0 |  .0 ||  .0 |  .0 |  .0 ||  .0 |  .0 |  .0 |
|  .0 |  .0 |  .0 ||  .0 |  .0 |  .0 ||  .0 |  .0 |  .0 |
|  .0 |  .0 |  .0 ||  .0 |  .0 |  .0 ||  .0 |  .0 |  .0 |
|========+========+========||========+========+========||========+========+========|
|  .0 |  .0 |  .0 ||  .1382 |  .1442 |  .0 ||  .0 |  .0 |  .0 |
|  .0 |  .0 |  .0 ||  .1172 |  .1339 |  .1523 ||  .0 |  .0 |  .0 |
|  .0 |  .0 |  .0 ||  .0208 |  .1223 |  .171 ||  .0 |  .0 |  .0 |

, state=
| -1. |  0. |  1. ||  0. |  0. |  0. ||  0. |  0. |  0. |
|  1. |  0. |  0. ||  0. |  0. |  1. || -1. |  0. |  0. |
|  1. |  0. |  0. ||  0. |  0. | -1. ||  0. | -1. |  0. |
|=====+=====+=====||=====+=====+=====||=====+=====+=====|
|  1. |  1. |  0. ||  0. |  0. |  0. || -1. |  0. |  0. |
| -1. |  0. |  0. ||  0. |  0. |  0. ||  0. |  0. |  0. |
|  1. | -1. |  1. ||  0. |  0. |  0. ||  0. |  0. |  0. |
|=====+=====+=====||=====+=====+=====||=====+=====+=====|
|  0. | -1. |  0. ||* 0. |* 0. |* 1. || -1. |  0. |  0. |
| -1. |  0. |  0. ||* 0. |* 0. |* 0. ||  1. |  0. |  0. |
|  0. |  0. |  0. ||* 0. |* 0. |* 0. ||  0. |  0. |  0. |

, evalForThisState=1.0, isPlayerOneTurnOriginally=true}, StateDatum{MCTSProbabilites=
|  .0 |  .0 |  .0 ||  .0 |  .0 |  .0 ||  .0 |  .0 |  .0 |
|  .0 |  .0 |  .0 ||  .0 |  .0 |  .0 ||  .0 |  .0 |  .0 |
|  .0 |  .0 |  .0 ||  .0 |  .0 |  .0 ||  .0 |  .0 |  .0 |
|========+========+========||========+========+========||========+========+========|
|  .0 |  .0 |  .0 ||  .0 |  .0 |  .0 ||  .0 |  .0 |  .0 |
|  .0 |  .0 |  .0 ||  .0 |  .0 |  .0 ||  .0 |  .0 |  .0 |
|  .0 |  .0 |  .0 ||  .0 |  .0 |  .0 ||  .0 |  .0 |  .0 |
|========+========+========||========+========+========||========+========+========|
|  .0 |  .0 |  .0 ||  .0 |  .0 |  .0 ||  .0 |  .1323 |  .1265 |
|  .0 |  .0 |  .0 ||  .0 |  .0 |  .0 ||  .0 |  .1581 |  .1335 |
|  .0 |  .0 |  .0 ||  .0 |  .0 |  .0 ||  .173 |  .1369 |  .1397 |

, state=
|  1. | -0. | -1. || -0. | -0. | -0. || -0. | -0. | -0. |
| -1. | -0. | -0. || -0. | -0. | -1. ||  1. | -0. | -0. |
| -1. | -0. | -0. || -0. | -0. |  1. || -0. |  1. | -0. |
|=====+=====+=====||=====+=====+=====||=====+=====+=====|
| -1. | -1. | -0. || -0. | -0. | -0. ||  1. | -0. | -0. |
|  1. | -0. | -0. || -0. | -0. | -0. || -0. | -0. | -0. |
| -1. |  1. | -1. || -0. | -0. | -0. || -0. | -0. | -0. |
|=====+=====+=====||=====+=====+=====||=====+=====+=====|
| -0. |  1. | -0. || -0. | -0. | -1. ||* 1. |*-0. |*-0. |
|  1. | -0. | -0. || -0. | -0. | -0. ||*-1. |*-0. |*-0. |
| -0. | -0. | -0. || -0. | -0. | -1. ||*-0. |*-0. |*-0. |

, evalForThisState=-1.0, isPlayerOneTurnOriginally=false}, StateDatum{MCTSProbabilites=
|  .0 |  .0 |  .0 ||  .0 |  .0 |  .0 ||  .0 |  .0 |  .0 |
|  .0 |  .0 |  .0 ||  .0 |  .0 |  .0 ||  .0 |  .0 |  .0 |
|  .0 |  .0 |  .0 ||  .0 |  .0 |  .0 ||  .0 |  .0 |  .0 |
|========+========+========||========+========+========||========+========+========|
|  .0 |  .0 |  .0 ||  .0 |  .0 |  .0 ||  .0 |  .0 |  .0 |
|  .0 |  .0 |  .0 ||  .0 |  .0 |  .0 ||  .0 |  .0 |  .0 |
|  .0 |  .0 |  .0 ||  .0 |  .0 |  .0 ||  .0 |  .0 |  .0 |
|========+========+========||========+========+========||========+========+========|
|  .1112 |  .0 |  .185 ||  .0 |  .0 |  .0 ||  .0 |  .0 |  .0 |
|  .0 |  .1322 |  .1626 ||  .0 |  .0 |  .0 ||  .0 |  .0 |  .0 |
|  .1728 |  .1413 |  .0949 ||  .0 |  .0 |  .0 ||  .0 |  .0 |  .0 |

, state=
| -1. |  0. |  1. ||  0. |  0. |  0. ||  0. |  0. |  0. |
|  1. |  0. |  0. ||  0. |  0. |  1. || -1. |  0. |  0. |
|  1. |  0. |  0. ||  0. |  0. | -1. ||  0. | -1. |  0. |
|=====+=====+=====||=====+=====+=====||=====+=====+=====|
|  1. |  1. |  0. ||  0. |  0. |  0. || -1. |  0. |  0. |
| -1. |  0. |  0. ||  0. |  0. |  0. ||  0. |  0. |  0. |
|  1. | -1. |  1. ||  0. |  0. |  0. ||  0. |  0. |  0. |
|=====+=====+=====||=====+=====+=====||=====+=====+=====|
|* 0. |*-1. |* 0. ||  0. |  0. |  1. || -1. |  0. |  0. |
|*-1. |* 0. |* 0. ||  0. |  0. |  0. ||  1. |  0. |  0. |
|* 0. |* 0. |* 0. ||  0. |  0. |  1. || -1. |  0. |  0. |

, evalForThisState=1.0, isPlayerOneTurnOriginally=true}, StateDatum{MCTSProbabilites=
|  .0 |  .0 |  .0 ||  .0 |  .0 |  .0 ||  .1448 |  .1582 |  .1258 |
|  .0 |  .0 |  .0 ||  .0 |  .0 |  .0 ||  .0 |  .1229 |  .1396 |
|  .0 |  .0 |  .0 ||  .0 |  .0 |  .0 ||  .1446 |  .0 |  .1641 |
|========+========+========||========+========+========||========+========+========|
|  .0 |  .0 |  .0 ||  .0 |  .0 |  .0 ||  .0 |  .0 |  .0 |
|  .0 |  .0 |  .0 ||  .0 |  .0 |  .0 ||  .0 |  .0 |  .0 |
|  .0 |  .0 |  .0 ||  .0 |  .0 |  .0 ||  .0 |  .0 |  .0 |
|========+========+========||========+========+========||========+========+========|
|  .0 |  .0 |  .0 ||  .0 |  .0 |  .0 ||  .0 |  .0 |  .0 |
|  .0 |  .0 |  .0 ||  .0 |  .0 |  .0 ||  .0 |  .0 |  .0 |
|  .0 |  .0 |  .0 ||  .0 |  .0 |  .0 ||  .0 |  .0 |  .0 |

, state=
|  1. | -0. | -1. || -0. | -0. | -0. ||*-0. |*-0. |*-0. |
| -1. | -0. | -0. || -0. | -0. | -1. ||* 1. |*-0. |*-0. |
| -1. | -0. | -0. || -0. | -0. |  1. ||*-0. |* 1. |*-0. |
|=====+=====+=====||=====+=====+=====||=====+=====+=====|
| -1. | -1. | -0. || -0. | -0. | -0. ||  1. | -0. | -0. |
|  1. | -0. | -0. || -0. | -0. | -0. || -0. | -0. | -0. |
| -1. |  1. | -1. || -0. | -0. | -0. || -0. | -0. | -0. |
|=====+=====+=====||=====+=====+=====||=====+=====+=====|
| -0. |  1. | -1. || -0. | -0. | -1. ||  1. | -0. | -0. |
|  1. | -0. | -0. || -0. | -0. | -0. || -1. | -0. | -0. |
| -0. | -0. | -0. || -0. | -0. | -1. ||  1. | -0. | -0. |

, evalForThisState=-1.0, isPlayerOneTurnOriginally=false}, StateDatum{MCTSProbabilites=
|  .0 |  .0 |  .0 ||  .0 |  .0 |  .0 ||  .0 |  .0 |  .0 |
|  .0 |  .0 |  .0 ||  .0 |  .0 |  .0 ||  .0 |  .0 |  .0 |
|  .0 |  .0 |  .0 ||  .0 |  .0 |  .0 ||  .0 |  .0 |  .0 |
|========+========+========||========+========+========||========+========+========|
|  .0 |  .0 |  .0 ||  .0 |  .0 |  .0 ||  .0 |  .0 |  .0 |
|  .0 |  .0 |  .0 ||  .0 |  .0 |  .0 ||  .0 |  .0 |  .0 |
|  .0 |  .0 |  .0 ||  .0 |  .0 |  .0 ||  .0 |  .0 |  .0 |
|========+========+========||========+========+========||========+========+========|
|  .0 |  .0 |  .0 ||  .0 |  .0 |  .0 ||  .0 |  .1926 |  .2173 |
|  .0 |  .0 |  .0 ||  .0 |  .0 |  .0 ||  .0 |  .1214 |  .1939 |
|  .0 |  .0 |  .0 ||  .0 |  .0 |  .0 ||  .0 |  .1492 |  .1256 |

, state=
| -1. |  0. |  1. ||  0. |  0. |  0. ||  0. |  0. |  0. |
|  1. |  0. |  0. ||  0. |  0. |  1. || -1. |  0. |  0. |
|  1. |  0. |  0. ||  0. |  0. | -1. ||  0. | -1. | -1. |
|=====+=====+=====||=====+=====+=====||=====+=====+=====|
|  1. |  1. |  0. ||  0. |  0. |  0. || -1. |  0. |  0. |
| -1. |  0. |  0. ||  0. |  0. |  0. ||  0. |  0. |  0. |
|  1. | -1. |  1. ||  0. |  0. |  0. ||  0. |  0. |  0. |
|=====+=====+=====||=====+=====+=====||=====+=====+=====|
|  0. | -1. |  1. ||  0. |  0. |  1. ||*-1. |* 0. |* 0. |
| -1. |  0. |  0. ||  0. |  0. |  0. ||* 1. |* 0. |* 0. |
|  0. |  0. |  0. ||  0. |  0. |  1. ||*-1. |* 0. |* 0. |

, evalForThisState=1.0, isPlayerOneTurnOriginally=true}, StateDatum{MCTSProbabilites=
|  .0 |  .0 |  .0 ||  .0 |  .0 |  .0 ||  .1121 |  .2045 |  .1633 |
|  .0 |  .0 |  .0 ||  .0 |  .0 |  .0 ||  .0 |  .1735 |  .1708 |
|  .0 |  .0 |  .0 ||  .0 |  .0 |  .0 ||  .1758 |  .0 |  .0 |
|========+========+========||========+========+========||========+========+========|
|  .0 |  .0 |  .0 ||  .0 |  .0 |  .0 ||  .0 |  .0 |  .0 |
|  .0 |  .0 |  .0 ||  .0 |  .0 |  .0 ||  .0 |  .0 |  .0 |
|  .0 |  .0 |  .0 ||  .0 |  .0 |  .0 ||  .0 |  .0 |  .0 |
|========+========+========||========+========+========||========+========+========|
|  .0 |  .0 |  .0 ||  .0 |  .0 |  .0 ||  .0 |  .0 |  .0 |
|  .0 |  .0 |  .0 ||  .0 |  .0 |  .0 ||  .0 |  .0 |  .0 |
|  .0 |  .0 |  .0 ||  .0 |  .0 |  .0 ||  .0 |  .0 |  .0 |

, state=
|  1. | -0. | -1. || -0. | -0. | -0. ||*-0. |*-0. |*-0. |
| -1. | -0. | -0. || -0. | -0. | -1. ||* 1. |*-0. |*-0. |
| -1. | -0. | -0. || -0. | -0. |  1. ||*-0. |* 1. |* 1. |
|=====+=====+=====||=====+=====+=====||=====+=====+=====|
| -1. | -1. | -0. || -0. | -0. | -0. ||  1. | -0. | -0. |
|  1. | -0. | -0. || -0. | -0. | -0. || -0. | -0. | -0. |
| -1. |  1. | -1. || -0. | -0. | -0. || -0. | -0. | -0. |
|=====+=====+=====||=====+=====+=====||=====+=====+=====|
| -0. |  1. | -1. || -0. | -0. | -1. ||  1. | -0. | -1. |
|  1. | -0. | -0. || -0. | -0. | -0. || -1. | -0. | -0. |
| -0. | -0. | -0. || -0. | -0. | -1. ||  1. | -0. | -0. |

, evalForThisState=-1.0, isPlayerOneTurnOriginally=false}, StateDatum{MCTSProbabilites=
|  .0 |  .0 |  .0 ||  .1928 |  .1021 |  .1064 ||  .0 |  .0 |  .0 |
|  .0 |  .0 |  .0 ||  .1139 |  .1732 |  .0 ||  .0 |  .0 |  .0 |
|  .0 |  .0 |  .0 ||  .1788 |  .1328 |  .0 ||  .0 |  .0 |  .0 |
|========+========+========||========+========+========||========+========+========|
|  .0 |  .0 |  .0 ||  .0 |  .0 |  .0 ||  .0 |  .0 |  .0 |
|  .0 |  .0 |  .0 ||  .0 |  .0 |  .0 ||  .0 |  .0 |  .0 |
|  .0 |  .0 |  .0 ||  .0 |  .0 |  .0 ||  .0 |  .0 |  .0 |
|========+========+========||========+========+========||========+========+========|
|  .0 |  .0 |  .0 ||  .0 |  .0 |  .0 ||  .0 |  .0 |  .0 |
|  .0 |  .0 |  .0 ||  .0 |  .0 |  .0 ||  .0 |  .0 |  .0 |
|  .0 |  .0 |  .0 ||  .0 |  .0 |  .0 ||  .0 |  .0 |  .0 |

, state=
| -1. |  0. |  1. ||* 0. |* 0. |* 0. ||  0. | -1. |  0. |
|  1. |  0. |  0. ||* 0. |* 0. |* 1. || -1. |  0. |  0. |
|  1. |  0. |  0. ||* 0. |* 0. |*-1. ||  0. | -1. | -1. |
|=====+=====+=====||=====+=====+=====||=====+=====+=====|
|  1. |  1. |  0. ||  0. |  0. |  0. || -1. |  0. |  0. |
| -1. |  0. |  0. ||  0. |  0. |  0. ||  0. |  0. |  0. |
|  1. | -1. |  1. ||  0. |  0. |  0. ||  0. |  0. |  0. |
|=====+=====+=====||=====+=====+=====||=====+=====+=====|
|  0. | -1. |  1. ||  0. |  0. |  1. || -1. |  0. |  1. |
| -1. |  0. |  0. ||  0. |  0. |  0. ||  1. |  0. |  0. |
|  0. |  0. |  0. ||  0. |  0. |  1. || -1. |  0. |  0. |

, evalForThisState=1.0, isPlayerOneTurnOriginally=true}, StateDatum{MCTSProbabilites=
|  .0 |  .1939 |  .0 ||  .0 |  .0 |  .0 ||  .0 |  .0 |  .0 |
|  .0 |  .212 |  .2212 ||  .0 |  .0 |  .0 ||  .0 |  .0 |  .0 |
|  .0 |  .1542 |  .2187 ||  .0 |  .0 |  .0 ||  .0 |  .0 |  .0 |
|========+========+========||========+========+========||========+========+========|
|  .0 |  .0 |  .0 ||  .0 |  .0 |  .0 ||  .0 |  .0 |  .0 |
|  .0 |  .0 |  .0 ||  .0 |  .0 |  .0 ||  .0 |  .0 |  .0 |
|  .0 |  .0 |  .0 ||  .0 |  .0 |  .0 ||  .0 |  .0 |  .0 |
|========+========+========||========+========+========||========+========+========|
|  .0 |  .0 |  .0 ||  .0 |  .0 |  .0 ||  .0 |  .0 |  .0 |
|  .0 |  .0 |  .0 ||  .0 |  .0 |  .0 ||  .0 |  .0 |  .0 |
|  .0 |  .0 |  .0 ||  .0 |  .0 |  .0 ||  .0 |  .0 |  .0 |

, state=
|* 1. |*-0. |*-1. || -1. | -0. | -0. || -0. |  1. | -0. |
|*-1. |*-0. |*-0. || -0. | -0. | -1. ||  1. | -0. | -0. |
|*-1. |*-0. |*-0. || -0. | -0. |  1. || -0. |  1. |  1. |
|=====+=====+=====||=====+=====+=====||=====+=====+=====|
| -1. | -1. | -0. || -0. | -0. | -0. ||  1. | -0. | -0. |
|  1. | -0. | -0. || -0. | -0. | -0. || -0. | -0. | -0. |
| -1. |  1. | -1. || -0. | -0. | -0. || -0. | -0. | -0. |
|=====+=====+=====||=====+=====+=====||=====+=====+=====|
| -0. |  1. | -1. || -0. | -0. | -1. ||  1. | -0. | -1. |
|  1. | -0. | -0. || -0. | -0. | -0. || -1. | -0. | -0. |
| -0. | -0. | -0. || -0. | -0. | -1. ||  1. | -0. | -0. |

, evalForThisState=-1.0, isPlayerOneTurnOriginally=false}, StateDatum{MCTSProbabilites=
|  .0 |  .0 |  .0 ||  .0 |  .0 |  .0 ||  .0 |  .0 |  .0 |
|  .0 |  .0 |  .0 ||  .0 |  .0 |  .0 ||  .0 |  .0 |  .0 |
|  .0 |  .0 |  .0 ||  .0 |  .0 |  .0 ||  .0 |  .0 |  .0 |
|========+========+========||========+========+========||========+========+========|
|  .0 |  .0 |  .0 ||  .0 |  .0 |  .0 ||  .0 |  .0757 |  .1684 |
|  .0 |  .0 |  .0 ||  .0 |  .0 |  .0 ||  .1174 |  .2022 |  .0536 |
|  .0 |  .0 |  .0 ||  .0 |  .0 |  .0 ||  .1706 |  .0689 |  .1432 |
|========+========+========||========+========+========||========+========+========|
|  .0 |  .0 |  .0 ||  .0 |  .0 |  .0 ||  .0 |  .0 |  .0 |
|  .0 |  .0 |  .0 ||  .0 |  .0 |  .0 ||  .0 |  .0 |  .0 |
|  .0 |  .0 |  .0 ||  .0 |  .0 |  .0 ||  .0 |  .0 |  .0 |

, state=
| -1. |  0. |  1. ||  1. |  0. |  0. ||  0. | -1. |  0. |
|  1. |  0. | -1. ||  0. |  0. |  1. || -1. |  0. |  0. |
|  1. |  0. |  0. ||  0. |  0. | -1. ||  0. | -1. | -1. |
|=====+=====+=====||=====+=====+=====||=====+=====+=====|
|  1. |  1. |  0. ||  0. |  0. |  0. ||*-1. |* 0. |* 0. |
| -1. |  0. |  0. ||  0. |  0. |  0. ||* 0. |* 0. |* 0. |
|  1. | -1. |  1. ||  0. |  0. |  0. ||* 0. |* 0. |* 0. |
|=====+=====+=====||=====+=====+=====||=====+=====+=====|
|  0. | -1. |  1. ||  0. |  0. |  1. || -1. |  0. |  1. |
| -1. |  0. |  0. ||  0. |  0. |  0. ||  1. |  0. |  0. |
|  0. |  0. |  0. ||  0. |  0. |  1. || -1. |  0. |  0. |

, evalForThisState=1.0, isPlayerOneTurnOriginally=true}, StateDatum{MCTSProbabilites=
|  .0 |  .0 |  .0 ||  .0 |  .0 |  .0 ||  .0 |  .0 |  .0 |
|  .0 |  .0 |  .0 ||  .0 |  .0 |  .0 ||  .0 |  .0 |  .0 |
|  .0 |  .0 |  .0 ||  .0 |  .0 |  .0 ||  .0 |  .0 |  .0 |
|========+========+========||========+========+========||========+========+========|
|  .0 |  .0 |  .0 ||  .1252 |  .1356 |  .0939 ||  .0 |  .0 |  .0 |
|  .0 |  .0 |  .0 ||  .1129 |  .128 |  .1239 ||  .0 |  .0 |  .0 |
|  .0 |  .0 |  .0 ||  .1085 |  .0818 |  .0902 ||  .0 |  .0 |  .0 |
|========+========+========||========+========+========||========+========+========|
|  .0 |  .0 |  .0 ||  .0 |  .0 |  .0 ||  .0 |  .0 |  .0 |
|  .0 |  .0 |  .0 ||  .0 |  .0 |  .0 ||  .0 |  .0 |  .0 |
|  .0 |  .0 |  .0 ||  .0 |  .0 |  .0 ||  .0 |  .0 |  .0 |

, state=
|  1. | -0. | -1. || -1. | -0. | -0. || -0. |  1. | -0. |
| -1. | -0. |  1. || -0. | -0. | -1. ||  1. | -0. | -0. |
| -1. | -0. | -0. || -0. | -0. |  1. || -0. |  1. |  1. |
|=====+=====+=====||=====+=====+=====||=====+=====+=====|
| -1. | -1. | -0. ||*-0. |*-0. |*-0. ||  1. | -0. | -0. |
|  1. | -0. | -0. ||*-0. |*-0. |*-0. || -0. | -1. | -0. |
| -1. |  1. | -1. ||*-0. |*-0. |*-0. || -0. | -0. | -0. |
|=====+=====+=====||=====+=====+=====||=====+=====+=====|
| -0. |  1. | -1. || -0. | -0. | -1. ||  1. | -0. | -1. |
|  1. | -0. | -0. || -0. | -0. | -0. || -1. | -0. | -0. |
| -0. | -0. | -0. || -0. | -0. | -1. ||  1. | -0. | -0. |

, evalForThisState=-1.0, isPlayerOneTurnOriginally=false}, StateDatum{MCTSProbabilites=
|  .0 |  .0 |  .0 ||  .0 |  .1198 |  .2468 ||  .0 |  .0 |  .0 |
|  .0 |  .0 |  .0 ||  .1495 |  .1315 |  .0 ||  .0 |  .0 |  .0 |
|  .0 |  .0 |  .0 ||  .2269 |  .1255 |  .0 ||  .0 |  .0 |  .0 |
|========+========+========||========+========+========||========+========+========|
|  .0 |  .0 |  .0 ||  .0 |  .0 |  .0 ||  .0 |  .0 |  .0 |
|  .0 |  .0 |  .0 ||  .0 |  .0 |  .0 ||  .0 |  .0 |  .0 |
|  .0 |  .0 |  .0 ||  .0 |  .0 |  .0 ||  .0 |  .0 |  .0 |
|========+========+========||========+========+========||========+========+========|
|  .0 |  .0 |  .0 ||  .0 |  .0 |  .0 ||  .0 |  .0 |  .0 |
|  .0 |  .0 |  .0 ||  .0 |  .0 |  .0 ||  .0 |  .0 |  .0 |
|  .0 |  .0 |  .0 ||  .0 |  .0 |  .0 ||  .0 |  .0 |  .0 |

, state=
| -1. |  0. |  1. ||* 1. |* 0. |* 0. ||  0. | -1. |  0. |
|  1. |  0. | -1. ||* 0. |* 0. |* 1. || -1. |  0. |  0. |
|  1. |  0. |  0. ||* 0. |* 0. |*-1. ||  0. | -1. | -1. |
|=====+=====+=====||=====+=====+=====||=====+=====+=====|
|  1. |  1. |  0. ||  0. | -1. |  0. || -1. |  0. |  0. |
| -1. |  0. |  0. ||  0. |  0. |  0. ||  0. |  1. |  0. |
|  1. | -1. |  1. ||  0. |  0. |  0. ||  0. |  0. |  0. |
|=====+=====+=====||=====+=====+=====||=====+=====+=====|
|  0. | -1. |  1. ||  0. |  0. |  1. || -1. |  0. |  1. |
| -1. |  0. |  0. ||  0. |  0. |  0. ||  1. |  0. |  0. |
|  0. |  0. |  0. ||  0. |  0. |  1. || -1. |  0. |  0. |

, evalForThisState=1.0, isPlayerOneTurnOriginally=true}, StateDatum{MCTSProbabilites=
|  .0 |  .0 |  .0 ||  .0 |  .0 |  .0 ||  .152 |  .0 |  .3436 |
|  .0 |  .0 |  .0 ||  .0 |  .0 |  .0 ||  .0 |  .1924 |  .1593 |
|  .0 |  .0 |  .0 ||  .0 |  .0 |  .0 ||  .1527 |  .0 |  .0 |
|========+========+========||========+========+========||========+========+========|
|  .0 |  .0 |  .0 ||  .0 |  .0 |  .0 ||  .0 |  .0 |  .0 |
|  .0 |  .0 |  .0 ||  .0 |  .0 |  .0 ||  .0 |  .0 |  .0 |
|  .0 |  .0 |  .0 ||  .0 |  .0 |  .0 ||  .0 |  .0 |  .0 |
|========+========+========||========+========+========||========+========+========|
|  .0 |  .0 |  .0 ||  .0 |  .0 |  .0 ||  .0 |  .0 |  .0 |
|  .0 |  .0 |  .0 ||  .0 |  .0 |  .0 ||  .0 |  .0 |  .0 |
|  .0 |  .0 |  .0 ||  .0 |  .0 |  .0 ||  .0 |  .0 |  .0 |

, state=
|  1. | -0. | -1. || -1. | -0. | -1. ||*-0. |* 1. |*-0. |
| -1. | -0. |  1. || -0. | -0. | -1. ||* 1. |*-0. |*-0. |
| -1. | -0. | -0. || -0. | -0. |  1. ||*-0. |* 1. |* 1. |
|=====+=====+=====||=====+=====+=====||=====+=====+=====|
| -1. | -1. | -0. || -0. |  1. | -0. ||  1. | -0. | -0. |
|  1. | -0. | -0. || -0. | -0. | -0. || -0. | -1. | -0. |
| -1. |  1. | -1. || -0. | -0. | -0. || -0. | -0. | -0. |
|=====+=====+=====||=====+=====+=====||=====+=====+=====|
| -0. |  1. | -1. || -0. | -0. | -1. ||  1. | -0. | -1. |
|  1. | -0. | -0. || -0. | -0. | -0. || -1. | -0. | -0. |
| -0. | -0. | -0. || -0. | -0. | -1. ||  1. | -0. | -0. |

, evalForThisState=-1.0, isPlayerOneTurnOriginally=false}, StateDatum{MCTSProbabilites=
|  .0 |  .0 |  .0 ||  .0 |  .0 |  .0 ||  .308 |  .0 |  .0 |
|  .0 |  .0 |  .0 ||  .0 |  .0 |  .0 ||  .0 |  .2934 |  .2247 |
|  .0 |  .0 |  .0 ||  .0 |  .0 |  .0 ||  .1738 |  .0 |  .0 |
|========+========+========||========+========+========||========+========+========|
|  .0 |  .0 |  .0 ||  .0 |  .0 |  .0 ||  .0 |  .0 |  .0 |
|  .0 |  .0 |  .0 ||  .0 |  .0 |  .0 ||  .0 |  .0 |  .0 |
|  .0 |  .0 |  .0 ||  .0 |  .0 |  .0 ||  .0 |  .0 |  .0 |
|========+========+========||========+========+========||========+========+========|
|  .0 |  .0 |  .0 ||  .0 |  .0 |  .0 ||  .0 |  .0 |  .0 |
|  .0 |  .0 |  .0 ||  .0 |  .0 |  .0 ||  .0 |  .0 |  .0 |
|  .0 |  .0 |  .0 ||  .0 |  .0 |  .0 ||  .0 |  .0 |  .0 |

, state=
| -1. |  0. |  1. ||  1. |  0. |  1. ||* 0. |*-1. |*-1. |
|  1. |  0. | -1. ||  0. |  0. |  1. ||*-1. |* 0. |* 0. |
|  1. |  0. |  0. ||  0. |  0. | -1. ||* 0. |*-1. |*-1. |
|=====+=====+=====||=====+=====+=====||=====+=====+=====|
|  1. |  1. |  0. ||  0. | -1. |  0. || -1. |  0. |  0. |
| -1. |  0. |  0. ||  0. |  0. |  0. ||  0. |  1. |  0. |
|  1. | -1. |  1. ||  0. |  0. |  0. ||  0. |  0. |  0. |
|=====+=====+=====||=====+=====+=====||=====+=====+=====|
|  0. | -1. |  1. ||  0. |  0. |  1. || -1. |  0. |  1. |
| -1. |  0. |  0. ||  0. |  0. |  0. ||  1. |  0. |  0. |
|  0. |  0. |  0. ||  0. |  0. |  1. || -1. |  0. |  0. |

, evalForThisState=1.0, isPlayerOneTurnOriginally=true}, StateDatum{MCTSProbabilites=
|  .0 |  .5012 |  .0 ||  .0 |  .0 |  .0 ||  .0 |  .0 |  .0 |
|  .0 |  .1238 |  .0 ||  .0 |  .0 |  .0 ||  .0 |  .0 |  .0 |
|  .0 |  .2218 |  .1532 ||  .0 |  .0 |  .0 ||  .0 |  .0 |  .0 |
|========+========+========||========+========+========||========+========+========|
|  .0 |  .0 |  .0 ||  .0 |  .0 |  .0 ||  .0 |  .0 |  .0 |
|  .0 |  .0 |  .0 ||  .0 |  .0 |  .0 ||  .0 |  .0 |  .0 |
|  .0 |  .0 |  .0 ||  .0 |  .0 |  .0 ||  .0 |  .0 |  .0 |
|========+========+========||========+========+========||========+========+========|
|  .0 |  .0 |  .0 ||  .0 |  .0 |  .0 ||  .0 |  .0 |  .0 |
|  .0 |  .0 |  .0 ||  .0 |  .0 |  .0 ||  .0 |  .0 |  .0 |
|  .0 |  .0 |  .0 ||  .0 |  .0 |  .0 ||  .0 |  .0 |  .0 |

, state=
|* 1. |*-0. |*-1. || -1. | -0. | -1. || -1. |  1. |  1. |
|*-1. |*-0. |* 1. || -0. | -0. | -1. ||  1. | -0. | -0. |
|*-1. |*-0. |*-0. || -0. | -0. |  1. || -0. |  1. |  1. |
|=====+=====+=====||=====+=====+=====||=====+=====+=====|
| -1. | -1. | -0. || -0. |  1. | -0. ||  1. | -0. | -0. |
|  1. | -0. | -0. || -0. | -0. | -0. || -0. | -1. | -0. |
| -1. |  1. | -1. || -0. | -0. | -0. || -0. | -0. | -0. |
|=====+=====+=====||=====+=====+=====||=====+=====+=====|
| -0. |  1. | -1. || -0. | -0. | -1. ||  1. | -0. | -1. |
|  1. | -0. | -0. || -0. | -0. | -0. || -1. | -0. | -0. |
| -0. | -0. | -0. || -0. | -0. | -1. ||  1. | -0. | -0. |

, evalForThisState=-1.0, isPlayerOneTurnOriginally=false}, StateDatum{MCTSProbabilites=
|  .0 |  .0 |  .0 ||  .0 |  .1641 |  .0 ||  .0 |  .0 |  .0 |
|  .0 |  .0 |  .0 ||  .1915 |  .2309 |  .0 ||  .0 |  .0 |  .0 |
|  .0 |  .0 |  .0 ||  .175 |  .2386 |  .0 ||  .0 |  .0 |  .0 |
|========+========+========||========+========+========||========+========+========|
|  .0 |  .0 |  .0 ||  .0 |  .0 |  .0 ||  .0 |  .0 |  .0 |
|  .0 |  .0 |  .0 ||  .0 |  .0 |  .0 ||  .0 |  .0 |  .0 |
|  .0 |  .0 |  .0 ||  .0 |  .0 |  .0 ||  .0 |  .0 |  .0 |
|========+========+========||========+========+========||========+========+========|
|  .0 |  .0 |  .0 ||  .0 |  .0 |  .0 ||  .0 |  .0 |  .0 |
|  .0 |  .0 |  .0 ||  .0 |  .0 |  .0 ||  .0 |  .0 |  .0 |
|  .0 |  .0 |  .0 ||  .0 |  .0 |  .0 ||  .0 |  .0 |  .0 |

, state=
| -1. | -1. |  1. ||* 1. |* 0. |* 1. ||  1. | -1. | -1. |
|  1. |  0. | -1. ||* 0. |* 0. |* 1. || -1. |  0. |  0. |
|  1. |  0. |  0. ||* 0. |* 0. |*-1. ||  0. | -1. | -1. |
|=====+=====+=====||=====+=====+=====||=====+=====+=====|
|  1. |  1. |  0. ||  0. | -1. |  0. || -1. |  0. |  0. |
| -1. |  0. |  0. ||  0. |  0. |  0. ||  0. |  1. |  0. |
|  1. | -1. |  1. ||  0. |  0. |  0. ||  0. |  0. |  0. |
|=====+=====+=====||=====+=====+=====||=====+=====+=====|
|  0. | -1. |  1. ||  0. |  0. |  1. || -1. |  0. |  1. |
| -1. |  0. |  0. ||  0. |  0. |  0. ||  1. |  0. |  0. |
|  0. |  0. |  0. ||  0. |  0. |  1. || -1. |  0. |  0. |

, evalForThisState=1.0, isPlayerOneTurnOriginally=true}, StateDatum{MCTSProbabilites=
|  .0 |  .0 |  .0 ||  .0 |  .0 |  .0 ||  .0 |  .0 |  .0 |
|  .0 |  .0 |  .0 ||  .0 |  .0 |  .0 ||  .0 |  .0 |  .0 |
|  .0 |  .0 |  .0 ||  .0 |  .0 |  .0 ||  .0 |  .0 |  .0 |
|========+========+========||========+========+========||========+========+========|
|  .0 |  .0 |  .0 ||  .0 |  .0 |  .0 ||  .0 |  .0 |  .0 |
|  .0 |  .0 |  .0 ||  .0 |  .0 |  .0 ||  .0 |  .0 |  .0 |
|  .0 |  .0 |  .0 ||  .0 |  .0 |  .0 ||  .0 |  .0 |  .0 |
|========+========+========||========+========+========||========+========+========|
|  .0 |  .0 |  .0 ||  .1072 |  .1329 |  .0 ||  .0 |  .0 |  .0 |
|  .0 |  .0 |  .0 ||  .2702 |  .1066 |  .1122 ||  .0 |  .0 |  .0 |
|  .0 |  .0 |  .0 ||  .1191 |  .152 |  .0 ||  .0 |  .0 |  .0 |

, state=
|  1. |  1. | -1. || -1. | -0. | -1. || -1. |  1. |  1. |
| -1. | -0. |  1. || -0. | -0. | -1. ||  1. | -0. | -0. |
| -1. | -0. | -0. || -0. | -1. |  1. || -0. |  1. |  1. |
|=====+=====+=====||=====+=====+=====||=====+=====+=====|
| -1. | -1. | -0. || -0. |  1. | -0. ||  1. | -0. | -0. |
|  1. | -0. | -0. || -0. | -0. | -0. || -0. | -1. | -0. |
| -1. |  1. | -1. || -0. | -0. | -0. || -0. | -0. | -0. |
|=====+=====+=====||=====+=====+=====||=====+=====+=====|
| -0. |  1. | -1. ||*-0. |*-0. |*-1. ||  1. | -0. | -1. |
|  1. | -0. | -0. ||*-0. |*-0. |*-0. || -1. | -0. | -0. |
| -0. | -0. | -0. ||*-0. |*-0. |*-1. ||  1. | -0. | -0. |

, evalForThisState=-1.0, isPlayerOneTurnOriginally=false}, StateDatum{MCTSProbabilites=
|  .0 |  .0 |  .0 ||  .0 |  .0 |  .0 ||  .0 |  .0 |  .0 |
|  .0 |  .0 |  .0 ||  .0 |  .0 |  .0 ||  .0 |  .0 |  .0 |
|  .0 |  .0 |  .0 ||  .0 |  .0 |  .0 ||  .0 |  .0 |  .0 |
|========+========+========||========+========+========||========+========+========|
|  .0 |  .0 |  .1779 ||  .0 |  .0 |  .0 ||  .0 |  .0 |  .0 |
|  .0 |  .3445 |  .4776 ||  .0 |  .0 |  .0 ||  .0 |  .0 |  .0 |
|  .0 |  .0 |  .0 ||  .0 |  .0 |  .0 ||  .0 |  .0 |  .0 |
|========+========+========||========+========+========||========+========+========|
|  .0 |  .0 |  .0 ||  .0 |  .0 |  .0 ||  .0 |  .0 |  .0 |
|  .0 |  .0 |  .0 ||  .0 |  .0 |  .0 ||  .0 |  .0 |  .0 |
|  .0 |  .0 |  .0 ||  .0 |  .0 |  .0 ||  .0 |  .0 |  .0 |

, state=
| -1. | -1. |  1. ||  1. |  0. |  1. ||  1. | -1. | -1. |
|  1. |  0. | -1. ||  0. |  0. |  1. || -1. |  0. |  0. |
|  1. |  0. |  0. ||  0. |  1. | -1. ||  0. | -1. | -1. |
|=====+=====+=====||=====+=====+=====||=====+=====+=====|
|* 1. |* 1. |* 0. ||  0. | -1. |  0. || -1. |  0. |  0. |
|*-1. |* 0. |* 0. ||  0. |  0. |  0. ||  0. |  1. |  0. |
|* 1. |*-1. |* 1. ||  0. |  0. |  0. ||  0. |  0. |  0. |
|=====+=====+=====||=====+=====+=====||=====+=====+=====|
|  0. | -1. |  1. ||  0. |  0. |  1. || -1. |  0. |  1. |
| -1. |  0. |  0. || -1. |  0. |  0. ||  1. |  0. |  0. |
|  0. |  0. |  0. ||  0. |  0. |  1. || -1. |  0. |  0. |

, evalForThisState=1.0, isPlayerOneTurnOriginally=true}, StateDatum{MCTSProbabilites=
|  .0 |  .0 |  .0 ||  .0 |  .0 |  .0 ||  .0 |  .0 |  .0 |
|  .0 |  .0 |  .0 ||  .0 |  .0 |  .0 ||  .0 |  .0 |  .0 |
|  .0 |  .0 |  .0 ||  .0 |  .0 |  .0 ||  .0 |  .0 |  .0 |
|========+========+========||========+========+========||========+========+========|
|  .0 |  .0 |  .0 ||  .0 |  .0 |  .0 ||  .0 |  .3319 |  .1316 |
|  .0 |  .0 |  .0 ||  .0 |  .0 |  .0 ||  .1608 |  .0 |  .1234 |
|  .0 |  .0 |  .0 ||  .0 |  .0 |  .0 ||  .0912 |  .094 |  .0671 |
|========+========+========||========+========+========||========+========+========|
|  .0 |  .0 |  .0 ||  .0 |  .0 |  .0 ||  .0 |  .0 |  .0 |
|  .0 |  .0 |  .0 ||  .0 |  .0 |  .0 ||  .0 |  .0 |  .0 |
|  .0 |  .0 |  .0 ||  .0 |  .0 |  .0 ||  .0 |  .0 |  .0 |

, state=
|  1. |  1. | -1. || -1. | -0. | -1. || -1. |  1. |  1. |
| -1. | -0. |  1. || -0. | -0. | -1. ||  1. | -0. | -0. |
| -1. | -0. | -0. || -0. | -1. |  1. || -0. |  1. |  1. |
|=====+=====+=====||=====+=====+=====||=====+=====+=====|
| -1. | -1. | -0. || -0. |  1. | -0. ||* 1. |*-0. |*-0. |
|  1. | -0. | -1. || -0. | -0. | -0. ||*-0. |*-1. |*-0. |
| -1. |  1. | -1. || -0. | -0. | -0. ||*-0. |*-0. |*-0. |
|=====+=====+=====||=====+=====+=====||=====+=====+=====|
| -0. |  1. | -1. || -0. | -0. | -1. ||  1. | -0. | -1. |
|  1. | -0. | -0. ||  1. | -0. | -0. || -1. | -0. | -0. |
| -0. | -0. | -0. || -0. | -0. | -1. ||  1. | -0. | -0. |

, evalForThisState=-1.0, isPlayerOneTurnOriginally=false}, StateDatum{MCTSProbabilites=
|  .0 |  .0 |  .0 ||  .0 |  .2236 |  .0 ||  .0 |  .0 |  .0 |
|  .0 |  .0 |  .0 ||  .327 |  .1501 |  .0 ||  .0 |  .0 |  .0 |
|  .0 |  .0 |  .0 ||  .2993 |  .0 |  .0 ||  .0 |  .0 |  .0 |
|========+========+========||========+========+========||========+========+========|
|  .0 |  .0 |  .0 ||  .0 |  .0 |  .0 ||  .0 |  .0 |  .0 |
|  .0 |  .0 |  .0 ||  .0 |  .0 |  .0 ||  .0 |  .0 |  .0 |
|  .0 |  .0 |  .0 ||  .0 |  .0 |  .0 ||  .0 |  .0 |  .0 |
|========+========+========||========+========+========||========+========+========|
|  .0 |  .0 |  .0 ||  .0 |  .0 |  .0 ||  .0 |  .0 |  .0 |
|  .0 |  .0 |  .0 ||  .0 |  .0 |  .0 ||  .0 |  .0 |  .0 |
|  .0 |  .0 |  .0 ||  .0 |  .0 |  .0 ||  .0 |  .0 |  .0 |

, state=
| -1. | -1. |  1. ||* 1. |* 0. |* 1. ||  1. | -1. | -1. |
|  1. |  0. | -1. ||* 0. |* 0. |* 1. || -1. |  0. |  0. |
|  1. |  0. |  0. ||* 0. |* 1. |*-1. ||  0. | -1. | -1. |
|=====+=====+=====||=====+=====+=====||=====+=====+=====|
|  1. |  1. |  0. ||  0. | -1. |  0. || -1. | -1. |  0. |
| -1. |  0. |  1. ||  0. |  0. |  0. ||  0. |  1. |  0. |
|  1. | -1. |  1. ||  0. |  0. |  0. ||  0. |  0. |  0. |
|=====+=====+=====||=====+=====+=====||=====+=====+=====|
|  0. | -1. |  1. ||  0. |  0. |  1. || -1. |  0. |  1. |
| -1. |  0. |  0. || -1. |  0. |  0. ||  1. |  0. |  0. |
|  0. |  0. |  0. ||  0. |  0. |  1. || -1. |  0. |  0. |

, evalForThisState=1.0, isPlayerOneTurnOriginally=true}, StateDatum{MCTSProbabilites=
|  .0 |  .0 |  .0 ||  .0 |  .0 |  .0 ||  .0 |  .0 |  .0 |
|  .0 |  .0 |  .0 ||  .0 |  .0 |  .0 ||  .0 |  .0 |  .0 |
|  .0 |  .0 |  .0 ||  .0 |  .0 |  .0 ||  .0 |  .0 |  .0 |
|========+========+========||========+========+========||========+========+========|
|  .0 |  .0 |  .6987 ||  .0 |  .0 |  .0 ||  .0 |  .0 |  .0 |
|  .0 |  .3013 |  .0 ||  .0 |  .0 |  .0 ||  .0 |  .0 |  .0 |
|  .0 |  .0 |  .0 ||  .0 |  .0 |  .0 ||  .0 |  .0 |  .0 |
|========+========+========||========+========+========||========+========+========|
|  .0 |  .0 |  .0 ||  .0 |  .0 |  .0 ||  .0 |  .0 |  .0 |
|  .0 |  .0 |  .0 ||  .0 |  .0 |  .0 ||  .0 |  .0 |  .0 |
|  .0 |  .0 |  .0 ||  .0 |  .0 |  .0 ||  .0 |  .0 |  .0 |

, state=
|  1. |  1. | -1. || -1. | -0. | -1. || -1. |  1. |  1. |
| -1. | -0. |  1. || -1. | -0. | -1. ||  1. | -0. | -0. |
| -1. | -0. | -0. || -0. | -1. |  1. || -0. |  1. |  1. |
|=====+=====+=====||=====+=====+=====||=====+=====+=====|
|*-1. |*-1. |*-0. || -0. |  1. | -0. ||  1. |  1. | -0. |
|* 1. |*-0. |*-1. || -0. | -0. | -0. || -0. | -1. | -0. |
|*-1. |* 1. |*-1. || -0. | -0. | -0. || -0. | -0. | -0. |
|=====+=====+=====||=====+=====+=====||=====+=====+=====|
| -0. |  1. | -1. || -0. | -0. | -1. ||  1. | -0. | -1. |
|  1. | -0. | -0. ||  1. | -0. | -0. || -1. | -0. | -0. |
| -0. | -0. | -0. || -0. | -0. | -1. ||  1. | -0. | -0. |

, evalForThisState=-1.0, isPlayerOneTurnOriginally=false}, StateDatum{MCTSProbabilites=
|  .0 |  .0 |  .0 ||  .0 |  .0 |  .0 ||  .0 |  .0 |  .0 |
|  .0 |  .0 |  .0 ||  .0 |  .0 |  .0 ||  .0 |  .2946 |  .3549 |
|  .0 |  .0 |  .0 ||  .0 |  .0 |  .0 ||  .3505 |  .0 |  .0 |
|========+========+========||========+========+========||========+========+========|
|  .0 |  .0 |  .0 ||  .0 |  .0 |  .0 ||  .0 |  .0 |  .0 |
|  .0 |  .0 |  .0 ||  .0 |  .0 |  .0 ||  .0 |  .0 |  .0 |
|  .0 |  .0 |  .0 ||  .0 |  .0 |  .0 ||  .0 |  .0 |  .0 |
|========+========+========||========+========+========||========+========+========|
|  .0 |  .0 |  .0 ||  .0 |  .0 |  .0 ||  .0 |  .0 |  .0 |
|  .0 |  .0 |  .0 ||  .0 |  .0 |  .0 ||  .0 |  .0 |  .0 |
|  .0 |  .0 |  .0 ||  .0 |  .0 |  .0 ||  .0 |  .0 |  .0 |

, state=
| -1. | -1. |  1. ||  1. |  0. |  1. ||* 1. |*-1. |*-1. |
|  1. |  0. | -1. ||  1. |  0. |  1. ||*-1. |* 0. |* 0. |
|  1. |  0. |  0. ||  0. |  1. | -1. ||* 0. |*-1. |*-1. |
|=====+=====+=====||=====+=====+=====||=====+=====+=====|
|  1. |  1. | -1. ||  0. | -1. |  0. || -1. | -1. |  0. |
| -1. |  0. |  1. ||  0. |  0. |  0. ||  0. |  1. |  0. |
|  1. | -1. |  1. ||  0. |  0. |  0. ||  0. |  0. |  0. |
|=====+=====+=====||=====+=====+=====||=====+=====+=====|
|  0. | -1. |  1. ||  0. |  0. |  1. || -1. |  0. |  1. |
| -1. |  0. |  0. || -1. |  0. |  0. ||  1. |  0. |  0. |
|  0. |  0. |  0. ||  0. |  0. |  1. || -1. |  0. |  0. |

, evalForThisState=1.0, isPlayerOneTurnOriginally=true}, StateDatum{MCTSProbabilites=
|  .0 |  .0 |  .0 ||  .0 |  .0 |  .0 ||  .0 |  .0 |  .0 |
|  .0 |  .0 |  .0 ||  .0 |  .0 |  .0 ||  .0 |  .0 |  .0 |
|  .0 |  .0 |  .0 ||  .0 |  .0 |  .0 ||  .0 |  .0 |  .0 |
|========+========+========||========+========+========||========+========+========|
|  .0 |  .0 |  .0 ||  .0 |  .0 |  .0 ||  .0 |  .0 |  .127 |
|  .0 |  .0 |  .0 ||  .0 |  .0 |  .0 ||  .184 |  .0 |  .2329 |
|  .0 |  .0 |  .0 ||  .0 |  .0 |  .0 ||  .0951 |  .0619 |  .299 |
|========+========+========||========+========+========||========+========+========|
|  .0 |  .0 |  .0 ||  .0 |  .0 |  .0 ||  .0 |  .0 |  .0 |
|  .0 |  .0 |  .0 ||  .0 |  .0 |  .0 ||  .0 |  .0 |  .0 |
|  .0 |  .0 |  .0 ||  .0 |  .0 |  .0 ||  .0 |  .0 |  .0 |

, state=
|  1. |  1. | -1. || -1. | -0. | -1. || -1. |  1. |  1. |
| -1. | -0. |  1. || -1. | -0. | -1. ||  1. | -0. | -1. |
| -1. | -0. | -0. || -0. | -1. |  1. || -0. |  1. |  1. |
|=====+=====+=====||=====+=====+=====||=====+=====+=====|
| -1. | -1. |  1. || -0. |  1. | -0. ||* 1. |* 1. |*-0. |
|  1. | -0. | -1. || -0. | -0. | -0. ||*-0. |*-1. |*-0. |
| -1. |  1. | -1. || -0. | -0. | -0. ||*-0. |*-0. |*-0. |
|=====+=====+=====||=====+=====+=====||=====+=====+=====|
| -0. |  1. | -1. || -0. | -0. | -1. ||  1. | -0. | -1. |
|  1. | -0. | -0. ||  1. | -0. | -0. || -1. | -0. | -0. |
| -0. | -0. | -0. || -0. | -0. | -1. ||  1. | -0. | -0. |

, evalForThisState=-1.0, isPlayerOneTurnOriginally=false}, StateDatum{MCTSProbabilites=
|  .0 |  .0 |  .0 ||  .0 |  .0 |  .0 ||  .0 |  .0 |  .0 |
|  .0 |  .0 |  .0 ||  .0 |  .0 |  .0 ||  .0 |  .0 |  .0 |
|  .0 |  .0 |  .0 ||  .0 |  .0 |  .0 ||  .0 |  .0 |  .0 |
|========+========+========||========+========+========||========+========+========|
|  .0 |  .0 |  .0 ||  .0 |  .0 |  .0 ||  .0 |  .0 |  .0 |
|  .0 |  .0 |  .0 ||  .0 |  .0 |  .0 ||  .0 |  .0 |  .0 |
|  .0 |  .0 |  .0 ||  .0 |  .0 |  .0 ||  .0 |  .0 |  .0 |
|========+========+========||========+========+========||========+========+========|
|  .0 |  .0 |  .0 ||  .0 |  .0 |  .0 ||  .0 |  .1939 |  .0 |
|  .0 |  .0 |  .0 ||  .0 |  .0 |  .0 ||  .0 |  .2938 |  .131 |
|  .0 |  .0 |  .0 ||  .0 |  .0 |  .0 ||  .0 |  .1724 |  .2089 |

, state=
| -1. | -1. |  1. ||  1. |  0. |  1. ||  1. | -1. | -1. |
|  1. |  0. | -1. ||  1. |  0. |  1. || -1. |  0. |  1. |
|  1. |  0. |  0. ||  0. |  1. | -1. ||  0. | -1. | -1. |
|=====+=====+=====||=====+=====+=====||=====+=====+=====|
|  1. |  1. | -1. ||  0. | -1. |  0. || -1. | -1. |  0. |
| -1. |  0. |  1. ||  0. |  0. |  0. ||  0. |  1. |  0. |
|  1. | -1. |  1. ||  0. |  0. |  0. ||  0. |  0. | -1. |
|=====+=====+=====||=====+=====+=====||=====+=====+=====|
|  0. | -1. |  1. ||  0. |  0. |  1. ||*-1. |* 0. |* 1. |
| -1. |  0. |  0. || -1. |  0. |  0. ||* 1. |* 0. |* 0. |
|  0. |  0. |  0. ||  0. |  0. |  1. ||*-1. |* 0. |* 0. |

, evalForThisState=1.0, isPlayerOneTurnOriginally=true}, StateDatum{MCTSProbabilites=
|  .0 |  .0 |  .0 ||  .0 |  .0 |  .0 ||  .0 |  .0 |  .0 |
|  .0 |  .0 |  .0 ||  .0 |  .0 |  .0 ||  .0 |  .0 |  .0 |
|  .0 |  .0 |  .0 ||  .0 |  .0 |  .0 ||  .0 |  .0 |  .0 |
|========+========+========||========+========+========||========+========+========|
|  .0 |  .0 |  .0 ||  .0562 |  .0 |  .1759 ||  .0 |  .0 |  .0 |
|  .0 |  .0 |  .0 ||  .1359 |  .0849 |  .1709 ||  .0 |  .0 |  .0 |
|  .0 |  .0 |  .0 ||  .0646 |  .0863 |  .2254 ||  .0 |  .0 |  .0 |
|========+========+========||========+========+========||========+========+========|
|  .0 |  .0 |  .0 ||  .0 |  .0 |  .0 ||  .0 |  .0 |  .0 |
|  .0 |  .0 |  .0 ||  .0 |  .0 |  .0 ||  .0 |  .0 |  .0 |
|  .0 |  .0 |  .0 ||  .0 |  .0 |  .0 ||  .0 |  .0 |  .0 |

, state=
|  1. |  1. | -1. || -1. | -0. | -1. || -1. |  1. |  1. |
| -1. | -0. |  1. || -1. | -0. | -1. ||  1. | -0. | -1. |
| -1. | -0. | -0. || -0. | -1. |  1. || -0. |  1. |  1. |
|=====+=====+=====||=====+=====+=====||=====+=====+=====|
| -1. | -1. |  1. ||*-0. |* 1. |*-0. ||  1. |  1. | -0. |
|  1. | -0. | -1. ||*-0. |*-0. |*-0. || -0. | -1. | -0. |
| -1. |  1. | -1. ||*-0. |*-0. |*-0. || -0. | -0. |  1. |
|=====+=====+=====||=====+=====+=====||=====+=====+=====|
| -0. |  1. | -1. || -0. | -0. | -1. ||  1. | -0. | -1. |
|  1. | -0. | -0. ||  1. | -0. | -0. || -1. | -1. | -0. |
| -0. | -0. | -0. || -0. | -0. | -1. ||  1. | -0. | -0. |

, evalForThisState=-1.0, isPlayerOneTurnOriginally=false}, StateDatum{MCTSProbabilites=
|  .0 |  .0 |  .0 ||  .0 |  .0 |  .0 ||  .0 |  .0 |  .0 |
|  .0 |  .0 |  .0 ||  .0 |  .0 |  .0 ||  .0 |  .0 |  .0 |
|  .0 |  .0 |  .0 ||  .0 |  .0 |  .0 ||  .0 |  .0 |  .0 |
|========+========+========||========+========+========||========+========+========|
|  .0 |  .0 |  .0 ||  .0 |  .0 |  .0 ||  .0 |  .0 |  .0 |
|  .0 |  .0 |  .0 ||  .0 |  .0 |  .0 ||  .0 |  .0 |  .0 |
|  .0 |  .0 |  .0 ||  .0 |  .0 |  .0 ||  .0 |  .0 |  .0 |
|========+========+========||========+========+========||========+========+========|
|  .0 |  .0 |  .0 ||  .0 |  .0 |  .0 ||  .0 |  .2179 |  .0 |
|  .0 |  .0 |  .0 ||  .0 |  .0 |  .0 ||  .0 |  .0 |  .2009 |
|  .0 |  .0 |  .0 ||  .0 |  .0 |  .0 ||  .0 |  .2847 |  .2965 |

, state=
| -1. | -1. |  1. ||  1. |  0. |  1. ||  1. | -1. | -1. |
|  1. |  0. | -1. ||  1. |  0. |  1. || -1. |  0. |  1. |
|  1. |  0. |  0. ||  0. |  1. | -1. ||  0. | -1. | -1. |
|=====+=====+=====||=====+=====+=====||=====+=====+=====|
|  1. |  1. | -1. ||  0. | -1. |  0. || -1. | -1. |  0. |
| -1. |  0. |  1. ||  0. |  0. |  0. ||  0. |  1. |  0. |
|  1. | -1. |  1. ||  0. |  0. | -1. ||  0. |  0. | -1. |
|=====+=====+=====||=====+=====+=====||=====+=====+=====|
|  0. | -1. |  1. ||  0. |  0. |  1. ||*-1. |* 0. |* 1. |
| -1. |  0. |  0. || -1. |  0. |  0. ||* 1. |* 1. |* 0. |
|  0. |  0. |  0. ||  0. |  0. |  1. ||*-1. |* 0. |* 0. |

, evalForThisState=1.0, isPlayerOneTurnOriginally=true}, StateDatum{MCTSProbabilites=
|  .0 |  .0 |  .0 ||  .0 |  .0 |  .0 ||  .0 |  .0 |  .0 |
|  .0 |  .0 |  .0 ||  .0 |  .0 |  .0 ||  .0 |  .0 |  .0 |
|  .0 |  .0 |  .0 ||  .0 |  .0 |  .0 ||  .0 |  .0 |  .0 |
|========+========+========||========+========+========||========+========+========|
|  .0 |  .0 |  .0 ||  .0 |  .0 |  .0 ||  .0 |  .0 |  .0 |
|  .0 |  .0 |  .0 ||  .0 |  .0 |  .0 ||  .0 |  .0 |  .0 |
|  .0 |  .0 |  .0 ||  .0 |  .0 |  .0 ||  .0 |  .0 |  .0 |
|========+========+========||========+========+========||========+========+========|
|  .0 |  .0 |  .0 ||  .0 |  .0 |  .0 ||  .0 |  .3712 |  .0 |
|  .0 |  .0 |  .0 ||  .0 |  .0 |  .0 ||  .0 |  .0 |  .2781 |
|  .0 |  .0 |  .0 ||  .0 |  .0 |  .0 ||  .0 |  .3507 |  .0 |

, state=
|  1. |  1. | -1. || -1. | -0. | -1. || -1. |  1. |  1. |
| -1. | -0. |  1. || -1. | -0. | -1. ||  1. | -0. | -1. |
| -1. | -0. | -0. || -0. | -1. |  1. || -0. |  1. |  1. |
|=====+=====+=====||=====+=====+=====||=====+=====+=====|
| -1. | -1. |  1. || -0. |  1. | -0. ||  1. |  1. | -0. |
|  1. | -0. | -1. || -0. | -0. | -0. || -0. | -1. | -0. |
| -1. |  1. | -1. || -0. | -0. |  1. || -0. | -0. |  1. |
|=====+=====+=====||=====+=====+=====||=====+=====+=====|
| -0. |  1. | -1. || -0. | -0. | -1. ||* 1. |*-0. |*-1. |
|  1. | -0. | -0. ||  1. | -0. | -0. ||*-1. |*-1. |*-0. |
| -0. | -0. | -0. || -0. | -0. | -1. ||* 1. |*-0. |*-1. |

, evalForThisState=-1.0, isPlayerOneTurnOriginally=false}, StateDatum{MCTSProbabilites=
|  .0 |  .0 |  .0 ||  .0 |  .3312 |  .0 ||  .0 |  .0 |  .0 |
|  .0 |  .0 |  .0 ||  .0 |  .3487 |  .0 ||  .0 |  .0 |  .0 |
|  .0 |  .0 |  .0 ||  .3201 |  .0 |  .0 ||  .0 |  .0 |  .0 |
|========+========+========||========+========+========||========+========+========|
|  .0 |  .0 |  .0 ||  .0 |  .0 |  .0 ||  .0 |  .0 |  .0 |
|  .0 |  .0 |  .0 ||  .0 |  .0 |  .0 ||  .0 |  .0 |  .0 |
|  .0 |  .0 |  .0 ||  .0 |  .0 |  .0 ||  .0 |  .0 |  .0 |
|========+========+========||========+========+========||========+========+========|
|  .0 |  .0 |  .0 ||  .0 |  .0 |  .0 ||  .0 |  .0 |  .0 |
|  .0 |  .0 |  .0 ||  .0 |  .0 |  .0 ||  .0 |  .0 |  .0 |
|  .0 |  .0 |  .0 ||  .0 |  .0 |  .0 ||  .0 |  .0 |  .0 |

, state=
| -1. | -1. |  1. ||* 1. |* 0. |* 1. ||  1. | -1. | -1. |
|  1. |  0. | -1. ||* 1. |* 0. |* 1. || -1. |  0. |  1. |
|  1. |  0. |  0. ||* 0. |* 1. |*-1. ||  0. | -1. | -1. |
|=====+=====+=====||=====+=====+=====||=====+=====+=====|
|  1. |  1. | -1. ||  0. | -1. |  0. || -1. | -1. |  0. |
| -1. |  0. |  1. ||  0. |  0. |  0. ||  0. |  1. |  0. |
|  1. | -1. |  1. ||  0. |  0. | -1. ||  0. |  0. | -1. |
|=====+=====+=====||=====+=====+=====||=====+=====+=====|
|  0. | -1. |  1. ||  0. |  0. |  1. || -1. | -1. |  1. |
| -1. |  0. |  0. || -1. |  0. |  0. ||  1. |  1. |  0. |
|  0. |  0. |  0. ||  0. |  0. |  1. || -1. |  0. |  1. |

, evalForThisState=1.0, isPlayerOneTurnOriginally=true}, StateDatum{MCTSProbabilites=
|  .0 |  .0 |  .0 ||  .0 |  .0 |  .0 ||  .0 |  .0 |  .0 |
|  .0 |  .0 |  .0 ||  .0 |  .0 |  .0 ||  .0 |  .0 |  .0 |
|  .0 |  .0 |  .0 ||  .0 |  .0 |  .0 ||  .0 |  .0 |  .0 |
|========+========+========||========+========+========||========+========+========|
|  .0 |  .0 |  .0 ||  .1246 |  .0 |  .0944 ||  .0 |  .0 |  .0 |
|  .0 |  .0 |  .0 ||  .1421 |  .208 |  .1658 ||  .0 |  .0 |  .0 |
|  .0 |  .0 |  .0 ||  .1546 |  .1104 |  .0 ||  .0 |  .0 |  .0 |
|========+========+========||========+========+========||========+========+========|
|  .0 |  .0 |  .0 ||  .0 |  .0 |  .0 ||  .0 |  .0 |  .0 |
|  .0 |  .0 |  .0 ||  .0 |  .0 |  .0 ||  .0 |  .0 |  .0 |
|  .0 |  .0 |  .0 ||  .0 |  .0 |  .0 ||  .0 |  .0 |  .0 |

, state=
|  1. |  1. | -1. || -1. | -0. | -1. || -1. |  1. |  1. |
| -1. | -0. |  1. || -1. | -1. | -1. ||  1. | -0. | -1. |
| -1. | -0. | -0. || -0. | -1. |  1. || -0. |  1. |  1. |
|=====+=====+=====||=====+=====+=====||=====+=====+=====|
| -1. | -1. |  1. ||*-0. |* 1. |*-0. ||  1. |  1. | -0. |
|  1. | -0. | -1. ||*-0. |*-0. |*-0. || -0. | -1. | -0. |
| -1. |  1. | -1. ||*-0. |*-0. |* 1. || -0. | -0. |  1. |
|=====+=====+=====||=====+=====+=====||=====+=====+=====|
| -0. |  1. | -1. || -0. | -0. | -1. ||  1. |  1. | -1. |
|  1. | -0. | -0. ||  1. | -0. | -0. || -1. | -1. | -0. |
| -0. | -0. | -0. || -0. | -0. | -1. ||  1. | -0. | -1. |

, evalForThisState=-1.0, isPlayerOneTurnOriginally=false}, StateDatum{MCTSProbabilites=
|  .0 |  .0 |  .0 ||  .0 |  .0 |  .0 ||  .0 |  .0 |  .0 |
|  .0 |  .0 |  .0 ||  .0 |  .0 |  .0 ||  .0 |  .0 |  .0 |
|  .0 |  .0 |  .0 ||  .0 |  .0 |  .0 ||  .0 |  .0 |  .0 |
|========+========+========||========+========+========||========+========+========|
|  .0 |  .0 |  .0 ||  .1096 |  .0 |  .1734 ||  .0 |  .0 |  .0 |
|  .0 |  .0 |  .0 ||  .2841 |  .0 |  .1598 ||  .0 |  .0 |  .0 |
|  .0 |  .0 |  .0 ||  .1475 |  .1255 |  .0 ||  .0 |  .0 |  .0 |
|========+========+========||========+========+========||========+========+========|
|  .0 |  .0 |  .0 ||  .0 |  .0 |  .0 ||  .0 |  .0 |  .0 |
|  .0 |  .0 |  .0 ||  .0 |  .0 |  .0 ||  .0 |  .0 |  .0 |
|  .0 |  .0 |  .0 ||  .0 |  .0 |  .0 ||  .0 |  .0 |  .0 |

, state=
| -1. | -1. |  1. ||  1. |  0. |  1. ||  1. | -1. | -1. |
|  1. |  0. | -1. ||  1. |  1. |  1. || -1. |  0. |  1. |
|  1. |  0. |  0. ||  0. |  1. | -1. ||  0. | -1. | -1. |
|=====+=====+=====||=====+=====+=====||=====+=====+=====|
|  1. |  1. | -1. ||* 0. |*-1. |* 0. || -1. | -1. |  0. |
| -1. |  0. |  1. ||* 0. |*-1. |* 0. ||  0. |  1. |  0. |
|  1. | -1. |  1. ||* 0. |* 0. |*-1. ||  0. |  0. | -1. |
|=====+=====+=====||=====+=====+=====||=====+=====+=====|
|  0. | -1. |  1. ||  0. |  0. |  1. || -1. | -1. |  1. |
| -1. |  0. |  0. || -1. |  0. |  0. ||  1. |  1. |  0. |
|  0. |  0. |  0. ||  0. |  0. |  1. || -1. |  0. |  1. |

, evalForThisState=1.0, isPlayerOneTurnOriginally=true}, StateDatum{MCTSProbabilites=
|  .0 |  .0 |  .0 ||  .0 |  .0 |  .0 ||  .0 |  .0 |  .0 |
|  .0 |  .0 |  .0 ||  .0 |  .0 |  .0 ||  .0 |  .0 |  .0 |
|  .0 |  .0 |  .0 ||  .0 |  .0 |  .0 ||  .0 |  .0 |  .0 |
|========+========+========||========+========+========||========+========+========|
|  .0 |  .0 |  .0 ||  .0 |  .0 |  .0 ||  .0 |  .0 |  .0 |
|  .0 |  1.0 |  .0 ||  .0 |  .0 |  .0 ||  .0 |  .0 |  .0 |
|  .0 |  .0 |  .0 ||  .0 |  .0 |  .0 ||  .0 |  .0 |  .0 |
|========+========+========||========+========+========||========+========+========|
|  .0 |  .0 |  .0 ||  .0 |  .0 |  .0 ||  .0 |  .0 |  .0 |
|  .0 |  .0 |  .0 ||  .0 |  .0 |  .0 ||  .0 |  .0 |  .0 |
|  .0 |  .0 |  .0 ||  .0 |  .0 |  .0 ||  .0 |  .0 |  .0 |

, state=
|  1. |  1. | -1. || -1. | -0. | -1. || -1. |  1. |  1. |
| -1. | -0. |  1. || -1. | -1. | -1. ||  1. | -0. | -1. |
| -1. | -0. | -0. || -0. | -1. |  1. || -0. |  1. |  1. |
|=====+=====+=====||=====+=====+=====||=====+=====+=====|
|*-1. |*-1. |* 1. || -0. |  1. | -0. ||  1. |  1. | -0. |
|* 1. |*-0. |*-1. || -1. |  1. | -0. || -0. | -1. | -0. |
|*-1. |* 1. |*-1. || -0. | -0. |  1. || -0. | -0. |  1. |
|=====+=====+=====||=====+=====+=====||=====+=====+=====|
| -0. |  1. | -1. || -0. | -0. | -1. ||  1. |  1. | -1. |
|  1. | -0. | -0. ||  1. | -0. | -0. || -1. | -1. | -0. |
| -0. | -0. | -0. || -0. | -0. | -1. ||  1. | -0. | -1. |

, evalForThisState=-1.0, isPlayerOneTurnOriginally=false}, StateDatum{MCTSProbabilites=
|  .0 |  .0 |  .0 ||  .0 |  .0 |  .0 ||  .0 |  .0 |  .0 |
|  .0 |  .0 |  .0 ||  .0 |  .0 |  .0 ||  .0 |  .0 |  .0 |
|  .0 |  .0 |  .0 ||  .0 |  .0 |  .0 ||  .0 |  .0 |  .0 |
|========+========+========||========+========+========||========+========+========|
|  .0 |  .0 |  .0 ||  .2257 |  .0 |  .0875 ||  .0 |  .0 |  .0 |
|  .0 |  .0 |  .0 ||  .0 |  .0 |  .079 ||  .0 |  .0 |  .0 |
|  .0 |  .0 |  .0 ||  .5303 |  .0775 |  .0 ||  .0 |  .0 |  .0 |
|========+========+========||========+========+========||========+========+========|
|  .0 |  .0 |  .0 ||  .0 |  .0 |  .0 ||  .0 |  .0 |  .0 |
|  .0 |  .0 |  .0 ||  .0 |  .0 |  .0 ||  .0 |  .0 |  .0 |
|  .0 |  .0 |  .0 ||  .0 |  .0 |  .0 ||  .0 |  .0 |  .0 |

, state=
| -1. | -1. |  1. ||  1. |  0. |  1. ||  1. | -1. | -1. |
|  1. |  0. | -1. ||  1. |  1. |  1. || -1. |  0. |  1. |
|  1. |  0. |  0. ||  0. |  1. | -1. ||  0. | -1. | -1. |
|=====+=====+=====||=====+=====+=====||=====+=====+=====|
|  1. |  1. | -1. ||* 0. |*-1. |* 0. || -1. | -1. |  0. |
| -1. | -1. |  1. ||* 1. |*-1. |* 0. ||  0. |  1. |  0. |
|  1. | -1. |  1. ||* 0. |* 0. |*-1. ||  0. |  0. | -1. |
|=====+=====+=====||=====+=====+=====||=====+=====+=====|
|  0. | -1. |  1. ||  0. |  0. |  1. || -1. | -1. |  1. |
| -1. |  0. |  0. || -1. |  0. |  0. ||  1. |  1. |  0. |
|  0. |  0. |  0. ||  0. |  0. |  1. || -1. |  0. |  1. |

, evalForThisState=1.0, isPlayerOneTurnOriginally=true}, StateDatum{MCTSProbabilites=
|  .0 |  .0 |  .0 ||  .0 |  .0 |  .0 ||  .0 |  .0 |  .0 |
|  .0 |  .0 |  .0 ||  .0 |  .0 |  .0 ||  .0 |  .0 |  .0 |
|  .0 |  .0 |  .0 ||  .0 |  .0 |  .0 ||  .0 |  .0 |  .0 |
|========+========+========||========+========+========||========+========+========|
|  .0 |  .0 |  .0 ||  .0 |  .0 |  .0 ||  .0 |  .0 |  .0 |
|  .0 |  .0 |  .0 ||  .0 |  .0 |  .0 ||  .0 |  .0 |  .0 |
|  .0 |  .0 |  .0 ||  .0 |  .0 |  .0 ||  .0 |  .0 |  .0 |
|========+========+========||========+========+========||========+========+========|
|  .1405 |  .0 |  .0 ||  .0 |  .0 |  .0 ||  .0 |  .0 |  .0 |
|  .0 |  .1187 |  .1902 ||  .0 |  .0 |  .0 ||  .0 |  .0 |  .0 |
|  .1554 |  .1328 |  .2624 ||  .0 |  .0 |  .0 ||  .0 |  .0 |  .0 |

, state=
|  1. |  1. | -1. || -1. | -0. | -1. || -1. |  1. |  1. |
| -1. | -0. |  1. || -1. | -1. | -1. ||  1. | -0. | -1. |
| -1. | -0. | -0. || -0. | -1. |  1. || -0. |  1. |  1. |
|=====+=====+=====||=====+=====+=====||=====+=====+=====|
| -1. | -1. |  1. || -0. |  1. | -0. ||  1. |  1. | -0. |
|  1. |  1. | -1. || -1. |  1. | -0. || -0. | -1. | -0. |
| -1. |  1. | -1. || -1. | -0. |  1. || -0. | -0. |  1. |
|=====+=====+=====||=====+=====+=====||=====+=====+=====|
|*-0. |* 1. |*-1. || -0. | -0. | -1. ||  1. |  1. | -1. |
|* 1. |*-0. |*-0. ||  1. | -0. | -0. || -1. | -1. | -0. |
|*-0. |*-0. |*-0. || -0. | -0. | -1. ||  1. | -0. | -1. |

, evalForThisState=-1.0, isPlayerOneTurnOriginally=false}, StateDatum{MCTSProbabilites=
|  .0 |  .0 |  .0 ||  .0 |  .0 |  .0 ||  .0 |  .0 |  .0 |
|  .0 |  .0 |  .0 ||  .0 |  .0 |  .0 ||  .0 |  .0 |  .0 |
|  .0 |  .0 |  .0 ||  .0 |  .0 |  .0 ||  .0 |  .0 |  .0 |
|========+========+========||========+========+========||========+========+========|
|  .0 |  .0 |  .0 ||  .0 |  .0 |  .0 ||  .0 |  .0 |  .0 |
|  .0 |  .0 |  .0 ||  .0 |  .0 |  .0 ||  .0 |  .0 |  .0 |
|  .0 |  .0 |  .0 ||  .0 |  .0 |  .0 ||  .0 |  .0 |  .0 |
|========+========+========||========+========+========||========+========+========|
|  .0 |  .0 |  .0 ||  .0 |  .0 |  .0 ||  .0 |  .0 |  .0 |
|  .0 |  .0 |  .0 ||  .0 |  .0 |  .0 ||  .0 |  .0 |  .973 |
|  .0 |  .0 |  .0 ||  .0 |  .0 |  .0 ||  .0 |  .027 |  .0 |

, state=
| -1. | -1. |  1. ||  1. |  0. |  1. ||  1. | -1. | -1. |
|  1. |  0. | -1. ||  1. |  1. |  1. || -1. |  0. |  1. |
|  1. |  0. |  0. ||  0. |  1. | -1. ||  0. | -1. | -1. |
|=====+=====+=====||=====+=====+=====||=====+=====+=====|
|  1. |  1. | -1. ||  0. | -1. |  0. || -1. | -1. |  0. |
| -1. | -1. |  1. ||  1. | -1. |  0. ||  0. |  1. |  0. |
|  1. | -1. |  1. ||  1. |  0. | -1. ||  0. |  0. | -1. |
|=====+=====+=====||=====+=====+=====||=====+=====+=====|
|  0. | -1. |  1. ||  0. |  0. |  1. ||*-1. |*-1. |* 1. |
| -1. |  0. |  0. || -1. |  0. |  0. ||* 1. |* 1. |* 0. |
|  0. |  0. | -1. ||  0. |  0. |  1. ||*-1. |* 0. |* 1. |

, evalForThisState=1.0, isPlayerOneTurnOriginally=true}, StateDatum{MCTSProbabilites=
|  .0 |  .0 |  .0 ||  .0 |  .0 |  .0 ||  .0 |  .0 |  .0 |
|  .0 |  .0 |  .0 ||  .0 |  .0 |  .0 ||  .0 |  .0 |  .0 |
|  .0 |  .0 |  .0 ||  .0 |  .0 |  .0 ||  .0 |  .0 |  .0 |
|========+========+========||========+========+========||========+========+========|
|  .0 |  .0 |  .0 ||  .0 |  .0 |  .0 ||  .0 |  .0 |  .5528 |
|  .0 |  .0 |  .0 ||  .0 |  .0 |  .0 ||  .1362 |  .0 |  .1515 |
|  .0 |  .0 |  .0 ||  .0 |  .0 |  .0 ||  .0577 |  .1016 |  .0 |
|========+========+========||========+========+========||========+========+========|
|  .0 |  .0 |  .0 ||  .0 |  .0 |  .0 ||  .0 |  .0 |  .0 |
|  .0 |  .0 |  .0 ||  .0 |  .0 |  .0 ||  .0 |  .0 |  .0 |
|  .0 |  .0 |  .0 ||  .0 |  .0 |  .0 ||  .0 |  .0 |  .0 |

, state=
|  1. |  1. | -1. || -1. | -0. | -1. || -1. |  1. |  1. |
| -1. | -0. |  1. || -1. | -1. | -1. ||  1. | -0. | -1. |
| -1. | -0. | -0. || -0. | -1. |  1. || -0. |  1. |  1. |
|=====+=====+=====||=====+=====+=====||=====+=====+=====|
| -1. | -1. |  1. || -0. |  1. | -0. ||* 1. |* 1. |*-0. |
|  1. |  1. | -1. || -1. |  1. | -0. ||*-0. |*-1. |*-0. |
| -1. |  1. | -1. || -1. | -0. |  1. ||*-0. |*-0. |* 1. |
|=====+=====+=====||=====+=====+=====||=====+=====+=====|
| -0. |  1. | -1. || -0. | -0. | -1. ||  1. |  1. | -1. |
|  1. | -0. | -0. ||  1. | -0. | -0. || -1. | -1. | -1. |
| -0. | -0. |  1. || -0. | -0. | -1. ||  1. | -0. | -1. |

, evalForThisState=-1.0, isPlayerOneTurnOriginally=false}, StateDatum{MCTSProbabilites=
|  .0 |  .0 |  .0 ||  .0 |  .0 |  .0 ||  .0 |  .0 |  .0 |
|  .0 |  .0 |  .0 ||  .0 |  .0 |  .0 ||  .0 |  .0237 |  .0 |
|  .0 |  .0 |  .0 ||  .0 |  .0 |  .0 ||  .9763 |  .0 |  .0 |
|========+========+========||========+========+========||========+========+========|
|  .0 |  .0 |  .0 ||  .0 |  .0 |  .0 ||  .0 |  .0 |  .0 |
|  .0 |  .0 |  .0 ||  .0 |  .0 |  .0 ||  .0 |  .0 |  .0 |
|  .0 |  .0 |  .0 ||  .0 |  .0 |  .0 ||  .0 |  .0 |  .0 |
|========+========+========||========+========+========||========+========+========|
|  .0 |  .0 |  .0 ||  .0 |  .0 |  .0 ||  .0 |  .0 |  .0 |
|  .0 |  .0 |  .0 ||  .0 |  .0 |  .0 ||  .0 |  .0 |  .0 |
|  .0 |  .0 |  .0 ||  .0 |  .0 |  .0 ||  .0 |  .0 |  .0 |

, state=
| -1. | -1. |  1. ||  1. |  0. |  1. ||* 1. |*-1. |*-1. |
|  1. |  0. | -1. ||  1. |  1. |  1. ||*-1. |* 0. |* 1. |
|  1. |  0. |  0. ||  0. |  1. | -1. ||* 0. |*-1. |*-1. |
|=====+=====+=====||=====+=====+=====||=====+=====+=====|
|  1. |  1. | -1. ||  0. | -1. |  0. || -1. | -1. | -1. |
| -1. | -1. |  1. ||  1. | -1. |  0. ||  0. |  1. |  0. |
|  1. | -1. |  1. ||  1. |  0. | -1. ||  0. |  0. | -1. |
|=====+=====+=====||=====+=====+=====||=====+=====+=====|
|  0. | -1. |  1. ||  0. |  0. |  1. || -1. | -1. |  1. |
| -1. |  0. |  0. || -1. |  0. |  0. ||  1. |  1. |  1. |
|  0. |  0. | -1. ||  0. |  0. |  1. || -1. |  0. |  1. |

, evalForThisState=1.0, isPlayerOneTurnOriginally=true}, StateDatum{MCTSProbabilites=
|  .0 |  .0 |  .0 ||  .0 |  .0 |  .0 ||  .0 |  .0 |  .0 |
|  .0 |  .0 |  .0 ||  .0 |  .0 |  .0 ||  .0 |  .0 |  .0 |
|  .0 |  .0 |  .0 ||  .0 |  .0 |  .0 ||  .0 |  .0 |  .0 |
|========+========+========||========+========+========||========+========+========|
|  .0 |  .0 |  .0 ||  .0 |  .0 |  .0 ||  .0 |  .0 |  .0 |
|  .0 |  .0 |  .0 ||  .0 |  .0 |  .0 ||  .0 |  .0 |  .0 |
|  .0 |  .0 |  .0 ||  .0 |  .0 |  .0 ||  .0 |  .0 |  .0 |
|========+========+========||========+========+========||========+========+========|
|  .9627 |  .0 |  .0 ||  .0 |  .0 |  .0 ||  .0 |  .0 |  .0 |
|  .0 |  .0095 |  .0045 ||  .0 |  .0 |  .0 ||  .0 |  .0 |  .0 |
|  .0065 |  .0167 |  .0 ||  .0 |  .0 |  .0 ||  .0 |  .0 |  .0 |

, state=
|  1. |  1. | -1. || -1. | -0. | -1. || -1. |  1. |  1. |
| -1. | -0. |  1. || -1. | -1. | -1. ||  1. | -0. | -1. |
| -1. | -0. | -0. || -0. | -1. |  1. || -1. |  1. |  1. |
|=====+=====+=====||=====+=====+=====||=====+=====+=====|
| -1. | -1. |  1. || -0. |  1. | -0. ||  1. |  1. |  1. |
|  1. |  1. | -1. || -1. |  1. | -0. || -0. | -1. | -0. |
| -1. |  1. | -1. || -1. | -0. |  1. || -0. | -0. |  1. |
|=====+=====+=====||=====+=====+=====||=====+=====+=====|
|*-0. |* 1. |*-1. || -0. | -0. | -1. ||  1. |  1. | -1. |
|* 1. |*-0. |*-0. ||  1. | -0. | -0. || -1. | -1. | -1. |
|*-0. |*-0. |* 1. || -0. | -0. | -1. ||  1. | -0. | -1. |

, evalForThisState=-1.0, isPlayerOneTurnOriginally=false}, StateDatum{MCTSProbabilites=
|  .0 |  .0 |  .0 ||  .0 |  .0 |  .0 ||  .0 |  .0 |  .0 |
|  .0 |  .0688 |  .0 ||  .0 |  .0 |  .0 ||  .0 |  .0 |  .0 |
|  .0 |  .0412 |  .89 ||  .0 |  .0 |  .0 ||  .0 |  .0 |  .0 |
|========+========+========||========+========+========||========+========+========|
|  .0 |  .0 |  .0 ||  .0 |  .0 |  .0 ||  .0 |  .0 |  .0 |
|  .0 |  .0 |  .0 ||  .0 |  .0 |  .0 ||  .0 |  .0 |  .0 |
|  .0 |  .0 |  .0 ||  .0 |  .0 |  .0 ||  .0 |  .0 |  .0 |
|========+========+========||========+========+========||========+========+========|
|  .0 |  .0 |  .0 ||  .0 |  .0 |  .0 ||  .0 |  .0 |  .0 |
|  .0 |  .0 |  .0 ||  .0 |  .0 |  .0 ||  .0 |  .0 |  .0 |
|  .0 |  .0 |  .0 ||  .0 |  .0 |  .0 ||  .0 |  .0 |  .0 |

, state=
|*-1. |*-1. |* 1. ||  1. |  0. |  1. ||  1. | -1. | -1. |
|* 1. |* 0. |*-1. ||  1. |  1. |  1. || -1. |  0. |  1. |
|* 1. |* 0. |* 0. ||  0. |  1. | -1. ||  1. | -1. | -1. |
|=====+=====+=====||=====+=====+=====||=====+=====+=====|
|  1. |  1. | -1. ||  0. | -1. |  0. || -1. | -1. | -1. |
| -1. | -1. |  1. ||  1. | -1. |  0. ||  0. |  1. |  0. |
|  1. | -1. |  1. ||  1. |  0. | -1. ||  0. |  0. | -1. |
|=====+=====+=====||=====+=====+=====||=====+=====+=====|
| -1. | -1. |  1. ||  0. |  0. |  1. || -1. | -1. |  1. |
| -1. |  0. |  0. || -1. |  0. |  0. ||  1. |  1. |  1. |
|  0. |  0. | -1. ||  0. |  0. |  1. || -1. |  0. |  1. |

, evalForThisState=1.0, isPlayerOneTurnOriginally=true}, StateDatum{MCTSProbabilites=
|  .0 |  .0 |  .0 ||  .0 |  .0 |  .0 ||  .0 |  .0 |  .0 |
|  .0 |  .0006 |  .0 ||  .0 |  .0 |  .0 ||  .0 |  .0003 |  .0 |
|  .0 |  .001 |  .0 ||  .0 |  .0 |  .0 ||  .0 |  .0 |  .0 |
|========+========+========||========+========+========||========+========+========|
|  .0 |  .0 |  .0 ||  .0009 |  .0 |  .0007 ||  .0 |  .0 |  .0 |
|  .0 |  .0 |  .0 ||  .0 |  .0 |  .001 ||  .0 |  .0 |  .0 |
|  .0 |  .0 |  .0 ||  .0 |  .0008 |  .0 ||  .0 |  .0 |  .0 |
|========+========+========||========+========+========||========+========+========|
|  .0 |  .0 |  .0 ||  .0014 |  .0011 |  .0 ||  .0 |  .0 |  .0 |
|  .0 |  .9858 |  .0009 ||  .0 |  .0008 |  .0006 ||  .0 |  .0 |  .0 |
|  .0016 |  .001 |  .0 ||  .0007 |  .0007 |  .0 ||  .0 |  .0 |  .0 |

, state=
|* 1. |* 1. |*-1. || -1. | -0. | -1. ||*-1. |* 1. |* 1. |
|*-1. |*-0. |* 1. || -1. | -1. | -1. ||* 1. |*-0. |*-1. |
|*-1. |*-0. |*-1. || -0. | -1. |  1. ||*-1. |* 1. |* 1. |
|=====+=====+=====||=====+=====+=====||=====+=====+=====|
| -1. | -1. |  1. ||*-0. |* 1. |*-0. ||  1. |  1. |  1. |
|  1. |  1. | -1. ||*-1. |* 1. |*-0. || -0. | -1. | -0. |
| -1. |  1. | -1. ||*-1. |*-0. |* 1. || -0. | -0. |  1. |
|=====+=====+=====||=====+=====+=====||=====+=====+=====|
|* 1. |* 1. |*-1. ||*-0. |*-0. |*-1. ||  1. |  1. | -1. |
|* 1. |*-0. |*-0. ||* 1. |*-0. |*-0. || -1. | -1. | -1. |
|*-0. |*-0. |* 1. ||*-0. |*-0. |*-1. ||  1. | -0. | -1. |

, evalForThisState=-1.0, isPlayerOneTurnOriginally=false}, StateDatum{MCTSProbabilites=
|  .0 |  .0 |  .0 ||  .0 |  .0 |  .0 ||  .0 |  .0 |  .0 |
|  .0 |  .0 |  .0 ||  .0 |  .0 |  .0 ||  .0 |  .0 |  .0 |
|  .0 |  .0 |  .0 ||  .0 |  .0 |  .0 ||  .0 |  .0 |  .0 |
|========+========+========||========+========+========||========+========+========|
|  .0 |  .0 |  .0 ||  .9999 |  .0 |  .0 ||  .0 |  .0 |  .0 |
|  .0 |  .0 |  .0 ||  .0 |  .0 |  .0 ||  .0 |  .0 |  .0 |
|  .0 |  .0 |  .0 ||  .0 |  .0 |  .0 ||  .0 |  .0 |  .0 |
|========+========+========||========+========+========||========+========+========|
|  .0 |  .0 |  .0 ||  .0 |  .0 |  .0 ||  .0 |  .0 |  .0 |
|  .0 |  .0 |  .0 ||  .0 |  .0 |  .0 ||  .0 |  .0 |  .0 |
|  .0 |  .0 |  .0 ||  .0 |  .0 |  .0 ||  .0 |  .0 |  .0 |

, state=
| -1. | -1. |  1. ||  1. |  0. |  1. ||  1. | -1. | -1. |
|  1. |  0. | -1. ||  1. |  1. |  1. || -1. |  0. |  1. |
|  1. |  0. |  1. ||  0. |  1. | -1. ||  1. | -1. | -1. |
|=====+=====+=====||=====+=====+=====||=====+=====+=====|
|  1. |  1. | -1. ||* 0. |*-1. |* 0. || -1. | -1. | -1. |
| -1. | -1. |  1. ||* 1. |*-1. |* 0. ||  0. |  1. |  0. |
|  1. | -1. |  1. ||* 1. |* 0. |*-1. ||  0. |  0. | -1. |
|=====+=====+=====||=====+=====+=====||=====+=====+=====|
| -1. | -1. |  1. ||  0. |  0. |  1. || -1. | -1. |  1. |
| -1. | -1. |  0. || -1. |  0. |  0. ||  1. |  1. |  1. |
|  0. |  0. | -1. ||  0. |  0. |  1. || -1. |  0. |  1. |

, evalForThisState=1.0, isPlayerOneTurnOriginally=true}, StateDatum{MCTSProbabilites=
|  .0 |  .0 |  .0 ||  .0 |  .0 |  .0 ||  .0 |  .0 |  .0 |
|  .0 |  .0 |  .0 ||  .0 |  .0 |  .0 ||  .0 |  .0 |  .0 |
|  .0 |  1.0 |  .0 ||  .0 |  .0 |  .0 ||  .0 |  .0 |  .0 |
|========+========+========||========+========+========||========+========+========|
|  .0 |  .0 |  .0 ||  .0 |  .0 |  .0 ||  .0 |  .0 |  .0 |
|  .0 |  .0 |  .0 ||  .0 |  .0 |  .0 ||  .0 |  .0 |  .0 |
|  .0 |  .0 |  .0 ||  .0 |  .0 |  .0 ||  .0 |  .0 |  .0 |
|========+========+========||========+========+========||========+========+========|
|  .0 |  .0 |  .0 ||  .0 |  .0 |  .0 ||  .0 |  .0 |  .0 |
|  .0 |  .0 |  .0 ||  .0 |  .0 |  .0 ||  .0 |  .0 |  .0 |
|  .0 |  .0 |  .0 ||  .0 |  .0 |  .0 ||  .0 |  .0 |  .0 |

, state=
|* 1. |* 1. |*-1. || -1. | -0. | -1. || -1. |  1. |  1. |
|*-1. |*-0. |* 1. || -1. | -1. | -1. ||  1. | -0. | -1. |
|*-1. |*-0. |*-1. || -0. | -1. |  1. || -1. |  1. |  1. |
|=====+=====+=====||=====+=====+=====||=====+=====+=====|
| -1. | -1. |  1. || -1. |  1. | -0. ||  1. |  1. |  1. |
|  1. |  1. | -1. || -1. |  1. | -0. || -0. | -1. | -0. |
| -1. |  1. | -1. || -1. | -0. |  1. || -0. | -0. |  1. |
|=====+=====+=====||=====+=====+=====||=====+=====+=====|
|  1. |  1. | -1. || -0. | -0. | -1. ||  1. |  1. | -1. |
|  1. |  1. | -0. ||  1. | -0. | -0. || -1. | -1. | -1. |
| -0. | -0. |  1. || -0. | -0. | -1. ||  1. | -0. | -1. |

, evalForThisState=-1.0, isPlayerOneTurnOriginally=false}, StateDatum{MCTSProbabilites=
|  .0 |  .0 |  .0 ||  .0 |  .0 |  .0 ||  .0 |  .0 |  .0 |
|  .0 |  .0 |  .0 ||  .0 |  .0 |  .0 ||  .0 |  .0 |  .0 |
|  .0 |  .0 |  .0 ||  .0 |  .0 |  .0 ||  .0 |  .0 |  .0 |
|========+========+========||========+========+========||========+========+========|
|  .0 |  .0 |  .0 ||  .0 |  .0 |  .0 ||  .0 |  .0 |  .0 |
|  .0 |  .0 |  .0 ||  .0 |  .0 |  .0 ||  .0 |  .0 |  .0 |
|  .0 |  .0 |  .0 ||  .0 |  .0 |  .0 ||  .0 |  .0 |  .0 |
|========+========+========||========+========+========||========+========+========|
|  .0 |  .0 |  .0 ||  .1824 |  .1208 |  .0 ||  .0 |  .0 |  .0 |
|  .0 |  .0 |  .0 ||  .0 |  .1672 |  .2218 ||  .0 |  .0 |  .0 |
|  .0 |  .0 |  .0 ||  .1544 |  .1535 |  .0 ||  .0 |  .0 |  .0 |

, state=
| -1. | -1. |  1. ||  1. |  0. |  1. ||  1. | -1. | -1. |
|  1. |  0. | -1. ||  1. |  1. |  1. || -1. |  0. |  1. |
|  1. | -1. |  1. ||  0. |  1. | -1. ||  1. | -1. | -1. |
|=====+=====+=====||=====+=====+=====||=====+=====+=====|
|  1. |  1. | -1. ||  1. | -1. |  0. || -1. | -1. | -1. |
| -1. | -1. |  1. ||  1. | -1. |  0. ||  0. |  1. |  0. |
|  1. | -1. |  1. ||  1. |  0. | -1. ||  0. |  0. | -1. |
|=====+=====+=====||=====+=====+=====||=====+=====+=====|
| -1. | -1. |  1. ||* 0. |* 0. |* 1. || -1. | -1. |  1. |
| -1. | -1. |  0. ||*-1. |* 0. |* 0. ||  1. |  1. |  1. |
|  0. |  0. | -1. ||* 0. |* 0. |* 1. || -1. |  0. |  1. |

, evalForThisState=1.0, isPlayerOneTurnOriginally=true}]
Value network data: 
===========INPUT===================
[[         0,         0,         0,  ...    1.0000,    1.0000,    1.0000], 
 [         0,         0,         0,  ...    1.0000,   -1.0000,   -1.0000], 
 [         0,         0,         0,  ...   -1.0000,   -1.0000,   -1.0000], 
  ..., 
 [   -1.0000,   -1.0000,    1.0000,  ...   -1.0000,   -1.0000,   -1.0000], 
 [    1.0000,    1.0000,   -1.0000,  ...   -1.0000,   -1.0000,   -1.0000], 
 [   -1.0000,   -1.0000,    1.0000,  ...   -1.0000,    1.0000,   -1.0000]]
=================OUTPUT==================
[[1.0000], 
 [-1.0000], 
 [1.0000], 
 [-1.0000], 
 [1.0000], 
 [-1.0000], 
 [1.0000], 
 [-1.0000], 
 [1.0000], 
 [-1.0000], 
 [1.0000], 
 [-1.0000], 
 [1.0000], 
 [-1.0000], 
 [1.0000], 
 [-1.0000], 
 [1.0000], 
 [-1.0000], 
 [1.0000], 
 [-1.0000], 
 [1.0000], 
 [-1.0000], 
 [1.0000], 
 [-1.0000], 
 [1.0000], 
 [-1.0000], 
 [1.0000], 
 [-1.0000], 
 [1.0000], 
 [-1.0000], 
 [1.0000], 
 [-1.0000], 
 [1.0000], 
 [-1.0000], 
 [1.0000], 
 [-1.0000], 
 [1.0000], 
 [-1.0000], 
 [1.0000], 
 [-1.0000], 
 [1.0000], 
 [-1.0000], 
 [1.0000], 
 [-1.0000], 
 [1.0000], 
 [-1.0000], 
 [1.0000], 
 [-1.0000], 
 [1.0000], 
 [-1.0000], 
 [1.0000], 
 [-1.0000], 
 [1.0000], 
 [-1.0000], 
 [1.0000], 
 [-1.0000], 
 [1.0000], 
 [-1.0000], 
 [1.0000], 
 [-1.0000], 
 [1.0000]]
Policy network data: 
===========INPUT===================
[[         0,         0,         0,  ...    1.0000,    1.0000,    1.0000], 
 [         0,         0,         0,  ...    1.0000,   -1.0000,   -1.0000], 
 [         0,         0,         0,  ...   -1.0000,   -1.0000,   -1.0000], 
  ..., 
 [   -1.0000,   -1.0000,    1.0000,  ...   -1.0000,   -1.0000,   -1.0000], 
 [    1.0000,    1.0000,   -1.0000,  ...   -1.0000,   -1.0000,   -1.0000], 
 [   -1.0000,   -1.0000,    1.0000,  ...   -1.0000,    1.0000,   -1.0000]]
=================OUTPUT==================
[[    0.0135,    0.0091,    0.0086,  ...    0.0134,    0.0141,    0.0086], 
 [         0,         0,         0,  ...         0,         0,         0], 
 [         0,         0,         0,  ...         0,         0,         0], 
  ..., 
 [         0,         0,         0,  ...         0,         0,         0], 
 [         0,         0,         0,  ...         0,         0,         0], 
 [         0,         0,         0,  ...         0,         0,         0]]
W:\Labs\ME\ME187-Fall2024\StudentFiles\CALEBHOTTES\UTTTstuff\data\series1\policy$series1,gameNum103$1728896000604.bin
Took: 1838 s to simulate game
Finished simulating game, see log at: W:\Labs\ME\ME187-Fall2024\StudentFiles\CALEBHOTTES\UTTTstuff\data\logs\series1\game103$1728894161855.log for details.
