Saving data to: W:\Labs\ME\ME187-Fall2024\StudentFiles\CALEBHOTTES\UTTTstuff\data\series1
Begin custom message: 
DataSeries: series1 game number: 133 

Description: making data during matlab class 238. 

Evaluator config=EvaluatorConfiguration{cValue=2.0, maxRolloutDepth=1000, computeTime=35, threads=1, stupidity=0, allowForcePlay=false, maxMyCPU=false}
End custom message
Inital State: 

|* 0. |* 0. |* 0. ||* 0. |* 0. |* 0. ||* 0. |* 0. |* 0. |
|* 0. |* 0. |* 0. ||* 0. |* 0. |* 0. ||* 0. |* 0. |* 0. |
|* 0. |* 0. |* 0. ||* 0. |* 0. |* 0. ||* 0. |* 0. |* 0. |
|=====+=====+=====||=====+=====+=====||=====+=====+=====|
|* 0. |* 0. |* 0. ||* 0. |* 0. |* 0. ||* 0. |* 0. |* 0. |
|* 0. |* 0. |* 0. ||* 0. |* 0. |* 0. ||* 0. |* 0. |* 0. |
|* 0. |* 0. |* 0. ||* 0. |* 0. |* 0. ||* 0. |* 0. |* 0. |
|=====+=====+=====||=====+=====+=====||=====+=====+=====|
|* 0. |* 0. |* 0. ||* 0. |* 0. |* 0. ||* 0. |* 0. |* 0. |
|* 0. |* 0. |* 0. ||* 0. |* 0. |* 0. ||* 0. |* 0. |* 0. |
|* 0. |* 0. |* 0. ||* 0. |* 0. |* 0. ||* 0. |* 0. |* 0. |


state to eval, currenty is playerone turn=true

|* 0. |* 0. |* 0. ||* 0. |* 0. |* 0. ||* 0. |* 0. |* 0. |
|* 0. |* 0. |* 0. ||* 0. |* 0. |* 0. ||* 0. |* 0. |* 0. |
|* 0. |* 0. |* 0. ||* 0. |* 0. |* 0. ||* 0. |* 0. |* 0. |
|=====+=====+=====||=====+=====+=====||=====+=====+=====|
|* 0. |* 0. |* 0. ||* 0. |* 0. |* 0. ||* 0. |* 0. |* 0. |
|* 0. |* 0. |* 0. ||* 0. |* 0. |* 0. ||* 0. |* 0. |* 0. |
|* 0. |* 0. |* 0. ||* 0. |* 0. |* 0. ||* 0. |* 0. |* 0. |
|=====+=====+=====||=====+=====+=====||=====+=====+=====|
|* 0. |* 0. |* 0. ||* 0. |* 0. |* 0. ||* 0. |* 0. |* 0. |
|* 0. |* 0. |* 0. ||* 0. |* 0. |* 0. ||* 0. |* 0. |* 0. |
|* 0. |* 0. |* 0. ||* 0. |* 0. |* 0. ||* 0. |* 0. |* 0. |


Determined best move using: 876043Iterations
Determined best move using: 91102Iterations
Determined best move using: 101976Iterations
current State

|  0. |  0. |  0. ||  0. |  0. |  0. ||  0. |  0. |  0. |
|  0. |  0. |  0. ||  0. |  0. |  0. ||  0. |  0. |  0. |
|  0. |  0. |  0. ||  0. |  0. |  0. ||  0. |  0. |  1. |
|=====+=====+=====||=====+=====+=====||=====+=====+=====|
|  0. |  0. |  0. ||  0. |  0. |  0. ||  0. |  0. |  0. |
|  0. |  0. |  0. ||  0. |  0. |  0. ||  0. |  0. |  0. |
|  0. |  0. |  0. ||  0. |  0. |  0. ||  0. |  0. |  0. |
|=====+=====+=====||=====+=====+=====||=====+=====+=====|
|  0. |  0. |  0. ||  0. |  0. |  0. ||* 0. |* 0. |* 0. |
|  0. |  0. |  0. ||  0. |  0. |  0. ||* 0. |* 0. |* 0. |
|  0. |  0. |  0. ||  0. |  0. |  0. ||* 0. |* 0. |* 0. |


state to eval, currenty is playerone turn=false

| -0. | -0. | -0. || -0. | -0. | -0. || -0. | -0. | -0. |
| -0. | -0. | -0. || -0. | -0. | -0. || -0. | -0. | -0. |
| -0. | -0. | -0. || -0. | -0. | -0. || -0. | -0. | -1. |
|=====+=====+=====||=====+=====+=====||=====+=====+=====|
| -0. | -0. | -0. || -0. | -0. | -0. || -0. | -0. | -0. |
| -0. | -0. | -0. || -0. | -0. | -0. || -0. | -0. | -0. |
| -0. | -0. | -0. || -0. | -0. | -0. || -0. | -0. | -0. |
|=====+=====+=====||=====+=====+=====||=====+=====+=====|
| -0. | -0. | -0. || -0. | -0. | -0. ||*-0. |*-0. |*-0. |
| -0. | -0. | -0. || -0. | -0. | -0. ||*-0. |*-0. |*-0. |
| -0. | -0. | -0. || -0. | -0. | -0. ||*-0. |*-0. |*-0. |


current State

|  0. |  0. |  0. ||  0. |  0. |  0. ||  0. |  0. |  0. |
|  0. |  0. |  0. ||  0. |  0. |  0. ||  0. |  0. |  0. |
|  0. |  0. |  0. ||  0. |  0. |  0. ||  0. |  0. |  1. |
|=====+=====+=====||=====+=====+=====||=====+=====+=====|
|  0. |  0. |  0. ||  0. |  0. |  0. ||  0. |  0. |  0. |
|  0. |  0. |  0. ||  0. |  0. |  0. ||  0. |  0. |  0. |
|  0. |  0. |  0. ||  0. |  0. |  0. ||  0. |  0. |  0. |
|=====+=====+=====||=====+=====+=====||=====+=====+=====|
|  0. |  0. |  0. ||  0. |  0. |  0. ||* 0. |* 0. |* 0. |
|  0. |  0. |  0. ||  0. |  0. |  0. ||* 0. |* 0. |* 0. |
|  0. |  0. |  0. ||  0. |  0. |  0. ||* 0. |* 0. |*-1. |


state to eval, currenty is playerone turn=true

|  0. |  0. |  0. ||  0. |  0. |  0. ||  0. |  0. |  0. |
|  0. |  0. |  0. ||  0. |  0. |  0. ||  0. |  0. |  0. |
|  0. |  0. |  0. ||  0. |  0. |  0. ||  0. |  0. |  1. |
|=====+=====+=====||=====+=====+=====||=====+=====+=====|
|  0. |  0. |  0. ||  0. |  0. |  0. ||  0. |  0. |  0. |
|  0. |  0. |  0. ||  0. |  0. |  0. ||  0. |  0. |  0. |
|  0. |  0. |  0. ||  0. |  0. |  0. ||  0. |  0. |  0. |
|=====+=====+=====||=====+=====+=====||=====+=====+=====|
|  0. |  0. |  0. ||  0. |  0. |  0. ||* 0. |* 0. |* 0. |
|  0. |  0. |  0. ||  0. |  0. |  0. ||* 0. |* 0. |* 0. |
|  0. |  0. |  0. ||  0. |  0. |  0. ||* 0. |* 0. |*-1. |


Determined best move using: 207816Iterations
current State

|  0. |  0. |  0. ||  0. |  0. |  0. ||  0. |  0. |  0. |
|  0. |  0. |  0. ||  0. |  0. |  0. ||  0. |  0. |  0. |
|  0. |  0. |  0. ||  0. |  0. |  0. ||  0. |  0. |  1. |
|=====+=====+=====||=====+=====+=====||=====+=====+=====|
|  0. |  0. |  0. ||  0. |  0. |  0. ||  0. |  0. |  0. |
|  0. |  0. |  0. ||  0. |  0. |  0. ||  0. |  0. |  0. |
|  0. |  0. |  0. ||  0. |  0. |  0. ||  0. |  0. |  0. |
|=====+=====+=====||=====+=====+=====||=====+=====+=====|
|* 0. |* 0. |* 0. ||  0. |  0. |  0. ||  0. |  0. |  0. |
|* 0. |* 0. |* 0. ||  0. |  0. |  0. ||  0. |  0. |  0. |
|* 0. |* 0. |* 0. ||  0. |  0. |  0. ||  1. |  0. | -1. |


state to eval, currenty is playerone turn=false

| -0. | -0. | -0. || -0. | -0. | -0. || -0. | -0. | -0. |
| -0. | -0. | -0. || -0. | -0. | -0. || -0. | -0. | -0. |
| -0. | -0. | -0. || -0. | -0. | -0. || -0. | -0. | -1. |
|=====+=====+=====||=====+=====+=====||=====+=====+=====|
| -0. | -0. | -0. || -0. | -0. | -0. || -0. | -0. | -0. |
| -0. | -0. | -0. || -0. | -0. | -0. || -0. | -0. | -0. |
| -0. | -0. | -0. || -0. | -0. | -0. || -0. | -0. | -0. |
|=====+=====+=====||=====+=====+=====||=====+=====+=====|
|*-0. |*-0. |*-0. || -0. | -0. | -0. || -0. | -0. | -0. |
|*-0. |*-0. |*-0. || -0. | -0. | -0. || -0. | -0. | -0. |
|*-0. |*-0. |*-0. || -0. | -0. | -0. || -1. | -0. |  1. |


current State

|  0. |  0. |  0. ||  0. |  0. |  0. ||  0. |  0. |  0. |
|  0. |  0. |  0. ||  0. |  0. |  0. ||  0. |  0. |  0. |
|  0. |  0. |  0. ||  0. |  0. |  0. ||  0. |  0. |  1. |
|=====+=====+=====||=====+=====+=====||=====+=====+=====|
|* 0. |* 0. |* 0. ||  0. |  0. |  0. ||  0. |  0. |  0. |
|* 0. |* 0. |* 0. ||  0. |  0. |  0. ||  0. |  0. |  0. |
|* 0. |* 0. |* 0. ||  0. |  0. |  0. ||  0. |  0. |  0. |
|=====+=====+=====||=====+=====+=====||=====+=====+=====|
|  0. |  0. |  0. ||  0. |  0. |  0. ||  0. |  0. |  0. |
| -1. |  0. |  0. ||  0. |  0. |  0. ||  0. |  0. |  0. |
|  0. |  0. |  0. ||  0. |  0. |  0. ||  1. |  0. | -1. |


state to eval, currenty is playerone turn=true

|  0. |  0. |  0. ||  0. |  0. |  0. ||  0. |  0. |  0. |
|  0. |  0. |  0. ||  0. |  0. |  0. ||  0. |  0. |  0. |
|  0. |  0. |  0. ||  0. |  0. |  0. ||  0. |  0. |  1. |
|=====+=====+=====||=====+=====+=====||=====+=====+=====|
|* 0. |* 0. |* 0. ||  0. |  0. |  0. ||  0. |  0. |  0. |
|* 0. |* 0. |* 0. ||  0. |  0. |  0. ||  0. |  0. |  0. |
|* 0. |* 0. |* 0. ||  0. |  0. |  0. ||  0. |  0. |  0. |
|=====+=====+=====||=====+=====+=====||=====+=====+=====|
|  0. |  0. |  0. ||  0. |  0. |  0. ||  0. |  0. |  0. |
| -1. |  0. |  0. ||  0. |  0. |  0. ||  0. |  0. |  0. |
|  0. |  0. |  0. ||  0. |  0. |  0. ||  1. |  0. | -1. |


Determined best move using: 121131Iterations
current State

|  0. |  0. |  0. ||* 0. |* 0. |* 0. ||  0. |  0. |  0. |
|  0. |  0. |  0. ||* 0. |* 0. |* 0. ||  0. |  0. |  0. |
|  0. |  0. |  0. ||* 0. |* 0. |* 0. ||  0. |  0. |  1. |
|=====+=====+=====||=====+=====+=====||=====+=====+=====|
|  0. |  1. |  0. ||  0. |  0. |  0. ||  0. |  0. |  0. |
|  0. |  0. |  0. ||  0. |  0. |  0. ||  0. |  0. |  0. |
|  0. |  0. |  0. ||  0. |  0. |  0. ||  0. |  0. |  0. |
|=====+=====+=====||=====+=====+=====||=====+=====+=====|
|  0. |  0. |  0. ||  0. |  0. |  0. ||  0. |  0. |  0. |
| -1. |  0. |  0. ||  0. |  0. |  0. ||  0. |  0. |  0. |
|  0. |  0. |  0. ||  0. |  0. |  0. ||  1. |  0. | -1. |


state to eval, currenty is playerone turn=false

| -0. | -0. | -0. ||*-0. |*-0. |*-0. || -0. | -0. | -0. |
| -0. | -0. | -0. ||*-0. |*-0. |*-0. || -0. | -0. | -0. |
| -0. | -0. | -0. ||*-0. |*-0. |*-0. || -0. | -0. | -1. |
|=====+=====+=====||=====+=====+=====||=====+=====+=====|
| -0. | -1. | -0. || -0. | -0. | -0. || -0. | -0. | -0. |
| -0. | -0. | -0. || -0. | -0. | -0. || -0. | -0. | -0. |
| -0. | -0. | -0. || -0. | -0. | -0. || -0. | -0. | -0. |
|=====+=====+=====||=====+=====+=====||=====+=====+=====|
| -0. | -0. | -0. || -0. | -0. | -0. || -0. | -0. | -0. |
|  1. | -0. | -0. || -0. | -0. | -0. || -0. | -0. | -0. |
| -0. | -0. | -0. || -0. | -0. | -0. || -1. | -0. |  1. |


Determined best move using: 124641Iterations
current State

|  0. |  0. |  0. ||* 0. |*-1. |* 0. ||  0. |  0. |  0. |
|  0. |  0. |  0. ||* 0. |* 0. |* 0. ||  0. |  0. |  0. |
|  0. |  0. |  0. ||* 0. |* 0. |* 0. ||  0. |  0. |  1. |
|=====+=====+=====||=====+=====+=====||=====+=====+=====|
|  0. |  1. |  0. ||  0. |  0. |  0. ||  0. |  0. |  0. |
|  0. |  0. |  0. ||  0. |  0. |  0. ||  0. |  0. |  0. |
|  0. |  0. |  0. ||  0. |  0. |  0. ||  0. |  0. |  0. |
|=====+=====+=====||=====+=====+=====||=====+=====+=====|
|  0. |  0. |  0. ||  0. |  0. |  0. ||  0. |  0. |  0. |
| -1. |  0. |  0. ||  0. |  0. |  0. ||  0. |  0. |  0. |
|  0. |  0. |  0. ||  0. |  0. |  0. ||  1. |  0. | -1. |


state to eval, currenty is playerone turn=true

|  0. |  0. |  0. ||* 0. |*-1. |* 0. ||  0. |  0. |  0. |
|  0. |  0. |  0. ||* 0. |* 0. |* 0. ||  0. |  0. |  0. |
|  0. |  0. |  0. ||* 0. |* 0. |* 0. ||  0. |  0. |  1. |
|=====+=====+=====||=====+=====+=====||=====+=====+=====|
|  0. |  1. |  0. ||  0. |  0. |  0. ||  0. |  0. |  0. |
|  0. |  0. |  0. ||  0. |  0. |  0. ||  0. |  0. |  0. |
|  0. |  0. |  0. ||  0. |  0. |  0. ||  0. |  0. |  0. |
|=====+=====+=====||=====+=====+=====||=====+=====+=====|
|  0. |  0. |  0. ||  0. |  0. |  0. ||  0. |  0. |  0. |
| -1. |  0. |  0. ||  0. |  0. |  0. ||  0. |  0. |  0. |
|  0. |  0. |  0. ||  0. |  0. |  0. ||  1. |  0. | -1. |


current State

|  0. |  0. |  0. ||  0. | -1. |  0. ||  0. |  0. |  0. |
|  0. |  0. |  0. ||  0. |  0. |  0. ||  0. |  0. |  0. |
|  0. |  0. |  0. ||  0. |  1. |  0. ||  0. |  0. |  1. |
|=====+=====+=====||=====+=====+=====||=====+=====+=====|
|  0. |  1. |  0. ||  0. |  0. |  0. ||  0. |  0. |  0. |
|  0. |  0. |  0. ||  0. |  0. |  0. ||  0. |  0. |  0. |
|  0. |  0. |  0. ||  0. |  0. |  0. ||  0. |  0. |  0. |
|=====+=====+=====||=====+=====+=====||=====+=====+=====|
|  0. |  0. |  0. ||* 0. |* 0. |* 0. ||  0. |  0. |  0. |
| -1. |  0. |  0. ||* 0. |* 0. |* 0. ||  0. |  0. |  0. |
|  0. |  0. |  0. ||* 0. |* 0. |* 0. ||  1. |  0. | -1. |


state to eval, currenty is playerone turn=false

| -0. | -0. | -0. || -0. |  1. | -0. || -0. | -0. | -0. |
| -0. | -0. | -0. || -0. | -0. | -0. || -0. | -0. | -0. |
| -0. | -0. | -0. || -0. | -1. | -0. || -0. | -0. | -1. |
|=====+=====+=====||=====+=====+=====||=====+=====+=====|
| -0. | -1. | -0. || -0. | -0. | -0. || -0. | -0. | -0. |
| -0. | -0. | -0. || -0. | -0. | -0. || -0. | -0. | -0. |
| -0. | -0. | -0. || -0. | -0. | -0. || -0. | -0. | -0. |
|=====+=====+=====||=====+=====+=====||=====+=====+=====|
| -0. | -0. | -0. ||*-0. |*-0. |*-0. || -0. | -0. | -0. |
|  1. | -0. | -0. ||*-0. |*-0. |*-0. || -0. | -0. | -0. |
| -0. | -0. | -0. ||*-0. |*-0. |*-0. || -1. | -0. |  1. |


current State

|  0. |  0. |  0. ||  0. | -1. |  0. ||  0. |  0. |  0. |
|  0. |  0. |  0. ||  0. |  0. |  0. ||  0. |  0. |  0. |
|  0. |  0. |  0. ||  0. |  1. |  0. ||  0. |  0. |  1. |
|=====+=====+=====||=====+=====+=====||=====+=====+=====|
|  0. |  1. |  0. ||* 0. |* 0. |* 0. ||  0. |  0. |  0. |
|  0. |  0. |  0. ||* 0. |* 0. |* 0. ||  0. |  0. |  0. |
|  0. |  0. |  0. ||* 0. |* 0. |* 0. ||  0. |  0. |  0. |
|=====+=====+=====||=====+=====+=====||=====+=====+=====|
|  0. |  0. |  0. ||  0. |  0. |  0. ||  0. |  0. |  0. |
| -1. |  0. |  0. ||  0. | -1. |  0. ||  0. |  0. |  0. |
|  0. |  0. |  0. ||  0. |  0. |  0. ||  1. |  0. | -1. |


state to eval, currenty is playerone turn=true

|  0. |  0. |  0. ||  0. | -1. |  0. ||  0. |  0. |  0. |
|  0. |  0. |  0. ||  0. |  0. |  0. ||  0. |  0. |  0. |
|  0. |  0. |  0. ||  0. |  1. |  0. ||  0. |  0. |  1. |
|=====+=====+=====||=====+=====+=====||=====+=====+=====|
|  0. |  1. |  0. ||* 0. |* 0. |* 0. ||  0. |  0. |  0. |
|  0. |  0. |  0. ||* 0. |* 0. |* 0. ||  0. |  0. |  0. |
|  0. |  0. |  0. ||* 0. |* 0. |* 0. ||  0. |  0. |  0. |
|=====+=====+=====||=====+=====+=====||=====+=====+=====|
|  0. |  0. |  0. ||  0. |  0. |  0. ||  0. |  0. |  0. |
| -1. |  0. |  0. ||  0. | -1. |  0. ||  0. |  0. |  0. |
|  0. |  0. |  0. ||  0. |  0. |  0. ||  1. |  0. | -1. |


current State

|  0. |  0. |  0. ||* 0. |*-1. |* 0. ||  0. |  0. |  0. |
|  0. |  0. |  0. ||* 0. |* 0. |* 0. ||  0. |  0. |  0. |
|  0. |  0. |  0. ||* 0. |* 1. |* 0. ||  0. |  0. |  1. |
|=====+=====+=====||=====+=====+=====||=====+=====+=====|
|  0. |  1. |  0. ||  0. |  1. |  0. ||  0. |  0. |  0. |
|  0. |  0. |  0. ||  0. |  0. |  0. ||  0. |  0. |  0. |
|  0. |  0. |  0. ||  0. |  0. |  0. ||  0. |  0. |  0. |
|=====+=====+=====||=====+=====+=====||=====+=====+=====|
|  0. |  0. |  0. ||  0. |  0. |  0. ||  0. |  0. |  0. |
| -1. |  0. |  0. ||  0. | -1. |  0. ||  0. |  0. |  0. |
|  0. |  0. |  0. ||  0. |  0. |  0. ||  1. |  0. | -1. |


state to eval, currenty is playerone turn=false

| -0. | -0. | -0. ||*-0. |* 1. |*-0. || -0. | -0. | -0. |
| -0. | -0. | -0. ||*-0. |*-0. |*-0. || -0. | -0. | -0. |
| -0. | -0. | -0. ||*-0. |*-1. |*-0. || -0. | -0. | -1. |
|=====+=====+=====||=====+=====+=====||=====+=====+=====|
| -0. | -1. | -0. || -0. | -1. | -0. || -0. | -0. | -0. |
| -0. | -0. | -0. || -0. | -0. | -0. || -0. | -0. | -0. |
| -0. | -0. | -0. || -0. | -0. | -0. || -0. | -0. | -0. |
|=====+=====+=====||=====+=====+=====||=====+=====+=====|
| -0. | -0. | -0. || -0. | -0. | -0. || -0. | -0. | -0. |
|  1. | -0. | -0. || -0. |  1. | -0. || -0. | -0. | -0. |
| -0. | -0. | -0. || -0. | -0. | -0. || -1. | -0. |  1. |


current State

|  0. |  0. |  0. ||  0. | -1. | -1. ||* 0. |* 0. |* 0. |
|  0. |  0. |  0. ||  0. |  0. |  0. ||* 0. |* 0. |* 0. |
|  0. |  0. |  0. ||  0. |  1. |  0. ||* 0. |* 0. |* 1. |
|=====+=====+=====||=====+=====+=====||=====+=====+=====|
|  0. |  1. |  0. ||  0. |  1. |  0. ||  0. |  0. |  0. |
|  0. |  0. |  0. ||  0. |  0. |  0. ||  0. |  0. |  0. |
|  0. |  0. |  0. ||  0. |  0. |  0. ||  0. |  0. |  0. |
|=====+=====+=====||=====+=====+=====||=====+=====+=====|
|  0. |  0. |  0. ||  0. |  0. |  0. ||  0. |  0. |  0. |
| -1. |  0. |  0. ||  0. | -1. |  0. ||  0. |  0. |  0. |
|  0. |  0. |  0. ||  0. |  0. |  0. ||  1. |  0. | -1. |


state to eval, currenty is playerone turn=true

|  0. |  0. |  0. ||  0. | -1. | -1. ||* 0. |* 0. |* 0. |
|  0. |  0. |  0. ||  0. |  0. |  0. ||* 0. |* 0. |* 0. |
|  0. |  0. |  0. ||  0. |  1. |  0. ||* 0. |* 0. |* 1. |
|=====+=====+=====||=====+=====+=====||=====+=====+=====|
|  0. |  1. |  0. ||  0. |  1. |  0. ||  0. |  0. |  0. |
|  0. |  0. |  0. ||  0. |  0. |  0. ||  0. |  0. |  0. |
|  0. |  0. |  0. ||  0. |  0. |  0. ||  0. |  0. |  0. |
|=====+=====+=====||=====+=====+=====||=====+=====+=====|
|  0. |  0. |  0. ||  0. |  0. |  0. ||  0. |  0. |  0. |
| -1. |  0. |  0. ||  0. | -1. |  0. ||  0. |  0. |  0. |
|  0. |  0. |  0. ||  0. |  0. |  0. ||  1. |  0. | -1. |


Determined best move using: 92607Iterations
Determined best move using: 80022Iterations
Determined best move using: 90424Iterations
Determined best move using: 74293Iterations
current State

|  0. |  0. |  0. ||  0. | -1. | -1. ||  0. |  0. |  0. |
|  0. |  0. |  0. ||  0. |  0. |  0. ||  0. |  1. |  0. |
|  0. |  0. |  0. ||  0. |  1. |  0. ||  0. |  0. |  1. |
|=====+=====+=====||=====+=====+=====||=====+=====+=====|
|  0. |  1. |  0. ||* 0. |* 1. |* 0. ||  0. |  0. |  0. |
|  0. |  0. |  0. ||* 0. |* 0. |* 0. ||  0. |  0. |  0. |
|  0. |  0. |  0. ||* 0. |* 0. |* 0. ||  0. |  0. |  0. |
|=====+=====+=====||=====+=====+=====||=====+=====+=====|
|  0. |  0. |  0. ||  0. |  0. |  0. ||  0. |  0. |  0. |
| -1. |  0. |  0. ||  0. | -1. |  0. ||  0. |  0. |  0. |
|  0. |  0. |  0. ||  0. |  0. |  0. ||  1. |  0. | -1. |


state to eval, currenty is playerone turn=false

| -0. | -0. | -0. || -0. |  1. |  1. || -0. | -0. | -0. |
| -0. | -0. | -0. || -0. | -0. | -0. || -0. | -1. | -0. |
| -0. | -0. | -0. || -0. | -1. | -0. || -0. | -0. | -1. |
|=====+=====+=====||=====+=====+=====||=====+=====+=====|
| -0. | -1. | -0. ||*-0. |*-1. |*-0. || -0. | -0. | -0. |
| -0. | -0. | -0. ||*-0. |*-0. |*-0. || -0. | -0. | -0. |
| -0. | -0. | -0. ||*-0. |*-0. |*-0. || -0. | -0. | -0. |
|=====+=====+=====||=====+=====+=====||=====+=====+=====|
| -0. | -0. | -0. || -0. | -0. | -0. || -0. | -0. | -0. |
|  1. | -0. | -0. || -0. |  1. | -0. || -0. | -0. | -0. |
| -0. | -0. | -0. || -0. | -0. | -0. || -1. | -0. |  1. |


Determined best move using: 78119Iterations
Determined best move using: 89539Iterations
Determined best move using: 83634Iterations
Determined best move using: 73763Iterations
current State

|  0. |  0. |  0. ||  0. | -1. | -1. ||  0. |  0. |  0. |
|  0. |  0. |  0. ||  0. |  0. |  0. ||  0. |  1. |  0. |
|  0. |  0. |  0. ||  0. |  1. |  0. ||  0. |  0. |  1. |
|=====+=====+=====||=====+=====+=====||=====+=====+=====|
|* 0. |* 1. |* 0. ||  0. |  1. |  0. ||  0. |  0. |  0. |
|* 0. |* 0. |* 0. || -1. |  0. |  0. ||  0. |  0. |  0. |
|* 0. |* 0. |* 0. ||  0. |  0. |  0. ||  0. |  0. |  0. |
|=====+=====+=====||=====+=====+=====||=====+=====+=====|
|  0. |  0. |  0. ||  0. |  0. |  0. ||  0. |  0. |  0. |
| -1. |  0. |  0. ||  0. | -1. |  0. ||  0. |  0. |  0. |
|  0. |  0. |  0. ||  0. |  0. |  0. ||  1. |  0. | -1. |


state to eval, currenty is playerone turn=true

|  0. |  0. |  0. ||  0. | -1. | -1. ||  0. |  0. |  0. |
|  0. |  0. |  0. ||  0. |  0. |  0. ||  0. |  1. |  0. |
|  0. |  0. |  0. ||  0. |  1. |  0. ||  0. |  0. |  1. |
|=====+=====+=====||=====+=====+=====||=====+=====+=====|
|* 0. |* 1. |* 0. ||  0. |  1. |  0. ||  0. |  0. |  0. |
|* 0. |* 0. |* 0. || -1. |  0. |  0. ||  0. |  0. |  0. |
|* 0. |* 0. |* 0. ||  0. |  0. |  0. ||  0. |  0. |  0. |
|=====+=====+=====||=====+=====+=====||=====+=====+=====|
|  0. |  0. |  0. ||  0. |  0. |  0. ||  0. |  0. |  0. |
| -1. |  0. |  0. ||  0. | -1. |  0. ||  0. |  0. |  0. |
|  0. |  0. |  0. ||  0. |  0. |  0. ||  1. |  0. | -1. |


current State

|  0. |  0. |  0. ||  0. | -1. | -1. ||  0. |  0. |  0. |
|  0. |  0. |  0. ||  0. |  0. |  0. ||  0. |  1. |  0. |
|  0. |  0. |  0. ||  0. |  1. |  0. ||  0. |  0. |  1. |
|=====+=====+=====||=====+=====+=====||=====+=====+=====|
|  0. |  1. |  0. ||  0. |  1. |  0. ||  0. |  0. |  0. |
|  0. |  0. |  0. || -1. |  0. |  0. ||  0. |  0. |  0. |
|  0. |  1. |  0. ||  0. |  0. |  0. ||  0. |  0. |  0. |
|=====+=====+=====||=====+=====+=====||=====+=====+=====|
|  0. |  0. |  0. ||* 0. |* 0. |* 0. ||  0. |  0. |  0. |
| -1. |  0. |  0. ||* 0. |*-1. |* 0. ||  0. |  0. |  0. |
|  0. |  0. |  0. ||* 0. |* 0. |* 0. ||  1. |  0. | -1. |


state to eval, currenty is playerone turn=false

| -0. | -0. | -0. || -0. |  1. |  1. || -0. | -0. | -0. |
| -0. | -0. | -0. || -0. | -0. | -0. || -0. | -1. | -0. |
| -0. | -0. | -0. || -0. | -1. | -0. || -0. | -0. | -1. |
|=====+=====+=====||=====+=====+=====||=====+=====+=====|
| -0. | -1. | -0. || -0. | -1. | -0. || -0. | -0. | -0. |
| -0. | -0. | -0. ||  1. | -0. | -0. || -0. | -0. | -0. |
| -0. | -1. | -0. || -0. | -0. | -0. || -0. | -0. | -0. |
|=====+=====+=====||=====+=====+=====||=====+=====+=====|
| -0. | -0. | -0. ||*-0. |*-0. |*-0. || -0. | -0. | -0. |
|  1. | -0. | -0. ||*-0. |* 1. |*-0. || -0. | -0. | -0. |
| -0. | -0. | -0. ||*-0. |*-0. |*-0. || -1. | -0. |  1. |


current State

|  0. |  0. |  0. ||  0. | -1. | -1. ||  0. |  0. |  0. |
|  0. |  0. |  0. ||  0. |  0. |  0. ||  0. |  1. |  0. |
|  0. |  0. |  0. ||  0. |  1. |  0. ||  0. |  0. |  1. |
|=====+=====+=====||=====+=====+=====||=====+=====+=====|
|  0. |  1. |  0. ||  0. |  1. |  0. ||  0. |  0. |  0. |
|  0. |  0. |  0. || -1. |  0. |  0. ||  0. |  0. |  0. |
|  0. |  1. |  0. ||  0. |  0. |  0. ||  0. |  0. |  0. |
|=====+=====+=====||=====+=====+=====||=====+=====+=====|
|  0. |  0. |  0. ||  0. |  0. |  0. ||* 0. |* 0. |* 0. |
| -1. |  0. |  0. ||  0. | -1. |  0. ||* 0. |* 0. |* 0. |
|  0. |  0. |  0. ||  0. |  0. | -1. ||* 1. |* 0. |*-1. |


state to eval, currenty is playerone turn=true

|  0. |  0. |  0. ||  0. | -1. | -1. ||  0. |  0. |  0. |
|  0. |  0. |  0. ||  0. |  0. |  0. ||  0. |  1. |  0. |
|  0. |  0. |  0. ||  0. |  1. |  0. ||  0. |  0. |  1. |
|=====+=====+=====||=====+=====+=====||=====+=====+=====|
|  0. |  1. |  0. ||  0. |  1. |  0. ||  0. |  0. |  0. |
|  0. |  0. |  0. || -1. |  0. |  0. ||  0. |  0. |  0. |
|  0. |  1. |  0. ||  0. |  0. |  0. ||  0. |  0. |  0. |
|=====+=====+=====||=====+=====+=====||=====+=====+=====|
|  0. |  0. |  0. ||  0. |  0. |  0. ||* 0. |* 0. |* 0. |
| -1. |  0. |  0. ||  0. | -1. |  0. ||* 0. |* 0. |* 0. |
|  0. |  0. |  0. ||  0. |  0. | -1. ||* 1. |* 0. |*-1. |


Determined best move using: 128972Iterations
Determined best move using: 98552Iterations
Determined best move using: 83211Iterations
current State

|  0. |  0. |  0. ||* 0. |*-1. |*-1. ||  0. |  0. |  0. |
|  0. |  0. |  0. ||* 0. |* 0. |* 0. ||  0. |  1. |  0. |
|  0. |  0. |  0. ||* 0. |* 1. |* 0. ||  0. |  0. |  1. |
|=====+=====+=====||=====+=====+=====||=====+=====+=====|
|  0. |  1. |  0. ||  0. |  1. |  0. ||  0. |  0. |  0. |
|  0. |  0. |  0. || -1. |  0. |  0. ||  0. |  0. |  0. |
|  0. |  1. |  0. ||  0. |  0. |  0. ||  0. |  0. |  0. |
|=====+=====+=====||=====+=====+=====||=====+=====+=====|
|  0. |  0. |  0. ||  0. |  0. |  0. ||  0. |  1. |  0. |
| -1. |  0. |  0. ||  0. | -1. |  0. ||  0. |  0. |  0. |
|  0. |  0. |  0. ||  0. |  0. | -1. ||  1. |  0. | -1. |


state to eval, currenty is playerone turn=false

| -0. | -0. | -0. ||*-0. |* 1. |* 1. || -0. | -0. | -0. |
| -0. | -0. | -0. ||*-0. |*-0. |*-0. || -0. | -1. | -0. |
| -0. | -0. | -0. ||*-0. |*-1. |*-0. || -0. | -0. | -1. |
|=====+=====+=====||=====+=====+=====||=====+=====+=====|
| -0. | -1. | -0. || -0. | -1. | -0. || -0. | -0. | -0. |
| -0. | -0. | -0. ||  1. | -0. | -0. || -0. | -0. | -0. |
| -0. | -1. | -0. || -0. | -0. | -0. || -0. | -0. | -0. |
|=====+=====+=====||=====+=====+=====||=====+=====+=====|
| -0. | -0. | -0. || -0. | -0. | -0. || -0. | -1. | -0. |
|  1. | -0. | -0. || -0. |  1. | -0. || -0. | -0. | -0. |
| -0. | -0. | -0. || -0. | -0. |  1. || -1. | -0. |  1. |


current State

|  0. |  0. |  0. ||  0. | -1. | -1. ||  0. |  0. |  0. |
|  0. |  0. |  0. || -1. |  0. |  0. ||  0. |  1. |  0. |
|  0. |  0. |  0. ||  0. |  1. |  0. ||  0. |  0. |  1. |
|=====+=====+=====||=====+=====+=====||=====+=====+=====|
|* 0. |* 1. |* 0. ||  0. |  1. |  0. ||  0. |  0. |  0. |
|* 0. |* 0. |* 0. || -1. |  0. |  0. ||  0. |  0. |  0. |
|* 0. |* 1. |* 0. ||  0. |  0. |  0. ||  0. |  0. |  0. |
|=====+=====+=====||=====+=====+=====||=====+=====+=====|
|  0. |  0. |  0. ||  0. |  0. |  0. ||  0. |  1. |  0. |
| -1. |  0. |  0. ||  0. | -1. |  0. ||  0. |  0. |  0. |
|  0. |  0. |  0. ||  0. |  0. | -1. ||  1. |  0. | -1. |


state to eval, currenty is playerone turn=true

|  0. |  0. |  0. ||  0. | -1. | -1. ||  0. |  0. |  0. |
|  0. |  0. |  0. || -1. |  0. |  0. ||  0. |  1. |  0. |
|  0. |  0. |  0. ||  0. |  1. |  0. ||  0. |  0. |  1. |
|=====+=====+=====||=====+=====+=====||=====+=====+=====|
|* 0. |* 1. |* 0. ||  0. |  1. |  0. ||  0. |  0. |  0. |
|* 0. |* 0. |* 0. || -1. |  0. |  0. ||  0. |  0. |  0. |
|* 0. |* 1. |* 0. ||  0. |  0. |  0. ||  0. |  0. |  0. |
|=====+=====+=====||=====+=====+=====||=====+=====+=====|
|  0. |  0. |  0. ||  0. |  0. |  0. ||  0. |  1. |  0. |
| -1. |  0. |  0. ||  0. | -1. |  0. ||  0. |  0. |  0. |
|  0. |  0. |  0. ||  0. |  0. | -1. ||  1. |  0. | -1. |


Determined best move using: 135179Iterations
current State

|  0. |  0. |  0. ||  0. | -1. | -1. ||  0. |  0. |  0. |
|  0. |  0. |  0. || -1. |  0. |  0. ||  0. |  1. |  0. |
|  0. |  0. |  0. ||  0. |  1. |  0. ||  0. |  0. |  1. |
|=====+=====+=====||=====+=====+=====||=====+=====+=====|
|  0. |  1. |  0. ||  0. |  1. |  0. ||  0. |  0. |  0. |
|  0. |  0. |  0. || -1. |  0. |  0. ||  0. |  0. |  0. |
|  1. |  1. |  0. ||  0. |  0. |  0. ||  0. |  0. |  0. |
|=====+=====+=====||=====+=====+=====||=====+=====+=====|
|* 0. |* 0. |* 0. ||  0. |  0. |  0. ||  0. |  1. |  0. |
|*-1. |* 0. |* 0. ||  0. | -1. |  0. ||  0. |  0. |  0. |
|* 0. |* 0. |* 0. ||  0. |  0. | -1. ||  1. |  0. | -1. |


state to eval, currenty is playerone turn=false

| -0. | -0. | -0. || -0. |  1. |  1. || -0. | -0. | -0. |
| -0. | -0. | -0. ||  1. | -0. | -0. || -0. | -1. | -0. |
| -0. | -0. | -0. || -0. | -1. | -0. || -0. | -0. | -1. |
|=====+=====+=====||=====+=====+=====||=====+=====+=====|
| -0. | -1. | -0. || -0. | -1. | -0. || -0. | -0. | -0. |
| -0. | -0. | -0. ||  1. | -0. | -0. || -0. | -0. | -0. |
| -1. | -1. | -0. || -0. | -0. | -0. || -0. | -0. | -0. |
|=====+=====+=====||=====+=====+=====||=====+=====+=====|
|*-0. |*-0. |*-0. || -0. | -0. | -0. || -0. | -1. | -0. |
|* 1. |*-0. |*-0. || -0. |  1. | -0. || -0. | -0. | -0. |
|*-0. |*-0. |*-0. || -0. | -0. |  1. || -1. | -0. |  1. |


Determined best move using: 58111Iterations
Determined best move using: 112978Iterations
current State

|  0. |  0. |  0. ||  0. | -1. | -1. ||  0. |  0. |  0. |
|  0. |  0. |  0. || -1. |  0. |  0. ||  0. |  1. |  0. |
|  0. |  0. |  0. ||  0. |  1. |  0. ||  0. |  0. |  1. |
|=====+=====+=====||=====+=====+=====||=====+=====+=====|
|  0. |  1. |  0. ||* 0. |* 1. |* 0. ||  0. |  0. |  0. |
|  0. |  0. |  0. ||*-1. |* 0. |* 0. ||  0. |  0. |  0. |
|  1. |  1. |  0. ||* 0. |* 0. |* 0. ||  0. |  0. |  0. |
|=====+=====+=====||=====+=====+=====||=====+=====+=====|
|  0. |  0. |  0. ||  0. |  0. |  0. ||  0. |  1. |  0. |
| -1. | -1. |  0. ||  0. | -1. |  0. ||  0. |  0. |  0. |
|  0. |  0. |  0. ||  0. |  0. | -1. ||  1. |  0. | -1. |


state to eval, currenty is playerone turn=true

|  0. |  0. |  0. ||  0. | -1. | -1. ||  0. |  0. |  0. |
|  0. |  0. |  0. || -1. |  0. |  0. ||  0. |  1. |  0. |
|  0. |  0. |  0. ||  0. |  1. |  0. ||  0. |  0. |  1. |
|=====+=====+=====||=====+=====+=====||=====+=====+=====|
|  0. |  1. |  0. ||* 0. |* 1. |* 0. ||  0. |  0. |  0. |
|  0. |  0. |  0. ||*-1. |* 0. |* 0. ||  0. |  0. |  0. |
|  1. |  1. |  0. ||* 0. |* 0. |* 0. ||  0. |  0. |  0. |
|=====+=====+=====||=====+=====+=====||=====+=====+=====|
|  0. |  0. |  0. ||  0. |  0. |  0. ||  0. |  1. |  0. |
| -1. | -1. |  0. ||  0. | -1. |  0. ||  0. |  0. |  0. |
|  0. |  0. |  0. ||  0. |  0. | -1. ||  1. |  0. | -1. |


Determined best move using: 62506Iterations
current State

|  0. |  0. |  0. ||  0. | -1. | -1. ||  0. |  0. |  0. |
|  0. |  0. |  0. || -1. |  0. |  0. ||  0. |  1. |  0. |
|  0. |  0. |  0. ||  0. |  1. |  0. ||  0. |  0. |  1. |
|=====+=====+=====||=====+=====+=====||=====+=====+=====|
|  0. |  1. |  0. ||  0. |  1. |  0. ||* 0. |* 0. |* 0. |
|  0. |  0. |  0. || -1. |  0. |  1. ||* 0. |* 0. |* 0. |
|  1. |  1. |  0. ||  0. |  0. |  0. ||* 0. |* 0. |* 0. |
|=====+=====+=====||=====+=====+=====||=====+=====+=====|
|  0. |  0. |  0. ||  0. |  0. |  0. ||  0. |  1. |  0. |
| -1. | -1. |  0. ||  0. | -1. |  0. ||  0. |  0. |  0. |
|  0. |  0. |  0. ||  0. |  0. | -1. ||  1. |  0. | -1. |


state to eval, currenty is playerone turn=false

| -0. | -0. | -0. || -0. |  1. |  1. || -0. | -0. | -0. |
| -0. | -0. | -0. ||  1. | -0. | -0. || -0. | -1. | -0. |
| -0. | -0. | -0. || -0. | -1. | -0. || -0. | -0. | -1. |
|=====+=====+=====||=====+=====+=====||=====+=====+=====|
| -0. | -1. | -0. || -0. | -1. | -0. ||*-0. |*-0. |*-0. |
| -0. | -0. | -0. ||  1. | -0. | -1. ||*-0. |*-0. |*-0. |
| -1. | -1. | -0. || -0. | -0. | -0. ||*-0. |*-0. |*-0. |
|=====+=====+=====||=====+=====+=====||=====+=====+=====|
| -0. | -0. | -0. || -0. | -0. | -0. || -0. | -1. | -0. |
|  1. |  1. | -0. || -0. |  1. | -0. || -0. | -0. | -0. |
| -0. | -0. | -0. || -0. | -0. |  1. || -1. | -0. |  1. |


Determined best move using: 61035Iterations
current State

|  0. |  0. |  0. ||  0. | -1. | -1. ||  0. |  0. |  0. |
|  0. |  0. |  0. || -1. |  0. |  0. ||  0. |  1. |  0. |
|  0. |  0. |  0. ||  0. |  1. |  0. ||  0. |  0. |  1. |
|=====+=====+=====||=====+=====+=====||=====+=====+=====|
|  0. |  1. |  0. ||  0. |  1. |  0. ||* 0. |* 0. |* 0. |
|  0. |  0. |  0. || -1. |  0. |  1. ||* 0. |* 0. |*-1. |
|  1. |  1. |  0. ||  0. |  0. |  0. ||* 0. |* 0. |* 0. |
|=====+=====+=====||=====+=====+=====||=====+=====+=====|
|  0. |  0. |  0. ||  0. |  0. |  0. ||  0. |  1. |  0. |
| -1. | -1. |  0. ||  0. | -1. |  0. ||  0. |  0. |  0. |
|  0. |  0. |  0. ||  0. |  0. | -1. ||  1. |  0. | -1. |


state to eval, currenty is playerone turn=true

|  0. |  0. |  0. ||  0. | -1. | -1. ||  0. |  0. |  0. |
|  0. |  0. |  0. || -1. |  0. |  0. ||  0. |  1. |  0. |
|  0. |  0. |  0. ||  0. |  1. |  0. ||  0. |  0. |  1. |
|=====+=====+=====||=====+=====+=====||=====+=====+=====|
|  0. |  1. |  0. ||  0. |  1. |  0. ||* 0. |* 0. |* 0. |
|  0. |  0. |  0. || -1. |  0. |  1. ||* 0. |* 0. |*-1. |
|  1. |  1. |  0. ||  0. |  0. |  0. ||* 0. |* 0. |* 0. |
|=====+=====+=====||=====+=====+=====||=====+=====+=====|
|  0. |  0. |  0. ||  0. |  0. |  0. ||  0. |  1. |  0. |
| -1. | -1. |  0. ||  0. | -1. |  0. ||  0. |  0. |  0. |
|  0. |  0. |  0. ||  0. |  0. | -1. ||  1. |  0. | -1. |


Determined best move using: 61615Iterations
Determined best move using: 123730Iterations
Determined best move using: 86433Iterations
current State

|* 0. |* 0. |* 0. ||  0. | -1. | -1. ||  0. |  0. |  0. |
|* 0. |* 0. |* 0. || -1. |  0. |  0. ||  0. |  1. |  0. |
|* 0. |* 0. |* 0. ||  0. |  1. |  0. ||  0. |  0. |  1. |
|=====+=====+=====||=====+=====+=====||=====+=====+=====|
|  0. |  1. |  0. ||  0. |  1. |  0. ||  1. |  0. |  0. |
|  0. |  0. |  0. || -1. |  0. |  1. ||  0. |  0. | -1. |
|  1. |  1. |  0. ||  0. |  0. |  0. ||  0. |  0. |  0. |
|=====+=====+=====||=====+=====+=====||=====+=====+=====|
|  0. |  0. |  0. ||  0. |  0. |  0. ||  0. |  1. |  0. |
| -1. | -1. |  0. ||  0. | -1. |  0. ||  0. |  0. |  0. |
|  0. |  0. |  0. ||  0. |  0. | -1. ||  1. |  0. | -1. |


state to eval, currenty is playerone turn=false

|*-0. |*-0. |*-0. || -0. |  1. |  1. || -0. | -0. | -0. |
|*-0. |*-0. |*-0. ||  1. | -0. | -0. || -0. | -1. | -0. |
|*-0. |*-0. |*-0. || -0. | -1. | -0. || -0. | -0. | -1. |
|=====+=====+=====||=====+=====+=====||=====+=====+=====|
| -0. | -1. | -0. || -0. | -1. | -0. || -1. | -0. | -0. |
| -0. | -0. | -0. ||  1. | -0. | -1. || -0. | -0. |  1. |
| -1. | -1. | -0. || -0. | -0. | -0. || -0. | -0. | -0. |
|=====+=====+=====||=====+=====+=====||=====+=====+=====|
| -0. | -0. | -0. || -0. | -0. | -0. || -0. | -1. | -0. |
|  1. |  1. | -0. || -0. |  1. | -0. || -0. | -0. | -0. |
| -0. | -0. | -0. || -0. | -0. |  1. || -1. | -0. |  1. |


Determined best move using: 64321Iterations
Determined best move using: 122117Iterations
current State

|  0. |  0. |  0. ||  0. | -1. | -1. ||  0. |  0. |  0. |
|  0. |  0. |  0. || -1. |  0. |  0. ||  0. |  1. |  0. |
|  0. | -1. |  0. ||  0. |  1. |  0. ||  0. |  0. |  1. |
|=====+=====+=====||=====+=====+=====||=====+=====+=====|
|  0. |  1. |  0. ||  0. |  1. |  0. ||  1. |  0. |  0. |
|  0. |  0. |  0. || -1. |  0. |  1. ||  0. |  0. | -1. |
|  1. |  1. |  0. ||  0. |  0. |  0. ||  0. |  0. |  0. |
|=====+=====+=====||=====+=====+=====||=====+=====+=====|
|  0. |  0. |  0. ||* 0. |* 0. |* 0. ||  0. |  1. |  0. |
| -1. | -1. |  0. ||* 0. |*-1. |* 0. ||  0. |  0. |  0. |
|  0. |  0. |  0. ||* 0. |* 0. |*-1. ||  1. |  0. | -1. |


state to eval, currenty is playerone turn=true

|  0. |  0. |  0. ||  0. | -1. | -1. ||  0. |  0. |  0. |
|  0. |  0. |  0. || -1. |  0. |  0. ||  0. |  1. |  0. |
|  0. | -1. |  0. ||  0. |  1. |  0. ||  0. |  0. |  1. |
|=====+=====+=====||=====+=====+=====||=====+=====+=====|
|  0. |  1. |  0. ||  0. |  1. |  0. ||  1. |  0. |  0. |
|  0. |  0. |  0. || -1. |  0. |  1. ||  0. |  0. | -1. |
|  1. |  1. |  0. ||  0. |  0. |  0. ||  0. |  0. |  0. |
|=====+=====+=====||=====+=====+=====||=====+=====+=====|
|  0. |  0. |  0. ||* 0. |* 0. |* 0. ||  0. |  1. |  0. |
| -1. | -1. |  0. ||* 0. |*-1. |* 0. ||  0. |  0. |  0. |
|  0. |  0. |  0. ||* 0. |* 0. |*-1. ||  1. |  0. | -1. |


Determined best move using: 122508Iterations
Determined best move using: 62177Iterations
current State

|  0. |  0. |  0. ||  0. | -1. | -1. ||* 0. |* 0. |* 0. |
|  0. |  0. |  0. || -1. |  0. |  0. ||* 0. |* 1. |* 0. |
|  0. | -1. |  0. ||  0. |  1. |  0. ||* 0. |* 0. |* 1. |
|=====+=====+=====||=====+=====+=====||=====+=====+=====|
|  0. |  1. |  0. ||  0. |  1. |  0. ||  1. |  0. |  0. |
|  0. |  0. |  0. || -1. |  0. |  1. ||  0. |  0. | -1. |
|  1. |  1. |  0. ||  0. |  0. |  0. ||  0. |  0. |  0. |
|=====+=====+=====||=====+=====+=====||=====+=====+=====|
|  0. |  0. |  0. ||  0. |  0. |  1. ||  0. |  1. |  0. |
| -1. | -1. |  0. ||  0. | -1. |  0. ||  0. |  0. |  0. |
|  0. |  0. |  0. ||  0. |  0. | -1. ||  1. |  0. | -1. |


state to eval, currenty is playerone turn=false

| -0. | -0. | -0. || -0. |  1. |  1. ||*-0. |*-0. |*-0. |
| -0. | -0. | -0. ||  1. | -0. | -0. ||*-0. |*-1. |*-0. |
| -0. |  1. | -0. || -0. | -1. | -0. ||*-0. |*-0. |*-1. |
|=====+=====+=====||=====+=====+=====||=====+=====+=====|
| -0. | -1. | -0. || -0. | -1. | -0. || -1. | -0. | -0. |
| -0. | -0. | -0. ||  1. | -0. | -1. || -0. | -0. |  1. |
| -1. | -1. | -0. || -0. | -0. | -0. || -0. | -0. | -0. |
|=====+=====+=====||=====+=====+=====||=====+=====+=====|
| -0. | -0. | -0. || -0. | -0. | -1. || -0. | -1. | -0. |
|  1. |  1. | -0. || -0. |  1. | -0. || -0. | -0. | -0. |
| -0. | -0. | -0. || -0. | -0. |  1. || -1. | -0. |  1. |


current State

|  0. |  0. |  0. ||* 0. |*-1. |*-1. ||  0. | -1. |  0. |
|  0. |  0. |  0. ||*-1. |* 0. |* 0. ||  0. |  1. |  0. |
|  0. | -1. |  0. ||* 0. |* 1. |* 0. ||  0. |  0. |  1. |
|=====+=====+=====||=====+=====+=====||=====+=====+=====|
|  0. |  1. |  0. ||  0. |  1. |  0. ||  1. |  0. |  0. |
|  0. |  0. |  0. || -1. |  0. |  1. ||  0. |  0. | -1. |
|  1. |  1. |  0. ||  0. |  0. |  0. ||  0. |  0. |  0. |
|=====+=====+=====||=====+=====+=====||=====+=====+=====|
|  0. |  0. |  0. ||  0. |  0. |  1. ||  0. |  1. |  0. |
| -1. | -1. |  0. ||  0. | -1. |  0. ||  0. |  0. |  0. |
|  0. |  0. |  0. ||  0. |  0. | -1. ||  1. |  0. | -1. |


state to eval, currenty is playerone turn=true

|  0. |  0. |  0. ||* 0. |*-1. |*-1. ||  0. | -1. |  0. |
|  0. |  0. |  0. ||*-1. |* 0. |* 0. ||  0. |  1. |  0. |
|  0. | -1. |  0. ||* 0. |* 1. |* 0. ||  0. |  0. |  1. |
|=====+=====+=====||=====+=====+=====||=====+=====+=====|
|  0. |  1. |  0. ||  0. |  1. |  0. ||  1. |  0. |  0. |
|  0. |  0. |  0. || -1. |  0. |  1. ||  0. |  0. | -1. |
|  1. |  1. |  0. ||  0. |  0. |  0. ||  0. |  0. |  0. |
|=====+=====+=====||=====+=====+=====||=====+=====+=====|
|  0. |  0. |  0. ||  0. |  0. |  1. ||  0. |  1. |  0. |
| -1. | -1. |  0. ||  0. | -1. |  0. ||  0. |  0. |  0. |
|  0. |  0. |  0. ||  0. |  0. | -1. ||  1. |  0. | -1. |


current State

|* 0. |* 0. |* 0. ||  1. | -1. | -1. ||  0. | -1. |  0. |
|* 0. |* 0. |* 0. || -1. |  0. |  0. ||  0. |  1. |  0. |
|* 0. |*-1. |* 0. ||  0. |  1. |  0. ||  0. |  0. |  1. |
|=====+=====+=====||=====+=====+=====||=====+=====+=====|
|  0. |  1. |  0. ||  0. |  1. |  0. ||  1. |  0. |  0. |
|  0. |  0. |  0. || -1. |  0. |  1. ||  0. |  0. | -1. |
|  1. |  1. |  0. ||  0. |  0. |  0. ||  0. |  0. |  0. |
|=====+=====+=====||=====+=====+=====||=====+=====+=====|
|  0. |  0. |  0. ||  0. |  0. |  1. ||  0. |  1. |  0. |
| -1. | -1. |  0. ||  0. | -1. |  0. ||  0. |  0. |  0. |
|  0. |  0. |  0. ||  0. |  0. | -1. ||  1. |  0. | -1. |


state to eval, currenty is playerone turn=false

|*-0. |*-0. |*-0. || -1. |  1. |  1. || -0. |  1. | -0. |
|*-0. |*-0. |*-0. ||  1. | -0. | -0. || -0. | -1. | -0. |
|*-0. |* 1. |*-0. || -0. | -1. | -0. || -0. | -0. | -1. |
|=====+=====+=====||=====+=====+=====||=====+=====+=====|
| -0. | -1. | -0. || -0. | -1. | -0. || -1. | -0. | -0. |
| -0. | -0. | -0. ||  1. | -0. | -1. || -0. | -0. |  1. |
| -1. | -1. | -0. || -0. | -0. | -0. || -0. | -0. | -0. |
|=====+=====+=====||=====+=====+=====||=====+=====+=====|
| -0. | -0. | -0. || -0. | -0. | -1. || -0. | -1. | -0. |
|  1. |  1. | -0. || -0. |  1. | -0. || -0. | -0. | -0. |
| -0. | -0. | -0. || -0. | -0. |  1. || -1. | -0. |  1. |


current State

|  0. |  0. |  0. ||  1. | -1. | -1. ||  0. | -1. |  0. |
| -1. |  0. |  0. || -1. |  0. |  0. ||  0. |  1. |  0. |
|  0. | -1. |  0. ||  0. |  1. |  0. ||  0. |  0. |  1. |
|=====+=====+=====||=====+=====+=====||=====+=====+=====|
|* 0. |* 1. |* 0. ||  0. |  1. |  0. ||  1. |  0. |  0. |
|* 0. |* 0. |* 0. || -1. |  0. |  1. ||  0. |  0. | -1. |
|* 1. |* 1. |* 0. ||  0. |  0. |  0. ||  0. |  0. |  0. |
|=====+=====+=====||=====+=====+=====||=====+=====+=====|
|  0. |  0. |  0. ||  0. |  0. |  1. ||  0. |  1. |  0. |
| -1. | -1. |  0. ||  0. | -1. |  0. ||  0. |  0. |  0. |
|  0. |  0. |  0. ||  0. |  0. | -1. ||  1. |  0. | -1. |


state to eval, currenty is playerone turn=true

|  0. |  0. |  0. ||  1. | -1. | -1. ||  0. | -1. |  0. |
| -1. |  0. |  0. || -1. |  0. |  0. ||  0. |  1. |  0. |
|  0. | -1. |  0. ||  0. |  1. |  0. ||  0. |  0. |  1. |
|=====+=====+=====||=====+=====+=====||=====+=====+=====|
|* 0. |* 1. |* 0. ||  0. |  1. |  0. ||  1. |  0. |  0. |
|* 0. |* 0. |* 0. || -1. |  0. |  1. ||  0. |  0. | -1. |
|* 1. |* 1. |* 0. ||  0. |  0. |  0. ||  0. |  0. |  0. |
|=====+=====+=====||=====+=====+=====||=====+=====+=====|
|  0. |  0. |  0. ||  0. |  0. |  1. ||  0. |  1. |  0. |
| -1. | -1. |  0. ||  0. | -1. |  0. ||  0. |  0. |  0. |
|  0. |  0. |  0. ||  0. |  0. | -1. ||  1. |  0. | -1. |


current State

|  0. |  0. |  0. ||  1. | -1. | -1. ||  0. | -1. |  0. |
| -1. |  0. |  0. || -1. |  0. |  0. ||  0. |  1. |  0. |
|  0. | -1. |  0. ||  0. |  1. |  0. ||  0. |  0. |  1. |
|=====+=====+=====||=====+=====+=====||=====+=====+=====|
|  0. |  1. |  0. ||  0. |  1. |  0. ||  1. |  0. |  0. |
|  0. |  0. |  0. || -1. |  0. |  1. ||  0. |  0. | -1. |
|  1. |  1. |  1. ||  0. |  0. |  0. ||  0. |  0. |  0. |
|=====+=====+=====||=====+=====+=====||=====+=====+=====|
|  0. |  0. |  0. ||  0. |  0. |  1. ||* 0. |* 1. |* 0. |
| -1. | -1. |  0. ||  0. | -1. |  0. ||* 0. |* 0. |* 0. |
|  0. |  0. |  0. ||  0. |  0. | -1. ||* 1. |* 0. |*-1. |


state to eval, currenty is playerone turn=false

| -0. | -0. | -0. || -1. |  1. |  1. || -0. |  1. | -0. |
|  1. | -0. | -0. ||  1. | -0. | -0. || -0. | -1. | -0. |
| -0. |  1. | -0. || -0. | -1. | -0. || -0. | -0. | -1. |
|=====+=====+=====||=====+=====+=====||=====+=====+=====|
| -0. | -1. | -0. || -0. | -1. | -0. || -1. | -0. | -0. |
| -0. | -0. | -0. ||  1. | -0. | -1. || -0. | -0. |  1. |
| -1. | -1. | -1. || -0. | -0. | -0. || -0. | -0. | -0. |
|=====+=====+=====||=====+=====+=====||=====+=====+=====|
| -0. | -0. | -0. || -0. | -0. | -1. ||*-0. |*-1. |*-0. |
|  1. |  1. | -0. || -0. |  1. | -0. ||*-0. |*-0. |*-0. |
| -0. | -0. | -0. || -0. | -0. |  1. ||*-1. |*-0. |* 1. |


current State

|* 0. |* 0. |* 0. ||  1. | -1. | -1. ||  0. | -1. |  0. |
|*-1. |* 0. |* 0. || -1. |  0. |  0. ||  0. |  1. |  0. |
|* 0. |*-1. |* 0. ||  0. |  1. |  0. ||  0. |  0. |  1. |
|=====+=====+=====||=====+=====+=====||=====+=====+=====|
|  0. |  1. |  0. ||  0. |  1. |  0. ||  1. |  0. |  0. |
|  0. |  0. |  0. || -1. |  0. |  1. ||  0. |  0. | -1. |
|  1. |  1. |  1. ||  0. |  0. |  0. ||  0. |  0. |  0. |
|=====+=====+=====||=====+=====+=====||=====+=====+=====|
|  0. |  0. |  0. ||  0. |  0. |  1. || -1. |  1. |  0. |
| -1. | -1. |  0. ||  0. | -1. |  0. ||  0. |  0. |  0. |
|  0. |  0. |  0. ||  0. |  0. | -1. ||  1. |  0. | -1. |


state to eval, currenty is playerone turn=true

|* 0. |* 0. |* 0. ||  1. | -1. | -1. ||  0. | -1. |  0. |
|*-1. |* 0. |* 0. || -1. |  0. |  0. ||  0. |  1. |  0. |
|* 0. |*-1. |* 0. ||  0. |  1. |  0. ||  0. |  0. |  1. |
|=====+=====+=====||=====+=====+=====||=====+=====+=====|
|  0. |  1. |  0. ||  0. |  1. |  0. ||  1. |  0. |  0. |
|  0. |  0. |  0. || -1. |  0. |  1. ||  0. |  0. | -1. |
|  1. |  1. |  1. ||  0. |  0. |  0. ||  0. |  0. |  0. |
|=====+=====+=====||=====+=====+=====||=====+=====+=====|
|  0. |  0. |  0. ||  0. |  0. |  1. || -1. |  1. |  0. |
| -1. | -1. |  0. ||  0. | -1. |  0. ||  0. |  0. |  0. |
|  0. |  0. |  0. ||  0. |  0. | -1. ||  1. |  0. | -1. |


current State

|  0. |  0. |  0. ||  1. | -1. | -1. ||  0. | -1. |  0. |
| -1. |  0. |  0. || -1. |  0. |  0. ||  0. |  1. |  0. |
|  0. | -1. |  1. ||  0. |  1. |  0. ||  0. |  0. |  1. |
|=====+=====+=====||=====+=====+=====||=====+=====+=====|
|  0. |  1. |  0. ||  0. |  1. |  0. ||  1. |  0. |  0. |
|  0. |  0. |  0. || -1. |  0. |  1. ||  0. |  0. | -1. |
|  1. |  1. |  1. ||  0. |  0. |  0. ||  0. |  0. |  0. |
|=====+=====+=====||=====+=====+=====||=====+=====+=====|
|  0. |  0. |  0. ||  0. |  0. |  1. ||*-1. |* 1. |* 0. |
| -1. | -1. |  0. ||  0. | -1. |  0. ||* 0. |* 0. |* 0. |
|  0. |  0. |  0. ||  0. |  0. | -1. ||* 1. |* 0. |*-1. |


state to eval, currenty is playerone turn=false

| -0. | -0. | -0. || -1. |  1. |  1. || -0. |  1. | -0. |
|  1. | -0. | -0. ||  1. | -0. | -0. || -0. | -1. | -0. |
| -0. |  1. | -1. || -0. | -1. | -0. || -0. | -0. | -1. |
|=====+=====+=====||=====+=====+=====||=====+=====+=====|
| -0. | -1. | -0. || -0. | -1. | -0. || -1. | -0. | -0. |
| -0. | -0. | -0. ||  1. | -0. | -1. || -0. | -0. |  1. |
| -1. | -1. | -1. || -0. | -0. | -0. || -0. | -0. | -0. |
|=====+=====+=====||=====+=====+=====||=====+=====+=====|
| -0. | -0. | -0. || -0. | -0. | -1. ||* 1. |*-1. |*-0. |
|  1. |  1. | -0. || -0. |  1. | -0. ||*-0. |*-0. |*-0. |
| -0. | -0. | -0. || -0. | -0. |  1. ||*-1. |*-0. |* 1. |


Determined best move using: 73510Iterations
current State

|* 0. |* 0. |* 0. ||* 1. |*-1. |*-1. ||* 0. |*-1. |* 0. |
|*-1. |* 0. |* 0. ||*-1. |* 0. |* 0. ||* 0. |* 1. |* 0. |
|* 0. |*-1. |* 1. ||* 0. |* 1. |* 0. ||* 0. |* 0. |* 1. |
|=====+=====+=====||=====+=====+=====||=====+=====+=====|
|  0. |  1. |  0. ||* 0. |* 1. |* 0. ||* 1. |* 0. |* 0. |
|  0. |  0. |  0. ||*-1. |* 0. |* 1. ||* 0. |* 0. |*-1. |
|  1. |  1. |  1. ||* 0. |* 0. |* 0. ||* 0. |* 0. |* 0. |
|=====+=====+=====||=====+=====+=====||=====+=====+=====|
|* 0. |* 0. |* 0. ||* 0. |* 0. |* 1. ||*-1. |* 1. |* 0. |
|*-1. |*-1. |* 0. ||* 0. |*-1. |* 0. ||*-1. |* 0. |* 0. |
|* 0. |* 0. |* 0. ||* 0. |* 0. |*-1. ||* 1. |* 0. |*-1. |


state to eval, currenty is playerone turn=true

|* 0. |* 0. |* 0. ||* 1. |*-1. |*-1. ||* 0. |*-1. |* 0. |
|*-1. |* 0. |* 0. ||*-1. |* 0. |* 0. ||* 0. |* 1. |* 0. |
|* 0. |*-1. |* 1. ||* 0. |* 1. |* 0. ||* 0. |* 0. |* 1. |
|=====+=====+=====||=====+=====+=====||=====+=====+=====|
|  0. |  1. |  0. ||* 0. |* 1. |* 0. ||* 1. |* 0. |* 0. |
|  0. |  0. |  0. ||*-1. |* 0. |* 1. ||* 0. |* 0. |*-1. |
|  1. |  1. |  1. ||* 0. |* 0. |* 0. ||* 0. |* 0. |* 0. |
|=====+=====+=====||=====+=====+=====||=====+=====+=====|
|* 0. |* 0. |* 0. ||* 0. |* 0. |* 1. ||*-1. |* 1. |* 0. |
|*-1. |*-1. |* 0. ||* 0. |*-1. |* 0. ||*-1. |* 0. |* 0. |
|* 0. |* 0. |* 0. ||* 0. |* 0. |*-1. ||* 1. |* 0. |*-1. |


current State

|  0. |  0. |  0. ||  1. | -1. | -1. ||  0. | -1. |  0. |
| -1. |  0. |  0. || -1. |  0. |  0. ||  0. |  1. |  0. |
|  0. | -1. |  1. ||  0. |  1. |  0. ||  0. |  0. |  1. |
|=====+=====+=====||=====+=====+=====||=====+=====+=====|
|  0. |  1. |  0. ||  0. |  1. |  0. ||  1. |  0. |  0. |
|  0. |  0. |  0. || -1. |  0. |  1. ||  0. |  0. | -1. |
|  1. |  1. |  1. ||  0. |  0. |  0. ||  0. |  1. |  0. |
|=====+=====+=====||=====+=====+=====||=====+=====+=====|
|  0. |  0. |  0. ||* 0. |* 0. |* 1. || -1. |  1. |  0. |
| -1. | -1. |  0. ||* 0. |*-1. |* 0. || -1. |  0. |  0. |
|  0. |  0. |  0. ||* 0. |* 0. |*-1. ||  1. |  0. | -1. |


state to eval, currenty is playerone turn=false

| -0. | -0. | -0. || -1. |  1. |  1. || -0. |  1. | -0. |
|  1. | -0. | -0. ||  1. | -0. | -0. || -0. | -1. | -0. |
| -0. |  1. | -1. || -0. | -1. | -0. || -0. | -0. | -1. |
|=====+=====+=====||=====+=====+=====||=====+=====+=====|
| -0. | -1. | -0. || -0. | -1. | -0. || -1. | -0. | -0. |
| -0. | -0. | -0. ||  1. | -0. | -1. || -0. | -0. |  1. |
| -1. | -1. | -1. || -0. | -0. | -0. || -0. | -1. | -0. |
|=====+=====+=====||=====+=====+=====||=====+=====+=====|
| -0. | -0. | -0. ||*-0. |*-0. |*-1. ||  1. | -1. | -0. |
|  1. |  1. | -0. ||*-0. |* 1. |*-0. ||  1. | -0. | -0. |
| -0. | -0. | -0. ||*-0. |*-0. |* 1. || -1. | -0. |  1. |


current State

|  0. |  0. |  0. ||* 1. |*-1. |*-1. ||  0. | -1. |  0. |
| -1. |  0. |  0. ||*-1. |* 0. |* 0. ||  0. |  1. |  0. |
|  0. | -1. |  1. ||* 0. |* 1. |* 0. ||  0. |  0. |  1. |
|=====+=====+=====||=====+=====+=====||=====+=====+=====|
|  0. |  1. |  0. ||  0. |  1. |  0. ||  1. |  0. |  0. |
|  0. |  0. |  0. || -1. |  0. |  1. ||  0. |  0. | -1. |
|  1. |  1. |  1. ||  0. |  0. |  0. ||  0. |  1. |  0. |
|=====+=====+=====||=====+=====+=====||=====+=====+=====|
|  0. |  0. |  0. ||  0. | -1. |  1. || -1. |  1. |  0. |
| -1. | -1. |  0. ||  0. | -1. |  0. || -1. |  0. |  0. |
|  0. |  0. |  0. ||  0. |  0. | -1. ||  1. |  0. | -1. |


state to eval, currenty is playerone turn=true

|  0. |  0. |  0. ||* 1. |*-1. |*-1. ||  0. | -1. |  0. |
| -1. |  0. |  0. ||*-1. |* 0. |* 0. ||  0. |  1. |  0. |
|  0. | -1. |  1. ||* 0. |* 1. |* 0. ||  0. |  0. |  1. |
|=====+=====+=====||=====+=====+=====||=====+=====+=====|
|  0. |  1. |  0. ||  0. |  1. |  0. ||  1. |  0. |  0. |
|  0. |  0. |  0. || -1. |  0. |  1. ||  0. |  0. | -1. |
|  1. |  1. |  1. ||  0. |  0. |  0. ||  0. |  1. |  0. |
|=====+=====+=====||=====+=====+=====||=====+=====+=====|
|  0. |  0. |  0. ||  0. | -1. |  1. || -1. |  1. |  0. |
| -1. | -1. |  0. ||  0. | -1. |  0. || -1. |  0. |  0. |
|  0. |  0. |  0. ||  0. |  0. | -1. ||  1. |  0. | -1. |


current State

|  0. |  0. |  0. ||  1. | -1. | -1. ||  0. | -1. |  0. |
| -1. |  0. |  0. || -1. |  0. |  1. ||  0. |  1. |  0. |
|  0. | -1. |  1. ||  0. |  1. |  0. ||  0. |  0. |  1. |
|=====+=====+=====||=====+=====+=====||=====+=====+=====|
|  0. |  1. |  0. ||  0. |  1. |  0. ||* 1. |* 0. |* 0. |
|  0. |  0. |  0. || -1. |  0. |  1. ||* 0. |* 0. |*-1. |
|  1. |  1. |  1. ||  0. |  0. |  0. ||* 0. |* 1. |* 0. |
|=====+=====+=====||=====+=====+=====||=====+=====+=====|
|  0. |  0. |  0. ||  0. | -1. |  1. || -1. |  1. |  0. |
| -1. | -1. |  0. ||  0. | -1. |  0. || -1. |  0. |  0. |
|  0. |  0. |  0. ||  0. |  0. | -1. ||  1. |  0. | -1. |


state to eval, currenty is playerone turn=false

| -0. | -0. | -0. || -1. |  1. |  1. || -0. |  1. | -0. |
|  1. | -0. | -0. ||  1. | -0. | -1. || -0. | -1. | -0. |
| -0. |  1. | -1. || -0. | -1. | -0. || -0. | -0. | -1. |
|=====+=====+=====||=====+=====+=====||=====+=====+=====|
| -0. | -1. | -0. || -0. | -1. | -0. ||*-1. |*-0. |*-0. |
| -0. | -0. | -0. ||  1. | -0. | -1. ||*-0. |*-0. |* 1. |
| -1. | -1. | -1. || -0. | -0. | -0. ||*-0. |*-1. |*-0. |
|=====+=====+=====||=====+=====+=====||=====+=====+=====|
| -0. | -0. | -0. || -0. |  1. | -1. ||  1. | -1. | -0. |
|  1. |  1. | -0. || -0. |  1. | -0. ||  1. | -0. | -0. |
| -0. | -0. | -0. || -0. | -0. |  1. || -1. | -0. |  1. |


Determined best move using: 57455Iterations
current State

|* 0. |* 0. |* 0. ||* 1. |*-1. |*-1. ||* 0. |*-1. |* 0. |
|*-1. |* 0. |* 0. ||*-1. |* 0. |* 1. ||* 0. |* 1. |* 0. |
|* 0. |*-1. |* 1. ||* 0. |* 1. |* 0. ||* 0. |* 0. |* 1. |
|=====+=====+=====||=====+=====+=====||=====+=====+=====|
|  0. |  1. |  0. ||* 0. |* 1. |* 0. ||* 1. |* 0. |* 0. |
|  0. |  0. |  0. ||*-1. |* 0. |* 1. ||*-1. |* 0. |*-1. |
|  1. |  1. |  1. ||* 0. |* 0. |* 0. ||* 0. |* 1. |* 0. |
|=====+=====+=====||=====+=====+=====||=====+=====+=====|
|* 0. |* 0. |* 0. ||* 0. |*-1. |* 1. ||*-1. |* 1. |* 0. |
|*-1. |*-1. |* 0. ||* 0. |*-1. |* 0. ||*-1. |* 0. |* 0. |
|* 0. |* 0. |* 0. ||* 0. |* 0. |*-1. ||* 1. |* 0. |*-1. |


state to eval, currenty is playerone turn=true

|* 0. |* 0. |* 0. ||* 1. |*-1. |*-1. ||* 0. |*-1. |* 0. |
|*-1. |* 0. |* 0. ||*-1. |* 0. |* 1. ||* 0. |* 1. |* 0. |
|* 0. |*-1. |* 1. ||* 0. |* 1. |* 0. ||* 0. |* 0. |* 1. |
|=====+=====+=====||=====+=====+=====||=====+=====+=====|
|  0. |  1. |  0. ||* 0. |* 1. |* 0. ||* 1. |* 0. |* 0. |
|  0. |  0. |  0. ||*-1. |* 0. |* 1. ||*-1. |* 0. |*-1. |
|  1. |  1. |  1. ||* 0. |* 0. |* 0. ||* 0. |* 1. |* 0. |
|=====+=====+=====||=====+=====+=====||=====+=====+=====|
|* 0. |* 0. |* 0. ||* 0. |*-1. |* 1. ||*-1. |* 1. |* 0. |
|*-1. |*-1. |* 0. ||* 0. |*-1. |* 0. ||*-1. |* 0. |* 0. |
|* 0. |* 0. |* 0. ||* 0. |* 0. |*-1. ||* 1. |* 0. |*-1. |


current State

|  0. |  0. |  0. ||* 1. |*-1. |*-1. ||  0. | -1. |  0. |
| -1. |  0. |  0. ||*-1. |* 0. |* 1. ||  0. |  1. |  0. |
|  0. | -1. |  1. ||* 0. |* 1. |* 0. ||  0. |  0. |  1. |
|=====+=====+=====||=====+=====+=====||=====+=====+=====|
|  0. |  1. |  0. ||  0. |  1. |  0. ||  1. |  0. |  0. |
|  0. |  0. |  0. || -1. |  0. |  1. || -1. |  0. | -1. |
|  1. |  1. |  1. ||  0. |  0. |  0. ||  0. |  1. |  0. |
|=====+=====+=====||=====+=====+=====||=====+=====+=====|
|  0. |  1. |  0. ||  0. | -1. |  1. || -1. |  1. |  0. |
| -1. | -1. |  0. ||  0. | -1. |  0. || -1. |  0. |  0. |
|  0. |  0. |  0. ||  0. |  0. | -1. ||  1. |  0. | -1. |


state to eval, currenty is playerone turn=false

| -0. | -0. | -0. ||*-1. |* 1. |* 1. || -0. |  1. | -0. |
|  1. | -0. | -0. ||* 1. |*-0. |*-1. || -0. | -1. | -0. |
| -0. |  1. | -1. ||*-0. |*-1. |*-0. || -0. | -0. | -1. |
|=====+=====+=====||=====+=====+=====||=====+=====+=====|
| -0. | -1. | -0. || -0. | -1. | -0. || -1. | -0. | -0. |
| -0. | -0. | -0. ||  1. | -0. | -1. ||  1. | -0. |  1. |
| -1. | -1. | -1. || -0. | -0. | -0. || -0. | -1. | -0. |
|=====+=====+=====||=====+=====+=====||=====+=====+=====|
| -0. | -1. | -0. || -0. |  1. | -1. ||  1. | -1. | -0. |
|  1. |  1. | -0. || -0. |  1. | -0. ||  1. | -0. | -0. |
| -0. | -0. | -0. || -0. | -0. |  1. || -1. | -0. |  1. |


current State

|  0. |  0. |  0. ||  1. | -1. | -1. ||  0. | -1. |  0. |
| -1. |  0. |  0. || -1. |  0. |  1. ||  0. |  1. |  0. |
|  0. | -1. |  1. ||  0. |  1. | -1. ||  0. |  0. |  1. |
|=====+=====+=====||=====+=====+=====||=====+=====+=====|
|  0. |  1. |  0. ||  0. |  1. |  0. ||  1. |  0. |  0. |
|  0. |  0. |  0. || -1. |  0. |  1. || -1. |  0. | -1. |
|  1. |  1. |  1. ||  0. |  0. |  0. ||  0. |  1. |  0. |
|=====+=====+=====||=====+=====+=====||=====+=====+=====|
|  0. |  1. |  0. ||  0. | -1. |  1. ||*-1. |* 1. |* 0. |
| -1. | -1. |  0. ||  0. | -1. |  0. ||*-1. |* 0. |* 0. |
|  0. |  0. |  0. ||  0. |  0. | -1. ||* 1. |* 0. |*-1. |


state to eval, currenty is playerone turn=true

|  0. |  0. |  0. ||  1. | -1. | -1. ||  0. | -1. |  0. |
| -1. |  0. |  0. || -1. |  0. |  1. ||  0. |  1. |  0. |
|  0. | -1. |  1. ||  0. |  1. | -1. ||  0. |  0. |  1. |
|=====+=====+=====||=====+=====+=====||=====+=====+=====|
|  0. |  1. |  0. ||  0. |  1. |  0. ||  1. |  0. |  0. |
|  0. |  0. |  0. || -1. |  0. |  1. || -1. |  0. | -1. |
|  1. |  1. |  1. ||  0. |  0. |  0. ||  0. |  1. |  0. |
|=====+=====+=====||=====+=====+=====||=====+=====+=====|
|  0. |  1. |  0. ||  0. | -1. |  1. ||*-1. |* 1. |* 0. |
| -1. | -1. |  0. ||  0. | -1. |  0. ||*-1. |* 0. |* 0. |
|  0. |  0. |  0. ||  0. |  0. | -1. ||* 1. |* 0. |*-1. |


Determined best move using: 64382Iterations
Determined best move using: 83785Iterations
current State

|  0. |  0. |  0. ||  1. | -1. | -1. ||* 0. |*-1. |* 0. |
| -1. |  0. |  0. || -1. |  0. |  1. ||* 0. |* 1. |* 0. |
|  0. | -1. |  1. ||  0. |  1. | -1. ||* 0. |* 0. |* 1. |
|=====+=====+=====||=====+=====+=====||=====+=====+=====|
|  0. |  1. |  0. ||  0. |  1. |  0. ||  1. |  0. |  0. |
|  0. |  0. |  0. || -1. |  0. |  1. || -1. |  0. | -1. |
|  1. |  1. |  1. ||  0. |  0. |  0. ||  0. |  1. |  0. |
|=====+=====+=====||=====+=====+=====||=====+=====+=====|
|  0. |  1. |  0. ||  0. | -1. |  1. || -1. |  1. |  1. |
| -1. | -1. |  0. ||  0. | -1. |  0. || -1. |  0. |  0. |
|  0. |  0. |  0. ||  0. |  0. | -1. ||  1. |  0. | -1. |


state to eval, currenty is playerone turn=false

| -0. | -0. | -0. || -1. |  1. |  1. ||*-0. |* 1. |*-0. |
|  1. | -0. | -0. ||  1. | -0. | -1. ||*-0. |*-1. |*-0. |
| -0. |  1. | -1. || -0. | -1. |  1. ||*-0. |*-0. |*-1. |
|=====+=====+=====||=====+=====+=====||=====+=====+=====|
| -0. | -1. | -0. || -0. | -1. | -0. || -1. | -0. | -0. |
| -0. | -0. | -0. ||  1. | -0. | -1. ||  1. | -0. |  1. |
| -1. | -1. | -1. || -0. | -0. | -0. || -0. | -1. | -0. |
|=====+=====+=====||=====+=====+=====||=====+=====+=====|
| -0. | -1. | -0. || -0. |  1. | -1. ||  1. | -1. | -1. |
|  1. |  1. | -0. || -0. |  1. | -0. ||  1. | -0. | -0. |
| -0. | -0. | -0. || -0. | -0. |  1. || -1. | -0. |  1. |


current State

|  0. |  0. |  0. ||  1. | -1. | -1. ||  0. | -1. |  0. |
| -1. |  0. |  0. || -1. |  0. |  1. ||  0. |  1. | -1. |
|  0. | -1. |  1. ||  0. |  1. | -1. ||  0. |  0. |  1. |
|=====+=====+=====||=====+=====+=====||=====+=====+=====|
|  0. |  1. |  0. ||  0. |  1. |  0. ||* 1. |* 0. |* 0. |
|  0. |  0. |  0. || -1. |  0. |  1. ||*-1. |* 0. |*-1. |
|  1. |  1. |  1. ||  0. |  0. |  0. ||* 0. |* 1. |* 0. |
|=====+=====+=====||=====+=====+=====||=====+=====+=====|
|  0. |  1. |  0. ||  0. | -1. |  1. || -1. |  1. |  1. |
| -1. | -1. |  0. ||  0. | -1. |  0. || -1. |  0. |  0. |
|  0. |  0. |  0. ||  0. |  0. | -1. ||  1. |  0. | -1. |


state to eval, currenty is playerone turn=true

|  0. |  0. |  0. ||  1. | -1. | -1. ||  0. | -1. |  0. |
| -1. |  0. |  0. || -1. |  0. |  1. ||  0. |  1. | -1. |
|  0. | -1. |  1. ||  0. |  1. | -1. ||  0. |  0. |  1. |
|=====+=====+=====||=====+=====+=====||=====+=====+=====|
|  0. |  1. |  0. ||  0. |  1. |  0. ||* 1. |* 0. |* 0. |
|  0. |  0. |  0. || -1. |  0. |  1. ||*-1. |* 0. |*-1. |
|  1. |  1. |  1. ||  0. |  0. |  0. ||* 0. |* 1. |* 0. |
|=====+=====+=====||=====+=====+=====||=====+=====+=====|
|  0. |  1. |  0. ||  0. | -1. |  1. || -1. |  1. |  1. |
| -1. | -1. |  0. ||  0. | -1. |  0. || -1. |  0. |  0. |
|  0. |  0. |  0. ||  0. |  0. | -1. ||  1. |  0. | -1. |


current State

|  0. |  0. |  0. ||  1. | -1. | -1. ||  0. | -1. |  0. |
| -1. |  0. |  0. || -1. |  0. |  1. ||  0. |  1. | -1. |
|  0. | -1. |  1. ||  0. |  1. | -1. ||  0. |  0. |  1. |
|=====+=====+=====||=====+=====+=====||=====+=====+=====|
|  0. |  1. |  0. ||* 0. |* 1. |* 0. ||  1. |  0. |  0. |
|  0. |  0. |  0. ||*-1. |* 0. |* 1. || -1. |  1. | -1. |
|  1. |  1. |  1. ||* 0. |* 0. |* 0. ||  0. |  1. |  0. |
|=====+=====+=====||=====+=====+=====||=====+=====+=====|
|  0. |  1. |  0. ||  0. | -1. |  1. || -1. |  1. |  1. |
| -1. | -1. |  0. ||  0. | -1. |  0. || -1. |  0. |  0. |
|  0. |  0. |  0. ||  0. |  0. | -1. ||  1. |  0. | -1. |


state to eval, currenty is playerone turn=false

| -0. | -0. | -0. || -1. |  1. |  1. || -0. |  1. | -0. |
|  1. | -0. | -0. ||  1. | -0. | -1. || -0. | -1. |  1. |
| -0. |  1. | -1. || -0. | -1. |  1. || -0. | -0. | -1. |
|=====+=====+=====||=====+=====+=====||=====+=====+=====|
| -0. | -1. | -0. ||*-0. |*-1. |*-0. || -1. | -0. | -0. |
| -0. | -0. | -0. ||* 1. |*-0. |*-1. ||  1. | -1. |  1. |
| -1. | -1. | -1. ||*-0. |*-0. |*-0. || -0. | -1. | -0. |
|=====+=====+=====||=====+=====+=====||=====+=====+=====|
| -0. | -1. | -0. || -0. |  1. | -1. ||  1. | -1. | -1. |
|  1. |  1. | -0. || -0. |  1. | -0. ||  1. | -0. | -0. |
| -0. | -0. | -0. || -0. | -0. |  1. || -1. | -0. |  1. |


Determined best move using: 91999Iterations
current State

|  0. |  0. |  0. ||  1. | -1. | -1. ||  0. | -1. |  0. |
| -1. |  0. |  0. || -1. |  0. |  1. ||  0. |  1. | -1. |
|  0. | -1. |  1. ||  0. |  1. | -1. ||  0. |  0. |  1. |
|=====+=====+=====||=====+=====+=====||=====+=====+=====|
|  0. |  1. |  0. ||  0. |  1. |  0. ||  1. |  0. |  0. |
|  0. |  0. |  0. || -1. |  0. |  1. || -1. |  1. | -1. |
|  1. |  1. |  1. || -1. |  0. |  0. ||  0. |  1. |  0. |
|=====+=====+=====||=====+=====+=====||=====+=====+=====|
|* 0. |* 1. |* 0. ||  0. | -1. |  1. || -1. |  1. |  1. |
|*-1. |*-1. |* 0. ||  0. | -1. |  0. || -1. |  0. |  0. |
|* 0. |* 0. |* 0. ||  0. |  0. | -1. ||  1. |  0. | -1. |


state to eval, currenty is playerone turn=true

|  0. |  0. |  0. ||  1. | -1. | -1. ||  0. | -1. |  0. |
| -1. |  0. |  0. || -1. |  0. |  1. ||  0. |  1. | -1. |
|  0. | -1. |  1. ||  0. |  1. | -1. ||  0. |  0. |  1. |
|=====+=====+=====||=====+=====+=====||=====+=====+=====|
|  0. |  1. |  0. ||  0. |  1. |  0. ||  1. |  0. |  0. |
|  0. |  0. |  0. || -1. |  0. |  1. || -1. |  1. | -1. |
|  1. |  1. |  1. || -1. |  0. |  0. ||  0. |  1. |  0. |
|=====+=====+=====||=====+=====+=====||=====+=====+=====|
|* 0. |* 1. |* 0. ||  0. | -1. |  1. || -1. |  1. |  1. |
|*-1. |*-1. |* 0. ||  0. | -1. |  0. || -1. |  0. |  0. |
|* 0. |* 0. |* 0. ||  0. |  0. | -1. ||  1. |  0. | -1. |


Determined best move using: 94588Iterations
Determined best move using: 165871Iterations
current State

|  0. |  0. |  0. ||  1. | -1. | -1. ||  0. | -1. |  0. |
| -1. |  0. |  0. || -1. |  0. |  1. ||  0. |  1. | -1. |
|  0. | -1. |  1. ||  0. |  1. | -1. ||  0. |  0. |  1. |
|=====+=====+=====||=====+=====+=====||=====+=====+=====|
|  0. |  1. |  0. ||  0. |  1. |  0. ||  1. |  0. |  0. |
|  0. |  0. |  0. || -1. |  0. |  1. || -1. |  1. | -1. |
|  1. |  1. |  1. || -1. |  0. |  0. ||  0. |  1. |  0. |
|=====+=====+=====||=====+=====+=====||=====+=====+=====|
|  0. |  1. |  0. ||  0. | -1. |  1. ||*-1. |* 1. |* 1. |
| -1. | -1. |  0. ||  0. | -1. |  0. ||*-1. |* 0. |* 0. |
|  0. |  0. |  1. ||  0. |  0. | -1. ||* 1. |* 0. |*-1. |


state to eval, currenty is playerone turn=false

| -0. | -0. | -0. || -1. |  1. |  1. || -0. |  1. | -0. |
|  1. | -0. | -0. ||  1. | -0. | -1. || -0. | -1. |  1. |
| -0. |  1. | -1. || -0. | -1. |  1. || -0. | -0. | -1. |
|=====+=====+=====||=====+=====+=====||=====+=====+=====|
| -0. | -1. | -0. || -0. | -1. | -0. || -1. | -0. | -0. |
| -0. | -0. | -0. ||  1. | -0. | -1. ||  1. | -1. |  1. |
| -1. | -1. | -1. ||  1. | -0. | -0. || -0. | -1. | -0. |
|=====+=====+=====||=====+=====+=====||=====+=====+=====|
| -0. | -1. | -0. || -0. |  1. | -1. ||* 1. |*-1. |*-1. |
|  1. |  1. | -0. || -0. |  1. | -0. ||* 1. |*-0. |*-0. |
| -0. | -0. | -1. || -0. | -0. |  1. ||*-1. |*-0. |* 1. |


Determined best move using: 168146Iterations
Determined best move using: 61684Iterations
Determined best move using: 93947Iterations
current State

|  0. |  0. |  0. ||  1. | -1. | -1. ||  0. | -1. |  0. |
| -1. |  0. |  0. || -1. |  0. |  1. ||  0. |  1. | -1. |
|  0. | -1. |  1. ||  0. |  1. | -1. ||  0. |  0. |  1. |
|=====+=====+=====||=====+=====+=====||=====+=====+=====|
|  0. |  1. |  0. ||* 0. |* 1. |* 0. ||  1. |  0. |  0. |
|  0. |  0. |  0. ||*-1. |* 0. |* 1. || -1. |  1. | -1. |
|  1. |  1. |  1. ||*-1. |* 0. |* 0. ||  0. |  1. |  0. |
|=====+=====+=====||=====+=====+=====||=====+=====+=====|
|  0. |  1. |  0. ||  0. | -1. |  1. || -1. |  1. |  1. |
| -1. | -1. |  0. ||  0. | -1. |  0. || -1. | -1. |  0. |
|  0. |  0. |  1. ||  0. |  0. | -1. ||  1. |  0. | -1. |


state to eval, currenty is playerone turn=true

|  0. |  0. |  0. ||  1. | -1. | -1. ||  0. | -1. |  0. |
| -1. |  0. |  0. || -1. |  0. |  1. ||  0. |  1. | -1. |
|  0. | -1. |  1. ||  0. |  1. | -1. ||  0. |  0. |  1. |
|=====+=====+=====||=====+=====+=====||=====+=====+=====|
|  0. |  1. |  0. ||* 0. |* 1. |* 0. ||  1. |  0. |  0. |
|  0. |  0. |  0. ||*-1. |* 0. |* 1. || -1. |  1. | -1. |
|  1. |  1. |  1. ||*-1. |* 0. |* 0. ||  0. |  1. |  0. |
|=====+=====+=====||=====+=====+=====||=====+=====+=====|
|  0. |  1. |  0. ||  0. | -1. |  1. || -1. |  1. |  1. |
| -1. | -1. |  0. ||  0. | -1. |  0. || -1. | -1. |  0. |
|  0. |  0. |  1. ||  0. |  0. | -1. ||  1. |  0. | -1. |


current State

|  0. |  0. |  0. ||  1. | -1. | -1. ||  0. | -1. |  0. |
| -1. |  0. |  0. || -1. |  0. |  1. ||  0. |  1. | -1. |
|  0. | -1. |  1. ||  0. |  1. | -1. ||  0. |  0. |  1. |
|=====+=====+=====||=====+=====+=====||=====+=====+=====|
|  0. |  1. |  0. ||  0. |  1. |  0. ||  1. |  0. |  0. |
|  0. |  0. |  0. || -1. |  0. |  1. || -1. |  1. | -1. |
|  1. |  1. |  1. || -1. |  1. |  0. ||  0. |  1. |  0. |
|=====+=====+=====||=====+=====+=====||=====+=====+=====|
|  0. |  1. |  0. ||* 0. |*-1. |* 1. || -1. |  1. |  1. |
| -1. | -1. |  0. ||* 0. |*-1. |* 0. || -1. | -1. |  0. |
|  0. |  0. |  1. ||* 0. |* 0. |*-1. ||  1. |  0. | -1. |


state to eval, currenty is playerone turn=false

| -0. | -0. | -0. || -1. |  1. |  1. || -0. |  1. | -0. |
|  1. | -0. | -0. ||  1. | -0. | -1. || -0. | -1. |  1. |
| -0. |  1. | -1. || -0. | -1. |  1. || -0. | -0. | -1. |
|=====+=====+=====||=====+=====+=====||=====+=====+=====|
| -0. | -1. | -0. || -0. | -1. | -0. || -1. | -0. | -0. |
| -0. | -0. | -0. ||  1. | -0. | -1. ||  1. | -1. |  1. |
| -1. | -1. | -1. ||  1. | -1. | -0. || -0. | -1. | -0. |
|=====+=====+=====||=====+=====+=====||=====+=====+=====|
| -0. | -1. | -0. ||*-0. |* 1. |*-1. ||  1. | -1. | -1. |
|  1. |  1. | -0. ||*-0. |* 1. |*-0. ||  1. |  1. | -0. |
| -0. | -0. | -1. ||*-0. |*-0. |* 1. || -1. | -0. |  1. |


current State

|* 0. |* 0. |* 0. ||  1. | -1. | -1. ||  0. | -1. |  0. |
|*-1. |* 0. |* 0. || -1. |  0. |  1. ||  0. |  1. | -1. |
|* 0. |*-1. |* 1. ||  0. |  1. | -1. ||  0. |  0. |  1. |
|=====+=====+=====||=====+=====+=====||=====+=====+=====|
|  0. |  1. |  0. ||  0. |  1. |  0. ||  1. |  0. |  0. |
|  0. |  0. |  0. || -1. |  0. |  1. || -1. |  1. | -1. |
|  1. |  1. |  1. || -1. |  1. |  0. ||  0. |  1. |  0. |
|=====+=====+=====||=====+=====+=====||=====+=====+=====|
|  0. |  1. |  0. || -1. | -1. |  1. || -1. |  1. |  1. |
| -1. | -1. |  0. ||  0. | -1. |  0. || -1. | -1. |  0. |
|  0. |  0. |  1. ||  0. |  0. | -1. ||  1. |  0. | -1. |


state to eval, currenty is playerone turn=true

|* 0. |* 0. |* 0. ||  1. | -1. | -1. ||  0. | -1. |  0. |
|*-1. |* 0. |* 0. || -1. |  0. |  1. ||  0. |  1. | -1. |
|* 0. |*-1. |* 1. ||  0. |  1. | -1. ||  0. |  0. |  1. |
|=====+=====+=====||=====+=====+=====||=====+=====+=====|
|  0. |  1. |  0. ||  0. |  1. |  0. ||  1. |  0. |  0. |
|  0. |  0. |  0. || -1. |  0. |  1. || -1. |  1. | -1. |
|  1. |  1. |  1. || -1. |  1. |  0. ||  0. |  1. |  0. |
|=====+=====+=====||=====+=====+=====||=====+=====+=====|
|  0. |  1. |  0. || -1. | -1. |  1. || -1. |  1. |  1. |
| -1. | -1. |  0. ||  0. | -1. |  0. || -1. | -1. |  0. |
|  0. |  0. |  1. ||  0. |  0. | -1. ||  1. |  0. | -1. |


Determined best move using: 64507Iterations
current State

|  0. |  1. |  0. ||* 1. |*-1. |*-1. ||  0. | -1. |  0. |
| -1. |  0. |  0. ||*-1. |* 0. |* 1. ||  0. |  1. | -1. |
|  0. | -1. |  1. ||* 0. |* 1. |*-1. ||  0. |  0. |  1. |
|=====+=====+=====||=====+=====+=====||=====+=====+=====|
|  0. |  1. |  0. ||  0. |  1. |  0. ||  1. |  0. |  0. |
|  0. |  0. |  0. || -1. |  0. |  1. || -1. |  1. | -1. |
|  1. |  1. |  1. || -1. |  1. |  0. ||  0. |  1. |  0. |
|=====+=====+=====||=====+=====+=====||=====+=====+=====|
|  0. |  1. |  0. || -1. | -1. |  1. || -1. |  1. |  1. |
| -1. | -1. |  0. ||  0. | -1. |  0. || -1. | -1. |  0. |
|  0. |  0. |  1. ||  0. |  0. | -1. ||  1. |  0. | -1. |


state to eval, currenty is playerone turn=false

| -0. | -1. | -0. ||*-1. |* 1. |* 1. || -0. |  1. | -0. |
|  1. | -0. | -0. ||* 1. |*-0. |*-1. || -0. | -1. |  1. |
| -0. |  1. | -1. ||*-0. |*-1. |* 1. || -0. | -0. | -1. |
|=====+=====+=====||=====+=====+=====||=====+=====+=====|
| -0. | -1. | -0. || -0. | -1. | -0. || -1. | -0. | -0. |
| -0. | -0. | -0. ||  1. | -0. | -1. ||  1. | -1. |  1. |
| -1. | -1. | -1. ||  1. | -1. | -0. || -0. | -1. | -0. |
|=====+=====+=====||=====+=====+=====||=====+=====+=====|
| -0. | -1. | -0. ||  1. |  1. | -1. ||  1. | -1. | -1. |
|  1. |  1. | -0. || -0. |  1. | -0. ||  1. |  1. | -0. |
| -0. | -0. | -1. || -0. | -0. |  1. || -1. | -0. |  1. |


current State

|  0. |  1. |  0. ||  1. | -1. | -1. ||  0. | -1. |  0. |
| -1. |  0. |  0. || -1. | -1. |  1. ||  0. |  1. | -1. |
|  0. | -1. |  1. ||  0. |  1. | -1. ||  0. |  0. |  1. |
|=====+=====+=====||=====+=====+=====||=====+=====+=====|
|  0. |  1. |  0. ||* 0. |* 1. |* 0. ||  1. |  0. |  0. |
|  0. |  0. |  0. ||*-1. |* 0. |* 1. || -1. |  1. | -1. |
|  1. |  1. |  1. ||*-1. |* 1. |* 0. ||  0. |  1. |  0. |
|=====+=====+=====||=====+=====+=====||=====+=====+=====|
|  0. |  1. |  0. || -1. | -1. |  1. || -1. |  1. |  1. |
| -1. | -1. |  0. ||  0. | -1. |  0. || -1. | -1. |  0. |
|  0. |  0. |  1. ||  0. |  0. | -1. ||  1. |  0. | -1. |


state to eval, currenty is playerone turn=true

|  0. |  1. |  0. ||  1. | -1. | -1. ||  0. | -1. |  0. |
| -1. |  0. |  0. || -1. | -1. |  1. ||  0. |  1. | -1. |
|  0. | -1. |  1. ||  0. |  1. | -1. ||  0. |  0. |  1. |
|=====+=====+=====||=====+=====+=====||=====+=====+=====|
|  0. |  1. |  0. ||* 0. |* 1. |* 0. ||  1. |  0. |  0. |
|  0. |  0. |  0. ||*-1. |* 0. |* 1. || -1. |  1. | -1. |
|  1. |  1. |  1. ||*-1. |* 1. |* 0. ||  0. |  1. |  0. |
|=====+=====+=====||=====+=====+=====||=====+=====+=====|
|  0. |  1. |  0. || -1. | -1. |  1. || -1. |  1. |  1. |
| -1. | -1. |  0. ||  0. | -1. |  0. || -1. | -1. |  0. |
|  0. |  0. |  1. ||  0. |  0. | -1. ||  1. |  0. | -1. |


current State

|* 0. |* 1. |* 0. ||* 1. |*-1. |*-1. ||* 0. |*-1. |* 0. |
|*-1. |* 0. |* 0. ||*-1. |*-1. |* 1. ||* 0. |* 1. |*-1. |
|* 0. |*-1. |* 1. ||* 0. |* 1. |*-1. ||* 0. |* 0. |* 1. |
|=====+=====+=====||=====+=====+=====||=====+=====+=====|
|  0. |  1. |  0. ||  0. |  1. |  0. ||* 1. |* 0. |* 0. |
|  0. |  0. |  0. || -1. |  1. |  1. ||*-1. |* 1. |*-1. |
|  1. |  1. |  1. || -1. |  1. |  0. ||* 0. |* 1. |* 0. |
|=====+=====+=====||=====+=====+=====||=====+=====+=====|
|* 0. |* 1. |* 0. || -1. | -1. |  1. || -1. |  1. |  1. |
|*-1. |*-1. |* 0. ||  0. | -1. |  0. || -1. | -1. |  0. |
|* 0. |* 0. |* 1. ||  0. |  0. | -1. ||  1. |  0. | -1. |


state to eval, currenty is playerone turn=false

|*-0. |*-1. |*-0. ||*-1. |* 1. |* 1. ||*-0. |* 1. |*-0. |
|* 1. |*-0. |*-0. ||* 1. |* 1. |*-1. ||*-0. |*-1. |* 1. |
|*-0. |* 1. |*-1. ||*-0. |*-1. |* 1. ||*-0. |*-0. |*-1. |
|=====+=====+=====||=====+=====+=====||=====+=====+=====|
| -0. | -1. | -0. || -0. | -1. | -0. ||*-1. |*-0. |*-0. |
| -0. | -0. | -0. ||  1. | -1. | -1. ||* 1. |*-1. |* 1. |
| -1. | -1. | -1. ||  1. | -1. | -0. ||*-0. |*-1. |*-0. |
|=====+=====+=====||=====+=====+=====||=====+=====+=====|
|*-0. |*-1. |*-0. ||  1. |  1. | -1. ||  1. | -1. | -1. |
|* 1. |* 1. |*-0. || -0. |  1. | -0. ||  1. |  1. | -0. |
|*-0. |*-0. |*-1. || -0. | -0. |  1. || -1. | -0. |  1. |


current State

|  0. |  1. |  0. ||  1. | -1. | -1. ||  0. | -1. |  0. |
| -1. |  0. |  0. || -1. | -1. |  1. ||  0. |  1. | -1. |
|  0. | -1. |  1. ||  0. |  1. | -1. ||  0. |  0. |  1. |
|=====+=====+=====||=====+=====+=====||=====+=====+=====|
|  0. |  1. |  0. ||  0. |  1. |  0. ||* 1. |* 0. |* 0. |
|  0. |  0. |  0. || -1. |  1. |  1. ||*-1. |* 1. |*-1. |
|  1. |  1. |  1. || -1. |  1. |  0. ||* 0. |* 1. |* 0. |
|=====+=====+=====||=====+=====+=====||=====+=====+=====|
|  0. |  1. |  0. || -1. | -1. |  1. || -1. |  1. |  1. |
| -1. | -1. | -1. ||  0. | -1. |  0. || -1. | -1. |  0. |
|  0. |  0. |  1. ||  0. |  0. | -1. ||  1. |  0. | -1. |


Game ended in: 48 moves
Actual data created in graphical format: 
[StateDatum{MCTSProbabilites=
|  .0114 |  .014 |  .0128 ||  .0169 |  .0123 |  .0179 ||  .0149 |  .0121 |  .0112 |
|  .0091 |  .0165 |  .0129 ||  .0146 |  .0145 |  .0123 ||  .0116 |  .012 |  .0147 |
|  .0075 |  .0108 |  .0071 ||  .0139 |  .0169 |  .0113 ||  .0175 |  .0163 |  .0199 |
|========+========+========||========+========+========||========+========+========|
|  .0092 |  .0183 |  .0149 ||  .0058 |  .0163 |  .0052 ||  .01 |  .0156 |  .0115 |
|  .0106 |  .0097 |  .0128 ||  .0083 |  .014 |  .008 ||  .011 |  .0085 |  .0154 |
|  .0155 |  .0107 |  .0154 ||  .0075 |  .0081 |  .0071 ||  .0177 |  .0111 |  .0133 |
|========+========+========||========+========+========||========+========+========|
|  .009 |  .0145 |  .0114 ||  .0096 |  .0167 |  .0125 ||  .0168 |  .0164 |  .0108 |
|  .0156 |  .0149 |  .0069 ||  .017 |  .0075 |  .0115 ||  .0093 |  .0129 |  .0086 |
|  .0106 |  .0097 |  .0105 ||  .0124 |  .0122 |  .0147 ||  .0076 |  .0096 |  .0163 |

, state=
|* 0. |* 0. |* 0. ||* 0. |* 0. |* 0. ||* 0. |* 0. |* 0. |
|* 0. |* 0. |* 0. ||* 0. |* 0. |* 0. ||* 0. |* 0. |* 0. |
|* 0. |* 0. |* 0. ||* 0. |* 0. |* 0. ||* 0. |* 0. |* 0. |
|=====+=====+=====||=====+=====+=====||=====+=====+=====|
|* 0. |* 0. |* 0. ||* 0. |* 0. |* 0. ||* 0. |* 0. |* 0. |
|* 0. |* 0. |* 0. ||* 0. |* 0. |* 0. ||* 0. |* 0. |* 0. |
|* 0. |* 0. |* 0. ||* 0. |* 0. |* 0. ||* 0. |* 0. |* 0. |
|=====+=====+=====||=====+=====+=====||=====+=====+=====|
|* 0. |* 0. |* 0. ||* 0. |* 0. |* 0. ||* 0. |* 0. |* 0. |
|* 0. |* 0. |* 0. ||* 0. |* 0. |* 0. ||* 0. |* 0. |* 0. |
|* 0. |* 0. |* 0. ||* 0. |* 0. |* 0. ||* 0. |* 0. |* 0. |

, evalForThisState=-1.0, isPlayerOneTurnOriginally=true}, StateDatum{MCTSProbabilites=
|  .0 |  .0 |  .0 ||  .0 |  .0 |  .0 ||  .0 |  .0 |  .0 |
|  .0 |  .0 |  .0 ||  .0 |  .0 |  .0 ||  .0 |  .0 |  .0 |
|  .0 |  .0 |  .0 ||  .0 |  .0 |  .0 ||  .0 |  .0 |  .0 |
|========+========+========||========+========+========||========+========+========|
|  .0 |  .0 |  .0 ||  .0 |  .0 |  .0 ||  .0 |  .0 |  .0 |
|  .0 |  .0 |  .0 ||  .0 |  .0 |  .0 ||  .0 |  .0 |  .0 |
|  .0 |  .0 |  .0 ||  .0 |  .0 |  .0 ||  .0 |  .0 |  .0 |
|========+========+========||========+========+========||========+========+========|
|  .0 |  .0 |  .0 ||  .0 |  .0 |  .0 ||  .0523 |  .0675 |  .044 |
|  .0 |  .0 |  .0 ||  .0 |  .0 |  .0 ||  .0596 |  .0518 |  .0396 |
|  .0 |  .0 |  .0 ||  .0 |  .0 |  .0 ||  .1 |  .0385 |  .5468 |

, state=
| -0. | -0. | -0. || -0. | -0. | -0. || -0. | -0. | -0. |
| -0. | -0. | -0. || -0. | -0. | -0. || -0. | -0. | -0. |
| -0. | -0. | -0. || -0. | -0. | -0. || -0. | -0. | -1. |
|=====+=====+=====||=====+=====+=====||=====+=====+=====|
| -0. | -0. | -0. || -0. | -0. | -0. || -0. | -0. | -0. |
| -0. | -0. | -0. || -0. | -0. | -0. || -0. | -0. | -0. |
| -0. | -0. | -0. || -0. | -0. | -0. || -0. | -0. | -0. |
|=====+=====+=====||=====+=====+=====||=====+=====+=====|
| -0. | -0. | -0. || -0. | -0. | -0. ||*-0. |*-0. |*-0. |
| -0. | -0. | -0. || -0. | -0. | -0. ||*-0. |*-0. |*-0. |
| -0. | -0. | -0. || -0. | -0. | -0. ||*-0. |*-0. |*-0. |

, evalForThisState=1.0, isPlayerOneTurnOriginally=false}, StateDatum{MCTSProbabilites=
|  .0 |  .0 |  .0 ||  .0 |  .0 |  .0 ||  .0 |  .0 |  .0 |
|  .0 |  .0 |  .0 ||  .0 |  .0 |  .0 ||  .0 |  .0 |  .0 |
|  .0 |  .0 |  .0 ||  .0 |  .0 |  .0 ||  .0 |  .0 |  .0 |
|========+========+========||========+========+========||========+========+========|
|  .0 |  .0 |  .0 ||  .0 |  .0 |  .0 ||  .0 |  .0 |  .0 |
|  .0 |  .0 |  .0 ||  .0 |  .0 |  .0 ||  .0 |  .0 |  .0 |
|  .0 |  .0 |  .0 ||  .0 |  .0 |  .0 ||  .0 |  .0 |  .0 |
|========+========+========||========+========+========||========+========+========|
|  .0 |  .0 |  .0 ||  .0 |  .0 |  .0 ||  .1312 |  .0882 |  .1557 |
|  .0 |  .0 |  .0 ||  .0 |  .0 |  .0 ||  .0907 |  .0903 |  .0879 |
|  .0 |  .0 |  .0 ||  .0 |  .0 |  .0 ||  .194 |  .1619 |  .0 |

, state=
|  0. |  0. |  0. ||  0. |  0. |  0. ||  0. |  0. |  0. |
|  0. |  0. |  0. ||  0. |  0. |  0. ||  0. |  0. |  0. |
|  0. |  0. |  0. ||  0. |  0. |  0. ||  0. |  0. |  1. |
|=====+=====+=====||=====+=====+=====||=====+=====+=====|
|  0. |  0. |  0. ||  0. |  0. |  0. ||  0. |  0. |  0. |
|  0. |  0. |  0. ||  0. |  0. |  0. ||  0. |  0. |  0. |
|  0. |  0. |  0. ||  0. |  0. |  0. ||  0. |  0. |  0. |
|=====+=====+=====||=====+=====+=====||=====+=====+=====|
|  0. |  0. |  0. ||  0. |  0. |  0. ||* 0. |* 0. |* 0. |
|  0. |  0. |  0. ||  0. |  0. |  0. ||* 0. |* 0. |* 0. |
|  0. |  0. |  0. ||  0. |  0. |  0. ||* 0. |* 0. |*-1. |

, evalForThisState=-1.0, isPlayerOneTurnOriginally=true}, StateDatum{MCTSProbabilites=
|  .0 |  .0 |  .0 ||  .0 |  .0 |  .0 ||  .0 |  .0 |  .0 |
|  .0 |  .0 |  .0 ||  .0 |  .0 |  .0 ||  .0 |  .0 |  .0 |
|  .0 |  .0 |  .0 ||  .0 |  .0 |  .0 ||  .0 |  .0 |  .0 |
|========+========+========||========+========+========||========+========+========|
|  .0 |  .0 |  .0 ||  .0 |  .0 |  .0 ||  .0 |  .0 |  .0 |
|  .0 |  .0 |  .0 ||  .0 |  .0 |  .0 ||  .0 |  .0 |  .0 |
|  .0 |  .0 |  .0 ||  .0 |  .0 |  .0 ||  .0 |  .0 |  .0 |
|========+========+========||========+========+========||========+========+========|
|  .0508 |  .0509 |  .0511 ||  .0 |  .0 |  .0 ||  .0 |  .0 |  .0 |
|  .4973 |  .0493 |  .1526 ||  .0 |  .0 |  .0 ||  .0 |  .0 |  .0 |
|  .0571 |  .06 |  .0309 ||  .0 |  .0 |  .0 ||  .0 |  .0 |  .0 |

, state=
| -0. | -0. | -0. || -0. | -0. | -0. || -0. | -0. | -0. |
| -0. | -0. | -0. || -0. | -0. | -0. || -0. | -0. | -0. |
| -0. | -0. | -0. || -0. | -0. | -0. || -0. | -0. | -1. |
|=====+=====+=====||=====+=====+=====||=====+=====+=====|
| -0. | -0. | -0. || -0. | -0. | -0. || -0. | -0. | -0. |
| -0. | -0. | -0. || -0. | -0. | -0. || -0. | -0. | -0. |
| -0. | -0. | -0. || -0. | -0. | -0. || -0. | -0. | -0. |
|=====+=====+=====||=====+=====+=====||=====+=====+=====|
|*-0. |*-0. |*-0. || -0. | -0. | -0. || -0. | -0. | -0. |
|*-0. |*-0. |*-0. || -0. | -0. | -0. || -0. | -0. | -0. |
|*-0. |*-0. |*-0. || -0. | -0. | -0. || -1. | -0. |  1. |

, evalForThisState=1.0, isPlayerOneTurnOriginally=false}, StateDatum{MCTSProbabilites=
|  .0 |  .0 |  .0 ||  .0 |  .0 |  .0 ||  .0 |  .0 |  .0 |
|  .0 |  .0 |  .0 ||  .0 |  .0 |  .0 ||  .0 |  .0 |  .0 |
|  .0 |  .0 |  .0 ||  .0 |  .0 |  .0 ||  .0 |  .0 |  .0 |
|========+========+========||========+========+========||========+========+========|
|  .1205 |  .1489 |  .0569 ||  .0 |  .0 |  .0 ||  .0 |  .0 |  .0 |
|  .1306 |  .1008 |  .09 ||  .0 |  .0 |  .0 ||  .0 |  .0 |  .0 |
|  .1182 |  .1049 |  .1291 ||  .0 |  .0 |  .0 ||  .0 |  .0 |  .0 |
|========+========+========||========+========+========||========+========+========|
|  .0 |  .0 |  .0 ||  .0 |  .0 |  .0 ||  .0 |  .0 |  .0 |
|  .0 |  .0 |  .0 ||  .0 |  .0 |  .0 ||  .0 |  .0 |  .0 |
|  .0 |  .0 |  .0 ||  .0 |  .0 |  .0 ||  .0 |  .0 |  .0 |

, state=
|  0. |  0. |  0. ||  0. |  0. |  0. ||  0. |  0. |  0. |
|  0. |  0. |  0. ||  0. |  0. |  0. ||  0. |  0. |  0. |
|  0. |  0. |  0. ||  0. |  0. |  0. ||  0. |  0. |  1. |
|=====+=====+=====||=====+=====+=====||=====+=====+=====|
|* 0. |* 0. |* 0. ||  0. |  0. |  0. ||  0. |  0. |  0. |
|* 0. |* 0. |* 0. ||  0. |  0. |  0. ||  0. |  0. |  0. |
|* 0. |* 0. |* 0. ||  0. |  0. |  0. ||  0. |  0. |  0. |
|=====+=====+=====||=====+=====+=====||=====+=====+=====|
|  0. |  0. |  0. ||  0. |  0. |  0. ||  0. |  0. |  0. |
| -1. |  0. |  0. ||  0. |  0. |  0. ||  0. |  0. |  0. |
|  0. |  0. |  0. ||  0. |  0. |  0. ||  1. |  0. | -1. |

, evalForThisState=-1.0, isPlayerOneTurnOriginally=true}, StateDatum{MCTSProbabilites=
|  .0 |  .0 |  .0 ||  .048 |  .4704 |  .0503 ||  .0 |  .0 |  .0 |
|  .0 |  .0 |  .0 ||  .0399 |  .0465 |  .0476 ||  .0 |  .0 |  .0 |
|  .0 |  .0 |  .0 ||  .2357 |  .0416 |  .0199 ||  .0 |  .0 |  .0 |
|========+========+========||========+========+========||========+========+========|
|  .0 |  .0 |  .0 ||  .0 |  .0 |  .0 ||  .0 |  .0 |  .0 |
|  .0 |  .0 |  .0 ||  .0 |  .0 |  .0 ||  .0 |  .0 |  .0 |
|  .0 |  .0 |  .0 ||  .0 |  .0 |  .0 ||  .0 |  .0 |  .0 |
|========+========+========||========+========+========||========+========+========|
|  .0 |  .0 |  .0 ||  .0 |  .0 |  .0 ||  .0 |  .0 |  .0 |
|  .0 |  .0 |  .0 ||  .0 |  .0 |  .0 ||  .0 |  .0 |  .0 |
|  .0 |  .0 |  .0 ||  .0 |  .0 |  .0 ||  .0 |  .0 |  .0 |

, state=
| -0. | -0. | -0. ||*-0. |*-0. |*-0. || -0. | -0. | -0. |
| -0. | -0. | -0. ||*-0. |*-0. |*-0. || -0. | -0. | -0. |
| -0. | -0. | -0. ||*-0. |*-0. |*-0. || -0. | -0. | -1. |
|=====+=====+=====||=====+=====+=====||=====+=====+=====|
| -0. | -1. | -0. || -0. | -0. | -0. || -0. | -0. | -0. |
| -0. | -0. | -0. || -0. | -0. | -0. || -0. | -0. | -0. |
| -0. | -0. | -0. || -0. | -0. | -0. || -0. | -0. | -0. |
|=====+=====+=====||=====+=====+=====||=====+=====+=====|
| -0. | -0. | -0. || -0. | -0. | -0. || -0. | -0. | -0. |
|  1. | -0. | -0. || -0. | -0. | -0. || -0. | -0. | -0. |
| -0. | -0. | -0. || -0. | -0. | -0. || -1. | -0. |  1. |

, evalForThisState=1.0, isPlayerOneTurnOriginally=false}, StateDatum{MCTSProbabilites=
|  .0 |  .0 |  .0 ||  .1272 |  .0 |  .108 ||  .0 |  .0 |  .0 |
|  .0 |  .0 |  .0 ||  .1336 |  .1233 |  .0962 ||  .0 |  .0 |  .0 |
|  .0 |  .0 |  .0 ||  .1264 |  .1586 |  .1268 ||  .0 |  .0 |  .0 |
|========+========+========||========+========+========||========+========+========|
|  .0 |  .0 |  .0 ||  .0 |  .0 |  .0 ||  .0 |  .0 |  .0 |
|  .0 |  .0 |  .0 ||  .0 |  .0 |  .0 ||  .0 |  .0 |  .0 |
|  .0 |  .0 |  .0 ||  .0 |  .0 |  .0 ||  .0 |  .0 |  .0 |
|========+========+========||========+========+========||========+========+========|
|  .0 |  .0 |  .0 ||  .0 |  .0 |  .0 ||  .0 |  .0 |  .0 |
|  .0 |  .0 |  .0 ||  .0 |  .0 |  .0 ||  .0 |  .0 |  .0 |
|  .0 |  .0 |  .0 ||  .0 |  .0 |  .0 ||  .0 |  .0 |  .0 |

, state=
|  0. |  0. |  0. ||* 0. |*-1. |* 0. ||  0. |  0. |  0. |
|  0. |  0. |  0. ||* 0. |* 0. |* 0. ||  0. |  0. |  0. |
|  0. |  0. |  0. ||* 0. |* 0. |* 0. ||  0. |  0. |  1. |
|=====+=====+=====||=====+=====+=====||=====+=====+=====|
|  0. |  1. |  0. ||  0. |  0. |  0. ||  0. |  0. |  0. |
|  0. |  0. |  0. ||  0. |  0. |  0. ||  0. |  0. |  0. |
|  0. |  0. |  0. ||  0. |  0. |  0. ||  0. |  0. |  0. |
|=====+=====+=====||=====+=====+=====||=====+=====+=====|
|  0. |  0. |  0. ||  0. |  0. |  0. ||  0. |  0. |  0. |
| -1. |  0. |  0. ||  0. |  0. |  0. ||  0. |  0. |  0. |
|  0. |  0. |  0. ||  0. |  0. |  0. ||  1. |  0. | -1. |

, evalForThisState=-1.0, isPlayerOneTurnOriginally=true}, StateDatum{MCTSProbabilites=
|  .0 |  .0 |  .0 ||  .0 |  .0 |  .0 ||  .0 |  .0 |  .0 |
|  .0 |  .0 |  .0 ||  .0 |  .0 |  .0 ||  .0 |  .0 |  .0 |
|  .0 |  .0 |  .0 ||  .0 |  .0 |  .0 ||  .0 |  .0 |  .0 |
|========+========+========||========+========+========||========+========+========|
|  .0 |  .0 |  .0 ||  .0 |  .0 |  .0 ||  .0 |  .0 |  .0 |
|  .0 |  .0 |  .0 ||  .0 |  .0 |  .0 ||  .0 |  .0 |  .0 |
|  .0 |  .0 |  .0 ||  .0 |  .0 |  .0 ||  .0 |  .0 |  .0 |
|========+========+========||========+========+========||========+========+========|
|  .0 |  .0 |  .0 ||  .0278 |  .0997 |  .304 ||  .0 |  .0 |  .0 |
|  .0 |  .0 |  .0 ||  .0334 |  .4009 |  .0424 ||  .0 |  .0 |  .0 |
|  .0 |  .0 |  .0 ||  .0319 |  .0348 |  .0251 ||  .0 |  .0 |  .0 |

, state=
| -0. | -0. | -0. || -0. |  1. | -0. || -0. | -0. | -0. |
| -0. | -0. | -0. || -0. | -0. | -0. || -0. | -0. | -0. |
| -0. | -0. | -0. || -0. | -1. | -0. || -0. | -0. | -1. |
|=====+=====+=====||=====+=====+=====||=====+=====+=====|
| -0. | -1. | -0. || -0. | -0. | -0. || -0. | -0. | -0. |
| -0. | -0. | -0. || -0. | -0. | -0. || -0. | -0. | -0. |
| -0. | -0. | -0. || -0. | -0. | -0. || -0. | -0. | -0. |
|=====+=====+=====||=====+=====+=====||=====+=====+=====|
| -0. | -0. | -0. ||*-0. |*-0. |*-0. || -0. | -0. | -0. |
|  1. | -0. | -0. ||*-0. |*-0. |*-0. || -0. | -0. | -0. |
| -0. | -0. | -0. ||*-0. |*-0. |*-0. || -1. | -0. |  1. |

, evalForThisState=1.0, isPlayerOneTurnOriginally=false}, StateDatum{MCTSProbabilites=
|  .0 |  .0 |  .0 ||  .0 |  .0 |  .0 ||  .0 |  .0 |  .0 |
|  .0 |  .0 |  .0 ||  .0 |  .0 |  .0 ||  .0 |  .0 |  .0 |
|  .0 |  .0 |  .0 ||  .0 |  .0 |  .0 ||  .0 |  .0 |  .0 |
|========+========+========||========+========+========||========+========+========|
|  .0 |  .0 |  .0 ||  .1155 |  .1643 |  .107 ||  .0 |  .0 |  .0 |
|  .0 |  .0 |  .0 ||  .1037 |  .0962 |  .0962 ||  .0 |  .0 |  .0 |
|  .0 |  .0 |  .0 ||  .0809 |  .1051 |  .1311 ||  .0 |  .0 |  .0 |
|========+========+========||========+========+========||========+========+========|
|  .0 |  .0 |  .0 ||  .0 |  .0 |  .0 ||  .0 |  .0 |  .0 |
|  .0 |  .0 |  .0 ||  .0 |  .0 |  .0 ||  .0 |  .0 |  .0 |
|  .0 |  .0 |  .0 ||  .0 |  .0 |  .0 ||  .0 |  .0 |  .0 |

, state=
|  0. |  0. |  0. ||  0. | -1. |  0. ||  0. |  0. |  0. |
|  0. |  0. |  0. ||  0. |  0. |  0. ||  0. |  0. |  0. |
|  0. |  0. |  0. ||  0. |  1. |  0. ||  0. |  0. |  1. |
|=====+=====+=====||=====+=====+=====||=====+=====+=====|
|  0. |  1. |  0. ||* 0. |* 0. |* 0. ||  0. |  0. |  0. |
|  0. |  0. |  0. ||* 0. |* 0. |* 0. ||  0. |  0. |  0. |
|  0. |  0. |  0. ||* 0. |* 0. |* 0. ||  0. |  0. |  0. |
|=====+=====+=====||=====+=====+=====||=====+=====+=====|
|  0. |  0. |  0. ||  0. |  0. |  0. ||  0. |  0. |  0. |
| -1. |  0. |  0. ||  0. | -1. |  0. ||  0. |  0. |  0. |
|  0. |  0. |  0. ||  0. |  0. |  0. ||  1. |  0. | -1. |

, evalForThisState=-1.0, isPlayerOneTurnOriginally=true}, StateDatum{MCTSProbabilites=
|  .0 |  .0 |  .0 ||  .1148 |  .0 |  .4048 ||  .0 |  .0 |  .0 |
|  .0 |  .0 |  .0 ||  .0442 |  .0333 |  .0527 ||  .0 |  .0 |  .0 |
|  .0 |  .0 |  .0 ||  .3163 |  .0 |  .0338 ||  .0 |  .0 |  .0 |
|========+========+========||========+========+========||========+========+========|
|  .0 |  .0 |  .0 ||  .0 |  .0 |  .0 ||  .0 |  .0 |  .0 |
|  .0 |  .0 |  .0 ||  .0 |  .0 |  .0 ||  .0 |  .0 |  .0 |
|  .0 |  .0 |  .0 ||  .0 |  .0 |  .0 ||  .0 |  .0 |  .0 |
|========+========+========||========+========+========||========+========+========|
|  .0 |  .0 |  .0 ||  .0 |  .0 |  .0 ||  .0 |  .0 |  .0 |
|  .0 |  .0 |  .0 ||  .0 |  .0 |  .0 ||  .0 |  .0 |  .0 |
|  .0 |  .0 |  .0 ||  .0 |  .0 |  .0 ||  .0 |  .0 |  .0 |

, state=
| -0. | -0. | -0. ||*-0. |* 1. |*-0. || -0. | -0. | -0. |
| -0. | -0. | -0. ||*-0. |*-0. |*-0. || -0. | -0. | -0. |
| -0. | -0. | -0. ||*-0. |*-1. |*-0. || -0. | -0. | -1. |
|=====+=====+=====||=====+=====+=====||=====+=====+=====|
| -0. | -1. | -0. || -0. | -1. | -0. || -0. | -0. | -0. |
| -0. | -0. | -0. || -0. | -0. | -0. || -0. | -0. | -0. |
| -0. | -0. | -0. || -0. | -0. | -0. || -0. | -0. | -0. |
|=====+=====+=====||=====+=====+=====||=====+=====+=====|
| -0. | -0. | -0. || -0. | -0. | -0. || -0. | -0. | -0. |
|  1. | -0. | -0. || -0. |  1. | -0. || -0. | -0. | -0. |
| -0. | -0. | -0. || -0. | -0. | -0. || -1. | -0. |  1. |

, evalForThisState=1.0, isPlayerOneTurnOriginally=false}, StateDatum{MCTSProbabilites=
|  .0 |  .0 |  .0 ||  .0 |  .0 |  .0 ||  .1726 |  .1355 |  .0477 |
|  .0 |  .0 |  .0 ||  .0 |  .0 |  .0 ||  .1308 |  .2661 |  .0528 |
|  .0 |  .0 |  .0 ||  .0 |  .0 |  .0 ||  .1325 |  .0619 |  .0 |
|========+========+========||========+========+========||========+========+========|
|  .0 |  .0 |  .0 ||  .0 |  .0 |  .0 ||  .0 |  .0 |  .0 |
|  .0 |  .0 |  .0 ||  .0 |  .0 |  .0 ||  .0 |  .0 |  .0 |
|  .0 |  .0 |  .0 ||  .0 |  .0 |  .0 ||  .0 |  .0 |  .0 |
|========+========+========||========+========+========||========+========+========|
|  .0 |  .0 |  .0 ||  .0 |  .0 |  .0 ||  .0 |  .0 |  .0 |
|  .0 |  .0 |  .0 ||  .0 |  .0 |  .0 ||  .0 |  .0 |  .0 |
|  .0 |  .0 |  .0 ||  .0 |  .0 |  .0 ||  .0 |  .0 |  .0 |

, state=
|  0. |  0. |  0. ||  0. | -1. | -1. ||* 0. |* 0. |* 0. |
|  0. |  0. |  0. ||  0. |  0. |  0. ||* 0. |* 0. |* 0. |
|  0. |  0. |  0. ||  0. |  1. |  0. ||* 0. |* 0. |* 1. |
|=====+=====+=====||=====+=====+=====||=====+=====+=====|
|  0. |  1. |  0. ||  0. |  1. |  0. ||  0. |  0. |  0. |
|  0. |  0. |  0. ||  0. |  0. |  0. ||  0. |  0. |  0. |
|  0. |  0. |  0. ||  0. |  0. |  0. ||  0. |  0. |  0. |
|=====+=====+=====||=====+=====+=====||=====+=====+=====|
|  0. |  0. |  0. ||  0. |  0. |  0. ||  0. |  0. |  0. |
| -1. |  0. |  0. ||  0. | -1. |  0. ||  0. |  0. |  0. |
|  0. |  0. |  0. ||  0. |  0. |  0. ||  1. |  0. | -1. |

, evalForThisState=-1.0, isPlayerOneTurnOriginally=true}, StateDatum{MCTSProbabilites=
|  .0 |  .0 |  .0 ||  .0 |  .0 |  .0 ||  .0 |  .0 |  .0 |
|  .0 |  .0 |  .0 ||  .0 |  .0 |  .0 ||  .0 |  .0 |  .0 |
|  .0 |  .0 |  .0 ||  .0 |  .0 |  .0 ||  .0 |  .0 |  .0 |
|========+========+========||========+========+========||========+========+========|
|  .0 |  .0 |  .0 ||  .063 |  .0 |  .0573 ||  .0 |  .0 |  .0 |
|  .0 |  .0 |  .0 ||  .2871 |  .1019 |  .0467 ||  .0 |  .0 |  .0 |
|  .0 |  .0 |  .0 ||  .0412 |  .1703 |  .2326 ||  .0 |  .0 |  .0 |
|========+========+========||========+========+========||========+========+========|
|  .0 |  .0 |  .0 ||  .0 |  .0 |  .0 ||  .0 |  .0 |  .0 |
|  .0 |  .0 |  .0 ||  .0 |  .0 |  .0 ||  .0 |  .0 |  .0 |
|  .0 |  .0 |  .0 ||  .0 |  .0 |  .0 ||  .0 |  .0 |  .0 |

, state=
| -0. | -0. | -0. || -0. |  1. |  1. || -0. | -0. | -0. |
| -0. | -0. | -0. || -0. | -0. | -0. || -0. | -1. | -0. |
| -0. | -0. | -0. || -0. | -1. | -0. || -0. | -0. | -1. |
|=====+=====+=====||=====+=====+=====||=====+=====+=====|
| -0. | -1. | -0. ||*-0. |*-1. |*-0. || -0. | -0. | -0. |
| -0. | -0. | -0. ||*-0. |*-0. |*-0. || -0. | -0. | -0. |
| -0. | -0. | -0. ||*-0. |*-0. |*-0. || -0. | -0. | -0. |
|=====+=====+=====||=====+=====+=====||=====+=====+=====|
| -0. | -0. | -0. || -0. | -0. | -0. || -0. | -0. | -0. |
|  1. | -0. | -0. || -0. |  1. | -0. || -0. | -0. | -0. |
| -0. | -0. | -0. || -0. | -0. | -0. || -1. | -0. |  1. |

, evalForThisState=1.0, isPlayerOneTurnOriginally=false}, StateDatum{MCTSProbabilites=
|  .0 |  .0 |  .0 ||  .0 |  .0 |  .0 ||  .0 |  .0 |  .0 |
|  .0 |  .0 |  .0 ||  .0 |  .0 |  .0 ||  .0 |  .0 |  .0 |
|  .0 |  .0 |  .0 ||  .0 |  .0 |  .0 ||  .0 |  .0 |  .0 |
|========+========+========||========+========+========||========+========+========|
|  .0555 |  .0 |  .1308 ||  .0 |  .0 |  .0 ||  .0 |  .0 |  .0 |
|  .1709 |  .163 |  .041 ||  .0 |  .0 |  .0 ||  .0 |  .0 |  .0 |
|  .0433 |  .2038 |  .1916 ||  .0 |  .0 |  .0 ||  .0 |  .0 |  .0 |
|========+========+========||========+========+========||========+========+========|
|  .0 |  .0 |  .0 ||  .0 |  .0 |  .0 ||  .0 |  .0 |  .0 |
|  .0 |  .0 |  .0 ||  .0 |  .0 |  .0 ||  .0 |  .0 |  .0 |
|  .0 |  .0 |  .0 ||  .0 |  .0 |  .0 ||  .0 |  .0 |  .0 |

, state=
|  0. |  0. |  0. ||  0. | -1. | -1. ||  0. |  0. |  0. |
|  0. |  0. |  0. ||  0. |  0. |  0. ||  0. |  1. |  0. |
|  0. |  0. |  0. ||  0. |  1. |  0. ||  0. |  0. |  1. |
|=====+=====+=====||=====+=====+=====||=====+=====+=====|
|* 0. |* 1. |* 0. ||  0. |  1. |  0. ||  0. |  0. |  0. |
|* 0. |* 0. |* 0. || -1. |  0. |  0. ||  0. |  0. |  0. |
|* 0. |* 0. |* 0. ||  0. |  0. |  0. ||  0. |  0. |  0. |
|=====+=====+=====||=====+=====+=====||=====+=====+=====|
|  0. |  0. |  0. ||  0. |  0. |  0. ||  0. |  0. |  0. |
| -1. |  0. |  0. ||  0. | -1. |  0. ||  0. |  0. |  0. |
|  0. |  0. |  0. ||  0. |  0. |  0. ||  1. |  0. | -1. |

, evalForThisState=-1.0, isPlayerOneTurnOriginally=true}, StateDatum{MCTSProbabilites=
|  .0 |  .0 |  .0 ||  .0 |  .0 |  .0 ||  .0 |  .0 |  .0 |
|  .0 |  .0 |  .0 ||  .0 |  .0 |  .0 ||  .0 |  .0 |  .0 |
|  .0 |  .0 |  .0 ||  .0 |  .0 |  .0 ||  .0 |  .0 |  .0 |
|========+========+========||========+========+========||========+========+========|
|  .0 |  .0 |  .0 ||  .0 |  .0 |  .0 ||  .0 |  .0 |  .0 |
|  .0 |  .0 |  .0 ||  .0 |  .0 |  .0 ||  .0 |  .0 |  .0 |
|  .0 |  .0 |  .0 ||  .0 |  .0 |  .0 ||  .0 |  .0 |  .0 |
|========+========+========||========+========+========||========+========+========|
|  .0 |  .0 |  .0 ||  .0743 |  .1471 |  .0657 ||  .0 |  .0 |  .0 |
|  .0 |  .0 |  .0 ||  .1294 |  .0 |  .1037 ||  .0 |  .0 |  .0 |
|  .0 |  .0 |  .0 ||  .1452 |  .1647 |  .1698 ||  .0 |  .0 |  .0 |

, state=
| -0. | -0. | -0. || -0. |  1. |  1. || -0. | -0. | -0. |
| -0. | -0. | -0. || -0. | -0. | -0. || -0. | -1. | -0. |
| -0. | -0. | -0. || -0. | -1. | -0. || -0. | -0. | -1. |
|=====+=====+=====||=====+=====+=====||=====+=====+=====|
| -0. | -1. | -0. || -0. | -1. | -0. || -0. | -0. | -0. |
| -0. | -0. | -0. ||  1. | -0. | -0. || -0. | -0. | -0. |
| -0. | -1. | -0. || -0. | -0. | -0. || -0. | -0. | -0. |
|=====+=====+=====||=====+=====+=====||=====+=====+=====|
| -0. | -0. | -0. ||*-0. |*-0. |*-0. || -0. | -0. | -0. |
|  1. | -0. | -0. ||*-0. |* 1. |*-0. || -0. | -0. | -0. |
| -0. | -0. | -0. ||*-0. |*-0. |*-0. || -1. | -0. |  1. |

, evalForThisState=1.0, isPlayerOneTurnOriginally=false}, StateDatum{MCTSProbabilites=
|  .0 |  .0 |  .0 ||  .0 |  .0 |  .0 ||  .0 |  .0 |  .0 |
|  .0 |  .0 |  .0 ||  .0 |  .0 |  .0 ||  .0 |  .0 |  .0 |
|  .0 |  .0 |  .0 ||  .0 |  .0 |  .0 ||  .0 |  .0 |  .0 |
|========+========+========||========+========+========||========+========+========|
|  .0 |  .0 |  .0 ||  .0 |  .0 |  .0 ||  .0 |  .0 |  .0 |
|  .0 |  .0 |  .0 ||  .0 |  .0 |  .0 ||  .0 |  .0 |  .0 |
|  .0 |  .0 |  .0 ||  .0 |  .0 |  .0 ||  .0 |  .0 |  .0 |
|========+========+========||========+========+========||========+========+========|
|  .0 |  .0 |  .0 ||  .0 |  .0 |  .0 ||  .1096 |  .2173 |  .0959 |
|  .0 |  .0 |  .0 ||  .0 |  .0 |  .0 ||  .1065 |  .1215 |  .1362 |
|  .0 |  .0 |  .0 ||  .0 |  .0 |  .0 ||  .0 |  .2129 |  .0 |

, state=
|  0. |  0. |  0. ||  0. | -1. | -1. ||  0. |  0. |  0. |
|  0. |  0. |  0. ||  0. |  0. |  0. ||  0. |  1. |  0. |
|  0. |  0. |  0. ||  0. |  1. |  0. ||  0. |  0. |  1. |
|=====+=====+=====||=====+=====+=====||=====+=====+=====|
|  0. |  1. |  0. ||  0. |  1. |  0. ||  0. |  0. |  0. |
|  0. |  0. |  0. || -1. |  0. |  0. ||  0. |  0. |  0. |
|  0. |  1. |  0. ||  0. |  0. |  0. ||  0. |  0. |  0. |
|=====+=====+=====||=====+=====+=====||=====+=====+=====|
|  0. |  0. |  0. ||  0. |  0. |  0. ||* 0. |* 0. |* 0. |
| -1. |  0. |  0. ||  0. | -1. |  0. ||* 0. |* 0. |* 0. |
|  0. |  0. |  0. ||  0. |  0. | -1. ||* 1. |* 0. |*-1. |

, evalForThisState=-1.0, isPlayerOneTurnOriginally=true}, StateDatum{MCTSProbabilites=
|  .0 |  .0 |  .0 ||  .0794 |  .0 |  .0 ||  .0 |  .0 |  .0 |
|  .0 |  .0 |  .0 ||  .218 |  .2112 |  .1472 ||  .0 |  .0 |  .0 |
|  .0 |  .0 |  .0 ||  .1541 |  .0 |  .19 ||  .0 |  .0 |  .0 |
|========+========+========||========+========+========||========+========+========|
|  .0 |  .0 |  .0 ||  .0 |  .0 |  .0 ||  .0 |  .0 |  .0 |
|  .0 |  .0 |  .0 ||  .0 |  .0 |  .0 ||  .0 |  .0 |  .0 |
|  .0 |  .0 |  .0 ||  .0 |  .0 |  .0 ||  .0 |  .0 |  .0 |
|========+========+========||========+========+========||========+========+========|
|  .0 |  .0 |  .0 ||  .0 |  .0 |  .0 ||  .0 |  .0 |  .0 |
|  .0 |  .0 |  .0 ||  .0 |  .0 |  .0 ||  .0 |  .0 |  .0 |
|  .0 |  .0 |  .0 ||  .0 |  .0 |  .0 ||  .0 |  .0 |  .0 |

, state=
| -0. | -0. | -0. ||*-0. |* 1. |* 1. || -0. | -0. | -0. |
| -0. | -0. | -0. ||*-0. |*-0. |*-0. || -0. | -1. | -0. |
| -0. | -0. | -0. ||*-0. |*-1. |*-0. || -0. | -0. | -1. |
|=====+=====+=====||=====+=====+=====||=====+=====+=====|
| -0. | -1. | -0. || -0. | -1. | -0. || -0. | -0. | -0. |
| -0. | -0. | -0. ||  1. | -0. | -0. || -0. | -0. | -0. |
| -0. | -1. | -0. || -0. | -0. | -0. || -0. | -0. | -0. |
|=====+=====+=====||=====+=====+=====||=====+=====+=====|
| -0. | -0. | -0. || -0. | -0. | -0. || -0. | -1. | -0. |
|  1. | -0. | -0. || -0. |  1. | -0. || -0. | -0. | -0. |
| -0. | -0. | -0. || -0. | -0. |  1. || -1. | -0. |  1. |

, evalForThisState=1.0, isPlayerOneTurnOriginally=false}, StateDatum{MCTSProbabilites=
|  .0 |  .0 |  .0 ||  .0 |  .0 |  .0 ||  .0 |  .0 |  .0 |
|  .0 |  .0 |  .0 ||  .0 |  .0 |  .0 ||  .0 |  .0 |  .0 |
|  .0 |  .0 |  .0 ||  .0 |  .0 |  .0 ||  .0 |  .0 |  .0 |
|========+========+========||========+========+========||========+========+========|
|  .128 |  .0 |  .1223 ||  .0 |  .0 |  .0 ||  .0 |  .0 |  .0 |
|  .1213 |  .1042 |  .1785 ||  .0 |  .0 |  .0 ||  .0 |  .0 |  .0 |
|  .1803 |  .0 |  .1654 ||  .0 |  .0 |  .0 ||  .0 |  .0 |  .0 |
|========+========+========||========+========+========||========+========+========|
|  .0 |  .0 |  .0 ||  .0 |  .0 |  .0 ||  .0 |  .0 |  .0 |
|  .0 |  .0 |  .0 ||  .0 |  .0 |  .0 ||  .0 |  .0 |  .0 |
|  .0 |  .0 |  .0 ||  .0 |  .0 |  .0 ||  .0 |  .0 |  .0 |

, state=
|  0. |  0. |  0. ||  0. | -1. | -1. ||  0. |  0. |  0. |
|  0. |  0. |  0. || -1. |  0. |  0. ||  0. |  1. |  0. |
|  0. |  0. |  0. ||  0. |  1. |  0. ||  0. |  0. |  1. |
|=====+=====+=====||=====+=====+=====||=====+=====+=====|
|* 0. |* 1. |* 0. ||  0. |  1. |  0. ||  0. |  0. |  0. |
|* 0. |* 0. |* 0. || -1. |  0. |  0. ||  0. |  0. |  0. |
|* 0. |* 1. |* 0. ||  0. |  0. |  0. ||  0. |  0. |  0. |
|=====+=====+=====||=====+=====+=====||=====+=====+=====|
|  0. |  0. |  0. ||  0. |  0. |  0. ||  0. |  1. |  0. |
| -1. |  0. |  0. ||  0. | -1. |  0. ||  0. |  0. |  0. |
|  0. |  0. |  0. ||  0. |  0. | -1. ||  1. |  0. | -1. |

, evalForThisState=-1.0, isPlayerOneTurnOriginally=true}, StateDatum{MCTSProbabilites=
|  .0 |  .0 |  .0 ||  .0 |  .0 |  .0 ||  .0 |  .0 |  .0 |
|  .0 |  .0 |  .0 ||  .0 |  .0 |  .0 ||  .0 |  .0 |  .0 |
|  .0 |  .0 |  .0 ||  .0 |  .0 |  .0 ||  .0 |  .0 |  .0 |
|========+========+========||========+========+========||========+========+========|
|  .0 |  .0 |  .0 ||  .0 |  .0 |  .0 ||  .0 |  .0 |  .0 |
|  .0 |  .0 |  .0 ||  .0 |  .0 |  .0 ||  .0 |  .0 |  .0 |
|  .0 |  .0 |  .0 ||  .0 |  .0 |  .0 ||  .0 |  .0 |  .0 |
|========+========+========||========+========+========||========+========+========|
|  .0764 |  .11 |  .113 ||  .0 |  .0 |  .0 ||  .0 |  .0 |  .0 |
|  .0 |  .1883 |  .166 ||  .0 |  .0 |  .0 ||  .0 |  .0 |  .0 |
|  .0951 |  .1342 |  .1171 ||  .0 |  .0 |  .0 ||  .0 |  .0 |  .0 |

, state=
| -0. | -0. | -0. || -0. |  1. |  1. || -0. | -0. | -0. |
| -0. | -0. | -0. ||  1. | -0. | -0. || -0. | -1. | -0. |
| -0. | -0. | -0. || -0. | -1. | -0. || -0. | -0. | -1. |
|=====+=====+=====||=====+=====+=====||=====+=====+=====|
| -0. | -1. | -0. || -0. | -1. | -0. || -0. | -0. | -0. |
| -0. | -0. | -0. ||  1. | -0. | -0. || -0. | -0. | -0. |
| -1. | -1. | -0. || -0. | -0. | -0. || -0. | -0. | -0. |
|=====+=====+=====||=====+=====+=====||=====+=====+=====|
|*-0. |*-0. |*-0. || -0. | -0. | -0. || -0. | -1. | -0. |
|* 1. |*-0. |*-0. || -0. |  1. | -0. || -0. | -0. | -0. |
|*-0. |*-0. |*-0. || -0. | -0. |  1. || -1. | -0. |  1. |

, evalForThisState=1.0, isPlayerOneTurnOriginally=false}, StateDatum{MCTSProbabilites=
|  .0 |  .0 |  .0 ||  .0 |  .0 |  .0 ||  .0 |  .0 |  .0 |
|  .0 |  .0 |  .0 ||  .0 |  .0 |  .0 ||  .0 |  .0 |  .0 |
|  .0 |  .0 |  .0 ||  .0 |  .0 |  .0 ||  .0 |  .0 |  .0 |
|========+========+========||========+========+========||========+========+========|
|  .0 |  .0 |  .0 ||  .0748 |  .0 |  .1621 ||  .0 |  .0 |  .0 |
|  .0 |  .0 |  .0 ||  .0 |  .13 |  .2201 ||  .0 |  .0 |  .0 |
|  .0 |  .0 |  .0 ||  .1317 |  .1184 |  .1628 ||  .0 |  .0 |  .0 |
|========+========+========||========+========+========||========+========+========|
|  .0 |  .0 |  .0 ||  .0 |  .0 |  .0 ||  .0 |  .0 |  .0 |
|  .0 |  .0 |  .0 ||  .0 |  .0 |  .0 ||  .0 |  .0 |  .0 |
|  .0 |  .0 |  .0 ||  .0 |  .0 |  .0 ||  .0 |  .0 |  .0 |

, state=
|  0. |  0. |  0. ||  0. | -1. | -1. ||  0. |  0. |  0. |
|  0. |  0. |  0. || -1. |  0. |  0. ||  0. |  1. |  0. |
|  0. |  0. |  0. ||  0. |  1. |  0. ||  0. |  0. |  1. |
|=====+=====+=====||=====+=====+=====||=====+=====+=====|
|  0. |  1. |  0. ||* 0. |* 1. |* 0. ||  0. |  0. |  0. |
|  0. |  0. |  0. ||*-1. |* 0. |* 0. ||  0. |  0. |  0. |
|  1. |  1. |  0. ||* 0. |* 0. |* 0. ||  0. |  0. |  0. |
|=====+=====+=====||=====+=====+=====||=====+=====+=====|
|  0. |  0. |  0. ||  0. |  0. |  0. ||  0. |  1. |  0. |
| -1. | -1. |  0. ||  0. | -1. |  0. ||  0. |  0. |  0. |
|  0. |  0. |  0. ||  0. |  0. | -1. ||  1. |  0. | -1. |

, evalForThisState=-1.0, isPlayerOneTurnOriginally=true}, StateDatum{MCTSProbabilites=
|  .0 |  .0 |  .0 ||  .0 |  .0 |  .0 ||  .0 |  .0 |  .0 |
|  .0 |  .0 |  .0 ||  .0 |  .0 |  .0 ||  .0 |  .0 |  .0 |
|  .0 |  .0 |  .0 ||  .0 |  .0 |  .0 ||  .0 |  .0 |  .0 |
|========+========+========||========+========+========||========+========+========|
|  .0 |  .0 |  .0 ||  .0 |  .0 |  .0 ||  .0573 |  .0687 |  .1275 |
|  .0 |  .0 |  .0 ||  .0 |  .0 |  .0 ||  .0633 |  .1547 |  .1667 |
|  .0 |  .0 |  .0 ||  .0 |  .0 |  .0 ||  .1658 |  .0891 |  .1069 |
|========+========+========||========+========+========||========+========+========|
|  .0 |  .0 |  .0 ||  .0 |  .0 |  .0 ||  .0 |  .0 |  .0 |
|  .0 |  .0 |  .0 ||  .0 |  .0 |  .0 ||  .0 |  .0 |  .0 |
|  .0 |  .0 |  .0 ||  .0 |  .0 |  .0 ||  .0 |  .0 |  .0 |

, state=
| -0. | -0. | -0. || -0. |  1. |  1. || -0. | -0. | -0. |
| -0. | -0. | -0. ||  1. | -0. | -0. || -0. | -1. | -0. |
| -0. | -0. | -0. || -0. | -1. | -0. || -0. | -0. | -1. |
|=====+=====+=====||=====+=====+=====||=====+=====+=====|
| -0. | -1. | -0. || -0. | -1. | -0. ||*-0. |*-0. |*-0. |
| -0. | -0. | -0. ||  1. | -0. | -1. ||*-0. |*-0. |*-0. |
| -1. | -1. | -0. || -0. | -0. | -0. ||*-0. |*-0. |*-0. |
|=====+=====+=====||=====+=====+=====||=====+=====+=====|
| -0. | -0. | -0. || -0. | -0. | -0. || -0. | -1. | -0. |
|  1. |  1. | -0. || -0. |  1. | -0. || -0. | -0. | -0. |
| -0. | -0. | -0. || -0. | -0. |  1. || -1. | -0. |  1. |

, evalForThisState=1.0, isPlayerOneTurnOriginally=false}, StateDatum{MCTSProbabilites=
|  .0 |  .0 |  .0 ||  .0 |  .0 |  .0 ||  .0 |  .0 |  .0 |
|  .0 |  .0 |  .0 ||  .0 |  .0 |  .0 ||  .0 |  .0 |  .0 |
|  .0 |  .0 |  .0 ||  .0 |  .0 |  .0 ||  .0 |  .0 |  .0 |
|========+========+========||========+========+========||========+========+========|
|  .0 |  .0 |  .0 ||  .0 |  .0 |  .0 ||  .1465 |  .1441 |  .1318 |
|  .0 |  .0 |  .0 ||  .0 |  .0 |  .0 ||  .1287 |  .1372 |  .0 |
|  .0 |  .0 |  .0 ||  .0 |  .0 |  .0 ||  .1041 |  .0715 |  .1361 |
|========+========+========||========+========+========||========+========+========|
|  .0 |  .0 |  .0 ||  .0 |  .0 |  .0 ||  .0 |  .0 |  .0 |
|  .0 |  .0 |  .0 ||  .0 |  .0 |  .0 ||  .0 |  .0 |  .0 |
|  .0 |  .0 |  .0 ||  .0 |  .0 |  .0 ||  .0 |  .0 |  .0 |

, state=
|  0. |  0. |  0. ||  0. | -1. | -1. ||  0. |  0. |  0. |
|  0. |  0. |  0. || -1. |  0. |  0. ||  0. |  1. |  0. |
|  0. |  0. |  0. ||  0. |  1. |  0. ||  0. |  0. |  1. |
|=====+=====+=====||=====+=====+=====||=====+=====+=====|
|  0. |  1. |  0. ||  0. |  1. |  0. ||* 0. |* 0. |* 0. |
|  0. |  0. |  0. || -1. |  0. |  1. ||* 0. |* 0. |*-1. |
|  1. |  1. |  0. ||  0. |  0. |  0. ||* 0. |* 0. |* 0. |
|=====+=====+=====||=====+=====+=====||=====+=====+=====|
|  0. |  0. |  0. ||  0. |  0. |  0. ||  0. |  1. |  0. |
| -1. | -1. |  0. ||  0. | -1. |  0. ||  0. |  0. |  0. |
|  0. |  0. |  0. ||  0. |  0. | -1. ||  1. |  0. | -1. |

, evalForThisState=-1.0, isPlayerOneTurnOriginally=true}, StateDatum{MCTSProbabilites=
|  .0854 |  .1007 |  .0892 ||  .0 |  .0 |  .0 ||  .0 |  .0 |  .0 |
|  .0933 |  .1296 |  .1193 ||  .0 |  .0 |  .0 ||  .0 |  .0 |  .0 |
|  .1273 |  .1378 |  .1173 ||  .0 |  .0 |  .0 ||  .0 |  .0 |  .0 |
|========+========+========||========+========+========||========+========+========|
|  .0 |  .0 |  .0 ||  .0 |  .0 |  .0 ||  .0 |  .0 |  .0 |
|  .0 |  .0 |  .0 ||  .0 |  .0 |  .0 ||  .0 |  .0 |  .0 |
|  .0 |  .0 |  .0 ||  .0 |  .0 |  .0 ||  .0 |  .0 |  .0 |
|========+========+========||========+========+========||========+========+========|
|  .0 |  .0 |  .0 ||  .0 |  .0 |  .0 ||  .0 |  .0 |  .0 |
|  .0 |  .0 |  .0 ||  .0 |  .0 |  .0 ||  .0 |  .0 |  .0 |
|  .0 |  .0 |  .0 ||  .0 |  .0 |  .0 ||  .0 |  .0 |  .0 |

, state=
|*-0. |*-0. |*-0. || -0. |  1. |  1. || -0. | -0. | -0. |
|*-0. |*-0. |*-0. ||  1. | -0. | -0. || -0. | -1. | -0. |
|*-0. |*-0. |*-0. || -0. | -1. | -0. || -0. | -0. | -1. |
|=====+=====+=====||=====+=====+=====||=====+=====+=====|
| -0. | -1. | -0. || -0. | -1. | -0. || -1. | -0. | -0. |
| -0. | -0. | -0. ||  1. | -0. | -1. || -0. | -0. |  1. |
| -1. | -1. | -0. || -0. | -0. | -0. || -0. | -0. | -0. |
|=====+=====+=====||=====+=====+=====||=====+=====+=====|
| -0. | -0. | -0. || -0. | -0. | -0. || -0. | -1. | -0. |
|  1. |  1. | -0. || -0. |  1. | -0. || -0. | -0. | -0. |
| -0. | -0. | -0. || -0. | -0. |  1. || -1. | -0. |  1. |

, evalForThisState=1.0, isPlayerOneTurnOriginally=false}, StateDatum{MCTSProbabilites=
|  .0 |  .0 |  .0 ||  .0 |  .0 |  .0 ||  .0 |  .0 |  .0 |
|  .0 |  .0 |  .0 ||  .0 |  .0 |  .0 ||  .0 |  .0 |  .0 |
|  .0 |  .0 |  .0 ||  .0 |  .0 |  .0 ||  .0 |  .0 |  .0 |
|========+========+========||========+========+========||========+========+========|
|  .0 |  .0 |  .0 ||  .0 |  .0 |  .0 ||  .0 |  .0 |  .0 |
|  .0 |  .0 |  .0 ||  .0 |  .0 |  .0 ||  .0 |  .0 |  .0 |
|  .0 |  .0 |  .0 ||  .0 |  .0 |  .0 ||  .0 |  .0 |  .0 |
|========+========+========||========+========+========||========+========+========|
|  .0 |  .0 |  .0 ||  .087 |  .1835 |  .1844 ||  .0 |  .0 |  .0 |
|  .0 |  .0 |  .0 ||  .1016 |  .0 |  .1463 ||  .0 |  .0 |  .0 |
|  .0 |  .0 |  .0 ||  .1442 |  .153 |  .0 ||  .0 |  .0 |  .0 |

, state=
|  0. |  0. |  0. ||  0. | -1. | -1. ||  0. |  0. |  0. |
|  0. |  0. |  0. || -1. |  0. |  0. ||  0. |  1. |  0. |
|  0. | -1. |  0. ||  0. |  1. |  0. ||  0. |  0. |  1. |
|=====+=====+=====||=====+=====+=====||=====+=====+=====|
|  0. |  1. |  0. ||  0. |  1. |  0. ||  1. |  0. |  0. |
|  0. |  0. |  0. || -1. |  0. |  1. ||  0. |  0. | -1. |
|  1. |  1. |  0. ||  0. |  0. |  0. ||  0. |  0. |  0. |
|=====+=====+=====||=====+=====+=====||=====+=====+=====|
|  0. |  0. |  0. ||* 0. |* 0. |* 0. ||  0. |  1. |  0. |
| -1. | -1. |  0. ||* 0. |*-1. |* 0. ||  0. |  0. |  0. |
|  0. |  0. |  0. ||* 0. |* 0. |*-1. ||  1. |  0. | -1. |

, evalForThisState=-1.0, isPlayerOneTurnOriginally=true}, StateDatum{MCTSProbabilites=
|  .0 |  .0 |  .0 ||  .0 |  .0 |  .0 ||  .1417 |  .1614 |  .1485 |
|  .0 |  .0 |  .0 ||  .0 |  .0 |  .0 ||  .1376 |  .0 |  .1344 |
|  .0 |  .0 |  .0 ||  .0 |  .0 |  .0 ||  .1458 |  .1305 |  .0 |
|========+========+========||========+========+========||========+========+========|
|  .0 |  .0 |  .0 ||  .0 |  .0 |  .0 ||  .0 |  .0 |  .0 |
|  .0 |  .0 |  .0 ||  .0 |  .0 |  .0 ||  .0 |  .0 |  .0 |
|  .0 |  .0 |  .0 ||  .0 |  .0 |  .0 ||  .0 |  .0 |  .0 |
|========+========+========||========+========+========||========+========+========|
|  .0 |  .0 |  .0 ||  .0 |  .0 |  .0 ||  .0 |  .0 |  .0 |
|  .0 |  .0 |  .0 ||  .0 |  .0 |  .0 ||  .0 |  .0 |  .0 |
|  .0 |  .0 |  .0 ||  .0 |  .0 |  .0 ||  .0 |  .0 |  .0 |

, state=
| -0. | -0. | -0. || -0. |  1. |  1. ||*-0. |*-0. |*-0. |
| -0. | -0. | -0. ||  1. | -0. | -0. ||*-0. |*-1. |*-0. |
| -0. |  1. | -0. || -0. | -1. | -0. ||*-0. |*-0. |*-1. |
|=====+=====+=====||=====+=====+=====||=====+=====+=====|
| -0. | -1. | -0. || -0. | -1. | -0. || -1. | -0. | -0. |
| -0. | -0. | -0. ||  1. | -0. | -1. || -0. | -0. |  1. |
| -1. | -1. | -0. || -0. | -0. | -0. || -0. | -0. | -0. |
|=====+=====+=====||=====+=====+=====||=====+=====+=====|
| -0. | -0. | -0. || -0. | -0. | -1. || -0. | -1. | -0. |
|  1. |  1. | -0. || -0. |  1. | -0. || -0. | -0. | -0. |
| -0. | -0. | -0. || -0. | -0. |  1. || -1. | -0. |  1. |

, evalForThisState=1.0, isPlayerOneTurnOriginally=false}, StateDatum{MCTSProbabilites=
|  .0 |  .0 |  .0 ||  .2739 |  .0 |  .0 ||  .0 |  .0 |  .0 |
|  .0 |  .0 |  .0 ||  .0 |  .165 |  .1828 ||  .0 |  .0 |  .0 |
|  .0 |  .0 |  .0 ||  .1937 |  .0 |  .1846 ||  .0 |  .0 |  .0 |
|========+========+========||========+========+========||========+========+========|
|  .0 |  .0 |  .0 ||  .0 |  .0 |  .0 ||  .0 |  .0 |  .0 |
|  .0 |  .0 |  .0 ||  .0 |  .0 |  .0 ||  .0 |  .0 |  .0 |
|  .0 |  .0 |  .0 ||  .0 |  .0 |  .0 ||  .0 |  .0 |  .0 |
|========+========+========||========+========+========||========+========+========|
|  .0 |  .0 |  .0 ||  .0 |  .0 |  .0 ||  .0 |  .0 |  .0 |
|  .0 |  .0 |  .0 ||  .0 |  .0 |  .0 ||  .0 |  .0 |  .0 |
|  .0 |  .0 |  .0 ||  .0 |  .0 |  .0 ||  .0 |  .0 |  .0 |

, state=
|  0. |  0. |  0. ||* 0. |*-1. |*-1. ||  0. | -1. |  0. |
|  0. |  0. |  0. ||*-1. |* 0. |* 0. ||  0. |  1. |  0. |
|  0. | -1. |  0. ||* 0. |* 1. |* 0. ||  0. |  0. |  1. |
|=====+=====+=====||=====+=====+=====||=====+=====+=====|
|  0. |  1. |  0. ||  0. |  1. |  0. ||  1. |  0. |  0. |
|  0. |  0. |  0. || -1. |  0. |  1. ||  0. |  0. | -1. |
|  1. |  1. |  0. ||  0. |  0. |  0. ||  0. |  0. |  0. |
|=====+=====+=====||=====+=====+=====||=====+=====+=====|
|  0. |  0. |  0. ||  0. |  0. |  1. ||  0. |  1. |  0. |
| -1. | -1. |  0. ||  0. | -1. |  0. ||  0. |  0. |  0. |
|  0. |  0. |  0. ||  0. |  0. | -1. ||  1. |  0. | -1. |

, evalForThisState=-1.0, isPlayerOneTurnOriginally=true}, StateDatum{MCTSProbabilites=
|  .1029 |  .1179 |  .1193 ||  .0 |  .0 |  .0 ||  .0 |  .0 |  .0 |
|  .1531 |  .1361 |  .105 ||  .0 |  .0 |  .0 ||  .0 |  .0 |  .0 |
|  .1264 |  .0 |  .1391 ||  .0 |  .0 |  .0 ||  .0 |  .0 |  .0 |
|========+========+========||========+========+========||========+========+========|
|  .0 |  .0 |  .0 ||  .0 |  .0 |  .0 ||  .0 |  .0 |  .0 |
|  .0 |  .0 |  .0 ||  .0 |  .0 |  .0 ||  .0 |  .0 |  .0 |
|  .0 |  .0 |  .0 ||  .0 |  .0 |  .0 ||  .0 |  .0 |  .0 |
|========+========+========||========+========+========||========+========+========|
|  .0 |  .0 |  .0 ||  .0 |  .0 |  .0 ||  .0 |  .0 |  .0 |
|  .0 |  .0 |  .0 ||  .0 |  .0 |  .0 ||  .0 |  .0 |  .0 |
|  .0 |  .0 |  .0 ||  .0 |  .0 |  .0 ||  .0 |  .0 |  .0 |

, state=
|*-0. |*-0. |*-0. || -1. |  1. |  1. || -0. |  1. | -0. |
|*-0. |*-0. |*-0. ||  1. | -0. | -0. || -0. | -1. | -0. |
|*-0. |* 1. |*-0. || -0. | -1. | -0. || -0. | -0. | -1. |
|=====+=====+=====||=====+=====+=====||=====+=====+=====|
| -0. | -1. | -0. || -0. | -1. | -0. || -1. | -0. | -0. |
| -0. | -0. | -0. ||  1. | -0. | -1. || -0. | -0. |  1. |
| -1. | -1. | -0. || -0. | -0. | -0. || -0. | -0. | -0. |
|=====+=====+=====||=====+=====+=====||=====+=====+=====|
| -0. | -0. | -0. || -0. | -0. | -1. || -0. | -1. | -0. |
|  1. |  1. | -0. || -0. |  1. | -0. || -0. | -0. | -0. |
| -0. | -0. | -0. || -0. | -0. |  1. || -1. | -0. |  1. |

, evalForThisState=1.0, isPlayerOneTurnOriginally=false}, StateDatum{MCTSProbabilites=
|  .0 |  .0 |  .0 ||  .0 |  .0 |  .0 ||  .0 |  .0 |  .0 |
|  .0 |  .0 |  .0 ||  .0 |  .0 |  .0 ||  .0 |  .0 |  .0 |
|  .0 |  .0 |  .0 ||  .0 |  .0 |  .0 ||  .0 |  .0 |  .0 |
|========+========+========||========+========+========||========+========+========|
|  .1916 |  .0 |  .1577 ||  .0 |  .0 |  .0 ||  .0 |  .0 |  .0 |
|  .1551 |  .1352 |  .1378 ||  .0 |  .0 |  .0 ||  .0 |  .0 |  .0 |
|  .0 |  .0 |  .2226 ||  .0 |  .0 |  .0 ||  .0 |  .0 |  .0 |
|========+========+========||========+========+========||========+========+========|
|  .0 |  .0 |  .0 ||  .0 |  .0 |  .0 ||  .0 |  .0 |  .0 |
|  .0 |  .0 |  .0 ||  .0 |  .0 |  .0 ||  .0 |  .0 |  .0 |
|  .0 |  .0 |  .0 ||  .0 |  .0 |  .0 ||  .0 |  .0 |  .0 |

, state=
|  0. |  0. |  0. ||  1. | -1. | -1. ||  0. | -1. |  0. |
| -1. |  0. |  0. || -1. |  0. |  0. ||  0. |  1. |  0. |
|  0. | -1. |  0. ||  0. |  1. |  0. ||  0. |  0. |  1. |
|=====+=====+=====||=====+=====+=====||=====+=====+=====|
|* 0. |* 1. |* 0. ||  0. |  1. |  0. ||  1. |  0. |  0. |
|* 0. |* 0. |* 0. || -1. |  0. |  1. ||  0. |  0. | -1. |
|* 1. |* 1. |* 0. ||  0. |  0. |  0. ||  0. |  0. |  0. |
|=====+=====+=====||=====+=====+=====||=====+=====+=====|
|  0. |  0. |  0. ||  0. |  0. |  1. ||  0. |  1. |  0. |
| -1. | -1. |  0. ||  0. | -1. |  0. ||  0. |  0. |  0. |
|  0. |  0. |  0. ||  0. |  0. | -1. ||  1. |  0. | -1. |

, evalForThisState=-1.0, isPlayerOneTurnOriginally=true}, StateDatum{MCTSProbabilites=
|  .0 |  .0 |  .0 ||  .0 |  .0 |  .0 ||  .0 |  .0 |  .0 |
|  .0 |  .0 |  .0 ||  .0 |  .0 |  .0 ||  .0 |  .0 |  .0 |
|  .0 |  .0 |  .0 ||  .0 |  .0 |  .0 ||  .0 |  .0 |  .0 |
|========+========+========||========+========+========||========+========+========|
|  .0 |  .0 |  .0 ||  .0 |  .0 |  .0 ||  .0 |  .0 |  .0 |
|  .0 |  .0 |  .0 ||  .0 |  .0 |  .0 ||  .0 |  .0 |  .0 |
|  .0 |  .0 |  .0 ||  .0 |  .0 |  .0 ||  .0 |  .0 |  .0 |
|========+========+========||========+========+========||========+========+========|
|  .0 |  .0 |  .0 ||  .0 |  .0 |  .0 ||  .2301 |  .0 |  .1684 |
|  .0 |  .0 |  .0 ||  .0 |  .0 |  .0 ||  .0453 |  .2087 |  .1512 |
|  .0 |  .0 |  .0 ||  .0 |  .0 |  .0 ||  .0 |  .1964 |  .0 |

, state=
| -0. | -0. | -0. || -1. |  1. |  1. || -0. |  1. | -0. |
|  1. | -0. | -0. ||  1. | -0. | -0. || -0. | -1. | -0. |
| -0. |  1. | -0. || -0. | -1. | -0. || -0. | -0. | -1. |
|=====+=====+=====||=====+=====+=====||=====+=====+=====|
| -0. | -1. | -0. || -0. | -1. | -0. || -1. | -0. | -0. |
| -0. | -0. | -0. ||  1. | -0. | -1. || -0. | -0. |  1. |
| -1. | -1. | -1. || -0. | -0. | -0. || -0. | -0. | -0. |
|=====+=====+=====||=====+=====+=====||=====+=====+=====|
| -0. | -0. | -0. || -0. | -0. | -1. ||*-0. |*-1. |*-0. |
|  1. |  1. | -0. || -0. |  1. | -0. ||*-0. |*-0. |*-0. |
| -0. | -0. | -0. || -0. | -0. |  1. ||*-1. |*-0. |* 1. |

, evalForThisState=1.0, isPlayerOneTurnOriginally=false}, StateDatum{MCTSProbabilites=
|  .1368 |  .105 |  .1459 ||  .0 |  .0 |  .0 ||  .0 |  .0 |  .0 |
|  .0 |  .1372 |  .131 ||  .0 |  .0 |  .0 ||  .0 |  .0 |  .0 |
|  .1677 |  .0 |  .1763 ||  .0 |  .0 |  .0 ||  .0 |  .0 |  .0 |
|========+========+========||========+========+========||========+========+========|
|  .0 |  .0 |  .0 ||  .0 |  .0 |  .0 ||  .0 |  .0 |  .0 |
|  .0 |  .0 |  .0 ||  .0 |  .0 |  .0 ||  .0 |  .0 |  .0 |
|  .0 |  .0 |  .0 ||  .0 |  .0 |  .0 ||  .0 |  .0 |  .0 |
|========+========+========||========+========+========||========+========+========|
|  .0 |  .0 |  .0 ||  .0 |  .0 |  .0 ||  .0 |  .0 |  .0 |
|  .0 |  .0 |  .0 ||  .0 |  .0 |  .0 ||  .0 |  .0 |  .0 |
|  .0 |  .0 |  .0 ||  .0 |  .0 |  .0 ||  .0 |  .0 |  .0 |

, state=
|* 0. |* 0. |* 0. ||  1. | -1. | -1. ||  0. | -1. |  0. |
|*-1. |* 0. |* 0. || -1. |  0. |  0. ||  0. |  1. |  0. |
|* 0. |*-1. |* 0. ||  0. |  1. |  0. ||  0. |  0. |  1. |
|=====+=====+=====||=====+=====+=====||=====+=====+=====|
|  0. |  1. |  0. ||  0. |  1. |  0. ||  1. |  0. |  0. |
|  0. |  0. |  0. || -1. |  0. |  1. ||  0. |  0. | -1. |
|  1. |  1. |  1. ||  0. |  0. |  0. ||  0. |  0. |  0. |
|=====+=====+=====||=====+=====+=====||=====+=====+=====|
|  0. |  0. |  0. ||  0. |  0. |  1. || -1. |  1. |  0. |
| -1. | -1. |  0. ||  0. | -1. |  0. ||  0. |  0. |  0. |
|  0. |  0. |  0. ||  0. |  0. | -1. ||  1. |  0. | -1. |

, evalForThisState=-1.0, isPlayerOneTurnOriginally=true}, StateDatum{MCTSProbabilites=
|  .0 |  .0 |  .0 ||  .0 |  .0 |  .0 ||  .0 |  .0 |  .0 |
|  .0 |  .0 |  .0 ||  .0 |  .0 |  .0 ||  .0 |  .0 |  .0 |
|  .0 |  .0 |  .0 ||  .0 |  .0 |  .0 ||  .0 |  .0 |  .0 |
|========+========+========||========+========+========||========+========+========|
|  .0 |  .0 |  .0 ||  .0 |  .0 |  .0 ||  .0 |  .0 |  .0 |
|  .0 |  .0 |  .0 ||  .0 |  .0 |  .0 ||  .0 |  .0 |  .0 |
|  .0 |  .0 |  .0 ||  .0 |  .0 |  .0 ||  .0 |  .0 |  .0 |
|========+========+========||========+========+========||========+========+========|
|  .0 |  .0 |  .0 ||  .0 |  .0 |  .0 ||  .0 |  .0 |  .1637 |
|  .0 |  .0 |  .0 ||  .0 |  .0 |  .0 ||  .2957 |  .1984 |  .1991 |
|  .0 |  .0 |  .0 ||  .0 |  .0 |  .0 ||  .0 |  .1431 |  .0 |

, state=
| -0. | -0. | -0. || -1. |  1. |  1. || -0. |  1. | -0. |
|  1. | -0. | -0. ||  1. | -0. | -0. || -0. | -1. | -0. |
| -0. |  1. | -1. || -0. | -1. | -0. || -0. | -0. | -1. |
|=====+=====+=====||=====+=====+=====||=====+=====+=====|
| -0. | -1. | -0. || -0. | -1. | -0. || -1. | -0. | -0. |
| -0. | -0. | -0. ||  1. | -0. | -1. || -0. | -0. |  1. |
| -1. | -1. | -1. || -0. | -0. | -0. || -0. | -0. | -0. |
|=====+=====+=====||=====+=====+=====||=====+=====+=====|
| -0. | -0. | -0. || -0. | -0. | -1. ||* 1. |*-1. |*-0. |
|  1. |  1. | -0. || -0. |  1. | -0. ||*-0. |*-0. |*-0. |
| -0. | -0. | -0. || -0. | -0. |  1. ||*-1. |*-0. |* 1. |

, evalForThisState=1.0, isPlayerOneTurnOriginally=false}, StateDatum{MCTSProbabilites=
|  .0201 |  .0251 |  .0203 ||  .0 |  .0 |  .0 ||  .0327 |  .0 |  .0133 |
|  .0 |  .0313 |  .0182 ||  .0 |  .0221 |  .0265 ||  .0186 |  .0 |  .016 |
|  .0237 |  .0 |  .0 ||  .031 |  .0 |  .0095 ||  .0299 |  .0331 |  .0 |
|========+========+========||========+========+========||========+========+========|
|  .0 |  .0 |  .0 ||  .0234 |  .0 |  .0245 ||  .0 |  .0154 |  .0228 |
|  .0 |  .0 |  .0 ||  .0 |  .0264 |  .0 ||  .0279 |  .0129 |  .0 |
|  .0 |  .0 |  .0 ||  .0221 |  .0193 |  .0212 ||  .0217 |  .036 |  .0088 |
|========+========+========||========+========+========||========+========+========|
|  .0186 |  .0164 |  .0183 ||  .0171 |  .019 |  .0 ||  .0 |  .0 |  .0216 |
|  .0 |  .0 |  .0131 ||  .018 |  .0 |  .0205 ||  .0 |  .0183 |  .0202 |
|  .0283 |  .0186 |  .0275 ||  .028 |  .0224 |  .0 ||  .0 |  .0203 |  .0 |

, state=
|* 0. |* 0. |* 0. ||* 1. |*-1. |*-1. ||* 0. |*-1. |* 0. |
|*-1. |* 0. |* 0. ||*-1. |* 0. |* 0. ||* 0. |* 1. |* 0. |
|* 0. |*-1. |* 1. ||* 0. |* 1. |* 0. ||* 0. |* 0. |* 1. |
|=====+=====+=====||=====+=====+=====||=====+=====+=====|
|  0. |  1. |  0. ||* 0. |* 1. |* 0. ||* 1. |* 0. |* 0. |
|  0. |  0. |  0. ||*-1. |* 0. |* 1. ||* 0. |* 0. |*-1. |
|  1. |  1. |  1. ||* 0. |* 0. |* 0. ||* 0. |* 0. |* 0. |
|=====+=====+=====||=====+=====+=====||=====+=====+=====|
|* 0. |* 0. |* 0. ||* 0. |* 0. |* 1. ||*-1. |* 1. |* 0. |
|*-1. |*-1. |* 0. ||* 0. |*-1. |* 0. ||*-1. |* 0. |* 0. |
|* 0. |* 0. |* 0. ||* 0. |* 0. |*-1. ||* 1. |* 0. |*-1. |

, evalForThisState=-1.0, isPlayerOneTurnOriginally=true}, StateDatum{MCTSProbabilites=
|  .0 |  .0 |  .0 ||  .0 |  .0 |  .0 ||  .0 |  .0 |  .0 |
|  .0 |  .0 |  .0 ||  .0 |  .0 |  .0 ||  .0 |  .0 |  .0 |
|  .0 |  .0 |  .0 ||  .0 |  .0 |  .0 ||  .0 |  .0 |  .0 |
|========+========+========||========+========+========||========+========+========|
|  .0 |  .0 |  .0 ||  .0 |  .0 |  .0 ||  .0 |  .0 |  .0 |
|  .0 |  .0 |  .0 ||  .0 |  .0 |  .0 ||  .0 |  .0 |  .0 |
|  .0 |  .0 |  .0 ||  .0 |  .0 |  .0 ||  .0 |  .0 |  .0 |
|========+========+========||========+========+========||========+========+========|
|  .0 |  .0 |  .0 ||  .1101 |  .2243 |  .0 ||  .0 |  .0 |  .0 |
|  .0 |  .0 |  .0 ||  .0733 |  .0 |  .1597 ||  .0 |  .0 |  .0 |
|  .0 |  .0 |  .0 ||  .2134 |  .2192 |  .0 ||  .0 |  .0 |  .0 |

, state=
| -0. | -0. | -0. || -1. |  1. |  1. || -0. |  1. | -0. |
|  1. | -0. | -0. ||  1. | -0. | -0. || -0. | -1. | -0. |
| -0. |  1. | -1. || -0. | -1. | -0. || -0. | -0. | -1. |
|=====+=====+=====||=====+=====+=====||=====+=====+=====|
| -0. | -1. | -0. || -0. | -1. | -0. || -1. | -0. | -0. |
| -0. | -0. | -0. ||  1. | -0. | -1. || -0. | -0. |  1. |
| -1. | -1. | -1. || -0. | -0. | -0. || -0. | -1. | -0. |
|=====+=====+=====||=====+=====+=====||=====+=====+=====|
| -0. | -0. | -0. ||*-0. |*-0. |*-1. ||  1. | -1. | -0. |
|  1. |  1. | -0. ||*-0. |* 1. |*-0. ||  1. | -0. | -0. |
| -0. | -0. | -0. ||*-0. |*-0. |* 1. || -1. | -0. |  1. |

, evalForThisState=1.0, isPlayerOneTurnOriginally=false}, StateDatum{MCTSProbabilites=
|  .0 |  .0 |  .0 ||  .0 |  .0 |  .0 ||  .0 |  .0 |  .0 |
|  .0 |  .0 |  .0 ||  .0 |  .1997 |  .3381 ||  .0 |  .0 |  .0 |
|  .0 |  .0 |  .0 ||  .2038 |  .0 |  .2584 ||  .0 |  .0 |  .0 |
|========+========+========||========+========+========||========+========+========|
|  .0 |  .0 |  .0 ||  .0 |  .0 |  .0 ||  .0 |  .0 |  .0 |
|  .0 |  .0 |  .0 ||  .0 |  .0 |  .0 ||  .0 |  .0 |  .0 |
|  .0 |  .0 |  .0 ||  .0 |  .0 |  .0 ||  .0 |  .0 |  .0 |
|========+========+========||========+========+========||========+========+========|
|  .0 |  .0 |  .0 ||  .0 |  .0 |  .0 ||  .0 |  .0 |  .0 |
|  .0 |  .0 |  .0 ||  .0 |  .0 |  .0 ||  .0 |  .0 |  .0 |
|  .0 |  .0 |  .0 ||  .0 |  .0 |  .0 ||  .0 |  .0 |  .0 |

, state=
|  0. |  0. |  0. ||* 1. |*-1. |*-1. ||  0. | -1. |  0. |
| -1. |  0. |  0. ||*-1. |* 0. |* 0. ||  0. |  1. |  0. |
|  0. | -1. |  1. ||* 0. |* 1. |* 0. ||  0. |  0. |  1. |
|=====+=====+=====||=====+=====+=====||=====+=====+=====|
|  0. |  1. |  0. ||  0. |  1. |  0. ||  1. |  0. |  0. |
|  0. |  0. |  0. || -1. |  0. |  1. ||  0. |  0. | -1. |
|  1. |  1. |  1. ||  0. |  0. |  0. ||  0. |  1. |  0. |
|=====+=====+=====||=====+=====+=====||=====+=====+=====|
|  0. |  0. |  0. ||  0. | -1. |  1. || -1. |  1. |  0. |
| -1. | -1. |  0. ||  0. | -1. |  0. || -1. |  0. |  0. |
|  0. |  0. |  0. ||  0. |  0. | -1. ||  1. |  0. | -1. |

, evalForThisState=-1.0, isPlayerOneTurnOriginally=true}, StateDatum{MCTSProbabilites=
|  .0 |  .0 |  .0 ||  .0 |  .0 |  .0 ||  .0 |  .0 |  .0 |
|  .0 |  .0 |  .0 ||  .0 |  .0 |  .0 ||  .0 |  .0 |  .0 |
|  .0 |  .0 |  .0 ||  .0 |  .0 |  .0 ||  .0 |  .0 |  .0 |
|========+========+========||========+========+========||========+========+========|
|  .0 |  .0 |  .0 ||  .0 |  .0 |  .0 ||  .0 |  .0891 |  .1723 |
|  .0 |  .0 |  .0 ||  .0 |  .0 |  .0 ||  .2573 |  .0946 |  .0 |
|  .0 |  .0 |  .0 ||  .0 |  .0 |  .0 ||  .1952 |  .0 |  .1917 |
|========+========+========||========+========+========||========+========+========|
|  .0 |  .0 |  .0 ||  .0 |  .0 |  .0 ||  .0 |  .0 |  .0 |
|  .0 |  .0 |  .0 ||  .0 |  .0 |  .0 ||  .0 |  .0 |  .0 |
|  .0 |  .0 |  .0 ||  .0 |  .0 |  .0 ||  .0 |  .0 |  .0 |

, state=
| -0. | -0. | -0. || -1. |  1. |  1. || -0. |  1. | -0. |
|  1. | -0. | -0. ||  1. | -0. | -1. || -0. | -1. | -0. |
| -0. |  1. | -1. || -0. | -1. | -0. || -0. | -0. | -1. |
|=====+=====+=====||=====+=====+=====||=====+=====+=====|
| -0. | -1. | -0. || -0. | -1. | -0. ||*-1. |*-0. |*-0. |
| -0. | -0. | -0. ||  1. | -0. | -1. ||*-0. |*-0. |* 1. |
| -1. | -1. | -1. || -0. | -0. | -0. ||*-0. |*-1. |*-0. |
|=====+=====+=====||=====+=====+=====||=====+=====+=====|
| -0. | -0. | -0. || -0. |  1. | -1. ||  1. | -1. | -0. |
|  1. |  1. | -0. || -0. |  1. | -0. ||  1. | -0. | -0. |
| -0. | -0. | -0. || -0. | -0. |  1. || -1. | -0. |  1. |

, evalForThisState=1.0, isPlayerOneTurnOriginally=false}, StateDatum{MCTSProbabilites=
|  .0346 |  .021 |  .0257 ||  .0 |  .0 |  .0 ||  .018 |  .0 |  .0255 |
|  .0 |  .0211 |  .0239 ||  .0 |  .0099 |  .0 ||  .0201 |  .0 |  .0148 |
|  .0249 |  .0 |  .0 ||  .0352 |  .0 |  .0212 ||  .0234 |  .0291 |  .0 |
|========+========+========||========+========+========||========+========+========|
|  .0 |  .0 |  .0 ||  .0183 |  .0 |  .0218 ||  .0 |  .0192 |  .0222 |
|  .0 |  .0 |  .0 ||  .0 |  .0224 |  .0 ||  .0 |  .0209 |  .0 |
|  .0 |  .0 |  .0 ||  .0231 |  .0159 |  .0204 ||  .0105 |  .0 |  .0272 |
|========+========+========||========+========+========||========+========+========|
|  .0175 |  .0398 |  .0312 ||  .0173 |  .0 |  .0 ||  .0 |  .0 |  .0112 |
|  .0 |  .0 |  .0339 ||  .0231 |  .0 |  .0333 ||  .0 |  .0192 |  .0335 |
|  .0265 |  .0281 |  .0388 ||  .0232 |  .0227 |  .0 ||  .0 |  .0304 |  .0 |

, state=
|* 0. |* 0. |* 0. ||* 1. |*-1. |*-1. ||* 0. |*-1. |* 0. |
|*-1. |* 0. |* 0. ||*-1. |* 0. |* 1. ||* 0. |* 1. |* 0. |
|* 0. |*-1. |* 1. ||* 0. |* 1. |* 0. ||* 0. |* 0. |* 1. |
|=====+=====+=====||=====+=====+=====||=====+=====+=====|
|  0. |  1. |  0. ||* 0. |* 1. |* 0. ||* 1. |* 0. |* 0. |
|  0. |  0. |  0. ||*-1. |* 0. |* 1. ||*-1. |* 0. |*-1. |
|  1. |  1. |  1. ||* 0. |* 0. |* 0. ||* 0. |* 1. |* 0. |
|=====+=====+=====||=====+=====+=====||=====+=====+=====|
|* 0. |* 0. |* 0. ||* 0. |*-1. |* 1. ||*-1. |* 1. |* 0. |
|*-1. |*-1. |* 0. ||* 0. |*-1. |* 0. ||*-1. |* 0. |* 0. |
|* 0. |* 0. |* 0. ||* 0. |* 0. |*-1. ||* 1. |* 0. |*-1. |

, evalForThisState=-1.0, isPlayerOneTurnOriginally=true}, StateDatum{MCTSProbabilites=
|  .0 |  .0 |  .0 ||  .0 |  .0 |  .0 ||  .0 |  .0 |  .0 |
|  .0 |  .0 |  .0 ||  .0 |  .3425 |  .0 ||  .0 |  .0 |  .0 |
|  .0 |  .0 |  .0 ||  .2578 |  .0 |  .3997 ||  .0 |  .0 |  .0 |
|========+========+========||========+========+========||========+========+========|
|  .0 |  .0 |  .0 ||  .0 |  .0 |  .0 ||  .0 |  .0 |  .0 |
|  .0 |  .0 |  .0 ||  .0 |  .0 |  .0 ||  .0 |  .0 |  .0 |
|  .0 |  .0 |  .0 ||  .0 |  .0 |  .0 ||  .0 |  .0 |  .0 |
|========+========+========||========+========+========||========+========+========|
|  .0 |  .0 |  .0 ||  .0 |  .0 |  .0 ||  .0 |  .0 |  .0 |
|  .0 |  .0 |  .0 ||  .0 |  .0 |  .0 ||  .0 |  .0 |  .0 |
|  .0 |  .0 |  .0 ||  .0 |  .0 |  .0 ||  .0 |  .0 |  .0 |

, state=
| -0. | -0. | -0. ||*-1. |* 1. |* 1. || -0. |  1. | -0. |
|  1. | -0. | -0. ||* 1. |*-0. |*-1. || -0. | -1. | -0. |
| -0. |  1. | -1. ||*-0. |*-1. |*-0. || -0. | -0. | -1. |
|=====+=====+=====||=====+=====+=====||=====+=====+=====|
| -0. | -1. | -0. || -0. | -1. | -0. || -1. | -0. | -0. |
| -0. | -0. | -0. ||  1. | -0. | -1. ||  1. | -0. |  1. |
| -1. | -1. | -1. || -0. | -0. | -0. || -0. | -1. | -0. |
|=====+=====+=====||=====+=====+=====||=====+=====+=====|
| -0. | -1. | -0. || -0. |  1. | -1. ||  1. | -1. | -0. |
|  1. |  1. | -0. || -0. |  1. | -0. ||  1. | -0. | -0. |
| -0. | -0. | -0. || -0. | -0. |  1. || -1. | -0. |  1. |

, evalForThisState=1.0, isPlayerOneTurnOriginally=false}, StateDatum{MCTSProbabilites=
|  .0 |  .0 |  .0 ||  .0 |  .0 |  .0 ||  .0 |  .0 |  .0 |
|  .0 |  .0 |  .0 ||  .0 |  .0 |  .0 ||  .0 |  .0 |  .0 |
|  .0 |  .0 |  .0 ||  .0 |  .0 |  .0 ||  .0 |  .0 |  .0 |
|========+========+========||========+========+========||========+========+========|
|  .0 |  .0 |  .0 ||  .0 |  .0 |  .0 ||  .0 |  .0 |  .0 |
|  .0 |  .0 |  .0 ||  .0 |  .0 |  .0 ||  .0 |  .0 |  .0 |
|  .0 |  .0 |  .0 ||  .0 |  .0 |  .0 ||  .0 |  .0 |  .0 |
|========+========+========||========+========+========||========+========+========|
|  .0 |  .0 |  .0 ||  .0 |  .0 |  .0 ||  .0 |  .0 |  .3213 |
|  .0 |  .0 |  .0 ||  .0 |  .0 |  .0 ||  .0 |  .2227 |  .1935 |
|  .0 |  .0 |  .0 ||  .0 |  .0 |  .0 ||  .0 |  .2626 |  .0 |

, state=
|  0. |  0. |  0. ||  1. | -1. | -1. ||  0. | -1. |  0. |
| -1. |  0. |  0. || -1. |  0. |  1. ||  0. |  1. |  0. |
|  0. | -1. |  1. ||  0. |  1. | -1. ||  0. |  0. |  1. |
|=====+=====+=====||=====+=====+=====||=====+=====+=====|
|  0. |  1. |  0. ||  0. |  1. |  0. ||  1. |  0. |  0. |
|  0. |  0. |  0. || -1. |  0. |  1. || -1. |  0. | -1. |
|  1. |  1. |  1. ||  0. |  0. |  0. ||  0. |  1. |  0. |
|=====+=====+=====||=====+=====+=====||=====+=====+=====|
|  0. |  1. |  0. ||  0. | -1. |  1. ||*-1. |* 1. |* 0. |
| -1. | -1. |  0. ||  0. | -1. |  0. ||*-1. |* 0. |* 0. |
|  0. |  0. |  0. ||  0. |  0. | -1. ||* 1. |* 0. |*-1. |

, evalForThisState=-1.0, isPlayerOneTurnOriginally=true}, StateDatum{MCTSProbabilites=
|  .0 |  .0 |  .0 ||  .0 |  .0 |  .0 ||  .1798 |  .0 |  .1612 |
|  .0 |  .0 |  .0 ||  .0 |  .0 |  .0 ||  .2139 |  .0 |  .2204 |
|  .0 |  .0 |  .0 ||  .0 |  .0 |  .0 ||  .1317 |  .0929 |  .0 |
|========+========+========||========+========+========||========+========+========|
|  .0 |  .0 |  .0 ||  .0 |  .0 |  .0 ||  .0 |  .0 |  .0 |
|  .0 |  .0 |  .0 ||  .0 |  .0 |  .0 ||  .0 |  .0 |  .0 |
|  .0 |  .0 |  .0 ||  .0 |  .0 |  .0 ||  .0 |  .0 |  .0 |
|========+========+========||========+========+========||========+========+========|
|  .0 |  .0 |  .0 ||  .0 |  .0 |  .0 ||  .0 |  .0 |  .0 |
|  .0 |  .0 |  .0 ||  .0 |  .0 |  .0 ||  .0 |  .0 |  .0 |
|  .0 |  .0 |  .0 ||  .0 |  .0 |  .0 ||  .0 |  .0 |  .0 |

, state=
| -0. | -0. | -0. || -1. |  1. |  1. ||*-0. |* 1. |*-0. |
|  1. | -0. | -0. ||  1. | -0. | -1. ||*-0. |*-1. |*-0. |
| -0. |  1. | -1. || -0. | -1. |  1. ||*-0. |*-0. |*-1. |
|=====+=====+=====||=====+=====+=====||=====+=====+=====|
| -0. | -1. | -0. || -0. | -1. | -0. || -1. | -0. | -0. |
| -0. | -0. | -0. ||  1. | -0. | -1. ||  1. | -0. |  1. |
| -1. | -1. | -1. || -0. | -0. | -0. || -0. | -1. | -0. |
|=====+=====+=====||=====+=====+=====||=====+=====+=====|
| -0. | -1. | -0. || -0. |  1. | -1. ||  1. | -1. | -1. |
|  1. |  1. | -0. || -0. |  1. | -0. ||  1. | -0. | -0. |
| -0. | -0. | -0. || -0. | -0. |  1. || -1. | -0. |  1. |

, evalForThisState=1.0, isPlayerOneTurnOriginally=false}, StateDatum{MCTSProbabilites=
|  .0 |  .0 |  .0 ||  .0 |  .0 |  .0 ||  .0 |  .0 |  .0 |
|  .0 |  .0 |  .0 ||  .0 |  .0 |  .0 ||  .0 |  .0 |  .0 |
|  .0 |  .0 |  .0 ||  .0 |  .0 |  .0 ||  .0 |  .0 |  .0 |
|========+========+========||========+========+========||========+========+========|
|  .0 |  .0 |  .0 ||  .0 |  .0 |  .0 ||  .0 |  .1671 |  .2608 |
|  .0 |  .0 |  .0 ||  .0 |  .0 |  .0 ||  .0 |  .2635 |  .0 |
|  .0 |  .0 |  .0 ||  .0 |  .0 |  .0 ||  .1492 |  .0 |  .1594 |
|========+========+========||========+========+========||========+========+========|
|  .0 |  .0 |  .0 ||  .0 |  .0 |  .0 ||  .0 |  .0 |  .0 |
|  .0 |  .0 |  .0 ||  .0 |  .0 |  .0 ||  .0 |  .0 |  .0 |
|  .0 |  .0 |  .0 ||  .0 |  .0 |  .0 ||  .0 |  .0 |  .0 |

, state=
|  0. |  0. |  0. ||  1. | -1. | -1. ||  0. | -1. |  0. |
| -1. |  0. |  0. || -1. |  0. |  1. ||  0. |  1. | -1. |
|  0. | -1. |  1. ||  0. |  1. | -1. ||  0. |  0. |  1. |
|=====+=====+=====||=====+=====+=====||=====+=====+=====|
|  0. |  1. |  0. ||  0. |  1. |  0. ||* 1. |* 0. |* 0. |
|  0. |  0. |  0. || -1. |  0. |  1. ||*-1. |* 0. |*-1. |
|  1. |  1. |  1. ||  0. |  0. |  0. ||* 0. |* 1. |* 0. |
|=====+=====+=====||=====+=====+=====||=====+=====+=====|
|  0. |  1. |  0. ||  0. | -1. |  1. || -1. |  1. |  1. |
| -1. | -1. |  0. ||  0. | -1. |  0. || -1. |  0. |  0. |
|  0. |  0. |  0. ||  0. |  0. | -1. ||  1. |  0. | -1. |

, evalForThisState=-1.0, isPlayerOneTurnOriginally=true}, StateDatum{MCTSProbabilites=
|  .0 |  .0 |  .0 ||  .0 |  .0 |  .0 ||  .0 |  .0 |  .0 |
|  .0 |  .0 |  .0 ||  .0 |  .0 |  .0 ||  .0 |  .0 |  .0 |
|  .0 |  .0 |  .0 ||  .0 |  .0 |  .0 ||  .0 |  .0 |  .0 |
|========+========+========||========+========+========||========+========+========|
|  .0 |  .0 |  .0 ||  .1099 |  .0 |  .1862 ||  .0 |  .0 |  .0 |
|  .0 |  .0 |  .0 ||  .0 |  .1806 |  .0 ||  .0 |  .0 |  .0 |
|  .0 |  .0 |  .0 ||  .2383 |  .1656 |  .1195 ||  .0 |  .0 |  .0 |
|========+========+========||========+========+========||========+========+========|
|  .0 |  .0 |  .0 ||  .0 |  .0 |  .0 ||  .0 |  .0 |  .0 |
|  .0 |  .0 |  .0 ||  .0 |  .0 |  .0 ||  .0 |  .0 |  .0 |
|  .0 |  .0 |  .0 ||  .0 |  .0 |  .0 ||  .0 |  .0 |  .0 |

, state=
| -0. | -0. | -0. || -1. |  1. |  1. || -0. |  1. | -0. |
|  1. | -0. | -0. ||  1. | -0. | -1. || -0. | -1. |  1. |
| -0. |  1. | -1. || -0. | -1. |  1. || -0. | -0. | -1. |
|=====+=====+=====||=====+=====+=====||=====+=====+=====|
| -0. | -1. | -0. ||*-0. |*-1. |*-0. || -1. | -0. | -0. |
| -0. | -0. | -0. ||* 1. |*-0. |*-1. ||  1. | -1. |  1. |
| -1. | -1. | -1. ||*-0. |*-0. |*-0. || -0. | -1. | -0. |
|=====+=====+=====||=====+=====+=====||=====+=====+=====|
| -0. | -1. | -0. || -0. |  1. | -1. ||  1. | -1. | -1. |
|  1. |  1. | -0. || -0. |  1. | -0. ||  1. | -0. | -0. |
| -0. | -0. | -0. || -0. | -0. |  1. || -1. | -0. |  1. |

, evalForThisState=1.0, isPlayerOneTurnOriginally=false}, StateDatum{MCTSProbabilites=
|  .0 |  .0 |  .0 ||  .0 |  .0 |  .0 ||  .0 |  .0 |  .0 |
|  .0 |  .0 |  .0 ||  .0 |  .0 |  .0 ||  .0 |  .0 |  .0 |
|  .0 |  .0 |  .0 ||  .0 |  .0 |  .0 ||  .0 |  .0 |  .0 |
|========+========+========||========+========+========||========+========+========|
|  .0 |  .0 |  .0 ||  .0 |  .0 |  .0 ||  .0 |  .0 |  .0 |
|  .0 |  .0 |  .0 ||  .0 |  .0 |  .0 ||  .0 |  .0 |  .0 |
|  .0 |  .0 |  .0 ||  .0 |  .0 |  .0 ||  .0 |  .0 |  .0 |
|========+========+========||========+========+========||========+========+========|
|  .1777 |  .0 |  .09 ||  .0 |  .0 |  .0 ||  .0 |  .0 |  .0 |
|  .0 |  .0 |  .1906 ||  .0 |  .0 |  .0 ||  .0 |  .0 |  .0 |
|  .1406 |  .1936 |  .2075 ||  .0 |  .0 |  .0 ||  .0 |  .0 |  .0 |

, state=
|  0. |  0. |  0. ||  1. | -1. | -1. ||  0. | -1. |  0. |
| -1. |  0. |  0. || -1. |  0. |  1. ||  0. |  1. | -1. |
|  0. | -1. |  1. ||  0. |  1. | -1. ||  0. |  0. |  1. |
|=====+=====+=====||=====+=====+=====||=====+=====+=====|
|  0. |  1. |  0. ||  0. |  1. |  0. ||  1. |  0. |  0. |
|  0. |  0. |  0. || -1. |  0. |  1. || -1. |  1. | -1. |
|  1. |  1. |  1. || -1. |  0. |  0. ||  0. |  1. |  0. |
|=====+=====+=====||=====+=====+=====||=====+=====+=====|
|* 0. |* 1. |* 0. ||  0. | -1. |  1. || -1. |  1. |  1. |
|*-1. |*-1. |* 0. ||  0. | -1. |  0. || -1. |  0. |  0. |
|* 0. |* 0. |* 0. ||  0. |  0. | -1. ||  1. |  0. | -1. |

, evalForThisState=-1.0, isPlayerOneTurnOriginally=true}, StateDatum{MCTSProbabilites=
|  .0 |  .0 |  .0 ||  .0 |  .0 |  .0 ||  .0 |  .0 |  .0 |
|  .0 |  .0 |  .0 ||  .0 |  .0 |  .0 ||  .0 |  .0 |  .0 |
|  .0 |  .0 |  .0 ||  .0 |  .0 |  .0 ||  .0 |  .0 |  .0 |
|========+========+========||========+========+========||========+========+========|
|  .0 |  .0 |  .0 ||  .0 |  .0 |  .0 ||  .0 |  .0 |  .0 |
|  .0 |  .0 |  .0 ||  .0 |  .0 |  .0 ||  .0 |  .0 |  .0 |
|  .0 |  .0 |  .0 ||  .0 |  .0 |  .0 ||  .0 |  .0 |  .0 |
|========+========+========||========+========+========||========+========+========|
|  .0 |  .0 |  .0 ||  .0 |  .0 |  .0 ||  .0 |  .0 |  .0 |
|  .0 |  .0 |  .0 ||  .0 |  .0 |  .0 ||  .0 |  .4695 |  .3004 |
|  .0 |  .0 |  .0 ||  .0 |  .0 |  .0 ||  .0 |  .2302 |  .0 |

, state=
| -0. | -0. | -0. || -1. |  1. |  1. || -0. |  1. | -0. |
|  1. | -0. | -0. ||  1. | -0. | -1. || -0. | -1. |  1. |
| -0. |  1. | -1. || -0. | -1. |  1. || -0. | -0. | -1. |
|=====+=====+=====||=====+=====+=====||=====+=====+=====|
| -0. | -1. | -0. || -0. | -1. | -0. || -1. | -0. | -0. |
| -0. | -0. | -0. ||  1. | -0. | -1. ||  1. | -1. |  1. |
| -1. | -1. | -1. ||  1. | -0. | -0. || -0. | -1. | -0. |
|=====+=====+=====||=====+=====+=====||=====+=====+=====|
| -0. | -1. | -0. || -0. |  1. | -1. ||* 1. |*-1. |*-1. |
|  1. |  1. | -0. || -0. |  1. | -0. ||* 1. |*-0. |*-0. |
| -0. | -0. | -1. || -0. | -0. |  1. ||*-1. |*-0. |* 1. |

, evalForThisState=1.0, isPlayerOneTurnOriginally=false}, StateDatum{MCTSProbabilites=
|  .0 |  .0 |  .0 ||  .0 |  .0 |  .0 ||  .0 |  .0 |  .0 |
|  .0 |  .0 |  .0 ||  .0 |  .0 |  .0 ||  .0 |  .0 |  .0 |
|  .0 |  .0 |  .0 ||  .0 |  .0 |  .0 ||  .0 |  .0 |  .0 |
|========+========+========||========+========+========||========+========+========|
|  .0 |  .0 |  .0 ||  .1148 |  .0 |  .1531 ||  .0 |  .0 |  .0 |
|  .0 |  .0 |  .0 ||  .0 |  .0443 |  .0 ||  .0 |  .0 |  .0 |
|  .0 |  .0 |  .0 ||  .0 |  .448 |  .2397 ||  .0 |  .0 |  .0 |
|========+========+========||========+========+========||========+========+========|
|  .0 |  .0 |  .0 ||  .0 |  .0 |  .0 ||  .0 |  .0 |  .0 |
|  .0 |  .0 |  .0 ||  .0 |  .0 |  .0 ||  .0 |  .0 |  .0 |
|  .0 |  .0 |  .0 ||  .0 |  .0 |  .0 ||  .0 |  .0 |  .0 |

, state=
|  0. |  0. |  0. ||  1. | -1. | -1. ||  0. | -1. |  0. |
| -1. |  0. |  0. || -1. |  0. |  1. ||  0. |  1. | -1. |
|  0. | -1. |  1. ||  0. |  1. | -1. ||  0. |  0. |  1. |
|=====+=====+=====||=====+=====+=====||=====+=====+=====|
|  0. |  1. |  0. ||* 0. |* 1. |* 0. ||  1. |  0. |  0. |
|  0. |  0. |  0. ||*-1. |* 0. |* 1. || -1. |  1. | -1. |
|  1. |  1. |  1. ||*-1. |* 0. |* 0. ||  0. |  1. |  0. |
|=====+=====+=====||=====+=====+=====||=====+=====+=====|
|  0. |  1. |  0. ||  0. | -1. |  1. || -1. |  1. |  1. |
| -1. | -1. |  0. ||  0. | -1. |  0. || -1. | -1. |  0. |
|  0. |  0. |  1. ||  0. |  0. | -1. ||  1. |  0. | -1. |

, evalForThisState=-1.0, isPlayerOneTurnOriginally=true}, StateDatum{MCTSProbabilites=
|  .0 |  .0 |  .0 ||  .0 |  .0 |  .0 ||  .0 |  .0 |  .0 |
|  .0 |  .0 |  .0 ||  .0 |  .0 |  .0 ||  .0 |  .0 |  .0 |
|  .0 |  .0 |  .0 ||  .0 |  .0 |  .0 ||  .0 |  .0 |  .0 |
|========+========+========||========+========+========||========+========+========|
|  .0 |  .0 |  .0 ||  .0 |  .0 |  .0 ||  .0 |  .0 |  .0 |
|  .0 |  .0 |  .0 ||  .0 |  .0 |  .0 ||  .0 |  .0 |  .0 |
|  .0 |  .0 |  .0 ||  .0 |  .0 |  .0 ||  .0 |  .0 |  .0 |
|========+========+========||========+========+========||========+========+========|
|  .0 |  .0 |  .0 ||  .9323 |  .0 |  .0 ||  .0 |  .0 |  .0 |
|  .0 |  .0 |  .0 ||  .0033 |  .0 |  .0031 ||  .0 |  .0 |  .0 |
|  .0 |  .0 |  .0 ||  .0051 |  .0562 |  .0 ||  .0 |  .0 |  .0 |

, state=
| -0. | -0. | -0. || -1. |  1. |  1. || -0. |  1. | -0. |
|  1. | -0. | -0. ||  1. | -0. | -1. || -0. | -1. |  1. |
| -0. |  1. | -1. || -0. | -1. |  1. || -0. | -0. | -1. |
|=====+=====+=====||=====+=====+=====||=====+=====+=====|
| -0. | -1. | -0. || -0. | -1. | -0. || -1. | -0. | -0. |
| -0. | -0. | -0. ||  1. | -0. | -1. ||  1. | -1. |  1. |
| -1. | -1. | -1. ||  1. | -1. | -0. || -0. | -1. | -0. |
|=====+=====+=====||=====+=====+=====||=====+=====+=====|
| -0. | -1. | -0. ||*-0. |* 1. |*-1. ||  1. | -1. | -1. |
|  1. |  1. | -0. ||*-0. |* 1. |*-0. ||  1. |  1. | -0. |
| -0. | -0. | -1. ||*-0. |*-0. |* 1. || -1. | -0. |  1. |

, evalForThisState=1.0, isPlayerOneTurnOriginally=false}, StateDatum{MCTSProbabilites=
|  .0483 |  .8682 |  .0203 ||  .0 |  .0 |  .0 ||  .0 |  .0 |  .0 |
|  .0 |  .0188 |  .015 ||  .0 |  .0 |  .0 ||  .0 |  .0 |  .0 |
|  .0294 |  .0 |  .0 ||  .0 |  .0 |  .0 ||  .0 |  .0 |  .0 |
|========+========+========||========+========+========||========+========+========|
|  .0 |  .0 |  .0 ||  .0 |  .0 |  .0 ||  .0 |  .0 |  .0 |
|  .0 |  .0 |  .0 ||  .0 |  .0 |  .0 ||  .0 |  .0 |  .0 |
|  .0 |  .0 |  .0 ||  .0 |  .0 |  .0 ||  .0 |  .0 |  .0 |
|========+========+========||========+========+========||========+========+========|
|  .0 |  .0 |  .0 ||  .0 |  .0 |  .0 ||  .0 |  .0 |  .0 |
|  .0 |  .0 |  .0 ||  .0 |  .0 |  .0 ||  .0 |  .0 |  .0 |
|  .0 |  .0 |  .0 ||  .0 |  .0 |  .0 ||  .0 |  .0 |  .0 |

, state=
|* 0. |* 0. |* 0. ||  1. | -1. | -1. ||  0. | -1. |  0. |
|*-1. |* 0. |* 0. || -1. |  0. |  1. ||  0. |  1. | -1. |
|* 0. |*-1. |* 1. ||  0. |  1. | -1. ||  0. |  0. |  1. |
|=====+=====+=====||=====+=====+=====||=====+=====+=====|
|  0. |  1. |  0. ||  0. |  1. |  0. ||  1. |  0. |  0. |
|  0. |  0. |  0. || -1. |  0. |  1. || -1. |  1. | -1. |
|  1. |  1. |  1. || -1. |  1. |  0. ||  0. |  1. |  0. |
|=====+=====+=====||=====+=====+=====||=====+=====+=====|
|  0. |  1. |  0. || -1. | -1. |  1. || -1. |  1. |  1. |
| -1. | -1. |  0. ||  0. | -1. |  0. || -1. | -1. |  0. |
|  0. |  0. |  1. ||  0. |  0. | -1. ||  1. |  0. | -1. |

, evalForThisState=-1.0, isPlayerOneTurnOriginally=true}, StateDatum{MCTSProbabilites=
|  .0 |  .0 |  .0 ||  .0 |  .0 |  .0 ||  .0 |  .0 |  .0 |
|  .0 |  .0 |  .0 ||  .0 |  .9992 |  .0 ||  .0 |  .0 |  .0 |
|  .0 |  .0 |  .0 ||  .0008 |  .0 |  .0 ||  .0 |  .0 |  .0 |
|========+========+========||========+========+========||========+========+========|
|  .0 |  .0 |  .0 ||  .0 |  .0 |  .0 ||  .0 |  .0 |  .0 |
|  .0 |  .0 |  .0 ||  .0 |  .0 |  .0 ||  .0 |  .0 |  .0 |
|  .0 |  .0 |  .0 ||  .0 |  .0 |  .0 ||  .0 |  .0 |  .0 |
|========+========+========||========+========+========||========+========+========|
|  .0 |  .0 |  .0 ||  .0 |  .0 |  .0 ||  .0 |  .0 |  .0 |
|  .0 |  .0 |  .0 ||  .0 |  .0 |  .0 ||  .0 |  .0 |  .0 |
|  .0 |  .0 |  .0 ||  .0 |  .0 |  .0 ||  .0 |  .0 |  .0 |

, state=
| -0. | -1. | -0. ||*-1. |* 1. |* 1. || -0. |  1. | -0. |
|  1. | -0. | -0. ||* 1. |*-0. |*-1. || -0. | -1. |  1. |
| -0. |  1. | -1. ||*-0. |*-1. |* 1. || -0. | -0. | -1. |
|=====+=====+=====||=====+=====+=====||=====+=====+=====|
| -0. | -1. | -0. || -0. | -1. | -0. || -1. | -0. | -0. |
| -0. | -0. | -0. ||  1. | -0. | -1. ||  1. | -1. |  1. |
| -1. | -1. | -1. ||  1. | -1. | -0. || -0. | -1. | -0. |
|=====+=====+=====||=====+=====+=====||=====+=====+=====|
| -0. | -1. | -0. ||  1. |  1. | -1. ||  1. | -1. | -1. |
|  1. |  1. | -0. || -0. |  1. | -0. ||  1. |  1. | -0. |
| -0. | -0. | -1. || -0. | -0. |  1. || -1. | -0. |  1. |

, evalForThisState=1.0, isPlayerOneTurnOriginally=false}, StateDatum{MCTSProbabilites=
|  .0 |  .0 |  .0 ||  .0 |  .0 |  .0 ||  .0 |  .0 |  .0 |
|  .0 |  .0 |  .0 ||  .0 |  .0 |  .0 ||  .0 |  .0 |  .0 |
|  .0 |  .0 |  .0 ||  .0 |  .0 |  .0 ||  .0 |  .0 |  .0 |
|========+========+========||========+========+========||========+========+========|
|  .0 |  .0 |  .0 ||  .0018 |  .0 |  .0017 ||  .0 |  .0 |  .0 |
|  .0 |  .0 |  .0 ||  .0 |  .9951 |  .0 ||  .0 |  .0 |  .0 |
|  .0 |  .0 |  .0 ||  .0 |  .0 |  .0014 ||  .0 |  .0 |  .0 |
|========+========+========||========+========+========||========+========+========|
|  .0 |  .0 |  .0 ||  .0 |  .0 |  .0 ||  .0 |  .0 |  .0 |
|  .0 |  .0 |  .0 ||  .0 |  .0 |  .0 ||  .0 |  .0 |  .0 |
|  .0 |  .0 |  .0 ||  .0 |  .0 |  .0 ||  .0 |  .0 |  .0 |

, state=
|  0. |  1. |  0. ||  1. | -1. | -1. ||  0. | -1. |  0. |
| -1. |  0. |  0. || -1. | -1. |  1. ||  0. |  1. | -1. |
|  0. | -1. |  1. ||  0. |  1. | -1. ||  0. |  0. |  1. |
|=====+=====+=====||=====+=====+=====||=====+=====+=====|
|  0. |  1. |  0. ||* 0. |* 1. |* 0. ||  1. |  0. |  0. |
|  0. |  0. |  0. ||*-1. |* 0. |* 1. || -1. |  1. | -1. |
|  1. |  1. |  1. ||*-1. |* 1. |* 0. ||  0. |  1. |  0. |
|=====+=====+=====||=====+=====+=====||=====+=====+=====|
|  0. |  1. |  0. || -1. | -1. |  1. || -1. |  1. |  1. |
| -1. | -1. |  0. ||  0. | -1. |  0. || -1. | -1. |  0. |
|  0. |  0. |  1. ||  0. |  0. | -1. ||  1. |  0. | -1. |

, evalForThisState=-1.0, isPlayerOneTurnOriginally=true}, StateDatum{MCTSProbabilites=
|  .0 |  .0 |  .0 ||  .0 |  .0 |  .0 ||  .0 |  .0 |  .0 |
|  .0 |  .0 |  .0001 ||  .0 |  .0 |  .0 ||  .0 |  .0 |  .0 |
|  .0 |  .0 |  .0 ||  .0 |  .0 |  .0 ||  .0 |  .0 |  .0 |
|========+========+========||========+========+========||========+========+========|
|  .0 |  .0 |  .0 ||  .0 |  .0 |  .0 ||  .0 |  .4837 |  .0 |
|  .0 |  .0 |  .0 ||  .0 |  .0 |  .0 ||  .0 |  .0 |  .0 |
|  .0 |  .0 |  .0 ||  .0 |  .0 |  .0 ||  .0 |  .0 |  .0 |
|========+========+========||========+========+========||========+========+========|
|  .0 |  .0 |  .0 ||  .0 |  .0 |  .0 ||  .0 |  .0 |  .0 |
|  .0 |  .0 |  .5157 ||  .0 |  .0 |  .0 ||  .0 |  .0 |  .0 |
|  .0 |  .0 |  .0 ||  .0 |  .0 |  .0 ||  .0 |  .0 |  .0 |

, state=
|*-0. |*-1. |*-0. ||*-1. |* 1. |* 1. ||*-0. |* 1. |*-0. |
|* 1. |*-0. |*-0. ||* 1. |* 1. |*-1. ||*-0. |*-1. |* 1. |
|*-0. |* 1. |*-1. ||*-0. |*-1. |* 1. ||*-0. |*-0. |*-1. |
|=====+=====+=====||=====+=====+=====||=====+=====+=====|
| -0. | -1. | -0. || -0. | -1. | -0. ||*-1. |*-0. |*-0. |
| -0. | -0. | -0. ||  1. | -1. | -1. ||* 1. |*-1. |* 1. |
| -1. | -1. | -1. ||  1. | -1. | -0. ||*-0. |*-1. |*-0. |
|=====+=====+=====||=====+=====+=====||=====+=====+=====|
|*-0. |*-1. |*-0. ||  1. |  1. | -1. ||  1. | -1. | -1. |
|* 1. |* 1. |*-0. || -0. |  1. | -0. ||  1. |  1. | -0. |
|*-0. |*-0. |*-1. || -0. | -0. |  1. || -1. | -0. |  1. |

, evalForThisState=1.0, isPlayerOneTurnOriginally=false}]
Value network data: 
===========INPUT===================
[[         0,         0,         0,  ...    1.0000,    1.0000,    1.0000], 
 [         0,         0,         0,  ...   -1.0000,   -1.0000,    1.0000], 
 [         0,         0,         0,  ...   -1.0000,   -1.0000,    1.0000], 
  ..., 
 [         0,   -1.0000,         0,  ...   -1.0000,   -1.0000,   -1.0000], 
 [         0,    1.0000,         0,  ...   -1.0000,   -1.0000,   -1.0000], 
 [         0,   -1.0000,         0,  ...    1.0000,   -1.0000,   -1.0000]]
=================OUTPUT==================
[[-1.0000], 
 [1.0000], 
 [-1.0000], 
 [1.0000], 
 [-1.0000], 
 [1.0000], 
 [-1.0000], 
 [1.0000], 
 [-1.0000], 
 [1.0000], 
 [-1.0000], 
 [1.0000], 
 [-1.0000], 
 [1.0000], 
 [-1.0000], 
 [1.0000], 
 [-1.0000], 
 [1.0000], 
 [-1.0000], 
 [1.0000], 
 [-1.0000], 
 [1.0000], 
 [-1.0000], 
 [1.0000], 
 [-1.0000], 
 [1.0000], 
 [-1.0000], 
 [1.0000], 
 [-1.0000], 
 [1.0000], 
 [-1.0000], 
 [1.0000], 
 [-1.0000], 
 [1.0000], 
 [-1.0000], 
 [1.0000], 
 [-1.0000], 
 [1.0000], 
 [-1.0000], 
 [1.0000], 
 [-1.0000], 
 [1.0000], 
 [-1.0000], 
 [1.0000], 
 [-1.0000], 
 [1.0000], 
 [-1.0000], 
 [1.0000]]
Policy network data: 
===========INPUT===================
[[         0,         0,         0,  ...    1.0000,    1.0000,    1.0000], 
 [         0,         0,         0,  ...   -1.0000,   -1.0000,    1.0000], 
 [         0,         0,         0,  ...   -1.0000,   -1.0000,    1.0000], 
  ..., 
 [         0,   -1.0000,         0,  ...   -1.0000,   -1.0000,   -1.0000], 
 [         0,    1.0000,         0,  ...   -1.0000,   -1.0000,   -1.0000], 
 [         0,   -1.0000,         0,  ...    1.0000,   -1.0000,   -1.0000]]
=================OUTPUT==================
[[    0.0114,    0.0140,    0.0128,  ...    0.0076,    0.0096,    0.0163], 
 [         0,         0,         0,  ...    0.1000,    0.0385,    0.5468], 
 [         0,         0,         0,  ...    0.1940,    0.1619,         0], 
  ..., 
 [         0,         0,         0,  ...         0,         0,         0], 
 [         0,         0,         0,  ...         0,         0,         0], 
 [  1.489e-5,         0, 4.0947e-5,  ...         0,         0,         0]]
W:\Labs\ME\ME187-Fall2024\StudentFiles\CALEBHOTTES\UTTTstuff\data\series1\policy$series1,gameNum133$1729276994329.bin
Took: 1685 s to simulate game
Finished simulating game, see log at: W:\Labs\ME\ME187-Fall2024\StudentFiles\CALEBHOTTES\UTTTstuff\data\logs\series1\game133$1729269168791.log for details.
