Saving data to: W:\Labs\ME\ME187-Fall2024\StudentFiles\CALEBHOTTES\UTTTstuff\data\series1
Begin custom message: 
DataSeries: series1 game number: 1 

Description: making data during Me club base clock 3GHz. 

Evaluator config=EvaluatorConfiguration{cValue=2.0, maxRolloutDepth=1000, computeTime=40, threads=1, stupidity=0, allowForcePlay=false, maxMyCPU=false}
End custom message
Inital State: 

|* 0. |* 0. |* 0. ||* 0. |* 0. |* 0. ||* 0. |* 0. |* 0. |
|* 0. |* 0. |* 0. ||* 0. |* 0. |* 0. ||* 0. |* 0. |* 0. |
|* 0. |* 0. |* 0. ||* 0. |* 0. |* 0. ||* 0. |* 0. |* 0. |
|=====+=====+=====||=====+=====+=====||=====+=====+=====|
|* 0. |* 0. |* 0. ||* 0. |* 0. |* 0. ||* 0. |* 0. |* 0. |
|* 0. |* 0. |* 0. ||* 0. |* 0. |* 0. ||* 0. |* 0. |* 0. |
|* 0. |* 0. |* 0. ||* 0. |* 0. |* 0. ||* 0. |* 0. |* 0. |
|=====+=====+=====||=====+=====+=====||=====+=====+=====|
|* 0. |* 0. |* 0. ||* 0. |* 0. |* 0. ||* 0. |* 0. |* 0. |
|* 0. |* 0. |* 0. ||* 0. |* 0. |* 0. ||* 0. |* 0. |* 0. |
|* 0. |* 0. |* 0. ||* 0. |* 0. |* 0. ||* 0. |* 0. |* 0. |


state to eval, currenty is playerone turn=true

|* 0. |* 0. |* 0. ||* 0. |* 0. |* 0. ||* 0. |* 0. |* 0. |
|* 0. |* 0. |* 0. ||* 0. |* 0. |* 0. ||* 0. |* 0. |* 0. |
|* 0. |* 0. |* 0. ||* 0. |* 0. |* 0. ||* 0. |* 0. |* 0. |
|=====+=====+=====||=====+=====+=====||=====+=====+=====|
|* 0. |* 0. |* 0. ||* 0. |* 0. |* 0. ||* 0. |* 0. |* 0. |
|* 0. |* 0. |* 0. ||* 0. |* 0. |* 0. ||* 0. |* 0. |* 0. |
|* 0. |* 0. |* 0. ||* 0. |* 0. |* 0. ||* 0. |* 0. |* 0. |
|=====+=====+=====||=====+=====+=====||=====+=====+=====|
|* 0. |* 0. |* 0. ||* 0. |* 0. |* 0. ||* 0. |* 0. |* 0. |
|* 0. |* 0. |* 0. ||* 0. |* 0. |* 0. ||* 0. |* 0. |* 0. |
|* 0. |* 0. |* 0. ||* 0. |* 0. |* 0. ||* 0. |* 0. |* 0. |


current State

|  0. |  0. |  0. ||  0. |  0. |  0. ||  0. |  0. |  0. |
|  0. |  0. |  1. ||  0. |  0. |  0. ||  0. |  0. |  0. |
|  0. |  0. |  0. ||  0. |  0. |  0. ||  0. |  0. |  0. |
|=====+=====+=====||=====+=====+=====||=====+=====+=====|
|  0. |  0. |  0. ||  0. |  0. |  0. ||* 0. |* 0. |* 0. |
|  0. |  0. |  0. ||  0. |  0. |  0. ||* 0. |* 0. |* 0. |
|  0. |  0. |  0. ||  0. |  0. |  0. ||* 0. |* 0. |* 0. |
|=====+=====+=====||=====+=====+=====||=====+=====+=====|
|  0. |  0. |  0. ||  0. |  0. |  0. ||  0. |  0. |  0. |
|  0. |  0. |  0. ||  0. |  0. |  0. ||  0. |  0. |  0. |
|  0. |  0. |  0. ||  0. |  0. |  0. ||  0. |  0. |  0. |


state to eval, currenty is playerone turn=false

| -0. | -0. | -0. || -0. | -0. | -0. || -0. | -0. | -0. |
| -0. | -0. | -1. || -0. | -0. | -0. || -0. | -0. | -0. |
| -0. | -0. | -0. || -0. | -0. | -0. || -0. | -0. | -0. |
|=====+=====+=====||=====+=====+=====||=====+=====+=====|
| -0. | -0. | -0. || -0. | -0. | -0. ||*-0. |*-0. |*-0. |
| -0. | -0. | -0. || -0. | -0. | -0. ||*-0. |*-0. |*-0. |
| -0. | -0. | -0. || -0. | -0. | -0. ||*-0. |*-0. |*-0. |
|=====+=====+=====||=====+=====+=====||=====+=====+=====|
| -0. | -0. | -0. || -0. | -0. | -0. || -0. | -0. | -0. |
| -0. | -0. | -0. || -0. | -0. | -0. || -0. | -0. | -0. |
| -0. | -0. | -0. || -0. | -0. | -0. || -0. | -0. | -0. |


current State

|  0. |  0. |  0. ||  0. |  0. |  0. ||  0. |  0. |  0. |
|  0. |  0. |  1. ||  0. |  0. |  0. ||  0. |  0. |  0. |
|  0. |  0. |  0. ||  0. |  0. |  0. ||  0. |  0. |  0. |
|=====+=====+=====||=====+=====+=====||=====+=====+=====|
|  0. |  0. |  0. ||  0. |  0. |  0. ||* 0. |* 0. |* 0. |
|  0. |  0. |  0. ||  0. |  0. |  0. ||* 0. |* 0. |*-1. |
|  0. |  0. |  0. ||  0. |  0. |  0. ||* 0. |* 0. |* 0. |
|=====+=====+=====||=====+=====+=====||=====+=====+=====|
|  0. |  0. |  0. ||  0. |  0. |  0. ||  0. |  0. |  0. |
|  0. |  0. |  0. ||  0. |  0. |  0. ||  0. |  0. |  0. |
|  0. |  0. |  0. ||  0. |  0. |  0. ||  0. |  0. |  0. |


state to eval, currenty is playerone turn=true

|  0. |  0. |  0. ||  0. |  0. |  0. ||  0. |  0. |  0. |
|  0. |  0. |  1. ||  0. |  0. |  0. ||  0. |  0. |  0. |
|  0. |  0. |  0. ||  0. |  0. |  0. ||  0. |  0. |  0. |
|=====+=====+=====||=====+=====+=====||=====+=====+=====|
|  0. |  0. |  0. ||  0. |  0. |  0. ||* 0. |* 0. |* 0. |
|  0. |  0. |  0. ||  0. |  0. |  0. ||* 0. |* 0. |*-1. |
|  0. |  0. |  0. ||  0. |  0. |  0. ||* 0. |* 0. |* 0. |
|=====+=====+=====||=====+=====+=====||=====+=====+=====|
|  0. |  0. |  0. ||  0. |  0. |  0. ||  0. |  0. |  0. |
|  0. |  0. |  0. ||  0. |  0. |  0. ||  0. |  0. |  0. |
|  0. |  0. |  0. ||  0. |  0. |  0. ||  0. |  0. |  0. |


Determined best move using: 55985Iterations
Determined best move using: 77304Iterations
current State

|  0. |  0. |  0. ||  0. |  0. |  0. ||  0. |  0. |  0. |
|  0. |  0. |  1. ||  0. |  0. |  0. ||  0. |  0. |  0. |
|  0. |  0. |  0. ||  0. |  0. |  0. ||  0. |  0. |  0. |
|=====+=====+=====||=====+=====+=====||=====+=====+=====|
|  0. |  0. |  0. ||  0. |  0. |  0. ||  0. |  0. |  0. |
|  0. |  0. |  0. ||  0. |  0. |  0. ||  0. |  0. | -1. |
|  0. |  0. |  0. ||  0. |  0. |  0. ||  0. |  1. |  0. |
|=====+=====+=====||=====+=====+=====||=====+=====+=====|
|  0. |  0. |  0. ||* 0. |* 0. |* 0. ||  0. |  0. |  0. |
|  0. |  0. |  0. ||* 0. |* 0. |* 0. ||  0. |  0. |  0. |
|  0. |  0. |  0. ||* 0. |* 0. |* 0. ||  0. |  0. |  0. |


state to eval, currenty is playerone turn=false

| -0. | -0. | -0. || -0. | -0. | -0. || -0. | -0. | -0. |
| -0. | -0. | -1. || -0. | -0. | -0. || -0. | -0. | -0. |
| -0. | -0. | -0. || -0. | -0. | -0. || -0. | -0. | -0. |
|=====+=====+=====||=====+=====+=====||=====+=====+=====|
| -0. | -0. | -0. || -0. | -0. | -0. || -0. | -0. | -0. |
| -0. | -0. | -0. || -0. | -0. | -0. || -0. | -0. |  1. |
| -0. | -0. | -0. || -0. | -0. | -0. || -0. | -1. | -0. |
|=====+=====+=====||=====+=====+=====||=====+=====+=====|
| -0. | -0. | -0. ||*-0. |*-0. |*-0. || -0. | -0. | -0. |
| -0. | -0. | -0. ||*-0. |*-0. |*-0. || -0. | -0. | -0. |
| -0. | -0. | -0. ||*-0. |*-0. |*-0. || -0. | -0. | -0. |


Determined best move using: 74887Iterations
current State

|  0. |  0. |  0. ||  0. |  0. |  0. ||  0. |  0. |  0. |
|  0. |  0. |  1. ||  0. |  0. |  0. ||  0. |  0. |  0. |
|  0. |  0. |  0. ||  0. |  0. |  0. ||  0. |  0. |  0. |
|=====+=====+=====||=====+=====+=====||=====+=====+=====|
|  0. |  0. |  0. ||  0. |  0. |  0. ||  0. |  0. |  0. |
|  0. |  0. |  0. ||  0. |  0. |  0. ||  0. |  0. | -1. |
|  0. |  0. |  0. ||  0. |  0. |  0. ||  0. |  1. |  0. |
|=====+=====+=====||=====+=====+=====||=====+=====+=====|
|  0. |  0. |  0. ||  0. |  0. |  0. ||* 0. |* 0. |* 0. |
|  0. |  0. |  0. ||  0. |  0. |  0. ||* 0. |* 0. |* 0. |
|  0. |  0. |  0. ||  0. |  0. | -1. ||* 0. |* 0. |* 0. |


state to eval, currenty is playerone turn=true

|  0. |  0. |  0. ||  0. |  0. |  0. ||  0. |  0. |  0. |
|  0. |  0. |  1. ||  0. |  0. |  0. ||  0. |  0. |  0. |
|  0. |  0. |  0. ||  0. |  0. |  0. ||  0. |  0. |  0. |
|=====+=====+=====||=====+=====+=====||=====+=====+=====|
|  0. |  0. |  0. ||  0. |  0. |  0. ||  0. |  0. |  0. |
|  0. |  0. |  0. ||  0. |  0. |  0. ||  0. |  0. | -1. |
|  0. |  0. |  0. ||  0. |  0. |  0. ||  0. |  1. |  0. |
|=====+=====+=====||=====+=====+=====||=====+=====+=====|
|  0. |  0. |  0. ||  0. |  0. |  0. ||* 0. |* 0. |* 0. |
|  0. |  0. |  0. ||  0. |  0. |  0. ||* 0. |* 0. |* 0. |
|  0. |  0. |  0. ||  0. |  0. | -1. ||* 0. |* 0. |* 0. |


Determined best move using: 59648Iterations
current State

|  0. |  0. |  0. ||  0. |  0. |  0. ||  0. |  0. |  0. |
|  0. |  0. |  1. ||  0. |  0. |  0. ||  0. |  0. |  0. |
|  0. |  0. |  0. ||  0. |  0. |  0. ||  0. |  0. |  0. |
|=====+=====+=====||=====+=====+=====||=====+=====+=====|
|  0. |  0. |  0. ||  0. |  0. |  0. ||  0. |  0. |  0. |
|  0. |  0. |  0. ||  0. |  0. |  0. ||  0. |  0. | -1. |
|  0. |  0. |  0. ||  0. |  0. |  0. ||  0. |  1. |  0. |
|=====+=====+=====||=====+=====+=====||=====+=====+=====|
|* 0. |* 0. |* 0. ||  0. |  0. |  0. ||  0. |  0. |  0. |
|* 0. |* 0. |* 0. ||  0. |  0. |  0. ||  0. |  0. |  0. |
|* 0. |* 0. |* 0. ||  0. |  0. | -1. ||  1. |  0. |  0. |


state to eval, currenty is playerone turn=false

| -0. | -0. | -0. || -0. | -0. | -0. || -0. | -0. | -0. |
| -0. | -0. | -1. || -0. | -0. | -0. || -0. | -0. | -0. |
| -0. | -0. | -0. || -0. | -0. | -0. || -0. | -0. | -0. |
|=====+=====+=====||=====+=====+=====||=====+=====+=====|
| -0. | -0. | -0. || -0. | -0. | -0. || -0. | -0. | -0. |
| -0. | -0. | -0. || -0. | -0. | -0. || -0. | -0. |  1. |
| -0. | -0. | -0. || -0. | -0. | -0. || -0. | -1. | -0. |
|=====+=====+=====||=====+=====+=====||=====+=====+=====|
|*-0. |*-0. |*-0. || -0. | -0. | -0. || -0. | -0. | -0. |
|*-0. |*-0. |*-0. || -0. | -0. | -0. || -0. | -0. | -0. |
|*-0. |*-0. |*-0. || -0. | -0. |  1. || -1. | -0. | -0. |


current State

|  0. |  0. |  0. ||* 0. |* 0. |* 0. ||  0. |  0. |  0. |
|  0. |  0. |  1. ||* 0. |* 0. |* 0. ||  0. |  0. |  0. |
|  0. |  0. |  0. ||* 0. |* 0. |* 0. ||  0. |  0. |  0. |
|=====+=====+=====||=====+=====+=====||=====+=====+=====|
|  0. |  0. |  0. ||  0. |  0. |  0. ||  0. |  0. |  0. |
|  0. |  0. |  0. ||  0. |  0. |  0. ||  0. |  0. | -1. |
|  0. |  0. |  0. ||  0. |  0. |  0. ||  0. |  1. |  0. |
|=====+=====+=====||=====+=====+=====||=====+=====+=====|
|  0. | -1. |  0. ||  0. |  0. |  0. ||  0. |  0. |  0. |
|  0. |  0. |  0. ||  0. |  0. |  0. ||  0. |  0. |  0. |
|  0. |  0. |  0. ||  0. |  0. | -1. ||  1. |  0. |  0. |


state to eval, currenty is playerone turn=true

|  0. |  0. |  0. ||* 0. |* 0. |* 0. ||  0. |  0. |  0. |
|  0. |  0. |  1. ||* 0. |* 0. |* 0. ||  0. |  0. |  0. |
|  0. |  0. |  0. ||* 0. |* 0. |* 0. ||  0. |  0. |  0. |
|=====+=====+=====||=====+=====+=====||=====+=====+=====|
|  0. |  0. |  0. ||  0. |  0. |  0. ||  0. |  0. |  0. |
|  0. |  0. |  0. ||  0. |  0. |  0. ||  0. |  0. | -1. |
|  0. |  0. |  0. ||  0. |  0. |  0. ||  0. |  1. |  0. |
|=====+=====+=====||=====+=====+=====||=====+=====+=====|
|  0. | -1. |  0. ||  0. |  0. |  0. ||  0. |  0. |  0. |
|  0. |  0. |  0. ||  0. |  0. |  0. ||  0. |  0. |  0. |
|  0. |  0. |  0. ||  0. |  0. | -1. ||  1. |  0. |  0. |


Determined best move using: 81221Iterations
current State

|  0. |  0. |  0. ||  0. |  0. |  1. ||* 0. |* 0. |* 0. |
|  0. |  0. |  1. ||  0. |  0. |  0. ||* 0. |* 0. |* 0. |
|  0. |  0. |  0. ||  0. |  0. |  0. ||* 0. |* 0. |* 0. |
|=====+=====+=====||=====+=====+=====||=====+=====+=====|
|  0. |  0. |  0. ||  0. |  0. |  0. ||  0. |  0. |  0. |
|  0. |  0. |  0. ||  0. |  0. |  0. ||  0. |  0. | -1. |
|  0. |  0. |  0. ||  0. |  0. |  0. ||  0. |  1. |  0. |
|=====+=====+=====||=====+=====+=====||=====+=====+=====|
|  0. | -1. |  0. ||  0. |  0. |  0. ||  0. |  0. |  0. |
|  0. |  0. |  0. ||  0. |  0. |  0. ||  0. |  0. |  0. |
|  0. |  0. |  0. ||  0. |  0. | -1. ||  1. |  0. |  0. |


state to eval, currenty is playerone turn=false

| -0. | -0. | -0. || -0. | -0. | -1. ||*-0. |*-0. |*-0. |
| -0. | -0. | -1. || -0. | -0. | -0. ||*-0. |*-0. |*-0. |
| -0. | -0. | -0. || -0. | -0. | -0. ||*-0. |*-0. |*-0. |
|=====+=====+=====||=====+=====+=====||=====+=====+=====|
| -0. | -0. | -0. || -0. | -0. | -0. || -0. | -0. | -0. |
| -0. | -0. | -0. || -0. | -0. | -0. || -0. | -0. |  1. |
| -0. | -0. | -0. || -0. | -0. | -0. || -0. | -1. | -0. |
|=====+=====+=====||=====+=====+=====||=====+=====+=====|
| -0. |  1. | -0. || -0. | -0. | -0. || -0. | -0. | -0. |
| -0. | -0. | -0. || -0. | -0. | -0. || -0. | -0. | -0. |
| -0. | -0. | -0. || -0. | -0. |  1. || -1. | -0. | -0. |


current State

|  0. |  0. |  0. ||  0. |  0. |  1. ||  0. |  0. |  0. |
|  0. |  0. |  1. ||  0. |  0. |  0. ||  0. |  0. |  0. |
|  0. |  0. |  0. ||  0. |  0. |  0. ||  0. | -1. |  0. |
|=====+=====+=====||=====+=====+=====||=====+=====+=====|
|  0. |  0. |  0. ||  0. |  0. |  0. ||  0. |  0. |  0. |
|  0. |  0. |  0. ||  0. |  0. |  0. ||  0. |  0. | -1. |
|  0. |  0. |  0. ||  0. |  0. |  0. ||  0. |  1. |  0. |
|=====+=====+=====||=====+=====+=====||=====+=====+=====|
|  0. | -1. |  0. ||* 0. |* 0. |* 0. ||  0. |  0. |  0. |
|  0. |  0. |  0. ||* 0. |* 0. |* 0. ||  0. |  0. |  0. |
|  0. |  0. |  0. ||* 0. |* 0. |*-1. ||  1. |  0. |  0. |


state to eval, currenty is playerone turn=true

|  0. |  0. |  0. ||  0. |  0. |  1. ||  0. |  0. |  0. |
|  0. |  0. |  1. ||  0. |  0. |  0. ||  0. |  0. |  0. |
|  0. |  0. |  0. ||  0. |  0. |  0. ||  0. | -1. |  0. |
|=====+=====+=====||=====+=====+=====||=====+=====+=====|
|  0. |  0. |  0. ||  0. |  0. |  0. ||  0. |  0. |  0. |
|  0. |  0. |  0. ||  0. |  0. |  0. ||  0. |  0. | -1. |
|  0. |  0. |  0. ||  0. |  0. |  0. ||  0. |  1. |  0. |
|=====+=====+=====||=====+=====+=====||=====+=====+=====|
|  0. | -1. |  0. ||* 0. |* 0. |* 0. ||  0. |  0. |  0. |
|  0. |  0. |  0. ||* 0. |* 0. |* 0. ||  0. |  0. |  0. |
|  0. |  0. |  0. ||* 0. |* 0. |*-1. ||  1. |  0. |  0. |


Determined best move using: 85390Iterations
current State

|  0. |  0. |  0. ||  0. |  0. |  1. ||  0. |  0. |  0. |
|  0. |  0. |  1. ||  0. |  0. |  0. ||  0. |  0. |  0. |
|  0. |  0. |  0. ||  0. |  0. |  0. ||  0. | -1. |  0. |
|=====+=====+=====||=====+=====+=====||=====+=====+=====|
|  0. |  0. |  0. ||* 0. |* 0. |* 0. ||  0. |  0. |  0. |
|  0. |  0. |  0. ||* 0. |* 0. |* 0. ||  0. |  0. | -1. |
|  0. |  0. |  0. ||* 0. |* 0. |* 0. ||  0. |  1. |  0. |
|=====+=====+=====||=====+=====+=====||=====+=====+=====|
|  0. | -1. |  0. ||  0. |  0. |  0. ||  0. |  0. |  0. |
|  0. |  0. |  0. ||  0. |  1. |  0. ||  0. |  0. |  0. |
|  0. |  0. |  0. ||  0. |  0. | -1. ||  1. |  0. |  0. |


state to eval, currenty is playerone turn=false

| -0. | -0. | -0. || -0. | -0. | -1. || -0. | -0. | -0. |
| -0. | -0. | -1. || -0. | -0. | -0. || -0. | -0. | -0. |
| -0. | -0. | -0. || -0. | -0. | -0. || -0. |  1. | -0. |
|=====+=====+=====||=====+=====+=====||=====+=====+=====|
| -0. | -0. | -0. ||*-0. |*-0. |*-0. || -0. | -0. | -0. |
| -0. | -0. | -0. ||*-0. |*-0. |*-0. || -0. | -0. |  1. |
| -0. | -0. | -0. ||*-0. |*-0. |*-0. || -0. | -1. | -0. |
|=====+=====+=====||=====+=====+=====||=====+=====+=====|
| -0. |  1. | -0. || -0. | -0. | -0. || -0. | -0. | -0. |
| -0. | -0. | -0. || -0. | -1. | -0. || -0. | -0. | -0. |
| -0. | -0. | -0. || -0. | -0. |  1. || -1. | -0. | -0. |


current State

|  0. |  0. |  0. ||  0. |  0. |  1. ||  0. |  0. |  0. |
|  0. |  0. |  1. ||  0. |  0. |  0. ||  0. |  0. |  0. |
|  0. |  0. |  0. ||  0. |  0. |  0. ||  0. | -1. |  0. |
|=====+=====+=====||=====+=====+=====||=====+=====+=====|
|  0. |  0. |  0. ||  0. |  0. |  0. ||  0. |  0. |  0. |
|  0. |  0. |  0. ||  0. |  0. |  0. ||  0. |  0. | -1. |
|  0. |  0. |  0. || -1. |  0. |  0. ||  0. |  1. |  0. |
|=====+=====+=====||=====+=====+=====||=====+=====+=====|
|* 0. |*-1. |* 0. ||  0. |  0. |  0. ||  0. |  0. |  0. |
|* 0. |* 0. |* 0. ||  0. |  1. |  0. ||  0. |  0. |  0. |
|* 0. |* 0. |* 0. ||  0. |  0. | -1. ||  1. |  0. |  0. |


state to eval, currenty is playerone turn=true

|  0. |  0. |  0. ||  0. |  0. |  1. ||  0. |  0. |  0. |
|  0. |  0. |  1. ||  0. |  0. |  0. ||  0. |  0. |  0. |
|  0. |  0. |  0. ||  0. |  0. |  0. ||  0. | -1. |  0. |
|=====+=====+=====||=====+=====+=====||=====+=====+=====|
|  0. |  0. |  0. ||  0. |  0. |  0. ||  0. |  0. |  0. |
|  0. |  0. |  0. ||  0. |  0. |  0. ||  0. |  0. | -1. |
|  0. |  0. |  0. || -1. |  0. |  0. ||  0. |  1. |  0. |
|=====+=====+=====||=====+=====+=====||=====+=====+=====|
|* 0. |*-1. |* 0. ||  0. |  0. |  0. ||  0. |  0. |  0. |
|* 0. |* 0. |* 0. ||  0. |  1. |  0. ||  0. |  0. |  0. |
|* 0. |* 0. |* 0. ||  0. |  0. | -1. ||  1. |  0. |  0. |


current State

|  0. |  0. |  0. ||  0. |  0. |  1. ||  0. |  0. |  0. |
|  0. |  0. |  1. ||  0. |  0. |  0. ||  0. |  0. |  0. |
|  0. |  0. |  0. ||  0. |  0. |  0. ||  0. | -1. |  0. |
|=====+=====+=====||=====+=====+=====||=====+=====+=====|
|* 0. |* 0. |* 0. ||  0. |  0. |  0. ||  0. |  0. |  0. |
|* 0. |* 0. |* 0. ||  0. |  0. |  0. ||  0. |  0. | -1. |
|* 0. |* 0. |* 0. || -1. |  0. |  0. ||  0. |  1. |  0. |
|=====+=====+=====||=====+=====+=====||=====+=====+=====|
|  0. | -1. |  0. ||  0. |  0. |  0. ||  0. |  0. |  0. |
|  1. |  0. |  0. ||  0. |  1. |  0. ||  0. |  0. |  0. |
|  0. |  0. |  0. ||  0. |  0. | -1. ||  1. |  0. |  0. |


state to eval, currenty is playerone turn=false

| -0. | -0. | -0. || -0. | -0. | -1. || -0. | -0. | -0. |
| -0. | -0. | -1. || -0. | -0. | -0. || -0. | -0. | -0. |
| -0. | -0. | -0. || -0. | -0. | -0. || -0. |  1. | -0. |
|=====+=====+=====||=====+=====+=====||=====+=====+=====|
|*-0. |*-0. |*-0. || -0. | -0. | -0. || -0. | -0. | -0. |
|*-0. |*-0. |*-0. || -0. | -0. | -0. || -0. | -0. |  1. |
|*-0. |*-0. |*-0. ||  1. | -0. | -0. || -0. | -1. | -0. |
|=====+=====+=====||=====+=====+=====||=====+=====+=====|
| -0. |  1. | -0. || -0. | -0. | -0. || -0. | -0. | -0. |
| -1. | -0. | -0. || -0. | -1. | -0. || -0. | -0. | -0. |
| -0. | -0. | -0. || -0. | -0. |  1. || -1. | -0. | -0. |


current State

|  0. |  0. |  0. ||  0. |  0. |  1. ||* 0. |* 0. |* 0. |
|  0. |  0. |  1. ||  0. |  0. |  0. ||* 0. |* 0. |* 0. |
|  0. |  0. |  0. ||  0. |  0. |  0. ||* 0. |*-1. |* 0. |
|=====+=====+=====||=====+=====+=====||=====+=====+=====|
|  0. |  0. | -1. ||  0. |  0. |  0. ||  0. |  0. |  0. |
|  0. |  0. |  0. ||  0. |  0. |  0. ||  0. |  0. | -1. |
|  0. |  0. |  0. || -1. |  0. |  0. ||  0. |  1. |  0. |
|=====+=====+=====||=====+=====+=====||=====+=====+=====|
|  0. | -1. |  0. ||  0. |  0. |  0. ||  0. |  0. |  0. |
|  1. |  0. |  0. ||  0. |  1. |  0. ||  0. |  0. |  0. |
|  0. |  0. |  0. ||  0. |  0. | -1. ||  1. |  0. |  0. |


state to eval, currenty is playerone turn=true

|  0. |  0. |  0. ||  0. |  0. |  1. ||* 0. |* 0. |* 0. |
|  0. |  0. |  1. ||  0. |  0. |  0. ||* 0. |* 0. |* 0. |
|  0. |  0. |  0. ||  0. |  0. |  0. ||* 0. |*-1. |* 0. |
|=====+=====+=====||=====+=====+=====||=====+=====+=====|
|  0. |  0. | -1. ||  0. |  0. |  0. ||  0. |  0. |  0. |
|  0. |  0. |  0. ||  0. |  0. |  0. ||  0. |  0. | -1. |
|  0. |  0. |  0. || -1. |  0. |  0. ||  0. |  1. |  0. |
|=====+=====+=====||=====+=====+=====||=====+=====+=====|
|  0. | -1. |  0. ||  0. |  0. |  0. ||  0. |  0. |  0. |
|  1. |  0. |  0. ||  0. |  1. |  0. ||  0. |  0. |  0. |
|  0. |  0. |  0. ||  0. |  0. | -1. ||  1. |  0. |  0. |


Determined best move using: 90245Iterations
Determined best move using: 67975Iterations
current State

|  0. |  0. |  0. ||  0. |  0. |  1. ||  0. |  0. |  0. |
|  0. |  0. |  1. ||  0. |  0. |  0. ||  1. |  0. |  0. |
|  0. |  0. |  0. ||  0. |  0. |  0. ||  0. | -1. |  0. |
|=====+=====+=====||=====+=====+=====||=====+=====+=====|
|* 0. |* 0. |*-1. ||  0. |  0. |  0. ||  0. |  0. |  0. |
|* 0. |* 0. |* 0. ||  0. |  0. |  0. ||  0. |  0. | -1. |
|* 0. |* 0. |* 0. || -1. |  0. |  0. ||  0. |  1. |  0. |
|=====+=====+=====||=====+=====+=====||=====+=====+=====|
|  0. | -1. |  0. ||  0. |  0. |  0. ||  0. |  0. |  0. |
|  1. |  0. |  0. ||  0. |  1. |  0. ||  0. |  0. |  0. |
|  0. |  0. |  0. ||  0. |  0. | -1. ||  1. |  0. |  0. |


state to eval, currenty is playerone turn=false

| -0. | -0. | -0. || -0. | -0. | -1. || -0. | -0. | -0. |
| -0. | -0. | -1. || -0. | -0. | -0. || -1. | -0. | -0. |
| -0. | -0. | -0. || -0. | -0. | -0. || -0. |  1. | -0. |
|=====+=====+=====||=====+=====+=====||=====+=====+=====|
|*-0. |*-0. |* 1. || -0. | -0. | -0. || -0. | -0. | -0. |
|*-0. |*-0. |*-0. || -0. | -0. | -0. || -0. | -0. |  1. |
|*-0. |*-0. |*-0. ||  1. | -0. | -0. || -0. | -1. | -0. |
|=====+=====+=====||=====+=====+=====||=====+=====+=====|
| -0. |  1. | -0. || -0. | -0. | -0. || -0. | -0. | -0. |
| -1. | -0. | -0. || -0. | -1. | -0. || -0. | -0. | -0. |
| -0. | -0. | -0. || -0. | -0. |  1. || -1. | -0. | -0. |


current State

|  0. |  0. |  0. ||* 0. |* 0. |* 1. ||  0. |  0. |  0. |
|  0. |  0. |  1. ||* 0. |* 0. |* 0. ||  1. |  0. |  0. |
|  0. |  0. |  0. ||* 0. |* 0. |* 0. ||  0. | -1. |  0. |
|=====+=====+=====||=====+=====+=====||=====+=====+=====|
|  0. | -1. | -1. ||  0. |  0. |  0. ||  0. |  0. |  0. |
|  0. |  0. |  0. ||  0. |  0. |  0. ||  0. |  0. | -1. |
|  0. |  0. |  0. || -1. |  0. |  0. ||  0. |  1. |  0. |
|=====+=====+=====||=====+=====+=====||=====+=====+=====|
|  0. | -1. |  0. ||  0. |  0. |  0. ||  0. |  0. |  0. |
|  1. |  0. |  0. ||  0. |  1. |  0. ||  0. |  0. |  0. |
|  0. |  0. |  0. ||  0. |  0. | -1. ||  1. |  0. |  0. |


state to eval, currenty is playerone turn=true

|  0. |  0. |  0. ||* 0. |* 0. |* 1. ||  0. |  0. |  0. |
|  0. |  0. |  1. ||* 0. |* 0. |* 0. ||  1. |  0. |  0. |
|  0. |  0. |  0. ||* 0. |* 0. |* 0. ||  0. | -1. |  0. |
|=====+=====+=====||=====+=====+=====||=====+=====+=====|
|  0. | -1. | -1. ||  0. |  0. |  0. ||  0. |  0. |  0. |
|  0. |  0. |  0. ||  0. |  0. |  0. ||  0. |  0. | -1. |
|  0. |  0. |  0. || -1. |  0. |  0. ||  0. |  1. |  0. |
|=====+=====+=====||=====+=====+=====||=====+=====+=====|
|  0. | -1. |  0. ||  0. |  0. |  0. ||  0. |  0. |  0. |
|  1. |  0. |  0. ||  0. |  1. |  0. ||  0. |  0. |  0. |
|  0. |  0. |  0. ||  0. |  0. | -1. ||  1. |  0. |  0. |


current State

|  0. |  0. |  0. ||  0. |  0. |  1. ||  0. |  0. |  0. |
|  0. |  0. |  1. ||  0. |  0. |  0. ||  1. |  0. |  0. |
|  0. |  0. |  0. ||  0. |  1. |  0. ||  0. | -1. |  0. |
|=====+=====+=====||=====+=====+=====||=====+=====+=====|
|  0. | -1. | -1. ||  0. |  0. |  0. ||  0. |  0. |  0. |
|  0. |  0. |  0. ||  0. |  0. |  0. ||  0. |  0. | -1. |
|  0. |  0. |  0. || -1. |  0. |  0. ||  0. |  1. |  0. |
|=====+=====+=====||=====+=====+=====||=====+=====+=====|
|  0. | -1. |  0. ||* 0. |* 0. |* 0. ||  0. |  0. |  0. |
|  1. |  0. |  0. ||* 0. |* 1. |* 0. ||  0. |  0. |  0. |
|  0. |  0. |  0. ||* 0. |* 0. |*-1. ||  1. |  0. |  0. |


state to eval, currenty is playerone turn=false

| -0. | -0. | -0. || -0. | -0. | -1. || -0. | -0. | -0. |
| -0. | -0. | -1. || -0. | -0. | -0. || -1. | -0. | -0. |
| -0. | -0. | -0. || -0. | -1. | -0. || -0. |  1. | -0. |
|=====+=====+=====||=====+=====+=====||=====+=====+=====|
| -0. |  1. |  1. || -0. | -0. | -0. || -0. | -0. | -0. |
| -0. | -0. | -0. || -0. | -0. | -0. || -0. | -0. |  1. |
| -0. | -0. | -0. ||  1. | -0. | -0. || -0. | -1. | -0. |
|=====+=====+=====||=====+=====+=====||=====+=====+=====|
| -0. |  1. | -0. ||*-0. |*-0. |*-0. || -0. | -0. | -0. |
| -1. | -0. | -0. ||*-0. |*-1. |*-0. || -0. | -0. | -0. |
| -0. | -0. | -0. ||*-0. |*-0. |* 1. || -1. | -0. | -0. |


Determined best move using: 70497Iterations
current State

|* 0. |* 0. |* 0. ||  0. |  0. |  1. ||  0. |  0. |  0. |
|* 0. |* 0. |* 1. ||  0. |  0. |  0. ||  1. |  0. |  0. |
|* 0. |* 0. |* 0. ||  0. |  1. |  0. ||  0. | -1. |  0. |
|=====+=====+=====||=====+=====+=====||=====+=====+=====|
|  0. | -1. | -1. ||  0. |  0. |  0. ||  0. |  0. |  0. |
|  0. |  0. |  0. ||  0. |  0. |  0. ||  0. |  0. | -1. |
|  0. |  0. |  0. || -1. |  0. |  0. ||  0. |  1. |  0. |
|=====+=====+=====||=====+=====+=====||=====+=====+=====|
|  0. | -1. |  0. || -1. |  0. |  0. ||  0. |  0. |  0. |
|  1. |  0. |  0. ||  0. |  1. |  0. ||  0. |  0. |  0. |
|  0. |  0. |  0. ||  0. |  0. | -1. ||  1. |  0. |  0. |


state to eval, currenty is playerone turn=true

|* 0. |* 0. |* 0. ||  0. |  0. |  1. ||  0. |  0. |  0. |
|* 0. |* 0. |* 1. ||  0. |  0. |  0. ||  1. |  0. |  0. |
|* 0. |* 0. |* 0. ||  0. |  1. |  0. ||  0. | -1. |  0. |
|=====+=====+=====||=====+=====+=====||=====+=====+=====|
|  0. | -1. | -1. ||  0. |  0. |  0. ||  0. |  0. |  0. |
|  0. |  0. |  0. ||  0. |  0. |  0. ||  0. |  0. | -1. |
|  0. |  0. |  0. || -1. |  0. |  0. ||  0. |  1. |  0. |
|=====+=====+=====||=====+=====+=====||=====+=====+=====|
|  0. | -1. |  0. || -1. |  0. |  0. ||  0. |  0. |  0. |
|  1. |  0. |  0. ||  0. |  1. |  0. ||  0. |  0. |  0. |
|  0. |  0. |  0. ||  0. |  0. | -1. ||  1. |  0. |  0. |


current State

|  0. |  1. |  0. ||* 0. |* 0. |* 1. ||  0. |  0. |  0. |
|  0. |  0. |  1. ||* 0. |* 0. |* 0. ||  1. |  0. |  0. |
|  0. |  0. |  0. ||* 0. |* 1. |* 0. ||  0. | -1. |  0. |
|=====+=====+=====||=====+=====+=====||=====+=====+=====|
|  0. | -1. | -1. ||  0. |  0. |  0. ||  0. |  0. |  0. |
|  0. |  0. |  0. ||  0. |  0. |  0. ||  0. |  0. | -1. |
|  0. |  0. |  0. || -1. |  0. |  0. ||  0. |  1. |  0. |
|=====+=====+=====||=====+=====+=====||=====+=====+=====|
|  0. | -1. |  0. || -1. |  0. |  0. ||  0. |  0. |  0. |
|  1. |  0. |  0. ||  0. |  1. |  0. ||  0. |  0. |  0. |
|  0. |  0. |  0. ||  0. |  0. | -1. ||  1. |  0. |  0. |


state to eval, currenty is playerone turn=false

| -0. | -1. | -0. ||*-0. |*-0. |*-1. || -0. | -0. | -0. |
| -0. | -0. | -1. ||*-0. |*-0. |*-0. || -1. | -0. | -0. |
| -0. | -0. | -0. ||*-0. |*-1. |*-0. || -0. |  1. | -0. |
|=====+=====+=====||=====+=====+=====||=====+=====+=====|
| -0. |  1. |  1. || -0. | -0. | -0. || -0. | -0. | -0. |
| -0. | -0. | -0. || -0. | -0. | -0. || -0. | -0. |  1. |
| -0. | -0. | -0. ||  1. | -0. | -0. || -0. | -1. | -0. |
|=====+=====+=====||=====+=====+=====||=====+=====+=====|
| -0. |  1. | -0. ||  1. | -0. | -0. || -0. | -0. | -0. |
| -1. | -0. | -0. || -0. | -1. | -0. || -0. | -0. | -0. |
| -0. | -0. | -0. || -0. | -0. |  1. || -1. | -0. | -0. |


Determined best move using: 74308Iterations
current State

|  0. |  1. |  0. ||  0. |  0. |  1. ||  0. |  0. |  0. |
|  0. |  0. |  1. ||  0. |  0. | -1. ||  1. |  0. |  0. |
|  0. |  0. |  0. ||  0. |  1. |  0. ||  0. | -1. |  0. |
|=====+=====+=====||=====+=====+=====||=====+=====+=====|
|  0. | -1. | -1. ||  0. |  0. |  0. ||* 0. |* 0. |* 0. |
|  0. |  0. |  0. ||  0. |  0. |  0. ||* 0. |* 0. |*-1. |
|  0. |  0. |  0. || -1. |  0. |  0. ||* 0. |* 1. |* 0. |
|=====+=====+=====||=====+=====+=====||=====+=====+=====|
|  0. | -1. |  0. || -1. |  0. |  0. ||  0. |  0. |  0. |
|  1. |  0. |  0. ||  0. |  1. |  0. ||  0. |  0. |  0. |
|  0. |  0. |  0. ||  0. |  0. | -1. ||  1. |  0. |  0. |


state to eval, currenty is playerone turn=true

|  0. |  1. |  0. ||  0. |  0. |  1. ||  0. |  0. |  0. |
|  0. |  0. |  1. ||  0. |  0. | -1. ||  1. |  0. |  0. |
|  0. |  0. |  0. ||  0. |  1. |  0. ||  0. | -1. |  0. |
|=====+=====+=====||=====+=====+=====||=====+=====+=====|
|  0. | -1. | -1. ||  0. |  0. |  0. ||* 0. |* 0. |* 0. |
|  0. |  0. |  0. ||  0. |  0. |  0. ||* 0. |* 0. |*-1. |
|  0. |  0. |  0. || -1. |  0. |  0. ||* 0. |* 1. |* 0. |
|=====+=====+=====||=====+=====+=====||=====+=====+=====|
|  0. | -1. |  0. || -1. |  0. |  0. ||  0. |  0. |  0. |
|  1. |  0. |  0. ||  0. |  1. |  0. ||  0. |  0. |  0. |
|  0. |  0. |  0. ||  0. |  0. | -1. ||  1. |  0. |  0. |


current State

|  0. |  1. |  0. ||* 0. |* 0. |* 1. ||  0. |  0. |  0. |
|  0. |  0. |  1. ||* 0. |* 0. |*-1. ||  1. |  0. |  0. |
|  0. |  0. |  0. ||* 0. |* 1. |* 0. ||  0. | -1. |  0. |
|=====+=====+=====||=====+=====+=====||=====+=====+=====|
|  0. | -1. | -1. ||  0. |  0. |  0. ||  0. |  1. |  0. |
|  0. |  0. |  0. ||  0. |  0. |  0. ||  0. |  0. | -1. |
|  0. |  0. |  0. || -1. |  0. |  0. ||  0. |  1. |  0. |
|=====+=====+=====||=====+=====+=====||=====+=====+=====|
|  0. | -1. |  0. || -1. |  0. |  0. ||  0. |  0. |  0. |
|  1. |  0. |  0. ||  0. |  1. |  0. ||  0. |  0. |  0. |
|  0. |  0. |  0. ||  0. |  0. | -1. ||  1. |  0. |  0. |


state to eval, currenty is playerone turn=false

| -0. | -1. | -0. ||*-0. |*-0. |*-1. || -0. | -0. | -0. |
| -0. | -0. | -1. ||*-0. |*-0. |* 1. || -1. | -0. | -0. |
| -0. | -0. | -0. ||*-0. |*-1. |*-0. || -0. |  1. | -0. |
|=====+=====+=====||=====+=====+=====||=====+=====+=====|
| -0. |  1. |  1. || -0. | -0. | -0. || -0. | -1. | -0. |
| -0. | -0. | -0. || -0. | -0. | -0. || -0. | -0. |  1. |
| -0. | -0. | -0. ||  1. | -0. | -0. || -0. | -1. | -0. |
|=====+=====+=====||=====+=====+=====||=====+=====+=====|
| -0. |  1. | -0. ||  1. | -0. | -0. || -0. | -0. | -0. |
| -1. | -0. | -0. || -0. | -1. | -0. || -0. | -0. | -0. |
| -0. | -0. | -0. || -0. | -0. |  1. || -1. | -0. | -0. |


current State

|  0. |  1. |  0. ||  0. |  0. |  1. ||  0. |  0. |  0. |
|  0. |  0. |  1. ||  0. |  0. | -1. ||  1. |  0. |  0. |
|  0. |  0. |  0. || -1. |  1. |  0. ||  0. | -1. |  0. |
|=====+=====+=====||=====+=====+=====||=====+=====+=====|
|  0. | -1. | -1. ||  0. |  0. |  0. ||  0. |  1. |  0. |
|  0. |  0. |  0. ||  0. |  0. |  0. ||  0. |  0. | -1. |
|  0. |  0. |  0. || -1. |  0. |  0. ||  0. |  1. |  0. |
|=====+=====+=====||=====+=====+=====||=====+=====+=====|
|* 0. |*-1. |* 0. || -1. |  0. |  0. ||  0. |  0. |  0. |
|* 1. |* 0. |* 0. ||  0. |  1. |  0. ||  0. |  0. |  0. |
|* 0. |* 0. |* 0. ||  0. |  0. | -1. ||  1. |  0. |  0. |


state to eval, currenty is playerone turn=true

|  0. |  1. |  0. ||  0. |  0. |  1. ||  0. |  0. |  0. |
|  0. |  0. |  1. ||  0. |  0. | -1. ||  1. |  0. |  0. |
|  0. |  0. |  0. || -1. |  1. |  0. ||  0. | -1. |  0. |
|=====+=====+=====||=====+=====+=====||=====+=====+=====|
|  0. | -1. | -1. ||  0. |  0. |  0. ||  0. |  1. |  0. |
|  0. |  0. |  0. ||  0. |  0. |  0. ||  0. |  0. | -1. |
|  0. |  0. |  0. || -1. |  0. |  0. ||  0. |  1. |  0. |
|=====+=====+=====||=====+=====+=====||=====+=====+=====|
|* 0. |*-1. |* 0. || -1. |  0. |  0. ||  0. |  0. |  0. |
|* 1. |* 0. |* 0. ||  0. |  1. |  0. ||  0. |  0. |  0. |
|* 0. |* 0. |* 0. ||  0. |  0. | -1. ||  1. |  0. |  0. |


current State

|  0. |  1. |  0. ||  0. |  0. |  1. ||  0. |  0. |  0. |
|  0. |  0. |  1. ||  0. |  0. | -1. ||  1. |  0. |  0. |
|  0. |  0. |  0. || -1. |  1. |  0. ||  0. | -1. |  0. |
|=====+=====+=====||=====+=====+=====||=====+=====+=====|
|  0. | -1. | -1. ||  0. |  0. |  0. ||  0. |  1. |  0. |
|  0. |  0. |  0. ||  0. |  0. |  0. ||  0. |  0. | -1. |
|  0. |  0. |  0. || -1. |  0. |  0. ||  0. |  1. |  0. |
|=====+=====+=====||=====+=====+=====||=====+=====+=====|
|  0. | -1. |  0. || -1. |  0. |  0. ||* 0. |* 0. |* 0. |
|  1. |  0. |  0. ||  0. |  1. |  0. ||* 0. |* 0. |* 0. |
|  0. |  0. |  1. ||  0. |  0. | -1. ||* 1. |* 0. |* 0. |


state to eval, currenty is playerone turn=false

| -0. | -1. | -0. || -0. | -0. | -1. || -0. | -0. | -0. |
| -0. | -0. | -1. || -0. | -0. |  1. || -1. | -0. | -0. |
| -0. | -0. | -0. ||  1. | -1. | -0. || -0. |  1. | -0. |
|=====+=====+=====||=====+=====+=====||=====+=====+=====|
| -0. |  1. |  1. || -0. | -0. | -0. || -0. | -1. | -0. |
| -0. | -0. | -0. || -0. | -0. | -0. || -0. | -0. |  1. |
| -0. | -0. | -0. ||  1. | -0. | -0. || -0. | -1. | -0. |
|=====+=====+=====||=====+=====+=====||=====+=====+=====|
| -0. |  1. | -0. ||  1. | -0. | -0. ||*-0. |*-0. |*-0. |
| -1. | -0. | -0. || -0. | -1. | -0. ||*-0. |*-0. |*-0. |
| -0. | -0. | -1. || -0. | -0. |  1. ||*-1. |*-0. |*-0. |


Determined best move using: 75598Iterations
current State

|  0. |  1. |  0. ||  0. |  0. |  1. ||  0. |  0. |  0. |
|  0. |  0. |  1. ||  0. |  0. | -1. ||  1. |  0. |  0. |
|  0. |  0. |  0. || -1. |  1. |  0. ||  0. | -1. |  0. |
|=====+=====+=====||=====+=====+=====||=====+=====+=====|
|  0. | -1. | -1. ||  0. |  0. |  0. ||* 0. |* 1. |* 0. |
|  0. |  0. |  0. ||  0. |  0. |  0. ||* 0. |* 0. |*-1. |
|  0. |  0. |  0. || -1. |  0. |  0. ||* 0. |* 1. |* 0. |
|=====+=====+=====||=====+=====+=====||=====+=====+=====|
|  0. | -1. |  0. || -1. |  0. |  0. ||  0. |  0. |  0. |
|  1. |  0. |  0. ||  0. |  1. |  0. ||  0. |  0. | -1. |
|  0. |  0. |  1. ||  0. |  0. | -1. ||  1. |  0. |  0. |


state to eval, currenty is playerone turn=true

|  0. |  1. |  0. ||  0. |  0. |  1. ||  0. |  0. |  0. |
|  0. |  0. |  1. ||  0. |  0. | -1. ||  1. |  0. |  0. |
|  0. |  0. |  0. || -1. |  1. |  0. ||  0. | -1. |  0. |
|=====+=====+=====||=====+=====+=====||=====+=====+=====|
|  0. | -1. | -1. ||  0. |  0. |  0. ||* 0. |* 1. |* 0. |
|  0. |  0. |  0. ||  0. |  0. |  0. ||* 0. |* 0. |*-1. |
|  0. |  0. |  0. || -1. |  0. |  0. ||* 0. |* 1. |* 0. |
|=====+=====+=====||=====+=====+=====||=====+=====+=====|
|  0. | -1. |  0. || -1. |  0. |  0. ||  0. |  0. |  0. |
|  1. |  0. |  0. ||  0. |  1. |  0. ||  0. |  0. | -1. |
|  0. |  0. |  1. ||  0. |  0. | -1. ||  1. |  0. |  0. |


Determined best move using: 76790Iterations
current State

|* 0. |* 1. |* 0. ||  0. |  0. |  1. ||  0. |  0. |  0. |
|* 0. |* 0. |* 1. ||  0. |  0. | -1. ||  1. |  0. |  0. |
|* 0. |* 0. |* 0. || -1. |  1. |  0. ||  0. | -1. |  0. |
|=====+=====+=====||=====+=====+=====||=====+=====+=====|
|  0. | -1. | -1. ||  0. |  0. |  0. ||  1. |  1. |  0. |
|  0. |  0. |  0. ||  0. |  0. |  0. ||  0. |  0. | -1. |
|  0. |  0. |  0. || -1. |  0. |  0. ||  0. |  1. |  0. |
|=====+=====+=====||=====+=====+=====||=====+=====+=====|
|  0. | -1. |  0. || -1. |  0. |  0. ||  0. |  0. |  0. |
|  1. |  0. |  0. ||  0. |  1. |  0. ||  0. |  0. | -1. |
|  0. |  0. |  1. ||  0. |  0. | -1. ||  1. |  0. |  0. |


state to eval, currenty is playerone turn=false

|*-0. |*-1. |*-0. || -0. | -0. | -1. || -0. | -0. | -0. |
|*-0. |*-0. |*-1. || -0. | -0. |  1. || -1. | -0. | -0. |
|*-0. |*-0. |*-0. ||  1. | -1. | -0. || -0. |  1. | -0. |
|=====+=====+=====||=====+=====+=====||=====+=====+=====|
| -0. |  1. |  1. || -0. | -0. | -0. || -1. | -1. | -0. |
| -0. | -0. | -0. || -0. | -0. | -0. || -0. | -0. |  1. |
| -0. | -0. | -0. ||  1. | -0. | -0. || -0. | -1. | -0. |
|=====+=====+=====||=====+=====+=====||=====+=====+=====|
| -0. |  1. | -0. ||  1. | -0. | -0. || -0. | -0. | -0. |
| -1. | -0. | -0. || -0. | -1. | -0. || -0. | -0. |  1. |
| -0. | -0. | -1. || -0. | -0. |  1. || -1. | -0. | -0. |


Determined best move using: 78154Iterations
current State

|  0. |  1. |  0. ||  0. |  0. |  1. ||  0. |  0. |  0. |
| -1. |  0. |  1. ||  0. |  0. | -1. ||  1. |  0. |  0. |
|  0. |  0. |  0. || -1. |  1. |  0. ||  0. | -1. |  0. |
|=====+=====+=====||=====+=====+=====||=====+=====+=====|
|* 0. |*-1. |*-1. ||  0. |  0. |  0. ||  1. |  1. |  0. |
|* 0. |* 0. |* 0. ||  0. |  0. |  0. ||  0. |  0. | -1. |
|* 0. |* 0. |* 0. || -1. |  0. |  0. ||  0. |  1. |  0. |
|=====+=====+=====||=====+=====+=====||=====+=====+=====|
|  0. | -1. |  0. || -1. |  0. |  0. ||  0. |  0. |  0. |
|  1. |  0. |  0. ||  0. |  1. |  0. ||  0. |  0. | -1. |
|  0. |  0. |  1. ||  0. |  0. | -1. ||  1. |  0. |  0. |


state to eval, currenty is playerone turn=true

|  0. |  1. |  0. ||  0. |  0. |  1. ||  0. |  0. |  0. |
| -1. |  0. |  1. ||  0. |  0. | -1. ||  1. |  0. |  0. |
|  0. |  0. |  0. || -1. |  1. |  0. ||  0. | -1. |  0. |
|=====+=====+=====||=====+=====+=====||=====+=====+=====|
|* 0. |*-1. |*-1. ||  0. |  0. |  0. ||  1. |  1. |  0. |
|* 0. |* 0. |* 0. ||  0. |  0. |  0. ||  0. |  0. | -1. |
|* 0. |* 0. |* 0. || -1. |  0. |  0. ||  0. |  1. |  0. |
|=====+=====+=====||=====+=====+=====||=====+=====+=====|
|  0. | -1. |  0. || -1. |  0. |  0. ||  0. |  0. |  0. |
|  1. |  0. |  0. ||  0. |  1. |  0. ||  0. |  0. | -1. |
|  0. |  0. |  1. ||  0. |  0. | -1. ||  1. |  0. |  0. |


current State

|  0. |  1. |  0. ||  0. |  0. |  1. ||  0. |  0. |  0. |
| -1. |  0. |  1. ||  0. |  0. | -1. ||  1. |  0. |  0. |
|  0. |  0. |  0. || -1. |  1. |  0. ||  0. | -1. |  0. |
|=====+=====+=====||=====+=====+=====||=====+=====+=====|
|  0. | -1. | -1. ||* 0. |* 0. |* 0. ||  1. |  1. |  0. |
|  0. |  1. |  0. ||* 0. |* 0. |* 0. ||  0. |  0. | -1. |
|  0. |  0. |  0. ||*-1. |* 0. |* 0. ||  0. |  1. |  0. |
|=====+=====+=====||=====+=====+=====||=====+=====+=====|
|  0. | -1. |  0. || -1. |  0. |  0. ||  0. |  0. |  0. |
|  1. |  0. |  0. ||  0. |  1. |  0. ||  0. |  0. | -1. |
|  0. |  0. |  1. ||  0. |  0. | -1. ||  1. |  0. |  0. |


state to eval, currenty is playerone turn=false

| -0. | -1. | -0. || -0. | -0. | -1. || -0. | -0. | -0. |
|  1. | -0. | -1. || -0. | -0. |  1. || -1. | -0. | -0. |
| -0. | -0. | -0. ||  1. | -1. | -0. || -0. |  1. | -0. |
|=====+=====+=====||=====+=====+=====||=====+=====+=====|
| -0. |  1. |  1. ||*-0. |*-0. |*-0. || -1. | -1. | -0. |
| -0. | -1. | -0. ||*-0. |*-0. |*-0. || -0. | -0. |  1. |
| -0. | -0. | -0. ||* 1. |*-0. |*-0. || -0. | -1. | -0. |
|=====+=====+=====||=====+=====+=====||=====+=====+=====|
| -0. |  1. | -0. ||  1. | -0. | -0. || -0. | -0. | -0. |
| -1. | -0. | -0. || -0. | -1. | -0. || -0. | -0. |  1. |
| -0. | -0. | -1. || -0. | -0. |  1. || -1. | -0. | -0. |


Determined best move using: 86093Iterations
current State

|  0. |  1. |  0. ||  0. |  0. |  1. ||  0. |  0. |  0. |
| -1. |  0. |  1. ||  0. |  0. | -1. ||  1. |  0. |  0. |
|  0. |  0. |  0. || -1. |  1. |  0. ||  0. | -1. |  0. |
|=====+=====+=====||=====+=====+=====||=====+=====+=====|
|  0. | -1. | -1. ||  0. |  0. |  0. ||  1. |  1. |  0. |
|  0. |  1. |  0. ||  0. |  0. |  0. ||  0. |  0. | -1. |
|  0. |  0. |  0. || -1. | -1. |  0. ||  0. |  1. |  0. |
|=====+=====+=====||=====+=====+=====||=====+=====+=====|
|  0. | -1. |  0. ||*-1. |* 0. |* 0. ||  0. |  0. |  0. |
|  1. |  0. |  0. ||* 0. |* 1. |* 0. ||  0. |  0. | -1. |
|  0. |  0. |  1. ||* 0. |* 0. |*-1. ||  1. |  0. |  0. |


state to eval, currenty is playerone turn=true

|  0. |  1. |  0. ||  0. |  0. |  1. ||  0. |  0. |  0. |
| -1. |  0. |  1. ||  0. |  0. | -1. ||  1. |  0. |  0. |
|  0. |  0. |  0. || -1. |  1. |  0. ||  0. | -1. |  0. |
|=====+=====+=====||=====+=====+=====||=====+=====+=====|
|  0. | -1. | -1. ||  0. |  0. |  0. ||  1. |  1. |  0. |
|  0. |  1. |  0. ||  0. |  0. |  0. ||  0. |  0. | -1. |
|  0. |  0. |  0. || -1. | -1. |  0. ||  0. |  1. |  0. |
|=====+=====+=====||=====+=====+=====||=====+=====+=====|
|  0. | -1. |  0. ||*-1. |* 0. |* 0. ||  0. |  0. |  0. |
|  1. |  0. |  0. ||* 0. |* 1. |* 0. ||  0. |  0. | -1. |
|  0. |  0. |  1. ||* 0. |* 0. |*-1. ||  1. |  0. |  0. |


Determined best move using: 88055Iterations
current State

|  0. |  1. |  0. ||  0. |  0. |  1. ||  0. |  0. |  0. |
| -1. |  0. |  1. ||  0. |  0. | -1. ||  1. |  0. |  0. |
|  0. |  0. |  0. || -1. |  1. |  0. ||  0. | -1. |  0. |
|=====+=====+=====||=====+=====+=====||=====+=====+=====|
|* 0. |*-1. |*-1. ||  0. |  0. |  0. ||  1. |  1. |  0. |
|* 0. |* 1. |* 0. ||  0. |  0. |  0. ||  0. |  0. | -1. |
|* 0. |* 0. |* 0. || -1. | -1. |  0. ||  0. |  1. |  0. |
|=====+=====+=====||=====+=====+=====||=====+=====+=====|
|  0. | -1. |  0. || -1. |  0. |  0. ||  0. |  0. |  0. |
|  1. |  0. |  0. ||  1. |  1. |  0. ||  0. |  0. | -1. |
|  0. |  0. |  1. ||  0. |  0. | -1. ||  1. |  0. |  0. |


state to eval, currenty is playerone turn=false

| -0. | -1. | -0. || -0. | -0. | -1. || -0. | -0. | -0. |
|  1. | -0. | -1. || -0. | -0. |  1. || -1. | -0. | -0. |
| -0. | -0. | -0. ||  1. | -1. | -0. || -0. |  1. | -0. |
|=====+=====+=====||=====+=====+=====||=====+=====+=====|
|*-0. |* 1. |* 1. || -0. | -0. | -0. || -1. | -1. | -0. |
|*-0. |*-1. |*-0. || -0. | -0. | -0. || -0. | -0. |  1. |
|*-0. |*-0. |*-0. ||  1. |  1. | -0. || -0. | -1. | -0. |
|=====+=====+=====||=====+=====+=====||=====+=====+=====|
| -0. |  1. | -0. ||  1. | -0. | -0. || -0. | -0. | -0. |
| -1. | -0. | -0. || -1. | -1. | -0. || -0. | -0. |  1. |
| -0. | -0. | -1. || -0. | -0. |  1. || -1. | -0. | -0. |


current State

|* 0. |* 1. |* 0. ||  0. |  0. |  1. ||  0. |  0. |  0. |
|*-1. |* 0. |* 1. ||  0. |  0. | -1. ||  1. |  0. |  0. |
|* 0. |* 0. |* 0. || -1. |  1. |  0. ||  0. | -1. |  0. |
|=====+=====+=====||=====+=====+=====||=====+=====+=====|
| -1. | -1. | -1. ||  0. |  0. |  0. ||  1. |  1. |  0. |
|  0. |  1. |  0. ||  0. |  0. |  0. ||  0. |  0. | -1. |
|  0. |  0. |  0. || -1. | -1. |  0. ||  0. |  1. |  0. |
|=====+=====+=====||=====+=====+=====||=====+=====+=====|
|  0. | -1. |  0. || -1. |  0. |  0. ||  0. |  0. |  0. |
|  1. |  0. |  0. ||  1. |  1. |  0. ||  0. |  0. | -1. |
|  0. |  0. |  1. ||  0. |  0. | -1. ||  1. |  0. |  0. |


state to eval, currenty is playerone turn=true

|* 0. |* 1. |* 0. ||  0. |  0. |  1. ||  0. |  0. |  0. |
|*-1. |* 0. |* 1. ||  0. |  0. | -1. ||  1. |  0. |  0. |
|* 0. |* 0. |* 0. || -1. |  1. |  0. ||  0. | -1. |  0. |
|=====+=====+=====||=====+=====+=====||=====+=====+=====|
| -1. | -1. | -1. ||  0. |  0. |  0. ||  1. |  1. |  0. |
|  0. |  1. |  0. ||  0. |  0. |  0. ||  0. |  0. | -1. |
|  0. |  0. |  0. || -1. | -1. |  0. ||  0. |  1. |  0. |
|=====+=====+=====||=====+=====+=====||=====+=====+=====|
|  0. | -1. |  0. || -1. |  0. |  0. ||  0. |  0. |  0. |
|  1. |  0. |  0. ||  1. |  1. |  0. ||  0. |  0. | -1. |
|  0. |  0. |  1. ||  0. |  0. | -1. ||  1. |  0. |  0. |


Determined best move using: 87899Iterations
current State

|  0. |  1. |  1. ||  0. |  0. |  1. ||* 0. |* 0. |* 0. |
| -1. |  0. |  1. ||  0. |  0. | -1. ||* 1. |* 0. |* 0. |
|  0. |  0. |  0. || -1. |  1. |  0. ||* 0. |*-1. |* 0. |
|=====+=====+=====||=====+=====+=====||=====+=====+=====|
| -1. | -1. | -1. ||  0. |  0. |  0. ||  1. |  1. |  0. |
|  0. |  1. |  0. ||  0. |  0. |  0. ||  0. |  0. | -1. |
|  0. |  0. |  0. || -1. | -1. |  0. ||  0. |  1. |  0. |
|=====+=====+=====||=====+=====+=====||=====+=====+=====|
|  0. | -1. |  0. || -1. |  0. |  0. ||  0. |  0. |  0. |
|  1. |  0. |  0. ||  1. |  1. |  0. ||  0. |  0. | -1. |
|  0. |  0. |  1. ||  0. |  0. | -1. ||  1. |  0. |  0. |


state to eval, currenty is playerone turn=false

| -0. | -1. | -1. || -0. | -0. | -1. ||*-0. |*-0. |*-0. |
|  1. | -0. | -1. || -0. | -0. |  1. ||*-1. |*-0. |*-0. |
| -0. | -0. | -0. ||  1. | -1. | -0. ||*-0. |* 1. |*-0. |
|=====+=====+=====||=====+=====+=====||=====+=====+=====|
|  1. |  1. |  1. || -0. | -0. | -0. || -1. | -1. | -0. |
| -0. | -1. | -0. || -0. | -0. | -0. || -0. | -0. |  1. |
| -0. | -0. | -0. ||  1. |  1. | -0. || -0. | -1. | -0. |
|=====+=====+=====||=====+=====+=====||=====+=====+=====|
| -0. |  1. | -0. ||  1. | -0. | -0. || -0. | -0. | -0. |
| -1. | -0. | -0. || -1. | -1. | -0. || -0. | -0. |  1. |
| -0. | -0. | -1. || -0. | -0. |  1. || -1. | -0. | -0. |


current State

|  0. |  1. |  1. ||  0. |  0. |  1. ||  0. |  0. |  0. |
| -1. |  0. |  1. ||  0. |  0. | -1. ||  1. | -1. |  0. |
|  0. |  0. |  0. || -1. |  1. |  0. ||  0. | -1. |  0. |
|=====+=====+=====||=====+=====+=====||=====+=====+=====|
| -1. | -1. | -1. ||* 0. |* 0. |* 0. ||  1. |  1. |  0. |
|  0. |  1. |  0. ||* 0. |* 0. |* 0. ||  0. |  0. | -1. |
|  0. |  0. |  0. ||*-1. |*-1. |* 0. ||  0. |  1. |  0. |
|=====+=====+=====||=====+=====+=====||=====+=====+=====|
|  0. | -1. |  0. || -1. |  0. |  0. ||  0. |  0. |  0. |
|  1. |  0. |  0. ||  1. |  1. |  0. ||  0. |  0. | -1. |
|  0. |  0. |  1. ||  0. |  0. | -1. ||  1. |  0. |  0. |


state to eval, currenty is playerone turn=true

|  0. |  1. |  1. ||  0. |  0. |  1. ||  0. |  0. |  0. |
| -1. |  0. |  1. ||  0. |  0. | -1. ||  1. | -1. |  0. |
|  0. |  0. |  0. || -1. |  1. |  0. ||  0. | -1. |  0. |
|=====+=====+=====||=====+=====+=====||=====+=====+=====|
| -1. | -1. | -1. ||* 0. |* 0. |* 0. ||  1. |  1. |  0. |
|  0. |  1. |  0. ||* 0. |* 0. |* 0. ||  0. |  0. | -1. |
|  0. |  0. |  0. ||*-1. |*-1. |* 0. ||  0. |  1. |  0. |
|=====+=====+=====||=====+=====+=====||=====+=====+=====|
|  0. | -1. |  0. || -1. |  0. |  0. ||  0. |  0. |  0. |
|  1. |  0. |  0. ||  1. |  1. |  0. ||  0. |  0. | -1. |
|  0. |  0. |  1. ||  0. |  0. | -1. ||  1. |  0. |  0. |


Determined best move using: 98267Iterations
current State

|  0. |  1. |  1. ||  0. |  0. |  1. ||  0. |  0. |  0. |
| -1. |  0. |  1. ||  0. |  0. | -1. ||  1. | -1. |  0. |
|  0. |  0. |  0. || -1. |  1. |  0. ||  0. | -1. |  0. |
|=====+=====+=====||=====+=====+=====||=====+=====+=====|
| -1. | -1. | -1. ||* 0. |* 0. |* 0. ||  1. |  1. |  0. |
|  0. |  1. |  0. ||* 0. |* 1. |* 0. ||  0. |  0. | -1. |
|  0. |  0. |  0. ||*-1. |*-1. |* 0. ||  0. |  1. |  0. |
|=====+=====+=====||=====+=====+=====||=====+=====+=====|
|  0. | -1. |  0. || -1. |  0. |  0. ||  0. |  0. |  0. |
|  1. |  0. |  0. ||  1. |  1. |  0. ||  0. |  0. | -1. |
|  0. |  0. |  1. ||  0. |  0. | -1. ||  1. |  0. |  0. |


state to eval, currenty is playerone turn=false

| -0. | -1. | -1. || -0. | -0. | -1. || -0. | -0. | -0. |
|  1. | -0. | -1. || -0. | -0. |  1. || -1. |  1. | -0. |
| -0. | -0. | -0. ||  1. | -1. | -0. || -0. |  1. | -0. |
|=====+=====+=====||=====+=====+=====||=====+=====+=====|
|  1. |  1. |  1. ||*-0. |*-0. |*-0. || -1. | -1. | -0. |
| -0. | -1. | -0. ||*-0. |*-1. |*-0. || -0. | -0. |  1. |
| -0. | -0. | -0. ||* 1. |* 1. |*-0. || -0. | -1. | -0. |
|=====+=====+=====||=====+=====+=====||=====+=====+=====|
| -0. |  1. | -0. ||  1. | -0. | -0. || -0. | -0. | -0. |
| -1. | -0. | -0. || -1. | -1. | -0. || -0. | -0. |  1. |
| -0. | -0. | -1. || -0. | -0. |  1. || -1. | -0. | -0. |


Determined best move using: 99562Iterations
current State

|* 0. |* 1. |* 1. ||  0. |  0. |  1. ||  0. |  0. |  0. |
|*-1. |* 0. |* 1. ||  0. |  0. | -1. ||  1. | -1. |  0. |
|* 0. |* 0. |* 0. || -1. |  1. |  0. ||  0. | -1. |  0. |
|=====+=====+=====||=====+=====+=====||=====+=====+=====|
| -1. | -1. | -1. || -1. |  0. |  0. ||  1. |  1. |  0. |
|  0. |  1. |  0. ||  0. |  1. |  0. ||  0. |  0. | -1. |
|  0. |  0. |  0. || -1. | -1. |  0. ||  0. |  1. |  0. |
|=====+=====+=====||=====+=====+=====||=====+=====+=====|
|  0. | -1. |  0. || -1. |  0. |  0. ||  0. |  0. |  0. |
|  1. |  0. |  0. ||  1. |  1. |  0. ||  0. |  0. | -1. |
|  0. |  0. |  1. ||  0. |  0. | -1. ||  1. |  0. |  0. |


state to eval, currenty is playerone turn=true

|* 0. |* 1. |* 1. ||  0. |  0. |  1. ||  0. |  0. |  0. |
|*-1. |* 0. |* 1. ||  0. |  0. | -1. ||  1. | -1. |  0. |
|* 0. |* 0. |* 0. || -1. |  1. |  0. ||  0. | -1. |  0. |
|=====+=====+=====||=====+=====+=====||=====+=====+=====|
| -1. | -1. | -1. || -1. |  0. |  0. ||  1. |  1. |  0. |
|  0. |  1. |  0. ||  0. |  1. |  0. ||  0. |  0. | -1. |
|  0. |  0. |  0. || -1. | -1. |  0. ||  0. |  1. |  0. |
|=====+=====+=====||=====+=====+=====||=====+=====+=====|
|  0. | -1. |  0. || -1. |  0. |  0. ||  0. |  0. |  0. |
|  1. |  0. |  0. ||  1. |  1. |  0. ||  0. |  0. | -1. |
|  0. |  0. |  1. ||  0. |  0. | -1. ||  1. |  0. |  0. |


current State

|  0. |  1. |  1. ||  0. |  0. |  1. ||  0. |  0. |  0. |
| -1. |  0. |  1. ||  0. |  0. | -1. ||  1. | -1. |  0. |
|  1. |  0. |  0. || -1. |  1. |  0. ||  0. | -1. |  0. |
|=====+=====+=====||=====+=====+=====||=====+=====+=====|
| -1. | -1. | -1. || -1. |  0. |  0. ||  1. |  1. |  0. |
|  0. |  1. |  0. ||  0. |  1. |  0. ||  0. |  0. | -1. |
|  0. |  0. |  0. || -1. | -1. |  0. ||  0. |  1. |  0. |
|=====+=====+=====||=====+=====+=====||=====+=====+=====|
|* 0. |*-1. |* 0. || -1. |  0. |  0. ||  0. |  0. |  0. |
|* 1. |* 0. |* 0. ||  1. |  1. |  0. ||  0. |  0. | -1. |
|* 0. |* 0. |* 1. ||  0. |  0. | -1. ||  1. |  0. |  0. |


state to eval, currenty is playerone turn=false

| -0. | -1. | -1. || -0. | -0. | -1. || -0. | -0. | -0. |
|  1. | -0. | -1. || -0. | -0. |  1. || -1. |  1. | -0. |
| -1. | -0. | -0. ||  1. | -1. | -0. || -0. |  1. | -0. |
|=====+=====+=====||=====+=====+=====||=====+=====+=====|
|  1. |  1. |  1. ||  1. | -0. | -0. || -1. | -1. | -0. |
| -0. | -1. | -0. || -0. | -1. | -0. || -0. | -0. |  1. |
| -0. | -0. | -0. ||  1. |  1. | -0. || -0. | -1. | -0. |
|=====+=====+=====||=====+=====+=====||=====+=====+=====|
|*-0. |* 1. |*-0. ||  1. | -0. | -0. || -0. | -0. | -0. |
|*-1. |*-0. |*-0. || -1. | -1. | -0. || -0. | -0. |  1. |
|*-0. |*-0. |*-1. || -0. | -0. |  1. || -1. | -0. | -0. |


current State

|  0. |  1. |  1. ||  0. |  0. |  1. ||  0. |  0. |  0. |
| -1. |  0. |  1. ||  0. |  0. | -1. ||  1. | -1. |  0. |
|  1. |  0. |  0. || -1. |  1. |  0. ||  0. | -1. |  0. |
|=====+=====+=====||=====+=====+=====||=====+=====+=====|
| -1. | -1. | -1. ||*-1. |* 0. |* 0. ||  1. |  1. |  0. |
|  0. |  1. |  0. ||* 0. |* 1. |* 0. ||  0. |  0. | -1. |
|  0. |  0. |  0. ||*-1. |*-1. |* 0. ||  0. |  1. |  0. |
|=====+=====+=====||=====+=====+=====||=====+=====+=====|
|  0. | -1. |  0. || -1. |  0. |  0. ||  0. |  0. |  0. |
|  1. | -1. |  0. ||  1. |  1. |  0. ||  0. |  0. | -1. |
|  0. |  0. |  1. ||  0. |  0. | -1. ||  1. |  0. |  0. |


state to eval, currenty is playerone turn=true

|  0. |  1. |  1. ||  0. |  0. |  1. ||  0. |  0. |  0. |
| -1. |  0. |  1. ||  0. |  0. | -1. ||  1. | -1. |  0. |
|  1. |  0. |  0. || -1. |  1. |  0. ||  0. | -1. |  0. |
|=====+=====+=====||=====+=====+=====||=====+=====+=====|
| -1. | -1. | -1. ||*-1. |* 0. |* 0. ||  1. |  1. |  0. |
|  0. |  1. |  0. ||* 0. |* 1. |* 0. ||  0. |  0. | -1. |
|  0. |  0. |  0. ||*-1. |*-1. |* 0. ||  0. |  1. |  0. |
|=====+=====+=====||=====+=====+=====||=====+=====+=====|
|  0. | -1. |  0. || -1. |  0. |  0. ||  0. |  0. |  0. |
|  1. | -1. |  0. ||  1. |  1. |  0. ||  0. |  0. | -1. |
|  0. |  0. |  1. ||  0. |  0. | -1. ||  1. |  0. |  0. |


current State

|* 0. |* 1. |* 1. ||* 0. |* 0. |* 1. ||* 0. |* 0. |* 0. |
|*-1. |* 0. |* 1. ||* 0. |* 0. |*-1. ||* 1. |*-1. |* 0. |
|* 1. |* 0. |* 0. ||*-1. |* 1. |* 0. ||* 0. |*-1. |* 0. |
|=====+=====+=====||=====+=====+=====||=====+=====+=====|
| -1. | -1. | -1. ||*-1. |* 0. |* 0. ||* 1. |* 1. |* 0. |
|  0. |  1. |  0. ||* 1. |* 1. |* 0. ||* 0. |* 0. |*-1. |
|  0. |  0. |  0. ||*-1. |*-1. |* 0. ||* 0. |* 1. |* 0. |
|=====+=====+=====||=====+=====+=====||=====+=====+=====|
|* 0. |*-1. |* 0. ||*-1. |* 0. |* 0. ||* 0. |* 0. |* 0. |
|* 1. |*-1. |* 0. ||* 1. |* 1. |* 0. ||* 0. |* 0. |*-1. |
|* 0. |* 0. |* 1. ||* 0. |* 0. |*-1. ||* 1. |* 0. |* 0. |


state to eval, currenty is playerone turn=false

|*-0. |*-1. |*-1. ||*-0. |*-0. |*-1. ||*-0. |*-0. |*-0. |
|* 1. |*-0. |*-1. ||*-0. |*-0. |* 1. ||*-1. |* 1. |*-0. |
|*-1. |*-0. |*-0. ||* 1. |*-1. |*-0. ||*-0. |* 1. |*-0. |
|=====+=====+=====||=====+=====+=====||=====+=====+=====|
|  1. |  1. |  1. ||* 1. |*-0. |*-0. ||*-1. |*-1. |*-0. |
| -0. | -1. | -0. ||*-1. |*-1. |*-0. ||*-0. |*-0. |* 1. |
| -0. | -0. | -0. ||* 1. |* 1. |*-0. ||*-0. |*-1. |*-0. |
|=====+=====+=====||=====+=====+=====||=====+=====+=====|
|*-0. |* 1. |*-0. ||* 1. |*-0. |*-0. ||*-0. |*-0. |*-0. |
|*-1. |* 1. |*-0. ||*-1. |*-1. |*-0. ||*-0. |*-0. |* 1. |
|*-0. |*-0. |*-1. ||*-0. |*-0. |* 1. ||*-1. |*-0. |*-0. |


current State

|  0. |  1. |  1. ||  0. |  0. |  1. ||  0. |  0. |  0. |
| -1. |  0. |  1. ||  0. |  0. | -1. ||  1. | -1. |  0. |
|  1. |  0. |  0. || -1. |  1. |  0. || -1. | -1. |  0. |
|=====+=====+=====||=====+=====+=====||=====+=====+=====|
| -1. | -1. | -1. || -1. |  0. |  0. ||  1. |  1. |  0. |
|  0. |  1. |  0. ||  1. |  1. |  0. ||  0. |  0. | -1. |
|  0. |  0. |  0. || -1. | -1. |  0. ||  0. |  1. |  0. |
|=====+=====+=====||=====+=====+=====||=====+=====+=====|
|* 0. |*-1. |* 0. || -1. |  0. |  0. ||  0. |  0. |  0. |
|* 1. |*-1. |* 0. ||  1. |  1. |  0. ||  0. |  0. | -1. |
|* 0. |* 0. |* 1. ||  0. |  0. | -1. ||  1. |  0. |  0. |


state to eval, currenty is playerone turn=true

|  0. |  1. |  1. ||  0. |  0. |  1. ||  0. |  0. |  0. |
| -1. |  0. |  1. ||  0. |  0. | -1. ||  1. | -1. |  0. |
|  1. |  0. |  0. || -1. |  1. |  0. || -1. | -1. |  0. |
|=====+=====+=====||=====+=====+=====||=====+=====+=====|
| -1. | -1. | -1. || -1. |  0. |  0. ||  1. |  1. |  0. |
|  0. |  1. |  0. ||  1. |  1. |  0. ||  0. |  0. | -1. |
|  0. |  0. |  0. || -1. | -1. |  0. ||  0. |  1. |  0. |
|=====+=====+=====||=====+=====+=====||=====+=====+=====|
|* 0. |*-1. |* 0. || -1. |  0. |  0. ||  0. |  0. |  0. |
|* 1. |*-1. |* 0. ||  1. |  1. |  0. ||  0. |  0. | -1. |
|* 0. |* 0. |* 1. ||  0. |  0. | -1. ||  1. |  0. |  0. |


current State

|  0. |  1. |  1. ||  0. |  0. |  1. ||  0. |  0. |  0. |
| -1. |  0. |  1. ||  0. |  0. | -1. ||  1. | -1. |  0. |
|  1. |  0. |  0. || -1. |  1. |  0. || -1. | -1. |  0. |
|=====+=====+=====||=====+=====+=====||=====+=====+=====|
| -1. | -1. | -1. || -1. |  0. |  0. ||* 1. |* 1. |* 0. |
|  0. |  1. |  0. ||  1. |  1. |  0. ||* 0. |* 0. |*-1. |
|  0. |  0. |  0. || -1. | -1. |  0. ||* 0. |* 1. |* 0. |
|=====+=====+=====||=====+=====+=====||=====+=====+=====|
|  0. | -1. |  0. || -1. |  0. |  0. ||  0. |  0. |  0. |
|  1. | -1. |  1. ||  1. |  1. |  0. ||  0. |  0. | -1. |
|  0. |  0. |  1. ||  0. |  0. | -1. ||  1. |  0. |  0. |


state to eval, currenty is playerone turn=false

| -0. | -1. | -1. || -0. | -0. | -1. || -0. | -0. | -0. |
|  1. | -0. | -1. || -0. | -0. |  1. || -1. |  1. | -0. |
| -1. | -0. | -0. ||  1. | -1. | -0. ||  1. |  1. | -0. |
|=====+=====+=====||=====+=====+=====||=====+=====+=====|
|  1. |  1. |  1. ||  1. | -0. | -0. ||*-1. |*-1. |*-0. |
| -0. | -1. | -0. || -1. | -1. | -0. ||*-0. |*-0. |* 1. |
| -0. | -0. | -0. ||  1. |  1. | -0. ||*-0. |*-1. |*-0. |
|=====+=====+=====||=====+=====+=====||=====+=====+=====|
| -0. |  1. | -0. ||  1. | -0. | -0. || -0. | -0. | -0. |
| -1. |  1. | -1. || -1. | -1. | -0. || -0. | -0. |  1. |
| -0. | -0. | -1. || -0. | -0. |  1. || -1. | -0. | -0. |


current State

|  0. |  1. |  1. ||  0. |  0. |  1. ||  0. |  0. |  0. |
| -1. |  0. |  1. ||  0. |  0. | -1. ||  1. | -1. |  0. |
|  1. |  0. |  0. || -1. |  1. |  0. || -1. | -1. |  0. |
|=====+=====+=====||=====+=====+=====||=====+=====+=====|
| -1. | -1. | -1. || -1. |  0. |  0. ||  1. |  1. |  0. |
|  0. |  1. |  0. ||  1. |  1. |  0. ||  0. |  0. | -1. |
|  0. |  0. |  0. || -1. | -1. |  0. ||  0. |  1. | -1. |
|=====+=====+=====||=====+=====+=====||=====+=====+=====|
|  0. | -1. |  0. || -1. |  0. |  0. ||* 0. |* 0. |* 0. |
|  1. | -1. |  1. ||  1. |  1. |  0. ||* 0. |* 0. |*-1. |
|  0. |  0. |  1. ||  0. |  0. | -1. ||* 1. |* 0. |* 0. |


state to eval, currenty is playerone turn=true

|  0. |  1. |  1. ||  0. |  0. |  1. ||  0. |  0. |  0. |
| -1. |  0. |  1. ||  0. |  0. | -1. ||  1. | -1. |  0. |
|  1. |  0. |  0. || -1. |  1. |  0. || -1. | -1. |  0. |
|=====+=====+=====||=====+=====+=====||=====+=====+=====|
| -1. | -1. | -1. || -1. |  0. |  0. ||  1. |  1. |  0. |
|  0. |  1. |  0. ||  1. |  1. |  0. ||  0. |  0. | -1. |
|  0. |  0. |  0. || -1. | -1. |  0. ||  0. |  1. | -1. |
|=====+=====+=====||=====+=====+=====||=====+=====+=====|
|  0. | -1. |  0. || -1. |  0. |  0. ||* 0. |* 0. |* 0. |
|  1. | -1. |  1. ||  1. |  1. |  0. ||* 0. |* 0. |*-1. |
|  0. |  0. |  1. ||  0. |  0. | -1. ||* 1. |* 0. |* 0. |


Determined best move using: 122329Iterations
current State

|* 0. |* 1. |* 1. ||* 0. |* 0. |* 1. ||* 0. |* 0. |* 0. |
|*-1. |* 0. |* 1. ||* 0. |* 0. |*-1. ||* 1. |*-1. |* 0. |
|* 1. |* 0. |* 0. ||*-1. |* 1. |* 0. ||*-1. |*-1. |* 0. |
|=====+=====+=====||=====+=====+=====||=====+=====+=====|
| -1. | -1. | -1. ||*-1. |* 0. |* 0. ||* 1. |* 1. |* 0. |
|  0. |  1. |  0. ||* 1. |* 1. |* 0. ||* 0. |* 0. |*-1. |
|  0. |  0. |  0. ||*-1. |*-1. |* 0. ||* 0. |* 1. |*-1. |
|=====+=====+=====||=====+=====+=====||=====+=====+=====|
|* 0. |*-1. |* 0. ||*-1. |* 0. |* 0. ||* 0. |* 0. |* 0. |
|* 1. |*-1. |* 1. ||* 1. |* 1. |* 0. ||* 1. |* 0. |*-1. |
|* 0. |* 0. |* 1. ||* 0. |* 0. |*-1. ||* 1. |* 0. |* 0. |


state to eval, currenty is playerone turn=false

|*-0. |*-1. |*-1. ||*-0. |*-0. |*-1. ||*-0. |*-0. |*-0. |
|* 1. |*-0. |*-1. ||*-0. |*-0. |* 1. ||*-1. |* 1. |*-0. |
|*-1. |*-0. |*-0. ||* 1. |*-1. |*-0. ||* 1. |* 1. |*-0. |
|=====+=====+=====||=====+=====+=====||=====+=====+=====|
|  1. |  1. |  1. ||* 1. |*-0. |*-0. ||*-1. |*-1. |*-0. |
| -0. | -1. | -0. ||*-1. |*-1. |*-0. ||*-0. |*-0. |* 1. |
| -0. | -0. | -0. ||* 1. |* 1. |*-0. ||*-0. |*-1. |* 1. |
|=====+=====+=====||=====+=====+=====||=====+=====+=====|
|*-0. |* 1. |*-0. ||* 1. |*-0. |*-0. ||*-0. |*-0. |*-0. |
|*-1. |* 1. |*-1. ||*-1. |*-1. |*-0. ||*-1. |*-0. |* 1. |
|*-0. |*-0. |*-1. ||*-0. |*-0. |* 1. ||*-1. |*-0. |*-0. |


current State

|  0. |  1. |  1. ||  0. |  0. |  1. ||* 0. |* 0. |* 0. |
| -1. |  0. |  1. ||  0. |  0. | -1. ||* 1. |*-1. |* 0. |
|  1. |  0. |  0. || -1. |  1. |  0. ||*-1. |*-1. |* 0. |
|=====+=====+=====||=====+=====+=====||=====+=====+=====|
| -1. | -1. | -1. || -1. |  0. |  0. ||  1. |  1. | -1. |
|  0. |  1. |  0. ||  1. |  1. |  0. ||  0. |  0. | -1. |
|  0. |  0. |  0. || -1. | -1. |  0. ||  0. |  1. | -1. |
|=====+=====+=====||=====+=====+=====||=====+=====+=====|
|  0. | -1. |  0. || -1. |  0. |  0. ||  0. |  0. |  0. |
|  1. | -1. |  1. ||  1. |  1. |  0. ||  1. |  0. | -1. |
|  0. |  0. |  1. ||  0. |  0. | -1. ||  1. |  0. |  0. |


state to eval, currenty is playerone turn=true

|  0. |  1. |  1. ||  0. |  0. |  1. ||* 0. |* 0. |* 0. |
| -1. |  0. |  1. ||  0. |  0. | -1. ||* 1. |*-1. |* 0. |
|  1. |  0. |  0. || -1. |  1. |  0. ||*-1. |*-1. |* 0. |
|=====+=====+=====||=====+=====+=====||=====+=====+=====|
| -1. | -1. | -1. || -1. |  0. |  0. ||  1. |  1. | -1. |
|  0. |  1. |  0. ||  1. |  1. |  0. ||  0. |  0. | -1. |
|  0. |  0. |  0. || -1. | -1. |  0. ||  0. |  1. | -1. |
|=====+=====+=====||=====+=====+=====||=====+=====+=====|
|  0. | -1. |  0. || -1. |  0. |  0. ||  0. |  0. |  0. |
|  1. | -1. |  1. ||  1. |  1. |  0. ||  1. |  0. | -1. |
|  0. |  0. |  1. ||  0. |  0. | -1. ||  1. |  0. |  0. |


current State

|  0. |  1. |  1. ||* 0. |* 0. |* 1. ||  0. |  1. |  0. |
| -1. |  0. |  1. ||* 0. |* 0. |*-1. ||  1. | -1. |  0. |
|  1. |  0. |  0. ||*-1. |* 1. |* 0. || -1. | -1. |  0. |
|=====+=====+=====||=====+=====+=====||=====+=====+=====|
| -1. | -1. | -1. || -1. |  0. |  0. ||  1. |  1. | -1. |
|  0. |  1. |  0. ||  1. |  1. |  0. ||  0. |  0. | -1. |
|  0. |  0. |  0. || -1. | -1. |  0. ||  0. |  1. | -1. |
|=====+=====+=====||=====+=====+=====||=====+=====+=====|
|  0. | -1. |  0. || -1. |  0. |  0. ||  0. |  0. |  0. |
|  1. | -1. |  1. ||  1. |  1. |  0. ||  1. |  0. | -1. |
|  0. |  0. |  1. ||  0. |  0. | -1. ||  1. |  0. |  0. |


state to eval, currenty is playerone turn=false

| -0. | -1. | -1. ||*-0. |*-0. |*-1. || -0. | -1. | -0. |
|  1. | -0. | -1. ||*-0. |*-0. |* 1. || -1. |  1. | -0. |
| -1. | -0. | -0. ||* 1. |*-1. |*-0. ||  1. |  1. | -0. |
|=====+=====+=====||=====+=====+=====||=====+=====+=====|
|  1. |  1. |  1. ||  1. | -0. | -0. || -1. | -1. |  1. |
| -0. | -1. | -0. || -1. | -1. | -0. || -0. | -0. |  1. |
| -0. | -0. | -0. ||  1. |  1. | -0. || -0. | -1. |  1. |
|=====+=====+=====||=====+=====+=====||=====+=====+=====|
| -0. |  1. | -0. ||  1. | -0. | -0. || -0. | -0. | -0. |
| -1. |  1. | -1. || -1. | -1. | -0. || -1. | -0. |  1. |
| -0. | -0. | -1. || -0. | -0. |  1. || -1. | -0. | -0. |


Determined best move using: 173209Iterations
current State

|  0. |  1. |  1. ||* 0. |*-1. |* 1. ||  0. |  1. |  0. |
| -1. |  0. |  1. ||* 0. |* 0. |*-1. ||  1. | -1. |  0. |
|  1. |  0. |  0. ||*-1. |* 1. |* 0. || -1. | -1. |  0. |
|=====+=====+=====||=====+=====+=====||=====+=====+=====|
| -1. | -1. | -1. || -1. |  0. |  0. ||  1. |  1. | -1. |
|  0. |  1. |  0. ||  1. |  1. |  0. ||  0. |  0. | -1. |
|  0. |  0. |  0. || -1. | -1. |  0. ||  0. |  1. | -1. |
|=====+=====+=====||=====+=====+=====||=====+=====+=====|
|  0. | -1. |  0. || -1. |  0. |  0. ||  0. |  0. |  0. |
|  1. | -1. |  1. ||  1. |  1. |  0. ||  1. |  0. | -1. |
|  0. |  0. |  1. ||  0. |  0. | -1. ||  1. |  0. |  0. |


state to eval, currenty is playerone turn=true

|  0. |  1. |  1. ||* 0. |*-1. |* 1. ||  0. |  1. |  0. |
| -1. |  0. |  1. ||* 0. |* 0. |*-1. ||  1. | -1. |  0. |
|  1. |  0. |  0. ||*-1. |* 1. |* 0. || -1. | -1. |  0. |
|=====+=====+=====||=====+=====+=====||=====+=====+=====|
| -1. | -1. | -1. || -1. |  0. |  0. ||  1. |  1. | -1. |
|  0. |  1. |  0. ||  1. |  1. |  0. ||  0. |  0. | -1. |
|  0. |  0. |  0. || -1. | -1. |  0. ||  0. |  1. | -1. |
|=====+=====+=====||=====+=====+=====||=====+=====+=====|
|  0. | -1. |  0. || -1. |  0. |  0. ||  0. |  0. |  0. |
|  1. | -1. |  1. ||  1. |  1. |  0. ||  1. |  0. | -1. |
|  0. |  0. |  1. ||  0. |  0. | -1. ||  1. |  0. |  0. |


Determined best move using: 197357Iterations
current State

|  0. |  1. |  1. ||  0. | -1. |  1. ||  0. |  1. |  0. |
| -1. |  0. |  1. ||  0. |  1. | -1. ||  1. | -1. |  0. |
|  1. |  0. |  0. || -1. |  1. |  0. || -1. | -1. |  0. |
|=====+=====+=====||=====+=====+=====||=====+=====+=====|
| -1. | -1. | -1. ||*-1. |* 0. |* 0. ||  1. |  1. | -1. |
|  0. |  1. |  0. ||* 1. |* 1. |* 0. ||  0. |  0. | -1. |
|  0. |  0. |  0. ||*-1. |*-1. |* 0. ||  0. |  1. | -1. |
|=====+=====+=====||=====+=====+=====||=====+=====+=====|
|  0. | -1. |  0. || -1. |  0. |  0. ||  0. |  0. |  0. |
|  1. | -1. |  1. ||  1. |  1. |  0. ||  1. |  0. | -1. |
|  0. |  0. |  1. ||  0. |  0. | -1. ||  1. |  0. |  0. |


state to eval, currenty is playerone turn=false

| -0. | -1. | -1. || -0. |  1. | -1. || -0. | -1. | -0. |
|  1. | -0. | -1. || -0. | -1. |  1. || -1. |  1. | -0. |
| -1. | -0. | -0. ||  1. | -1. | -0. ||  1. |  1. | -0. |
|=====+=====+=====||=====+=====+=====||=====+=====+=====|
|  1. |  1. |  1. ||* 1. |*-0. |*-0. || -1. | -1. |  1. |
| -0. | -1. | -0. ||*-1. |*-1. |*-0. || -0. | -0. |  1. |
| -0. | -0. | -0. ||* 1. |* 1. |*-0. || -0. | -1. |  1. |
|=====+=====+=====||=====+=====+=====||=====+=====+=====|
| -0. |  1. | -0. ||  1. | -0. | -0. || -0. | -0. | -0. |
| -1. |  1. | -1. || -1. | -1. | -0. || -1. | -0. |  1. |
| -0. | -0. | -1. || -0. | -0. |  1. || -1. | -0. | -0. |


current State

|  0. |  1. |  1. ||  0. | -1. |  1. ||  0. |  1. |  0. |
| -1. |  0. |  1. ||  0. |  1. | -1. ||  1. | -1. |  0. |
|  1. |  0. |  0. || -1. |  1. |  0. || -1. | -1. |  0. |
|=====+=====+=====||=====+=====+=====||=====+=====+=====|
| -1. | -1. | -1. || -1. |  0. |  0. ||  1. |  1. | -1. |
|  0. |  1. |  0. ||  1. |  1. |  0. ||  0. |  0. | -1. |
|  0. |  0. |  0. || -1. | -1. | -1. ||  0. |  1. | -1. |
|=====+=====+=====||=====+=====+=====||=====+=====+=====|
|  0. | -1. |  0. || -1. |  0. |  0. ||* 0. |* 0. |* 0. |
|  1. | -1. |  1. ||  1. |  1. |  0. ||* 1. |* 0. |*-1. |
|  0. |  0. |  1. ||  0. |  0. | -1. ||* 1. |* 0. |* 0. |


Game ended in: 44 moves
Actual data created in graphical format: 
[StateDatum{MCTSProbabilites=
|  .0122 |  .0124 |  .0114 ||  .0139 |  .0128 |  .0159 ||  .0081 |  .0131 |  .0144 |
|  .0127 |  .0091 |  .0203 ||  .0173 |  .0153 |  .013 ||  .0086 |  .0073 |  .0121 |
|  .0099 |  .0143 |  .0106 ||  .0084 |  .0094 |  .0162 ||  .0086 |  .0103 |  .013 |
|========+========+========||========+========+========||========+========+========|
|  .0104 |  .0146 |  .0124 ||  .0155 |  .014 |  .0058 ||  .0182 |  .0177 |  .0085 |
|  .0199 |  .0138 |  .0104 ||  .0175 |  .0107 |  .0166 ||  .014 |  .0157 |  .0097 |
|  .015 |  .0131 |  .0168 ||  .01 |  .0063 |  .0105 ||  .0137 |  .0101 |  .0097 |
|========+========+========||========+========+========||========+========+========|
|  .0182 |  .0132 |  .0154 ||  .0122 |  .0099 |  .0082 ||  .0125 |  .0186 |  .0097 |
|  .016 |  .0069 |  .0085 ||  .0098 |  .0164 |  .0079 ||  .0105 |  .0101 |  .0099 |
|  .0117 |  .0109 |  .0115 ||  .0135 |  .0151 |  .0097 ||  .0086 |  .0164 |  .0078 |

, state=
|* 0. |* 0. |* 0. ||* 0. |* 0. |* 0. ||* 0. |* 0. |* 0. |
|* 0. |* 0. |* 0. ||* 0. |* 0. |* 0. ||* 0. |* 0. |* 0. |
|* 0. |* 0. |* 0. ||* 0. |* 0. |* 0. ||* 0. |* 0. |* 0. |
|=====+=====+=====||=====+=====+=====||=====+=====+=====|
|* 0. |* 0. |* 0. ||* 0. |* 0. |* 0. ||* 0. |* 0. |* 0. |
|* 0. |* 0. |* 0. ||* 0. |* 0. |* 0. ||* 0. |* 0. |* 0. |
|* 0. |* 0. |* 0. ||* 0. |* 0. |* 0. ||* 0. |* 0. |* 0. |
|=====+=====+=====||=====+=====+=====||=====+=====+=====|
|* 0. |* 0. |* 0. ||* 0. |* 0. |* 0. ||* 0. |* 0. |* 0. |
|* 0. |* 0. |* 0. ||* 0. |* 0. |* 0. ||* 0. |* 0. |* 0. |
|* 0. |* 0. |* 0. ||* 0. |* 0. |* 0. ||* 0. |* 0. |* 0. |

, evalForThisState=-1.0, isPlayerOneTurnOriginally=true}, StateDatum{MCTSProbabilites=
|  .0 |  .0 |  .0 ||  .0 |  .0 |  .0 ||  .0 |  .0 |  .0 |
|  .0 |  .0 |  .0 ||  .0 |  .0 |  .0 ||  .0 |  .0 |  .0 |
|  .0 |  .0 |  .0 ||  .0 |  .0 |  .0 ||  .0 |  .0 |  .0 |
|========+========+========||========+========+========||========+========+========|
|  .0 |  .0 |  .0 ||  .0 |  .0 |  .0 ||  .0812 |  .0877 |  .0542 |
|  .0 |  .0 |  .0 ||  .0 |  .0 |  .0 ||  .0735 |  .0606 |  .4808 |
|  .0 |  .0 |  .0 ||  .0 |  .0 |  .0 ||  .0383 |  .0593 |  .0643 |
|========+========+========||========+========+========||========+========+========|
|  .0 |  .0 |  .0 ||  .0 |  .0 |  .0 ||  .0 |  .0 |  .0 |
|  .0 |  .0 |  .0 ||  .0 |  .0 |  .0 ||  .0 |  .0 |  .0 |
|  .0 |  .0 |  .0 ||  .0 |  .0 |  .0 ||  .0 |  .0 |  .0 |

, state=
| -0. | -0. | -0. || -0. | -0. | -0. || -0. | -0. | -0. |
| -0. | -0. | -1. || -0. | -0. | -0. || -0. | -0. | -0. |
| -0. | -0. | -0. || -0. | -0. | -0. || -0. | -0. | -0. |
|=====+=====+=====||=====+=====+=====||=====+=====+=====|
| -0. | -0. | -0. || -0. | -0. | -0. ||*-0. |*-0. |*-0. |
| -0. | -0. | -0. || -0. | -0. | -0. ||*-0. |*-0. |*-0. |
| -0. | -0. | -0. || -0. | -0. | -0. ||*-0. |*-0. |*-0. |
|=====+=====+=====||=====+=====+=====||=====+=====+=====|
| -0. | -0. | -0. || -0. | -0. | -0. || -0. | -0. | -0. |
| -0. | -0. | -0. || -0. | -0. | -0. || -0. | -0. | -0. |
| -0. | -0. | -0. || -0. | -0. | -0. || -0. | -0. | -0. |

, evalForThisState=1.0, isPlayerOneTurnOriginally=false}, StateDatum{MCTSProbabilites=
|  .0 |  .0 |  .0 ||  .0 |  .0 |  .0 ||  .0 |  .0 |  .0 |
|  .0 |  .0 |  .0 ||  .0 |  .0 |  .0 ||  .0 |  .0 |  .0 |
|  .0 |  .0 |  .0 ||  .0 |  .0 |  .0 ||  .0 |  .0 |  .0 |
|========+========+========||========+========+========||========+========+========|
|  .0 |  .0 |  .0 ||  .0 |  .0 |  .0 ||  .1547 |  .1069 |  .0932 |
|  .0 |  .0 |  .0 ||  .0 |  .0 |  .0 ||  .1327 |  .0922 |  .0 |
|  .0 |  .0 |  .0 ||  .0 |  .0 |  .0 ||  .1136 |  .1905 |  .1163 |
|========+========+========||========+========+========||========+========+========|
|  .0 |  .0 |  .0 ||  .0 |  .0 |  .0 ||  .0 |  .0 |  .0 |
|  .0 |  .0 |  .0 ||  .0 |  .0 |  .0 ||  .0 |  .0 |  .0 |
|  .0 |  .0 |  .0 ||  .0 |  .0 |  .0 ||  .0 |  .0 |  .0 |

, state=
|  0. |  0. |  0. ||  0. |  0. |  0. ||  0. |  0. |  0. |
|  0. |  0. |  1. ||  0. |  0. |  0. ||  0. |  0. |  0. |
|  0. |  0. |  0. ||  0. |  0. |  0. ||  0. |  0. |  0. |
|=====+=====+=====||=====+=====+=====||=====+=====+=====|
|  0. |  0. |  0. ||  0. |  0. |  0. ||* 0. |* 0. |* 0. |
|  0. |  0. |  0. ||  0. |  0. |  0. ||* 0. |* 0. |*-1. |
|  0. |  0. |  0. ||  0. |  0. |  0. ||* 0. |* 0. |* 0. |
|=====+=====+=====||=====+=====+=====||=====+=====+=====|
|  0. |  0. |  0. ||  0. |  0. |  0. ||  0. |  0. |  0. |
|  0. |  0. |  0. ||  0. |  0. |  0. ||  0. |  0. |  0. |
|  0. |  0. |  0. ||  0. |  0. |  0. ||  0. |  0. |  0. |

, evalForThisState=-1.0, isPlayerOneTurnOriginally=true}, StateDatum{MCTSProbabilites=
|  .0 |  .0 |  .0 ||  .0 |  .0 |  .0 ||  .0 |  .0 |  .0 |
|  .0 |  .0 |  .0 ||  .0 |  .0 |  .0 ||  .0 |  .0 |  .0 |
|  .0 |  .0 |  .0 ||  .0 |  .0 |  .0 ||  .0 |  .0 |  .0 |
|========+========+========||========+========+========||========+========+========|
|  .0 |  .0 |  .0 ||  .0 |  .0 |  .0 ||  .0 |  .0 |  .0 |
|  .0 |  .0 |  .0 ||  .0 |  .0 |  .0 ||  .0 |  .0 |  .0 |
|  .0 |  .0 |  .0 ||  .0 |  .0 |  .0 ||  .0 |  .0 |  .0 |
|========+========+========||========+========+========||========+========+========|
|  .0 |  .0 |  .0 ||  .0305 |  .044 |  .0475 ||  .0 |  .0 |  .0 |
|  .0 |  .0 |  .0 ||  .0555 |  .0402 |  .0563 ||  .0 |  .0 |  .0 |
|  .0 |  .0 |  .0 ||  .066 |  .0575 |  .6025 ||  .0 |  .0 |  .0 |

, state=
| -0. | -0. | -0. || -0. | -0. | -0. || -0. | -0. | -0. |
| -0. | -0. | -1. || -0. | -0. | -0. || -0. | -0. | -0. |
| -0. | -0. | -0. || -0. | -0. | -0. || -0. | -0. | -0. |
|=====+=====+=====||=====+=====+=====||=====+=====+=====|
| -0. | -0. | -0. || -0. | -0. | -0. || -0. | -0. | -0. |
| -0. | -0. | -0. || -0. | -0. | -0. || -0. | -0. |  1. |
| -0. | -0. | -0. || -0. | -0. | -0. || -0. | -1. | -0. |
|=====+=====+=====||=====+=====+=====||=====+=====+=====|
| -0. | -0. | -0. ||*-0. |*-0. |*-0. || -0. | -0. | -0. |
| -0. | -0. | -0. ||*-0. |*-0. |*-0. || -0. | -0. | -0. |
| -0. | -0. | -0. ||*-0. |*-0. |*-0. || -0. | -0. | -0. |

, evalForThisState=1.0, isPlayerOneTurnOriginally=false}, StateDatum{MCTSProbabilites=
|  .0 |  .0 |  .0 ||  .0 |  .0 |  .0 ||  .0 |  .0 |  .0 |
|  .0 |  .0 |  .0 ||  .0 |  .0 |  .0 ||  .0 |  .0 |  .0 |
|  .0 |  .0 |  .0 ||  .0 |  .0 |  .0 ||  .0 |  .0 |  .0 |
|========+========+========||========+========+========||========+========+========|
|  .0 |  .0 |  .0 ||  .0 |  .0 |  .0 ||  .0 |  .0 |  .0 |
|  .0 |  .0 |  .0 ||  .0 |  .0 |  .0 ||  .0 |  .0 |  .0 |
|  .0 |  .0 |  .0 ||  .0 |  .0 |  .0 ||  .0 |  .0 |  .0 |
|========+========+========||========+========+========||========+========+========|
|  .0 |  .0 |  .0 ||  .0 |  .0 |  .0 ||  .1013 |  .1037 |  .0887 |
|  .0 |  .0 |  .0 ||  .0 |  .0 |  .0 ||  .1245 |  .0928 |  .0912 |
|  .0 |  .0 |  .0 ||  .0 |  .0 |  .0 ||  .1374 |  .132 |  .1283 |

, state=
|  0. |  0. |  0. ||  0. |  0. |  0. ||  0. |  0. |  0. |
|  0. |  0. |  1. ||  0. |  0. |  0. ||  0. |  0. |  0. |
|  0. |  0. |  0. ||  0. |  0. |  0. ||  0. |  0. |  0. |
|=====+=====+=====||=====+=====+=====||=====+=====+=====|
|  0. |  0. |  0. ||  0. |  0. |  0. ||  0. |  0. |  0. |
|  0. |  0. |  0. ||  0. |  0. |  0. ||  0. |  0. | -1. |
|  0. |  0. |  0. ||  0. |  0. |  0. ||  0. |  1. |  0. |
|=====+=====+=====||=====+=====+=====||=====+=====+=====|
|  0. |  0. |  0. ||  0. |  0. |  0. ||* 0. |* 0. |* 0. |
|  0. |  0. |  0. ||  0. |  0. |  0. ||* 0. |* 0. |* 0. |
|  0. |  0. |  0. ||  0. |  0. | -1. ||* 0. |* 0. |* 0. |

, evalForThisState=-1.0, isPlayerOneTurnOriginally=true}, StateDatum{MCTSProbabilites=
|  .0 |  .0 |  .0 ||  .0 |  .0 |  .0 ||  .0 |  .0 |  .0 |
|  .0 |  .0 |  .0 ||  .0 |  .0 |  .0 ||  .0 |  .0 |  .0 |
|  .0 |  .0 |  .0 ||  .0 |  .0 |  .0 ||  .0 |  .0 |  .0 |
|========+========+========||========+========+========||========+========+========|
|  .0 |  .0 |  .0 ||  .0 |  .0 |  .0 ||  .0 |  .0 |  .0 |
|  .0 |  .0 |  .0 ||  .0 |  .0 |  .0 ||  .0 |  .0 |  .0 |
|  .0 |  .0 |  .0 ||  .0 |  .0 |  .0 ||  .0 |  .0 |  .0 |
|========+========+========||========+========+========||========+========+========|
|  .0488 |  .5469 |  .0466 ||  .0 |  .0 |  .0 ||  .0 |  .0 |  .0 |
|  .0811 |  .062 |  .0689 ||  .0 |  .0 |  .0 ||  .0 |  .0 |  .0 |
|  .0516 |  .0347 |  .0594 ||  .0 |  .0 |  .0 ||  .0 |  .0 |  .0 |

, state=
| -0. | -0. | -0. || -0. | -0. | -0. || -0. | -0. | -0. |
| -0. | -0. | -1. || -0. | -0. | -0. || -0. | -0. | -0. |
| -0. | -0. | -0. || -0. | -0. | -0. || -0. | -0. | -0. |
|=====+=====+=====||=====+=====+=====||=====+=====+=====|
| -0. | -0. | -0. || -0. | -0. | -0. || -0. | -0. | -0. |
| -0. | -0. | -0. || -0. | -0. | -0. || -0. | -0. |  1. |
| -0. | -0. | -0. || -0. | -0. | -0. || -0. | -1. | -0. |
|=====+=====+=====||=====+=====+=====||=====+=====+=====|
|*-0. |*-0. |*-0. || -0. | -0. | -0. || -0. | -0. | -0. |
|*-0. |*-0. |*-0. || -0. | -0. | -0. || -0. | -0. | -0. |
|*-0. |*-0. |*-0. || -0. | -0. |  1. || -1. | -0. | -0. |

, evalForThisState=1.0, isPlayerOneTurnOriginally=false}, StateDatum{MCTSProbabilites=
|  .0 |  .0 |  .0 ||  .1126 |  .087 |  .1719 ||  .0 |  .0 |  .0 |
|  .0 |  .0 |  .0 ||  .1087 |  .152 |  .073 ||  .0 |  .0 |  .0 |
|  .0 |  .0 |  .0 ||  .096 |  .1044 |  .0944 ||  .0 |  .0 |  .0 |
|========+========+========||========+========+========||========+========+========|
|  .0 |  .0 |  .0 ||  .0 |  .0 |  .0 ||  .0 |  .0 |  .0 |
|  .0 |  .0 |  .0 ||  .0 |  .0 |  .0 ||  .0 |  .0 |  .0 |
|  .0 |  .0 |  .0 ||  .0 |  .0 |  .0 ||  .0 |  .0 |  .0 |
|========+========+========||========+========+========||========+========+========|
|  .0 |  .0 |  .0 ||  .0 |  .0 |  .0 ||  .0 |  .0 |  .0 |
|  .0 |  .0 |  .0 ||  .0 |  .0 |  .0 ||  .0 |  .0 |  .0 |
|  .0 |  .0 |  .0 ||  .0 |  .0 |  .0 ||  .0 |  .0 |  .0 |

, state=
|  0. |  0. |  0. ||* 0. |* 0. |* 0. ||  0. |  0. |  0. |
|  0. |  0. |  1. ||* 0. |* 0. |* 0. ||  0. |  0. |  0. |
|  0. |  0. |  0. ||* 0. |* 0. |* 0. ||  0. |  0. |  0. |
|=====+=====+=====||=====+=====+=====||=====+=====+=====|
|  0. |  0. |  0. ||  0. |  0. |  0. ||  0. |  0. |  0. |
|  0. |  0. |  0. ||  0. |  0. |  0. ||  0. |  0. | -1. |
|  0. |  0. |  0. ||  0. |  0. |  0. ||  0. |  1. |  0. |
|=====+=====+=====||=====+=====+=====||=====+=====+=====|
|  0. | -1. |  0. ||  0. |  0. |  0. ||  0. |  0. |  0. |
|  0. |  0. |  0. ||  0. |  0. |  0. ||  0. |  0. |  0. |
|  0. |  0. |  0. ||  0. |  0. | -1. ||  1. |  0. |  0. |

, evalForThisState=-1.0, isPlayerOneTurnOriginally=true}, StateDatum{MCTSProbabilites=
|  .0 |  .0 |  .0 ||  .0 |  .0 |  .0 ||  .065 |  .0496 |  .0563 |
|  .0 |  .0 |  .0 ||  .0 |  .0 |  .0 ||  .051 |  .0931 |  .0578 |
|  .0 |  .0 |  .0 ||  .0 |  .0 |  .0 ||  .0308 |  .5437 |  .0527 |
|========+========+========||========+========+========||========+========+========|
|  .0 |  .0 |  .0 ||  .0 |  .0 |  .0 ||  .0 |  .0 |  .0 |
|  .0 |  .0 |  .0 ||  .0 |  .0 |  .0 ||  .0 |  .0 |  .0 |
|  .0 |  .0 |  .0 ||  .0 |  .0 |  .0 ||  .0 |  .0 |  .0 |
|========+========+========||========+========+========||========+========+========|
|  .0 |  .0 |  .0 ||  .0 |  .0 |  .0 ||  .0 |  .0 |  .0 |
|  .0 |  .0 |  .0 ||  .0 |  .0 |  .0 ||  .0 |  .0 |  .0 |
|  .0 |  .0 |  .0 ||  .0 |  .0 |  .0 ||  .0 |  .0 |  .0 |

, state=
| -0. | -0. | -0. || -0. | -0. | -1. ||*-0. |*-0. |*-0. |
| -0. | -0. | -1. || -0. | -0. | -0. ||*-0. |*-0. |*-0. |
| -0. | -0. | -0. || -0. | -0. | -0. ||*-0. |*-0. |*-0. |
|=====+=====+=====||=====+=====+=====||=====+=====+=====|
| -0. | -0. | -0. || -0. | -0. | -0. || -0. | -0. | -0. |
| -0. | -0. | -0. || -0. | -0. | -0. || -0. | -0. |  1. |
| -0. | -0. | -0. || -0. | -0. | -0. || -0. | -1. | -0. |
|=====+=====+=====||=====+=====+=====||=====+=====+=====|
| -0. |  1. | -0. || -0. | -0. | -0. || -0. | -0. | -0. |
| -0. | -0. | -0. || -0. | -0. | -0. || -0. | -0. | -0. |
| -0. | -0. | -0. || -0. | -0. |  1. || -1. | -0. | -0. |

, evalForThisState=1.0, isPlayerOneTurnOriginally=false}, StateDatum{MCTSProbabilites=
|  .0 |  .0 |  .0 ||  .0 |  .0 |  .0 ||  .0 |  .0 |  .0 |
|  .0 |  .0 |  .0 ||  .0 |  .0 |  .0 ||  .0 |  .0 |  .0 |
|  .0 |  .0 |  .0 ||  .0 |  .0 |  .0 ||  .0 |  .0 |  .0 |
|========+========+========||========+========+========||========+========+========|
|  .0 |  .0 |  .0 ||  .0 |  .0 |  .0 ||  .0 |  .0 |  .0 |
|  .0 |  .0 |  .0 ||  .0 |  .0 |  .0 ||  .0 |  .0 |  .0 |
|  .0 |  .0 |  .0 ||  .0 |  .0 |  .0 ||  .0 |  .0 |  .0 |
|========+========+========||========+========+========||========+========+========|
|  .0 |  .0 |  .0 ||  .0804 |  .1294 |  .0672 ||  .0 |  .0 |  .0 |
|  .0 |  .0 |  .0 ||  .0888 |  .2226 |  .0891 ||  .0 |  .0 |  .0 |
|  .0 |  .0 |  .0 ||  .2121 |  .1104 |  .0 ||  .0 |  .0 |  .0 |

, state=
|  0. |  0. |  0. ||  0. |  0. |  1. ||  0. |  0. |  0. |
|  0. |  0. |  1. ||  0. |  0. |  0. ||  0. |  0. |  0. |
|  0. |  0. |  0. ||  0. |  0. |  0. ||  0. | -1. |  0. |
|=====+=====+=====||=====+=====+=====||=====+=====+=====|
|  0. |  0. |  0. ||  0. |  0. |  0. ||  0. |  0. |  0. |
|  0. |  0. |  0. ||  0. |  0. |  0. ||  0. |  0. | -1. |
|  0. |  0. |  0. ||  0. |  0. |  0. ||  0. |  1. |  0. |
|=====+=====+=====||=====+=====+=====||=====+=====+=====|
|  0. | -1. |  0. ||* 0. |* 0. |* 0. ||  0. |  0. |  0. |
|  0. |  0. |  0. ||* 0. |* 0. |* 0. ||  0. |  0. |  0. |
|  0. |  0. |  0. ||* 0. |* 0. |*-1. ||  1. |  0. |  0. |

, evalForThisState=-1.0, isPlayerOneTurnOriginally=true}, StateDatum{MCTSProbabilites=
|  .0 |  .0 |  .0 ||  .0 |  .0 |  .0 ||  .0 |  .0 |  .0 |
|  .0 |  .0 |  .0 ||  .0 |  .0 |  .0 ||  .0 |  .0 |  .0 |
|  .0 |  .0 |  .0 ||  .0 |  .0 |  .0 ||  .0 |  .0 |  .0 |
|========+========+========||========+========+========||========+========+========|
|  .0 |  .0 |  .0 ||  .0341 |  .0392 |  .0408 ||  .0 |  .0 |  .0 |
|  .0 |  .0 |  .0 ||  .0487 |  .0398 |  .0457 ||  .0 |  .0 |  .0 |
|  .0 |  .0 |  .0 ||  .3505 |  .3362 |  .065 ||  .0 |  .0 |  .0 |
|========+========+========||========+========+========||========+========+========|
|  .0 |  .0 |  .0 ||  .0 |  .0 |  .0 ||  .0 |  .0 |  .0 |
|  .0 |  .0 |  .0 ||  .0 |  .0 |  .0 ||  .0 |  .0 |  .0 |
|  .0 |  .0 |  .0 ||  .0 |  .0 |  .0 ||  .0 |  .0 |  .0 |

, state=
| -0. | -0. | -0. || -0. | -0. | -1. || -0. | -0. | -0. |
| -0. | -0. | -1. || -0. | -0. | -0. || -0. | -0. | -0. |
| -0. | -0. | -0. || -0. | -0. | -0. || -0. |  1. | -0. |
|=====+=====+=====||=====+=====+=====||=====+=====+=====|
| -0. | -0. | -0. ||*-0. |*-0. |*-0. || -0. | -0. | -0. |
| -0. | -0. | -0. ||*-0. |*-0. |*-0. || -0. | -0. |  1. |
| -0. | -0. | -0. ||*-0. |*-0. |*-0. || -0. | -1. | -0. |
|=====+=====+=====||=====+=====+=====||=====+=====+=====|
| -0. |  1. | -0. || -0. | -0. | -0. || -0. | -0. | -0. |
| -0. | -0. | -0. || -0. | -1. | -0. || -0. | -0. | -0. |
| -0. | -0. | -0. || -0. | -0. |  1. || -1. | -0. | -0. |

, evalForThisState=1.0, isPlayerOneTurnOriginally=false}, StateDatum{MCTSProbabilites=
|  .0 |  .0 |  .0 ||  .0 |  .0 |  .0 ||  .0 |  .0 |  .0 |
|  .0 |  .0 |  .0 ||  .0 |  .0 |  .0 ||  .0 |  .0 |  .0 |
|  .0 |  .0 |  .0 ||  .0 |  .0 |  .0 ||  .0 |  .0 |  .0 |
|========+========+========||========+========+========||========+========+========|
|  .0 |  .0 |  .0 ||  .0 |  .0 |  .0 ||  .0 |  .0 |  .0 |
|  .0 |  .0 |  .0 ||  .0 |  .0 |  .0 ||  .0 |  .0 |  .0 |
|  .0 |  .0 |  .0 ||  .0 |  .0 |  .0 ||  .0 |  .0 |  .0 |
|========+========+========||========+========+========||========+========+========|
|  .0615 |  .0 |  .0709 ||  .0 |  .0 |  .0 ||  .0 |  .0 |  .0 |
|  .2636 |  .1127 |  .1317 ||  .0 |  .0 |  .0 ||  .0 |  .0 |  .0 |
|  .2157 |  .0438 |  .1001 ||  .0 |  .0 |  .0 ||  .0 |  .0 |  .0 |

, state=
|  0. |  0. |  0. ||  0. |  0. |  1. ||  0. |  0. |  0. |
|  0. |  0. |  1. ||  0. |  0. |  0. ||  0. |  0. |  0. |
|  0. |  0. |  0. ||  0. |  0. |  0. ||  0. | -1. |  0. |
|=====+=====+=====||=====+=====+=====||=====+=====+=====|
|  0. |  0. |  0. ||  0. |  0. |  0. ||  0. |  0. |  0. |
|  0. |  0. |  0. ||  0. |  0. |  0. ||  0. |  0. | -1. |
|  0. |  0. |  0. || -1. |  0. |  0. ||  0. |  1. |  0. |
|=====+=====+=====||=====+=====+=====||=====+=====+=====|
|* 0. |*-1. |* 0. ||  0. |  0. |  0. ||  0. |  0. |  0. |
|* 0. |* 0. |* 0. ||  0. |  1. |  0. ||  0. |  0. |  0. |
|* 0. |* 0. |* 0. ||  0. |  0. | -1. ||  1. |  0. |  0. |

, evalForThisState=-1.0, isPlayerOneTurnOriginally=true}, StateDatum{MCTSProbabilites=
|  .0 |  .0 |  .0 ||  .0 |  .0 |  .0 ||  .0 |  .0 |  .0 |
|  .0 |  .0 |  .0 ||  .0 |  .0 |  .0 ||  .0 |  .0 |  .0 |
|  .0 |  .0 |  .0 ||  .0 |  .0 |  .0 ||  .0 |  .0 |  .0 |
|========+========+========||========+========+========||========+========+========|
|  .0485 |  .0384 |  .3073 ||  .0 |  .0 |  .0 ||  .0 |  .0 |  .0 |
|  .0685 |  .146 |  .0479 ||  .0 |  .0 |  .0 ||  .0 |  .0 |  .0 |
|  .0654 |  .0272 |  .2509 ||  .0 |  .0 |  .0 ||  .0 |  .0 |  .0 |
|========+========+========||========+========+========||========+========+========|
|  .0 |  .0 |  .0 ||  .0 |  .0 |  .0 ||  .0 |  .0 |  .0 |
|  .0 |  .0 |  .0 ||  .0 |  .0 |  .0 ||  .0 |  .0 |  .0 |
|  .0 |  .0 |  .0 ||  .0 |  .0 |  .0 ||  .0 |  .0 |  .0 |

, state=
| -0. | -0. | -0. || -0. | -0. | -1. || -0. | -0. | -0. |
| -0. | -0. | -1. || -0. | -0. | -0. || -0. | -0. | -0. |
| -0. | -0. | -0. || -0. | -0. | -0. || -0. |  1. | -0. |
|=====+=====+=====||=====+=====+=====||=====+=====+=====|
|*-0. |*-0. |*-0. || -0. | -0. | -0. || -0. | -0. | -0. |
|*-0. |*-0. |*-0. || -0. | -0. | -0. || -0. | -0. |  1. |
|*-0. |*-0. |*-0. ||  1. | -0. | -0. || -0. | -1. | -0. |
|=====+=====+=====||=====+=====+=====||=====+=====+=====|
| -0. |  1. | -0. || -0. | -0. | -0. || -0. | -0. | -0. |
| -1. | -0. | -0. || -0. | -1. | -0. || -0. | -0. | -0. |
| -0. | -0. | -0. || -0. | -0. |  1. || -1. | -0. | -0. |

, evalForThisState=1.0, isPlayerOneTurnOriginally=false}, StateDatum{MCTSProbabilites=
|  .0 |  .0 |  .0 ||  .0 |  .0 |  .0 ||  .1402 |  .1734 |  .1609 |
|  .0 |  .0 |  .0 ||  .0 |  .0 |  .0 ||  .1801 |  .0959 |  .1273 |
|  .0 |  .0 |  .0 ||  .0 |  .0 |  .0 ||  .0354 |  .0 |  .0868 |
|========+========+========||========+========+========||========+========+========|
|  .0 |  .0 |  .0 ||  .0 |  .0 |  .0 ||  .0 |  .0 |  .0 |
|  .0 |  .0 |  .0 ||  .0 |  .0 |  .0 ||  .0 |  .0 |  .0 |
|  .0 |  .0 |  .0 ||  .0 |  .0 |  .0 ||  .0 |  .0 |  .0 |
|========+========+========||========+========+========||========+========+========|
|  .0 |  .0 |  .0 ||  .0 |  .0 |  .0 ||  .0 |  .0 |  .0 |
|  .0 |  .0 |  .0 ||  .0 |  .0 |  .0 ||  .0 |  .0 |  .0 |
|  .0 |  .0 |  .0 ||  .0 |  .0 |  .0 ||  .0 |  .0 |  .0 |

, state=
|  0. |  0. |  0. ||  0. |  0. |  1. ||* 0. |* 0. |* 0. |
|  0. |  0. |  1. ||  0. |  0. |  0. ||* 0. |* 0. |* 0. |
|  0. |  0. |  0. ||  0. |  0. |  0. ||* 0. |*-1. |* 0. |
|=====+=====+=====||=====+=====+=====||=====+=====+=====|
|  0. |  0. | -1. ||  0. |  0. |  0. ||  0. |  0. |  0. |
|  0. |  0. |  0. ||  0. |  0. |  0. ||  0. |  0. | -1. |
|  0. |  0. |  0. || -1. |  0. |  0. ||  0. |  1. |  0. |
|=====+=====+=====||=====+=====+=====||=====+=====+=====|
|  0. | -1. |  0. ||  0. |  0. |  0. ||  0. |  0. |  0. |
|  1. |  0. |  0. ||  0. |  1. |  0. ||  0. |  0. |  0. |
|  0. |  0. |  0. ||  0. |  0. | -1. ||  1. |  0. |  0. |

, evalForThisState=-1.0, isPlayerOneTurnOriginally=true}, StateDatum{MCTSProbabilites=
|  .0 |  .0 |  .0 ||  .0 |  .0 |  .0 ||  .0 |  .0 |  .0 |
|  .0 |  .0 |  .0 ||  .0 |  .0 |  .0 ||  .0 |  .0 |  .0 |
|  .0 |  .0 |  .0 ||  .0 |  .0 |  .0 ||  .0 |  .0 |  .0 |
|========+========+========||========+========+========||========+========+========|
|  .2672 |  .3263 |  .0 ||  .0 |  .0 |  .0 ||  .0 |  .0 |  .0 |
|  .0258 |  .0267 |  .2626 ||  .0 |  .0 |  .0 ||  .0 |  .0 |  .0 |
|  .0232 |  .041 |  .0273 ||  .0 |  .0 |  .0 ||  .0 |  .0 |  .0 |
|========+========+========||========+========+========||========+========+========|
|  .0 |  .0 |  .0 ||  .0 |  .0 |  .0 ||  .0 |  .0 |  .0 |
|  .0 |  .0 |  .0 ||  .0 |  .0 |  .0 ||  .0 |  .0 |  .0 |
|  .0 |  .0 |  .0 ||  .0 |  .0 |  .0 ||  .0 |  .0 |  .0 |

, state=
| -0. | -0. | -0. || -0. | -0. | -1. || -0. | -0. | -0. |
| -0. | -0. | -1. || -0. | -0. | -0. || -1. | -0. | -0. |
| -0. | -0. | -0. || -0. | -0. | -0. || -0. |  1. | -0. |
|=====+=====+=====||=====+=====+=====||=====+=====+=====|
|*-0. |*-0. |* 1. || -0. | -0. | -0. || -0. | -0. | -0. |
|*-0. |*-0. |*-0. || -0. | -0. | -0. || -0. | -0. |  1. |
|*-0. |*-0. |*-0. ||  1. | -0. | -0. || -0. | -1. | -0. |
|=====+=====+=====||=====+=====+=====||=====+=====+=====|
| -0. |  1. | -0. || -0. | -0. | -0. || -0. | -0. | -0. |
| -1. | -0. | -0. || -0. | -1. | -0. || -0. | -0. | -0. |
| -0. | -0. | -0. || -0. | -0. |  1. || -1. | -0. | -0. |

, evalForThisState=1.0, isPlayerOneTurnOriginally=false}, StateDatum{MCTSProbabilites=
|  .0 |  .0 |  .0 ||  .1231 |  .13 |  .0 ||  .0 |  .0 |  .0 |
|  .0 |  .0 |  .0 ||  .1272 |  .0695 |  .1171 ||  .0 |  .0 |  .0 |
|  .0 |  .0 |  .0 ||  .1059 |  .1818 |  .1453 ||  .0 |  .0 |  .0 |
|========+========+========||========+========+========||========+========+========|
|  .0 |  .0 |  .0 ||  .0 |  .0 |  .0 ||  .0 |  .0 |  .0 |
|  .0 |  .0 |  .0 ||  .0 |  .0 |  .0 ||  .0 |  .0 |  .0 |
|  .0 |  .0 |  .0 ||  .0 |  .0 |  .0 ||  .0 |  .0 |  .0 |
|========+========+========||========+========+========||========+========+========|
|  .0 |  .0 |  .0 ||  .0 |  .0 |  .0 ||  .0 |  .0 |  .0 |
|  .0 |  .0 |  .0 ||  .0 |  .0 |  .0 ||  .0 |  .0 |  .0 |
|  .0 |  .0 |  .0 ||  .0 |  .0 |  .0 ||  .0 |  .0 |  .0 |

, state=
|  0. |  0. |  0. ||* 0. |* 0. |* 1. ||  0. |  0. |  0. |
|  0. |  0. |  1. ||* 0. |* 0. |* 0. ||  1. |  0. |  0. |
|  0. |  0. |  0. ||* 0. |* 0. |* 0. ||  0. | -1. |  0. |
|=====+=====+=====||=====+=====+=====||=====+=====+=====|
|  0. | -1. | -1. ||  0. |  0. |  0. ||  0. |  0. |  0. |
|  0. |  0. |  0. ||  0. |  0. |  0. ||  0. |  0. | -1. |
|  0. |  0. |  0. || -1. |  0. |  0. ||  0. |  1. |  0. |
|=====+=====+=====||=====+=====+=====||=====+=====+=====|
|  0. | -1. |  0. ||  0. |  0. |  0. ||  0. |  0. |  0. |
|  1. |  0. |  0. ||  0. |  1. |  0. ||  0. |  0. |  0. |
|  0. |  0. |  0. ||  0. |  0. | -1. ||  1. |  0. |  0. |

, evalForThisState=-1.0, isPlayerOneTurnOriginally=true}, StateDatum{MCTSProbabilites=
|  .0 |  .0 |  .0 ||  .0 |  .0 |  .0 ||  .0 |  .0 |  .0 |
|  .0 |  .0 |  .0 ||  .0 |  .0 |  .0 ||  .0 |  .0 |  .0 |
|  .0 |  .0 |  .0 ||  .0 |  .0 |  .0 ||  .0 |  .0 |  .0 |
|========+========+========||========+========+========||========+========+========|
|  .0 |  .0 |  .0 ||  .0 |  .0 |  .0 ||  .0 |  .0 |  .0 |
|  .0 |  .0 |  .0 ||  .0 |  .0 |  .0 ||  .0 |  .0 |  .0 |
|  .0 |  .0 |  .0 ||  .0 |  .0 |  .0 ||  .0 |  .0 |  .0 |
|========+========+========||========+========+========||========+========+========|
|  .0 |  .0 |  .0 ||  .2776 |  .1107 |  .1798 ||  .0 |  .0 |  .0 |
|  .0 |  .0 |  .0 ||  .0929 |  .0 |  .0557 ||  .0 |  .0 |  .0 |
|  .0 |  .0 |  .0 ||  .1984 |  .0849 |  .0 ||  .0 |  .0 |  .0 |

, state=
| -0. | -0. | -0. || -0. | -0. | -1. || -0. | -0. | -0. |
| -0. | -0. | -1. || -0. | -0. | -0. || -1. | -0. | -0. |
| -0. | -0. | -0. || -0. | -1. | -0. || -0. |  1. | -0. |
|=====+=====+=====||=====+=====+=====||=====+=====+=====|
| -0. |  1. |  1. || -0. | -0. | -0. || -0. | -0. | -0. |
| -0. | -0. | -0. || -0. | -0. | -0. || -0. | -0. |  1. |
| -0. | -0. | -0. ||  1. | -0. | -0. || -0. | -1. | -0. |
|=====+=====+=====||=====+=====+=====||=====+=====+=====|
| -0. |  1. | -0. ||*-0. |*-0. |*-0. || -0. | -0. | -0. |
| -1. | -0. | -0. ||*-0. |*-1. |*-0. || -0. | -0. | -0. |
| -0. | -0. | -0. ||*-0. |*-0. |* 1. || -1. | -0. | -0. |

, evalForThisState=1.0, isPlayerOneTurnOriginally=false}, StateDatum{MCTSProbabilites=
|  .137 |  .1703 |  .1606 ||  .0 |  .0 |  .0 ||  .0 |  .0 |  .0 |
|  .0715 |  .1439 |  .0 ||  .0 |  .0 |  .0 ||  .0 |  .0 |  .0 |
|  .0904 |  .1363 |  .09 ||  .0 |  .0 |  .0 ||  .0 |  .0 |  .0 |
|========+========+========||========+========+========||========+========+========|
|  .0 |  .0 |  .0 ||  .0 |  .0 |  .0 ||  .0 |  .0 |  .0 |
|  .0 |  .0 |  .0 ||  .0 |  .0 |  .0 ||  .0 |  .0 |  .0 |
|  .0 |  .0 |  .0 ||  .0 |  .0 |  .0 ||  .0 |  .0 |  .0 |
|========+========+========||========+========+========||========+========+========|
|  .0 |  .0 |  .0 ||  .0 |  .0 |  .0 ||  .0 |  .0 |  .0 |
|  .0 |  .0 |  .0 ||  .0 |  .0 |  .0 ||  .0 |  .0 |  .0 |
|  .0 |  .0 |  .0 ||  .0 |  .0 |  .0 ||  .0 |  .0 |  .0 |

, state=
|* 0. |* 0. |* 0. ||  0. |  0. |  1. ||  0. |  0. |  0. |
|* 0. |* 0. |* 1. ||  0. |  0. |  0. ||  1. |  0. |  0. |
|* 0. |* 0. |* 0. ||  0. |  1. |  0. ||  0. | -1. |  0. |
|=====+=====+=====||=====+=====+=====||=====+=====+=====|
|  0. | -1. | -1. ||  0. |  0. |  0. ||  0. |  0. |  0. |
|  0. |  0. |  0. ||  0. |  0. |  0. ||  0. |  0. | -1. |
|  0. |  0. |  0. || -1. |  0. |  0. ||  0. |  1. |  0. |
|=====+=====+=====||=====+=====+=====||=====+=====+=====|
|  0. | -1. |  0. || -1. |  0. |  0. ||  0. |  0. |  0. |
|  1. |  0. |  0. ||  0. |  1. |  0. ||  0. |  0. |  0. |
|  0. |  0. |  0. ||  0. |  0. | -1. ||  1. |  0. |  0. |

, evalForThisState=-1.0, isPlayerOneTurnOriginally=true}, StateDatum{MCTSProbabilites=
|  .0 |  .0 |  .0 ||  .1806 |  .1707 |  .0 ||  .0 |  .0 |  .0 |
|  .0 |  .0 |  .0 ||  .1802 |  .0325 |  .2182 ||  .0 |  .0 |  .0 |
|  .0 |  .0 |  .0 ||  .1883 |  .0 |  .0294 ||  .0 |  .0 |  .0 |
|========+========+========||========+========+========||========+========+========|
|  .0 |  .0 |  .0 ||  .0 |  .0 |  .0 ||  .0 |  .0 |  .0 |
|  .0 |  .0 |  .0 ||  .0 |  .0 |  .0 ||  .0 |  .0 |  .0 |
|  .0 |  .0 |  .0 ||  .0 |  .0 |  .0 ||  .0 |  .0 |  .0 |
|========+========+========||========+========+========||========+========+========|
|  .0 |  .0 |  .0 ||  .0 |  .0 |  .0 ||  .0 |  .0 |  .0 |
|  .0 |  .0 |  .0 ||  .0 |  .0 |  .0 ||  .0 |  .0 |  .0 |
|  .0 |  .0 |  .0 ||  .0 |  .0 |  .0 ||  .0 |  .0 |  .0 |

, state=
| -0. | -1. | -0. ||*-0. |*-0. |*-1. || -0. | -0. | -0. |
| -0. | -0. | -1. ||*-0. |*-0. |*-0. || -1. | -0. | -0. |
| -0. | -0. | -0. ||*-0. |*-1. |*-0. || -0. |  1. | -0. |
|=====+=====+=====||=====+=====+=====||=====+=====+=====|
| -0. |  1. |  1. || -0. | -0. | -0. || -0. | -0. | -0. |
| -0. | -0. | -0. || -0. | -0. | -0. || -0. | -0. |  1. |
| -0. | -0. | -0. ||  1. | -0. | -0. || -0. | -1. | -0. |
|=====+=====+=====||=====+=====+=====||=====+=====+=====|
| -0. |  1. | -0. ||  1. | -0. | -0. || -0. | -0. | -0. |
| -1. | -0. | -0. || -0. | -1. | -0. || -0. | -0. | -0. |
| -0. | -0. | -0. || -0. | -0. |  1. || -1. | -0. | -0. |

, evalForThisState=1.0, isPlayerOneTurnOriginally=false}, StateDatum{MCTSProbabilites=
|  .0 |  .0 |  .0 ||  .0 |  .0 |  .0 ||  .0 |  .0 |  .0 |
|  .0 |  .0 |  .0 ||  .0 |  .0 |  .0 ||  .0 |  .0 |  .0 |
|  .0 |  .0 |  .0 ||  .0 |  .0 |  .0 ||  .0 |  .0 |  .0 |
|========+========+========||========+========+========||========+========+========|
|  .0 |  .0 |  .0 ||  .0 |  .0 |  .0 ||  .1127 |  .1851 |  .1729 |
|  .0 |  .0 |  .0 ||  .0 |  .0 |  .0 ||  .1065 |  .1747 |  .0 |
|  .0 |  .0 |  .0 ||  .0 |  .0 |  .0 ||  .155 |  .0 |  .0931 |
|========+========+========||========+========+========||========+========+========|
|  .0 |  .0 |  .0 ||  .0 |  .0 |  .0 ||  .0 |  .0 |  .0 |
|  .0 |  .0 |  .0 ||  .0 |  .0 |  .0 ||  .0 |  .0 |  .0 |
|  .0 |  .0 |  .0 ||  .0 |  .0 |  .0 ||  .0 |  .0 |  .0 |

, state=
|  0. |  1. |  0. ||  0. |  0. |  1. ||  0. |  0. |  0. |
|  0. |  0. |  1. ||  0. |  0. | -1. ||  1. |  0. |  0. |
|  0. |  0. |  0. ||  0. |  1. |  0. ||  0. | -1. |  0. |
|=====+=====+=====||=====+=====+=====||=====+=====+=====|
|  0. | -1. | -1. ||  0. |  0. |  0. ||* 0. |* 0. |* 0. |
|  0. |  0. |  0. ||  0. |  0. |  0. ||* 0. |* 0. |*-1. |
|  0. |  0. |  0. || -1. |  0. |  0. ||* 0. |* 1. |* 0. |
|=====+=====+=====||=====+=====+=====||=====+=====+=====|
|  0. | -1. |  0. || -1. |  0. |  0. ||  0. |  0. |  0. |
|  1. |  0. |  0. ||  0. |  1. |  0. ||  0. |  0. |  0. |
|  0. |  0. |  0. ||  0. |  0. | -1. ||  1. |  0. |  0. |

, evalForThisState=-1.0, isPlayerOneTurnOriginally=true}, StateDatum{MCTSProbabilites=
|  .0 |  .0 |  .0 ||  .1618 |  .0909 |  .0 ||  .0 |  .0 |  .0 |
|  .0 |  .0 |  .0 ||  .1787 |  .1583 |  .0 ||  .0 |  .0 |  .0 |
|  .0 |  .0 |  .0 ||  .2244 |  .0 |  .1859 ||  .0 |  .0 |  .0 |
|========+========+========||========+========+========||========+========+========|
|  .0 |  .0 |  .0 ||  .0 |  .0 |  .0 ||  .0 |  .0 |  .0 |
|  .0 |  .0 |  .0 ||  .0 |  .0 |  .0 ||  .0 |  .0 |  .0 |
|  .0 |  .0 |  .0 ||  .0 |  .0 |  .0 ||  .0 |  .0 |  .0 |
|========+========+========||========+========+========||========+========+========|
|  .0 |  .0 |  .0 ||  .0 |  .0 |  .0 ||  .0 |  .0 |  .0 |
|  .0 |  .0 |  .0 ||  .0 |  .0 |  .0 ||  .0 |  .0 |  .0 |
|  .0 |  .0 |  .0 ||  .0 |  .0 |  .0 ||  .0 |  .0 |  .0 |

, state=
| -0. | -1. | -0. ||*-0. |*-0. |*-1. || -0. | -0. | -0. |
| -0. | -0. | -1. ||*-0. |*-0. |* 1. || -1. | -0. | -0. |
| -0. | -0. | -0. ||*-0. |*-1. |*-0. || -0. |  1. | -0. |
|=====+=====+=====||=====+=====+=====||=====+=====+=====|
| -0. |  1. |  1. || -0. | -0. | -0. || -0. | -1. | -0. |
| -0. | -0. | -0. || -0. | -0. | -0. || -0. | -0. |  1. |
| -0. | -0. | -0. ||  1. | -0. | -0. || -0. | -1. | -0. |
|=====+=====+=====||=====+=====+=====||=====+=====+=====|
| -0. |  1. | -0. ||  1. | -0. | -0. || -0. | -0. | -0. |
| -1. | -0. | -0. || -0. | -1. | -0. || -0. | -0. | -0. |
| -0. | -0. | -0. || -0. | -0. |  1. || -1. | -0. | -0. |

, evalForThisState=1.0, isPlayerOneTurnOriginally=false}, StateDatum{MCTSProbabilites=
|  .0 |  .0 |  .0 ||  .0 |  .0 |  .0 ||  .0 |  .0 |  .0 |
|  .0 |  .0 |  .0 ||  .0 |  .0 |  .0 ||  .0 |  .0 |  .0 |
|  .0 |  .0 |  .0 ||  .0 |  .0 |  .0 ||  .0 |  .0 |  .0 |
|========+========+========||========+========+========||========+========+========|
|  .0 |  .0 |  .0 ||  .0 |  .0 |  .0 ||  .0 |  .0 |  .0 |
|  .0 |  .0 |  .0 ||  .0 |  .0 |  .0 ||  .0 |  .0 |  .0 |
|  .0 |  .0 |  .0 ||  .0 |  .0 |  .0 ||  .0 |  .0 |  .0 |
|========+========+========||========+========+========||========+========+========|
|  .1157 |  .0 |  .1064 ||  .0 |  .0 |  .0 ||  .0 |  .0 |  .0 |
|  .0 |  .1011 |  .108 ||  .0 |  .0 |  .0 ||  .0 |  .0 |  .0 |
|  .1517 |  .1673 |  .2497 ||  .0 |  .0 |  .0 ||  .0 |  .0 |  .0 |

, state=
|  0. |  1. |  0. ||  0. |  0. |  1. ||  0. |  0. |  0. |
|  0. |  0. |  1. ||  0. |  0. | -1. ||  1. |  0. |  0. |
|  0. |  0. |  0. || -1. |  1. |  0. ||  0. | -1. |  0. |
|=====+=====+=====||=====+=====+=====||=====+=====+=====|
|  0. | -1. | -1. ||  0. |  0. |  0. ||  0. |  1. |  0. |
|  0. |  0. |  0. ||  0. |  0. |  0. ||  0. |  0. | -1. |
|  0. |  0. |  0. || -1. |  0. |  0. ||  0. |  1. |  0. |
|=====+=====+=====||=====+=====+=====||=====+=====+=====|
|* 0. |*-1. |* 0. || -1. |  0. |  0. ||  0. |  0. |  0. |
|* 1. |* 0. |* 0. ||  0. |  1. |  0. ||  0. |  0. |  0. |
|* 0. |* 0. |* 0. ||  0. |  0. | -1. ||  1. |  0. |  0. |

, evalForThisState=-1.0, isPlayerOneTurnOriginally=true}, StateDatum{MCTSProbabilites=
|  .0 |  .0 |  .0 ||  .0 |  .0 |  .0 ||  .0 |  .0 |  .0 |
|  .0 |  .0 |  .0 ||  .0 |  .0 |  .0 ||  .0 |  .0 |  .0 |
|  .0 |  .0 |  .0 ||  .0 |  .0 |  .0 ||  .0 |  .0 |  .0 |
|========+========+========||========+========+========||========+========+========|
|  .0 |  .0 |  .0 ||  .0 |  .0 |  .0 ||  .0 |  .0 |  .0 |
|  .0 |  .0 |  .0 ||  .0 |  .0 |  .0 ||  .0 |  .0 |  .0 |
|  .0 |  .0 |  .0 ||  .0 |  .0 |  .0 ||  .0 |  .0 |  .0 |
|========+========+========||========+========+========||========+========+========|
|  .0 |  .0 |  .0 ||  .0 |  .0 |  .0 ||  .1307 |  .1171 |  .1195 |
|  .0 |  .0 |  .0 ||  .0 |  .0 |  .0 ||  .1236 |  .0999 |  .1699 |
|  .0 |  .0 |  .0 ||  .0 |  .0 |  .0 ||  .0 |  .1142 |  .1251 |

, state=
| -0. | -1. | -0. || -0. | -0. | -1. || -0. | -0. | -0. |
| -0. | -0. | -1. || -0. | -0. |  1. || -1. | -0. | -0. |
| -0. | -0. | -0. ||  1. | -1. | -0. || -0. |  1. | -0. |
|=====+=====+=====||=====+=====+=====||=====+=====+=====|
| -0. |  1. |  1. || -0. | -0. | -0. || -0. | -1. | -0. |
| -0. | -0. | -0. || -0. | -0. | -0. || -0. | -0. |  1. |
| -0. | -0. | -0. ||  1. | -0. | -0. || -0. | -1. | -0. |
|=====+=====+=====||=====+=====+=====||=====+=====+=====|
| -0. |  1. | -0. ||  1. | -0. | -0. ||*-0. |*-0. |*-0. |
| -1. | -0. | -0. || -0. | -1. | -0. ||*-0. |*-0. |*-0. |
| -0. | -0. | -1. || -0. | -0. |  1. ||*-1. |*-0. |*-0. |

, evalForThisState=1.0, isPlayerOneTurnOriginally=false}, StateDatum{MCTSProbabilites=
|  .0 |  .0 |  .0 ||  .0 |  .0 |  .0 ||  .0 |  .0 |  .0 |
|  .0 |  .0 |  .0 ||  .0 |  .0 |  .0 ||  .0 |  .0 |  .0 |
|  .0 |  .0 |  .0 ||  .0 |  .0 |  .0 ||  .0 |  .0 |  .0 |
|========+========+========||========+========+========||========+========+========|
|  .0 |  .0 |  .0 ||  .0 |  .0 |  .0 ||  .2218 |  .0 |  .2052 |
|  .0 |  .0 |  .0 ||  .0 |  .0 |  .0 ||  .1067 |  .1344 |  .0 |
|  .0 |  .0 |  .0 ||  .0 |  .0 |  .0 ||  .1959 |  .0 |  .136 |
|========+========+========||========+========+========||========+========+========|
|  .0 |  .0 |  .0 ||  .0 |  .0 |  .0 ||  .0 |  .0 |  .0 |
|  .0 |  .0 |  .0 ||  .0 |  .0 |  .0 ||  .0 |  .0 |  .0 |
|  .0 |  .0 |  .0 ||  .0 |  .0 |  .0 ||  .0 |  .0 |  .0 |

, state=
|  0. |  1. |  0. ||  0. |  0. |  1. ||  0. |  0. |  0. |
|  0. |  0. |  1. ||  0. |  0. | -1. ||  1. |  0. |  0. |
|  0. |  0. |  0. || -1. |  1. |  0. ||  0. | -1. |  0. |
|=====+=====+=====||=====+=====+=====||=====+=====+=====|
|  0. | -1. | -1. ||  0. |  0. |  0. ||* 0. |* 1. |* 0. |
|  0. |  0. |  0. ||  0. |  0. |  0. ||* 0. |* 0. |*-1. |
|  0. |  0. |  0. || -1. |  0. |  0. ||* 0. |* 1. |* 0. |
|=====+=====+=====||=====+=====+=====||=====+=====+=====|
|  0. | -1. |  0. || -1. |  0. |  0. ||  0. |  0. |  0. |
|  1. |  0. |  0. ||  0. |  1. |  0. ||  0. |  0. | -1. |
|  0. |  0. |  1. ||  0. |  0. | -1. ||  1. |  0. |  0. |

, evalForThisState=-1.0, isPlayerOneTurnOriginally=true}, StateDatum{MCTSProbabilites=
|  .1575 |  .0 |  .1136 ||  .0 |  .0 |  .0 ||  .0 |  .0 |  .0 |
|  .1972 |  .166 |  .0 ||  .0 |  .0 |  .0 ||  .0 |  .0 |  .0 |
|  .1288 |  .1073 |  .1294 ||  .0 |  .0 |  .0 ||  .0 |  .0 |  .0 |
|========+========+========||========+========+========||========+========+========|
|  .0 |  .0 |  .0 ||  .0 |  .0 |  .0 ||  .0 |  .0 |  .0 |
|  .0 |  .0 |  .0 ||  .0 |  .0 |  .0 ||  .0 |  .0 |  .0 |
|  .0 |  .0 |  .0 ||  .0 |  .0 |  .0 ||  .0 |  .0 |  .0 |
|========+========+========||========+========+========||========+========+========|
|  .0 |  .0 |  .0 ||  .0 |  .0 |  .0 ||  .0 |  .0 |  .0 |
|  .0 |  .0 |  .0 ||  .0 |  .0 |  .0 ||  .0 |  .0 |  .0 |
|  .0 |  .0 |  .0 ||  .0 |  .0 |  .0 ||  .0 |  .0 |  .0 |

, state=
|*-0. |*-1. |*-0. || -0. | -0. | -1. || -0. | -0. | -0. |
|*-0. |*-0. |*-1. || -0. | -0. |  1. || -1. | -0. | -0. |
|*-0. |*-0. |*-0. ||  1. | -1. | -0. || -0. |  1. | -0. |
|=====+=====+=====||=====+=====+=====||=====+=====+=====|
| -0. |  1. |  1. || -0. | -0. | -0. || -1. | -1. | -0. |
| -0. | -0. | -0. || -0. | -0. | -0. || -0. | -0. |  1. |
| -0. | -0. | -0. ||  1. | -0. | -0. || -0. | -1. | -0. |
|=====+=====+=====||=====+=====+=====||=====+=====+=====|
| -0. |  1. | -0. ||  1. | -0. | -0. || -0. | -0. | -0. |
| -1. | -0. | -0. || -0. | -1. | -0. || -0. | -0. |  1. |
| -0. | -0. | -1. || -0. | -0. |  1. || -1. | -0. | -0. |

, evalForThisState=1.0, isPlayerOneTurnOriginally=false}, StateDatum{MCTSProbabilites=
|  .0 |  .0 |  .0 ||  .0 |  .0 |  .0 ||  .0 |  .0 |  .0 |
|  .0 |  .0 |  .0 ||  .0 |  .0 |  .0 ||  .0 |  .0 |  .0 |
|  .0 |  .0 |  .0 ||  .0 |  .0 |  .0 ||  .0 |  .0 |  .0 |
|========+========+========||========+========+========||========+========+========|
|  .0988 |  .0 |  .0 ||  .0 |  .0 |  .0 ||  .0 |  .0 |  .0 |
|  .1307 |  .1805 |  .1536 ||  .0 |  .0 |  .0 ||  .0 |  .0 |  .0 |
|  .1513 |  .1347 |  .1504 ||  .0 |  .0 |  .0 ||  .0 |  .0 |  .0 |
|========+========+========||========+========+========||========+========+========|
|  .0 |  .0 |  .0 ||  .0 |  .0 |  .0 ||  .0 |  .0 |  .0 |
|  .0 |  .0 |  .0 ||  .0 |  .0 |  .0 ||  .0 |  .0 |  .0 |
|  .0 |  .0 |  .0 ||  .0 |  .0 |  .0 ||  .0 |  .0 |  .0 |

, state=
|  0. |  1. |  0. ||  0. |  0. |  1. ||  0. |  0. |  0. |
| -1. |  0. |  1. ||  0. |  0. | -1. ||  1. |  0. |  0. |
|  0. |  0. |  0. || -1. |  1. |  0. ||  0. | -1. |  0. |
|=====+=====+=====||=====+=====+=====||=====+=====+=====|
|* 0. |*-1. |*-1. ||  0. |  0. |  0. ||  1. |  1. |  0. |
|* 0. |* 0. |* 0. ||  0. |  0. |  0. ||  0. |  0. | -1. |
|* 0. |* 0. |* 0. || -1. |  0. |  0. ||  0. |  1. |  0. |
|=====+=====+=====||=====+=====+=====||=====+=====+=====|
|  0. | -1. |  0. || -1. |  0. |  0. ||  0. |  0. |  0. |
|  1. |  0. |  0. ||  0. |  1. |  0. ||  0. |  0. | -1. |
|  0. |  0. |  1. ||  0. |  0. | -1. ||  1. |  0. |  0. |

, evalForThisState=-1.0, isPlayerOneTurnOriginally=true}, StateDatum{MCTSProbabilites=
|  .0 |  .0 |  .0 ||  .0 |  .0 |  .0 ||  .0 |  .0 |  .0 |
|  .0 |  .0 |  .0 ||  .0 |  .0 |  .0 ||  .0 |  .0 |  .0 |
|  .0 |  .0 |  .0 ||  .0 |  .0 |  .0 ||  .0 |  .0 |  .0 |
|========+========+========||========+========+========||========+========+========|
|  .0 |  .0 |  .0 ||  .1361 |  .1139 |  .1312 ||  .0 |  .0 |  .0 |
|  .0 |  .0 |  .0 ||  .1371 |  .0804 |  .1196 ||  .0 |  .0 |  .0 |
|  .0 |  .0 |  .0 ||  .0 |  .1587 |  .1229 ||  .0 |  .0 |  .0 |
|========+========+========||========+========+========||========+========+========|
|  .0 |  .0 |  .0 ||  .0 |  .0 |  .0 ||  .0 |  .0 |  .0 |
|  .0 |  .0 |  .0 ||  .0 |  .0 |  .0 ||  .0 |  .0 |  .0 |
|  .0 |  .0 |  .0 ||  .0 |  .0 |  .0 ||  .0 |  .0 |  .0 |

, state=
| -0. | -1. | -0. || -0. | -0. | -1. || -0. | -0. | -0. |
|  1. | -0. | -1. || -0. | -0. |  1. || -1. | -0. | -0. |
| -0. | -0. | -0. ||  1. | -1. | -0. || -0. |  1. | -0. |
|=====+=====+=====||=====+=====+=====||=====+=====+=====|
| -0. |  1. |  1. ||*-0. |*-0. |*-0. || -1. | -1. | -0. |
| -0. | -1. | -0. ||*-0. |*-0. |*-0. || -0. | -0. |  1. |
| -0. | -0. | -0. ||* 1. |*-0. |*-0. || -0. | -1. | -0. |
|=====+=====+=====||=====+=====+=====||=====+=====+=====|
| -0. |  1. | -0. ||  1. | -0. | -0. || -0. | -0. | -0. |
| -1. | -0. | -0. || -0. | -1. | -0. || -0. | -0. |  1. |
| -0. | -0. | -1. || -0. | -0. |  1. || -1. | -0. | -0. |

, evalForThisState=1.0, isPlayerOneTurnOriginally=false}, StateDatum{MCTSProbabilites=
|  .0 |  .0 |  .0 ||  .0 |  .0 |  .0 ||  .0 |  .0 |  .0 |
|  .0 |  .0 |  .0 ||  .0 |  .0 |  .0 ||  .0 |  .0 |  .0 |
|  .0 |  .0 |  .0 ||  .0 |  .0 |  .0 ||  .0 |  .0 |  .0 |
|========+========+========||========+========+========||========+========+========|
|  .0 |  .0 |  .0 ||  .0 |  .0 |  .0 ||  .0 |  .0 |  .0 |
|  .0 |  .0 |  .0 ||  .0 |  .0 |  .0 ||  .0 |  .0 |  .0 |
|  .0 |  .0 |  .0 ||  .0 |  .0 |  .0 ||  .0 |  .0 |  .0 |
|========+========+========||========+========+========||========+========+========|
|  .0 |  .0 |  .0 ||  .0 |  .1286 |  .1532 ||  .0 |  .0 |  .0 |
|  .0 |  .0 |  .0 ||  .2075 |  .0 |  .1952 ||  .0 |  .0 |  .0 |
|  .0 |  .0 |  .0 ||  .1946 |  .1209 |  .0 ||  .0 |  .0 |  .0 |

, state=
|  0. |  1. |  0. ||  0. |  0. |  1. ||  0. |  0. |  0. |
| -1. |  0. |  1. ||  0. |  0. | -1. ||  1. |  0. |  0. |
|  0. |  0. |  0. || -1. |  1. |  0. ||  0. | -1. |  0. |
|=====+=====+=====||=====+=====+=====||=====+=====+=====|
|  0. | -1. | -1. ||  0. |  0. |  0. ||  1. |  1. |  0. |
|  0. |  1. |  0. ||  0. |  0. |  0. ||  0. |  0. | -1. |
|  0. |  0. |  0. || -1. | -1. |  0. ||  0. |  1. |  0. |
|=====+=====+=====||=====+=====+=====||=====+=====+=====|
|  0. | -1. |  0. ||*-1. |* 0. |* 0. ||  0. |  0. |  0. |
|  1. |  0. |  0. ||* 0. |* 1. |* 0. ||  0. |  0. | -1. |
|  0. |  0. |  1. ||* 0. |* 0. |*-1. ||  1. |  0. |  0. |

, evalForThisState=-1.0, isPlayerOneTurnOriginally=true}, StateDatum{MCTSProbabilites=
|  .0 |  .0 |  .0 ||  .0 |  .0 |  .0 ||  .0 |  .0 |  .0 |
|  .0 |  .0 |  .0 ||  .0 |  .0 |  .0 ||  .0 |  .0 |  .0 |
|  .0 |  .0 |  .0 ||  .0 |  .0 |  .0 ||  .0 |  .0 |  .0 |
|========+========+========||========+========+========||========+========+========|
|  .2766 |  .0 |  .0 ||  .0 |  .0 |  .0 ||  .0 |  .0 |  .0 |
|  .1418 |  .0 |  .123 ||  .0 |  .0 |  .0 ||  .0 |  .0 |  .0 |
|  .1218 |  .1557 |  .1811 ||  .0 |  .0 |  .0 ||  .0 |  .0 |  .0 |
|========+========+========||========+========+========||========+========+========|
|  .0 |  .0 |  .0 ||  .0 |  .0 |  .0 ||  .0 |  .0 |  .0 |
|  .0 |  .0 |  .0 ||  .0 |  .0 |  .0 ||  .0 |  .0 |  .0 |
|  .0 |  .0 |  .0 ||  .0 |  .0 |  .0 ||  .0 |  .0 |  .0 |

, state=
| -0. | -1. | -0. || -0. | -0. | -1. || -0. | -0. | -0. |
|  1. | -0. | -1. || -0. | -0. |  1. || -1. | -0. | -0. |
| -0. | -0. | -0. ||  1. | -1. | -0. || -0. |  1. | -0. |
|=====+=====+=====||=====+=====+=====||=====+=====+=====|
|*-0. |* 1. |* 1. || -0. | -0. | -0. || -1. | -1. | -0. |
|*-0. |*-1. |*-0. || -0. | -0. | -0. || -0. | -0. |  1. |
|*-0. |*-0. |*-0. ||  1. |  1. | -0. || -0. | -1. | -0. |
|=====+=====+=====||=====+=====+=====||=====+=====+=====|
| -0. |  1. | -0. ||  1. | -0. | -0. || -0. | -0. | -0. |
| -1. | -0. | -0. || -1. | -1. | -0. || -0. | -0. |  1. |
| -0. | -0. | -1. || -0. | -0. |  1. || -1. | -0. | -0. |

, evalForThisState=1.0, isPlayerOneTurnOriginally=false}, StateDatum{MCTSProbabilites=
|  .145 |  .0 |  .2174 ||  .0 |  .0 |  .0 ||  .0 |  .0 |  .0 |
|  .0 |  .1129 |  .0 ||  .0 |  .0 |  .0 ||  .0 |  .0 |  .0 |
|  .1483 |  .1904 |  .1859 ||  .0 |  .0 |  .0 ||  .0 |  .0 |  .0 |
|========+========+========||========+========+========||========+========+========|
|  .0 |  .0 |  .0 ||  .0 |  .0 |  .0 ||  .0 |  .0 |  .0 |
|  .0 |  .0 |  .0 ||  .0 |  .0 |  .0 ||  .0 |  .0 |  .0 |
|  .0 |  .0 |  .0 ||  .0 |  .0 |  .0 ||  .0 |  .0 |  .0 |
|========+========+========||========+========+========||========+========+========|
|  .0 |  .0 |  .0 ||  .0 |  .0 |  .0 ||  .0 |  .0 |  .0 |
|  .0 |  .0 |  .0 ||  .0 |  .0 |  .0 ||  .0 |  .0 |  .0 |
|  .0 |  .0 |  .0 ||  .0 |  .0 |  .0 ||  .0 |  .0 |  .0 |

, state=
|* 0. |* 1. |* 0. ||  0. |  0. |  1. ||  0. |  0. |  0. |
|*-1. |* 0. |* 1. ||  0. |  0. | -1. ||  1. |  0. |  0. |
|* 0. |* 0. |* 0. || -1. |  1. |  0. ||  0. | -1. |  0. |
|=====+=====+=====||=====+=====+=====||=====+=====+=====|
| -1. | -1. | -1. ||  0. |  0. |  0. ||  1. |  1. |  0. |
|  0. |  1. |  0. ||  0. |  0. |  0. ||  0. |  0. | -1. |
|  0. |  0. |  0. || -1. | -1. |  0. ||  0. |  1. |  0. |
|=====+=====+=====||=====+=====+=====||=====+=====+=====|
|  0. | -1. |  0. || -1. |  0. |  0. ||  0. |  0. |  0. |
|  1. |  0. |  0. ||  1. |  1. |  0. ||  0. |  0. | -1. |
|  0. |  0. |  1. ||  0. |  0. | -1. ||  1. |  0. |  0. |

, evalForThisState=-1.0, isPlayerOneTurnOriginally=true}, StateDatum{MCTSProbabilites=
|  .0 |  .0 |  .0 ||  .0 |  .0 |  .0 ||  .1305 |  .1036 |  .1535 |
|  .0 |  .0 |  .0 ||  .0 |  .0 |  .0 ||  .0 |  .1929 |  .1162 |
|  .0 |  .0 |  .0 ||  .0 |  .0 |  .0 ||  .1324 |  .0 |  .1709 |
|========+========+========||========+========+========||========+========+========|
|  .0 |  .0 |  .0 ||  .0 |  .0 |  .0 ||  .0 |  .0 |  .0 |
|  .0 |  .0 |  .0 ||  .0 |  .0 |  .0 ||  .0 |  .0 |  .0 |
|  .0 |  .0 |  .0 ||  .0 |  .0 |  .0 ||  .0 |  .0 |  .0 |
|========+========+========||========+========+========||========+========+========|
|  .0 |  .0 |  .0 ||  .0 |  .0 |  .0 ||  .0 |  .0 |  .0 |
|  .0 |  .0 |  .0 ||  .0 |  .0 |  .0 ||  .0 |  .0 |  .0 |
|  .0 |  .0 |  .0 ||  .0 |  .0 |  .0 ||  .0 |  .0 |  .0 |

, state=
| -0. | -1. | -1. || -0. | -0. | -1. ||*-0. |*-0. |*-0. |
|  1. | -0. | -1. || -0. | -0. |  1. ||*-1. |*-0. |*-0. |
| -0. | -0. | -0. ||  1. | -1. | -0. ||*-0. |* 1. |*-0. |
|=====+=====+=====||=====+=====+=====||=====+=====+=====|
|  1. |  1. |  1. || -0. | -0. | -0. || -1. | -1. | -0. |
| -0. | -1. | -0. || -0. | -0. | -0. || -0. | -0. |  1. |
| -0. | -0. | -0. ||  1. |  1. | -0. || -0. | -1. | -0. |
|=====+=====+=====||=====+=====+=====||=====+=====+=====|
| -0. |  1. | -0. ||  1. | -0. | -0. || -0. | -0. | -0. |
| -1. | -0. | -0. || -1. | -1. | -0. || -0. | -0. |  1. |
| -0. | -0. | -1. || -0. | -0. |  1. || -1. | -0. | -0. |

, evalForThisState=1.0, isPlayerOneTurnOriginally=false}, StateDatum{MCTSProbabilites=
|  .0 |  .0 |  .0 ||  .0 |  .0 |  .0 ||  .0 |  .0 |  .0 |
|  .0 |  .0 |  .0 ||  .0 |  .0 |  .0 ||  .0 |  .0 |  .0 |
|  .0 |  .0 |  .0 ||  .0 |  .0 |  .0 ||  .0 |  .0 |  .0 |
|========+========+========||========+========+========||========+========+========|
|  .0 |  .0 |  .0 ||  .1169 |  .1645 |  .1399 ||  .0 |  .0 |  .0 |
|  .0 |  .0 |  .0 ||  .0508 |  .2357 |  .1788 ||  .0 |  .0 |  .0 |
|  .0 |  .0 |  .0 ||  .0 |  .0 |  .1133 ||  .0 |  .0 |  .0 |
|========+========+========||========+========+========||========+========+========|
|  .0 |  .0 |  .0 ||  .0 |  .0 |  .0 ||  .0 |  .0 |  .0 |
|  .0 |  .0 |  .0 ||  .0 |  .0 |  .0 ||  .0 |  .0 |  .0 |
|  .0 |  .0 |  .0 ||  .0 |  .0 |  .0 ||  .0 |  .0 |  .0 |

, state=
|  0. |  1. |  1. ||  0. |  0. |  1. ||  0. |  0. |  0. |
| -1. |  0. |  1. ||  0. |  0. | -1. ||  1. | -1. |  0. |
|  0. |  0. |  0. || -1. |  1. |  0. ||  0. | -1. |  0. |
|=====+=====+=====||=====+=====+=====||=====+=====+=====|
| -1. | -1. | -1. ||* 0. |* 0. |* 0. ||  1. |  1. |  0. |
|  0. |  1. |  0. ||* 0. |* 0. |* 0. ||  0. |  0. | -1. |
|  0. |  0. |  0. ||*-1. |*-1. |* 0. ||  0. |  1. |  0. |
|=====+=====+=====||=====+=====+=====||=====+=====+=====|
|  0. | -1. |  0. || -1. |  0. |  0. ||  0. |  0. |  0. |
|  1. |  0. |  0. ||  1. |  1. |  0. ||  0. |  0. | -1. |
|  0. |  0. |  1. ||  0. |  0. | -1. ||  1. |  0. |  0. |

, evalForThisState=-1.0, isPlayerOneTurnOriginally=true}, StateDatum{MCTSProbabilites=
|  .0 |  .0 |  .0 ||  .0 |  .0 |  .0 ||  .0 |  .0 |  .0 |
|  .0 |  .0 |  .0 ||  .0 |  .0 |  .0 ||  .0 |  .0 |  .0 |
|  .0 |  .0 |  .0 ||  .0 |  .0 |  .0 ||  .0 |  .0 |  .0 |
|========+========+========||========+========+========||========+========+========|
|  .0 |  .0 |  .0 ||  .217 |  .1392 |  .1659 ||  .0 |  .0 |  .0 |
|  .0 |  .0 |  .0 ||  .1429 |  .0 |  .1639 ||  .0 |  .0 |  .0 |
|  .0 |  .0 |  .0 ||  .0 |  .0 |  .1711 ||  .0 |  .0 |  .0 |
|========+========+========||========+========+========||========+========+========|
|  .0 |  .0 |  .0 ||  .0 |  .0 |  .0 ||  .0 |  .0 |  .0 |
|  .0 |  .0 |  .0 ||  .0 |  .0 |  .0 ||  .0 |  .0 |  .0 |
|  .0 |  .0 |  .0 ||  .0 |  .0 |  .0 ||  .0 |  .0 |  .0 |

, state=
| -0. | -1. | -1. || -0. | -0. | -1. || -0. | -0. | -0. |
|  1. | -0. | -1. || -0. | -0. |  1. || -1. |  1. | -0. |
| -0. | -0. | -0. ||  1. | -1. | -0. || -0. |  1. | -0. |
|=====+=====+=====||=====+=====+=====||=====+=====+=====|
|  1. |  1. |  1. ||*-0. |*-0. |*-0. || -1. | -1. | -0. |
| -0. | -1. | -0. ||*-0. |*-1. |*-0. || -0. | -0. |  1. |
| -0. | -0. | -0. ||* 1. |* 1. |*-0. || -0. | -1. | -0. |
|=====+=====+=====||=====+=====+=====||=====+=====+=====|
| -0. |  1. | -0. ||  1. | -0. | -0. || -0. | -0. | -0. |
| -1. | -0. | -0. || -1. | -1. | -0. || -0. | -0. |  1. |
| -0. | -0. | -1. || -0. | -0. |  1. || -1. | -0. | -0. |

, evalForThisState=1.0, isPlayerOneTurnOriginally=false}, StateDatum{MCTSProbabilites=
|  .0992 |  .0 |  .0 ||  .0 |  .0 |  .0 ||  .0 |  .0 |  .0 |
|  .0 |  .1266 |  .0 ||  .0 |  .0 |  .0 ||  .0 |  .0 |  .0 |
|  .2696 |  .247 |  .2576 ||  .0 |  .0 |  .0 ||  .0 |  .0 |  .0 |
|========+========+========||========+========+========||========+========+========|
|  .0 |  .0 |  .0 ||  .0 |  .0 |  .0 ||  .0 |  .0 |  .0 |
|  .0 |  .0 |  .0 ||  .0 |  .0 |  .0 ||  .0 |  .0 |  .0 |
|  .0 |  .0 |  .0 ||  .0 |  .0 |  .0 ||  .0 |  .0 |  .0 |
|========+========+========||========+========+========||========+========+========|
|  .0 |  .0 |  .0 ||  .0 |  .0 |  .0 ||  .0 |  .0 |  .0 |
|  .0 |  .0 |  .0 ||  .0 |  .0 |  .0 ||  .0 |  .0 |  .0 |
|  .0 |  .0 |  .0 ||  .0 |  .0 |  .0 ||  .0 |  .0 |  .0 |

, state=
|* 0. |* 1. |* 1. ||  0. |  0. |  1. ||  0. |  0. |  0. |
|*-1. |* 0. |* 1. ||  0. |  0. | -1. ||  1. | -1. |  0. |
|* 0. |* 0. |* 0. || -1. |  1. |  0. ||  0. | -1. |  0. |
|=====+=====+=====||=====+=====+=====||=====+=====+=====|
| -1. | -1. | -1. || -1. |  0. |  0. ||  1. |  1. |  0. |
|  0. |  1. |  0. ||  0. |  1. |  0. ||  0. |  0. | -1. |
|  0. |  0. |  0. || -1. | -1. |  0. ||  0. |  1. |  0. |
|=====+=====+=====||=====+=====+=====||=====+=====+=====|
|  0. | -1. |  0. || -1. |  0. |  0. ||  0. |  0. |  0. |
|  1. |  0. |  0. ||  1. |  1. |  0. ||  0. |  0. | -1. |
|  0. |  0. |  1. ||  0. |  0. | -1. ||  1. |  0. |  0. |

, evalForThisState=-1.0, isPlayerOneTurnOriginally=true}, StateDatum{MCTSProbabilites=
|  .0 |  .0 |  .0 ||  .0 |  .0 |  .0 ||  .0 |  .0 |  .0 |
|  .0 |  .0 |  .0 ||  .0 |  .0 |  .0 ||  .0 |  .0 |  .0 |
|  .0 |  .0 |  .0 ||  .0 |  .0 |  .0 ||  .0 |  .0 |  .0 |
|========+========+========||========+========+========||========+========+========|
|  .0 |  .0 |  .0 ||  .0 |  .0 |  .0 ||  .0 |  .0 |  .0 |
|  .0 |  .0 |  .0 ||  .0 |  .0 |  .0 ||  .0 |  .0 |  .0 |
|  .0 |  .0 |  .0 ||  .0 |  .0 |  .0 ||  .0 |  .0 |  .0 |
|========+========+========||========+========+========||========+========+========|
|  .1477 |  .0 |  .1728 ||  .0 |  .0 |  .0 ||  .0 |  .0 |  .0 |
|  .0 |  .1891 |  .1482 ||  .0 |  .0 |  .0 ||  .0 |  .0 |  .0 |
|  .161 |  .1812 |  .0 ||  .0 |  .0 |  .0 ||  .0 |  .0 |  .0 |

, state=
| -0. | -1. | -1. || -0. | -0. | -1. || -0. | -0. | -0. |
|  1. | -0. | -1. || -0. | -0. |  1. || -1. |  1. | -0. |
| -1. | -0. | -0. ||  1. | -1. | -0. || -0. |  1. | -0. |
|=====+=====+=====||=====+=====+=====||=====+=====+=====|
|  1. |  1. |  1. ||  1. | -0. | -0. || -1. | -1. | -0. |
| -0. | -1. | -0. || -0. | -1. | -0. || -0. | -0. |  1. |
| -0. | -0. | -0. ||  1. |  1. | -0. || -0. | -1. | -0. |
|=====+=====+=====||=====+=====+=====||=====+=====+=====|
|*-0. |* 1. |*-0. ||  1. | -0. | -0. || -0. | -0. | -0. |
|*-1. |*-0. |*-0. || -1. | -1. | -0. || -0. | -0. |  1. |
|*-0. |*-0. |*-1. || -0. | -0. |  1. || -1. | -0. | -0. |

, evalForThisState=1.0, isPlayerOneTurnOriginally=false}, StateDatum{MCTSProbabilites=
|  .0 |  .0 |  .0 ||  .0 |  .0 |  .0 ||  .0 |  .0 |  .0 |
|  .0 |  .0 |  .0 ||  .0 |  .0 |  .0 ||  .0 |  .0 |  .0 |
|  .0 |  .0 |  .0 ||  .0 |  .0 |  .0 ||  .0 |  .0 |  .0 |
|========+========+========||========+========+========||========+========+========|
|  .0 |  .0 |  .0 ||  .0 |  .1122 |  .1617 ||  .0 |  .0 |  .0 |
|  .0 |  .0 |  .0 ||  .4023 |  .0 |  .1715 ||  .0 |  .0 |  .0 |
|  .0 |  .0 |  .0 ||  .0 |  .0 |  .1522 ||  .0 |  .0 |  .0 |
|========+========+========||========+========+========||========+========+========|
|  .0 |  .0 |  .0 ||  .0 |  .0 |  .0 ||  .0 |  .0 |  .0 |
|  .0 |  .0 |  .0 ||  .0 |  .0 |  .0 ||  .0 |  .0 |  .0 |
|  .0 |  .0 |  .0 ||  .0 |  .0 |  .0 ||  .0 |  .0 |  .0 |

, state=
|  0. |  1. |  1. ||  0. |  0. |  1. ||  0. |  0. |  0. |
| -1. |  0. |  1. ||  0. |  0. | -1. ||  1. | -1. |  0. |
|  1. |  0. |  0. || -1. |  1. |  0. ||  0. | -1. |  0. |
|=====+=====+=====||=====+=====+=====||=====+=====+=====|
| -1. | -1. | -1. ||*-1. |* 0. |* 0. ||  1. |  1. |  0. |
|  0. |  1. |  0. ||* 0. |* 1. |* 0. ||  0. |  0. | -1. |
|  0. |  0. |  0. ||*-1. |*-1. |* 0. ||  0. |  1. |  0. |
|=====+=====+=====||=====+=====+=====||=====+=====+=====|
|  0. | -1. |  0. || -1. |  0. |  0. ||  0. |  0. |  0. |
|  1. | -1. |  0. ||  1. |  1. |  0. ||  0. |  0. | -1. |
|  0. |  0. |  1. ||  0. |  0. | -1. ||  1. |  0. |  0. |

, evalForThisState=-1.0, isPlayerOneTurnOriginally=true}, StateDatum{MCTSProbabilites=
|  .0198 |  .0 |  .0 ||  .0275 |  .0329 |  .0 ||  .0174 |  .0303 |  .0163 |
|  .0 |  .0262 |  .0 ||  .0281 |  .0268 |  .0 ||  .0 |  .0 |  .0282 |
|  .0 |  .0166 |  .0145 ||  .0 |  .0 |  .0273 ||  .0418 |  .0 |  .0191 |
|========+========+========||========+========+========||========+========+========|
|  .0 |  .0 |  .0 ||  .0 |  .0163 |  .0262 ||  .0 |  .0 |  .0261 |
|  .0 |  .0 |  .0 ||  .0 |  .0 |  .0174 ||  .0418 |  .0167 |  .0 |
|  .0 |  .0 |  .0 ||  .0 |  .0 |  .0172 ||  .0214 |  .0 |  .0255 |
|========+========+========||========+========+========||========+========+========|
|  .0251 |  .0 |  .0253 ||  .0 |  .0192 |  .0273 ||  .0194 |  .0363 |  .0218 |
|  .0 |  .0 |  .0282 ||  .0 |  .0 |  .0175 ||  .0257 |  .0243 |  .0 |
|  .0203 |  .0378 |  .0 ||  .0313 |  .0187 |  .0 ||  .0 |  .0207 |  .0197 |

, state=
|*-0. |*-1. |*-1. ||*-0. |*-0. |*-1. ||*-0. |*-0. |*-0. |
|* 1. |*-0. |*-1. ||*-0. |*-0. |* 1. ||*-1. |* 1. |*-0. |
|*-1. |*-0. |*-0. ||* 1. |*-1. |*-0. ||*-0. |* 1. |*-0. |
|=====+=====+=====||=====+=====+=====||=====+=====+=====|
|  1. |  1. |  1. ||* 1. |*-0. |*-0. ||*-1. |*-1. |*-0. |
| -0. | -1. | -0. ||*-1. |*-1. |*-0. ||*-0. |*-0. |* 1. |
| -0. | -0. | -0. ||* 1. |* 1. |*-0. ||*-0. |*-1. |*-0. |
|=====+=====+=====||=====+=====+=====||=====+=====+=====|
|*-0. |* 1. |*-0. ||* 1. |*-0. |*-0. ||*-0. |*-0. |*-0. |
|*-1. |* 1. |*-0. ||*-1. |*-1. |*-0. ||*-0. |*-0. |* 1. |
|*-0. |*-0. |*-1. ||*-0. |*-0. |* 1. ||*-1. |*-0. |*-0. |

, evalForThisState=1.0, isPlayerOneTurnOriginally=false}, StateDatum{MCTSProbabilites=
|  .0 |  .0 |  .0 ||  .0 |  .0 |  .0 ||  .0 |  .0 |  .0 |
|  .0 |  .0 |  .0 ||  .0 |  .0 |  .0 ||  .0 |  .0 |  .0 |
|  .0 |  .0 |  .0 ||  .0 |  .0 |  .0 ||  .0 |  .0 |  .0 |
|========+========+========||========+========+========||========+========+========|
|  .0 |  .0 |  .0 ||  .0 |  .0 |  .0 ||  .0 |  .0 |  .0 |
|  .0 |  .0 |  .0 ||  .0 |  .0 |  .0 ||  .0 |  .0 |  .0 |
|  .0 |  .0 |  .0 ||  .0 |  .0 |  .0 ||  .0 |  .0 |  .0 |
|========+========+========||========+========+========||========+========+========|
|  .1868 |  .0 |  .2356 ||  .0 |  .0 |  .0 ||  .0 |  .0 |  .0 |
|  .0 |  .0 |  .2769 ||  .0 |  .0 |  .0 ||  .0 |  .0 |  .0 |
|  .2015 |  .0993 |  .0 ||  .0 |  .0 |  .0 ||  .0 |  .0 |  .0 |

, state=
|  0. |  1. |  1. ||  0. |  0. |  1. ||  0. |  0. |  0. |
| -1. |  0. |  1. ||  0. |  0. | -1. ||  1. | -1. |  0. |
|  1. |  0. |  0. || -1. |  1. |  0. || -1. | -1. |  0. |
|=====+=====+=====||=====+=====+=====||=====+=====+=====|
| -1. | -1. | -1. || -1. |  0. |  0. ||  1. |  1. |  0. |
|  0. |  1. |  0. ||  1. |  1. |  0. ||  0. |  0. | -1. |
|  0. |  0. |  0. || -1. | -1. |  0. ||  0. |  1. |  0. |
|=====+=====+=====||=====+=====+=====||=====+=====+=====|
|* 0. |*-1. |* 0. || -1. |  0. |  0. ||  0. |  0. |  0. |
|* 1. |*-1. |* 0. ||  1. |  1. |  0. ||  0. |  0. | -1. |
|* 0. |* 0. |* 1. ||  0. |  0. | -1. ||  1. |  0. |  0. |

, evalForThisState=-1.0, isPlayerOneTurnOriginally=true}, StateDatum{MCTSProbabilites=
|  .0 |  .0 |  .0 ||  .0 |  .0 |  .0 ||  .0 |  .0 |  .0 |
|  .0 |  .0 |  .0 ||  .0 |  .0 |  .0 ||  .0 |  .0 |  .0 |
|  .0 |  .0 |  .0 ||  .0 |  .0 |  .0 ||  .0 |  .0 |  .0 |
|========+========+========||========+========+========||========+========+========|
|  .0 |  .0 |  .0 ||  .0 |  .0 |  .0 ||  .0 |  .0 |  .1115 |
|  .0 |  .0 |  .0 ||  .0 |  .0 |  .0 ||  .2287 |  .2267 |  .0 |
|  .0 |  .0 |  .0 ||  .0 |  .0 |  .0 ||  .1984 |  .0 |  .2346 |
|========+========+========||========+========+========||========+========+========|
|  .0 |  .0 |  .0 ||  .0 |  .0 |  .0 ||  .0 |  .0 |  .0 |
|  .0 |  .0 |  .0 ||  .0 |  .0 |  .0 ||  .0 |  .0 |  .0 |
|  .0 |  .0 |  .0 ||  .0 |  .0 |  .0 ||  .0 |  .0 |  .0 |

, state=
| -0. | -1. | -1. || -0. | -0. | -1. || -0. | -0. | -0. |
|  1. | -0. | -1. || -0. | -0. |  1. || -1. |  1. | -0. |
| -1. | -0. | -0. ||  1. | -1. | -0. ||  1. |  1. | -0. |
|=====+=====+=====||=====+=====+=====||=====+=====+=====|
|  1. |  1. |  1. ||  1. | -0. | -0. ||*-1. |*-1. |*-0. |
| -0. | -1. | -0. || -1. | -1. | -0. ||*-0. |*-0. |* 1. |
| -0. | -0. | -0. ||  1. |  1. | -0. ||*-0. |*-1. |*-0. |
|=====+=====+=====||=====+=====+=====||=====+=====+=====|
| -0. |  1. | -0. ||  1. | -0. | -0. || -0. | -0. | -0. |
| -1. |  1. | -1. || -1. | -1. | -0. || -0. | -0. |  1. |
| -0. | -0. | -1. || -0. | -0. |  1. || -1. | -0. | -0. |

, evalForThisState=1.0, isPlayerOneTurnOriginally=false}, StateDatum{MCTSProbabilites=
|  .0 |  .0 |  .0 ||  .0 |  .0 |  .0 ||  .0 |  .0 |  .0 |
|  .0 |  .0 |  .0 ||  .0 |  .0 |  .0 ||  .0 |  .0 |  .0 |
|  .0 |  .0 |  .0 ||  .0 |  .0 |  .0 ||  .0 |  .0 |  .0 |
|========+========+========||========+========+========||========+========+========|
|  .0 |  .0 |  .0 ||  .0 |  .0 |  .0 ||  .0 |  .0 |  .0 |
|  .0 |  .0 |  .0 ||  .0 |  .0 |  .0 ||  .0 |  .0 |  .0 |
|  .0 |  .0 |  .0 ||  .0 |  .0 |  .0 ||  .0 |  .0 |  .0 |
|========+========+========||========+========+========||========+========+========|
|  .0 |  .0 |  .0 ||  .0 |  .0 |  .0 ||  .1001 |  .2199 |  .0982 |
|  .0 |  .0 |  .0 ||  .0 |  .0 |  .0 ||  .254 |  .1163 |  .0 |
|  .0 |  .0 |  .0 ||  .0 |  .0 |  .0 ||  .0 |  .1283 |  .0831 |

, state=
|  0. |  1. |  1. ||  0. |  0. |  1. ||  0. |  0. |  0. |
| -1. |  0. |  1. ||  0. |  0. | -1. ||  1. | -1. |  0. |
|  1. |  0. |  0. || -1. |  1. |  0. || -1. | -1. |  0. |
|=====+=====+=====||=====+=====+=====||=====+=====+=====|
| -1. | -1. | -1. || -1. |  0. |  0. ||  1. |  1. |  0. |
|  0. |  1. |  0. ||  1. |  1. |  0. ||  0. |  0. | -1. |
|  0. |  0. |  0. || -1. | -1. |  0. ||  0. |  1. | -1. |
|=====+=====+=====||=====+=====+=====||=====+=====+=====|
|  0. | -1. |  0. || -1. |  0. |  0. ||* 0. |* 0. |* 0. |
|  1. | -1. |  1. ||  1. |  1. |  0. ||* 0. |* 0. |*-1. |
|  0. |  0. |  1. ||  0. |  0. | -1. ||* 1. |* 0. |* 0. |

, evalForThisState=-1.0, isPlayerOneTurnOriginally=true}, StateDatum{MCTSProbabilites=
|  .0293 |  .0 |  .0 ||  .0337 |  .0189 |  .0 ||  .0185 |  .0243 |  .0241 |
|  .0 |  .0184 |  .0 ||  .0284 |  .0186 |  .0 ||  .0 |  .0 |  .0242 |
|  .0 |  .0152 |  .0305 ||  .0 |  .0 |  .0257 ||  .0 |  .0 |  .0265 |
|========+========+========||========+========+========||========+========+========|
|  .0 |  .0 |  .0 ||  .0 |  .0349 |  .0377 ||  .0 |  .0 |  .0631 |
|  .0 |  .0 |  .0 ||  .0 |  .0 |  .0291 ||  .029 |  .0299 |  .0 |
|  .0 |  .0 |  .0 ||  .0 |  .0 |  .0578 ||  .0321 |  .0 |  .0 |
|========+========+========||========+========+========||========+========+========|
|  .0232 |  .0 |  .0094 ||  .0 |  .022 |  .0175 ||  .0301 |  .0275 |  .018 |
|  .0 |  .0 |  .0 ||  .0 |  .0 |  .0233 ||  .0 |  .0169 |  .0 |
|  .0257 |  .0224 |  .0 ||  .0178 |  .0229 |  .0 ||  .0 |  .0415 |  .032 |

, state=
|*-0. |*-1. |*-1. ||*-0. |*-0. |*-1. ||*-0. |*-0. |*-0. |
|* 1. |*-0. |*-1. ||*-0. |*-0. |* 1. ||*-1. |* 1. |*-0. |
|*-1. |*-0. |*-0. ||* 1. |*-1. |*-0. ||* 1. |* 1. |*-0. |
|=====+=====+=====||=====+=====+=====||=====+=====+=====|
|  1. |  1. |  1. ||* 1. |*-0. |*-0. ||*-1. |*-1. |*-0. |
| -0. | -1. | -0. ||*-1. |*-1. |*-0. ||*-0. |*-0. |* 1. |
| -0. | -0. | -0. ||* 1. |* 1. |*-0. ||*-0. |*-1. |* 1. |
|=====+=====+=====||=====+=====+=====||=====+=====+=====|
|*-0. |* 1. |*-0. ||* 1. |*-0. |*-0. ||*-0. |*-0. |*-0. |
|*-1. |* 1. |*-1. ||*-1. |*-1. |*-0. ||*-1. |*-0. |* 1. |
|*-0. |*-0. |*-1. ||*-0. |*-0. |* 1. ||*-1. |*-0. |*-0. |

, evalForThisState=1.0, isPlayerOneTurnOriginally=false}, StateDatum{MCTSProbabilites=
|  .0 |  .0 |  .0 ||  .0 |  .0 |  .0 ||  .1578 |  .2615 |  .1954 |
|  .0 |  .0 |  .0 ||  .0 |  .0 |  .0 ||  .0 |  .0 |  .2243 |
|  .0 |  .0 |  .0 ||  .0 |  .0 |  .0 ||  .0 |  .0 |  .1609 |
|========+========+========||========+========+========||========+========+========|
|  .0 |  .0 |  .0 ||  .0 |  .0 |  .0 ||  .0 |  .0 |  .0 |
|  .0 |  .0 |  .0 ||  .0 |  .0 |  .0 ||  .0 |  .0 |  .0 |
|  .0 |  .0 |  .0 ||  .0 |  .0 |  .0 ||  .0 |  .0 |  .0 |
|========+========+========||========+========+========||========+========+========|
|  .0 |  .0 |  .0 ||  .0 |  .0 |  .0 ||  .0 |  .0 |  .0 |
|  .0 |  .0 |  .0 ||  .0 |  .0 |  .0 ||  .0 |  .0 |  .0 |
|  .0 |  .0 |  .0 ||  .0 |  .0 |  .0 ||  .0 |  .0 |  .0 |

, state=
|  0. |  1. |  1. ||  0. |  0. |  1. ||* 0. |* 0. |* 0. |
| -1. |  0. |  1. ||  0. |  0. | -1. ||* 1. |*-1. |* 0. |
|  1. |  0. |  0. || -1. |  1. |  0. ||*-1. |*-1. |* 0. |
|=====+=====+=====||=====+=====+=====||=====+=====+=====|
| -1. | -1. | -1. || -1. |  0. |  0. ||  1. |  1. | -1. |
|  0. |  1. |  0. ||  1. |  1. |  0. ||  0. |  0. | -1. |
|  0. |  0. |  0. || -1. | -1. |  0. ||  0. |  1. | -1. |
|=====+=====+=====||=====+=====+=====||=====+=====+=====|
|  0. | -1. |  0. || -1. |  0. |  0. ||  0. |  0. |  0. |
|  1. | -1. |  1. ||  1. |  1. |  0. ||  1. |  0. | -1. |
|  0. |  0. |  1. ||  0. |  0. | -1. ||  1. |  0. |  0. |

, evalForThisState=-1.0, isPlayerOneTurnOriginally=true}, StateDatum{MCTSProbabilites=
|  .0 |  .0 |  .0 ||  .0392 |  .9368 |  .0 ||  .0 |  .0 |  .0 |
|  .0 |  .0 |  .0 ||  .0117 |  .0043 |  .0 ||  .0 |  .0 |  .0 |
|  .0 |  .0 |  .0 ||  .0 |  .0 |  .008 ||  .0 |  .0 |  .0 |
|========+========+========||========+========+========||========+========+========|
|  .0 |  .0 |  .0 ||  .0 |  .0 |  .0 ||  .0 |  .0 |  .0 |
|  .0 |  .0 |  .0 ||  .0 |  .0 |  .0 ||  .0 |  .0 |  .0 |
|  .0 |  .0 |  .0 ||  .0 |  .0 |  .0 ||  .0 |  .0 |  .0 |
|========+========+========||========+========+========||========+========+========|
|  .0 |  .0 |  .0 ||  .0 |  .0 |  .0 ||  .0 |  .0 |  .0 |
|  .0 |  .0 |  .0 ||  .0 |  .0 |  .0 ||  .0 |  .0 |  .0 |
|  .0 |  .0 |  .0 ||  .0 |  .0 |  .0 ||  .0 |  .0 |  .0 |

, state=
| -0. | -1. | -1. ||*-0. |*-0. |*-1. || -0. | -1. | -0. |
|  1. | -0. | -1. ||*-0. |*-0. |* 1. || -1. |  1. | -0. |
| -1. | -0. | -0. ||* 1. |*-1. |*-0. ||  1. |  1. | -0. |
|=====+=====+=====||=====+=====+=====||=====+=====+=====|
|  1. |  1. |  1. ||  1. | -0. | -0. || -1. | -1. |  1. |
| -0. | -1. | -0. || -1. | -1. | -0. || -0. | -0. |  1. |
| -0. | -0. | -0. ||  1. |  1. | -0. || -0. | -1. |  1. |
|=====+=====+=====||=====+=====+=====||=====+=====+=====|
| -0. |  1. | -0. ||  1. | -0. | -0. || -0. | -0. | -0. |
| -1. |  1. | -1. || -1. | -1. | -0. || -1. | -0. |  1. |
| -0. | -0. | -1. || -0. | -0. |  1. || -1. | -0. | -0. |

, evalForThisState=1.0, isPlayerOneTurnOriginally=false}, StateDatum{MCTSProbabilites=
|  .0 |  .0 |  .0 ||  .0887 |  .0 |  .0 ||  .0 |  .0 |  .0 |
|  .0 |  .0 |  .0 ||  .036 |  .8217 |  .0 ||  .0 |  .0 |  .0 |
|  .0 |  .0 |  .0 ||  .0 |  .0 |  .0535 ||  .0 |  .0 |  .0 |
|========+========+========||========+========+========||========+========+========|
|  .0 |  .0 |  .0 ||  .0 |  .0 |  .0 ||  .0 |  .0 |  .0 |
|  .0 |  .0 |  .0 ||  .0 |  .0 |  .0 ||  .0 |  .0 |  .0 |
|  .0 |  .0 |  .0 ||  .0 |  .0 |  .0 ||  .0 |  .0 |  .0 |
|========+========+========||========+========+========||========+========+========|
|  .0 |  .0 |  .0 ||  .0 |  .0 |  .0 ||  .0 |  .0 |  .0 |
|  .0 |  .0 |  .0 ||  .0 |  .0 |  .0 ||  .0 |  .0 |  .0 |
|  .0 |  .0 |  .0 ||  .0 |  .0 |  .0 ||  .0 |  .0 |  .0 |

, state=
|  0. |  1. |  1. ||* 0. |*-1. |* 1. ||  0. |  1. |  0. |
| -1. |  0. |  1. ||* 0. |* 0. |*-1. ||  1. | -1. |  0. |
|  1. |  0. |  0. ||*-1. |* 1. |* 0. || -1. | -1. |  0. |
|=====+=====+=====||=====+=====+=====||=====+=====+=====|
| -1. | -1. | -1. || -1. |  0. |  0. ||  1. |  1. | -1. |
|  0. |  1. |  0. ||  1. |  1. |  0. ||  0. |  0. | -1. |
|  0. |  0. |  0. || -1. | -1. |  0. ||  0. |  1. | -1. |
|=====+=====+=====||=====+=====+=====||=====+=====+=====|
|  0. | -1. |  0. || -1. |  0. |  0. ||  0. |  0. |  0. |
|  1. | -1. |  1. ||  1. |  1. |  0. ||  1. |  0. | -1. |
|  0. |  0. |  1. ||  0. |  0. | -1. ||  1. |  0. |  0. |

, evalForThisState=-1.0, isPlayerOneTurnOriginally=true}, StateDatum{MCTSProbabilites=
|  .0 |  .0 |  .0 ||  .0 |  .0 |  .0 ||  .0 |  .0 |  .0 |
|  .0 |  .0 |  .0 ||  .0 |  .0 |  .0 ||  .0 |  .0 |  .0 |
|  .0 |  .0 |  .0 ||  .0 |  .0 |  .0 ||  .0 |  .0 |  .0 |
|========+========+========||========+========+========||========+========+========|
|  .0 |  .0 |  .0 ||  .0 |  .0 |  .0 ||  .0 |  .0 |  .0 |
|  .0 |  .0 |  .0 ||  .0 |  .0 |  .0 ||  .0 |  .0 |  .0 |
|  .0 |  .0 |  .0 ||  .0 |  .0 |  .9999 ||  .0 |  .0 |  .0 |
|========+========+========||========+========+========||========+========+========|
|  .0 |  .0 |  .0 ||  .0 |  .0 |  .0 ||  .0 |  .0 |  .0 |
|  .0 |  .0 |  .0 ||  .0 |  .0 |  .0 ||  .0 |  .0 |  .0 |
|  .0 |  .0 |  .0 ||  .0 |  .0 |  .0 ||  .0 |  .0 |  .0 |

, state=
| -0. | -1. | -1. || -0. |  1. | -1. || -0. | -1. | -0. |
|  1. | -0. | -1. || -0. | -1. |  1. || -1. |  1. | -0. |
| -1. | -0. | -0. ||  1. | -1. | -0. ||  1. |  1. | -0. |
|=====+=====+=====||=====+=====+=====||=====+=====+=====|
|  1. |  1. |  1. ||* 1. |*-0. |*-0. || -1. | -1. |  1. |
| -0. | -1. | -0. ||*-1. |*-1. |*-0. || -0. | -0. |  1. |
| -0. | -0. | -0. ||* 1. |* 1. |*-0. || -0. | -1. |  1. |
|=====+=====+=====||=====+=====+=====||=====+=====+=====|
| -0. |  1. | -0. ||  1. | -0. | -0. || -0. | -0. | -0. |
| -1. |  1. | -1. || -1. | -1. | -0. || -1. | -0. |  1. |
| -0. | -0. | -1. || -0. | -0. |  1. || -1. | -0. | -0. |

, evalForThisState=1.0, isPlayerOneTurnOriginally=false}]
Value network data: 
===========INPUT===================
[[         0,         0,         0,  ...    1.0000,    1.0000,    1.0000], 
 [         0,         0,         0,  ...   -1.0000,   -1.0000,   -1.0000], 
 [         0,         0,         0,  ...   -1.0000,   -1.0000,   -1.0000], 
  ..., 
 [         0,   -1.0000,   -1.0000,  ...   -1.0000,   -1.0000,   -1.0000], 
 [         0,    1.0000,    1.0000,  ...   -1.0000,   -1.0000,   -1.0000], 
 [         0,   -1.0000,   -1.0000,  ...   -1.0000,   -1.0000,   -1.0000]]
=================OUTPUT==================
[[-1.0000], 
 [1.0000], 
 [-1.0000], 
 [1.0000], 
 [-1.0000], 
 [1.0000], 
 [-1.0000], 
 [1.0000], 
 [-1.0000], 
 [1.0000], 
 [-1.0000], 
 [1.0000], 
 [-1.0000], 
 [1.0000], 
 [-1.0000], 
 [1.0000], 
 [-1.0000], 
 [1.0000], 
 [-1.0000], 
 [1.0000], 
 [-1.0000], 
 [1.0000], 
 [-1.0000], 
 [1.0000], 
 [-1.0000], 
 [1.0000], 
 [-1.0000], 
 [1.0000], 
 [-1.0000], 
 [1.0000], 
 [-1.0000], 
 [1.0000], 
 [-1.0000], 
 [1.0000], 
 [-1.0000], 
 [1.0000], 
 [-1.0000], 
 [1.0000], 
 [-1.0000], 
 [1.0000], 
 [-1.0000], 
 [1.0000], 
 [-1.0000], 
 [1.0000]]
Policy network data: 
===========INPUT===================
[[         0,         0,         0,  ...    1.0000,    1.0000,    1.0000], 
 [         0,         0,         0,  ...   -1.0000,   -1.0000,   -1.0000], 
 [         0,         0,         0,  ...   -1.0000,   -1.0000,   -1.0000], 
  ..., 
 [         0,   -1.0000,   -1.0000,  ...   -1.0000,   -1.0000,   -1.0000], 
 [         0,    1.0000,    1.0000,  ...   -1.0000,   -1.0000,   -1.0000], 
 [         0,   -1.0000,   -1.0000,  ...   -1.0000,   -1.0000,   -1.0000]]
=================OUTPUT==================
[[    0.0122,    0.0124,    0.0114,  ...    0.0086,    0.0164,    0.0078], 
 [         0,         0,         0,  ...         0,         0,         0], 
 [         0,         0,         0,  ...         0,         0,         0], 
  ..., 
 [         0,         0,         0,  ...         0,         0,         0], 
 [         0,         0,         0,  ...         0,         0,         0], 
 [         0,         0,         0,  ...         0,         0,         0]]
W:\Labs\ME\ME187-Fall2024\StudentFiles\CALEBHOTTES\UTTTstuff\data\series1\policy$series1,gameNum1$1729208795147.bin
Took: 1768 s to simulate game
Finished simulating game, see log at: W:\Labs\ME\ME187-Fall2024\StudentFiles\CALEBHOTTES\UTTTstuff\data\logs\series1\game1$1729207026836.log for details.
