Saving data to: W:\Labs\ME\ME187-Fall2024\StudentFiles\CALEBHOTTES\UTTTstuff\data\series1
Begin custom message: 
DataSeries: series1 game number: 44 

Description: During Me Club 4+GHz Processior. 

Evaluator config=EvaluatorConfiguration{cValue=2.0, maxRolloutDepth=1000, computeTime=30, threads=1, stupidity=0, allowForcePlay=false, maxMyCPU=false}
End custom message
Inital State: 

|* 0. |* 0. |* 0. ||* 0. |* 0. |* 0. ||* 0. |* 0. |* 0. |
|* 0. |* 0. |* 0. ||* 0. |* 0. |* 0. ||* 0. |* 0. |* 0. |
|* 0. |* 0. |* 0. ||* 0. |* 0. |* 0. ||* 0. |* 0. |* 0. |
|=====+=====+=====||=====+=====+=====||=====+=====+=====|
|* 0. |* 0. |* 0. ||* 0. |* 0. |* 0. ||* 0. |* 0. |* 0. |
|* 0. |* 0. |* 0. ||* 0. |* 0. |* 0. ||* 0. |* 0. |* 0. |
|* 0. |* 0. |* 0. ||* 0. |* 0. |* 0. ||* 0. |* 0. |* 0. |
|=====+=====+=====||=====+=====+=====||=====+=====+=====|
|* 0. |* 0. |* 0. ||* 0. |* 0. |* 0. ||* 0. |* 0. |* 0. |
|* 0. |* 0. |* 0. ||* 0. |* 0. |* 0. ||* 0. |* 0. |* 0. |
|* 0. |* 0. |* 0. ||* 0. |* 0. |* 0. ||* 0. |* 0. |* 0. |


state to eval, currenty is playerone turn=true

|* 0. |* 0. |* 0. ||* 0. |* 0. |* 0. ||* 0. |* 0. |* 0. |
|* 0. |* 0. |* 0. ||* 0. |* 0. |* 0. ||* 0. |* 0. |* 0. |
|* 0. |* 0. |* 0. ||* 0. |* 0. |* 0. ||* 0. |* 0. |* 0. |
|=====+=====+=====||=====+=====+=====||=====+=====+=====|
|* 0. |* 0. |* 0. ||* 0. |* 0. |* 0. ||* 0. |* 0. |* 0. |
|* 0. |* 0. |* 0. ||* 0. |* 0. |* 0. ||* 0. |* 0. |* 0. |
|* 0. |* 0. |* 0. ||* 0. |* 0. |* 0. ||* 0. |* 0. |* 0. |
|=====+=====+=====||=====+=====+=====||=====+=====+=====|
|* 0. |* 0. |* 0. ||* 0. |* 0. |* 0. ||* 0. |* 0. |* 0. |
|* 0. |* 0. |* 0. ||* 0. |* 0. |* 0. ||* 0. |* 0. |* 0. |
|* 0. |* 0. |* 0. ||* 0. |* 0. |* 0. ||* 0. |* 0. |* 0. |


Determined best move using: 1868248Iterations
Determined best move using: 129744Iterations
current State

|  0. |  0. |  0. ||* 0. |* 0. |* 0. ||  0. |  0. |  0. |
|  0. |  0. |  0. ||* 0. |* 0. |* 0. ||  0. |  0. |  0. |
|  0. |  0. |  0. ||* 0. |* 0. |* 0. ||  0. |  0. |  0. |
|=====+=====+=====||=====+=====+=====||=====+=====+=====|
|  0. |  0. |  0. ||  0. |  0. |  0. ||  0. |  0. |  0. |
|  0. |  0. |  0. ||  0. |  0. |  0. ||  0. |  0. |  0. |
|  0. |  0. |  0. ||  0. |  0. |  0. ||  0. |  0. |  0. |
|=====+=====+=====||=====+=====+=====||=====+=====+=====|
|  0. |  0. |  0. ||  0. |  1. |  0. ||  0. |  0. |  0. |
|  0. |  0. |  0. ||  0. |  0. |  0. ||  0. |  0. |  0. |
|  0. |  0. |  0. ||  0. |  0. |  0. ||  0. |  0. |  0. |


state to eval, currenty is playerone turn=false

| -0. | -0. | -0. ||*-0. |*-0. |*-0. || -0. | -0. | -0. |
| -0. | -0. | -0. ||*-0. |*-0. |*-0. || -0. | -0. | -0. |
| -0. | -0. | -0. ||*-0. |*-0. |*-0. || -0. | -0. | -0. |
|=====+=====+=====||=====+=====+=====||=====+=====+=====|
| -0. | -0. | -0. || -0. | -0. | -0. || -0. | -0. | -0. |
| -0. | -0. | -0. || -0. | -0. | -0. || -0. | -0. | -0. |
| -0. | -0. | -0. || -0. | -0. | -0. || -0. | -0. | -0. |
|=====+=====+=====||=====+=====+=====||=====+=====+=====|
| -0. | -0. | -0. || -0. | -1. | -0. || -0. | -0. | -0. |
| -0. | -0. | -0. || -0. | -0. | -0. || -0. | -0. | -0. |
| -0. | -0. | -0. || -0. | -0. | -0. || -0. | -0. | -0. |


Determined best move using: 128918Iterations
Determined best move using: 63270Iterations
current State

|* 0. |* 0. |* 0. || -1. |  0. |  0. ||  0. |  0. |  0. |
|* 0. |* 0. |* 0. ||  0. |  0. |  0. ||  0. |  0. |  0. |
|* 0. |* 0. |* 0. ||  0. |  0. |  0. ||  0. |  0. |  0. |
|=====+=====+=====||=====+=====+=====||=====+=====+=====|
|  0. |  0. |  0. ||  0. |  0. |  0. ||  0. |  0. |  0. |
|  0. |  0. |  0. ||  0. |  0. |  0. ||  0. |  0. |  0. |
|  0. |  0. |  0. ||  0. |  0. |  0. ||  0. |  0. |  0. |
|=====+=====+=====||=====+=====+=====||=====+=====+=====|
|  0. |  0. |  0. ||  0. |  1. |  0. ||  0. |  0. |  0. |
|  0. |  0. |  0. ||  0. |  0. |  0. ||  0. |  0. |  0. |
|  0. |  0. |  0. ||  0. |  0. |  0. ||  0. |  0. |  0. |


state to eval, currenty is playerone turn=true

|* 0. |* 0. |* 0. || -1. |  0. |  0. ||  0. |  0. |  0. |
|* 0. |* 0. |* 0. ||  0. |  0. |  0. ||  0. |  0. |  0. |
|* 0. |* 0. |* 0. ||  0. |  0. |  0. ||  0. |  0. |  0. |
|=====+=====+=====||=====+=====+=====||=====+=====+=====|
|  0. |  0. |  0. ||  0. |  0. |  0. ||  0. |  0. |  0. |
|  0. |  0. |  0. ||  0. |  0. |  0. ||  0. |  0. |  0. |
|  0. |  0. |  0. ||  0. |  0. |  0. ||  0. |  0. |  0. |
|=====+=====+=====||=====+=====+=====||=====+=====+=====|
|  0. |  0. |  0. ||  0. |  1. |  0. ||  0. |  0. |  0. |
|  0. |  0. |  0. ||  0. |  0. |  0. ||  0. |  0. |  0. |
|  0. |  0. |  0. ||  0. |  0. |  0. ||  0. |  0. |  0. |


Determined best move using: 66840Iterations
current State

|  0. |  0. |  0. || -1. |  0. |  0. ||  0. |  0. |  0. |
|  0. |  0. |  0. ||  0. |  0. |  0. ||  0. |  0. |  0. |
|  0. |  1. |  0. ||  0. |  0. |  0. ||  0. |  0. |  0. |
|=====+=====+=====||=====+=====+=====||=====+=====+=====|
|  0. |  0. |  0. ||  0. |  0. |  0. ||  0. |  0. |  0. |
|  0. |  0. |  0. ||  0. |  0. |  0. ||  0. |  0. |  0. |
|  0. |  0. |  0. ||  0. |  0. |  0. ||  0. |  0. |  0. |
|=====+=====+=====||=====+=====+=====||=====+=====+=====|
|  0. |  0. |  0. ||* 0. |* 1. |* 0. ||  0. |  0. |  0. |
|  0. |  0. |  0. ||* 0. |* 0. |* 0. ||  0. |  0. |  0. |
|  0. |  0. |  0. ||* 0. |* 0. |* 0. ||  0. |  0. |  0. |


state to eval, currenty is playerone turn=false

| -0. | -0. | -0. ||  1. | -0. | -0. || -0. | -0. | -0. |
| -0. | -0. | -0. || -0. | -0. | -0. || -0. | -0. | -0. |
| -0. | -1. | -0. || -0. | -0. | -0. || -0. | -0. | -0. |
|=====+=====+=====||=====+=====+=====||=====+=====+=====|
| -0. | -0. | -0. || -0. | -0. | -0. || -0. | -0. | -0. |
| -0. | -0. | -0. || -0. | -0. | -0. || -0. | -0. | -0. |
| -0. | -0. | -0. || -0. | -0. | -0. || -0. | -0. | -0. |
|=====+=====+=====||=====+=====+=====||=====+=====+=====|
| -0. | -0. | -0. ||*-0. |*-1. |*-0. || -0. | -0. | -0. |
| -0. | -0. | -0. ||*-0. |*-0. |*-0. || -0. | -0. | -0. |
| -0. | -0. | -0. ||*-0. |*-0. |*-0. || -0. | -0. | -0. |


Determined best move using: 67375Iterations
current State

|  0. |  0. |  0. || -1. |  0. |  0. ||  0. |  0. |  0. |
|  0. |  0. |  0. ||  0. |  0. |  0. ||  0. |  0. |  0. |
|  0. |  1. |  0. ||  0. |  0. |  0. ||  0. |  0. |  0. |
|=====+=====+=====||=====+=====+=====||=====+=====+=====|
|  0. |  0. |  0. ||  0. |  0. |  0. ||  0. |  0. |  0. |
|  0. |  0. |  0. ||  0. |  0. |  0. ||  0. |  0. |  0. |
|  0. |  0. |  0. ||  0. |  0. |  0. ||  0. |  0. |  0. |
|=====+=====+=====||=====+=====+=====||=====+=====+=====|
|* 0. |* 0. |* 0. ||  0. |  1. |  0. ||  0. |  0. |  0. |
|* 0. |* 0. |* 0. ||  0. |  0. |  0. ||  0. |  0. |  0. |
|* 0. |* 0. |* 0. || -1. |  0. |  0. ||  0. |  0. |  0. |


state to eval, currenty is playerone turn=true

|  0. |  0. |  0. || -1. |  0. |  0. ||  0. |  0. |  0. |
|  0. |  0. |  0. ||  0. |  0. |  0. ||  0. |  0. |  0. |
|  0. |  1. |  0. ||  0. |  0. |  0. ||  0. |  0. |  0. |
|=====+=====+=====||=====+=====+=====||=====+=====+=====|
|  0. |  0. |  0. ||  0. |  0. |  0. ||  0. |  0. |  0. |
|  0. |  0. |  0. ||  0. |  0. |  0. ||  0. |  0. |  0. |
|  0. |  0. |  0. ||  0. |  0. |  0. ||  0. |  0. |  0. |
|=====+=====+=====||=====+=====+=====||=====+=====+=====|
|* 0. |* 0. |* 0. ||  0. |  1. |  0. ||  0. |  0. |  0. |
|* 0. |* 0. |* 0. ||  0. |  0. |  0. ||  0. |  0. |  0. |
|* 0. |* 0. |* 0. || -1. |  0. |  0. ||  0. |  0. |  0. |


Determined best move using: 70361Iterations
current State

|  0. |  0. |  0. || -1. |  0. |  0. ||  0. |  0. |  0. |
|  0. |  0. |  0. ||  0. |  0. |  0. ||  0. |  0. |  0. |
|  0. |  1. |  0. ||  0. |  0. |  0. ||  0. |  0. |  0. |
|=====+=====+=====||=====+=====+=====||=====+=====+=====|
|* 0. |* 0. |* 0. ||  0. |  0. |  0. ||  0. |  0. |  0. |
|* 0. |* 0. |* 0. ||  0. |  0. |  0. ||  0. |  0. |  0. |
|* 0. |* 0. |* 0. ||  0. |  0. |  0. ||  0. |  0. |  0. |
|=====+=====+=====||=====+=====+=====||=====+=====+=====|
|  0. |  0. |  0. ||  0. |  1. |  0. ||  0. |  0. |  0. |
|  1. |  0. |  0. ||  0. |  0. |  0. ||  0. |  0. |  0. |
|  0. |  0. |  0. || -1. |  0. |  0. ||  0. |  0. |  0. |


state to eval, currenty is playerone turn=false

| -0. | -0. | -0. ||  1. | -0. | -0. || -0. | -0. | -0. |
| -0. | -0. | -0. || -0. | -0. | -0. || -0. | -0. | -0. |
| -0. | -1. | -0. || -0. | -0. | -0. || -0. | -0. | -0. |
|=====+=====+=====||=====+=====+=====||=====+=====+=====|
|*-0. |*-0. |*-0. || -0. | -0. | -0. || -0. | -0. | -0. |
|*-0. |*-0. |*-0. || -0. | -0. | -0. || -0. | -0. | -0. |
|*-0. |*-0. |*-0. || -0. | -0. | -0. || -0. | -0. | -0. |
|=====+=====+=====||=====+=====+=====||=====+=====+=====|
| -0. | -0. | -0. || -0. | -1. | -0. || -0. | -0. | -0. |
| -1. | -0. | -0. || -0. | -0. | -0. || -0. | -0. | -0. |
| -0. | -0. | -0. ||  1. | -0. | -0. || -0. | -0. | -0. |


Determined best move using: 71420Iterations
current State

|  0. |  0. |  0. || -1. |  0. |  0. ||  0. |  0. |  0. |
|  0. |  0. |  0. ||  0. |  0. |  0. ||  0. |  0. |  0. |
|  0. |  1. |  0. ||  0. |  0. |  0. ||  0. |  0. |  0. |
|=====+=====+=====||=====+=====+=====||=====+=====+=====|
|  0. |  0. |  0. ||  0. |  0. |  0. ||  0. |  0. |  0. |
|  0. |  0. |  0. ||  0. |  0. |  0. ||  0. |  0. |  0. |
| -1. |  0. |  0. ||  0. |  0. |  0. ||  0. |  0. |  0. |
|=====+=====+=====||=====+=====+=====||=====+=====+=====|
|* 0. |* 0. |* 0. ||  0. |  1. |  0. ||  0. |  0. |  0. |
|* 1. |* 0. |* 0. ||  0. |  0. |  0. ||  0. |  0. |  0. |
|* 0. |* 0. |* 0. || -1. |  0. |  0. ||  0. |  0. |  0. |


state to eval, currenty is playerone turn=true

|  0. |  0. |  0. || -1. |  0. |  0. ||  0. |  0. |  0. |
|  0. |  0. |  0. ||  0. |  0. |  0. ||  0. |  0. |  0. |
|  0. |  1. |  0. ||  0. |  0. |  0. ||  0. |  0. |  0. |
|=====+=====+=====||=====+=====+=====||=====+=====+=====|
|  0. |  0. |  0. ||  0. |  0. |  0. ||  0. |  0. |  0. |
|  0. |  0. |  0. ||  0. |  0. |  0. ||  0. |  0. |  0. |
| -1. |  0. |  0. ||  0. |  0. |  0. ||  0. |  0. |  0. |
|=====+=====+=====||=====+=====+=====||=====+=====+=====|
|* 0. |* 0. |* 0. ||  0. |  1. |  0. ||  0. |  0. |  0. |
|* 1. |* 0. |* 0. ||  0. |  0. |  0. ||  0. |  0. |  0. |
|* 0. |* 0. |* 0. || -1. |  0. |  0. ||  0. |  0. |  0. |


Determined best move using: 70627Iterations
current State

|  0. |  0. |  0. ||*-1. |* 0. |* 0. ||  0. |  0. |  0. |
|  0. |  0. |  0. ||* 0. |* 0. |* 0. ||  0. |  0. |  0. |
|  0. |  1. |  0. ||* 0. |* 0. |* 0. ||  0. |  0. |  0. |
|=====+=====+=====||=====+=====+=====||=====+=====+=====|
|  0. |  0. |  0. ||  0. |  0. |  0. ||  0. |  0. |  0. |
|  0. |  0. |  0. ||  0. |  0. |  0. ||  0. |  0. |  0. |
| -1. |  0. |  0. ||  0. |  0. |  0. ||  0. |  0. |  0. |
|=====+=====+=====||=====+=====+=====||=====+=====+=====|
|  0. |  1. |  0. ||  0. |  1. |  0. ||  0. |  0. |  0. |
|  1. |  0. |  0. ||  0. |  0. |  0. ||  0. |  0. |  0. |
|  0. |  0. |  0. || -1. |  0. |  0. ||  0. |  0. |  0. |


state to eval, currenty is playerone turn=false

| -0. | -0. | -0. ||* 1. |*-0. |*-0. || -0. | -0. | -0. |
| -0. | -0. | -0. ||*-0. |*-0. |*-0. || -0. | -0. | -0. |
| -0. | -1. | -0. ||*-0. |*-0. |*-0. || -0. | -0. | -0. |
|=====+=====+=====||=====+=====+=====||=====+=====+=====|
| -0. | -0. | -0. || -0. | -0. | -0. || -0. | -0. | -0. |
| -0. | -0. | -0. || -0. | -0. | -0. || -0. | -0. | -0. |
|  1. | -0. | -0. || -0. | -0. | -0. || -0. | -0. | -0. |
|=====+=====+=====||=====+=====+=====||=====+=====+=====|
| -0. | -1. | -0. || -0. | -1. | -0. || -0. | -0. | -0. |
| -1. | -0. | -0. || -0. | -0. | -0. || -0. | -0. | -0. |
| -0. | -0. | -0. ||  1. | -0. | -0. || -0. | -0. | -0. |


Determined best move using: 75898Iterations
current State

|  0. |  0. |  0. || -1. |  0. | -1. ||* 0. |* 0. |* 0. |
|  0. |  0. |  0. ||  0. |  0. |  0. ||* 0. |* 0. |* 0. |
|  0. |  1. |  0. ||  0. |  0. |  0. ||* 0. |* 0. |* 0. |
|=====+=====+=====||=====+=====+=====||=====+=====+=====|
|  0. |  0. |  0. ||  0. |  0. |  0. ||  0. |  0. |  0. |
|  0. |  0. |  0. ||  0. |  0. |  0. ||  0. |  0. |  0. |
| -1. |  0. |  0. ||  0. |  0. |  0. ||  0. |  0. |  0. |
|=====+=====+=====||=====+=====+=====||=====+=====+=====|
|  0. |  1. |  0. ||  0. |  1. |  0. ||  0. |  0. |  0. |
|  1. |  0. |  0. ||  0. |  0. |  0. ||  0. |  0. |  0. |
|  0. |  0. |  0. || -1. |  0. |  0. ||  0. |  0. |  0. |


state to eval, currenty is playerone turn=true

|  0. |  0. |  0. || -1. |  0. | -1. ||* 0. |* 0. |* 0. |
|  0. |  0. |  0. ||  0. |  0. |  0. ||* 0. |* 0. |* 0. |
|  0. |  1. |  0. ||  0. |  0. |  0. ||* 0. |* 0. |* 0. |
|=====+=====+=====||=====+=====+=====||=====+=====+=====|
|  0. |  0. |  0. ||  0. |  0. |  0. ||  0. |  0. |  0. |
|  0. |  0. |  0. ||  0. |  0. |  0. ||  0. |  0. |  0. |
| -1. |  0. |  0. ||  0. |  0. |  0. ||  0. |  0. |  0. |
|=====+=====+=====||=====+=====+=====||=====+=====+=====|
|  0. |  1. |  0. ||  0. |  1. |  0. ||  0. |  0. |  0. |
|  1. |  0. |  0. ||  0. |  0. |  0. ||  0. |  0. |  0. |
|  0. |  0. |  0. || -1. |  0. |  0. ||  0. |  0. |  0. |


Determined best move using: 74813Iterations
current State

|  0. |  0. |  0. || -1. |  0. | -1. ||  0. |  0. |  0. |
|  0. |  0. |  0. ||  0. |  0. |  0. ||  1. |  0. |  0. |
|  0. |  1. |  0. ||  0. |  0. |  0. ||  0. |  0. |  0. |
|=====+=====+=====||=====+=====+=====||=====+=====+=====|
|* 0. |* 0. |* 0. ||  0. |  0. |  0. ||  0. |  0. |  0. |
|* 0. |* 0. |* 0. ||  0. |  0. |  0. ||  0. |  0. |  0. |
|*-1. |* 0. |* 0. ||  0. |  0. |  0. ||  0. |  0. |  0. |
|=====+=====+=====||=====+=====+=====||=====+=====+=====|
|  0. |  1. |  0. ||  0. |  1. |  0. ||  0. |  0. |  0. |
|  1. |  0. |  0. ||  0. |  0. |  0. ||  0. |  0. |  0. |
|  0. |  0. |  0. || -1. |  0. |  0. ||  0. |  0. |  0. |


state to eval, currenty is playerone turn=false

| -0. | -0. | -0. ||  1. | -0. |  1. || -0. | -0. | -0. |
| -0. | -0. | -0. || -0. | -0. | -0. || -1. | -0. | -0. |
| -0. | -1. | -0. || -0. | -0. | -0. || -0. | -0. | -0. |
|=====+=====+=====||=====+=====+=====||=====+=====+=====|
|*-0. |*-0. |*-0. || -0. | -0. | -0. || -0. | -0. | -0. |
|*-0. |*-0. |*-0. || -0. | -0. | -0. || -0. | -0. | -0. |
|* 1. |*-0. |*-0. || -0. | -0. | -0. || -0. | -0. | -0. |
|=====+=====+=====||=====+=====+=====||=====+=====+=====|
| -0. | -1. | -0. || -0. | -1. | -0. || -0. | -0. | -0. |
| -1. | -0. | -0. || -0. | -0. | -0. || -0. | -0. | -0. |
| -0. | -0. | -0. ||  1. | -0. | -0. || -0. | -0. | -0. |


Determined best move using: 76112Iterations
current State

|  0. |  0. |  0. || -1. |  0. | -1. ||* 0. |* 0. |* 0. |
|  0. |  0. |  0. ||  0. |  0. |  0. ||* 1. |* 0. |* 0. |
|  0. |  1. |  0. ||  0. |  0. |  0. ||* 0. |* 0. |* 0. |
|=====+=====+=====||=====+=====+=====||=====+=====+=====|
|  0. |  0. | -1. ||  0. |  0. |  0. ||  0. |  0. |  0. |
|  0. |  0. |  0. ||  0. |  0. |  0. ||  0. |  0. |  0. |
| -1. |  0. |  0. ||  0. |  0. |  0. ||  0. |  0. |  0. |
|=====+=====+=====||=====+=====+=====||=====+=====+=====|
|  0. |  1. |  0. ||  0. |  1. |  0. ||  0. |  0. |  0. |
|  1. |  0. |  0. ||  0. |  0. |  0. ||  0. |  0. |  0. |
|  0. |  0. |  0. || -1. |  0. |  0. ||  0. |  0. |  0. |


state to eval, currenty is playerone turn=true

|  0. |  0. |  0. || -1. |  0. | -1. ||* 0. |* 0. |* 0. |
|  0. |  0. |  0. ||  0. |  0. |  0. ||* 1. |* 0. |* 0. |
|  0. |  1. |  0. ||  0. |  0. |  0. ||* 0. |* 0. |* 0. |
|=====+=====+=====||=====+=====+=====||=====+=====+=====|
|  0. |  0. | -1. ||  0. |  0. |  0. ||  0. |  0. |  0. |
|  0. |  0. |  0. ||  0. |  0. |  0. ||  0. |  0. |  0. |
| -1. |  0. |  0. ||  0. |  0. |  0. ||  0. |  0. |  0. |
|=====+=====+=====||=====+=====+=====||=====+=====+=====|
|  0. |  1. |  0. ||  0. |  1. |  0. ||  0. |  0. |  0. |
|  1. |  0. |  0. ||  0. |  0. |  0. ||  0. |  0. |  0. |
|  0. |  0. |  0. || -1. |  0. |  0. ||  0. |  0. |  0. |


Determined best move using: 76617Iterations
current State

|  0. |  0. |  0. || -1. |  0. | -1. ||  0. |  0. |  0. |
|  0. |  0. |  0. ||  0. |  0. |  0. ||  1. |  0. |  0. |
|  0. |  1. |  0. ||  0. |  0. |  0. ||  0. |  0. |  1. |
|=====+=====+=====||=====+=====+=====||=====+=====+=====|
|  0. |  0. | -1. ||  0. |  0. |  0. ||  0. |  0. |  0. |
|  0. |  0. |  0. ||  0. |  0. |  0. ||  0. |  0. |  0. |
| -1. |  0. |  0. ||  0. |  0. |  0. ||  0. |  0. |  0. |
|=====+=====+=====||=====+=====+=====||=====+=====+=====|
|  0. |  1. |  0. ||  0. |  1. |  0. ||* 0. |* 0. |* 0. |
|  1. |  0. |  0. ||  0. |  0. |  0. ||* 0. |* 0. |* 0. |
|  0. |  0. |  0. || -1. |  0. |  0. ||* 0. |* 0. |* 0. |


state to eval, currenty is playerone turn=false

| -0. | -0. | -0. ||  1. | -0. |  1. || -0. | -0. | -0. |
| -0. | -0. | -0. || -0. | -0. | -0. || -1. | -0. | -0. |
| -0. | -1. | -0. || -0. | -0. | -0. || -0. | -0. | -1. |
|=====+=====+=====||=====+=====+=====||=====+=====+=====|
| -0. | -0. |  1. || -0. | -0. | -0. || -0. | -0. | -0. |
| -0. | -0. | -0. || -0. | -0. | -0. || -0. | -0. | -0. |
|  1. | -0. | -0. || -0. | -0. | -0. || -0. | -0. | -0. |
|=====+=====+=====||=====+=====+=====||=====+=====+=====|
| -0. | -1. | -0. || -0. | -1. | -0. ||*-0. |*-0. |*-0. |
| -1. | -0. | -0. || -0. | -0. | -0. ||*-0. |*-0. |*-0. |
| -0. | -0. | -0. ||  1. | -0. | -0. ||*-0. |*-0. |*-0. |


Determined best move using: 79426Iterations
current State

|  0. |  0. |  0. || -1. |  0. | -1. ||  0. |  0. |  0. |
|  0. |  0. |  0. ||  0. |  0. |  0. ||  1. |  0. |  0. |
|  0. |  1. |  0. ||  0. |  0. |  0. ||  0. |  0. |  1. |
|=====+=====+=====||=====+=====+=====||=====+=====+=====|
|  0. |  0. | -1. ||  0. |  0. |  0. ||* 0. |* 0. |* 0. |
|  0. |  0. |  0. ||  0. |  0. |  0. ||* 0. |* 0. |* 0. |
| -1. |  0. |  0. ||  0. |  0. |  0. ||* 0. |* 0. |* 0. |
|=====+=====+=====||=====+=====+=====||=====+=====+=====|
|  0. |  1. |  0. ||  0. |  1. |  0. ||  0. |  0. |  0. |
|  1. |  0. |  0. ||  0. |  0. |  0. ||  0. |  0. | -1. |
|  0. |  0. |  0. || -1. |  0. |  0. ||  0. |  0. |  0. |


state to eval, currenty is playerone turn=true

|  0. |  0. |  0. || -1. |  0. | -1. ||  0. |  0. |  0. |
|  0. |  0. |  0. ||  0. |  0. |  0. ||  1. |  0. |  0. |
|  0. |  1. |  0. ||  0. |  0. |  0. ||  0. |  0. |  1. |
|=====+=====+=====||=====+=====+=====||=====+=====+=====|
|  0. |  0. | -1. ||  0. |  0. |  0. ||* 0. |* 0. |* 0. |
|  0. |  0. |  0. ||  0. |  0. |  0. ||* 0. |* 0. |* 0. |
| -1. |  0. |  0. ||  0. |  0. |  0. ||* 0. |* 0. |* 0. |
|=====+=====+=====||=====+=====+=====||=====+=====+=====|
|  0. |  1. |  0. ||  0. |  1. |  0. ||  0. |  0. |  0. |
|  1. |  0. |  0. ||  0. |  0. |  0. ||  0. |  0. | -1. |
|  0. |  0. |  0. || -1. |  0. |  0. ||  0. |  0. |  0. |


Determined best move using: 80412Iterations
current State

|  0. |  0. |  0. || -1. |  0. | -1. ||* 0. |* 0. |* 0. |
|  0. |  0. |  0. ||  0. |  0. |  0. ||* 1. |* 0. |* 0. |
|  0. |  1. |  0. ||  0. |  0. |  0. ||* 0. |* 0. |* 1. |
|=====+=====+=====||=====+=====+=====||=====+=====+=====|
|  0. |  0. | -1. ||  0. |  0. |  0. ||  0. |  0. |  1. |
|  0. |  0. |  0. ||  0. |  0. |  0. ||  0. |  0. |  0. |
| -1. |  0. |  0. ||  0. |  0. |  0. ||  0. |  0. |  0. |
|=====+=====+=====||=====+=====+=====||=====+=====+=====|
|  0. |  1. |  0. ||  0. |  1. |  0. ||  0. |  0. |  0. |
|  1. |  0. |  0. ||  0. |  0. |  0. ||  0. |  0. | -1. |
|  0. |  0. |  0. || -1. |  0. |  0. ||  0. |  0. |  0. |


state to eval, currenty is playerone turn=false

| -0. | -0. | -0. ||  1. | -0. |  1. ||*-0. |*-0. |*-0. |
| -0. | -0. | -0. || -0. | -0. | -0. ||*-1. |*-0. |*-0. |
| -0. | -1. | -0. || -0. | -0. | -0. ||*-0. |*-0. |*-1. |
|=====+=====+=====||=====+=====+=====||=====+=====+=====|
| -0. | -0. |  1. || -0. | -0. | -0. || -0. | -0. | -1. |
| -0. | -0. | -0. || -0. | -0. | -0. || -0. | -0. | -0. |
|  1. | -0. | -0. || -0. | -0. | -0. || -0. | -0. | -0. |
|=====+=====+=====||=====+=====+=====||=====+=====+=====|
| -0. | -1. | -0. || -0. | -1. | -0. || -0. | -0. | -0. |
| -1. | -0. | -0. || -0. | -0. | -0. || -0. | -0. |  1. |
| -0. | -0. | -0. ||  1. | -0. | -0. || -0. | -0. | -0. |


Determined best move using: 81457Iterations
current State

|* 0. |* 0. |* 0. || -1. |  0. | -1. || -1. |  0. |  0. |
|* 0. |* 0. |* 0. ||  0. |  0. |  0. ||  1. |  0. |  0. |
|* 0. |* 1. |* 0. ||  0. |  0. |  0. ||  0. |  0. |  1. |
|=====+=====+=====||=====+=====+=====||=====+=====+=====|
|  0. |  0. | -1. ||  0. |  0. |  0. ||  0. |  0. |  1. |
|  0. |  0. |  0. ||  0. |  0. |  0. ||  0. |  0. |  0. |
| -1. |  0. |  0. ||  0. |  0. |  0. ||  0. |  0. |  0. |
|=====+=====+=====||=====+=====+=====||=====+=====+=====|
|  0. |  1. |  0. ||  0. |  1. |  0. ||  0. |  0. |  0. |
|  1. |  0. |  0. ||  0. |  0. |  0. ||  0. |  0. | -1. |
|  0. |  0. |  0. || -1. |  0. |  0. ||  0. |  0. |  0. |


state to eval, currenty is playerone turn=true

|* 0. |* 0. |* 0. || -1. |  0. | -1. || -1. |  0. |  0. |
|* 0. |* 0. |* 0. ||  0. |  0. |  0. ||  1. |  0. |  0. |
|* 0. |* 1. |* 0. ||  0. |  0. |  0. ||  0. |  0. |  1. |
|=====+=====+=====||=====+=====+=====||=====+=====+=====|
|  0. |  0. | -1. ||  0. |  0. |  0. ||  0. |  0. |  1. |
|  0. |  0. |  0. ||  0. |  0. |  0. ||  0. |  0. |  0. |
| -1. |  0. |  0. ||  0. |  0. |  0. ||  0. |  0. |  0. |
|=====+=====+=====||=====+=====+=====||=====+=====+=====|
|  0. |  1. |  0. ||  0. |  1. |  0. ||  0. |  0. |  0. |
|  1. |  0. |  0. ||  0. |  0. |  0. ||  0. |  0. | -1. |
|  0. |  0. |  0. || -1. |  0. |  0. ||  0. |  0. |  0. |


Determined best move using: 85061Iterations
current State

|  0. |  0. |  0. || -1. |  0. | -1. || -1. |  0. |  0. |
|  0. |  0. |  0. ||  0. |  0. |  0. ||  1. |  0. |  0. |
|  0. |  1. |  1. ||  0. |  0. |  0. ||  0. |  0. |  1. |
|=====+=====+=====||=====+=====+=====||=====+=====+=====|
|  0. |  0. | -1. ||  0. |  0. |  0. ||  0. |  0. |  1. |
|  0. |  0. |  0. ||  0. |  0. |  0. ||  0. |  0. |  0. |
| -1. |  0. |  0. ||  0. |  0. |  0. ||  0. |  0. |  0. |
|=====+=====+=====||=====+=====+=====||=====+=====+=====|
|  0. |  1. |  0. ||  0. |  1. |  0. ||* 0. |* 0. |* 0. |
|  1. |  0. |  0. ||  0. |  0. |  0. ||* 0. |* 0. |*-1. |
|  0. |  0. |  0. || -1. |  0. |  0. ||* 0. |* 0. |* 0. |


state to eval, currenty is playerone turn=false

| -0. | -0. | -0. ||  1. | -0. |  1. ||  1. | -0. | -0. |
| -0. | -0. | -0. || -0. | -0. | -0. || -1. | -0. | -0. |
| -0. | -1. | -1. || -0. | -0. | -0. || -0. | -0. | -1. |
|=====+=====+=====||=====+=====+=====||=====+=====+=====|
| -0. | -0. |  1. || -0. | -0. | -0. || -0. | -0. | -1. |
| -0. | -0. | -0. || -0. | -0. | -0. || -0. | -0. | -0. |
|  1. | -0. | -0. || -0. | -0. | -0. || -0. | -0. | -0. |
|=====+=====+=====||=====+=====+=====||=====+=====+=====|
| -0. | -1. | -0. || -0. | -1. | -0. ||*-0. |*-0. |*-0. |
| -1. | -0. | -0. || -0. | -0. | -0. ||*-0. |*-0. |* 1. |
| -0. | -0. | -0. ||  1. | -0. | -0. ||*-0. |*-0. |*-0. |


Determined best move using: 86741Iterations
current State

|* 0. |* 0. |* 0. || -1. |  0. | -1. || -1. |  0. |  0. |
|* 0. |* 0. |* 0. ||  0. |  0. |  0. ||  1. |  0. |  0. |
|* 0. |* 1. |* 1. ||  0. |  0. |  0. ||  0. |  0. |  1. |
|=====+=====+=====||=====+=====+=====||=====+=====+=====|
|  0. |  0. | -1. ||  0. |  0. |  0. ||  0. |  0. |  1. |
|  0. |  0. |  0. ||  0. |  0. |  0. ||  0. |  0. |  0. |
| -1. |  0. |  0. ||  0. |  0. |  0. ||  0. |  0. |  0. |
|=====+=====+=====||=====+=====+=====||=====+=====+=====|
|  0. |  1. |  0. ||  0. |  1. |  0. || -1. |  0. |  0. |
|  1. |  0. |  0. ||  0. |  0. |  0. ||  0. |  0. | -1. |
|  0. |  0. |  0. || -1. |  0. |  0. ||  0. |  0. |  0. |


state to eval, currenty is playerone turn=true

|* 0. |* 0. |* 0. || -1. |  0. | -1. || -1. |  0. |  0. |
|* 0. |* 0. |* 0. ||  0. |  0. |  0. ||  1. |  0. |  0. |
|* 0. |* 1. |* 1. ||  0. |  0. |  0. ||  0. |  0. |  1. |
|=====+=====+=====||=====+=====+=====||=====+=====+=====|
|  0. |  0. | -1. ||  0. |  0. |  0. ||  0. |  0. |  1. |
|  0. |  0. |  0. ||  0. |  0. |  0. ||  0. |  0. |  0. |
| -1. |  0. |  0. ||  0. |  0. |  0. ||  0. |  0. |  0. |
|=====+=====+=====||=====+=====+=====||=====+=====+=====|
|  0. |  1. |  0. ||  0. |  1. |  0. || -1. |  0. |  0. |
|  1. |  0. |  0. ||  0. |  0. |  0. ||  0. |  0. | -1. |
|  0. |  0. |  0. || -1. |  0. |  0. ||  0. |  0. |  0. |


Determined best move using: 83801Iterations
current State

|  0. |  0. |  0. || -1. |  0. | -1. || -1. |  0. |  0. |
|  0. |  1. |  0. ||  0. |  0. |  0. ||  1. |  0. |  0. |
|  0. |  1. |  1. ||  0. |  0. |  0. ||  0. |  0. |  1. |
|=====+=====+=====||=====+=====+=====||=====+=====+=====|
|  0. |  0. | -1. ||* 0. |* 0. |* 0. ||  0. |  0. |  1. |
|  0. |  0. |  0. ||* 0. |* 0. |* 0. ||  0. |  0. |  0. |
| -1. |  0. |  0. ||* 0. |* 0. |* 0. ||  0. |  0. |  0. |
|=====+=====+=====||=====+=====+=====||=====+=====+=====|
|  0. |  1. |  0. ||  0. |  1. |  0. || -1. |  0. |  0. |
|  1. |  0. |  0. ||  0. |  0. |  0. ||  0. |  0. | -1. |
|  0. |  0. |  0. || -1. |  0. |  0. ||  0. |  0. |  0. |


state to eval, currenty is playerone turn=false

| -0. | -0. | -0. ||  1. | -0. |  1. ||  1. | -0. | -0. |
| -0. | -1. | -0. || -0. | -0. | -0. || -1. | -0. | -0. |
| -0. | -1. | -1. || -0. | -0. | -0. || -0. | -0. | -1. |
|=====+=====+=====||=====+=====+=====||=====+=====+=====|
| -0. | -0. |  1. ||*-0. |*-0. |*-0. || -0. | -0. | -1. |
| -0. | -0. | -0. ||*-0. |*-0. |*-0. || -0. | -0. | -0. |
|  1. | -0. | -0. ||*-0. |*-0. |*-0. || -0. | -0. | -0. |
|=====+=====+=====||=====+=====+=====||=====+=====+=====|
| -0. | -1. | -0. || -0. | -1. | -0. ||  1. | -0. | -0. |
| -1. | -0. | -0. || -0. | -0. | -0. || -0. | -0. |  1. |
| -0. | -0. | -0. ||  1. | -0. | -0. || -0. | -0. | -0. |


Determined best move using: 86019Iterations
current State

|  0. |  0. |  0. ||*-1. |* 0. |*-1. || -1. |  0. |  0. |
|  0. |  1. |  0. ||* 0. |* 0. |* 0. ||  1. |  0. |  0. |
|  0. |  1. |  1. ||* 0. |* 0. |* 0. ||  0. |  0. |  1. |
|=====+=====+=====||=====+=====+=====||=====+=====+=====|
|  0. |  0. | -1. ||  0. | -1. |  0. ||  0. |  0. |  1. |
|  0. |  0. |  0. ||  0. |  0. |  0. ||  0. |  0. |  0. |
| -1. |  0. |  0. ||  0. |  0. |  0. ||  0. |  0. |  0. |
|=====+=====+=====||=====+=====+=====||=====+=====+=====|
|  0. |  1. |  0. ||  0. |  1. |  0. || -1. |  0. |  0. |
|  1. |  0. |  0. ||  0. |  0. |  0. ||  0. |  0. | -1. |
|  0. |  0. |  0. || -1. |  0. |  0. ||  0. |  0. |  0. |


state to eval, currenty is playerone turn=true

|  0. |  0. |  0. ||*-1. |* 0. |*-1. || -1. |  0. |  0. |
|  0. |  1. |  0. ||* 0. |* 0. |* 0. ||  1. |  0. |  0. |
|  0. |  1. |  1. ||* 0. |* 0. |* 0. ||  0. |  0. |  1. |
|=====+=====+=====||=====+=====+=====||=====+=====+=====|
|  0. |  0. | -1. ||  0. | -1. |  0. ||  0. |  0. |  1. |
|  0. |  0. |  0. ||  0. |  0. |  0. ||  0. |  0. |  0. |
| -1. |  0. |  0. ||  0. |  0. |  0. ||  0. |  0. |  0. |
|=====+=====+=====||=====+=====+=====||=====+=====+=====|
|  0. |  1. |  0. ||  0. |  1. |  0. || -1. |  0. |  0. |
|  1. |  0. |  0. ||  0. |  0. |  0. ||  0. |  0. | -1. |
|  0. |  0. |  0. || -1. |  0. |  0. ||  0. |  0. |  0. |


Determined best move using: 89597Iterations
current State

|  0. |  0. |  0. || -1. |  0. | -1. || -1. |  0. |  0. |
|  0. |  1. |  0. ||  0. |  1. |  0. ||  1. |  0. |  0. |
|  0. |  1. |  1. ||  0. |  0. |  0. ||  0. |  0. |  1. |
|=====+=====+=====||=====+=====+=====||=====+=====+=====|
|  0. |  0. | -1. ||* 0. |*-1. |* 0. ||  0. |  0. |  1. |
|  0. |  0. |  0. ||* 0. |* 0. |* 0. ||  0. |  0. |  0. |
| -1. |  0. |  0. ||* 0. |* 0. |* 0. ||  0. |  0. |  0. |
|=====+=====+=====||=====+=====+=====||=====+=====+=====|
|  0. |  1. |  0. ||  0. |  1. |  0. || -1. |  0. |  0. |
|  1. |  0. |  0. ||  0. |  0. |  0. ||  0. |  0. | -1. |
|  0. |  0. |  0. || -1. |  0. |  0. ||  0. |  0. |  0. |


state to eval, currenty is playerone turn=false

| -0. | -0. | -0. ||  1. | -0. |  1. ||  1. | -0. | -0. |
| -0. | -1. | -0. || -0. | -1. | -0. || -1. | -0. | -0. |
| -0. | -1. | -1. || -0. | -0. | -0. || -0. | -0. | -1. |
|=====+=====+=====||=====+=====+=====||=====+=====+=====|
| -0. | -0. |  1. ||*-0. |* 1. |*-0. || -0. | -0. | -1. |
| -0. | -0. | -0. ||*-0. |*-0. |*-0. || -0. | -0. | -0. |
|  1. | -0. | -0. ||*-0. |*-0. |*-0. || -0. | -0. | -0. |
|=====+=====+=====||=====+=====+=====||=====+=====+=====|
| -0. | -1. | -0. || -0. | -1. | -0. ||  1. | -0. | -0. |
| -1. | -0. | -0. || -0. | -0. | -0. || -0. | -0. |  1. |
| -0. | -0. | -0. ||  1. | -0. | -0. || -0. | -0. | -0. |


Determined best move using: 88034Iterations
current State

|  0. |  0. |  0. || -1. |  0. | -1. ||*-1. |* 0. |* 0. |
|  0. |  1. |  0. ||  0. |  1. |  0. ||* 1. |* 0. |* 0. |
|  0. |  1. |  1. ||  0. |  0. |  0. ||* 0. |* 0. |* 1. |
|=====+=====+=====||=====+=====+=====||=====+=====+=====|
|  0. |  0. | -1. ||  0. | -1. | -1. ||  0. |  0. |  1. |
|  0. |  0. |  0. ||  0. |  0. |  0. ||  0. |  0. |  0. |
| -1. |  0. |  0. ||  0. |  0. |  0. ||  0. |  0. |  0. |
|=====+=====+=====||=====+=====+=====||=====+=====+=====|
|  0. |  1. |  0. ||  0. |  1. |  0. || -1. |  0. |  0. |
|  1. |  0. |  0. ||  0. |  0. |  0. ||  0. |  0. | -1. |
|  0. |  0. |  0. || -1. |  0. |  0. ||  0. |  0. |  0. |


state to eval, currenty is playerone turn=true

|  0. |  0. |  0. || -1. |  0. | -1. ||*-1. |* 0. |* 0. |
|  0. |  1. |  0. ||  0. |  1. |  0. ||* 1. |* 0. |* 0. |
|  0. |  1. |  1. ||  0. |  0. |  0. ||* 0. |* 0. |* 1. |
|=====+=====+=====||=====+=====+=====||=====+=====+=====|
|  0. |  0. | -1. ||  0. | -1. | -1. ||  0. |  0. |  1. |
|  0. |  0. |  0. ||  0. |  0. |  0. ||  0. |  0. |  0. |
| -1. |  0. |  0. ||  0. |  0. |  0. ||  0. |  0. |  0. |
|=====+=====+=====||=====+=====+=====||=====+=====+=====|
|  0. |  1. |  0. ||  0. |  1. |  0. || -1. |  0. |  0. |
|  1. |  0. |  0. ||  0. |  0. |  0. ||  0. |  0. | -1. |
|  0. |  0. |  0. || -1. |  0. |  0. ||  0. |  0. |  0. |


Determined best move using: 91950Iterations
current State

|  0. |  0. |  0. || -1. |  0. | -1. || -1. |  0. |  0. |
|  0. |  1. |  0. ||  0. |  1. |  0. ||  1. |  0. |  1. |
|  0. |  1. |  1. ||  0. |  0. |  0. ||  0. |  0. |  1. |
|=====+=====+=====||=====+=====+=====||=====+=====+=====|
|  0. |  0. | -1. ||  0. | -1. | -1. ||* 0. |* 0. |* 1. |
|  0. |  0. |  0. ||  0. |  0. |  0. ||* 0. |* 0. |* 0. |
| -1. |  0. |  0. ||  0. |  0. |  0. ||* 0. |* 0. |* 0. |
|=====+=====+=====||=====+=====+=====||=====+=====+=====|
|  0. |  1. |  0. ||  0. |  1. |  0. || -1. |  0. |  0. |
|  1. |  0. |  0. ||  0. |  0. |  0. ||  0. |  0. | -1. |
|  0. |  0. |  0. || -1. |  0. |  0. ||  0. |  0. |  0. |


state to eval, currenty is playerone turn=false

| -0. | -0. | -0. ||  1. | -0. |  1. ||  1. | -0. | -0. |
| -0. | -1. | -0. || -0. | -1. | -0. || -1. | -0. | -1. |
| -0. | -1. | -1. || -0. | -0. | -0. || -0. | -0. | -1. |
|=====+=====+=====||=====+=====+=====||=====+=====+=====|
| -0. | -0. |  1. || -0. |  1. |  1. ||*-0. |*-0. |*-1. |
| -0. | -0. | -0. || -0. | -0. | -0. ||*-0. |*-0. |*-0. |
|  1. | -0. | -0. || -0. | -0. | -0. ||*-0. |*-0. |*-0. |
|=====+=====+=====||=====+=====+=====||=====+=====+=====|
| -0. | -1. | -0. || -0. | -1. | -0. ||  1. | -0. | -0. |
| -1. | -0. | -0. || -0. | -0. | -0. || -0. | -0. |  1. |
| -0. | -0. | -0. ||  1. | -0. | -0. || -0. | -0. | -0. |


Determined best move using: 94476Iterations
current State

|  0. |  0. |  0. || -1. |  0. | -1. || -1. |  0. |  0. |
|  0. |  1. |  0. ||  0. |  1. |  0. ||  1. |  0. |  1. |
|  0. |  1. |  1. ||  0. |  0. |  0. ||  0. |  0. |  1. |
|=====+=====+=====||=====+=====+=====||=====+=====+=====|
|  0. |  0. | -1. ||  0. | -1. | -1. ||* 0. |* 0. |* 1. |
|  0. |  0. |  0. ||  0. |  0. |  0. ||* 0. |* 0. |*-1. |
| -1. |  0. |  0. ||  0. |  0. |  0. ||* 0. |* 0. |* 0. |
|=====+=====+=====||=====+=====+=====||=====+=====+=====|
|  0. |  1. |  0. ||  0. |  1. |  0. || -1. |  0. |  0. |
|  1. |  0. |  0. ||  0. |  0. |  0. ||  0. |  0. | -1. |
|  0. |  0. |  0. || -1. |  0. |  0. ||  0. |  0. |  0. |


state to eval, currenty is playerone turn=true

|  0. |  0. |  0. || -1. |  0. | -1. || -1. |  0. |  0. |
|  0. |  1. |  0. ||  0. |  1. |  0. ||  1. |  0. |  1. |
|  0. |  1. |  1. ||  0. |  0. |  0. ||  0. |  0. |  1. |
|=====+=====+=====||=====+=====+=====||=====+=====+=====|
|  0. |  0. | -1. ||  0. | -1. | -1. ||* 0. |* 0. |* 1. |
|  0. |  0. |  0. ||  0. |  0. |  0. ||* 0. |* 0. |*-1. |
| -1. |  0. |  0. ||  0. |  0. |  0. ||* 0. |* 0. |* 0. |
|=====+=====+=====||=====+=====+=====||=====+=====+=====|
|  0. |  1. |  0. ||  0. |  1. |  0. || -1. |  0. |  0. |
|  1. |  0. |  0. ||  0. |  0. |  0. ||  0. |  0. | -1. |
|  0. |  0. |  0. || -1. |  0. |  0. ||  0. |  0. |  0. |


Determined best move using: 96399Iterations
current State

|  0. |  0. |  0. || -1. |  0. | -1. || -1. |  0. |  0. |
|  0. |  1. |  0. ||  0. |  1. |  0. ||  1. |  0. |  1. |
|  0. |  1. |  1. ||  0. |  0. |  0. ||  0. |  0. |  1. |
|=====+=====+=====||=====+=====+=====||=====+=====+=====|
|  0. |  0. | -1. ||  0. | -1. | -1. ||  0. |  0. |  1. |
|  0. |  0. |  0. ||  0. |  0. |  0. ||  0. |  0. | -1. |
| -1. |  0. |  0. ||  0. |  0. |  0. ||  1. |  0. |  0. |
|=====+=====+=====||=====+=====+=====||=====+=====+=====|
|* 0. |* 1. |* 0. ||  0. |  1. |  0. || -1. |  0. |  0. |
|* 1. |* 0. |* 0. ||  0. |  0. |  0. ||  0. |  0. | -1. |
|* 0. |* 0. |* 0. || -1. |  0. |  0. ||  0. |  0. |  0. |


state to eval, currenty is playerone turn=false

| -0. | -0. | -0. ||  1. | -0. |  1. ||  1. | -0. | -0. |
| -0. | -1. | -0. || -0. | -1. | -0. || -1. | -0. | -1. |
| -0. | -1. | -1. || -0. | -0. | -0. || -0. | -0. | -1. |
|=====+=====+=====||=====+=====+=====||=====+=====+=====|
| -0. | -0. |  1. || -0. |  1. |  1. || -0. | -0. | -1. |
| -0. | -0. | -0. || -0. | -0. | -0. || -0. | -0. |  1. |
|  1. | -0. | -0. || -0. | -0. | -0. || -1. | -0. | -0. |
|=====+=====+=====||=====+=====+=====||=====+=====+=====|
|*-0. |*-1. |*-0. || -0. | -1. | -0. ||  1. | -0. | -0. |
|*-1. |*-0. |*-0. || -0. | -0. | -0. || -0. | -0. |  1. |
|*-0. |*-0. |*-0. ||  1. | -0. | -0. || -0. | -0. | -0. |


Determined best move using: 95306Iterations
current State

|* 0. |* 0. |* 0. || -1. |  0. | -1. || -1. |  0. |  0. |
|* 0. |* 1. |* 0. ||  0. |  1. |  0. ||  1. |  0. |  1. |
|* 0. |* 1. |* 1. ||  0. |  0. |  0. ||  0. |  0. |  1. |
|=====+=====+=====||=====+=====+=====||=====+=====+=====|
|  0. |  0. | -1. ||  0. | -1. | -1. ||  0. |  0. |  1. |
|  0. |  0. |  0. ||  0. |  0. |  0. ||  0. |  0. | -1. |
| -1. |  0. |  0. ||  0. |  0. |  0. ||  1. |  0. |  0. |
|=====+=====+=====||=====+=====+=====||=====+=====+=====|
| -1. |  1. |  0. ||  0. |  1. |  0. || -1. |  0. |  0. |
|  1. |  0. |  0. ||  0. |  0. |  0. ||  0. |  0. | -1. |
|  0. |  0. |  0. || -1. |  0. |  0. ||  0. |  0. |  0. |


state to eval, currenty is playerone turn=true

|* 0. |* 0. |* 0. || -1. |  0. | -1. || -1. |  0. |  0. |
|* 0. |* 1. |* 0. ||  0. |  1. |  0. ||  1. |  0. |  1. |
|* 0. |* 1. |* 1. ||  0. |  0. |  0. ||  0. |  0. |  1. |
|=====+=====+=====||=====+=====+=====||=====+=====+=====|
|  0. |  0. | -1. ||  0. | -1. | -1. ||  0. |  0. |  1. |
|  0. |  0. |  0. ||  0. |  0. |  0. ||  0. |  0. | -1. |
| -1. |  0. |  0. ||  0. |  0. |  0. ||  1. |  0. |  0. |
|=====+=====+=====||=====+=====+=====||=====+=====+=====|
| -1. |  1. |  0. ||  0. |  1. |  0. || -1. |  0. |  0. |
|  1. |  0. |  0. ||  0. |  0. |  0. ||  0. |  0. | -1. |
|  0. |  0. |  0. || -1. |  0. |  0. ||  0. |  0. |  0. |


Determined best move using: 98626Iterations
current State

|  0. |  0. |  0. || -1. |  0. | -1. || -1. |  0. |  0. |
|  0. |  1. |  1. ||  0. |  1. |  0. ||  1. |  0. |  1. |
|  0. |  1. |  1. ||  0. |  0. |  0. ||  0. |  0. |  1. |
|=====+=====+=====||=====+=====+=====||=====+=====+=====|
|  0. |  0. | -1. ||  0. | -1. | -1. ||* 0. |* 0. |* 1. |
|  0. |  0. |  0. ||  0. |  0. |  0. ||* 0. |* 0. |*-1. |
| -1. |  0. |  0. ||  0. |  0. |  0. ||* 1. |* 0. |* 0. |
|=====+=====+=====||=====+=====+=====||=====+=====+=====|
| -1. |  1. |  0. ||  0. |  1. |  0. || -1. |  0. |  0. |
|  1. |  0. |  0. ||  0. |  0. |  0. ||  0. |  0. | -1. |
|  0. |  0. |  0. || -1. |  0. |  0. ||  0. |  0. |  0. |


state to eval, currenty is playerone turn=false

| -0. | -0. | -0. ||  1. | -0. |  1. ||  1. | -0. | -0. |
| -0. | -1. | -1. || -0. | -1. | -0. || -1. | -0. | -1. |
| -0. | -1. | -1. || -0. | -0. | -0. || -0. | -0. | -1. |
|=====+=====+=====||=====+=====+=====||=====+=====+=====|
| -0. | -0. |  1. || -0. |  1. |  1. ||*-0. |*-0. |*-1. |
| -0. | -0. | -0. || -0. | -0. | -0. ||*-0. |*-0. |* 1. |
|  1. | -0. | -0. || -0. | -0. | -0. ||*-1. |*-0. |*-0. |
|=====+=====+=====||=====+=====+=====||=====+=====+=====|
|  1. | -1. | -0. || -0. | -1. | -0. ||  1. | -0. | -0. |
| -1. | -0. | -0. || -0. | -0. | -0. || -0. | -0. |  1. |
| -0. | -0. | -0. ||  1. | -0. | -0. || -0. | -0. | -0. |


Determined best move using: 103471Iterations
current State

|  0. |  0. |  0. || -1. |  0. | -1. || -1. |  0. |  0. |
|  0. |  1. |  1. ||  0. |  1. |  0. ||  1. |  0. |  1. |
|  0. |  1. |  1. ||  0. |  0. |  0. ||  0. |  0. |  1. |
|=====+=====+=====||=====+=====+=====||=====+=====+=====|
|  0. |  0. | -1. ||* 0. |*-1. |*-1. ||  0. |  0. |  1. |
|  0. |  0. |  0. ||* 0. |* 0. |* 0. ||  0. | -1. | -1. |
| -1. |  0. |  0. ||* 0. |* 0. |* 0. ||  1. |  0. |  0. |
|=====+=====+=====||=====+=====+=====||=====+=====+=====|
| -1. |  1. |  0. ||  0. |  1. |  0. || -1. |  0. |  0. |
|  1. |  0. |  0. ||  0. |  0. |  0. ||  0. |  0. | -1. |
|  0. |  0. |  0. || -1. |  0. |  0. ||  0. |  0. |  0. |


state to eval, currenty is playerone turn=true

|  0. |  0. |  0. || -1. |  0. | -1. || -1. |  0. |  0. |
|  0. |  1. |  1. ||  0. |  1. |  0. ||  1. |  0. |  1. |
|  0. |  1. |  1. ||  0. |  0. |  0. ||  0. |  0. |  1. |
|=====+=====+=====||=====+=====+=====||=====+=====+=====|
|  0. |  0. | -1. ||* 0. |*-1. |*-1. ||  0. |  0. |  1. |
|  0. |  0. |  0. ||* 0. |* 0. |* 0. ||  0. | -1. | -1. |
| -1. |  0. |  0. ||* 0. |* 0. |* 0. ||  1. |  0. |  0. |
|=====+=====+=====||=====+=====+=====||=====+=====+=====|
| -1. |  1. |  0. ||  0. |  1. |  0. || -1. |  0. |  0. |
|  1. |  0. |  0. ||  0. |  0. |  0. ||  0. |  0. | -1. |
|  0. |  0. |  0. || -1. |  0. |  0. ||  0. |  0. |  0. |


Determined best move using: 104217Iterations
current State

|  0. |  0. |  0. || -1. |  0. | -1. || -1. |  0. |  0. |
|  0. |  1. |  1. ||  0. |  1. |  0. ||  1. |  0. |  1. |
|  0. |  1. |  1. ||  0. |  0. |  0. ||  0. |  0. |  1. |
|=====+=====+=====||=====+=====+=====||=====+=====+=====|
|  0. |  0. | -1. ||  0. | -1. | -1. ||  0. |  0. |  1. |
|  0. |  0. |  0. ||  0. |  0. |  0. ||  0. | -1. | -1. |
| -1. |  0. |  0. ||  0. |  0. |  1. ||  1. |  0. |  0. |
|=====+=====+=====||=====+=====+=====||=====+=====+=====|
| -1. |  1. |  0. ||  0. |  1. |  0. ||*-1. |* 0. |* 0. |
|  1. |  0. |  0. ||  0. |  0. |  0. ||* 0. |* 0. |*-1. |
|  0. |  0. |  0. || -1. |  0. |  0. ||* 0. |* 0. |* 0. |


state to eval, currenty is playerone turn=false

| -0. | -0. | -0. ||  1. | -0. |  1. ||  1. | -0. | -0. |
| -0. | -1. | -1. || -0. | -1. | -0. || -1. | -0. | -1. |
| -0. | -1. | -1. || -0. | -0. | -0. || -0. | -0. | -1. |
|=====+=====+=====||=====+=====+=====||=====+=====+=====|
| -0. | -0. |  1. || -0. |  1. |  1. || -0. | -0. | -1. |
| -0. | -0. | -0. || -0. | -0. | -0. || -0. |  1. |  1. |
|  1. | -0. | -0. || -0. | -0. | -1. || -1. | -0. | -0. |
|=====+=====+=====||=====+=====+=====||=====+=====+=====|
|  1. | -1. | -0. || -0. | -1. | -0. ||* 1. |*-0. |*-0. |
| -1. | -0. | -0. || -0. | -0. | -0. ||*-0. |*-0. |* 1. |
| -0. | -0. | -0. ||  1. | -0. | -0. ||*-0. |*-0. |*-0. |


Determined best move using: 106866Iterations
current State

|  0. |  0. |  0. || -1. |  0. | -1. || -1. |  0. |  0. |
|  0. |  1. |  1. ||  0. |  1. |  0. ||  1. |  0. |  1. |
|  0. |  1. |  1. ||  0. |  0. |  0. ||  0. |  0. |  1. |
|=====+=====+=====||=====+=====+=====||=====+=====+=====|
|  0. |  0. | -1. ||  0. | -1. | -1. ||  0. |  0. |  1. |
|  0. |  0. |  0. ||  0. |  0. |  0. ||  0. | -1. | -1. |
| -1. |  0. |  0. ||  0. |  0. |  1. ||  1. |  0. |  0. |
|=====+=====+=====||=====+=====+=====||=====+=====+=====|
| -1. |  1. |  0. ||  0. |  1. |  0. ||*-1. |* 0. |* 0. |
|  1. |  0. |  0. ||  0. |  0. |  0. ||* 0. |* 0. |*-1. |
|  0. |  0. |  0. || -1. |  0. |  0. ||* 0. |* 0. |*-1. |


state to eval, currenty is playerone turn=true

|  0. |  0. |  0. || -1. |  0. | -1. || -1. |  0. |  0. |
|  0. |  1. |  1. ||  0. |  1. |  0. ||  1. |  0. |  1. |
|  0. |  1. |  1. ||  0. |  0. |  0. ||  0. |  0. |  1. |
|=====+=====+=====||=====+=====+=====||=====+=====+=====|
|  0. |  0. | -1. ||  0. | -1. | -1. ||  0. |  0. |  1. |
|  0. |  0. |  0. ||  0. |  0. |  0. ||  0. | -1. | -1. |
| -1. |  0. |  0. ||  0. |  0. |  1. ||  1. |  0. |  0. |
|=====+=====+=====||=====+=====+=====||=====+=====+=====|
| -1. |  1. |  0. ||  0. |  1. |  0. ||*-1. |* 0. |* 0. |
|  1. |  0. |  0. ||  0. |  0. |  0. ||* 0. |* 0. |*-1. |
|  0. |  0. |  0. || -1. |  0. |  0. ||* 0. |* 0. |*-1. |


Determined best move using: 110998Iterations
current State

|  0. |  0. |  0. || -1. |  0. | -1. || -1. |  0. |  0. |
|  0. |  1. |  1. ||  0. |  1. |  0. ||  1. |  0. |  1. |
|  0. |  1. |  1. ||  0. |  0. |  0. ||  0. |  0. |  1. |
|=====+=====+=====||=====+=====+=====||=====+=====+=====|
|  0. |  0. | -1. ||  0. | -1. | -1. ||  0. |  0. |  1. |
|  0. |  0. |  0. ||  0. |  0. |  0. ||  0. | -1. | -1. |
| -1. |  0. |  0. ||  0. |  0. |  1. ||  1. |  0. |  0. |
|=====+=====+=====||=====+=====+=====||=====+=====+=====|
| -1. |  1. |  0. ||* 0. |* 1. |* 0. || -1. |  0. |  0. |
|  1. |  0. |  0. ||* 0. |* 0. |* 0. ||  0. |  0. | -1. |
|  0. |  0. |  0. ||*-1. |* 0. |* 0. ||  0. |  1. | -1. |


state to eval, currenty is playerone turn=false

| -0. | -0. | -0. ||  1. | -0. |  1. ||  1. | -0. | -0. |
| -0. | -1. | -1. || -0. | -1. | -0. || -1. | -0. | -1. |
| -0. | -1. | -1. || -0. | -0. | -0. || -0. | -0. | -1. |
|=====+=====+=====||=====+=====+=====||=====+=====+=====|
| -0. | -0. |  1. || -0. |  1. |  1. || -0. | -0. | -1. |
| -0. | -0. | -0. || -0. | -0. | -0. || -0. |  1. |  1. |
|  1. | -0. | -0. || -0. | -0. | -1. || -1. | -0. | -0. |
|=====+=====+=====||=====+=====+=====||=====+=====+=====|
|  1. | -1. | -0. ||*-0. |*-1. |*-0. ||  1. | -0. | -0. |
| -1. | -0. | -0. ||*-0. |*-0. |*-0. || -0. | -0. |  1. |
| -0. | -0. | -0. ||* 1. |*-0. |*-0. || -0. | -1. |  1. |


Determined best move using: 114775Iterations
current State

|  0. |  0. |  0. || -1. |  0. | -1. || -1. |  0. |  0. |
|  0. |  1. |  1. ||  0. |  1. |  0. ||  1. |  0. |  1. |
|  0. |  1. |  1. ||  0. |  0. |  0. ||  0. |  0. |  1. |
|=====+=====+=====||=====+=====+=====||=====+=====+=====|
|  0. |  0. | -1. ||  0. | -1. | -1. ||  0. |  0. |  1. |
|  0. |  0. |  0. ||  0. |  0. |  0. ||  0. | -1. | -1. |
| -1. |  0. |  0. ||  0. |  0. |  1. ||  1. |  0. |  0. |
|=====+=====+=====||=====+=====+=====||=====+=====+=====|
| -1. |  1. |  0. ||* 0. |* 1. |* 0. || -1. |  0. |  0. |
|  1. |  0. |  0. ||* 0. |* 0. |* 0. ||  0. |  0. | -1. |
|  0. |  0. |  0. ||*-1. |*-1. |* 0. ||  0. |  1. | -1. |


state to eval, currenty is playerone turn=true

|  0. |  0. |  0. || -1. |  0. | -1. || -1. |  0. |  0. |
|  0. |  1. |  1. ||  0. |  1. |  0. ||  1. |  0. |  1. |
|  0. |  1. |  1. ||  0. |  0. |  0. ||  0. |  0. |  1. |
|=====+=====+=====||=====+=====+=====||=====+=====+=====|
|  0. |  0. | -1. ||  0. | -1. | -1. ||  0. |  0. |  1. |
|  0. |  0. |  0. ||  0. |  0. |  0. ||  0. | -1. | -1. |
| -1. |  0. |  0. ||  0. |  0. |  1. ||  1. |  0. |  0. |
|=====+=====+=====||=====+=====+=====||=====+=====+=====|
| -1. |  1. |  0. ||* 0. |* 1. |* 0. || -1. |  0. |  0. |
|  1. |  0. |  0. ||* 0. |* 0. |* 0. ||  0. |  0. | -1. |
|  0. |  0. |  0. ||*-1. |*-1. |* 0. ||  0. |  1. | -1. |


Determined best move using: 122358Iterations
current State

|  0. |  0. |  0. || -1. |  0. | -1. || -1. |  0. |  0. |
|  0. |  1. |  1. ||  0. |  1. |  0. ||  1. |  0. |  1. |
|  0. |  1. |  1. ||  0. |  0. |  0. ||  0. |  0. |  1. |
|=====+=====+=====||=====+=====+=====||=====+=====+=====|
|  0. |  0. | -1. ||  0. | -1. | -1. ||  0. |  0. |  1. |
|  0. |  0. |  0. ||  0. |  0. |  0. ||  0. | -1. | -1. |
| -1. |  0. |  0. ||  0. |  0. |  1. ||  1. |  0. |  0. |
|=====+=====+=====||=====+=====+=====||=====+=====+=====|
| -1. |  1. |  0. ||  0. |  1. |  0. ||*-1. |* 0. |* 0. |
|  1. |  0. |  0. ||  0. |  0. |  0. ||* 0. |* 0. |*-1. |
|  0. |  0. |  0. || -1. | -1. |  1. ||* 0. |* 1. |*-1. |


state to eval, currenty is playerone turn=false

| -0. | -0. | -0. ||  1. | -0. |  1. ||  1. | -0. | -0. |
| -0. | -1. | -1. || -0. | -1. | -0. || -1. | -0. | -1. |
| -0. | -1. | -1. || -0. | -0. | -0. || -0. | -0. | -1. |
|=====+=====+=====||=====+=====+=====||=====+=====+=====|
| -0. | -0. |  1. || -0. |  1. |  1. || -0. | -0. | -1. |
| -0. | -0. | -0. || -0. | -0. | -0. || -0. |  1. |  1. |
|  1. | -0. | -0. || -0. | -0. | -1. || -1. | -0. | -0. |
|=====+=====+=====||=====+=====+=====||=====+=====+=====|
|  1. | -1. | -0. || -0. | -1. | -0. ||* 1. |*-0. |*-0. |
| -1. | -0. | -0. || -0. | -0. | -0. ||*-0. |*-0. |* 1. |
| -0. | -0. | -0. ||  1. |  1. | -1. ||*-0. |*-1. |* 1. |


Determined best move using: 119781Iterations
current State

|  0. |  0. |  0. || -1. |  0. | -1. ||*-1. |* 0. |* 0. |
|  0. |  1. |  1. ||  0. |  1. |  0. ||* 1. |* 0. |* 1. |
|  0. |  1. |  1. ||  0. |  0. |  0. ||* 0. |* 0. |* 1. |
|=====+=====+=====||=====+=====+=====||=====+=====+=====|
|  0. |  0. | -1. ||  0. | -1. | -1. ||  0. |  0. |  1. |
|  0. |  0. |  0. ||  0. |  0. |  0. ||  0. | -1. | -1. |
| -1. |  0. |  0. ||  0. |  0. |  1. ||  1. |  0. |  0. |
|=====+=====+=====||=====+=====+=====||=====+=====+=====|
| -1. |  1. |  0. ||  0. |  1. |  0. || -1. |  0. | -1. |
|  1. |  0. |  0. ||  0. |  0. |  0. ||  0. |  0. | -1. |
|  0. |  0. |  0. || -1. | -1. |  1. ||  0. |  1. | -1. |


state to eval, currenty is playerone turn=true

|  0. |  0. |  0. || -1. |  0. | -1. ||*-1. |* 0. |* 0. |
|  0. |  1. |  1. ||  0. |  1. |  0. ||* 1. |* 0. |* 1. |
|  0. |  1. |  1. ||  0. |  0. |  0. ||* 0. |* 0. |* 1. |
|=====+=====+=====||=====+=====+=====||=====+=====+=====|
|  0. |  0. | -1. ||  0. | -1. | -1. ||  0. |  0. |  1. |
|  0. |  0. |  0. ||  0. |  0. |  0. ||  0. | -1. | -1. |
| -1. |  0. |  0. ||  0. |  0. |  1. ||  1. |  0. |  0. |
|=====+=====+=====||=====+=====+=====||=====+=====+=====|
| -1. |  1. |  0. ||  0. |  1. |  0. || -1. |  0. | -1. |
|  1. |  0. |  0. ||  0. |  0. |  0. ||  0. |  0. | -1. |
|  0. |  0. |  0. || -1. | -1. |  1. ||  0. |  1. | -1. |


Determined best move using: 123456Iterations
current State

|  0. |  0. |  0. || -1. |  0. | -1. || -1. |  0. |  0. |
|  0. |  1. |  1. ||  0. |  1. |  0. ||  1. |  0. |  1. |
|  0. |  1. |  1. ||  0. |  0. |  0. ||  0. |  1. |  1. |
|=====+=====+=====||=====+=====+=====||=====+=====+=====|
|  0. |  0. | -1. ||  0. | -1. | -1. ||  0. |  0. |  1. |
|  0. |  0. |  0. ||  0. |  0. |  0. ||  0. | -1. | -1. |
| -1. |  0. |  0. ||  0. |  0. |  1. ||  1. |  0. |  0. |
|=====+=====+=====||=====+=====+=====||=====+=====+=====|
| -1. |  1. |  0. ||* 0. |* 1. |* 0. || -1. |  0. | -1. |
|  1. |  0. |  0. ||* 0. |* 0. |* 0. ||  0. |  0. | -1. |
|  0. |  0. |  0. ||*-1. |*-1. |* 1. ||  0. |  1. | -1. |


state to eval, currenty is playerone turn=false

| -0. | -0. | -0. ||  1. | -0. |  1. ||  1. | -0. | -0. |
| -0. | -1. | -1. || -0. | -1. | -0. || -1. | -0. | -1. |
| -0. | -1. | -1. || -0. | -0. | -0. || -0. | -1. | -1. |
|=====+=====+=====||=====+=====+=====||=====+=====+=====|
| -0. | -0. |  1. || -0. |  1. |  1. || -0. | -0. | -1. |
| -0. | -0. | -0. || -0. | -0. | -0. || -0. |  1. |  1. |
|  1. | -0. | -0. || -0. | -0. | -1. || -1. | -0. | -0. |
|=====+=====+=====||=====+=====+=====||=====+=====+=====|
|  1. | -1. | -0. ||*-0. |*-1. |*-0. ||  1. | -0. |  1. |
| -1. | -0. | -0. ||*-0. |*-0. |*-0. || -0. | -0. |  1. |
| -0. | -0. | -0. ||* 1. |* 1. |*-1. || -0. | -1. |  1. |


Determined best move using: 131246Iterations
current State

|* 0. |* 0. |* 0. || -1. |  0. | -1. || -1. |  0. |  0. |
|* 0. |* 1. |* 1. ||  0. |  1. |  0. ||  1. |  0. |  1. |
|* 0. |* 1. |* 1. ||  0. |  0. |  0. ||  0. |  1. |  1. |
|=====+=====+=====||=====+=====+=====||=====+=====+=====|
|  0. |  0. | -1. ||  0. | -1. | -1. ||  0. |  0. |  1. |
|  0. |  0. |  0. ||  0. |  0. |  0. ||  0. | -1. | -1. |
| -1. |  0. |  0. ||  0. |  0. |  1. ||  1. |  0. |  0. |
|=====+=====+=====||=====+=====+=====||=====+=====+=====|
| -1. |  1. |  0. || -1. |  1. |  0. || -1. |  0. | -1. |
|  1. |  0. |  0. ||  0. |  0. |  0. ||  0. |  0. | -1. |
|  0. |  0. |  0. || -1. | -1. |  1. ||  0. |  1. | -1. |


state to eval, currenty is playerone turn=true

|* 0. |* 0. |* 0. || -1. |  0. | -1. || -1. |  0. |  0. |
|* 0. |* 1. |* 1. ||  0. |  1. |  0. ||  1. |  0. |  1. |
|* 0. |* 1. |* 1. ||  0. |  0. |  0. ||  0. |  1. |  1. |
|=====+=====+=====||=====+=====+=====||=====+=====+=====|
|  0. |  0. | -1. ||  0. | -1. | -1. ||  0. |  0. |  1. |
|  0. |  0. |  0. ||  0. |  0. |  0. ||  0. | -1. | -1. |
| -1. |  0. |  0. ||  0. |  0. |  1. ||  1. |  0. |  0. |
|=====+=====+=====||=====+=====+=====||=====+=====+=====|
| -1. |  1. |  0. || -1. |  1. |  0. || -1. |  0. | -1. |
|  1. |  0. |  0. ||  0. |  0. |  0. ||  0. |  0. | -1. |
|  0. |  0. |  0. || -1. | -1. |  1. ||  0. |  1. | -1. |


Determined best move using: 130978Iterations
current State

|  0. |  0. |  0. || -1. |  0. | -1. || -1. |  0. |  0. |
|  0. |  1. |  1. ||  0. |  1. |  0. ||  1. |  0. |  1. |
|  1. |  1. |  1. ||  0. |  0. |  0. ||  0. |  1. |  1. |
|=====+=====+=====||=====+=====+=====||=====+=====+=====|
|  0. |  0. | -1. ||  0. | -1. | -1. ||  0. |  0. |  1. |
|  0. |  0. |  0. ||  0. |  0. |  0. ||  0. | -1. | -1. |
| -1. |  0. |  0. ||  0. |  0. |  1. ||  1. |  0. |  0. |
|=====+=====+=====||=====+=====+=====||=====+=====+=====|
|*-1. |* 1. |* 0. || -1. |  1. |  0. || -1. |  0. | -1. |
|* 1. |* 0. |* 0. ||  0. |  0. |  0. ||  0. |  0. | -1. |
|* 0. |* 0. |* 0. || -1. | -1. |  1. ||  0. |  1. | -1. |


state to eval, currenty is playerone turn=false

| -0. | -0. | -0. ||  1. | -0. |  1. ||  1. | -0. | -0. |
| -0. | -1. | -1. || -0. | -1. | -0. || -1. | -0. | -1. |
| -1. | -1. | -1. || -0. | -0. | -0. || -0. | -1. | -1. |
|=====+=====+=====||=====+=====+=====||=====+=====+=====|
| -0. | -0. |  1. || -0. |  1. |  1. || -0. | -0. | -1. |
| -0. | -0. | -0. || -0. | -0. | -0. || -0. |  1. |  1. |
|  1. | -0. | -0. || -0. | -0. | -1. || -1. | -0. | -0. |
|=====+=====+=====||=====+=====+=====||=====+=====+=====|
|* 1. |*-1. |*-0. ||  1. | -1. | -0. ||  1. | -0. |  1. |
|*-1. |*-0. |*-0. || -0. | -0. | -0. || -0. | -0. |  1. |
|*-0. |*-0. |*-0. ||  1. |  1. | -1. || -0. | -1. |  1. |


Determined best move using: 136197Iterations
current State

|  0. |  0. |  0. ||*-1. |* 0. |*-1. ||*-1. |* 0. |* 0. |
|  0. |  1. |  1. ||* 0. |* 1. |* 0. ||* 1. |* 0. |* 1. |
|  1. |  1. |  1. ||* 0. |* 0. |* 0. ||* 0. |* 1. |* 1. |
|=====+=====+=====||=====+=====+=====||=====+=====+=====|
|* 0. |* 0. |*-1. ||* 0. |*-1. |*-1. ||* 0. |* 0. |* 1. |
|* 0. |* 0. |* 0. ||* 0. |* 0. |* 0. ||* 0. |*-1. |*-1. |
|*-1. |* 0. |* 0. ||* 0. |* 0. |* 1. ||* 1. |* 0. |* 0. |
|=====+=====+=====||=====+=====+=====||=====+=====+=====|
|*-1. |* 1. |* 0. ||*-1. |* 1. |* 0. || -1. |  0. | -1. |
|* 1. |* 0. |* 0. ||* 0. |* 0. |* 0. ||  0. |  0. | -1. |
|* 0. |* 0. |*-1. ||*-1. |*-1. |* 1. ||  0. |  1. | -1. |


state to eval, currenty is playerone turn=true

|  0. |  0. |  0. ||*-1. |* 0. |*-1. ||*-1. |* 0. |* 0. |
|  0. |  1. |  1. ||* 0. |* 1. |* 0. ||* 1. |* 0. |* 1. |
|  1. |  1. |  1. ||* 0. |* 0. |* 0. ||* 0. |* 1. |* 1. |
|=====+=====+=====||=====+=====+=====||=====+=====+=====|
|* 0. |* 0. |*-1. ||* 0. |*-1. |*-1. ||* 0. |* 0. |* 1. |
|* 0. |* 0. |* 0. ||* 0. |* 0. |* 0. ||* 0. |*-1. |*-1. |
|*-1. |* 0. |* 0. ||* 0. |* 0. |* 1. ||* 1. |* 0. |* 0. |
|=====+=====+=====||=====+=====+=====||=====+=====+=====|
|*-1. |* 1. |* 0. ||*-1. |* 1. |* 0. || -1. |  0. | -1. |
|* 1. |* 0. |* 0. ||* 0. |* 0. |* 0. ||  0. |  0. | -1. |
|* 0. |* 0. |*-1. ||*-1. |*-1. |* 1. ||  0. |  1. | -1. |


Determined best move using: 145981Iterations
current State

|  0. |  0. |  0. ||*-1. |* 0. |*-1. ||*-1. |* 0. |* 0. |
|  0. |  1. |  1. ||* 0. |* 1. |* 0. ||* 1. |* 0. |* 1. |
|  1. |  1. |  1. ||* 0. |* 0. |* 0. ||* 0. |* 1. |* 1. |
|=====+=====+=====||=====+=====+=====||=====+=====+=====|
|* 0. |* 0. |*-1. ||* 0. |*-1. |*-1. ||* 1. |* 0. |* 1. |
|* 0. |* 0. |* 0. ||* 0. |* 0. |* 0. ||* 0. |*-1. |*-1. |
|*-1. |* 0. |* 0. ||* 0. |* 0. |* 1. ||* 1. |* 0. |* 0. |
|=====+=====+=====||=====+=====+=====||=====+=====+=====|
|*-1. |* 1. |* 0. ||*-1. |* 1. |* 0. || -1. |  0. | -1. |
|* 1. |* 0. |* 0. ||* 0. |* 0. |* 0. ||  0. |  0. | -1. |
|* 0. |* 0. |*-1. ||*-1. |*-1. |* 1. ||  0. |  1. | -1. |


state to eval, currenty is playerone turn=false

| -0. | -0. | -0. ||* 1. |*-0. |* 1. ||* 1. |*-0. |*-0. |
| -0. | -1. | -1. ||*-0. |*-1. |*-0. ||*-1. |*-0. |*-1. |
| -1. | -1. | -1. ||*-0. |*-0. |*-0. ||*-0. |*-1. |*-1. |
|=====+=====+=====||=====+=====+=====||=====+=====+=====|
|*-0. |*-0. |* 1. ||*-0. |* 1. |* 1. ||*-1. |*-0. |*-1. |
|*-0. |*-0. |*-0. ||*-0. |*-0. |*-0. ||*-0. |* 1. |* 1. |
|* 1. |*-0. |*-0. ||*-0. |*-0. |*-1. ||*-1. |*-0. |*-0. |
|=====+=====+=====||=====+=====+=====||=====+=====+=====|
|* 1. |*-1. |*-0. ||* 1. |*-1. |*-0. ||  1. | -0. |  1. |
|*-1. |*-0. |*-0. ||*-0. |*-0. |*-0. || -0. | -0. |  1. |
|*-0. |*-0. |* 1. ||* 1. |* 1. |*-1. || -0. | -1. |  1. |


Determined best move using: 142866Iterations
current State

|  0. |  0. |  0. || -1. |  0. | -1. || -1. |  0. |  0. |
|  0. |  1. |  1. ||  0. |  1. |  0. ||  1. |  0. |  1. |
|  1. |  1. |  1. ||  0. |  0. |  0. ||  0. |  1. |  1. |
|=====+=====+=====||=====+=====+=====||=====+=====+=====|
|* 0. |* 0. |*-1. ||  0. | -1. | -1. ||  1. |  0. |  1. |
|* 0. |* 0. |* 0. ||  0. |  0. |  0. ||  0. | -1. | -1. |
|*-1. |* 0. |* 0. ||  0. |  0. |  1. ||  1. |  0. |  0. |
|=====+=====+=====||=====+=====+=====||=====+=====+=====|
| -1. |  1. |  0. || -1. |  1. |  0. || -1. |  0. | -1. |
|  1. |  0. |  0. || -1. |  0. |  0. ||  0. |  0. | -1. |
|  0. |  0. | -1. || -1. | -1. |  1. ||  0. |  1. | -1. |


state to eval, currenty is playerone turn=true

|  0. |  0. |  0. || -1. |  0. | -1. || -1. |  0. |  0. |
|  0. |  1. |  1. ||  0. |  1. |  0. ||  1. |  0. |  1. |
|  1. |  1. |  1. ||  0. |  0. |  0. ||  0. |  1. |  1. |
|=====+=====+=====||=====+=====+=====||=====+=====+=====|
|* 0. |* 0. |*-1. ||  0. | -1. | -1. ||  1. |  0. |  1. |
|* 0. |* 0. |* 0. ||  0. |  0. |  0. ||  0. | -1. | -1. |
|*-1. |* 0. |* 0. ||  0. |  0. |  1. ||  1. |  0. |  0. |
|=====+=====+=====||=====+=====+=====||=====+=====+=====|
| -1. |  1. |  0. || -1. |  1. |  0. || -1. |  0. | -1. |
|  1. |  0. |  0. || -1. |  0. |  0. ||  0. |  0. | -1. |
|  0. |  0. | -1. || -1. | -1. |  1. ||  0. |  1. | -1. |


Determined best move using: 146385Iterations
current State

|  0. |  0. |  0. || -1. |  0. | -1. || -1. |  0. |  0. |
|  0. |  1. |  1. ||  0. |  1. |  0. ||  1. |  0. |  1. |
|  1. |  1. |  1. ||  0. |  0. |  0. ||  0. |  1. |  1. |
|=====+=====+=====||=====+=====+=====||=====+=====+=====|
|  0. |  0. | -1. ||  0. | -1. | -1. ||* 1. |* 0. |* 1. |
|  0. |  0. |  1. ||  0. |  0. |  0. ||* 0. |*-1. |*-1. |
| -1. |  0. |  0. ||  0. |  0. |  1. ||* 1. |* 0. |* 0. |
|=====+=====+=====||=====+=====+=====||=====+=====+=====|
| -1. |  1. |  0. || -1. |  1. |  0. || -1. |  0. | -1. |
|  1. |  0. |  0. || -1. |  0. |  0. ||  0. |  0. | -1. |
|  0. |  0. | -1. || -1. | -1. |  1. ||  0. |  1. | -1. |


state to eval, currenty is playerone turn=false

| -0. | -0. | -0. ||  1. | -0. |  1. ||  1. | -0. | -0. |
| -0. | -1. | -1. || -0. | -1. | -0. || -1. | -0. | -1. |
| -1. | -1. | -1. || -0. | -0. | -0. || -0. | -1. | -1. |
|=====+=====+=====||=====+=====+=====||=====+=====+=====|
| -0. | -0. |  1. || -0. |  1. |  1. ||*-1. |*-0. |*-1. |
| -0. | -0. | -1. || -0. | -0. | -0. ||*-0. |* 1. |* 1. |
|  1. | -0. | -0. || -0. | -0. | -1. ||*-1. |*-0. |*-0. |
|=====+=====+=====||=====+=====+=====||=====+=====+=====|
|  1. | -1. | -0. ||  1. | -1. | -0. ||  1. | -0. |  1. |
| -1. | -0. | -0. ||  1. | -0. | -0. || -0. | -0. |  1. |
| -0. | -0. |  1. ||  1. |  1. | -1. || -0. | -1. |  1. |


Determined best move using: 154591Iterations
current State

|  0. |  0. |  0. || -1. |  0. | -1. || -1. |  0. |  0. |
|  0. |  1. |  1. ||  0. |  1. |  0. ||  1. |  0. |  1. |
|  1. |  1. |  1. ||  0. |  0. |  0. ||  0. |  1. |  1. |
|=====+=====+=====||=====+=====+=====||=====+=====+=====|
|* 0. |* 0. |*-1. ||  0. | -1. | -1. ||  1. |  0. |  1. |
|* 0. |* 0. |* 1. ||  0. |  0. |  0. || -1. | -1. | -1. |
|*-1. |* 0. |* 0. ||  0. |  0. |  1. ||  1. |  0. |  0. |
|=====+=====+=====||=====+=====+=====||=====+=====+=====|
| -1. |  1. |  0. || -1. |  1. |  0. || -1. |  0. | -1. |
|  1. |  0. |  0. || -1. |  0. |  0. ||  0. |  0. | -1. |
|  0. |  0. | -1. || -1. | -1. |  1. ||  0. |  1. | -1. |


state to eval, currenty is playerone turn=true

|  0. |  0. |  0. || -1. |  0. | -1. || -1. |  0. |  0. |
|  0. |  1. |  1. ||  0. |  1. |  0. ||  1. |  0. |  1. |
|  1. |  1. |  1. ||  0. |  0. |  0. ||  0. |  1. |  1. |
|=====+=====+=====||=====+=====+=====||=====+=====+=====|
|* 0. |* 0. |*-1. ||  0. | -1. | -1. ||  1. |  0. |  1. |
|* 0. |* 0. |* 1. ||  0. |  0. |  0. || -1. | -1. | -1. |
|*-1. |* 0. |* 0. ||  0. |  0. |  1. ||  1. |  0. |  0. |
|=====+=====+=====||=====+=====+=====||=====+=====+=====|
| -1. |  1. |  0. || -1. |  1. |  0. || -1. |  0. | -1. |
|  1. |  0. |  0. || -1. |  0. |  0. ||  0. |  0. | -1. |
|  0. |  0. | -1. || -1. | -1. |  1. ||  0. |  1. | -1. |


Determined best move using: 198796Iterations
current State

|  0. |  0. |  0. || -1. |  0. | -1. || -1. |  0. |  0. |
|  0. |  1. |  1. ||  0. |  1. |  0. ||  1. |  0. |  1. |
|  1. |  1. |  1. ||  0. |  0. |  0. ||  0. |  1. |  1. |
|=====+=====+=====||=====+=====+=====||=====+=====+=====|
|* 0. |* 0. |*-1. ||  0. | -1. | -1. ||  1. |  0. |  1. |
|* 1. |* 0. |* 1. ||  0. |  0. |  0. || -1. | -1. | -1. |
|*-1. |* 0. |* 0. ||  0. |  0. |  1. ||  1. |  0. |  0. |
|=====+=====+=====||=====+=====+=====||=====+=====+=====|
| -1. |  1. |  0. || -1. |  1. |  0. || -1. |  0. | -1. |
|  1. |  0. |  0. || -1. |  0. |  0. ||  0. |  0. | -1. |
|  0. |  0. | -1. || -1. | -1. |  1. ||  0. |  1. | -1. |


state to eval, currenty is playerone turn=false

| -0. | -0. | -0. ||  1. | -0. |  1. ||  1. | -0. | -0. |
| -0. | -1. | -1. || -0. | -1. | -0. || -1. | -0. | -1. |
| -1. | -1. | -1. || -0. | -0. | -0. || -0. | -1. | -1. |
|=====+=====+=====||=====+=====+=====||=====+=====+=====|
|*-0. |*-0. |* 1. || -0. |  1. |  1. || -1. | -0. | -1. |
|*-1. |*-0. |*-1. || -0. | -0. | -0. ||  1. |  1. |  1. |
|* 1. |*-0. |*-0. || -0. | -0. | -1. || -1. | -0. | -0. |
|=====+=====+=====||=====+=====+=====||=====+=====+=====|
|  1. | -1. | -0. ||  1. | -1. | -0. ||  1. | -0. |  1. |
| -1. | -0. | -0. ||  1. | -0. | -0. || -0. | -0. |  1. |
| -0. | -0. |  1. ||  1. |  1. | -1. || -0. | -1. |  1. |


Determined best move using: 203874Iterations
current State

|  0. |  0. |  0. || -1. |  0. | -1. || -1. |  0. |  0. |
|  0. |  1. |  1. ||  0. |  1. |  0. ||  1. |  0. |  1. |
|  1. |  1. |  1. ||  0. |  0. |  0. ||  0. |  1. |  1. |
|=====+=====+=====||=====+=====+=====||=====+=====+=====|
|  0. |  0. | -1. ||* 0. |*-1. |*-1. ||  1. |  0. |  1. |
|  1. | -1. |  1. ||* 0. |* 0. |* 0. || -1. | -1. | -1. |
| -1. |  0. |  0. ||* 0. |* 0. |* 1. ||  1. |  0. |  0. |
|=====+=====+=====||=====+=====+=====||=====+=====+=====|
| -1. |  1. |  0. || -1. |  1. |  0. || -1. |  0. | -1. |
|  1. |  0. |  0. || -1. |  0. |  0. ||  0. |  0. | -1. |
|  0. |  0. | -1. || -1. | -1. |  1. ||  0. |  1. | -1. |


state to eval, currenty is playerone turn=true

|  0. |  0. |  0. || -1. |  0. | -1. || -1. |  0. |  0. |
|  0. |  1. |  1. ||  0. |  1. |  0. ||  1. |  0. |  1. |
|  1. |  1. |  1. ||  0. |  0. |  0. ||  0. |  1. |  1. |
|=====+=====+=====||=====+=====+=====||=====+=====+=====|
|  0. |  0. | -1. ||* 0. |*-1. |*-1. ||  1. |  0. |  1. |
|  1. | -1. |  1. ||* 0. |* 0. |* 0. || -1. | -1. | -1. |
| -1. |  0. |  0. ||* 0. |* 0. |* 1. ||  1. |  0. |  0. |
|=====+=====+=====||=====+=====+=====||=====+=====+=====|
| -1. |  1. |  0. || -1. |  1. |  0. || -1. |  0. | -1. |
|  1. |  0. |  0. || -1. |  0. |  0. ||  0. |  0. | -1. |
|  0. |  0. | -1. || -1. | -1. |  1. ||  0. |  1. | -1. |


Determined best move using: 275844Iterations
current State

|  0. |  0. |  0. || -1. |  0. | -1. || -1. |  0. |  0. |
|  0. |  1. |  1. ||  0. |  1. |  0. ||  1. |  0. |  1. |
|  1. |  1. |  1. ||  0. |  0. |  0. ||  0. |  1. |  1. |
|=====+=====+=====||=====+=====+=====||=====+=====+=====|
|  0. |  0. | -1. ||* 0. |*-1. |*-1. ||  1. |  0. |  1. |
|  1. | -1. |  1. ||* 0. |* 1. |* 0. || -1. | -1. | -1. |
| -1. |  0. |  0. ||* 0. |* 0. |* 1. ||  1. |  0. |  0. |
|=====+=====+=====||=====+=====+=====||=====+=====+=====|
| -1. |  1. |  0. || -1. |  1. |  0. || -1. |  0. | -1. |
|  1. |  0. |  0. || -1. |  0. |  0. ||  0. |  0. | -1. |
|  0. |  0. | -1. || -1. | -1. |  1. ||  0. |  1. | -1. |


state to eval, currenty is playerone turn=false

| -0. | -0. | -0. ||  1. | -0. |  1. ||  1. | -0. | -0. |
| -0. | -1. | -1. || -0. | -1. | -0. || -1. | -0. | -1. |
| -1. | -1. | -1. || -0. | -0. | -0. || -0. | -1. | -1. |
|=====+=====+=====||=====+=====+=====||=====+=====+=====|
| -0. | -0. |  1. ||*-0. |* 1. |* 1. || -1. | -0. | -1. |
| -1. |  1. | -1. ||*-0. |*-1. |*-0. ||  1. |  1. |  1. |
|  1. | -0. | -0. ||*-0. |*-0. |*-1. || -1. | -0. | -0. |
|=====+=====+=====||=====+=====+=====||=====+=====+=====|
|  1. | -1. | -0. ||  1. | -1. | -0. ||  1. | -0. |  1. |
| -1. | -0. | -0. ||  1. | -0. | -0. || -0. | -0. |  1. |
| -0. | -0. |  1. ||  1. |  1. | -1. || -0. | -1. |  1. |


Determined best move using: 268594Iterations
current State

|  0. |  0. |  0. ||*-1. |* 0. |*-1. ||*-1. |* 0. |* 0. |
|  0. |  1. |  1. ||* 0. |* 1. |* 0. ||* 1. |* 0. |* 1. |
|  1. |  1. |  1. ||* 0. |* 0. |* 0. ||* 0. |* 1. |* 1. |
|=====+=====+=====||=====+=====+=====||=====+=====+=====|
|  0. |  0. | -1. || -1. | -1. | -1. ||  1. |  0. |  1. |
|  1. | -1. |  1. ||  0. |  1. |  0. || -1. | -1. | -1. |
| -1. |  0. |  0. ||  0. |  0. |  1. ||  1. |  0. |  0. |
|=====+=====+=====||=====+=====+=====||=====+=====+=====|
|*-1. |* 1. |* 0. || -1. |  1. |  0. || -1. |  0. | -1. |
|* 1. |* 0. |* 0. || -1. |  0. |  0. ||  0. |  0. | -1. |
|* 0. |* 0. |*-1. || -1. | -1. |  1. ||  0. |  1. | -1. |


Game ended in: 44 moves
Actual data created in graphical format: 
[StateDatum{MCTSProbabilites=
|  .0158 |  .0101 |  .0099 ||  .0091 |  .0108 |  .0127 ||  .0133 |  .0084 |  .0142 |
|  .0091 |  .0127 |  .0147 ||  .0109 |  .0098 |  .0166 ||  .0098 |  .0138 |  .0094 |
|  .0098 |  .0108 |  .0145 ||  .0096 |  .0123 |  .0179 ||  .0058 |  .0097 |  .0172 |
|========+========+========||========+========+========||========+========+========|
|  .0161 |  .0112 |  .0147 ||  .0114 |  .0122 |  .0123 ||  .0167 |  .0137 |  .0179 |
|  .0096 |  .0152 |  .0159 ||  .0158 |  .0061 |  .0116 ||  .0126 |  .0163 |  .0138 |
|  .0136 |  .0136 |  .0075 ||  .0079 |  .0121 |  .0105 ||  .0145 |  .02 |  .0131 |
|========+========+========||========+========+========||========+========+========|
|  .0096 |  .0133 |  .006 ||  .0152 |  .0221 |  .0127 ||  .0129 |  .0104 |  .0083 |
|  .0143 |  .0106 |  .0147 ||  .0129 |  .0125 |  .0092 ||  .0084 |  .0085 |  .0164 |
|  .0118 |  .012 |  .0122 ||  .0116 |  .0138 |  .0144 ||  .0113 |  .013 |  .0067 |

, state=
|* 0. |* 0. |* 0. ||* 0. |* 0. |* 0. ||* 0. |* 0. |* 0. |
|* 0. |* 0. |* 0. ||* 0. |* 0. |* 0. ||* 0. |* 0. |* 0. |
|* 0. |* 0. |* 0. ||* 0. |* 0. |* 0. ||* 0. |* 0. |* 0. |
|=====+=====+=====||=====+=====+=====||=====+=====+=====|
|* 0. |* 0. |* 0. ||* 0. |* 0. |* 0. ||* 0. |* 0. |* 0. |
|* 0. |* 0. |* 0. ||* 0. |* 0. |* 0. ||* 0. |* 0. |* 0. |
|* 0. |* 0. |* 0. ||* 0. |* 0. |* 0. ||* 0. |* 0. |* 0. |
|=====+=====+=====||=====+=====+=====||=====+=====+=====|
|* 0. |* 0. |* 0. ||* 0. |* 0. |* 0. ||* 0. |* 0. |* 0. |
|* 0. |* 0. |* 0. ||* 0. |* 0. |* 0. ||* 0. |* 0. |* 0. |
|* 0. |* 0. |* 0. ||* 0. |* 0. |* 0. ||* 0. |* 0. |* 0. |

, evalForThisState=-1.0, isPlayerOneTurnOriginally=true}, StateDatum{MCTSProbabilites=
|  .0 |  .0 |  .0 ||  .4587 |  .0595 |  .0549 ||  .0 |  .0 |  .0 |
|  .0 |  .0 |  .0 ||  .0838 |  .0491 |  .058 ||  .0 |  .0 |  .0 |
|  .0 |  .0 |  .0 ||  .0887 |  .0634 |  .0839 ||  .0 |  .0 |  .0 |
|========+========+========||========+========+========||========+========+========|
|  .0 |  .0 |  .0 ||  .0 |  .0 |  .0 ||  .0 |  .0 |  .0 |
|  .0 |  .0 |  .0 ||  .0 |  .0 |  .0 ||  .0 |  .0 |  .0 |
|  .0 |  .0 |  .0 ||  .0 |  .0 |  .0 ||  .0 |  .0 |  .0 |
|========+========+========||========+========+========||========+========+========|
|  .0 |  .0 |  .0 ||  .0 |  .0 |  .0 ||  .0 |  .0 |  .0 |
|  .0 |  .0 |  .0 ||  .0 |  .0 |  .0 ||  .0 |  .0 |  .0 |
|  .0 |  .0 |  .0 ||  .0 |  .0 |  .0 ||  .0 |  .0 |  .0 |

, state=
| -0. | -0. | -0. ||*-0. |*-0. |*-0. || -0. | -0. | -0. |
| -0. | -0. | -0. ||*-0. |*-0. |*-0. || -0. | -0. | -0. |
| -0. | -0. | -0. ||*-0. |*-0. |*-0. || -0. | -0. | -0. |
|=====+=====+=====||=====+=====+=====||=====+=====+=====|
| -0. | -0. | -0. || -0. | -0. | -0. || -0. | -0. | -0. |
| -0. | -0. | -0. || -0. | -0. | -0. || -0. | -0. | -0. |
| -0. | -0. | -0. || -0. | -0. | -0. || -0. | -0. | -0. |
|=====+=====+=====||=====+=====+=====||=====+=====+=====|
| -0. | -0. | -0. || -0. | -1. | -0. || -0. | -0. | -0. |
| -0. | -0. | -0. || -0. | -0. | -0. || -0. | -0. | -0. |
| -0. | -0. | -0. || -0. | -0. | -0. || -0. | -0. | -0. |

, evalForThisState=1.0, isPlayerOneTurnOriginally=false}, StateDatum{MCTSProbabilites=
|  .1533 |  .1164 |  .0911 ||  .0 |  .0 |  .0 ||  .0 |  .0 |  .0 |
|  .0663 |  .0686 |  .0946 ||  .0 |  .0 |  .0 ||  .0 |  .0 |  .0 |
|  .0989 |  .1775 |  .1334 ||  .0 |  .0 |  .0 ||  .0 |  .0 |  .0 |
|========+========+========||========+========+========||========+========+========|
|  .0 |  .0 |  .0 ||  .0 |  .0 |  .0 ||  .0 |  .0 |  .0 |
|  .0 |  .0 |  .0 ||  .0 |  .0 |  .0 ||  .0 |  .0 |  .0 |
|  .0 |  .0 |  .0 ||  .0 |  .0 |  .0 ||  .0 |  .0 |  .0 |
|========+========+========||========+========+========||========+========+========|
|  .0 |  .0 |  .0 ||  .0 |  .0 |  .0 ||  .0 |  .0 |  .0 |
|  .0 |  .0 |  .0 ||  .0 |  .0 |  .0 ||  .0 |  .0 |  .0 |
|  .0 |  .0 |  .0 ||  .0 |  .0 |  .0 ||  .0 |  .0 |  .0 |

, state=
|* 0. |* 0. |* 0. || -1. |  0. |  0. ||  0. |  0. |  0. |
|* 0. |* 0. |* 0. ||  0. |  0. |  0. ||  0. |  0. |  0. |
|* 0. |* 0. |* 0. ||  0. |  0. |  0. ||  0. |  0. |  0. |
|=====+=====+=====||=====+=====+=====||=====+=====+=====|
|  0. |  0. |  0. ||  0. |  0. |  0. ||  0. |  0. |  0. |
|  0. |  0. |  0. ||  0. |  0. |  0. ||  0. |  0. |  0. |
|  0. |  0. |  0. ||  0. |  0. |  0. ||  0. |  0. |  0. |
|=====+=====+=====||=====+=====+=====||=====+=====+=====|
|  0. |  0. |  0. ||  0. |  1. |  0. ||  0. |  0. |  0. |
|  0. |  0. |  0. ||  0. |  0. |  0. ||  0. |  0. |  0. |
|  0. |  0. |  0. ||  0. |  0. |  0. ||  0. |  0. |  0. |

, evalForThisState=-1.0, isPlayerOneTurnOriginally=true}, StateDatum{MCTSProbabilites=
|  .0 |  .0 |  .0 ||  .0 |  .0 |  .0 ||  .0 |  .0 |  .0 |
|  .0 |  .0 |  .0 ||  .0 |  .0 |  .0 ||  .0 |  .0 |  .0 |
|  .0 |  .0 |  .0 ||  .0 |  .0 |  .0 ||  .0 |  .0 |  .0 |
|========+========+========||========+========+========||========+========+========|
|  .0 |  .0 |  .0 ||  .0 |  .0 |  .0 ||  .0 |  .0 |  .0 |
|  .0 |  .0 |  .0 ||  .0 |  .0 |  .0 ||  .0 |  .0 |  .0 |
|  .0 |  .0 |  .0 ||  .0 |  .0 |  .0 ||  .0 |  .0 |  .0 |
|========+========+========||========+========+========||========+========+========|
|  .0 |  .0 |  .0 ||  .0552 |  .0 |  .0498 ||  .0 |  .0 |  .0 |
|  .0 |  .0 |  .0 ||  .0556 |  .0375 |  .0596 ||  .0 |  .0 |  .0 |
|  .0 |  .0 |  .0 ||  .5277 |  .0827 |  .1319 ||  .0 |  .0 |  .0 |

, state=
| -0. | -0. | -0. ||  1. | -0. | -0. || -0. | -0. | -0. |
| -0. | -0. | -0. || -0. | -0. | -0. || -0. | -0. | -0. |
| -0. | -1. | -0. || -0. | -0. | -0. || -0. | -0. | -0. |
|=====+=====+=====||=====+=====+=====||=====+=====+=====|
| -0. | -0. | -0. || -0. | -0. | -0. || -0. | -0. | -0. |
| -0. | -0. | -0. || -0. | -0. | -0. || -0. | -0. | -0. |
| -0. | -0. | -0. || -0. | -0. | -0. || -0. | -0. | -0. |
|=====+=====+=====||=====+=====+=====||=====+=====+=====|
| -0. | -0. | -0. ||*-0. |*-1. |*-0. || -0. | -0. | -0. |
| -0. | -0. | -0. ||*-0. |*-0. |*-0. || -0. | -0. | -0. |
| -0. | -0. | -0. ||*-0. |*-0. |*-0. || -0. | -0. | -0. |

, evalForThisState=1.0, isPlayerOneTurnOriginally=false}, StateDatum{MCTSProbabilites=
|  .0 |  .0 |  .0 ||  .0 |  .0 |  .0 ||  .0 |  .0 |  .0 |
|  .0 |  .0 |  .0 ||  .0 |  .0 |  .0 ||  .0 |  .0 |  .0 |
|  .0 |  .0 |  .0 ||  .0 |  .0 |  .0 ||  .0 |  .0 |  .0 |
|========+========+========||========+========+========||========+========+========|
|  .0 |  .0 |  .0 ||  .0 |  .0 |  .0 ||  .0 |  .0 |  .0 |
|  .0 |  .0 |  .0 ||  .0 |  .0 |  .0 ||  .0 |  .0 |  .0 |
|  .0 |  .0 |  .0 ||  .0 |  .0 |  .0 ||  .0 |  .0 |  .0 |
|========+========+========||========+========+========||========+========+========|
|  .0957 |  .0595 |  .136 ||  .0 |  .0 |  .0 ||  .0 |  .0 |  .0 |
|  .1575 |  .1455 |  .1126 ||  .0 |  .0 |  .0 ||  .0 |  .0 |  .0 |
|  .1324 |  .0564 |  .1044 ||  .0 |  .0 |  .0 ||  .0 |  .0 |  .0 |

, state=
|  0. |  0. |  0. || -1. |  0. |  0. ||  0. |  0. |  0. |
|  0. |  0. |  0. ||  0. |  0. |  0. ||  0. |  0. |  0. |
|  0. |  1. |  0. ||  0. |  0. |  0. ||  0. |  0. |  0. |
|=====+=====+=====||=====+=====+=====||=====+=====+=====|
|  0. |  0. |  0. ||  0. |  0. |  0. ||  0. |  0. |  0. |
|  0. |  0. |  0. ||  0. |  0. |  0. ||  0. |  0. |  0. |
|  0. |  0. |  0. ||  0. |  0. |  0. ||  0. |  0. |  0. |
|=====+=====+=====||=====+=====+=====||=====+=====+=====|
|* 0. |* 0. |* 0. ||  0. |  1. |  0. ||  0. |  0. |  0. |
|* 0. |* 0. |* 0. ||  0. |  0. |  0. ||  0. |  0. |  0. |
|* 0. |* 0. |* 0. || -1. |  0. |  0. ||  0. |  0. |  0. |

, evalForThisState=-1.0, isPlayerOneTurnOriginally=true}, StateDatum{MCTSProbabilites=
|  .0 |  .0 |  .0 ||  .0 |  .0 |  .0 ||  .0 |  .0 |  .0 |
|  .0 |  .0 |  .0 ||  .0 |  .0 |  .0 ||  .0 |  .0 |  .0 |
|  .0 |  .0 |  .0 ||  .0 |  .0 |  .0 ||  .0 |  .0 |  .0 |
|========+========+========||========+========+========||========+========+========|
|  .0444 |  .0492 |  .0531 ||  .0 |  .0 |  .0 ||  .0 |  .0 |  .0 |
|  .0498 |  .0535 |  .2202 ||  .0 |  .0 |  .0 ||  .0 |  .0 |  .0 |
|  .4335 |  .0458 |  .0505 ||  .0 |  .0 |  .0 ||  .0 |  .0 |  .0 |
|========+========+========||========+========+========||========+========+========|
|  .0 |  .0 |  .0 ||  .0 |  .0 |  .0 ||  .0 |  .0 |  .0 |
|  .0 |  .0 |  .0 ||  .0 |  .0 |  .0 ||  .0 |  .0 |  .0 |
|  .0 |  .0 |  .0 ||  .0 |  .0 |  .0 ||  .0 |  .0 |  .0 |

, state=
| -0. | -0. | -0. ||  1. | -0. | -0. || -0. | -0. | -0. |
| -0. | -0. | -0. || -0. | -0. | -0. || -0. | -0. | -0. |
| -0. | -1. | -0. || -0. | -0. | -0. || -0. | -0. | -0. |
|=====+=====+=====||=====+=====+=====||=====+=====+=====|
|*-0. |*-0. |*-0. || -0. | -0. | -0. || -0. | -0. | -0. |
|*-0. |*-0. |*-0. || -0. | -0. | -0. || -0. | -0. | -0. |
|*-0. |*-0. |*-0. || -0. | -0. | -0. || -0. | -0. | -0. |
|=====+=====+=====||=====+=====+=====||=====+=====+=====|
| -0. | -0. | -0. || -0. | -1. | -0. || -0. | -0. | -0. |
| -1. | -0. | -0. || -0. | -0. | -0. || -0. | -0. | -0. |
| -0. | -0. | -0. ||  1. | -0. | -0. || -0. | -0. | -0. |

, evalForThisState=1.0, isPlayerOneTurnOriginally=false}, StateDatum{MCTSProbabilites=
|  .0 |  .0 |  .0 ||  .0 |  .0 |  .0 ||  .0 |  .0 |  .0 |
|  .0 |  .0 |  .0 ||  .0 |  .0 |  .0 ||  .0 |  .0 |  .0 |
|  .0 |  .0 |  .0 ||  .0 |  .0 |  .0 ||  .0 |  .0 |  .0 |
|========+========+========||========+========+========||========+========+========|
|  .0 |  .0 |  .0 ||  .0 |  .0 |  .0 ||  .0 |  .0 |  .0 |
|  .0 |  .0 |  .0 ||  .0 |  .0 |  .0 ||  .0 |  .0 |  .0 |
|  .0 |  .0 |  .0 ||  .0 |  .0 |  .0 ||  .0 |  .0 |  .0 |
|========+========+========||========+========+========||========+========+========|
|  .0743 |  .2637 |  .1346 ||  .0 |  .0 |  .0 ||  .0 |  .0 |  .0 |
|  .0 |  .1308 |  .1115 ||  .0 |  .0 |  .0 ||  .0 |  .0 |  .0 |
|  .1398 |  .0816 |  .0637 ||  .0 |  .0 |  .0 ||  .0 |  .0 |  .0 |

, state=
|  0. |  0. |  0. || -1. |  0. |  0. ||  0. |  0. |  0. |
|  0. |  0. |  0. ||  0. |  0. |  0. ||  0. |  0. |  0. |
|  0. |  1. |  0. ||  0. |  0. |  0. ||  0. |  0. |  0. |
|=====+=====+=====||=====+=====+=====||=====+=====+=====|
|  0. |  0. |  0. ||  0. |  0. |  0. ||  0. |  0. |  0. |
|  0. |  0. |  0. ||  0. |  0. |  0. ||  0. |  0. |  0. |
| -1. |  0. |  0. ||  0. |  0. |  0. ||  0. |  0. |  0. |
|=====+=====+=====||=====+=====+=====||=====+=====+=====|
|* 0. |* 0. |* 0. ||  0. |  1. |  0. ||  0. |  0. |  0. |
|* 1. |* 0. |* 0. ||  0. |  0. |  0. ||  0. |  0. |  0. |
|* 0. |* 0. |* 0. || -1. |  0. |  0. ||  0. |  0. |  0. |

, evalForThisState=-1.0, isPlayerOneTurnOriginally=true}, StateDatum{MCTSProbabilites=
|  .0 |  .0 |  .0 ||  .0 |  .2396 |  .3315 ||  .0 |  .0 |  .0 |
|  .0 |  .0 |  .0 ||  .0622 |  .0333 |  .0445 ||  .0 |  .0 |  .0 |
|  .0 |  .0 |  .0 ||  .2093 |  .0438 |  .0359 ||  .0 |  .0 |  .0 |
|========+========+========||========+========+========||========+========+========|
|  .0 |  .0 |  .0 ||  .0 |  .0 |  .0 ||  .0 |  .0 |  .0 |
|  .0 |  .0 |  .0 ||  .0 |  .0 |  .0 ||  .0 |  .0 |  .0 |
|  .0 |  .0 |  .0 ||  .0 |  .0 |  .0 ||  .0 |  .0 |  .0 |
|========+========+========||========+========+========||========+========+========|
|  .0 |  .0 |  .0 ||  .0 |  .0 |  .0 ||  .0 |  .0 |  .0 |
|  .0 |  .0 |  .0 ||  .0 |  .0 |  .0 ||  .0 |  .0 |  .0 |
|  .0 |  .0 |  .0 ||  .0 |  .0 |  .0 ||  .0 |  .0 |  .0 |

, state=
| -0. | -0. | -0. ||* 1. |*-0. |*-0. || -0. | -0. | -0. |
| -0. | -0. | -0. ||*-0. |*-0. |*-0. || -0. | -0. | -0. |
| -0. | -1. | -0. ||*-0. |*-0. |*-0. || -0. | -0. | -0. |
|=====+=====+=====||=====+=====+=====||=====+=====+=====|
| -0. | -0. | -0. || -0. | -0. | -0. || -0. | -0. | -0. |
| -0. | -0. | -0. || -0. | -0. | -0. || -0. | -0. | -0. |
|  1. | -0. | -0. || -0. | -0. | -0. || -0. | -0. | -0. |
|=====+=====+=====||=====+=====+=====||=====+=====+=====|
| -0. | -1. | -0. || -0. | -1. | -0. || -0. | -0. | -0. |
| -1. | -0. | -0. || -0. | -0. | -0. || -0. | -0. | -0. |
| -0. | -0. | -0. ||  1. | -0. | -0. || -0. | -0. | -0. |

, evalForThisState=1.0, isPlayerOneTurnOriginally=false}, StateDatum{MCTSProbabilites=
|  .0 |  .0 |  .0 ||  .0 |  .0 |  .0 ||  .0797 |  .1172 |  .1068 |
|  .0 |  .0 |  .0 ||  .0 |  .0 |  .0 ||  .1929 |  .1675 |  .0589 |
|  .0 |  .0 |  .0 ||  .0 |  .0 |  .0 ||  .1423 |  .0798 |  .0549 |
|========+========+========||========+========+========||========+========+========|
|  .0 |  .0 |  .0 ||  .0 |  .0 |  .0 ||  .0 |  .0 |  .0 |
|  .0 |  .0 |  .0 ||  .0 |  .0 |  .0 ||  .0 |  .0 |  .0 |
|  .0 |  .0 |  .0 ||  .0 |  .0 |  .0 ||  .0 |  .0 |  .0 |
|========+========+========||========+========+========||========+========+========|
|  .0 |  .0 |  .0 ||  .0 |  .0 |  .0 ||  .0 |  .0 |  .0 |
|  .0 |  .0 |  .0 ||  .0 |  .0 |  .0 ||  .0 |  .0 |  .0 |
|  .0 |  .0 |  .0 ||  .0 |  .0 |  .0 ||  .0 |  .0 |  .0 |

, state=
|  0. |  0. |  0. || -1. |  0. | -1. ||* 0. |* 0. |* 0. |
|  0. |  0. |  0. ||  0. |  0. |  0. ||* 0. |* 0. |* 0. |
|  0. |  1. |  0. ||  0. |  0. |  0. ||* 0. |* 0. |* 0. |
|=====+=====+=====||=====+=====+=====||=====+=====+=====|
|  0. |  0. |  0. ||  0. |  0. |  0. ||  0. |  0. |  0. |
|  0. |  0. |  0. ||  0. |  0. |  0. ||  0. |  0. |  0. |
| -1. |  0. |  0. ||  0. |  0. |  0. ||  0. |  0. |  0. |
|=====+=====+=====||=====+=====+=====||=====+=====+=====|
|  0. |  1. |  0. ||  0. |  1. |  0. ||  0. |  0. |  0. |
|  1. |  0. |  0. ||  0. |  0. |  0. ||  0. |  0. |  0. |
|  0. |  0. |  0. || -1. |  0. |  0. ||  0. |  0. |  0. |

, evalForThisState=-1.0, isPlayerOneTurnOriginally=true}, StateDatum{MCTSProbabilites=
|  .0 |  .0 |  .0 ||  .0 |  .0 |  .0 ||  .0 |  .0 |  .0 |
|  .0 |  .0 |  .0 ||  .0 |  .0 |  .0 ||  .0 |  .0 |  .0 |
|  .0 |  .0 |  .0 ||  .0 |  .0 |  .0 ||  .0 |  .0 |  .0 |
|========+========+========||========+========+========||========+========+========|
|  .0479 |  .0251 |  .3182 ||  .0 |  .0 |  .0 ||  .0 |  .0 |  .0 |
|  .1997 |  .0269 |  .0422 ||  .0 |  .0 |  .0 ||  .0 |  .0 |  .0 |
|  .0 |  .2991 |  .0409 ||  .0 |  .0 |  .0 ||  .0 |  .0 |  .0 |
|========+========+========||========+========+========||========+========+========|
|  .0 |  .0 |  .0 ||  .0 |  .0 |  .0 ||  .0 |  .0 |  .0 |
|  .0 |  .0 |  .0 ||  .0 |  .0 |  .0 ||  .0 |  .0 |  .0 |
|  .0 |  .0 |  .0 ||  .0 |  .0 |  .0 ||  .0 |  .0 |  .0 |

, state=
| -0. | -0. | -0. ||  1. | -0. |  1. || -0. | -0. | -0. |
| -0. | -0. | -0. || -0. | -0. | -0. || -1. | -0. | -0. |
| -0. | -1. | -0. || -0. | -0. | -0. || -0. | -0. | -0. |
|=====+=====+=====||=====+=====+=====||=====+=====+=====|
|*-0. |*-0. |*-0. || -0. | -0. | -0. || -0. | -0. | -0. |
|*-0. |*-0. |*-0. || -0. | -0. | -0. || -0. | -0. | -0. |
|* 1. |*-0. |*-0. || -0. | -0. | -0. || -0. | -0. | -0. |
|=====+=====+=====||=====+=====+=====||=====+=====+=====|
| -0. | -1. | -0. || -0. | -1. | -0. || -0. | -0. | -0. |
| -1. | -0. | -0. || -0. | -0. | -0. || -0. | -0. | -0. |
| -0. | -0. | -0. ||  1. | -0. | -0. || -0. | -0. | -0. |

, evalForThisState=1.0, isPlayerOneTurnOriginally=false}, StateDatum{MCTSProbabilites=
|  .0 |  .0 |  .0 ||  .0 |  .0 |  .0 ||  .0876 |  .1358 |  .1254 |
|  .0 |  .0 |  .0 ||  .0 |  .0 |  .0 ||  .0 |  .0969 |  .0904 |
|  .0 |  .0 |  .0 ||  .0 |  .0 |  .0 ||  .0949 |  .1529 |  .2161 |
|========+========+========||========+========+========||========+========+========|
|  .0 |  .0 |  .0 ||  .0 |  .0 |  .0 ||  .0 |  .0 |  .0 |
|  .0 |  .0 |  .0 ||  .0 |  .0 |  .0 ||  .0 |  .0 |  .0 |
|  .0 |  .0 |  .0 ||  .0 |  .0 |  .0 ||  .0 |  .0 |  .0 |
|========+========+========||========+========+========||========+========+========|
|  .0 |  .0 |  .0 ||  .0 |  .0 |  .0 ||  .0 |  .0 |  .0 |
|  .0 |  .0 |  .0 ||  .0 |  .0 |  .0 ||  .0 |  .0 |  .0 |
|  .0 |  .0 |  .0 ||  .0 |  .0 |  .0 ||  .0 |  .0 |  .0 |

, state=
|  0. |  0. |  0. || -1. |  0. | -1. ||* 0. |* 0. |* 0. |
|  0. |  0. |  0. ||  0. |  0. |  0. ||* 1. |* 0. |* 0. |
|  0. |  1. |  0. ||  0. |  0. |  0. ||* 0. |* 0. |* 0. |
|=====+=====+=====||=====+=====+=====||=====+=====+=====|
|  0. |  0. | -1. ||  0. |  0. |  0. ||  0. |  0. |  0. |
|  0. |  0. |  0. ||  0. |  0. |  0. ||  0. |  0. |  0. |
| -1. |  0. |  0. ||  0. |  0. |  0. ||  0. |  0. |  0. |
|=====+=====+=====||=====+=====+=====||=====+=====+=====|
|  0. |  1. |  0. ||  0. |  1. |  0. ||  0. |  0. |  0. |
|  1. |  0. |  0. ||  0. |  0. |  0. ||  0. |  0. |  0. |
|  0. |  0. |  0. || -1. |  0. |  0. ||  0. |  0. |  0. |

, evalForThisState=-1.0, isPlayerOneTurnOriginally=true}, StateDatum{MCTSProbabilites=
|  .0 |  .0 |  .0 ||  .0 |  .0 |  .0 ||  .0 |  .0 |  .0 |
|  .0 |  .0 |  .0 ||  .0 |  .0 |  .0 ||  .0 |  .0 |  .0 |
|  .0 |  .0 |  .0 ||  .0 |  .0 |  .0 ||  .0 |  .0 |  .0 |
|========+========+========||========+========+========||========+========+========|
|  .0 |  .0 |  .0 ||  .0 |  .0 |  .0 ||  .0 |  .0 |  .0 |
|  .0 |  .0 |  .0 ||  .0 |  .0 |  .0 ||  .0 |  .0 |  .0 |
|  .0 |  .0 |  .0 ||  .0 |  .0 |  .0 ||  .0 |  .0 |  .0 |
|========+========+========||========+========+========||========+========+========|
|  .0 |  .0 |  .0 ||  .0 |  .0 |  .0 ||  .1219 |  .0376 |  .1933 |
|  .0 |  .0 |  .0 ||  .0 |  .0 |  .0 ||  .0703 |  .0286 |  .2526 |
|  .0 |  .0 |  .0 ||  .0 |  .0 |  .0 ||  .0358 |  .2301 |  .0298 |

, state=
| -0. | -0. | -0. ||  1. | -0. |  1. || -0. | -0. | -0. |
| -0. | -0. | -0. || -0. | -0. | -0. || -1. | -0. | -0. |
| -0. | -1. | -0. || -0. | -0. | -0. || -0. | -0. | -1. |
|=====+=====+=====||=====+=====+=====||=====+=====+=====|
| -0. | -0. |  1. || -0. | -0. | -0. || -0. | -0. | -0. |
| -0. | -0. | -0. || -0. | -0. | -0. || -0. | -0. | -0. |
|  1. | -0. | -0. || -0. | -0. | -0. || -0. | -0. | -0. |
|=====+=====+=====||=====+=====+=====||=====+=====+=====|
| -0. | -1. | -0. || -0. | -1. | -0. ||*-0. |*-0. |*-0. |
| -1. | -0. | -0. || -0. | -0. | -0. ||*-0. |*-0. |*-0. |
| -0. | -0. | -0. ||  1. | -0. | -0. ||*-0. |*-0. |*-0. |

, evalForThisState=1.0, isPlayerOneTurnOriginally=false}, StateDatum{MCTSProbabilites=
|  .0 |  .0 |  .0 ||  .0 |  .0 |  .0 ||  .0 |  .0 |  .0 |
|  .0 |  .0 |  .0 ||  .0 |  .0 |  .0 ||  .0 |  .0 |  .0 |
|  .0 |  .0 |  .0 ||  .0 |  .0 |  .0 ||  .0 |  .0 |  .0 |
|========+========+========||========+========+========||========+========+========|
|  .0 |  .0 |  .0 ||  .0 |  .0 |  .0 ||  .0907 |  .0765 |  .2261 |
|  .0 |  .0 |  .0 ||  .0 |  .0 |  .0 ||  .1448 |  .0283 |  .1089 |
|  .0 |  .0 |  .0 ||  .0 |  .0 |  .0 ||  .1355 |  .1101 |  .0791 |
|========+========+========||========+========+========||========+========+========|
|  .0 |  .0 |  .0 ||  .0 |  .0 |  .0 ||  .0 |  .0 |  .0 |
|  .0 |  .0 |  .0 ||  .0 |  .0 |  .0 ||  .0 |  .0 |  .0 |
|  .0 |  .0 |  .0 ||  .0 |  .0 |  .0 ||  .0 |  .0 |  .0 |

, state=
|  0. |  0. |  0. || -1. |  0. | -1. ||  0. |  0. |  0. |
|  0. |  0. |  0. ||  0. |  0. |  0. ||  1. |  0. |  0. |
|  0. |  1. |  0. ||  0. |  0. |  0. ||  0. |  0. |  1. |
|=====+=====+=====||=====+=====+=====||=====+=====+=====|
|  0. |  0. | -1. ||  0. |  0. |  0. ||* 0. |* 0. |* 0. |
|  0. |  0. |  0. ||  0. |  0. |  0. ||* 0. |* 0. |* 0. |
| -1. |  0. |  0. ||  0. |  0. |  0. ||* 0. |* 0. |* 0. |
|=====+=====+=====||=====+=====+=====||=====+=====+=====|
|  0. |  1. |  0. ||  0. |  1. |  0. ||  0. |  0. |  0. |
|  1. |  0. |  0. ||  0. |  0. |  0. ||  0. |  0. | -1. |
|  0. |  0. |  0. || -1. |  0. |  0. ||  0. |  0. |  0. |

, evalForThisState=-1.0, isPlayerOneTurnOriginally=true}, StateDatum{MCTSProbabilites=
|  .0 |  .0 |  .0 ||  .0 |  .0 |  .0 ||  .2667 |  .0534 |  .1644 |
|  .0 |  .0 |  .0 ||  .0 |  .0 |  .0 ||  .0 |  .0294 |  .0387 |
|  .0 |  .0 |  .0 ||  .0 |  .0 |  .0 ||  .2244 |  .223 |  .0 |
|========+========+========||========+========+========||========+========+========|
|  .0 |  .0 |  .0 ||  .0 |  .0 |  .0 ||  .0 |  .0 |  .0 |
|  .0 |  .0 |  .0 ||  .0 |  .0 |  .0 ||  .0 |  .0 |  .0 |
|  .0 |  .0 |  .0 ||  .0 |  .0 |  .0 ||  .0 |  .0 |  .0 |
|========+========+========||========+========+========||========+========+========|
|  .0 |  .0 |  .0 ||  .0 |  .0 |  .0 ||  .0 |  .0 |  .0 |
|  .0 |  .0 |  .0 ||  .0 |  .0 |  .0 ||  .0 |  .0 |  .0 |
|  .0 |  .0 |  .0 ||  .0 |  .0 |  .0 ||  .0 |  .0 |  .0 |

, state=
| -0. | -0. | -0. ||  1. | -0. |  1. ||*-0. |*-0. |*-0. |
| -0. | -0. | -0. || -0. | -0. | -0. ||*-1. |*-0. |*-0. |
| -0. | -1. | -0. || -0. | -0. | -0. ||*-0. |*-0. |*-1. |
|=====+=====+=====||=====+=====+=====||=====+=====+=====|
| -0. | -0. |  1. || -0. | -0. | -0. || -0. | -0. | -1. |
| -0. | -0. | -0. || -0. | -0. | -0. || -0. | -0. | -0. |
|  1. | -0. | -0. || -0. | -0. | -0. || -0. | -0. | -0. |
|=====+=====+=====||=====+=====+=====||=====+=====+=====|
| -0. | -1. | -0. || -0. | -1. | -0. || -0. | -0. | -0. |
| -1. | -0. | -0. || -0. | -0. | -0. || -0. | -0. |  1. |
| -0. | -0. | -0. ||  1. | -0. | -0. || -0. | -0. | -0. |

, evalForThisState=1.0, isPlayerOneTurnOriginally=false}, StateDatum{MCTSProbabilites=
|  .1124 |  .0916 |  .1512 ||  .0 |  .0 |  .0 ||  .0 |  .0 |  .0 |
|  .1391 |  .0484 |  .1375 ||  .0 |  .0 |  .0 ||  .0 |  .0 |  .0 |
|  .1359 |  .0 |  .1838 ||  .0 |  .0 |  .0 ||  .0 |  .0 |  .0 |
|========+========+========||========+========+========||========+========+========|
|  .0 |  .0 |  .0 ||  .0 |  .0 |  .0 ||  .0 |  .0 |  .0 |
|  .0 |  .0 |  .0 ||  .0 |  .0 |  .0 ||  .0 |  .0 |  .0 |
|  .0 |  .0 |  .0 ||  .0 |  .0 |  .0 ||  .0 |  .0 |  .0 |
|========+========+========||========+========+========||========+========+========|
|  .0 |  .0 |  .0 ||  .0 |  .0 |  .0 ||  .0 |  .0 |  .0 |
|  .0 |  .0 |  .0 ||  .0 |  .0 |  .0 ||  .0 |  .0 |  .0 |
|  .0 |  .0 |  .0 ||  .0 |  .0 |  .0 ||  .0 |  .0 |  .0 |

, state=
|* 0. |* 0. |* 0. || -1. |  0. | -1. || -1. |  0. |  0. |
|* 0. |* 0. |* 0. ||  0. |  0. |  0. ||  1. |  0. |  0. |
|* 0. |* 1. |* 0. ||  0. |  0. |  0. ||  0. |  0. |  1. |
|=====+=====+=====||=====+=====+=====||=====+=====+=====|
|  0. |  0. | -1. ||  0. |  0. |  0. ||  0. |  0. |  1. |
|  0. |  0. |  0. ||  0. |  0. |  0. ||  0. |  0. |  0. |
| -1. |  0. |  0. ||  0. |  0. |  0. ||  0. |  0. |  0. |
|=====+=====+=====||=====+=====+=====||=====+=====+=====|
|  0. |  1. |  0. ||  0. |  1. |  0. ||  0. |  0. |  0. |
|  1. |  0. |  0. ||  0. |  0. |  0. ||  0. |  0. | -1. |
|  0. |  0. |  0. || -1. |  0. |  0. ||  0. |  0. |  0. |

, evalForThisState=-1.0, isPlayerOneTurnOriginally=true}, StateDatum{MCTSProbabilites=
|  .0 |  .0 |  .0 ||  .0 |  .0 |  .0 ||  .0 |  .0 |  .0 |
|  .0 |  .0 |  .0 ||  .0 |  .0 |  .0 ||  .0 |  .0 |  .0 |
|  .0 |  .0 |  .0 ||  .0 |  .0 |  .0 ||  .0 |  .0 |  .0 |
|========+========+========||========+========+========||========+========+========|
|  .0 |  .0 |  .0 ||  .0 |  .0 |  .0 ||  .0 |  .0 |  .0 |
|  .0 |  .0 |  .0 ||  .0 |  .0 |  .0 ||  .0 |  .0 |  .0 |
|  .0 |  .0 |  .0 ||  .0 |  .0 |  .0 ||  .0 |  .0 |  .0 |
|========+========+========||========+========+========||========+========+========|
|  .0 |  .0 |  .0 ||  .0 |  .0 |  .0 ||  .2173 |  .1679 |  .1661 |
|  .0 |  .0 |  .0 ||  .0 |  .0 |  .0 ||  .1966 |  .0234 |  .0 |
|  .0 |  .0 |  .0 ||  .0 |  .0 |  .0 ||  .0175 |  .0193 |  .1919 |

, state=
| -0. | -0. | -0. ||  1. | -0. |  1. ||  1. | -0. | -0. |
| -0. | -0. | -0. || -0. | -0. | -0. || -1. | -0. | -0. |
| -0. | -1. | -1. || -0. | -0. | -0. || -0. | -0. | -1. |
|=====+=====+=====||=====+=====+=====||=====+=====+=====|
| -0. | -0. |  1. || -0. | -0. | -0. || -0. | -0. | -1. |
| -0. | -0. | -0. || -0. | -0. | -0. || -0. | -0. | -0. |
|  1. | -0. | -0. || -0. | -0. | -0. || -0. | -0. | -0. |
|=====+=====+=====||=====+=====+=====||=====+=====+=====|
| -0. | -1. | -0. || -0. | -1. | -0. ||*-0. |*-0. |*-0. |
| -1. | -0. | -0. || -0. | -0. | -0. ||*-0. |*-0. |* 1. |
| -0. | -0. | -0. ||  1. | -0. | -0. ||*-0. |*-0. |*-0. |

, evalForThisState=1.0, isPlayerOneTurnOriginally=false}, StateDatum{MCTSProbabilites=
|  .1318 |  .0792 |  .154 ||  .0 |  .0 |  .0 ||  .0 |  .0 |  .0 |
|  .1706 |  .2131 |  .1677 ||  .0 |  .0 |  .0 ||  .0 |  .0 |  .0 |
|  .0835 |  .0 |  .0 ||  .0 |  .0 |  .0 ||  .0 |  .0 |  .0 |
|========+========+========||========+========+========||========+========+========|
|  .0 |  .0 |  .0 ||  .0 |  .0 |  .0 ||  .0 |  .0 |  .0 |
|  .0 |  .0 |  .0 ||  .0 |  .0 |  .0 ||  .0 |  .0 |  .0 |
|  .0 |  .0 |  .0 ||  .0 |  .0 |  .0 ||  .0 |  .0 |  .0 |
|========+========+========||========+========+========||========+========+========|
|  .0 |  .0 |  .0 ||  .0 |  .0 |  .0 ||  .0 |  .0 |  .0 |
|  .0 |  .0 |  .0 ||  .0 |  .0 |  .0 ||  .0 |  .0 |  .0 |
|  .0 |  .0 |  .0 ||  .0 |  .0 |  .0 ||  .0 |  .0 |  .0 |

, state=
|* 0. |* 0. |* 0. || -1. |  0. | -1. || -1. |  0. |  0. |
|* 0. |* 0. |* 0. ||  0. |  0. |  0. ||  1. |  0. |  0. |
|* 0. |* 1. |* 1. ||  0. |  0. |  0. ||  0. |  0. |  1. |
|=====+=====+=====||=====+=====+=====||=====+=====+=====|
|  0. |  0. | -1. ||  0. |  0. |  0. ||  0. |  0. |  1. |
|  0. |  0. |  0. ||  0. |  0. |  0. ||  0. |  0. |  0. |
| -1. |  0. |  0. ||  0. |  0. |  0. ||  0. |  0. |  0. |
|=====+=====+=====||=====+=====+=====||=====+=====+=====|
|  0. |  1. |  0. ||  0. |  1. |  0. || -1. |  0. |  0. |
|  1. |  0. |  0. ||  0. |  0. |  0. ||  0. |  0. | -1. |
|  0. |  0. |  0. || -1. |  0. |  0. ||  0. |  0. |  0. |

, evalForThisState=-1.0, isPlayerOneTurnOriginally=true}, StateDatum{MCTSProbabilites=
|  .0 |  .0 |  .0 ||  .0 |  .0 |  .0 ||  .0 |  .0 |  .0 |
|  .0 |  .0 |  .0 ||  .0 |  .0 |  .0 ||  .0 |  .0 |  .0 |
|  .0 |  .0 |  .0 ||  .0 |  .0 |  .0 ||  .0 |  .0 |  .0 |
|========+========+========||========+========+========||========+========+========|
|  .0 |  .0 |  .0 ||  .0493 |  .1609 |  .1552 ||  .0 |  .0 |  .0 |
|  .0 |  .0 |  .0 ||  .143 |  .0466 |  .106 ||  .0 |  .0 |  .0 |
|  .0 |  .0 |  .0 ||  .0754 |  .1541 |  .1094 ||  .0 |  .0 |  .0 |
|========+========+========||========+========+========||========+========+========|
|  .0 |  .0 |  .0 ||  .0 |  .0 |  .0 ||  .0 |  .0 |  .0 |
|  .0 |  .0 |  .0 ||  .0 |  .0 |  .0 ||  .0 |  .0 |  .0 |
|  .0 |  .0 |  .0 ||  .0 |  .0 |  .0 ||  .0 |  .0 |  .0 |

, state=
| -0. | -0. | -0. ||  1. | -0. |  1. ||  1. | -0. | -0. |
| -0. | -1. | -0. || -0. | -0. | -0. || -1. | -0. | -0. |
| -0. | -1. | -1. || -0. | -0. | -0. || -0. | -0. | -1. |
|=====+=====+=====||=====+=====+=====||=====+=====+=====|
| -0. | -0. |  1. ||*-0. |*-0. |*-0. || -0. | -0. | -1. |
| -0. | -0. | -0. ||*-0. |*-0. |*-0. || -0. | -0. | -0. |
|  1. | -0. | -0. ||*-0. |*-0. |*-0. || -0. | -0. | -0. |
|=====+=====+=====||=====+=====+=====||=====+=====+=====|
| -0. | -1. | -0. || -0. | -1. | -0. ||  1. | -0. | -0. |
| -1. | -0. | -0. || -0. | -0. | -0. || -0. | -0. |  1. |
| -0. | -0. | -0. ||  1. | -0. | -0. || -0. | -0. | -0. |

, evalForThisState=1.0, isPlayerOneTurnOriginally=false}, StateDatum{MCTSProbabilites=
|  .0 |  .0 |  .0 ||  .0 |  .1365 |  .0 ||  .0 |  .0 |  .0 |
|  .0 |  .0 |  .0 ||  .1354 |  .186 |  .1729 ||  .0 |  .0 |  .0 |
|  .0 |  .0 |  .0 ||  .0428 |  .1513 |  .1751 ||  .0 |  .0 |  .0 |
|========+========+========||========+========+========||========+========+========|
|  .0 |  .0 |  .0 ||  .0 |  .0 |  .0 ||  .0 |  .0 |  .0 |
|  .0 |  .0 |  .0 ||  .0 |  .0 |  .0 ||  .0 |  .0 |  .0 |
|  .0 |  .0 |  .0 ||  .0 |  .0 |  .0 ||  .0 |  .0 |  .0 |
|========+========+========||========+========+========||========+========+========|
|  .0 |  .0 |  .0 ||  .0 |  .0 |  .0 ||  .0 |  .0 |  .0 |
|  .0 |  .0 |  .0 ||  .0 |  .0 |  .0 ||  .0 |  .0 |  .0 |
|  .0 |  .0 |  .0 ||  .0 |  .0 |  .0 ||  .0 |  .0 |  .0 |

, state=
|  0. |  0. |  0. ||*-1. |* 0. |*-1. || -1. |  0. |  0. |
|  0. |  1. |  0. ||* 0. |* 0. |* 0. ||  1. |  0. |  0. |
|  0. |  1. |  1. ||* 0. |* 0. |* 0. ||  0. |  0. |  1. |
|=====+=====+=====||=====+=====+=====||=====+=====+=====|
|  0. |  0. | -1. ||  0. | -1. |  0. ||  0. |  0. |  1. |
|  0. |  0. |  0. ||  0. |  0. |  0. ||  0. |  0. |  0. |
| -1. |  0. |  0. ||  0. |  0. |  0. ||  0. |  0. |  0. |
|=====+=====+=====||=====+=====+=====||=====+=====+=====|
|  0. |  1. |  0. ||  0. |  1. |  0. || -1. |  0. |  0. |
|  1. |  0. |  0. ||  0. |  0. |  0. ||  0. |  0. | -1. |
|  0. |  0. |  0. || -1. |  0. |  0. ||  0. |  0. |  0. |

, evalForThisState=-1.0, isPlayerOneTurnOriginally=true}, StateDatum{MCTSProbabilites=
|  .0 |  .0 |  .0 ||  .0 |  .0 |  .0 ||  .0 |  .0 |  .0 |
|  .0 |  .0 |  .0 ||  .0 |  .0 |  .0 ||  .0 |  .0 |  .0 |
|  .0 |  .0 |  .0 ||  .0 |  .0 |  .0 ||  .0 |  .0 |  .0 |
|========+========+========||========+========+========||========+========+========|
|  .0 |  .0 |  .0 ||  .1099 |  .0 |  .1885 ||  .0 |  .0 |  .0 |
|  .0 |  .0 |  .0 ||  .1325 |  .1022 |  .1307 ||  .0 |  .0 |  .0 |
|  .0 |  .0 |  .0 ||  .0834 |  .1466 |  .1062 ||  .0 |  .0 |  .0 |
|========+========+========||========+========+========||========+========+========|
|  .0 |  .0 |  .0 ||  .0 |  .0 |  .0 ||  .0 |  .0 |  .0 |
|  .0 |  .0 |  .0 ||  .0 |  .0 |  .0 ||  .0 |  .0 |  .0 |
|  .0 |  .0 |  .0 ||  .0 |  .0 |  .0 ||  .0 |  .0 |  .0 |

, state=
| -0. | -0. | -0. ||  1. | -0. |  1. ||  1. | -0. | -0. |
| -0. | -1. | -0. || -0. | -1. | -0. || -1. | -0. | -0. |
| -0. | -1. | -1. || -0. | -0. | -0. || -0. | -0. | -1. |
|=====+=====+=====||=====+=====+=====||=====+=====+=====|
| -0. | -0. |  1. ||*-0. |* 1. |*-0. || -0. | -0. | -1. |
| -0. | -0. | -0. ||*-0. |*-0. |*-0. || -0. | -0. | -0. |
|  1. | -0. | -0. ||*-0. |*-0. |*-0. || -0. | -0. | -0. |
|=====+=====+=====||=====+=====+=====||=====+=====+=====|
| -0. | -1. | -0. || -0. | -1. | -0. ||  1. | -0. | -0. |
| -1. | -0. | -0. || -0. | -0. | -0. || -0. | -0. |  1. |
| -0. | -0. | -0. ||  1. | -0. | -0. || -0. | -0. | -0. |

, evalForThisState=1.0, isPlayerOneTurnOriginally=false}, StateDatum{MCTSProbabilites=
|  .0 |  .0 |  .0 ||  .0 |  .0 |  .0 ||  .0 |  .2023 |  .1912 |
|  .0 |  .0 |  .0 ||  .0 |  .0 |  .0 ||  .0 |  .018 |  .2103 |
|  .0 |  .0 |  .0 ||  .0 |  .0 |  .0 ||  .1904 |  .1879 |  .0 |
|========+========+========||========+========+========||========+========+========|
|  .0 |  .0 |  .0 ||  .0 |  .0 |  .0 ||  .0 |  .0 |  .0 |
|  .0 |  .0 |  .0 ||  .0 |  .0 |  .0 ||  .0 |  .0 |  .0 |
|  .0 |  .0 |  .0 ||  .0 |  .0 |  .0 ||  .0 |  .0 |  .0 |
|========+========+========||========+========+========||========+========+========|
|  .0 |  .0 |  .0 ||  .0 |  .0 |  .0 ||  .0 |  .0 |  .0 |
|  .0 |  .0 |  .0 ||  .0 |  .0 |  .0 ||  .0 |  .0 |  .0 |
|  .0 |  .0 |  .0 ||  .0 |  .0 |  .0 ||  .0 |  .0 |  .0 |

, state=
|  0. |  0. |  0. || -1. |  0. | -1. ||*-1. |* 0. |* 0. |
|  0. |  1. |  0. ||  0. |  1. |  0. ||* 1. |* 0. |* 0. |
|  0. |  1. |  1. ||  0. |  0. |  0. ||* 0. |* 0. |* 1. |
|=====+=====+=====||=====+=====+=====||=====+=====+=====|
|  0. |  0. | -1. ||  0. | -1. | -1. ||  0. |  0. |  1. |
|  0. |  0. |  0. ||  0. |  0. |  0. ||  0. |  0. |  0. |
| -1. |  0. |  0. ||  0. |  0. |  0. ||  0. |  0. |  0. |
|=====+=====+=====||=====+=====+=====||=====+=====+=====|
|  0. |  1. |  0. ||  0. |  1. |  0. || -1. |  0. |  0. |
|  1. |  0. |  0. ||  0. |  0. |  0. ||  0. |  0. | -1. |
|  0. |  0. |  0. || -1. |  0. |  0. ||  0. |  0. |  0. |

, evalForThisState=-1.0, isPlayerOneTurnOriginally=true}, StateDatum{MCTSProbabilites=
|  .0 |  .0 |  .0 ||  .0 |  .0 |  .0 ||  .0 |  .0 |  .0 |
|  .0 |  .0 |  .0 ||  .0 |  .0 |  .0 ||  .0 |  .0 |  .0 |
|  .0 |  .0 |  .0 ||  .0 |  .0 |  .0 ||  .0 |  .0 |  .0 |
|========+========+========||========+========+========||========+========+========|
|  .0 |  .0 |  .0 ||  .0 |  .0 |  .0 ||  .129 |  .1545 |  .0 |
|  .0 |  .0 |  .0 ||  .0 |  .0 |  .0 ||  .1511 |  .113 |  .1638 |
|  .0 |  .0 |  .0 ||  .0 |  .0 |  .0 ||  .0648 |  .1232 |  .1007 |
|========+========+========||========+========+========||========+========+========|
|  .0 |  .0 |  .0 ||  .0 |  .0 |  .0 ||  .0 |  .0 |  .0 |
|  .0 |  .0 |  .0 ||  .0 |  .0 |  .0 ||  .0 |  .0 |  .0 |
|  .0 |  .0 |  .0 ||  .0 |  .0 |  .0 ||  .0 |  .0 |  .0 |

, state=
| -0. | -0. | -0. ||  1. | -0. |  1. ||  1. | -0. | -0. |
| -0. | -1. | -0. || -0. | -1. | -0. || -1. | -0. | -1. |
| -0. | -1. | -1. || -0. | -0. | -0. || -0. | -0. | -1. |
|=====+=====+=====||=====+=====+=====||=====+=====+=====|
| -0. | -0. |  1. || -0. |  1. |  1. ||*-0. |*-0. |*-1. |
| -0. | -0. | -0. || -0. | -0. | -0. ||*-0. |*-0. |*-0. |
|  1. | -0. | -0. || -0. | -0. | -0. ||*-0. |*-0. |*-0. |
|=====+=====+=====||=====+=====+=====||=====+=====+=====|
| -0. | -1. | -0. || -0. | -1. | -0. ||  1. | -0. | -0. |
| -1. | -0. | -0. || -0. | -0. | -0. || -0. | -0. |  1. |
| -0. | -0. | -0. ||  1. | -0. | -0. || -0. | -0. | -0. |

, evalForThisState=1.0, isPlayerOneTurnOriginally=false}, StateDatum{MCTSProbabilites=
|  .0 |  .0 |  .0 ||  .0 |  .0 |  .0 ||  .0 |  .0 |  .0 |
|  .0 |  .0 |  .0 ||  .0 |  .0 |  .0 ||  .0 |  .0 |  .0 |
|  .0 |  .0 |  .0 ||  .0 |  .0 |  .0 ||  .0 |  .0 |  .0 |
|========+========+========||========+========+========||========+========+========|
|  .0 |  .0 |  .0 ||  .0 |  .0 |  .0 ||  .1154 |  .122 |  .0 |
|  .0 |  .0 |  .0 ||  .0 |  .0 |  .0 ||  .1262 |  .1575 |  .0 |
|  .0 |  .0 |  .0 ||  .0 |  .0 |  .0 ||  .1763 |  .1389 |  .1636 |
|========+========+========||========+========+========||========+========+========|
|  .0 |  .0 |  .0 ||  .0 |  .0 |  .0 ||  .0 |  .0 |  .0 |
|  .0 |  .0 |  .0 ||  .0 |  .0 |  .0 ||  .0 |  .0 |  .0 |
|  .0 |  .0 |  .0 ||  .0 |  .0 |  .0 ||  .0 |  .0 |  .0 |

, state=
|  0. |  0. |  0. || -1. |  0. | -1. || -1. |  0. |  0. |
|  0. |  1. |  0. ||  0. |  1. |  0. ||  1. |  0. |  1. |
|  0. |  1. |  1. ||  0. |  0. |  0. ||  0. |  0. |  1. |
|=====+=====+=====||=====+=====+=====||=====+=====+=====|
|  0. |  0. | -1. ||  0. | -1. | -1. ||* 0. |* 0. |* 1. |
|  0. |  0. |  0. ||  0. |  0. |  0. ||* 0. |* 0. |*-1. |
| -1. |  0. |  0. ||  0. |  0. |  0. ||* 0. |* 0. |* 0. |
|=====+=====+=====||=====+=====+=====||=====+=====+=====|
|  0. |  1. |  0. ||  0. |  1. |  0. || -1. |  0. |  0. |
|  1. |  0. |  0. ||  0. |  0. |  0. ||  0. |  0. | -1. |
|  0. |  0. |  0. || -1. |  0. |  0. ||  0. |  0. |  0. |

, evalForThisState=-1.0, isPlayerOneTurnOriginally=true}, StateDatum{MCTSProbabilites=
|  .0 |  .0 |  .0 ||  .0 |  .0 |  .0 ||  .0 |  .0 |  .0 |
|  .0 |  .0 |  .0 ||  .0 |  .0 |  .0 ||  .0 |  .0 |  .0 |
|  .0 |  .0 |  .0 ||  .0 |  .0 |  .0 ||  .0 |  .0 |  .0 |
|========+========+========||========+========+========||========+========+========|
|  .0 |  .0 |  .0 ||  .0 |  .0 |  .0 ||  .0 |  .0 |  .0 |
|  .0 |  .0 |  .0 ||  .0 |  .0 |  .0 ||  .0 |  .0 |  .0 |
|  .0 |  .0 |  .0 ||  .0 |  .0 |  .0 ||  .0 |  .0 |  .0 |
|========+========+========||========+========+========||========+========+========|
|  .1525 |  .0 |  .1445 ||  .0 |  .0 |  .0 ||  .0 |  .0 |  .0 |
|  .0 |  .1343 |  .141 ||  .0 |  .0 |  .0 ||  .0 |  .0 |  .0 |
|  .1447 |  .1432 |  .1398 ||  .0 |  .0 |  .0 ||  .0 |  .0 |  .0 |

, state=
| -0. | -0. | -0. ||  1. | -0. |  1. ||  1. | -0. | -0. |
| -0. | -1. | -0. || -0. | -1. | -0. || -1. | -0. | -1. |
| -0. | -1. | -1. || -0. | -0. | -0. || -0. | -0. | -1. |
|=====+=====+=====||=====+=====+=====||=====+=====+=====|
| -0. | -0. |  1. || -0. |  1. |  1. || -0. | -0. | -1. |
| -0. | -0. | -0. || -0. | -0. | -0. || -0. | -0. |  1. |
|  1. | -0. | -0. || -0. | -0. | -0. || -1. | -0. | -0. |
|=====+=====+=====||=====+=====+=====||=====+=====+=====|
|*-0. |*-1. |*-0. || -0. | -1. | -0. ||  1. | -0. | -0. |
|*-1. |*-0. |*-0. || -0. | -0. | -0. || -0. | -0. |  1. |
|*-0. |*-0. |*-0. ||  1. | -0. | -0. || -0. | -0. | -0. |

, evalForThisState=1.0, isPlayerOneTurnOriginally=false}, StateDatum{MCTSProbabilites=
|  .0929 |  .1504 |  .1374 ||  .0 |  .0 |  .0 ||  .0 |  .0 |  .0 |
|  .1842 |  .0 |  .2365 ||  .0 |  .0 |  .0 ||  .0 |  .0 |  .0 |
|  .1986 |  .0 |  .0 ||  .0 |  .0 |  .0 ||  .0 |  .0 |  .0 |
|========+========+========||========+========+========||========+========+========|
|  .0 |  .0 |  .0 ||  .0 |  .0 |  .0 ||  .0 |  .0 |  .0 |
|  .0 |  .0 |  .0 ||  .0 |  .0 |  .0 ||  .0 |  .0 |  .0 |
|  .0 |  .0 |  .0 ||  .0 |  .0 |  .0 ||  .0 |  .0 |  .0 |
|========+========+========||========+========+========||========+========+========|
|  .0 |  .0 |  .0 ||  .0 |  .0 |  .0 ||  .0 |  .0 |  .0 |
|  .0 |  .0 |  .0 ||  .0 |  .0 |  .0 ||  .0 |  .0 |  .0 |
|  .0 |  .0 |  .0 ||  .0 |  .0 |  .0 ||  .0 |  .0 |  .0 |

, state=
|* 0. |* 0. |* 0. || -1. |  0. | -1. || -1. |  0. |  0. |
|* 0. |* 1. |* 0. ||  0. |  1. |  0. ||  1. |  0. |  1. |
|* 0. |* 1. |* 1. ||  0. |  0. |  0. ||  0. |  0. |  1. |
|=====+=====+=====||=====+=====+=====||=====+=====+=====|
|  0. |  0. | -1. ||  0. | -1. | -1. ||  0. |  0. |  1. |
|  0. |  0. |  0. ||  0. |  0. |  0. ||  0. |  0. | -1. |
| -1. |  0. |  0. ||  0. |  0. |  0. ||  1. |  0. |  0. |
|=====+=====+=====||=====+=====+=====||=====+=====+=====|
| -1. |  1. |  0. ||  0. |  1. |  0. || -1. |  0. |  0. |
|  1. |  0. |  0. ||  0. |  0. |  0. ||  0. |  0. | -1. |
|  0. |  0. |  0. || -1. |  0. |  0. ||  0. |  0. |  0. |

, evalForThisState=-1.0, isPlayerOneTurnOriginally=true}, StateDatum{MCTSProbabilites=
|  .0 |  .0 |  .0 ||  .0 |  .0 |  .0 ||  .0 |  .0 |  .0 |
|  .0 |  .0 |  .0 ||  .0 |  .0 |  .0 ||  .0 |  .0 |  .0 |
|  .0 |  .0 |  .0 ||  .0 |  .0 |  .0 ||  .0 |  .0 |  .0 |
|========+========+========||========+========+========||========+========+========|
|  .0 |  .0 |  .0 ||  .0 |  .0 |  .0 ||  .0906 |  .1108 |  .0 |
|  .0 |  .0 |  .0 ||  .0 |  .0 |  .0 ||  .1621 |  .377 |  .0 |
|  .0 |  .0 |  .0 ||  .0 |  .0 |  .0 ||  .0 |  .1131 |  .1463 |
|========+========+========||========+========+========||========+========+========|
|  .0 |  .0 |  .0 ||  .0 |  .0 |  .0 ||  .0 |  .0 |  .0 |
|  .0 |  .0 |  .0 ||  .0 |  .0 |  .0 ||  .0 |  .0 |  .0 |
|  .0 |  .0 |  .0 ||  .0 |  .0 |  .0 ||  .0 |  .0 |  .0 |

, state=
| -0. | -0. | -0. ||  1. | -0. |  1. ||  1. | -0. | -0. |
| -0. | -1. | -1. || -0. | -1. | -0. || -1. | -0. | -1. |
| -0. | -1. | -1. || -0. | -0. | -0. || -0. | -0. | -1. |
|=====+=====+=====||=====+=====+=====||=====+=====+=====|
| -0. | -0. |  1. || -0. |  1. |  1. ||*-0. |*-0. |*-1. |
| -0. | -0. | -0. || -0. | -0. | -0. ||*-0. |*-0. |* 1. |
|  1. | -0. | -0. || -0. | -0. | -0. ||*-1. |*-0. |*-0. |
|=====+=====+=====||=====+=====+=====||=====+=====+=====|
|  1. | -1. | -0. || -0. | -1. | -0. ||  1. | -0. | -0. |
| -1. | -0. | -0. || -0. | -0. | -0. || -0. | -0. |  1. |
| -0. | -0. | -0. ||  1. | -0. | -0. || -0. | -0. | -0. |

, evalForThisState=1.0, isPlayerOneTurnOriginally=false}, StateDatum{MCTSProbabilites=
|  .0 |  .0 |  .0 ||  .0 |  .0 |  .0 ||  .0 |  .0 |  .0 |
|  .0 |  .0 |  .0 ||  .0 |  .0 |  .0 ||  .0 |  .0 |  .0 |
|  .0 |  .0 |  .0 ||  .0 |  .0 |  .0 ||  .0 |  .0 |  .0 |
|========+========+========||========+========+========||========+========+========|
|  .0 |  .0 |  .0 ||  .1079 |  .0 |  .0 ||  .0 |  .0 |  .0 |
|  .0 |  .0 |  .0 ||  .1651 |  .04 |  .191 ||  .0 |  .0 |  .0 |
|  .0 |  .0 |  .0 ||  .154 |  .1508 |  .1912 ||  .0 |  .0 |  .0 |
|========+========+========||========+========+========||========+========+========|
|  .0 |  .0 |  .0 ||  .0 |  .0 |  .0 ||  .0 |  .0 |  .0 |
|  .0 |  .0 |  .0 ||  .0 |  .0 |  .0 ||  .0 |  .0 |  .0 |
|  .0 |  .0 |  .0 ||  .0 |  .0 |  .0 ||  .0 |  .0 |  .0 |

, state=
|  0. |  0. |  0. || -1. |  0. | -1. || -1. |  0. |  0. |
|  0. |  1. |  1. ||  0. |  1. |  0. ||  1. |  0. |  1. |
|  0. |  1. |  1. ||  0. |  0. |  0. ||  0. |  0. |  1. |
|=====+=====+=====||=====+=====+=====||=====+=====+=====|
|  0. |  0. | -1. ||* 0. |*-1. |*-1. ||  0. |  0. |  1. |
|  0. |  0. |  0. ||* 0. |* 0. |* 0. ||  0. | -1. | -1. |
| -1. |  0. |  0. ||* 0. |* 0. |* 0. ||  1. |  0. |  0. |
|=====+=====+=====||=====+=====+=====||=====+=====+=====|
| -1. |  1. |  0. ||  0. |  1. |  0. || -1. |  0. |  0. |
|  1. |  0. |  0. ||  0. |  0. |  0. ||  0. |  0. | -1. |
|  0. |  0. |  0. || -1. |  0. |  0. ||  0. |  0. |  0. |

, evalForThisState=-1.0, isPlayerOneTurnOriginally=true}, StateDatum{MCTSProbabilites=
|  .0 |  .0 |  .0 ||  .0 |  .0 |  .0 ||  .0 |  .0 |  .0 |
|  .0 |  .0 |  .0 ||  .0 |  .0 |  .0 ||  .0 |  .0 |  .0 |
|  .0 |  .0 |  .0 ||  .0 |  .0 |  .0 ||  .0 |  .0 |  .0 |
|========+========+========||========+========+========||========+========+========|
|  .0 |  .0 |  .0 ||  .0 |  .0 |  .0 ||  .0 |  .0 |  .0 |
|  .0 |  .0 |  .0 ||  .0 |  .0 |  .0 ||  .0 |  .0 |  .0 |
|  .0 |  .0 |  .0 ||  .0 |  .0 |  .0 ||  .0 |  .0 |  .0 |
|========+========+========||========+========+========||========+========+========|
|  .0 |  .0 |  .0 ||  .0 |  .0 |  .0 ||  .0 |  .1257 |  .0923 |
|  .0 |  .0 |  .0 ||  .0 |  .0 |  .0 ||  .1378 |  .0879 |  .0 |
|  .0 |  .0 |  .0 ||  .0 |  .0 |  .0 ||  .0954 |  .226 |  .235 |

, state=
| -0. | -0. | -0. ||  1. | -0. |  1. ||  1. | -0. | -0. |
| -0. | -1. | -1. || -0. | -1. | -0. || -1. | -0. | -1. |
| -0. | -1. | -1. || -0. | -0. | -0. || -0. | -0. | -1. |
|=====+=====+=====||=====+=====+=====||=====+=====+=====|
| -0. | -0. |  1. || -0. |  1. |  1. || -0. | -0. | -1. |
| -0. | -0. | -0. || -0. | -0. | -0. || -0. |  1. |  1. |
|  1. | -0. | -0. || -0. | -0. | -1. || -1. | -0. | -0. |
|=====+=====+=====||=====+=====+=====||=====+=====+=====|
|  1. | -1. | -0. || -0. | -1. | -0. ||* 1. |*-0. |*-0. |
| -1. | -0. | -0. || -0. | -0. | -0. ||*-0. |*-0. |* 1. |
| -0. | -0. | -0. ||  1. | -0. | -0. ||*-0. |*-0. |*-0. |

, evalForThisState=1.0, isPlayerOneTurnOriginally=false}, StateDatum{MCTSProbabilites=
|  .0 |  .0 |  .0 ||  .0 |  .0 |  .0 ||  .0 |  .0 |  .0 |
|  .0 |  .0 |  .0 ||  .0 |  .0 |  .0 ||  .0 |  .0 |  .0 |
|  .0 |  .0 |  .0 ||  .0 |  .0 |  .0 ||  .0 |  .0 |  .0 |
|========+========+========||========+========+========||========+========+========|
|  .0 |  .0 |  .0 ||  .0 |  .0 |  .0 ||  .0 |  .0 |  .0 |
|  .0 |  .0 |  .0 ||  .0 |  .0 |  .0 ||  .0 |  .0 |  .0 |
|  .0 |  .0 |  .0 ||  .0 |  .0 |  .0 ||  .0 |  .0 |  .0 |
|========+========+========||========+========+========||========+========+========|
|  .0 |  .0 |  .0 ||  .0 |  .0 |  .0 ||  .0 |  .1211 |  .1065 |
|  .0 |  .0 |  .0 ||  .0 |  .0 |  .0 ||  .1257 |  .0941 |  .0 |
|  .0 |  .0 |  .0 ||  .0 |  .0 |  .0 ||  .1435 |  .4091 |  .0 |

, state=
|  0. |  0. |  0. || -1. |  0. | -1. || -1. |  0. |  0. |
|  0. |  1. |  1. ||  0. |  1. |  0. ||  1. |  0. |  1. |
|  0. |  1. |  1. ||  0. |  0. |  0. ||  0. |  0. |  1. |
|=====+=====+=====||=====+=====+=====||=====+=====+=====|
|  0. |  0. | -1. ||  0. | -1. | -1. ||  0. |  0. |  1. |
|  0. |  0. |  0. ||  0. |  0. |  0. ||  0. | -1. | -1. |
| -1. |  0. |  0. ||  0. |  0. |  1. ||  1. |  0. |  0. |
|=====+=====+=====||=====+=====+=====||=====+=====+=====|
| -1. |  1. |  0. ||  0. |  1. |  0. ||*-1. |* 0. |* 0. |
|  1. |  0. |  0. ||  0. |  0. |  0. ||* 0. |* 0. |*-1. |
|  0. |  0. |  0. || -1. |  0. |  0. ||* 0. |* 0. |*-1. |

, evalForThisState=-1.0, isPlayerOneTurnOriginally=true}, StateDatum{MCTSProbabilites=
|  .0 |  .0 |  .0 ||  .0 |  .0 |  .0 ||  .0 |  .0 |  .0 |
|  .0 |  .0 |  .0 ||  .0 |  .0 |  .0 ||  .0 |  .0 |  .0 |
|  .0 |  .0 |  .0 ||  .0 |  .0 |  .0 ||  .0 |  .0 |  .0 |
|========+========+========||========+========+========||========+========+========|
|  .0 |  .0 |  .0 ||  .0 |  .0 |  .0 ||  .0 |  .0 |  .0 |
|  .0 |  .0 |  .0 ||  .0 |  .0 |  .0 ||  .0 |  .0 |  .0 |
|  .0 |  .0 |  .0 ||  .0 |  .0 |  .0 ||  .0 |  .0 |  .0 |
|========+========+========||========+========+========||========+========+========|
|  .0 |  .0 |  .0 ||  .1067 |  .0 |  .1818 ||  .0 |  .0 |  .0 |
|  .0 |  .0 |  .0 ||  .1997 |  .0903 |  .176 ||  .0 |  .0 |  .0 |
|  .0 |  .0 |  .0 ||  .0 |  .2189 |  .0266 ||  .0 |  .0 |  .0 |

, state=
| -0. | -0. | -0. ||  1. | -0. |  1. ||  1. | -0. | -0. |
| -0. | -1. | -1. || -0. | -1. | -0. || -1. | -0. | -1. |
| -0. | -1. | -1. || -0. | -0. | -0. || -0. | -0. | -1. |
|=====+=====+=====||=====+=====+=====||=====+=====+=====|
| -0. | -0. |  1. || -0. |  1. |  1. || -0. | -0. | -1. |
| -0. | -0. | -0. || -0. | -0. | -0. || -0. |  1. |  1. |
|  1. | -0. | -0. || -0. | -0. | -1. || -1. | -0. | -0. |
|=====+=====+=====||=====+=====+=====||=====+=====+=====|
|  1. | -1. | -0. ||*-0. |*-1. |*-0. ||  1. | -0. | -0. |
| -1. | -0. | -0. ||*-0. |*-0. |*-0. || -0. | -0. |  1. |
| -0. | -0. | -0. ||* 1. |*-0. |*-0. || -0. | -1. |  1. |

, evalForThisState=1.0, isPlayerOneTurnOriginally=false}, StateDatum{MCTSProbabilites=
|  .0 |  .0 |  .0 ||  .0 |  .0 |  .0 ||  .0 |  .0 |  .0 |
|  .0 |  .0 |  .0 ||  .0 |  .0 |  .0 ||  .0 |  .0 |  .0 |
|  .0 |  .0 |  .0 ||  .0 |  .0 |  .0 ||  .0 |  .0 |  .0 |
|========+========+========||========+========+========||========+========+========|
|  .0 |  .0 |  .0 ||  .0 |  .0 |  .0 ||  .0 |  .0 |  .0 |
|  .0 |  .0 |  .0 ||  .0 |  .0 |  .0 ||  .0 |  .0 |  .0 |
|  .0 |  .0 |  .0 ||  .0 |  .0 |  .0 ||  .0 |  .0 |  .0 |
|========+========+========||========+========+========||========+========+========|
|  .0 |  .0 |  .0 ||  .1451 |  .0 |  .1315 ||  .0 |  .0 |  .0 |
|  .0 |  .0 |  .0 ||  .1833 |  .2112 |  .0826 ||  .0 |  .0 |  .0 |
|  .0 |  .0 |  .0 ||  .0 |  .0 |  .2463 ||  .0 |  .0 |  .0 |

, state=
|  0. |  0. |  0. || -1. |  0. | -1. || -1. |  0. |  0. |
|  0. |  1. |  1. ||  0. |  1. |  0. ||  1. |  0. |  1. |
|  0. |  1. |  1. ||  0. |  0. |  0. ||  0. |  0. |  1. |
|=====+=====+=====||=====+=====+=====||=====+=====+=====|
|  0. |  0. | -1. ||  0. | -1. | -1. ||  0. |  0. |  1. |
|  0. |  0. |  0. ||  0. |  0. |  0. ||  0. | -1. | -1. |
| -1. |  0. |  0. ||  0. |  0. |  1. ||  1. |  0. |  0. |
|=====+=====+=====||=====+=====+=====||=====+=====+=====|
| -1. |  1. |  0. ||* 0. |* 1. |* 0. || -1. |  0. |  0. |
|  1. |  0. |  0. ||* 0. |* 0. |* 0. ||  0. |  0. | -1. |
|  0. |  0. |  0. ||*-1. |*-1. |* 0. ||  0. |  1. | -1. |

, evalForThisState=-1.0, isPlayerOneTurnOriginally=true}, StateDatum{MCTSProbabilites=
|  .0 |  .0 |  .0 ||  .0 |  .0 |  .0 ||  .0 |  .0 |  .0 |
|  .0 |  .0 |  .0 ||  .0 |  .0 |  .0 ||  .0 |  .0 |  .0 |
|  .0 |  .0 |  .0 ||  .0 |  .0 |  .0 ||  .0 |  .0 |  .0 |
|========+========+========||========+========+========||========+========+========|
|  .0 |  .0 |  .0 ||  .0 |  .0 |  .0 ||  .0 |  .0 |  .0 |
|  .0 |  .0 |  .0 ||  .0 |  .0 |  .0 ||  .0 |  .0 |  .0 |
|  .0 |  .0 |  .0 ||  .0 |  .0 |  .0 ||  .0 |  .0 |  .0 |
|========+========+========||========+========+========||========+========+========|
|  .0 |  .0 |  .0 ||  .0 |  .0 |  .0 ||  .0 |  .1684 |  .2967 |
|  .0 |  .0 |  .0 ||  .0 |  .0 |  .0 ||  .1539 |  .1273 |  .0 |
|  .0 |  .0 |  .0 ||  .0 |  .0 |  .0 ||  .2537 |  .0 |  .0 |

, state=
| -0. | -0. | -0. ||  1. | -0. |  1. ||  1. | -0. | -0. |
| -0. | -1. | -1. || -0. | -1. | -0. || -1. | -0. | -1. |
| -0. | -1. | -1. || -0. | -0. | -0. || -0. | -0. | -1. |
|=====+=====+=====||=====+=====+=====||=====+=====+=====|
| -0. | -0. |  1. || -0. |  1. |  1. || -0. | -0. | -1. |
| -0. | -0. | -0. || -0. | -0. | -0. || -0. |  1. |  1. |
|  1. | -0. | -0. || -0. | -0. | -1. || -1. | -0. | -0. |
|=====+=====+=====||=====+=====+=====||=====+=====+=====|
|  1. | -1. | -0. || -0. | -1. | -0. ||* 1. |*-0. |*-0. |
| -1. | -0. | -0. || -0. | -0. | -0. ||*-0. |*-0. |* 1. |
| -0. | -0. | -0. ||  1. |  1. | -1. ||*-0. |*-1. |* 1. |

, evalForThisState=1.0, isPlayerOneTurnOriginally=false}, StateDatum{MCTSProbabilites=
|  .0 |  .0 |  .0 ||  .0 |  .0 |  .0 ||  .0 |  .194 |  .1343 |
|  .0 |  .0 |  .0 ||  .0 |  .0 |  .0 ||  .0 |  .1815 |  .0 |
|  .0 |  .0 |  .0 ||  .0 |  .0 |  .0 ||  .239 |  .2512 |  .0 |
|========+========+========||========+========+========||========+========+========|
|  .0 |  .0 |  .0 ||  .0 |  .0 |  .0 ||  .0 |  .0 |  .0 |
|  .0 |  .0 |  .0 ||  .0 |  .0 |  .0 ||  .0 |  .0 |  .0 |
|  .0 |  .0 |  .0 ||  .0 |  .0 |  .0 ||  .0 |  .0 |  .0 |
|========+========+========||========+========+========||========+========+========|
|  .0 |  .0 |  .0 ||  .0 |  .0 |  .0 ||  .0 |  .0 |  .0 |
|  .0 |  .0 |  .0 ||  .0 |  .0 |  .0 ||  .0 |  .0 |  .0 |
|  .0 |  .0 |  .0 ||  .0 |  .0 |  .0 ||  .0 |  .0 |  .0 |

, state=
|  0. |  0. |  0. || -1. |  0. | -1. ||*-1. |* 0. |* 0. |
|  0. |  1. |  1. ||  0. |  1. |  0. ||* 1. |* 0. |* 1. |
|  0. |  1. |  1. ||  0. |  0. |  0. ||* 0. |* 0. |* 1. |
|=====+=====+=====||=====+=====+=====||=====+=====+=====|
|  0. |  0. | -1. ||  0. | -1. | -1. ||  0. |  0. |  1. |
|  0. |  0. |  0. ||  0. |  0. |  0. ||  0. | -1. | -1. |
| -1. |  0. |  0. ||  0. |  0. |  1. ||  1. |  0. |  0. |
|=====+=====+=====||=====+=====+=====||=====+=====+=====|
| -1. |  1. |  0. ||  0. |  1. |  0. || -1. |  0. | -1. |
|  1. |  0. |  0. ||  0. |  0. |  0. ||  0. |  0. | -1. |
|  0. |  0. |  0. || -1. | -1. |  1. ||  0. |  1. | -1. |

, evalForThisState=-1.0, isPlayerOneTurnOriginally=true}, StateDatum{MCTSProbabilites=
|  .0 |  .0 |  .0 ||  .0 |  .0 |  .0 ||  .0 |  .0 |  .0 |
|  .0 |  .0 |  .0 ||  .0 |  .0 |  .0 ||  .0 |  .0 |  .0 |
|  .0 |  .0 |  .0 ||  .0 |  .0 |  .0 ||  .0 |  .0 |  .0 |
|========+========+========||========+========+========||========+========+========|
|  .0 |  .0 |  .0 ||  .0 |  .0 |  .0 ||  .0 |  .0 |  .0 |
|  .0 |  .0 |  .0 ||  .0 |  .0 |  .0 ||  .0 |  .0 |  .0 |
|  .0 |  .0 |  .0 ||  .0 |  .0 |  .0 ||  .0 |  .0 |  .0 |
|========+========+========||========+========+========||========+========+========|
|  .0 |  .0 |  .0 ||  .2397 |  .0 |  .1591 ||  .0 |  .0 |  .0 |
|  .0 |  .0 |  .0 ||  .2124 |  .2374 |  .1514 ||  .0 |  .0 |  .0 |
|  .0 |  .0 |  .0 ||  .0 |  .0 |  .0 ||  .0 |  .0 |  .0 |

, state=
| -0. | -0. | -0. ||  1. | -0. |  1. ||  1. | -0. | -0. |
| -0. | -1. | -1. || -0. | -1. | -0. || -1. | -0. | -1. |
| -0. | -1. | -1. || -0. | -0. | -0. || -0. | -1. | -1. |
|=====+=====+=====||=====+=====+=====||=====+=====+=====|
| -0. | -0. |  1. || -0. |  1. |  1. || -0. | -0. | -1. |
| -0. | -0. | -0. || -0. | -0. | -0. || -0. |  1. |  1. |
|  1. | -0. | -0. || -0. | -0. | -1. || -1. | -0. | -0. |
|=====+=====+=====||=====+=====+=====||=====+=====+=====|
|  1. | -1. | -0. ||*-0. |*-1. |*-0. ||  1. | -0. |  1. |
| -1. | -0. | -0. ||*-0. |*-0. |*-0. || -0. | -0. |  1. |
| -0. | -0. | -0. ||* 1. |* 1. |*-1. || -0. | -1. |  1. |

, evalForThisState=1.0, isPlayerOneTurnOriginally=false}, StateDatum{MCTSProbabilites=
|  .1355 |  .1529 |  .2206 ||  .0 |  .0 |  .0 ||  .0 |  .0 |  .0 |
|  .1187 |  .0 |  .0 ||  .0 |  .0 |  .0 ||  .0 |  .0 |  .0 |
|  .3723 |  .0 |  .0 ||  .0 |  .0 |  .0 ||  .0 |  .0 |  .0 |
|========+========+========||========+========+========||========+========+========|
|  .0 |  .0 |  .0 ||  .0 |  .0 |  .0 ||  .0 |  .0 |  .0 |
|  .0 |  .0 |  .0 ||  .0 |  .0 |  .0 ||  .0 |  .0 |  .0 |
|  .0 |  .0 |  .0 ||  .0 |  .0 |  .0 ||  .0 |  .0 |  .0 |
|========+========+========||========+========+========||========+========+========|
|  .0 |  .0 |  .0 ||  .0 |  .0 |  .0 ||  .0 |  .0 |  .0 |
|  .0 |  .0 |  .0 ||  .0 |  .0 |  .0 ||  .0 |  .0 |  .0 |
|  .0 |  .0 |  .0 ||  .0 |  .0 |  .0 ||  .0 |  .0 |  .0 |

, state=
|* 0. |* 0. |* 0. || -1. |  0. | -1. || -1. |  0. |  0. |
|* 0. |* 1. |* 1. ||  0. |  1. |  0. ||  1. |  0. |  1. |
|* 0. |* 1. |* 1. ||  0. |  0. |  0. ||  0. |  1. |  1. |
|=====+=====+=====||=====+=====+=====||=====+=====+=====|
|  0. |  0. | -1. ||  0. | -1. | -1. ||  0. |  0. |  1. |
|  0. |  0. |  0. ||  0. |  0. |  0. ||  0. | -1. | -1. |
| -1. |  0. |  0. ||  0. |  0. |  1. ||  1. |  0. |  0. |
|=====+=====+=====||=====+=====+=====||=====+=====+=====|
| -1. |  1. |  0. || -1. |  1. |  0. || -1. |  0. | -1. |
|  1. |  0. |  0. ||  0. |  0. |  0. ||  0. |  0. | -1. |
|  0. |  0. |  0. || -1. | -1. |  1. ||  0. |  1. | -1. |

, evalForThisState=-1.0, isPlayerOneTurnOriginally=true}, StateDatum{MCTSProbabilites=
|  .0 |  .0 |  .0 ||  .0 |  .0 |  .0 ||  .0 |  .0 |  .0 |
|  .0 |  .0 |  .0 ||  .0 |  .0 |  .0 ||  .0 |  .0 |  .0 |
|  .0 |  .0 |  .0 ||  .0 |  .0 |  .0 ||  .0 |  .0 |  .0 |
|========+========+========||========+========+========||========+========+========|
|  .0 |  .0 |  .0 ||  .0 |  .0 |  .0 ||  .0 |  .0 |  .0 |
|  .0 |  .0 |  .0 ||  .0 |  .0 |  .0 ||  .0 |  .0 |  .0 |
|  .0 |  .0 |  .0 ||  .0 |  .0 |  .0 ||  .0 |  .0 |  .0 |
|========+========+========||========+========+========||========+========+========|
|  .0 |  .0 |  .2243 ||  .0 |  .0 |  .0 ||  .0 |  .0 |  .0 |
|  .0 |  .0933 |  .1165 ||  .0 |  .0 |  .0 ||  .0 |  .0 |  .0 |
|  .0889 |  .124 |  .3529 ||  .0 |  .0 |  .0 ||  .0 |  .0 |  .0 |

, state=
| -0. | -0. | -0. ||  1. | -0. |  1. ||  1. | -0. | -0. |
| -0. | -1. | -1. || -0. | -1. | -0. || -1. | -0. | -1. |
| -1. | -1. | -1. || -0. | -0. | -0. || -0. | -1. | -1. |
|=====+=====+=====||=====+=====+=====||=====+=====+=====|
| -0. | -0. |  1. || -0. |  1. |  1. || -0. | -0. | -1. |
| -0. | -0. | -0. || -0. | -0. | -0. || -0. |  1. |  1. |
|  1. | -0. | -0. || -0. | -0. | -1. || -1. | -0. | -0. |
|=====+=====+=====||=====+=====+=====||=====+=====+=====|
|* 1. |*-1. |*-0. ||  1. | -1. | -0. ||  1. | -0. |  1. |
|*-1. |*-0. |*-0. || -0. | -0. | -0. || -0. | -0. |  1. |
|*-0. |*-0. |*-0. ||  1. |  1. | -1. || -0. | -1. |  1. |

, evalForThisState=1.0, isPlayerOneTurnOriginally=false}, StateDatum{MCTSProbabilites=
|  .0 |  .0 |  .0 ||  .0 |  .0226 |  .0 ||  .0 |  .0182 |  .0341 |
|  .0 |  .0 |  .0 ||  .0299 |  .0 |  .0333 ||  .0 |  .0116 |  .0 |
|  .0 |  .0 |  .0 ||  .0266 |  .0392 |  .0257 ||  .0394 |  .0 |  .0 |
|========+========+========||========+========+========||========+========+========|
|  .0289 |  .0228 |  .0 ||  .0335 |  .0 |  .0 ||  .067 |  .0179 |  .0 |
|  .0167 |  .0213 |  .0295 ||  .0238 |  .055 |  .0214 ||  .0276 |  .0 |  .0 |
|  .0 |  .0225 |  .0389 ||  .0376 |  .0057 |  .0 ||  .0 |  .0099 |  .037 |
|========+========+========||========+========+========||========+========+========|
|  .0 |  .0 |  .0335 ||  .0 |  .0 |  .0321 ||  .0 |  .0 |  .0 |
|  .0 |  .0259 |  .029 ||  .0191 |  .0177 |  .0226 ||  .0 |  .0 |  .0 |
|  .0128 |  .0098 |  .0 ||  .0 |  .0 |  .0 ||  .0 |  .0 |  .0 |

, state=
|  0. |  0. |  0. ||*-1. |* 0. |*-1. ||*-1. |* 0. |* 0. |
|  0. |  1. |  1. ||* 0. |* 1. |* 0. ||* 1. |* 0. |* 1. |
|  1. |  1. |  1. ||* 0. |* 0. |* 0. ||* 0. |* 1. |* 1. |
|=====+=====+=====||=====+=====+=====||=====+=====+=====|
|* 0. |* 0. |*-1. ||* 0. |*-1. |*-1. ||* 0. |* 0. |* 1. |
|* 0. |* 0. |* 0. ||* 0. |* 0. |* 0. ||* 0. |*-1. |*-1. |
|*-1. |* 0. |* 0. ||* 0. |* 0. |* 1. ||* 1. |* 0. |* 0. |
|=====+=====+=====||=====+=====+=====||=====+=====+=====|
|*-1. |* 1. |* 0. ||*-1. |* 1. |* 0. || -1. |  0. | -1. |
|* 1. |* 0. |* 0. ||* 0. |* 0. |* 0. ||  0. |  0. | -1. |
|* 0. |* 0. |*-1. ||*-1. |*-1. |* 1. ||  0. |  1. | -1. |

, evalForThisState=-1.0, isPlayerOneTurnOriginally=true}, StateDatum{MCTSProbabilites=
|  .0 |  .0 |  .0 ||  .0 |  .023 |  .0 ||  .0 |  .016 |  .0299 |
|  .0 |  .0 |  .0 ||  .0071 |  .0 |  .024 ||  .0 |  .0114 |  .0 |
|  .0 |  .0 |  .0 ||  .0089 |  .0257 |  .0271 ||  .0422 |  .0 |  .0 |
|========+========+========||========+========+========||========+========+========|
|  .03 |  .0288 |  .0 ||  .013 |  .0 |  .0 ||  .0 |  .0523 |  .0 |
|  .0359 |  .0223 |  .0382 ||  .009 |  .0434 |  .0277 ||  .0109 |  .0 |  .0 |
|  .0 |  .0291 |  .0293 ||  .0357 |  .0265 |  .0 ||  .0 |  .0207 |  .0275 |
|========+========+========||========+========+========||========+========+========|
|  .0 |  .0 |  .0227 ||  .0 |  .0 |  .0159 ||  .0 |  .0 |  .0 |
|  .0 |  .0746 |  .0376 ||  .0768 |  .0118 |  .0207 ||  .0 |  .0 |  .0 |
|  .0227 |  .0218 |  .0 ||  .0 |  .0 |  .0 ||  .0 |  .0 |  .0 |

, state=
| -0. | -0. | -0. ||* 1. |*-0. |* 1. ||* 1. |*-0. |*-0. |
| -0. | -1. | -1. ||*-0. |*-1. |*-0. ||*-1. |*-0. |*-1. |
| -1. | -1. | -1. ||*-0. |*-0. |*-0. ||*-0. |*-1. |*-1. |
|=====+=====+=====||=====+=====+=====||=====+=====+=====|
|*-0. |*-0. |* 1. ||*-0. |* 1. |* 1. ||*-1. |*-0. |*-1. |
|*-0. |*-0. |*-0. ||*-0. |*-0. |*-0. ||*-0. |* 1. |* 1. |
|* 1. |*-0. |*-0. ||*-0. |*-0. |*-1. ||*-1. |*-0. |*-0. |
|=====+=====+=====||=====+=====+=====||=====+=====+=====|
|* 1. |*-1. |*-0. ||* 1. |*-1. |*-0. ||  1. | -0. |  1. |
|*-1. |*-0. |*-0. ||*-0. |*-0. |*-0. || -0. | -0. |  1. |
|*-0. |*-0. |* 1. ||* 1. |* 1. |*-1. || -0. | -1. |  1. |

, evalForThisState=1.0, isPlayerOneTurnOriginally=false}, StateDatum{MCTSProbabilites=
|  .0 |  .0 |  .0 ||  .0 |  .0 |  .0 ||  .0 |  .0 |  .0 |
|  .0 |  .0 |  .0 ||  .0 |  .0 |  .0 ||  .0 |  .0 |  .0 |
|  .0 |  .0 |  .0 ||  .0 |  .0 |  .0 ||  .0 |  .0 |  .0 |
|========+========+========||========+========+========||========+========+========|
|  .0009 |  .311 |  .0 ||  .0 |  .0 |  .0 ||  .0 |  .0 |  .0 |
|  .2298 |  .0497 |  .4058 ||  .0 |  .0 |  .0 ||  .0 |  .0 |  .0 |
|  .0 |  .0015 |  .0013 ||  .0 |  .0 |  .0 ||  .0 |  .0 |  .0 |
|========+========+========||========+========+========||========+========+========|
|  .0 |  .0 |  .0 ||  .0 |  .0 |  .0 ||  .0 |  .0 |  .0 |
|  .0 |  .0 |  .0 ||  .0 |  .0 |  .0 ||  .0 |  .0 |  .0 |
|  .0 |  .0 |  .0 ||  .0 |  .0 |  .0 ||  .0 |  .0 |  .0 |

, state=
|  0. |  0. |  0. || -1. |  0. | -1. || -1. |  0. |  0. |
|  0. |  1. |  1. ||  0. |  1. |  0. ||  1. |  0. |  1. |
|  1. |  1. |  1. ||  0. |  0. |  0. ||  0. |  1. |  1. |
|=====+=====+=====||=====+=====+=====||=====+=====+=====|
|* 0. |* 0. |*-1. ||  0. | -1. | -1. ||  1. |  0. |  1. |
|* 0. |* 0. |* 0. ||  0. |  0. |  0. ||  0. | -1. | -1. |
|*-1. |* 0. |* 0. ||  0. |  0. |  1. ||  1. |  0. |  0. |
|=====+=====+=====||=====+=====+=====||=====+=====+=====|
| -1. |  1. |  0. || -1. |  1. |  0. || -1. |  0. | -1. |
|  1. |  0. |  0. || -1. |  0. |  0. ||  0. |  0. | -1. |
|  0. |  0. | -1. || -1. | -1. |  1. ||  0. |  1. | -1. |

, evalForThisState=-1.0, isPlayerOneTurnOriginally=true}, StateDatum{MCTSProbabilites=
|  .0 |  .0 |  .0 ||  .0 |  .0 |  .0 ||  .0 |  .0 |  .0 |
|  .0 |  .0 |  .0 ||  .0 |  .0 |  .0 ||  .0 |  .0 |  .0 |
|  .0 |  .0 |  .0 ||  .0 |  .0 |  .0 ||  .0 |  .0 |  .0 |
|========+========+========||========+========+========||========+========+========|
|  .0 |  .0 |  .0 ||  .0 |  .0 |  .0 ||  .0 |  .0005 |  .0 |
|  .0 |  .0 |  .0 ||  .0 |  .0 |  .0 ||  .9971 |  .0 |  .0 |
|  .0 |  .0 |  .0 ||  .0 |  .0 |  .0 ||  .0 |  .0004 |  .002 |
|========+========+========||========+========+========||========+========+========|
|  .0 |  .0 |  .0 ||  .0 |  .0 |  .0 ||  .0 |  .0 |  .0 |
|  .0 |  .0 |  .0 ||  .0 |  .0 |  .0 ||  .0 |  .0 |  .0 |
|  .0 |  .0 |  .0 ||  .0 |  .0 |  .0 ||  .0 |  .0 |  .0 |

, state=
| -0. | -0. | -0. ||  1. | -0. |  1. ||  1. | -0. | -0. |
| -0. | -1. | -1. || -0. | -1. | -0. || -1. | -0. | -1. |
| -1. | -1. | -1. || -0. | -0. | -0. || -0. | -1. | -1. |
|=====+=====+=====||=====+=====+=====||=====+=====+=====|
| -0. | -0. |  1. || -0. |  1. |  1. ||*-1. |*-0. |*-1. |
| -0. | -0. | -1. || -0. | -0. | -0. ||*-0. |* 1. |* 1. |
|  1. | -0. | -0. || -0. | -0. | -1. ||*-1. |*-0. |*-0. |
|=====+=====+=====||=====+=====+=====||=====+=====+=====|
|  1. | -1. | -0. ||  1. | -1. | -0. ||  1. | -0. |  1. |
| -1. | -0. | -0. ||  1. | -0. | -0. || -0. | -0. |  1. |
| -0. | -0. |  1. ||  1. |  1. | -1. || -0. | -1. |  1. |

, evalForThisState=1.0, isPlayerOneTurnOriginally=false}, StateDatum{MCTSProbabilites=
|  .0 |  .0 |  .0 ||  .0 |  .0 |  .0 ||  .0 |  .0 |  .0 |
|  .0 |  .0 |  .0 ||  .0 |  .0 |  .0 ||  .0 |  .0 |  .0 |
|  .0 |  .0 |  .0 ||  .0 |  .0 |  .0 ||  .0 |  .0 |  .0 |
|========+========+========||========+========+========||========+========+========|
|  .0004 |  .0115 |  .0 ||  .0 |  .0 |  .0 ||  .0 |  .0 |  .0 |
|  .9542 |  .0333 |  .0 ||  .0 |  .0 |  .0 ||  .0 |  .0 |  .0 |
|  .0 |  .0003 |  .0004 ||  .0 |  .0 |  .0 ||  .0 |  .0 |  .0 |
|========+========+========||========+========+========||========+========+========|
|  .0 |  .0 |  .0 ||  .0 |  .0 |  .0 ||  .0 |  .0 |  .0 |
|  .0 |  .0 |  .0 ||  .0 |  .0 |  .0 ||  .0 |  .0 |  .0 |
|  .0 |  .0 |  .0 ||  .0 |  .0 |  .0 ||  .0 |  .0 |  .0 |

, state=
|  0. |  0. |  0. || -1. |  0. | -1. || -1. |  0. |  0. |
|  0. |  1. |  1. ||  0. |  1. |  0. ||  1. |  0. |  1. |
|  1. |  1. |  1. ||  0. |  0. |  0. ||  0. |  1. |  1. |
|=====+=====+=====||=====+=====+=====||=====+=====+=====|
|* 0. |* 0. |*-1. ||  0. | -1. | -1. ||  1. |  0. |  1. |
|* 0. |* 0. |* 1. ||  0. |  0. |  0. || -1. | -1. | -1. |
|*-1. |* 0. |* 0. ||  0. |  0. |  1. ||  1. |  0. |  0. |
|=====+=====+=====||=====+=====+=====||=====+=====+=====|
| -1. |  1. |  0. || -1. |  1. |  0. || -1. |  0. | -1. |
|  1. |  0. |  0. || -1. |  0. |  0. ||  0. |  0. | -1. |
|  0. |  0. | -1. || -1. | -1. |  1. ||  0. |  1. | -1. |

, evalForThisState=-1.0, isPlayerOneTurnOriginally=true}, StateDatum{MCTSProbabilites=
|  .0 |  .0 |  .0 ||  .0 |  .0 |  .0 ||  .0 |  .0 |  .0 |
|  .0 |  .0 |  .0 ||  .0 |  .0 |  .0 ||  .0 |  .0 |  .0 |
|  .0 |  .0 |  .0 ||  .0 |  .0 |  .0 ||  .0 |  .0 |  .0 |
|========+========+========||========+========+========||========+========+========|
|  .0002 |  .0001 |  .0 ||  .0 |  .0 |  .0 ||  .0 |  .0 |  .0 |
|  .0 |  .9997 |  .0 ||  .0 |  .0 |  .0 ||  .0 |  .0 |  .0 |
|  .0 |  .0 |  .0 ||  .0 |  .0 |  .0 ||  .0 |  .0 |  .0 |
|========+========+========||========+========+========||========+========+========|
|  .0 |  .0 |  .0 ||  .0 |  .0 |  .0 ||  .0 |  .0 |  .0 |
|  .0 |  .0 |  .0 ||  .0 |  .0 |  .0 ||  .0 |  .0 |  .0 |
|  .0 |  .0 |  .0 ||  .0 |  .0 |  .0 ||  .0 |  .0 |  .0 |

, state=
| -0. | -0. | -0. ||  1. | -0. |  1. ||  1. | -0. | -0. |
| -0. | -1. | -1. || -0. | -1. | -0. || -1. | -0. | -1. |
| -1. | -1. | -1. || -0. | -0. | -0. || -0. | -1. | -1. |
|=====+=====+=====||=====+=====+=====||=====+=====+=====|
|*-0. |*-0. |* 1. || -0. |  1. |  1. || -1. | -0. | -1. |
|*-1. |*-0. |*-1. || -0. | -0. | -0. ||  1. |  1. |  1. |
|* 1. |*-0. |*-0. || -0. | -0. | -1. || -1. | -0. | -0. |
|=====+=====+=====||=====+=====+=====||=====+=====+=====|
|  1. | -1. | -0. ||  1. | -1. | -0. ||  1. | -0. |  1. |
| -1. | -0. | -0. ||  1. | -0. | -0. || -0. | -0. |  1. |
| -0. | -0. |  1. ||  1. |  1. | -1. || -0. | -1. |  1. |

, evalForThisState=1.0, isPlayerOneTurnOriginally=false}, StateDatum{MCTSProbabilites=
|  .0 |  .0 |  .0 ||  .0 |  .0 |  .0 ||  .0 |  .0 |  .0 |
|  .0 |  .0 |  .0 ||  .0 |  .0 |  .0 ||  .0 |  .0 |  .0 |
|  .0 |  .0 |  .0 ||  .0 |  .0 |  .0 ||  .0 |  .0 |  .0 |
|========+========+========||========+========+========||========+========+========|
|  .0 |  .0 |  .0 ||  .0001 |  .0 |  .0 ||  .0 |  .0 |  .0 |
|  .0 |  .0 |  .0 ||  .0001 |  .9952 |  .0001 ||  .0 |  .0 |  .0 |
|  .0 |  .0 |  .0 ||  .0045 |  .0001 |  .0 ||  .0 |  .0 |  .0 |
|========+========+========||========+========+========||========+========+========|
|  .0 |  .0 |  .0 ||  .0 |  .0 |  .0 ||  .0 |  .0 |  .0 |
|  .0 |  .0 |  .0 ||  .0 |  .0 |  .0 ||  .0 |  .0 |  .0 |
|  .0 |  .0 |  .0 ||  .0 |  .0 |  .0 ||  .0 |  .0 |  .0 |

, state=
|  0. |  0. |  0. || -1. |  0. | -1. || -1. |  0. |  0. |
|  0. |  1. |  1. ||  0. |  1. |  0. ||  1. |  0. |  1. |
|  1. |  1. |  1. ||  0. |  0. |  0. ||  0. |  1. |  1. |
|=====+=====+=====||=====+=====+=====||=====+=====+=====|
|  0. |  0. | -1. ||* 0. |*-1. |*-1. ||  1. |  0. |  1. |
|  1. | -1. |  1. ||* 0. |* 0. |* 0. || -1. | -1. | -1. |
| -1. |  0. |  0. ||* 0. |* 0. |* 1. ||  1. |  0. |  0. |
|=====+=====+=====||=====+=====+=====||=====+=====+=====|
| -1. |  1. |  0. || -1. |  1. |  0. || -1. |  0. | -1. |
|  1. |  0. |  0. || -1. |  0. |  0. ||  0. |  0. | -1. |
|  0. |  0. | -1. || -1. | -1. |  1. ||  0. |  1. | -1. |

, evalForThisState=-1.0, isPlayerOneTurnOriginally=true}, StateDatum{MCTSProbabilites=
|  .0 |  .0 |  .0 ||  .0 |  .0 |  .0 ||  .0 |  .0 |  .0 |
|  .0 |  .0 |  .0 ||  .0 |  .0 |  .0 ||  .0 |  .0 |  .0 |
|  .0 |  .0 |  .0 ||  .0 |  .0 |  .0 ||  .0 |  .0 |  .0 |
|========+========+========||========+========+========||========+========+========|
|  .0 |  .0 |  .0 ||  .9998 |  .0 |  .0 ||  .0 |  .0 |  .0 |
|  .0 |  .0 |  .0 ||  .0 |  .0 |  .0 ||  .0 |  .0 |  .0 |
|  .0 |  .0 |  .0 ||  .0 |  .0001 |  .0 ||  .0 |  .0 |  .0 |
|========+========+========||========+========+========||========+========+========|
|  .0 |  .0 |  .0 ||  .0 |  .0 |  .0 ||  .0 |  .0 |  .0 |
|  .0 |  .0 |  .0 ||  .0 |  .0 |  .0 ||  .0 |  .0 |  .0 |
|  .0 |  .0 |  .0 ||  .0 |  .0 |  .0 ||  .0 |  .0 |  .0 |

, state=
| -0. | -0. | -0. ||  1. | -0. |  1. ||  1. | -0. | -0. |
| -0. | -1. | -1. || -0. | -1. | -0. || -1. | -0. | -1. |
| -1. | -1. | -1. || -0. | -0. | -0. || -0. | -1. | -1. |
|=====+=====+=====||=====+=====+=====||=====+=====+=====|
| -0. | -0. |  1. ||*-0. |* 1. |* 1. || -1. | -0. | -1. |
| -1. |  1. | -1. ||*-0. |*-1. |*-0. ||  1. |  1. |  1. |
|  1. | -0. | -0. ||*-0. |*-0. |*-1. || -1. | -0. | -0. |
|=====+=====+=====||=====+=====+=====||=====+=====+=====|
|  1. | -1. | -0. ||  1. | -1. | -0. ||  1. | -0. |  1. |
| -1. | -0. | -0. ||  1. | -0. | -0. || -0. | -0. |  1. |
| -0. | -0. |  1. ||  1. |  1. | -1. || -0. | -1. |  1. |

, evalForThisState=1.0, isPlayerOneTurnOriginally=false}]
Value network data: 
===========INPUT===================
[[         0,         0,         0,  ...    1.0000,    1.0000,    1.0000], 
 [         0,         0,         0,  ...   -1.0000,   -1.0000,   -1.0000], 
 [         0,         0,         0,  ...   -1.0000,   -1.0000,   -1.0000], 
  ..., 
 [         0,         0,         0,  ...   -1.0000,   -1.0000,   -1.0000], 
 [         0,         0,         0,  ...   -1.0000,   -1.0000,   -1.0000], 
 [         0,         0,         0,  ...   -1.0000,   -1.0000,   -1.0000]]
=================OUTPUT==================
[[-1.0000], 
 [1.0000], 
 [-1.0000], 
 [1.0000], 
 [-1.0000], 
 [1.0000], 
 [-1.0000], 
 [1.0000], 
 [-1.0000], 
 [1.0000], 
 [-1.0000], 
 [1.0000], 
 [-1.0000], 
 [1.0000], 
 [-1.0000], 
 [1.0000], 
 [-1.0000], 
 [1.0000], 
 [-1.0000], 
 [1.0000], 
 [-1.0000], 
 [1.0000], 
 [-1.0000], 
 [1.0000], 
 [-1.0000], 
 [1.0000], 
 [-1.0000], 
 [1.0000], 
 [-1.0000], 
 [1.0000], 
 [-1.0000], 
 [1.0000], 
 [-1.0000], 
 [1.0000], 
 [-1.0000], 
 [1.0000], 
 [-1.0000], 
 [1.0000], 
 [-1.0000], 
 [1.0000], 
 [-1.0000], 
 [1.0000], 
 [-1.0000], 
 [1.0000]]
Policy network data: 
===========INPUT===================
[[         0,         0,         0,  ...    1.0000,    1.0000,    1.0000], 
 [         0,         0,         0,  ...   -1.0000,   -1.0000,   -1.0000], 
 [         0,         0,         0,  ...   -1.0000,   -1.0000,   -1.0000], 
  ..., 
 [         0,         0,         0,  ...   -1.0000,   -1.0000,   -1.0000], 
 [         0,         0,         0,  ...   -1.0000,   -1.0000,   -1.0000], 
 [         0,         0,         0,  ...   -1.0000,   -1.0000,   -1.0000]]
=================OUTPUT==================
[[    0.0158,    0.0101,    0.0099,  ...    0.0113,    0.0130,    0.0067], 
 [         0,         0,         0,  ...         0,         0,         0], 
 [    0.1533,    0.1164,    0.0911,  ...         0,         0,         0], 
  ..., 
 [         0,         0,         0,  ...         0,         0,         0], 
 [         0,         0,         0,  ...         0,         0,         0], 
 [         0,         0,         0,  ...         0,         0,         0]]
W:\Labs\ME\ME187-Fall2024\StudentFiles\CALEBHOTTES\UTTTstuff\data\series1\policy$series1,gameNum44$1729819381664.bin
Took: 1574 s to simulate game
Finished simulating game, see log at: W:\Labs\ME\ME187-Fall2024\StudentFiles\CALEBHOTTES\UTTTstuff\data\logs\series1\game44$1729812532457.log for details.
