Saving data to: W:\Labs\ME\ME187-Fall2024\StudentFiles\CALEBHOTTES\UTTTstuff\moreData\series1
Begin custom message: 
DataSeries: series1 Game submitted because inactive thread pool detected but completed game count not met consider changing game number, a task might have run into an error game number: 104 

Description: this data was generated on AWS app stream. The think time is doubled becase the clock speed is 2.5GHz. 

Evaluator config=EvaluatorConfiguration{cValue=2.0, maxRolloutDepth=1000, computeTime=60, threads=1, stupidity=0, allowForcePlay=false, maxMyCPU=false}
End custom message
Inital State: 

|* 0. |* 0. |* 0. ||* 0. |* 0. |* 0. ||* 0. |* 0. |* 0. |
|* 0. |* 0. |* 0. ||* 0. |* 0. |* 0. ||* 0. |* 0. |* 0. |
|* 0. |* 0. |* 0. ||* 0. |* 0. |* 0. ||* 0. |* 0. |* 0. |
|=====+=====+=====||=====+=====+=====||=====+=====+=====|
|* 0. |* 0. |* 0. ||* 0. |* 0. |* 0. ||* 0. |* 0. |* 0. |
|* 0. |* 0. |* 0. ||* 0. |* 0. |* 0. ||* 0. |* 0. |* 0. |
|* 0. |* 0. |* 0. ||* 0. |* 0. |* 0. ||* 0. |* 0. |* 0. |
|=====+=====+=====||=====+=====+=====||=====+=====+=====|
|* 0. |* 0. |* 0. ||* 0. |* 0. |* 0. ||* 0. |* 0. |* 0. |
|* 0. |* 0. |* 0. ||* 0. |* 0. |* 0. ||* 0. |* 0. |* 0. |
|* 0. |* 0. |* 0. ||* 0. |* 0. |* 0. ||* 0. |* 0. |* 0. |


state to eval, currenty is playerone turn=true

|* 0. |* 0. |* 0. ||* 0. |* 0. |* 0. ||* 0. |* 0. |* 0. |
|* 0. |* 0. |* 0. ||* 0. |* 0. |* 0. ||* 0. |* 0. |* 0. |
|* 0. |* 0. |* 0. ||* 0. |* 0. |* 0. ||* 0. |* 0. |* 0. |
|=====+=====+=====||=====+=====+=====||=====+=====+=====|
|* 0. |* 0. |* 0. ||* 0. |* 0. |* 0. ||* 0. |* 0. |* 0. |
|* 0. |* 0. |* 0. ||* 0. |* 0. |* 0. ||* 0. |* 0. |* 0. |
|* 0. |* 0. |* 0. ||* 0. |* 0. |* 0. ||* 0. |* 0. |* 0. |
|=====+=====+=====||=====+=====+=====||=====+=====+=====|
|* 0. |* 0. |* 0. ||* 0. |* 0. |* 0. ||* 0. |* 0. |* 0. |
|* 0. |* 0. |* 0. ||* 0. |* 0. |* 0. ||* 0. |* 0. |* 0. |
|* 0. |* 0. |* 0. ||* 0. |* 0. |* 0. ||* 0. |* 0. |* 0. |


current State

|  0. |  0. |  0. ||  0. |  0. |  0. ||* 0. |* 0. |* 0. |
|  0. |  0. |  0. ||  0. |  0. |  0. ||* 0. |* 0. |* 0. |
|  0. |  0. |  0. ||  0. |  0. |  0. ||* 0. |* 0. |* 0. |
|=====+=====+=====||=====+=====+=====||=====+=====+=====|
|  0. |  0. |  0. ||  0. |  0. |  0. ||  0. |  0. |  0. |
|  0. |  0. |  0. ||  0. |  0. |  0. ||  0. |  0. |  0. |
|  0. |  0. |  0. ||  0. |  0. |  0. ||  0. |  0. |  0. |
|=====+=====+=====||=====+=====+=====||=====+=====+=====|
|  0. |  0. |  0. ||  0. |  0. |  0. ||  0. |  0. |  1. |
|  0. |  0. |  0. ||  0. |  0. |  0. ||  0. |  0. |  0. |
|  0. |  0. |  0. ||  0. |  0. |  0. ||  0. |  0. |  0. |


state to eval, currenty is playerone turn=false

| -0. | -0. | -0. || -0. | -0. | -0. ||*-0. |*-0. |*-0. |
| -0. | -0. | -0. || -0. | -0. | -0. ||*-0. |*-0. |*-0. |
| -0. | -0. | -0. || -0. | -0. | -0. ||*-0. |*-0. |*-0. |
|=====+=====+=====||=====+=====+=====||=====+=====+=====|
| -0. | -0. | -0. || -0. | -0. | -0. || -0. | -0. | -0. |
| -0. | -0. | -0. || -0. | -0. | -0. || -0. | -0. | -0. |
| -0. | -0. | -0. || -0. | -0. | -0. || -0. | -0. | -0. |
|=====+=====+=====||=====+=====+=====||=====+=====+=====|
| -0. | -0. | -0. || -0. | -0. | -0. || -0. | -0. | -1. |
| -0. | -0. | -0. || -0. | -0. | -0. || -0. | -0. | -0. |
| -0. | -0. | -0. || -0. | -0. | -0. || -0. | -0. | -0. |


current State

|  0. |  0. |  0. ||  0. |  0. |  0. ||  0. |  0. |  0. |
|  0. |  0. |  0. ||  0. |  0. |  0. ||  0. |  0. |  0. |
|  0. |  0. |  0. ||  0. |  0. |  0. || -1. |  0. |  0. |
|=====+=====+=====||=====+=====+=====||=====+=====+=====|
|  0. |  0. |  0. ||  0. |  0. |  0. ||  0. |  0. |  0. |
|  0. |  0. |  0. ||  0. |  0. |  0. ||  0. |  0. |  0. |
|  0. |  0. |  0. ||  0. |  0. |  0. ||  0. |  0. |  0. |
|=====+=====+=====||=====+=====+=====||=====+=====+=====|
|* 0. |* 0. |* 0. ||  0. |  0. |  0. ||  0. |  0. |  1. |
|* 0. |* 0. |* 0. ||  0. |  0. |  0. ||  0. |  0. |  0. |
|* 0. |* 0. |* 0. ||  0. |  0. |  0. ||  0. |  0. |  0. |


state to eval, currenty is playerone turn=true

|  0. |  0. |  0. ||  0. |  0. |  0. ||  0. |  0. |  0. |
|  0. |  0. |  0. ||  0. |  0. |  0. ||  0. |  0. |  0. |
|  0. |  0. |  0. ||  0. |  0. |  0. || -1. |  0. |  0. |
|=====+=====+=====||=====+=====+=====||=====+=====+=====|
|  0. |  0. |  0. ||  0. |  0. |  0. ||  0. |  0. |  0. |
|  0. |  0. |  0. ||  0. |  0. |  0. ||  0. |  0. |  0. |
|  0. |  0. |  0. ||  0. |  0. |  0. ||  0. |  0. |  0. |
|=====+=====+=====||=====+=====+=====||=====+=====+=====|
|* 0. |* 0. |* 0. ||  0. |  0. |  0. ||  0. |  0. |  1. |
|* 0. |* 0. |* 0. ||  0. |  0. |  0. ||  0. |  0. |  0. |
|* 0. |* 0. |* 0. ||  0. |  0. |  0. ||  0. |  0. |  0. |


current State

|* 0. |* 0. |* 0. ||  0. |  0. |  0. ||  0. |  0. |  0. |
|* 0. |* 0. |* 0. ||  0. |  0. |  0. ||  0. |  0. |  0. |
|* 0. |* 0. |* 0. ||  0. |  0. |  0. || -1. |  0. |  0. |
|=====+=====+=====||=====+=====+=====||=====+=====+=====|
|  0. |  0. |  0. ||  0. |  0. |  0. ||  0. |  0. |  0. |
|  0. |  0. |  0. ||  0. |  0. |  0. ||  0. |  0. |  0. |
|  0. |  0. |  0. ||  0. |  0. |  0. ||  0. |  0. |  0. |
|=====+=====+=====||=====+=====+=====||=====+=====+=====|
|  1. |  0. |  0. ||  0. |  0. |  0. ||  0. |  0. |  1. |
|  0. |  0. |  0. ||  0. |  0. |  0. ||  0. |  0. |  0. |
|  0. |  0. |  0. ||  0. |  0. |  0. ||  0. |  0. |  0. |


state to eval, currenty is playerone turn=false

|*-0. |*-0. |*-0. || -0. | -0. | -0. || -0. | -0. | -0. |
|*-0. |*-0. |*-0. || -0. | -0. | -0. || -0. | -0. | -0. |
|*-0. |*-0. |*-0. || -0. | -0. | -0. ||  1. | -0. | -0. |
|=====+=====+=====||=====+=====+=====||=====+=====+=====|
| -0. | -0. | -0. || -0. | -0. | -0. || -0. | -0. | -0. |
| -0. | -0. | -0. || -0. | -0. | -0. || -0. | -0. | -0. |
| -0. | -0. | -0. || -0. | -0. | -0. || -0. | -0. | -0. |
|=====+=====+=====||=====+=====+=====||=====+=====+=====|
| -1. | -0. | -0. || -0. | -0. | -0. || -0. | -0. | -1. |
| -0. | -0. | -0. || -0. | -0. | -0. || -0. | -0. | -0. |
| -0. | -0. | -0. || -0. | -0. | -0. || -0. | -0. | -0. |


current State

|  0. |  0. |  0. ||  0. |  0. |  0. ||  0. |  0. |  0. |
|  0. |  0. |  0. ||  0. |  0. |  0. ||  0. |  0. |  0. |
|  0. |  0. | -1. ||  0. |  0. |  0. || -1. |  0. |  0. |
|=====+=====+=====||=====+=====+=====||=====+=====+=====|
|  0. |  0. |  0. ||  0. |  0. |  0. ||  0. |  0. |  0. |
|  0. |  0. |  0. ||  0. |  0. |  0. ||  0. |  0. |  0. |
|  0. |  0. |  0. ||  0. |  0. |  0. ||  0. |  0. |  0. |
|=====+=====+=====||=====+=====+=====||=====+=====+=====|
|  1. |  0. |  0. ||  0. |  0. |  0. ||* 0. |* 0. |* 1. |
|  0. |  0. |  0. ||  0. |  0. |  0. ||* 0. |* 0. |* 0. |
|  0. |  0. |  0. ||  0. |  0. |  0. ||* 0. |* 0. |* 0. |


state to eval, currenty is playerone turn=true

|  0. |  0. |  0. ||  0. |  0. |  0. ||  0. |  0. |  0. |
|  0. |  0. |  0. ||  0. |  0. |  0. ||  0. |  0. |  0. |
|  0. |  0. | -1. ||  0. |  0. |  0. || -1. |  0. |  0. |
|=====+=====+=====||=====+=====+=====||=====+=====+=====|
|  0. |  0. |  0. ||  0. |  0. |  0. ||  0. |  0. |  0. |
|  0. |  0. |  0. ||  0. |  0. |  0. ||  0. |  0. |  0. |
|  0. |  0. |  0. ||  0. |  0. |  0. ||  0. |  0. |  0. |
|=====+=====+=====||=====+=====+=====||=====+=====+=====|
|  1. |  0. |  0. ||  0. |  0. |  0. ||* 0. |* 0. |* 1. |
|  0. |  0. |  0. ||  0. |  0. |  0. ||* 0. |* 0. |* 0. |
|  0. |  0. |  0. ||  0. |  0. |  0. ||* 0. |* 0. |* 0. |


current State

|  0. |  0. |  0. ||  0. |  0. |  0. ||  0. |  0. |  0. |
|  0. |  0. |  0. ||  0. |  0. |  0. ||  0. |  0. |  0. |
|  0. |  0. | -1. ||  0. |  0. |  0. || -1. |  0. |  0. |
|=====+=====+=====||=====+=====+=====||=====+=====+=====|
|  0. |  0. |  0. ||  0. |  0. |  0. ||  0. |  0. |  0. |
|  0. |  0. |  0. ||  0. |  0. |  0. ||  0. |  0. |  0. |
|  0. |  0. |  0. ||  0. |  0. |  0. ||  0. |  0. |  0. |
|=====+=====+=====||=====+=====+=====||=====+=====+=====|
|  1. |  0. |  0. ||* 0. |* 0. |* 0. ||  0. |  0. |  1. |
|  0. |  0. |  0. ||* 0. |* 0. |* 0. ||  0. |  0. |  0. |
|  0. |  0. |  0. ||* 0. |* 0. |* 0. ||  0. |  1. |  0. |


state to eval, currenty is playerone turn=false

| -0. | -0. | -0. || -0. | -0. | -0. || -0. | -0. | -0. |
| -0. | -0. | -0. || -0. | -0. | -0. || -0. | -0. | -0. |
| -0. | -0. |  1. || -0. | -0. | -0. ||  1. | -0. | -0. |
|=====+=====+=====||=====+=====+=====||=====+=====+=====|
| -0. | -0. | -0. || -0. | -0. | -0. || -0. | -0. | -0. |
| -0. | -0. | -0. || -0. | -0. | -0. || -0. | -0. | -0. |
| -0. | -0. | -0. || -0. | -0. | -0. || -0. | -0. | -0. |
|=====+=====+=====||=====+=====+=====||=====+=====+=====|
| -1. | -0. | -0. ||*-0. |*-0. |*-0. || -0. | -0. | -1. |
| -0. | -0. | -0. ||*-0. |*-0. |*-0. || -0. | -0. | -0. |
| -0. | -0. | -0. ||*-0. |*-0. |*-0. || -0. | -1. | -0. |


current State

|  0. |  0. |  0. ||  0. |  0. |  0. ||  0. |  0. |  0. |
|  0. |  0. |  0. ||  0. |  0. |  0. ||  0. |  0. |  0. |
|  0. |  0. | -1. ||  0. |  0. |  0. || -1. |  0. |  0. |
|=====+=====+=====||=====+=====+=====||=====+=====+=====|
|  0. |  0. |  0. ||  0. |  0. |  0. ||  0. |  0. |  0. |
|  0. |  0. |  0. ||  0. |  0. |  0. ||  0. |  0. |  0. |
|  0. |  0. |  0. ||  0. |  0. |  0. ||  0. |  0. |  0. |
|=====+=====+=====||=====+=====+=====||=====+=====+=====|
|  1. |  0. |  0. ||  0. |  0. |  0. ||* 0. |* 0. |* 1. |
|  0. |  0. |  0. ||  0. |  0. |  0. ||* 0. |* 0. |* 0. |
|  0. |  0. |  0. ||  0. |  0. | -1. ||* 0. |* 1. |* 0. |


state to eval, currenty is playerone turn=true

|  0. |  0. |  0. ||  0. |  0. |  0. ||  0. |  0. |  0. |
|  0. |  0. |  0. ||  0. |  0. |  0. ||  0. |  0. |  0. |
|  0. |  0. | -1. ||  0. |  0. |  0. || -1. |  0. |  0. |
|=====+=====+=====||=====+=====+=====||=====+=====+=====|
|  0. |  0. |  0. ||  0. |  0. |  0. ||  0. |  0. |  0. |
|  0. |  0. |  0. ||  0. |  0. |  0. ||  0. |  0. |  0. |
|  0. |  0. |  0. ||  0. |  0. |  0. ||  0. |  0. |  0. |
|=====+=====+=====||=====+=====+=====||=====+=====+=====|
|  1. |  0. |  0. ||  0. |  0. |  0. ||* 0. |* 0. |* 1. |
|  0. |  0. |  0. ||  0. |  0. |  0. ||* 0. |* 0. |* 0. |
|  0. |  0. |  0. ||  0. |  0. | -1. ||* 0. |* 1. |* 0. |


current State

|  0. |  0. |  0. ||* 0. |* 0. |* 0. ||  0. |  0. |  0. |
|  0. |  0. |  0. ||* 0. |* 0. |* 0. ||  0. |  0. |  0. |
|  0. |  0. | -1. ||* 0. |* 0. |* 0. || -1. |  0. |  0. |
|=====+=====+=====||=====+=====+=====||=====+=====+=====|
|  0. |  0. |  0. ||  0. |  0. |  0. ||  0. |  0. |  0. |
|  0. |  0. |  0. ||  0. |  0. |  0. ||  0. |  0. |  0. |
|  0. |  0. |  0. ||  0. |  0. |  0. ||  0. |  0. |  0. |
|=====+=====+=====||=====+=====+=====||=====+=====+=====|
|  1. |  0. |  0. ||  0. |  0. |  0. ||  0. |  1. |  1. |
|  0. |  0. |  0. ||  0. |  0. |  0. ||  0. |  0. |  0. |
|  0. |  0. |  0. ||  0. |  0. | -1. ||  0. |  1. |  0. |


state to eval, currenty is playerone turn=false

| -0. | -0. | -0. ||*-0. |*-0. |*-0. || -0. | -0. | -0. |
| -0. | -0. | -0. ||*-0. |*-0. |*-0. || -0. | -0. | -0. |
| -0. | -0. |  1. ||*-0. |*-0. |*-0. ||  1. | -0. | -0. |
|=====+=====+=====||=====+=====+=====||=====+=====+=====|
| -0. | -0. | -0. || -0. | -0. | -0. || -0. | -0. | -0. |
| -0. | -0. | -0. || -0. | -0. | -0. || -0. | -0. | -0. |
| -0. | -0. | -0. || -0. | -0. | -0. || -0. | -0. | -0. |
|=====+=====+=====||=====+=====+=====||=====+=====+=====|
| -1. | -0. | -0. || -0. | -0. | -0. || -0. | -1. | -1. |
| -0. | -0. | -0. || -0. | -0. | -0. || -0. | -0. | -0. |
| -0. | -0. | -0. || -0. | -0. |  1. || -0. | -1. | -0. |


current State

|* 0. |* 0. |* 0. || -1. |  0. |  0. ||  0. |  0. |  0. |
|* 0. |* 0. |* 0. ||  0. |  0. |  0. ||  0. |  0. |  0. |
|* 0. |* 0. |*-1. ||  0. |  0. |  0. || -1. |  0. |  0. |
|=====+=====+=====||=====+=====+=====||=====+=====+=====|
|  0. |  0. |  0. ||  0. |  0. |  0. ||  0. |  0. |  0. |
|  0. |  0. |  0. ||  0. |  0. |  0. ||  0. |  0. |  0. |
|  0. |  0. |  0. ||  0. |  0. |  0. ||  0. |  0. |  0. |
|=====+=====+=====||=====+=====+=====||=====+=====+=====|
|  1. |  0. |  0. ||  0. |  0. |  0. ||  0. |  1. |  1. |
|  0. |  0. |  0. ||  0. |  0. |  0. ||  0. |  0. |  0. |
|  0. |  0. |  0. ||  0. |  0. | -1. ||  0. |  1. |  0. |


state to eval, currenty is playerone turn=true

|* 0. |* 0. |* 0. || -1. |  0. |  0. ||  0. |  0. |  0. |
|* 0. |* 0. |* 0. ||  0. |  0. |  0. ||  0. |  0. |  0. |
|* 0. |* 0. |*-1. ||  0. |  0. |  0. || -1. |  0. |  0. |
|=====+=====+=====||=====+=====+=====||=====+=====+=====|
|  0. |  0. |  0. ||  0. |  0. |  0. ||  0. |  0. |  0. |
|  0. |  0. |  0. ||  0. |  0. |  0. ||  0. |  0. |  0. |
|  0. |  0. |  0. ||  0. |  0. |  0. ||  0. |  0. |  0. |
|=====+=====+=====||=====+=====+=====||=====+=====+=====|
|  1. |  0. |  0. ||  0. |  0. |  0. ||  0. |  1. |  1. |
|  0. |  0. |  0. ||  0. |  0. |  0. ||  0. |  0. |  0. |
|  0. |  0. |  0. ||  0. |  0. | -1. ||  0. |  1. |  0. |


current State

|  0. |  0. |  0. || -1. |  0. |  0. ||  0. |  0. |  0. |
|  0. |  0. |  0. ||  0. |  0. |  0. ||  0. |  0. |  0. |
|  0. |  1. | -1. ||  0. |  0. |  0. || -1. |  0. |  0. |
|=====+=====+=====||=====+=====+=====||=====+=====+=====|
|  0. |  0. |  0. ||  0. |  0. |  0. ||  0. |  0. |  0. |
|  0. |  0. |  0. ||  0. |  0. |  0. ||  0. |  0. |  0. |
|  0. |  0. |  0. ||  0. |  0. |  0. ||  0. |  0. |  0. |
|=====+=====+=====||=====+=====+=====||=====+=====+=====|
|  1. |  0. |  0. ||* 0. |* 0. |* 0. ||  0. |  1. |  1. |
|  0. |  0. |  0. ||* 0. |* 0. |* 0. ||  0. |  0. |  0. |
|  0. |  0. |  0. ||* 0. |* 0. |*-1. ||  0. |  1. |  0. |


state to eval, currenty is playerone turn=false

| -0. | -0. | -0. ||  1. | -0. | -0. || -0. | -0. | -0. |
| -0. | -0. | -0. || -0. | -0. | -0. || -0. | -0. | -0. |
| -0. | -1. |  1. || -0. | -0. | -0. ||  1. | -0. | -0. |
|=====+=====+=====||=====+=====+=====||=====+=====+=====|
| -0. | -0. | -0. || -0. | -0. | -0. || -0. | -0. | -0. |
| -0. | -0. | -0. || -0. | -0. | -0. || -0. | -0. | -0. |
| -0. | -0. | -0. || -0. | -0. | -0. || -0. | -0. | -0. |
|=====+=====+=====||=====+=====+=====||=====+=====+=====|
| -1. | -0. | -0. ||*-0. |*-0. |*-0. || -0. | -1. | -1. |
| -0. | -0. | -0. ||*-0. |*-0. |*-0. || -0. | -0. | -0. |
| -0. | -0. | -0. ||*-0. |*-0. |* 1. || -0. | -1. | -0. |


current State

|  0. |  0. |  0. || -1. |  0. |  0. ||  0. |  0. |  0. |
|  0. |  0. |  0. ||  0. |  0. |  0. ||  0. |  0. |  0. |
|  0. |  1. | -1. ||  0. |  0. |  0. || -1. |  0. |  0. |
|=====+=====+=====||=====+=====+=====||=====+=====+=====|
|  0. |  0. |  0. ||* 0. |* 0. |* 0. ||  0. |  0. |  0. |
|  0. |  0. |  0. ||* 0. |* 0. |* 0. ||  0. |  0. |  0. |
|  0. |  0. |  0. ||* 0. |* 0. |* 0. ||  0. |  0. |  0. |
|=====+=====+=====||=====+=====+=====||=====+=====+=====|
|  1. |  0. |  0. ||  0. |  0. |  0. ||  0. |  1. |  1. |
|  0. |  0. |  0. ||  0. | -1. |  0. ||  0. |  0. |  0. |
|  0. |  0. |  0. ||  0. |  0. | -1. ||  0. |  1. |  0. |


state to eval, currenty is playerone turn=true

|  0. |  0. |  0. || -1. |  0. |  0. ||  0. |  0. |  0. |
|  0. |  0. |  0. ||  0. |  0. |  0. ||  0. |  0. |  0. |
|  0. |  1. | -1. ||  0. |  0. |  0. || -1. |  0. |  0. |
|=====+=====+=====||=====+=====+=====||=====+=====+=====|
|  0. |  0. |  0. ||* 0. |* 0. |* 0. ||  0. |  0. |  0. |
|  0. |  0. |  0. ||* 0. |* 0. |* 0. ||  0. |  0. |  0. |
|  0. |  0. |  0. ||* 0. |* 0. |* 0. ||  0. |  0. |  0. |
|=====+=====+=====||=====+=====+=====||=====+=====+=====|
|  1. |  0. |  0. ||  0. |  0. |  0. ||  0. |  1. |  1. |
|  0. |  0. |  0. ||  0. | -1. |  0. ||  0. |  0. |  0. |
|  0. |  0. |  0. ||  0. |  0. | -1. ||  0. |  1. |  0. |


current State

|  0. |  0. |  0. || -1. |  0. |  0. ||  0. |  0. |  0. |
|  0. |  0. |  0. ||  0. |  0. |  0. ||  0. |  0. |  0. |
|  0. |  1. | -1. ||  0. |  0. |  0. || -1. |  0. |  0. |
|=====+=====+=====||=====+=====+=====||=====+=====+=====|
|  0. |  0. |  0. ||* 0. |* 0. |* 0. ||  0. |  0. |  0. |
|  0. |  0. |  0. ||* 0. |* 1. |* 0. ||  0. |  0. |  0. |
|  0. |  0. |  0. ||* 0. |* 0. |* 0. ||  0. |  0. |  0. |
|=====+=====+=====||=====+=====+=====||=====+=====+=====|
|  1. |  0. |  0. ||  0. |  0. |  0. ||  0. |  1. |  1. |
|  0. |  0. |  0. ||  0. | -1. |  0. ||  0. |  0. |  0. |
|  0. |  0. |  0. ||  0. |  0. | -1. ||  0. |  1. |  0. |


state to eval, currenty is playerone turn=false

| -0. | -0. | -0. ||  1. | -0. | -0. || -0. | -0. | -0. |
| -0. | -0. | -0. || -0. | -0. | -0. || -0. | -0. | -0. |
| -0. | -1. |  1. || -0. | -0. | -0. ||  1. | -0. | -0. |
|=====+=====+=====||=====+=====+=====||=====+=====+=====|
| -0. | -0. | -0. ||*-0. |*-0. |*-0. || -0. | -0. | -0. |
| -0. | -0. | -0. ||*-0. |*-1. |*-0. || -0. | -0. | -0. |
| -0. | -0. | -0. ||*-0. |*-0. |*-0. || -0. | -0. | -0. |
|=====+=====+=====||=====+=====+=====||=====+=====+=====|
| -1. | -0. | -0. || -0. | -0. | -0. || -0. | -1. | -1. |
| -0. | -0. | -0. || -0. |  1. | -0. || -0. | -0. | -0. |
| -0. | -0. | -0. || -0. | -0. |  1. || -0. | -1. | -0. |


current State

|  0. |  0. |  0. || -1. |  0. |  0. ||* 0. |* 0. |* 0. |
|  0. |  0. |  0. ||  0. |  0. |  0. ||* 0. |* 0. |* 0. |
|  0. |  1. | -1. ||  0. |  0. |  0. ||*-1. |* 0. |* 0. |
|=====+=====+=====||=====+=====+=====||=====+=====+=====|
|  0. |  0. |  0. ||  0. |  0. | -1. ||  0. |  0. |  0. |
|  0. |  0. |  0. ||  0. |  1. |  0. ||  0. |  0. |  0. |
|  0. |  0. |  0. ||  0. |  0. |  0. ||  0. |  0. |  0. |
|=====+=====+=====||=====+=====+=====||=====+=====+=====|
|  1. |  0. |  0. ||  0. |  0. |  0. ||  0. |  1. |  1. |
|  0. |  0. |  0. ||  0. | -1. |  0. ||  0. |  0. |  0. |
|  0. |  0. |  0. ||  0. |  0. | -1. ||  0. |  1. |  0. |


state to eval, currenty is playerone turn=true

|  0. |  0. |  0. || -1. |  0. |  0. ||* 0. |* 0. |* 0. |
|  0. |  0. |  0. ||  0. |  0. |  0. ||* 0. |* 0. |* 0. |
|  0. |  1. | -1. ||  0. |  0. |  0. ||*-1. |* 0. |* 0. |
|=====+=====+=====||=====+=====+=====||=====+=====+=====|
|  0. |  0. |  0. ||  0. |  0. | -1. ||  0. |  0. |  0. |
|  0. |  0. |  0. ||  0. |  1. |  0. ||  0. |  0. |  0. |
|  0. |  0. |  0. ||  0. |  0. |  0. ||  0. |  0. |  0. |
|=====+=====+=====||=====+=====+=====||=====+=====+=====|
|  1. |  0. |  0. ||  0. |  0. |  0. ||  0. |  1. |  1. |
|  0. |  0. |  0. ||  0. | -1. |  0. ||  0. |  0. |  0. |
|  0. |  0. |  0. ||  0. |  0. | -1. ||  0. |  1. |  0. |


current State

|  0. |  0. |  0. || -1. |  0. |  0. ||  0. |  0. |  0. |
|  0. |  0. |  0. ||  0. |  0. |  0. ||  0. |  1. |  0. |
|  0. |  1. | -1. ||  0. |  0. |  0. || -1. |  0. |  0. |
|=====+=====+=====||=====+=====+=====||=====+=====+=====|
|  0. |  0. |  0. ||* 0. |* 0. |*-1. ||  0. |  0. |  0. |
|  0. |  0. |  0. ||* 0. |* 1. |* 0. ||  0. |  0. |  0. |
|  0. |  0. |  0. ||* 0. |* 0. |* 0. ||  0. |  0. |  0. |
|=====+=====+=====||=====+=====+=====||=====+=====+=====|
|  1. |  0. |  0. ||  0. |  0. |  0. ||  0. |  1. |  1. |
|  0. |  0. |  0. ||  0. | -1. |  0. ||  0. |  0. |  0. |
|  0. |  0. |  0. ||  0. |  0. | -1. ||  0. |  1. |  0. |


state to eval, currenty is playerone turn=false

| -0. | -0. | -0. ||  1. | -0. | -0. || -0. | -0. | -0. |
| -0. | -0. | -0. || -0. | -0. | -0. || -0. | -1. | -0. |
| -0. | -1. |  1. || -0. | -0. | -0. ||  1. | -0. | -0. |
|=====+=====+=====||=====+=====+=====||=====+=====+=====|
| -0. | -0. | -0. ||*-0. |*-0. |* 1. || -0. | -0. | -0. |
| -0. | -0. | -0. ||*-0. |*-1. |*-0. || -0. | -0. | -0. |
| -0. | -0. | -0. ||*-0. |*-0. |*-0. || -0. | -0. | -0. |
|=====+=====+=====||=====+=====+=====||=====+=====+=====|
| -1. | -0. | -0. || -0. | -0. | -0. || -0. | -1. | -1. |
| -0. | -0. | -0. || -0. |  1. | -0. || -0. | -0. | -0. |
| -0. | -0. | -0. || -0. | -0. |  1. || -0. | -1. | -0. |


current State

|  0. |  0. |  0. || -1. |  0. |  0. ||  0. |  0. |  0. |
|  0. |  0. |  0. ||  0. |  0. |  0. ||  0. |  1. |  0. |
|  0. |  1. | -1. ||  0. |  0. |  0. || -1. |  0. |  0. |
|=====+=====+=====||=====+=====+=====||=====+=====+=====|
|* 0. |* 0. |* 0. ||  0. |  0. | -1. ||  0. |  0. |  0. |
|* 0. |* 0. |* 0. || -1. |  1. |  0. ||  0. |  0. |  0. |
|* 0. |* 0. |* 0. ||  0. |  0. |  0. ||  0. |  0. |  0. |
|=====+=====+=====||=====+=====+=====||=====+=====+=====|
|  1. |  0. |  0. ||  0. |  0. |  0. ||  0. |  1. |  1. |
|  0. |  0. |  0. ||  0. | -1. |  0. ||  0. |  0. |  0. |
|  0. |  0. |  0. ||  0. |  0. | -1. ||  0. |  1. |  0. |


state to eval, currenty is playerone turn=true

|  0. |  0. |  0. || -1. |  0. |  0. ||  0. |  0. |  0. |
|  0. |  0. |  0. ||  0. |  0. |  0. ||  0. |  1. |  0. |
|  0. |  1. | -1. ||  0. |  0. |  0. || -1. |  0. |  0. |
|=====+=====+=====||=====+=====+=====||=====+=====+=====|
|* 0. |* 0. |* 0. ||  0. |  0. | -1. ||  0. |  0. |  0. |
|* 0. |* 0. |* 0. || -1. |  1. |  0. ||  0. |  0. |  0. |
|* 0. |* 0. |* 0. ||  0. |  0. |  0. ||  0. |  0. |  0. |
|=====+=====+=====||=====+=====+=====||=====+=====+=====|
|  1. |  0. |  0. ||  0. |  0. |  0. ||  0. |  1. |  1. |
|  0. |  0. |  0. ||  0. | -1. |  0. ||  0. |  0. |  0. |
|  0. |  0. |  0. ||  0. |  0. | -1. ||  0. |  1. |  0. |


current State

|  0. |  0. |  0. || -1. |  0. |  0. ||* 0. |* 0. |* 0. |
|  0. |  0. |  0. ||  0. |  0. |  0. ||* 0. |* 1. |* 0. |
|  0. |  1. | -1. ||  0. |  0. |  0. ||*-1. |* 0. |* 0. |
|=====+=====+=====||=====+=====+=====||=====+=====+=====|
|  0. |  0. |  1. ||  0. |  0. | -1. ||  0. |  0. |  0. |
|  0. |  0. |  0. || -1. |  1. |  0. ||  0. |  0. |  0. |
|  0. |  0. |  0. ||  0. |  0. |  0. ||  0. |  0. |  0. |
|=====+=====+=====||=====+=====+=====||=====+=====+=====|
|  1. |  0. |  0. ||  0. |  0. |  0. ||  0. |  1. |  1. |
|  0. |  0. |  0. ||  0. | -1. |  0. ||  0. |  0. |  0. |
|  0. |  0. |  0. ||  0. |  0. | -1. ||  0. |  1. |  0. |


state to eval, currenty is playerone turn=false

| -0. | -0. | -0. ||  1. | -0. | -0. ||*-0. |*-0. |*-0. |
| -0. | -0. | -0. || -0. | -0. | -0. ||*-0. |*-1. |*-0. |
| -0. | -1. |  1. || -0. | -0. | -0. ||* 1. |*-0. |*-0. |
|=====+=====+=====||=====+=====+=====||=====+=====+=====|
| -0. | -0. | -1. || -0. | -0. |  1. || -0. | -0. | -0. |
| -0. | -0. | -0. ||  1. | -1. | -0. || -0. | -0. | -0. |
| -0. | -0. | -0. || -0. | -0. | -0. || -0. | -0. | -0. |
|=====+=====+=====||=====+=====+=====||=====+=====+=====|
| -1. | -0. | -0. || -0. | -0. | -0. || -0. | -1. | -1. |
| -0. | -0. | -0. || -0. |  1. | -0. || -0. | -0. | -0. |
| -0. | -0. | -0. || -0. | -0. |  1. || -0. | -1. | -0. |


current State

|  0. |  0. |  0. || -1. |  0. |  0. ||  0. |  0. |  0. |
|  0. |  0. |  0. ||  0. |  0. |  0. ||  0. |  1. | -1. |
|  0. |  1. | -1. ||  0. |  0. |  0. || -1. |  0. |  0. |
|=====+=====+=====||=====+=====+=====||=====+=====+=====|
|  0. |  0. |  1. ||  0. |  0. | -1. ||* 0. |* 0. |* 0. |
|  0. |  0. |  0. || -1. |  1. |  0. ||* 0. |* 0. |* 0. |
|  0. |  0. |  0. ||  0. |  0. |  0. ||* 0. |* 0. |* 0. |
|=====+=====+=====||=====+=====+=====||=====+=====+=====|
|  1. |  0. |  0. ||  0. |  0. |  0. ||  0. |  1. |  1. |
|  0. |  0. |  0. ||  0. | -1. |  0. ||  0. |  0. |  0. |
|  0. |  0. |  0. ||  0. |  0. | -1. ||  0. |  1. |  0. |


state to eval, currenty is playerone turn=true

|  0. |  0. |  0. || -1. |  0. |  0. ||  0. |  0. |  0. |
|  0. |  0. |  0. ||  0. |  0. |  0. ||  0. |  1. | -1. |
|  0. |  1. | -1. ||  0. |  0. |  0. || -1. |  0. |  0. |
|=====+=====+=====||=====+=====+=====||=====+=====+=====|
|  0. |  0. |  1. ||  0. |  0. | -1. ||* 0. |* 0. |* 0. |
|  0. |  0. |  0. || -1. |  1. |  0. ||* 0. |* 0. |* 0. |
|  0. |  0. |  0. ||  0. |  0. |  0. ||* 0. |* 0. |* 0. |
|=====+=====+=====||=====+=====+=====||=====+=====+=====|
|  1. |  0. |  0. ||  0. |  0. |  0. ||  0. |  1. |  1. |
|  0. |  0. |  0. ||  0. | -1. |  0. ||  0. |  0. |  0. |
|  0. |  0. |  0. ||  0. |  0. | -1. ||  0. |  1. |  0. |


current State

|  0. |  0. |  0. || -1. |  0. |  0. ||* 0. |* 0. |* 0. |
|  0. |  0. |  0. ||  0. |  0. |  0. ||* 0. |* 1. |*-1. |
|  0. |  1. | -1. ||  0. |  0. |  0. ||*-1. |* 0. |* 0. |
|=====+=====+=====||=====+=====+=====||=====+=====+=====|
|  0. |  0. |  1. ||  0. |  0. | -1. ||  0. |  0. |  1. |
|  0. |  0. |  0. || -1. |  1. |  0. ||  0. |  0. |  0. |
|  0. |  0. |  0. ||  0. |  0. |  0. ||  0. |  0. |  0. |
|=====+=====+=====||=====+=====+=====||=====+=====+=====|
|  1. |  0. |  0. ||  0. |  0. |  0. ||  0. |  1. |  1. |
|  0. |  0. |  0. ||  0. | -1. |  0. ||  0. |  0. |  0. |
|  0. |  0. |  0. ||  0. |  0. | -1. ||  0. |  1. |  0. |


state to eval, currenty is playerone turn=false

| -0. | -0. | -0. ||  1. | -0. | -0. ||*-0. |*-0. |*-0. |
| -0. | -0. | -0. || -0. | -0. | -0. ||*-0. |*-1. |* 1. |
| -0. | -1. |  1. || -0. | -0. | -0. ||* 1. |*-0. |*-0. |
|=====+=====+=====||=====+=====+=====||=====+=====+=====|
| -0. | -0. | -1. || -0. | -0. |  1. || -0. | -0. | -1. |
| -0. | -0. | -0. ||  1. | -1. | -0. || -0. | -0. | -0. |
| -0. | -0. | -0. || -0. | -0. | -0. || -0. | -0. | -0. |
|=====+=====+=====||=====+=====+=====||=====+=====+=====|
| -1. | -0. | -0. || -0. | -0. | -0. || -0. | -1. | -1. |
| -0. | -0. | -0. || -0. |  1. | -0. || -0. | -0. | -0. |
| -0. | -0. | -0. || -0. | -0. |  1. || -0. | -1. | -0. |


current State

|  0. |  0. |  0. || -1. |  0. |  0. ||  0. |  0. |  0. |
|  0. |  0. |  0. ||  0. |  0. |  0. || -1. |  1. | -1. |
|  0. |  1. | -1. ||  0. |  0. |  0. || -1. |  0. |  0. |
|=====+=====+=====||=====+=====+=====||=====+=====+=====|
|* 0. |* 0. |* 1. ||  0. |  0. | -1. ||  0. |  0. |  1. |
|* 0. |* 0. |* 0. || -1. |  1. |  0. ||  0. |  0. |  0. |
|* 0. |* 0. |* 0. ||  0. |  0. |  0. ||  0. |  0. |  0. |
|=====+=====+=====||=====+=====+=====||=====+=====+=====|
|  1. |  0. |  0. ||  0. |  0. |  0. ||  0. |  1. |  1. |
|  0. |  0. |  0. ||  0. | -1. |  0. ||  0. |  0. |  0. |
|  0. |  0. |  0. ||  0. |  0. | -1. ||  0. |  1. |  0. |


state to eval, currenty is playerone turn=true

|  0. |  0. |  0. || -1. |  0. |  0. ||  0. |  0. |  0. |
|  0. |  0. |  0. ||  0. |  0. |  0. || -1. |  1. | -1. |
|  0. |  1. | -1. ||  0. |  0. |  0. || -1. |  0. |  0. |
|=====+=====+=====||=====+=====+=====||=====+=====+=====|
|* 0. |* 0. |* 1. ||  0. |  0. | -1. ||  0. |  0. |  1. |
|* 0. |* 0. |* 0. || -1. |  1. |  0. ||  0. |  0. |  0. |
|* 0. |* 0. |* 0. ||  0. |  0. |  0. ||  0. |  0. |  0. |
|=====+=====+=====||=====+=====+=====||=====+=====+=====|
|  1. |  0. |  0. ||  0. |  0. |  0. ||  0. |  1. |  1. |
|  0. |  0. |  0. ||  0. | -1. |  0. ||  0. |  0. |  0. |
|  0. |  0. |  0. ||  0. |  0. | -1. ||  0. |  1. |  0. |


current State

|  0. |  0. |  0. || -1. |  0. |  0. ||  0. |  0. |  0. |
|  0. |  0. |  0. ||  0. |  0. |  0. || -1. |  1. | -1. |
|  0. |  1. | -1. ||  0. |  0. |  0. || -1. |  0. |  0. |
|=====+=====+=====||=====+=====+=====||=====+=====+=====|
|  0. |  0. |  1. ||  0. |  0. | -1. ||  0. |  0. |  1. |
|  0. |  0. |  0. || -1. |  1. |  0. ||  0. |  0. |  0. |
|  0. |  1. |  0. ||  0. |  0. |  0. ||  0. |  0. |  0. |
|=====+=====+=====||=====+=====+=====||=====+=====+=====|
|  1. |  0. |  0. ||* 0. |* 0. |* 0. ||  0. |  1. |  1. |
|  0. |  0. |  0. ||* 0. |*-1. |* 0. ||  0. |  0. |  0. |
|  0. |  0. |  0. ||* 0. |* 0. |*-1. ||  0. |  1. |  0. |


state to eval, currenty is playerone turn=false

| -0. | -0. | -0. ||  1. | -0. | -0. || -0. | -0. | -0. |
| -0. | -0. | -0. || -0. | -0. | -0. ||  1. | -1. |  1. |
| -0. | -1. |  1. || -0. | -0. | -0. ||  1. | -0. | -0. |
|=====+=====+=====||=====+=====+=====||=====+=====+=====|
| -0. | -0. | -1. || -0. | -0. |  1. || -0. | -0. | -1. |
| -0. | -0. | -0. ||  1. | -1. | -0. || -0. | -0. | -0. |
| -0. | -1. | -0. || -0. | -0. | -0. || -0. | -0. | -0. |
|=====+=====+=====||=====+=====+=====||=====+=====+=====|
| -1. | -0. | -0. ||*-0. |*-0. |*-0. || -0. | -1. | -1. |
| -0. | -0. | -0. ||*-0. |* 1. |*-0. || -0. | -0. | -0. |
| -0. | -0. | -0. ||*-0. |*-0. |* 1. || -0. | -1. | -0. |


current State

|  0. |  0. |  0. || -1. |  0. |  0. ||* 0. |* 0. |* 0. |
|  0. |  0. |  0. ||  0. |  0. |  0. ||*-1. |* 1. |*-1. |
|  0. |  1. | -1. ||  0. |  0. |  0. ||*-1. |* 0. |* 0. |
|=====+=====+=====||=====+=====+=====||=====+=====+=====|
|  0. |  0. |  1. ||  0. |  0. | -1. ||  0. |  0. |  1. |
|  0. |  0. |  0. || -1. |  1. |  0. ||  0. |  0. |  0. |
|  0. |  1. |  0. ||  0. |  0. |  0. ||  0. |  0. |  0. |
|=====+=====+=====||=====+=====+=====||=====+=====+=====|
|  1. |  0. |  0. ||  0. |  0. | -1. ||  0. |  1. |  1. |
|  0. |  0. |  0. ||  0. | -1. |  0. ||  0. |  0. |  0. |
|  0. |  0. |  0. ||  0. |  0. | -1. ||  0. |  1. |  0. |


state to eval, currenty is playerone turn=true

|  0. |  0. |  0. || -1. |  0. |  0. ||* 0. |* 0. |* 0. |
|  0. |  0. |  0. ||  0. |  0. |  0. ||*-1. |* 1. |*-1. |
|  0. |  1. | -1. ||  0. |  0. |  0. ||*-1. |* 0. |* 0. |
|=====+=====+=====||=====+=====+=====||=====+=====+=====|
|  0. |  0. |  1. ||  0. |  0. | -1. ||  0. |  0. |  1. |
|  0. |  0. |  0. || -1. |  1. |  0. ||  0. |  0. |  0. |
|  0. |  1. |  0. ||  0. |  0. |  0. ||  0. |  0. |  0. |
|=====+=====+=====||=====+=====+=====||=====+=====+=====|
|  1. |  0. |  0. ||  0. |  0. | -1. ||  0. |  1. |  1. |
|  0. |  0. |  0. ||  0. | -1. |  0. ||  0. |  0. |  0. |
|  0. |  0. |  0. ||  0. |  0. | -1. ||  0. |  1. |  0. |


current State

|  0. |  0. |  0. ||*-1. |* 0. |* 0. ||  0. |  1. |  0. |
|  0. |  0. |  0. ||* 0. |* 0. |* 0. || -1. |  1. | -1. |
|  0. |  1. | -1. ||* 0. |* 0. |* 0. || -1. |  0. |  0. |
|=====+=====+=====||=====+=====+=====||=====+=====+=====|
|  0. |  0. |  1. ||  0. |  0. | -1. ||  0. |  0. |  1. |
|  0. |  0. |  0. || -1. |  1. |  0. ||  0. |  0. |  0. |
|  0. |  1. |  0. ||  0. |  0. |  0. ||  0. |  0. |  0. |
|=====+=====+=====||=====+=====+=====||=====+=====+=====|
|  1. |  0. |  0. ||  0. |  0. | -1. ||  0. |  1. |  1. |
|  0. |  0. |  0. ||  0. | -1. |  0. ||  0. |  0. |  0. |
|  0. |  0. |  0. ||  0. |  0. | -1. ||  0. |  1. |  0. |


state to eval, currenty is playerone turn=false

| -0. | -0. | -0. ||* 1. |*-0. |*-0. || -0. | -1. | -0. |
| -0. | -0. | -0. ||*-0. |*-0. |*-0. ||  1. | -1. |  1. |
| -0. | -1. |  1. ||*-0. |*-0. |*-0. ||  1. | -0. | -0. |
|=====+=====+=====||=====+=====+=====||=====+=====+=====|
| -0. | -0. | -1. || -0. | -0. |  1. || -0. | -0. | -1. |
| -0. | -0. | -0. ||  1. | -1. | -0. || -0. | -0. | -0. |
| -0. | -1. | -0. || -0. | -0. | -0. || -0. | -0. | -0. |
|=====+=====+=====||=====+=====+=====||=====+=====+=====|
| -1. | -0. | -0. || -0. | -0. |  1. || -0. | -1. | -1. |
| -0. | -0. | -0. || -0. |  1. | -0. || -0. | -0. | -0. |
| -0. | -0. | -0. || -0. | -0. |  1. || -0. | -1. | -0. |


current State

|  0. |  0. |  0. || -1. |  0. | -1. ||* 0. |* 1. |* 0. |
|  0. |  0. |  0. ||  0. |  0. |  0. ||*-1. |* 1. |*-1. |
|  0. |  1. | -1. ||  0. |  0. |  0. ||*-1. |* 0. |* 0. |
|=====+=====+=====||=====+=====+=====||=====+=====+=====|
|  0. |  0. |  1. ||  0. |  0. | -1. ||  0. |  0. |  1. |
|  0. |  0. |  0. || -1. |  1. |  0. ||  0. |  0. |  0. |
|  0. |  1. |  0. ||  0. |  0. |  0. ||  0. |  0. |  0. |
|=====+=====+=====||=====+=====+=====||=====+=====+=====|
|  1. |  0. |  0. ||  0. |  0. | -1. ||  0. |  1. |  1. |
|  0. |  0. |  0. ||  0. | -1. |  0. ||  0. |  0. |  0. |
|  0. |  0. |  0. ||  0. |  0. | -1. ||  0. |  1. |  0. |


state to eval, currenty is playerone turn=true

|  0. |  0. |  0. || -1. |  0. | -1. ||* 0. |* 1. |* 0. |
|  0. |  0. |  0. ||  0. |  0. |  0. ||*-1. |* 1. |*-1. |
|  0. |  1. | -1. ||  0. |  0. |  0. ||*-1. |* 0. |* 0. |
|=====+=====+=====||=====+=====+=====||=====+=====+=====|
|  0. |  0. |  1. ||  0. |  0. | -1. ||  0. |  0. |  1. |
|  0. |  0. |  0. || -1. |  1. |  0. ||  0. |  0. |  0. |
|  0. |  1. |  0. ||  0. |  0. |  0. ||  0. |  0. |  0. |
|=====+=====+=====||=====+=====+=====||=====+=====+=====|
|  1. |  0. |  0. ||  0. |  0. | -1. ||  0. |  1. |  1. |
|  0. |  0. |  0. ||  0. | -1. |  0. ||  0. |  0. |  0. |
|  0. |  0. |  0. ||  0. |  0. | -1. ||  0. |  1. |  0. |


current State

|* 0. |* 0. |* 0. || -1. |  0. | -1. ||  1. |  1. |  0. |
|* 0. |* 0. |* 0. ||  0. |  0. |  0. || -1. |  1. | -1. |
|* 0. |* 1. |*-1. ||  0. |  0. |  0. || -1. |  0. |  0. |
|=====+=====+=====||=====+=====+=====||=====+=====+=====|
|  0. |  0. |  1. ||  0. |  0. | -1. ||  0. |  0. |  1. |
|  0. |  0. |  0. || -1. |  1. |  0. ||  0. |  0. |  0. |
|  0. |  1. |  0. ||  0. |  0. |  0. ||  0. |  0. |  0. |
|=====+=====+=====||=====+=====+=====||=====+=====+=====|
|  1. |  0. |  0. ||  0. |  0. | -1. ||  0. |  1. |  1. |
|  0. |  0. |  0. ||  0. | -1. |  0. ||  0. |  0. |  0. |
|  0. |  0. |  0. ||  0. |  0. | -1. ||  0. |  1. |  0. |


state to eval, currenty is playerone turn=false

|*-0. |*-0. |*-0. ||  1. | -0. |  1. || -1. | -1. | -0. |
|*-0. |*-0. |*-0. || -0. | -0. | -0. ||  1. | -1. |  1. |
|*-0. |*-1. |* 1. || -0. | -0. | -0. ||  1. | -0. | -0. |
|=====+=====+=====||=====+=====+=====||=====+=====+=====|
| -0. | -0. | -1. || -0. | -0. |  1. || -0. | -0. | -1. |
| -0. | -0. | -0. ||  1. | -1. | -0. || -0. | -0. | -0. |
| -0. | -1. | -0. || -0. | -0. | -0. || -0. | -0. | -0. |
|=====+=====+=====||=====+=====+=====||=====+=====+=====|
| -1. | -0. | -0. || -0. | -0. |  1. || -0. | -1. | -1. |
| -0. | -0. | -0. || -0. |  1. | -0. || -0. | -0. | -0. |
| -0. | -0. | -0. || -0. | -0. |  1. || -0. | -1. | -0. |


current State

|  0. | -1. |  0. ||*-1. |* 0. |*-1. ||  1. |  1. |  0. |
|  0. |  0. |  0. ||* 0. |* 0. |* 0. || -1. |  1. | -1. |
|  0. |  1. | -1. ||* 0. |* 0. |* 0. || -1. |  0. |  0. |
|=====+=====+=====||=====+=====+=====||=====+=====+=====|
|  0. |  0. |  1. ||  0. |  0. | -1. ||  0. |  0. |  1. |
|  0. |  0. |  0. || -1. |  1. |  0. ||  0. |  0. |  0. |
|  0. |  1. |  0. ||  0. |  0. |  0. ||  0. |  0. |  0. |
|=====+=====+=====||=====+=====+=====||=====+=====+=====|
|  1. |  0. |  0. ||  0. |  0. | -1. ||  0. |  1. |  1. |
|  0. |  0. |  0. ||  0. | -1. |  0. ||  0. |  0. |  0. |
|  0. |  0. |  0. ||  0. |  0. | -1. ||  0. |  1. |  0. |


state to eval, currenty is playerone turn=true

|  0. | -1. |  0. ||*-1. |* 0. |*-1. ||  1. |  1. |  0. |
|  0. |  0. |  0. ||* 0. |* 0. |* 0. || -1. |  1. | -1. |
|  0. |  1. | -1. ||* 0. |* 0. |* 0. || -1. |  0. |  0. |
|=====+=====+=====||=====+=====+=====||=====+=====+=====|
|  0. |  0. |  1. ||  0. |  0. | -1. ||  0. |  0. |  1. |
|  0. |  0. |  0. || -1. |  1. |  0. ||  0. |  0. |  0. |
|  0. |  1. |  0. ||  0. |  0. |  0. ||  0. |  0. |  0. |
|=====+=====+=====||=====+=====+=====||=====+=====+=====|
|  1. |  0. |  0. ||  0. |  0. | -1. ||  0. |  1. |  1. |
|  0. |  0. |  0. ||  0. | -1. |  0. ||  0. |  0. |  0. |
|  0. |  0. |  0. ||  0. |  0. | -1. ||  0. |  1. |  0. |


current State

|  0. | -1. |  0. || -1. |  0. | -1. ||  1. |  1. |  0. |
|  0. |  0. |  0. ||  0. |  1. |  0. || -1. |  1. | -1. |
|  0. |  1. | -1. ||  0. |  0. |  0. || -1. |  0. |  0. |
|=====+=====+=====||=====+=====+=====||=====+=====+=====|
|  0. |  0. |  1. ||* 0. |* 0. |*-1. ||  0. |  0. |  1. |
|  0. |  0. |  0. ||*-1. |* 1. |* 0. ||  0. |  0. |  0. |
|  0. |  1. |  0. ||* 0. |* 0. |* 0. ||  0. |  0. |  0. |
|=====+=====+=====||=====+=====+=====||=====+=====+=====|
|  1. |  0. |  0. ||  0. |  0. | -1. ||  0. |  1. |  1. |
|  0. |  0. |  0. ||  0. | -1. |  0. ||  0. |  0. |  0. |
|  0. |  0. |  0. ||  0. |  0. | -1. ||  0. |  1. |  0. |


state to eval, currenty is playerone turn=false

| -0. |  1. | -0. ||  1. | -0. |  1. || -1. | -1. | -0. |
| -0. | -0. | -0. || -0. | -1. | -0. ||  1. | -1. |  1. |
| -0. | -1. |  1. || -0. | -0. | -0. ||  1. | -0. | -0. |
|=====+=====+=====||=====+=====+=====||=====+=====+=====|
| -0. | -0. | -1. ||*-0. |*-0. |* 1. || -0. | -0. | -1. |
| -0. | -0. | -0. ||* 1. |*-1. |*-0. || -0. | -0. | -0. |
| -0. | -1. | -0. ||*-0. |*-0. |*-0. || -0. | -0. | -0. |
|=====+=====+=====||=====+=====+=====||=====+=====+=====|
| -1. | -0. | -0. || -0. | -0. |  1. || -0. | -1. | -1. |
| -0. | -0. | -0. || -0. |  1. | -0. || -0. | -0. | -0. |
| -0. | -0. | -0. || -0. | -0. |  1. || -0. | -1. | -0. |


current State

|  0. | -1. |  0. || -1. |  0. | -1. ||  1. |  1. |  0. |
|  0. |  0. |  0. ||  0. |  1. |  0. || -1. |  1. | -1. |
|  0. |  1. | -1. ||  0. |  0. |  0. || -1. |  0. |  0. |
|=====+=====+=====||=====+=====+=====||=====+=====+=====|
|  0. |  0. |  1. ||  0. |  0. | -1. ||  0. |  0. |  1. |
|  0. |  0. |  0. || -1. |  1. |  0. ||  0. |  0. |  0. |
|  0. |  1. |  0. || -1. |  0. |  0. ||  0. |  0. |  0. |
|=====+=====+=====||=====+=====+=====||=====+=====+=====|
|* 1. |* 0. |* 0. ||  0. |  0. | -1. ||  0. |  1. |  1. |
|* 0. |* 0. |* 0. ||  0. | -1. |  0. ||  0. |  0. |  0. |
|* 0. |* 0. |* 0. ||  0. |  0. | -1. ||  0. |  1. |  0. |


state to eval, currenty is playerone turn=true

|  0. | -1. |  0. || -1. |  0. | -1. ||  1. |  1. |  0. |
|  0. |  0. |  0. ||  0. |  1. |  0. || -1. |  1. | -1. |
|  0. |  1. | -1. ||  0. |  0. |  0. || -1. |  0. |  0. |
|=====+=====+=====||=====+=====+=====||=====+=====+=====|
|  0. |  0. |  1. ||  0. |  0. | -1. ||  0. |  0. |  1. |
|  0. |  0. |  0. || -1. |  1. |  0. ||  0. |  0. |  0. |
|  0. |  1. |  0. || -1. |  0. |  0. ||  0. |  0. |  0. |
|=====+=====+=====||=====+=====+=====||=====+=====+=====|
|* 1. |* 0. |* 0. ||  0. |  0. | -1. ||  0. |  1. |  1. |
|* 0. |* 0. |* 0. ||  0. | -1. |  0. ||  0. |  0. |  0. |
|* 0. |* 0. |* 0. ||  0. |  0. | -1. ||  0. |  1. |  0. |


current State

|  0. | -1. |  0. ||*-1. |* 0. |*-1. ||  1. |  1. |  0. |
|  0. |  0. |  0. ||* 0. |* 1. |* 0. || -1. |  1. | -1. |
|  0. |  1. | -1. ||* 0. |* 0. |* 0. || -1. |  0. |  0. |
|=====+=====+=====||=====+=====+=====||=====+=====+=====|
|  0. |  0. |  1. ||  0. |  0. | -1. ||  0. |  0. |  1. |
|  0. |  0. |  0. || -1. |  1. |  0. ||  0. |  0. |  0. |
|  0. |  1. |  0. || -1. |  0. |  0. ||  0. |  0. |  0. |
|=====+=====+=====||=====+=====+=====||=====+=====+=====|
|  1. |  1. |  0. ||  0. |  0. | -1. ||  0. |  1. |  1. |
|  0. |  0. |  0. ||  0. | -1. |  0. ||  0. |  0. |  0. |
|  0. |  0. |  0. ||  0. |  0. | -1. ||  0. |  1. |  0. |


state to eval, currenty is playerone turn=false

| -0. |  1. | -0. ||* 1. |*-0. |* 1. || -1. | -1. | -0. |
| -0. | -0. | -0. ||*-0. |*-1. |*-0. ||  1. | -1. |  1. |
| -0. | -1. |  1. ||*-0. |*-0. |*-0. ||  1. | -0. | -0. |
|=====+=====+=====||=====+=====+=====||=====+=====+=====|
| -0. | -0. | -1. || -0. | -0. |  1. || -0. | -0. | -1. |
| -0. | -0. | -0. ||  1. | -1. | -0. || -0. | -0. | -0. |
| -0. | -1. | -0. ||  1. | -0. | -0. || -0. | -0. | -0. |
|=====+=====+=====||=====+=====+=====||=====+=====+=====|
| -1. | -1. | -0. || -0. | -0. |  1. || -0. | -1. | -1. |
| -0. | -0. | -0. || -0. |  1. | -0. || -0. | -0. | -0. |
| -0. | -0. | -0. || -0. | -0. |  1. || -0. | -1. | -0. |


current State

|* 0. |*-1. |* 0. || -1. | -1. | -1. ||* 1. |* 1. |* 0. |
|* 0. |* 0. |* 0. ||  0. |  1. |  0. ||*-1. |* 1. |*-1. |
|* 0. |* 1. |*-1. ||  0. |  0. |  0. ||*-1. |* 0. |* 0. |
|=====+=====+=====||=====+=====+=====||=====+=====+=====|
|* 0. |* 0. |* 1. ||* 0. |* 0. |*-1. ||* 0. |* 0. |* 1. |
|* 0. |* 0. |* 0. ||*-1. |* 1. |* 0. ||* 0. |* 0. |* 0. |
|* 0. |* 1. |* 0. ||*-1. |* 0. |* 0. ||* 0. |* 0. |* 0. |
|=====+=====+=====||=====+=====+=====||=====+=====+=====|
|* 1. |* 1. |* 0. ||* 0. |* 0. |*-1. ||* 0. |* 1. |* 1. |
|* 0. |* 0. |* 0. ||* 0. |*-1. |* 0. ||* 0. |* 0. |* 0. |
|* 0. |* 0. |* 0. ||* 0. |* 0. |*-1. ||* 0. |* 1. |* 0. |


state to eval, currenty is playerone turn=true

|* 0. |*-1. |* 0. || -1. | -1. | -1. ||* 1. |* 1. |* 0. |
|* 0. |* 0. |* 0. ||  0. |  1. |  0. ||*-1. |* 1. |*-1. |
|* 0. |* 1. |*-1. ||  0. |  0. |  0. ||*-1. |* 0. |* 0. |
|=====+=====+=====||=====+=====+=====||=====+=====+=====|
|* 0. |* 0. |* 1. ||* 0. |* 0. |*-1. ||* 0. |* 0. |* 1. |
|* 0. |* 0. |* 0. ||*-1. |* 1. |* 0. ||* 0. |* 0. |* 0. |
|* 0. |* 1. |* 0. ||*-1. |* 0. |* 0. ||* 0. |* 0. |* 0. |
|=====+=====+=====||=====+=====+=====||=====+=====+=====|
|* 1. |* 1. |* 0. ||* 0. |* 0. |*-1. ||* 0. |* 1. |* 1. |
|* 0. |* 0. |* 0. ||* 0. |*-1. |* 0. ||* 0. |* 0. |* 0. |
|* 0. |* 0. |* 0. ||* 0. |* 0. |*-1. ||* 0. |* 1. |* 0. |


current State

|  0. | -1. |  0. || -1. | -1. | -1. ||  1. |  1. |  0. |
|  0. |  0. |  0. ||  0. |  1. |  0. || -1. |  1. | -1. |
|  0. |  1. | -1. ||  0. |  0. |  0. || -1. |  0. |  0. |
|=====+=====+=====||=====+=====+=====||=====+=====+=====|
|  0. |  0. |  1. ||  0. |  0. | -1. ||* 0. |* 0. |* 1. |
|  0. |  0. |  0. || -1. |  1. |  0. ||* 0. |* 0. |* 0. |
|  0. |  1. |  0. || -1. |  0. |  0. ||* 0. |* 0. |* 0. |
|=====+=====+=====||=====+=====+=====||=====+=====+=====|
|  1. |  1. |  0. ||  0. |  0. | -1. ||  0. |  1. |  1. |
|  0. |  0. |  0. ||  0. | -1. |  0. ||  0. |  0. |  1. |
|  0. |  0. |  0. ||  0. |  0. | -1. ||  0. |  1. |  0. |


state to eval, currenty is playerone turn=false

| -0. |  1. | -0. ||  1. |  1. |  1. || -1. | -1. | -0. |
| -0. | -0. | -0. || -0. | -1. | -0. ||  1. | -1. |  1. |
| -0. | -1. |  1. || -0. | -0. | -0. ||  1. | -0. | -0. |
|=====+=====+=====||=====+=====+=====||=====+=====+=====|
| -0. | -0. | -1. || -0. | -0. |  1. ||*-0. |*-0. |*-1. |
| -0. | -0. | -0. ||  1. | -1. | -0. ||*-0. |*-0. |*-0. |
| -0. | -1. | -0. ||  1. | -0. | -0. ||*-0. |*-0. |*-0. |
|=====+=====+=====||=====+=====+=====||=====+=====+=====|
| -1. | -1. | -0. || -0. | -0. |  1. || -0. | -1. | -1. |
| -0. | -0. | -0. || -0. |  1. | -0. || -0. | -0. | -1. |
| -0. | -0. | -0. || -0. | -0. |  1. || -0. | -1. | -0. |


current State

|  0. | -1. |  0. || -1. | -1. | -1. ||  1. |  1. |  0. |
|  0. |  0. |  0. ||  0. |  1. |  0. || -1. |  1. | -1. |
|  0. |  1. | -1. ||  0. |  0. |  0. || -1. |  0. |  0. |
|=====+=====+=====||=====+=====+=====||=====+=====+=====|
|  0. |  0. |  1. ||  0. |  0. | -1. ||  0. |  0. |  1. |
|  0. |  0. |  0. || -1. |  1. |  0. ||  0. |  0. |  0. |
|  0. |  1. |  0. || -1. |  0. |  0. || -1. |  0. |  0. |
|=====+=====+=====||=====+=====+=====||=====+=====+=====|
|* 1. |* 1. |* 0. ||  0. |  0. | -1. ||  0. |  1. |  1. |
|* 0. |* 0. |* 0. ||  0. | -1. |  0. ||  0. |  0. |  1. |
|* 0. |* 0. |* 0. ||  0. |  0. | -1. ||  0. |  1. |  0. |


state to eval, currenty is playerone turn=true

|  0. | -1. |  0. || -1. | -1. | -1. ||  1. |  1. |  0. |
|  0. |  0. |  0. ||  0. |  1. |  0. || -1. |  1. | -1. |
|  0. |  1. | -1. ||  0. |  0. |  0. || -1. |  0. |  0. |
|=====+=====+=====||=====+=====+=====||=====+=====+=====|
|  0. |  0. |  1. ||  0. |  0. | -1. ||  0. |  0. |  1. |
|  0. |  0. |  0. || -1. |  1. |  0. ||  0. |  0. |  0. |
|  0. |  1. |  0. || -1. |  0. |  0. || -1. |  0. |  0. |
|=====+=====+=====||=====+=====+=====||=====+=====+=====|
|* 1. |* 1. |* 0. ||  0. |  0. | -1. ||  0. |  1. |  1. |
|* 0. |* 0. |* 0. ||  0. | -1. |  0. ||  0. |  0. |  1. |
|* 0. |* 0. |* 0. ||  0. |  0. | -1. ||  0. |  1. |  0. |


Determined best move using: 238357Iterations
current State

|  0. | -1. |  0. || -1. | -1. | -1. ||  1. |  1. |  0. |
|  0. |  0. |  0. ||  0. |  1. |  0. || -1. |  1. | -1. |
|  0. |  1. | -1. ||  0. |  0. |  0. || -1. |  0. |  0. |
|=====+=====+=====||=====+=====+=====||=====+=====+=====|
|  0. |  0. |  1. ||* 0. |* 0. |*-1. ||  0. |  0. |  1. |
|  0. |  0. |  0. ||*-1. |* 1. |* 0. ||  0. |  0. |  0. |
|  0. |  1. |  0. ||*-1. |* 0. |* 0. || -1. |  0. |  0. |
|=====+=====+=====||=====+=====+=====||=====+=====+=====|
|  1. |  1. |  0. ||  0. |  0. | -1. ||  0. |  1. |  1. |
|  0. |  1. |  0. ||  0. | -1. |  0. ||  0. |  0. |  1. |
|  0. |  0. |  0. ||  0. |  0. | -1. ||  0. |  1. |  0. |


state to eval, currenty is playerone turn=false

| -0. |  1. | -0. ||  1. |  1. |  1. || -1. | -1. | -0. |
| -0. | -0. | -0. || -0. | -1. | -0. ||  1. | -1. |  1. |
| -0. | -1. |  1. || -0. | -0. | -0. ||  1. | -0. | -0. |
|=====+=====+=====||=====+=====+=====||=====+=====+=====|
| -0. | -0. | -1. ||*-0. |*-0. |* 1. || -0. | -0. | -1. |
| -0. | -0. | -0. ||* 1. |*-1. |*-0. || -0. | -0. | -0. |
| -0. | -1. | -0. ||* 1. |*-0. |*-0. ||  1. | -0. | -0. |
|=====+=====+=====||=====+=====+=====||=====+=====+=====|
| -1. | -1. | -0. || -0. | -0. |  1. || -0. | -1. | -1. |
| -0. | -1. | -0. || -0. |  1. | -0. || -0. | -0. | -1. |
| -0. | -0. | -0. || -0. | -0. |  1. || -0. | -1. | -0. |


current State

|* 0. |*-1. |* 0. || -1. | -1. | -1. ||  1. |  1. |  0. |
|* 0. |* 0. |* 0. ||  0. |  1. |  0. || -1. |  1. | -1. |
|* 0. |* 1. |*-1. ||  0. |  0. |  0. || -1. |  0. |  0. |
|=====+=====+=====||=====+=====+=====||=====+=====+=====|
|  0. |  0. |  1. || -1. |  0. | -1. ||  0. |  0. |  1. |
|  0. |  0. |  0. || -1. |  1. |  0. ||  0. |  0. |  0. |
|  0. |  1. |  0. || -1. |  0. |  0. || -1. |  0. |  0. |
|=====+=====+=====||=====+=====+=====||=====+=====+=====|
|  1. |  1. |  0. ||  0. |  0. | -1. ||  0. |  1. |  1. |
|  0. |  1. |  0. ||  0. | -1. |  0. ||  0. |  0. |  1. |
|  0. |  0. |  0. ||  0. |  0. | -1. ||  0. |  1. |  0. |


state to eval, currenty is playerone turn=true

|* 0. |*-1. |* 0. || -1. | -1. | -1. ||  1. |  1. |  0. |
|* 0. |* 0. |* 0. ||  0. |  1. |  0. || -1. |  1. | -1. |
|* 0. |* 1. |*-1. ||  0. |  0. |  0. || -1. |  0. |  0. |
|=====+=====+=====||=====+=====+=====||=====+=====+=====|
|  0. |  0. |  1. || -1. |  0. | -1. ||  0. |  0. |  1. |
|  0. |  0. |  0. || -1. |  1. |  0. ||  0. |  0. |  0. |
|  0. |  1. |  0. || -1. |  0. |  0. || -1. |  0. |  0. |
|=====+=====+=====||=====+=====+=====||=====+=====+=====|
|  1. |  1. |  0. ||  0. |  0. | -1. ||  0. |  1. |  1. |
|  0. |  1. |  0. ||  0. | -1. |  0. ||  0. |  0. |  1. |
|  0. |  0. |  0. ||  0. |  0. | -1. ||  0. |  1. |  0. |


current State

|  0. | -1. |  0. || -1. | -1. | -1. ||  1. |  1. |  0. |
|  0. |  0. |  1. ||  0. |  1. |  0. || -1. |  1. | -1. |
|  0. |  1. | -1. ||  0. |  0. |  0. || -1. |  0. |  0. |
|=====+=====+=====||=====+=====+=====||=====+=====+=====|
|  0. |  0. |  1. || -1. |  0. | -1. ||* 0. |* 0. |* 1. |
|  0. |  0. |  0. || -1. |  1. |  0. ||* 0. |* 0. |* 0. |
|  0. |  1. |  0. || -1. |  0. |  0. ||*-1. |* 0. |* 0. |
|=====+=====+=====||=====+=====+=====||=====+=====+=====|
|  1. |  1. |  0. ||  0. |  0. | -1. ||  0. |  1. |  1. |
|  0. |  1. |  0. ||  0. | -1. |  0. ||  0. |  0. |  1. |
|  0. |  0. |  0. ||  0. |  0. | -1. ||  0. |  1. |  0. |


state to eval, currenty is playerone turn=false

| -0. |  1. | -0. ||  1. |  1. |  1. || -1. | -1. | -0. |
| -0. | -0. | -1. || -0. | -1. | -0. ||  1. | -1. |  1. |
| -0. | -1. |  1. || -0. | -0. | -0. ||  1. | -0. | -0. |
|=====+=====+=====||=====+=====+=====||=====+=====+=====|
| -0. | -0. | -1. ||  1. | -0. |  1. ||*-0. |*-0. |*-1. |
| -0. | -0. | -0. ||  1. | -1. | -0. ||*-0. |*-0. |*-0. |
| -0. | -1. | -0. ||  1. | -0. | -0. ||* 1. |*-0. |*-0. |
|=====+=====+=====||=====+=====+=====||=====+=====+=====|
| -1. | -1. | -0. || -0. | -0. |  1. || -0. | -1. | -1. |
| -0. | -1. | -0. || -0. |  1. | -0. || -0. | -0. | -1. |
| -0. | -0. | -0. || -0. | -0. |  1. || -0. | -1. | -0. |


current State

|  0. | -1. |  0. || -1. | -1. | -1. ||  1. |  1. |  0. |
|  0. |  0. |  1. ||  0. |  1. |  0. || -1. |  1. | -1. |
|  0. |  1. | -1. ||  0. |  0. |  0. || -1. |  0. |  0. |
|=====+=====+=====||=====+=====+=====||=====+=====+=====|
|  0. |  0. |  1. || -1. |  0. | -1. ||  0. |  0. |  1. |
|  0. |  0. |  0. || -1. |  1. |  0. ||  0. |  0. |  0. |
|  0. |  1. |  0. || -1. |  0. |  0. || -1. |  0. | -1. |
|=====+=====+=====||=====+=====+=====||=====+=====+=====|
|  1. |  1. |  0. ||  0. |  0. | -1. ||* 0. |* 1. |* 1. |
|  0. |  1. |  0. ||  0. | -1. |  0. ||* 0. |* 0. |* 1. |
|  0. |  0. |  0. ||  0. |  0. | -1. ||* 0. |* 1. |* 0. |


state to eval, currenty is playerone turn=true

|  0. | -1. |  0. || -1. | -1. | -1. ||  1. |  1. |  0. |
|  0. |  0. |  1. ||  0. |  1. |  0. || -1. |  1. | -1. |
|  0. |  1. | -1. ||  0. |  0. |  0. || -1. |  0. |  0. |
|=====+=====+=====||=====+=====+=====||=====+=====+=====|
|  0. |  0. |  1. || -1. |  0. | -1. ||  0. |  0. |  1. |
|  0. |  0. |  0. || -1. |  1. |  0. ||  0. |  0. |  0. |
|  0. |  1. |  0. || -1. |  0. |  0. || -1. |  0. | -1. |
|=====+=====+=====||=====+=====+=====||=====+=====+=====|
|  1. |  1. |  0. ||  0. |  0. | -1. ||* 0. |* 1. |* 1. |
|  0. |  1. |  0. ||  0. | -1. |  0. ||* 0. |* 0. |* 1. |
|  0. |  0. |  0. ||  0. |  0. | -1. ||* 0. |* 1. |* 0. |


current State

|* 0. |*-1. |* 0. || -1. | -1. | -1. ||  1. |  1. |  0. |
|* 0. |* 0. |* 1. ||  0. |  1. |  0. || -1. |  1. | -1. |
|* 0. |* 1. |*-1. ||  0. |  0. |  0. || -1. |  0. |  0. |
|=====+=====+=====||=====+=====+=====||=====+=====+=====|
|  0. |  0. |  1. || -1. |  0. | -1. ||  0. |  0. |  1. |
|  0. |  0. |  0. || -1. |  1. |  0. ||  0. |  0. |  0. |
|  0. |  1. |  0. || -1. |  0. |  0. || -1. |  0. | -1. |
|=====+=====+=====||=====+=====+=====||=====+=====+=====|
|  1. |  1. |  0. ||  0. |  0. | -1. ||  1. |  1. |  1. |
|  0. |  1. |  0. ||  0. | -1. |  0. ||  0. |  0. |  1. |
|  0. |  0. |  0. ||  0. |  0. | -1. ||  0. |  1. |  0. |


state to eval, currenty is playerone turn=false

|*-0. |* 1. |*-0. ||  1. |  1. |  1. || -1. | -1. | -0. |
|*-0. |*-0. |*-1. || -0. | -1. | -0. ||  1. | -1. |  1. |
|*-0. |*-1. |* 1. || -0. | -0. | -0. ||  1. | -0. | -0. |
|=====+=====+=====||=====+=====+=====||=====+=====+=====|
| -0. | -0. | -1. ||  1. | -0. |  1. || -0. | -0. | -1. |
| -0. | -0. | -0. ||  1. | -1. | -0. || -0. | -0. | -0. |
| -0. | -1. | -0. ||  1. | -0. | -0. ||  1. | -0. |  1. |
|=====+=====+=====||=====+=====+=====||=====+=====+=====|
| -1. | -1. | -0. || -0. | -0. |  1. || -1. | -1. | -1. |
| -0. | -1. | -0. || -0. |  1. | -0. || -0. | -0. | -1. |
| -0. | -0. | -0. || -0. | -0. |  1. || -0. | -1. | -0. |


current State

|  0. | -1. | -1. || -1. | -1. | -1. ||* 1. |* 1. |* 0. |
|  0. |  0. |  1. ||  0. |  1. |  0. ||*-1. |* 1. |*-1. |
|  0. |  1. | -1. ||  0. |  0. |  0. ||*-1. |* 0. |* 0. |
|=====+=====+=====||=====+=====+=====||=====+=====+=====|
|  0. |  0. |  1. || -1. |  0. | -1. ||  0. |  0. |  1. |
|  0. |  0. |  0. || -1. |  1. |  0. ||  0. |  0. |  0. |
|  0. |  1. |  0. || -1. |  0. |  0. || -1. |  0. | -1. |
|=====+=====+=====||=====+=====+=====||=====+=====+=====|
|  1. |  1. |  0. ||  0. |  0. | -1. ||  1. |  1. |  1. |
|  0. |  1. |  0. ||  0. | -1. |  0. ||  0. |  0. |  1. |
|  0. |  0. |  0. ||  0. |  0. | -1. ||  0. |  1. |  0. |


state to eval, currenty is playerone turn=true

|  0. | -1. | -1. || -1. | -1. | -1. ||* 1. |* 1. |* 0. |
|  0. |  0. |  1. ||  0. |  1. |  0. ||*-1. |* 1. |*-1. |
|  0. |  1. | -1. ||  0. |  0. |  0. ||*-1. |* 0. |* 0. |
|=====+=====+=====||=====+=====+=====||=====+=====+=====|
|  0. |  0. |  1. || -1. |  0. | -1. ||  0. |  0. |  1. |
|  0. |  0. |  0. || -1. |  1. |  0. ||  0. |  0. |  0. |
|  0. |  1. |  0. || -1. |  0. |  0. || -1. |  0. | -1. |
|=====+=====+=====||=====+=====+=====||=====+=====+=====|
|  1. |  1. |  0. ||  0. |  0. | -1. ||  1. |  1. |  1. |
|  0. |  1. |  0. ||  0. | -1. |  0. ||  0. |  0. |  1. |
|  0. |  0. |  0. ||  0. |  0. | -1. ||  0. |  1. |  0. |


current State

|  0. | -1. | -1. || -1. | -1. | -1. ||  1. |  1. |  0. |
|  0. |  0. |  1. ||  0. |  1. |  0. || -1. |  1. | -1. |
|  0. |  1. | -1. ||  0. |  0. |  0. || -1. |  1. |  0. |
|=====+=====+=====||=====+=====+=====||=====+=====+=====|
|  0. |  0. |  1. || -1. |  0. | -1. ||  0. |  0. |  1. |
|  0. |  0. |  0. || -1. |  1. |  0. ||  0. |  0. |  0. |
|  0. |  1. |  0. || -1. |  0. |  0. || -1. |  0. | -1. |
|=====+=====+=====||=====+=====+=====||=====+=====+=====|
|  1. |  1. |  0. ||* 0. |* 0. |*-1. ||  1. |  1. |  1. |
|  0. |  1. |  0. ||* 0. |*-1. |* 0. ||  0. |  0. |  1. |
|  0. |  0. |  0. ||* 0. |* 0. |*-1. ||  0. |  1. |  0. |


state to eval, currenty is playerone turn=false

| -0. |  1. |  1. ||  1. |  1. |  1. || -1. | -1. | -0. |
| -0. | -0. | -1. || -0. | -1. | -0. ||  1. | -1. |  1. |
| -0. | -1. |  1. || -0. | -0. | -0. ||  1. | -1. | -0. |
|=====+=====+=====||=====+=====+=====||=====+=====+=====|
| -0. | -0. | -1. ||  1. | -0. |  1. || -0. | -0. | -1. |
| -0. | -0. | -0. ||  1. | -1. | -0. || -0. | -0. | -0. |
| -0. | -1. | -0. ||  1. | -0. | -0. ||  1. | -0. |  1. |
|=====+=====+=====||=====+=====+=====||=====+=====+=====|
| -1. | -1. | -0. ||*-0. |*-0. |* 1. || -1. | -1. | -1. |
| -0. | -1. | -0. ||*-0. |* 1. |*-0. || -0. | -0. | -1. |
| -0. | -0. | -0. ||*-0. |*-0. |* 1. || -0. | -1. | -0. |


current State

|  0. | -1. | -1. || -1. | -1. | -1. ||  1. |  1. |  0. |
|  0. |  0. |  1. ||  0. |  1. |  0. || -1. |  1. | -1. |
|  0. |  1. | -1. ||  0. |  0. |  0. || -1. |  1. |  0. |
|=====+=====+=====||=====+=====+=====||=====+=====+=====|
|  0. |  0. |  1. || -1. |  0. | -1. ||* 0. |* 0. |* 1. |
|  0. |  0. |  0. || -1. |  1. |  0. ||* 0. |* 0. |* 0. |
|  0. |  1. |  0. || -1. |  0. |  0. ||*-1. |* 0. |*-1. |
|=====+=====+=====||=====+=====+=====||=====+=====+=====|
|  1. |  1. |  0. ||  0. |  0. | -1. ||  1. |  1. |  1. |
|  0. |  1. |  0. ||  0. | -1. | -1. ||  0. |  0. |  1. |
|  0. |  0. |  0. ||  0. |  0. | -1. ||  0. |  1. |  0. |


Game ended in: 38 moves
Actual data created in graphical format: 
[StateDatum{MCTSProbabilites=
|  .0094 |  .0192 |  .0148 ||  .011 |  .01 |  .0106 ||  .0096 |  .0143 |  .0077 |
|  .0115 |  .0154 |  .0164 ||  .0109 |  .0107 |  .0071 ||  .0133 |  .0096 |  .0093 |
|  .0207 |  .0108 |  .0116 ||  .012 |  .0108 |  .0076 ||  .0188 |  .0177 |  .0121 |
|========+========+========||========+========+========||========+========+========|
|  .0134 |  .0107 |  .0134 ||  .0093 |  .0174 |  .0228 ||  .0131 |  .0126 |  .0152 |
|  .0129 |  .0091 |  .01 ||  .0097 |  .0066 |  .0084 ||  .0131 |  .0099 |  .0123 |
|  .014 |  .0133 |  .0082 ||  .0123 |  .0059 |  .0077 ||  .0105 |  .0112 |  .0095 |
|========+========+========||========+========+========||========+========+========|
|  .0133 |  .0098 |  .0171 ||  .014 |  .0154 |  .0118 ||  .0148 |  .0083 |  .023 |
|  .0191 |  .0111 |  .0142 ||  .0157 |  .0123 |  .0089 ||  .0099 |  .0111 |  .0171 |
|  .0135 |  .0114 |  .009 ||  .014 |  .0096 |  .0138 ||  .0091 |  .014 |  .013 |

, state=
|* 0. |* 0. |* 0. ||* 0. |* 0. |* 0. ||* 0. |* 0. |* 0. |
|* 0. |* 0. |* 0. ||* 0. |* 0. |* 0. ||* 0. |* 0. |* 0. |
|* 0. |* 0. |* 0. ||* 0. |* 0. |* 0. ||* 0. |* 0. |* 0. |
|=====+=====+=====||=====+=====+=====||=====+=====+=====|
|* 0. |* 0. |* 0. ||* 0. |* 0. |* 0. ||* 0. |* 0. |* 0. |
|* 0. |* 0. |* 0. ||* 0. |* 0. |* 0. ||* 0. |* 0. |* 0. |
|* 0. |* 0. |* 0. ||* 0. |* 0. |* 0. ||* 0. |* 0. |* 0. |
|=====+=====+=====||=====+=====+=====||=====+=====+=====|
|* 0. |* 0. |* 0. ||* 0. |* 0. |* 0. ||* 0. |* 0. |* 0. |
|* 0. |* 0. |* 0. ||* 0. |* 0. |* 0. ||* 0. |* 0. |* 0. |
|* 0. |* 0. |* 0. ||* 0. |* 0. |* 0. ||* 0. |* 0. |* 0. |

, evalForThisState=-1.0, isPlayerOneTurnOriginally=true}, StateDatum{MCTSProbabilites=
|  .0 |  .0 |  .0 ||  .0 |  .0 |  .0 ||  .0254 |  .02 |  .2455 |
|  .0 |  .0 |  .0 ||  .0 |  .0 |  .0 ||  .0265 |  .3063 |  .0264 |
|  .0 |  .0 |  .0 ||  .0 |  .0 |  .0 ||  .3074 |  .0184 |  .0241 |
|========+========+========||========+========+========||========+========+========|
|  .0 |  .0 |  .0 ||  .0 |  .0 |  .0 ||  .0 |  .0 |  .0 |
|  .0 |  .0 |  .0 ||  .0 |  .0 |  .0 ||  .0 |  .0 |  .0 |
|  .0 |  .0 |  .0 ||  .0 |  .0 |  .0 ||  .0 |  .0 |  .0 |
|========+========+========||========+========+========||========+========+========|
|  .0 |  .0 |  .0 ||  .0 |  .0 |  .0 ||  .0 |  .0 |  .0 |
|  .0 |  .0 |  .0 ||  .0 |  .0 |  .0 ||  .0 |  .0 |  .0 |
|  .0 |  .0 |  .0 ||  .0 |  .0 |  .0 ||  .0 |  .0 |  .0 |

, state=
| -0. | -0. | -0. || -0. | -0. | -0. ||*-0. |*-0. |*-0. |
| -0. | -0. | -0. || -0. | -0. | -0. ||*-0. |*-0. |*-0. |
| -0. | -0. | -0. || -0. | -0. | -0. ||*-0. |*-0. |*-0. |
|=====+=====+=====||=====+=====+=====||=====+=====+=====|
| -0. | -0. | -0. || -0. | -0. | -0. || -0. | -0. | -0. |
| -0. | -0. | -0. || -0. | -0. | -0. || -0. | -0. | -0. |
| -0. | -0. | -0. || -0. | -0. | -0. || -0. | -0. | -0. |
|=====+=====+=====||=====+=====+=====||=====+=====+=====|
| -0. | -0. | -0. || -0. | -0. | -0. || -0. | -0. | -1. |
| -0. | -0. | -0. || -0. | -0. | -0. || -0. | -0. | -0. |
| -0. | -0. | -0. || -0. | -0. | -0. || -0. | -0. | -0. |

, evalForThisState=1.0, isPlayerOneTurnOriginally=false}, StateDatum{MCTSProbabilites=
|  .0 |  .0 |  .0 ||  .0 |  .0 |  .0 ||  .0 |  .0 |  .0 |
|  .0 |  .0 |  .0 ||  .0 |  .0 |  .0 ||  .0 |  .0 |  .0 |
|  .0 |  .0 |  .0 ||  .0 |  .0 |  .0 ||  .0 |  .0 |  .0 |
|========+========+========||========+========+========||========+========+========|
|  .0 |  .0 |  .0 ||  .0 |  .0 |  .0 ||  .0 |  .0 |  .0 |
|  .0 |  .0 |  .0 ||  .0 |  .0 |  .0 ||  .0 |  .0 |  .0 |
|  .0 |  .0 |  .0 ||  .0 |  .0 |  .0 ||  .0 |  .0 |  .0 |
|========+========+========||========+========+========||========+========+========|
|  .1462 |  .1132 |  .1196 ||  .0 |  .0 |  .0 ||  .0 |  .0 |  .0 |
|  .0783 |  .1218 |  .1143 ||  .0 |  .0 |  .0 ||  .0 |  .0 |  .0 |
|  .142 |  .0711 |  .0935 ||  .0 |  .0 |  .0 ||  .0 |  .0 |  .0 |

, state=
|  0. |  0. |  0. ||  0. |  0. |  0. ||  0. |  0. |  0. |
|  0. |  0. |  0. ||  0. |  0. |  0. ||  0. |  0. |  0. |
|  0. |  0. |  0. ||  0. |  0. |  0. || -1. |  0. |  0. |
|=====+=====+=====||=====+=====+=====||=====+=====+=====|
|  0. |  0. |  0. ||  0. |  0. |  0. ||  0. |  0. |  0. |
|  0. |  0. |  0. ||  0. |  0. |  0. ||  0. |  0. |  0. |
|  0. |  0. |  0. ||  0. |  0. |  0. ||  0. |  0. |  0. |
|=====+=====+=====||=====+=====+=====||=====+=====+=====|
|* 0. |* 0. |* 0. ||  0. |  0. |  0. ||  0. |  0. |  1. |
|* 0. |* 0. |* 0. ||  0. |  0. |  0. ||  0. |  0. |  0. |
|* 0. |* 0. |* 0. ||  0. |  0. |  0. ||  0. |  0. |  0. |

, evalForThisState=-1.0, isPlayerOneTurnOriginally=true}, StateDatum{MCTSProbabilites=
|  .0231 |  .0236 |  .269 ||  .0 |  .0 |  .0 ||  .0 |  .0 |  .0 |
|  .0227 |  .0408 |  .0322 ||  .0 |  .0 |  .0 ||  .0 |  .0 |  .0 |
|  .2545 |  .0413 |  .2928 ||  .0 |  .0 |  .0 ||  .0 |  .0 |  .0 |
|========+========+========||========+========+========||========+========+========|
|  .0 |  .0 |  .0 ||  .0 |  .0 |  .0 ||  .0 |  .0 |  .0 |
|  .0 |  .0 |  .0 ||  .0 |  .0 |  .0 ||  .0 |  .0 |  .0 |
|  .0 |  .0 |  .0 ||  .0 |  .0 |  .0 ||  .0 |  .0 |  .0 |
|========+========+========||========+========+========||========+========+========|
|  .0 |  .0 |  .0 ||  .0 |  .0 |  .0 ||  .0 |  .0 |  .0 |
|  .0 |  .0 |  .0 ||  .0 |  .0 |  .0 ||  .0 |  .0 |  .0 |
|  .0 |  .0 |  .0 ||  .0 |  .0 |  .0 ||  .0 |  .0 |  .0 |

, state=
|*-0. |*-0. |*-0. || -0. | -0. | -0. || -0. | -0. | -0. |
|*-0. |*-0. |*-0. || -0. | -0. | -0. || -0. | -0. | -0. |
|*-0. |*-0. |*-0. || -0. | -0. | -0. ||  1. | -0. | -0. |
|=====+=====+=====||=====+=====+=====||=====+=====+=====|
| -0. | -0. | -0. || -0. | -0. | -0. || -0. | -0. | -0. |
| -0. | -0. | -0. || -0. | -0. | -0. || -0. | -0. | -0. |
| -0. | -0. | -0. || -0. | -0. | -0. || -0. | -0. | -0. |
|=====+=====+=====||=====+=====+=====||=====+=====+=====|
| -1. | -0. | -0. || -0. | -0. | -0. || -0. | -0. | -1. |
| -0. | -0. | -0. || -0. | -0. | -0. || -0. | -0. | -0. |
| -0. | -0. | -0. || -0. | -0. | -0. || -0. | -0. | -0. |

, evalForThisState=1.0, isPlayerOneTurnOriginally=false}, StateDatum{MCTSProbabilites=
|  .0 |  .0 |  .0 ||  .0 |  .0 |  .0 ||  .0 |  .0 |  .0 |
|  .0 |  .0 |  .0 ||  .0 |  .0 |  .0 ||  .0 |  .0 |  .0 |
|  .0 |  .0 |  .0 ||  .0 |  .0 |  .0 ||  .0 |  .0 |  .0 |
|========+========+========||========+========+========||========+========+========|
|  .0 |  .0 |  .0 ||  .0 |  .0 |  .0 ||  .0 |  .0 |  .0 |
|  .0 |  .0 |  .0 ||  .0 |  .0 |  .0 ||  .0 |  .0 |  .0 |
|  .0 |  .0 |  .0 ||  .0 |  .0 |  .0 ||  .0 |  .0 |  .0 |
|========+========+========||========+========+========||========+========+========|
|  .0 |  .0 |  .0 ||  .0 |  .0 |  .0 ||  .1038 |  .1025 |  .0 |
|  .0 |  .0 |  .0 ||  .0 |  .0 |  .0 ||  .1259 |  .1061 |  .0893 |
|  .0 |  .0 |  .0 ||  .0 |  .0 |  .0 ||  .1536 |  .1975 |  .1213 |

, state=
|  0. |  0. |  0. ||  0. |  0. |  0. ||  0. |  0. |  0. |
|  0. |  0. |  0. ||  0. |  0. |  0. ||  0. |  0. |  0. |
|  0. |  0. | -1. ||  0. |  0. |  0. || -1. |  0. |  0. |
|=====+=====+=====||=====+=====+=====||=====+=====+=====|
|  0. |  0. |  0. ||  0. |  0. |  0. ||  0. |  0. |  0. |
|  0. |  0. |  0. ||  0. |  0. |  0. ||  0. |  0. |  0. |
|  0. |  0. |  0. ||  0. |  0. |  0. ||  0. |  0. |  0. |
|=====+=====+=====||=====+=====+=====||=====+=====+=====|
|  1. |  0. |  0. ||  0. |  0. |  0. ||* 0. |* 0. |* 1. |
|  0. |  0. |  0. ||  0. |  0. |  0. ||* 0. |* 0. |* 0. |
|  0. |  0. |  0. ||  0. |  0. |  0. ||* 0. |* 0. |* 0. |

, evalForThisState=-1.0, isPlayerOneTurnOriginally=true}, StateDatum{MCTSProbabilites=
|  .0 |  .0 |  .0 ||  .0 |  .0 |  .0 ||  .0 |  .0 |  .0 |
|  .0 |  .0 |  .0 ||  .0 |  .0 |  .0 ||  .0 |  .0 |  .0 |
|  .0 |  .0 |  .0 ||  .0 |  .0 |  .0 ||  .0 |  .0 |  .0 |
|========+========+========||========+========+========||========+========+========|
|  .0 |  .0 |  .0 ||  .0 |  .0 |  .0 ||  .0 |  .0 |  .0 |
|  .0 |  .0 |  .0 ||  .0 |  .0 |  .0 ||  .0 |  .0 |  .0 |
|  .0 |  .0 |  .0 ||  .0 |  .0 |  .0 ||  .0 |  .0 |  .0 |
|========+========+========||========+========+========||========+========+========|
|  .0 |  .0 |  .0 ||  .2375 |  .2152 |  .0121 ||  .0 |  .0 |  .0 |
|  .0 |  .0 |  .0 ||  .023 |  .0297 |  .0266 ||  .0 |  .0 |  .0 |
|  .0 |  .0 |  .0 ||  .0293 |  .1773 |  .2493 ||  .0 |  .0 |  .0 |

, state=
| -0. | -0. | -0. || -0. | -0. | -0. || -0. | -0. | -0. |
| -0. | -0. | -0. || -0. | -0. | -0. || -0. | -0. | -0. |
| -0. | -0. |  1. || -0. | -0. | -0. ||  1. | -0. | -0. |
|=====+=====+=====||=====+=====+=====||=====+=====+=====|
| -0. | -0. | -0. || -0. | -0. | -0. || -0. | -0. | -0. |
| -0. | -0. | -0. || -0. | -0. | -0. || -0. | -0. | -0. |
| -0. | -0. | -0. || -0. | -0. | -0. || -0. | -0. | -0. |
|=====+=====+=====||=====+=====+=====||=====+=====+=====|
| -1. | -0. | -0. ||*-0. |*-0. |*-0. || -0. | -0. | -1. |
| -0. | -0. | -0. ||*-0. |*-0. |*-0. || -0. | -0. | -0. |
| -0. | -0. | -0. ||*-0. |*-0. |*-0. || -0. | -1. | -0. |

, evalForThisState=1.0, isPlayerOneTurnOriginally=false}, StateDatum{MCTSProbabilites=
|  .0 |  .0 |  .0 ||  .0 |  .0 |  .0 ||  .0 |  .0 |  .0 |
|  .0 |  .0 |  .0 ||  .0 |  .0 |  .0 ||  .0 |  .0 |  .0 |
|  .0 |  .0 |  .0 ||  .0 |  .0 |  .0 ||  .0 |  .0 |  .0 |
|========+========+========||========+========+========||========+========+========|
|  .0 |  .0 |  .0 ||  .0 |  .0 |  .0 ||  .0 |  .0 |  .0 |
|  .0 |  .0 |  .0 ||  .0 |  .0 |  .0 ||  .0 |  .0 |  .0 |
|  .0 |  .0 |  .0 ||  .0 |  .0 |  .0 ||  .0 |  .0 |  .0 |
|========+========+========||========+========+========||========+========+========|
|  .0 |  .0 |  .0 ||  .0 |  .0 |  .0 ||  .1251 |  .2382 |  .0 |
|  .0 |  .0 |  .0 ||  .0 |  .0 |  .0 ||  .0293 |  .2295 |  .0507 |
|  .0 |  .0 |  .0 ||  .0 |  .0 |  .0 ||  .2024 |  .0 |  .1248 |

, state=
|  0. |  0. |  0. ||  0. |  0. |  0. ||  0. |  0. |  0. |
|  0. |  0. |  0. ||  0. |  0. |  0. ||  0. |  0. |  0. |
|  0. |  0. | -1. ||  0. |  0. |  0. || -1. |  0. |  0. |
|=====+=====+=====||=====+=====+=====||=====+=====+=====|
|  0. |  0. |  0. ||  0. |  0. |  0. ||  0. |  0. |  0. |
|  0. |  0. |  0. ||  0. |  0. |  0. ||  0. |  0. |  0. |
|  0. |  0. |  0. ||  0. |  0. |  0. ||  0. |  0. |  0. |
|=====+=====+=====||=====+=====+=====||=====+=====+=====|
|  1. |  0. |  0. ||  0. |  0. |  0. ||* 0. |* 0. |* 1. |
|  0. |  0. |  0. ||  0. |  0. |  0. ||* 0. |* 0. |* 0. |
|  0. |  0. |  0. ||  0. |  0. | -1. ||* 0. |* 1. |* 0. |

, evalForThisState=-1.0, isPlayerOneTurnOriginally=true}, StateDatum{MCTSProbabilites=
|  .0 |  .0 |  .0 ||  .1784 |  .1624 |  .1775 ||  .0 |  .0 |  .0 |
|  .0 |  .0 |  .0 ||  .0557 |  .0235 |  .1046 ||  .0 |  .0 |  .0 |
|  .0 |  .0 |  .0 ||  .1505 |  .0461 |  .1012 ||  .0 |  .0 |  .0 |
|========+========+========||========+========+========||========+========+========|
|  .0 |  .0 |  .0 ||  .0 |  .0 |  .0 ||  .0 |  .0 |  .0 |
|  .0 |  .0 |  .0 ||  .0 |  .0 |  .0 ||  .0 |  .0 |  .0 |
|  .0 |  .0 |  .0 ||  .0 |  .0 |  .0 ||  .0 |  .0 |  .0 |
|========+========+========||========+========+========||========+========+========|
|  .0 |  .0 |  .0 ||  .0 |  .0 |  .0 ||  .0 |  .0 |  .0 |
|  .0 |  .0 |  .0 ||  .0 |  .0 |  .0 ||  .0 |  .0 |  .0 |
|  .0 |  .0 |  .0 ||  .0 |  .0 |  .0 ||  .0 |  .0 |  .0 |

, state=
| -0. | -0. | -0. ||*-0. |*-0. |*-0. || -0. | -0. | -0. |
| -0. | -0. | -0. ||*-0. |*-0. |*-0. || -0. | -0. | -0. |
| -0. | -0. |  1. ||*-0. |*-0. |*-0. ||  1. | -0. | -0. |
|=====+=====+=====||=====+=====+=====||=====+=====+=====|
| -0. | -0. | -0. || -0. | -0. | -0. || -0. | -0. | -0. |
| -0. | -0. | -0. || -0. | -0. | -0. || -0. | -0. | -0. |
| -0. | -0. | -0. || -0. | -0. | -0. || -0. | -0. | -0. |
|=====+=====+=====||=====+=====+=====||=====+=====+=====|
| -1. | -0. | -0. || -0. | -0. | -0. || -0. | -1. | -1. |
| -0. | -0. | -0. || -0. | -0. | -0. || -0. | -0. | -0. |
| -0. | -0. | -0. || -0. | -0. |  1. || -0. | -1. | -0. |

, evalForThisState=1.0, isPlayerOneTurnOriginally=false}, StateDatum{MCTSProbabilites=
|  .0919 |  .1966 |  .1313 ||  .0 |  .0 |  .0 ||  .0 |  .0 |  .0 |
|  .1115 |  .0286 |  .1275 ||  .0 |  .0 |  .0 ||  .0 |  .0 |  .0 |
|  .1154 |  .1972 |  .0 ||  .0 |  .0 |  .0 ||  .0 |  .0 |  .0 |
|========+========+========||========+========+========||========+========+========|
|  .0 |  .0 |  .0 ||  .0 |  .0 |  .0 ||  .0 |  .0 |  .0 |
|  .0 |  .0 |  .0 ||  .0 |  .0 |  .0 ||  .0 |  .0 |  .0 |
|  .0 |  .0 |  .0 ||  .0 |  .0 |  .0 ||  .0 |  .0 |  .0 |
|========+========+========||========+========+========||========+========+========|
|  .0 |  .0 |  .0 ||  .0 |  .0 |  .0 ||  .0 |  .0 |  .0 |
|  .0 |  .0 |  .0 ||  .0 |  .0 |  .0 ||  .0 |  .0 |  .0 |
|  .0 |  .0 |  .0 ||  .0 |  .0 |  .0 ||  .0 |  .0 |  .0 |

, state=
|* 0. |* 0. |* 0. || -1. |  0. |  0. ||  0. |  0. |  0. |
|* 0. |* 0. |* 0. ||  0. |  0. |  0. ||  0. |  0. |  0. |
|* 0. |* 0. |*-1. ||  0. |  0. |  0. || -1. |  0. |  0. |
|=====+=====+=====||=====+=====+=====||=====+=====+=====|
|  0. |  0. |  0. ||  0. |  0. |  0. ||  0. |  0. |  0. |
|  0. |  0. |  0. ||  0. |  0. |  0. ||  0. |  0. |  0. |
|  0. |  0. |  0. ||  0. |  0. |  0. ||  0. |  0. |  0. |
|=====+=====+=====||=====+=====+=====||=====+=====+=====|
|  1. |  0. |  0. ||  0. |  0. |  0. ||  0. |  1. |  1. |
|  0. |  0. |  0. ||  0. |  0. |  0. ||  0. |  0. |  0. |
|  0. |  0. |  0. ||  0. |  0. | -1. ||  0. |  1. |  0. |

, evalForThisState=-1.0, isPlayerOneTurnOriginally=true}, StateDatum{MCTSProbabilites=
|  .0 |  .0 |  .0 ||  .0 |  .0 |  .0 ||  .0 |  .0 |  .0 |
|  .0 |  .0 |  .0 ||  .0 |  .0 |  .0 ||  .0 |  .0 |  .0 |
|  .0 |  .0 |  .0 ||  .0 |  .0 |  .0 ||  .0 |  .0 |  .0 |
|========+========+========||========+========+========||========+========+========|
|  .0 |  .0 |  .0 ||  .0 |  .0 |  .0 ||  .0 |  .0 |  .0 |
|  .0 |  .0 |  .0 ||  .0 |  .0 |  .0 ||  .0 |  .0 |  .0 |
|  .0 |  .0 |  .0 ||  .0 |  .0 |  .0 ||  .0 |  .0 |  .0 |
|========+========+========||========+========+========||========+========+========|
|  .0 |  .0 |  .0 ||  .1346 |  .1204 |  .0429 ||  .0 |  .0 |  .0 |
|  .0 |  .0 |  .0 ||  .1618 |  .1804 |  .1154 ||  .0 |  .0 |  .0 |
|  .0 |  .0 |  .0 ||  .1226 |  .1219 |  .0 ||  .0 |  .0 |  .0 |

, state=
| -0. | -0. | -0. ||  1. | -0. | -0. || -0. | -0. | -0. |
| -0. | -0. | -0. || -0. | -0. | -0. || -0. | -0. | -0. |
| -0. | -1. |  1. || -0. | -0. | -0. ||  1. | -0. | -0. |
|=====+=====+=====||=====+=====+=====||=====+=====+=====|
| -0. | -0. | -0. || -0. | -0. | -0. || -0. | -0. | -0. |
| -0. | -0. | -0. || -0. | -0. | -0. || -0. | -0. | -0. |
| -0. | -0. | -0. || -0. | -0. | -0. || -0. | -0. | -0. |
|=====+=====+=====||=====+=====+=====||=====+=====+=====|
| -1. | -0. | -0. ||*-0. |*-0. |*-0. || -0. | -1. | -1. |
| -0. | -0. | -0. ||*-0. |*-0. |*-0. || -0. | -0. | -0. |
| -0. | -0. | -0. ||*-0. |*-0. |* 1. || -0. | -1. | -0. |

, evalForThisState=1.0, isPlayerOneTurnOriginally=false}, StateDatum{MCTSProbabilites=
|  .0 |  .0 |  .0 ||  .0 |  .0 |  .0 ||  .0 |  .0 |  .0 |
|  .0 |  .0 |  .0 ||  .0 |  .0 |  .0 ||  .0 |  .0 |  .0 |
|  .0 |  .0 |  .0 ||  .0 |  .0 |  .0 ||  .0 |  .0 |  .0 |
|========+========+========||========+========+========||========+========+========|
|  .0 |  .0 |  .0 ||  .1477 |  .1282 |  .0867 ||  .0 |  .0 |  .0 |
|  .0 |  .0 |  .0 ||  .1322 |  .1663 |  .0219 ||  .0 |  .0 |  .0 |
|  .0 |  .0 |  .0 ||  .1069 |  .1273 |  .0827 ||  .0 |  .0 |  .0 |
|========+========+========||========+========+========||========+========+========|
|  .0 |  .0 |  .0 ||  .0 |  .0 |  .0 ||  .0 |  .0 |  .0 |
|  .0 |  .0 |  .0 ||  .0 |  .0 |  .0 ||  .0 |  .0 |  .0 |
|  .0 |  .0 |  .0 ||  .0 |  .0 |  .0 ||  .0 |  .0 |  .0 |

, state=
|  0. |  0. |  0. || -1. |  0. |  0. ||  0. |  0. |  0. |
|  0. |  0. |  0. ||  0. |  0. |  0. ||  0. |  0. |  0. |
|  0. |  1. | -1. ||  0. |  0. |  0. || -1. |  0. |  0. |
|=====+=====+=====||=====+=====+=====||=====+=====+=====|
|  0. |  0. |  0. ||* 0. |* 0. |* 0. ||  0. |  0. |  0. |
|  0. |  0. |  0. ||* 0. |* 0. |* 0. ||  0. |  0. |  0. |
|  0. |  0. |  0. ||* 0. |* 0. |* 0. ||  0. |  0. |  0. |
|=====+=====+=====||=====+=====+=====||=====+=====+=====|
|  1. |  0. |  0. ||  0. |  0. |  0. ||  0. |  1. |  1. |
|  0. |  0. |  0. ||  0. | -1. |  0. ||  0. |  0. |  0. |
|  0. |  0. |  0. ||  0. |  0. | -1. ||  0. |  1. |  0. |

, evalForThisState=-1.0, isPlayerOneTurnOriginally=true}, StateDatum{MCTSProbabilites=
|  .0 |  .0 |  .0 ||  .0 |  .0 |  .0 ||  .0 |  .0 |  .0 |
|  .0 |  .0 |  .0 ||  .0 |  .0 |  .0 ||  .0 |  .0 |  .0 |
|  .0 |  .0 |  .0 ||  .0 |  .0 |  .0 ||  .0 |  .0 |  .0 |
|========+========+========||========+========+========||========+========+========|
|  .0 |  .0 |  .0 ||  .1683 |  .1809 |  .1833 ||  .0 |  .0 |  .0 |
|  .0 |  .0 |  .0 ||  .017 |  .0 |  .1492 ||  .0 |  .0 |  .0 |
|  .0 |  .0 |  .0 ||  .1822 |  .0252 |  .0938 ||  .0 |  .0 |  .0 |
|========+========+========||========+========+========||========+========+========|
|  .0 |  .0 |  .0 ||  .0 |  .0 |  .0 ||  .0 |  .0 |  .0 |
|  .0 |  .0 |  .0 ||  .0 |  .0 |  .0 ||  .0 |  .0 |  .0 |
|  .0 |  .0 |  .0 ||  .0 |  .0 |  .0 ||  .0 |  .0 |  .0 |

, state=
| -0. | -0. | -0. ||  1. | -0. | -0. || -0. | -0. | -0. |
| -0. | -0. | -0. || -0. | -0. | -0. || -0. | -0. | -0. |
| -0. | -1. |  1. || -0. | -0. | -0. ||  1. | -0. | -0. |
|=====+=====+=====||=====+=====+=====||=====+=====+=====|
| -0. | -0. | -0. ||*-0. |*-0. |*-0. || -0. | -0. | -0. |
| -0. | -0. | -0. ||*-0. |*-1. |*-0. || -0. | -0. | -0. |
| -0. | -0. | -0. ||*-0. |*-0. |*-0. || -0. | -0. | -0. |
|=====+=====+=====||=====+=====+=====||=====+=====+=====|
| -1. | -0. | -0. || -0. | -0. | -0. || -0. | -1. | -1. |
| -0. | -0. | -0. || -0. |  1. | -0. || -0. | -0. | -0. |
| -0. | -0. | -0. || -0. | -0. |  1. || -0. | -1. | -0. |

, evalForThisState=1.0, isPlayerOneTurnOriginally=false}, StateDatum{MCTSProbabilites=
|  .0 |  .0 |  .0 ||  .0 |  .0 |  .0 ||  .1176 |  .0589 |  .12 |
|  .0 |  .0 |  .0 ||  .0 |  .0 |  .0 ||  .1687 |  .1739 |  .1305 |
|  .0 |  .0 |  .0 ||  .0 |  .0 |  .0 ||  .0 |  .1457 |  .0847 |
|========+========+========||========+========+========||========+========+========|
|  .0 |  .0 |  .0 ||  .0 |  .0 |  .0 ||  .0 |  .0 |  .0 |
|  .0 |  .0 |  .0 ||  .0 |  .0 |  .0 ||  .0 |  .0 |  .0 |
|  .0 |  .0 |  .0 ||  .0 |  .0 |  .0 ||  .0 |  .0 |  .0 |
|========+========+========||========+========+========||========+========+========|
|  .0 |  .0 |  .0 ||  .0 |  .0 |  .0 ||  .0 |  .0 |  .0 |
|  .0 |  .0 |  .0 ||  .0 |  .0 |  .0 ||  .0 |  .0 |  .0 |
|  .0 |  .0 |  .0 ||  .0 |  .0 |  .0 ||  .0 |  .0 |  .0 |

, state=
|  0. |  0. |  0. || -1. |  0. |  0. ||* 0. |* 0. |* 0. |
|  0. |  0. |  0. ||  0. |  0. |  0. ||* 0. |* 0. |* 0. |
|  0. |  1. | -1. ||  0. |  0. |  0. ||*-1. |* 0. |* 0. |
|=====+=====+=====||=====+=====+=====||=====+=====+=====|
|  0. |  0. |  0. ||  0. |  0. | -1. ||  0. |  0. |  0. |
|  0. |  0. |  0. ||  0. |  1. |  0. ||  0. |  0. |  0. |
|  0. |  0. |  0. ||  0. |  0. |  0. ||  0. |  0. |  0. |
|=====+=====+=====||=====+=====+=====||=====+=====+=====|
|  1. |  0. |  0. ||  0. |  0. |  0. ||  0. |  1. |  1. |
|  0. |  0. |  0. ||  0. | -1. |  0. ||  0. |  0. |  0. |
|  0. |  0. |  0. ||  0. |  0. | -1. ||  0. |  1. |  0. |

, evalForThisState=-1.0, isPlayerOneTurnOriginally=true}, StateDatum{MCTSProbabilites=
|  .0 |  .0 |  .0 ||  .0 |  .0 |  .0 ||  .0 |  .0 |  .0 |
|  .0 |  .0 |  .0 ||  .0 |  .0 |  .0 ||  .0 |  .0 |  .0 |
|  .0 |  .0 |  .0 ||  .0 |  .0 |  .0 ||  .0 |  .0 |  .0 |
|========+========+========||========+========+========||========+========+========|
|  .0 |  .0 |  .0 ||  .1484 |  .1673 |  .0 ||  .0 |  .0 |  .0 |
|  .0 |  .0 |  .0 ||  .1921 |  .0 |  .1622 ||  .0 |  .0 |  .0 |
|  .0 |  .0 |  .0 ||  .0912 |  .1577 |  .0811 ||  .0 |  .0 |  .0 |
|========+========+========||========+========+========||========+========+========|
|  .0 |  .0 |  .0 ||  .0 |  .0 |  .0 ||  .0 |  .0 |  .0 |
|  .0 |  .0 |  .0 ||  .0 |  .0 |  .0 ||  .0 |  .0 |  .0 |
|  .0 |  .0 |  .0 ||  .0 |  .0 |  .0 ||  .0 |  .0 |  .0 |

, state=
| -0. | -0. | -0. ||  1. | -0. | -0. || -0. | -0. | -0. |
| -0. | -0. | -0. || -0. | -0. | -0. || -0. | -1. | -0. |
| -0. | -1. |  1. || -0. | -0. | -0. ||  1. | -0. | -0. |
|=====+=====+=====||=====+=====+=====||=====+=====+=====|
| -0. | -0. | -0. ||*-0. |*-0. |* 1. || -0. | -0. | -0. |
| -0. | -0. | -0. ||*-0. |*-1. |*-0. || -0. | -0. | -0. |
| -0. | -0. | -0. ||*-0. |*-0. |*-0. || -0. | -0. | -0. |
|=====+=====+=====||=====+=====+=====||=====+=====+=====|
| -1. | -0. | -0. || -0. | -0. | -0. || -0. | -1. | -1. |
| -0. | -0. | -0. || -0. |  1. | -0. || -0. | -0. | -0. |
| -0. | -0. | -0. || -0. | -0. |  1. || -0. | -1. | -0. |

, evalForThisState=1.0, isPlayerOneTurnOriginally=false}, StateDatum{MCTSProbabilites=
|  .0 |  .0 |  .0 ||  .0 |  .0 |  .0 ||  .0 |  .0 |  .0 |
|  .0 |  .0 |  .0 ||  .0 |  .0 |  .0 ||  .0 |  .0 |  .0 |
|  .0 |  .0 |  .0 ||  .0 |  .0 |  .0 ||  .0 |  .0 |  .0 |
|========+========+========||========+========+========||========+========+========|
|  .1448 |  .1092 |  .1546 ||  .0 |  .0 |  .0 ||  .0 |  .0 |  .0 |
|  .0955 |  .1249 |  .099 ||  .0 |  .0 |  .0 ||  .0 |  .0 |  .0 |
|  .1307 |  .077 |  .0643 ||  .0 |  .0 |  .0 ||  .0 |  .0 |  .0 |
|========+========+========||========+========+========||========+========+========|
|  .0 |  .0 |  .0 ||  .0 |  .0 |  .0 ||  .0 |  .0 |  .0 |
|  .0 |  .0 |  .0 ||  .0 |  .0 |  .0 ||  .0 |  .0 |  .0 |
|  .0 |  .0 |  .0 ||  .0 |  .0 |  .0 ||  .0 |  .0 |  .0 |

, state=
|  0. |  0. |  0. || -1. |  0. |  0. ||  0. |  0. |  0. |
|  0. |  0. |  0. ||  0. |  0. |  0. ||  0. |  1. |  0. |
|  0. |  1. | -1. ||  0. |  0. |  0. || -1. |  0. |  0. |
|=====+=====+=====||=====+=====+=====||=====+=====+=====|
|* 0. |* 0. |* 0. ||  0. |  0. | -1. ||  0. |  0. |  0. |
|* 0. |* 0. |* 0. || -1. |  1. |  0. ||  0. |  0. |  0. |
|* 0. |* 0. |* 0. ||  0. |  0. |  0. ||  0. |  0. |  0. |
|=====+=====+=====||=====+=====+=====||=====+=====+=====|
|  1. |  0. |  0. ||  0. |  0. |  0. ||  0. |  1. |  1. |
|  0. |  0. |  0. ||  0. | -1. |  0. ||  0. |  0. |  0. |
|  0. |  0. |  0. ||  0. |  0. | -1. ||  0. |  1. |  0. |

, evalForThisState=-1.0, isPlayerOneTurnOriginally=true}, StateDatum{MCTSProbabilites=
|  .0 |  .0 |  .0 ||  .0 |  .0 |  .0 ||  .1419 |  .123 |  .1276 |
|  .0 |  .0 |  .0 ||  .0 |  .0 |  .0 ||  .1732 |  .0 |  .1889 |
|  .0 |  .0 |  .0 ||  .0 |  .0 |  .0 ||  .0 |  .1397 |  .1057 |
|========+========+========||========+========+========||========+========+========|
|  .0 |  .0 |  .0 ||  .0 |  .0 |  .0 ||  .0 |  .0 |  .0 |
|  .0 |  .0 |  .0 ||  .0 |  .0 |  .0 ||  .0 |  .0 |  .0 |
|  .0 |  .0 |  .0 ||  .0 |  .0 |  .0 ||  .0 |  .0 |  .0 |
|========+========+========||========+========+========||========+========+========|
|  .0 |  .0 |  .0 ||  .0 |  .0 |  .0 ||  .0 |  .0 |  .0 |
|  .0 |  .0 |  .0 ||  .0 |  .0 |  .0 ||  .0 |  .0 |  .0 |
|  .0 |  .0 |  .0 ||  .0 |  .0 |  .0 ||  .0 |  .0 |  .0 |

, state=
| -0. | -0. | -0. ||  1. | -0. | -0. ||*-0. |*-0. |*-0. |
| -0. | -0. | -0. || -0. | -0. | -0. ||*-0. |*-1. |*-0. |
| -0. | -1. |  1. || -0. | -0. | -0. ||* 1. |*-0. |*-0. |
|=====+=====+=====||=====+=====+=====||=====+=====+=====|
| -0. | -0. | -1. || -0. | -0. |  1. || -0. | -0. | -0. |
| -0. | -0. | -0. ||  1. | -1. | -0. || -0. | -0. | -0. |
| -0. | -0. | -0. || -0. | -0. | -0. || -0. | -0. | -0. |
|=====+=====+=====||=====+=====+=====||=====+=====+=====|
| -1. | -0. | -0. || -0. | -0. | -0. || -0. | -1. | -1. |
| -0. | -0. | -0. || -0. |  1. | -0. || -0. | -0. | -0. |
| -0. | -0. | -0. || -0. | -0. |  1. || -0. | -1. | -0. |

, evalForThisState=1.0, isPlayerOneTurnOriginally=false}, StateDatum{MCTSProbabilites=
|  .0 |  .0 |  .0 ||  .0 |  .0 |  .0 ||  .0 |  .0 |  .0 |
|  .0 |  .0 |  .0 ||  .0 |  .0 |  .0 ||  .0 |  .0 |  .0 |
|  .0 |  .0 |  .0 ||  .0 |  .0 |  .0 ||  .0 |  .0 |  .0 |
|========+========+========||========+========+========||========+========+========|
|  .0 |  .0 |  .0 ||  .0 |  .0 |  .0 ||  .1167 |  .0465 |  .1368 |
|  .0 |  .0 |  .0 ||  .0 |  .0 |  .0 ||  .1104 |  .1269 |  .1197 |
|  .0 |  .0 |  .0 ||  .0 |  .0 |  .0 ||  .1329 |  .1223 |  .0878 |
|========+========+========||========+========+========||========+========+========|
|  .0 |  .0 |  .0 ||  .0 |  .0 |  .0 ||  .0 |  .0 |  .0 |
|  .0 |  .0 |  .0 ||  .0 |  .0 |  .0 ||  .0 |  .0 |  .0 |
|  .0 |  .0 |  .0 ||  .0 |  .0 |  .0 ||  .0 |  .0 |  .0 |

, state=
|  0. |  0. |  0. || -1. |  0. |  0. ||  0. |  0. |  0. |
|  0. |  0. |  0. ||  0. |  0. |  0. ||  0. |  1. | -1. |
|  0. |  1. | -1. ||  0. |  0. |  0. || -1. |  0. |  0. |
|=====+=====+=====||=====+=====+=====||=====+=====+=====|
|  0. |  0. |  1. ||  0. |  0. | -1. ||* 0. |* 0. |* 0. |
|  0. |  0. |  0. || -1. |  1. |  0. ||* 0. |* 0. |* 0. |
|  0. |  0. |  0. ||  0. |  0. |  0. ||* 0. |* 0. |* 0. |
|=====+=====+=====||=====+=====+=====||=====+=====+=====|
|  1. |  0. |  0. ||  0. |  0. |  0. ||  0. |  1. |  1. |
|  0. |  0. |  0. ||  0. | -1. |  0. ||  0. |  0. |  0. |
|  0. |  0. |  0. ||  0. |  0. | -1. ||  0. |  1. |  0. |

, evalForThisState=-1.0, isPlayerOneTurnOriginally=true}, StateDatum{MCTSProbabilites=
|  .0 |  .0 |  .0 ||  .0 |  .0 |  .0 ||  .1809 |  .1676 |  .116 |
|  .0 |  .0 |  .0 ||  .0 |  .0 |  .0 ||  .1831 |  .0 |  .0 |
|  .0 |  .0 |  .0 ||  .0 |  .0 |  .0 ||  .0 |  .1785 |  .1739 |
|========+========+========||========+========+========||========+========+========|
|  .0 |  .0 |  .0 ||  .0 |  .0 |  .0 ||  .0 |  .0 |  .0 |
|  .0 |  .0 |  .0 ||  .0 |  .0 |  .0 ||  .0 |  .0 |  .0 |
|  .0 |  .0 |  .0 ||  .0 |  .0 |  .0 ||  .0 |  .0 |  .0 |
|========+========+========||========+========+========||========+========+========|
|  .0 |  .0 |  .0 ||  .0 |  .0 |  .0 ||  .0 |  .0 |  .0 |
|  .0 |  .0 |  .0 ||  .0 |  .0 |  .0 ||  .0 |  .0 |  .0 |
|  .0 |  .0 |  .0 ||  .0 |  .0 |  .0 ||  .0 |  .0 |  .0 |

, state=
| -0. | -0. | -0. ||  1. | -0. | -0. ||*-0. |*-0. |*-0. |
| -0. | -0. | -0. || -0. | -0. | -0. ||*-0. |*-1. |* 1. |
| -0. | -1. |  1. || -0. | -0. | -0. ||* 1. |*-0. |*-0. |
|=====+=====+=====||=====+=====+=====||=====+=====+=====|
| -0. | -0. | -1. || -0. | -0. |  1. || -0. | -0. | -1. |
| -0. | -0. | -0. ||  1. | -1. | -0. || -0. | -0. | -0. |
| -0. | -0. | -0. || -0. | -0. | -0. || -0. | -0. | -0. |
|=====+=====+=====||=====+=====+=====||=====+=====+=====|
| -1. | -0. | -0. || -0. | -0. | -0. || -0. | -1. | -1. |
| -0. | -0. | -0. || -0. |  1. | -0. || -0. | -0. | -0. |
| -0. | -0. | -0. || -0. | -0. |  1. || -0. | -1. | -0. |

, evalForThisState=1.0, isPlayerOneTurnOriginally=false}, StateDatum{MCTSProbabilites=
|  .0 |  .0 |  .0 ||  .0 |  .0 |  .0 ||  .0 |  .0 |  .0 |
|  .0 |  .0 |  .0 ||  .0 |  .0 |  .0 ||  .0 |  .0 |  .0 |
|  .0 |  .0 |  .0 ||  .0 |  .0 |  .0 ||  .0 |  .0 |  .0 |
|========+========+========||========+========+========||========+========+========|
|  .1527 |  .1149 |  .0 ||  .0 |  .0 |  .0 ||  .0 |  .0 |  .0 |
|  .1254 |  .1156 |  .0963 ||  .0 |  .0 |  .0 ||  .0 |  .0 |  .0 |
|  .1216 |  .159 |  .1145 ||  .0 |  .0 |  .0 ||  .0 |  .0 |  .0 |
|========+========+========||========+========+========||========+========+========|
|  .0 |  .0 |  .0 ||  .0 |  .0 |  .0 ||  .0 |  .0 |  .0 |
|  .0 |  .0 |  .0 ||  .0 |  .0 |  .0 ||  .0 |  .0 |  .0 |
|  .0 |  .0 |  .0 ||  .0 |  .0 |  .0 ||  .0 |  .0 |  .0 |

, state=
|  0. |  0. |  0. || -1. |  0. |  0. ||  0. |  0. |  0. |
|  0. |  0. |  0. ||  0. |  0. |  0. || -1. |  1. | -1. |
|  0. |  1. | -1. ||  0. |  0. |  0. || -1. |  0. |  0. |
|=====+=====+=====||=====+=====+=====||=====+=====+=====|
|* 0. |* 0. |* 1. ||  0. |  0. | -1. ||  0. |  0. |  1. |
|* 0. |* 0. |* 0. || -1. |  1. |  0. ||  0. |  0. |  0. |
|* 0. |* 0. |* 0. ||  0. |  0. |  0. ||  0. |  0. |  0. |
|=====+=====+=====||=====+=====+=====||=====+=====+=====|
|  1. |  0. |  0. ||  0. |  0. |  0. ||  0. |  1. |  1. |
|  0. |  0. |  0. ||  0. | -1. |  0. ||  0. |  0. |  0. |
|  0. |  0. |  0. ||  0. |  0. | -1. ||  0. |  1. |  0. |

, evalForThisState=-1.0, isPlayerOneTurnOriginally=true}, StateDatum{MCTSProbabilites=
|  .0 |  .0 |  .0 ||  .0 |  .0 |  .0 ||  .0 |  .0 |  .0 |
|  .0 |  .0 |  .0 ||  .0 |  .0 |  .0 ||  .0 |  .0 |  .0 |
|  .0 |  .0 |  .0 ||  .0 |  .0 |  .0 ||  .0 |  .0 |  .0 |
|========+========+========||========+========+========||========+========+========|
|  .0 |  .0 |  .0 ||  .0 |  .0 |  .0 ||  .0 |  .0 |  .0 |
|  .0 |  .0 |  .0 ||  .0 |  .0 |  .0 ||  .0 |  .0 |  .0 |
|  .0 |  .0 |  .0 ||  .0 |  .0 |  .0 ||  .0 |  .0 |  .0 |
|========+========+========||========+========+========||========+========+========|
|  .0 |  .0 |  .0 ||  .1365 |  .1475 |  .1637 ||  .0 |  .0 |  .0 |
|  .0 |  .0 |  .0 ||  .1387 |  .0 |  .1329 ||  .0 |  .0 |  .0 |
|  .0 |  .0 |  .0 ||  .1333 |  .1474 |  .0 ||  .0 |  .0 |  .0 |

, state=
| -0. | -0. | -0. ||  1. | -0. | -0. || -0. | -0. | -0. |
| -0. | -0. | -0. || -0. | -0. | -0. ||  1. | -1. |  1. |
| -0. | -1. |  1. || -0. | -0. | -0. ||  1. | -0. | -0. |
|=====+=====+=====||=====+=====+=====||=====+=====+=====|
| -0. | -0. | -1. || -0. | -0. |  1. || -0. | -0. | -1. |
| -0. | -0. | -0. ||  1. | -1. | -0. || -0. | -0. | -0. |
| -0. | -1. | -0. || -0. | -0. | -0. || -0. | -0. | -0. |
|=====+=====+=====||=====+=====+=====||=====+=====+=====|
| -1. | -0. | -0. ||*-0. |*-0. |*-0. || -0. | -1. | -1. |
| -0. | -0. | -0. ||*-0. |* 1. |*-0. || -0. | -0. | -0. |
| -0. | -0. | -0. ||*-0. |*-0. |* 1. || -0. | -1. | -0. |

, evalForThisState=1.0, isPlayerOneTurnOriginally=false}, StateDatum{MCTSProbabilites=
|  .0 |  .0 |  .0 ||  .0 |  .0 |  .0 ||  .0558 |  .4249 |  .073 |
|  .0 |  .0 |  .0 ||  .0 |  .0 |  .0 ||  .0 |  .0 |  .0 |
|  .0 |  .0 |  .0 ||  .0 |  .0 |  .0 ||  .0 |  .3818 |  .0645 |
|========+========+========||========+========+========||========+========+========|
|  .0 |  .0 |  .0 ||  .0 |  .0 |  .0 ||  .0 |  .0 |  .0 |
|  .0 |  .0 |  .0 ||  .0 |  .0 |  .0 ||  .0 |  .0 |  .0 |
|  .0 |  .0 |  .0 ||  .0 |  .0 |  .0 ||  .0 |  .0 |  .0 |
|========+========+========||========+========+========||========+========+========|
|  .0 |  .0 |  .0 ||  .0 |  .0 |  .0 ||  .0 |  .0 |  .0 |
|  .0 |  .0 |  .0 ||  .0 |  .0 |  .0 ||  .0 |  .0 |  .0 |
|  .0 |  .0 |  .0 ||  .0 |  .0 |  .0 ||  .0 |  .0 |  .0 |

, state=
|  0. |  0. |  0. || -1. |  0. |  0. ||* 0. |* 0. |* 0. |
|  0. |  0. |  0. ||  0. |  0. |  0. ||*-1. |* 1. |*-1. |
|  0. |  1. | -1. ||  0. |  0. |  0. ||*-1. |* 0. |* 0. |
|=====+=====+=====||=====+=====+=====||=====+=====+=====|
|  0. |  0. |  1. ||  0. |  0. | -1. ||  0. |  0. |  1. |
|  0. |  0. |  0. || -1. |  1. |  0. ||  0. |  0. |  0. |
|  0. |  1. |  0. ||  0. |  0. |  0. ||  0. |  0. |  0. |
|=====+=====+=====||=====+=====+=====||=====+=====+=====|
|  1. |  0. |  0. ||  0. |  0. | -1. ||  0. |  1. |  1. |
|  0. |  0. |  0. ||  0. | -1. |  0. ||  0. |  0. |  0. |
|  0. |  0. |  0. ||  0. |  0. | -1. ||  0. |  1. |  0. |

, evalForThisState=-1.0, isPlayerOneTurnOriginally=true}, StateDatum{MCTSProbabilites=
|  .0 |  .0 |  .0 ||  .0 |  .1519 |  .187 ||  .0 |  .0 |  .0 |
|  .0 |  .0 |  .0 ||  .1283 |  .1109 |  .1129 ||  .0 |  .0 |  .0 |
|  .0 |  .0 |  .0 ||  .1155 |  .0919 |  .1016 ||  .0 |  .0 |  .0 |
|========+========+========||========+========+========||========+========+========|
|  .0 |  .0 |  .0 ||  .0 |  .0 |  .0 ||  .0 |  .0 |  .0 |
|  .0 |  .0 |  .0 ||  .0 |  .0 |  .0 ||  .0 |  .0 |  .0 |
|  .0 |  .0 |  .0 ||  .0 |  .0 |  .0 ||  .0 |  .0 |  .0 |
|========+========+========||========+========+========||========+========+========|
|  .0 |  .0 |  .0 ||  .0 |  .0 |  .0 ||  .0 |  .0 |  .0 |
|  .0 |  .0 |  .0 ||  .0 |  .0 |  .0 ||  .0 |  .0 |  .0 |
|  .0 |  .0 |  .0 ||  .0 |  .0 |  .0 ||  .0 |  .0 |  .0 |

, state=
| -0. | -0. | -0. ||* 1. |*-0. |*-0. || -0. | -1. | -0. |
| -0. | -0. | -0. ||*-0. |*-0. |*-0. ||  1. | -1. |  1. |
| -0. | -1. |  1. ||*-0. |*-0. |*-0. ||  1. | -0. | -0. |
|=====+=====+=====||=====+=====+=====||=====+=====+=====|
| -0. | -0. | -1. || -0. | -0. |  1. || -0. | -0. | -1. |
| -0. | -0. | -0. ||  1. | -1. | -0. || -0. | -0. | -0. |
| -0. | -1. | -0. || -0. | -0. | -0. || -0. | -0. | -0. |
|=====+=====+=====||=====+=====+=====||=====+=====+=====|
| -1. | -0. | -0. || -0. | -0. |  1. || -0. | -1. | -1. |
| -0. | -0. | -0. || -0. |  1. | -0. || -0. | -0. | -0. |
| -0. | -0. | -0. || -0. | -0. |  1. || -0. | -1. | -0. |

, evalForThisState=1.0, isPlayerOneTurnOriginally=false}, StateDatum{MCTSProbabilites=
|  .0 |  .0 |  .0 ||  .0 |  .0 |  .0 ||  .4709 |  .0 |  .0455 |
|  .0 |  .0 |  .0 ||  .0 |  .0 |  .0 ||  .0 |  .0 |  .0 |
|  .0 |  .0 |  .0 ||  .0 |  .0 |  .0 ||  .0 |  .0643 |  .4192 |
|========+========+========||========+========+========||========+========+========|
|  .0 |  .0 |  .0 ||  .0 |  .0 |  .0 ||  .0 |  .0 |  .0 |
|  .0 |  .0 |  .0 ||  .0 |  .0 |  .0 ||  .0 |  .0 |  .0 |
|  .0 |  .0 |  .0 ||  .0 |  .0 |  .0 ||  .0 |  .0 |  .0 |
|========+========+========||========+========+========||========+========+========|
|  .0 |  .0 |  .0 ||  .0 |  .0 |  .0 ||  .0 |  .0 |  .0 |
|  .0 |  .0 |  .0 ||  .0 |  .0 |  .0 ||  .0 |  .0 |  .0 |
|  .0 |  .0 |  .0 ||  .0 |  .0 |  .0 ||  .0 |  .0 |  .0 |

, state=
|  0. |  0. |  0. || -1. |  0. | -1. ||* 0. |* 1. |* 0. |
|  0. |  0. |  0. ||  0. |  0. |  0. ||*-1. |* 1. |*-1. |
|  0. |  1. | -1. ||  0. |  0. |  0. ||*-1. |* 0. |* 0. |
|=====+=====+=====||=====+=====+=====||=====+=====+=====|
|  0. |  0. |  1. ||  0. |  0. | -1. ||  0. |  0. |  1. |
|  0. |  0. |  0. || -1. |  1. |  0. ||  0. |  0. |  0. |
|  0. |  1. |  0. ||  0. |  0. |  0. ||  0. |  0. |  0. |
|=====+=====+=====||=====+=====+=====||=====+=====+=====|
|  1. |  0. |  0. ||  0. |  0. | -1. ||  0. |  1. |  1. |
|  0. |  0. |  0. ||  0. | -1. |  0. ||  0. |  0. |  0. |
|  0. |  0. |  0. ||  0. |  0. | -1. ||  0. |  1. |  0. |

, evalForThisState=-1.0, isPlayerOneTurnOriginally=true}, StateDatum{MCTSProbabilites=
|  .114 |  .2756 |  .0526 ||  .0 |  .0 |  .0 ||  .0 |  .0 |  .0 |
|  .0068 |  .0822 |  .2531 ||  .0 |  .0 |  .0 ||  .0 |  .0 |  .0 |
|  .2157 |  .0 |  .0 ||  .0 |  .0 |  .0 ||  .0 |  .0 |  .0 |
|========+========+========||========+========+========||========+========+========|
|  .0 |  .0 |  .0 ||  .0 |  .0 |  .0 ||  .0 |  .0 |  .0 |
|  .0 |  .0 |  .0 ||  .0 |  .0 |  .0 ||  .0 |  .0 |  .0 |
|  .0 |  .0 |  .0 ||  .0 |  .0 |  .0 ||  .0 |  .0 |  .0 |
|========+========+========||========+========+========||========+========+========|
|  .0 |  .0 |  .0 ||  .0 |  .0 |  .0 ||  .0 |  .0 |  .0 |
|  .0 |  .0 |  .0 ||  .0 |  .0 |  .0 ||  .0 |  .0 |  .0 |
|  .0 |  .0 |  .0 ||  .0 |  .0 |  .0 ||  .0 |  .0 |  .0 |

, state=
|*-0. |*-0. |*-0. ||  1. | -0. |  1. || -1. | -1. | -0. |
|*-0. |*-0. |*-0. || -0. | -0. | -0. ||  1. | -1. |  1. |
|*-0. |*-1. |* 1. || -0. | -0. | -0. ||  1. | -0. | -0. |
|=====+=====+=====||=====+=====+=====||=====+=====+=====|
| -0. | -0. | -1. || -0. | -0. |  1. || -0. | -0. | -1. |
| -0. | -0. | -0. ||  1. | -1. | -0. || -0. | -0. | -0. |
| -0. | -1. | -0. || -0. | -0. | -0. || -0. | -0. | -0. |
|=====+=====+=====||=====+=====+=====||=====+=====+=====|
| -1. | -0. | -0. || -0. | -0. |  1. || -0. | -1. | -1. |
| -0. | -0. | -0. || -0. |  1. | -0. || -0. | -0. | -0. |
| -0. | -0. | -0. || -0. | -0. |  1. || -0. | -1. | -0. |

, evalForThisState=1.0, isPlayerOneTurnOriginally=false}, StateDatum{MCTSProbabilites=
|  .0 |  .0 |  .0 ||  .0 |  .2692 |  .0 ||  .0 |  .0 |  .0 |
|  .0 |  .0 |  .0 ||  .0363 |  .3385 |  .0383 ||  .0 |  .0 |  .0 |
|  .0 |  .0 |  .0 ||  .0422 |  .243 |  .0324 ||  .0 |  .0 |  .0 |
|========+========+========||========+========+========||========+========+========|
|  .0 |  .0 |  .0 ||  .0 |  .0 |  .0 ||  .0 |  .0 |  .0 |
|  .0 |  .0 |  .0 ||  .0 |  .0 |  .0 ||  .0 |  .0 |  .0 |
|  .0 |  .0 |  .0 ||  .0 |  .0 |  .0 ||  .0 |  .0 |  .0 |
|========+========+========||========+========+========||========+========+========|
|  .0 |  .0 |  .0 ||  .0 |  .0 |  .0 ||  .0 |  .0 |  .0 |
|  .0 |  .0 |  .0 ||  .0 |  .0 |  .0 ||  .0 |  .0 |  .0 |
|  .0 |  .0 |  .0 ||  .0 |  .0 |  .0 ||  .0 |  .0 |  .0 |

, state=
|  0. | -1. |  0. ||*-1. |* 0. |*-1. ||  1. |  1. |  0. |
|  0. |  0. |  0. ||* 0. |* 0. |* 0. || -1. |  1. | -1. |
|  0. |  1. | -1. ||* 0. |* 0. |* 0. || -1. |  0. |  0. |
|=====+=====+=====||=====+=====+=====||=====+=====+=====|
|  0. |  0. |  1. ||  0. |  0. | -1. ||  0. |  0. |  1. |
|  0. |  0. |  0. || -1. |  1. |  0. ||  0. |  0. |  0. |
|  0. |  1. |  0. ||  0. |  0. |  0. ||  0. |  0. |  0. |
|=====+=====+=====||=====+=====+=====||=====+=====+=====|
|  1. |  0. |  0. ||  0. |  0. | -1. ||  0. |  1. |  1. |
|  0. |  0. |  0. ||  0. | -1. |  0. ||  0. |  0. |  0. |
|  0. |  0. |  0. ||  0. |  0. | -1. ||  0. |  1. |  0. |

, evalForThisState=-1.0, isPlayerOneTurnOriginally=true}, StateDatum{MCTSProbabilites=
|  .0 |  .0 |  .0 ||  .0 |  .0 |  .0 ||  .0 |  .0 |  .0 |
|  .0 |  .0 |  .0 ||  .0 |  .0 |  .0 ||  .0 |  .0 |  .0 |
|  .0 |  .0 |  .0 ||  .0 |  .0 |  .0 ||  .0 |  .0 |  .0 |
|========+========+========||========+========+========||========+========+========|
|  .0 |  .0 |  .0 ||  .1878 |  .186 |  .0 ||  .0 |  .0 |  .0 |
|  .0 |  .0 |  .0 ||  .0 |  .0 |  .1263 ||  .0 |  .0 |  .0 |
|  .0 |  .0 |  .0 ||  .2087 |  .1575 |  .1337 ||  .0 |  .0 |  .0 |
|========+========+========||========+========+========||========+========+========|
|  .0 |  .0 |  .0 ||  .0 |  .0 |  .0 ||  .0 |  .0 |  .0 |
|  .0 |  .0 |  .0 ||  .0 |  .0 |  .0 ||  .0 |  .0 |  .0 |
|  .0 |  .0 |  .0 ||  .0 |  .0 |  .0 ||  .0 |  .0 |  .0 |

, state=
| -0. |  1. | -0. ||  1. | -0. |  1. || -1. | -1. | -0. |
| -0. | -0. | -0. || -0. | -1. | -0. ||  1. | -1. |  1. |
| -0. | -1. |  1. || -0. | -0. | -0. ||  1. | -0. | -0. |
|=====+=====+=====||=====+=====+=====||=====+=====+=====|
| -0. | -0. | -1. ||*-0. |*-0. |* 1. || -0. | -0. | -1. |
| -0. | -0. | -0. ||* 1. |*-1. |*-0. || -0. | -0. | -0. |
| -0. | -1. | -0. ||*-0. |*-0. |*-0. || -0. | -0. | -0. |
|=====+=====+=====||=====+=====+=====||=====+=====+=====|
| -1. | -0. | -0. || -0. | -0. |  1. || -0. | -1. | -1. |
| -0. | -0. | -0. || -0. |  1. | -0. || -0. | -0. | -0. |
| -0. | -0. | -0. || -0. | -0. |  1. || -0. | -1. | -0. |

, evalForThisState=1.0, isPlayerOneTurnOriginally=false}, StateDatum{MCTSProbabilites=
|  .0 |  .0 |  .0 ||  .0 |  .0 |  .0 ||  .0 |  .0 |  .0 |
|  .0 |  .0 |  .0 ||  .0 |  .0 |  .0 ||  .0 |  .0 |  .0 |
|  .0 |  .0 |  .0 ||  .0 |  .0 |  .0 ||  .0 |  .0 |  .0 |
|========+========+========||========+========+========||========+========+========|
|  .0 |  .0 |  .0 ||  .0 |  .0 |  .0 ||  .0 |  .0 |  .0 |
|  .0 |  .0 |  .0 ||  .0 |  .0 |  .0 ||  .0 |  .0 |  .0 |
|  .0 |  .0 |  .0 ||  .0 |  .0 |  .0 ||  .0 |  .0 |  .0 |
|========+========+========||========+========+========||========+========+========|
|  .0 |  .2756 |  .1021 ||  .0 |  .0 |  .0 ||  .0 |  .0 |  .0 |
|  .0247 |  .2483 |  .0256 ||  .0 |  .0 |  .0 ||  .0 |  .0 |  .0 |
|  .0207 |  .0943 |  .2088 ||  .0 |  .0 |  .0 ||  .0 |  .0 |  .0 |

, state=
|  0. | -1. |  0. || -1. |  0. | -1. ||  1. |  1. |  0. |
|  0. |  0. |  0. ||  0. |  1. |  0. || -1. |  1. | -1. |
|  0. |  1. | -1. ||  0. |  0. |  0. || -1. |  0. |  0. |
|=====+=====+=====||=====+=====+=====||=====+=====+=====|
|  0. |  0. |  1. ||  0. |  0. | -1. ||  0. |  0. |  1. |
|  0. |  0. |  0. || -1. |  1. |  0. ||  0. |  0. |  0. |
|  0. |  1. |  0. || -1. |  0. |  0. ||  0. |  0. |  0. |
|=====+=====+=====||=====+=====+=====||=====+=====+=====|
|* 1. |* 0. |* 0. ||  0. |  0. | -1. ||  0. |  1. |  1. |
|* 0. |* 0. |* 0. ||  0. | -1. |  0. ||  0. |  0. |  0. |
|* 0. |* 0. |* 0. ||  0. |  0. | -1. ||  0. |  1. |  0. |

, evalForThisState=-1.0, isPlayerOneTurnOriginally=true}, StateDatum{MCTSProbabilites=
|  .0 |  .0 |  .0 ||  .0 |  .3327 |  .0 ||  .0 |  .0 |  .0 |
|  .0 |  .0 |  .0 ||  .1699 |  .0 |  .0746 ||  .0 |  .0 |  .0 |
|  .0 |  .0 |  .0 ||  .1162 |  .1099 |  .1967 ||  .0 |  .0 |  .0 |
|========+========+========||========+========+========||========+========+========|
|  .0 |  .0 |  .0 ||  .0 |  .0 |  .0 ||  .0 |  .0 |  .0 |
|  .0 |  .0 |  .0 ||  .0 |  .0 |  .0 ||  .0 |  .0 |  .0 |
|  .0 |  .0 |  .0 ||  .0 |  .0 |  .0 ||  .0 |  .0 |  .0 |
|========+========+========||========+========+========||========+========+========|
|  .0 |  .0 |  .0 ||  .0 |  .0 |  .0 ||  .0 |  .0 |  .0 |
|  .0 |  .0 |  .0 ||  .0 |  .0 |  .0 ||  .0 |  .0 |  .0 |
|  .0 |  .0 |  .0 ||  .0 |  .0 |  .0 ||  .0 |  .0 |  .0 |

, state=
| -0. |  1. | -0. ||* 1. |*-0. |* 1. || -1. | -1. | -0. |
| -0. | -0. | -0. ||*-0. |*-1. |*-0. ||  1. | -1. |  1. |
| -0. | -1. |  1. ||*-0. |*-0. |*-0. ||  1. | -0. | -0. |
|=====+=====+=====||=====+=====+=====||=====+=====+=====|
| -0. | -0. | -1. || -0. | -0. |  1. || -0. | -0. | -1. |
| -0. | -0. | -0. ||  1. | -1. | -0. || -0. | -0. | -0. |
| -0. | -1. | -0. ||  1. | -0. | -0. || -0. | -0. | -0. |
|=====+=====+=====||=====+=====+=====||=====+=====+=====|
| -1. | -1. | -0. || -0. | -0. |  1. || -0. | -1. | -1. |
| -0. | -0. | -0. || -0. |  1. | -0. || -0. | -0. | -0. |
| -0. | -0. | -0. || -0. | -0. |  1. || -0. | -1. | -0. |

, evalForThisState=1.0, isPlayerOneTurnOriginally=false}, StateDatum{MCTSProbabilites=
|  .015 |  .0 |  .0401 ||  .0 |  .0 |  .0 ||  .0 |  .0 |  .0214 |
|  .023 |  .0448 |  .0158 ||  .0 |  .0 |  .0 ||  .0 |  .0 |  .0 |
|  .0098 |  .0 |  .0 ||  .0 |  .0 |  .0 ||  .0 |  .0256 |  .0191 |
|========+========+========||========+========+========||========+========+========|
|  .0135 |  .0163 |  .0 ||  .0078 |  .0142 |  .0 ||  .0234 |  .0271 |  .0 |
|  .0186 |  .0123 |  .0092 ||  .0 |  .0 |  .0202 ||  .0265 |  .0073 |  .0244 |
|  .0149 |  .0 |  .0215 ||  .0 |  .0277 |  .0163 ||  .0277 |  .0107 |  .0243 |
|========+========+========||========+========+========||========+========+========|
|  .0 |  .0 |  .0059 ||  .0196 |  .0181 |  .0 ||  .0276 |  .0 |  .0 |
|  .0201 |  .0283 |  .0162 ||  .0211 |  .0 |  .0169 ||  .0091 |  .0063 |  .0498 |
|  .0158 |  .0363 |  .03 ||  .0167 |  .036 |  .0 ||  .0181 |  .0 |  .0296 |

, state=
|* 0. |*-1. |* 0. || -1. | -1. | -1. ||* 1. |* 1. |* 0. |
|* 0. |* 0. |* 0. ||  0. |  1. |  0. ||*-1. |* 1. |*-1. |
|* 0. |* 1. |*-1. ||  0. |  0. |  0. ||*-1. |* 0. |* 0. |
|=====+=====+=====||=====+=====+=====||=====+=====+=====|
|* 0. |* 0. |* 1. ||* 0. |* 0. |*-1. ||* 0. |* 0. |* 1. |
|* 0. |* 0. |* 0. ||*-1. |* 1. |* 0. ||* 0. |* 0. |* 0. |
|* 0. |* 1. |* 0. ||*-1. |* 0. |* 0. ||* 0. |* 0. |* 0. |
|=====+=====+=====||=====+=====+=====||=====+=====+=====|
|* 1. |* 1. |* 0. ||* 0. |* 0. |*-1. ||* 0. |* 1. |* 1. |
|* 0. |* 0. |* 0. ||* 0. |*-1. |* 0. ||* 0. |* 0. |* 0. |
|* 0. |* 0. |* 0. ||* 0. |* 0. |*-1. ||* 0. |* 1. |* 0. |

, evalForThisState=-1.0, isPlayerOneTurnOriginally=true}, StateDatum{MCTSProbabilites=
|  .0 |  .0 |  .0 ||  .0 |  .0 |  .0 ||  .0 |  .0 |  .0 |
|  .0 |  .0 |  .0 ||  .0 |  .0 |  .0 ||  .0 |  .0 |  .0 |
|  .0 |  .0 |  .0 ||  .0 |  .0 |  .0 ||  .0 |  .0 |  .0 |
|========+========+========||========+========+========||========+========+========|
|  .0 |  .0 |  .0 ||  .0 |  .0 |  .0 ||  .1397 |  .1467 |  .0 |
|  .0 |  .0 |  .0 ||  .0 |  .0 |  .0 ||  .108 |  .0929 |  .094 |
|  .0 |  .0 |  .0 ||  .0 |  .0 |  .0 ||  .2065 |  .0867 |  .1254 |
|========+========+========||========+========+========||========+========+========|
|  .0 |  .0 |  .0 ||  .0 |  .0 |  .0 ||  .0 |  .0 |  .0 |
|  .0 |  .0 |  .0 ||  .0 |  .0 |  .0 ||  .0 |  .0 |  .0 |
|  .0 |  .0 |  .0 ||  .0 |  .0 |  .0 ||  .0 |  .0 |  .0 |

, state=
| -0. |  1. | -0. ||  1. |  1. |  1. || -1. | -1. | -0. |
| -0. | -0. | -0. || -0. | -1. | -0. ||  1. | -1. |  1. |
| -0. | -1. |  1. || -0. | -0. | -0. ||  1. | -0. | -0. |
|=====+=====+=====||=====+=====+=====||=====+=====+=====|
| -0. | -0. | -1. || -0. | -0. |  1. ||*-0. |*-0. |*-1. |
| -0. | -0. | -0. ||  1. | -1. | -0. ||*-0. |*-0. |*-0. |
| -0. | -1. | -0. ||  1. | -0. | -0. ||*-0. |*-0. |*-0. |
|=====+=====+=====||=====+=====+=====||=====+=====+=====|
| -1. | -1. | -0. || -0. | -0. |  1. || -0. | -1. | -1. |
| -0. | -0. | -0. || -0. |  1. | -0. || -0. | -0. | -1. |
| -0. | -0. | -0. || -0. | -0. |  1. || -0. | -1. | -0. |

, evalForThisState=1.0, isPlayerOneTurnOriginally=false}, StateDatum{MCTSProbabilites=
|  .0 |  .0 |  .0 ||  .0 |  .0 |  .0 ||  .0 |  .0 |  .0 |
|  .0 |  .0 |  .0 ||  .0 |  .0 |  .0 ||  .0 |  .0 |  .0 |
|  .0 |  .0 |  .0 ||  .0 |  .0 |  .0 ||  .0 |  .0 |  .0 |
|========+========+========||========+========+========||========+========+========|
|  .0 |  .0 |  .0 ||  .0 |  .0 |  .0 ||  .0 |  .0 |  .0 |
|  .0 |  .0 |  .0 ||  .0 |  .0 |  .0 ||  .0 |  .0 |  .0 |
|  .0 |  .0 |  .0 ||  .0 |  .0 |  .0 ||  .0 |  .0 |  .0 |
|========+========+========||========+========+========||========+========+========|
|  .0 |  .0 |  .1465 ||  .0 |  .0 |  .0 ||  .0 |  .0 |  .0 |
|  .108 |  .197 |  .1065 ||  .0 |  .0 |  .0 ||  .0 |  .0 |  .0 |
|  .169 |  .1849 |  .0881 ||  .0 |  .0 |  .0 ||  .0 |  .0 |  .0 |

, state=
|  0. | -1. |  0. || -1. | -1. | -1. ||  1. |  1. |  0. |
|  0. |  0. |  0. ||  0. |  1. |  0. || -1. |  1. | -1. |
|  0. |  1. | -1. ||  0. |  0. |  0. || -1. |  0. |  0. |
|=====+=====+=====||=====+=====+=====||=====+=====+=====|
|  0. |  0. |  1. ||  0. |  0. | -1. ||  0. |  0. |  1. |
|  0. |  0. |  0. || -1. |  1. |  0. ||  0. |  0. |  0. |
|  0. |  1. |  0. || -1. |  0. |  0. || -1. |  0. |  0. |
|=====+=====+=====||=====+=====+=====||=====+=====+=====|
|* 1. |* 1. |* 0. ||  0. |  0. | -1. ||  0. |  1. |  1. |
|* 0. |* 0. |* 0. ||  0. | -1. |  0. ||  0. |  0. |  1. |
|* 0. |* 0. |* 0. ||  0. |  0. | -1. ||  0. |  1. |  0. |

, evalForThisState=-1.0, isPlayerOneTurnOriginally=true}, StateDatum{MCTSProbabilites=
|  .0 |  .0 |  .0 ||  .0 |  .0 |  .0 ||  .0 |  .0 |  .0 |
|  .0 |  .0 |  .0 ||  .0 |  .0 |  .0 ||  .0 |  .0 |  .0 |
|  .0 |  .0 |  .0 ||  .0 |  .0 |  .0 ||  .0 |  .0 |  .0 |
|========+========+========||========+========+========||========+========+========|
|  .0 |  .0 |  .0 ||  .926 |  .0209 |  .0 ||  .0 |  .0 |  .0 |
|  .0 |  .0 |  .0 ||  .0 |  .0 |  .0314 ||  .0 |  .0 |  .0 |
|  .0 |  .0 |  .0 ||  .0 |  .0129 |  .0087 ||  .0 |  .0 |  .0 |
|========+========+========||========+========+========||========+========+========|
|  .0 |  .0 |  .0 ||  .0 |  .0 |  .0 ||  .0 |  .0 |  .0 |
|  .0 |  .0 |  .0 ||  .0 |  .0 |  .0 ||  .0 |  .0 |  .0 |
|  .0 |  .0 |  .0 ||  .0 |  .0 |  .0 ||  .0 |  .0 |  .0 |

, state=
| -0. |  1. | -0. ||  1. |  1. |  1. || -1. | -1. | -0. |
| -0. | -0. | -0. || -0. | -1. | -0. ||  1. | -1. |  1. |
| -0. | -1. |  1. || -0. | -0. | -0. ||  1. | -0. | -0. |
|=====+=====+=====||=====+=====+=====||=====+=====+=====|
| -0. | -0. | -1. ||*-0. |*-0. |* 1. || -0. | -0. | -1. |
| -0. | -0. | -0. ||* 1. |*-1. |*-0. || -0. | -0. | -0. |
| -0. | -1. | -0. ||* 1. |*-0. |*-0. ||  1. | -0. | -0. |
|=====+=====+=====||=====+=====+=====||=====+=====+=====|
| -1. | -1. | -0. || -0. | -0. |  1. || -0. | -1. | -1. |
| -0. | -1. | -0. || -0. |  1. | -0. || -0. | -0. | -1. |
| -0. | -0. | -0. || -0. | -0. |  1. || -0. | -1. | -0. |

, evalForThisState=1.0, isPlayerOneTurnOriginally=false}, StateDatum{MCTSProbabilites=
|  .2294 |  .0 |  .0168 ||  .0 |  .0 |  .0 ||  .0 |  .0 |  .0 |
|  .1889 |  .0005 |  .3937 ||  .0 |  .0 |  .0 ||  .0 |  .0 |  .0 |
|  .1707 |  .0 |  .0 ||  .0 |  .0 |  .0 ||  .0 |  .0 |  .0 |
|========+========+========||========+========+========||========+========+========|
|  .0 |  .0 |  .0 ||  .0 |  .0 |  .0 ||  .0 |  .0 |  .0 |
|  .0 |  .0 |  .0 ||  .0 |  .0 |  .0 ||  .0 |  .0 |  .0 |
|  .0 |  .0 |  .0 ||  .0 |  .0 |  .0 ||  .0 |  .0 |  .0 |
|========+========+========||========+========+========||========+========+========|
|  .0 |  .0 |  .0 ||  .0 |  .0 |  .0 ||  .0 |  .0 |  .0 |
|  .0 |  .0 |  .0 ||  .0 |  .0 |  .0 ||  .0 |  .0 |  .0 |
|  .0 |  .0 |  .0 ||  .0 |  .0 |  .0 ||  .0 |  .0 |  .0 |

, state=
|* 0. |*-1. |* 0. || -1. | -1. | -1. ||  1. |  1. |  0. |
|* 0. |* 0. |* 0. ||  0. |  1. |  0. || -1. |  1. | -1. |
|* 0. |* 1. |*-1. ||  0. |  0. |  0. || -1. |  0. |  0. |
|=====+=====+=====||=====+=====+=====||=====+=====+=====|
|  0. |  0. |  1. || -1. |  0. | -1. ||  0. |  0. |  1. |
|  0. |  0. |  0. || -1. |  1. |  0. ||  0. |  0. |  0. |
|  0. |  1. |  0. || -1. |  0. |  0. || -1. |  0. |  0. |
|=====+=====+=====||=====+=====+=====||=====+=====+=====|
|  1. |  1. |  0. ||  0. |  0. | -1. ||  0. |  1. |  1. |
|  0. |  1. |  0. ||  0. | -1. |  0. ||  0. |  0. |  1. |
|  0. |  0. |  0. ||  0. |  0. | -1. ||  0. |  1. |  0. |

, evalForThisState=-1.0, isPlayerOneTurnOriginally=true}, StateDatum{MCTSProbabilites=
|  .0 |  .0 |  .0 ||  .0 |  .0 |  .0 ||  .0 |  .0 |  .0 |
|  .0 |  .0 |  .0 ||  .0 |  .0 |  .0 ||  .0 |  .0 |  .0 |
|  .0 |  .0 |  .0 ||  .0 |  .0 |  .0 ||  .0 |  .0 |  .0 |
|========+========+========||========+========+========||========+========+========|
|  .0 |  .0 |  .0 ||  .0 |  .0 |  .0 ||  .0004 |  .0002 |  .0 |
|  .0 |  .0 |  .0 ||  .0 |  .0 |  .0 ||  .0007 |  .0003 |  .0006 |
|  .0 |  .0 |  .0 ||  .0 |  .0 |  .0 ||  .0 |  .001 |  .9969 |
|========+========+========||========+========+========||========+========+========|
|  .0 |  .0 |  .0 ||  .0 |  .0 |  .0 ||  .0 |  .0 |  .0 |
|  .0 |  .0 |  .0 ||  .0 |  .0 |  .0 ||  .0 |  .0 |  .0 |
|  .0 |  .0 |  .0 ||  .0 |  .0 |  .0 ||  .0 |  .0 |  .0 |

, state=
| -0. |  1. | -0. ||  1. |  1. |  1. || -1. | -1. | -0. |
| -0. | -0. | -1. || -0. | -1. | -0. ||  1. | -1. |  1. |
| -0. | -1. |  1. || -0. | -0. | -0. ||  1. | -0. | -0. |
|=====+=====+=====||=====+=====+=====||=====+=====+=====|
| -0. | -0. | -1. ||  1. | -0. |  1. ||*-0. |*-0. |*-1. |
| -0. | -0. | -0. ||  1. | -1. | -0. ||*-0. |*-0. |*-0. |
| -0. | -1. | -0. ||  1. | -0. | -0. ||* 1. |*-0. |*-0. |
|=====+=====+=====||=====+=====+=====||=====+=====+=====|
| -1. | -1. | -0. || -0. | -0. |  1. || -0. | -1. | -1. |
| -0. | -1. | -0. || -0. |  1. | -0. || -0. | -0. | -1. |
| -0. | -0. | -0. || -0. | -0. |  1. || -0. | -1. | -0. |

, evalForThisState=1.0, isPlayerOneTurnOriginally=false}, StateDatum{MCTSProbabilites=
|  .0 |  .0 |  .0 ||  .0 |  .0 |  .0 ||  .0 |  .0 |  .0 |
|  .0 |  .0 |  .0 ||  .0 |  .0 |  .0 ||  .0 |  .0 |  .0 |
|  .0 |  .0 |  .0 ||  .0 |  .0 |  .0 ||  .0 |  .0 |  .0 |
|========+========+========||========+========+========||========+========+========|
|  .0 |  .0 |  .0 ||  .0 |  .0 |  .0 ||  .0 |  .0 |  .0 |
|  .0 |  .0 |  .0 ||  .0 |  .0 |  .0 ||  .0 |  .0 |  .0 |
|  .0 |  .0 |  .0 ||  .0 |  .0 |  .0 ||  .0 |  .0 |  .0 |
|========+========+========||========+========+========||========+========+========|
|  .0 |  .0 |  .0 ||  .0 |  .0 |  .0 ||  .5182 |  .0 |  .0 |
|  .0 |  .0 |  .0 ||  .0 |  .0 |  .0 ||  .3281 |  .0004 |  .0 |
|  .0 |  .0 |  .0 ||  .0 |  .0 |  .0 ||  .153 |  .0 |  .0003 |

, state=
|  0. | -1. |  0. || -1. | -1. | -1. ||  1. |  1. |  0. |
|  0. |  0. |  1. ||  0. |  1. |  0. || -1. |  1. | -1. |
|  0. |  1. | -1. ||  0. |  0. |  0. || -1. |  0. |  0. |
|=====+=====+=====||=====+=====+=====||=====+=====+=====|
|  0. |  0. |  1. || -1. |  0. | -1. ||  0. |  0. |  1. |
|  0. |  0. |  0. || -1. |  1. |  0. ||  0. |  0. |  0. |
|  0. |  1. |  0. || -1. |  0. |  0. || -1. |  0. | -1. |
|=====+=====+=====||=====+=====+=====||=====+=====+=====|
|  1. |  1. |  0. ||  0. |  0. | -1. ||* 0. |* 1. |* 1. |
|  0. |  1. |  0. ||  0. | -1. |  0. ||* 0. |* 0. |* 1. |
|  0. |  0. |  0. ||  0. |  0. | -1. ||* 0. |* 1. |* 0. |

, evalForThisState=-1.0, isPlayerOneTurnOriginally=true}, StateDatum{MCTSProbabilites=
|  .0 |  .0 |  .9999 ||  .0 |  .0 |  .0 ||  .0 |  .0 |  .0 |
|  .0 |  .0 |  .0 ||  .0 |  .0 |  .0 ||  .0 |  .0 |  .0 |
|  .0 |  .0 |  .0 ||  .0 |  .0 |  .0 ||  .0 |  .0 |  .0 |
|========+========+========||========+========+========||========+========+========|
|  .0 |  .0 |  .0 ||  .0 |  .0 |  .0 ||  .0 |  .0 |  .0 |
|  .0 |  .0 |  .0 ||  .0 |  .0 |  .0 ||  .0 |  .0 |  .0 |
|  .0 |  .0 |  .0 ||  .0 |  .0 |  .0 ||  .0 |  .0 |  .0 |
|========+========+========||========+========+========||========+========+========|
|  .0 |  .0 |  .0 ||  .0 |  .0 |  .0 ||  .0 |  .0 |  .0 |
|  .0 |  .0 |  .0 ||  .0 |  .0 |  .0 ||  .0 |  .0 |  .0 |
|  .0 |  .0 |  .0 ||  .0 |  .0 |  .0 ||  .0 |  .0 |  .0 |

, state=
|*-0. |* 1. |*-0. ||  1. |  1. |  1. || -1. | -1. | -0. |
|*-0. |*-0. |*-1. || -0. | -1. | -0. ||  1. | -1. |  1. |
|*-0. |*-1. |* 1. || -0. | -0. | -0. ||  1. | -0. | -0. |
|=====+=====+=====||=====+=====+=====||=====+=====+=====|
| -0. | -0. | -1. ||  1. | -0. |  1. || -0. | -0. | -1. |
| -0. | -0. | -0. ||  1. | -1. | -0. || -0. | -0. | -0. |
| -0. | -1. | -0. ||  1. | -0. | -0. ||  1. | -0. |  1. |
|=====+=====+=====||=====+=====+=====||=====+=====+=====|
| -1. | -1. | -0. || -0. | -0. |  1. || -1. | -1. | -1. |
| -0. | -1. | -0. || -0. |  1. | -0. || -0. | -0. | -1. |
| -0. | -0. | -0. || -0. | -0. |  1. || -0. | -1. | -0. |

, evalForThisState=1.0, isPlayerOneTurnOriginally=false}, StateDatum{MCTSProbabilites=
|  .0 |  .0 |  .0 ||  .0 |  .0 |  .0 ||  .0 |  .0 |  .0002 |
|  .0 |  .0 |  .0 ||  .0 |  .0 |  .0 ||  .0 |  .0 |  .0 |
|  .0 |  .0 |  .0 ||  .0 |  .0 |  .0 ||  .0 |  .9996 |  .0002 |
|========+========+========||========+========+========||========+========+========|
|  .0 |  .0 |  .0 ||  .0 |  .0 |  .0 ||  .0 |  .0 |  .0 |
|  .0 |  .0 |  .0 ||  .0 |  .0 |  .0 ||  .0 |  .0 |  .0 |
|  .0 |  .0 |  .0 ||  .0 |  .0 |  .0 ||  .0 |  .0 |  .0 |
|========+========+========||========+========+========||========+========+========|
|  .0 |  .0 |  .0 ||  .0 |  .0 |  .0 ||  .0 |  .0 |  .0 |
|  .0 |  .0 |  .0 ||  .0 |  .0 |  .0 ||  .0 |  .0 |  .0 |
|  .0 |  .0 |  .0 ||  .0 |  .0 |  .0 ||  .0 |  .0 |  .0 |

, state=
|  0. | -1. | -1. || -1. | -1. | -1. ||* 1. |* 1. |* 0. |
|  0. |  0. |  1. ||  0. |  1. |  0. ||*-1. |* 1. |*-1. |
|  0. |  1. | -1. ||  0. |  0. |  0. ||*-1. |* 0. |* 0. |
|=====+=====+=====||=====+=====+=====||=====+=====+=====|
|  0. |  0. |  1. || -1. |  0. | -1. ||  0. |  0. |  1. |
|  0. |  0. |  0. || -1. |  1. |  0. ||  0. |  0. |  0. |
|  0. |  1. |  0. || -1. |  0. |  0. || -1. |  0. | -1. |
|=====+=====+=====||=====+=====+=====||=====+=====+=====|
|  1. |  1. |  0. ||  0. |  0. | -1. ||  1. |  1. |  1. |
|  0. |  1. |  0. ||  0. | -1. |  0. ||  0. |  0. |  1. |
|  0. |  0. |  0. ||  0. |  0. | -1. ||  0. |  1. |  0. |

, evalForThisState=-1.0, isPlayerOneTurnOriginally=true}, StateDatum{MCTSProbabilites=
|  .0 |  .0 |  .0 ||  .0 |  .0 |  .0 ||  .0 |  .0 |  .0 |
|  .0 |  .0 |  .0 ||  .0 |  .0 |  .0 ||  .0 |  .0 |  .0 |
|  .0 |  .0 |  .0 ||  .0 |  .0 |  .0 ||  .0 |  .0 |  .0 |
|========+========+========||========+========+========||========+========+========|
|  .0 |  .0 |  .0 ||  .0 |  .0 |  .0 ||  .0 |  .0 |  .0 |
|  .0 |  .0 |  .0 ||  .0 |  .0 |  .0 ||  .0 |  .0 |  .0 |
|  .0 |  .0 |  .0 ||  .0 |  .0 |  .0 ||  .0 |  .0 |  .0 |
|========+========+========||========+========+========||========+========+========|
|  .0 |  .0 |  .0 ||  .3333 |  .0 |  .0 ||  .0 |  .0 |  .0 |
|  .0 |  .0 |  .0 ||  .0 |  .0 |  .3333 ||  .0 |  .0 |  .0 |
|  .0 |  .0 |  .0 ||  .3333 |  .0 |  .0 ||  .0 |  .0 |  .0 |

, state=
| -0. |  1. |  1. ||  1. |  1. |  1. || -1. | -1. | -0. |
| -0. | -0. | -1. || -0. | -1. | -0. ||  1. | -1. |  1. |
| -0. | -1. |  1. || -0. | -0. | -0. ||  1. | -1. | -0. |
|=====+=====+=====||=====+=====+=====||=====+=====+=====|
| -0. | -0. | -1. ||  1. | -0. |  1. || -0. | -0. | -1. |
| -0. | -0. | -0. ||  1. | -1. | -0. || -0. | -0. | -0. |
| -0. | -1. | -0. ||  1. | -0. | -0. ||  1. | -0. |  1. |
|=====+=====+=====||=====+=====+=====||=====+=====+=====|
| -1. | -1. | -0. ||*-0. |*-0. |* 1. || -1. | -1. | -1. |
| -0. | -1. | -0. ||*-0. |* 1. |*-0. || -0. | -0. | -1. |
| -0. | -0. | -0. ||*-0. |*-0. |* 1. || -0. | -1. | -0. |

, evalForThisState=1.0, isPlayerOneTurnOriginally=false}]
Value network data: 
===========INPUT===================
[[         0,         0,         0,  ...    1.0000,    1.0000,    1.0000], 
 [         0,         0,         0,  ...   -1.0000,   -1.0000,   -1.0000], 
 [         0,         0,         0,  ...    1.0000,   -1.0000,   -1.0000], 
  ..., 
 [         0,    1.0000,         0,  ...   -1.0000,   -1.0000,   -1.0000], 
 [         0,   -1.0000,   -1.0000,  ...   -1.0000,   -1.0000,   -1.0000], 
 [         0,    1.0000,    1.0000,  ...   -1.0000,    1.0000,   -1.0000]]
=================OUTPUT==================
[[-1.0000], 
 [1.0000], 
 [-1.0000], 
 [1.0000], 
 [-1.0000], 
 [1.0000], 
 [-1.0000], 
 [1.0000], 
 [-1.0000], 
 [1.0000], 
 [-1.0000], 
 [1.0000], 
 [-1.0000], 
 [1.0000], 
 [-1.0000], 
 [1.0000], 
 [-1.0000], 
 [1.0000], 
 [-1.0000], 
 [1.0000], 
 [-1.0000], 
 [1.0000], 
 [-1.0000], 
 [1.0000], 
 [-1.0000], 
 [1.0000], 
 [-1.0000], 
 [1.0000], 
 [-1.0000], 
 [1.0000], 
 [-1.0000], 
 [1.0000], 
 [-1.0000], 
 [1.0000], 
 [-1.0000], 
 [1.0000], 
 [-1.0000], 
 [1.0000]]
Policy network data: 
===========INPUT===================
[[         0,         0,         0,  ...    1.0000,    1.0000,    1.0000], 
 [         0,         0,         0,  ...   -1.0000,   -1.0000,   -1.0000], 
 [         0,         0,         0,  ...    1.0000,   -1.0000,   -1.0000], 
  ..., 
 [         0,    1.0000,         0,  ...   -1.0000,   -1.0000,   -1.0000], 
 [         0,   -1.0000,   -1.0000,  ...   -1.0000,   -1.0000,   -1.0000], 
 [         0,    1.0000,    1.0000,  ...   -1.0000,    1.0000,   -1.0000]]
=================OUTPUT==================
[[    0.0094,    0.0192,    0.0148,  ...    0.0091,    0.0140,    0.0130], 
 [         0,         0,         0,  ...         0,         0,         0], 
 [         0,         0,         0,  ...         0,         0,         0], 
  ..., 
 [ 2.6106e-5,         0,    0.9999,  ...         0,         0,         0], 
 [         0,         0,         0,  ...         0,         0,         0], 
 [         0,         0,         0,  ...         0,         0,         0]]
W:\Labs\ME\ME187-Fall2024\StudentFiles\CALEBHOTTES\UTTTstuff\moreData\series1\policy$series1,gameNum104$1728925404429.bin
Took: 2285 s to simulate game
Finished simulating game, see log at: W:\Labs\ME\ME187-Fall2024\StudentFiles\CALEBHOTTES\UTTTstuff\moreData\logs\series1\game104$1728923118887.log for details.
