Saving data to: W:\Labs\ME\ME187-Fall2024\StudentFiles\CALEBHOTTES\UTTTstuff\data\series1
Begin custom message: 
DataSeries: series1 game number: 73 

Description: making data during matlab class 238. 

Evaluator config=EvaluatorConfiguration{cValue=2.0, maxRolloutDepth=1000, computeTime=35, threads=1, stupidity=0, allowForcePlay=false, maxMyCPU=false}
End custom message
Inital State: 

|* 0. |* 0. |* 0. ||* 0. |* 0. |* 0. ||* 0. |* 0. |* 0. |
|* 0. |* 0. |* 0. ||* 0. |* 0. |* 0. ||* 0. |* 0. |* 0. |
|* 0. |* 0. |* 0. ||* 0. |* 0. |* 0. ||* 0. |* 0. |* 0. |
|=====+=====+=====||=====+=====+=====||=====+=====+=====|
|* 0. |* 0. |* 0. ||* 0. |* 0. |* 0. ||* 0. |* 0. |* 0. |
|* 0. |* 0. |* 0. ||* 0. |* 0. |* 0. ||* 0. |* 0. |* 0. |
|* 0. |* 0. |* 0. ||* 0. |* 0. |* 0. ||* 0. |* 0. |* 0. |
|=====+=====+=====||=====+=====+=====||=====+=====+=====|
|* 0. |* 0. |* 0. ||* 0. |* 0. |* 0. ||* 0. |* 0. |* 0. |
|* 0. |* 0. |* 0. ||* 0. |* 0. |* 0. ||* 0. |* 0. |* 0. |
|* 0. |* 0. |* 0. ||* 0. |* 0. |* 0. ||* 0. |* 0. |* 0. |


state to eval, currenty is playerone turn=true

|* 0. |* 0. |* 0. ||* 0. |* 0. |* 0. ||* 0. |* 0. |* 0. |
|* 0. |* 0. |* 0. ||* 0. |* 0. |* 0. ||* 0. |* 0. |* 0. |
|* 0. |* 0. |* 0. ||* 0. |* 0. |* 0. ||* 0. |* 0. |* 0. |
|=====+=====+=====||=====+=====+=====||=====+=====+=====|
|* 0. |* 0. |* 0. ||* 0. |* 0. |* 0. ||* 0. |* 0. |* 0. |
|* 0. |* 0. |* 0. ||* 0. |* 0. |* 0. ||* 0. |* 0. |* 0. |
|* 0. |* 0. |* 0. ||* 0. |* 0. |* 0. ||* 0. |* 0. |* 0. |
|=====+=====+=====||=====+=====+=====||=====+=====+=====|
|* 0. |* 0. |* 0. ||* 0. |* 0. |* 0. ||* 0. |* 0. |* 0. |
|* 0. |* 0. |* 0. ||* 0. |* 0. |* 0. ||* 0. |* 0. |* 0. |
|* 0. |* 0. |* 0. ||* 0. |* 0. |* 0. ||* 0. |* 0. |* 0. |


Determined best move using: 86882Iterations
Determined best move using: 89593Iterations
current State

|  0. |  0. |  0. ||  0. |  0. |  0. ||  0. |  0. |  0. |
|  0. |  0. |  0. ||  0. |  0. |  0. ||  0. |  0. |  0. |
|  0. |  0. |  0. ||  0. |  0. |  0. ||  0. |  0. |  0. |
|=====+=====+=====||=====+=====+=====||=====+=====+=====|
|* 0. |* 0. |* 0. ||  0. |  0. |  0. ||  0. |  0. |  0. |
|* 1. |* 0. |* 0. ||  0. |  0. |  0. ||  0. |  0. |  0. |
|* 0. |* 0. |* 0. ||  0. |  0. |  0. ||  0. |  0. |  0. |
|=====+=====+=====||=====+=====+=====||=====+=====+=====|
|  0. |  0. |  0. ||  0. |  0. |  0. ||  0. |  0. |  0. |
|  0. |  0. |  0. ||  0. |  0. |  0. ||  0. |  0. |  0. |
|  0. |  0. |  0. ||  0. |  0. |  0. ||  0. |  0. |  0. |


state to eval, currenty is playerone turn=false

| -0. | -0. | -0. || -0. | -0. | -0. || -0. | -0. | -0. |
| -0. | -0. | -0. || -0. | -0. | -0. || -0. | -0. | -0. |
| -0. | -0. | -0. || -0. | -0. | -0. || -0. | -0. | -0. |
|=====+=====+=====||=====+=====+=====||=====+=====+=====|
|*-0. |*-0. |*-0. || -0. | -0. | -0. || -0. | -0. | -0. |
|*-1. |*-0. |*-0. || -0. | -0. | -0. || -0. | -0. | -0. |
|*-0. |*-0. |*-0. || -0. | -0. | -0. || -0. | -0. | -0. |
|=====+=====+=====||=====+=====+=====||=====+=====+=====|
| -0. | -0. | -0. || -0. | -0. | -0. || -0. | -0. | -0. |
| -0. | -0. | -0. || -0. | -0. | -0. || -0. | -0. | -0. |
| -0. | -0. | -0. || -0. | -0. | -0. || -0. | -0. | -0. |


Determined best move using: 88266Iterations
Determined best move using: 92714Iterations
current State

|  0. |  0. |  0. ||  0. |  0. |  0. ||  0. |  0. |  0. |
|  0. |  0. |  0. ||  0. |  0. |  0. ||  0. |  0. |  0. |
|  0. |  0. |  0. ||  0. |  0. |  0. ||  0. |  0. |  0. |
|=====+=====+=====||=====+=====+=====||=====+=====+=====|
|  0. |  0. |  0. ||  0. |  0. |  0. ||* 0. |* 0. |* 0. |
|  1. |  0. | -1. ||  0. |  0. |  0. ||* 0. |* 0. |* 0. |
|  0. |  0. |  0. ||  0. |  0. |  0. ||* 0. |* 0. |* 0. |
|=====+=====+=====||=====+=====+=====||=====+=====+=====|
|  0. |  0. |  0. ||  0. |  0. |  0. ||  0. |  0. |  0. |
|  0. |  0. |  0. ||  0. |  0. |  0. ||  0. |  0. |  0. |
|  0. |  0. |  0. ||  0. |  0. |  0. ||  0. |  0. |  0. |


state to eval, currenty is playerone turn=true

|  0. |  0. |  0. ||  0. |  0. |  0. ||  0. |  0. |  0. |
|  0. |  0. |  0. ||  0. |  0. |  0. ||  0. |  0. |  0. |
|  0. |  0. |  0. ||  0. |  0. |  0. ||  0. |  0. |  0. |
|=====+=====+=====||=====+=====+=====||=====+=====+=====|
|  0. |  0. |  0. ||  0. |  0. |  0. ||* 0. |* 0. |* 0. |
|  1. |  0. | -1. ||  0. |  0. |  0. ||* 0. |* 0. |* 0. |
|  0. |  0. |  0. ||  0. |  0. |  0. ||* 0. |* 0. |* 0. |
|=====+=====+=====||=====+=====+=====||=====+=====+=====|
|  0. |  0. |  0. ||  0. |  0. |  0. ||  0. |  0. |  0. |
|  0. |  0. |  0. ||  0. |  0. |  0. ||  0. |  0. |  0. |
|  0. |  0. |  0. ||  0. |  0. |  0. ||  0. |  0. |  0. |


Determined best move using: 93005Iterations
Determined best move using: 96188Iterations
current State

|  0. |  0. |  0. ||  0. |  0. |  0. ||  0. |  0. |  0. |
|  0. |  0. |  0. ||  0. |  0. |  0. ||  0. |  0. |  0. |
|  0. |  0. |  0. ||  0. |  0. |  0. ||  0. |  0. |  0. |
|=====+=====+=====||=====+=====+=====||=====+=====+=====|
|  0. |  0. |  0. ||  0. |  0. |  0. ||* 0. |* 0. |* 0. |
|  1. |  0. | -1. ||  0. |  0. |  0. ||* 0. |* 0. |* 1. |
|  0. |  0. |  0. ||  0. |  0. |  0. ||* 0. |* 0. |* 0. |
|=====+=====+=====||=====+=====+=====||=====+=====+=====|
|  0. |  0. |  0. ||  0. |  0. |  0. ||  0. |  0. |  0. |
|  0. |  0. |  0. ||  0. |  0. |  0. ||  0. |  0. |  0. |
|  0. |  0. |  0. ||  0. |  0. |  0. ||  0. |  0. |  0. |


state to eval, currenty is playerone turn=false

| -0. | -0. | -0. || -0. | -0. | -0. || -0. | -0. | -0. |
| -0. | -0. | -0. || -0. | -0. | -0. || -0. | -0. | -0. |
| -0. | -0. | -0. || -0. | -0. | -0. || -0. | -0. | -0. |
|=====+=====+=====||=====+=====+=====||=====+=====+=====|
| -0. | -0. | -0. || -0. | -0. | -0. ||*-0. |*-0. |*-0. |
| -1. | -0. |  1. || -0. | -0. | -0. ||*-0. |*-0. |*-1. |
| -0. | -0. | -0. || -0. | -0. | -0. ||*-0. |*-0. |*-0. |
|=====+=====+=====||=====+=====+=====||=====+=====+=====|
| -0. | -0. | -0. || -0. | -0. | -0. || -0. | -0. | -0. |
| -0. | -0. | -0. || -0. | -0. | -0. || -0. | -0. | -0. |
| -0. | -0. | -0. || -0. | -0. | -0. || -0. | -0. | -0. |


Determined best move using: 101064Iterations
Determined best move using: 92627Iterations
current State

|  0. |  0. |  0. ||  0. |  0. |  0. ||  0. |  0. |  0. |
|  0. |  0. |  0. ||  0. |  0. |  0. ||  0. |  0. |  0. |
|  0. |  0. |  0. ||  0. |  0. |  0. ||  0. |  0. |  0. |
|=====+=====+=====||=====+=====+=====||=====+=====+=====|
|* 0. |* 0. |* 0. ||  0. |  0. |  0. ||  0. |  0. |  0. |
|* 1. |* 0. |*-1. ||  0. |  0. |  0. || -1. |  0. |  1. |
|* 0. |* 0. |* 0. ||  0. |  0. |  0. ||  0. |  0. |  0. |
|=====+=====+=====||=====+=====+=====||=====+=====+=====|
|  0. |  0. |  0. ||  0. |  0. |  0. ||  0. |  0. |  0. |
|  0. |  0. |  0. ||  0. |  0. |  0. ||  0. |  0. |  0. |
|  0. |  0. |  0. ||  0. |  0. |  0. ||  0. |  0. |  0. |


state to eval, currenty is playerone turn=true

|  0. |  0. |  0. ||  0. |  0. |  0. ||  0. |  0. |  0. |
|  0. |  0. |  0. ||  0. |  0. |  0. ||  0. |  0. |  0. |
|  0. |  0. |  0. ||  0. |  0. |  0. ||  0. |  0. |  0. |
|=====+=====+=====||=====+=====+=====||=====+=====+=====|
|* 0. |* 0. |* 0. ||  0. |  0. |  0. ||  0. |  0. |  0. |
|* 1. |* 0. |*-1. ||  0. |  0. |  0. || -1. |  0. |  1. |
|* 0. |* 0. |* 0. ||  0. |  0. |  0. ||  0. |  0. |  0. |
|=====+=====+=====||=====+=====+=====||=====+=====+=====|
|  0. |  0. |  0. ||  0. |  0. |  0. ||  0. |  0. |  0. |
|  0. |  0. |  0. ||  0. |  0. |  0. ||  0. |  0. |  0. |
|  0. |  0. |  0. ||  0. |  0. |  0. ||  0. |  0. |  0. |


Determined best move using: 96388Iterations
current State

|  0. |  0. |  0. ||* 0. |* 0. |* 0. ||  0. |  0. |  0. |
|  0. |  0. |  0. ||* 0. |* 0. |* 0. ||  0. |  0. |  0. |
|  0. |  0. |  0. ||* 0. |* 0. |* 0. ||  0. |  0. |  0. |
|=====+=====+=====||=====+=====+=====||=====+=====+=====|
|  0. |  1. |  0. ||  0. |  0. |  0. ||  0. |  0. |  0. |
|  1. |  0. | -1. ||  0. |  0. |  0. || -1. |  0. |  1. |
|  0. |  0. |  0. ||  0. |  0. |  0. ||  0. |  0. |  0. |
|=====+=====+=====||=====+=====+=====||=====+=====+=====|
|  0. |  0. |  0. ||  0. |  0. |  0. ||  0. |  0. |  0. |
|  0. |  0. |  0. ||  0. |  0. |  0. ||  0. |  0. |  0. |
|  0. |  0. |  0. ||  0. |  0. |  0. ||  0. |  0. |  0. |


state to eval, currenty is playerone turn=false

| -0. | -0. | -0. ||*-0. |*-0. |*-0. || -0. | -0. | -0. |
| -0. | -0. | -0. ||*-0. |*-0. |*-0. || -0. | -0. | -0. |
| -0. | -0. | -0. ||*-0. |*-0. |*-0. || -0. | -0. | -0. |
|=====+=====+=====||=====+=====+=====||=====+=====+=====|
| -0. | -1. | -0. || -0. | -0. | -0. || -0. | -0. | -0. |
| -1. | -0. |  1. || -0. | -0. | -0. ||  1. | -0. | -1. |
| -0. | -0. | -0. || -0. | -0. | -0. || -0. | -0. | -0. |
|=====+=====+=====||=====+=====+=====||=====+=====+=====|
| -0. | -0. | -0. || -0. | -0. | -0. || -0. | -0. | -0. |
| -0. | -0. | -0. || -0. | -0. | -0. || -0. | -0. | -0. |
| -0. | -0. | -0. || -0. | -0. | -0. || -0. | -0. | -0. |


current State

|  0. |  0. |  0. ||* 0. |*-1. |* 0. ||  0. |  0. |  0. |
|  0. |  0. |  0. ||* 0. |* 0. |* 0. ||  0. |  0. |  0. |
|  0. |  0. |  0. ||* 0. |* 0. |* 0. ||  0. |  0. |  0. |
|=====+=====+=====||=====+=====+=====||=====+=====+=====|
|  0. |  1. |  0. ||  0. |  0. |  0. ||  0. |  0. |  0. |
|  1. |  0. | -1. ||  0. |  0. |  0. || -1. |  0. |  1. |
|  0. |  0. |  0. ||  0. |  0. |  0. ||  0. |  0. |  0. |
|=====+=====+=====||=====+=====+=====||=====+=====+=====|
|  0. |  0. |  0. ||  0. |  0. |  0. ||  0. |  0. |  0. |
|  0. |  0. |  0. ||  0. |  0. |  0. ||  0. |  0. |  0. |
|  0. |  0. |  0. ||  0. |  0. |  0. ||  0. |  0. |  0. |


state to eval, currenty is playerone turn=true

|  0. |  0. |  0. ||* 0. |*-1. |* 0. ||  0. |  0. |  0. |
|  0. |  0. |  0. ||* 0. |* 0. |* 0. ||  0. |  0. |  0. |
|  0. |  0. |  0. ||* 0. |* 0. |* 0. ||  0. |  0. |  0. |
|=====+=====+=====||=====+=====+=====||=====+=====+=====|
|  0. |  1. |  0. ||  0. |  0. |  0. ||  0. |  0. |  0. |
|  1. |  0. | -1. ||  0. |  0. |  0. || -1. |  0. |  1. |
|  0. |  0. |  0. ||  0. |  0. |  0. ||  0. |  0. |  0. |
|=====+=====+=====||=====+=====+=====||=====+=====+=====|
|  0. |  0. |  0. ||  0. |  0. |  0. ||  0. |  0. |  0. |
|  0. |  0. |  0. ||  0. |  0. |  0. ||  0. |  0. |  0. |
|  0. |  0. |  0. ||  0. |  0. |  0. ||  0. |  0. |  0. |


Determined best move using: 96715Iterations
current State

|* 0. |* 0. |* 0. ||  1. | -1. |  0. ||  0. |  0. |  0. |
|* 0. |* 0. |* 0. ||  0. |  0. |  0. ||  0. |  0. |  0. |
|* 0. |* 0. |* 0. ||  0. |  0. |  0. ||  0. |  0. |  0. |
|=====+=====+=====||=====+=====+=====||=====+=====+=====|
|  0. |  1. |  0. ||  0. |  0. |  0. ||  0. |  0. |  0. |
|  1. |  0. | -1. ||  0. |  0. |  0. || -1. |  0. |  1. |
|  0. |  0. |  0. ||  0. |  0. |  0. ||  0. |  0. |  0. |
|=====+=====+=====||=====+=====+=====||=====+=====+=====|
|  0. |  0. |  0. ||  0. |  0. |  0. ||  0. |  0. |  0. |
|  0. |  0. |  0. ||  0. |  0. |  0. ||  0. |  0. |  0. |
|  0. |  0. |  0. ||  0. |  0. |  0. ||  0. |  0. |  0. |


state to eval, currenty is playerone turn=false

|*-0. |*-0. |*-0. || -1. |  1. | -0. || -0. | -0. | -0. |
|*-0. |*-0. |*-0. || -0. | -0. | -0. || -0. | -0. | -0. |
|*-0. |*-0. |*-0. || -0. | -0. | -0. || -0. | -0. | -0. |
|=====+=====+=====||=====+=====+=====||=====+=====+=====|
| -0. | -1. | -0. || -0. | -0. | -0. || -0. | -0. | -0. |
| -1. | -0. |  1. || -0. | -0. | -0. ||  1. | -0. | -1. |
| -0. | -0. | -0. || -0. | -0. | -0. || -0. | -0. | -0. |
|=====+=====+=====||=====+=====+=====||=====+=====+=====|
| -0. | -0. | -0. || -0. | -0. | -0. || -0. | -0. | -0. |
| -0. | -0. | -0. || -0. | -0. | -0. || -0. | -0. | -0. |
| -0. | -0. | -0. || -0. | -0. | -0. || -0. | -0. | -0. |


Determined best move using: 98433Iterations
current State

|  0. |  0. |  0. ||  1. | -1. |  0. ||  0. |  0. |  0. |
|  0. |  0. |  0. ||  0. |  0. |  0. ||  0. |  0. |  0. |
|  0. |  0. | -1. ||  0. |  0. |  0. ||  0. |  0. |  0. |
|=====+=====+=====||=====+=====+=====||=====+=====+=====|
|  0. |  1. |  0. ||  0. |  0. |  0. ||  0. |  0. |  0. |
|  1. |  0. | -1. ||  0. |  0. |  0. || -1. |  0. |  1. |
|  0. |  0. |  0. ||  0. |  0. |  0. ||  0. |  0. |  0. |
|=====+=====+=====||=====+=====+=====||=====+=====+=====|
|  0. |  0. |  0. ||  0. |  0. |  0. ||* 0. |* 0. |* 0. |
|  0. |  0. |  0. ||  0. |  0. |  0. ||* 0. |* 0. |* 0. |
|  0. |  0. |  0. ||  0. |  0. |  0. ||* 0. |* 0. |* 0. |


state to eval, currenty is playerone turn=true

|  0. |  0. |  0. ||  1. | -1. |  0. ||  0. |  0. |  0. |
|  0. |  0. |  0. ||  0. |  0. |  0. ||  0. |  0. |  0. |
|  0. |  0. | -1. ||  0. |  0. |  0. ||  0. |  0. |  0. |
|=====+=====+=====||=====+=====+=====||=====+=====+=====|
|  0. |  1. |  0. ||  0. |  0. |  0. ||  0. |  0. |  0. |
|  1. |  0. | -1. ||  0. |  0. |  0. || -1. |  0. |  1. |
|  0. |  0. |  0. ||  0. |  0. |  0. ||  0. |  0. |  0. |
|=====+=====+=====||=====+=====+=====||=====+=====+=====|
|  0. |  0. |  0. ||  0. |  0. |  0. ||* 0. |* 0. |* 0. |
|  0. |  0. |  0. ||  0. |  0. |  0. ||* 0. |* 0. |* 0. |
|  0. |  0. |  0. ||  0. |  0. |  0. ||* 0. |* 0. |* 0. |


current State

|  0. |  0. |  0. ||  1. | -1. |  0. ||  0. |  0. |  0. |
|  0. |  0. |  0. ||  0. |  0. |  0. ||  0. |  0. |  0. |
|  0. |  0. | -1. ||  0. |  0. |  0. ||  0. |  0. |  0. |
|=====+=====+=====||=====+=====+=====||=====+=====+=====|
|* 0. |* 1. |* 0. ||  0. |  0. |  0. ||  0. |  0. |  0. |
|* 1. |* 0. |*-1. ||  0. |  0. |  0. || -1. |  0. |  1. |
|* 0. |* 0. |* 0. ||  0. |  0. |  0. ||  0. |  0. |  0. |
|=====+=====+=====||=====+=====+=====||=====+=====+=====|
|  0. |  0. |  0. ||  0. |  0. |  0. ||  0. |  0. |  0. |
|  0. |  0. |  0. ||  0. |  0. |  0. ||  1. |  0. |  0. |
|  0. |  0. |  0. ||  0. |  0. |  0. ||  0. |  0. |  0. |


state to eval, currenty is playerone turn=false

| -0. | -0. | -0. || -1. |  1. | -0. || -0. | -0. | -0. |
| -0. | -0. | -0. || -0. | -0. | -0. || -0. | -0. | -0. |
| -0. | -0. |  1. || -0. | -0. | -0. || -0. | -0. | -0. |
|=====+=====+=====||=====+=====+=====||=====+=====+=====|
|*-0. |*-1. |*-0. || -0. | -0. | -0. || -0. | -0. | -0. |
|*-1. |*-0. |* 1. || -0. | -0. | -0. ||  1. | -0. | -1. |
|*-0. |*-0. |*-0. || -0. | -0. | -0. || -0. | -0. | -0. |
|=====+=====+=====||=====+=====+=====||=====+=====+=====|
| -0. | -0. | -0. || -0. | -0. | -0. || -0. | -0. | -0. |
| -0. | -0. | -0. || -0. | -0. | -0. || -1. | -0. | -0. |
| -0. | -0. | -0. || -0. | -0. | -0. || -0. | -0. | -0. |


current State

|  0. |  0. |  0. ||  1. | -1. |  0. ||  0. |  0. |  0. |
|  0. |  0. |  0. ||  0. |  0. |  0. ||  0. |  0. |  0. |
|  0. |  0. | -1. ||  0. |  0. |  0. ||  0. |  0. |  0. |
|=====+=====+=====||=====+=====+=====||=====+=====+=====|
|  0. |  1. |  0. ||  0. |  0. |  0. ||  0. |  0. |  0. |
|  1. |  0. | -1. ||  0. |  0. |  0. || -1. |  0. |  1. |
| -1. |  0. |  0. ||  0. |  0. |  0. ||  0. |  0. |  0. |
|=====+=====+=====||=====+=====+=====||=====+=====+=====|
|* 0. |* 0. |* 0. ||  0. |  0. |  0. ||  0. |  0. |  0. |
|* 0. |* 0. |* 0. ||  0. |  0. |  0. ||  1. |  0. |  0. |
|* 0. |* 0. |* 0. ||  0. |  0. |  0. ||  0. |  0. |  0. |


state to eval, currenty is playerone turn=true

|  0. |  0. |  0. ||  1. | -1. |  0. ||  0. |  0. |  0. |
|  0. |  0. |  0. ||  0. |  0. |  0. ||  0. |  0. |  0. |
|  0. |  0. | -1. ||  0. |  0. |  0. ||  0. |  0. |  0. |
|=====+=====+=====||=====+=====+=====||=====+=====+=====|
|  0. |  1. |  0. ||  0. |  0. |  0. ||  0. |  0. |  0. |
|  1. |  0. | -1. ||  0. |  0. |  0. || -1. |  0. |  1. |
| -1. |  0. |  0. ||  0. |  0. |  0. ||  0. |  0. |  0. |
|=====+=====+=====||=====+=====+=====||=====+=====+=====|
|* 0. |* 0. |* 0. ||  0. |  0. |  0. ||  0. |  0. |  0. |
|* 0. |* 0. |* 0. ||  0. |  0. |  0. ||  1. |  0. |  0. |
|* 0. |* 0. |* 0. ||  0. |  0. |  0. ||  0. |  0. |  0. |


current State

|  0. |  0. |  0. ||* 1. |*-1. |* 0. ||  0. |  0. |  0. |
|  0. |  0. |  0. ||* 0. |* 0. |* 0. ||  0. |  0. |  0. |
|  0. |  0. | -1. ||* 0. |* 0. |* 0. ||  0. |  0. |  0. |
|=====+=====+=====||=====+=====+=====||=====+=====+=====|
|  0. |  1. |  0. ||  0. |  0. |  0. ||  0. |  0. |  0. |
|  1. |  0. | -1. ||  0. |  0. |  0. || -1. |  0. |  1. |
| -1. |  0. |  0. ||  0. |  0. |  0. ||  0. |  0. |  0. |
|=====+=====+=====||=====+=====+=====||=====+=====+=====|
|  0. |  1. |  0. ||  0. |  0. |  0. ||  0. |  0. |  0. |
|  0. |  0. |  0. ||  0. |  0. |  0. ||  1. |  0. |  0. |
|  0. |  0. |  0. ||  0. |  0. |  0. ||  0. |  0. |  0. |


state to eval, currenty is playerone turn=false

| -0. | -0. | -0. ||*-1. |* 1. |*-0. || -0. | -0. | -0. |
| -0. | -0. | -0. ||*-0. |*-0. |*-0. || -0. | -0. | -0. |
| -0. | -0. |  1. ||*-0. |*-0. |*-0. || -0. | -0. | -0. |
|=====+=====+=====||=====+=====+=====||=====+=====+=====|
| -0. | -1. | -0. || -0. | -0. | -0. || -0. | -0. | -0. |
| -1. | -0. |  1. || -0. | -0. | -0. ||  1. | -0. | -1. |
|  1. | -0. | -0. || -0. | -0. | -0. || -0. | -0. | -0. |
|=====+=====+=====||=====+=====+=====||=====+=====+=====|
| -0. | -1. | -0. || -0. | -0. | -0. || -0. | -0. | -0. |
| -0. | -0. | -0. || -0. | -0. | -0. || -1. | -0. | -0. |
| -0. | -0. | -0. || -0. | -0. | -0. || -0. | -0. | -0. |


Determined best move using: 131848Iterations
Determined best move using: 109050Iterations
current State

|  0. |  0. |  0. ||  1. | -1. | -1. ||* 0. |* 0. |* 0. |
|  0. |  0. |  0. ||  0. |  0. |  0. ||* 0. |* 0. |* 0. |
|  0. |  0. | -1. ||  0. |  0. |  0. ||* 0. |* 0. |* 0. |
|=====+=====+=====||=====+=====+=====||=====+=====+=====|
|  0. |  1. |  0. ||  0. |  0. |  0. ||  0. |  0. |  0. |
|  1. |  0. | -1. ||  0. |  0. |  0. || -1. |  0. |  1. |
| -1. |  0. |  0. ||  0. |  0. |  0. ||  0. |  0. |  0. |
|=====+=====+=====||=====+=====+=====||=====+=====+=====|
|  0. |  1. |  0. ||  0. |  0. |  0. ||  0. |  0. |  0. |
|  0. |  0. |  0. ||  0. |  0. |  0. ||  1. |  0. |  0. |
|  0. |  0. |  0. ||  0. |  0. |  0. ||  0. |  0. |  0. |


state to eval, currenty is playerone turn=true

|  0. |  0. |  0. ||  1. | -1. | -1. ||* 0. |* 0. |* 0. |
|  0. |  0. |  0. ||  0. |  0. |  0. ||* 0. |* 0. |* 0. |
|  0. |  0. | -1. ||  0. |  0. |  0. ||* 0. |* 0. |* 0. |
|=====+=====+=====||=====+=====+=====||=====+=====+=====|
|  0. |  1. |  0. ||  0. |  0. |  0. ||  0. |  0. |  0. |
|  1. |  0. | -1. ||  0. |  0. |  0. || -1. |  0. |  1. |
| -1. |  0. |  0. ||  0. |  0. |  0. ||  0. |  0. |  0. |
|=====+=====+=====||=====+=====+=====||=====+=====+=====|
|  0. |  1. |  0. ||  0. |  0. |  0. ||  0. |  0. |  0. |
|  0. |  0. |  0. ||  0. |  0. |  0. ||  1. |  0. |  0. |
|  0. |  0. |  0. ||  0. |  0. |  0. ||  0. |  0. |  0. |


Determined best move using: 111373Iterations
Determined best move using: 133615Iterations
current State

|  0. |  0. |  0. ||* 1. |*-1. |*-1. ||  0. |  1. |  0. |
|  0. |  0. |  0. ||* 0. |* 0. |* 0. ||  0. |  0. |  0. |
|  0. |  0. | -1. ||* 0. |* 0. |* 0. ||  0. |  0. |  0. |
|=====+=====+=====||=====+=====+=====||=====+=====+=====|
|  0. |  1. |  0. ||  0. |  0. |  0. ||  0. |  0. |  0. |
|  1. |  0. | -1. ||  0. |  0. |  0. || -1. |  0. |  1. |
| -1. |  0. |  0. ||  0. |  0. |  0. ||  0. |  0. |  0. |
|=====+=====+=====||=====+=====+=====||=====+=====+=====|
|  0. |  1. |  0. ||  0. |  0. |  0. ||  0. |  0. |  0. |
|  0. |  0. |  0. ||  0. |  0. |  0. ||  1. |  0. |  0. |
|  0. |  0. |  0. ||  0. |  0. |  0. ||  0. |  0. |  0. |


state to eval, currenty is playerone turn=false

| -0. | -0. | -0. ||*-1. |* 1. |* 1. || -0. | -1. | -0. |
| -0. | -0. | -0. ||*-0. |*-0. |*-0. || -0. | -0. | -0. |
| -0. | -0. |  1. ||*-0. |*-0. |*-0. || -0. | -0. | -0. |
|=====+=====+=====||=====+=====+=====||=====+=====+=====|
| -0. | -1. | -0. || -0. | -0. | -0. || -0. | -0. | -0. |
| -1. | -0. |  1. || -0. | -0. | -0. ||  1. | -0. | -1. |
|  1. | -0. | -0. || -0. | -0. | -0. || -0. | -0. | -0. |
|=====+=====+=====||=====+=====+=====||=====+=====+=====|
| -0. | -1. | -0. || -0. | -0. | -0. || -0. | -0. | -0. |
| -0. | -0. | -0. || -0. | -0. | -0. || -1. | -0. | -0. |
| -0. | -0. | -0. || -0. | -0. | -0. || -0. | -0. | -0. |


current State

|  0. |  0. |  0. ||  1. | -1. | -1. ||  0. |  1. |  0. |
|  0. |  0. |  0. ||  0. |  0. |  0. ||  0. |  0. |  0. |
|  0. |  0. | -1. ||  0. | -1. |  0. ||  0. |  0. |  0. |
|=====+=====+=====||=====+=====+=====||=====+=====+=====|
|  0. |  1. |  0. ||  0. |  0. |  0. ||  0. |  0. |  0. |
|  1. |  0. | -1. ||  0. |  0. |  0. || -1. |  0. |  1. |
| -1. |  0. |  0. ||  0. |  0. |  0. ||  0. |  0. |  0. |
|=====+=====+=====||=====+=====+=====||=====+=====+=====|
|  0. |  1. |  0. ||* 0. |* 0. |* 0. ||  0. |  0. |  0. |
|  0. |  0. |  0. ||* 0. |* 0. |* 0. ||  1. |  0. |  0. |
|  0. |  0. |  0. ||* 0. |* 0. |* 0. ||  0. |  0. |  0. |


state to eval, currenty is playerone turn=true

|  0. |  0. |  0. ||  1. | -1. | -1. ||  0. |  1. |  0. |
|  0. |  0. |  0. ||  0. |  0. |  0. ||  0. |  0. |  0. |
|  0. |  0. | -1. ||  0. | -1. |  0. ||  0. |  0. |  0. |
|=====+=====+=====||=====+=====+=====||=====+=====+=====|
|  0. |  1. |  0. ||  0. |  0. |  0. ||  0. |  0. |  0. |
|  1. |  0. | -1. ||  0. |  0. |  0. || -1. |  0. |  1. |
| -1. |  0. |  0. ||  0. |  0. |  0. ||  0. |  0. |  0. |
|=====+=====+=====||=====+=====+=====||=====+=====+=====|
|  0. |  1. |  0. ||* 0. |* 0. |* 0. ||  0. |  0. |  0. |
|  0. |  0. |  0. ||* 0. |* 0. |* 0. ||  1. |  0. |  0. |
|  0. |  0. |  0. ||* 0. |* 0. |* 0. ||  0. |  0. |  0. |


current State

|  0. |  0. |  0. ||  1. | -1. | -1. ||* 0. |* 1. |* 0. |
|  0. |  0. |  0. ||  0. |  0. |  0. ||* 0. |* 0. |* 0. |
|  0. |  0. | -1. ||  0. | -1. |  0. ||* 0. |* 0. |* 0. |
|=====+=====+=====||=====+=====+=====||=====+=====+=====|
|  0. |  1. |  0. ||  0. |  0. |  0. ||  0. |  0. |  0. |
|  1. |  0. | -1. ||  0. |  0. |  0. || -1. |  0. |  1. |
| -1. |  0. |  0. ||  0. |  0. |  0. ||  0. |  0. |  0. |
|=====+=====+=====||=====+=====+=====||=====+=====+=====|
|  0. |  1. |  0. ||  0. |  0. |  1. ||  0. |  0. |  0. |
|  0. |  0. |  0. ||  0. |  0. |  0. ||  1. |  0. |  0. |
|  0. |  0. |  0. ||  0. |  0. |  0. ||  0. |  0. |  0. |


state to eval, currenty is playerone turn=false

| -0. | -0. | -0. || -1. |  1. |  1. ||*-0. |*-1. |*-0. |
| -0. | -0. | -0. || -0. | -0. | -0. ||*-0. |*-0. |*-0. |
| -0. | -0. |  1. || -0. |  1. | -0. ||*-0. |*-0. |*-0. |
|=====+=====+=====||=====+=====+=====||=====+=====+=====|
| -0. | -1. | -0. || -0. | -0. | -0. || -0. | -0. | -0. |
| -1. | -0. |  1. || -0. | -0. | -0. ||  1. | -0. | -1. |
|  1. | -0. | -0. || -0. | -0. | -0. || -0. | -0. | -0. |
|=====+=====+=====||=====+=====+=====||=====+=====+=====|
| -0. | -1. | -0. || -0. | -0. | -1. || -0. | -0. | -0. |
| -0. | -0. | -0. || -0. | -0. | -0. || -1. | -0. | -0. |
| -0. | -0. | -0. || -0. | -0. | -0. || -0. | -0. | -0. |


current State

|  0. |  0. |  0. ||  1. | -1. | -1. ||  0. |  1. |  0. |
|  0. |  0. |  0. ||  0. |  0. |  0. ||  0. |  0. |  0. |
|  0. |  0. | -1. ||  0. | -1. |  0. || -1. |  0. |  0. |
|=====+=====+=====||=====+=====+=====||=====+=====+=====|
|  0. |  1. |  0. ||  0. |  0. |  0. ||  0. |  0. |  0. |
|  1. |  0. | -1. ||  0. |  0. |  0. || -1. |  0. |  1. |
| -1. |  0. |  0. ||  0. |  0. |  0. ||  0. |  0. |  0. |
|=====+=====+=====||=====+=====+=====||=====+=====+=====|
|* 0. |* 1. |* 0. ||  0. |  0. |  1. ||  0. |  0. |  0. |
|* 0. |* 0. |* 0. ||  0. |  0. |  0. ||  1. |  0. |  0. |
|* 0. |* 0. |* 0. ||  0. |  0. |  0. ||  0. |  0. |  0. |


state to eval, currenty is playerone turn=true

|  0. |  0. |  0. ||  1. | -1. | -1. ||  0. |  1. |  0. |
|  0. |  0. |  0. ||  0. |  0. |  0. ||  0. |  0. |  0. |
|  0. |  0. | -1. ||  0. | -1. |  0. || -1. |  0. |  0. |
|=====+=====+=====||=====+=====+=====||=====+=====+=====|
|  0. |  1. |  0. ||  0. |  0. |  0. ||  0. |  0. |  0. |
|  1. |  0. | -1. ||  0. |  0. |  0. || -1. |  0. |  1. |
| -1. |  0. |  0. ||  0. |  0. |  0. ||  0. |  0. |  0. |
|=====+=====+=====||=====+=====+=====||=====+=====+=====|
|* 0. |* 1. |* 0. ||  0. |  0. |  1. ||  0. |  0. |  0. |
|* 0. |* 0. |* 0. ||  0. |  0. |  0. ||  1. |  0. |  0. |
|* 0. |* 0. |* 0. ||  0. |  0. |  0. ||  0. |  0. |  0. |


current State

|  0. |  0. |  0. ||  1. | -1. | -1. ||  0. |  1. |  0. |
|  0. |  0. |  0. ||  0. |  0. |  0. ||  0. |  0. |  0. |
|  0. |  0. | -1. ||  0. | -1. |  0. || -1. |  0. |  0. |
|=====+=====+=====||=====+=====+=====||=====+=====+=====|
|  0. |  1. |  0. ||  0. |  0. |  0. ||  0. |  0. |  0. |
|  1. |  0. | -1. ||  0. |  0. |  0. || -1. |  0. |  1. |
| -1. |  0. |  0. ||  0. |  0. |  0. ||  0. |  0. |  0. |
|=====+=====+=====||=====+=====+=====||=====+=====+=====|
|  0. |  1. |  0. ||  0. |  0. |  1. ||* 0. |* 0. |* 0. |
|  0. |  0. |  0. ||  0. |  0. |  0. ||* 1. |* 0. |* 0. |
|  0. |  0. |  1. ||  0. |  0. |  0. ||* 0. |* 0. |* 0. |


state to eval, currenty is playerone turn=false

| -0. | -0. | -0. || -1. |  1. |  1. || -0. | -1. | -0. |
| -0. | -0. | -0. || -0. | -0. | -0. || -0. | -0. | -0. |
| -0. | -0. |  1. || -0. |  1. | -0. ||  1. | -0. | -0. |
|=====+=====+=====||=====+=====+=====||=====+=====+=====|
| -0. | -1. | -0. || -0. | -0. | -0. || -0. | -0. | -0. |
| -1. | -0. |  1. || -0. | -0. | -0. ||  1. | -0. | -1. |
|  1. | -0. | -0. || -0. | -0. | -0. || -0. | -0. | -0. |
|=====+=====+=====||=====+=====+=====||=====+=====+=====|
| -0. | -1. | -0. || -0. | -0. | -1. ||*-0. |*-0. |*-0. |
| -0. | -0. | -0. || -0. | -0. | -0. ||*-1. |*-0. |*-0. |
| -0. | -0. | -1. || -0. | -0. | -0. ||*-0. |*-0. |*-0. |


current State

|  0. |  0. |  0. ||  1. | -1. | -1. ||  0. |  1. |  0. |
|  0. |  0. |  0. ||  0. |  0. |  0. ||  0. |  0. |  0. |
|  0. |  0. | -1. ||  0. | -1. |  0. || -1. |  0. |  0. |
|=====+=====+=====||=====+=====+=====||=====+=====+=====|
|  0. |  1. |  0. ||  0. |  0. |  0. ||  0. |  0. |  0. |
|  1. |  0. | -1. ||  0. |  0. |  0. || -1. |  0. |  1. |
| -1. |  0. |  0. ||  0. |  0. |  0. ||  0. |  0. |  0. |
|=====+=====+=====||=====+=====+=====||=====+=====+=====|
|  0. |  1. |  0. ||* 0. |* 0. |* 1. ||  0. |  0. |  0. |
|  0. |  0. |  0. ||* 0. |* 0. |* 0. ||  1. |  0. |  0. |
|  0. |  0. |  1. ||* 0. |* 0. |* 0. ||  0. | -1. |  0. |


state to eval, currenty is playerone turn=true

|  0. |  0. |  0. ||  1. | -1. | -1. ||  0. |  1. |  0. |
|  0. |  0. |  0. ||  0. |  0. |  0. ||  0. |  0. |  0. |
|  0. |  0. | -1. ||  0. | -1. |  0. || -1. |  0. |  0. |
|=====+=====+=====||=====+=====+=====||=====+=====+=====|
|  0. |  1. |  0. ||  0. |  0. |  0. ||  0. |  0. |  0. |
|  1. |  0. | -1. ||  0. |  0. |  0. || -1. |  0. |  1. |
| -1. |  0. |  0. ||  0. |  0. |  0. ||  0. |  0. |  0. |
|=====+=====+=====||=====+=====+=====||=====+=====+=====|
|  0. |  1. |  0. ||* 0. |* 0. |* 1. ||  0. |  0. |  0. |
|  0. |  0. |  0. ||* 0. |* 0. |* 0. ||  1. |  0. |  0. |
|  0. |  0. |  1. ||* 0. |* 0. |* 0. ||  0. | -1. |  0. |


current State

|  0. |  0. |  0. ||  1. | -1. | -1. ||  0. |  1. |  0. |
|  0. |  0. |  0. ||  0. |  0. |  0. ||  0. |  0. |  0. |
|  0. |  0. | -1. ||  0. | -1. |  0. || -1. |  0. |  0. |
|=====+=====+=====||=====+=====+=====||=====+=====+=====|
|* 0. |* 1. |* 0. ||  0. |  0. |  0. ||  0. |  0. |  0. |
|* 1. |* 0. |*-1. ||  0. |  0. |  0. || -1. |  0. |  1. |
|*-1. |* 0. |* 0. ||  0. |  0. |  0. ||  0. |  0. |  0. |
|=====+=====+=====||=====+=====+=====||=====+=====+=====|
|  0. |  1. |  0. ||  0. |  0. |  1. ||  0. |  0. |  0. |
|  0. |  0. |  0. ||  1. |  0. |  0. ||  1. |  0. |  0. |
|  0. |  0. |  1. ||  0. |  0. |  0. ||  0. | -1. |  0. |


state to eval, currenty is playerone turn=false

| -0. | -0. | -0. || -1. |  1. |  1. || -0. | -1. | -0. |
| -0. | -0. | -0. || -0. | -0. | -0. || -0. | -0. | -0. |
| -0. | -0. |  1. || -0. |  1. | -0. ||  1. | -0. | -0. |
|=====+=====+=====||=====+=====+=====||=====+=====+=====|
|*-0. |*-1. |*-0. || -0. | -0. | -0. || -0. | -0. | -0. |
|*-1. |*-0. |* 1. || -0. | -0. | -0. ||  1. | -0. | -1. |
|* 1. |*-0. |*-0. || -0. | -0. | -0. || -0. | -0. | -0. |
|=====+=====+=====||=====+=====+=====||=====+=====+=====|
| -0. | -1. | -0. || -0. | -0. | -1. || -0. | -0. | -0. |
| -0. | -0. | -0. || -1. | -0. | -0. || -1. | -0. | -0. |
| -0. | -0. | -1. || -0. | -0. | -0. || -0. |  1. | -0. |


current State

|  0. |  0. |  0. ||  1. | -1. | -1. ||* 0. |* 1. |* 0. |
|  0. |  0. |  0. ||  0. |  0. |  0. ||* 0. |* 0. |* 0. |
|  0. |  0. | -1. ||  0. | -1. |  0. ||*-1. |* 0. |* 0. |
|=====+=====+=====||=====+=====+=====||=====+=====+=====|
|  0. |  1. | -1. ||  0. |  0. |  0. ||  0. |  0. |  0. |
|  1. |  0. | -1. ||  0. |  0. |  0. || -1. |  0. |  1. |
| -1. |  0. |  0. ||  0. |  0. |  0. ||  0. |  0. |  0. |
|=====+=====+=====||=====+=====+=====||=====+=====+=====|
|  0. |  1. |  0. ||  0. |  0. |  1. ||  0. |  0. |  0. |
|  0. |  0. |  0. ||  1. |  0. |  0. ||  1. |  0. |  0. |
|  0. |  0. |  1. ||  0. |  0. |  0. ||  0. | -1. |  0. |


state to eval, currenty is playerone turn=true

|  0. |  0. |  0. ||  1. | -1. | -1. ||* 0. |* 1. |* 0. |
|  0. |  0. |  0. ||  0. |  0. |  0. ||* 0. |* 0. |* 0. |
|  0. |  0. | -1. ||  0. | -1. |  0. ||*-1. |* 0. |* 0. |
|=====+=====+=====||=====+=====+=====||=====+=====+=====|
|  0. |  1. | -1. ||  0. |  0. |  0. ||  0. |  0. |  0. |
|  1. |  0. | -1. ||  0. |  0. |  0. || -1. |  0. |  1. |
| -1. |  0. |  0. ||  0. |  0. |  0. ||  0. |  0. |  0. |
|=====+=====+=====||=====+=====+=====||=====+=====+=====|
|  0. |  1. |  0. ||  0. |  0. |  1. ||  0. |  0. |  0. |
|  0. |  0. |  0. ||  1. |  0. |  0. ||  1. |  0. |  0. |
|  0. |  0. |  1. ||  0. |  0. |  0. ||  0. | -1. |  0. |


current State

|* 0. |* 0. |* 0. ||  1. | -1. | -1. ||  1. |  1. |  0. |
|* 0. |* 0. |* 0. ||  0. |  0. |  0. ||  0. |  0. |  0. |
|* 0. |* 0. |*-1. ||  0. | -1. |  0. || -1. |  0. |  0. |
|=====+=====+=====||=====+=====+=====||=====+=====+=====|
|  0. |  1. | -1. ||  0. |  0. |  0. ||  0. |  0. |  0. |
|  1. |  0. | -1. ||  0. |  0. |  0. || -1. |  0. |  1. |
| -1. |  0. |  0. ||  0. |  0. |  0. ||  0. |  0. |  0. |
|=====+=====+=====||=====+=====+=====||=====+=====+=====|
|  0. |  1. |  0. ||  0. |  0. |  1. ||  0. |  0. |  0. |
|  0. |  0. |  0. ||  1. |  0. |  0. ||  1. |  0. |  0. |
|  0. |  0. |  1. ||  0. |  0. |  0. ||  0. | -1. |  0. |


state to eval, currenty is playerone turn=false

|*-0. |*-0. |*-0. || -1. |  1. |  1. || -1. | -1. | -0. |
|*-0. |*-0. |*-0. || -0. | -0. | -0. || -0. | -0. | -0. |
|*-0. |*-0. |* 1. || -0. |  1. | -0. ||  1. | -0. | -0. |
|=====+=====+=====||=====+=====+=====||=====+=====+=====|
| -0. | -1. |  1. || -0. | -0. | -0. || -0. | -0. | -0. |
| -1. | -0. |  1. || -0. | -0. | -0. ||  1. | -0. | -1. |
|  1. | -0. | -0. || -0. | -0. | -0. || -0. | -0. | -0. |
|=====+=====+=====||=====+=====+=====||=====+=====+=====|
| -0. | -1. | -0. || -0. | -0. | -1. || -0. | -0. | -0. |
| -0. | -0. | -0. || -1. | -0. | -0. || -1. | -0. | -0. |
| -0. | -0. | -1. || -0. | -0. | -0. || -0. |  1. | -0. |


Determined best move using: 97180Iterations
current State

|  0. |  0. |  0. ||  1. | -1. | -1. ||  1. |  1. |  0. |
|  0. | -1. |  0. ||  0. |  0. |  0. ||  0. |  0. |  0. |
|  0. |  0. | -1. ||  0. | -1. |  0. || -1. |  0. |  0. |
|=====+=====+=====||=====+=====+=====||=====+=====+=====|
|  0. |  1. | -1. ||* 0. |* 0. |* 0. ||  0. |  0. |  0. |
|  1. |  0. | -1. ||* 0. |* 0. |* 0. || -1. |  0. |  1. |
| -1. |  0. |  0. ||* 0. |* 0. |* 0. ||  0. |  0. |  0. |
|=====+=====+=====||=====+=====+=====||=====+=====+=====|
|  0. |  1. |  0. ||  0. |  0. |  1. ||  0. |  0. |  0. |
|  0. |  0. |  0. ||  1. |  0. |  0. ||  1. |  0. |  0. |
|  0. |  0. |  1. ||  0. |  0. |  0. ||  0. | -1. |  0. |


state to eval, currenty is playerone turn=true

|  0. |  0. |  0. ||  1. | -1. | -1. ||  1. |  1. |  0. |
|  0. | -1. |  0. ||  0. |  0. |  0. ||  0. |  0. |  0. |
|  0. |  0. | -1. ||  0. | -1. |  0. || -1. |  0. |  0. |
|=====+=====+=====||=====+=====+=====||=====+=====+=====|
|  0. |  1. | -1. ||* 0. |* 0. |* 0. ||  0. |  0. |  0. |
|  1. |  0. | -1. ||* 0. |* 0. |* 0. || -1. |  0. |  1. |
| -1. |  0. |  0. ||* 0. |* 0. |* 0. ||  0. |  0. |  0. |
|=====+=====+=====||=====+=====+=====||=====+=====+=====|
|  0. |  1. |  0. ||  0. |  0. |  1. ||  0. |  0. |  0. |
|  0. |  0. |  0. ||  1. |  0. |  0. ||  1. |  0. |  0. |
|  0. |  0. |  1. ||  0. |  0. |  0. ||  0. | -1. |  0. |


current State

|  0. |  0. |  0. ||  1. | -1. | -1. ||* 1. |* 1. |* 0. |
|  0. | -1. |  0. ||  0. |  0. |  0. ||* 0. |* 0. |* 0. |
|  0. |  0. | -1. ||  0. | -1. |  0. ||*-1. |* 0. |* 0. |
|=====+=====+=====||=====+=====+=====||=====+=====+=====|
|  0. |  1. | -1. ||  0. |  0. |  1. ||  0. |  0. |  0. |
|  1. |  0. | -1. ||  0. |  0. |  0. || -1. |  0. |  1. |
| -1. |  0. |  0. ||  0. |  0. |  0. ||  0. |  0. |  0. |
|=====+=====+=====||=====+=====+=====||=====+=====+=====|
|  0. |  1. |  0. ||  0. |  0. |  1. ||  0. |  0. |  0. |
|  0. |  0. |  0. ||  1. |  0. |  0. ||  1. |  0. |  0. |
|  0. |  0. |  1. ||  0. |  0. |  0. ||  0. | -1. |  0. |


state to eval, currenty is playerone turn=false

| -0. | -0. | -0. || -1. |  1. |  1. ||*-1. |*-1. |*-0. |
| -0. |  1. | -0. || -0. | -0. | -0. ||*-0. |*-0. |*-0. |
| -0. | -0. |  1. || -0. |  1. | -0. ||* 1. |*-0. |*-0. |
|=====+=====+=====||=====+=====+=====||=====+=====+=====|
| -0. | -1. |  1. || -0. | -0. | -1. || -0. | -0. | -0. |
| -1. | -0. |  1. || -0. | -0. | -0. ||  1. | -0. | -1. |
|  1. | -0. | -0. || -0. | -0. | -0. || -0. | -0. | -0. |
|=====+=====+=====||=====+=====+=====||=====+=====+=====|
| -0. | -1. | -0. || -0. | -0. | -1. || -0. | -0. | -0. |
| -0. | -0. | -0. || -1. | -0. | -0. || -1. | -0. | -0. |
| -0. | -0. | -1. || -0. | -0. | -0. || -0. |  1. | -0. |


current State

|  0. |  0. |  0. ||  1. | -1. | -1. ||  1. |  1. |  0. |
|  0. | -1. |  0. ||  0. |  0. |  0. ||  0. | -1. |  0. |
|  0. |  0. | -1. ||  0. | -1. |  0. || -1. |  0. |  0. |
|=====+=====+=====||=====+=====+=====||=====+=====+=====|
|  0. |  1. | -1. ||* 0. |* 0. |* 1. ||  0. |  0. |  0. |
|  1. |  0. | -1. ||* 0. |* 0. |* 0. || -1. |  0. |  1. |
| -1. |  0. |  0. ||* 0. |* 0. |* 0. ||  0. |  0. |  0. |
|=====+=====+=====||=====+=====+=====||=====+=====+=====|
|  0. |  1. |  0. ||  0. |  0. |  1. ||  0. |  0. |  0. |
|  0. |  0. |  0. ||  1. |  0. |  0. ||  1. |  0. |  0. |
|  0. |  0. |  1. ||  0. |  0. |  0. ||  0. | -1. |  0. |


state to eval, currenty is playerone turn=true

|  0. |  0. |  0. ||  1. | -1. | -1. ||  1. |  1. |  0. |
|  0. | -1. |  0. ||  0. |  0. |  0. ||  0. | -1. |  0. |
|  0. |  0. | -1. ||  0. | -1. |  0. || -1. |  0. |  0. |
|=====+=====+=====||=====+=====+=====||=====+=====+=====|
|  0. |  1. | -1. ||* 0. |* 0. |* 1. ||  0. |  0. |  0. |
|  1. |  0. | -1. ||* 0. |* 0. |* 0. || -1. |  0. |  1. |
| -1. |  0. |  0. ||* 0. |* 0. |* 0. ||  0. |  0. |  0. |
|=====+=====+=====||=====+=====+=====||=====+=====+=====|
|  0. |  1. |  0. ||  0. |  0. |  1. ||  0. |  0. |  0. |
|  0. |  0. |  0. ||  1. |  0. |  0. ||  1. |  0. |  0. |
|  0. |  0. |  1. ||  0. |  0. |  0. ||  0. | -1. |  0. |


Determined best move using: 118357Iterations
current State

|  0. |  0. |  0. ||  1. | -1. | -1. ||  1. |  1. |  0. |
|  0. | -1. |  0. ||  0. |  0. |  0. ||  0. | -1. |  0. |
|  0. |  0. | -1. ||  0. | -1. |  0. || -1. |  0. |  0. |
|=====+=====+=====||=====+=====+=====||=====+=====+=====|
|  0. |  1. | -1. ||  0. |  0. |  1. ||  0. |  0. |  0. |
|  1. |  0. | -1. ||  0. |  0. |  0. || -1. |  0. |  1. |
| -1. |  0. |  0. ||  0. |  0. |  1. ||  0. |  0. |  0. |
|=====+=====+=====||=====+=====+=====||=====+=====+=====|
|  0. |  1. |  0. ||  0. |  0. |  1. ||* 0. |* 0. |* 0. |
|  0. |  0. |  0. ||  1. |  0. |  0. ||* 1. |* 0. |* 0. |
|  0. |  0. |  1. ||  0. |  0. |  0. ||* 0. |*-1. |* 0. |


state to eval, currenty is playerone turn=false

| -0. | -0. | -0. || -1. |  1. |  1. || -1. | -1. | -0. |
| -0. |  1. | -0. || -0. | -0. | -0. || -0. |  1. | -0. |
| -0. | -0. |  1. || -0. |  1. | -0. ||  1. | -0. | -0. |
|=====+=====+=====||=====+=====+=====||=====+=====+=====|
| -0. | -1. |  1. || -0. | -0. | -1. || -0. | -0. | -0. |
| -1. | -0. |  1. || -0. | -0. | -0. ||  1. | -0. | -1. |
|  1. | -0. | -0. || -0. | -0. | -1. || -0. | -0. | -0. |
|=====+=====+=====||=====+=====+=====||=====+=====+=====|
| -0. | -1. | -0. || -0. | -0. | -1. ||*-0. |*-0. |*-0. |
| -0. | -0. | -0. || -1. | -0. | -0. ||*-1. |*-0. |*-0. |
| -0. | -0. | -1. || -0. | -0. | -0. ||*-0. |* 1. |*-0. |


Determined best move using: 120685Iterations
Determined best move using: 107381Iterations
current State

|* 0. |* 0. |* 0. ||  1. | -1. | -1. ||  1. |  1. |  0. |
|* 0. |*-1. |* 0. ||  0. |  0. |  0. ||  0. | -1. |  0. |
|* 0. |* 0. |*-1. ||  0. | -1. |  0. || -1. |  0. |  0. |
|=====+=====+=====||=====+=====+=====||=====+=====+=====|
|  0. |  1. | -1. ||  0. |  0. |  1. ||  0. |  0. |  0. |
|  1. |  0. | -1. ||  0. |  0. |  0. || -1. |  0. |  1. |
| -1. |  0. |  0. ||  0. |  0. |  1. ||  0. |  0. |  0. |
|=====+=====+=====||=====+=====+=====||=====+=====+=====|
|  0. |  1. |  0. ||  0. |  0. |  1. || -1. |  0. |  0. |
|  0. |  0. |  0. ||  1. |  0. |  0. ||  1. |  0. |  0. |
|  0. |  0. |  1. ||  0. |  0. |  0. ||  0. | -1. |  0. |


state to eval, currenty is playerone turn=true

|* 0. |* 0. |* 0. ||  1. | -1. | -1. ||  1. |  1. |  0. |
|* 0. |*-1. |* 0. ||  0. |  0. |  0. ||  0. | -1. |  0. |
|* 0. |* 0. |*-1. ||  0. | -1. |  0. || -1. |  0. |  0. |
|=====+=====+=====||=====+=====+=====||=====+=====+=====|
|  0. |  1. | -1. ||  0. |  0. |  1. ||  0. |  0. |  0. |
|  1. |  0. | -1. ||  0. |  0. |  0. || -1. |  0. |  1. |
| -1. |  0. |  0. ||  0. |  0. |  1. ||  0. |  0. |  0. |
|=====+=====+=====||=====+=====+=====||=====+=====+=====|
|  0. |  1. |  0. ||  0. |  0. |  1. || -1. |  0. |  0. |
|  0. |  0. |  0. ||  1. |  0. |  0. ||  1. |  0. |  0. |
|  0. |  0. |  1. ||  0. |  0. |  0. ||  0. | -1. |  0. |


Determined best move using: 106795Iterations
current State

|  0. |  0. |  0. ||  1. | -1. | -1. ||  1. |  1. |  0. |
|  0. | -1. |  0. ||  0. |  0. |  0. ||  0. | -1. |  0. |
|  0. |  1. | -1. ||  0. | -1. |  0. || -1. |  0. |  0. |
|=====+=====+=====||=====+=====+=====||=====+=====+=====|
|  0. |  1. | -1. ||  0. |  0. |  1. ||  0. |  0. |  0. |
|  1. |  0. | -1. ||  0. |  0. |  0. || -1. |  0. |  1. |
| -1. |  0. |  0. ||  0. |  0. |  1. ||  0. |  0. |  0. |
|=====+=====+=====||=====+=====+=====||=====+=====+=====|
|  0. |  1. |  0. ||* 0. |* 0. |* 1. || -1. |  0. |  0. |
|  0. |  0. |  0. ||* 1. |* 0. |* 0. ||  1. |  0. |  0. |
|  0. |  0. |  1. ||* 0. |* 0. |* 0. ||  0. | -1. |  0. |


state to eval, currenty is playerone turn=false

| -0. | -0. | -0. || -1. |  1. |  1. || -1. | -1. | -0. |
| -0. |  1. | -0. || -0. | -0. | -0. || -0. |  1. | -0. |
| -0. | -1. |  1. || -0. |  1. | -0. ||  1. | -0. | -0. |
|=====+=====+=====||=====+=====+=====||=====+=====+=====|
| -0. | -1. |  1. || -0. | -0. | -1. || -0. | -0. | -0. |
| -1. | -0. |  1. || -0. | -0. | -0. ||  1. | -0. | -1. |
|  1. | -0. | -0. || -0. | -0. | -1. || -0. | -0. | -0. |
|=====+=====+=====||=====+=====+=====||=====+=====+=====|
| -0. | -1. | -0. ||*-0. |*-0. |*-1. ||  1. | -0. | -0. |
| -0. | -0. | -0. ||*-1. |*-0. |*-0. || -1. | -0. | -0. |
| -0. | -0. | -1. ||*-0. |*-0. |*-0. || -0. |  1. | -0. |


current State

|  0. |  0. |  0. ||  1. | -1. | -1. ||  1. |  1. |  0. |
|  0. | -1. |  0. ||  0. |  0. |  0. ||  0. | -1. |  0. |
|  0. |  1. | -1. ||  0. | -1. |  0. || -1. |  0. |  0. |
|=====+=====+=====||=====+=====+=====||=====+=====+=====|
|  0. |  1. | -1. ||  0. |  0. |  1. ||  0. |  0. |  0. |
|  1. |  0. | -1. ||  0. |  0. |  0. || -1. |  0. |  1. |
| -1. |  0. |  0. ||  0. |  0. |  1. ||  0. |  0. |  0. |
|=====+=====+=====||=====+=====+=====||=====+=====+=====|
|* 0. |* 1. |* 0. ||  0. |  0. |  1. || -1. |  0. |  0. |
|* 0. |* 0. |* 0. ||  1. |  0. |  0. ||  1. |  0. |  0. |
|* 0. |* 0. |* 1. || -1. |  0. |  0. ||  0. | -1. |  0. |


state to eval, currenty is playerone turn=true

|  0. |  0. |  0. ||  1. | -1. | -1. ||  1. |  1. |  0. |
|  0. | -1. |  0. ||  0. |  0. |  0. ||  0. | -1. |  0. |
|  0. |  1. | -1. ||  0. | -1. |  0. || -1. |  0. |  0. |
|=====+=====+=====||=====+=====+=====||=====+=====+=====|
|  0. |  1. | -1. ||  0. |  0. |  1. ||  0. |  0. |  0. |
|  1. |  0. | -1. ||  0. |  0. |  0. || -1. |  0. |  1. |
| -1. |  0. |  0. ||  0. |  0. |  1. ||  0. |  0. |  0. |
|=====+=====+=====||=====+=====+=====||=====+=====+=====|
|* 0. |* 1. |* 0. ||  0. |  0. |  1. || -1. |  0. |  0. |
|* 0. |* 0. |* 0. ||  1. |  0. |  0. ||  1. |  0. |  0. |
|* 0. |* 0. |* 1. || -1. |  0. |  0. ||  0. | -1. |  0. |


Determined best move using: 113292Iterations
current State

|  0. |  0. |  0. ||  1. | -1. | -1. ||  1. |  1. |  0. |
|  0. | -1. |  0. ||  0. |  0. |  0. ||  0. | -1. |  0. |
|  0. |  1. | -1. ||  0. | -1. |  0. || -1. |  0. |  0. |
|=====+=====+=====||=====+=====+=====||=====+=====+=====|
|  0. |  1. | -1. ||  0. |  0. |  1. ||* 0. |* 0. |* 0. |
|  1. |  0. | -1. ||  0. |  0. |  0. ||*-1. |* 0. |* 1. |
| -1. |  0. |  0. ||  0. |  0. |  1. ||* 0. |* 0. |* 0. |
|=====+=====+=====||=====+=====+=====||=====+=====+=====|
|  0. |  1. |  0. ||  0. |  0. |  1. || -1. |  0. |  0. |
|  0. |  0. |  1. ||  1. |  0. |  0. ||  1. |  0. |  0. |
|  0. |  0. |  1. || -1. |  0. |  0. ||  0. | -1. |  0. |


state to eval, currenty is playerone turn=false

| -0. | -0. | -0. || -1. |  1. |  1. || -1. | -1. | -0. |
| -0. |  1. | -0. || -0. | -0. | -0. || -0. |  1. | -0. |
| -0. | -1. |  1. || -0. |  1. | -0. ||  1. | -0. | -0. |
|=====+=====+=====||=====+=====+=====||=====+=====+=====|
| -0. | -1. |  1. || -0. | -0. | -1. ||*-0. |*-0. |*-0. |
| -1. | -0. |  1. || -0. | -0. | -0. ||* 1. |*-0. |*-1. |
|  1. | -0. | -0. || -0. | -0. | -1. ||*-0. |*-0. |*-0. |
|=====+=====+=====||=====+=====+=====||=====+=====+=====|
| -0. | -1. | -0. || -0. | -0. | -1. ||  1. | -0. | -0. |
| -0. | -0. | -1. || -1. | -0. | -0. || -1. | -0. | -0. |
| -0. | -0. | -1. ||  1. | -0. | -0. || -0. |  1. | -0. |


current State

|  0. |  0. |  0. ||  1. | -1. | -1. ||  1. |  1. |  0. |
|  0. | -1. |  0. ||  0. |  0. |  0. ||  0. | -1. |  0. |
|  0. |  1. | -1. ||  0. | -1. |  0. || -1. |  0. |  0. |
|=====+=====+=====||=====+=====+=====||=====+=====+=====|
|  0. |  1. | -1. ||  0. |  0. |  1. ||  0. |  0. |  0. |
|  1. |  0. | -1. ||  0. |  0. |  0. || -1. |  0. |  1. |
| -1. |  0. |  0. ||  0. |  0. |  1. || -1. |  0. |  0. |
|=====+=====+=====||=====+=====+=====||=====+=====+=====|
|* 0. |* 1. |* 0. ||  0. |  0. |  1. || -1. |  0. |  0. |
|* 0. |* 0. |* 1. ||  1. |  0. |  0. ||  1. |  0. |  0. |
|* 0. |* 0. |* 1. || -1. |  0. |  0. ||  0. | -1. |  0. |


state to eval, currenty is playerone turn=true

|  0. |  0. |  0. ||  1. | -1. | -1. ||  1. |  1. |  0. |
|  0. | -1. |  0. ||  0. |  0. |  0. ||  0. | -1. |  0. |
|  0. |  1. | -1. ||  0. | -1. |  0. || -1. |  0. |  0. |
|=====+=====+=====||=====+=====+=====||=====+=====+=====|
|  0. |  1. | -1. ||  0. |  0. |  1. ||  0. |  0. |  0. |
|  1. |  0. | -1. ||  0. |  0. |  0. || -1. |  0. |  1. |
| -1. |  0. |  0. ||  0. |  0. |  1. || -1. |  0. |  0. |
|=====+=====+=====||=====+=====+=====||=====+=====+=====|
|* 0. |* 1. |* 0. ||  0. |  0. |  1. || -1. |  0. |  0. |
|* 0. |* 0. |* 1. ||  1. |  0. |  0. ||  1. |  0. |  0. |
|* 0. |* 0. |* 1. || -1. |  0. |  0. ||  0. | -1. |  0. |


current State

|  0. |  0. |  0. ||  1. | -1. | -1. ||  1. |  1. |  0. |
|  0. | -1. |  0. ||  0. |  0. |  0. ||  0. | -1. |  0. |
|  0. |  1. | -1. ||  0. | -1. |  0. || -1. |  0. |  0. |
|=====+=====+=====||=====+=====+=====||=====+=====+=====|
|* 0. |* 1. |*-1. ||  0. |  0. |  1. ||  0. |  0. |  0. |
|* 1. |* 0. |*-1. ||  0. |  0. |  0. || -1. |  0. |  1. |
|*-1. |* 0. |* 0. ||  0. |  0. |  1. || -1. |  0. |  0. |
|=====+=====+=====||=====+=====+=====||=====+=====+=====|
|  0. |  1. |  0. ||  0. |  0. |  1. || -1. |  0. |  0. |
|  1. |  0. |  1. ||  1. |  0. |  0. ||  1. |  0. |  0. |
|  0. |  0. |  1. || -1. |  0. |  0. ||  0. | -1. |  0. |


state to eval, currenty is playerone turn=false

| -0. | -0. | -0. || -1. |  1. |  1. || -1. | -1. | -0. |
| -0. |  1. | -0. || -0. | -0. | -0. || -0. |  1. | -0. |
| -0. | -1. |  1. || -0. |  1. | -0. ||  1. | -0. | -0. |
|=====+=====+=====||=====+=====+=====||=====+=====+=====|
|*-0. |*-1. |* 1. || -0. | -0. | -1. || -0. | -0. | -0. |
|*-1. |*-0. |* 1. || -0. | -0. | -0. ||  1. | -0. | -1. |
|* 1. |*-0. |*-0. || -0. | -0. | -1. ||  1. | -0. | -0. |
|=====+=====+=====||=====+=====+=====||=====+=====+=====|
| -0. | -1. | -0. || -0. | -0. | -1. ||  1. | -0. | -0. |
| -1. | -0. | -1. || -1. | -0. | -0. || -1. | -0. | -0. |
| -0. | -0. | -1. ||  1. | -0. | -0. || -0. |  1. | -0. |


Determined best move using: 98996Iterations
Determined best move using: 119646Iterations
current State

|  0. |  0. |  0. ||  1. | -1. | -1. ||  1. |  1. |  0. |
|  0. | -1. |  0. ||  0. |  0. |  0. ||  0. | -1. |  0. |
|  0. |  1. | -1. ||  0. | -1. |  0. || -1. |  0. |  0. |
|=====+=====+=====||=====+=====+=====||=====+=====+=====|
|  0. |  1. | -1. ||  0. |  0. |  1. ||  0. |  0. |  0. |
|  1. |  0. | -1. ||  0. |  0. |  0. || -1. |  0. |  1. |
| -1. | -1. |  0. ||  0. |  0. |  1. || -1. |  0. |  0. |
|=====+=====+=====||=====+=====+=====||=====+=====+=====|
|  0. |  1. |  0. ||* 0. |* 0. |* 1. || -1. |  0. |  0. |
|  1. |  0. |  1. ||* 1. |* 0. |* 0. ||  1. |  0. |  0. |
|  0. |  0. |  1. ||*-1. |* 0. |* 0. ||  0. | -1. |  0. |


state to eval, currenty is playerone turn=true

|  0. |  0. |  0. ||  1. | -1. | -1. ||  1. |  1. |  0. |
|  0. | -1. |  0. ||  0. |  0. |  0. ||  0. | -1. |  0. |
|  0. |  1. | -1. ||  0. | -1. |  0. || -1. |  0. |  0. |
|=====+=====+=====||=====+=====+=====||=====+=====+=====|
|  0. |  1. | -1. ||  0. |  0. |  1. ||  0. |  0. |  0. |
|  1. |  0. | -1. ||  0. |  0. |  0. || -1. |  0. |  1. |
| -1. | -1. |  0. ||  0. |  0. |  1. || -1. |  0. |  0. |
|=====+=====+=====||=====+=====+=====||=====+=====+=====|
|  0. |  1. |  0. ||* 0. |* 0. |* 1. || -1. |  0. |  0. |
|  1. |  0. |  1. ||* 1. |* 0. |* 0. ||  1. |  0. |  0. |
|  0. |  0. |  1. ||*-1. |* 0. |* 0. ||  0. | -1. |  0. |


Determined best move using: 100758Iterations
Determined best move using: 130547Iterations
current State

|* 0. |* 0. |* 0. ||  1. | -1. | -1. ||  1. |  1. |  0. |
|* 0. |*-1. |* 0. ||  0. |  0. |  0. ||  0. | -1. |  0. |
|* 0. |* 1. |*-1. ||  0. | -1. |  0. || -1. |  0. |  0. |
|=====+=====+=====||=====+=====+=====||=====+=====+=====|
|  0. |  1. | -1. ||  0. |  0. |  1. ||  0. |  0. |  0. |
|  1. |  0. | -1. ||  0. |  0. |  0. || -1. |  0. |  1. |
| -1. | -1. |  0. ||  0. |  0. |  1. || -1. |  0. |  0. |
|=====+=====+=====||=====+=====+=====||=====+=====+=====|
|  0. |  1. |  0. ||  1. |  0. |  1. || -1. |  0. |  0. |
|  1. |  0. |  1. ||  1. |  0. |  0. ||  1. |  0. |  0. |
|  0. |  0. |  1. || -1. |  0. |  0. ||  0. | -1. |  0. |


state to eval, currenty is playerone turn=false

|*-0. |*-0. |*-0. || -1. |  1. |  1. || -1. | -1. | -0. |
|*-0. |* 1. |*-0. || -0. | -0. | -0. || -0. |  1. | -0. |
|*-0. |*-1. |* 1. || -0. |  1. | -0. ||  1. | -0. | -0. |
|=====+=====+=====||=====+=====+=====||=====+=====+=====|
| -0. | -1. |  1. || -0. | -0. | -1. || -0. | -0. | -0. |
| -1. | -0. |  1. || -0. | -0. | -0. ||  1. | -0. | -1. |
|  1. |  1. | -0. || -0. | -0. | -1. ||  1. | -0. | -0. |
|=====+=====+=====||=====+=====+=====||=====+=====+=====|
| -0. | -1. | -0. || -1. | -0. | -1. ||  1. | -0. | -0. |
| -1. | -0. | -1. || -1. | -0. | -0. || -1. | -0. | -0. |
| -0. | -0. | -1. ||  1. | -0. | -0. || -0. |  1. | -0. |


Determined best move using: 106058Iterations
Determined best move using: 137723Iterations
current State

| -1. |  0. |  0. ||* 1. |*-1. |*-1. ||* 1. |* 1. |* 0. |
|  0. | -1. |  0. ||* 0. |* 0. |* 0. ||* 0. |*-1. |* 0. |
|  0. |  1. | -1. ||* 0. |*-1. |* 0. ||*-1. |* 0. |* 0. |
|=====+=====+=====||=====+=====+=====||=====+=====+=====|
|* 0. |* 1. |*-1. ||* 0. |* 0. |* 1. ||* 0. |* 0. |* 0. |
|* 1. |* 0. |*-1. ||* 0. |* 0. |* 0. ||*-1. |* 0. |* 1. |
|*-1. |*-1. |* 0. ||* 0. |* 0. |* 1. ||*-1. |* 0. |* 0. |
|=====+=====+=====||=====+=====+=====||=====+=====+=====|
|* 0. |* 1. |* 0. ||* 1. |* 0. |* 1. ||*-1. |* 0. |* 0. |
|* 1. |* 0. |* 1. ||* 1. |* 0. |* 0. ||* 1. |* 0. |* 0. |
|* 0. |* 0. |* 1. ||*-1. |* 0. |* 0. ||* 0. |*-1. |* 0. |


state to eval, currenty is playerone turn=true

| -1. |  0. |  0. ||* 1. |*-1. |*-1. ||* 1. |* 1. |* 0. |
|  0. | -1. |  0. ||* 0. |* 0. |* 0. ||* 0. |*-1. |* 0. |
|  0. |  1. | -1. ||* 0. |*-1. |* 0. ||*-1. |* 0. |* 0. |
|=====+=====+=====||=====+=====+=====||=====+=====+=====|
|* 0. |* 1. |*-1. ||* 0. |* 0. |* 1. ||* 0. |* 0. |* 0. |
|* 1. |* 0. |*-1. ||* 0. |* 0. |* 0. ||*-1. |* 0. |* 1. |
|*-1. |*-1. |* 0. ||* 0. |* 0. |* 1. ||*-1. |* 0. |* 0. |
|=====+=====+=====||=====+=====+=====||=====+=====+=====|
|* 0. |* 1. |* 0. ||* 1. |* 0. |* 1. ||*-1. |* 0. |* 0. |
|* 1. |* 0. |* 1. ||* 1. |* 0. |* 0. ||* 1. |* 0. |* 0. |
|* 0. |* 0. |* 1. ||*-1. |* 0. |* 0. ||* 0. |*-1. |* 0. |


Determined best move using: 106791Iterations
Determined best move using: 147631Iterations
current State

| -1. |  0. |  0. ||  1. | -1. | -1. ||* 1. |* 1. |* 0. |
|  0. | -1. |  0. ||  0. |  0. |  0. ||* 0. |*-1. |* 0. |
|  0. |  1. | -1. ||  0. | -1. |  0. ||*-1. |* 0. |* 0. |
|=====+=====+=====||=====+=====+=====||=====+=====+=====|
|  0. |  1. | -1. ||  0. |  0. |  1. ||  0. |  0. |  0. |
|  1. |  0. | -1. ||  0. |  0. |  0. || -1. |  0. |  1. |
| -1. | -1. |  0. ||  0. |  0. |  1. || -1. |  0. |  0. |
|=====+=====+=====||=====+=====+=====||=====+=====+=====|
|  0. |  1. |  1. ||  1. |  0. |  1. || -1. |  0. |  0. |
|  1. |  0. |  1. ||  1. |  0. |  0. ||  1. |  0. |  0. |
|  0. |  0. |  1. || -1. |  0. |  0. ||  0. | -1. |  0. |


state to eval, currenty is playerone turn=false

|  1. | -0. | -0. || -1. |  1. |  1. ||*-1. |*-1. |*-0. |
| -0. |  1. | -0. || -0. | -0. | -0. ||*-0. |* 1. |*-0. |
| -0. | -1. |  1. || -0. |  1. | -0. ||* 1. |*-0. |*-0. |
|=====+=====+=====||=====+=====+=====||=====+=====+=====|
| -0. | -1. |  1. || -0. | -0. | -1. || -0. | -0. | -0. |
| -1. | -0. |  1. || -0. | -0. | -0. ||  1. | -0. | -1. |
|  1. |  1. | -0. || -0. | -0. | -1. ||  1. | -0. | -0. |
|=====+=====+=====||=====+=====+=====||=====+=====+=====|
| -0. | -1. | -1. || -1. | -0. | -1. ||  1. | -0. | -0. |
| -1. | -0. | -1. || -1. | -0. | -0. || -1. | -0. | -0. |
| -0. | -0. | -1. ||  1. | -0. | -0. || -0. |  1. | -0. |


Determined best move using: 158697Iterations
Determined best move using: 107867Iterations
current State

| -1. |  0. |  0. ||* 1. |*-1. |*-1. ||  1. |  1. | -1. |
|  0. | -1. |  0. ||* 0. |* 0. |* 0. ||  0. | -1. |  0. |
|  0. |  1. | -1. ||* 0. |*-1. |* 0. || -1. |  0. |  0. |
|=====+=====+=====||=====+=====+=====||=====+=====+=====|
|* 0. |* 1. |*-1. ||* 0. |* 0. |* 1. ||* 0. |* 0. |* 0. |
|* 1. |* 0. |*-1. ||* 0. |* 0. |* 0. ||*-1. |* 0. |* 1. |
|*-1. |*-1. |* 0. ||* 0. |* 0. |* 1. ||*-1. |* 0. |* 0. |
|=====+=====+=====||=====+=====+=====||=====+=====+=====|
|  0. |  1. |  1. ||* 1. |* 0. |* 1. ||*-1. |* 0. |* 0. |
|  1. |  0. |  1. ||* 1. |* 0. |* 0. ||* 1. |* 0. |* 0. |
|  0. |  0. |  1. ||*-1. |* 0. |* 0. ||* 0. |*-1. |* 0. |


state to eval, currenty is playerone turn=true

| -1. |  0. |  0. ||* 1. |*-1. |*-1. ||  1. |  1. | -1. |
|  0. | -1. |  0. ||* 0. |* 0. |* 0. ||  0. | -1. |  0. |
|  0. |  1. | -1. ||* 0. |*-1. |* 0. || -1. |  0. |  0. |
|=====+=====+=====||=====+=====+=====||=====+=====+=====|
|* 0. |* 1. |*-1. ||* 0. |* 0. |* 1. ||* 0. |* 0. |* 0. |
|* 1. |* 0. |*-1. ||* 0. |* 0. |* 0. ||*-1. |* 0. |* 1. |
|*-1. |*-1. |* 0. ||* 0. |* 0. |* 1. ||*-1. |* 0. |* 0. |
|=====+=====+=====||=====+=====+=====||=====+=====+=====|
|  0. |  1. |  1. ||* 1. |* 0. |* 1. ||*-1. |* 0. |* 0. |
|  1. |  0. |  1. ||* 1. |* 0. |* 0. ||* 1. |* 0. |* 0. |
|  0. |  0. |  1. ||*-1. |* 0. |* 0. ||* 0. |*-1. |* 0. |


Determined best move using: 155777Iterations
Determined best move using: 112229Iterations
current State

| -1. |  0. |  0. ||* 1. |*-1. |*-1. ||  1. |  1. | -1. |
|  0. | -1. |  0. ||* 0. |* 0. |* 0. ||  0. | -1. |  0. |
|  0. |  1. | -1. ||* 0. |*-1. |* 0. || -1. |  0. |  0. |
|=====+=====+=====||=====+=====+=====||=====+=====+=====|
|  0. |  1. | -1. ||  0. |  0. |  1. ||  0. |  0. |  0. |
|  1. |  0. | -1. ||  0. |  0. |  0. || -1. |  0. |  1. |
| -1. | -1. |  0. ||  0. |  0. |  1. || -1. |  0. |  0. |
|=====+=====+=====||=====+=====+=====||=====+=====+=====|
|  0. |  1. |  1. ||  1. |  1. |  1. || -1. |  0. |  0. |
|  1. |  0. |  1. ||  1. |  0. |  0. ||  1. |  0. |  0. |
|  0. |  0. |  1. || -1. |  0. |  0. ||  0. | -1. |  0. |


state to eval, currenty is playerone turn=false

|  1. | -0. | -0. ||*-1. |* 1. |* 1. || -1. | -1. |  1. |
| -0. |  1. | -0. ||*-0. |*-0. |*-0. || -0. |  1. | -0. |
| -0. | -1. |  1. ||*-0. |* 1. |*-0. ||  1. | -0. | -0. |
|=====+=====+=====||=====+=====+=====||=====+=====+=====|
| -0. | -1. |  1. || -0. | -0. | -1. || -0. | -0. | -0. |
| -1. | -0. |  1. || -0. | -0. | -0. ||  1. | -0. | -1. |
|  1. |  1. | -0. || -0. | -0. | -1. ||  1. | -0. | -0. |
|=====+=====+=====||=====+=====+=====||=====+=====+=====|
| -0. | -1. | -1. || -1. | -1. | -1. ||  1. | -0. | -0. |
| -1. | -0. | -1. || -1. | -0. | -0. || -1. | -0. | -0. |
| -0. | -0. | -1. ||  1. | -0. | -0. || -0. |  1. | -0. |


current State

| -1. |  0. |  0. ||  1. | -1. | -1. ||  1. |  1. | -1. |
|  0. | -1. |  0. ||  0. | -1. |  0. ||  0. | -1. |  0. |
|  0. |  1. | -1. ||  0. | -1. |  0. || -1. |  0. |  0. |
|=====+=====+=====||=====+=====+=====||=====+=====+=====|
|  0. |  1. | -1. ||* 0. |* 0. |* 1. ||  0. |  0. |  0. |
|  1. |  0. | -1. ||* 0. |* 0. |* 0. || -1. |  0. |  1. |
| -1. | -1. |  0. ||* 0. |* 0. |* 1. || -1. |  0. |  0. |
|=====+=====+=====||=====+=====+=====||=====+=====+=====|
|  0. |  1. |  1. ||  1. |  1. |  1. || -1. |  0. |  0. |
|  1. |  0. |  1. ||  1. |  0. |  0. ||  1. |  0. |  0. |
|  0. |  0. |  1. || -1. |  0. |  0. ||  0. | -1. |  0. |


Game ended in: 38 moves
Actual data created in graphical format: 
[StateDatum{MCTSProbabilites=
|  .0091 |  .0114 |  .0127 ||  .0133 |  .0116 |  .0132 ||  .0172 |  .0144 |  .0116 |
|  .0107 |  .0156 |  .0146 ||  .0116 |  .0129 |  .0146 ||  .0119 |  .0189 |  .0084 |
|  .0128 |  .0056 |  .0122 ||  .0107 |  .0133 |  .0121 ||  .0187 |  .0141 |  .0092 |
|========+========+========||========+========+========||========+========+========|
|  .0099 |  .0108 |  .0073 ||  .0046 |  .0075 |  .0086 ||  .0184 |  .0124 |  .0197 |
|  .0219 |  .0106 |  .0186 ||  .0074 |  .0066 |  .0187 ||  .0125 |  .014 |  .01 |
|  .0121 |  .0101 |  .0153 ||  .0053 |  .0059 |  .0164 ||  .0103 |  .0108 |  .0117 |
|========+========+========||========+========+========||========+========+========|
|  .0175 |  .0163 |  .0142 ||  .0127 |  .0133 |  .0143 ||  .0125 |  .0117 |  .0098 |
|  .0124 |  .0104 |  .0087 ||  .0131 |  .0096 |  .0135 ||  .0138 |  .0112 |  .0106 |
|  .014 |  .0117 |  .0118 ||  .0199 |  .011 |  .0082 ||  .0103 |  .0155 |  .0121 |

, state=
|* 0. |* 0. |* 0. ||* 0. |* 0. |* 0. ||* 0. |* 0. |* 0. |
|* 0. |* 0. |* 0. ||* 0. |* 0. |* 0. ||* 0. |* 0. |* 0. |
|* 0. |* 0. |* 0. ||* 0. |* 0. |* 0. ||* 0. |* 0. |* 0. |
|=====+=====+=====||=====+=====+=====||=====+=====+=====|
|* 0. |* 0. |* 0. ||* 0. |* 0. |* 0. ||* 0. |* 0. |* 0. |
|* 0. |* 0. |* 0. ||* 0. |* 0. |* 0. ||* 0. |* 0. |* 0. |
|* 0. |* 0. |* 0. ||* 0. |* 0. |* 0. ||* 0. |* 0. |* 0. |
|=====+=====+=====||=====+=====+=====||=====+=====+=====|
|* 0. |* 0. |* 0. ||* 0. |* 0. |* 0. ||* 0. |* 0. |* 0. |
|* 0. |* 0. |* 0. ||* 0. |* 0. |* 0. ||* 0. |* 0. |* 0. |
|* 0. |* 0. |* 0. ||* 0. |* 0. |* 0. ||* 0. |* 0. |* 0. |

, evalForThisState=-1.0, isPlayerOneTurnOriginally=true}, StateDatum{MCTSProbabilites=
|  .0 |  .0 |  .0 ||  .0 |  .0 |  .0 ||  .0 |  .0 |  .0 |
|  .0 |  .0 |  .0 ||  .0 |  .0 |  .0 ||  .0 |  .0 |  .0 |
|  .0 |  .0 |  .0 ||  .0 |  .0 |  .0 ||  .0 |  .0 |  .0 |
|========+========+========||========+========+========||========+========+========|
|  .0344 |  .0599 |  .0474 ||  .0 |  .0 |  .0 ||  .0 |  .0 |  .0 |
|  .0 |  .2754 |  .4315 ||  .0 |  .0 |  .0 ||  .0 |  .0 |  .0 |
|  .0454 |  .0435 |  .0625 ||  .0 |  .0 |  .0 ||  .0 |  .0 |  .0 |
|========+========+========||========+========+========||========+========+========|
|  .0 |  .0 |  .0 ||  .0 |  .0 |  .0 ||  .0 |  .0 |  .0 |
|  .0 |  .0 |  .0 ||  .0 |  .0 |  .0 ||  .0 |  .0 |  .0 |
|  .0 |  .0 |  .0 ||  .0 |  .0 |  .0 ||  .0 |  .0 |  .0 |

, state=
| -0. | -0. | -0. || -0. | -0. | -0. || -0. | -0. | -0. |
| -0. | -0. | -0. || -0. | -0. | -0. || -0. | -0. | -0. |
| -0. | -0. | -0. || -0. | -0. | -0. || -0. | -0. | -0. |
|=====+=====+=====||=====+=====+=====||=====+=====+=====|
|*-0. |*-0. |*-0. || -0. | -0. | -0. || -0. | -0. | -0. |
|*-1. |*-0. |*-0. || -0. | -0. | -0. || -0. | -0. | -0. |
|*-0. |*-0. |*-0. || -0. | -0. | -0. || -0. | -0. | -0. |
|=====+=====+=====||=====+=====+=====||=====+=====+=====|
| -0. | -0. | -0. || -0. | -0. | -0. || -0. | -0. | -0. |
| -0. | -0. | -0. || -0. | -0. | -0. || -0. | -0. | -0. |
| -0. | -0. | -0. || -0. | -0. | -0. || -0. | -0. | -0. |

, evalForThisState=1.0, isPlayerOneTurnOriginally=false}, StateDatum{MCTSProbabilites=
|  .0 |  .0 |  .0 ||  .0 |  .0 |  .0 ||  .0 |  .0 |  .0 |
|  .0 |  .0 |  .0 ||  .0 |  .0 |  .0 ||  .0 |  .0 |  .0 |
|  .0 |  .0 |  .0 ||  .0 |  .0 |  .0 ||  .0 |  .0 |  .0 |
|========+========+========||========+========+========||========+========+========|
|  .0 |  .0 |  .0 ||  .0 |  .0 |  .0 ||  .2057 |  .1002 |  .0555 |
|  .0 |  .0 |  .0 ||  .0 |  .0 |  .0 ||  .1058 |  .0506 |  .2381 |
|  .0 |  .0 |  .0 ||  .0 |  .0 |  .0 ||  .0861 |  .1115 |  .0465 |
|========+========+========||========+========+========||========+========+========|
|  .0 |  .0 |  .0 ||  .0 |  .0 |  .0 ||  .0 |  .0 |  .0 |
|  .0 |  .0 |  .0 ||  .0 |  .0 |  .0 ||  .0 |  .0 |  .0 |
|  .0 |  .0 |  .0 ||  .0 |  .0 |  .0 ||  .0 |  .0 |  .0 |

, state=
|  0. |  0. |  0. ||  0. |  0. |  0. ||  0. |  0. |  0. |
|  0. |  0. |  0. ||  0. |  0. |  0. ||  0. |  0. |  0. |
|  0. |  0. |  0. ||  0. |  0. |  0. ||  0. |  0. |  0. |
|=====+=====+=====||=====+=====+=====||=====+=====+=====|
|  0. |  0. |  0. ||  0. |  0. |  0. ||* 0. |* 0. |* 0. |
|  1. |  0. | -1. ||  0. |  0. |  0. ||* 0. |* 0. |* 0. |
|  0. |  0. |  0. ||  0. |  0. |  0. ||* 0. |* 0. |* 0. |
|=====+=====+=====||=====+=====+=====||=====+=====+=====|
|  0. |  0. |  0. ||  0. |  0. |  0. ||  0. |  0. |  0. |
|  0. |  0. |  0. ||  0. |  0. |  0. ||  0. |  0. |  0. |
|  0. |  0. |  0. ||  0. |  0. |  0. ||  0. |  0. |  0. |

, evalForThisState=-1.0, isPlayerOneTurnOriginally=true}, StateDatum{MCTSProbabilites=
|  .0 |  .0 |  .0 ||  .0 |  .0 |  .0 ||  .0 |  .0 |  .0 |
|  .0 |  .0 |  .0 ||  .0 |  .0 |  .0 ||  .0 |  .0 |  .0 |
|  .0 |  .0 |  .0 ||  .0 |  .0 |  .0 ||  .0 |  .0 |  .0 |
|========+========+========||========+========+========||========+========+========|
|  .0 |  .0 |  .0 ||  .0 |  .0 |  .0 ||  .3311 |  .0554 |  .0497 |
|  .0 |  .0 |  .0 ||  .0 |  .0 |  .0 ||  .3644 |  .0514 |  .0 |
|  .0 |  .0 |  .0 ||  .0 |  .0 |  .0 ||  .0645 |  .0484 |  .0351 |
|========+========+========||========+========+========||========+========+========|
|  .0 |  .0 |  .0 ||  .0 |  .0 |  .0 ||  .0 |  .0 |  .0 |
|  .0 |  .0 |  .0 ||  .0 |  .0 |  .0 ||  .0 |  .0 |  .0 |
|  .0 |  .0 |  .0 ||  .0 |  .0 |  .0 ||  .0 |  .0 |  .0 |

, state=
| -0. | -0. | -0. || -0. | -0. | -0. || -0. | -0. | -0. |
| -0. | -0. | -0. || -0. | -0. | -0. || -0. | -0. | -0. |
| -0. | -0. | -0. || -0. | -0. | -0. || -0. | -0. | -0. |
|=====+=====+=====||=====+=====+=====||=====+=====+=====|
| -0. | -0. | -0. || -0. | -0. | -0. ||*-0. |*-0. |*-0. |
| -1. | -0. |  1. || -0. | -0. | -0. ||*-0. |*-0. |*-1. |
| -0. | -0. | -0. || -0. | -0. | -0. ||*-0. |*-0. |*-0. |
|=====+=====+=====||=====+=====+=====||=====+=====+=====|
| -0. | -0. | -0. || -0. | -0. | -0. || -0. | -0. | -0. |
| -0. | -0. | -0. || -0. | -0. | -0. || -0. | -0. | -0. |
| -0. | -0. | -0. || -0. | -0. | -0. || -0. | -0. | -0. |

, evalForThisState=1.0, isPlayerOneTurnOriginally=false}, StateDatum{MCTSProbabilites=
|  .0 |  .0 |  .0 ||  .0 |  .0 |  .0 ||  .0 |  .0 |  .0 |
|  .0 |  .0 |  .0 ||  .0 |  .0 |  .0 ||  .0 |  .0 |  .0 |
|  .0 |  .0 |  .0 ||  .0 |  .0 |  .0 ||  .0 |  .0 |  .0 |
|========+========+========||========+========+========||========+========+========|
|  .1937 |  .3033 |  .075 ||  .0 |  .0 |  .0 ||  .0 |  .0 |  .0 |
|  .0 |  .0421 |  .0 ||  .0 |  .0 |  .0 ||  .0 |  .0 |  .0 |
|  .1557 |  .1677 |  .0625 ||  .0 |  .0 |  .0 ||  .0 |  .0 |  .0 |
|========+========+========||========+========+========||========+========+========|
|  .0 |  .0 |  .0 ||  .0 |  .0 |  .0 ||  .0 |  .0 |  .0 |
|  .0 |  .0 |  .0 ||  .0 |  .0 |  .0 ||  .0 |  .0 |  .0 |
|  .0 |  .0 |  .0 ||  .0 |  .0 |  .0 ||  .0 |  .0 |  .0 |

, state=
|  0. |  0. |  0. ||  0. |  0. |  0. ||  0. |  0. |  0. |
|  0. |  0. |  0. ||  0. |  0. |  0. ||  0. |  0. |  0. |
|  0. |  0. |  0. ||  0. |  0. |  0. ||  0. |  0. |  0. |
|=====+=====+=====||=====+=====+=====||=====+=====+=====|
|* 0. |* 0. |* 0. ||  0. |  0. |  0. ||  0. |  0. |  0. |
|* 1. |* 0. |*-1. ||  0. |  0. |  0. || -1. |  0. |  1. |
|* 0. |* 0. |* 0. ||  0. |  0. |  0. ||  0. |  0. |  0. |
|=====+=====+=====||=====+=====+=====||=====+=====+=====|
|  0. |  0. |  0. ||  0. |  0. |  0. ||  0. |  0. |  0. |
|  0. |  0. |  0. ||  0. |  0. |  0. ||  0. |  0. |  0. |
|  0. |  0. |  0. ||  0. |  0. |  0. ||  0. |  0. |  0. |

, evalForThisState=-1.0, isPlayerOneTurnOriginally=true}, StateDatum{MCTSProbabilites=
|  .0 |  .0 |  .0 ||  .0542 |  .3009 |  .0429 ||  .0 |  .0 |  .0 |
|  .0 |  .0 |  .0 ||  .2343 |  .0328 |  .1952 ||  .0 |  .0 |  .0 |
|  .0 |  .0 |  .0 ||  .0268 |  .0516 |  .0612 ||  .0 |  .0 |  .0 |
|========+========+========||========+========+========||========+========+========|
|  .0 |  .0 |  .0 ||  .0 |  .0 |  .0 ||  .0 |  .0 |  .0 |
|  .0 |  .0 |  .0 ||  .0 |  .0 |  .0 ||  .0 |  .0 |  .0 |
|  .0 |  .0 |  .0 ||  .0 |  .0 |  .0 ||  .0 |  .0 |  .0 |
|========+========+========||========+========+========||========+========+========|
|  .0 |  .0 |  .0 ||  .0 |  .0 |  .0 ||  .0 |  .0 |  .0 |
|  .0 |  .0 |  .0 ||  .0 |  .0 |  .0 ||  .0 |  .0 |  .0 |
|  .0 |  .0 |  .0 ||  .0 |  .0 |  .0 ||  .0 |  .0 |  .0 |

, state=
| -0. | -0. | -0. ||*-0. |*-0. |*-0. || -0. | -0. | -0. |
| -0. | -0. | -0. ||*-0. |*-0. |*-0. || -0. | -0. | -0. |
| -0. | -0. | -0. ||*-0. |*-0. |*-0. || -0. | -0. | -0. |
|=====+=====+=====||=====+=====+=====||=====+=====+=====|
| -0. | -1. | -0. || -0. | -0. | -0. || -0. | -0. | -0. |
| -1. | -0. |  1. || -0. | -0. | -0. ||  1. | -0. | -1. |
| -0. | -0. | -0. || -0. | -0. | -0. || -0. | -0. | -0. |
|=====+=====+=====||=====+=====+=====||=====+=====+=====|
| -0. | -0. | -0. || -0. | -0. | -0. || -0. | -0. | -0. |
| -0. | -0. | -0. || -0. | -0. | -0. || -0. | -0. | -0. |
| -0. | -0. | -0. || -0. | -0. | -0. || -0. | -0. | -0. |

, evalForThisState=1.0, isPlayerOneTurnOriginally=false}, StateDatum{MCTSProbabilites=
|  .0 |  .0 |  .0 ||  .258 |  .0 |  .1654 ||  .0 |  .0 |  .0 |
|  .0 |  .0 |  .0 ||  .1825 |  .0384 |  .1548 ||  .0 |  .0 |  .0 |
|  .0 |  .0 |  .0 ||  .0383 |  .1041 |  .0584 ||  .0 |  .0 |  .0 |
|========+========+========||========+========+========||========+========+========|
|  .0 |  .0 |  .0 ||  .0 |  .0 |  .0 ||  .0 |  .0 |  .0 |
|  .0 |  .0 |  .0 ||  .0 |  .0 |  .0 ||  .0 |  .0 |  .0 |
|  .0 |  .0 |  .0 ||  .0 |  .0 |  .0 ||  .0 |  .0 |  .0 |
|========+========+========||========+========+========||========+========+========|
|  .0 |  .0 |  .0 ||  .0 |  .0 |  .0 ||  .0 |  .0 |  .0 |
|  .0 |  .0 |  .0 ||  .0 |  .0 |  .0 ||  .0 |  .0 |  .0 |
|  .0 |  .0 |  .0 ||  .0 |  .0 |  .0 ||  .0 |  .0 |  .0 |

, state=
|  0. |  0. |  0. ||* 0. |*-1. |* 0. ||  0. |  0. |  0. |
|  0. |  0. |  0. ||* 0. |* 0. |* 0. ||  0. |  0. |  0. |
|  0. |  0. |  0. ||* 0. |* 0. |* 0. ||  0. |  0. |  0. |
|=====+=====+=====||=====+=====+=====||=====+=====+=====|
|  0. |  1. |  0. ||  0. |  0. |  0. ||  0. |  0. |  0. |
|  1. |  0. | -1. ||  0. |  0. |  0. || -1. |  0. |  1. |
|  0. |  0. |  0. ||  0. |  0. |  0. ||  0. |  0. |  0. |
|=====+=====+=====||=====+=====+=====||=====+=====+=====|
|  0. |  0. |  0. ||  0. |  0. |  0. ||  0. |  0. |  0. |
|  0. |  0. |  0. ||  0. |  0. |  0. ||  0. |  0. |  0. |
|  0. |  0. |  0. ||  0. |  0. |  0. ||  0. |  0. |  0. |

, evalForThisState=-1.0, isPlayerOneTurnOriginally=true}, StateDatum{MCTSProbabilites=
|  .0738 |  .2584 |  .0435 ||  .0 |  .0 |  .0 ||  .0 |  .0 |  .0 |
|  .0612 |  .0455 |  .1481 ||  .0 |  .0 |  .0 ||  .0 |  .0 |  .0 |
|  .0381 |  .0365 |  .2948 ||  .0 |  .0 |  .0 ||  .0 |  .0 |  .0 |
|========+========+========||========+========+========||========+========+========|
|  .0 |  .0 |  .0 ||  .0 |  .0 |  .0 ||  .0 |  .0 |  .0 |
|  .0 |  .0 |  .0 ||  .0 |  .0 |  .0 ||  .0 |  .0 |  .0 |
|  .0 |  .0 |  .0 ||  .0 |  .0 |  .0 ||  .0 |  .0 |  .0 |
|========+========+========||========+========+========||========+========+========|
|  .0 |  .0 |  .0 ||  .0 |  .0 |  .0 ||  .0 |  .0 |  .0 |
|  .0 |  .0 |  .0 ||  .0 |  .0 |  .0 ||  .0 |  .0 |  .0 |
|  .0 |  .0 |  .0 ||  .0 |  .0 |  .0 ||  .0 |  .0 |  .0 |

, state=
|*-0. |*-0. |*-0. || -1. |  1. | -0. || -0. | -0. | -0. |
|*-0. |*-0. |*-0. || -0. | -0. | -0. || -0. | -0. | -0. |
|*-0. |*-0. |*-0. || -0. | -0. | -0. || -0. | -0. | -0. |
|=====+=====+=====||=====+=====+=====||=====+=====+=====|
| -0. | -1. | -0. || -0. | -0. | -0. || -0. | -0. | -0. |
| -1. | -0. |  1. || -0. | -0. | -0. ||  1. | -0. | -1. |
| -0. | -0. | -0. || -0. | -0. | -0. || -0. | -0. | -0. |
|=====+=====+=====||=====+=====+=====||=====+=====+=====|
| -0. | -0. | -0. || -0. | -0. | -0. || -0. | -0. | -0. |
| -0. | -0. | -0. || -0. | -0. | -0. || -0. | -0. | -0. |
| -0. | -0. | -0. || -0. | -0. | -0. || -0. | -0. | -0. |

, evalForThisState=1.0, isPlayerOneTurnOriginally=false}, StateDatum{MCTSProbabilites=
|  .0 |  .0 |  .0 ||  .0 |  .0 |  .0 ||  .0 |  .0 |  .0 |
|  .0 |  .0 |  .0 ||  .0 |  .0 |  .0 ||  .0 |  .0 |  .0 |
|  .0 |  .0 |  .0 ||  .0 |  .0 |  .0 ||  .0 |  .0 |  .0 |
|========+========+========||========+========+========||========+========+========|
|  .0 |  .0 |  .0 ||  .0 |  .0 |  .0 ||  .0 |  .0 |  .0 |
|  .0 |  .0 |  .0 ||  .0 |  .0 |  .0 ||  .0 |  .0 |  .0 |
|  .0 |  .0 |  .0 ||  .0 |  .0 |  .0 ||  .0 |  .0 |  .0 |
|========+========+========||========+========+========||========+========+========|
|  .0 |  .0 |  .0 ||  .0 |  .0 |  .0 ||  .1304 |  .0559 |  .1044 |
|  .0 |  .0 |  .0 ||  .0 |  .0 |  .0 ||  .2252 |  .1834 |  .0642 |
|  .0 |  .0 |  .0 ||  .0 |  .0 |  .0 ||  .0782 |  .0929 |  .0653 |

, state=
|  0. |  0. |  0. ||  1. | -1. |  0. ||  0. |  0. |  0. |
|  0. |  0. |  0. ||  0. |  0. |  0. ||  0. |  0. |  0. |
|  0. |  0. | -1. ||  0. |  0. |  0. ||  0. |  0. |  0. |
|=====+=====+=====||=====+=====+=====||=====+=====+=====|
|  0. |  1. |  0. ||  0. |  0. |  0. ||  0. |  0. |  0. |
|  1. |  0. | -1. ||  0. |  0. |  0. || -1. |  0. |  1. |
|  0. |  0. |  0. ||  0. |  0. |  0. ||  0. |  0. |  0. |
|=====+=====+=====||=====+=====+=====||=====+=====+=====|
|  0. |  0. |  0. ||  0. |  0. |  0. ||* 0. |* 0. |* 0. |
|  0. |  0. |  0. ||  0. |  0. |  0. ||* 0. |* 0. |* 0. |
|  0. |  0. |  0. ||  0. |  0. |  0. ||* 0. |* 0. |* 0. |

, evalForThisState=-1.0, isPlayerOneTurnOriginally=true}, StateDatum{MCTSProbabilites=
|  .0 |  .0 |  .0 ||  .0 |  .0 |  .0 ||  .0 |  .0 |  .0 |
|  .0 |  .0 |  .0 ||  .0 |  .0 |  .0 ||  .0 |  .0 |  .0 |
|  .0 |  .0 |  .0 ||  .0 |  .0 |  .0 ||  .0 |  .0 |  .0 |
|========+========+========||========+========+========||========+========+========|
|  .2357 |  .0 |  .2374 ||  .0 |  .0 |  .0 ||  .0 |  .0 |  .0 |
|  .0 |  .0338 |  .0 ||  .0 |  .0 |  .0 ||  .0 |  .0 |  .0 |
|  .2882 |  .0282 |  .1768 ||  .0 |  .0 |  .0 ||  .0 |  .0 |  .0 |
|========+========+========||========+========+========||========+========+========|
|  .0 |  .0 |  .0 ||  .0 |  .0 |  .0 ||  .0 |  .0 |  .0 |
|  .0 |  .0 |  .0 ||  .0 |  .0 |  .0 ||  .0 |  .0 |  .0 |
|  .0 |  .0 |  .0 ||  .0 |  .0 |  .0 ||  .0 |  .0 |  .0 |

, state=
| -0. | -0. | -0. || -1. |  1. | -0. || -0. | -0. | -0. |
| -0. | -0. | -0. || -0. | -0. | -0. || -0. | -0. | -0. |
| -0. | -0. |  1. || -0. | -0. | -0. || -0. | -0. | -0. |
|=====+=====+=====||=====+=====+=====||=====+=====+=====|
|*-0. |*-1. |*-0. || -0. | -0. | -0. || -0. | -0. | -0. |
|*-1. |*-0. |* 1. || -0. | -0. | -0. ||  1. | -0. | -1. |
|*-0. |*-0. |*-0. || -0. | -0. | -0. || -0. | -0. | -0. |
|=====+=====+=====||=====+=====+=====||=====+=====+=====|
| -0. | -0. | -0. || -0. | -0. | -0. || -0. | -0. | -0. |
| -0. | -0. | -0. || -0. | -0. | -0. || -1. | -0. | -0. |
| -0. | -0. | -0. || -0. | -0. | -0. || -0. | -0. | -0. |

, evalForThisState=1.0, isPlayerOneTurnOriginally=false}, StateDatum{MCTSProbabilites=
|  .0 |  .0 |  .0 ||  .0 |  .0 |  .0 ||  .0 |  .0 |  .0 |
|  .0 |  .0 |  .0 ||  .0 |  .0 |  .0 ||  .0 |  .0 |  .0 |
|  .0 |  .0 |  .0 ||  .0 |  .0 |  .0 ||  .0 |  .0 |  .0 |
|========+========+========||========+========+========||========+========+========|
|  .0 |  .0 |  .0 ||  .0 |  .0 |  .0 ||  .0 |  .0 |  .0 |
|  .0 |  .0 |  .0 ||  .0 |  .0 |  .0 ||  .0 |  .0 |  .0 |
|  .0 |  .0 |  .0 ||  .0 |  .0 |  .0 ||  .0 |  .0 |  .0 |
|========+========+========||========+========+========||========+========+========|
|  .0683 |  .2172 |  .111 ||  .0 |  .0 |  .0 ||  .0 |  .0 |  .0 |
|  .0288 |  .0999 |  .0807 ||  .0 |  .0 |  .0 ||  .0 |  .0 |  .0 |
|  .102 |  .1734 |  .1187 ||  .0 |  .0 |  .0 ||  .0 |  .0 |  .0 |

, state=
|  0. |  0. |  0. ||  1. | -1. |  0. ||  0. |  0. |  0. |
|  0. |  0. |  0. ||  0. |  0. |  0. ||  0. |  0. |  0. |
|  0. |  0. | -1. ||  0. |  0. |  0. ||  0. |  0. |  0. |
|=====+=====+=====||=====+=====+=====||=====+=====+=====|
|  0. |  1. |  0. ||  0. |  0. |  0. ||  0. |  0. |  0. |
|  1. |  0. | -1. ||  0. |  0. |  0. || -1. |  0. |  1. |
| -1. |  0. |  0. ||  0. |  0. |  0. ||  0. |  0. |  0. |
|=====+=====+=====||=====+=====+=====||=====+=====+=====|
|* 0. |* 0. |* 0. ||  0. |  0. |  0. ||  0. |  0. |  0. |
|* 0. |* 0. |* 0. ||  0. |  0. |  0. ||  1. |  0. |  0. |
|* 0. |* 0. |* 0. ||  0. |  0. |  0. ||  0. |  0. |  0. |

, evalForThisState=-1.0, isPlayerOneTurnOriginally=true}, StateDatum{MCTSProbabilites=
|  .0 |  .0 |  .0 ||  .0 |  .0 |  .267 ||  .0 |  .0 |  .0 |
|  .0 |  .0 |  .0 ||  .2054 |  .0582 |  .1068 ||  .0 |  .0 |  .0 |
|  .0 |  .0 |  .0 ||  .2087 |  .0757 |  .0782 ||  .0 |  .0 |  .0 |
|========+========+========||========+========+========||========+========+========|
|  .0 |  .0 |  .0 ||  .0 |  .0 |  .0 ||  .0 |  .0 |  .0 |
|  .0 |  .0 |  .0 ||  .0 |  .0 |  .0 ||  .0 |  .0 |  .0 |
|  .0 |  .0 |  .0 ||  .0 |  .0 |  .0 ||  .0 |  .0 |  .0 |
|========+========+========||========+========+========||========+========+========|
|  .0 |  .0 |  .0 ||  .0 |  .0 |  .0 ||  .0 |  .0 |  .0 |
|  .0 |  .0 |  .0 ||  .0 |  .0 |  .0 ||  .0 |  .0 |  .0 |
|  .0 |  .0 |  .0 ||  .0 |  .0 |  .0 ||  .0 |  .0 |  .0 |

, state=
| -0. | -0. | -0. ||*-1. |* 1. |*-0. || -0. | -0. | -0. |
| -0. | -0. | -0. ||*-0. |*-0. |*-0. || -0. | -0. | -0. |
| -0. | -0. |  1. ||*-0. |*-0. |*-0. || -0. | -0. | -0. |
|=====+=====+=====||=====+=====+=====||=====+=====+=====|
| -0. | -1. | -0. || -0. | -0. | -0. || -0. | -0. | -0. |
| -1. | -0. |  1. || -0. | -0. | -0. ||  1. | -0. | -1. |
|  1. | -0. | -0. || -0. | -0. | -0. || -0. | -0. | -0. |
|=====+=====+=====||=====+=====+=====||=====+=====+=====|
| -0. | -1. | -0. || -0. | -0. | -0. || -0. | -0. | -0. |
| -0. | -0. | -0. || -0. | -0. | -0. || -1. | -0. | -0. |
| -0. | -0. | -0. || -0. | -0. | -0. || -0. | -0. | -0. |

, evalForThisState=1.0, isPlayerOneTurnOriginally=false}, StateDatum{MCTSProbabilites=
|  .0 |  .0 |  .0 ||  .0 |  .0 |  .0 ||  .1054 |  .157 |  .1439 |
|  .0 |  .0 |  .0 ||  .0 |  .0 |  .0 ||  .1244 |  .126 |  .136 |
|  .0 |  .0 |  .0 ||  .0 |  .0 |  .0 ||  .0403 |  .064 |  .1029 |
|========+========+========||========+========+========||========+========+========|
|  .0 |  .0 |  .0 ||  .0 |  .0 |  .0 ||  .0 |  .0 |  .0 |
|  .0 |  .0 |  .0 ||  .0 |  .0 |  .0 ||  .0 |  .0 |  .0 |
|  .0 |  .0 |  .0 ||  .0 |  .0 |  .0 ||  .0 |  .0 |  .0 |
|========+========+========||========+========+========||========+========+========|
|  .0 |  .0 |  .0 ||  .0 |  .0 |  .0 ||  .0 |  .0 |  .0 |
|  .0 |  .0 |  .0 ||  .0 |  .0 |  .0 ||  .0 |  .0 |  .0 |
|  .0 |  .0 |  .0 ||  .0 |  .0 |  .0 ||  .0 |  .0 |  .0 |

, state=
|  0. |  0. |  0. ||  1. | -1. | -1. ||* 0. |* 0. |* 0. |
|  0. |  0. |  0. ||  0. |  0. |  0. ||* 0. |* 0. |* 0. |
|  0. |  0. | -1. ||  0. |  0. |  0. ||* 0. |* 0. |* 0. |
|=====+=====+=====||=====+=====+=====||=====+=====+=====|
|  0. |  1. |  0. ||  0. |  0. |  0. ||  0. |  0. |  0. |
|  1. |  0. | -1. ||  0. |  0. |  0. || -1. |  0. |  1. |
| -1. |  0. |  0. ||  0. |  0. |  0. ||  0. |  0. |  0. |
|=====+=====+=====||=====+=====+=====||=====+=====+=====|
|  0. |  1. |  0. ||  0. |  0. |  0. ||  0. |  0. |  0. |
|  0. |  0. |  0. ||  0. |  0. |  0. ||  1. |  0. |  0. |
|  0. |  0. |  0. ||  0. |  0. |  0. ||  0. |  0. |  0. |

, evalForThisState=-1.0, isPlayerOneTurnOriginally=true}, StateDatum{MCTSProbabilites=
|  .0 |  .0 |  .0 ||  .0 |  .0 |  .0 ||  .0 |  .0 |  .0 |
|  .0 |  .0 |  .0 ||  .1743 |  .2233 |  .146 ||  .0 |  .0 |  .0 |
|  .0 |  .0 |  .0 ||  .048 |  .234 |  .1743 ||  .0 |  .0 |  .0 |
|========+========+========||========+========+========||========+========+========|
|  .0 |  .0 |  .0 ||  .0 |  .0 |  .0 ||  .0 |  .0 |  .0 |
|  .0 |  .0 |  .0 ||  .0 |  .0 |  .0 ||  .0 |  .0 |  .0 |
|  .0 |  .0 |  .0 ||  .0 |  .0 |  .0 ||  .0 |  .0 |  .0 |
|========+========+========||========+========+========||========+========+========|
|  .0 |  .0 |  .0 ||  .0 |  .0 |  .0 ||  .0 |  .0 |  .0 |
|  .0 |  .0 |  .0 ||  .0 |  .0 |  .0 ||  .0 |  .0 |  .0 |
|  .0 |  .0 |  .0 ||  .0 |  .0 |  .0 ||  .0 |  .0 |  .0 |

, state=
| -0. | -0. | -0. ||*-1. |* 1. |* 1. || -0. | -1. | -0. |
| -0. | -0. | -0. ||*-0. |*-0. |*-0. || -0. | -0. | -0. |
| -0. | -0. |  1. ||*-0. |*-0. |*-0. || -0. | -0. | -0. |
|=====+=====+=====||=====+=====+=====||=====+=====+=====|
| -0. | -1. | -0. || -0. | -0. | -0. || -0. | -0. | -0. |
| -1. | -0. |  1. || -0. | -0. | -0. ||  1. | -0. | -1. |
|  1. | -0. | -0. || -0. | -0. | -0. || -0. | -0. | -0. |
|=====+=====+=====||=====+=====+=====||=====+=====+=====|
| -0. | -1. | -0. || -0. | -0. | -0. || -0. | -0. | -0. |
| -0. | -0. | -0. || -0. | -0. | -0. || -1. | -0. | -0. |
| -0. | -0. | -0. || -0. | -0. | -0. || -0. | -0. | -0. |

, evalForThisState=1.0, isPlayerOneTurnOriginally=false}, StateDatum{MCTSProbabilites=
|  .0 |  .0 |  .0 ||  .0 |  .0 |  .0 ||  .0 |  .0 |  .0 |
|  .0 |  .0 |  .0 ||  .0 |  .0 |  .0 ||  .0 |  .0 |  .0 |
|  .0 |  .0 |  .0 ||  .0 |  .0 |  .0 ||  .0 |  .0 |  .0 |
|========+========+========||========+========+========||========+========+========|
|  .0 |  .0 |  .0 ||  .0 |  .0 |  .0 ||  .0 |  .0 |  .0 |
|  .0 |  .0 |  .0 ||  .0 |  .0 |  .0 ||  .0 |  .0 |  .0 |
|  .0 |  .0 |  .0 ||  .0 |  .0 |  .0 ||  .0 |  .0 |  .0 |
|========+========+========||========+========+========||========+========+========|
|  .0 |  .0 |  .0 ||  .1204 |  .073 |  .2057 ||  .0 |  .0 |  .0 |
|  .0 |  .0 |  .0 ||  .1202 |  .1291 |  .1529 ||  .0 |  .0 |  .0 |
|  .0 |  .0 |  .0 ||  .0305 |  .0816 |  .0866 ||  .0 |  .0 |  .0 |

, state=
|  0. |  0. |  0. ||  1. | -1. | -1. ||  0. |  1. |  0. |
|  0. |  0. |  0. ||  0. |  0. |  0. ||  0. |  0. |  0. |
|  0. |  0. | -1. ||  0. | -1. |  0. ||  0. |  0. |  0. |
|=====+=====+=====||=====+=====+=====||=====+=====+=====|
|  0. |  1. |  0. ||  0. |  0. |  0. ||  0. |  0. |  0. |
|  1. |  0. | -1. ||  0. |  0. |  0. || -1. |  0. |  1. |
| -1. |  0. |  0. ||  0. |  0. |  0. ||  0. |  0. |  0. |
|=====+=====+=====||=====+=====+=====||=====+=====+=====|
|  0. |  1. |  0. ||* 0. |* 0. |* 0. ||  0. |  0. |  0. |
|  0. |  0. |  0. ||* 0. |* 0. |* 0. ||  1. |  0. |  0. |
|  0. |  0. |  0. ||* 0. |* 0. |* 0. ||  0. |  0. |  0. |

, evalForThisState=-1.0, isPlayerOneTurnOriginally=true}, StateDatum{MCTSProbabilites=
|  .0 |  .0 |  .0 ||  .0 |  .0 |  .0 ||  .0307 |  .0 |  .1717 |
|  .0 |  .0 |  .0 ||  .0 |  .0 |  .0 ||  .1449 |  .09 |  .1221 |
|  .0 |  .0 |  .0 ||  .0 |  .0 |  .0 ||  .1829 |  .1246 |  .1331 |
|========+========+========||========+========+========||========+========+========|
|  .0 |  .0 |  .0 ||  .0 |  .0 |  .0 ||  .0 |  .0 |  .0 |
|  .0 |  .0 |  .0 ||  .0 |  .0 |  .0 ||  .0 |  .0 |  .0 |
|  .0 |  .0 |  .0 ||  .0 |  .0 |  .0 ||  .0 |  .0 |  .0 |
|========+========+========||========+========+========||========+========+========|
|  .0 |  .0 |  .0 ||  .0 |  .0 |  .0 ||  .0 |  .0 |  .0 |
|  .0 |  .0 |  .0 ||  .0 |  .0 |  .0 ||  .0 |  .0 |  .0 |
|  .0 |  .0 |  .0 ||  .0 |  .0 |  .0 ||  .0 |  .0 |  .0 |

, state=
| -0. | -0. | -0. || -1. |  1. |  1. ||*-0. |*-1. |*-0. |
| -0. | -0. | -0. || -0. | -0. | -0. ||*-0. |*-0. |*-0. |
| -0. | -0. |  1. || -0. |  1. | -0. ||*-0. |*-0. |*-0. |
|=====+=====+=====||=====+=====+=====||=====+=====+=====|
| -0. | -1. | -0. || -0. | -0. | -0. || -0. | -0. | -0. |
| -1. | -0. |  1. || -0. | -0. | -0. ||  1. | -0. | -1. |
|  1. | -0. | -0. || -0. | -0. | -0. || -0. | -0. | -0. |
|=====+=====+=====||=====+=====+=====||=====+=====+=====|
| -0. | -1. | -0. || -0. | -0. | -1. || -0. | -0. | -0. |
| -0. | -0. | -0. || -0. | -0. | -0. || -1. | -0. | -0. |
| -0. | -0. | -0. || -0. | -0. | -0. || -0. | -0. | -0. |

, evalForThisState=1.0, isPlayerOneTurnOriginally=false}, StateDatum{MCTSProbabilites=
|  .0 |  .0 |  .0 ||  .0 |  .0 |  .0 ||  .0 |  .0 |  .0 |
|  .0 |  .0 |  .0 ||  .0 |  .0 |  .0 ||  .0 |  .0 |  .0 |
|  .0 |  .0 |  .0 ||  .0 |  .0 |  .0 ||  .0 |  .0 |  .0 |
|========+========+========||========+========+========||========+========+========|
|  .0 |  .0 |  .0 ||  .0 |  .0 |  .0 ||  .0 |  .0 |  .0 |
|  .0 |  .0 |  .0 ||  .0 |  .0 |  .0 ||  .0 |  .0 |  .0 |
|  .0 |  .0 |  .0 ||  .0 |  .0 |  .0 ||  .0 |  .0 |  .0 |
|========+========+========||========+========+========||========+========+========|
|  .1776 |  .0 |  .0319 ||  .0 |  .0 |  .0 ||  .0 |  .0 |  .0 |
|  .1089 |  .0636 |  .126 ||  .0 |  .0 |  .0 ||  .0 |  .0 |  .0 |
|  .1461 |  .1252 |  .2206 ||  .0 |  .0 |  .0 ||  .0 |  .0 |  .0 |

, state=
|  0. |  0. |  0. ||  1. | -1. | -1. ||  0. |  1. |  0. |
|  0. |  0. |  0. ||  0. |  0. |  0. ||  0. |  0. |  0. |
|  0. |  0. | -1. ||  0. | -1. |  0. || -1. |  0. |  0. |
|=====+=====+=====||=====+=====+=====||=====+=====+=====|
|  0. |  1. |  0. ||  0. |  0. |  0. ||  0. |  0. |  0. |
|  1. |  0. | -1. ||  0. |  0. |  0. || -1. |  0. |  1. |
| -1. |  0. |  0. ||  0. |  0. |  0. ||  0. |  0. |  0. |
|=====+=====+=====||=====+=====+=====||=====+=====+=====|
|* 0. |* 1. |* 0. ||  0. |  0. |  1. ||  0. |  0. |  0. |
|* 0. |* 0. |* 0. ||  0. |  0. |  0. ||  1. |  0. |  0. |
|* 0. |* 0. |* 0. ||  0. |  0. |  0. ||  0. |  0. |  0. |

, evalForThisState=-1.0, isPlayerOneTurnOriginally=true}, StateDatum{MCTSProbabilites=
|  .0 |  .0 |  .0 ||  .0 |  .0 |  .0 ||  .0 |  .0 |  .0 |
|  .0 |  .0 |  .0 ||  .0 |  .0 |  .0 ||  .0 |  .0 |  .0 |
|  .0 |  .0 |  .0 ||  .0 |  .0 |  .0 ||  .0 |  .0 |  .0 |
|========+========+========||========+========+========||========+========+========|
|  .0 |  .0 |  .0 ||  .0 |  .0 |  .0 ||  .0 |  .0 |  .0 |
|  .0 |  .0 |  .0 ||  .0 |  .0 |  .0 ||  .0 |  .0 |  .0 |
|  .0 |  .0 |  .0 ||  .0 |  .0 |  .0 ||  .0 |  .0 |  .0 |
|========+========+========||========+========+========||========+========+========|
|  .0 |  .0 |  .0 ||  .0 |  .0 |  .0 ||  .1164 |  .1329 |  .1504 |
|  .0 |  .0 |  .0 ||  .0 |  .0 |  .0 ||  .0 |  .0518 |  .1445 |
|  .0 |  .0 |  .0 ||  .0 |  .0 |  .0 ||  .1044 |  .1587 |  .1408 |

, state=
| -0. | -0. | -0. || -1. |  1. |  1. || -0. | -1. | -0. |
| -0. | -0. | -0. || -0. | -0. | -0. || -0. | -0. | -0. |
| -0. | -0. |  1. || -0. |  1. | -0. ||  1. | -0. | -0. |
|=====+=====+=====||=====+=====+=====||=====+=====+=====|
| -0. | -1. | -0. || -0. | -0. | -0. || -0. | -0. | -0. |
| -1. | -0. |  1. || -0. | -0. | -0. ||  1. | -0. | -1. |
|  1. | -0. | -0. || -0. | -0. | -0. || -0. | -0. | -0. |
|=====+=====+=====||=====+=====+=====||=====+=====+=====|
| -0. | -1. | -0. || -0. | -0. | -1. ||*-0. |*-0. |*-0. |
| -0. | -0. | -0. || -0. | -0. | -0. ||*-1. |*-0. |*-0. |
| -0. | -0. | -1. || -0. | -0. | -0. ||*-0. |*-0. |*-0. |

, evalForThisState=1.0, isPlayerOneTurnOriginally=false}, StateDatum{MCTSProbabilites=
|  .0 |  .0 |  .0 ||  .0 |  .0 |  .0 ||  .0 |  .0 |  .0 |
|  .0 |  .0 |  .0 ||  .0 |  .0 |  .0 ||  .0 |  .0 |  .0 |
|  .0 |  .0 |  .0 ||  .0 |  .0 |  .0 ||  .0 |  .0 |  .0 |
|========+========+========||========+========+========||========+========+========|
|  .0 |  .0 |  .0 ||  .0 |  .0 |  .0 ||  .0 |  .0 |  .0 |
|  .0 |  .0 |  .0 ||  .0 |  .0 |  .0 ||  .0 |  .0 |  .0 |
|  .0 |  .0 |  .0 ||  .0 |  .0 |  .0 ||  .0 |  .0 |  .0 |
|========+========+========||========+========+========||========+========+========|
|  .0 |  .0 |  .0 ||  .1382 |  .1397 |  .0 ||  .0 |  .0 |  .0 |
|  .0 |  .0 |  .0 ||  .1741 |  .0335 |  .0808 ||  .0 |  .0 |  .0 |
|  .0 |  .0 |  .0 ||  .1316 |  .1452 |  .1568 ||  .0 |  .0 |  .0 |

, state=
|  0. |  0. |  0. ||  1. | -1. | -1. ||  0. |  1. |  0. |
|  0. |  0. |  0. ||  0. |  0. |  0. ||  0. |  0. |  0. |
|  0. |  0. | -1. ||  0. | -1. |  0. || -1. |  0. |  0. |
|=====+=====+=====||=====+=====+=====||=====+=====+=====|
|  0. |  1. |  0. ||  0. |  0. |  0. ||  0. |  0. |  0. |
|  1. |  0. | -1. ||  0. |  0. |  0. || -1. |  0. |  1. |
| -1. |  0. |  0. ||  0. |  0. |  0. ||  0. |  0. |  0. |
|=====+=====+=====||=====+=====+=====||=====+=====+=====|
|  0. |  1. |  0. ||* 0. |* 0. |* 1. ||  0. |  0. |  0. |
|  0. |  0. |  0. ||* 0. |* 0. |* 0. ||  1. |  0. |  0. |
|  0. |  0. |  1. ||* 0. |* 0. |* 0. ||  0. | -1. |  0. |

, evalForThisState=-1.0, isPlayerOneTurnOriginally=true}, StateDatum{MCTSProbabilites=
|  .0 |  .0 |  .0 ||  .0 |  .0 |  .0 ||  .0 |  .0 |  .0 |
|  .0 |  .0 |  .0 ||  .0 |  .0 |  .0 ||  .0 |  .0 |  .0 |
|  .0 |  .0 |  .0 ||  .0 |  .0 |  .0 ||  .0 |  .0 |  .0 |
|========+========+========||========+========+========||========+========+========|
|  .1637 |  .0 |  .231 ||  .0 |  .0 |  .0 ||  .0 |  .0 |  .0 |
|  .0 |  .1928 |  .0 ||  .0 |  .0 |  .0 ||  .0 |  .0 |  .0 |
|  .0 |  .2245 |  .188 ||  .0 |  .0 |  .0 ||  .0 |  .0 |  .0 |
|========+========+========||========+========+========||========+========+========|
|  .0 |  .0 |  .0 ||  .0 |  .0 |  .0 ||  .0 |  .0 |  .0 |
|  .0 |  .0 |  .0 ||  .0 |  .0 |  .0 ||  .0 |  .0 |  .0 |
|  .0 |  .0 |  .0 ||  .0 |  .0 |  .0 ||  .0 |  .0 |  .0 |

, state=
| -0. | -0. | -0. || -1. |  1. |  1. || -0. | -1. | -0. |
| -0. | -0. | -0. || -0. | -0. | -0. || -0. | -0. | -0. |
| -0. | -0. |  1. || -0. |  1. | -0. ||  1. | -0. | -0. |
|=====+=====+=====||=====+=====+=====||=====+=====+=====|
|*-0. |*-1. |*-0. || -0. | -0. | -0. || -0. | -0. | -0. |
|*-1. |*-0. |* 1. || -0. | -0. | -0. ||  1. | -0. | -1. |
|* 1. |*-0. |*-0. || -0. | -0. | -0. || -0. | -0. | -0. |
|=====+=====+=====||=====+=====+=====||=====+=====+=====|
| -0. | -1. | -0. || -0. | -0. | -1. || -0. | -0. | -0. |
| -0. | -0. | -0. || -1. | -0. | -0. || -1. | -0. | -0. |
| -0. | -0. | -1. || -0. | -0. | -0. || -0. |  1. | -0. |

, evalForThisState=1.0, isPlayerOneTurnOriginally=false}, StateDatum{MCTSProbabilites=
|  .0 |  .0 |  .0 ||  .0 |  .0 |  .0 ||  .1864 |  .0 |  .0892 |
|  .0 |  .0 |  .0 ||  .0 |  .0 |  .0 ||  .1197 |  .1451 |  .1669 |
|  .0 |  .0 |  .0 ||  .0 |  .0 |  .0 ||  .0 |  .1478 |  .1449 |
|========+========+========||========+========+========||========+========+========|
|  .0 |  .0 |  .0 ||  .0 |  .0 |  .0 ||  .0 |  .0 |  .0 |
|  .0 |  .0 |  .0 ||  .0 |  .0 |  .0 ||  .0 |  .0 |  .0 |
|  .0 |  .0 |  .0 ||  .0 |  .0 |  .0 ||  .0 |  .0 |  .0 |
|========+========+========||========+========+========||========+========+========|
|  .0 |  .0 |  .0 ||  .0 |  .0 |  .0 ||  .0 |  .0 |  .0 |
|  .0 |  .0 |  .0 ||  .0 |  .0 |  .0 ||  .0 |  .0 |  .0 |
|  .0 |  .0 |  .0 ||  .0 |  .0 |  .0 ||  .0 |  .0 |  .0 |

, state=
|  0. |  0. |  0. ||  1. | -1. | -1. ||* 0. |* 1. |* 0. |
|  0. |  0. |  0. ||  0. |  0. |  0. ||* 0. |* 0. |* 0. |
|  0. |  0. | -1. ||  0. | -1. |  0. ||*-1. |* 0. |* 0. |
|=====+=====+=====||=====+=====+=====||=====+=====+=====|
|  0. |  1. | -1. ||  0. |  0. |  0. ||  0. |  0. |  0. |
|  1. |  0. | -1. ||  0. |  0. |  0. || -1. |  0. |  1. |
| -1. |  0. |  0. ||  0. |  0. |  0. ||  0. |  0. |  0. |
|=====+=====+=====||=====+=====+=====||=====+=====+=====|
|  0. |  1. |  0. ||  0. |  0. |  1. ||  0. |  0. |  0. |
|  0. |  0. |  0. ||  1. |  0. |  0. ||  1. |  0. |  0. |
|  0. |  0. |  1. ||  0. |  0. |  0. ||  0. | -1. |  0. |

, evalForThisState=-1.0, isPlayerOneTurnOriginally=true}, StateDatum{MCTSProbabilites=
|  .0898 |  .1059 |  .0949 ||  .0 |  .0 |  .0 ||  .0 |  .0 |  .0 |
|  .1035 |  .1659 |  .1366 ||  .0 |  .0 |  .0 ||  .0 |  .0 |  .0 |
|  .14 |  .1636 |  .0 ||  .0 |  .0 |  .0 ||  .0 |  .0 |  .0 |
|========+========+========||========+========+========||========+========+========|
|  .0 |  .0 |  .0 ||  .0 |  .0 |  .0 ||  .0 |  .0 |  .0 |
|  .0 |  .0 |  .0 ||  .0 |  .0 |  .0 ||  .0 |  .0 |  .0 |
|  .0 |  .0 |  .0 ||  .0 |  .0 |  .0 ||  .0 |  .0 |  .0 |
|========+========+========||========+========+========||========+========+========|
|  .0 |  .0 |  .0 ||  .0 |  .0 |  .0 ||  .0 |  .0 |  .0 |
|  .0 |  .0 |  .0 ||  .0 |  .0 |  .0 ||  .0 |  .0 |  .0 |
|  .0 |  .0 |  .0 ||  .0 |  .0 |  .0 ||  .0 |  .0 |  .0 |

, state=
|*-0. |*-0. |*-0. || -1. |  1. |  1. || -1. | -1. | -0. |
|*-0. |*-0. |*-0. || -0. | -0. | -0. || -0. | -0. | -0. |
|*-0. |*-0. |* 1. || -0. |  1. | -0. ||  1. | -0. | -0. |
|=====+=====+=====||=====+=====+=====||=====+=====+=====|
| -0. | -1. |  1. || -0. | -0. | -0. || -0. | -0. | -0. |
| -1. | -0. |  1. || -0. | -0. | -0. ||  1. | -0. | -1. |
|  1. | -0. | -0. || -0. | -0. | -0. || -0. | -0. | -0. |
|=====+=====+=====||=====+=====+=====||=====+=====+=====|
| -0. | -1. | -0. || -0. | -0. | -1. || -0. | -0. | -0. |
| -0. | -0. | -0. || -1. | -0. | -0. || -1. | -0. | -0. |
| -0. | -0. | -1. || -0. | -0. | -0. || -0. |  1. | -0. |

, evalForThisState=1.0, isPlayerOneTurnOriginally=false}, StateDatum{MCTSProbabilites=
|  .0 |  .0 |  .0 ||  .0 |  .0 |  .0 ||  .0 |  .0 |  .0 |
|  .0 |  .0 |  .0 ||  .0 |  .0 |  .0 ||  .0 |  .0 |  .0 |
|  .0 |  .0 |  .0 ||  .0 |  .0 |  .0 ||  .0 |  .0 |  .0 |
|========+========+========||========+========+========||========+========+========|
|  .0 |  .0 |  .0 ||  .081 |  .0653 |  .1773 ||  .0 |  .0 |  .0 |
|  .0 |  .0 |  .0 ||  .0829 |  .0911 |  .1387 ||  .0 |  .0 |  .0 |
|  .0 |  .0 |  .0 ||  .0953 |  .1348 |  .1336 ||  .0 |  .0 |  .0 |
|========+========+========||========+========+========||========+========+========|
|  .0 |  .0 |  .0 ||  .0 |  .0 |  .0 ||  .0 |  .0 |  .0 |
|  .0 |  .0 |  .0 ||  .0 |  .0 |  .0 ||  .0 |  .0 |  .0 |
|  .0 |  .0 |  .0 ||  .0 |  .0 |  .0 ||  .0 |  .0 |  .0 |

, state=
|  0. |  0. |  0. ||  1. | -1. | -1. ||  1. |  1. |  0. |
|  0. | -1. |  0. ||  0. |  0. |  0. ||  0. |  0. |  0. |
|  0. |  0. | -1. ||  0. | -1. |  0. || -1. |  0. |  0. |
|=====+=====+=====||=====+=====+=====||=====+=====+=====|
|  0. |  1. | -1. ||* 0. |* 0. |* 0. ||  0. |  0. |  0. |
|  1. |  0. | -1. ||* 0. |* 0. |* 0. || -1. |  0. |  1. |
| -1. |  0. |  0. ||* 0. |* 0. |* 0. ||  0. |  0. |  0. |
|=====+=====+=====||=====+=====+=====||=====+=====+=====|
|  0. |  1. |  0. ||  0. |  0. |  1. ||  0. |  0. |  0. |
|  0. |  0. |  0. ||  1. |  0. |  0. ||  1. |  0. |  0. |
|  0. |  0. |  1. ||  0. |  0. |  0. ||  0. | -1. |  0. |

, evalForThisState=-1.0, isPlayerOneTurnOriginally=true}, StateDatum{MCTSProbabilites=
|  .0 |  .0 |  .0 ||  .0 |  .0 |  .0 ||  .0 |  .0 |  .2213 |
|  .0 |  .0 |  .0 ||  .0 |  .0 |  .0 ||  .106 |  .2331 |  .1478 |
|  .0 |  .0 |  .0 ||  .0 |  .0 |  .0 ||  .0 |  .1285 |  .1634 |
|========+========+========||========+========+========||========+========+========|
|  .0 |  .0 |  .0 ||  .0 |  .0 |  .0 ||  .0 |  .0 |  .0 |
|  .0 |  .0 |  .0 ||  .0 |  .0 |  .0 ||  .0 |  .0 |  .0 |
|  .0 |  .0 |  .0 ||  .0 |  .0 |  .0 ||  .0 |  .0 |  .0 |
|========+========+========||========+========+========||========+========+========|
|  .0 |  .0 |  .0 ||  .0 |  .0 |  .0 ||  .0 |  .0 |  .0 |
|  .0 |  .0 |  .0 ||  .0 |  .0 |  .0 ||  .0 |  .0 |  .0 |
|  .0 |  .0 |  .0 ||  .0 |  .0 |  .0 ||  .0 |  .0 |  .0 |

, state=
| -0. | -0. | -0. || -1. |  1. |  1. ||*-1. |*-1. |*-0. |
| -0. |  1. | -0. || -0. | -0. | -0. ||*-0. |*-0. |*-0. |
| -0. | -0. |  1. || -0. |  1. | -0. ||* 1. |*-0. |*-0. |
|=====+=====+=====||=====+=====+=====||=====+=====+=====|
| -0. | -1. |  1. || -0. | -0. | -1. || -0. | -0. | -0. |
| -1. | -0. |  1. || -0. | -0. | -0. ||  1. | -0. | -1. |
|  1. | -0. | -0. || -0. | -0. | -0. || -0. | -0. | -0. |
|=====+=====+=====||=====+=====+=====||=====+=====+=====|
| -0. | -1. | -0. || -0. | -0. | -1. || -0. | -0. | -0. |
| -0. | -0. | -0. || -1. | -0. | -0. || -1. | -0. | -0. |
| -0. | -0. | -1. || -0. | -0. | -0. || -0. |  1. | -0. |

, evalForThisState=1.0, isPlayerOneTurnOriginally=false}, StateDatum{MCTSProbabilites=
|  .0 |  .0 |  .0 ||  .0 |  .0 |  .0 ||  .0 |  .0 |  .0 |
|  .0 |  .0 |  .0 ||  .0 |  .0 |  .0 ||  .0 |  .0 |  .0 |
|  .0 |  .0 |  .0 ||  .0 |  .0 |  .0 ||  .0 |  .0 |  .0 |
|========+========+========||========+========+========||========+========+========|
|  .0 |  .0 |  .0 ||  .1222 |  .119 |  .0 ||  .0 |  .0 |  .0 |
|  .0 |  .0 |  .0 ||  .1188 |  .0914 |  .0977 ||  .0 |  .0 |  .0 |
|  .0 |  .0 |  .0 ||  .0994 |  .1655 |  .1859 ||  .0 |  .0 |  .0 |
|========+========+========||========+========+========||========+========+========|
|  .0 |  .0 |  .0 ||  .0 |  .0 |  .0 ||  .0 |  .0 |  .0 |
|  .0 |  .0 |  .0 ||  .0 |  .0 |  .0 ||  .0 |  .0 |  .0 |
|  .0 |  .0 |  .0 ||  .0 |  .0 |  .0 ||  .0 |  .0 |  .0 |

, state=
|  0. |  0. |  0. ||  1. | -1. | -1. ||  1. |  1. |  0. |
|  0. | -1. |  0. ||  0. |  0. |  0. ||  0. | -1. |  0. |
|  0. |  0. | -1. ||  0. | -1. |  0. || -1. |  0. |  0. |
|=====+=====+=====||=====+=====+=====||=====+=====+=====|
|  0. |  1. | -1. ||* 0. |* 0. |* 1. ||  0. |  0. |  0. |
|  1. |  0. | -1. ||* 0. |* 0. |* 0. || -1. |  0. |  1. |
| -1. |  0. |  0. ||* 0. |* 0. |* 0. ||  0. |  0. |  0. |
|=====+=====+=====||=====+=====+=====||=====+=====+=====|
|  0. |  1. |  0. ||  0. |  0. |  1. ||  0. |  0. |  0. |
|  0. |  0. |  0. ||  1. |  0. |  0. ||  1. |  0. |  0. |
|  0. |  0. |  1. ||  0. |  0. |  0. ||  0. | -1. |  0. |

, evalForThisState=-1.0, isPlayerOneTurnOriginally=true}, StateDatum{MCTSProbabilites=
|  .0 |  .0 |  .0 ||  .0 |  .0 |  .0 ||  .0 |  .0 |  .0 |
|  .0 |  .0 |  .0 ||  .0 |  .0 |  .0 ||  .0 |  .0 |  .0 |
|  .0 |  .0 |  .0 ||  .0 |  .0 |  .0 ||  .0 |  .0 |  .0 |
|========+========+========||========+========+========||========+========+========|
|  .0 |  .0 |  .0 ||  .0 |  .0 |  .0 ||  .0 |  .0 |  .0 |
|  .0 |  .0 |  .0 ||  .0 |  .0 |  .0 ||  .0 |  .0 |  .0 |
|  .0 |  .0 |  .0 ||  .0 |  .0 |  .0 ||  .0 |  .0 |  .0 |
|========+========+========||========+========+========||========+========+========|
|  .0 |  .0 |  .0 ||  .0 |  .0 |  .0 ||  .1717 |  .1498 |  .1189 |
|  .0 |  .0 |  .0 ||  .0 |  .0 |  .0 ||  .0 |  .1395 |  .1245 |
|  .0 |  .0 |  .0 ||  .0 |  .0 |  .0 ||  .1654 |  .0 |  .1301 |

, state=
| -0. | -0. | -0. || -1. |  1. |  1. || -1. | -1. | -0. |
| -0. |  1. | -0. || -0. | -0. | -0. || -0. |  1. | -0. |
| -0. | -0. |  1. || -0. |  1. | -0. ||  1. | -0. | -0. |
|=====+=====+=====||=====+=====+=====||=====+=====+=====|
| -0. | -1. |  1. || -0. | -0. | -1. || -0. | -0. | -0. |
| -1. | -0. |  1. || -0. | -0. | -0. ||  1. | -0. | -1. |
|  1. | -0. | -0. || -0. | -0. | -1. || -0. | -0. | -0. |
|=====+=====+=====||=====+=====+=====||=====+=====+=====|
| -0. | -1. | -0. || -0. | -0. | -1. ||*-0. |*-0. |*-0. |
| -0. | -0. | -0. || -1. | -0. | -0. ||*-1. |*-0. |*-0. |
| -0. | -0. | -1. || -0. | -0. | -0. ||*-0. |* 1. |*-0. |

, evalForThisState=1.0, isPlayerOneTurnOriginally=false}, StateDatum{MCTSProbabilites=
|  .1273 |  .111 |  .0786 ||  .0 |  .0 |  .0 ||  .0 |  .0 |  .0 |
|  .1186 |  .0 |  .1605 ||  .0 |  .0 |  .0 ||  .0 |  .0 |  .0 |
|  .151 |  .253 |  .0 ||  .0 |  .0 |  .0 ||  .0 |  .0 |  .0 |
|========+========+========||========+========+========||========+========+========|
|  .0 |  .0 |  .0 ||  .0 |  .0 |  .0 ||  .0 |  .0 |  .0 |
|  .0 |  .0 |  .0 ||  .0 |  .0 |  .0 ||  .0 |  .0 |  .0 |
|  .0 |  .0 |  .0 ||  .0 |  .0 |  .0 ||  .0 |  .0 |  .0 |
|========+========+========||========+========+========||========+========+========|
|  .0 |  .0 |  .0 ||  .0 |  .0 |  .0 ||  .0 |  .0 |  .0 |
|  .0 |  .0 |  .0 ||  .0 |  .0 |  .0 ||  .0 |  .0 |  .0 |
|  .0 |  .0 |  .0 ||  .0 |  .0 |  .0 ||  .0 |  .0 |  .0 |

, state=
|* 0. |* 0. |* 0. ||  1. | -1. | -1. ||  1. |  1. |  0. |
|* 0. |*-1. |* 0. ||  0. |  0. |  0. ||  0. | -1. |  0. |
|* 0. |* 0. |*-1. ||  0. | -1. |  0. || -1. |  0. |  0. |
|=====+=====+=====||=====+=====+=====||=====+=====+=====|
|  0. |  1. | -1. ||  0. |  0. |  1. ||  0. |  0. |  0. |
|  1. |  0. | -1. ||  0. |  0. |  0. || -1. |  0. |  1. |
| -1. |  0. |  0. ||  0. |  0. |  1. ||  0. |  0. |  0. |
|=====+=====+=====||=====+=====+=====||=====+=====+=====|
|  0. |  1. |  0. ||  0. |  0. |  1. || -1. |  0. |  0. |
|  0. |  0. |  0. ||  1. |  0. |  0. ||  1. |  0. |  0. |
|  0. |  0. |  1. ||  0. |  0. |  0. ||  0. | -1. |  0. |

, evalForThisState=-1.0, isPlayerOneTurnOriginally=true}, StateDatum{MCTSProbabilites=
|  .0 |  .0 |  .0 ||  .0 |  .0 |  .0 ||  .0 |  .0 |  .0 |
|  .0 |  .0 |  .0 ||  .0 |  .0 |  .0 ||  .0 |  .0 |  .0 |
|  .0 |  .0 |  .0 ||  .0 |  .0 |  .0 ||  .0 |  .0 |  .0 |
|========+========+========||========+========+========||========+========+========|
|  .0 |  .0 |  .0 ||  .0 |  .0 |  .0 ||  .0 |  .0 |  .0 |
|  .0 |  .0 |  .0 ||  .0 |  .0 |  .0 ||  .0 |  .0 |  .0 |
|  .0 |  .0 |  .0 ||  .0 |  .0 |  .0 ||  .0 |  .0 |  .0 |
|========+========+========||========+========+========||========+========+========|
|  .0 |  .0 |  .0 ||  .1237 |  .1344 |  .0 ||  .0 |  .0 |  .0 |
|  .0 |  .0 |  .0 ||  .0 |  .1659 |  .1571 ||  .0 |  .0 |  .0 |
|  .0 |  .0 |  .0 ||  .1664 |  .1224 |  .1302 ||  .0 |  .0 |  .0 |

, state=
| -0. | -0. | -0. || -1. |  1. |  1. || -1. | -1. | -0. |
| -0. |  1. | -0. || -0. | -0. | -0. || -0. |  1. | -0. |
| -0. | -1. |  1. || -0. |  1. | -0. ||  1. | -0. | -0. |
|=====+=====+=====||=====+=====+=====||=====+=====+=====|
| -0. | -1. |  1. || -0. | -0. | -1. || -0. | -0. | -0. |
| -1. | -0. |  1. || -0. | -0. | -0. ||  1. | -0. | -1. |
|  1. | -0. | -0. || -0. | -0. | -1. || -0. | -0. | -0. |
|=====+=====+=====||=====+=====+=====||=====+=====+=====|
| -0. | -1. | -0. ||*-0. |*-0. |*-1. ||  1. | -0. | -0. |
| -0. | -0. | -0. ||*-1. |*-0. |*-0. || -1. | -0. | -0. |
| -0. | -0. | -1. ||*-0. |*-0. |*-0. || -0. |  1. | -0. |

, evalForThisState=1.0, isPlayerOneTurnOriginally=false}, StateDatum{MCTSProbabilites=
|  .0 |  .0 |  .0 ||  .0 |  .0 |  .0 ||  .0 |  .0 |  .0 |
|  .0 |  .0 |  .0 ||  .0 |  .0 |  .0 ||  .0 |  .0 |  .0 |
|  .0 |  .0 |  .0 ||  .0 |  .0 |  .0 ||  .0 |  .0 |  .0 |
|========+========+========||========+========+========||========+========+========|
|  .0 |  .0 |  .0 ||  .0 |  .0 |  .0 ||  .0 |  .0 |  .0 |
|  .0 |  .0 |  .0 ||  .0 |  .0 |  .0 ||  .0 |  .0 |  .0 |
|  .0 |  .0 |  .0 ||  .0 |  .0 |  .0 ||  .0 |  .0 |  .0 |
|========+========+========||========+========+========||========+========+========|
|  .1344 |  .0 |  .123 ||  .0 |  .0 |  .0 ||  .0 |  .0 |  .0 |
|  .076 |  .1952 |  .2053 ||  .0 |  .0 |  .0 ||  .0 |  .0 |  .0 |
|  .1296 |  .1366 |  .0 ||  .0 |  .0 |  .0 ||  .0 |  .0 |  .0 |

, state=
|  0. |  0. |  0. ||  1. | -1. | -1. ||  1. |  1. |  0. |
|  0. | -1. |  0. ||  0. |  0. |  0. ||  0. | -1. |  0. |
|  0. |  1. | -1. ||  0. | -1. |  0. || -1. |  0. |  0. |
|=====+=====+=====||=====+=====+=====||=====+=====+=====|
|  0. |  1. | -1. ||  0. |  0. |  1. ||  0. |  0. |  0. |
|  1. |  0. | -1. ||  0. |  0. |  0. || -1. |  0. |  1. |
| -1. |  0. |  0. ||  0. |  0. |  1. ||  0. |  0. |  0. |
|=====+=====+=====||=====+=====+=====||=====+=====+=====|
|* 0. |* 1. |* 0. ||  0. |  0. |  1. || -1. |  0. |  0. |
|* 0. |* 0. |* 0. ||  1. |  0. |  0. ||  1. |  0. |  0. |
|* 0. |* 0. |* 1. || -1. |  0. |  0. ||  0. | -1. |  0. |

, evalForThisState=-1.0, isPlayerOneTurnOriginally=true}, StateDatum{MCTSProbabilites=
|  .0 |  .0 |  .0 ||  .0 |  .0 |  .0 ||  .0 |  .0 |  .0 |
|  .0 |  .0 |  .0 ||  .0 |  .0 |  .0 ||  .0 |  .0 |  .0 |
|  .0 |  .0 |  .0 ||  .0 |  .0 |  .0 ||  .0 |  .0 |  .0 |
|========+========+========||========+========+========||========+========+========|
|  .0 |  .0 |  .0 ||  .0 |  .0 |  .0 ||  .0909 |  .1376 |  .15 |
|  .0 |  .0 |  .0 ||  .0 |  .0 |  .0 ||  .0 |  .1246 |  .0 |
|  .0 |  .0 |  .0 ||  .0 |  .0 |  .0 ||  .2356 |  .1422 |  .1191 |
|========+========+========||========+========+========||========+========+========|
|  .0 |  .0 |  .0 ||  .0 |  .0 |  .0 ||  .0 |  .0 |  .0 |
|  .0 |  .0 |  .0 ||  .0 |  .0 |  .0 ||  .0 |  .0 |  .0 |
|  .0 |  .0 |  .0 ||  .0 |  .0 |  .0 ||  .0 |  .0 |  .0 |

, state=
| -0. | -0. | -0. || -1. |  1. |  1. || -1. | -1. | -0. |
| -0. |  1. | -0. || -0. | -0. | -0. || -0. |  1. | -0. |
| -0. | -1. |  1. || -0. |  1. | -0. ||  1. | -0. | -0. |
|=====+=====+=====||=====+=====+=====||=====+=====+=====|
| -0. | -1. |  1. || -0. | -0. | -1. ||*-0. |*-0. |*-0. |
| -1. | -0. |  1. || -0. | -0. | -0. ||* 1. |*-0. |*-1. |
|  1. | -0. | -0. || -0. | -0. | -1. ||*-0. |*-0. |*-0. |
|=====+=====+=====||=====+=====+=====||=====+=====+=====|
| -0. | -1. | -0. || -0. | -0. | -1. ||  1. | -0. | -0. |
| -0. | -0. | -1. || -1. | -0. | -0. || -1. | -0. | -0. |
| -0. | -0. | -1. ||  1. | -0. | -0. || -0. |  1. | -0. |

, evalForThisState=1.0, isPlayerOneTurnOriginally=false}, StateDatum{MCTSProbabilites=
|  .0 |  .0 |  .0 ||  .0 |  .0 |  .0 ||  .0 |  .0 |  .0 |
|  .0 |  .0 |  .0 ||  .0 |  .0 |  .0 ||  .0 |  .0 |  .0 |
|  .0 |  .0 |  .0 ||  .0 |  .0 |  .0 ||  .0 |  .0 |  .0 |
|========+========+========||========+========+========||========+========+========|
|  .0 |  .0 |  .0 ||  .0 |  .0 |  .0 ||  .0 |  .0 |  .0 |
|  .0 |  .0 |  .0 ||  .0 |  .0 |  .0 ||  .0 |  .0 |  .0 |
|  .0 |  .0 |  .0 ||  .0 |  .0 |  .0 ||  .0 |  .0 |  .0 |
|========+========+========||========+========+========||========+========+========|
|  .0948 |  .0 |  .1913 ||  .0 |  .0 |  .0 ||  .0 |  .0 |  .0 |
|  .2084 |  .1739 |  .0 ||  .0 |  .0 |  .0 ||  .0 |  .0 |  .0 |
|  .176 |  .1555 |  .0 ||  .0 |  .0 |  .0 ||  .0 |  .0 |  .0 |

, state=
|  0. |  0. |  0. ||  1. | -1. | -1. ||  1. |  1. |  0. |
|  0. | -1. |  0. ||  0. |  0. |  0. ||  0. | -1. |  0. |
|  0. |  1. | -1. ||  0. | -1. |  0. || -1. |  0. |  0. |
|=====+=====+=====||=====+=====+=====||=====+=====+=====|
|  0. |  1. | -1. ||  0. |  0. |  1. ||  0. |  0. |  0. |
|  1. |  0. | -1. ||  0. |  0. |  0. || -1. |  0. |  1. |
| -1. |  0. |  0. ||  0. |  0. |  1. || -1. |  0. |  0. |
|=====+=====+=====||=====+=====+=====||=====+=====+=====|
|* 0. |* 1. |* 0. ||  0. |  0. |  1. || -1. |  0. |  0. |
|* 0. |* 0. |* 1. ||  1. |  0. |  0. ||  1. |  0. |  0. |
|* 0. |* 0. |* 1. || -1. |  0. |  0. ||  0. | -1. |  0. |

, evalForThisState=-1.0, isPlayerOneTurnOriginally=true}, StateDatum{MCTSProbabilites=
|  .0 |  .0 |  .0 ||  .0 |  .0 |  .0 ||  .0 |  .0 |  .0 |
|  .0 |  .0 |  .0 ||  .0 |  .0 |  .0 ||  .0 |  .0 |  .0 |
|  .0 |  .0 |  .0 ||  .0 |  .0 |  .0 ||  .0 |  .0 |  .0 |
|========+========+========||========+========+========||========+========+========|
|  .1852 |  .0 |  .0 ||  .0 |  .0 |  .0 ||  .0 |  .0 |  .0 |
|  .0 |  .1764 |  .0 ||  .0 |  .0 |  .0 ||  .0 |  .0 |  .0 |
|  .0 |  .3441 |  .2943 ||  .0 |  .0 |  .0 ||  .0 |  .0 |  .0 |
|========+========+========||========+========+========||========+========+========|
|  .0 |  .0 |  .0 ||  .0 |  .0 |  .0 ||  .0 |  .0 |  .0 |
|  .0 |  .0 |  .0 ||  .0 |  .0 |  .0 ||  .0 |  .0 |  .0 |
|  .0 |  .0 |  .0 ||  .0 |  .0 |  .0 ||  .0 |  .0 |  .0 |

, state=
| -0. | -0. | -0. || -1. |  1. |  1. || -1. | -1. | -0. |
| -0. |  1. | -0. || -0. | -0. | -0. || -0. |  1. | -0. |
| -0. | -1. |  1. || -0. |  1. | -0. ||  1. | -0. | -0. |
|=====+=====+=====||=====+=====+=====||=====+=====+=====|
|*-0. |*-1. |* 1. || -0. | -0. | -1. || -0. | -0. | -0. |
|*-1. |*-0. |* 1. || -0. | -0. | -0. ||  1. | -0. | -1. |
|* 1. |*-0. |*-0. || -0. | -0. | -1. ||  1. | -0. | -0. |
|=====+=====+=====||=====+=====+=====||=====+=====+=====|
| -0. | -1. | -0. || -0. | -0. | -1. ||  1. | -0. | -0. |
| -1. | -0. | -1. || -1. | -0. | -0. || -1. | -0. | -0. |
| -0. | -0. | -1. ||  1. | -0. | -0. || -0. |  1. | -0. |

, evalForThisState=1.0, isPlayerOneTurnOriginally=false}, StateDatum{MCTSProbabilites=
|  .0 |  .0 |  .0 ||  .0 |  .0 |  .0 ||  .0 |  .0 |  .0 |
|  .0 |  .0 |  .0 ||  .0 |  .0 |  .0 ||  .0 |  .0 |  .0 |
|  .0 |  .0 |  .0 ||  .0 |  .0 |  .0 ||  .0 |  .0 |  .0 |
|========+========+========||========+========+========||========+========+========|
|  .0 |  .0 |  .0 ||  .0 |  .0 |  .0 ||  .0 |  .0 |  .0 |
|  .0 |  .0 |  .0 ||  .0 |  .0 |  .0 ||  .0 |  .0 |  .0 |
|  .0 |  .0 |  .0 ||  .0 |  .0 |  .0 ||  .0 |  .0 |  .0 |
|========+========+========||========+========+========||========+========+========|
|  .0 |  .0 |  .0 ||  .2376 |  .1969 |  .0 ||  .0 |  .0 |  .0 |
|  .0 |  .0 |  .0 ||  .0 |  .0994 |  .1678 ||  .0 |  .0 |  .0 |
|  .0 |  .0 |  .0 ||  .0 |  .1551 |  .1432 ||  .0 |  .0 |  .0 |

, state=
|  0. |  0. |  0. ||  1. | -1. | -1. ||  1. |  1. |  0. |
|  0. | -1. |  0. ||  0. |  0. |  0. ||  0. | -1. |  0. |
|  0. |  1. | -1. ||  0. | -1. |  0. || -1. |  0. |  0. |
|=====+=====+=====||=====+=====+=====||=====+=====+=====|
|  0. |  1. | -1. ||  0. |  0. |  1. ||  0. |  0. |  0. |
|  1. |  0. | -1. ||  0. |  0. |  0. || -1. |  0. |  1. |
| -1. | -1. |  0. ||  0. |  0. |  1. || -1. |  0. |  0. |
|=====+=====+=====||=====+=====+=====||=====+=====+=====|
|  0. |  1. |  0. ||* 0. |* 0. |* 1. || -1. |  0. |  0. |
|  1. |  0. |  1. ||* 1. |* 0. |* 0. ||  1. |  0. |  0. |
|  0. |  0. |  1. ||*-1. |* 0. |* 0. ||  0. | -1. |  0. |

, evalForThisState=-1.0, isPlayerOneTurnOriginally=true}, StateDatum{MCTSProbabilites=
|  .4761 |  .0687 |  .1001 ||  .0 |  .0 |  .0 ||  .0 |  .0 |  .0 |
|  .1153 |  .0 |  .1503 ||  .0 |  .0 |  .0 ||  .0 |  .0 |  .0 |
|  .0894 |  .0 |  .0 ||  .0 |  .0 |  .0 ||  .0 |  .0 |  .0 |
|========+========+========||========+========+========||========+========+========|
|  .0 |  .0 |  .0 ||  .0 |  .0 |  .0 ||  .0 |  .0 |  .0 |
|  .0 |  .0 |  .0 ||  .0 |  .0 |  .0 ||  .0 |  .0 |  .0 |
|  .0 |  .0 |  .0 ||  .0 |  .0 |  .0 ||  .0 |  .0 |  .0 |
|========+========+========||========+========+========||========+========+========|
|  .0 |  .0 |  .0 ||  .0 |  .0 |  .0 ||  .0 |  .0 |  .0 |
|  .0 |  .0 |  .0 ||  .0 |  .0 |  .0 ||  .0 |  .0 |  .0 |
|  .0 |  .0 |  .0 ||  .0 |  .0 |  .0 ||  .0 |  .0 |  .0 |

, state=
|*-0. |*-0. |*-0. || -1. |  1. |  1. || -1. | -1. | -0. |
|*-0. |* 1. |*-0. || -0. | -0. | -0. || -0. |  1. | -0. |
|*-0. |*-1. |* 1. || -0. |  1. | -0. ||  1. | -0. | -0. |
|=====+=====+=====||=====+=====+=====||=====+=====+=====|
| -0. | -1. |  1. || -0. | -0. | -1. || -0. | -0. | -0. |
| -1. | -0. |  1. || -0. | -0. | -0. ||  1. | -0. | -1. |
|  1. |  1. | -0. || -0. | -0. | -1. ||  1. | -0. | -0. |
|=====+=====+=====||=====+=====+=====||=====+=====+=====|
| -0. | -1. | -0. || -1. | -0. | -1. ||  1. | -0. | -0. |
| -1. | -0. | -1. || -1. | -0. | -0. || -1. | -0. | -0. |
| -0. | -0. | -1. ||  1. | -0. | -0. || -0. |  1. | -0. |

, evalForThisState=1.0, isPlayerOneTurnOriginally=false}, StateDatum{MCTSProbabilites=
|  .0 |  .0 |  .0 ||  .0 |  .0 |  .0 ||  .0 |  .0 |  .0039 |
|  .0 |  .0 |  .0 ||  .0256 |  .0183 |  .0236 ||  .0173 |  .0 |  .0294 |
|  .0 |  .0 |  .0 ||  .032 |  .0 |  .0295 ||  .0 |  .021 |  .0277 |
|========+========+========||========+========+========||========+========+========|
|  .0224 |  .0 |  .0 ||  .0257 |  .0209 |  .0 ||  .0145 |  .0137 |  .0325 |
|  .0 |  .0272 |  .0 ||  .0205 |  .0207 |  .0382 ||  .0 |  .0226 |  .0 |
|  .0 |  .0 |  .0293 ||  .0176 |  .0237 |  .0 ||  .0 |  .028 |  .0176 |
|========+========+========||========+========+========||========+========+========|
|  .0221 |  .0 |  .0606 ||  .0 |  .0264 |  .0 ||  .0 |  .0132 |  .0332 |
|  .0 |  .02 |  .0 ||  .0 |  .0197 |  .0188 ||  .0 |  .0223 |  .0133 |
|  .0247 |  .0248 |  .0 ||  .0 |  .0323 |  .017 ||  .0265 |  .0 |  .0216 |

, state=
| -1. |  0. |  0. ||* 1. |*-1. |*-1. ||* 1. |* 1. |* 0. |
|  0. | -1. |  0. ||* 0. |* 0. |* 0. ||* 0. |*-1. |* 0. |
|  0. |  1. | -1. ||* 0. |*-1. |* 0. ||*-1. |* 0. |* 0. |
|=====+=====+=====||=====+=====+=====||=====+=====+=====|
|* 0. |* 1. |*-1. ||* 0. |* 0. |* 1. ||* 0. |* 0. |* 0. |
|* 1. |* 0. |*-1. ||* 0. |* 0. |* 0. ||*-1. |* 0. |* 1. |
|*-1. |*-1. |* 0. ||* 0. |* 0. |* 1. ||*-1. |* 0. |* 0. |
|=====+=====+=====||=====+=====+=====||=====+=====+=====|
|* 0. |* 1. |* 0. ||* 1. |* 0. |* 1. ||*-1. |* 0. |* 0. |
|* 1. |* 0. |* 1. ||* 1. |* 0. |* 0. ||* 1. |* 0. |* 0. |
|* 0. |* 0. |* 1. ||*-1. |* 0. |* 0. ||* 0. |*-1. |* 0. |

, evalForThisState=-1.0, isPlayerOneTurnOriginally=true}, StateDatum{MCTSProbabilites=
|  .0 |  .0 |  .0 ||  .0 |  .0 |  .0 ||  .0 |  .0 |  .7451 |
|  .0 |  .0 |  .0 ||  .0 |  .0 |  .0 ||  .0303 |  .0 |  .0872 |
|  .0 |  .0 |  .0 ||  .0 |  .0 |  .0 ||  .0 |  .0636 |  .0739 |
|========+========+========||========+========+========||========+========+========|
|  .0 |  .0 |  .0 ||  .0 |  .0 |  .0 ||  .0 |  .0 |  .0 |
|  .0 |  .0 |  .0 ||  .0 |  .0 |  .0 ||  .0 |  .0 |  .0 |
|  .0 |  .0 |  .0 ||  .0 |  .0 |  .0 ||  .0 |  .0 |  .0 |
|========+========+========||========+========+========||========+========+========|
|  .0 |  .0 |  .0 ||  .0 |  .0 |  .0 ||  .0 |  .0 |  .0 |
|  .0 |  .0 |  .0 ||  .0 |  .0 |  .0 ||  .0 |  .0 |  .0 |
|  .0 |  .0 |  .0 ||  .0 |  .0 |  .0 ||  .0 |  .0 |  .0 |

, state=
|  1. | -0. | -0. || -1. |  1. |  1. ||*-1. |*-1. |*-0. |
| -0. |  1. | -0. || -0. | -0. | -0. ||*-0. |* 1. |*-0. |
| -0. | -1. |  1. || -0. |  1. | -0. ||* 1. |*-0. |*-0. |
|=====+=====+=====||=====+=====+=====||=====+=====+=====|
| -0. | -1. |  1. || -0. | -0. | -1. || -0. | -0. | -0. |
| -1. | -0. |  1. || -0. | -0. | -0. ||  1. | -0. | -1. |
|  1. |  1. | -0. || -0. | -0. | -1. ||  1. | -0. | -0. |
|=====+=====+=====||=====+=====+=====||=====+=====+=====|
| -0. | -1. | -1. || -1. | -0. | -1. ||  1. | -0. | -0. |
| -1. | -0. | -1. || -1. | -0. | -0. || -1. | -0. | -0. |
| -0. | -0. | -1. ||  1. | -0. | -0. || -0. |  1. | -0. |

, evalForThisState=1.0, isPlayerOneTurnOriginally=false}, StateDatum{MCTSProbabilites=
|  .0 |  .0 |  .0 ||  .0 |  .0 |  .0 ||  .0 |  .0 |  .0 |
|  .0 |  .0 |  .0 ||  .0192 |  .0064 |  .0214 ||  .0 |  .0 |  .0 |
|  .0 |  .0 |  .0 ||  .0648 |  .0 |  .0097 ||  .0 |  .0 |  .0 |
|========+========+========||========+========+========||========+========+========|
|  .0008 |  .0 |  .0 ||  .0009 |  .0534 |  .0 ||  .0009 |  .036 |  .0016 |
|  .0 |  .0253 |  .0 ||  .0301 |  .0239 |  .0404 ||  .0 |  .01 |  .0 |
|  .0 |  .0 |  .0318 ||  .0557 |  .0071 |  .0 ||  .0 |  .0123 |  .0158 |
|========+========+========||========+========+========||========+========+========|
|  .0 |  .0 |  .0 ||  .0 |  .358 |  .0 ||  .0 |  .0095 |  .0407 |
|  .0 |  .0 |  .0 ||  .0 |  .0203 |  .0059 ||  .0 |  .0325 |  .0194 |
|  .0 |  .0 |  .0 ||  .0 |  .0091 |  .0108 ||  .0007 |  .0 |  .0256 |

, state=
| -1. |  0. |  0. ||* 1. |*-1. |*-1. ||  1. |  1. | -1. |
|  0. | -1. |  0. ||* 0. |* 0. |* 0. ||  0. | -1. |  0. |
|  0. |  1. | -1. ||* 0. |*-1. |* 0. || -1. |  0. |  0. |
|=====+=====+=====||=====+=====+=====||=====+=====+=====|
|* 0. |* 1. |*-1. ||* 0. |* 0. |* 1. ||* 0. |* 0. |* 0. |
|* 1. |* 0. |*-1. ||* 0. |* 0. |* 0. ||*-1. |* 0. |* 1. |
|*-1. |*-1. |* 0. ||* 0. |* 0. |* 1. ||*-1. |* 0. |* 0. |
|=====+=====+=====||=====+=====+=====||=====+=====+=====|
|  0. |  1. |  1. ||* 1. |* 0. |* 1. ||*-1. |* 0. |* 0. |
|  1. |  0. |  1. ||* 1. |* 0. |* 0. ||* 1. |* 0. |* 0. |
|  0. |  0. |  1. ||*-1. |* 0. |* 0. ||* 0. |*-1. |* 0. |

, evalForThisState=-1.0, isPlayerOneTurnOriginally=true}, StateDatum{MCTSProbabilites=
|  .0 |  .0 |  .0 ||  .0 |  .0 |  .0 ||  .0 |  .0 |  .0 |
|  .0 |  .0 |  .0 ||  .0 |  .9999 |  .0 ||  .0 |  .0 |  .0 |
|  .0 |  .0 |  .0 ||  .0 |  .0 |  .0 ||  .0 |  .0 |  .0 |
|========+========+========||========+========+========||========+========+========|
|  .0 |  .0 |  .0 ||  .0 |  .0 |  .0 ||  .0 |  .0 |  .0 |
|  .0 |  .0 |  .0 ||  .0 |  .0 |  .0 ||  .0 |  .0 |  .0 |
|  .0 |  .0 |  .0 ||  .0 |  .0 |  .0 ||  .0 |  .0 |  .0 |
|========+========+========||========+========+========||========+========+========|
|  .0 |  .0 |  .0 ||  .0 |  .0 |  .0 ||  .0 |  .0 |  .0 |
|  .0 |  .0 |  .0 ||  .0 |  .0 |  .0 ||  .0 |  .0 |  .0 |
|  .0 |  .0 |  .0 ||  .0 |  .0 |  .0 ||  .0 |  .0 |  .0 |

, state=
|  1. | -0. | -0. ||*-1. |* 1. |* 1. || -1. | -1. |  1. |
| -0. |  1. | -0. ||*-0. |*-0. |*-0. || -0. |  1. | -0. |
| -0. | -1. |  1. ||*-0. |* 1. |*-0. ||  1. | -0. | -0. |
|=====+=====+=====||=====+=====+=====||=====+=====+=====|
| -0. | -1. |  1. || -0. | -0. | -1. || -0. | -0. | -0. |
| -1. | -0. |  1. || -0. | -0. | -0. ||  1. | -0. | -1. |
|  1. |  1. | -0. || -0. | -0. | -1. ||  1. | -0. | -0. |
|=====+=====+=====||=====+=====+=====||=====+=====+=====|
| -0. | -1. | -1. || -1. | -1. | -1. ||  1. | -0. | -0. |
| -1. | -0. | -1. || -1. | -0. | -0. || -1. | -0. | -0. |
| -0. | -0. | -1. ||  1. | -0. | -0. || -0. |  1. | -0. |

, evalForThisState=1.0, isPlayerOneTurnOriginally=false}]
Value network data: 
===========INPUT===================
[[         0,         0,         0,  ...    1.0000,    1.0000,    1.0000], 
 [         0,         0,         0,  ...   -1.0000,   -1.0000,   -1.0000], 
 [         0,         0,         0,  ...   -1.0000,   -1.0000,   -1.0000], 
  ..., 
 [    1.0000,         0,         0,  ...   -1.0000,   -1.0000,   -1.0000], 
 [   -1.0000,         0,         0,  ...   -1.0000,    1.0000,    1.0000], 
 [    1.0000,         0,         0,  ...   -1.0000,   -1.0000,   -1.0000]]
=================OUTPUT==================
[[-1.0000], 
 [1.0000], 
 [-1.0000], 
 [1.0000], 
 [-1.0000], 
 [1.0000], 
 [-1.0000], 
 [1.0000], 
 [-1.0000], 
 [1.0000], 
 [-1.0000], 
 [1.0000], 
 [-1.0000], 
 [1.0000], 
 [-1.0000], 
 [1.0000], 
 [-1.0000], 
 [1.0000], 
 [-1.0000], 
 [1.0000], 
 [-1.0000], 
 [1.0000], 
 [-1.0000], 
 [1.0000], 
 [-1.0000], 
 [1.0000], 
 [-1.0000], 
 [1.0000], 
 [-1.0000], 
 [1.0000], 
 [-1.0000], 
 [1.0000], 
 [-1.0000], 
 [1.0000], 
 [-1.0000], 
 [1.0000], 
 [-1.0000], 
 [1.0000]]
Policy network data: 
===========INPUT===================
[[         0,         0,         0,  ...    1.0000,    1.0000,    1.0000], 
 [         0,         0,         0,  ...   -1.0000,   -1.0000,   -1.0000], 
 [         0,         0,         0,  ...   -1.0000,   -1.0000,   -1.0000], 
  ..., 
 [    1.0000,         0,         0,  ...   -1.0000,   -1.0000,   -1.0000], 
 [   -1.0000,         0,         0,  ...   -1.0000,    1.0000,    1.0000], 
 [    1.0000,         0,         0,  ...   -1.0000,   -1.0000,   -1.0000]]
=================OUTPUT==================
[[    0.0091,    0.0114,    0.0127,  ...    0.0103,    0.0155,    0.0121], 
 [         0,         0,         0,  ...         0,         0,         0], 
 [         0,         0,         0,  ...         0,         0,         0], 
  ..., 
 [         0,         0,         0,  ...         0,         0,         0], 
 [         0,         0,         0,  ...    0.0007,         0,    0.0256], 
 [         0,         0,         0,  ...         0,         0,         0]]
W:\Labs\ME\ME187-Fall2024\StudentFiles\CALEBHOTTES\UTTTstuff\data\series1\policy$series1,gameNum73$1729273589808.bin
Took: 1332 s to simulate game
Finished simulating game, see log at: W:\Labs\ME\ME187-Fall2024\StudentFiles\CALEBHOTTES\UTTTstuff\data\logs\series1\game73$1729269168791.log for details.
