Saving data to: W:\Labs\ME\ME187-Fall2024\StudentFiles\CALEBHOTTES\UTTTstuff\data\series1
Begin custom message: 
DataSeries: series1 game number: 168 

Description: ME 273data you know the thing. 

Evaluator config=EvaluatorConfiguration{cValue=2.0, maxRolloutDepth=1000, computeTime=30, threads=1, stupidity=0, allowForcePlay=false, maxMyCPU=false}
End custom message
Inital State: 

|* 0. |* 0. |* 0. ||* 0. |* 0. |* 0. ||* 0. |* 0. |* 0. |
|* 0. |* 0. |* 0. ||* 0. |* 0. |* 0. ||* 0. |* 0. |* 0. |
|* 0. |* 0. |* 0. ||* 0. |* 0. |* 0. ||* 0. |* 0. |* 0. |
|=====+=====+=====||=====+=====+=====||=====+=====+=====|
|* 0. |* 0. |* 0. ||* 0. |* 0. |* 0. ||* 0. |* 0. |* 0. |
|* 0. |* 0. |* 0. ||* 0. |* 0. |* 0. ||* 0. |* 0. |* 0. |
|* 0. |* 0. |* 0. ||* 0. |* 0. |* 0. ||* 0. |* 0. |* 0. |
|=====+=====+=====||=====+=====+=====||=====+=====+=====|
|* 0. |* 0. |* 0. ||* 0. |* 0. |* 0. ||* 0. |* 0. |* 0. |
|* 0. |* 0. |* 0. ||* 0. |* 0. |* 0. ||* 0. |* 0. |* 0. |
|* 0. |* 0. |* 0. ||* 0. |* 0. |* 0. ||* 0. |* 0. |* 0. |


state to eval, currenty is playerone turn=true

|* 0. |* 0. |* 0. ||* 0. |* 0. |* 0. ||* 0. |* 0. |* 0. |
|* 0. |* 0. |* 0. ||* 0. |* 0. |* 0. ||* 0. |* 0. |* 0. |
|* 0. |* 0. |* 0. ||* 0. |* 0. |* 0. ||* 0. |* 0. |* 0. |
|=====+=====+=====||=====+=====+=====||=====+=====+=====|
|* 0. |* 0. |* 0. ||* 0. |* 0. |* 0. ||* 0. |* 0. |* 0. |
|* 0. |* 0. |* 0. ||* 0. |* 0. |* 0. ||* 0. |* 0. |* 0. |
|* 0. |* 0. |* 0. ||* 0. |* 0. |* 0. ||* 0. |* 0. |* 0. |
|=====+=====+=====||=====+=====+=====||=====+=====+=====|
|* 0. |* 0. |* 0. ||* 0. |* 0. |* 0. ||* 0. |* 0. |* 0. |
|* 0. |* 0. |* 0. ||* 0. |* 0. |* 0. ||* 0. |* 0. |* 0. |
|* 0. |* 0. |* 0. ||* 0. |* 0. |* 0. ||* 0. |* 0. |* 0. |


Determined best move using: 66195Iterations
current State

|  0. |  0. |  0. ||  0. |  0. |  0. ||  0. |  0. |  0. |
|  0. |  0. |  0. ||  0. |  0. |  0. ||  0. |  0. |  0. |
|  0. |  0. |  0. ||  0. |  0. |  0. ||  0. |  0. |  0. |
|=====+=====+=====||=====+=====+=====||=====+=====+=====|
|  0. |  0. |  0. ||  0. |  0. |  0. ||  0. |  0. |  0. |
|  0. |  0. |  0. ||  0. |  0. |  0. ||  0. |  0. |  0. |
|  0. |  0. |  0. ||  0. |  0. |  0. ||  0. |  0. |  0. |
|=====+=====+=====||=====+=====+=====||=====+=====+=====|
|  0. |  0. |  0. ||  0. |  0. |  0. ||* 0. |* 0. |* 0. |
|  0. |  0. |  0. ||  0. |  0. |  0. ||* 0. |* 0. |* 0. |
|  0. |  0. |  0. ||  0. |  0. |  0. ||* 0. |* 0. |* 1. |


state to eval, currenty is playerone turn=false

| -0. | -0. | -0. || -0. | -0. | -0. || -0. | -0. | -0. |
| -0. | -0. | -0. || -0. | -0. | -0. || -0. | -0. | -0. |
| -0. | -0. | -0. || -0. | -0. | -0. || -0. | -0. | -0. |
|=====+=====+=====||=====+=====+=====||=====+=====+=====|
| -0. | -0. | -0. || -0. | -0. | -0. || -0. | -0. | -0. |
| -0. | -0. | -0. || -0. | -0. | -0. || -0. | -0. | -0. |
| -0. | -0. | -0. || -0. | -0. | -0. || -0. | -0. | -0. |
|=====+=====+=====||=====+=====+=====||=====+=====+=====|
| -0. | -0. | -0. || -0. | -0. | -0. ||*-0. |*-0. |*-0. |
| -0. | -0. | -0. || -0. | -0. | -0. ||*-0. |*-0. |*-0. |
| -0. | -0. | -0. || -0. | -0. | -0. ||*-0. |*-0. |*-1. |


Determined best move using: 66819Iterations
current State

|  0. |  0. |  0. ||  0. |  0. |  0. ||  0. |  0. |  0. |
|  0. |  0. |  0. ||  0. |  0. |  0. ||  0. |  0. |  0. |
|  0. |  0. |  0. ||  0. |  0. |  0. ||  0. |  0. |  0. |
|=====+=====+=====||=====+=====+=====||=====+=====+=====|
|  0. |  0. |  0. ||  0. |  0. |  0. ||  0. |  0. |  0. |
|  0. |  0. |  0. ||  0. |  0. |  0. ||  0. |  0. |  0. |
|  0. |  0. |  0. ||  0. |  0. |  0. ||  0. |  0. |  0. |
|=====+=====+=====||=====+=====+=====||=====+=====+=====|
|* 0. |* 0. |* 0. ||  0. |  0. |  0. ||  0. |  0. |  0. |
|* 0. |* 0. |* 0. ||  0. |  0. |  0. ||  0. |  0. |  0. |
|* 0. |* 0. |* 0. ||  0. |  0. |  0. || -1. |  0. |  1. |


state to eval, currenty is playerone turn=true

|  0. |  0. |  0. ||  0. |  0. |  0. ||  0. |  0. |  0. |
|  0. |  0. |  0. ||  0. |  0. |  0. ||  0. |  0. |  0. |
|  0. |  0. |  0. ||  0. |  0. |  0. ||  0. |  0. |  0. |
|=====+=====+=====||=====+=====+=====||=====+=====+=====|
|  0. |  0. |  0. ||  0. |  0. |  0. ||  0. |  0. |  0. |
|  0. |  0. |  0. ||  0. |  0. |  0. ||  0. |  0. |  0. |
|  0. |  0. |  0. ||  0. |  0. |  0. ||  0. |  0. |  0. |
|=====+=====+=====||=====+=====+=====||=====+=====+=====|
|* 0. |* 0. |* 0. ||  0. |  0. |  0. ||  0. |  0. |  0. |
|* 0. |* 0. |* 0. ||  0. |  0. |  0. ||  0. |  0. |  0. |
|* 0. |* 0. |* 0. ||  0. |  0. |  0. || -1. |  0. |  1. |


Determined best move using: 67594Iterations
current State

|  0. |  0. |  0. ||  0. |  0. |  0. ||  0. |  0. |  0. |
|  0. |  0. |  0. ||  0. |  0. |  0. ||  0. |  0. |  0. |
|  0. |  0. |  0. ||  0. |  0. |  0. ||  0. |  0. |  0. |
|=====+=====+=====||=====+=====+=====||=====+=====+=====|
|  0. |  0. |  0. ||* 0. |* 0. |* 0. ||  0. |  0. |  0. |
|  0. |  0. |  0. ||* 0. |* 0. |* 0. ||  0. |  0. |  0. |
|  0. |  0. |  0. ||* 0. |* 0. |* 0. ||  0. |  0. |  0. |
|=====+=====+=====||=====+=====+=====||=====+=====+=====|
|  0. |  0. |  0. ||  0. |  0. |  0. ||  0. |  0. |  0. |
|  0. |  1. |  0. ||  0. |  0. |  0. ||  0. |  0. |  0. |
|  0. |  0. |  0. ||  0. |  0. |  0. || -1. |  0. |  1. |


state to eval, currenty is playerone turn=false

| -0. | -0. | -0. || -0. | -0. | -0. || -0. | -0. | -0. |
| -0. | -0. | -0. || -0. | -0. | -0. || -0. | -0. | -0. |
| -0. | -0. | -0. || -0. | -0. | -0. || -0. | -0. | -0. |
|=====+=====+=====||=====+=====+=====||=====+=====+=====|
| -0. | -0. | -0. ||*-0. |*-0. |*-0. || -0. | -0. | -0. |
| -0. | -0. | -0. ||*-0. |*-0. |*-0. || -0. | -0. | -0. |
| -0. | -0. | -0. ||*-0. |*-0. |*-0. || -0. | -0. | -0. |
|=====+=====+=====||=====+=====+=====||=====+=====+=====|
| -0. | -0. | -0. || -0. | -0. | -0. || -0. | -0. | -0. |
| -0. | -1. | -0. || -0. | -0. | -0. || -0. | -0. | -0. |
| -0. | -0. | -0. || -0. | -0. | -0. ||  1. | -0. | -1. |


Determined best move using: 69152Iterations
current State

|  0. |  0. |  0. ||  0. |  0. |  0. ||  0. |  0. |  0. |
|  0. |  0. |  0. ||  0. |  0. |  0. ||  0. |  0. |  0. |
|  0. |  0. |  0. ||  0. |  0. |  0. ||  0. |  0. |  0. |
|=====+=====+=====||=====+=====+=====||=====+=====+=====|
|  0. |  0. |  0. ||* 0. |* 0. |* 0. ||  0. |  0. |  0. |
|  0. |  0. |  0. ||* 0. |*-1. |* 0. ||  0. |  0. |  0. |
|  0. |  0. |  0. ||* 0. |* 0. |* 0. ||  0. |  0. |  0. |
|=====+=====+=====||=====+=====+=====||=====+=====+=====|
|  0. |  0. |  0. ||  0. |  0. |  0. ||  0. |  0. |  0. |
|  0. |  1. |  0. ||  0. |  0. |  0. ||  0. |  0. |  0. |
|  0. |  0. |  0. ||  0. |  0. |  0. || -1. |  0. |  1. |


state to eval, currenty is playerone turn=true

|  0. |  0. |  0. ||  0. |  0. |  0. ||  0. |  0. |  0. |
|  0. |  0. |  0. ||  0. |  0. |  0. ||  0. |  0. |  0. |
|  0. |  0. |  0. ||  0. |  0. |  0. ||  0. |  0. |  0. |
|=====+=====+=====||=====+=====+=====||=====+=====+=====|
|  0. |  0. |  0. ||* 0. |* 0. |* 0. ||  0. |  0. |  0. |
|  0. |  0. |  0. ||* 0. |*-1. |* 0. ||  0. |  0. |  0. |
|  0. |  0. |  0. ||* 0. |* 0. |* 0. ||  0. |  0. |  0. |
|=====+=====+=====||=====+=====+=====||=====+=====+=====|
|  0. |  0. |  0. ||  0. |  0. |  0. ||  0. |  0. |  0. |
|  0. |  1. |  0. ||  0. |  0. |  0. ||  0. |  0. |  0. |
|  0. |  0. |  0. ||  0. |  0. |  0. || -1. |  0. |  1. |


Determined best move using: 72615Iterations
current State

|  0. |  0. |  0. ||  0. |  0. |  0. ||  0. |  0. |  0. |
|  0. |  0. |  0. ||  0. |  0. |  0. ||  0. |  0. |  0. |
|  0. |  0. |  0. ||  0. |  0. |  0. ||  0. |  0. |  0. |
|=====+=====+=====||=====+=====+=====||=====+=====+=====|
|  0. |  0. |  0. ||  0. |  0. |  0. ||  0. |  0. |  0. |
|  0. |  0. |  0. ||  0. | -1. |  0. ||  0. |  0. |  0. |
|  0. |  0. |  0. ||  0. |  1. |  0. ||  0. |  0. |  0. |
|=====+=====+=====||=====+=====+=====||=====+=====+=====|
|  0. |  0. |  0. ||* 0. |* 0. |* 0. ||  0. |  0. |  0. |
|  0. |  1. |  0. ||* 0. |* 0. |* 0. ||  0. |  0. |  0. |
|  0. |  0. |  0. ||* 0. |* 0. |* 0. || -1. |  0. |  1. |


state to eval, currenty is playerone turn=false

| -0. | -0. | -0. || -0. | -0. | -0. || -0. | -0. | -0. |
| -0. | -0. | -0. || -0. | -0. | -0. || -0. | -0. | -0. |
| -0. | -0. | -0. || -0. | -0. | -0. || -0. | -0. | -0. |
|=====+=====+=====||=====+=====+=====||=====+=====+=====|
| -0. | -0. | -0. || -0. | -0. | -0. || -0. | -0. | -0. |
| -0. | -0. | -0. || -0. |  1. | -0. || -0. | -0. | -0. |
| -0. | -0. | -0. || -0. | -1. | -0. || -0. | -0. | -0. |
|=====+=====+=====||=====+=====+=====||=====+=====+=====|
| -0. | -0. | -0. ||*-0. |*-0. |*-0. || -0. | -0. | -0. |
| -0. | -1. | -0. ||*-0. |*-0. |*-0. || -0. | -0. | -0. |
| -0. | -0. | -0. ||*-0. |*-0. |*-0. ||  1. | -0. | -1. |


Determined best move using: 72619Iterations
current State

|  0. |  0. |  0. ||  0. |  0. |  0. ||  0. |  0. |  0. |
|  0. |  0. |  0. ||  0. |  0. |  0. ||  0. |  0. |  0. |
|  0. |  0. |  0. ||  0. |  0. |  0. ||  0. |  0. |  0. |
|=====+=====+=====||=====+=====+=====||=====+=====+=====|
|  0. |  0. |  0. ||* 0. |* 0. |* 0. ||  0. |  0. |  0. |
|  0. |  0. |  0. ||* 0. |*-1. |* 0. ||  0. |  0. |  0. |
|  0. |  0. |  0. ||* 0. |* 1. |* 0. ||  0. |  0. |  0. |
|=====+=====+=====||=====+=====+=====||=====+=====+=====|
|  0. |  0. |  0. ||  0. |  0. |  0. ||  0. |  0. |  0. |
|  0. |  1. |  0. ||  0. | -1. |  0. ||  0. |  0. |  0. |
|  0. |  0. |  0. ||  0. |  0. |  0. || -1. |  0. |  1. |


state to eval, currenty is playerone turn=true

|  0. |  0. |  0. ||  0. |  0. |  0. ||  0. |  0. |  0. |
|  0. |  0. |  0. ||  0. |  0. |  0. ||  0. |  0. |  0. |
|  0. |  0. |  0. ||  0. |  0. |  0. ||  0. |  0. |  0. |
|=====+=====+=====||=====+=====+=====||=====+=====+=====|
|  0. |  0. |  0. ||* 0. |* 0. |* 0. ||  0. |  0. |  0. |
|  0. |  0. |  0. ||* 0. |*-1. |* 0. ||  0. |  0. |  0. |
|  0. |  0. |  0. ||* 0. |* 1. |* 0. ||  0. |  0. |  0. |
|=====+=====+=====||=====+=====+=====||=====+=====+=====|
|  0. |  0. |  0. ||  0. |  0. |  0. ||  0. |  0. |  0. |
|  0. |  1. |  0. ||  0. | -1. |  0. ||  0. |  0. |  0. |
|  0. |  0. |  0. ||  0. |  0. |  0. || -1. |  0. |  1. |


Determined best move using: 71805Iterations
current State

|  0. |  0. |  0. ||  0. |  0. |  0. ||* 0. |* 0. |* 0. |
|  0. |  0. |  0. ||  0. |  0. |  0. ||* 0. |* 0. |* 0. |
|  0. |  0. |  0. ||  0. |  0. |  0. ||* 0. |* 0. |* 0. |
|=====+=====+=====||=====+=====+=====||=====+=====+=====|
|  0. |  0. |  0. ||  0. |  0. |  1. ||  0. |  0. |  0. |
|  0. |  0. |  0. ||  0. | -1. |  0. ||  0. |  0. |  0. |
|  0. |  0. |  0. ||  0. |  1. |  0. ||  0. |  0. |  0. |
|=====+=====+=====||=====+=====+=====||=====+=====+=====|
|  0. |  0. |  0. ||  0. |  0. |  0. ||  0. |  0. |  0. |
|  0. |  1. |  0. ||  0. | -1. |  0. ||  0. |  0. |  0. |
|  0. |  0. |  0. ||  0. |  0. |  0. || -1. |  0. |  1. |


state to eval, currenty is playerone turn=false

| -0. | -0. | -0. || -0. | -0. | -0. ||*-0. |*-0. |*-0. |
| -0. | -0. | -0. || -0. | -0. | -0. ||*-0. |*-0. |*-0. |
| -0. | -0. | -0. || -0. | -0. | -0. ||*-0. |*-0. |*-0. |
|=====+=====+=====||=====+=====+=====||=====+=====+=====|
| -0. | -0. | -0. || -0. | -0. | -1. || -0. | -0. | -0. |
| -0. | -0. | -0. || -0. |  1. | -0. || -0. | -0. | -0. |
| -0. | -0. | -0. || -0. | -1. | -0. || -0. | -0. | -0. |
|=====+=====+=====||=====+=====+=====||=====+=====+=====|
| -0. | -0. | -0. || -0. | -0. | -0. || -0. | -0. | -0. |
| -0. | -1. | -0. || -0. |  1. | -0. || -0. | -0. | -0. |
| -0. | -0. | -0. || -0. | -0. | -0. ||  1. | -0. | -1. |


Determined best move using: 1187410Iterations
current State

|  0. |  0. |  0. ||  0. |  0. |  0. ||  0. |  0. |  0. |
|  0. |  0. |  0. ||  0. |  0. |  0. ||  0. |  0. |  0. |
|  0. |  0. |  0. ||  0. |  0. |  0. ||  0. | -1. |  0. |
|=====+=====+=====||=====+=====+=====||=====+=====+=====|
|  0. |  0. |  0. ||  0. |  0. |  1. ||  0. |  0. |  0. |
|  0. |  0. |  0. ||  0. | -1. |  0. ||  0. |  0. |  0. |
|  0. |  0. |  0. ||  0. |  1. |  0. ||  0. |  0. |  0. |
|=====+=====+=====||=====+=====+=====||=====+=====+=====|
|  0. |  0. |  0. ||* 0. |* 0. |* 0. ||  0. |  0. |  0. |
|  0. |  1. |  0. ||* 0. |*-1. |* 0. ||  0. |  0. |  0. |
|  0. |  0. |  0. ||* 0. |* 0. |* 0. || -1. |  0. |  1. |


state to eval, currenty is playerone turn=true

|  0. |  0. |  0. ||  0. |  0. |  0. ||  0. |  0. |  0. |
|  0. |  0. |  0. ||  0. |  0. |  0. ||  0. |  0. |  0. |
|  0. |  0. |  0. ||  0. |  0. |  0. ||  0. | -1. |  0. |
|=====+=====+=====||=====+=====+=====||=====+=====+=====|
|  0. |  0. |  0. ||  0. |  0. |  1. ||  0. |  0. |  0. |
|  0. |  0. |  0. ||  0. | -1. |  0. ||  0. |  0. |  0. |
|  0. |  0. |  0. ||  0. |  1. |  0. ||  0. |  0. |  0. |
|=====+=====+=====||=====+=====+=====||=====+=====+=====|
|  0. |  0. |  0. ||* 0. |* 0. |* 0. ||  0. |  0. |  0. |
|  0. |  1. |  0. ||* 0. |*-1. |* 0. ||  0. |  0. |  0. |
|  0. |  0. |  0. ||* 0. |* 0. |* 0. || -1. |  0. |  1. |


Determined best move using: 1639783Iterations
Determined best move using: 80166Iterations
current State

|* 0. |* 0. |* 0. ||  0. |  0. |  0. ||  0. |  0. |  0. |
|* 0. |* 0. |* 0. ||  0. |  0. |  0. ||  0. |  0. |  0. |
|* 0. |* 0. |* 0. ||  0. |  0. |  0. ||  0. | -1. |  0. |
|=====+=====+=====||=====+=====+=====||=====+=====+=====|
|  0. |  0. |  0. ||  0. |  0. |  1. ||  0. |  0. |  0. |
|  0. |  0. |  0. ||  0. | -1. |  0. ||  0. |  0. |  0. |
|  0. |  0. |  0. ||  0. |  1. |  0. ||  0. |  0. |  0. |
|=====+=====+=====||=====+=====+=====||=====+=====+=====|
|  0. |  0. |  0. ||  1. |  0. |  0. ||  0. |  0. |  0. |
|  0. |  1. |  0. ||  0. | -1. |  0. ||  0. |  0. |  0. |
|  0. |  0. |  0. ||  0. |  0. |  0. || -1. |  0. |  1. |


state to eval, currenty is playerone turn=false

|*-0. |*-0. |*-0. || -0. | -0. | -0. || -0. | -0. | -0. |
|*-0. |*-0. |*-0. || -0. | -0. | -0. || -0. | -0. | -0. |
|*-0. |*-0. |*-0. || -0. | -0. | -0. || -0. |  1. | -0. |
|=====+=====+=====||=====+=====+=====||=====+=====+=====|
| -0. | -0. | -0. || -0. | -0. | -1. || -0. | -0. | -0. |
| -0. | -0. | -0. || -0. |  1. | -0. || -0. | -0. | -0. |
| -0. | -0. | -0. || -0. | -1. | -0. || -0. | -0. | -0. |
|=====+=====+=====||=====+=====+=====||=====+=====+=====|
| -0. | -0. | -0. || -1. | -0. | -0. || -0. | -0. | -0. |
| -0. | -1. | -0. || -0. |  1. | -0. || -0. | -0. | -0. |
| -0. | -0. | -0. || -0. | -0. | -0. ||  1. | -0. | -1. |


current State

|  0. |  0. |  0. ||  0. |  0. |  0. ||  0. |  0. |  0. |
|  0. |  0. |  0. ||  0. |  0. |  0. ||  0. |  0. |  0. |
|  0. | -1. |  0. ||  0. |  0. |  0. ||  0. | -1. |  0. |
|=====+=====+=====||=====+=====+=====||=====+=====+=====|
|  0. |  0. |  0. ||  0. |  0. |  1. ||  0. |  0. |  0. |
|  0. |  0. |  0. ||  0. | -1. |  0. ||  0. |  0. |  0. |
|  0. |  0. |  0. ||  0. |  1. |  0. ||  0. |  0. |  0. |
|=====+=====+=====||=====+=====+=====||=====+=====+=====|
|  0. |  0. |  0. ||* 1. |* 0. |* 0. ||  0. |  0. |  0. |
|  0. |  1. |  0. ||* 0. |*-1. |* 0. ||  0. |  0. |  0. |
|  0. |  0. |  0. ||* 0. |* 0. |* 0. || -1. |  0. |  1. |


state to eval, currenty is playerone turn=true

|  0. |  0. |  0. ||  0. |  0. |  0. ||  0. |  0. |  0. |
|  0. |  0. |  0. ||  0. |  0. |  0. ||  0. |  0. |  0. |
|  0. | -1. |  0. ||  0. |  0. |  0. ||  0. | -1. |  0. |
|=====+=====+=====||=====+=====+=====||=====+=====+=====|
|  0. |  0. |  0. ||  0. |  0. |  1. ||  0. |  0. |  0. |
|  0. |  0. |  0. ||  0. | -1. |  0. ||  0. |  0. |  0. |
|  0. |  0. |  0. ||  0. |  1. |  0. ||  0. |  0. |  0. |
|=====+=====+=====||=====+=====+=====||=====+=====+=====|
|  0. |  0. |  0. ||* 1. |* 0. |* 0. ||  0. |  0. |  0. |
|  0. |  1. |  0. ||* 0. |*-1. |* 0. ||  0. |  0. |  0. |
|  0. |  0. |  0. ||* 0. |* 0. |* 0. || -1. |  0. |  1. |


Determined best move using: 78502Iterations
current State

|  0. |  0. |  0. ||  0. |  0. |  0. ||  0. |  0. |  0. |
|  0. |  0. |  0. ||  0. |  0. |  0. ||  0. |  0. |  0. |
|  0. | -1. |  0. ||  0. |  0. |  0. ||  0. | -1. |  0. |
|=====+=====+=====||=====+=====+=====||=====+=====+=====|
|  0. |  0. |  0. ||  0. |  0. |  1. ||  0. |  0. |  0. |
|  0. |  0. |  0. ||  0. | -1. |  0. ||  0. |  0. |  0. |
|  0. |  0. |  0. ||  0. |  1. |  0. ||  0. |  0. |  0. |
|=====+=====+=====||=====+=====+=====||=====+=====+=====|
|  0. |  0. |  0. ||  1. |  0. |  0. ||* 0. |* 0. |* 0. |
|  0. |  1. |  0. ||  0. | -1. |  0. ||* 0. |* 0. |* 0. |
|  0. |  0. |  0. ||  0. |  0. |  1. ||*-1. |* 0. |* 1. |


state to eval, currenty is playerone turn=false

| -0. | -0. | -0. || -0. | -0. | -0. || -0. | -0. | -0. |
| -0. | -0. | -0. || -0. | -0. | -0. || -0. | -0. | -0. |
| -0. |  1. | -0. || -0. | -0. | -0. || -0. |  1. | -0. |
|=====+=====+=====||=====+=====+=====||=====+=====+=====|
| -0. | -0. | -0. || -0. | -0. | -1. || -0. | -0. | -0. |
| -0. | -0. | -0. || -0. |  1. | -0. || -0. | -0. | -0. |
| -0. | -0. | -0. || -0. | -1. | -0. || -0. | -0. | -0. |
|=====+=====+=====||=====+=====+=====||=====+=====+=====|
| -0. | -0. | -0. || -1. | -0. | -0. ||*-0. |*-0. |*-0. |
| -0. | -1. | -0. || -0. |  1. | -0. ||*-0. |*-0. |*-0. |
| -0. | -0. | -0. || -0. | -0. | -1. ||* 1. |*-0. |*-1. |


Determined best move using: 80162Iterations
current State

|  0. |  0. |  0. ||  0. |  0. |  0. ||  0. |  0. |  0. |
|  0. |  0. |  0. ||  0. |  0. |  0. ||  0. |  0. |  0. |
|  0. | -1. |  0. ||  0. |  0. |  0. ||  0. | -1. |  0. |
|=====+=====+=====||=====+=====+=====||=====+=====+=====|
|  0. |  0. |  0. ||* 0. |* 0. |* 1. ||  0. |  0. |  0. |
|  0. |  0. |  0. ||* 0. |*-1. |* 0. ||  0. |  0. |  0. |
|  0. |  0. |  0. ||* 0. |* 1. |* 0. ||  0. |  0. |  0. |
|=====+=====+=====||=====+=====+=====||=====+=====+=====|
|  0. |  0. |  0. ||  1. |  0. |  0. ||  0. |  0. |  0. |
|  0. |  1. |  0. ||  0. | -1. |  0. ||  0. | -1. |  0. |
|  0. |  0. |  0. ||  0. |  0. |  1. || -1. |  0. |  1. |


state to eval, currenty is playerone turn=true

|  0. |  0. |  0. ||  0. |  0. |  0. ||  0. |  0. |  0. |
|  0. |  0. |  0. ||  0. |  0. |  0. ||  0. |  0. |  0. |
|  0. | -1. |  0. ||  0. |  0. |  0. ||  0. | -1. |  0. |
|=====+=====+=====||=====+=====+=====||=====+=====+=====|
|  0. |  0. |  0. ||* 0. |* 0. |* 1. ||  0. |  0. |  0. |
|  0. |  0. |  0. ||* 0. |*-1. |* 0. ||  0. |  0. |  0. |
|  0. |  0. |  0. ||* 0. |* 1. |* 0. ||  0. |  0. |  0. |
|=====+=====+=====||=====+=====+=====||=====+=====+=====|
|  0. |  0. |  0. ||  1. |  0. |  0. ||  0. |  0. |  0. |
|  0. |  1. |  0. ||  0. | -1. |  0. ||  0. | -1. |  0. |
|  0. |  0. |  0. ||  0. |  0. |  1. || -1. |  0. |  1. |


Determined best move using: 81081Iterations
current State

|  0. |  0. |  0. ||* 0. |* 0. |* 0. ||  0. |  0. |  0. |
|  0. |  0. |  0. ||* 0. |* 0. |* 0. ||  0. |  0. |  0. |
|  0. | -1. |  0. ||* 0. |* 0. |* 0. ||  0. | -1. |  0. |
|=====+=====+=====||=====+=====+=====||=====+=====+=====|
|  0. |  0. |  0. ||  0. |  1. |  1. ||  0. |  0. |  0. |
|  0. |  0. |  0. ||  0. | -1. |  0. ||  0. |  0. |  0. |
|  0. |  0. |  0. ||  0. |  1. |  0. ||  0. |  0. |  0. |
|=====+=====+=====||=====+=====+=====||=====+=====+=====|
|  0. |  0. |  0. ||  1. |  0. |  0. ||  0. |  0. |  0. |
|  0. |  1. |  0. ||  0. | -1. |  0. ||  0. | -1. |  0. |
|  0. |  0. |  0. ||  0. |  0. |  1. || -1. |  0. |  1. |


state to eval, currenty is playerone turn=false

| -0. | -0. | -0. ||*-0. |*-0. |*-0. || -0. | -0. | -0. |
| -0. | -0. | -0. ||*-0. |*-0. |*-0. || -0. | -0. | -0. |
| -0. |  1. | -0. ||*-0. |*-0. |*-0. || -0. |  1. | -0. |
|=====+=====+=====||=====+=====+=====||=====+=====+=====|
| -0. | -0. | -0. || -0. | -1. | -1. || -0. | -0. | -0. |
| -0. | -0. | -0. || -0. |  1. | -0. || -0. | -0. | -0. |
| -0. | -0. | -0. || -0. | -1. | -0. || -0. | -0. | -0. |
|=====+=====+=====||=====+=====+=====||=====+=====+=====|
| -0. | -0. | -0. || -1. | -0. | -0. || -0. | -0. | -0. |
| -0. | -1. | -0. || -0. |  1. | -0. || -0. |  1. | -0. |
| -0. | -0. | -0. || -0. | -0. | -1. ||  1. | -0. | -1. |


Determined best move using: 83728Iterations
Determined best move using: 85075Iterations
Determined best move using: 58886Iterations
current State

|  0. |  0. |  0. ||  0. |  0. |  0. ||  0. |  0. |  0. |
|  0. |  0. |  0. ||  0. |  0. |  0. ||  0. |  0. |  0. |
|  0. | -1. |  0. ||  0. | -1. |  0. ||  0. | -1. |  0. |
|=====+=====+=====||=====+=====+=====||=====+=====+=====|
|  0. |  0. |  0. ||  0. |  1. |  1. ||  0. |  0. |  0. |
|  0. |  0. |  0. ||  0. | -1. |  0. ||  0. |  0. |  0. |
|  0. |  0. |  0. ||  0. |  1. |  0. ||  0. |  0. |  0. |
|=====+=====+=====||=====+=====+=====||=====+=====+=====|
|  0. |  0. |  0. ||* 1. |* 0. |* 0. ||  0. |  0. |  0. |
|  0. |  1. |  0. ||* 0. |*-1. |* 0. ||  0. | -1. |  0. |
|  0. |  0. |  0. ||* 0. |* 0. |* 1. || -1. |  0. |  1. |


state to eval, currenty is playerone turn=true

|  0. |  0. |  0. ||  0. |  0. |  0. ||  0. |  0. |  0. |
|  0. |  0. |  0. ||  0. |  0. |  0. ||  0. |  0. |  0. |
|  0. | -1. |  0. ||  0. | -1. |  0. ||  0. | -1. |  0. |
|=====+=====+=====||=====+=====+=====||=====+=====+=====|
|  0. |  0. |  0. ||  0. |  1. |  1. ||  0. |  0. |  0. |
|  0. |  0. |  0. ||  0. | -1. |  0. ||  0. |  0. |  0. |
|  0. |  0. |  0. ||  0. |  1. |  0. ||  0. |  0. |  0. |
|=====+=====+=====||=====+=====+=====||=====+=====+=====|
|  0. |  0. |  0. ||* 1. |* 0. |* 0. ||  0. |  0. |  0. |
|  0. |  1. |  0. ||* 0. |*-1. |* 0. ||  0. | -1. |  0. |
|  0. |  0. |  0. ||* 0. |* 0. |* 1. || -1. |  0. |  1. |


Determined best move using: 87056Iterations
current State

|  0. |  0. |  0. ||  0. |  0. |  0. ||* 0. |* 0. |* 0. |
|  0. |  0. |  0. ||  0. |  0. |  0. ||* 0. |* 0. |* 0. |
|  0. | -1. |  0. ||  0. | -1. |  0. ||* 0. |*-1. |* 0. |
|=====+=====+=====||=====+=====+=====||=====+=====+=====|
|  0. |  0. |  0. ||  0. |  1. |  1. ||  0. |  0. |  0. |
|  0. |  0. |  0. ||  0. | -1. |  0. ||  0. |  0. |  0. |
|  0. |  0. |  0. ||  0. |  1. |  0. ||  0. |  0. |  0. |
|=====+=====+=====||=====+=====+=====||=====+=====+=====|
|  0. |  0. |  0. ||  1. |  0. |  1. ||  0. |  0. |  0. |
|  0. |  1. |  0. ||  0. | -1. |  0. ||  0. | -1. |  0. |
|  0. |  0. |  0. ||  0. |  0. |  1. || -1. |  0. |  1. |


state to eval, currenty is playerone turn=false

| -0. | -0. | -0. || -0. | -0. | -0. ||*-0. |*-0. |*-0. |
| -0. | -0. | -0. || -0. | -0. | -0. ||*-0. |*-0. |*-0. |
| -0. |  1. | -0. || -0. |  1. | -0. ||*-0. |* 1. |*-0. |
|=====+=====+=====||=====+=====+=====||=====+=====+=====|
| -0. | -0. | -0. || -0. | -1. | -1. || -0. | -0. | -0. |
| -0. | -0. | -0. || -0. |  1. | -0. || -0. | -0. | -0. |
| -0. | -0. | -0. || -0. | -1. | -0. || -0. | -0. | -0. |
|=====+=====+=====||=====+=====+=====||=====+=====+=====|
| -0. | -0. | -0. || -1. | -0. | -1. || -0. | -0. | -0. |
| -0. | -1. | -0. || -0. |  1. | -0. || -0. |  1. | -0. |
| -0. | -0. | -0. || -0. | -0. | -1. ||  1. | -0. | -1. |


Determined best move using: 62772Iterations
Determined best move using: 85819Iterations
current State

|* 0. |* 0. |* 0. ||  0. |  0. |  0. || -1. |  0. |  0. |
|* 0. |* 0. |* 0. ||  0. |  0. |  0. ||  0. |  0. |  0. |
|* 0. |*-1. |* 0. ||  0. | -1. |  0. ||  0. | -1. |  0. |
|=====+=====+=====||=====+=====+=====||=====+=====+=====|
|  0. |  0. |  0. ||  0. |  1. |  1. ||  0. |  0. |  0. |
|  0. |  0. |  0. ||  0. | -1. |  0. ||  0. |  0. |  0. |
|  0. |  0. |  0. ||  0. |  1. |  0. ||  0. |  0. |  0. |
|=====+=====+=====||=====+=====+=====||=====+=====+=====|
|  0. |  0. |  0. ||  1. |  0. |  1. ||  0. |  0. |  0. |
|  0. |  1. |  0. ||  0. | -1. |  0. ||  0. | -1. |  0. |
|  0. |  0. |  0. ||  0. |  0. |  1. || -1. |  0. |  1. |


state to eval, currenty is playerone turn=true

|* 0. |* 0. |* 0. ||  0. |  0. |  0. || -1. |  0. |  0. |
|* 0. |* 0. |* 0. ||  0. |  0. |  0. ||  0. |  0. |  0. |
|* 0. |*-1. |* 0. ||  0. | -1. |  0. ||  0. | -1. |  0. |
|=====+=====+=====||=====+=====+=====||=====+=====+=====|
|  0. |  0. |  0. ||  0. |  1. |  1. ||  0. |  0. |  0. |
|  0. |  0. |  0. ||  0. | -1. |  0. ||  0. |  0. |  0. |
|  0. |  0. |  0. ||  0. |  1. |  0. ||  0. |  0. |  0. |
|=====+=====+=====||=====+=====+=====||=====+=====+=====|
|  0. |  0. |  0. ||  1. |  0. |  1. ||  0. |  0. |  0. |
|  0. |  1. |  0. ||  0. | -1. |  0. ||  0. | -1. |  0. |
|  0. |  0. |  0. ||  0. |  0. |  1. || -1. |  0. |  1. |


Determined best move using: 89765Iterations
Determined best move using: 62970Iterations
current State

|  0. |  0. |  0. ||  0. |  0. |  0. || -1. |  0. |  0. |
|  0. |  0. |  0. ||  0. |  0. |  0. ||  0. |  0. |  0. |
|  1. | -1. |  0. ||  0. | -1. |  0. ||  0. | -1. |  0. |
|=====+=====+=====||=====+=====+=====||=====+=====+=====|
|  0. |  0. |  0. ||  0. |  1. |  1. ||  0. |  0. |  0. |
|  0. |  0. |  0. ||  0. | -1. |  0. ||  0. |  0. |  0. |
|  0. |  0. |  0. ||  0. |  1. |  0. ||  0. |  0. |  0. |
|=====+=====+=====||=====+=====+=====||=====+=====+=====|
|* 0. |* 0. |* 0. ||  1. |  0. |  1. ||  0. |  0. |  0. |
|* 0. |* 1. |* 0. ||  0. | -1. |  0. ||  0. | -1. |  0. |
|* 0. |* 0. |* 0. ||  0. |  0. |  1. || -1. |  0. |  1. |


state to eval, currenty is playerone turn=false

| -0. | -0. | -0. || -0. | -0. | -0. ||  1. | -0. | -0. |
| -0. | -0. | -0. || -0. | -0. | -0. || -0. | -0. | -0. |
| -1. |  1. | -0. || -0. |  1. | -0. || -0. |  1. | -0. |
|=====+=====+=====||=====+=====+=====||=====+=====+=====|
| -0. | -0. | -0. || -0. | -1. | -1. || -0. | -0. | -0. |
| -0. | -0. | -0. || -0. |  1. | -0. || -0. | -0. | -0. |
| -0. | -0. | -0. || -0. | -1. | -0. || -0. | -0. | -0. |
|=====+=====+=====||=====+=====+=====||=====+=====+=====|
|*-0. |*-0. |*-0. || -1. | -0. | -1. || -0. | -0. | -0. |
|*-0. |*-1. |*-0. || -0. |  1. | -0. || -0. |  1. | -0. |
|*-0. |*-0. |*-0. || -0. | -0. | -1. ||  1. | -0. | -1. |


current State

|  0. |  0. |  0. ||  0. |  0. |  0. || -1. |  0. |  0. |
|  0. |  0. |  0. ||  0. |  0. |  0. ||  0. |  0. |  0. |
|  1. | -1. |  0. ||  0. | -1. |  0. ||  0. | -1. |  0. |
|=====+=====+=====||=====+=====+=====||=====+=====+=====|
|* 0. |* 0. |* 0. ||  0. |  1. |  1. ||  0. |  0. |  0. |
|* 0. |* 0. |* 0. ||  0. | -1. |  0. ||  0. |  0. |  0. |
|* 0. |* 0. |* 0. ||  0. |  1. |  0. ||  0. |  0. |  0. |
|=====+=====+=====||=====+=====+=====||=====+=====+=====|
|  0. |  0. |  0. ||  1. |  0. |  1. ||  0. |  0. |  0. |
| -1. |  1. |  0. ||  0. | -1. |  0. ||  0. | -1. |  0. |
|  0. |  0. |  0. ||  0. |  0. |  1. || -1. |  0. |  1. |


state to eval, currenty is playerone turn=true

|  0. |  0. |  0. ||  0. |  0. |  0. || -1. |  0. |  0. |
|  0. |  0. |  0. ||  0. |  0. |  0. ||  0. |  0. |  0. |
|  1. | -1. |  0. ||  0. | -1. |  0. ||  0. | -1. |  0. |
|=====+=====+=====||=====+=====+=====||=====+=====+=====|
|* 0. |* 0. |* 0. ||  0. |  1. |  1. ||  0. |  0. |  0. |
|* 0. |* 0. |* 0. ||  0. | -1. |  0. ||  0. |  0. |  0. |
|* 0. |* 0. |* 0. ||  0. |  1. |  0. ||  0. |  0. |  0. |
|=====+=====+=====||=====+=====+=====||=====+=====+=====|
|  0. |  0. |  0. ||  1. |  0. |  1. ||  0. |  0. |  0. |
| -1. |  1. |  0. ||  0. | -1. |  0. ||  0. | -1. |  0. |
|  0. |  0. |  0. ||  0. |  0. |  1. || -1. |  0. |  1. |


current State

|  0. |  0. |  0. ||  0. |  0. |  0. || -1. |  0. |  0. |
|  0. |  0. |  0. ||  0. |  0. |  0. ||  0. |  0. |  0. |
|  1. | -1. |  0. ||  0. | -1. |  0. ||  0. | -1. |  0. |
|=====+=====+=====||=====+=====+=====||=====+=====+=====|
|  0. |  0. |  0. ||  0. |  1. |  1. ||  0. |  0. |  0. |
|  0. |  0. |  0. ||  0. | -1. |  0. ||  0. |  0. |  0. |
|  1. |  0. |  0. ||  0. |  1. |  0. ||  0. |  0. |  0. |
|=====+=====+=====||=====+=====+=====||=====+=====+=====|
|* 0. |* 0. |* 0. ||  1. |  0. |  1. ||  0. |  0. |  0. |
|*-1. |* 1. |* 0. ||  0. | -1. |  0. ||  0. | -1. |  0. |
|* 0. |* 0. |* 0. ||  0. |  0. |  1. || -1. |  0. |  1. |


state to eval, currenty is playerone turn=false

| -0. | -0. | -0. || -0. | -0. | -0. ||  1. | -0. | -0. |
| -0. | -0. | -0. || -0. | -0. | -0. || -0. | -0. | -0. |
| -1. |  1. | -0. || -0. |  1. | -0. || -0. |  1. | -0. |
|=====+=====+=====||=====+=====+=====||=====+=====+=====|
| -0. | -0. | -0. || -0. | -1. | -1. || -0. | -0. | -0. |
| -0. | -0. | -0. || -0. |  1. | -0. || -0. | -0. | -0. |
| -1. | -0. | -0. || -0. | -1. | -0. || -0. | -0. | -0. |
|=====+=====+=====||=====+=====+=====||=====+=====+=====|
|*-0. |*-0. |*-0. || -1. | -0. | -1. || -0. | -0. | -0. |
|* 1. |*-1. |*-0. || -0. |  1. | -0. || -0. |  1. | -0. |
|*-0. |*-0. |*-0. || -0. | -0. | -1. ||  1. | -0. | -1. |


Determined best move using: 112711Iterations
current State

|  0. |  0. |  0. ||* 0. |* 0. |* 0. || -1. |  0. |  0. |
|  0. |  0. |  0. ||* 0. |* 0. |* 0. ||  0. |  0. |  0. |
|  1. | -1. |  0. ||* 0. |*-1. |* 0. ||  0. | -1. |  0. |
|=====+=====+=====||=====+=====+=====||=====+=====+=====|
|  0. |  0. |  0. ||  0. |  1. |  1. ||  0. |  0. |  0. |
|  0. |  0. |  0. ||  0. | -1. |  0. ||  0. |  0. |  0. |
|  1. |  0. |  0. ||  0. |  1. |  0. ||  0. |  0. |  0. |
|=====+=====+=====||=====+=====+=====||=====+=====+=====|
|  0. | -1. |  0. ||  1. |  0. |  1. ||  0. |  0. |  0. |
| -1. |  1. |  0. ||  0. | -1. |  0. ||  0. | -1. |  0. |
|  0. |  0. |  0. ||  0. |  0. |  1. || -1. |  0. |  1. |


state to eval, currenty is playerone turn=true

|  0. |  0. |  0. ||* 0. |* 0. |* 0. || -1. |  0. |  0. |
|  0. |  0. |  0. ||* 0. |* 0. |* 0. ||  0. |  0. |  0. |
|  1. | -1. |  0. ||* 0. |*-1. |* 0. ||  0. | -1. |  0. |
|=====+=====+=====||=====+=====+=====||=====+=====+=====|
|  0. |  0. |  0. ||  0. |  1. |  1. ||  0. |  0. |  0. |
|  0. |  0. |  0. ||  0. | -1. |  0. ||  0. |  0. |  0. |
|  1. |  0. |  0. ||  0. |  1. |  0. ||  0. |  0. |  0. |
|=====+=====+=====||=====+=====+=====||=====+=====+=====|
|  0. | -1. |  0. ||  1. |  0. |  1. ||  0. |  0. |  0. |
| -1. |  1. |  0. ||  0. | -1. |  0. ||  0. | -1. |  0. |
|  0. |  0. |  0. ||  0. |  0. |  1. || -1. |  0. |  1. |


current State

|  0. |  0. |  0. ||  0. |  0. |  0. || -1. |  0. |  0. |
|  0. |  0. |  0. ||  1. |  0. |  0. ||  0. |  0. |  0. |
|  1. | -1. |  0. ||  0. | -1. |  0. ||  0. | -1. |  0. |
|=====+=====+=====||=====+=====+=====||=====+=====+=====|
|* 0. |* 0. |* 0. ||  0. |  1. |  1. ||  0. |  0. |  0. |
|* 0. |* 0. |* 0. ||  0. | -1. |  0. ||  0. |  0. |  0. |
|* 1. |* 0. |* 0. ||  0. |  1. |  0. ||  0. |  0. |  0. |
|=====+=====+=====||=====+=====+=====||=====+=====+=====|
|  0. | -1. |  0. ||  1. |  0. |  1. ||  0. |  0. |  0. |
| -1. |  1. |  0. ||  0. | -1. |  0. ||  0. | -1. |  0. |
|  0. |  0. |  0. ||  0. |  0. |  1. || -1. |  0. |  1. |


state to eval, currenty is playerone turn=false

| -0. | -0. | -0. || -0. | -0. | -0. ||  1. | -0. | -0. |
| -0. | -0. | -0. || -1. | -0. | -0. || -0. | -0. | -0. |
| -1. |  1. | -0. || -0. |  1. | -0. || -0. |  1. | -0. |
|=====+=====+=====||=====+=====+=====||=====+=====+=====|
|*-0. |*-0. |*-0. || -0. | -1. | -1. || -0. | -0. | -0. |
|*-0. |*-0. |*-0. || -0. |  1. | -0. || -0. | -0. | -0. |
|*-1. |*-0. |*-0. || -0. | -1. | -0. || -0. | -0. | -0. |
|=====+=====+=====||=====+=====+=====||=====+=====+=====|
| -0. |  1. | -0. || -1. | -0. | -1. || -0. | -0. | -0. |
|  1. | -1. | -0. || -0. |  1. | -0. || -0. |  1. | -0. |
| -0. | -0. | -0. || -0. | -0. | -1. ||  1. | -0. | -1. |


current State

|  0. |  0. |  0. ||* 0. |* 0. |* 0. || -1. |  0. |  0. |
|  0. |  0. |  0. ||* 1. |* 0. |* 0. ||  0. |  0. |  0. |
|  1. | -1. |  0. ||* 0. |*-1. |* 0. ||  0. | -1. |  0. |
|=====+=====+=====||=====+=====+=====||=====+=====+=====|
|  0. | -1. |  0. ||  0. |  1. |  1. ||  0. |  0. |  0. |
|  0. |  0. |  0. ||  0. | -1. |  0. ||  0. |  0. |  0. |
|  1. |  0. |  0. ||  0. |  1. |  0. ||  0. |  0. |  0. |
|=====+=====+=====||=====+=====+=====||=====+=====+=====|
|  0. | -1. |  0. ||  1. |  0. |  1. ||  0. |  0. |  0. |
| -1. |  1. |  0. ||  0. | -1. |  0. ||  0. | -1. |  0. |
|  0. |  0. |  0. ||  0. |  0. |  1. || -1. |  0. |  1. |


state to eval, currenty is playerone turn=true

|  0. |  0. |  0. ||* 0. |* 0. |* 0. || -1. |  0. |  0. |
|  0. |  0. |  0. ||* 1. |* 0. |* 0. ||  0. |  0. |  0. |
|  1. | -1. |  0. ||* 0. |*-1. |* 0. ||  0. | -1. |  0. |
|=====+=====+=====||=====+=====+=====||=====+=====+=====|
|  0. | -1. |  0. ||  0. |  1. |  1. ||  0. |  0. |  0. |
|  0. |  0. |  0. ||  0. | -1. |  0. ||  0. |  0. |  0. |
|  1. |  0. |  0. ||  0. |  1. |  0. ||  0. |  0. |  0. |
|=====+=====+=====||=====+=====+=====||=====+=====+=====|
|  0. | -1. |  0. ||  1. |  0. |  1. ||  0. |  0. |  0. |
| -1. |  1. |  0. ||  0. | -1. |  0. ||  0. | -1. |  0. |
|  0. |  0. |  0. ||  0. |  0. |  1. || -1. |  0. |  1. |


Determined best move using: 112927Iterations
current State

|  0. |  0. |  0. ||  0. |  0. |  0. || -1. |  0. |  0. |
|  0. |  0. |  0. ||  1. |  0. |  0. ||  0. |  0. |  0. |
|  1. | -1. |  0. ||  1. | -1. |  0. ||  0. | -1. |  0. |
|=====+=====+=====||=====+=====+=====||=====+=====+=====|
|  0. | -1. |  0. ||  0. |  1. |  1. ||  0. |  0. |  0. |
|  0. |  0. |  0. ||  0. | -1. |  0. ||  0. |  0. |  0. |
|  1. |  0. |  0. ||  0. |  1. |  0. ||  0. |  0. |  0. |
|=====+=====+=====||=====+=====+=====||=====+=====+=====|
|* 0. |*-1. |* 0. ||  1. |  0. |  1. ||  0. |  0. |  0. |
|*-1. |* 1. |* 0. ||  0. | -1. |  0. ||  0. | -1. |  0. |
|* 0. |* 0. |* 0. ||  0. |  0. |  1. || -1. |  0. |  1. |


state to eval, currenty is playerone turn=false

| -0. | -0. | -0. || -0. | -0. | -0. ||  1. | -0. | -0. |
| -0. | -0. | -0. || -1. | -0. | -0. || -0. | -0. | -0. |
| -1. |  1. | -0. || -1. |  1. | -0. || -0. |  1. | -0. |
|=====+=====+=====||=====+=====+=====||=====+=====+=====|
| -0. |  1. | -0. || -0. | -1. | -1. || -0. | -0. | -0. |
| -0. | -0. | -0. || -0. |  1. | -0. || -0. | -0. | -0. |
| -1. | -0. | -0. || -0. | -1. | -0. || -0. | -0. | -0. |
|=====+=====+=====||=====+=====+=====||=====+=====+=====|
|*-0. |* 1. |*-0. || -1. | -0. | -1. || -0. | -0. | -0. |
|* 1. |*-1. |*-0. || -0. |  1. | -0. || -0. |  1. | -0. |
|*-0. |*-0. |*-0. || -0. | -0. | -1. ||  1. | -0. | -1. |


current State

|  0. |  0. |  0. ||  0. |  0. |  0. || -1. |  0. |  0. |
|  0. |  0. |  0. ||  1. |  0. |  0. ||  0. |  0. |  0. |
|  1. | -1. |  0. ||  1. | -1. |  0. ||  0. | -1. |  0. |
|=====+=====+=====||=====+=====+=====||=====+=====+=====|
|  0. | -1. |  0. ||  0. |  1. |  1. ||* 0. |* 0. |* 0. |
|  0. |  0. |  0. ||  0. | -1. |  0. ||* 0. |* 0. |* 0. |
|  1. |  0. |  0. ||  0. |  1. |  0. ||* 0. |* 0. |* 0. |
|=====+=====+=====||=====+=====+=====||=====+=====+=====|
|  0. | -1. |  0. ||  1. |  0. |  1. ||  0. |  0. |  0. |
| -1. |  1. | -1. ||  0. | -1. |  0. ||  0. | -1. |  0. |
|  0. |  0. |  0. ||  0. |  0. |  1. || -1. |  0. |  1. |


state to eval, currenty is playerone turn=true

|  0. |  0. |  0. ||  0. |  0. |  0. || -1. |  0. |  0. |
|  0. |  0. |  0. ||  1. |  0. |  0. ||  0. |  0. |  0. |
|  1. | -1. |  0. ||  1. | -1. |  0. ||  0. | -1. |  0. |
|=====+=====+=====||=====+=====+=====||=====+=====+=====|
|  0. | -1. |  0. ||  0. |  1. |  1. ||* 0. |* 0. |* 0. |
|  0. |  0. |  0. ||  0. | -1. |  0. ||* 0. |* 0. |* 0. |
|  1. |  0. |  0. ||  0. |  1. |  0. ||* 0. |* 0. |* 0. |
|=====+=====+=====||=====+=====+=====||=====+=====+=====|
|  0. | -1. |  0. ||  1. |  0. |  1. ||  0. |  0. |  0. |
| -1. |  1. | -1. ||  0. | -1. |  0. ||  0. | -1. |  0. |
|  0. |  0. |  0. ||  0. |  0. |  1. || -1. |  0. |  1. |


current State

|  0. |  0. |  0. ||  0. |  0. |  0. || -1. |  0. |  0. |
|  0. |  0. |  0. ||  1. |  0. |  0. ||  0. |  0. |  0. |
|  1. | -1. |  0. ||  1. | -1. |  0. ||  0. | -1. |  0. |
|=====+=====+=====||=====+=====+=====||=====+=====+=====|
|* 0. |*-1. |* 0. ||  0. |  1. |  1. ||  0. |  0. |  0. |
|* 0. |* 0. |* 0. ||  0. | -1. |  0. ||  1. |  0. |  0. |
|* 1. |* 0. |* 0. ||  0. |  1. |  0. ||  0. |  0. |  0. |
|=====+=====+=====||=====+=====+=====||=====+=====+=====|
|  0. | -1. |  0. ||  1. |  0. |  1. ||  0. |  0. |  0. |
| -1. |  1. | -1. ||  0. | -1. |  0. ||  0. | -1. |  0. |
|  0. |  0. |  0. ||  0. |  0. |  1. || -1. |  0. |  1. |


state to eval, currenty is playerone turn=false

| -0. | -0. | -0. || -0. | -0. | -0. ||  1. | -0. | -0. |
| -0. | -0. | -0. || -1. | -0. | -0. || -0. | -0. | -0. |
| -1. |  1. | -0. || -1. |  1. | -0. || -0. |  1. | -0. |
|=====+=====+=====||=====+=====+=====||=====+=====+=====|
|*-0. |* 1. |*-0. || -0. | -1. | -1. || -0. | -0. | -0. |
|*-0. |*-0. |*-0. || -0. |  1. | -0. || -1. | -0. | -0. |
|*-1. |*-0. |*-0. || -0. | -1. | -0. || -0. | -0. | -0. |
|=====+=====+=====||=====+=====+=====||=====+=====+=====|
| -0. |  1. | -0. || -1. | -0. | -1. || -0. | -0. | -0. |
|  1. | -1. |  1. || -0. |  1. | -0. || -0. |  1. | -0. |
| -0. | -0. | -0. || -0. | -0. | -1. ||  1. | -0. | -1. |


Determined best move using: 122304Iterations
current State

|  0. |  0. |  0. ||  0. |  0. |  0. || -1. |  0. |  0. |
|  0. |  0. |  0. ||  1. |  0. |  0. ||  0. |  0. |  0. |
|  1. | -1. |  0. ||  1. | -1. |  0. ||  0. | -1. |  0. |
|=====+=====+=====||=====+=====+=====||=====+=====+=====|
|  0. | -1. |  0. ||  0. |  1. |  1. ||  0. |  0. |  0. |
|  0. |  0. |  0. ||  0. | -1. |  0. ||  1. |  0. |  0. |
|  1. |  0. | -1. ||  0. |  1. |  0. ||  0. |  0. |  0. |
|=====+=====+=====||=====+=====+=====||=====+=====+=====|
|  0. | -1. |  0. ||  1. |  0. |  1. ||* 0. |* 0. |* 0. |
| -1. |  1. | -1. ||  0. | -1. |  0. ||* 0. |*-1. |* 0. |
|  0. |  0. |  0. ||  0. |  0. |  1. ||*-1. |* 0. |* 1. |


state to eval, currenty is playerone turn=true

|  0. |  0. |  0. ||  0. |  0. |  0. || -1. |  0. |  0. |
|  0. |  0. |  0. ||  1. |  0. |  0. ||  0. |  0. |  0. |
|  1. | -1. |  0. ||  1. | -1. |  0. ||  0. | -1. |  0. |
|=====+=====+=====||=====+=====+=====||=====+=====+=====|
|  0. | -1. |  0. ||  0. |  1. |  1. ||  0. |  0. |  0. |
|  0. |  0. |  0. ||  0. | -1. |  0. ||  1. |  0. |  0. |
|  1. |  0. | -1. ||  0. |  1. |  0. ||  0. |  0. |  0. |
|=====+=====+=====||=====+=====+=====||=====+=====+=====|
|  0. | -1. |  0. ||  1. |  0. |  1. ||* 0. |* 0. |* 0. |
| -1. |  1. | -1. ||  0. | -1. |  0. ||* 0. |*-1. |* 0. |
|  0. |  0. |  0. ||  0. |  0. |  1. ||*-1. |* 0. |* 1. |


Determined best move using: 64762Iterations
Determined best move using: 128419Iterations
current State

|* 0. |* 0. |* 0. ||  0. |  0. |  0. || -1. |  0. |  0. |
|* 0. |* 0. |* 0. ||  1. |  0. |  0. ||  0. |  0. |  0. |
|* 1. |*-1. |* 0. ||  1. | -1. |  0. ||  0. | -1. |  0. |
|=====+=====+=====||=====+=====+=====||=====+=====+=====|
|  0. | -1. |  0. ||  0. |  1. |  1. ||  0. |  0. |  0. |
|  0. |  0. |  0. ||  0. | -1. |  0. ||  1. |  0. |  0. |
|  1. |  0. | -1. ||  0. |  1. |  0. ||  0. |  0. |  0. |
|=====+=====+=====||=====+=====+=====||=====+=====+=====|
|  0. | -1. |  0. ||  1. |  0. |  1. ||  1. |  0. |  0. |
| -1. |  1. | -1. ||  0. | -1. |  0. ||  0. | -1. |  0. |
|  0. |  0. |  0. ||  0. |  0. |  1. || -1. |  0. |  1. |


state to eval, currenty is playerone turn=false

|*-0. |*-0. |*-0. || -0. | -0. | -0. ||  1. | -0. | -0. |
|*-0. |*-0. |*-0. || -1. | -0. | -0. || -0. | -0. | -0. |
|*-1. |* 1. |*-0. || -1. |  1. | -0. || -0. |  1. | -0. |
|=====+=====+=====||=====+=====+=====||=====+=====+=====|
| -0. |  1. | -0. || -0. | -1. | -1. || -0. | -0. | -0. |
| -0. | -0. | -0. || -0. |  1. | -0. || -1. | -0. | -0. |
| -1. | -0. |  1. || -0. | -1. | -0. || -0. | -0. | -0. |
|=====+=====+=====||=====+=====+=====||=====+=====+=====|
| -0. |  1. | -0. || -1. | -0. | -1. || -1. | -0. | -0. |
|  1. | -1. |  1. || -0. |  1. | -0. || -0. |  1. | -0. |
| -0. | -0. | -0. || -0. | -0. | -1. ||  1. | -0. | -1. |


current State

|*-1. |* 0. |* 0. ||  0. |  0. |  0. || -1. |  0. |  0. |
|* 0. |* 0. |* 0. ||  1. |  0. |  0. ||  0. |  0. |  0. |
|* 1. |*-1. |* 0. ||  1. | -1. |  0. ||  0. | -1. |  0. |
|=====+=====+=====||=====+=====+=====||=====+=====+=====|
|  0. | -1. |  0. ||  0. |  1. |  1. ||  0. |  0. |  0. |
|  0. |  0. |  0. ||  0. | -1. |  0. ||  1. |  0. |  0. |
|  1. |  0. | -1. ||  0. |  1. |  0. ||  0. |  0. |  0. |
|=====+=====+=====||=====+=====+=====||=====+=====+=====|
|  0. | -1. |  0. ||  1. |  0. |  1. ||  1. |  0. |  0. |
| -1. |  1. | -1. ||  0. | -1. |  0. ||  0. | -1. |  0. |
|  0. |  0. |  0. ||  0. |  0. |  1. || -1. |  0. |  1. |


state to eval, currenty is playerone turn=true

|*-1. |* 0. |* 0. ||  0. |  0. |  0. || -1. |  0. |  0. |
|* 0. |* 0. |* 0. ||  1. |  0. |  0. ||  0. |  0. |  0. |
|* 1. |*-1. |* 0. ||  1. | -1. |  0. ||  0. | -1. |  0. |
|=====+=====+=====||=====+=====+=====||=====+=====+=====|
|  0. | -1. |  0. ||  0. |  1. |  1. ||  0. |  0. |  0. |
|  0. |  0. |  0. ||  0. | -1. |  0. ||  1. |  0. |  0. |
|  1. |  0. | -1. ||  0. |  1. |  0. ||  0. |  0. |  0. |
|=====+=====+=====||=====+=====+=====||=====+=====+=====|
|  0. | -1. |  0. ||  1. |  0. |  1. ||  1. |  0. |  0. |
| -1. |  1. | -1. ||  0. | -1. |  0. ||  0. | -1. |  0. |
|  0. |  0. |  0. ||  0. |  0. |  1. || -1. |  0. |  1. |


Determined best move using: 144191Iterations
Determined best move using: 127696Iterations
current State

| -1. |  0. |  1. ||  0. |  0. |  0. ||*-1. |* 0. |* 0. |
|  0. |  0. |  0. ||  1. |  0. |  0. ||* 0. |* 0. |* 0. |
|  1. | -1. |  0. ||  1. | -1. |  0. ||* 0. |*-1. |* 0. |
|=====+=====+=====||=====+=====+=====||=====+=====+=====|
|  0. | -1. |  0. ||  0. |  1. |  1. ||  0. |  0. |  0. |
|  0. |  0. |  0. ||  0. | -1. |  0. ||  1. |  0. |  0. |
|  1. |  0. | -1. ||  0. |  1. |  0. ||  0. |  0. |  0. |
|=====+=====+=====||=====+=====+=====||=====+=====+=====|
|  0. | -1. |  0. ||  1. |  0. |  1. ||  1. |  0. |  0. |
| -1. |  1. | -1. ||  0. | -1. |  0. ||  0. | -1. |  0. |
|  0. |  0. |  0. ||  0. |  0. |  1. || -1. |  0. |  1. |


state to eval, currenty is playerone turn=false

|  1. | -0. | -1. || -0. | -0. | -0. ||* 1. |*-0. |*-0. |
| -0. | -0. | -0. || -1. | -0. | -0. ||*-0. |*-0. |*-0. |
| -1. |  1. | -0. || -1. |  1. | -0. ||*-0. |* 1. |*-0. |
|=====+=====+=====||=====+=====+=====||=====+=====+=====|
| -0. |  1. | -0. || -0. | -1. | -1. || -0. | -0. | -0. |
| -0. | -0. | -0. || -0. |  1. | -0. || -1. | -0. | -0. |
| -1. | -0. |  1. || -0. | -1. | -0. || -0. | -0. | -0. |
|=====+=====+=====||=====+=====+=====||=====+=====+=====|
| -0. |  1. | -0. || -1. | -0. | -1. || -1. | -0. | -0. |
|  1. | -1. |  1. || -0. |  1. | -0. || -0. |  1. | -0. |
| -0. | -0. | -0. || -0. | -0. | -1. ||  1. | -0. | -1. |


Determined best move using: 152154Iterations
current State

| -1. |  0. |  1. ||  0. |  0. |  0. || -1. |  0. |  0. |
|  0. |  0. |  0. ||  1. |  0. |  0. ||  0. | -1. |  0. |
|  1. | -1. |  0. ||  1. | -1. |  0. ||  0. | -1. |  0. |
|=====+=====+=====||=====+=====+=====||=====+=====+=====|
|  0. | -1. |  0. ||* 0. |* 1. |* 1. ||  0. |  0. |  0. |
|  0. |  0. |  0. ||* 0. |*-1. |* 0. ||  1. |  0. |  0. |
|  1. |  0. | -1. ||* 0. |* 1. |* 0. ||  0. |  0. |  0. |
|=====+=====+=====||=====+=====+=====||=====+=====+=====|
|  0. | -1. |  0. ||  1. |  0. |  1. ||  1. |  0. |  0. |
| -1. |  1. | -1. ||  0. | -1. |  0. ||  0. | -1. |  0. |
|  0. |  0. |  0. ||  0. |  0. |  1. || -1. |  0. |  1. |


state to eval, currenty is playerone turn=true

| -1. |  0. |  1. ||  0. |  0. |  0. || -1. |  0. |  0. |
|  0. |  0. |  0. ||  1. |  0. |  0. ||  0. | -1. |  0. |
|  1. | -1. |  0. ||  1. | -1. |  0. ||  0. | -1. |  0. |
|=====+=====+=====||=====+=====+=====||=====+=====+=====|
|  0. | -1. |  0. ||* 0. |* 1. |* 1. ||  0. |  0. |  0. |
|  0. |  0. |  0. ||* 0. |*-1. |* 0. ||  1. |  0. |  0. |
|  1. |  0. | -1. ||* 0. |* 1. |* 0. ||  0. |  0. |  0. |
|=====+=====+=====||=====+=====+=====||=====+=====+=====|
|  0. | -1. |  0. ||  1. |  0. |  1. ||  1. |  0. |  0. |
| -1. |  1. | -1. ||  0. | -1. |  0. ||  0. | -1. |  0. |
|  0. |  0. |  0. ||  0. |  0. |  1. || -1. |  0. |  1. |


Determined best move using: 80801Iterations
current State

| -1. |  0. |  1. ||  0. |  0. |  0. || -1. |  0. |  0. |
|  0. |  0. |  0. ||  1. |  0. |  0. ||  0. | -1. |  0. |
|  1. | -1. |  0. ||  1. | -1. |  0. ||  0. | -1. |  0. |
|=====+=====+=====||=====+=====+=====||=====+=====+=====|
|  0. | -1. |  0. ||  0. |  1. |  1. ||* 0. |* 0. |* 0. |
|  0. |  0. |  0. ||  0. | -1. |  1. ||* 1. |* 0. |* 0. |
|  1. |  0. | -1. ||  0. |  1. |  0. ||* 0. |* 0. |* 0. |
|=====+=====+=====||=====+=====+=====||=====+=====+=====|
|  0. | -1. |  0. ||  1. |  0. |  1. ||  1. |  0. |  0. |
| -1. |  1. | -1. ||  0. | -1. |  0. ||  0. | -1. |  0. |
|  0. |  0. |  0. ||  0. |  0. |  1. || -1. |  0. |  1. |


state to eval, currenty is playerone turn=false

|  1. | -0. | -1. || -0. | -0. | -0. ||  1. | -0. | -0. |
| -0. | -0. | -0. || -1. | -0. | -0. || -0. |  1. | -0. |
| -1. |  1. | -0. || -1. |  1. | -0. || -0. |  1. | -0. |
|=====+=====+=====||=====+=====+=====||=====+=====+=====|
| -0. |  1. | -0. || -0. | -1. | -1. ||*-0. |*-0. |*-0. |
| -0. | -0. | -0. || -0. |  1. | -1. ||*-1. |*-0. |*-0. |
| -1. | -0. |  1. || -0. | -1. | -0. ||*-0. |*-0. |*-0. |
|=====+=====+=====||=====+=====+=====||=====+=====+=====|
| -0. |  1. | -0. || -1. | -0. | -1. || -1. | -0. | -0. |
|  1. | -1. |  1. || -0. |  1. | -0. || -0. |  1. | -0. |
| -0. | -0. | -0. || -0. | -0. | -1. ||  1. | -0. | -1. |


current State

| -1. |  0. |  1. ||  0. |  0. |  0. || -1. |  0. |  0. |
|  0. |  0. |  0. ||  1. |  0. |  0. ||  0. | -1. |  0. |
|  1. | -1. |  0. ||  1. | -1. |  0. ||  0. | -1. |  0. |
|=====+=====+=====||=====+=====+=====||=====+=====+=====|
|  0. | -1. |  0. ||  0. |  1. |  1. ||  0. |  0. |  0. |
|  0. |  0. |  0. ||  0. | -1. |  1. ||  1. |  0. |  0. |
|  1. |  0. | -1. ||  0. |  1. |  0. ||  0. |  0. | -1. |
|=====+=====+=====||=====+=====+=====||=====+=====+=====|
|  0. | -1. |  0. ||  1. |  0. |  1. ||* 1. |* 0. |* 0. |
| -1. |  1. | -1. ||  0. | -1. |  0. ||* 0. |*-1. |* 0. |
|  0. |  0. |  0. ||  0. |  0. |  1. ||*-1. |* 0. |* 1. |


state to eval, currenty is playerone turn=true

| -1. |  0. |  1. ||  0. |  0. |  0. || -1. |  0. |  0. |
|  0. |  0. |  0. ||  1. |  0. |  0. ||  0. | -1. |  0. |
|  1. | -1. |  0. ||  1. | -1. |  0. ||  0. | -1. |  0. |
|=====+=====+=====||=====+=====+=====||=====+=====+=====|
|  0. | -1. |  0. ||  0. |  1. |  1. ||  0. |  0. |  0. |
|  0. |  0. |  0. ||  0. | -1. |  1. ||  1. |  0. |  0. |
|  1. |  0. | -1. ||  0. |  1. |  0. ||  0. |  0. | -1. |
|=====+=====+=====||=====+=====+=====||=====+=====+=====|
|  0. | -1. |  0. ||  1. |  0. |  1. ||* 1. |* 0. |* 0. |
| -1. |  1. | -1. ||  0. | -1. |  0. ||* 0. |*-1. |* 0. |
|  0. |  0. |  0. ||  0. |  0. |  1. ||*-1. |* 0. |* 1. |


Determined best move using: 182090Iterations
current State

| -1. |  0. |  1. ||  0. |  0. |  0. || -1. |  0. |  0. |
|  0. |  0. |  0. ||  1. |  0. |  0. ||  0. | -1. |  0. |
|  1. | -1. |  0. ||  1. | -1. |  0. ||  0. | -1. |  0. |
|=====+=====+=====||=====+=====+=====||=====+=====+=====|
|  0. | -1. |  0. ||  0. |  1. |  1. ||* 0. |* 0. |* 0. |
|  0. |  0. |  0. ||  0. | -1. |  1. ||* 1. |* 0. |* 0. |
|  1. |  0. | -1. ||  0. |  1. |  0. ||* 0. |* 0. |*-1. |
|=====+=====+=====||=====+=====+=====||=====+=====+=====|
|  0. | -1. |  0. ||  1. |  0. |  1. ||  1. |  0. |  0. |
| -1. |  1. | -1. ||  0. | -1. |  0. ||  0. | -1. |  1. |
|  0. |  0. |  0. ||  0. |  0. |  1. || -1. |  0. |  1. |


state to eval, currenty is playerone turn=false

|  1. | -0. | -1. || -0. | -0. | -0. ||  1. | -0. | -0. |
| -0. | -0. | -0. || -1. | -0. | -0. || -0. |  1. | -0. |
| -1. |  1. | -0. || -1. |  1. | -0. || -0. |  1. | -0. |
|=====+=====+=====||=====+=====+=====||=====+=====+=====|
| -0. |  1. | -0. || -0. | -1. | -1. ||*-0. |*-0. |*-0. |
| -0. | -0. | -0. || -0. |  1. | -1. ||*-1. |*-0. |*-0. |
| -1. | -0. |  1. || -0. | -1. | -0. ||*-0. |*-0. |* 1. |
|=====+=====+=====||=====+=====+=====||=====+=====+=====|
| -0. |  1. | -0. || -1. | -0. | -1. || -1. | -0. | -0. |
|  1. | -1. |  1. || -0. |  1. | -0. || -0. |  1. | -1. |
| -0. | -0. | -0. || -0. | -0. | -1. ||  1. | -0. | -1. |


Determined best move using: 1169379Iterations
Determined best move using: 87910Iterations
current State

| -1. |  0. |  1. ||  0. |  0. |  0. || -1. |  0. |  0. |
|  0. |  0. |  0. ||  1. |  0. |  0. ||  0. | -1. |  0. |
|  1. | -1. |  0. ||  1. | -1. |  0. ||  0. | -1. |  0. |
|=====+=====+=====||=====+=====+=====||=====+=====+=====|
|  0. | -1. |  0. ||* 0. |* 1. |* 1. ||  0. |  0. |  0. |
|  0. |  0. |  0. ||* 0. |*-1. |* 1. ||  1. | -1. |  0. |
|  1. |  0. | -1. ||* 0. |* 1. |* 0. ||  0. |  0. | -1. |
|=====+=====+=====||=====+=====+=====||=====+=====+=====|
|  0. | -1. |  0. ||  1. |  0. |  1. ||  1. |  0. |  0. |
| -1. |  1. | -1. ||  0. | -1. |  0. ||  0. | -1. |  1. |
|  0. |  0. |  0. ||  0. |  0. |  1. || -1. |  0. |  1. |


state to eval, currenty is playerone turn=true

| -1. |  0. |  1. ||  0. |  0. |  0. || -1. |  0. |  0. |
|  0. |  0. |  0. ||  1. |  0. |  0. ||  0. | -1. |  0. |
|  1. | -1. |  0. ||  1. | -1. |  0. ||  0. | -1. |  0. |
|=====+=====+=====||=====+=====+=====||=====+=====+=====|
|  0. | -1. |  0. ||* 0. |* 1. |* 1. ||  0. |  0. |  0. |
|  0. |  0. |  0. ||* 0. |*-1. |* 1. ||  1. | -1. |  0. |
|  1. |  0. | -1. ||* 0. |* 1. |* 0. ||  0. |  0. | -1. |
|=====+=====+=====||=====+=====+=====||=====+=====+=====|
|  0. | -1. |  0. ||  1. |  0. |  1. ||  1. |  0. |  0. |
| -1. |  1. | -1. ||  0. | -1. |  0. ||  0. | -1. |  1. |
|  0. |  0. |  0. ||  0. |  0. |  1. || -1. |  0. |  1. |


current State

| -1. |  0. |  1. ||  0. |  0. |  0. || -1. |  0. |  0. |
|  0. |  0. |  0. ||  1. |  0. |  0. ||  0. | -1. |  0. |
|  1. | -1. |  0. ||  1. | -1. |  0. ||  0. | -1. |  0. |
|=====+=====+=====||=====+=====+=====||=====+=====+=====|
|  0. | -1. |  0. ||  0. |  1. |  1. ||  0. |  0. |  0. |
|  0. |  0. |  0. ||  0. | -1. |  1. ||  1. | -1. |  0. |
|  1. |  0. | -1. ||  0. |  1. |  1. ||  0. |  0. | -1. |
|=====+=====+=====||=====+=====+=====||=====+=====+=====|
|  0. | -1. |  0. ||  1. |  0. |  1. ||* 1. |* 0. |* 0. |
| -1. |  1. | -1. ||  0. | -1. |  0. ||* 0. |*-1. |* 1. |
|  0. |  0. |  0. ||  0. |  0. |  1. ||*-1. |* 0. |* 1. |


state to eval, currenty is playerone turn=false

|  1. | -0. | -1. || -0. | -0. | -0. ||  1. | -0. | -0. |
| -0. | -0. | -0. || -1. | -0. | -0. || -0. |  1. | -0. |
| -1. |  1. | -0. || -1. |  1. | -0. || -0. |  1. | -0. |
|=====+=====+=====||=====+=====+=====||=====+=====+=====|
| -0. |  1. | -0. || -0. | -1. | -1. || -0. | -0. | -0. |
| -0. | -0. | -0. || -0. |  1. | -1. || -1. |  1. | -0. |
| -1. | -0. |  1. || -0. | -1. | -1. || -0. | -0. |  1. |
|=====+=====+=====||=====+=====+=====||=====+=====+=====|
| -0. |  1. | -0. || -1. | -0. | -1. ||*-1. |*-0. |*-0. |
|  1. | -1. |  1. || -0. |  1. | -0. ||*-0. |* 1. |*-1. |
| -0. | -0. | -0. || -0. | -0. | -1. ||* 1. |*-0. |*-1. |


Determined best move using: 75643Iterations
current State

| -1. |  0. |  1. ||  0. |  0. |  0. ||*-1. |* 0. |* 0. |
|  0. |  0. |  0. ||  1. |  0. |  0. ||* 0. |*-1. |* 0. |
|  1. | -1. |  0. ||  1. | -1. |  0. ||* 0. |*-1. |* 0. |
|=====+=====+=====||=====+=====+=====||=====+=====+=====|
|  0. | -1. |  0. ||  0. |  1. |  1. ||  0. |  0. |  0. |
|  0. |  0. |  0. ||  0. | -1. |  1. ||  1. | -1. |  0. |
|  1. |  0. | -1. ||  0. |  1. |  1. ||  0. |  0. | -1. |
|=====+=====+=====||=====+=====+=====||=====+=====+=====|
|  0. | -1. |  0. ||  1. |  0. |  1. ||  1. |  0. | -1. |
| -1. |  1. | -1. ||  0. | -1. |  0. ||  0. | -1. |  1. |
|  0. |  0. |  0. ||  0. |  0. |  1. || -1. |  0. |  1. |


state to eval, currenty is playerone turn=true

| -1. |  0. |  1. ||  0. |  0. |  0. ||*-1. |* 0. |* 0. |
|  0. |  0. |  0. ||  1. |  0. |  0. ||* 0. |*-1. |* 0. |
|  1. | -1. |  0. ||  1. | -1. |  0. ||* 0. |*-1. |* 0. |
|=====+=====+=====||=====+=====+=====||=====+=====+=====|
|  0. | -1. |  0. ||  0. |  1. |  1. ||  0. |  0. |  0. |
|  0. |  0. |  0. ||  0. | -1. |  1. ||  1. | -1. |  0. |
|  1. |  0. | -1. ||  0. |  1. |  1. ||  0. |  0. | -1. |
|=====+=====+=====||=====+=====+=====||=====+=====+=====|
|  0. | -1. |  0. ||  1. |  0. |  1. ||  1. |  0. | -1. |
| -1. |  1. | -1. ||  0. | -1. |  0. ||  0. | -1. |  1. |
|  0. |  0. |  0. ||  0. |  0. |  1. || -1. |  0. |  1. |


Determined best move using: 77332Iterations
current State

| -1. |  0. |  1. ||  0. |  0. |  0. || -1. |  0. |  0. |
|  0. |  0. |  0. ||  1. |  0. |  0. ||  1. | -1. |  0. |
|  1. | -1. |  0. ||  1. | -1. |  0. ||  0. | -1. |  0. |
|=====+=====+=====||=====+=====+=====||=====+=====+=====|
|* 0. |*-1. |* 0. ||  0. |  1. |  1. ||  0. |  0. |  0. |
|* 0. |* 0. |* 0. ||  0. | -1. |  1. ||  1. | -1. |  0. |
|* 1. |* 0. |*-1. ||  0. |  1. |  1. ||  0. |  0. | -1. |
|=====+=====+=====||=====+=====+=====||=====+=====+=====|
|  0. | -1. |  0. ||  1. |  0. |  1. ||  1. |  0. | -1. |
| -1. |  1. | -1. ||  0. | -1. |  0. ||  0. | -1. |  1. |
|  0. |  0. |  0. ||  0. |  0. |  1. || -1. |  0. |  1. |


state to eval, currenty is playerone turn=false

|  1. | -0. | -1. || -0. | -0. | -0. ||  1. | -0. | -0. |
| -0. | -0. | -0. || -1. | -0. | -0. || -1. |  1. | -0. |
| -1. |  1. | -0. || -1. |  1. | -0. || -0. |  1. | -0. |
|=====+=====+=====||=====+=====+=====||=====+=====+=====|
|*-0. |* 1. |*-0. || -0. | -1. | -1. || -0. | -0. | -0. |
|*-0. |*-0. |*-0. || -0. |  1. | -1. || -1. |  1. | -0. |
|*-1. |*-0. |* 1. || -0. | -1. | -1. || -0. | -0. |  1. |
|=====+=====+=====||=====+=====+=====||=====+=====+=====|
| -0. |  1. | -0. || -1. | -0. | -1. || -1. | -0. |  1. |
|  1. | -1. |  1. || -0. |  1. | -0. || -0. |  1. | -1. |
| -0. | -0. | -0. || -0. | -0. | -1. ||  1. | -0. | -1. |


current State

| -1. |  0. |  1. ||  0. |  0. |  0. || -1. |  0. |  0. |
|  0. |  0. |  0. ||  1. |  0. |  0. ||  1. | -1. |  0. |
|  1. | -1. |  0. ||  1. | -1. |  0. ||  0. | -1. |  0. |
|=====+=====+=====||=====+=====+=====||=====+=====+=====|
|* 0. |*-1. |* 0. ||  0. |  1. |  1. ||  0. |  0. |  0. |
|*-1. |* 0. |* 0. ||  0. | -1. |  1. ||  1. | -1. |  0. |
|* 1. |* 0. |*-1. ||  0. |  1. |  1. ||  0. |  0. | -1. |
|=====+=====+=====||=====+=====+=====||=====+=====+=====|
|  0. | -1. |  0. ||  1. |  0. |  1. ||  1. |  0. | -1. |
| -1. |  1. | -1. ||  0. | -1. |  0. ||  0. | -1. |  1. |
|  0. |  0. |  0. ||  0. |  0. |  1. || -1. |  0. |  1. |


state to eval, currenty is playerone turn=true

| -1. |  0. |  1. ||  0. |  0. |  0. || -1. |  0. |  0. |
|  0. |  0. |  0. ||  1. |  0. |  0. ||  1. | -1. |  0. |
|  1. | -1. |  0. ||  1. | -1. |  0. ||  0. | -1. |  0. |
|=====+=====+=====||=====+=====+=====||=====+=====+=====|
|* 0. |*-1. |* 0. ||  0. |  1. |  1. ||  0. |  0. |  0. |
|*-1. |* 0. |* 0. ||  0. | -1. |  1. ||  1. | -1. |  0. |
|* 1. |* 0. |*-1. ||  0. |  1. |  1. ||  0. |  0. | -1. |
|=====+=====+=====||=====+=====+=====||=====+=====+=====|
|  0. | -1. |  0. ||  1. |  0. |  1. ||  1. |  0. | -1. |
| -1. |  1. | -1. ||  0. | -1. |  0. ||  0. | -1. |  1. |
|  0. |  0. |  0. ||  0. |  0. |  1. || -1. |  0. |  1. |


Determined best move using: 79496Iterations
current State

| -1. |  0. |  1. ||  0. |  0. |  0. || -1. |  0. |  0. |
|  0. |  0. |  0. ||  1. |  0. |  0. ||  1. | -1. |  0. |
|  1. | -1. |  0. ||  1. | -1. |  0. ||  0. | -1. |  0. |
|=====+=====+=====||=====+=====+=====||=====+=====+=====|
|  0. | -1. |  0. ||  0. |  1. |  1. ||  0. |  0. |  0. |
| -1. |  0. |  0. ||  0. | -1. |  1. ||  1. | -1. |  0. |
|  1. |  1. | -1. ||  0. |  1. |  1. ||  0. |  0. | -1. |
|=====+=====+=====||=====+=====+=====||=====+=====+=====|
|  0. | -1. |  0. ||* 1. |* 0. |* 1. ||  1. |  0. | -1. |
| -1. |  1. | -1. ||* 0. |*-1. |* 0. ||  0. | -1. |  1. |
|  0. |  0. |  0. ||* 0. |* 0. |* 1. || -1. |  0. |  1. |


state to eval, currenty is playerone turn=false

|  1. | -0. | -1. || -0. | -0. | -0. ||  1. | -0. | -0. |
| -0. | -0. | -0. || -1. | -0. | -0. || -1. |  1. | -0. |
| -1. |  1. | -0. || -1. |  1. | -0. || -0. |  1. | -0. |
|=====+=====+=====||=====+=====+=====||=====+=====+=====|
| -0. |  1. | -0. || -0. | -1. | -1. || -0. | -0. | -0. |
|  1. | -0. | -0. || -0. |  1. | -1. || -1. |  1. | -0. |
| -1. | -1. |  1. || -0. | -1. | -1. || -0. | -0. |  1. |
|=====+=====+=====||=====+=====+=====||=====+=====+=====|
| -0. |  1. | -0. ||*-1. |*-0. |*-1. || -1. | -0. |  1. |
|  1. | -1. |  1. ||*-0. |* 1. |*-0. || -0. |  1. | -1. |
| -0. | -0. | -0. ||*-0. |*-0. |*-1. ||  1. | -0. | -1. |


Determined best move using: 82941Iterations
current State

| -1. |  0. |  1. ||  0. |  0. |  0. || -1. |  0. |  0. |
|  0. |  0. |  0. ||  1. |  0. |  0. ||  1. | -1. |  0. |
|  1. | -1. |  0. ||  1. | -1. |  0. ||  0. | -1. |  0. |
|=====+=====+=====||=====+=====+=====||=====+=====+=====|
|* 0. |*-1. |* 0. ||  0. |  1. |  1. ||  0. |  0. |  0. |
|*-1. |* 0. |* 0. ||  0. | -1. |  1. ||  1. | -1. |  0. |
|* 1. |* 1. |*-1. ||  0. |  1. |  1. ||  0. |  0. | -1. |
|=====+=====+=====||=====+=====+=====||=====+=====+=====|
|  0. | -1. |  0. ||  1. |  0. |  1. ||  1. |  0. | -1. |
| -1. |  1. | -1. || -1. | -1. |  0. ||  0. | -1. |  1. |
|  0. |  0. |  0. ||  0. |  0. |  1. || -1. |  0. |  1. |


state to eval, currenty is playerone turn=true

| -1. |  0. |  1. ||  0. |  0. |  0. || -1. |  0. |  0. |
|  0. |  0. |  0. ||  1. |  0. |  0. ||  1. | -1. |  0. |
|  1. | -1. |  0. ||  1. | -1. |  0. ||  0. | -1. |  0. |
|=====+=====+=====||=====+=====+=====||=====+=====+=====|
|* 0. |*-1. |* 0. ||  0. |  1. |  1. ||  0. |  0. |  0. |
|*-1. |* 0. |* 0. ||  0. | -1. |  1. ||  1. | -1. |  0. |
|* 1. |* 1. |*-1. ||  0. |  1. |  1. ||  0. |  0. | -1. |
|=====+=====+=====||=====+=====+=====||=====+=====+=====|
|  0. | -1. |  0. ||  1. |  0. |  1. ||  1. |  0. | -1. |
| -1. |  1. | -1. || -1. | -1. |  0. ||  0. | -1. |  1. |
|  0. |  0. |  0. ||  0. |  0. |  1. || -1. |  0. |  1. |


Determined best move using: 83591Iterations
current State

|*-1. |* 0. |* 1. ||  0. |  0. |  0. || -1. |  0. |  0. |
|* 0. |* 0. |* 0. ||  1. |  0. |  0. ||  1. | -1. |  0. |
|* 1. |*-1. |* 0. ||  1. | -1. |  0. ||  0. | -1. |  0. |
|=====+=====+=====||=====+=====+=====||=====+=====+=====|
|  1. | -1. |  0. ||  0. |  1. |  1. ||  0. |  0. |  0. |
| -1. |  0. |  0. ||  0. | -1. |  1. ||  1. | -1. |  0. |
|  1. |  1. | -1. ||  0. |  1. |  1. ||  0. |  0. | -1. |
|=====+=====+=====||=====+=====+=====||=====+=====+=====|
|  0. | -1. |  0. ||  1. |  0. |  1. ||  1. |  0. | -1. |
| -1. |  1. | -1. || -1. | -1. |  0. ||  0. | -1. |  1. |
|  0. |  0. |  0. ||  0. |  0. |  1. || -1. |  0. |  1. |


state to eval, currenty is playerone turn=false

|* 1. |*-0. |*-1. || -0. | -0. | -0. ||  1. | -0. | -0. |
|*-0. |*-0. |*-0. || -1. | -0. | -0. || -1. |  1. | -0. |
|*-1. |* 1. |*-0. || -1. |  1. | -0. || -0. |  1. | -0. |
|=====+=====+=====||=====+=====+=====||=====+=====+=====|
| -1. |  1. | -0. || -0. | -1. | -1. || -0. | -0. | -0. |
|  1. | -0. | -0. || -0. |  1. | -1. || -1. |  1. | -0. |
| -1. | -1. |  1. || -0. | -1. | -1. || -0. | -0. |  1. |
|=====+=====+=====||=====+=====+=====||=====+=====+=====|
| -0. |  1. | -0. || -1. | -0. | -1. || -1. | -0. |  1. |
|  1. | -1. |  1. ||  1. |  1. | -0. || -0. |  1. | -1. |
| -0. | -0. | -0. || -0. | -0. | -1. ||  1. | -0. | -1. |


Determined best move using: 87554Iterations
current State

| -1. |  0. |  1. ||  0. |  0. |  0. || -1. |  0. |  0. |
| -1. |  0. |  0. ||  1. |  0. |  0. ||  1. | -1. |  0. |
|  1. | -1. |  0. ||  1. | -1. |  0. ||  0. | -1. |  0. |
|=====+=====+=====||=====+=====+=====||=====+=====+=====|
|* 1. |*-1. |* 0. ||  0. |  1. |  1. ||  0. |  0. |  0. |
|*-1. |* 0. |* 0. ||  0. | -1. |  1. ||  1. | -1. |  0. |
|* 1. |* 1. |*-1. ||  0. |  1. |  1. ||  0. |  0. | -1. |
|=====+=====+=====||=====+=====+=====||=====+=====+=====|
|  0. | -1. |  0. ||  1. |  0. |  1. ||  1. |  0. | -1. |
| -1. |  1. | -1. || -1. | -1. |  0. ||  0. | -1. |  1. |
|  0. |  0. |  0. ||  0. |  0. |  1. || -1. |  0. |  1. |


state to eval, currenty is playerone turn=true

| -1. |  0. |  1. ||  0. |  0. |  0. || -1. |  0. |  0. |
| -1. |  0. |  0. ||  1. |  0. |  0. ||  1. | -1. |  0. |
|  1. | -1. |  0. ||  1. | -1. |  0. ||  0. | -1. |  0. |
|=====+=====+=====||=====+=====+=====||=====+=====+=====|
|* 1. |*-1. |* 0. ||  0. |  1. |  1. ||  0. |  0. |  0. |
|*-1. |* 0. |* 0. ||  0. | -1. |  1. ||  1. | -1. |  0. |
|* 1. |* 1. |*-1. ||  0. |  1. |  1. ||  0. |  0. | -1. |
|=====+=====+=====||=====+=====+=====||=====+=====+=====|
|  0. | -1. |  0. ||  1. |  0. |  1. ||  1. |  0. | -1. |
| -1. |  1. | -1. || -1. | -1. |  0. ||  0. | -1. |  1. |
|  0. |  0. |  0. ||  0. |  0. |  1. || -1. |  0. |  1. |


current State

| -1. |  0. |  1. ||  0. |  0. |  0. ||*-1. |* 0. |* 0. |
| -1. |  0. |  0. ||  1. |  0. |  0. ||* 1. |*-1. |* 0. |
|  1. | -1. |  0. ||  1. | -1. |  0. ||* 0. |*-1. |* 0. |
|=====+=====+=====||=====+=====+=====||=====+=====+=====|
|  1. | -1. |  1. ||  0. |  1. |  1. ||  0. |  0. |  0. |
| -1. |  0. |  0. ||  0. | -1. |  1. ||  1. | -1. |  0. |
|  1. |  1. | -1. ||  0. |  1. |  1. ||  0. |  0. | -1. |
|=====+=====+=====||=====+=====+=====||=====+=====+=====|
|  0. | -1. |  0. ||  1. |  0. |  1. ||  1. |  0. | -1. |
| -1. |  1. | -1. || -1. | -1. |  0. ||  0. | -1. |  1. |
|  0. |  0. |  0. ||  0. |  0. |  1. || -1. |  0. |  1. |


state to eval, currenty is playerone turn=false

|  1. | -0. | -1. || -0. | -0. | -0. ||* 1. |*-0. |*-0. |
|  1. | -0. | -0. || -1. | -0. | -0. ||*-1. |* 1. |*-0. |
| -1. |  1. | -0. || -1. |  1. | -0. ||*-0. |* 1. |*-0. |
|=====+=====+=====||=====+=====+=====||=====+=====+=====|
| -1. |  1. | -1. || -0. | -1. | -1. || -0. | -0. | -0. |
|  1. | -0. | -0. || -0. |  1. | -1. || -1. |  1. | -0. |
| -1. | -1. |  1. || -0. | -1. | -1. || -0. | -0. |  1. |
|=====+=====+=====||=====+=====+=====||=====+=====+=====|
| -0. |  1. | -0. || -1. | -0. | -1. || -1. | -0. |  1. |
|  1. | -1. |  1. ||  1. |  1. | -0. || -0. |  1. | -1. |
| -0. | -0. | -0. || -0. | -0. | -1. ||  1. | -0. | -1. |


Determined best move using: 1436030Iterations
current State

| -1. |  0. |  1. ||* 0. |* 0. |* 0. || -1. | -1. |  0. |
| -1. |  0. |  0. ||* 1. |* 0. |* 0. ||  1. | -1. |  0. |
|  1. | -1. |  0. ||* 1. |*-1. |* 0. ||  0. | -1. |  0. |
|=====+=====+=====||=====+=====+=====||=====+=====+=====|
|  1. | -1. |  1. ||  0. |  1. |  1. ||  0. |  0. |  0. |
| -1. |  0. |  0. ||  0. | -1. |  1. ||  1. | -1. |  0. |
|  1. |  1. | -1. ||  0. |  1. |  1. ||  0. |  0. | -1. |
|=====+=====+=====||=====+=====+=====||=====+=====+=====|
|  0. | -1. |  0. ||  1. |  0. |  1. ||  1. |  0. | -1. |
| -1. |  1. | -1. || -1. | -1. |  0. ||  0. | -1. |  1. |
|  0. |  0. |  0. ||  0. |  0. |  1. || -1. |  0. |  1. |


state to eval, currenty is playerone turn=true

| -1. |  0. |  1. ||* 0. |* 0. |* 0. || -1. | -1. |  0. |
| -1. |  0. |  0. ||* 1. |* 0. |* 0. ||  1. | -1. |  0. |
|  1. | -1. |  0. ||* 1. |*-1. |* 0. ||  0. | -1. |  0. |
|=====+=====+=====||=====+=====+=====||=====+=====+=====|
|  1. | -1. |  1. ||  0. |  1. |  1. ||  0. |  0. |  0. |
| -1. |  0. |  0. ||  0. | -1. |  1. ||  1. | -1. |  0. |
|  1. |  1. | -1. ||  0. |  1. |  1. ||  0. |  0. | -1. |
|=====+=====+=====||=====+=====+=====||=====+=====+=====|
|  0. | -1. |  0. ||  1. |  0. |  1. ||  1. |  0. | -1. |
| -1. |  1. | -1. || -1. | -1. |  0. ||  0. | -1. |  1. |
|  0. |  0. |  0. ||  0. |  0. |  1. || -1. |  0. |  1. |


Determined best move using: 126560Iterations
Determined best move using: 1427604Iterations
current State

|*-1. |* 0. |* 1. ||  1. |  0. |  0. || -1. | -1. |  0. |
|*-1. |* 0. |* 0. ||  1. |  0. |  0. ||  1. | -1. |  0. |
|* 1. |*-1. |* 0. ||  1. | -1. |  0. ||  0. | -1. |  0. |
|=====+=====+=====||=====+=====+=====||=====+=====+=====|
|  1. | -1. |  1. ||  0. |  1. |  1. ||  0. |  0. |  0. |
| -1. |  0. |  0. ||  0. | -1. |  1. ||  1. | -1. |  0. |
|  1. |  1. | -1. ||  0. |  1. |  1. ||  0. |  0. | -1. |
|=====+=====+=====||=====+=====+=====||=====+=====+=====|
|  0. | -1. |  0. ||  1. |  0. |  1. ||  1. |  0. | -1. |
| -1. |  1. | -1. || -1. | -1. |  0. ||  0. | -1. |  1. |
|  0. |  0. |  0. ||  0. |  0. |  1. || -1. |  0. |  1. |


state to eval, currenty is playerone turn=false

|* 1. |*-0. |*-1. || -1. | -0. | -0. ||  1. |  1. | -0. |
|* 1. |*-0. |*-0. || -1. | -0. | -0. || -1. |  1. | -0. |
|*-1. |* 1. |*-0. || -1. |  1. | -0. || -0. |  1. | -0. |
|=====+=====+=====||=====+=====+=====||=====+=====+=====|
| -1. |  1. | -1. || -0. | -1. | -1. || -0. | -0. | -0. |
|  1. | -0. | -0. || -0. |  1. | -1. || -1. |  1. | -0. |
| -1. | -1. |  1. || -0. | -1. | -1. || -0. | -0. |  1. |
|=====+=====+=====||=====+=====+=====||=====+=====+=====|
| -0. |  1. | -0. || -1. | -0. | -1. || -1. | -0. |  1. |
|  1. | -1. |  1. ||  1. |  1. | -0. || -0. |  1. | -1. |
| -0. | -0. | -0. || -0. | -0. | -1. ||  1. | -0. | -1. |


Determined best move using: 136075Iterations
current State

|*-1. |* 0. |* 1. ||  1. |  0. |  0. || -1. | -1. |  0. |
|*-1. |*-1. |* 0. ||  1. |  0. |  0. ||  1. | -1. |  0. |
|* 1. |*-1. |* 0. ||  1. | -1. |  0. ||  0. | -1. |  0. |
|=====+=====+=====||=====+=====+=====||=====+=====+=====|
|* 1. |*-1. |* 1. ||  0. |  1. |  1. ||* 0. |* 0. |* 0. |
|*-1. |* 0. |* 0. ||  0. | -1. |  1. ||* 1. |*-1. |* 0. |
|* 1. |* 1. |*-1. ||  0. |  1. |  1. ||* 0. |* 0. |*-1. |
|=====+=====+=====||=====+=====+=====||=====+=====+=====|
|* 0. |*-1. |* 0. ||* 1. |* 0. |* 1. ||  1. |  0. | -1. |
|*-1. |* 1. |*-1. ||*-1. |*-1. |* 0. ||  0. | -1. |  1. |
|* 0. |* 0. |* 0. ||* 0. |* 0. |* 1. || -1. |  0. |  1. |


state to eval, currenty is playerone turn=true

|*-1. |* 0. |* 1. ||  1. |  0. |  0. || -1. | -1. |  0. |
|*-1. |*-1. |* 0. ||  1. |  0. |  0. ||  1. | -1. |  0. |
|* 1. |*-1. |* 0. ||  1. | -1. |  0. ||  0. | -1. |  0. |
|=====+=====+=====||=====+=====+=====||=====+=====+=====|
|* 1. |*-1. |* 1. ||  0. |  1. |  1. ||* 0. |* 0. |* 0. |
|*-1. |* 0. |* 0. ||  0. | -1. |  1. ||* 1. |*-1. |* 0. |
|* 1. |* 1. |*-1. ||  0. |  1. |  1. ||* 0. |* 0. |*-1. |
|=====+=====+=====||=====+=====+=====||=====+=====+=====|
|* 0. |*-1. |* 0. ||* 1. |* 0. |* 1. ||  1. |  0. | -1. |
|*-1. |* 1. |*-1. ||*-1. |*-1. |* 0. ||  0. | -1. |  1. |
|* 0. |* 0. |* 0. ||* 0. |* 0. |* 1. || -1. |  0. |  1. |


Determined best move using: 134975Iterations
current State

|*-1. |* 0. |* 1. ||  1. |  0. |  0. || -1. | -1. |  0. |
|*-1. |*-1. |* 0. ||  1. |  0. |  0. ||  1. | -1. |  0. |
|* 1. |*-1. |* 0. ||  1. | -1. |  0. ||  0. | -1. |  0. |
|=====+=====+=====||=====+=====+=====||=====+=====+=====|
|* 1. |*-1. |* 1. ||  0. |  1. |  1. ||* 0. |* 0. |* 0. |
|*-1. |* 0. |* 0. ||  0. | -1. |  1. ||* 1. |*-1. |* 0. |
|* 1. |* 1. |*-1. ||  0. |  1. |  1. ||* 0. |* 0. |*-1. |
|=====+=====+=====||=====+=====+=====||=====+=====+=====|
|* 0. |*-1. |* 0. ||  1. |  1. |  1. ||  1. |  0. | -1. |
|*-1. |* 1. |*-1. || -1. | -1. |  0. ||  0. | -1. |  1. |
|* 0. |* 0. |* 0. ||  0. |  0. |  1. || -1. |  0. |  1. |


Game ended in: 47 moves
Actual data created in graphical format: 
[StateDatum{MCTSProbabilites=
|  .0068 |  .0118 |  .0154 ||  .0117 |  .0131 |  .0177 ||  .007 |  .0093 |  .0124 |
|  .0107 |  .0083 |  .0115 ||  .0121 |  .0134 |  .012 ||  .0087 |  .0097 |  .0112 |
|  .0156 |  .0101 |  .0119 ||  .014 |  .0138 |  .0154 ||  .0082 |  .0165 |  .0137 |
|========+========+========||========+========+========||========+========+========|
|  .0134 |  .0101 |  .0183 ||  .0117 |  .0117 |  .0068 ||  .0114 |  .0149 |  .0103 |
|  .0117 |  .0122 |  .0105 ||  .0125 |  .0093 |  .0145 ||  .0119 |  .0138 |  .0055 |
|  .0071 |  .0144 |  .013 ||  .0122 |  .0098 |  .0127 ||  .0104 |  .0181 |  .0118 |
|========+========+========||========+========+========||========+========+========|
|  .0133 |  .0156 |  .0139 ||  .0118 |  .0112 |  .0135 ||  .0144 |  .0121 |  .0158 |
|  .0121 |  .0114 |  .015 ||  .0186 |  .0197 |  .0113 ||  .0121 |  .0125 |  .013 |
|  .007 |  .0166 |  .0108 ||  .0137 |  .0121 |  .0149 ||  .0051 |  .0103 |  .02 |

, state=
|* 0. |* 0. |* 0. ||* 0. |* 0. |* 0. ||* 0. |* 0. |* 0. |
|* 0. |* 0. |* 0. ||* 0. |* 0. |* 0. ||* 0. |* 0. |* 0. |
|* 0. |* 0. |* 0. ||* 0. |* 0. |* 0. ||* 0. |* 0. |* 0. |
|=====+=====+=====||=====+=====+=====||=====+=====+=====|
|* 0. |* 0. |* 0. ||* 0. |* 0. |* 0. ||* 0. |* 0. |* 0. |
|* 0. |* 0. |* 0. ||* 0. |* 0. |* 0. ||* 0. |* 0. |* 0. |
|* 0. |* 0. |* 0. ||* 0. |* 0. |* 0. ||* 0. |* 0. |* 0. |
|=====+=====+=====||=====+=====+=====||=====+=====+=====|
|* 0. |* 0. |* 0. ||* 0. |* 0. |* 0. ||* 0. |* 0. |* 0. |
|* 0. |* 0. |* 0. ||* 0. |* 0. |* 0. ||* 0. |* 0. |* 0. |
|* 0. |* 0. |* 0. ||* 0. |* 0. |* 0. ||* 0. |* 0. |* 0. |

, evalForThisState=1.0, isPlayerOneTurnOriginally=true}, StateDatum{MCTSProbabilites=
|  .0 |  .0 |  .0 ||  .0 |  .0 |  .0 ||  .0 |  .0 |  .0 |
|  .0 |  .0 |  .0 ||  .0 |  .0 |  .0 ||  .0 |  .0 |  .0 |
|  .0 |  .0 |  .0 ||  .0 |  .0 |  .0 ||  .0 |  .0 |  .0 |
|========+========+========||========+========+========||========+========+========|
|  .0 |  .0 |  .0 ||  .0 |  .0 |  .0 ||  .0 |  .0 |  .0 |
|  .0 |  .0 |  .0 ||  .0 |  .0 |  .0 ||  .0 |  .0 |  .0 |
|  .0 |  .0 |  .0 ||  .0 |  .0 |  .0 ||  .0 |  .0 |  .0 |
|========+========+========||========+========+========||========+========+========|
|  .0 |  .0 |  .0 ||  .0 |  .0 |  .0 ||  .0429 |  .049 |  .0681 |
|  .0 |  .0 |  .0 ||  .0 |  .0 |  .0 ||  .0604 |  .0583 |  .0464 |
|  .0 |  .0 |  .0 ||  .0 |  .0 |  .0 ||  .588 |  .0868 |  .0 |

, state=
| -0. | -0. | -0. || -0. | -0. | -0. || -0. | -0. | -0. |
| -0. | -0. | -0. || -0. | -0. | -0. || -0. | -0. | -0. |
| -0. | -0. | -0. || -0. | -0. | -0. || -0. | -0. | -0. |
|=====+=====+=====||=====+=====+=====||=====+=====+=====|
| -0. | -0. | -0. || -0. | -0. | -0. || -0. | -0. | -0. |
| -0. | -0. | -0. || -0. | -0. | -0. || -0. | -0. | -0. |
| -0. | -0. | -0. || -0. | -0. | -0. || -0. | -0. | -0. |
|=====+=====+=====||=====+=====+=====||=====+=====+=====|
| -0. | -0. | -0. || -0. | -0. | -0. ||*-0. |*-0. |*-0. |
| -0. | -0. | -0. || -0. | -0. | -0. ||*-0. |*-0. |*-0. |
| -0. | -0. | -0. || -0. | -0. | -0. ||*-0. |*-0. |*-1. |

, evalForThisState=-1.0, isPlayerOneTurnOriginally=false}, StateDatum{MCTSProbabilites=
|  .0 |  .0 |  .0 ||  .0 |  .0 |  .0 ||  .0 |  .0 |  .0 |
|  .0 |  .0 |  .0 ||  .0 |  .0 |  .0 ||  .0 |  .0 |  .0 |
|  .0 |  .0 |  .0 ||  .0 |  .0 |  .0 ||  .0 |  .0 |  .0 |
|========+========+========||========+========+========||========+========+========|
|  .0 |  .0 |  .0 ||  .0 |  .0 |  .0 ||  .0 |  .0 |  .0 |
|  .0 |  .0 |  .0 ||  .0 |  .0 |  .0 ||  .0 |  .0 |  .0 |
|  .0 |  .0 |  .0 ||  .0 |  .0 |  .0 ||  .0 |  .0 |  .0 |
|========+========+========||========+========+========||========+========+========|
|  .1199 |  .0753 |  .0993 ||  .0 |  .0 |  .0 ||  .0 |  .0 |  .0 |
|  .15 |  .1587 |  .0632 ||  .0 |  .0 |  .0 ||  .0 |  .0 |  .0 |
|  .1423 |  .096 |  .0954 ||  .0 |  .0 |  .0 ||  .0 |  .0 |  .0 |

, state=
|  0. |  0. |  0. ||  0. |  0. |  0. ||  0. |  0. |  0. |
|  0. |  0. |  0. ||  0. |  0. |  0. ||  0. |  0. |  0. |
|  0. |  0. |  0. ||  0. |  0. |  0. ||  0. |  0. |  0. |
|=====+=====+=====||=====+=====+=====||=====+=====+=====|
|  0. |  0. |  0. ||  0. |  0. |  0. ||  0. |  0. |  0. |
|  0. |  0. |  0. ||  0. |  0. |  0. ||  0. |  0. |  0. |
|  0. |  0. |  0. ||  0. |  0. |  0. ||  0. |  0. |  0. |
|=====+=====+=====||=====+=====+=====||=====+=====+=====|
|* 0. |* 0. |* 0. ||  0. |  0. |  0. ||  0. |  0. |  0. |
|* 0. |* 0. |* 0. ||  0. |  0. |  0. ||  0. |  0. |  0. |
|* 0. |* 0. |* 0. ||  0. |  0. |  0. || -1. |  0. |  1. |

, evalForThisState=1.0, isPlayerOneTurnOriginally=true}, StateDatum{MCTSProbabilites=
|  .0 |  .0 |  .0 ||  .0 |  .0 |  .0 ||  .0 |  .0 |  .0 |
|  .0 |  .0 |  .0 ||  .0 |  .0 |  .0 ||  .0 |  .0 |  .0 |
|  .0 |  .0 |  .0 ||  .0 |  .0 |  .0 ||  .0 |  .0 |  .0 |
|========+========+========||========+========+========||========+========+========|
|  .0 |  .0 |  .0 ||  .048 |  .0419 |  .074 ||  .0 |  .0 |  .0 |
|  .0 |  .0 |  .0 ||  .0414 |  .4669 |  .0414 ||  .0 |  .0 |  .0 |
|  .0 |  .0 |  .0 ||  .0434 |  .0325 |  .2105 ||  .0 |  .0 |  .0 |
|========+========+========||========+========+========||========+========+========|
|  .0 |  .0 |  .0 ||  .0 |  .0 |  .0 ||  .0 |  .0 |  .0 |
|  .0 |  .0 |  .0 ||  .0 |  .0 |  .0 ||  .0 |  .0 |  .0 |
|  .0 |  .0 |  .0 ||  .0 |  .0 |  .0 ||  .0 |  .0 |  .0 |

, state=
| -0. | -0. | -0. || -0. | -0. | -0. || -0. | -0. | -0. |
| -0. | -0. | -0. || -0. | -0. | -0. || -0. | -0. | -0. |
| -0. | -0. | -0. || -0. | -0. | -0. || -0. | -0. | -0. |
|=====+=====+=====||=====+=====+=====||=====+=====+=====|
| -0. | -0. | -0. ||*-0. |*-0. |*-0. || -0. | -0. | -0. |
| -0. | -0. | -0. ||*-0. |*-0. |*-0. || -0. | -0. | -0. |
| -0. | -0. | -0. ||*-0. |*-0. |*-0. || -0. | -0. | -0. |
|=====+=====+=====||=====+=====+=====||=====+=====+=====|
| -0. | -0. | -0. || -0. | -0. | -0. || -0. | -0. | -0. |
| -0. | -1. | -0. || -0. | -0. | -0. || -0. | -0. | -0. |
| -0. | -0. | -0. || -0. | -0. | -0. ||  1. | -0. | -1. |

, evalForThisState=-1.0, isPlayerOneTurnOriginally=false}, StateDatum{MCTSProbabilites=
|  .0 |  .0 |  .0 ||  .0 |  .0 |  .0 ||  .0 |  .0 |  .0 |
|  .0 |  .0 |  .0 ||  .0 |  .0 |  .0 ||  .0 |  .0 |  .0 |
|  .0 |  .0 |  .0 ||  .0 |  .0 |  .0 ||  .0 |  .0 |  .0 |
|========+========+========||========+========+========||========+========+========|
|  .0 |  .0 |  .0 ||  .1286 |  .0821 |  .1671 ||  .0 |  .0 |  .0 |
|  .0 |  .0 |  .0 ||  .138 |  .0 |  .0731 ||  .0 |  .0 |  .0 |
|  .0 |  .0 |  .0 ||  .1374 |  .204 |  .0696 ||  .0 |  .0 |  .0 |
|========+========+========||========+========+========||========+========+========|
|  .0 |  .0 |  .0 ||  .0 |  .0 |  .0 ||  .0 |  .0 |  .0 |
|  .0 |  .0 |  .0 ||  .0 |  .0 |  .0 ||  .0 |  .0 |  .0 |
|  .0 |  .0 |  .0 ||  .0 |  .0 |  .0 ||  .0 |  .0 |  .0 |

, state=
|  0. |  0. |  0. ||  0. |  0. |  0. ||  0. |  0. |  0. |
|  0. |  0. |  0. ||  0. |  0. |  0. ||  0. |  0. |  0. |
|  0. |  0. |  0. ||  0. |  0. |  0. ||  0. |  0. |  0. |
|=====+=====+=====||=====+=====+=====||=====+=====+=====|
|  0. |  0. |  0. ||* 0. |* 0. |* 0. ||  0. |  0. |  0. |
|  0. |  0. |  0. ||* 0. |*-1. |* 0. ||  0. |  0. |  0. |
|  0. |  0. |  0. ||* 0. |* 0. |* 0. ||  0. |  0. |  0. |
|=====+=====+=====||=====+=====+=====||=====+=====+=====|
|  0. |  0. |  0. ||  0. |  0. |  0. ||  0. |  0. |  0. |
|  0. |  1. |  0. ||  0. |  0. |  0. ||  0. |  0. |  0. |
|  0. |  0. |  0. ||  0. |  0. |  0. || -1. |  0. |  1. |

, evalForThisState=1.0, isPlayerOneTurnOriginally=true}, StateDatum{MCTSProbabilites=
|  .0 |  .0 |  .0 ||  .0 |  .0 |  .0 ||  .0 |  .0 |  .0 |
|  .0 |  .0 |  .0 ||  .0 |  .0 |  .0 ||  .0 |  .0 |  .0 |
|  .0 |  .0 |  .0 ||  .0 |  .0 |  .0 ||  .0 |  .0 |  .0 |
|========+========+========||========+========+========||========+========+========|
|  .0 |  .0 |  .0 ||  .0 |  .0 |  .0 ||  .0 |  .0 |  .0 |
|  .0 |  .0 |  .0 ||  .0 |  .0 |  .0 ||  .0 |  .0 |  .0 |
|  .0 |  .0 |  .0 ||  .0 |  .0 |  .0 ||  .0 |  .0 |  .0 |
|========+========+========||========+========+========||========+========+========|
|  .0 |  .0 |  .0 ||  .056 |  .2157 |  .0413 ||  .0 |  .0 |  .0 |
|  .0 |  .0 |  .0 ||  .096 |  .4065 |  .0404 ||  .0 |  .0 |  .0 |
|  .0 |  .0 |  .0 ||  .0534 |  .0458 |  .0446 ||  .0 |  .0 |  .0 |

, state=
| -0. | -0. | -0. || -0. | -0. | -0. || -0. | -0. | -0. |
| -0. | -0. | -0. || -0. | -0. | -0. || -0. | -0. | -0. |
| -0. | -0. | -0. || -0. | -0. | -0. || -0. | -0. | -0. |
|=====+=====+=====||=====+=====+=====||=====+=====+=====|
| -0. | -0. | -0. || -0. | -0. | -0. || -0. | -0. | -0. |
| -0. | -0. | -0. || -0. |  1. | -0. || -0. | -0. | -0. |
| -0. | -0. | -0. || -0. | -1. | -0. || -0. | -0. | -0. |
|=====+=====+=====||=====+=====+=====||=====+=====+=====|
| -0. | -0. | -0. ||*-0. |*-0. |*-0. || -0. | -0. | -0. |
| -0. | -1. | -0. ||*-0. |*-0. |*-0. || -0. | -0. | -0. |
| -0. | -0. | -0. ||*-0. |*-0. |*-0. ||  1. | -0. | -1. |

, evalForThisState=-1.0, isPlayerOneTurnOriginally=false}, StateDatum{MCTSProbabilites=
|  .0 |  .0 |  .0 ||  .0 |  .0 |  .0 ||  .0 |  .0 |  .0 |
|  .0 |  .0 |  .0 ||  .0 |  .0 |  .0 ||  .0 |  .0 |  .0 |
|  .0 |  .0 |  .0 ||  .0 |  .0 |  .0 ||  .0 |  .0 |  .0 |
|========+========+========||========+========+========||========+========+========|
|  .0 |  .0 |  .0 ||  .1493 |  .0541 |  .3202 ||  .0 |  .0 |  .0 |
|  .0 |  .0 |  .0 ||  .0463 |  .0 |  .1064 ||  .0 |  .0 |  .0 |
|  .0 |  .0 |  .0 ||  .1487 |  .0 |  .1752 ||  .0 |  .0 |  .0 |
|========+========+========||========+========+========||========+========+========|
|  .0 |  .0 |  .0 ||  .0 |  .0 |  .0 ||  .0 |  .0 |  .0 |
|  .0 |  .0 |  .0 ||  .0 |  .0 |  .0 ||  .0 |  .0 |  .0 |
|  .0 |  .0 |  .0 ||  .0 |  .0 |  .0 ||  .0 |  .0 |  .0 |

, state=
|  0. |  0. |  0. ||  0. |  0. |  0. ||  0. |  0. |  0. |
|  0. |  0. |  0. ||  0. |  0. |  0. ||  0. |  0. |  0. |
|  0. |  0. |  0. ||  0. |  0. |  0. ||  0. |  0. |  0. |
|=====+=====+=====||=====+=====+=====||=====+=====+=====|
|  0. |  0. |  0. ||* 0. |* 0. |* 0. ||  0. |  0. |  0. |
|  0. |  0. |  0. ||* 0. |*-1. |* 0. ||  0. |  0. |  0. |
|  0. |  0. |  0. ||* 0. |* 1. |* 0. ||  0. |  0. |  0. |
|=====+=====+=====||=====+=====+=====||=====+=====+=====|
|  0. |  0. |  0. ||  0. |  0. |  0. ||  0. |  0. |  0. |
|  0. |  1. |  0. ||  0. | -1. |  0. ||  0. |  0. |  0. |
|  0. |  0. |  0. ||  0. |  0. |  0. || -1. |  0. |  1. |

, evalForThisState=1.0, isPlayerOneTurnOriginally=true}, StateDatum{MCTSProbabilites=
|  .0 |  .0 |  .0 ||  .0 |  .0 |  .0 ||  .0602 |  .0911 |  .043 |
|  .0 |  .0 |  .0 ||  .0 |  .0 |  .0 ||  .0456 |  .0411 |  .0551 |
|  .0 |  .0 |  .0 ||  .0 |  .0 |  .0 ||  .0286 |  .3464 |  .2891 |
|========+========+========||========+========+========||========+========+========|
|  .0 |  .0 |  .0 ||  .0 |  .0 |  .0 ||  .0 |  .0 |  .0 |
|  .0 |  .0 |  .0 ||  .0 |  .0 |  .0 ||  .0 |  .0 |  .0 |
|  .0 |  .0 |  .0 ||  .0 |  .0 |  .0 ||  .0 |  .0 |  .0 |
|========+========+========||========+========+========||========+========+========|
|  .0 |  .0 |  .0 ||  .0 |  .0 |  .0 ||  .0 |  .0 |  .0 |
|  .0 |  .0 |  .0 ||  .0 |  .0 |  .0 ||  .0 |  .0 |  .0 |
|  .0 |  .0 |  .0 ||  .0 |  .0 |  .0 ||  .0 |  .0 |  .0 |

, state=
| -0. | -0. | -0. || -0. | -0. | -0. ||*-0. |*-0. |*-0. |
| -0. | -0. | -0. || -0. | -0. | -0. ||*-0. |*-0. |*-0. |
| -0. | -0. | -0. || -0. | -0. | -0. ||*-0. |*-0. |*-0. |
|=====+=====+=====||=====+=====+=====||=====+=====+=====|
| -0. | -0. | -0. || -0. | -0. | -1. || -0. | -0. | -0. |
| -0. | -0. | -0. || -0. |  1. | -0. || -0. | -0. | -0. |
| -0. | -0. | -0. || -0. | -1. | -0. || -0. | -0. | -0. |
|=====+=====+=====||=====+=====+=====||=====+=====+=====|
| -0. | -0. | -0. || -0. | -0. | -0. || -0. | -0. | -0. |
| -0. | -1. | -0. || -0. |  1. | -0. || -0. | -0. | -0. |
| -0. | -0. | -0. || -0. | -0. | -0. ||  1. | -0. | -1. |

, evalForThisState=-1.0, isPlayerOneTurnOriginally=false}, StateDatum{MCTSProbabilites=
|  .0 |  .0 |  .0 ||  .0 |  .0 |  .0 ||  .0 |  .0 |  .0 |
|  .0 |  .0 |  .0 ||  .0 |  .0 |  .0 ||  .0 |  .0 |  .0 |
|  .0 |  .0 |  .0 ||  .0 |  .0 |  .0 ||  .0 |  .0 |  .0 |
|========+========+========||========+========+========||========+========+========|
|  .0 |  .0 |  .0 ||  .0 |  .0 |  .0 ||  .0 |  .0 |  .0 |
|  .0 |  .0 |  .0 ||  .0 |  .0 |  .0 ||  .0 |  .0 |  .0 |
|  .0 |  .0 |  .0 ||  .0 |  .0 |  .0 ||  .0 |  .0 |  .0 |
|========+========+========||========+========+========||========+========+========|
|  .0 |  .0 |  .0 ||  .1979 |  .0995 |  .1005 ||  .0 |  .0 |  .0 |
|  .0 |  .0 |  .0 ||  .1142 |  .0 |  .0792 ||  .0 |  .0 |  .0 |
|  .0 |  .0 |  .0 ||  .1413 |  .1133 |  .154 ||  .0 |  .0 |  .0 |

, state=
|  0. |  0. |  0. ||  0. |  0. |  0. ||  0. |  0. |  0. |
|  0. |  0. |  0. ||  0. |  0. |  0. ||  0. |  0. |  0. |
|  0. |  0. |  0. ||  0. |  0. |  0. ||  0. | -1. |  0. |
|=====+=====+=====||=====+=====+=====||=====+=====+=====|
|  0. |  0. |  0. ||  0. |  0. |  1. ||  0. |  0. |  0. |
|  0. |  0. |  0. ||  0. | -1. |  0. ||  0. |  0. |  0. |
|  0. |  0. |  0. ||  0. |  1. |  0. ||  0. |  0. |  0. |
|=====+=====+=====||=====+=====+=====||=====+=====+=====|
|  0. |  0. |  0. ||* 0. |* 0. |* 0. ||  0. |  0. |  0. |
|  0. |  1. |  0. ||* 0. |*-1. |* 0. ||  0. |  0. |  0. |
|  0. |  0. |  0. ||* 0. |* 0. |* 0. || -1. |  0. |  1. |

, evalForThisState=1.0, isPlayerOneTurnOriginally=true}, StateDatum{MCTSProbabilites=
|  .028 |  .0334 |  .0423 ||  .0 |  .0 |  .0 ||  .0 |  .0 |  .0 |
|  .2244 |  .0348 |  .0435 ||  .0 |  .0 |  .0 ||  .0 |  .0 |  .0 |
|  .0279 |  .3002 |  .2655 ||  .0 |  .0 |  .0 ||  .0 |  .0 |  .0 |
|========+========+========||========+========+========||========+========+========|
|  .0 |  .0 |  .0 ||  .0 |  .0 |  .0 ||  .0 |  .0 |  .0 |
|  .0 |  .0 |  .0 ||  .0 |  .0 |  .0 ||  .0 |  .0 |  .0 |
|  .0 |  .0 |  .0 ||  .0 |  .0 |  .0 ||  .0 |  .0 |  .0 |
|========+========+========||========+========+========||========+========+========|
|  .0 |  .0 |  .0 ||  .0 |  .0 |  .0 ||  .0 |  .0 |  .0 |
|  .0 |  .0 |  .0 ||  .0 |  .0 |  .0 ||  .0 |  .0 |  .0 |
|  .0 |  .0 |  .0 ||  .0 |  .0 |  .0 ||  .0 |  .0 |  .0 |

, state=
|*-0. |*-0. |*-0. || -0. | -0. | -0. || -0. | -0. | -0. |
|*-0. |*-0. |*-0. || -0. | -0. | -0. || -0. | -0. | -0. |
|*-0. |*-0. |*-0. || -0. | -0. | -0. || -0. |  1. | -0. |
|=====+=====+=====||=====+=====+=====||=====+=====+=====|
| -0. | -0. | -0. || -0. | -0. | -1. || -0. | -0. | -0. |
| -0. | -0. | -0. || -0. |  1. | -0. || -0. | -0. | -0. |
| -0. | -0. | -0. || -0. | -1. | -0. || -0. | -0. | -0. |
|=====+=====+=====||=====+=====+=====||=====+=====+=====|
| -0. | -0. | -0. || -1. | -0. | -0. || -0. | -0. | -0. |
| -0. | -1. | -0. || -0. |  1. | -0. || -0. | -0. | -0. |
| -0. | -0. | -0. || -0. | -0. | -0. ||  1. | -0. | -1. |

, evalForThisState=-1.0, isPlayerOneTurnOriginally=false}, StateDatum{MCTSProbabilites=
|  .0 |  .0 |  .0 ||  .0 |  .0 |  .0 ||  .0 |  .0 |  .0 |
|  .0 |  .0 |  .0 ||  .0 |  .0 |  .0 ||  .0 |  .0 |  .0 |
|  .0 |  .0 |  .0 ||  .0 |  .0 |  .0 ||  .0 |  .0 |  .0 |
|========+========+========||========+========+========||========+========+========|
|  .0 |  .0 |  .0 ||  .0 |  .0 |  .0 ||  .0 |  .0 |  .0 |
|  .0 |  .0 |  .0 ||  .0 |  .0 |  .0 ||  .0 |  .0 |  .0 |
|  .0 |  .0 |  .0 ||  .0 |  .0 |  .0 ||  .0 |  .0 |  .0 |
|========+========+========||========+========+========||========+========+========|
|  .0 |  .0 |  .0 ||  .0 |  .117 |  .1549 ||  .0 |  .0 |  .0 |
|  .0 |  .0 |  .0 ||  .1071 |  .0 |  .1502 ||  .0 |  .0 |  .0 |
|  .0 |  .0 |  .0 ||  .1199 |  .1483 |  .2027 ||  .0 |  .0 |  .0 |

, state=
|  0. |  0. |  0. ||  0. |  0. |  0. ||  0. |  0. |  0. |
|  0. |  0. |  0. ||  0. |  0. |  0. ||  0. |  0. |  0. |
|  0. | -1. |  0. ||  0. |  0. |  0. ||  0. | -1. |  0. |
|=====+=====+=====||=====+=====+=====||=====+=====+=====|
|  0. |  0. |  0. ||  0. |  0. |  1. ||  0. |  0. |  0. |
|  0. |  0. |  0. ||  0. | -1. |  0. ||  0. |  0. |  0. |
|  0. |  0. |  0. ||  0. |  1. |  0. ||  0. |  0. |  0. |
|=====+=====+=====||=====+=====+=====||=====+=====+=====|
|  0. |  0. |  0. ||* 1. |* 0. |* 0. ||  0. |  0. |  0. |
|  0. |  1. |  0. ||* 0. |*-1. |* 0. ||  0. |  0. |  0. |
|  0. |  0. |  0. ||* 0. |* 0. |* 0. || -1. |  0. |  1. |

, evalForThisState=1.0, isPlayerOneTurnOriginally=true}, StateDatum{MCTSProbabilites=
|  .0 |  .0 |  .0 ||  .0 |  .0 |  .0 ||  .0 |  .0 |  .0 |
|  .0 |  .0 |  .0 ||  .0 |  .0 |  .0 ||  .0 |  .0 |  .0 |
|  .0 |  .0 |  .0 ||  .0 |  .0 |  .0 ||  .0 |  .0 |  .0 |
|========+========+========||========+========+========||========+========+========|
|  .0 |  .0 |  .0 ||  .0 |  .0 |  .0 ||  .0 |  .0 |  .0 |
|  .0 |  .0 |  .0 ||  .0 |  .0 |  .0 ||  .0 |  .0 |  .0 |
|  .0 |  .0 |  .0 ||  .0 |  .0 |  .0 ||  .0 |  .0 |  .0 |
|========+========+========||========+========+========||========+========+========|
|  .0 |  .0 |  .0 ||  .0 |  .0 |  .0 ||  .2117 |  .0489 |  .257 |
|  .0 |  .0 |  .0 ||  .0 |  .0 |  .0 ||  .1039 |  .3111 |  .0482 |
|  .0 |  .0 |  .0 ||  .0 |  .0 |  .0 ||  .0 |  .0193 |  .0 |

, state=
| -0. | -0. | -0. || -0. | -0. | -0. || -0. | -0. | -0. |
| -0. | -0. | -0. || -0. | -0. | -0. || -0. | -0. | -0. |
| -0. |  1. | -0. || -0. | -0. | -0. || -0. |  1. | -0. |
|=====+=====+=====||=====+=====+=====||=====+=====+=====|
| -0. | -0. | -0. || -0. | -0. | -1. || -0. | -0. | -0. |
| -0. | -0. | -0. || -0. |  1. | -0. || -0. | -0. | -0. |
| -0. | -0. | -0. || -0. | -1. | -0. || -0. | -0. | -0. |
|=====+=====+=====||=====+=====+=====||=====+=====+=====|
| -0. | -0. | -0. || -1. | -0. | -0. ||*-0. |*-0. |*-0. |
| -0. | -1. | -0. || -0. |  1. | -0. ||*-0. |*-0. |*-0. |
| -0. | -0. | -0. || -0. | -0. | -1. ||* 1. |*-0. |*-1. |

, evalForThisState=-1.0, isPlayerOneTurnOriginally=false}, StateDatum{MCTSProbabilites=
|  .0 |  .0 |  .0 ||  .0 |  .0 |  .0 ||  .0 |  .0 |  .0 |
|  .0 |  .0 |  .0 ||  .0 |  .0 |  .0 ||  .0 |  .0 |  .0 |
|  .0 |  .0 |  .0 ||  .0 |  .0 |  .0 ||  .0 |  .0 |  .0 |
|========+========+========||========+========+========||========+========+========|
|  .0 |  .0 |  .0 ||  .1075 |  .2847 |  .0 ||  .0 |  .0 |  .0 |
|  .0 |  .0 |  .0 ||  .2012 |  .0 |  .0636 ||  .0 |  .0 |  .0 |
|  .0 |  .0 |  .0 ||  .2605 |  .0 |  .0825 ||  .0 |  .0 |  .0 |
|========+========+========||========+========+========||========+========+========|
|  .0 |  .0 |  .0 ||  .0 |  .0 |  .0 ||  .0 |  .0 |  .0 |
|  .0 |  .0 |  .0 ||  .0 |  .0 |  .0 ||  .0 |  .0 |  .0 |
|  .0 |  .0 |  .0 ||  .0 |  .0 |  .0 ||  .0 |  .0 |  .0 |

, state=
|  0. |  0. |  0. ||  0. |  0. |  0. ||  0. |  0. |  0. |
|  0. |  0. |  0. ||  0. |  0. |  0. ||  0. |  0. |  0. |
|  0. | -1. |  0. ||  0. |  0. |  0. ||  0. | -1. |  0. |
|=====+=====+=====||=====+=====+=====||=====+=====+=====|
|  0. |  0. |  0. ||* 0. |* 0. |* 1. ||  0. |  0. |  0. |
|  0. |  0. |  0. ||* 0. |*-1. |* 0. ||  0. |  0. |  0. |
|  0. |  0. |  0. ||* 0. |* 1. |* 0. ||  0. |  0. |  0. |
|=====+=====+=====||=====+=====+=====||=====+=====+=====|
|  0. |  0. |  0. ||  1. |  0. |  0. ||  0. |  0. |  0. |
|  0. |  1. |  0. ||  0. | -1. |  0. ||  0. | -1. |  0. |
|  0. |  0. |  0. ||  0. |  0. |  1. || -1. |  0. |  1. |

, evalForThisState=1.0, isPlayerOneTurnOriginally=true}, StateDatum{MCTSProbabilites=
|  .0 |  .0 |  .0 ||  .1272 |  .0507 |  .1552 ||  .0 |  .0 |  .0 |
|  .0 |  .0 |  .0 ||  .1301 |  .1141 |  .0806 ||  .0 |  .0 |  .0 |
|  .0 |  .0 |  .0 ||  .0569 |  .1802 |  .105 ||  .0 |  .0 |  .0 |
|========+========+========||========+========+========||========+========+========|
|  .0 |  .0 |  .0 ||  .0 |  .0 |  .0 ||  .0 |  .0 |  .0 |
|  .0 |  .0 |  .0 ||  .0 |  .0 |  .0 ||  .0 |  .0 |  .0 |
|  .0 |  .0 |  .0 ||  .0 |  .0 |  .0 ||  .0 |  .0 |  .0 |
|========+========+========||========+========+========||========+========+========|
|  .0 |  .0 |  .0 ||  .0 |  .0 |  .0 ||  .0 |  .0 |  .0 |
|  .0 |  .0 |  .0 ||  .0 |  .0 |  .0 ||  .0 |  .0 |  .0 |
|  .0 |  .0 |  .0 ||  .0 |  .0 |  .0 ||  .0 |  .0 |  .0 |

, state=
| -0. | -0. | -0. ||*-0. |*-0. |*-0. || -0. | -0. | -0. |
| -0. | -0. | -0. ||*-0. |*-0. |*-0. || -0. | -0. | -0. |
| -0. |  1. | -0. ||*-0. |*-0. |*-0. || -0. |  1. | -0. |
|=====+=====+=====||=====+=====+=====||=====+=====+=====|
| -0. | -0. | -0. || -0. | -1. | -1. || -0. | -0. | -0. |
| -0. | -0. | -0. || -0. |  1. | -0. || -0. | -0. | -0. |
| -0. | -0. | -0. || -0. | -1. | -0. || -0. | -0. | -0. |
|=====+=====+=====||=====+=====+=====||=====+=====+=====|
| -0. | -0. | -0. || -1. | -0. | -0. || -0. | -0. | -0. |
| -0. | -1. | -0. || -0. |  1. | -0. || -0. |  1. | -0. |
| -0. | -0. | -0. || -0. | -0. | -1. ||  1. | -0. | -1. |

, evalForThisState=-1.0, isPlayerOneTurnOriginally=false}, StateDatum{MCTSProbabilites=
|  .0 |  .0 |  .0 ||  .0 |  .0 |  .0 ||  .0 |  .0 |  .0 |
|  .0 |  .0 |  .0 ||  .0 |  .0 |  .0 ||  .0 |  .0 |  .0 |
|  .0 |  .0 |  .0 ||  .0 |  .0 |  .0 ||  .0 |  .0 |  .0 |
|========+========+========||========+========+========||========+========+========|
|  .0 |  .0 |  .0 ||  .0 |  .0 |  .0 ||  .0 |  .0 |  .0 |
|  .0 |  .0 |  .0 ||  .0 |  .0 |  .0 ||  .0 |  .0 |  .0 |
|  .0 |  .0 |  .0 ||  .0 |  .0 |  .0 ||  .0 |  .0 |  .0 |
|========+========+========||========+========+========||========+========+========|
|  .0 |  .0 |  .0 ||  .0 |  .2163 |  .2558 ||  .0 |  .0 |  .0 |
|  .0 |  .0 |  .0 ||  .0692 |  .0 |  .0531 ||  .0 |  .0 |  .0 |
|  .0 |  .0 |  .0 ||  .1883 |  .2172 |  .0 ||  .0 |  .0 |  .0 |

, state=
|  0. |  0. |  0. ||  0. |  0. |  0. ||  0. |  0. |  0. |
|  0. |  0. |  0. ||  0. |  0. |  0. ||  0. |  0. |  0. |
|  0. | -1. |  0. ||  0. | -1. |  0. ||  0. | -1. |  0. |
|=====+=====+=====||=====+=====+=====||=====+=====+=====|
|  0. |  0. |  0. ||  0. |  1. |  1. ||  0. |  0. |  0. |
|  0. |  0. |  0. ||  0. | -1. |  0. ||  0. |  0. |  0. |
|  0. |  0. |  0. ||  0. |  1. |  0. ||  0. |  0. |  0. |
|=====+=====+=====||=====+=====+=====||=====+=====+=====|
|  0. |  0. |  0. ||* 1. |* 0. |* 0. ||  0. |  0. |  0. |
|  0. |  1. |  0. ||* 0. |*-1. |* 0. ||  0. | -1. |  0. |
|  0. |  0. |  0. ||* 0. |* 0. |* 1. || -1. |  0. |  1. |

, evalForThisState=1.0, isPlayerOneTurnOriginally=true}, StateDatum{MCTSProbabilites=
|  .0 |  .0 |  .0 ||  .0 |  .0 |  .0 ||  .1838 |  .1218 |  .1836 |
|  .0 |  .0 |  .0 ||  .0 |  .0 |  .0 ||  .1278 |  .0766 |  .1127 |
|  .0 |  .0 |  .0 ||  .0 |  .0 |  .0 ||  .105 |  .0 |  .0887 |
|========+========+========||========+========+========||========+========+========|
|  .0 |  .0 |  .0 ||  .0 |  .0 |  .0 ||  .0 |  .0 |  .0 |
|  .0 |  .0 |  .0 ||  .0 |  .0 |  .0 ||  .0 |  .0 |  .0 |
|  .0 |  .0 |  .0 ||  .0 |  .0 |  .0 ||  .0 |  .0 |  .0 |
|========+========+========||========+========+========||========+========+========|
|  .0 |  .0 |  .0 ||  .0 |  .0 |  .0 ||  .0 |  .0 |  .0 |
|  .0 |  .0 |  .0 ||  .0 |  .0 |  .0 ||  .0 |  .0 |  .0 |
|  .0 |  .0 |  .0 ||  .0 |  .0 |  .0 ||  .0 |  .0 |  .0 |

, state=
| -0. | -0. | -0. || -0. | -0. | -0. ||*-0. |*-0. |*-0. |
| -0. | -0. | -0. || -0. | -0. | -0. ||*-0. |*-0. |*-0. |
| -0. |  1. | -0. || -0. |  1. | -0. ||*-0. |* 1. |*-0. |
|=====+=====+=====||=====+=====+=====||=====+=====+=====|
| -0. | -0. | -0. || -0. | -1. | -1. || -0. | -0. | -0. |
| -0. | -0. | -0. || -0. |  1. | -0. || -0. | -0. | -0. |
| -0. | -0. | -0. || -0. | -1. | -0. || -0. | -0. | -0. |
|=====+=====+=====||=====+=====+=====||=====+=====+=====|
| -0. | -0. | -0. || -1. | -0. | -1. || -0. | -0. | -0. |
| -0. | -1. | -0. || -0. |  1. | -0. || -0. |  1. | -0. |
| -0. | -0. | -0. || -0. | -0. | -1. ||  1. | -0. | -1. |

, evalForThisState=-1.0, isPlayerOneTurnOriginally=false}, StateDatum{MCTSProbabilites=
|  .1451 |  .0425 |  .1524 ||  .0 |  .0 |  .0 ||  .0 |  .0 |  .0 |
|  .0325 |  .1559 |  .151 ||  .0 |  .0 |  .0 ||  .0 |  .0 |  .0 |
|  .1925 |  .0 |  .1281 ||  .0 |  .0 |  .0 ||  .0 |  .0 |  .0 |
|========+========+========||========+========+========||========+========+========|
|  .0 |  .0 |  .0 ||  .0 |  .0 |  .0 ||  .0 |  .0 |  .0 |
|  .0 |  .0 |  .0 ||  .0 |  .0 |  .0 ||  .0 |  .0 |  .0 |
|  .0 |  .0 |  .0 ||  .0 |  .0 |  .0 ||  .0 |  .0 |  .0 |
|========+========+========||========+========+========||========+========+========|
|  .0 |  .0 |  .0 ||  .0 |  .0 |  .0 ||  .0 |  .0 |  .0 |
|  .0 |  .0 |  .0 ||  .0 |  .0 |  .0 ||  .0 |  .0 |  .0 |
|  .0 |  .0 |  .0 ||  .0 |  .0 |  .0 ||  .0 |  .0 |  .0 |

, state=
|* 0. |* 0. |* 0. ||  0. |  0. |  0. || -1. |  0. |  0. |
|* 0. |* 0. |* 0. ||  0. |  0. |  0. ||  0. |  0. |  0. |
|* 0. |*-1. |* 0. ||  0. | -1. |  0. ||  0. | -1. |  0. |
|=====+=====+=====||=====+=====+=====||=====+=====+=====|
|  0. |  0. |  0. ||  0. |  1. |  1. ||  0. |  0. |  0. |
|  0. |  0. |  0. ||  0. | -1. |  0. ||  0. |  0. |  0. |
|  0. |  0. |  0. ||  0. |  1. |  0. ||  0. |  0. |  0. |
|=====+=====+=====||=====+=====+=====||=====+=====+=====|
|  0. |  0. |  0. ||  1. |  0. |  1. ||  0. |  0. |  0. |
|  0. |  1. |  0. ||  0. | -1. |  0. ||  0. | -1. |  0. |
|  0. |  0. |  0. ||  0. |  0. |  1. || -1. |  0. |  1. |

, evalForThisState=1.0, isPlayerOneTurnOriginally=true}, StateDatum{MCTSProbabilites=
|  .0 |  .0 |  .0 ||  .0 |  .0 |  .0 ||  .0 |  .0 |  .0 |
|  .0 |  .0 |  .0 ||  .0 |  .0 |  .0 ||  .0 |  .0 |  .0 |
|  .0 |  .0 |  .0 ||  .0 |  .0 |  .0 ||  .0 |  .0 |  .0 |
|========+========+========||========+========+========||========+========+========|
|  .0 |  .0 |  .0 ||  .0 |  .0 |  .0 ||  .0 |  .0 |  .0 |
|  .0 |  .0 |  .0 ||  .0 |  .0 |  .0 ||  .0 |  .0 |  .0 |
|  .0 |  .0 |  .0 ||  .0 |  .0 |  .0 ||  .0 |  .0 |  .0 |
|========+========+========||========+========+========||========+========+========|
|  .1534 |  .0593 |  .15 ||  .0 |  .0 |  .0 ||  .0 |  .0 |  .0 |
|  .1747 |  .0 |  .1078 ||  .0 |  .0 |  .0 ||  .0 |  .0 |  .0 |
|  .1165 |  .1147 |  .1237 ||  .0 |  .0 |  .0 ||  .0 |  .0 |  .0 |

, state=
| -0. | -0. | -0. || -0. | -0. | -0. ||  1. | -0. | -0. |
| -0. | -0. | -0. || -0. | -0. | -0. || -0. | -0. | -0. |
| -1. |  1. | -0. || -0. |  1. | -0. || -0. |  1. | -0. |
|=====+=====+=====||=====+=====+=====||=====+=====+=====|
| -0. | -0. | -0. || -0. | -1. | -1. || -0. | -0. | -0. |
| -0. | -0. | -0. || -0. |  1. | -0. || -0. | -0. | -0. |
| -0. | -0. | -0. || -0. | -1. | -0. || -0. | -0. | -0. |
|=====+=====+=====||=====+=====+=====||=====+=====+=====|
|*-0. |*-0. |*-0. || -1. | -0. | -1. || -0. | -0. | -0. |
|*-0. |*-1. |*-0. || -0. |  1. | -0. || -0. |  1. | -0. |
|*-0. |*-0. |*-0. || -0. | -0. | -1. ||  1. | -0. | -1. |

, evalForThisState=-1.0, isPlayerOneTurnOriginally=false}, StateDatum{MCTSProbabilites=
|  .0 |  .0 |  .0 ||  .0 |  .0 |  .0 ||  .0 |  .0 |  .0 |
|  .0 |  .0 |  .0 ||  .0 |  .0 |  .0 ||  .0 |  .0 |  .0 |
|  .0 |  .0 |  .0 ||  .0 |  .0 |  .0 ||  .0 |  .0 |  .0 |
|========+========+========||========+========+========||========+========+========|
|  .1445 |  .0603 |  .125 ||  .0 |  .0 |  .0 ||  .0 |  .0 |  .0 |
|  .1044 |  .1438 |  .1091 ||  .0 |  .0 |  .0 ||  .0 |  .0 |  .0 |
|  .1761 |  .0865 |  .0502 ||  .0 |  .0 |  .0 ||  .0 |  .0 |  .0 |
|========+========+========||========+========+========||========+========+========|
|  .0 |  .0 |  .0 ||  .0 |  .0 |  .0 ||  .0 |  .0 |  .0 |
|  .0 |  .0 |  .0 ||  .0 |  .0 |  .0 ||  .0 |  .0 |  .0 |
|  .0 |  .0 |  .0 ||  .0 |  .0 |  .0 ||  .0 |  .0 |  .0 |

, state=
|  0. |  0. |  0. ||  0. |  0. |  0. || -1. |  0. |  0. |
|  0. |  0. |  0. ||  0. |  0. |  0. ||  0. |  0. |  0. |
|  1. | -1. |  0. ||  0. | -1. |  0. ||  0. | -1. |  0. |
|=====+=====+=====||=====+=====+=====||=====+=====+=====|
|* 0. |* 0. |* 0. ||  0. |  1. |  1. ||  0. |  0. |  0. |
|* 0. |* 0. |* 0. ||  0. | -1. |  0. ||  0. |  0. |  0. |
|* 0. |* 0. |* 0. ||  0. |  1. |  0. ||  0. |  0. |  0. |
|=====+=====+=====||=====+=====+=====||=====+=====+=====|
|  0. |  0. |  0. ||  1. |  0. |  1. ||  0. |  0. |  0. |
| -1. |  1. |  0. ||  0. | -1. |  0. ||  0. | -1. |  0. |
|  0. |  0. |  0. ||  0. |  0. |  1. || -1. |  0. |  1. |

, evalForThisState=1.0, isPlayerOneTurnOriginally=true}, StateDatum{MCTSProbabilites=
|  .0 |  .0 |  .0 ||  .0 |  .0 |  .0 ||  .0 |  .0 |  .0 |
|  .0 |  .0 |  .0 ||  .0 |  .0 |  .0 ||  .0 |  .0 |  .0 |
|  .0 |  .0 |  .0 ||  .0 |  .0 |  .0 ||  .0 |  .0 |  .0 |
|========+========+========||========+========+========||========+========+========|
|  .0 |  .0 |  .0 ||  .0 |  .0 |  .0 ||  .0 |  .0 |  .0 |
|  .0 |  .0 |  .0 ||  .0 |  .0 |  .0 ||  .0 |  .0 |  .0 |
|  .0 |  .0 |  .0 ||  .0 |  .0 |  .0 ||  .0 |  .0 |  .0 |
|========+========+========||========+========+========||========+========+========|
|  .1243 |  .204 |  .1932 ||  .0 |  .0 |  .0 ||  .0 |  .0 |  .0 |
|  .0 |  .0 |  .0234 ||  .0 |  .0 |  .0 ||  .0 |  .0 |  .0 |
|  .1414 |  .1729 |  .1408 ||  .0 |  .0 |  .0 ||  .0 |  .0 |  .0 |

, state=
| -0. | -0. | -0. || -0. | -0. | -0. ||  1. | -0. | -0. |
| -0. | -0. | -0. || -0. | -0. | -0. || -0. | -0. | -0. |
| -1. |  1. | -0. || -0. |  1. | -0. || -0. |  1. | -0. |
|=====+=====+=====||=====+=====+=====||=====+=====+=====|
| -0. | -0. | -0. || -0. | -1. | -1. || -0. | -0. | -0. |
| -0. | -0. | -0. || -0. |  1. | -0. || -0. | -0. | -0. |
| -1. | -0. | -0. || -0. | -1. | -0. || -0. | -0. | -0. |
|=====+=====+=====||=====+=====+=====||=====+=====+=====|
|*-0. |*-0. |*-0. || -1. | -0. | -1. || -0. | -0. | -0. |
|* 1. |*-1. |*-0. || -0. |  1. | -0. || -0. |  1. | -0. |
|*-0. |*-0. |*-0. || -0. | -0. | -1. ||  1. | -0. | -1. |

, evalForThisState=-1.0, isPlayerOneTurnOriginally=false}, StateDatum{MCTSProbabilites=
|  .0 |  .0 |  .0 ||  .0769 |  .1188 |  .1243 ||  .0 |  .0 |  .0 |
|  .0 |  .0 |  .0 ||  .1879 |  .1444 |  .0943 ||  .0 |  .0 |  .0 |
|  .0 |  .0 |  .0 ||  .1539 |  .0 |  .0995 ||  .0 |  .0 |  .0 |
|========+========+========||========+========+========||========+========+========|
|  .0 |  .0 |  .0 ||  .0 |  .0 |  .0 ||  .0 |  .0 |  .0 |
|  .0 |  .0 |  .0 ||  .0 |  .0 |  .0 ||  .0 |  .0 |  .0 |
|  .0 |  .0 |  .0 ||  .0 |  .0 |  .0 ||  .0 |  .0 |  .0 |
|========+========+========||========+========+========||========+========+========|
|  .0 |  .0 |  .0 ||  .0 |  .0 |  .0 ||  .0 |  .0 |  .0 |
|  .0 |  .0 |  .0 ||  .0 |  .0 |  .0 ||  .0 |  .0 |  .0 |
|  .0 |  .0 |  .0 ||  .0 |  .0 |  .0 ||  .0 |  .0 |  .0 |

, state=
|  0. |  0. |  0. ||* 0. |* 0. |* 0. || -1. |  0. |  0. |
|  0. |  0. |  0. ||* 0. |* 0. |* 0. ||  0. |  0. |  0. |
|  1. | -1. |  0. ||* 0. |*-1. |* 0. ||  0. | -1. |  0. |
|=====+=====+=====||=====+=====+=====||=====+=====+=====|
|  0. |  0. |  0. ||  0. |  1. |  1. ||  0. |  0. |  0. |
|  0. |  0. |  0. ||  0. | -1. |  0. ||  0. |  0. |  0. |
|  1. |  0. |  0. ||  0. |  1. |  0. ||  0. |  0. |  0. |
|=====+=====+=====||=====+=====+=====||=====+=====+=====|
|  0. | -1. |  0. ||  1. |  0. |  1. ||  0. |  0. |  0. |
| -1. |  1. |  0. ||  0. | -1. |  0. ||  0. | -1. |  0. |
|  0. |  0. |  0. ||  0. |  0. |  1. || -1. |  0. |  1. |

, evalForThisState=1.0, isPlayerOneTurnOriginally=true}, StateDatum{MCTSProbabilites=
|  .0 |  .0 |  .0 ||  .0 |  .0 |  .0 ||  .0 |  .0 |  .0 |
|  .0 |  .0 |  .0 ||  .0 |  .0 |  .0 ||  .0 |  .0 |  .0 |
|  .0 |  .0 |  .0 ||  .0 |  .0 |  .0 ||  .0 |  .0 |  .0 |
|========+========+========||========+========+========||========+========+========|
|  .1437 |  .1754 |  .0592 ||  .0 |  .0 |  .0 ||  .0 |  .0 |  .0 |
|  .1093 |  .1367 |  .1637 ||  .0 |  .0 |  .0 ||  .0 |  .0 |  .0 |
|  .0 |  .0952 |  .1169 ||  .0 |  .0 |  .0 ||  .0 |  .0 |  .0 |
|========+========+========||========+========+========||========+========+========|
|  .0 |  .0 |  .0 ||  .0 |  .0 |  .0 ||  .0 |  .0 |  .0 |
|  .0 |  .0 |  .0 ||  .0 |  .0 |  .0 ||  .0 |  .0 |  .0 |
|  .0 |  .0 |  .0 ||  .0 |  .0 |  .0 ||  .0 |  .0 |  .0 |

, state=
| -0. | -0. | -0. || -0. | -0. | -0. ||  1. | -0. | -0. |
| -0. | -0. | -0. || -1. | -0. | -0. || -0. | -0. | -0. |
| -1. |  1. | -0. || -0. |  1. | -0. || -0. |  1. | -0. |
|=====+=====+=====||=====+=====+=====||=====+=====+=====|
|*-0. |*-0. |*-0. || -0. | -1. | -1. || -0. | -0. | -0. |
|*-0. |*-0. |*-0. || -0. |  1. | -0. || -0. | -0. | -0. |
|*-1. |*-0. |*-0. || -0. | -1. | -0. || -0. | -0. | -0. |
|=====+=====+=====||=====+=====+=====||=====+=====+=====|
| -0. |  1. | -0. || -1. | -0. | -1. || -0. | -0. | -0. |
|  1. | -1. | -0. || -0. |  1. | -0. || -0. |  1. | -0. |
| -0. | -0. | -0. || -0. | -0. | -1. ||  1. | -0. | -1. |

, evalForThisState=-1.0, isPlayerOneTurnOriginally=false}, StateDatum{MCTSProbabilites=
|  .0 |  .0 |  .0 ||  .0848 |  .1825 |  .1705 ||  .0 |  .0 |  .0 |
|  .0 |  .0 |  .0 ||  .0 |  .1627 |  .1054 ||  .0 |  .0 |  .0 |
|  .0 |  .0 |  .0 ||  .1873 |  .0 |  .1067 ||  .0 |  .0 |  .0 |
|========+========+========||========+========+========||========+========+========|
|  .0 |  .0 |  .0 ||  .0 |  .0 |  .0 ||  .0 |  .0 |  .0 |
|  .0 |  .0 |  .0 ||  .0 |  .0 |  .0 ||  .0 |  .0 |  .0 |
|  .0 |  .0 |  .0 ||  .0 |  .0 |  .0 ||  .0 |  .0 |  .0 |
|========+========+========||========+========+========||========+========+========|
|  .0 |  .0 |  .0 ||  .0 |  .0 |  .0 ||  .0 |  .0 |  .0 |
|  .0 |  .0 |  .0 ||  .0 |  .0 |  .0 ||  .0 |  .0 |  .0 |
|  .0 |  .0 |  .0 ||  .0 |  .0 |  .0 ||  .0 |  .0 |  .0 |

, state=
|  0. |  0. |  0. ||* 0. |* 0. |* 0. || -1. |  0. |  0. |
|  0. |  0. |  0. ||* 1. |* 0. |* 0. ||  0. |  0. |  0. |
|  1. | -1. |  0. ||* 0. |*-1. |* 0. ||  0. | -1. |  0. |
|=====+=====+=====||=====+=====+=====||=====+=====+=====|
|  0. | -1. |  0. ||  0. |  1. |  1. ||  0. |  0. |  0. |
|  0. |  0. |  0. ||  0. | -1. |  0. ||  0. |  0. |  0. |
|  1. |  0. |  0. ||  0. |  1. |  0. ||  0. |  0. |  0. |
|=====+=====+=====||=====+=====+=====||=====+=====+=====|
|  0. | -1. |  0. ||  1. |  0. |  1. ||  0. |  0. |  0. |
| -1. |  1. |  0. ||  0. | -1. |  0. ||  0. | -1. |  0. |
|  0. |  0. |  0. ||  0. |  0. |  1. || -1. |  0. |  1. |

, evalForThisState=1.0, isPlayerOneTurnOriginally=true}, StateDatum{MCTSProbabilites=
|  .0 |  .0 |  .0 ||  .0 |  .0 |  .0 ||  .0 |  .0 |  .0 |
|  .0 |  .0 |  .0 ||  .0 |  .0 |  .0 ||  .0 |  .0 |  .0 |
|  .0 |  .0 |  .0 ||  .0 |  .0 |  .0 ||  .0 |  .0 |  .0 |
|========+========+========||========+========+========||========+========+========|
|  .0 |  .0 |  .0 ||  .0 |  .0 |  .0 ||  .0 |  .0 |  .0 |
|  .0 |  .0 |  .0 ||  .0 |  .0 |  .0 ||  .0 |  .0 |  .0 |
|  .0 |  .0 |  .0 ||  .0 |  .0 |  .0 ||  .0 |  .0 |  .0 |
|========+========+========||========+========+========||========+========+========|
|  .1548 |  .0 |  .1617 ||  .0 |  .0 |  .0 ||  .0 |  .0 |  .0 |
|  .0 |  .0 |  .2137 ||  .0 |  .0 |  .0 ||  .0 |  .0 |  .0 |
|  .1917 |  .1078 |  .1703 ||  .0 |  .0 |  .0 ||  .0 |  .0 |  .0 |

, state=
| -0. | -0. | -0. || -0. | -0. | -0. ||  1. | -0. | -0. |
| -0. | -0. | -0. || -1. | -0. | -0. || -0. | -0. | -0. |
| -1. |  1. | -0. || -1. |  1. | -0. || -0. |  1. | -0. |
|=====+=====+=====||=====+=====+=====||=====+=====+=====|
| -0. |  1. | -0. || -0. | -1. | -1. || -0. | -0. | -0. |
| -0. | -0. | -0. || -0. |  1. | -0. || -0. | -0. | -0. |
| -1. | -0. | -0. || -0. | -1. | -0. || -0. | -0. | -0. |
|=====+=====+=====||=====+=====+=====||=====+=====+=====|
|*-0. |* 1. |*-0. || -1. | -0. | -1. || -0. | -0. | -0. |
|* 1. |*-1. |*-0. || -0. |  1. | -0. || -0. |  1. | -0. |
|*-0. |*-0. |*-0. || -0. | -0. | -1. ||  1. | -0. | -1. |

, evalForThisState=-1.0, isPlayerOneTurnOriginally=false}, StateDatum{MCTSProbabilites=
|  .0 |  .0 |  .0 ||  .0 |  .0 |  .0 ||  .0 |  .0 |  .0 |
|  .0 |  .0 |  .0 ||  .0 |  .0 |  .0 ||  .0 |  .0 |  .0 |
|  .0 |  .0 |  .0 ||  .0 |  .0 |  .0 ||  .0 |  .0 |  .0 |
|========+========+========||========+========+========||========+========+========|
|  .0 |  .0 |  .0 ||  .0 |  .0 |  .0 ||  .0814 |  .0933 |  .0518 |
|  .0 |  .0 |  .0 ||  .0 |  .0 |  .0 ||  .2128 |  .1432 |  .0844 |
|  .0 |  .0 |  .0 ||  .0 |  .0 |  .0 ||  .119 |  .1298 |  .0842 |
|========+========+========||========+========+========||========+========+========|
|  .0 |  .0 |  .0 ||  .0 |  .0 |  .0 ||  .0 |  .0 |  .0 |
|  .0 |  .0 |  .0 ||  .0 |  .0 |  .0 ||  .0 |  .0 |  .0 |
|  .0 |  .0 |  .0 ||  .0 |  .0 |  .0 ||  .0 |  .0 |  .0 |

, state=
|  0. |  0. |  0. ||  0. |  0. |  0. || -1. |  0. |  0. |
|  0. |  0. |  0. ||  1. |  0. |  0. ||  0. |  0. |  0. |
|  1. | -1. |  0. ||  1. | -1. |  0. ||  0. | -1. |  0. |
|=====+=====+=====||=====+=====+=====||=====+=====+=====|
|  0. | -1. |  0. ||  0. |  1. |  1. ||* 0. |* 0. |* 0. |
|  0. |  0. |  0. ||  0. | -1. |  0. ||* 0. |* 0. |* 0. |
|  1. |  0. |  0. ||  0. |  1. |  0. ||* 0. |* 0. |* 0. |
|=====+=====+=====||=====+=====+=====||=====+=====+=====|
|  0. | -1. |  0. ||  1. |  0. |  1. ||  0. |  0. |  0. |
| -1. |  1. | -1. ||  0. | -1. |  0. ||  0. | -1. |  0. |
|  0. |  0. |  0. ||  0. |  0. |  1. || -1. |  0. |  1. |

, evalForThisState=1.0, isPlayerOneTurnOriginally=true}, StateDatum{MCTSProbabilites=
|  .0 |  .0 |  .0 ||  .0 |  .0 |  .0 ||  .0 |  .0 |  .0 |
|  .0 |  .0 |  .0 ||  .0 |  .0 |  .0 ||  .0 |  .0 |  .0 |
|  .0 |  .0 |  .0 ||  .0 |  .0 |  .0 ||  .0 |  .0 |  .0 |
|========+========+========||========+========+========||========+========+========|
|  .1551 |  .0 |  .125 ||  .0 |  .0 |  .0 ||  .0 |  .0 |  .0 |
|  .1488 |  .1432 |  .1281 ||  .0 |  .0 |  .0 ||  .0 |  .0 |  .0 |
|  .0 |  .1395 |  .1602 ||  .0 |  .0 |  .0 ||  .0 |  .0 |  .0 |
|========+========+========||========+========+========||========+========+========|
|  .0 |  .0 |  .0 ||  .0 |  .0 |  .0 ||  .0 |  .0 |  .0 |
|  .0 |  .0 |  .0 ||  .0 |  .0 |  .0 ||  .0 |  .0 |  .0 |
|  .0 |  .0 |  .0 ||  .0 |  .0 |  .0 ||  .0 |  .0 |  .0 |

, state=
| -0. | -0. | -0. || -0. | -0. | -0. ||  1. | -0. | -0. |
| -0. | -0. | -0. || -1. | -0. | -0. || -0. | -0. | -0. |
| -1. |  1. | -0. || -1. |  1. | -0. || -0. |  1. | -0. |
|=====+=====+=====||=====+=====+=====||=====+=====+=====|
|*-0. |* 1. |*-0. || -0. | -1. | -1. || -0. | -0. | -0. |
|*-0. |*-0. |*-0. || -0. |  1. | -0. || -1. | -0. | -0. |
|*-1. |*-0. |*-0. || -0. | -1. | -0. || -0. | -0. | -0. |
|=====+=====+=====||=====+=====+=====||=====+=====+=====|
| -0. |  1. | -0. || -1. | -0. | -1. || -0. | -0. | -0. |
|  1. | -1. |  1. || -0. |  1. | -0. || -0. |  1. | -0. |
| -0. | -0. | -0. || -0. | -0. | -1. ||  1. | -0. | -1. |

, evalForThisState=-1.0, isPlayerOneTurnOriginally=false}, StateDatum{MCTSProbabilites=
|  .0 |  .0 |  .0 ||  .0 |  .0 |  .0 ||  .0 |  .0 |  .0 |
|  .0 |  .0 |  .0 ||  .0 |  .0 |  .0 ||  .0 |  .0 |  .0 |
|  .0 |  .0 |  .0 ||  .0 |  .0 |  .0 ||  .0 |  .0 |  .0 |
|========+========+========||========+========+========||========+========+========|
|  .0 |  .0 |  .0 ||  .0 |  .0 |  .0 ||  .0 |  .0 |  .0 |
|  .0 |  .0 |  .0 ||  .0 |  .0 |  .0 ||  .0 |  .0 |  .0 |
|  .0 |  .0 |  .0 ||  .0 |  .0 |  .0 ||  .0 |  .0 |  .0 |
|========+========+========||========+========+========||========+========+========|
|  .0 |  .0 |  .0 ||  .0 |  .0 |  .0 ||  .458 |  .1193 |  .0652 |
|  .0 |  .0 |  .0 ||  .0 |  .0 |  .0 ||  .1446 |  .0 |  .0642 |
|  .0 |  .0 |  .0 ||  .0 |  .0 |  .0 ||  .0 |  .1488 |  .0 |

, state=
|  0. |  0. |  0. ||  0. |  0. |  0. || -1. |  0. |  0. |
|  0. |  0. |  0. ||  1. |  0. |  0. ||  0. |  0. |  0. |
|  1. | -1. |  0. ||  1. | -1. |  0. ||  0. | -1. |  0. |
|=====+=====+=====||=====+=====+=====||=====+=====+=====|
|  0. | -1. |  0. ||  0. |  1. |  1. ||  0. |  0. |  0. |
|  0. |  0. |  0. ||  0. | -1. |  0. ||  1. |  0. |  0. |
|  1. |  0. | -1. ||  0. |  1. |  0. ||  0. |  0. |  0. |
|=====+=====+=====||=====+=====+=====||=====+=====+=====|
|  0. | -1. |  0. ||  1. |  0. |  1. ||* 0. |* 0. |* 0. |
| -1. |  1. | -1. ||  0. | -1. |  0. ||* 0. |*-1. |* 0. |
|  0. |  0. |  0. ||  0. |  0. |  1. ||*-1. |* 0. |* 1. |

, evalForThisState=1.0, isPlayerOneTurnOriginally=true}, StateDatum{MCTSProbabilites=
|  .1772 |  .1249 |  .1314 ||  .0 |  .0 |  .0 ||  .0 |  .0 |  .0 |
|  .1389 |  .1647 |  .1219 ||  .0 |  .0 |  .0 ||  .0 |  .0 |  .0 |
|  .0 |  .0 |  .141 ||  .0 |  .0 |  .0 ||  .0 |  .0 |  .0 |
|========+========+========||========+========+========||========+========+========|
|  .0 |  .0 |  .0 ||  .0 |  .0 |  .0 ||  .0 |  .0 |  .0 |
|  .0 |  .0 |  .0 ||  .0 |  .0 |  .0 ||  .0 |  .0 |  .0 |
|  .0 |  .0 |  .0 ||  .0 |  .0 |  .0 ||  .0 |  .0 |  .0 |
|========+========+========||========+========+========||========+========+========|
|  .0 |  .0 |  .0 ||  .0 |  .0 |  .0 ||  .0 |  .0 |  .0 |
|  .0 |  .0 |  .0 ||  .0 |  .0 |  .0 ||  .0 |  .0 |  .0 |
|  .0 |  .0 |  .0 ||  .0 |  .0 |  .0 ||  .0 |  .0 |  .0 |

, state=
|*-0. |*-0. |*-0. || -0. | -0. | -0. ||  1. | -0. | -0. |
|*-0. |*-0. |*-0. || -1. | -0. | -0. || -0. | -0. | -0. |
|*-1. |* 1. |*-0. || -1. |  1. | -0. || -0. |  1. | -0. |
|=====+=====+=====||=====+=====+=====||=====+=====+=====|
| -0. |  1. | -0. || -0. | -1. | -1. || -0. | -0. | -0. |
| -0. | -0. | -0. || -0. |  1. | -0. || -1. | -0. | -0. |
| -1. | -0. |  1. || -0. | -1. | -0. || -0. | -0. | -0. |
|=====+=====+=====||=====+=====+=====||=====+=====+=====|
| -0. |  1. | -0. || -1. | -0. | -1. || -1. | -0. | -0. |
|  1. | -1. |  1. || -0. |  1. | -0. || -0. |  1. | -0. |
| -0. | -0. | -0. || -0. | -0. | -1. ||  1. | -0. | -1. |

, evalForThisState=-1.0, isPlayerOneTurnOriginally=false}, StateDatum{MCTSProbabilites=
|  .0 |  .0953 |  .3141 ||  .0 |  .0 |  .0 ||  .0 |  .0 |  .0 |
|  .1056 |  .0915 |  .2712 ||  .0 |  .0 |  .0 ||  .0 |  .0 |  .0 |
|  .0 |  .0 |  .1221 ||  .0 |  .0 |  .0 ||  .0 |  .0 |  .0 |
|========+========+========||========+========+========||========+========+========|
|  .0 |  .0 |  .0 ||  .0 |  .0 |  .0 ||  .0 |  .0 |  .0 |
|  .0 |  .0 |  .0 ||  .0 |  .0 |  .0 ||  .0 |  .0 |  .0 |
|  .0 |  .0 |  .0 ||  .0 |  .0 |  .0 ||  .0 |  .0 |  .0 |
|========+========+========||========+========+========||========+========+========|
|  .0 |  .0 |  .0 ||  .0 |  .0 |  .0 ||  .0 |  .0 |  .0 |
|  .0 |  .0 |  .0 ||  .0 |  .0 |  .0 ||  .0 |  .0 |  .0 |
|  .0 |  .0 |  .0 ||  .0 |  .0 |  .0 ||  .0 |  .0 |  .0 |

, state=
|*-1. |* 0. |* 0. ||  0. |  0. |  0. || -1. |  0. |  0. |
|* 0. |* 0. |* 0. ||  1. |  0. |  0. ||  0. |  0. |  0. |
|* 1. |*-1. |* 0. ||  1. | -1. |  0. ||  0. | -1. |  0. |
|=====+=====+=====||=====+=====+=====||=====+=====+=====|
|  0. | -1. |  0. ||  0. |  1. |  1. ||  0. |  0. |  0. |
|  0. |  0. |  0. ||  0. | -1. |  0. ||  1. |  0. |  0. |
|  1. |  0. | -1. ||  0. |  1. |  0. ||  0. |  0. |  0. |
|=====+=====+=====||=====+=====+=====||=====+=====+=====|
|  0. | -1. |  0. ||  1. |  0. |  1. ||  1. |  0. |  0. |
| -1. |  1. | -1. ||  0. | -1. |  0. ||  0. | -1. |  0. |
|  0. |  0. |  0. ||  0. |  0. |  1. || -1. |  0. |  1. |

, evalForThisState=1.0, isPlayerOneTurnOriginally=true}, StateDatum{MCTSProbabilites=
|  .0 |  .0 |  .0 ||  .0 |  .0 |  .0 ||  .0 |  .1331 |  .1135 |
|  .0 |  .0 |  .0 ||  .0 |  .0 |  .0 ||  .1424 |  .199 |  .137 |
|  .0 |  .0 |  .0 ||  .0 |  .0 |  .0 ||  .1157 |  .0 |  .1593 |
|========+========+========||========+========+========||========+========+========|
|  .0 |  .0 |  .0 ||  .0 |  .0 |  .0 ||  .0 |  .0 |  .0 |
|  .0 |  .0 |  .0 ||  .0 |  .0 |  .0 ||  .0 |  .0 |  .0 |
|  .0 |  .0 |  .0 ||  .0 |  .0 |  .0 ||  .0 |  .0 |  .0 |
|========+========+========||========+========+========||========+========+========|
|  .0 |  .0 |  .0 ||  .0 |  .0 |  .0 ||  .0 |  .0 |  .0 |
|  .0 |  .0 |  .0 ||  .0 |  .0 |  .0 ||  .0 |  .0 |  .0 |
|  .0 |  .0 |  .0 ||  .0 |  .0 |  .0 ||  .0 |  .0 |  .0 |

, state=
|  1. | -0. | -1. || -0. | -0. | -0. ||* 1. |*-0. |*-0. |
| -0. | -0. | -0. || -1. | -0. | -0. ||*-0. |*-0. |*-0. |
| -1. |  1. | -0. || -1. |  1. | -0. ||*-0. |* 1. |*-0. |
|=====+=====+=====||=====+=====+=====||=====+=====+=====|
| -0. |  1. | -0. || -0. | -1. | -1. || -0. | -0. | -0. |
| -0. | -0. | -0. || -0. |  1. | -0. || -1. | -0. | -0. |
| -1. | -0. |  1. || -0. | -1. | -0. || -0. | -0. | -0. |
|=====+=====+=====||=====+=====+=====||=====+=====+=====|
| -0. |  1. | -0. || -1. | -0. | -1. || -1. | -0. | -0. |
|  1. | -1. |  1. || -0. |  1. | -0. || -0. |  1. | -0. |
| -0. | -0. | -0. || -0. | -0. | -1. ||  1. | -0. | -1. |

, evalForThisState=-1.0, isPlayerOneTurnOriginally=false}, StateDatum{MCTSProbabilites=
|  .0 |  .0 |  .0 ||  .0 |  .0 |  .0 ||  .0 |  .0 |  .0 |
|  .0 |  .0 |  .0 ||  .0 |  .0 |  .0 ||  .0 |  .0 |  .0 |
|  .0 |  .0 |  .0 ||  .0 |  .0 |  .0 ||  .0 |  .0 |  .0 |
|========+========+========||========+========+========||========+========+========|
|  .0 |  .0 |  .0 ||  .0697 |  .0 |  .0 ||  .0 |  .0 |  .0 |
|  .0 |  .0 |  .0 ||  .2181 |  .0 |  .3661 ||  .0 |  .0 |  .0 |
|  .0 |  .0 |  .0 ||  .1176 |  .0 |  .2285 ||  .0 |  .0 |  .0 |
|========+========+========||========+========+========||========+========+========|
|  .0 |  .0 |  .0 ||  .0 |  .0 |  .0 ||  .0 |  .0 |  .0 |
|  .0 |  .0 |  .0 ||  .0 |  .0 |  .0 ||  .0 |  .0 |  .0 |
|  .0 |  .0 |  .0 ||  .0 |  .0 |  .0 ||  .0 |  .0 |  .0 |

, state=
| -1. |  0. |  1. ||  0. |  0. |  0. || -1. |  0. |  0. |
|  0. |  0. |  0. ||  1. |  0. |  0. ||  0. | -1. |  0. |
|  1. | -1. |  0. ||  1. | -1. |  0. ||  0. | -1. |  0. |
|=====+=====+=====||=====+=====+=====||=====+=====+=====|
|  0. | -1. |  0. ||* 0. |* 1. |* 1. ||  0. |  0. |  0. |
|  0. |  0. |  0. ||* 0. |*-1. |* 0. ||  1. |  0. |  0. |
|  1. |  0. | -1. ||* 0. |* 1. |* 0. ||  0. |  0. |  0. |
|=====+=====+=====||=====+=====+=====||=====+=====+=====|
|  0. | -1. |  0. ||  1. |  0. |  1. ||  1. |  0. |  0. |
| -1. |  1. | -1. ||  0. | -1. |  0. ||  0. | -1. |  0. |
|  0. |  0. |  0. ||  0. |  0. |  1. || -1. |  0. |  1. |

, evalForThisState=1.0, isPlayerOneTurnOriginally=true}, StateDatum{MCTSProbabilites=
|  .0 |  .0 |  .0 ||  .0 |  .0 |  .0 ||  .0 |  .0 |  .0 |
|  .0 |  .0 |  .0 ||  .0 |  .0 |  .0 ||  .0 |  .0 |  .0 |
|  .0 |  .0 |  .0 ||  .0 |  .0 |  .0 ||  .0 |  .0 |  .0 |
|========+========+========||========+========+========||========+========+========|
|  .0 |  .0 |  .0 ||  .0 |  .0 |  .0 ||  .1191 |  .0984 |  .0877 |
|  .0 |  .0 |  .0 ||  .0 |  .0 |  .0 ||  .0 |  .1173 |  .1206 |
|  .0 |  .0 |  .0 ||  .0 |  .0 |  .0 ||  .0879 |  .1764 |  .1927 |
|========+========+========||========+========+========||========+========+========|
|  .0 |  .0 |  .0 ||  .0 |  .0 |  .0 ||  .0 |  .0 |  .0 |
|  .0 |  .0 |  .0 ||  .0 |  .0 |  .0 ||  .0 |  .0 |  .0 |
|  .0 |  .0 |  .0 ||  .0 |  .0 |  .0 ||  .0 |  .0 |  .0 |

, state=
|  1. | -0. | -1. || -0. | -0. | -0. ||  1. | -0. | -0. |
| -0. | -0. | -0. || -1. | -0. | -0. || -0. |  1. | -0. |
| -1. |  1. | -0. || -1. |  1. | -0. || -0. |  1. | -0. |
|=====+=====+=====||=====+=====+=====||=====+=====+=====|
| -0. |  1. | -0. || -0. | -1. | -1. ||*-0. |*-0. |*-0. |
| -0. | -0. | -0. || -0. |  1. | -1. ||*-1. |*-0. |*-0. |
| -1. | -0. |  1. || -0. | -1. | -0. ||*-0. |*-0. |*-0. |
|=====+=====+=====||=====+=====+=====||=====+=====+=====|
| -0. |  1. | -0. || -1. | -0. | -1. || -1. | -0. | -0. |
|  1. | -1. |  1. || -0. |  1. | -0. || -0. |  1. | -0. |
| -0. | -0. | -0. || -0. | -0. | -1. ||  1. | -0. | -1. |

, evalForThisState=-1.0, isPlayerOneTurnOriginally=false}, StateDatum{MCTSProbabilites=
|  .0 |  .0 |  .0 ||  .0 |  .0 |  .0 ||  .0 |  .0 |  .0 |
|  .0 |  .0 |  .0 ||  .0 |  .0 |  .0 ||  .0 |  .0 |  .0 |
|  .0 |  .0 |  .0 ||  .0 |  .0 |  .0 ||  .0 |  .0 |  .0 |
|========+========+========||========+========+========||========+========+========|
|  .0 |  .0 |  .0 ||  .0 |  .0 |  .0 ||  .0 |  .0 |  .0 |
|  .0 |  .0 |  .0 ||  .0 |  .0 |  .0 ||  .0 |  .0 |  .0 |
|  .0 |  .0 |  .0 ||  .0 |  .0 |  .0 ||  .0 |  .0 |  .0 |
|========+========+========||========+========+========||========+========+========|
|  .0 |  .0 |  .0 ||  .0 |  .0 |  .0 ||  .0 |  .2138 |  .1854 |
|  .0 |  .0 |  .0 ||  .0 |  .0 |  .0 ||  .1954 |  .0 |  .257 |
|  .0 |  .0 |  .0 ||  .0 |  .0 |  .0 ||  .0 |  .1484 |  .0 |

, state=
| -1. |  0. |  1. ||  0. |  0. |  0. || -1. |  0. |  0. |
|  0. |  0. |  0. ||  1. |  0. |  0. ||  0. | -1. |  0. |
|  1. | -1. |  0. ||  1. | -1. |  0. ||  0. | -1. |  0. |
|=====+=====+=====||=====+=====+=====||=====+=====+=====|
|  0. | -1. |  0. ||  0. |  1. |  1. ||  0. |  0. |  0. |
|  0. |  0. |  0. ||  0. | -1. |  1. ||  1. |  0. |  0. |
|  1. |  0. | -1. ||  0. |  1. |  0. ||  0. |  0. | -1. |
|=====+=====+=====||=====+=====+=====||=====+=====+=====|
|  0. | -1. |  0. ||  1. |  0. |  1. ||* 1. |* 0. |* 0. |
| -1. |  1. | -1. ||  0. | -1. |  0. ||* 0. |*-1. |* 0. |
|  0. |  0. |  0. ||  0. |  0. |  1. ||*-1. |* 0. |* 1. |

, evalForThisState=1.0, isPlayerOneTurnOriginally=true}, StateDatum{MCTSProbabilites=
|  .0 |  .0 |  .0 ||  .0 |  .0 |  .0 ||  .0 |  .0 |  .0 |
|  .0 |  .0 |  .0 ||  .0 |  .0 |  .0 ||  .0 |  .0 |  .0 |
|  .0 |  .0 |  .0 ||  .0 |  .0 |  .0 ||  .0 |  .0 |  .0 |
|========+========+========||========+========+========||========+========+========|
|  .0 |  .0 |  .0 ||  .0 |  .0 |  .0 ||  .0875 |  .0669 |  .1619 |
|  .0 |  .0 |  .0 ||  .0 |  .0 |  .0 ||  .0 |  .2921 |  .1226 |
|  .0 |  .0 |  .0 ||  .0 |  .0 |  .0 ||  .1238 |  .1453 |  .0 |
|========+========+========||========+========+========||========+========+========|
|  .0 |  .0 |  .0 ||  .0 |  .0 |  .0 ||  .0 |  .0 |  .0 |
|  .0 |  .0 |  .0 ||  .0 |  .0 |  .0 ||  .0 |  .0 |  .0 |
|  .0 |  .0 |  .0 ||  .0 |  .0 |  .0 ||  .0 |  .0 |  .0 |

, state=
|  1. | -0. | -1. || -0. | -0. | -0. ||  1. | -0. | -0. |
| -0. | -0. | -0. || -1. | -0. | -0. || -0. |  1. | -0. |
| -1. |  1. | -0. || -1. |  1. | -0. || -0. |  1. | -0. |
|=====+=====+=====||=====+=====+=====||=====+=====+=====|
| -0. |  1. | -0. || -0. | -1. | -1. ||*-0. |*-0. |*-0. |
| -0. | -0. | -0. || -0. |  1. | -1. ||*-1. |*-0. |*-0. |
| -1. | -0. |  1. || -0. | -1. | -0. ||*-0. |*-0. |* 1. |
|=====+=====+=====||=====+=====+=====||=====+=====+=====|
| -0. |  1. | -0. || -1. | -0. | -1. || -1. | -0. | -0. |
|  1. | -1. |  1. || -0. |  1. | -0. || -0. |  1. | -1. |
| -0. | -0. | -0. || -0. | -0. | -1. ||  1. | -0. | -1. |

, evalForThisState=-1.0, isPlayerOneTurnOriginally=false}, StateDatum{MCTSProbabilites=
|  .0 |  .0 |  .0 ||  .0 |  .0 |  .0 ||  .0 |  .0 |  .0 |
|  .0 |  .0 |  .0 ||  .0 |  .0 |  .0 ||  .0 |  .0 |  .0 |
|  .0 |  .0 |  .0 ||  .0 |  .0 |  .0 ||  .0 |  .0 |  .0 |
|========+========+========||========+========+========||========+========+========|
|  .0 |  .0 |  .0 ||  .1755 |  .0 |  .0 ||  .0 |  .0 |  .0 |
|  .0 |  .0 |  .0 ||  .2704 |  .0 |  .0 ||  .0 |  .0 |  .0 |
|  .0 |  .0 |  .0 ||  .1225 |  .0 |  .4315 ||  .0 |  .0 |  .0 |
|========+========+========||========+========+========||========+========+========|
|  .0 |  .0 |  .0 ||  .0 |  .0 |  .0 ||  .0 |  .0 |  .0 |
|  .0 |  .0 |  .0 ||  .0 |  .0 |  .0 ||  .0 |  .0 |  .0 |
|  .0 |  .0 |  .0 ||  .0 |  .0 |  .0 ||  .0 |  .0 |  .0 |

, state=
| -1. |  0. |  1. ||  0. |  0. |  0. || -1. |  0. |  0. |
|  0. |  0. |  0. ||  1. |  0. |  0. ||  0. | -1. |  0. |
|  1. | -1. |  0. ||  1. | -1. |  0. ||  0. | -1. |  0. |
|=====+=====+=====||=====+=====+=====||=====+=====+=====|
|  0. | -1. |  0. ||* 0. |* 1. |* 1. ||  0. |  0. |  0. |
|  0. |  0. |  0. ||* 0. |*-1. |* 1. ||  1. | -1. |  0. |
|  1. |  0. | -1. ||* 0. |* 1. |* 0. ||  0. |  0. | -1. |
|=====+=====+=====||=====+=====+=====||=====+=====+=====|
|  0. | -1. |  0. ||  1. |  0. |  1. ||  1. |  0. |  0. |
| -1. |  1. | -1. ||  0. | -1. |  0. ||  0. | -1. |  1. |
|  0. |  0. |  0. ||  0. |  0. |  1. || -1. |  0. |  1. |

, evalForThisState=1.0, isPlayerOneTurnOriginally=true}, StateDatum{MCTSProbabilites=
|  .0 |  .0 |  .0 ||  .0 |  .0 |  .0 ||  .0 |  .0 |  .0 |
|  .0 |  .0 |  .0 ||  .0 |  .0 |  .0 ||  .0 |  .0 |  .0 |
|  .0 |  .0 |  .0 ||  .0 |  .0 |  .0 ||  .0 |  .0 |  .0 |
|========+========+========||========+========+========||========+========+========|
|  .0 |  .0 |  .0 ||  .0 |  .0 |  .0 ||  .0 |  .0 |  .0 |
|  .0 |  .0 |  .0 ||  .0 |  .0 |  .0 ||  .0 |  .0 |  .0 |
|  .0 |  .0 |  .0 ||  .0 |  .0 |  .0 ||  .0 |  .0 |  .0 |
|========+========+========||========+========+========||========+========+========|
|  .0 |  .0 |  .0 ||  .0 |  .0 |  .0 ||  .0 |  .1394 |  .5707 |
|  .0 |  .0 |  .0 ||  .0 |  .0 |  .0 ||  .0522 |  .0 |  .0 |
|  .0 |  .0 |  .0 ||  .0 |  .0 |  .0 ||  .0 |  .2376 |  .0 |

, state=
|  1. | -0. | -1. || -0. | -0. | -0. ||  1. | -0. | -0. |
| -0. | -0. | -0. || -1. | -0. | -0. || -0. |  1. | -0. |
| -1. |  1. | -0. || -1. |  1. | -0. || -0. |  1. | -0. |
|=====+=====+=====||=====+=====+=====||=====+=====+=====|
| -0. |  1. | -0. || -0. | -1. | -1. || -0. | -0. | -0. |
| -0. | -0. | -0. || -0. |  1. | -1. || -1. |  1. | -0. |
| -1. | -0. |  1. || -0. | -1. | -1. || -0. | -0. |  1. |
|=====+=====+=====||=====+=====+=====||=====+=====+=====|
| -0. |  1. | -0. || -1. | -0. | -1. ||*-1. |*-0. |*-0. |
|  1. | -1. |  1. || -0. |  1. | -0. ||*-0. |* 1. |*-1. |
| -0. | -0. | -0. || -0. | -0. | -1. ||* 1. |*-0. |*-1. |

, evalForThisState=-1.0, isPlayerOneTurnOriginally=false}, StateDatum{MCTSProbabilites=
|  .0 |  .0 |  .0 ||  .0 |  .0 |  .0 ||  .0 |  .0635 |  .1156 |
|  .0 |  .0 |  .0 ||  .0 |  .0 |  .0 ||  .3091 |  .0 |  .1206 |
|  .0 |  .0 |  .0 ||  .0 |  .0 |  .0 ||  .2157 |  .0 |  .1753 |
|========+========+========||========+========+========||========+========+========|
|  .0 |  .0 |  .0 ||  .0 |  .0 |  .0 ||  .0 |  .0 |  .0 |
|  .0 |  .0 |  .0 ||  .0 |  .0 |  .0 ||  .0 |  .0 |  .0 |
|  .0 |  .0 |  .0 ||  .0 |  .0 |  .0 ||  .0 |  .0 |  .0 |
|========+========+========||========+========+========||========+========+========|
|  .0 |  .0 |  .0 ||  .0 |  .0 |  .0 ||  .0 |  .0 |  .0 |
|  .0 |  .0 |  .0 ||  .0 |  .0 |  .0 ||  .0 |  .0 |  .0 |
|  .0 |  .0 |  .0 ||  .0 |  .0 |  .0 ||  .0 |  .0 |  .0 |

, state=
| -1. |  0. |  1. ||  0. |  0. |  0. ||*-1. |* 0. |* 0. |
|  0. |  0. |  0. ||  1. |  0. |  0. ||* 0. |*-1. |* 0. |
|  1. | -1. |  0. ||  1. | -1. |  0. ||* 0. |*-1. |* 0. |
|=====+=====+=====||=====+=====+=====||=====+=====+=====|
|  0. | -1. |  0. ||  0. |  1. |  1. ||  0. |  0. |  0. |
|  0. |  0. |  0. ||  0. | -1. |  1. ||  1. | -1. |  0. |
|  1. |  0. | -1. ||  0. |  1. |  1. ||  0. |  0. | -1. |
|=====+=====+=====||=====+=====+=====||=====+=====+=====|
|  0. | -1. |  0. ||  1. |  0. |  1. ||  1. |  0. | -1. |
| -1. |  1. | -1. ||  0. | -1. |  0. ||  0. | -1. |  1. |
|  0. |  0. |  0. ||  0. |  0. |  1. || -1. |  0. |  1. |

, evalForThisState=1.0, isPlayerOneTurnOriginally=true}, StateDatum{MCTSProbabilites=
|  .0 |  .0 |  .0 ||  .0 |  .0 |  .0 ||  .0 |  .0 |  .0 |
|  .0 |  .0 |  .0 ||  .0 |  .0 |  .0 ||  .0 |  .0 |  .0 |
|  .0 |  .0 |  .0 ||  .0 |  .0 |  .0 ||  .0 |  .0 |  .0 |
|========+========+========||========+========+========||========+========+========|
|  .1512 |  .0 |  .1267 ||  .0 |  .0 |  .0 ||  .0 |  .0 |  .0 |
|  .2226 |  .1838 |  .207 ||  .0 |  .0 |  .0 ||  .0 |  .0 |  .0 |
|  .0 |  .1087 |  .0 ||  .0 |  .0 |  .0 ||  .0 |  .0 |  .0 |
|========+========+========||========+========+========||========+========+========|
|  .0 |  .0 |  .0 ||  .0 |  .0 |  .0 ||  .0 |  .0 |  .0 |
|  .0 |  .0 |  .0 ||  .0 |  .0 |  .0 ||  .0 |  .0 |  .0 |
|  .0 |  .0 |  .0 ||  .0 |  .0 |  .0 ||  .0 |  .0 |  .0 |

, state=
|  1. | -0. | -1. || -0. | -0. | -0. ||  1. | -0. | -0. |
| -0. | -0. | -0. || -1. | -0. | -0. || -1. |  1. | -0. |
| -1. |  1. | -0. || -1. |  1. | -0. || -0. |  1. | -0. |
|=====+=====+=====||=====+=====+=====||=====+=====+=====|
|*-0. |* 1. |*-0. || -0. | -1. | -1. || -0. | -0. | -0. |
|*-0. |*-0. |*-0. || -0. |  1. | -1. || -1. |  1. | -0. |
|*-1. |*-0. |* 1. || -0. | -1. | -1. || -0. | -0. |  1. |
|=====+=====+=====||=====+=====+=====||=====+=====+=====|
| -0. |  1. | -0. || -1. | -0. | -1. || -1. | -0. |  1. |
|  1. | -1. |  1. || -0. |  1. | -0. || -0. |  1. | -1. |
| -0. | -0. | -0. || -0. | -0. | -1. ||  1. | -0. | -1. |

, evalForThisState=-1.0, isPlayerOneTurnOriginally=false}, StateDatum{MCTSProbabilites=
|  .0 |  .0 |  .0 ||  .0 |  .0 |  .0 ||  .0 |  .0 |  .0 |
|  .0 |  .0 |  .0 ||  .0 |  .0 |  .0 ||  .0 |  .0 |  .0 |
|  .0 |  .0 |  .0 ||  .0 |  .0 |  .0 ||  .0 |  .0 |  .0 |
|========+========+========||========+========+========||========+========+========|
|  .2242 |  .0 |  .1495 ||  .0 |  .0 |  .0 ||  .0 |  .0 |  .0 |
|  .0 |  .1733 |  .2195 ||  .0 |  .0 |  .0 ||  .0 |  .0 |  .0 |
|  .0 |  .2335 |  .0 ||  .0 |  .0 |  .0 ||  .0 |  .0 |  .0 |
|========+========+========||========+========+========||========+========+========|
|  .0 |  .0 |  .0 ||  .0 |  .0 |  .0 ||  .0 |  .0 |  .0 |
|  .0 |  .0 |  .0 ||  .0 |  .0 |  .0 ||  .0 |  .0 |  .0 |
|  .0 |  .0 |  .0 ||  .0 |  .0 |  .0 ||  .0 |  .0 |  .0 |

, state=
| -1. |  0. |  1. ||  0. |  0. |  0. || -1. |  0. |  0. |
|  0. |  0. |  0. ||  1. |  0. |  0. ||  1. | -1. |  0. |
|  1. | -1. |  0. ||  1. | -1. |  0. ||  0. | -1. |  0. |
|=====+=====+=====||=====+=====+=====||=====+=====+=====|
|* 0. |*-1. |* 0. ||  0. |  1. |  1. ||  0. |  0. |  0. |
|*-1. |* 0. |* 0. ||  0. | -1. |  1. ||  1. | -1. |  0. |
|* 1. |* 0. |*-1. ||  0. |  1. |  1. ||  0. |  0. | -1. |
|=====+=====+=====||=====+=====+=====||=====+=====+=====|
|  0. | -1. |  0. ||  1. |  0. |  1. ||  1. |  0. | -1. |
| -1. |  1. | -1. ||  0. | -1. |  0. ||  0. | -1. |  1. |
|  0. |  0. |  0. ||  0. |  0. |  1. || -1. |  0. |  1. |

, evalForThisState=1.0, isPlayerOneTurnOriginally=true}, StateDatum{MCTSProbabilites=
|  .0 |  .0 |  .0 ||  .0 |  .0 |  .0 ||  .0 |  .0 |  .0 |
|  .0 |  .0 |  .0 ||  .0 |  .0 |  .0 ||  .0 |  .0 |  .0 |
|  .0 |  .0 |  .0 ||  .0 |  .0 |  .0 ||  .0 |  .0 |  .0 |
|========+========+========||========+========+========||========+========+========|
|  .0 |  .0 |  .0 ||  .0 |  .0 |  .0 ||  .0 |  .0 |  .0 |
|  .0 |  .0 |  .0 ||  .0 |  .0 |  .0 ||  .0 |  .0 |  .0 |
|  .0 |  .0 |  .0 ||  .0 |  .0 |  .0 ||  .0 |  .0 |  .0 |
|========+========+========||========+========+========||========+========+========|
|  .0 |  .0 |  .0 ||  .0 |  .0798 |  .0 ||  .0 |  .0 |  .0 |
|  .0 |  .0 |  .0 ||  .6771 |  .0 |  .066 ||  .0 |  .0 |  .0 |
|  .0 |  .0 |  .0 ||  .09 |  .0871 |  .0 ||  .0 |  .0 |  .0 |

, state=
|  1. | -0. | -1. || -0. | -0. | -0. ||  1. | -0. | -0. |
| -0. | -0. | -0. || -1. | -0. | -0. || -1. |  1. | -0. |
| -1. |  1. | -0. || -1. |  1. | -0. || -0. |  1. | -0. |
|=====+=====+=====||=====+=====+=====||=====+=====+=====|
| -0. |  1. | -0. || -0. | -1. | -1. || -0. | -0. | -0. |
|  1. | -0. | -0. || -0. |  1. | -1. || -1. |  1. | -0. |
| -1. | -1. |  1. || -0. | -1. | -1. || -0. | -0. |  1. |
|=====+=====+=====||=====+=====+=====||=====+=====+=====|
| -0. |  1. | -0. ||*-1. |*-0. |*-1. || -1. | -0. |  1. |
|  1. | -1. |  1. ||*-0. |* 1. |*-0. || -0. |  1. | -1. |
| -0. | -0. | -0. ||*-0. |*-0. |*-1. ||  1. | -0. | -1. |

, evalForThisState=-1.0, isPlayerOneTurnOriginally=false}, StateDatum{MCTSProbabilites=
|  .0 |  .0 |  .0 ||  .0 |  .0 |  .0 ||  .0 |  .0 |  .0 |
|  .0 |  .0 |  .0 ||  .0 |  .0 |  .0 ||  .0 |  .0 |  .0 |
|  .0 |  .0 |  .0 ||  .0 |  .0 |  .0 ||  .0 |  .0 |  .0 |
|========+========+========||========+========+========||========+========+========|
|  .4938 |  .0 |  .1845 ||  .0 |  .0 |  .0 ||  .0 |  .0 |  .0 |
|  .0 |  .1142 |  .2075 ||  .0 |  .0 |  .0 ||  .0 |  .0 |  .0 |
|  .0 |  .0 |  .0 ||  .0 |  .0 |  .0 ||  .0 |  .0 |  .0 |
|========+========+========||========+========+========||========+========+========|
|  .0 |  .0 |  .0 ||  .0 |  .0 |  .0 ||  .0 |  .0 |  .0 |
|  .0 |  .0 |  .0 ||  .0 |  .0 |  .0 ||  .0 |  .0 |  .0 |
|  .0 |  .0 |  .0 ||  .0 |  .0 |  .0 ||  .0 |  .0 |  .0 |

, state=
| -1. |  0. |  1. ||  0. |  0. |  0. || -1. |  0. |  0. |
|  0. |  0. |  0. ||  1. |  0. |  0. ||  1. | -1. |  0. |
|  1. | -1. |  0. ||  1. | -1. |  0. ||  0. | -1. |  0. |
|=====+=====+=====||=====+=====+=====||=====+=====+=====|
|* 0. |*-1. |* 0. ||  0. |  1. |  1. ||  0. |  0. |  0. |
|*-1. |* 0. |* 0. ||  0. | -1. |  1. ||  1. | -1. |  0. |
|* 1. |* 1. |*-1. ||  0. |  1. |  1. ||  0. |  0. | -1. |
|=====+=====+=====||=====+=====+=====||=====+=====+=====|
|  0. | -1. |  0. ||  1. |  0. |  1. ||  1. |  0. | -1. |
| -1. |  1. | -1. || -1. | -1. |  0. ||  0. | -1. |  1. |
|  0. |  0. |  0. ||  0. |  0. |  1. || -1. |  0. |  1. |

, evalForThisState=1.0, isPlayerOneTurnOriginally=true}, StateDatum{MCTSProbabilites=
|  .0 |  .0533 |  .0 ||  .0 |  .0 |  .0 ||  .0 |  .0 |  .0 |
|  .8865 |  .0244 |  .0179 ||  .0 |  .0 |  .0 ||  .0 |  .0 |  .0 |
|  .0 |  .0 |  .018 ||  .0 |  .0 |  .0 ||  .0 |  .0 |  .0 |
|========+========+========||========+========+========||========+========+========|
|  .0 |  .0 |  .0 ||  .0 |  .0 |  .0 ||  .0 |  .0 |  .0 |
|  .0 |  .0 |  .0 ||  .0 |  .0 |  .0 ||  .0 |  .0 |  .0 |
|  .0 |  .0 |  .0 ||  .0 |  .0 |  .0 ||  .0 |  .0 |  .0 |
|========+========+========||========+========+========||========+========+========|
|  .0 |  .0 |  .0 ||  .0 |  .0 |  .0 ||  .0 |  .0 |  .0 |
|  .0 |  .0 |  .0 ||  .0 |  .0 |  .0 ||  .0 |  .0 |  .0 |
|  .0 |  .0 |  .0 ||  .0 |  .0 |  .0 ||  .0 |  .0 |  .0 |

, state=
|* 1. |*-0. |*-1. || -0. | -0. | -0. ||  1. | -0. | -0. |
|*-0. |*-0. |*-0. || -1. | -0. | -0. || -1. |  1. | -0. |
|*-1. |* 1. |*-0. || -1. |  1. | -0. || -0. |  1. | -0. |
|=====+=====+=====||=====+=====+=====||=====+=====+=====|
| -1. |  1. | -0. || -0. | -1. | -1. || -0. | -0. | -0. |
|  1. | -0. | -0. || -0. |  1. | -1. || -1. |  1. | -0. |
| -1. | -1. |  1. || -0. | -1. | -1. || -0. | -0. |  1. |
|=====+=====+=====||=====+=====+=====||=====+=====+=====|
| -0. |  1. | -0. || -1. | -0. | -1. || -1. | -0. |  1. |
|  1. | -1. |  1. ||  1. |  1. | -0. || -0. |  1. | -1. |
| -0. | -0. | -0. || -0. | -0. | -1. ||  1. | -0. | -1. |

, evalForThisState=-1.0, isPlayerOneTurnOriginally=false}, StateDatum{MCTSProbabilites=
|  .0 |  .0 |  .0 ||  .0 |  .0 |  .0 ||  .0 |  .0 |  .0 |
|  .0 |  .0 |  .0 ||  .0 |  .0 |  .0 ||  .0 |  .0 |  .0 |
|  .0 |  .0 |  .0 ||  .0 |  .0 |  .0 ||  .0 |  .0 |  .0 |
|========+========+========||========+========+========||========+========+========|
|  .0 |  .0 |  .412 ||  .0 |  .0 |  .0 ||  .0 |  .0 |  .0 |
|  .0 |  .2717 |  .3163 ||  .0 |  .0 |  .0 ||  .0 |  .0 |  .0 |
|  .0 |  .0 |  .0 ||  .0 |  .0 |  .0 ||  .0 |  .0 |  .0 |
|========+========+========||========+========+========||========+========+========|
|  .0 |  .0 |  .0 ||  .0 |  .0 |  .0 ||  .0 |  .0 |  .0 |
|  .0 |  .0 |  .0 ||  .0 |  .0 |  .0 ||  .0 |  .0 |  .0 |
|  .0 |  .0 |  .0 ||  .0 |  .0 |  .0 ||  .0 |  .0 |  .0 |

, state=
| -1. |  0. |  1. ||  0. |  0. |  0. || -1. |  0. |  0. |
| -1. |  0. |  0. ||  1. |  0. |  0. ||  1. | -1. |  0. |
|  1. | -1. |  0. ||  1. | -1. |  0. ||  0. | -1. |  0. |
|=====+=====+=====||=====+=====+=====||=====+=====+=====|
|* 1. |*-1. |* 0. ||  0. |  1. |  1. ||  0. |  0. |  0. |
|*-1. |* 0. |* 0. ||  0. | -1. |  1. ||  1. | -1. |  0. |
|* 1. |* 1. |*-1. ||  0. |  1. |  1. ||  0. |  0. | -1. |
|=====+=====+=====||=====+=====+=====||=====+=====+=====|
|  0. | -1. |  0. ||  1. |  0. |  1. ||  1. |  0. | -1. |
| -1. |  1. | -1. || -1. | -1. |  0. ||  0. | -1. |  1. |
|  0. |  0. |  0. ||  0. |  0. |  1. || -1. |  0. |  1. |

, evalForThisState=1.0, isPlayerOneTurnOriginally=true}, StateDatum{MCTSProbabilites=
|  .0 |  .0 |  .0 ||  .0 |  .0 |  .0 ||  .0 |  .8288 |  .0162 |
|  .0 |  .0 |  .0 ||  .0 |  .0 |  .0 ||  .0 |  .0 |  .0142 |
|  .0 |  .0 |  .0 ||  .0 |  .0 |  .0 ||  .0235 |  .0 |  .1172 |
|========+========+========||========+========+========||========+========+========|
|  .0 |  .0 |  .0 ||  .0 |  .0 |  .0 ||  .0 |  .0 |  .0 |
|  .0 |  .0 |  .0 ||  .0 |  .0 |  .0 ||  .0 |  .0 |  .0 |
|  .0 |  .0 |  .0 ||  .0 |  .0 |  .0 ||  .0 |  .0 |  .0 |
|========+========+========||========+========+========||========+========+========|
|  .0 |  .0 |  .0 ||  .0 |  .0 |  .0 ||  .0 |  .0 |  .0 |
|  .0 |  .0 |  .0 ||  .0 |  .0 |  .0 ||  .0 |  .0 |  .0 |
|  .0 |  .0 |  .0 ||  .0 |  .0 |  .0 ||  .0 |  .0 |  .0 |

, state=
|  1. | -0. | -1. || -0. | -0. | -0. ||* 1. |*-0. |*-0. |
|  1. | -0. | -0. || -1. | -0. | -0. ||*-1. |* 1. |*-0. |
| -1. |  1. | -0. || -1. |  1. | -0. ||*-0. |* 1. |*-0. |
|=====+=====+=====||=====+=====+=====||=====+=====+=====|
| -1. |  1. | -1. || -0. | -1. | -1. || -0. | -0. | -0. |
|  1. | -0. | -0. || -0. |  1. | -1. || -1. |  1. | -0. |
| -1. | -1. |  1. || -0. | -1. | -1. || -0. | -0. |  1. |
|=====+=====+=====||=====+=====+=====||=====+=====+=====|
| -0. |  1. | -0. || -1. | -0. | -1. || -1. | -0. |  1. |
|  1. | -1. |  1. ||  1. |  1. | -0. || -0. |  1. | -1. |
| -0. | -0. | -0. || -0. | -0. | -1. ||  1. | -0. | -1. |

, evalForThisState=-1.0, isPlayerOneTurnOriginally=false}, StateDatum{MCTSProbabilites=
|  .0 |  .0 |  .0 ||  .9995 |  .0 |  .0001 ||  .0 |  .0 |  .0 |
|  .0 |  .0 |  .0 ||  .0 |  .0001 |  .0002 ||  .0 |  .0 |  .0 |
|  .0 |  .0 |  .0 ||  .0 |  .0 |  .0001 ||  .0 |  .0 |  .0 |
|========+========+========||========+========+========||========+========+========|
|  .0 |  .0 |  .0 ||  .0 |  .0 |  .0 ||  .0 |  .0 |  .0 |
|  .0 |  .0 |  .0 ||  .0 |  .0 |  .0 ||  .0 |  .0 |  .0 |
|  .0 |  .0 |  .0 ||  .0 |  .0 |  .0 ||  .0 |  .0 |  .0 |
|========+========+========||========+========+========||========+========+========|
|  .0 |  .0 |  .0 ||  .0 |  .0 |  .0 ||  .0 |  .0 |  .0 |
|  .0 |  .0 |  .0 ||  .0 |  .0 |  .0 ||  .0 |  .0 |  .0 |
|  .0 |  .0 |  .0 ||  .0 |  .0 |  .0 ||  .0 |  .0 |  .0 |

, state=
| -1. |  0. |  1. ||* 0. |* 0. |* 0. || -1. | -1. |  0. |
| -1. |  0. |  0. ||* 1. |* 0. |* 0. ||  1. | -1. |  0. |
|  1. | -1. |  0. ||* 1. |*-1. |* 0. ||  0. | -1. |  0. |
|=====+=====+=====||=====+=====+=====||=====+=====+=====|
|  1. | -1. |  1. ||  0. |  1. |  1. ||  0. |  0. |  0. |
| -1. |  0. |  0. ||  0. | -1. |  1. ||  1. | -1. |  0. |
|  1. |  1. | -1. ||  0. |  1. |  1. ||  0. |  0. | -1. |
|=====+=====+=====||=====+=====+=====||=====+=====+=====|
|  0. | -1. |  0. ||  1. |  0. |  1. ||  1. |  0. | -1. |
| -1. |  1. | -1. || -1. | -1. |  0. ||  0. | -1. |  1. |
|  0. |  0. |  0. ||  0. |  0. |  1. || -1. |  0. |  1. |

, evalForThisState=1.0, isPlayerOneTurnOriginally=true}, StateDatum{MCTSProbabilites=
|  .0 |  .0034 |  .0 ||  .0 |  .0 |  .0 ||  .0 |  .0 |  .0 |
|  .0 |  .995 |  .0005 ||  .0 |  .0 |  .0 ||  .0 |  .0 |  .0 |
|  .0 |  .0 |  .0011 ||  .0 |  .0 |  .0 ||  .0 |  .0 |  .0 |
|========+========+========||========+========+========||========+========+========|
|  .0 |  .0 |  .0 ||  .0 |  .0 |  .0 ||  .0 |  .0 |  .0 |
|  .0 |  .0 |  .0 ||  .0 |  .0 |  .0 ||  .0 |  .0 |  .0 |
|  .0 |  .0 |  .0 ||  .0 |  .0 |  .0 ||  .0 |  .0 |  .0 |
|========+========+========||========+========+========||========+========+========|
|  .0 |  .0 |  .0 ||  .0 |  .0 |  .0 ||  .0 |  .0 |  .0 |
|  .0 |  .0 |  .0 ||  .0 |  .0 |  .0 ||  .0 |  .0 |  .0 |
|  .0 |  .0 |  .0 ||  .0 |  .0 |  .0 ||  .0 |  .0 |  .0 |

, state=
|* 1. |*-0. |*-1. || -1. | -0. | -0. ||  1. |  1. | -0. |
|* 1. |*-0. |*-0. || -1. | -0. | -0. || -1. |  1. | -0. |
|*-1. |* 1. |*-0. || -1. |  1. | -0. || -0. |  1. | -0. |
|=====+=====+=====||=====+=====+=====||=====+=====+=====|
| -1. |  1. | -1. || -0. | -1. | -1. || -0. | -0. | -0. |
|  1. | -0. | -0. || -0. |  1. | -1. || -1. |  1. | -0. |
| -1. | -1. |  1. || -0. | -1. | -1. || -0. | -0. |  1. |
|=====+=====+=====||=====+=====+=====||=====+=====+=====|
| -0. |  1. | -0. || -1. | -0. | -1. || -1. | -0. |  1. |
|  1. | -1. |  1. ||  1. |  1. | -0. || -0. |  1. | -1. |
| -0. | -0. | -0. || -0. | -0. | -1. ||  1. | -0. | -1. |

, evalForThisState=-1.0, isPlayerOneTurnOriginally=false}, StateDatum{MCTSProbabilites=
|  .0 |  .0 |  .0 ||  .0 |  .0 |  .0 ||  .0 |  .0 |  .0 |
|  .0 |  .0 |  .0 ||  .0 |  .0 |  .0 ||  .0 |  .0 |  .0 |
|  .0 |  .0 |  .0 ||  .0 |  .0 |  .0 ||  .0 |  .0 |  .0 |
|========+========+========||========+========+========||========+========+========|
|  .0 |  .0 |  .0 ||  .0 |  .0 |  .0 ||  .0 |  .0 |  .0 |
|  .0 |  .0 |  .0 ||  .0 |  .0 |  .0 ||  .0 |  .0 |  .0001 |
|  .0 |  .0 |  .0 ||  .0 |  .0 |  .0 ||  .0 |  .0001 |  .0 |
|========+========+========||========+========+========||========+========+========|
|  .0 |  .0 |  .0 ||  .0 |  .4996 |  .0 ||  .0 |  .0 |  .0 |
|  .0 |  .0 |  .0 ||  .0 |  .0 |  .4996 ||  .0 |  .0 |  .0 |
|  .0001 |  .0 |  .0 ||  .0 |  .0 |  .0 ||  .0 |  .0 |  .0 |

, state=
|*-1. |* 0. |* 1. ||  1. |  0. |  0. || -1. | -1. |  0. |
|*-1. |*-1. |* 0. ||  1. |  0. |  0. ||  1. | -1. |  0. |
|* 1. |*-1. |* 0. ||  1. | -1. |  0. ||  0. | -1. |  0. |
|=====+=====+=====||=====+=====+=====||=====+=====+=====|
|* 1. |*-1. |* 1. ||  0. |  1. |  1. ||* 0. |* 0. |* 0. |
|*-1. |* 0. |* 0. ||  0. | -1. |  1. ||* 1. |*-1. |* 0. |
|* 1. |* 1. |*-1. ||  0. |  1. |  1. ||* 0. |* 0. |*-1. |
|=====+=====+=====||=====+=====+=====||=====+=====+=====|
|* 0. |*-1. |* 0. ||* 1. |* 0. |* 1. ||  1. |  0. | -1. |
|*-1. |* 1. |*-1. ||*-1. |*-1. |* 0. ||  0. | -1. |  1. |
|* 0. |* 0. |* 0. ||* 0. |* 0. |* 1. || -1. |  0. |  1. |

, evalForThisState=1.0, isPlayerOneTurnOriginally=true}]
Value network data: 
===========INPUT===================
[[         0,         0,         0,  ...    1.0000,    1.0000,    1.0000], 
 [         0,         0,         0,  ...   -1.0000,   -1.0000,    1.0000], 
 [         0,         0,         0,  ...    1.0000,   -1.0000,   -1.0000], 
  ..., 
 [   -1.0000,         0,    1.0000,  ...   -1.0000,   -1.0000,   -1.0000], 
 [    1.0000,         0,   -1.0000,  ...   -1.0000,   -1.0000,   -1.0000], 
 [   -1.0000,         0,    1.0000,  ...    1.0000,    1.0000,   -1.0000]]
=================OUTPUT==================
[[1.0000], 
 [-1.0000], 
 [1.0000], 
 [-1.0000], 
 [1.0000], 
 [-1.0000], 
 [1.0000], 
 [-1.0000], 
 [1.0000], 
 [-1.0000], 
 [1.0000], 
 [-1.0000], 
 [1.0000], 
 [-1.0000], 
 [1.0000], 
 [-1.0000], 
 [1.0000], 
 [-1.0000], 
 [1.0000], 
 [-1.0000], 
 [1.0000], 
 [-1.0000], 
 [1.0000], 
 [-1.0000], 
 [1.0000], 
 [-1.0000], 
 [1.0000], 
 [-1.0000], 
 [1.0000], 
 [-1.0000], 
 [1.0000], 
 [-1.0000], 
 [1.0000], 
 [-1.0000], 
 [1.0000], 
 [-1.0000], 
 [1.0000], 
 [-1.0000], 
 [1.0000], 
 [-1.0000], 
 [1.0000], 
 [-1.0000], 
 [1.0000], 
 [-1.0000], 
 [1.0000], 
 [-1.0000], 
 [1.0000]]
Policy network data: 
===========INPUT===================
[[         0,         0,         0,  ...    1.0000,    1.0000,    1.0000], 
 [         0,         0,         0,  ...   -1.0000,   -1.0000,    1.0000], 
 [         0,         0,         0,  ...    1.0000,   -1.0000,   -1.0000], 
  ..., 
 [   -1.0000,         0,    1.0000,  ...   -1.0000,   -1.0000,   -1.0000], 
 [    1.0000,         0,   -1.0000,  ...   -1.0000,   -1.0000,   -1.0000], 
 [   -1.0000,         0,    1.0000,  ...    1.0000,    1.0000,   -1.0000]]
=================OUTPUT==================
[[    0.0068,    0.0118,    0.0154,  ...    0.0051,    0.0103,    0.0200], 
 [         0,         0,         0,  ...    0.5880,    0.0868,         0], 
 [         0,         0,         0,  ...         0,         0,         0], 
  ..., 
 [         0,         0,         0,  ...         0,         0,         0], 
 [         0,    0.0034,         0,  ...         0,         0,         0], 
 [         0, 4.1225e-5,         0,  ...         0,         0,         0]]
W:\Labs\ME\ME187-Fall2024\StudentFiles\CALEBHOTTES\UTTTstuff\data\series1\policy$series1,gameNum168$1729881539955.bin
Took: 1414 s to simulate game
Finished simulating game, see log at: W:\Labs\ME\ME187-Fall2024\StudentFiles\CALEBHOTTES\UTTTstuff\data\logs\series1\game168$1729873385290.log for details.
