Saving data to: W:\Labs\ME\ME187-Fall2024\StudentFiles\CALEBHOTTES\UTTTstuff\data\series1
Begin custom message: 
DataSeries: series1 Game submitted because inactive thread pool detected but completed game count not met consider changing game number, a task might have run into an error game number: 102 

Description: data generated on AWS app stream service. . 

Evaluator config=EvaluatorConfiguration{cValue=2.0, maxRolloutDepth=1000, computeTime=30, threads=1, stupidity=0, allowForcePlay=false, maxMyCPU=false}
End custom message
Inital State: 

|* 0. |* 0. |* 0. ||* 0. |* 0. |* 0. ||* 0. |* 0. |* 0. |
|* 0. |* 0. |* 0. ||* 0. |* 0. |* 0. ||* 0. |* 0. |* 0. |
|* 0. |* 0. |* 0. ||* 0. |* 0. |* 0. ||* 0. |* 0. |* 0. |
|=====+=====+=====||=====+=====+=====||=====+=====+=====|
|* 0. |* 0. |* 0. ||* 0. |* 0. |* 0. ||* 0. |* 0. |* 0. |
|* 0. |* 0. |* 0. ||* 0. |* 0. |* 0. ||* 0. |* 0. |* 0. |
|* 0. |* 0. |* 0. ||* 0. |* 0. |* 0. ||* 0. |* 0. |* 0. |
|=====+=====+=====||=====+=====+=====||=====+=====+=====|
|* 0. |* 0. |* 0. ||* 0. |* 0. |* 0. ||* 0. |* 0. |* 0. |
|* 0. |* 0. |* 0. ||* 0. |* 0. |* 0. ||* 0. |* 0. |* 0. |
|* 0. |* 0. |* 0. ||* 0. |* 0. |* 0. ||* 0. |* 0. |* 0. |


state to eval, currenty is playerone turn=true

|* 0. |* 0. |* 0. ||* 0. |* 0. |* 0. ||* 0. |* 0. |* 0. |
|* 0. |* 0. |* 0. ||* 0. |* 0. |* 0. ||* 0. |* 0. |* 0. |
|* 0. |* 0. |* 0. ||* 0. |* 0. |* 0. ||* 0. |* 0. |* 0. |
|=====+=====+=====||=====+=====+=====||=====+=====+=====|
|* 0. |* 0. |* 0. ||* 0. |* 0. |* 0. ||* 0. |* 0. |* 0. |
|* 0. |* 0. |* 0. ||* 0. |* 0. |* 0. ||* 0. |* 0. |* 0. |
|* 0. |* 0. |* 0. ||* 0. |* 0. |* 0. ||* 0. |* 0. |* 0. |
|=====+=====+=====||=====+=====+=====||=====+=====+=====|
|* 0. |* 0. |* 0. ||* 0. |* 0. |* 0. ||* 0. |* 0. |* 0. |
|* 0. |* 0. |* 0. ||* 0. |* 0. |* 0. ||* 0. |* 0. |* 0. |
|* 0. |* 0. |* 0. ||* 0. |* 0. |* 0. ||* 0. |* 0. |* 0. |


Determined best move using: 63282Iterations
Determined best move using: 62167Iterations
Determined best move using: 63592Iterations
Determined best move using: 62416Iterations
Determined best move using: 63125Iterations
current State

|  0. |  0. |  0. ||  0. |  0. |  0. ||* 0. |* 0. |* 0. |
|  0. |  0. |  0. ||  0. |  0. |  0. ||* 0. |* 0. |* 0. |
|  0. |  0. |  0. ||  0. |  0. |  0. ||* 0. |* 0. |* 0. |
|=====+=====+=====||=====+=====+=====||=====+=====+=====|
|  0. |  0. |  0. ||  0. |  0. |  1. ||  0. |  0. |  0. |
|  0. |  0. |  0. ||  0. |  0. |  0. ||  0. |  0. |  0. |
|  0. |  0. |  0. ||  0. |  0. |  0. ||  0. |  0. |  0. |
|=====+=====+=====||=====+=====+=====||=====+=====+=====|
|  0. |  0. |  0. ||  0. |  0. |  0. ||  0. |  0. |  0. |
|  0. |  0. |  0. ||  0. |  0. |  0. ||  0. |  0. |  0. |
|  0. |  0. |  0. ||  0. |  0. |  0. ||  0. |  0. |  0. |


state to eval, currenty is playerone turn=false

| -0. | -0. | -0. || -0. | -0. | -0. ||*-0. |*-0. |*-0. |
| -0. | -0. | -0. || -0. | -0. | -0. ||*-0. |*-0. |*-0. |
| -0. | -0. | -0. || -0. | -0. | -0. ||*-0. |*-0. |*-0. |
|=====+=====+=====||=====+=====+=====||=====+=====+=====|
| -0. | -0. | -0. || -0. | -0. | -1. || -0. | -0. | -0. |
| -0. | -0. | -0. || -0. | -0. | -0. || -0. | -0. | -0. |
| -0. | -0. | -0. || -0. | -0. | -0. || -0. | -0. | -0. |
|=====+=====+=====||=====+=====+=====||=====+=====+=====|
| -0. | -0. | -0. || -0. | -0. | -0. || -0. | -0. | -0. |
| -0. | -0. | -0. || -0. | -0. | -0. || -0. | -0. | -0. |
| -0. | -0. | -0. || -0. | -0. | -0. || -0. | -0. | -0. |


Determined best move using: 66035Iterations
Determined best move using: 64808Iterations
Determined best move using: 67031Iterations
Determined best move using: 68186Iterations
Determined best move using: 67805Iterations
current State

|  0. |  0. |  0. ||  0. |  0. |  0. ||  0. |  0. |  0. |
|  0. |  0. |  0. ||  0. |  0. |  0. ||  0. |  0. |  0. |
|  0. |  0. |  0. ||  0. |  0. |  0. || -1. |  0. |  0. |
|=====+=====+=====||=====+=====+=====||=====+=====+=====|
|  0. |  0. |  0. ||  0. |  0. |  1. ||  0. |  0. |  0. |
|  0. |  0. |  0. ||  0. |  0. |  0. ||  0. |  0. |  0. |
|  0. |  0. |  0. ||  0. |  0. |  0. ||  0. |  0. |  0. |
|=====+=====+=====||=====+=====+=====||=====+=====+=====|
|* 0. |* 0. |* 0. ||  0. |  0. |  0. ||  0. |  0. |  0. |
|* 0. |* 0. |* 0. ||  0. |  0. |  0. ||  0. |  0. |  0. |
|* 0. |* 0. |* 0. ||  0. |  0. |  0. ||  0. |  0. |  0. |


state to eval, currenty is playerone turn=true

|  0. |  0. |  0. ||  0. |  0. |  0. ||  0. |  0. |  0. |
|  0. |  0. |  0. ||  0. |  0. |  0. ||  0. |  0. |  0. |
|  0. |  0. |  0. ||  0. |  0. |  0. || -1. |  0. |  0. |
|=====+=====+=====||=====+=====+=====||=====+=====+=====|
|  0. |  0. |  0. ||  0. |  0. |  1. ||  0. |  0. |  0. |
|  0. |  0. |  0. ||  0. |  0. |  0. ||  0. |  0. |  0. |
|  0. |  0. |  0. ||  0. |  0. |  0. ||  0. |  0. |  0. |
|=====+=====+=====||=====+=====+=====||=====+=====+=====|
|* 0. |* 0. |* 0. ||  0. |  0. |  0. ||  0. |  0. |  0. |
|* 0. |* 0. |* 0. ||  0. |  0. |  0. ||  0. |  0. |  0. |
|* 0. |* 0. |* 0. ||  0. |  0. |  0. ||  0. |  0. |  0. |


Determined best move using: 66716Iterations
Determined best move using: 66684Iterations
Determined best move using: 66883Iterations
Determined best move using: 67162Iterations
current State

|* 0. |* 0. |* 0. ||  0. |  0. |  0. ||  0. |  0. |  0. |
|* 0. |* 0. |* 0. ||  0. |  0. |  0. ||  0. |  0. |  0. |
|* 0. |* 0. |* 0. ||  0. |  0. |  0. || -1. |  0. |  0. |
|=====+=====+=====||=====+=====+=====||=====+=====+=====|
|  0. |  0. |  0. ||  0. |  0. |  1. ||  0. |  0. |  0. |
|  0. |  0. |  0. ||  0. |  0. |  0. ||  0. |  0. |  0. |
|  0. |  0. |  0. ||  0. |  0. |  0. ||  0. |  0. |  0. |
|=====+=====+=====||=====+=====+=====||=====+=====+=====|
|  1. |  0. |  0. ||  0. |  0. |  0. ||  0. |  0. |  0. |
|  0. |  0. |  0. ||  0. |  0. |  0. ||  0. |  0. |  0. |
|  0. |  0. |  0. ||  0. |  0. |  0. ||  0. |  0. |  0. |


state to eval, currenty is playerone turn=false

|*-0. |*-0. |*-0. || -0. | -0. | -0. || -0. | -0. | -0. |
|*-0. |*-0. |*-0. || -0. | -0. | -0. || -0. | -0. | -0. |
|*-0. |*-0. |*-0. || -0. | -0. | -0. ||  1. | -0. | -0. |
|=====+=====+=====||=====+=====+=====||=====+=====+=====|
| -0. | -0. | -0. || -0. | -0. | -1. || -0. | -0. | -0. |
| -0. | -0. | -0. || -0. | -0. | -0. || -0. | -0. | -0. |
| -0. | -0. | -0. || -0. | -0. | -0. || -0. | -0. | -0. |
|=====+=====+=====||=====+=====+=====||=====+=====+=====|
| -1. | -0. | -0. || -0. | -0. | -0. || -0. | -0. | -0. |
| -0. | -0. | -0. || -0. | -0. | -0. || -0. | -0. | -0. |
| -0. | -0. | -0. || -0. | -0. | -0. || -0. | -0. | -0. |


Determined best move using: 68340Iterations
Determined best move using: 68323Iterations
Determined best move using: 67924Iterations
Determined best move using: 68536Iterations
current State

|  0. | -1. |  0. ||* 0. |* 0. |* 0. ||  0. |  0. |  0. |
|  0. |  0. |  0. ||* 0. |* 0. |* 0. ||  0. |  0. |  0. |
|  0. |  0. |  0. ||* 0. |* 0. |* 0. || -1. |  0. |  0. |
|=====+=====+=====||=====+=====+=====||=====+=====+=====|
|  0. |  0. |  0. ||  0. |  0. |  1. ||  0. |  0. |  0. |
|  0. |  0. |  0. ||  0. |  0. |  0. ||  0. |  0. |  0. |
|  0. |  0. |  0. ||  0. |  0. |  0. ||  0. |  0. |  0. |
|=====+=====+=====||=====+=====+=====||=====+=====+=====|
|  1. |  0. |  0. ||  0. |  0. |  0. ||  0. |  0. |  0. |
|  0. |  0. |  0. ||  0. |  0. |  0. ||  0. |  0. |  0. |
|  0. |  0. |  0. ||  0. |  0. |  0. ||  0. |  0. |  0. |


state to eval, currenty is playerone turn=true

|  0. | -1. |  0. ||* 0. |* 0. |* 0. ||  0. |  0. |  0. |
|  0. |  0. |  0. ||* 0. |* 0. |* 0. ||  0. |  0. |  0. |
|  0. |  0. |  0. ||* 0. |* 0. |* 0. || -1. |  0. |  0. |
|=====+=====+=====||=====+=====+=====||=====+=====+=====|
|  0. |  0. |  0. ||  0. |  0. |  1. ||  0. |  0. |  0. |
|  0. |  0. |  0. ||  0. |  0. |  0. ||  0. |  0. |  0. |
|  0. |  0. |  0. ||  0. |  0. |  0. ||  0. |  0. |  0. |
|=====+=====+=====||=====+=====+=====||=====+=====+=====|
|  1. |  0. |  0. ||  0. |  0. |  0. ||  0. |  0. |  0. |
|  0. |  0. |  0. ||  0. |  0. |  0. ||  0. |  0. |  0. |
|  0. |  0. |  0. ||  0. |  0. |  0. ||  0. |  0. |  0. |


Determined best move using: 68440Iterations
Determined best move using: 69156Iterations
Determined best move using: 69055Iterations
Determined best move using: 69850Iterations
Determined best move using: 69644Iterations
current State

|  0. | -1. |  0. ||  0. |  0. |  0. ||  0. |  0. |  0. |
|  0. |  0. |  0. ||  0. |  0. |  1. ||  0. |  0. |  0. |
|  0. |  0. |  0. ||  0. |  0. |  0. || -1. |  0. |  0. |
|=====+=====+=====||=====+=====+=====||=====+=====+=====|
|  0. |  0. |  0. ||  0. |  0. |  1. ||* 0. |* 0. |* 0. |
|  0. |  0. |  0. ||  0. |  0. |  0. ||* 0. |* 0. |* 0. |
|  0. |  0. |  0. ||  0. |  0. |  0. ||* 0. |* 0. |* 0. |
|=====+=====+=====||=====+=====+=====||=====+=====+=====|
|  1. |  0. |  0. ||  0. |  0. |  0. ||  0. |  0. |  0. |
|  0. |  0. |  0. ||  0. |  0. |  0. ||  0. |  0. |  0. |
|  0. |  0. |  0. ||  0. |  0. |  0. ||  0. |  0. |  0. |


state to eval, currenty is playerone turn=false

| -0. |  1. | -0. || -0. | -0. | -0. || -0. | -0. | -0. |
| -0. | -0. | -0. || -0. | -0. | -1. || -0. | -0. | -0. |
| -0. | -0. | -0. || -0. | -0. | -0. ||  1. | -0. | -0. |
|=====+=====+=====||=====+=====+=====||=====+=====+=====|
| -0. | -0. | -0. || -0. | -0. | -1. ||*-0. |*-0. |*-0. |
| -0. | -0. | -0. || -0. | -0. | -0. ||*-0. |*-0. |*-0. |
| -0. | -0. | -0. || -0. | -0. | -0. ||*-0. |*-0. |*-0. |
|=====+=====+=====||=====+=====+=====||=====+=====+=====|
| -1. | -0. | -0. || -0. | -0. | -0. || -0. | -0. | -0. |
| -0. | -0. | -0. || -0. | -0. | -0. || -0. | -0. | -0. |
| -0. | -0. | -0. || -0. | -0. | -0. || -0. | -0. | -0. |


Determined best move using: 71584Iterations
Determined best move using: 69559Iterations
Determined best move using: 70257Iterations
Determined best move using: 72678Iterations
Determined best move using: 73094Iterations
current State

|* 0. |*-1. |* 0. ||  0. |  0. |  0. ||  0. |  0. |  0. |
|* 0. |* 0. |* 0. ||  0. |  0. |  1. ||  0. |  0. |  0. |
|* 0. |* 0. |* 0. ||  0. |  0. |  0. || -1. |  0. |  0. |
|=====+=====+=====||=====+=====+=====||=====+=====+=====|
|  0. |  0. |  0. ||  0. |  0. |  1. || -1. |  0. |  0. |
|  0. |  0. |  0. ||  0. |  0. |  0. ||  0. |  0. |  0. |
|  0. |  0. |  0. ||  0. |  0. |  0. ||  0. |  0. |  0. |
|=====+=====+=====||=====+=====+=====||=====+=====+=====|
|  1. |  0. |  0. ||  0. |  0. |  0. ||  0. |  0. |  0. |
|  0. |  0. |  0. ||  0. |  0. |  0. ||  0. |  0. |  0. |
|  0. |  0. |  0. ||  0. |  0. |  0. ||  0. |  0. |  0. |


state to eval, currenty is playerone turn=true

|* 0. |*-1. |* 0. ||  0. |  0. |  0. ||  0. |  0. |  0. |
|* 0. |* 0. |* 0. ||  0. |  0. |  1. ||  0. |  0. |  0. |
|* 0. |* 0. |* 0. ||  0. |  0. |  0. || -1. |  0. |  0. |
|=====+=====+=====||=====+=====+=====||=====+=====+=====|
|  0. |  0. |  0. ||  0. |  0. |  1. || -1. |  0. |  0. |
|  0. |  0. |  0. ||  0. |  0. |  0. ||  0. |  0. |  0. |
|  0. |  0. |  0. ||  0. |  0. |  0. ||  0. |  0. |  0. |
|=====+=====+=====||=====+=====+=====||=====+=====+=====|
|  1. |  0. |  0. ||  0. |  0. |  0. ||  0. |  0. |  0. |
|  0. |  0. |  0. ||  0. |  0. |  0. ||  0. |  0. |  0. |
|  0. |  0. |  0. ||  0. |  0. |  0. ||  0. |  0. |  0. |


Determined best move using: 70869Iterations
Determined best move using: 71188Iterations
Determined best move using: 71270Iterations
Determined best move using: 71171Iterations
current State

|  0. | -1. |  0. ||  0. |  0. |  0. ||  0. |  0. |  0. |
|  0. |  0. |  0. ||  0. |  0. |  1. ||  0. |  0. |  0. |
|  0. |  1. |  0. ||  0. |  0. |  0. || -1. |  0. |  0. |
|=====+=====+=====||=====+=====+=====||=====+=====+=====|
|  0. |  0. |  0. ||  0. |  0. |  1. || -1. |  0. |  0. |
|  0. |  0. |  0. ||  0. |  0. |  0. ||  0. |  0. |  0. |
|  0. |  0. |  0. ||  0. |  0. |  0. ||  0. |  0. |  0. |
|=====+=====+=====||=====+=====+=====||=====+=====+=====|
|  1. |  0. |  0. ||* 0. |* 0. |* 0. ||  0. |  0. |  0. |
|  0. |  0. |  0. ||* 0. |* 0. |* 0. ||  0. |  0. |  0. |
|  0. |  0. |  0. ||* 0. |* 0. |* 0. ||  0. |  0. |  0. |


state to eval, currenty is playerone turn=false

| -0. |  1. | -0. || -0. | -0. | -0. || -0. | -0. | -0. |
| -0. | -0. | -0. || -0. | -0. | -1. || -0. | -0. | -0. |
| -0. | -1. | -0. || -0. | -0. | -0. ||  1. | -0. | -0. |
|=====+=====+=====||=====+=====+=====||=====+=====+=====|
| -0. | -0. | -0. || -0. | -0. | -1. ||  1. | -0. | -0. |
| -0. | -0. | -0. || -0. | -0. | -0. || -0. | -0. | -0. |
| -0. | -0. | -0. || -0. | -0. | -0. || -0. | -0. | -0. |
|=====+=====+=====||=====+=====+=====||=====+=====+=====|
| -1. | -0. | -0. ||*-0. |*-0. |*-0. || -0. | -0. | -0. |
| -0. | -0. | -0. ||*-0. |*-0. |*-0. || -0. | -0. | -0. |
| -0. | -0. | -0. ||*-0. |*-0. |*-0. || -0. | -0. | -0. |


Determined best move using: 72430Iterations
Determined best move using: 73570Iterations
Determined best move using: 72552Iterations
Determined best move using: 74447Iterations
Determined best move using: 73834Iterations
current State

|  0. | -1. |  0. ||  0. |  0. |  0. ||  0. |  0. |  0. |
|  0. |  0. |  0. ||  0. |  0. |  1. ||  0. |  0. |  0. |
|  0. |  1. |  0. ||  0. |  0. |  0. || -1. |  0. |  0. |
|=====+=====+=====||=====+=====+=====||=====+=====+=====|
|  0. |  0. |  0. ||  0. |  0. |  1. || -1. |  0. |  0. |
|  0. |  0. |  0. ||  0. |  0. |  0. ||  0. |  0. |  0. |
|  0. |  0. |  0. ||  0. |  0. |  0. ||  0. |  0. |  0. |
|=====+=====+=====||=====+=====+=====||=====+=====+=====|
|  1. |  0. |  0. ||* 0. |* 0. |* 0. ||  0. |  0. |  0. |
|  0. |  0. |  0. ||* 0. |* 0. |* 0. ||  0. |  0. |  0. |
|  0. |  0. |  0. ||* 0. |*-1. |* 0. ||  0. |  0. |  0. |


state to eval, currenty is playerone turn=true

|  0. | -1. |  0. ||  0. |  0. |  0. ||  0. |  0. |  0. |
|  0. |  0. |  0. ||  0. |  0. |  1. ||  0. |  0. |  0. |
|  0. |  1. |  0. ||  0. |  0. |  0. || -1. |  0. |  0. |
|=====+=====+=====||=====+=====+=====||=====+=====+=====|
|  0. |  0. |  0. ||  0. |  0. |  1. || -1. |  0. |  0. |
|  0. |  0. |  0. ||  0. |  0. |  0. ||  0. |  0. |  0. |
|  0. |  0. |  0. ||  0. |  0. |  0. ||  0. |  0. |  0. |
|=====+=====+=====||=====+=====+=====||=====+=====+=====|
|  1. |  0. |  0. ||* 0. |* 0. |* 0. ||  0. |  0. |  0. |
|  0. |  0. |  0. ||* 0. |* 0. |* 0. ||  0. |  0. |  0. |
|  0. |  0. |  0. ||* 0. |*-1. |* 0. ||  0. |  0. |  0. |


Determined best move using: 75104Iterations
Determined best move using: 72993Iterations
Determined best move using: 73524Iterations
Determined best move using: 73741Iterations
Determined best move using: 73823Iterations
current State

|* 0. |*-1. |* 0. ||  0. |  0. |  0. ||  0. |  0. |  0. |
|* 0. |* 0. |* 0. ||  0. |  0. |  1. ||  0. |  0. |  0. |
|* 0. |* 1. |* 0. ||  0. |  0. |  0. || -1. |  0. |  0. |
|=====+=====+=====||=====+=====+=====||=====+=====+=====|
|  0. |  0. |  0. ||  0. |  0. |  1. || -1. |  0. |  0. |
|  0. |  0. |  0. ||  0. |  0. |  0. ||  0. |  0. |  0. |
|  0. |  0. |  0. ||  0. |  0. |  0. ||  0. |  0. |  0. |
|=====+=====+=====||=====+=====+=====||=====+=====+=====|
|  1. |  0. |  0. ||  1. |  0. |  0. ||  0. |  0. |  0. |
|  0. |  0. |  0. ||  0. |  0. |  0. ||  0. |  0. |  0. |
|  0. |  0. |  0. ||  0. | -1. |  0. ||  0. |  0. |  0. |


state to eval, currenty is playerone turn=false

|*-0. |* 1. |*-0. || -0. | -0. | -0. || -0. | -0. | -0. |
|*-0. |*-0. |*-0. || -0. | -0. | -1. || -0. | -0. | -0. |
|*-0. |*-1. |*-0. || -0. | -0. | -0. ||  1. | -0. | -0. |
|=====+=====+=====||=====+=====+=====||=====+=====+=====|
| -0. | -0. | -0. || -0. | -0. | -1. ||  1. | -0. | -0. |
| -0. | -0. | -0. || -0. | -0. | -0. || -0. | -0. | -0. |
| -0. | -0. | -0. || -0. | -0. | -0. || -0. | -0. | -0. |
|=====+=====+=====||=====+=====+=====||=====+=====+=====|
| -1. | -0. | -0. || -1. | -0. | -0. || -0. | -0. | -0. |
| -0. | -0. | -0. || -0. | -0. | -0. || -0. | -0. | -0. |
| -0. | -0. | -0. || -0. |  1. | -0. || -0. | -0. | -0. |


Determined best move using: 76356Iterations
Determined best move using: 76829Iterations
Determined best move using: 76740Iterations
Determined best move using: 75918Iterations
Determined best move using: 76734Iterations
current State

|  0. | -1. |  0. ||  0. |  0. |  0. ||  0. |  0. |  0. |
|  0. |  0. |  0. ||  0. |  0. |  1. ||  0. |  0. |  0. |
| -1. |  1. |  0. ||  0. |  0. |  0. || -1. |  0. |  0. |
|=====+=====+=====||=====+=====+=====||=====+=====+=====|
|  0. |  0. |  0. ||  0. |  0. |  1. || -1. |  0. |  0. |
|  0. |  0. |  0. ||  0. |  0. |  0. ||  0. |  0. |  0. |
|  0. |  0. |  0. ||  0. |  0. |  0. ||  0. |  0. |  0. |
|=====+=====+=====||=====+=====+=====||=====+=====+=====|
|* 1. |* 0. |* 0. ||  1. |  0. |  0. ||  0. |  0. |  0. |
|* 0. |* 0. |* 0. ||  0. |  0. |  0. ||  0. |  0. |  0. |
|* 0. |* 0. |* 0. ||  0. | -1. |  0. ||  0. |  0. |  0. |


state to eval, currenty is playerone turn=true

|  0. | -1. |  0. ||  0. |  0. |  0. ||  0. |  0. |  0. |
|  0. |  0. |  0. ||  0. |  0. |  1. ||  0. |  0. |  0. |
| -1. |  1. |  0. ||  0. |  0. |  0. || -1. |  0. |  0. |
|=====+=====+=====||=====+=====+=====||=====+=====+=====|
|  0. |  0. |  0. ||  0. |  0. |  1. || -1. |  0. |  0. |
|  0. |  0. |  0. ||  0. |  0. |  0. ||  0. |  0. |  0. |
|  0. |  0. |  0. ||  0. |  0. |  0. ||  0. |  0. |  0. |
|=====+=====+=====||=====+=====+=====||=====+=====+=====|
|* 1. |* 0. |* 0. ||  1. |  0. |  0. ||  0. |  0. |  0. |
|* 0. |* 0. |* 0. ||  0. |  0. |  0. ||  0. |  0. |  0. |
|* 0. |* 0. |* 0. ||  0. | -1. |  0. ||  0. |  0. |  0. |


Determined best move using: 76314Iterations
Determined best move using: 76339Iterations
Determined best move using: 75080Iterations
Determined best move using: 75871Iterations
Determined best move using: 76798Iterations
current State

|  0. | -1. |  0. ||  0. |  0. |  0. ||  0. |  0. |  0. |
|  0. |  0. |  0. ||  0. |  0. |  1. ||  0. |  0. |  0. |
| -1. |  1. |  0. ||  0. |  0. |  0. || -1. |  0. |  0. |
|=====+=====+=====||=====+=====+=====||=====+=====+=====|
|  0. |  0. |  0. ||  0. |  0. |  1. || -1. |  0. |  0. |
|  0. |  0. |  0. ||  0. |  0. |  0. ||  0. |  0. |  0. |
|  0. |  0. |  0. ||  0. |  0. |  0. ||  0. |  0. |  0. |
|=====+=====+=====||=====+=====+=====||=====+=====+=====|
|  1. |  0. |  0. ||  1. |  0. |  0. ||* 0. |* 0. |* 0. |
|  0. |  0. |  0. ||  0. |  0. |  0. ||* 0. |* 0. |* 0. |
|  0. |  0. |  1. ||  0. | -1. |  0. ||* 0. |* 0. |* 0. |


state to eval, currenty is playerone turn=false

| -0. |  1. | -0. || -0. | -0. | -0. || -0. | -0. | -0. |
| -0. | -0. | -0. || -0. | -0. | -1. || -0. | -0. | -0. |
|  1. | -1. | -0. || -0. | -0. | -0. ||  1. | -0. | -0. |
|=====+=====+=====||=====+=====+=====||=====+=====+=====|
| -0. | -0. | -0. || -0. | -0. | -1. ||  1. | -0. | -0. |
| -0. | -0. | -0. || -0. | -0. | -0. || -0. | -0. | -0. |
| -0. | -0. | -0. || -0. | -0. | -0. || -0. | -0. | -0. |
|=====+=====+=====||=====+=====+=====||=====+=====+=====|
| -1. | -0. | -0. || -1. | -0. | -0. ||*-0. |*-0. |*-0. |
| -0. | -0. | -0. || -0. | -0. | -0. ||*-0. |*-0. |*-0. |
| -0. | -0. | -1. || -0. |  1. | -0. ||*-0. |*-0. |*-0. |


Determined best move using: 78635Iterations
Determined best move using: 79367Iterations
Determined best move using: 78098Iterations
Determined best move using: 79049Iterations
Determined best move using: 78476Iterations
current State

|  0. | -1. |  0. ||  0. |  0. |  0. ||  0. |  0. |  0. |
|  0. |  0. |  0. ||  0. |  0. |  1. ||  0. |  0. |  0. |
| -1. |  1. |  0. ||  0. |  0. |  0. || -1. |  0. |  0. |
|=====+=====+=====||=====+=====+=====||=====+=====+=====|
|  0. |  0. |  0. ||* 0. |* 0. |* 1. || -1. |  0. |  0. |
|  0. |  0. |  0. ||* 0. |* 0. |* 0. ||  0. |  0. |  0. |
|  0. |  0. |  0. ||* 0. |* 0. |* 0. ||  0. |  0. |  0. |
|=====+=====+=====||=====+=====+=====||=====+=====+=====|
|  1. |  0. |  0. ||  1. |  0. |  0. ||  0. |  0. |  0. |
|  0. |  0. |  0. ||  0. |  0. |  0. ||  0. | -1. |  0. |
|  0. |  0. |  1. ||  0. | -1. |  0. ||  0. |  0. |  0. |


state to eval, currenty is playerone turn=true

|  0. | -1. |  0. ||  0. |  0. |  0. ||  0. |  0. |  0. |
|  0. |  0. |  0. ||  0. |  0. |  1. ||  0. |  0. |  0. |
| -1. |  1. |  0. ||  0. |  0. |  0. || -1. |  0. |  0. |
|=====+=====+=====||=====+=====+=====||=====+=====+=====|
|  0. |  0. |  0. ||* 0. |* 0. |* 1. || -1. |  0. |  0. |
|  0. |  0. |  0. ||* 0. |* 0. |* 0. ||  0. |  0. |  0. |
|  0. |  0. |  0. ||* 0. |* 0. |* 0. ||  0. |  0. |  0. |
|=====+=====+=====||=====+=====+=====||=====+=====+=====|
|  1. |  0. |  0. ||  1. |  0. |  0. ||  0. |  0. |  0. |
|  0. |  0. |  0. ||  0. |  0. |  0. ||  0. | -1. |  0. |
|  0. |  0. |  1. ||  0. | -1. |  0. ||  0. |  0. |  0. |


Determined best move using: 80617Iterations
Determined best move using: 79262Iterations
Determined best move using: 79238Iterations
Determined best move using: 81605Iterations
Determined best move using: 82557Iterations
current State

|  0. | -1. |  0. ||  0. |  0. |  0. ||  0. |  0. |  0. |
|  0. |  0. |  0. ||  0. |  0. |  1. ||  0. |  0. |  0. |
| -1. |  1. |  0. ||  0. |  0. |  0. || -1. |  0. |  0. |
|=====+=====+=====||=====+=====+=====||=====+=====+=====|
|  0. |  0. |  0. ||  0. |  0. |  1. || -1. |  0. |  0. |
|  0. |  0. |  0. ||  0. |  0. |  0. ||  0. |  0. |  0. |
|  0. |  0. |  0. ||  0. |  1. |  0. ||  0. |  0. |  0. |
|=====+=====+=====||=====+=====+=====||=====+=====+=====|
|  1. |  0. |  0. ||* 1. |* 0. |* 0. ||  0. |  0. |  0. |
|  0. |  0. |  0. ||* 0. |* 0. |* 0. ||  0. | -1. |  0. |
|  0. |  0. |  1. ||* 0. |*-1. |* 0. ||  0. |  0. |  0. |


state to eval, currenty is playerone turn=false

| -0. |  1. | -0. || -0. | -0. | -0. || -0. | -0. | -0. |
| -0. | -0. | -0. || -0. | -0. | -1. || -0. | -0. | -0. |
|  1. | -1. | -0. || -0. | -0. | -0. ||  1. | -0. | -0. |
|=====+=====+=====||=====+=====+=====||=====+=====+=====|
| -0. | -0. | -0. || -0. | -0. | -1. ||  1. | -0. | -0. |
| -0. | -0. | -0. || -0. | -0. | -0. || -0. | -0. | -0. |
| -0. | -0. | -0. || -0. | -1. | -0. || -0. | -0. | -0. |
|=====+=====+=====||=====+=====+=====||=====+=====+=====|
| -1. | -0. | -0. ||*-1. |*-0. |*-0. || -0. | -0. | -0. |
| -0. | -0. | -0. ||*-0. |*-0. |*-0. || -0. |  1. | -0. |
| -0. | -0. | -1. ||*-0. |* 1. |*-0. || -0. | -0. | -0. |


Determined best move using: 81886Iterations
Determined best move using: 82683Iterations
Determined best move using: 82047Iterations
Determined best move using: 83311Iterations
Determined best move using: 82753Iterations
current State

|  0. | -1. |  0. ||  0. |  0. |  0. ||  0. |  0. |  0. |
|  0. |  0. |  0. ||  0. |  0. |  1. ||  0. |  0. |  0. |
| -1. |  1. |  0. ||  0. |  0. |  0. || -1. |  0. |  0. |
|=====+=====+=====||=====+=====+=====||=====+=====+=====|
|* 0. |* 0. |* 0. ||  0. |  0. |  1. || -1. |  0. |  0. |
|* 0. |* 0. |* 0. ||  0. |  0. |  0. ||  0. |  0. |  0. |
|* 0. |* 0. |* 0. ||  0. |  1. |  0. ||  0. |  0. |  0. |
|=====+=====+=====||=====+=====+=====||=====+=====+=====|
|  1. |  0. |  0. ||  1. |  0. |  0. ||  0. |  0. |  0. |
|  0. |  0. |  0. || -1. |  0. |  0. ||  0. | -1. |  0. |
|  0. |  0. |  1. ||  0. | -1. |  0. ||  0. |  0. |  0. |


state to eval, currenty is playerone turn=true

|  0. | -1. |  0. ||  0. |  0. |  0. ||  0. |  0. |  0. |
|  0. |  0. |  0. ||  0. |  0. |  1. ||  0. |  0. |  0. |
| -1. |  1. |  0. ||  0. |  0. |  0. || -1. |  0. |  0. |
|=====+=====+=====||=====+=====+=====||=====+=====+=====|
|* 0. |* 0. |* 0. ||  0. |  0. |  1. || -1. |  0. |  0. |
|* 0. |* 0. |* 0. ||  0. |  0. |  0. ||  0. |  0. |  0. |
|* 0. |* 0. |* 0. ||  0. |  1. |  0. ||  0. |  0. |  0. |
|=====+=====+=====||=====+=====+=====||=====+=====+=====|
|  1. |  0. |  0. ||  1. |  0. |  0. ||  0. |  0. |  0. |
|  0. |  0. |  0. || -1. |  0. |  0. ||  0. | -1. |  0. |
|  0. |  0. |  1. ||  0. | -1. |  0. ||  0. |  0. |  0. |


Determined best move using: 85059Iterations
Determined best move using: 82098Iterations
Determined best move using: 84889Iterations
Determined best move using: 82459Iterations
Determined best move using: 83317Iterations
current State

|  0. | -1. |  0. ||  0. |  0. |  0. ||* 0. |* 0. |* 0. |
|  0. |  0. |  0. ||  0. |  0. |  1. ||* 0. |* 0. |* 0. |
| -1. |  1. |  0. ||  0. |  0. |  0. ||*-1. |* 0. |* 0. |
|=====+=====+=====||=====+=====+=====||=====+=====+=====|
|  0. |  0. |  1. ||  0. |  0. |  1. || -1. |  0. |  0. |
|  0. |  0. |  0. ||  0. |  0. |  0. ||  0. |  0. |  0. |
|  0. |  0. |  0. ||  0. |  1. |  0. ||  0. |  0. |  0. |
|=====+=====+=====||=====+=====+=====||=====+=====+=====|
|  1. |  0. |  0. ||  1. |  0. |  0. ||  0. |  0. |  0. |
|  0. |  0. |  0. || -1. |  0. |  0. ||  0. | -1. |  0. |
|  0. |  0. |  1. ||  0. | -1. |  0. ||  0. |  0. |  0. |


state to eval, currenty is playerone turn=false

| -0. |  1. | -0. || -0. | -0. | -0. ||*-0. |*-0. |*-0. |
| -0. | -0. | -0. || -0. | -0. | -1. ||*-0. |*-0. |*-0. |
|  1. | -1. | -0. || -0. | -0. | -0. ||* 1. |*-0. |*-0. |
|=====+=====+=====||=====+=====+=====||=====+=====+=====|
| -0. | -0. | -1. || -0. | -0. | -1. ||  1. | -0. | -0. |
| -0. | -0. | -0. || -0. | -0. | -0. || -0. | -0. | -0. |
| -0. | -0. | -0. || -0. | -1. | -0. || -0. | -0. | -0. |
|=====+=====+=====||=====+=====+=====||=====+=====+=====|
| -1. | -0. | -0. || -1. | -0. | -0. || -0. | -0. | -0. |
| -0. | -0. | -0. ||  1. | -0. | -0. || -0. |  1. | -0. |
| -0. | -0. | -1. || -0. |  1. | -0. || -0. | -0. | -0. |


Determined best move using: 84744Iterations
Determined best move using: 83816Iterations
Determined best move using: 83939Iterations
Determined best move using: 83864Iterations
Determined best move using: 84660Iterations
current State

|  0. | -1. |  0. ||  0. |  0. |  0. ||  0. |  0. |  0. |
|  0. |  0. |  0. ||  0. |  0. |  1. ||  0. |  0. | -1. |
| -1. |  1. |  0. ||  0. |  0. |  0. || -1. |  0. |  0. |
|=====+=====+=====||=====+=====+=====||=====+=====+=====|
|  0. |  0. |  1. ||  0. |  0. |  1. ||*-1. |* 0. |* 0. |
|  0. |  0. |  0. ||  0. |  0. |  0. ||* 0. |* 0. |* 0. |
|  0. |  0. |  0. ||  0. |  1. |  0. ||* 0. |* 0. |* 0. |
|=====+=====+=====||=====+=====+=====||=====+=====+=====|
|  1. |  0. |  0. ||  1. |  0. |  0. ||  0. |  0. |  0. |
|  0. |  0. |  0. || -1. |  0. |  0. ||  0. | -1. |  0. |
|  0. |  0. |  1. ||  0. | -1. |  0. ||  0. |  0. |  0. |


state to eval, currenty is playerone turn=true

|  0. | -1. |  0. ||  0. |  0. |  0. ||  0. |  0. |  0. |
|  0. |  0. |  0. ||  0. |  0. |  1. ||  0. |  0. | -1. |
| -1. |  1. |  0. ||  0. |  0. |  0. || -1. |  0. |  0. |
|=====+=====+=====||=====+=====+=====||=====+=====+=====|
|  0. |  0. |  1. ||  0. |  0. |  1. ||*-1. |* 0. |* 0. |
|  0. |  0. |  0. ||  0. |  0. |  0. ||* 0. |* 0. |* 0. |
|  0. |  0. |  0. ||  0. |  1. |  0. ||* 0. |* 0. |* 0. |
|=====+=====+=====||=====+=====+=====||=====+=====+=====|
|  1. |  0. |  0. ||  1. |  0. |  0. ||  0. |  0. |  0. |
|  0. |  0. |  0. || -1. |  0. |  0. ||  0. | -1. |  0. |
|  0. |  0. |  1. ||  0. | -1. |  0. ||  0. |  0. |  0. |


Determined best move using: 88569Iterations
Determined best move using: 85173Iterations
Determined best move using: 84980Iterations
Determined best move using: 85767Iterations
Determined best move using: 86661Iterations
current State

|  0. | -1. |  0. ||  0. |  0. |  0. ||* 0. |* 0. |* 0. |
|  0. |  0. |  0. ||  0. |  0. |  1. ||* 0. |* 0. |*-1. |
| -1. |  1. |  0. ||  0. |  0. |  0. ||*-1. |* 0. |* 0. |
|=====+=====+=====||=====+=====+=====||=====+=====+=====|
|  0. |  0. |  1. ||  0. |  0. |  1. || -1. |  0. |  1. |
|  0. |  0. |  0. ||  0. |  0. |  0. ||  0. |  0. |  0. |
|  0. |  0. |  0. ||  0. |  1. |  0. ||  0. |  0. |  0. |
|=====+=====+=====||=====+=====+=====||=====+=====+=====|
|  1. |  0. |  0. ||  1. |  0. |  0. ||  0. |  0. |  0. |
|  0. |  0. |  0. || -1. |  0. |  0. ||  0. | -1. |  0. |
|  0. |  0. |  1. ||  0. | -1. |  0. ||  0. |  0. |  0. |


state to eval, currenty is playerone turn=false

| -0. |  1. | -0. || -0. | -0. | -0. ||*-0. |*-0. |*-0. |
| -0. | -0. | -0. || -0. | -0. | -1. ||*-0. |*-0. |* 1. |
|  1. | -1. | -0. || -0. | -0. | -0. ||* 1. |*-0. |*-0. |
|=====+=====+=====||=====+=====+=====||=====+=====+=====|
| -0. | -0. | -1. || -0. | -0. | -1. ||  1. | -0. | -1. |
| -0. | -0. | -0. || -0. | -0. | -0. || -0. | -0. | -0. |
| -0. | -0. | -0. || -0. | -1. | -0. || -0. | -0. | -0. |
|=====+=====+=====||=====+=====+=====||=====+=====+=====|
| -1. | -0. | -0. || -1. | -0. | -0. || -0. | -0. | -0. |
| -0. | -0. | -0. ||  1. | -0. | -0. || -0. |  1. | -0. |
| -0. | -0. | -1. || -0. |  1. | -0. || -0. | -0. | -0. |


Determined best move using: 91163Iterations
Determined best move using: 86226Iterations
Determined best move using: 86751Iterations
Determined best move using: 86350Iterations
Determined best move using: 87488Iterations
current State

|  0. | -1. |  0. ||* 0. |* 0. |* 0. ||  0. | -1. |  0. |
|  0. |  0. |  0. ||* 0. |* 0. |* 1. ||  0. |  0. | -1. |
| -1. |  1. |  0. ||* 0. |* 0. |* 0. || -1. |  0. |  0. |
|=====+=====+=====||=====+=====+=====||=====+=====+=====|
|  0. |  0. |  1. ||  0. |  0. |  1. || -1. |  0. |  1. |
|  0. |  0. |  0. ||  0. |  0. |  0. ||  0. |  0. |  0. |
|  0. |  0. |  0. ||  0. |  1. |  0. ||  0. |  0. |  0. |
|=====+=====+=====||=====+=====+=====||=====+=====+=====|
|  1. |  0. |  0. ||  1. |  0. |  0. ||  0. |  0. |  0. |
|  0. |  0. |  0. || -1. |  0. |  0. ||  0. | -1. |  0. |
|  0. |  0. |  1. ||  0. | -1. |  0. ||  0. |  0. |  0. |


state to eval, currenty is playerone turn=true

|  0. | -1. |  0. ||* 0. |* 0. |* 0. ||  0. | -1. |  0. |
|  0. |  0. |  0. ||* 0. |* 0. |* 1. ||  0. |  0. | -1. |
| -1. |  1. |  0. ||* 0. |* 0. |* 0. || -1. |  0. |  0. |
|=====+=====+=====||=====+=====+=====||=====+=====+=====|
|  0. |  0. |  1. ||  0. |  0. |  1. || -1. |  0. |  1. |
|  0. |  0. |  0. ||  0. |  0. |  0. ||  0. |  0. |  0. |
|  0. |  0. |  0. ||  0. |  1. |  0. ||  0. |  0. |  0. |
|=====+=====+=====||=====+=====+=====||=====+=====+=====|
|  1. |  0. |  0. ||  1. |  0. |  0. ||  0. |  0. |  0. |
|  0. |  0. |  0. || -1. |  0. |  0. ||  0. | -1. |  0. |
|  0. |  0. |  1. ||  0. | -1. |  0. ||  0. |  0. |  0. |


Determined best move using: 93843Iterations
Determined best move using: 89678Iterations
Determined best move using: 89467Iterations
Determined best move using: 87337Iterations
Determined best move using: 89498Iterations
current State

|  0. | -1. |  0. ||  0. |  0. |  0. ||  0. | -1. |  0. |
|  0. |  0. |  0. ||  1. |  0. |  1. ||  0. |  0. | -1. |
| -1. |  1. |  0. ||  0. |  0. |  0. || -1. |  0. |  0. |
|=====+=====+=====||=====+=====+=====||=====+=====+=====|
|* 0. |* 0. |* 1. ||  0. |  0. |  1. || -1. |  0. |  1. |
|* 0. |* 0. |* 0. ||  0. |  0. |  0. ||  0. |  0. |  0. |
|* 0. |* 0. |* 0. ||  0. |  1. |  0. ||  0. |  0. |  0. |
|=====+=====+=====||=====+=====+=====||=====+=====+=====|
|  1. |  0. |  0. ||  1. |  0. |  0. ||  0. |  0. |  0. |
|  0. |  0. |  0. || -1. |  0. |  0. ||  0. | -1. |  0. |
|  0. |  0. |  1. ||  0. | -1. |  0. ||  0. |  0. |  0. |


state to eval, currenty is playerone turn=false

| -0. |  1. | -0. || -0. | -0. | -0. || -0. |  1. | -0. |
| -0. | -0. | -0. || -1. | -0. | -1. || -0. | -0. |  1. |
|  1. | -1. | -0. || -0. | -0. | -0. ||  1. | -0. | -0. |
|=====+=====+=====||=====+=====+=====||=====+=====+=====|
|*-0. |*-0. |*-1. || -0. | -0. | -1. ||  1. | -0. | -1. |
|*-0. |*-0. |*-0. || -0. | -0. | -0. || -0. | -0. | -0. |
|*-0. |*-0. |*-0. || -0. | -1. | -0. || -0. | -0. | -0. |
|=====+=====+=====||=====+=====+=====||=====+=====+=====|
| -1. | -0. | -0. || -1. | -0. | -0. || -0. | -0. | -0. |
| -0. | -0. | -0. ||  1. | -0. | -0. || -0. |  1. | -0. |
| -0. | -0. | -1. || -0. |  1. | -0. || -0. | -0. | -0. |


Determined best move using: 94619Iterations
Determined best move using: 91338Iterations
Determined best move using: 92151Iterations
Determined best move using: 89301Iterations
Determined best move using: 90755Iterations
current State

|  0. | -1. |  0. ||  0. |  0. |  0. ||  0. | -1. |  0. |
|  0. |  0. |  0. ||  1. |  0. |  1. ||  0. |  0. | -1. |
| -1. |  1. |  0. ||  0. |  0. |  0. || -1. |  0. |  0. |
|=====+=====+=====||=====+=====+=====||=====+=====+=====|
|  0. |  0. |  1. ||  0. |  0. |  1. || -1. |  0. |  1. |
|  0. |  0. |  0. ||  0. |  0. |  0. ||  0. |  0. |  0. |
|  0. |  0. | -1. ||  0. |  1. |  0. ||  0. |  0. |  0. |
|=====+=====+=====||=====+=====+=====||=====+=====+=====|
|  1. |  0. |  0. ||  1. |  0. |  0. ||* 0. |* 0. |* 0. |
|  0. |  0. |  0. || -1. |  0. |  0. ||* 0. |*-1. |* 0. |
|  0. |  0. |  1. ||  0. | -1. |  0. ||* 0. |* 0. |* 0. |


state to eval, currenty is playerone turn=true

|  0. | -1. |  0. ||  0. |  0. |  0. ||  0. | -1. |  0. |
|  0. |  0. |  0. ||  1. |  0. |  1. ||  0. |  0. | -1. |
| -1. |  1. |  0. ||  0. |  0. |  0. || -1. |  0. |  0. |
|=====+=====+=====||=====+=====+=====||=====+=====+=====|
|  0. |  0. |  1. ||  0. |  0. |  1. || -1. |  0. |  1. |
|  0. |  0. |  0. ||  0. |  0. |  0. ||  0. |  0. |  0. |
|  0. |  0. | -1. ||  0. |  1. |  0. ||  0. |  0. |  0. |
|=====+=====+=====||=====+=====+=====||=====+=====+=====|
|  1. |  0. |  0. ||  1. |  0. |  0. ||* 0. |* 0. |* 0. |
|  0. |  0. |  0. || -1. |  0. |  0. ||* 0. |*-1. |* 0. |
|  0. |  0. |  1. ||  0. | -1. |  0. ||* 0. |* 0. |* 0. |


Determined best move using: 94761Iterations
Determined best move using: 93330Iterations
Determined best move using: 92557Iterations
Determined best move using: 91261Iterations
Determined best move using: 92163Iterations
current State

|* 0. |*-1. |* 0. ||  0. |  0. |  0. ||  0. | -1. |  0. |
|* 0. |* 0. |* 0. ||  1. |  0. |  1. ||  0. |  0. | -1. |
|*-1. |* 1. |* 0. ||  0. |  0. |  0. || -1. |  0. |  0. |
|=====+=====+=====||=====+=====+=====||=====+=====+=====|
|  0. |  0. |  1. ||  0. |  0. |  1. || -1. |  0. |  1. |
|  0. |  0. |  0. ||  0. |  0. |  0. ||  0. |  0. |  0. |
|  0. |  0. | -1. ||  0. |  1. |  0. ||  0. |  0. |  0. |
|=====+=====+=====||=====+=====+=====||=====+=====+=====|
|  1. |  0. |  0. ||  1. |  0. |  0. ||  1. |  0. |  0. |
|  0. |  0. |  0. || -1. |  0. |  0. ||  0. | -1. |  0. |
|  0. |  0. |  1. ||  0. | -1. |  0. ||  0. |  0. |  0. |


state to eval, currenty is playerone turn=false

|*-0. |* 1. |*-0. || -0. | -0. | -0. || -0. |  1. | -0. |
|*-0. |*-0. |*-0. || -1. | -0. | -1. || -0. | -0. |  1. |
|* 1. |*-1. |*-0. || -0. | -0. | -0. ||  1. | -0. | -0. |
|=====+=====+=====||=====+=====+=====||=====+=====+=====|
| -0. | -0. | -1. || -0. | -0. | -1. ||  1. | -0. | -1. |
| -0. | -0. | -0. || -0. | -0. | -0. || -0. | -0. | -0. |
| -0. | -0. |  1. || -0. | -1. | -0. || -0. | -0. | -0. |
|=====+=====+=====||=====+=====+=====||=====+=====+=====|
| -1. | -0. | -0. || -1. | -0. | -0. || -1. | -0. | -0. |
| -0. | -0. | -0. ||  1. | -0. | -0. || -0. |  1. | -0. |
| -0. | -0. | -1. || -0. |  1. | -0. || -0. | -0. | -0. |


Determined best move using: 96525Iterations
Determined best move using: 98724Iterations
Determined best move using: 99242Iterations
Determined best move using: 93926Iterations
Determined best move using: 93729Iterations
current State

|  0. | -1. |  0. ||  0. |  0. |  0. ||  0. | -1. |  0. |
|  0. |  0. |  0. ||  1. |  0. |  1. ||  0. |  0. | -1. |
| -1. |  1. | -1. ||  0. |  0. |  0. || -1. |  0. |  0. |
|=====+=====+=====||=====+=====+=====||=====+=====+=====|
|  0. |  0. |  1. ||  0. |  0. |  1. || -1. |  0. |  1. |
|  0. |  0. |  0. ||  0. |  0. |  0. ||  0. |  0. |  0. |
|  0. |  0. | -1. ||  0. |  1. |  0. ||  0. |  0. |  0. |
|=====+=====+=====||=====+=====+=====||=====+=====+=====|
|  1. |  0. |  0. ||  1. |  0. |  0. ||* 1. |* 0. |* 0. |
|  0. |  0. |  0. || -1. |  0. |  0. ||* 0. |*-1. |* 0. |
|  0. |  0. |  1. ||  0. | -1. |  0. ||* 0. |* 0. |* 0. |


state to eval, currenty is playerone turn=true

|  0. | -1. |  0. ||  0. |  0. |  0. ||  0. | -1. |  0. |
|  0. |  0. |  0. ||  1. |  0. |  1. ||  0. |  0. | -1. |
| -1. |  1. | -1. ||  0. |  0. |  0. || -1. |  0. |  0. |
|=====+=====+=====||=====+=====+=====||=====+=====+=====|
|  0. |  0. |  1. ||  0. |  0. |  1. || -1. |  0. |  1. |
|  0. |  0. |  0. ||  0. |  0. |  0. ||  0. |  0. |  0. |
|  0. |  0. | -1. ||  0. |  1. |  0. ||  0. |  0. |  0. |
|=====+=====+=====||=====+=====+=====||=====+=====+=====|
|  1. |  0. |  0. ||  1. |  0. |  0. ||* 1. |* 0. |* 0. |
|  0. |  0. |  0. || -1. |  0. |  0. ||* 0. |*-1. |* 0. |
|  0. |  0. |  1. ||  0. | -1. |  0. ||* 0. |* 0. |* 0. |


Determined best move using: 100299Iterations
Determined best move using: 101103Iterations
Determined best move using: 99385Iterations
Determined best move using: 93769Iterations
Determined best move using: 95930Iterations
current State

|  0. | -1. |  0. ||  0. |  0. |  0. ||  0. | -1. |  0. |
|  0. |  0. |  0. ||  1. |  0. |  1. ||  0. |  0. | -1. |
| -1. |  1. | -1. ||  0. |  0. |  0. || -1. |  0. |  0. |
|=====+=====+=====||=====+=====+=====||=====+=====+=====|
|  0. |  0. |  1. ||  0. |  0. |  1. ||*-1. |* 0. |* 1. |
|  0. |  0. |  0. ||  0. |  0. |  0. ||* 0. |* 0. |* 0. |
|  0. |  0. | -1. ||  0. |  1. |  0. ||* 0. |* 0. |* 0. |
|=====+=====+=====||=====+=====+=====||=====+=====+=====|
|  1. |  0. |  0. ||  1. |  0. |  0. ||  1. |  0. |  0. |
|  0. |  0. |  0. || -1. |  0. |  0. ||  0. | -1. |  1. |
|  0. |  0. |  1. ||  0. | -1. |  0. ||  0. |  0. |  0. |


state to eval, currenty is playerone turn=false

| -0. |  1. | -0. || -0. | -0. | -0. || -0. |  1. | -0. |
| -0. | -0. | -0. || -1. | -0. | -1. || -0. | -0. |  1. |
|  1. | -1. |  1. || -0. | -0. | -0. ||  1. | -0. | -0. |
|=====+=====+=====||=====+=====+=====||=====+=====+=====|
| -0. | -0. | -1. || -0. | -0. | -1. ||* 1. |*-0. |*-1. |
| -0. | -0. | -0. || -0. | -0. | -0. ||*-0. |*-0. |*-0. |
| -0. | -0. |  1. || -0. | -1. | -0. ||*-0. |*-0. |*-0. |
|=====+=====+=====||=====+=====+=====||=====+=====+=====|
| -1. | -0. | -0. || -1. | -0. | -0. || -1. | -0. | -0. |
| -0. | -0. | -0. ||  1. | -0. | -0. || -0. |  1. | -1. |
| -0. | -0. | -1. || -0. |  1. | -0. || -0. | -0. | -0. |


Determined best move using: 101297Iterations
Determined best move using: 101480Iterations
Determined best move using: 101081Iterations
Determined best move using: 95931Iterations
Determined best move using: 97454Iterations
current State

|  0. | -1. |  0. ||* 0. |* 0. |* 0. ||  0. | -1. |  0. |
|  0. |  0. |  0. ||* 1. |* 0. |* 1. ||  0. |  0. | -1. |
| -1. |  1. | -1. ||* 0. |* 0. |* 0. || -1. |  0. |  0. |
|=====+=====+=====||=====+=====+=====||=====+=====+=====|
|  0. |  0. |  1. ||  0. |  0. |  1. || -1. | -1. |  1. |
|  0. |  0. |  0. ||  0. |  0. |  0. ||  0. |  0. |  0. |
|  0. |  0. | -1. ||  0. |  1. |  0. ||  0. |  0. |  0. |
|=====+=====+=====||=====+=====+=====||=====+=====+=====|
|  1. |  0. |  0. ||  1. |  0. |  0. ||  1. |  0. |  0. |
|  0. |  0. |  0. || -1. |  0. |  0. ||  0. | -1. |  1. |
|  0. |  0. |  1. ||  0. | -1. |  0. ||  0. |  0. |  0. |


state to eval, currenty is playerone turn=true

|  0. | -1. |  0. ||* 0. |* 0. |* 0. ||  0. | -1. |  0. |
|  0. |  0. |  0. ||* 1. |* 0. |* 1. ||  0. |  0. | -1. |
| -1. |  1. | -1. ||* 0. |* 0. |* 0. || -1. |  0. |  0. |
|=====+=====+=====||=====+=====+=====||=====+=====+=====|
|  0. |  0. |  1. ||  0. |  0. |  1. || -1. | -1. |  1. |
|  0. |  0. |  0. ||  0. |  0. |  0. ||  0. |  0. |  0. |
|  0. |  0. | -1. ||  0. |  1. |  0. ||  0. |  0. |  0. |
|=====+=====+=====||=====+=====+=====||=====+=====+=====|
|  1. |  0. |  0. ||  1. |  0. |  0. ||  1. |  0. |  0. |
|  0. |  0. |  0. || -1. |  0. |  0. ||  0. | -1. |  1. |
|  0. |  0. |  1. ||  0. | -1. |  0. ||  0. |  0. |  0. |


Determined best move using: 104101Iterations
Determined best move using: 101603Iterations
Determined best move using: 102192Iterations
Determined best move using: 97828Iterations
Determined best move using: 98265Iterations
current State

|  0. | -1. |  0. ||  0. |  0. |  0. ||  0. | -1. |  0. |
|  0. |  0. |  0. ||  1. |  1. |  1. ||  0. |  0. | -1. |
| -1. |  1. | -1. ||  0. |  0. |  0. || -1. |  0. |  0. |
|=====+=====+=====||=====+=====+=====||=====+=====+=====|
|  0. |  0. |  1. ||* 0. |* 0. |* 1. || -1. | -1. |  1. |
|  0. |  0. |  0. ||* 0. |* 0. |* 0. ||  0. |  0. |  0. |
|  0. |  0. | -1. ||* 0. |* 1. |* 0. ||  0. |  0. |  0. |
|=====+=====+=====||=====+=====+=====||=====+=====+=====|
|  1. |  0. |  0. ||  1. |  0. |  0. ||  1. |  0. |  0. |
|  0. |  0. |  0. || -1. |  0. |  0. ||  0. | -1. |  1. |
|  0. |  0. |  1. ||  0. | -1. |  0. ||  0. |  0. |  0. |


state to eval, currenty is playerone turn=false

| -0. |  1. | -0. || -0. | -0. | -0. || -0. |  1. | -0. |
| -0. | -0. | -0. || -1. | -1. | -1. || -0. | -0. |  1. |
|  1. | -1. |  1. || -0. | -0. | -0. ||  1. | -0. | -0. |
|=====+=====+=====||=====+=====+=====||=====+=====+=====|
| -0. | -0. | -1. ||*-0. |*-0. |*-1. ||  1. |  1. | -1. |
| -0. | -0. | -0. ||*-0. |*-0. |*-0. || -0. | -0. | -0. |
| -0. | -0. |  1. ||*-0. |*-1. |*-0. || -0. | -0. | -0. |
|=====+=====+=====||=====+=====+=====||=====+=====+=====|
| -1. | -0. | -0. || -1. | -0. | -0. || -1. | -0. | -0. |
| -0. | -0. | -0. ||  1. | -0. | -0. || -0. |  1. | -1. |
| -0. | -0. | -1. || -0. |  1. | -0. || -0. | -0. | -0. |


Determined best move using: 103318Iterations
Determined best move using: 105968Iterations
Determined best move using: 107654Iterations
Determined best move using: 99538Iterations
Determined best move using: 101238Iterations
current State

|  0. | -1. |  0. ||  0. |  0. |  0. ||  0. | -1. |  0. |
|  0. |  0. |  0. ||  1. |  1. |  1. ||  0. |  0. | -1. |
| -1. |  1. | -1. ||  0. |  0. |  0. || -1. |  0. |  0. |
|=====+=====+=====||=====+=====+=====||=====+=====+=====|
|  0. |  0. |  1. ||  0. |  0. |  1. || -1. | -1. |  1. |
|  0. |  0. |  0. ||  0. |  0. |  0. ||  0. |  0. |  0. |
|  0. |  0. | -1. ||  0. |  1. | -1. ||  0. |  0. |  0. |
|=====+=====+=====||=====+=====+=====||=====+=====+=====|
|  1. |  0. |  0. ||  1. |  0. |  0. ||* 1. |* 0. |* 0. |
|  0. |  0. |  0. || -1. |  0. |  0. ||* 0. |*-1. |* 1. |
|  0. |  0. |  1. ||  0. | -1. |  0. ||* 0. |* 0. |* 0. |


state to eval, currenty is playerone turn=true

|  0. | -1. |  0. ||  0. |  0. |  0. ||  0. | -1. |  0. |
|  0. |  0. |  0. ||  1. |  1. |  1. ||  0. |  0. | -1. |
| -1. |  1. | -1. ||  0. |  0. |  0. || -1. |  0. |  0. |
|=====+=====+=====||=====+=====+=====||=====+=====+=====|
|  0. |  0. |  1. ||  0. |  0. |  1. || -1. | -1. |  1. |
|  0. |  0. |  0. ||  0. |  0. |  0. ||  0. |  0. |  0. |
|  0. |  0. | -1. ||  0. |  1. | -1. ||  0. |  0. |  0. |
|=====+=====+=====||=====+=====+=====||=====+=====+=====|
|  1. |  0. |  0. ||  1. |  0. |  0. ||* 1. |* 0. |* 0. |
|  0. |  0. |  0. || -1. |  0. |  0. ||* 0. |*-1. |* 1. |
|  0. |  0. |  1. ||  0. | -1. |  0. ||* 0. |* 0. |* 0. |


Determined best move using: 105544Iterations
Determined best move using: 108777Iterations
Determined best move using: 110717Iterations
Determined best move using: 99669Iterations
Determined best move using: 102901Iterations
current State

|  0. | -1. |  0. ||  0. |  0. |  0. ||* 0. |*-1. |* 0. |
|  0. |  0. |  0. ||  1. |  1. |  1. ||* 0. |* 0. |*-1. |
| -1. |  1. | -1. ||  0. |  0. |  0. ||*-1. |* 0. |* 0. |
|=====+=====+=====||=====+=====+=====||=====+=====+=====|
|  0. |  0. |  1. ||  0. |  0. |  1. || -1. | -1. |  1. |
|  0. |  0. |  0. ||  0. |  0. |  0. ||  0. |  0. |  0. |
|  0. |  0. | -1. ||  0. |  1. | -1. ||  0. |  0. |  0. |
|=====+=====+=====||=====+=====+=====||=====+=====+=====|
|  1. |  0. |  0. ||  1. |  0. |  0. ||  1. |  0. |  1. |
|  0. |  0. |  0. || -1. |  0. |  0. ||  0. | -1. |  1. |
|  0. |  0. |  1. ||  0. | -1. |  0. ||  0. |  0. |  0. |


state to eval, currenty is playerone turn=false

| -0. |  1. | -0. || -0. | -0. | -0. ||*-0. |* 1. |*-0. |
| -0. | -0. | -0. || -1. | -1. | -1. ||*-0. |*-0. |* 1. |
|  1. | -1. |  1. || -0. | -0. | -0. ||* 1. |*-0. |*-0. |
|=====+=====+=====||=====+=====+=====||=====+=====+=====|
| -0. | -0. | -1. || -0. | -0. | -1. ||  1. |  1. | -1. |
| -0. | -0. | -0. || -0. | -0. | -0. || -0. | -0. | -0. |
| -0. | -0. |  1. || -0. | -1. |  1. || -0. | -0. | -0. |
|=====+=====+=====||=====+=====+=====||=====+=====+=====|
| -1. | -0. | -0. || -1. | -0. | -0. || -1. | -0. | -1. |
| -0. | -0. | -0. ||  1. | -0. | -0. || -0. |  1. | -1. |
| -0. | -0. | -1. || -0. |  1. | -0. || -0. | -0. | -0. |


Determined best move using: 102847Iterations
Determined best move using: 113654Iterations
Determined best move using: 110469Iterations
Determined best move using: 103034Iterations
Determined best move using: 109262Iterations
current State

|  0. | -1. |  0. ||  0. |  0. |  0. ||  0. | -1. |  0. |
|  0. |  0. |  0. ||  1. |  1. |  1. ||  0. |  0. | -1. |
| -1. |  1. | -1. ||  0. |  0. |  0. || -1. |  0. | -1. |
|=====+=====+=====||=====+=====+=====||=====+=====+=====|
|  0. |  0. |  1. ||  0. |  0. |  1. || -1. | -1. |  1. |
|  0. |  0. |  0. ||  0. |  0. |  0. ||  0. |  0. |  0. |
|  0. |  0. | -1. ||  0. |  1. | -1. ||  0. |  0. |  0. |
|=====+=====+=====||=====+=====+=====||=====+=====+=====|
|  1. |  0. |  0. ||  1. |  0. |  0. ||* 1. |* 0. |* 1. |
|  0. |  0. |  0. || -1. |  0. |  0. ||* 0. |*-1. |* 1. |
|  0. |  0. |  1. ||  0. | -1. |  0. ||* 0. |* 0. |* 0. |


state to eval, currenty is playerone turn=true

|  0. | -1. |  0. ||  0. |  0. |  0. ||  0. | -1. |  0. |
|  0. |  0. |  0. ||  1. |  1. |  1. ||  0. |  0. | -1. |
| -1. |  1. | -1. ||  0. |  0. |  0. || -1. |  0. | -1. |
|=====+=====+=====||=====+=====+=====||=====+=====+=====|
|  0. |  0. |  1. ||  0. |  0. |  1. || -1. | -1. |  1. |
|  0. |  0. |  0. ||  0. |  0. |  0. ||  0. |  0. |  0. |
|  0. |  0. | -1. ||  0. |  1. | -1. ||  0. |  0. |  0. |
|=====+=====+=====||=====+=====+=====||=====+=====+=====|
|  1. |  0. |  0. ||  1. |  0. |  0. ||* 1. |* 0. |* 1. |
|  0. |  0. |  0. || -1. |  0. |  0. ||* 0. |*-1. |* 1. |
|  0. |  0. |  1. ||  0. | -1. |  0. ||* 0. |* 0. |* 0. |


Determined best move using: 108478Iterations
Determined best move using: 120748Iterations
Determined best move using: 115198Iterations
Determined best move using: 105387Iterations
Determined best move using: 109657Iterations
current State

|  0. | -1. |  0. ||  0. |  0. |  0. ||  0. | -1. |  0. |
|  0. |  0. |  0. ||  1. |  1. |  1. ||  0. |  0. | -1. |
| -1. |  1. | -1. ||  0. |  0. |  0. || -1. |  0. | -1. |
|=====+=====+=====||=====+=====+=====||=====+=====+=====|
|  0. |  0. |  1. ||  0. |  0. |  1. || -1. | -1. |  1. |
|  0. |  0. |  0. ||  0. |  0. |  0. ||  0. |  0. |  0. |
|  0. |  0. | -1. ||  0. |  1. | -1. ||  0. |  0. |  0. |
|=====+=====+=====||=====+=====+=====||=====+=====+=====|
|* 1. |* 0. |* 0. ||  1. |  0. |  0. ||  1. |  0. |  1. |
|* 0. |* 0. |* 0. || -1. |  0. |  0. ||  0. | -1. |  1. |
|* 0. |* 0. |* 1. ||  0. | -1. |  0. ||  1. |  0. |  0. |


state to eval, currenty is playerone turn=false

| -0. |  1. | -0. || -0. | -0. | -0. || -0. |  1. | -0. |
| -0. | -0. | -0. || -1. | -1. | -1. || -0. | -0. |  1. |
|  1. | -1. |  1. || -0. | -0. | -0. ||  1. | -0. |  1. |
|=====+=====+=====||=====+=====+=====||=====+=====+=====|
| -0. | -0. | -1. || -0. | -0. | -1. ||  1. |  1. | -1. |
| -0. | -0. | -0. || -0. | -0. | -0. || -0. | -0. | -0. |
| -0. | -0. |  1. || -0. | -1. |  1. || -0. | -0. | -0. |
|=====+=====+=====||=====+=====+=====||=====+=====+=====|
|*-1. |*-0. |*-0. || -1. | -0. | -0. || -1. | -0. | -1. |
|*-0. |*-0. |*-0. ||  1. | -0. | -0. || -0. |  1. | -1. |
|*-0. |*-0. |*-1. || -0. |  1. | -0. || -1. | -0. | -0. |


Determined best move using: 110880Iterations
Determined best move using: 116542Iterations
Determined best move using: 121677Iterations
Determined best move using: 114274Iterations
Determined best move using: 109577Iterations
current State

|  0. | -1. |  0. ||  0. |  0. |  0. ||  0. | -1. |  0. |
|  0. |  0. |  0. ||  1. |  1. |  1. ||  0. |  0. | -1. |
| -1. |  1. | -1. ||  0. |  0. |  0. || -1. |  0. | -1. |
|=====+=====+=====||=====+=====+=====||=====+=====+=====|
|  0. |  0. |  1. ||  0. |  0. |  1. ||*-1. |*-1. |* 1. |
|  0. |  0. |  0. ||  0. |  0. |  0. ||* 0. |* 0. |* 0. |
|  0. |  0. | -1. ||  0. |  1. | -1. ||* 0. |* 0. |* 0. |
|=====+=====+=====||=====+=====+=====||=====+=====+=====|
|  1. |  0. |  0. ||  1. |  0. |  0. ||  1. |  0. |  1. |
|  0. |  0. | -1. || -1. |  0. |  0. ||  0. | -1. |  1. |
|  0. |  0. |  1. ||  0. | -1. |  0. ||  1. |  0. |  0. |


state to eval, currenty is playerone turn=true

|  0. | -1. |  0. ||  0. |  0. |  0. ||  0. | -1. |  0. |
|  0. |  0. |  0. ||  1. |  1. |  1. ||  0. |  0. | -1. |
| -1. |  1. | -1. ||  0. |  0. |  0. || -1. |  0. | -1. |
|=====+=====+=====||=====+=====+=====||=====+=====+=====|
|  0. |  0. |  1. ||  0. |  0. |  1. ||*-1. |*-1. |* 1. |
|  0. |  0. |  0. ||  0. |  0. |  0. ||* 0. |* 0. |* 0. |
|  0. |  0. | -1. ||  0. |  1. | -1. ||* 0. |* 0. |* 0. |
|=====+=====+=====||=====+=====+=====||=====+=====+=====|
|  1. |  0. |  0. ||  1. |  0. |  0. ||  1. |  0. |  1. |
|  0. |  0. | -1. || -1. |  0. |  0. ||  0. | -1. |  1. |
|  0. |  0. |  1. ||  0. | -1. |  0. ||  1. |  0. |  0. |


Determined best move using: 112529Iterations
Determined best move using: 114631Iterations
Determined best move using: 124866Iterations
Determined best move using: 111903Iterations
Determined best move using: 112161Iterations
current State

|  0. | -1. |  0. ||  0. |  0. |  0. ||  0. | -1. |  0. |
|  0. |  0. |  0. ||  1. |  1. |  1. ||  0. |  0. | -1. |
| -1. |  1. | -1. ||  0. |  0. |  0. || -1. |  0. | -1. |
|=====+=====+=====||=====+=====+=====||=====+=====+=====|
|* 0. |* 0. |* 1. ||  0. |  0. |  1. || -1. | -1. |  1. |
|* 0. |* 0. |* 0. ||  0. |  0. |  0. ||  1. |  0. |  0. |
|* 0. |* 0. |*-1. ||  0. |  1. | -1. ||  0. |  0. |  0. |
|=====+=====+=====||=====+=====+=====||=====+=====+=====|
|  1. |  0. |  0. ||  1. |  0. |  0. ||  1. |  0. |  1. |
|  0. |  0. | -1. || -1. |  0. |  0. ||  0. | -1. |  1. |
|  0. |  0. |  1. ||  0. | -1. |  0. ||  1. |  0. |  0. |


state to eval, currenty is playerone turn=false

| -0. |  1. | -0. || -0. | -0. | -0. || -0. |  1. | -0. |
| -0. | -0. | -0. || -1. | -1. | -1. || -0. | -0. |  1. |
|  1. | -1. |  1. || -0. | -0. | -0. ||  1. | -0. |  1. |
|=====+=====+=====||=====+=====+=====||=====+=====+=====|
|*-0. |*-0. |*-1. || -0. | -0. | -1. ||  1. |  1. | -1. |
|*-0. |*-0. |*-0. || -0. | -0. | -0. || -1. | -0. | -0. |
|*-0. |*-0. |* 1. || -0. | -1. |  1. || -0. | -0. | -0. |
|=====+=====+=====||=====+=====+=====||=====+=====+=====|
| -1. | -0. | -0. || -1. | -0. | -0. || -1. | -0. | -1. |
| -0. | -0. |  1. ||  1. | -0. | -0. || -0. |  1. | -1. |
| -0. | -0. | -1. || -0. |  1. | -0. || -1. | -0. | -0. |


Determined best move using: 117043Iterations
Determined best move using: 118994Iterations
Determined best move using: 127489Iterations
Determined best move using: 117846Iterations
Determined best move using: 117137Iterations
current State

|  0. | -1. |  0. ||  0. |  0. |  0. ||  0. | -1. |  0. |
|  0. |  0. |  0. ||  1. |  1. |  1. ||  0. |  0. | -1. |
| -1. |  1. | -1. ||  0. |  0. |  0. || -1. |  0. | -1. |
|=====+=====+=====||=====+=====+=====||=====+=====+=====|
|  0. |  0. |  1. ||  0. |  0. |  1. ||*-1. |*-1. |* 1. |
|  0. |  0. | -1. ||  0. |  0. |  0. ||* 1. |* 0. |* 0. |
|  0. |  0. | -1. ||  0. |  1. | -1. ||* 0. |* 0. |* 0. |
|=====+=====+=====||=====+=====+=====||=====+=====+=====|
|  1. |  0. |  0. ||  1. |  0. |  0. ||  1. |  0. |  1. |
|  0. |  0. | -1. || -1. |  0. |  0. ||  0. | -1. |  1. |
|  0. |  0. |  1. ||  0. | -1. |  0. ||  1. |  0. |  0. |


state to eval, currenty is playerone turn=true

|  0. | -1. |  0. ||  0. |  0. |  0. ||  0. | -1. |  0. |
|  0. |  0. |  0. ||  1. |  1. |  1. ||  0. |  0. | -1. |
| -1. |  1. | -1. ||  0. |  0. |  0. || -1. |  0. | -1. |
|=====+=====+=====||=====+=====+=====||=====+=====+=====|
|  0. |  0. |  1. ||  0. |  0. |  1. ||*-1. |*-1. |* 1. |
|  0. |  0. | -1. ||  0. |  0. |  0. ||* 1. |* 0. |* 0. |
|  0. |  0. | -1. ||  0. |  1. | -1. ||* 0. |* 0. |* 0. |
|=====+=====+=====||=====+=====+=====||=====+=====+=====|
|  1. |  0. |  0. ||  1. |  0. |  0. ||  1. |  0. |  1. |
|  0. |  0. | -1. || -1. |  0. |  0. ||  0. | -1. |  1. |
|  0. |  0. |  1. ||  0. | -1. |  0. ||  1. |  0. |  0. |


Determined best move using: 119487Iterations
Determined best move using: 121426Iterations
Determined best move using: 128569Iterations
Determined best move using: 117326Iterations
Determined best move using: 118888Iterations
current State

|  0. | -1. |  0. ||  0. |  0. |  0. ||  0. | -1. |  0. |
|  0. |  0. |  0. ||  1. |  1. |  1. ||  0. |  0. | -1. |
| -1. |  1. | -1. ||  0. |  0. |  0. || -1. |  0. | -1. |
|=====+=====+=====||=====+=====+=====||=====+=====+=====|
|  0. |  0. |  1. ||  0. |  0. |  1. || -1. | -1. |  1. |
|  0. |  0. | -1. ||  0. |  0. |  0. ||  1. |  0. |  0. |
|  0. |  0. | -1. ||  0. |  1. | -1. ||  1. |  0. |  0. |
|=====+=====+=====||=====+=====+=====||=====+=====+=====|
|* 1. |* 0. |* 0. ||  1. |  0. |  0. ||  1. |  0. |  1. |
|* 0. |* 0. |*-1. || -1. |  0. |  0. ||  0. | -1. |  1. |
|* 0. |* 0. |* 1. ||  0. | -1. |  0. ||  1. |  0. |  0. |


state to eval, currenty is playerone turn=false

| -0. |  1. | -0. || -0. | -0. | -0. || -0. |  1. | -0. |
| -0. | -0. | -0. || -1. | -1. | -1. || -0. | -0. |  1. |
|  1. | -1. |  1. || -0. | -0. | -0. ||  1. | -0. |  1. |
|=====+=====+=====||=====+=====+=====||=====+=====+=====|
| -0. | -0. | -1. || -0. | -0. | -1. ||  1. |  1. | -1. |
| -0. | -0. |  1. || -0. | -0. | -0. || -1. | -0. | -0. |
| -0. | -0. |  1. || -0. | -1. |  1. || -1. | -0. | -0. |
|=====+=====+=====||=====+=====+=====||=====+=====+=====|
|*-1. |*-0. |*-0. || -1. | -0. | -0. || -1. | -0. | -1. |
|*-0. |*-0. |* 1. ||  1. | -0. | -0. || -0. |  1. | -1. |
|*-0. |*-0. |*-1. || -0. |  1. | -0. || -1. | -0. | -0. |


Determined best move using: 127092Iterations
Determined best move using: 122692Iterations
Determined best move using: 135239Iterations
Determined best move using: 125023Iterations
Determined best move using: 125760Iterations
current State

|  0. | -1. |  0. ||  0. |  0. |  0. ||* 0. |*-1. |* 0. |
|  0. |  0. |  0. ||  1. |  1. |  1. ||* 0. |* 0. |*-1. |
| -1. |  1. | -1. ||  0. |  0. |  0. ||*-1. |* 0. |*-1. |
|=====+=====+=====||=====+=====+=====||=====+=====+=====|
|  0. |  0. |  1. ||  0. |  0. |  1. || -1. | -1. |  1. |
|  0. |  0. | -1. ||  0. |  0. |  0. ||  1. |  0. |  0. |
|  0. |  0. | -1. ||  0. |  1. | -1. ||  1. |  0. |  0. |
|=====+=====+=====||=====+=====+=====||=====+=====+=====|
|  1. |  0. | -1. ||  1. |  0. |  0. ||  1. |  0. |  1. |
|  0. |  0. | -1. || -1. |  0. |  0. ||  0. | -1. |  1. |
|  0. |  0. |  1. ||  0. | -1. |  0. ||  1. |  0. |  0. |


state to eval, currenty is playerone turn=true

|  0. | -1. |  0. ||  0. |  0. |  0. ||* 0. |*-1. |* 0. |
|  0. |  0. |  0. ||  1. |  1. |  1. ||* 0. |* 0. |*-1. |
| -1. |  1. | -1. ||  0. |  0. |  0. ||*-1. |* 0. |*-1. |
|=====+=====+=====||=====+=====+=====||=====+=====+=====|
|  0. |  0. |  1. ||  0. |  0. |  1. || -1. | -1. |  1. |
|  0. |  0. | -1. ||  0. |  0. |  0. ||  1. |  0. |  0. |
|  0. |  0. | -1. ||  0. |  1. | -1. ||  1. |  0. |  0. |
|=====+=====+=====||=====+=====+=====||=====+=====+=====|
|  1. |  0. | -1. ||  1. |  0. |  0. ||  1. |  0. |  1. |
|  0. |  0. | -1. || -1. |  0. |  0. ||  0. | -1. |  1. |
|  0. |  0. |  1. ||  0. | -1. |  0. ||  1. |  0. |  0. |


current State

|  0. | -1. |  0. ||  0. |  0. |  0. ||  0. | -1. |  0. |
|  0. |  0. |  0. ||  1. |  1. |  1. ||  0. |  1. | -1. |
| -1. |  1. | -1. ||  0. |  0. |  0. || -1. |  0. | -1. |
|=====+=====+=====||=====+=====+=====||=====+=====+=====|
|  0. |  0. |  1. ||* 0. |* 0. |* 1. || -1. | -1. |  1. |
|  0. |  0. | -1. ||* 0. |* 0. |* 0. ||  1. |  0. |  0. |
|  0. |  0. | -1. ||* 0. |* 1. |*-1. ||  1. |  0. |  0. |
|=====+=====+=====||=====+=====+=====||=====+=====+=====|
|  1. |  0. | -1. ||  1. |  0. |  0. ||  1. |  0. |  1. |
|  0. |  0. | -1. || -1. |  0. |  0. ||  0. | -1. |  1. |
|  0. |  0. |  1. ||  0. | -1. |  0. ||  1. |  0. |  0. |


state to eval, currenty is playerone turn=false

| -0. |  1. | -0. || -0. | -0. | -0. || -0. |  1. | -0. |
| -0. | -0. | -0. || -1. | -1. | -1. || -0. | -1. |  1. |
|  1. | -1. |  1. || -0. | -0. | -0. ||  1. | -0. |  1. |
|=====+=====+=====||=====+=====+=====||=====+=====+=====|
| -0. | -0. | -1. ||*-0. |*-0. |*-1. ||  1. |  1. | -1. |
| -0. | -0. |  1. ||*-0. |*-0. |*-0. || -1. | -0. | -0. |
| -0. | -0. |  1. ||*-0. |*-1. |* 1. || -1. | -0. | -0. |
|=====+=====+=====||=====+=====+=====||=====+=====+=====|
| -1. | -0. |  1. || -1. | -0. | -0. || -1. | -0. | -1. |
| -0. | -0. |  1. ||  1. | -0. | -0. || -0. |  1. | -1. |
| -0. | -0. | -1. || -0. |  1. | -0. || -1. | -0. | -0. |


current State

|  0. | -1. |  0. ||  0. |  0. |  0. ||  0. | -1. |  0. |
|  0. |  0. |  0. ||  1. |  1. |  1. ||  0. |  1. | -1. |
| -1. |  1. | -1. ||  0. |  0. |  0. || -1. |  0. | -1. |
|=====+=====+=====||=====+=====+=====||=====+=====+=====|
|  0. |  0. |  1. ||  0. |  0. |  1. ||*-1. |*-1. |* 1. |
|  0. |  0. | -1. ||  0. |  0. | -1. ||* 1. |* 0. |* 0. |
|  0. |  0. | -1. ||  0. |  1. | -1. ||* 1. |* 0. |* 0. |
|=====+=====+=====||=====+=====+=====||=====+=====+=====|
|  1. |  0. | -1. ||  1. |  0. |  0. ||  1. |  0. |  1. |
|  0. |  0. | -1. || -1. |  0. |  0. ||  0. | -1. |  1. |
|  0. |  0. |  1. ||  0. | -1. |  0. ||  1. |  0. |  0. |


state to eval, currenty is playerone turn=true

|  0. | -1. |  0. ||  0. |  0. |  0. ||  0. | -1. |  0. |
|  0. |  0. |  0. ||  1. |  1. |  1. ||  0. |  1. | -1. |
| -1. |  1. | -1. ||  0. |  0. |  0. || -1. |  0. | -1. |
|=====+=====+=====||=====+=====+=====||=====+=====+=====|
|  0. |  0. |  1. ||  0. |  0. |  1. ||*-1. |*-1. |* 1. |
|  0. |  0. | -1. ||  0. |  0. | -1. ||* 1. |* 0. |* 0. |
|  0. |  0. | -1. ||  0. |  1. | -1. ||* 1. |* 0. |* 0. |
|=====+=====+=====||=====+=====+=====||=====+=====+=====|
|  1. |  0. | -1. ||  1. |  0. |  0. ||  1. |  0. |  1. |
|  0. |  0. | -1. || -1. |  0. |  0. ||  0. | -1. |  1. |
|  0. |  0. |  1. ||  0. | -1. |  0. ||  1. |  0. |  0. |


current State

|  0. | -1. |  0. ||  0. |  0. |  0. ||  0. | -1. |  0. |
|  0. |  0. |  0. ||  1. |  1. |  1. ||  0. |  1. | -1. |
| -1. |  1. | -1. ||  0. |  0. |  0. || -1. |  0. | -1. |
|=====+=====+=====||=====+=====+=====||=====+=====+=====|
|  0. |  0. |  1. ||* 0. |* 0. |* 1. || -1. | -1. |  1. |
|  0. |  0. | -1. ||* 0. |* 0. |*-1. ||  1. |  1. |  0. |
|  0. |  0. | -1. ||* 0. |* 1. |*-1. ||  1. |  0. |  0. |
|=====+=====+=====||=====+=====+=====||=====+=====+=====|
|  1. |  0. | -1. ||  1. |  0. |  0. ||  1. |  0. |  1. |
|  0. |  0. | -1. || -1. |  0. |  0. ||  0. | -1. |  1. |
|  0. |  0. |  1. ||  0. | -1. |  0. ||  1. |  0. |  0. |


state to eval, currenty is playerone turn=false

| -0. |  1. | -0. || -0. | -0. | -0. || -0. |  1. | -0. |
| -0. | -0. | -0. || -1. | -1. | -1. || -0. | -1. |  1. |
|  1. | -1. |  1. || -0. | -0. | -0. ||  1. | -0. |  1. |
|=====+=====+=====||=====+=====+=====||=====+=====+=====|
| -0. | -0. | -1. ||*-0. |*-0. |*-1. ||  1. |  1. | -1. |
| -0. | -0. |  1. ||*-0. |*-0. |* 1. || -1. | -1. | -0. |
| -0. | -0. |  1. ||*-0. |*-1. |* 1. || -1. | -0. | -0. |
|=====+=====+=====||=====+=====+=====||=====+=====+=====|
| -1. | -0. |  1. || -1. | -0. | -0. || -1. | -0. | -1. |
| -0. | -0. |  1. ||  1. | -0. | -0. || -0. |  1. | -1. |
| -0. | -0. | -1. || -0. |  1. | -0. || -1. | -0. | -0. |


current State

|* 0. |*-1. |* 0. ||  0. |  0. |  0. ||  0. | -1. |  0. |
|* 0. |* 0. |* 0. ||  1. |  1. |  1. ||  0. |  1. | -1. |
|*-1. |* 1. |*-1. ||  0. |  0. |  0. || -1. |  0. | -1. |
|=====+=====+=====||=====+=====+=====||=====+=====+=====|
|  0. |  0. |  1. || -1. |  0. |  1. || -1. | -1. |  1. |
|  0. |  0. | -1. ||  0. |  0. | -1. ||  1. |  1. |  0. |
|  0. |  0. | -1. ||  0. |  1. | -1. ||  1. |  0. |  0. |
|=====+=====+=====||=====+=====+=====||=====+=====+=====|
|  1. |  0. | -1. ||  1. |  0. |  0. ||  1. |  0. |  1. |
|  0. |  0. | -1. || -1. |  0. |  0. ||  0. | -1. |  1. |
|  0. |  0. |  1. ||  0. | -1. |  0. ||  1. |  0. |  0. |


state to eval, currenty is playerone turn=true

|* 0. |*-1. |* 0. ||  0. |  0. |  0. ||  0. | -1. |  0. |
|* 0. |* 0. |* 0. ||  1. |  1. |  1. ||  0. |  1. | -1. |
|*-1. |* 1. |*-1. ||  0. |  0. |  0. || -1. |  0. | -1. |
|=====+=====+=====||=====+=====+=====||=====+=====+=====|
|  0. |  0. |  1. || -1. |  0. |  1. || -1. | -1. |  1. |
|  0. |  0. | -1. ||  0. |  0. | -1. ||  1. |  1. |  0. |
|  0. |  0. | -1. ||  0. |  1. | -1. ||  1. |  0. |  0. |
|=====+=====+=====||=====+=====+=====||=====+=====+=====|
|  1. |  0. | -1. ||  1. |  0. |  0. ||  1. |  0. |  1. |
|  0. |  0. | -1. || -1. |  0. |  0. ||  0. | -1. |  1. |
|  0. |  0. |  1. ||  0. | -1. |  0. ||  1. |  0. |  0. |


current State

|  0. | -1. |  0. ||  0. |  0. |  0. ||  0. | -1. |  0. |
|  1. |  0. |  0. ||  1. |  1. |  1. ||  0. |  1. | -1. |
| -1. |  1. | -1. ||  0. |  0. |  0. || -1. |  0. | -1. |
|=====+=====+=====||=====+=====+=====||=====+=====+=====|
|* 0. |* 0. |* 1. || -1. |  0. |  1. || -1. | -1. |  1. |
|* 0. |* 0. |*-1. ||  0. |  0. | -1. ||  1. |  1. |  0. |
|* 0. |* 0. |*-1. ||  0. |  1. | -1. ||  1. |  0. |  0. |
|=====+=====+=====||=====+=====+=====||=====+=====+=====|
|  1. |  0. | -1. ||  1. |  0. |  0. ||  1. |  0. |  1. |
|  0. |  0. | -1. || -1. |  0. |  0. ||  0. | -1. |  1. |
|  0. |  0. |  1. ||  0. | -1. |  0. ||  1. |  0. |  0. |


state to eval, currenty is playerone turn=false

| -0. |  1. | -0. || -0. | -0. | -0. || -0. |  1. | -0. |
| -1. | -0. | -0. || -1. | -1. | -1. || -0. | -1. |  1. |
|  1. | -1. |  1. || -0. | -0. | -0. ||  1. | -0. |  1. |
|=====+=====+=====||=====+=====+=====||=====+=====+=====|
|*-0. |*-0. |*-1. ||  1. | -0. | -1. ||  1. |  1. | -1. |
|*-0. |*-0. |* 1. || -0. | -0. |  1. || -1. | -1. | -0. |
|*-0. |*-0. |* 1. || -0. | -1. |  1. || -1. | -0. | -0. |
|=====+=====+=====||=====+=====+=====||=====+=====+=====|
| -1. | -0. |  1. || -1. | -0. | -0. || -1. | -0. | -1. |
| -0. | -0. |  1. ||  1. | -0. | -0. || -0. |  1. | -1. |
| -0. | -0. | -1. || -0. |  1. | -0. || -1. | -0. | -0. |


current State

|  0. | -1. |  0. ||  0. |  0. |  0. ||  0. | -1. |  0. |
|  1. |  0. |  0. ||  1. |  1. |  1. ||  0. |  1. | -1. |
| -1. |  1. | -1. ||  0. |  0. |  0. || -1. |  0. | -1. |
|=====+=====+=====||=====+=====+=====||=====+=====+=====|
|  0. |  0. |  1. ||*-1. |* 0. |* 1. || -1. | -1. |  1. |
|  0. | -1. | -1. ||* 0. |* 0. |*-1. ||  1. |  1. |  0. |
|  0. |  0. | -1. ||* 0. |* 1. |*-1. ||  1. |  0. |  0. |
|=====+=====+=====||=====+=====+=====||=====+=====+=====|
|  1. |  0. | -1. ||  1. |  0. |  0. ||  1. |  0. |  1. |
|  0. |  0. | -1. || -1. |  0. |  0. ||  0. | -1. |  1. |
|  0. |  0. |  1. ||  0. | -1. |  0. ||  1. |  0. |  0. |


state to eval, currenty is playerone turn=true

|  0. | -1. |  0. ||  0. |  0. |  0. ||  0. | -1. |  0. |
|  1. |  0. |  0. ||  1. |  1. |  1. ||  0. |  1. | -1. |
| -1. |  1. | -1. ||  0. |  0. |  0. || -1. |  0. | -1. |
|=====+=====+=====||=====+=====+=====||=====+=====+=====|
|  0. |  0. |  1. ||*-1. |* 0. |* 1. || -1. | -1. |  1. |
|  0. | -1. | -1. ||* 0. |* 0. |*-1. ||  1. |  1. |  0. |
|  0. |  0. | -1. ||* 0. |* 1. |*-1. ||  1. |  0. |  0. |
|=====+=====+=====||=====+=====+=====||=====+=====+=====|
|  1. |  0. | -1. ||  1. |  0. |  0. ||  1. |  0. |  1. |
|  0. |  0. | -1. || -1. |  0. |  0. ||  0. | -1. |  1. |
|  0. |  0. |  1. ||  0. | -1. |  0. ||  1. |  0. |  0. |


current State

|  0. | -1. |  0. ||  0. |  0. |  0. ||  0. | -1. |  0. |
|  1. |  0. |  0. ||  1. |  1. |  1. ||  0. |  1. | -1. |
| -1. |  1. | -1. ||  0. |  0. |  0. || -1. |  0. | -1. |
|=====+=====+=====||=====+=====+=====||=====+=====+=====|
|* 0. |* 0. |* 1. || -1. |  0. |  1. || -1. | -1. |  1. |
|* 0. |*-1. |*-1. ||  1. |  0. | -1. ||  1. |  1. |  0. |
|* 0. |* 0. |*-1. ||  0. |  1. | -1. ||  1. |  0. |  0. |
|=====+=====+=====||=====+=====+=====||=====+=====+=====|
|  1. |  0. | -1. ||  1. |  0. |  0. ||  1. |  0. |  1. |
|  0. |  0. | -1. || -1. |  0. |  0. ||  0. | -1. |  1. |
|  0. |  0. |  1. ||  0. | -1. |  0. ||  1. |  0. |  0. |


state to eval, currenty is playerone turn=false

| -0. |  1. | -0. || -0. | -0. | -0. || -0. |  1. | -0. |
| -1. | -0. | -0. || -1. | -1. | -1. || -0. | -1. |  1. |
|  1. | -1. |  1. || -0. | -0. | -0. ||  1. | -0. |  1. |
|=====+=====+=====||=====+=====+=====||=====+=====+=====|
|*-0. |*-0. |*-1. ||  1. | -0. | -1. ||  1. |  1. | -1. |
|*-0. |* 1. |* 1. || -1. | -0. |  1. || -1. | -1. | -0. |
|*-0. |*-0. |* 1. || -0. | -1. |  1. || -1. | -0. | -0. |
|=====+=====+=====||=====+=====+=====||=====+=====+=====|
| -1. | -0. |  1. || -1. | -0. | -0. || -1. | -0. | -1. |
| -0. | -0. |  1. ||  1. | -0. | -0. || -0. |  1. | -1. |
| -0. | -0. | -1. || -0. |  1. | -0. || -1. | -0. | -0. |


current State

|  0. | -1. |  0. ||  0. |  0. |  0. ||  0. | -1. |  0. |
|  1. |  0. |  0. ||  1. |  1. |  1. ||  0. |  1. | -1. |
| -1. |  1. | -1. ||  0. |  0. |  0. || -1. |  0. | -1. |
|=====+=====+=====||=====+=====+=====||=====+=====+=====|
|  0. |  0. |  1. || -1. |  0. |  1. || -1. | -1. |  1. |
|  0. | -1. | -1. ||  1. |  0. | -1. ||  1. |  1. |  0. |
|  0. | -1. | -1. ||  0. |  1. | -1. ||  1. |  0. |  0. |
|=====+=====+=====||=====+=====+=====||=====+=====+=====|
|  1. |  0. | -1. ||* 1. |* 0. |* 0. ||  1. |  0. |  1. |
|  0. |  0. | -1. ||*-1. |* 0. |* 0. ||  0. | -1. |  1. |
|  0. |  0. |  1. ||* 0. |*-1. |* 0. ||  1. |  0. |  0. |


state to eval, currenty is playerone turn=true

|  0. | -1. |  0. ||  0. |  0. |  0. ||  0. | -1. |  0. |
|  1. |  0. |  0. ||  1. |  1. |  1. ||  0. |  1. | -1. |
| -1. |  1. | -1. ||  0. |  0. |  0. || -1. |  0. | -1. |
|=====+=====+=====||=====+=====+=====||=====+=====+=====|
|  0. |  0. |  1. || -1. |  0. |  1. || -1. | -1. |  1. |
|  0. | -1. | -1. ||  1. |  0. | -1. ||  1. |  1. |  0. |
|  0. | -1. | -1. ||  0. |  1. | -1. ||  1. |  0. |  0. |
|=====+=====+=====||=====+=====+=====||=====+=====+=====|
|  1. |  0. | -1. ||* 1. |* 0. |* 0. ||  1. |  0. |  1. |
|  0. |  0. | -1. ||*-1. |* 0. |* 0. ||  0. | -1. |  1. |
|  0. |  0. |  1. ||* 0. |*-1. |* 0. ||  1. |  0. |  0. |


current State

|  0. | -1. |  0. ||  0. |  0. |  0. ||  0. | -1. |  0. |
|  1. |  0. |  0. ||  1. |  1. |  1. ||  0. |  1. | -1. |
| -1. |  1. | -1. ||  0. |  0. |  0. || -1. |  0. | -1. |
|=====+=====+=====||=====+=====+=====||=====+=====+=====|
|  0. |  0. |  1. || -1. |  0. |  1. || -1. | -1. |  1. |
|  0. | -1. | -1. ||  1. |  0. | -1. ||  1. |  1. |  0. |
|  0. | -1. | -1. ||  0. |  1. | -1. ||  1. |  0. |  0. |
|=====+=====+=====||=====+=====+=====||=====+=====+=====|
|  1. |  0. | -1. ||  1. |  0. |  0. ||* 1. |* 0. |* 1. |
|  0. |  0. | -1. || -1. |  0. |  0. ||* 0. |*-1. |* 1. |
|  0. |  0. |  1. ||  0. | -1. |  1. ||* 1. |* 0. |* 0. |


state to eval, currenty is playerone turn=false

| -0. |  1. | -0. || -0. | -0. | -0. || -0. |  1. | -0. |
| -1. | -0. | -0. || -1. | -1. | -1. || -0. | -1. |  1. |
|  1. | -1. |  1. || -0. | -0. | -0. ||  1. | -0. |  1. |
|=====+=====+=====||=====+=====+=====||=====+=====+=====|
| -0. | -0. | -1. ||  1. | -0. | -1. ||  1. |  1. | -1. |
| -0. |  1. |  1. || -1. | -0. |  1. || -1. | -1. | -0. |
| -0. |  1. |  1. || -0. | -1. |  1. || -1. | -0. | -0. |
|=====+=====+=====||=====+=====+=====||=====+=====+=====|
| -1. | -0. |  1. || -1. | -0. | -0. ||*-1. |*-0. |*-1. |
| -0. | -0. |  1. ||  1. | -0. | -0. ||*-0. |* 1. |*-1. |
| -0. | -0. | -1. || -0. |  1. | -1. ||*-1. |*-0. |*-0. |


current State

|  0. | -1. |  0. ||  0. |  0. |  0. ||  0. | -1. |  0. |
|  1. |  0. |  0. ||  1. |  1. |  1. ||  0. |  1. | -1. |
| -1. |  1. | -1. ||  0. |  0. |  0. || -1. |  0. | -1. |
|=====+=====+=====||=====+=====+=====||=====+=====+=====|
|  0. |  0. |  1. || -1. |  0. |  1. || -1. | -1. |  1. |
|  0. | -1. | -1. ||  1. |  0. | -1. ||  1. |  1. |  0. |
|  0. | -1. | -1. ||  0. |  1. | -1. ||  1. |  0. |  0. |
|=====+=====+=====||=====+=====+=====||=====+=====+=====|
|  1. |  0. | -1. ||  1. |  0. |  0. ||* 1. |* 0. |* 1. |
|  0. |  0. | -1. || -1. |  0. |  0. ||* 0. |*-1. |* 1. |
|  0. |  0. |  1. ||  0. | -1. |  1. ||* 1. |* 0. |*-1. |


state to eval, currenty is playerone turn=true

|  0. | -1. |  0. ||  0. |  0. |  0. ||  0. | -1. |  0. |
|  1. |  0. |  0. ||  1. |  1. |  1. ||  0. |  1. | -1. |
| -1. |  1. | -1. ||  0. |  0. |  0. || -1. |  0. | -1. |
|=====+=====+=====||=====+=====+=====||=====+=====+=====|
|  0. |  0. |  1. || -1. |  0. |  1. || -1. | -1. |  1. |
|  0. | -1. | -1. ||  1. |  0. | -1. ||  1. |  1. |  0. |
|  0. | -1. | -1. ||  0. |  1. | -1. ||  1. |  0. |  0. |
|=====+=====+=====||=====+=====+=====||=====+=====+=====|
|  1. |  0. | -1. ||  1. |  0. |  0. ||* 1. |* 0. |* 1. |
|  0. |  0. | -1. || -1. |  0. |  0. ||* 0. |*-1. |* 1. |
|  0. |  0. |  1. ||  0. | -1. |  1. ||* 1. |* 0. |*-1. |


current State

|  0. | -1. |  0. ||  0. |  0. |  0. ||  0. | -1. |  0. |
|  1. |  0. |  0. ||  1. |  1. |  1. ||  0. |  1. | -1. |
| -1. |  1. | -1. ||  0. |  0. |  0. || -1. |  0. | -1. |
|=====+=====+=====||=====+=====+=====||=====+=====+=====|
|* 0. |* 0. |* 1. || -1. |  0. |  1. || -1. | -1. |  1. |
|* 0. |*-1. |*-1. ||  1. |  0. | -1. ||  1. |  1. |  0. |
|* 0. |*-1. |*-1. ||  0. |  1. | -1. ||  1. |  0. |  0. |
|=====+=====+=====||=====+=====+=====||=====+=====+=====|
|  1. |  0. | -1. ||  1. |  0. |  0. ||  1. |  0. |  1. |
|  0. |  0. | -1. || -1. |  0. |  0. ||  1. | -1. |  1. |
|  0. |  0. |  1. ||  0. | -1. |  1. ||  1. |  0. | -1. |


state to eval, currenty is playerone turn=false

| -0. |  1. | -0. || -0. | -0. | -0. || -0. |  1. | -0. |
| -1. | -0. | -0. || -1. | -1. | -1. || -0. | -1. |  1. |
|  1. | -1. |  1. || -0. | -0. | -0. ||  1. | -0. |  1. |
|=====+=====+=====||=====+=====+=====||=====+=====+=====|
|*-0. |*-0. |*-1. ||  1. | -0. | -1. ||  1. |  1. | -1. |
|*-0. |* 1. |* 1. || -1. | -0. |  1. || -1. | -1. | -0. |
|*-0. |* 1. |* 1. || -0. | -1. |  1. || -1. | -0. | -0. |
|=====+=====+=====||=====+=====+=====||=====+=====+=====|
| -1. | -0. |  1. || -1. | -0. | -0. || -1. | -0. | -1. |
| -0. | -0. |  1. ||  1. | -0. | -0. || -1. |  1. | -1. |
| -0. | -0. | -1. || -0. |  1. | -1. || -1. | -0. |  1. |


current State

|* 0. |*-1. |* 0. ||  0. |  0. |  0. ||* 0. |*-1. |* 0. |
|* 1. |* 0. |* 0. ||  1. |  1. |  1. ||* 0. |* 1. |*-1. |
|*-1. |* 1. |*-1. ||  0. |  0. |  0. ||*-1. |* 0. |*-1. |
|=====+=====+=====||=====+=====+=====||=====+=====+=====|
|  0. | -1. |  1. ||*-1. |* 0. |* 1. || -1. | -1. |  1. |
|  0. | -1. | -1. ||* 1. |* 0. |*-1. ||  1. |  1. |  0. |
|  0. | -1. | -1. ||* 0. |* 1. |*-1. ||  1. |  0. |  0. |
|=====+=====+=====||=====+=====+=====||=====+=====+=====|
|* 1. |* 0. |*-1. ||* 1. |* 0. |* 0. ||  1. |  0. |  1. |
|* 0. |* 0. |*-1. ||*-1. |* 0. |* 0. ||  1. | -1. |  1. |
|* 0. |* 0. |* 1. ||* 0. |*-1. |* 1. ||  1. |  0. | -1. |


state to eval, currenty is playerone turn=true

|* 0. |*-1. |* 0. ||  0. |  0. |  0. ||* 0. |*-1. |* 0. |
|* 1. |* 0. |* 0. ||  1. |  1. |  1. ||* 0. |* 1. |*-1. |
|*-1. |* 1. |*-1. ||  0. |  0. |  0. ||*-1. |* 0. |*-1. |
|=====+=====+=====||=====+=====+=====||=====+=====+=====|
|  0. | -1. |  1. ||*-1. |* 0. |* 1. || -1. | -1. |  1. |
|  0. | -1. | -1. ||* 1. |* 0. |*-1. ||  1. |  1. |  0. |
|  0. | -1. | -1. ||* 0. |* 1. |*-1. ||  1. |  0. |  0. |
|=====+=====+=====||=====+=====+=====||=====+=====+=====|
|* 1. |* 0. |*-1. ||* 1. |* 0. |* 0. ||  1. |  0. |  1. |
|* 0. |* 0. |*-1. ||*-1. |* 0. |* 0. ||  1. | -1. |  1. |
|* 0. |* 0. |* 1. ||* 0. |*-1. |* 1. ||  1. |  0. | -1. |


current State

|  0. | -1. |  0. ||  0. |  0. |  0. ||  0. | -1. |  0. |
|  1. |  0. |  0. ||  1. |  1. |  1. ||  0. |  1. | -1. |
| -1. |  1. | -1. ||  0. |  0. |  0. || -1. |  0. | -1. |
|=====+=====+=====||=====+=====+=====||=====+=====+=====|
|  0. | -1. |  1. ||*-1. |* 0. |* 1. || -1. | -1. |  1. |
|  0. | -1. | -1. ||* 1. |* 0. |*-1. ||  1. |  1. |  0. |
|  0. | -1. | -1. ||* 0. |* 1. |*-1. ||  1. |  0. |  0. |
|=====+=====+=====||=====+=====+=====||=====+=====+=====|
|  1. |  0. | -1. ||  1. |  0. |  0. ||  1. |  0. |  1. |
|  0. |  0. | -1. || -1. |  1. |  0. ||  1. | -1. |  1. |
|  0. |  0. |  1. ||  0. | -1. |  1. ||  1. |  0. | -1. |


state to eval, currenty is playerone turn=false

| -0. |  1. | -0. || -0. | -0. | -0. || -0. |  1. | -0. |
| -1. | -0. | -0. || -1. | -1. | -1. || -0. | -1. |  1. |
|  1. | -1. |  1. || -0. | -0. | -0. ||  1. | -0. |  1. |
|=====+=====+=====||=====+=====+=====||=====+=====+=====|
| -0. |  1. | -1. ||* 1. |*-0. |*-1. ||  1. |  1. | -1. |
| -0. |  1. |  1. ||*-1. |*-0. |* 1. || -1. | -1. | -0. |
| -0. |  1. |  1. ||*-0. |*-1. |* 1. || -1. | -0. | -0. |
|=====+=====+=====||=====+=====+=====||=====+=====+=====|
| -1. | -0. |  1. || -1. | -0. | -0. || -1. | -0. | -1. |
| -0. | -0. |  1. ||  1. | -1. | -0. || -1. |  1. | -1. |
| -0. | -0. | -1. || -0. |  1. | -1. || -1. | -0. |  1. |


current State

|* 0. |*-1. |* 0. ||  0. |  0. |  0. ||* 0. |*-1. |* 0. |
|* 1. |* 0. |* 0. ||  1. |  1. |  1. ||* 0. |* 1. |*-1. |
|*-1. |* 1. |*-1. ||  0. |  0. |  0. ||*-1. |* 0. |*-1. |
|=====+=====+=====||=====+=====+=====||=====+=====+=====|
|  0. | -1. |  1. ||*-1. |*-1. |* 1. || -1. | -1. |  1. |
|  0. | -1. | -1. ||* 1. |* 0. |*-1. ||  1. |  1. |  0. |
|  0. | -1. | -1. ||* 0. |* 1. |*-1. ||  1. |  0. |  0. |
|=====+=====+=====||=====+=====+=====||=====+=====+=====|
|* 1. |* 0. |*-1. ||  1. |  0. |  0. ||  1. |  0. |  1. |
|* 0. |* 0. |*-1. || -1. |  1. |  0. ||  1. | -1. |  1. |
|* 0. |* 0. |* 1. ||  0. | -1. |  1. ||  1. |  0. | -1. |


state to eval, currenty is playerone turn=true

|* 0. |*-1. |* 0. ||  0. |  0. |  0. ||* 0. |*-1. |* 0. |
|* 1. |* 0. |* 0. ||  1. |  1. |  1. ||* 0. |* 1. |*-1. |
|*-1. |* 1. |*-1. ||  0. |  0. |  0. ||*-1. |* 0. |*-1. |
|=====+=====+=====||=====+=====+=====||=====+=====+=====|
|  0. | -1. |  1. ||*-1. |*-1. |* 1. || -1. | -1. |  1. |
|  0. | -1. | -1. ||* 1. |* 0. |*-1. ||  1. |  1. |  0. |
|  0. | -1. | -1. ||* 0. |* 1. |*-1. ||  1. |  0. |  0. |
|=====+=====+=====||=====+=====+=====||=====+=====+=====|
|* 1. |* 0. |*-1. ||  1. |  0. |  0. ||  1. |  0. |  1. |
|* 0. |* 0. |*-1. || -1. |  1. |  0. ||  1. | -1. |  1. |
|* 0. |* 0. |* 1. ||  0. | -1. |  1. ||  1. |  0. | -1. |


current State

|  0. | -1. |  0. ||  0. |  0. |  0. ||  0. | -1. |  0. |
|  1. |  0. |  0. ||  1. |  1. |  1. ||  0. |  1. | -1. |
| -1. |  1. | -1. ||  0. |  0. |  0. || -1. |  0. | -1. |
|=====+=====+=====||=====+=====+=====||=====+=====+=====|
|  0. | -1. |  1. ||*-1. |*-1. |* 1. || -1. | -1. |  1. |
|  0. | -1. | -1. ||* 1. |* 0. |*-1. ||  1. |  1. |  0. |
|  0. | -1. | -1. ||* 0. |* 1. |*-1. ||  1. |  0. |  0. |
|=====+=====+=====||=====+=====+=====||=====+=====+=====|
|  1. |  0. | -1. ||  1. |  0. |  0. ||  1. |  0. |  1. |
|  0. |  1. | -1. || -1. |  1. |  0. ||  1. | -1. |  1. |
|  0. |  0. |  1. ||  0. | -1. |  1. ||  1. |  0. | -1. |


Game ended in: 49 moves
Actual data created in graphical format: 
[StateDatum{MCTSProbabilites=
|  .0158 |  .011 |  .0145 ||  .0147 |  .0171 |  .0141 ||  .0125 |  .0133 |  .0099 |
|  .0156 |  .0094 |  .0091 ||  .0076 |  .0165 |  .0096 ||  .011 |  .0133 |  .0154 |
|  .0132 |  .0111 |  .0141 ||  .0104 |  .0127 |  .0095 ||  .0066 |  .0168 |  .0184 |
|========+========+========||========+========+========||========+========+========|
|  .0175 |  .0163 |  .0161 ||  .0063 |  .0106 |  .0191 ||  .0085 |  .0156 |  .0126 |
|  .0121 |  .0129 |  .0081 ||  .0113 |  .0052 |  .0111 ||  .0112 |  .0118 |  .0142 |
|  .0133 |  .0117 |  .005 ||  .0104 |  .0153 |  .0108 ||  .0166 |  .0106 |  .0103 |
|========+========+========||========+========+========||========+========+========|
|  .0111 |  .0136 |  .0161 ||  .0134 |  .0094 |  .0081 ||  .0052 |  .0156 |  .0124 |
|  .0099 |  .0118 |  .0102 ||  .0139 |  .0189 |  .018 ||  .011 |  .0106 |  .0116 |
|  .0097 |  .0131 |  .0105 ||  .0171 |  .0149 |  .0112 ||  .0105 |  .0145 |  .0096 |

, state=
|* 0. |* 0. |* 0. ||* 0. |* 0. |* 0. ||* 0. |* 0. |* 0. |
|* 0. |* 0. |* 0. ||* 0. |* 0. |* 0. ||* 0. |* 0. |* 0. |
|* 0. |* 0. |* 0. ||* 0. |* 0. |* 0. ||* 0. |* 0. |* 0. |
|=====+=====+=====||=====+=====+=====||=====+=====+=====|
|* 0. |* 0. |* 0. ||* 0. |* 0. |* 0. ||* 0. |* 0. |* 0. |
|* 0. |* 0. |* 0. ||* 0. |* 0. |* 0. ||* 0. |* 0. |* 0. |
|* 0. |* 0. |* 0. ||* 0. |* 0. |* 0. ||* 0. |* 0. |* 0. |
|=====+=====+=====||=====+=====+=====||=====+=====+=====|
|* 0. |* 0. |* 0. ||* 0. |* 0. |* 0. ||* 0. |* 0. |* 0. |
|* 0. |* 0. |* 0. ||* 0. |* 0. |* 0. ||* 0. |* 0. |* 0. |
|* 0. |* 0. |* 0. ||* 0. |* 0. |* 0. ||* 0. |* 0. |* 0. |

, evalForThisState=1.0, isPlayerOneTurnOriginally=true}, StateDatum{MCTSProbabilites=
|  .0 |  .0 |  .0 ||  .0 |  .0 |  .0 ||  .0352 |  .0454 |  .0652 |
|  .0 |  .0 |  .0 ||  .0 |  .0 |  .0 ||  .0514 |  .0536 |  .0478 |
|  .0 |  .0 |  .0 ||  .0 |  .0 |  .0 ||  .6164 |  .0488 |  .0362 |
|========+========+========||========+========+========||========+========+========|
|  .0 |  .0 |  .0 ||  .0 |  .0 |  .0 ||  .0 |  .0 |  .0 |
|  .0 |  .0 |  .0 ||  .0 |  .0 |  .0 ||  .0 |  .0 |  .0 |
|  .0 |  .0 |  .0 ||  .0 |  .0 |  .0 ||  .0 |  .0 |  .0 |
|========+========+========||========+========+========||========+========+========|
|  .0 |  .0 |  .0 ||  .0 |  .0 |  .0 ||  .0 |  .0 |  .0 |
|  .0 |  .0 |  .0 ||  .0 |  .0 |  .0 ||  .0 |  .0 |  .0 |
|  .0 |  .0 |  .0 ||  .0 |  .0 |  .0 ||  .0 |  .0 |  .0 |

, state=
| -0. | -0. | -0. || -0. | -0. | -0. ||*-0. |*-0. |*-0. |
| -0. | -0. | -0. || -0. | -0. | -0. ||*-0. |*-0. |*-0. |
| -0. | -0. | -0. || -0. | -0. | -0. ||*-0. |*-0. |*-0. |
|=====+=====+=====||=====+=====+=====||=====+=====+=====|
| -0. | -0. | -0. || -0. | -0. | -1. || -0. | -0. | -0. |
| -0. | -0. | -0. || -0. | -0. | -0. || -0. | -0. | -0. |
| -0. | -0. | -0. || -0. | -0. | -0. || -0. | -0. | -0. |
|=====+=====+=====||=====+=====+=====||=====+=====+=====|
| -0. | -0. | -0. || -0. | -0. | -0. || -0. | -0. | -0. |
| -0. | -0. | -0. || -0. | -0. | -0. || -0. | -0. | -0. |
| -0. | -0. | -0. || -0. | -0. | -0. || -0. | -0. | -0. |

, evalForThisState=-1.0, isPlayerOneTurnOriginally=false}, StateDatum{MCTSProbabilites=
|  .0 |  .0 |  .0 ||  .0 |  .0 |  .0 ||  .0 |  .0 |  .0 |
|  .0 |  .0 |  .0 ||  .0 |  .0 |  .0 ||  .0 |  .0 |  .0 |
|  .0 |  .0 |  .0 ||  .0 |  .0 |  .0 ||  .0 |  .0 |  .0 |
|========+========+========||========+========+========||========+========+========|
|  .0 |  .0 |  .0 ||  .0 |  .0 |  .0 ||  .0 |  .0 |  .0 |
|  .0 |  .0 |  .0 ||  .0 |  .0 |  .0 ||  .0 |  .0 |  .0 |
|  .0 |  .0 |  .0 ||  .0 |  .0 |  .0 ||  .0 |  .0 |  .0 |
|========+========+========||========+========+========||========+========+========|
|  .1271 |  .0946 |  .1259 ||  .0 |  .0 |  .0 ||  .0 |  .0 |  .0 |
|  .1084 |  .1173 |  .0999 ||  .0 |  .0 |  .0 ||  .0 |  .0 |  .0 |
|  .1149 |  .1073 |  .1046 ||  .0 |  .0 |  .0 ||  .0 |  .0 |  .0 |

, state=
|  0. |  0. |  0. ||  0. |  0. |  0. ||  0. |  0. |  0. |
|  0. |  0. |  0. ||  0. |  0. |  0. ||  0. |  0. |  0. |
|  0. |  0. |  0. ||  0. |  0. |  0. || -1. |  0. |  0. |
|=====+=====+=====||=====+=====+=====||=====+=====+=====|
|  0. |  0. |  0. ||  0. |  0. |  1. ||  0. |  0. |  0. |
|  0. |  0. |  0. ||  0. |  0. |  0. ||  0. |  0. |  0. |
|  0. |  0. |  0. ||  0. |  0. |  0. ||  0. |  0. |  0. |
|=====+=====+=====||=====+=====+=====||=====+=====+=====|
|* 0. |* 0. |* 0. ||  0. |  0. |  0. ||  0. |  0. |  0. |
|* 0. |* 0. |* 0. ||  0. |  0. |  0. ||  0. |  0. |  0. |
|* 0. |* 0. |* 0. ||  0. |  0. |  0. ||  0. |  0. |  0. |

, evalForThisState=1.0, isPlayerOneTurnOriginally=true}, StateDatum{MCTSProbabilites=
|  .0315 |  .6828 |  .0312 ||  .0 |  .0 |  .0 ||  .0 |  .0 |  .0 |
|  .0418 |  .0483 |  .0398 ||  .0 |  .0 |  .0 ||  .0 |  .0 |  .0 |
|  .0505 |  .0282 |  .0459 ||  .0 |  .0 |  .0 ||  .0 |  .0 |  .0 |
|========+========+========||========+========+========||========+========+========|
|  .0 |  .0 |  .0 ||  .0 |  .0 |  .0 ||  .0 |  .0 |  .0 |
|  .0 |  .0 |  .0 ||  .0 |  .0 |  .0 ||  .0 |  .0 |  .0 |
|  .0 |  .0 |  .0 ||  .0 |  .0 |  .0 ||  .0 |  .0 |  .0 |
|========+========+========||========+========+========||========+========+========|
|  .0 |  .0 |  .0 ||  .0 |  .0 |  .0 ||  .0 |  .0 |  .0 |
|  .0 |  .0 |  .0 ||  .0 |  .0 |  .0 ||  .0 |  .0 |  .0 |
|  .0 |  .0 |  .0 ||  .0 |  .0 |  .0 ||  .0 |  .0 |  .0 |

, state=
|*-0. |*-0. |*-0. || -0. | -0. | -0. || -0. | -0. | -0. |
|*-0. |*-0. |*-0. || -0. | -0. | -0. || -0. | -0. | -0. |
|*-0. |*-0. |*-0. || -0. | -0. | -0. ||  1. | -0. | -0. |
|=====+=====+=====||=====+=====+=====||=====+=====+=====|
| -0. | -0. | -0. || -0. | -0. | -1. || -0. | -0. | -0. |
| -0. | -0. | -0. || -0. | -0. | -0. || -0. | -0. | -0. |
| -0. | -0. | -0. || -0. | -0. | -0. || -0. | -0. | -0. |
|=====+=====+=====||=====+=====+=====||=====+=====+=====|
| -1. | -0. | -0. || -0. | -0. | -0. || -0. | -0. | -0. |
| -0. | -0. | -0. || -0. | -0. | -0. || -0. | -0. | -0. |
| -0. | -0. | -0. || -0. | -0. | -0. || -0. | -0. | -0. |

, evalForThisState=-1.0, isPlayerOneTurnOriginally=false}, StateDatum{MCTSProbabilites=
|  .0 |  .0 |  .0 ||  .1245 |  .1048 |  .1197 ||  .0 |  .0 |  .0 |
|  .0 |  .0 |  .0 ||  .1072 |  .0964 |  .1262 ||  .0 |  .0 |  .0 |
|  .0 |  .0 |  .0 ||  .1224 |  .0933 |  .1054 ||  .0 |  .0 |  .0 |
|========+========+========||========+========+========||========+========+========|
|  .0 |  .0 |  .0 ||  .0 |  .0 |  .0 ||  .0 |  .0 |  .0 |
|  .0 |  .0 |  .0 ||  .0 |  .0 |  .0 ||  .0 |  .0 |  .0 |
|  .0 |  .0 |  .0 ||  .0 |  .0 |  .0 ||  .0 |  .0 |  .0 |
|========+========+========||========+========+========||========+========+========|
|  .0 |  .0 |  .0 ||  .0 |  .0 |  .0 ||  .0 |  .0 |  .0 |
|  .0 |  .0 |  .0 ||  .0 |  .0 |  .0 ||  .0 |  .0 |  .0 |
|  .0 |  .0 |  .0 ||  .0 |  .0 |  .0 ||  .0 |  .0 |  .0 |

, state=
|  0. | -1. |  0. ||* 0. |* 0. |* 0. ||  0. |  0. |  0. |
|  0. |  0. |  0. ||* 0. |* 0. |* 0. ||  0. |  0. |  0. |
|  0. |  0. |  0. ||* 0. |* 0. |* 0. || -1. |  0. |  0. |
|=====+=====+=====||=====+=====+=====||=====+=====+=====|
|  0. |  0. |  0. ||  0. |  0. |  1. ||  0. |  0. |  0. |
|  0. |  0. |  0. ||  0. |  0. |  0. ||  0. |  0. |  0. |
|  0. |  0. |  0. ||  0. |  0. |  0. ||  0. |  0. |  0. |
|=====+=====+=====||=====+=====+=====||=====+=====+=====|
|  1. |  0. |  0. ||  0. |  0. |  0. ||  0. |  0. |  0. |
|  0. |  0. |  0. ||  0. |  0. |  0. ||  0. |  0. |  0. |
|  0. |  0. |  0. ||  0. |  0. |  0. ||  0. |  0. |  0. |

, evalForThisState=1.0, isPlayerOneTurnOriginally=true}, StateDatum{MCTSProbabilites=
|  .0 |  .0 |  .0 ||  .0 |  .0 |  .0 ||  .0 |  .0 |  .0 |
|  .0 |  .0 |  .0 ||  .0 |  .0 |  .0 ||  .0 |  .0 |  .0 |
|  .0 |  .0 |  .0 ||  .0 |  .0 |  .0 ||  .0 |  .0 |  .0 |
|========+========+========||========+========+========||========+========+========|
|  .0 |  .0 |  .0 ||  .0 |  .0 |  .0 ||  .4447 |  .0418 |  .0353 |
|  .0 |  .0 |  .0 ||  .0 |  .0 |  .0 ||  .0302 |  .2901 |  .0477 |
|  .0 |  .0 |  .0 ||  .0 |  .0 |  .0 ||  .0329 |  .0377 |  .0396 |
|========+========+========||========+========+========||========+========+========|
|  .0 |  .0 |  .0 ||  .0 |  .0 |  .0 ||  .0 |  .0 |  .0 |
|  .0 |  .0 |  .0 ||  .0 |  .0 |  .0 ||  .0 |  .0 |  .0 |
|  .0 |  .0 |  .0 ||  .0 |  .0 |  .0 ||  .0 |  .0 |  .0 |

, state=
| -0. |  1. | -0. || -0. | -0. | -0. || -0. | -0. | -0. |
| -0. | -0. | -0. || -0. | -0. | -1. || -0. | -0. | -0. |
| -0. | -0. | -0. || -0. | -0. | -0. ||  1. | -0. | -0. |
|=====+=====+=====||=====+=====+=====||=====+=====+=====|
| -0. | -0. | -0. || -0. | -0. | -1. ||*-0. |*-0. |*-0. |
| -0. | -0. | -0. || -0. | -0. | -0. ||*-0. |*-0. |*-0. |
| -0. | -0. | -0. || -0. | -0. | -0. ||*-0. |*-0. |*-0. |
|=====+=====+=====||=====+=====+=====||=====+=====+=====|
| -1. | -0. | -0. || -0. | -0. | -0. || -0. | -0. | -0. |
| -0. | -0. | -0. || -0. | -0. | -0. || -0. | -0. | -0. |
| -0. | -0. | -0. || -0. | -0. | -0. || -0. | -0. | -0. |

, evalForThisState=-1.0, isPlayerOneTurnOriginally=false}, StateDatum{MCTSProbabilites=
|  .0869 |  .0 |  .1482 ||  .0 |  .0 |  .0 ||  .0 |  .0 |  .0 |
|  .1093 |  .1111 |  .1366 ||  .0 |  .0 |  .0 ||  .0 |  .0 |  .0 |
|  .1504 |  .1542 |  .1033 ||  .0 |  .0 |  .0 ||  .0 |  .0 |  .0 |
|========+========+========||========+========+========||========+========+========|
|  .0 |  .0 |  .0 ||  .0 |  .0 |  .0 ||  .0 |  .0 |  .0 |
|  .0 |  .0 |  .0 ||  .0 |  .0 |  .0 ||  .0 |  .0 |  .0 |
|  .0 |  .0 |  .0 ||  .0 |  .0 |  .0 ||  .0 |  .0 |  .0 |
|========+========+========||========+========+========||========+========+========|
|  .0 |  .0 |  .0 ||  .0 |  .0 |  .0 ||  .0 |  .0 |  .0 |
|  .0 |  .0 |  .0 ||  .0 |  .0 |  .0 ||  .0 |  .0 |  .0 |
|  .0 |  .0 |  .0 ||  .0 |  .0 |  .0 ||  .0 |  .0 |  .0 |

, state=
|* 0. |*-1. |* 0. ||  0. |  0. |  0. ||  0. |  0. |  0. |
|* 0. |* 0. |* 0. ||  0. |  0. |  1. ||  0. |  0. |  0. |
|* 0. |* 0. |* 0. ||  0. |  0. |  0. || -1. |  0. |  0. |
|=====+=====+=====||=====+=====+=====||=====+=====+=====|
|  0. |  0. |  0. ||  0. |  0. |  1. || -1. |  0. |  0. |
|  0. |  0. |  0. ||  0. |  0. |  0. ||  0. |  0. |  0. |
|  0. |  0. |  0. ||  0. |  0. |  0. ||  0. |  0. |  0. |
|=====+=====+=====||=====+=====+=====||=====+=====+=====|
|  1. |  0. |  0. ||  0. |  0. |  0. ||  0. |  0. |  0. |
|  0. |  0. |  0. ||  0. |  0. |  0. ||  0. |  0. |  0. |
|  0. |  0. |  0. ||  0. |  0. |  0. ||  0. |  0. |  0. |

, evalForThisState=1.0, isPlayerOneTurnOriginally=true}, StateDatum{MCTSProbabilites=
|  .0 |  .0 |  .0 ||  .0 |  .0 |  .0 ||  .0 |  .0 |  .0 |
|  .0 |  .0 |  .0 ||  .0 |  .0 |  .0 ||  .0 |  .0 |  .0 |
|  .0 |  .0 |  .0 ||  .0 |  .0 |  .0 ||  .0 |  .0 |  .0 |
|========+========+========||========+========+========||========+========+========|
|  .0 |  .0 |  .0 ||  .0 |  .0 |  .0 ||  .0 |  .0 |  .0 |
|  .0 |  .0 |  .0 ||  .0 |  .0 |  .0 ||  .0 |  .0 |  .0 |
|  .0 |  .0 |  .0 ||  .0 |  .0 |  .0 ||  .0 |  .0 |  .0 |
|========+========+========||========+========+========||========+========+========|
|  .0 |  .0 |  .0 ||  .0468 |  .0267 |  .0308 ||  .0 |  .0 |  .0 |
|  .0 |  .0 |  .0 ||  .0583 |  .0342 |  .0263 ||  .0 |  .0 |  .0 |
|  .0 |  .0 |  .0 ||  .038 |  .3708 |  .3679 ||  .0 |  .0 |  .0 |

, state=
| -0. |  1. | -0. || -0. | -0. | -0. || -0. | -0. | -0. |
| -0. | -0. | -0. || -0. | -0. | -1. || -0. | -0. | -0. |
| -0. | -1. | -0. || -0. | -0. | -0. ||  1. | -0. | -0. |
|=====+=====+=====||=====+=====+=====||=====+=====+=====|
| -0. | -0. | -0. || -0. | -0. | -1. ||  1. | -0. | -0. |
| -0. | -0. | -0. || -0. | -0. | -0. || -0. | -0. | -0. |
| -0. | -0. | -0. || -0. | -0. | -0. || -0. | -0. | -0. |
|=====+=====+=====||=====+=====+=====||=====+=====+=====|
| -1. | -0. | -0. ||*-0. |*-0. |*-0. || -0. | -0. | -0. |
| -0. | -0. | -0. ||*-0. |*-0. |*-0. || -0. | -0. | -0. |
| -0. | -0. | -0. ||*-0. |*-0. |*-0. || -0. | -0. | -0. |

, evalForThisState=-1.0, isPlayerOneTurnOriginally=false}, StateDatum{MCTSProbabilites=
|  .0 |  .0 |  .0 ||  .0 |  .0 |  .0 ||  .0 |  .0 |  .0 |
|  .0 |  .0 |  .0 ||  .0 |  .0 |  .0 ||  .0 |  .0 |  .0 |
|  .0 |  .0 |  .0 ||  .0 |  .0 |  .0 ||  .0 |  .0 |  .0 |
|========+========+========||========+========+========||========+========+========|
|  .0 |  .0 |  .0 ||  .0 |  .0 |  .0 ||  .0 |  .0 |  .0 |
|  .0 |  .0 |  .0 ||  .0 |  .0 |  .0 ||  .0 |  .0 |  .0 |
|  .0 |  .0 |  .0 ||  .0 |  .0 |  .0 ||  .0 |  .0 |  .0 |
|========+========+========||========+========+========||========+========+========|
|  .0 |  .0 |  .0 ||  .1608 |  .11 |  .1129 ||  .0 |  .0 |  .0 |
|  .0 |  .0 |  .0 ||  .1214 |  .1078 |  .1317 ||  .0 |  .0 |  .0 |
|  .0 |  .0 |  .0 ||  .1256 |  .0 |  .1297 ||  .0 |  .0 |  .0 |

, state=
|  0. | -1. |  0. ||  0. |  0. |  0. ||  0. |  0. |  0. |
|  0. |  0. |  0. ||  0. |  0. |  1. ||  0. |  0. |  0. |
|  0. |  1. |  0. ||  0. |  0. |  0. || -1. |  0. |  0. |
|=====+=====+=====||=====+=====+=====||=====+=====+=====|
|  0. |  0. |  0. ||  0. |  0. |  1. || -1. |  0. |  0. |
|  0. |  0. |  0. ||  0. |  0. |  0. ||  0. |  0. |  0. |
|  0. |  0. |  0. ||  0. |  0. |  0. ||  0. |  0. |  0. |
|=====+=====+=====||=====+=====+=====||=====+=====+=====|
|  1. |  0. |  0. ||* 0. |* 0. |* 0. ||  0. |  0. |  0. |
|  0. |  0. |  0. ||* 0. |* 0. |* 0. ||  0. |  0. |  0. |
|  0. |  0. |  0. ||* 0. |*-1. |* 0. ||  0. |  0. |  0. |

, evalForThisState=1.0, isPlayerOneTurnOriginally=true}, StateDatum{MCTSProbabilites=
|  .3055 |  .0 |  .1275 ||  .0 |  .0 |  .0 ||  .0 |  .0 |  .0 |
|  .0485 |  .0324 |  .0435 ||  .0 |  .0 |  .0 ||  .0 |  .0 |  .0 |
|  .4085 |  .0 |  .0341 ||  .0 |  .0 |  .0 ||  .0 |  .0 |  .0 |
|========+========+========||========+========+========||========+========+========|
|  .0 |  .0 |  .0 ||  .0 |  .0 |  .0 ||  .0 |  .0 |  .0 |
|  .0 |  .0 |  .0 ||  .0 |  .0 |  .0 ||  .0 |  .0 |  .0 |
|  .0 |  .0 |  .0 ||  .0 |  .0 |  .0 ||  .0 |  .0 |  .0 |
|========+========+========||========+========+========||========+========+========|
|  .0 |  .0 |  .0 ||  .0 |  .0 |  .0 ||  .0 |  .0 |  .0 |
|  .0 |  .0 |  .0 ||  .0 |  .0 |  .0 ||  .0 |  .0 |  .0 |
|  .0 |  .0 |  .0 ||  .0 |  .0 |  .0 ||  .0 |  .0 |  .0 |

, state=
|*-0. |* 1. |*-0. || -0. | -0. | -0. || -0. | -0. | -0. |
|*-0. |*-0. |*-0. || -0. | -0. | -1. || -0. | -0. | -0. |
|*-0. |*-1. |*-0. || -0. | -0. | -0. ||  1. | -0. | -0. |
|=====+=====+=====||=====+=====+=====||=====+=====+=====|
| -0. | -0. | -0. || -0. | -0. | -1. ||  1. | -0. | -0. |
| -0. | -0. | -0. || -0. | -0. | -0. || -0. | -0. | -0. |
| -0. | -0. | -0. || -0. | -0. | -0. || -0. | -0. | -0. |
|=====+=====+=====||=====+=====+=====||=====+=====+=====|
| -1. | -0. | -0. || -1. | -0. | -0. || -0. | -0. | -0. |
| -0. | -0. | -0. || -0. | -0. | -0. || -0. | -0. | -0. |
| -0. | -0. | -0. || -0. |  1. | -0. || -0. | -0. | -0. |

, evalForThisState=-1.0, isPlayerOneTurnOriginally=false}, StateDatum{MCTSProbabilites=
|  .0 |  .0 |  .0 ||  .0 |  .0 |  .0 ||  .0 |  .0 |  .0 |
|  .0 |  .0 |  .0 ||  .0 |  .0 |  .0 ||  .0 |  .0 |  .0 |
|  .0 |  .0 |  .0 ||  .0 |  .0 |  .0 ||  .0 |  .0 |  .0 |
|========+========+========||========+========+========||========+========+========|
|  .0 |  .0 |  .0 ||  .0 |  .0 |  .0 ||  .0 |  .0 |  .0 |
|  .0 |  .0 |  .0 ||  .0 |  .0 |  .0 ||  .0 |  .0 |  .0 |
|  .0 |  .0 |  .0 ||  .0 |  .0 |  .0 ||  .0 |  .0 |  .0 |
|========+========+========||========+========+========||========+========+========|
|  .0 |  .1078 |  .1237 ||  .0 |  .0 |  .0 ||  .0 |  .0 |  .0 |
|  .1006 |  .1217 |  .1473 ||  .0 |  .0 |  .0 ||  .0 |  .0 |  .0 |
|  .1157 |  .1165 |  .1666 ||  .0 |  .0 |  .0 ||  .0 |  .0 |  .0 |

, state=
|  0. | -1. |  0. ||  0. |  0. |  0. ||  0. |  0. |  0. |
|  0. |  0. |  0. ||  0. |  0. |  1. ||  0. |  0. |  0. |
| -1. |  1. |  0. ||  0. |  0. |  0. || -1. |  0. |  0. |
|=====+=====+=====||=====+=====+=====||=====+=====+=====|
|  0. |  0. |  0. ||  0. |  0. |  1. || -1. |  0. |  0. |
|  0. |  0. |  0. ||  0. |  0. |  0. ||  0. |  0. |  0. |
|  0. |  0. |  0. ||  0. |  0. |  0. ||  0. |  0. |  0. |
|=====+=====+=====||=====+=====+=====||=====+=====+=====|
|* 1. |* 0. |* 0. ||  1. |  0. |  0. ||  0. |  0. |  0. |
|* 0. |* 0. |* 0. ||  0. |  0. |  0. ||  0. |  0. |  0. |
|* 0. |* 0. |* 0. ||  0. | -1. |  0. ||  0. |  0. |  0. |

, evalForThisState=1.0, isPlayerOneTurnOriginally=true}, StateDatum{MCTSProbabilites=
|  .0 |  .0 |  .0 ||  .0 |  .0 |  .0 ||  .0 |  .0 |  .0 |
|  .0 |  .0 |  .0 ||  .0 |  .0 |  .0 ||  .0 |  .0 |  .0 |
|  .0 |  .0 |  .0 ||  .0 |  .0 |  .0 ||  .0 |  .0 |  .0 |
|========+========+========||========+========+========||========+========+========|
|  .0 |  .0 |  .0 ||  .0 |  .0 |  .0 ||  .0 |  .0 |  .0 |
|  .0 |  .0 |  .0 ||  .0 |  .0 |  .0 ||  .0 |  .0 |  .0 |
|  .0 |  .0 |  .0 ||  .0 |  .0 |  .0 ||  .0 |  .0 |  .0 |
|========+========+========||========+========+========||========+========+========|
|  .0 |  .0 |  .0 ||  .0 |  .0 |  .0 ||  .0161 |  .2138 |  .0262 |
|  .0 |  .0 |  .0 ||  .0 |  .0 |  .0 ||  .1308 |  .2841 |  .0338 |
|  .0 |  .0 |  .0 ||  .0 |  .0 |  .0 ||  .2379 |  .0269 |  .0304 |

, state=
| -0. |  1. | -0. || -0. | -0. | -0. || -0. | -0. | -0. |
| -0. | -0. | -0. || -0. | -0. | -1. || -0. | -0. | -0. |
|  1. | -1. | -0. || -0. | -0. | -0. ||  1. | -0. | -0. |
|=====+=====+=====||=====+=====+=====||=====+=====+=====|
| -0. | -0. | -0. || -0. | -0. | -1. ||  1. | -0. | -0. |
| -0. | -0. | -0. || -0. | -0. | -0. || -0. | -0. | -0. |
| -0. | -0. | -0. || -0. | -0. | -0. || -0. | -0. | -0. |
|=====+=====+=====||=====+=====+=====||=====+=====+=====|
| -1. | -0. | -0. || -1. | -0. | -0. ||*-0. |*-0. |*-0. |
| -0. | -0. | -0. || -0. | -0. | -0. ||*-0. |*-0. |*-0. |
| -0. | -0. | -1. || -0. |  1. | -0. ||*-0. |*-0. |*-0. |

, evalForThisState=-1.0, isPlayerOneTurnOriginally=false}, StateDatum{MCTSProbabilites=
|  .0 |  .0 |  .0 ||  .0 |  .0 |  .0 ||  .0 |  .0 |  .0 |
|  .0 |  .0 |  .0 ||  .0 |  .0 |  .0 ||  .0 |  .0 |  .0 |
|  .0 |  .0 |  .0 ||  .0 |  .0 |  .0 ||  .0 |  .0 |  .0 |
|========+========+========||========+========+========||========+========+========|
|  .0 |  .0 |  .0 ||  .0993 |  .0856 |  .0 ||  .0 |  .0 |  .0 |
|  .0 |  .0 |  .0 ||  .1401 |  .0959 |  .1482 ||  .0 |  .0 |  .0 |
|  .0 |  .0 |  .0 ||  .1068 |  .2123 |  .1118 ||  .0 |  .0 |  .0 |
|========+========+========||========+========+========||========+========+========|
|  .0 |  .0 |  .0 ||  .0 |  .0 |  .0 ||  .0 |  .0 |  .0 |
|  .0 |  .0 |  .0 ||  .0 |  .0 |  .0 ||  .0 |  .0 |  .0 |
|  .0 |  .0 |  .0 ||  .0 |  .0 |  .0 ||  .0 |  .0 |  .0 |

, state=
|  0. | -1. |  0. ||  0. |  0. |  0. ||  0. |  0. |  0. |
|  0. |  0. |  0. ||  0. |  0. |  1. ||  0. |  0. |  0. |
| -1. |  1. |  0. ||  0. |  0. |  0. || -1. |  0. |  0. |
|=====+=====+=====||=====+=====+=====||=====+=====+=====|
|  0. |  0. |  0. ||* 0. |* 0. |* 1. || -1. |  0. |  0. |
|  0. |  0. |  0. ||* 0. |* 0. |* 0. ||  0. |  0. |  0. |
|  0. |  0. |  0. ||* 0. |* 0. |* 0. ||  0. |  0. |  0. |
|=====+=====+=====||=====+=====+=====||=====+=====+=====|
|  1. |  0. |  0. ||  1. |  0. |  0. ||  0. |  0. |  0. |
|  0. |  0. |  0. ||  0. |  0. |  0. ||  0. | -1. |  0. |
|  0. |  0. |  1. ||  0. | -1. |  0. ||  0. |  0. |  0. |

, evalForThisState=1.0, isPlayerOneTurnOriginally=true}, StateDatum{MCTSProbabilites=
|  .0 |  .0 |  .0 ||  .0 |  .0 |  .0 ||  .0 |  .0 |  .0 |
|  .0 |  .0 |  .0 ||  .0 |  .0 |  .0 ||  .0 |  .0 |  .0 |
|  .0 |  .0 |  .0 ||  .0 |  .0 |  .0 ||  .0 |  .0 |  .0 |
|========+========+========||========+========+========||========+========+========|
|  .0 |  .0 |  .0 ||  .0 |  .0 |  .0 ||  .0 |  .0 |  .0 |
|  .0 |  .0 |  .0 ||  .0 |  .0 |  .0 ||  .0 |  .0 |  .0 |
|  .0 |  .0 |  .0 ||  .0 |  .0 |  .0 ||  .0 |  .0 |  .0 |
|========+========+========||========+========+========||========+========+========|
|  .0 |  .0 |  .0 ||  .0 |  .0574 |  .0318 ||  .0 |  .0 |  .0 |
|  .0 |  .0 |  .0 ||  .2976 |  .2891 |  .0314 ||  .0 |  .0 |  .0 |
|  .0 |  .0 |  .0 ||  .2564 |  .0 |  .0362 ||  .0 |  .0 |  .0 |

, state=
| -0. |  1. | -0. || -0. | -0. | -0. || -0. | -0. | -0. |
| -0. | -0. | -0. || -0. | -0. | -1. || -0. | -0. | -0. |
|  1. | -1. | -0. || -0. | -0. | -0. ||  1. | -0. | -0. |
|=====+=====+=====||=====+=====+=====||=====+=====+=====|
| -0. | -0. | -0. || -0. | -0. | -1. ||  1. | -0. | -0. |
| -0. | -0. | -0. || -0. | -0. | -0. || -0. | -0. | -0. |
| -0. | -0. | -0. || -0. | -1. | -0. || -0. | -0. | -0. |
|=====+=====+=====||=====+=====+=====||=====+=====+=====|
| -1. | -0. | -0. ||*-1. |*-0. |*-0. || -0. | -0. | -0. |
| -0. | -0. | -0. ||*-0. |*-0. |*-0. || -0. |  1. | -0. |
| -0. | -0. | -1. ||*-0. |* 1. |*-0. || -0. | -0. | -0. |

, evalForThisState=-1.0, isPlayerOneTurnOriginally=false}, StateDatum{MCTSProbabilites=
|  .0 |  .0 |  .0 ||  .0 |  .0 |  .0 ||  .0 |  .0 |  .0 |
|  .0 |  .0 |  .0 ||  .0 |  .0 |  .0 ||  .0 |  .0 |  .0 |
|  .0 |  .0 |  .0 ||  .0 |  .0 |  .0 ||  .0 |  .0 |  .0 |
|========+========+========||========+========+========||========+========+========|
|  .0987 |  .1136 |  .1884 ||  .0 |  .0 |  .0 ||  .0 |  .0 |  .0 |
|  .1447 |  .1536 |  .0282 ||  .0 |  .0 |  .0 ||  .0 |  .0 |  .0 |
|  .0949 |  .1019 |  .076 ||  .0 |  .0 |  .0 ||  .0 |  .0 |  .0 |
|========+========+========||========+========+========||========+========+========|
|  .0 |  .0 |  .0 ||  .0 |  .0 |  .0 ||  .0 |  .0 |  .0 |
|  .0 |  .0 |  .0 ||  .0 |  .0 |  .0 ||  .0 |  .0 |  .0 |
|  .0 |  .0 |  .0 ||  .0 |  .0 |  .0 ||  .0 |  .0 |  .0 |

, state=
|  0. | -1. |  0. ||  0. |  0. |  0. ||  0. |  0. |  0. |
|  0. |  0. |  0. ||  0. |  0. |  1. ||  0. |  0. |  0. |
| -1. |  1. |  0. ||  0. |  0. |  0. || -1. |  0. |  0. |
|=====+=====+=====||=====+=====+=====||=====+=====+=====|
|* 0. |* 0. |* 0. ||  0. |  0. |  1. || -1. |  0. |  0. |
|* 0. |* 0. |* 0. ||  0. |  0. |  0. ||  0. |  0. |  0. |
|* 0. |* 0. |* 0. ||  0. |  1. |  0. ||  0. |  0. |  0. |
|=====+=====+=====||=====+=====+=====||=====+=====+=====|
|  1. |  0. |  0. ||  1. |  0. |  0. ||  0. |  0. |  0. |
|  0. |  0. |  0. || -1. |  0. |  0. ||  0. | -1. |  0. |
|  0. |  0. |  1. ||  0. | -1. |  0. ||  0. |  0. |  0. |

, evalForThisState=1.0, isPlayerOneTurnOriginally=true}, StateDatum{MCTSProbabilites=
|  .0 |  .0 |  .0 ||  .0 |  .0 |  .0 ||  .1228 |  .0653 |  .1517 |
|  .0 |  .0 |  .0 ||  .0 |  .0 |  .0 ||  .1835 |  .1001 |  .2045 |
|  .0 |  .0 |  .0 ||  .0 |  .0 |  .0 ||  .0 |  .1273 |  .0448 |
|========+========+========||========+========+========||========+========+========|
|  .0 |  .0 |  .0 ||  .0 |  .0 |  .0 ||  .0 |  .0 |  .0 |
|  .0 |  .0 |  .0 ||  .0 |  .0 |  .0 ||  .0 |  .0 |  .0 |
|  .0 |  .0 |  .0 ||  .0 |  .0 |  .0 ||  .0 |  .0 |  .0 |
|========+========+========||========+========+========||========+========+========|
|  .0 |  .0 |  .0 ||  .0 |  .0 |  .0 ||  .0 |  .0 |  .0 |
|  .0 |  .0 |  .0 ||  .0 |  .0 |  .0 ||  .0 |  .0 |  .0 |
|  .0 |  .0 |  .0 ||  .0 |  .0 |  .0 ||  .0 |  .0 |  .0 |

, state=
| -0. |  1. | -0. || -0. | -0. | -0. ||*-0. |*-0. |*-0. |
| -0. | -0. | -0. || -0. | -0. | -1. ||*-0. |*-0. |*-0. |
|  1. | -1. | -0. || -0. | -0. | -0. ||* 1. |*-0. |*-0. |
|=====+=====+=====||=====+=====+=====||=====+=====+=====|
| -0. | -0. | -1. || -0. | -0. | -1. ||  1. | -0. | -0. |
| -0. | -0. | -0. || -0. | -0. | -0. || -0. | -0. | -0. |
| -0. | -0. | -0. || -0. | -1. | -0. || -0. | -0. | -0. |
|=====+=====+=====||=====+=====+=====||=====+=====+=====|
| -1. | -0. | -0. || -1. | -0. | -0. || -0. | -0. | -0. |
| -0. | -0. | -0. ||  1. | -0. | -0. || -0. |  1. | -0. |
| -0. | -0. | -1. || -0. |  1. | -0. || -0. | -0. | -0. |

, evalForThisState=-1.0, isPlayerOneTurnOriginally=false}, StateDatum{MCTSProbabilites=
|  .0 |  .0 |  .0 ||  .0 |  .0 |  .0 ||  .0 |  .0 |  .0 |
|  .0 |  .0 |  .0 ||  .0 |  .0 |  .0 ||  .0 |  .0 |  .0 |
|  .0 |  .0 |  .0 ||  .0 |  .0 |  .0 ||  .0 |  .0 |  .0 |
|========+========+========||========+========+========||========+========+========|
|  .0 |  .0 |  .0 ||  .0 |  .0 |  .0 ||  .0 |  .1342 |  .172 |
|  .0 |  .0 |  .0 ||  .0 |  .0 |  .0 ||  .1323 |  .1446 |  .1705 |
|  .0 |  .0 |  .0 ||  .0 |  .0 |  .0 ||  .096 |  .1117 |  .0386 |
|========+========+========||========+========+========||========+========+========|
|  .0 |  .0 |  .0 ||  .0 |  .0 |  .0 ||  .0 |  .0 |  .0 |
|  .0 |  .0 |  .0 ||  .0 |  .0 |  .0 ||  .0 |  .0 |  .0 |
|  .0 |  .0 |  .0 ||  .0 |  .0 |  .0 ||  .0 |  .0 |  .0 |

, state=
|  0. | -1. |  0. ||  0. |  0. |  0. ||  0. |  0. |  0. |
|  0. |  0. |  0. ||  0. |  0. |  1. ||  0. |  0. | -1. |
| -1. |  1. |  0. ||  0. |  0. |  0. || -1. |  0. |  0. |
|=====+=====+=====||=====+=====+=====||=====+=====+=====|
|  0. |  0. |  1. ||  0. |  0. |  1. ||*-1. |* 0. |* 0. |
|  0. |  0. |  0. ||  0. |  0. |  0. ||* 0. |* 0. |* 0. |
|  0. |  0. |  0. ||  0. |  1. |  0. ||* 0. |* 0. |* 0. |
|=====+=====+=====||=====+=====+=====||=====+=====+=====|
|  1. |  0. |  0. ||  1. |  0. |  0. ||  0. |  0. |  0. |
|  0. |  0. |  0. || -1. |  0. |  0. ||  0. | -1. |  0. |
|  0. |  0. |  1. ||  0. | -1. |  0. ||  0. |  0. |  0. |

, evalForThisState=1.0, isPlayerOneTurnOriginally=true}, StateDatum{MCTSProbabilites=
|  .0 |  .0 |  .0 ||  .0 |  .0 |  .0 ||  .1609 |  .1826 |  .03 |
|  .0 |  .0 |  .0 ||  .0 |  .0 |  .0 ||  .1465 |  .168 |  .0 |
|  .0 |  .0 |  .0 ||  .0 |  .0 |  .0 ||  .0 |  .136 |  .176 |
|========+========+========||========+========+========||========+========+========|
|  .0 |  .0 |  .0 ||  .0 |  .0 |  .0 ||  .0 |  .0 |  .0 |
|  .0 |  .0 |  .0 ||  .0 |  .0 |  .0 ||  .0 |  .0 |  .0 |
|  .0 |  .0 |  .0 ||  .0 |  .0 |  .0 ||  .0 |  .0 |  .0 |
|========+========+========||========+========+========||========+========+========|
|  .0 |  .0 |  .0 ||  .0 |  .0 |  .0 ||  .0 |  .0 |  .0 |
|  .0 |  .0 |  .0 ||  .0 |  .0 |  .0 ||  .0 |  .0 |  .0 |
|  .0 |  .0 |  .0 ||  .0 |  .0 |  .0 ||  .0 |  .0 |  .0 |

, state=
| -0. |  1. | -0. || -0. | -0. | -0. ||*-0. |*-0. |*-0. |
| -0. | -0. | -0. || -0. | -0. | -1. ||*-0. |*-0. |* 1. |
|  1. | -1. | -0. || -0. | -0. | -0. ||* 1. |*-0. |*-0. |
|=====+=====+=====||=====+=====+=====||=====+=====+=====|
| -0. | -0. | -1. || -0. | -0. | -1. ||  1. | -0. | -1. |
| -0. | -0. | -0. || -0. | -0. | -0. || -0. | -0. | -0. |
| -0. | -0. | -0. || -0. | -1. | -0. || -0. | -0. | -0. |
|=====+=====+=====||=====+=====+=====||=====+=====+=====|
| -1. | -0. | -0. || -1. | -0. | -0. || -0. | -0. | -0. |
| -0. | -0. | -0. ||  1. | -0. | -0. || -0. |  1. | -0. |
| -0. | -0. | -1. || -0. |  1. | -0. || -0. | -0. | -0. |

, evalForThisState=-1.0, isPlayerOneTurnOriginally=false}, StateDatum{MCTSProbabilites=
|  .0 |  .0 |  .0 ||  .0326 |  .153 |  .1343 ||  .0 |  .0 |  .0 |
|  .0 |  .0 |  .0 ||  .1584 |  .1384 |  .0 ||  .0 |  .0 |  .0 |
|  .0 |  .0 |  .0 ||  .1273 |  .1228 |  .1332 ||  .0 |  .0 |  .0 |
|========+========+========||========+========+========||========+========+========|
|  .0 |  .0 |  .0 ||  .0 |  .0 |  .0 ||  .0 |  .0 |  .0 |
|  .0 |  .0 |  .0 ||  .0 |  .0 |  .0 ||  .0 |  .0 |  .0 |
|  .0 |  .0 |  .0 ||  .0 |  .0 |  .0 ||  .0 |  .0 |  .0 |
|========+========+========||========+========+========||========+========+========|
|  .0 |  .0 |  .0 ||  .0 |  .0 |  .0 ||  .0 |  .0 |  .0 |
|  .0 |  .0 |  .0 ||  .0 |  .0 |  .0 ||  .0 |  .0 |  .0 |
|  .0 |  .0 |  .0 ||  .0 |  .0 |  .0 ||  .0 |  .0 |  .0 |

, state=
|  0. | -1. |  0. ||* 0. |* 0. |* 0. ||  0. | -1. |  0. |
|  0. |  0. |  0. ||* 0. |* 0. |* 1. ||  0. |  0. | -1. |
| -1. |  1. |  0. ||* 0. |* 0. |* 0. || -1. |  0. |  0. |
|=====+=====+=====||=====+=====+=====||=====+=====+=====|
|  0. |  0. |  1. ||  0. |  0. |  1. || -1. |  0. |  1. |
|  0. |  0. |  0. ||  0. |  0. |  0. ||  0. |  0. |  0. |
|  0. |  0. |  0. ||  0. |  1. |  0. ||  0. |  0. |  0. |
|=====+=====+=====||=====+=====+=====||=====+=====+=====|
|  1. |  0. |  0. ||  1. |  0. |  0. ||  0. |  0. |  0. |
|  0. |  0. |  0. || -1. |  0. |  0. ||  0. | -1. |  0. |
|  0. |  0. |  1. ||  0. | -1. |  0. ||  0. |  0. |  0. |

, evalForThisState=1.0, isPlayerOneTurnOriginally=true}, StateDatum{MCTSProbabilites=
|  .0 |  .0 |  .0 ||  .0 |  .0 |  .0 ||  .0 |  .0 |  .0 |
|  .0 |  .0 |  .0 ||  .0 |  .0 |  .0 ||  .0 |  .0 |  .0 |
|  .0 |  .0 |  .0 ||  .0 |  .0 |  .0 ||  .0 |  .0 |  .0 |
|========+========+========||========+========+========||========+========+========|
|  .1425 |  .1576 |  .0 ||  .0 |  .0 |  .0 ||  .0 |  .0 |  .0 |
|  .0268 |  .0429 |  .1631 ||  .0 |  .0 |  .0 ||  .0 |  .0 |  .0 |
|  .1525 |  .1419 |  .1727 ||  .0 |  .0 |  .0 ||  .0 |  .0 |  .0 |
|========+========+========||========+========+========||========+========+========|
|  .0 |  .0 |  .0 ||  .0 |  .0 |  .0 ||  .0 |  .0 |  .0 |
|  .0 |  .0 |  .0 ||  .0 |  .0 |  .0 ||  .0 |  .0 |  .0 |
|  .0 |  .0 |  .0 ||  .0 |  .0 |  .0 ||  .0 |  .0 |  .0 |

, state=
| -0. |  1. | -0. || -0. | -0. | -0. || -0. |  1. | -0. |
| -0. | -0. | -0. || -1. | -0. | -1. || -0. | -0. |  1. |
|  1. | -1. | -0. || -0. | -0. | -0. ||  1. | -0. | -0. |
|=====+=====+=====||=====+=====+=====||=====+=====+=====|
|*-0. |*-0. |*-1. || -0. | -0. | -1. ||  1. | -0. | -1. |
|*-0. |*-0. |*-0. || -0. | -0. | -0. || -0. | -0. | -0. |
|*-0. |*-0. |*-0. || -0. | -1. | -0. || -0. | -0. | -0. |
|=====+=====+=====||=====+=====+=====||=====+=====+=====|
| -1. | -0. | -0. || -1. | -0. | -0. || -0. | -0. | -0. |
| -0. | -0. | -0. ||  1. | -0. | -0. || -0. |  1. | -0. |
| -0. | -0. | -1. || -0. |  1. | -0. || -0. | -0. | -0. |

, evalForThisState=-1.0, isPlayerOneTurnOriginally=false}, StateDatum{MCTSProbabilites=
|  .0 |  .0 |  .0 ||  .0 |  .0 |  .0 ||  .0 |  .0 |  .0 |
|  .0 |  .0 |  .0 ||  .0 |  .0 |  .0 ||  .0 |  .0 |  .0 |
|  .0 |  .0 |  .0 ||  .0 |  .0 |  .0 ||  .0 |  .0 |  .0 |
|========+========+========||========+========+========||========+========+========|
|  .0 |  .0 |  .0 ||  .0 |  .0 |  .0 ||  .0 |  .0 |  .0 |
|  .0 |  .0 |  .0 ||  .0 |  .0 |  .0 ||  .0 |  .0 |  .0 |
|  .0 |  .0 |  .0 ||  .0 |  .0 |  .0 ||  .0 |  .0 |  .0 |
|========+========+========||========+========+========||========+========+========|
|  .0 |  .0 |  .0 ||  .0 |  .0 |  .0 ||  .1547 |  .1355 |  .1278 |
|  .0 |  .0 |  .0 ||  .0 |  .0 |  .0 ||  .0599 |  .0 |  .1416 |
|  .0 |  .0 |  .0 ||  .0 |  .0 |  .0 ||  .0808 |  .1457 |  .1539 |

, state=
|  0. | -1. |  0. ||  0. |  0. |  0. ||  0. | -1. |  0. |
|  0. |  0. |  0. ||  1. |  0. |  1. ||  0. |  0. | -1. |
| -1. |  1. |  0. ||  0. |  0. |  0. || -1. |  0. |  0. |
|=====+=====+=====||=====+=====+=====||=====+=====+=====|
|  0. |  0. |  1. ||  0. |  0. |  1. || -1. |  0. |  1. |
|  0. |  0. |  0. ||  0. |  0. |  0. ||  0. |  0. |  0. |
|  0. |  0. | -1. ||  0. |  1. |  0. ||  0. |  0. |  0. |
|=====+=====+=====||=====+=====+=====||=====+=====+=====|
|  1. |  0. |  0. ||  1. |  0. |  0. ||* 0. |* 0. |* 0. |
|  0. |  0. |  0. || -1. |  0. |  0. ||* 0. |*-1. |* 0. |
|  0. |  0. |  1. ||  0. | -1. |  0. ||* 0. |* 0. |* 0. |

, evalForThisState=1.0, isPlayerOneTurnOriginally=true}, StateDatum{MCTSProbabilites=
|  .1441 |  .0 |  .163 ||  .0 |  .0 |  .0 ||  .0 |  .0 |  .0 |
|  .1443 |  .1584 |  .1594 ||  .0 |  .0 |  .0 ||  .0 |  .0 |  .0 |
|  .0 |  .0 |  .2308 ||  .0 |  .0 |  .0 ||  .0 |  .0 |  .0 |
|========+========+========||========+========+========||========+========+========|
|  .0 |  .0 |  .0 ||  .0 |  .0 |  .0 ||  .0 |  .0 |  .0 |
|  .0 |  .0 |  .0 ||  .0 |  .0 |  .0 ||  .0 |  .0 |  .0 |
|  .0 |  .0 |  .0 ||  .0 |  .0 |  .0 ||  .0 |  .0 |  .0 |
|========+========+========||========+========+========||========+========+========|
|  .0 |  .0 |  .0 ||  .0 |  .0 |  .0 ||  .0 |  .0 |  .0 |
|  .0 |  .0 |  .0 ||  .0 |  .0 |  .0 ||  .0 |  .0 |  .0 |
|  .0 |  .0 |  .0 ||  .0 |  .0 |  .0 ||  .0 |  .0 |  .0 |

, state=
|*-0. |* 1. |*-0. || -0. | -0. | -0. || -0. |  1. | -0. |
|*-0. |*-0. |*-0. || -1. | -0. | -1. || -0. | -0. |  1. |
|* 1. |*-1. |*-0. || -0. | -0. | -0. ||  1. | -0. | -0. |
|=====+=====+=====||=====+=====+=====||=====+=====+=====|
| -0. | -0. | -1. || -0. | -0. | -1. ||  1. | -0. | -1. |
| -0. | -0. | -0. || -0. | -0. | -0. || -0. | -0. | -0. |
| -0. | -0. |  1. || -0. | -1. | -0. || -0. | -0. | -0. |
|=====+=====+=====||=====+=====+=====||=====+=====+=====|
| -1. | -0. | -0. || -1. | -0. | -0. || -1. | -0. | -0. |
| -0. | -0. | -0. ||  1. | -0. | -0. || -0. |  1. | -0. |
| -0. | -0. | -1. || -0. |  1. | -0. || -0. | -0. | -0. |

, evalForThisState=-1.0, isPlayerOneTurnOriginally=false}, StateDatum{MCTSProbabilites=
|  .0 |  .0 |  .0 ||  .0 |  .0 |  .0 ||  .0 |  .0 |  .0 |
|  .0 |  .0 |  .0 ||  .0 |  .0 |  .0 ||  .0 |  .0 |  .0 |
|  .0 |  .0 |  .0 ||  .0 |  .0 |  .0 ||  .0 |  .0 |  .0 |
|========+========+========||========+========+========||========+========+========|
|  .0 |  .0 |  .0 ||  .0 |  .0 |  .0 ||  .0 |  .0 |  .0 |
|  .0 |  .0 |  .0 ||  .0 |  .0 |  .0 ||  .0 |  .0 |  .0 |
|  .0 |  .0 |  .0 ||  .0 |  .0 |  .0 ||  .0 |  .0 |  .0 |
|========+========+========||========+========+========||========+========+========|
|  .0 |  .0 |  .0 ||  .0 |  .0 |  .0 ||  .0 |  .0698 |  .2038 |
|  .0 |  .0 |  .0 ||  .0 |  .0 |  .0 ||  .0685 |  .0 |  .2049 |
|  .0 |  .0 |  .0 ||  .0 |  .0 |  .0 ||  .0742 |  .1829 |  .1959 |

, state=
|  0. | -1. |  0. ||  0. |  0. |  0. ||  0. | -1. |  0. |
|  0. |  0. |  0. ||  1. |  0. |  1. ||  0. |  0. | -1. |
| -1. |  1. | -1. ||  0. |  0. |  0. || -1. |  0. |  0. |
|=====+=====+=====||=====+=====+=====||=====+=====+=====|
|  0. |  0. |  1. ||  0. |  0. |  1. || -1. |  0. |  1. |
|  0. |  0. |  0. ||  0. |  0. |  0. ||  0. |  0. |  0. |
|  0. |  0. | -1. ||  0. |  1. |  0. ||  0. |  0. |  0. |
|=====+=====+=====||=====+=====+=====||=====+=====+=====|
|  1. |  0. |  0. ||  1. |  0. |  0. ||* 1. |* 0. |* 0. |
|  0. |  0. |  0. || -1. |  0. |  0. ||* 0. |*-1. |* 0. |
|  0. |  0. |  1. ||  0. | -1. |  0. ||* 0. |* 0. |* 0. |

, evalForThisState=1.0, isPlayerOneTurnOriginally=true}, StateDatum{MCTSProbabilites=
|  .0 |  .0 |  .0 ||  .0 |  .0 |  .0 ||  .0 |  .0 |  .0 |
|  .0 |  .0 |  .0 ||  .0 |  .0 |  .0 ||  .0 |  .0 |  .0 |
|  .0 |  .0 |  .0 ||  .0 |  .0 |  .0 ||  .0 |  .0 |  .0 |
|========+========+========||========+========+========||========+========+========|
|  .0 |  .0 |  .0 ||  .0 |  .0 |  .0 ||  .0 |  .1792 |  .0 |
|  .0 |  .0 |  .0 ||  .0 |  .0 |  .0 ||  .1441 |  .1555 |  .1135 |
|  .0 |  .0 |  .0 ||  .0 |  .0 |  .0 ||  .1507 |  .1289 |  .128 |
|========+========+========||========+========+========||========+========+========|
|  .0 |  .0 |  .0 ||  .0 |  .0 |  .0 ||  .0 |  .0 |  .0 |
|  .0 |  .0 |  .0 ||  .0 |  .0 |  .0 ||  .0 |  .0 |  .0 |
|  .0 |  .0 |  .0 ||  .0 |  .0 |  .0 ||  .0 |  .0 |  .0 |

, state=
| -0. |  1. | -0. || -0. | -0. | -0. || -0. |  1. | -0. |
| -0. | -0. | -0. || -1. | -0. | -1. || -0. | -0. |  1. |
|  1. | -1. |  1. || -0. | -0. | -0. ||  1. | -0. | -0. |
|=====+=====+=====||=====+=====+=====||=====+=====+=====|
| -0. | -0. | -1. || -0. | -0. | -1. ||* 1. |*-0. |*-1. |
| -0. | -0. | -0. || -0. | -0. | -0. ||*-0. |*-0. |*-0. |
| -0. | -0. |  1. || -0. | -1. | -0. ||*-0. |*-0. |*-0. |
|=====+=====+=====||=====+=====+=====||=====+=====+=====|
| -1. | -0. | -0. || -1. | -0. | -0. || -1. | -0. | -0. |
| -0. | -0. | -0. ||  1. | -0. | -0. || -0. |  1. | -1. |
| -0. | -0. | -1. || -0. |  1. | -0. || -0. | -0. | -0. |

, evalForThisState=-1.0, isPlayerOneTurnOriginally=false}, StateDatum{MCTSProbabilites=
|  .0 |  .0 |  .0 ||  .0989 |  .1369 |  .0988 ||  .0 |  .0 |  .0 |
|  .0 |  .0 |  .0 ||  .0 |  .2396 |  .0 ||  .0 |  .0 |  .0 |
|  .0 |  .0 |  .0 ||  .1512 |  .133 |  .1416 ||  .0 |  .0 |  .0 |
|========+========+========||========+========+========||========+========+========|
|  .0 |  .0 |  .0 ||  .0 |  .0 |  .0 ||  .0 |  .0 |  .0 |
|  .0 |  .0 |  .0 ||  .0 |  .0 |  .0 ||  .0 |  .0 |  .0 |
|  .0 |  .0 |  .0 ||  .0 |  .0 |  .0 ||  .0 |  .0 |  .0 |
|========+========+========||========+========+========||========+========+========|
|  .0 |  .0 |  .0 ||  .0 |  .0 |  .0 ||  .0 |  .0 |  .0 |
|  .0 |  .0 |  .0 ||  .0 |  .0 |  .0 ||  .0 |  .0 |  .0 |
|  .0 |  .0 |  .0 ||  .0 |  .0 |  .0 ||  .0 |  .0 |  .0 |

, state=
|  0. | -1. |  0. ||* 0. |* 0. |* 0. ||  0. | -1. |  0. |
|  0. |  0. |  0. ||* 1. |* 0. |* 1. ||  0. |  0. | -1. |
| -1. |  1. | -1. ||* 0. |* 0. |* 0. || -1. |  0. |  0. |
|=====+=====+=====||=====+=====+=====||=====+=====+=====|
|  0. |  0. |  1. ||  0. |  0. |  1. || -1. | -1. |  1. |
|  0. |  0. |  0. ||  0. |  0. |  0. ||  0. |  0. |  0. |
|  0. |  0. | -1. ||  0. |  1. |  0. ||  0. |  0. |  0. |
|=====+=====+=====||=====+=====+=====||=====+=====+=====|
|  1. |  0. |  0. ||  1. |  0. |  0. ||  1. |  0. |  0. |
|  0. |  0. |  0. || -1. |  0. |  0. ||  0. | -1. |  1. |
|  0. |  0. |  1. ||  0. | -1. |  0. ||  0. |  0. |  0. |

, evalForThisState=1.0, isPlayerOneTurnOriginally=true}, StateDatum{MCTSProbabilites=
|  .0 |  .0 |  .0 ||  .0 |  .0 |  .0 ||  .0 |  .0 |  .0 |
|  .0 |  .0 |  .0 ||  .0 |  .0 |  .0 ||  .0 |  .0 |  .0 |
|  .0 |  .0 |  .0 ||  .0 |  .0 |  .0 ||  .0 |  .0 |  .0 |
|========+========+========||========+========+========||========+========+========|
|  .0 |  .0 |  .0 ||  .159 |  .0495 |  .0 ||  .0 |  .0 |  .0 |
|  .0 |  .0 |  .0 ||  .1772 |  .1626 |  .1247 ||  .0 |  .0 |  .0 |
|  .0 |  .0 |  .0 ||  .1286 |  .0 |  .1983 ||  .0 |  .0 |  .0 |
|========+========+========||========+========+========||========+========+========|
|  .0 |  .0 |  .0 ||  .0 |  .0 |  .0 ||  .0 |  .0 |  .0 |
|  .0 |  .0 |  .0 ||  .0 |  .0 |  .0 ||  .0 |  .0 |  .0 |
|  .0 |  .0 |  .0 ||  .0 |  .0 |  .0 ||  .0 |  .0 |  .0 |

, state=
| -0. |  1. | -0. || -0. | -0. | -0. || -0. |  1. | -0. |
| -0. | -0. | -0. || -1. | -1. | -1. || -0. | -0. |  1. |
|  1. | -1. |  1. || -0. | -0. | -0. ||  1. | -0. | -0. |
|=====+=====+=====||=====+=====+=====||=====+=====+=====|
| -0. | -0. | -1. ||*-0. |*-0. |*-1. ||  1. |  1. | -1. |
| -0. | -0. | -0. ||*-0. |*-0. |*-0. || -0. | -0. | -0. |
| -0. | -0. |  1. ||*-0. |*-1. |*-0. || -0. | -0. | -0. |
|=====+=====+=====||=====+=====+=====||=====+=====+=====|
| -1. | -0. | -0. || -1. | -0. | -0. || -1. | -0. | -0. |
| -0. | -0. | -0. ||  1. | -0. | -0. || -0. |  1. | -1. |
| -0. | -0. | -1. || -0. |  1. | -0. || -0. | -0. | -0. |

, evalForThisState=-1.0, isPlayerOneTurnOriginally=false}, StateDatum{MCTSProbabilites=
|  .0 |  .0 |  .0 ||  .0 |  .0 |  .0 ||  .0 |  .0 |  .0 |
|  .0 |  .0 |  .0 ||  .0 |  .0 |  .0 ||  .0 |  .0 |  .0 |
|  .0 |  .0 |  .0 ||  .0 |  .0 |  .0 ||  .0 |  .0 |  .0 |
|========+========+========||========+========+========||========+========+========|
|  .0 |  .0 |  .0 ||  .0 |  .0 |  .0 ||  .0 |  .0 |  .0 |
|  .0 |  .0 |  .0 ||  .0 |  .0 |  .0 ||  .0 |  .0 |  .0 |
|  .0 |  .0 |  .0 ||  .0 |  .0 |  .0 ||  .0 |  .0 |  .0 |
|========+========+========||========+========+========||========+========+========|
|  .0 |  .0 |  .0 ||  .0 |  .0 |  .0 ||  .0 |  .2191 |  .2605 |
|  .0 |  .0 |  .0 ||  .0 |  .0 |  .0 ||  .1428 |  .0 |  .0 |
|  .0 |  .0 |  .0 ||  .0 |  .0 |  .0 ||  .0967 |  .1737 |  .1073 |

, state=
|  0. | -1. |  0. ||  0. |  0. |  0. ||  0. | -1. |  0. |
|  0. |  0. |  0. ||  1. |  1. |  1. ||  0. |  0. | -1. |
| -1. |  1. | -1. ||  0. |  0. |  0. || -1. |  0. |  0. |
|=====+=====+=====||=====+=====+=====||=====+=====+=====|
|  0. |  0. |  1. ||  0. |  0. |  1. || -1. | -1. |  1. |
|  0. |  0. |  0. ||  0. |  0. |  0. ||  0. |  0. |  0. |
|  0. |  0. | -1. ||  0. |  1. | -1. ||  0. |  0. |  0. |
|=====+=====+=====||=====+=====+=====||=====+=====+=====|
|  1. |  0. |  0. ||  1. |  0. |  0. ||* 1. |* 0. |* 0. |
|  0. |  0. |  0. || -1. |  0. |  0. ||* 0. |*-1. |* 1. |
|  0. |  0. |  1. ||  0. | -1. |  0. ||* 0. |* 0. |* 0. |

, evalForThisState=1.0, isPlayerOneTurnOriginally=true}, StateDatum{MCTSProbabilites=
|  .0 |  .0 |  .0 ||  .0 |  .0 |  .0 ||  .202 |  .0 |  .1164 |
|  .0 |  .0 |  .0 ||  .0 |  .0 |  .0 ||  .1278 |  .153 |  .0 |
|  .0 |  .0 |  .0 ||  .0 |  .0 |  .0 ||  .0 |  .1923 |  .2085 |
|========+========+========||========+========+========||========+========+========|
|  .0 |  .0 |  .0 ||  .0 |  .0 |  .0 ||  .0 |  .0 |  .0 |
|  .0 |  .0 |  .0 ||  .0 |  .0 |  .0 ||  .0 |  .0 |  .0 |
|  .0 |  .0 |  .0 ||  .0 |  .0 |  .0 ||  .0 |  .0 |  .0 |
|========+========+========||========+========+========||========+========+========|
|  .0 |  .0 |  .0 ||  .0 |  .0 |  .0 ||  .0 |  .0 |  .0 |
|  .0 |  .0 |  .0 ||  .0 |  .0 |  .0 ||  .0 |  .0 |  .0 |
|  .0 |  .0 |  .0 ||  .0 |  .0 |  .0 ||  .0 |  .0 |  .0 |

, state=
| -0. |  1. | -0. || -0. | -0. | -0. ||*-0. |* 1. |*-0. |
| -0. | -0. | -0. || -1. | -1. | -1. ||*-0. |*-0. |* 1. |
|  1. | -1. |  1. || -0. | -0. | -0. ||* 1. |*-0. |*-0. |
|=====+=====+=====||=====+=====+=====||=====+=====+=====|
| -0. | -0. | -1. || -0. | -0. | -1. ||  1. |  1. | -1. |
| -0. | -0. | -0. || -0. | -0. | -0. || -0. | -0. | -0. |
| -0. | -0. |  1. || -0. | -1. |  1. || -0. | -0. | -0. |
|=====+=====+=====||=====+=====+=====||=====+=====+=====|
| -1. | -0. | -0. || -1. | -0. | -0. || -1. | -0. | -1. |
| -0. | -0. | -0. ||  1. | -0. | -0. || -0. |  1. | -1. |
| -0. | -0. | -1. || -0. |  1. | -0. || -0. | -0. | -0. |

, evalForThisState=-1.0, isPlayerOneTurnOriginally=false}, StateDatum{MCTSProbabilites=
|  .0 |  .0 |  .0 ||  .0 |  .0 |  .0 ||  .0 |  .0 |  .0 |
|  .0 |  .0 |  .0 ||  .0 |  .0 |  .0 ||  .0 |  .0 |  .0 |
|  .0 |  .0 |  .0 ||  .0 |  .0 |  .0 ||  .0 |  .0 |  .0 |
|========+========+========||========+========+========||========+========+========|
|  .0 |  .0 |  .0 ||  .0 |  .0 |  .0 ||  .0 |  .0 |  .0 |
|  .0 |  .0 |  .0 ||  .0 |  .0 |  .0 ||  .0 |  .0 |  .0 |
|  .0 |  .0 |  .0 ||  .0 |  .0 |  .0 ||  .0 |  .0 |  .0 |
|========+========+========||========+========+========||========+========+========|
|  .0 |  .0 |  .0 ||  .0 |  .0 |  .0 ||  .0 |  .159 |  .0 |
|  .0 |  .0 |  .0 ||  .0 |  .0 |  .0 ||  .2443 |  .0 |  .0 |
|  .0 |  .0 |  .0 ||  .0 |  .0 |  .0 ||  .2518 |  .189 |  .1559 |

, state=
|  0. | -1. |  0. ||  0. |  0. |  0. ||  0. | -1. |  0. |
|  0. |  0. |  0. ||  1. |  1. |  1. ||  0. |  0. | -1. |
| -1. |  1. | -1. ||  0. |  0. |  0. || -1. |  0. | -1. |
|=====+=====+=====||=====+=====+=====||=====+=====+=====|
|  0. |  0. |  1. ||  0. |  0. |  1. || -1. | -1. |  1. |
|  0. |  0. |  0. ||  0. |  0. |  0. ||  0. |  0. |  0. |
|  0. |  0. | -1. ||  0. |  1. | -1. ||  0. |  0. |  0. |
|=====+=====+=====||=====+=====+=====||=====+=====+=====|
|  1. |  0. |  0. ||  1. |  0. |  0. ||* 1. |* 0. |* 1. |
|  0. |  0. |  0. || -1. |  0. |  0. ||* 0. |*-1. |* 1. |
|  0. |  0. |  1. ||  0. | -1. |  0. ||* 0. |* 0. |* 0. |

, evalForThisState=1.0, isPlayerOneTurnOriginally=true}, StateDatum{MCTSProbabilites=
|  .0 |  .0 |  .0 ||  .0 |  .0 |  .0 ||  .0 |  .0 |  .0 |
|  .0 |  .0 |  .0 ||  .0 |  .0 |  .0 ||  .0 |  .0 |  .0 |
|  .0 |  .0 |  .0 ||  .0 |  .0 |  .0 ||  .0 |  .0 |  .0 |
|========+========+========||========+========+========||========+========+========|
|  .0 |  .0 |  .0 ||  .0 |  .0 |  .0 ||  .0 |  .0 |  .0 |
|  .0 |  .0 |  .0 ||  .0 |  .0 |  .0 ||  .0 |  .0 |  .0 |
|  .0 |  .0 |  .0 ||  .0 |  .0 |  .0 ||  .0 |  .0 |  .0 |
|========+========+========||========+========+========||========+========+========|
|  .0 |  .0644 |  .1615 ||  .0 |  .0 |  .0 ||  .0 |  .0 |  .0 |
|  .1573 |  .1813 |  .2202 ||  .0 |  .0 |  .0 ||  .0 |  .0 |  .0 |
|  .1102 |  .1051 |  .0 ||  .0 |  .0 |  .0 ||  .0 |  .0 |  .0 |

, state=
| -0. |  1. | -0. || -0. | -0. | -0. || -0. |  1. | -0. |
| -0. | -0. | -0. || -1. | -1. | -1. || -0. | -0. |  1. |
|  1. | -1. |  1. || -0. | -0. | -0. ||  1. | -0. |  1. |
|=====+=====+=====||=====+=====+=====||=====+=====+=====|
| -0. | -0. | -1. || -0. | -0. | -1. ||  1. |  1. | -1. |
| -0. | -0. | -0. || -0. | -0. | -0. || -0. | -0. | -0. |
| -0. | -0. |  1. || -0. | -1. |  1. || -0. | -0. | -0. |
|=====+=====+=====||=====+=====+=====||=====+=====+=====|
|*-1. |*-0. |*-0. || -1. | -0. | -0. || -1. | -0. | -1. |
|*-0. |*-0. |*-0. ||  1. | -0. | -0. || -0. |  1. | -1. |
|*-0. |*-0. |*-1. || -0. |  1. | -0. || -1. | -0. | -0. |

, evalForThisState=-1.0, isPlayerOneTurnOriginally=false}, StateDatum{MCTSProbabilites=
|  .0 |  .0 |  .0 ||  .0 |  .0 |  .0 ||  .0 |  .0 |  .0 |
|  .0 |  .0 |  .0 ||  .0 |  .0 |  .0 ||  .0 |  .0 |  .0 |
|  .0 |  .0 |  .0 ||  .0 |  .0 |  .0 ||  .0 |  .0 |  .0 |
|========+========+========||========+========+========||========+========+========|
|  .0 |  .0 |  .0 ||  .0 |  .0 |  .0 ||  .0 |  .0 |  .0 |
|  .0 |  .0 |  .0 ||  .0 |  .0 |  .0 ||  .242 |  .1373 |  .1501 |
|  .0 |  .0 |  .0 ||  .0 |  .0 |  .0 ||  .2164 |  .1357 |  .1185 |
|========+========+========||========+========+========||========+========+========|
|  .0 |  .0 |  .0 ||  .0 |  .0 |  .0 ||  .0 |  .0 |  .0 |
|  .0 |  .0 |  .0 ||  .0 |  .0 |  .0 ||  .0 |  .0 |  .0 |
|  .0 |  .0 |  .0 ||  .0 |  .0 |  .0 ||  .0 |  .0 |  .0 |

, state=
|  0. | -1. |  0. ||  0. |  0. |  0. ||  0. | -1. |  0. |
|  0. |  0. |  0. ||  1. |  1. |  1. ||  0. |  0. | -1. |
| -1. |  1. | -1. ||  0. |  0. |  0. || -1. |  0. | -1. |
|=====+=====+=====||=====+=====+=====||=====+=====+=====|
|  0. |  0. |  1. ||  0. |  0. |  1. ||*-1. |*-1. |* 1. |
|  0. |  0. |  0. ||  0. |  0. |  0. ||* 0. |* 0. |* 0. |
|  0. |  0. | -1. ||  0. |  1. | -1. ||* 0. |* 0. |* 0. |
|=====+=====+=====||=====+=====+=====||=====+=====+=====|
|  1. |  0. |  0. ||  1. |  0. |  0. ||  1. |  0. |  1. |
|  0. |  0. | -1. || -1. |  0. |  0. ||  0. | -1. |  1. |
|  0. |  0. |  1. ||  0. | -1. |  0. ||  1. |  0. |  0. |

, evalForThisState=1.0, isPlayerOneTurnOriginally=true}, StateDatum{MCTSProbabilites=
|  .0 |  .0 |  .0 ||  .0 |  .0 |  .0 ||  .0 |  .0 |  .0 |
|  .0 |  .0 |  .0 ||  .0 |  .0 |  .0 ||  .0 |  .0 |  .0 |
|  .0 |  .0 |  .0 ||  .0 |  .0 |  .0 ||  .0 |  .0 |  .0 |
|========+========+========||========+========+========||========+========+========|
|  .129 |  .1092 |  .0 ||  .0 |  .0 |  .0 ||  .0 |  .0 |  .0 |
|  .1642 |  .1634 |  .1658 ||  .0 |  .0 |  .0 ||  .0 |  .0 |  .0 |
|  .1164 |  .1519 |  .0 ||  .0 |  .0 |  .0 ||  .0 |  .0 |  .0 |
|========+========+========||========+========+========||========+========+========|
|  .0 |  .0 |  .0 ||  .0 |  .0 |  .0 ||  .0 |  .0 |  .0 |
|  .0 |  .0 |  .0 ||  .0 |  .0 |  .0 ||  .0 |  .0 |  .0 |
|  .0 |  .0 |  .0 ||  .0 |  .0 |  .0 ||  .0 |  .0 |  .0 |

, state=
| -0. |  1. | -0. || -0. | -0. | -0. || -0. |  1. | -0. |
| -0. | -0. | -0. || -1. | -1. | -1. || -0. | -0. |  1. |
|  1. | -1. |  1. || -0. | -0. | -0. ||  1. | -0. |  1. |
|=====+=====+=====||=====+=====+=====||=====+=====+=====|
|*-0. |*-0. |*-1. || -0. | -0. | -1. ||  1. |  1. | -1. |
|*-0. |*-0. |*-0. || -0. | -0. | -0. || -1. | -0. | -0. |
|*-0. |*-0. |* 1. || -0. | -1. |  1. || -0. | -0. | -0. |
|=====+=====+=====||=====+=====+=====||=====+=====+=====|
| -1. | -0. | -0. || -1. | -0. | -0. || -1. | -0. | -1. |
| -0. | -0. |  1. ||  1. | -0. | -0. || -0. |  1. | -1. |
| -0. | -0. | -1. || -0. |  1. | -0. || -1. | -0. | -0. |

, evalForThisState=-1.0, isPlayerOneTurnOriginally=false}, StateDatum{MCTSProbabilites=
|  .0 |  .0 |  .0 ||  .0 |  .0 |  .0 ||  .0 |  .0 |  .0 |
|  .0 |  .0 |  .0 ||  .0 |  .0 |  .0 ||  .0 |  .0 |  .0 |
|  .0 |  .0 |  .0 ||  .0 |  .0 |  .0 ||  .0 |  .0 |  .0 |
|========+========+========||========+========+========||========+========+========|
|  .0 |  .0 |  .0 ||  .0 |  .0 |  .0 ||  .0 |  .0 |  .0 |
|  .0 |  .0 |  .0 ||  .0 |  .0 |  .0 ||  .0 |  .2402 |  .1681 |
|  .0 |  .0 |  .0 ||  .0 |  .0 |  .0 ||  .2424 |  .2276 |  .1217 |
|========+========+========||========+========+========||========+========+========|
|  .0 |  .0 |  .0 ||  .0 |  .0 |  .0 ||  .0 |  .0 |  .0 |
|  .0 |  .0 |  .0 ||  .0 |  .0 |  .0 ||  .0 |  .0 |  .0 |
|  .0 |  .0 |  .0 ||  .0 |  .0 |  .0 ||  .0 |  .0 |  .0 |

, state=
|  0. | -1. |  0. ||  0. |  0. |  0. ||  0. | -1. |  0. |
|  0. |  0. |  0. ||  1. |  1. |  1. ||  0. |  0. | -1. |
| -1. |  1. | -1. ||  0. |  0. |  0. || -1. |  0. | -1. |
|=====+=====+=====||=====+=====+=====||=====+=====+=====|
|  0. |  0. |  1. ||  0. |  0. |  1. ||*-1. |*-1. |* 1. |
|  0. |  0. | -1. ||  0. |  0. |  0. ||* 1. |* 0. |* 0. |
|  0. |  0. | -1. ||  0. |  1. | -1. ||* 0. |* 0. |* 0. |
|=====+=====+=====||=====+=====+=====||=====+=====+=====|
|  1. |  0. |  0. ||  1. |  0. |  0. ||  1. |  0. |  1. |
|  0. |  0. | -1. || -1. |  0. |  0. ||  0. | -1. |  1. |
|  0. |  0. |  1. ||  0. | -1. |  0. ||  1. |  0. |  0. |

, evalForThisState=1.0, isPlayerOneTurnOriginally=true}, StateDatum{MCTSProbabilites=
|  .0 |  .0 |  .0 ||  .0 |  .0 |  .0 ||  .0 |  .0 |  .0 |
|  .0 |  .0 |  .0 ||  .0 |  .0 |  .0 ||  .0 |  .0 |  .0 |
|  .0 |  .0 |  .0 ||  .0 |  .0 |  .0 ||  .0 |  .0 |  .0 |
|========+========+========||========+========+========||========+========+========|
|  .0 |  .0 |  .0 ||  .0 |  .0 |  .0 ||  .0 |  .0 |  .0 |
|  .0 |  .0 |  .0 ||  .0 |  .0 |  .0 ||  .0 |  .0 |  .0 |
|  .0 |  .0 |  .0 ||  .0 |  .0 |  .0 ||  .0 |  .0 |  .0 |
|========+========+========||========+========+========||========+========+========|
|  .0 |  .2158 |  .2603 ||  .0 |  .0 |  .0 ||  .0 |  .0 |  .0 |
|  .1156 |  .197 |  .0 ||  .0 |  .0 |  .0 ||  .0 |  .0 |  .0 |
|  .1132 |  .0981 |  .0 ||  .0 |  .0 |  .0 ||  .0 |  .0 |  .0 |

, state=
| -0. |  1. | -0. || -0. | -0. | -0. || -0. |  1. | -0. |
| -0. | -0. | -0. || -1. | -1. | -1. || -0. | -0. |  1. |
|  1. | -1. |  1. || -0. | -0. | -0. ||  1. | -0. |  1. |
|=====+=====+=====||=====+=====+=====||=====+=====+=====|
| -0. | -0. | -1. || -0. | -0. | -1. ||  1. |  1. | -1. |
| -0. | -0. |  1. || -0. | -0. | -0. || -1. | -0. | -0. |
| -0. | -0. |  1. || -0. | -1. |  1. || -1. | -0. | -0. |
|=====+=====+=====||=====+=====+=====||=====+=====+=====|
|*-1. |*-0. |*-0. || -1. | -0. | -0. || -1. | -0. | -1. |
|*-0. |*-0. |* 1. ||  1. | -0. | -0. || -0. |  1. | -1. |
|*-0. |*-0. |*-1. || -0. |  1. | -0. || -1. | -0. | -0. |

, evalForThisState=-1.0, isPlayerOneTurnOriginally=false}, StateDatum{MCTSProbabilites=
|  .0 |  .0 |  .0 ||  .0 |  .0 |  .0 ||  .1539 |  .0 |  .197 |
|  .0 |  .0 |  .0 ||  .0 |  .0 |  .0 ||  .2372 |  .2463 |  .0 |
|  .0 |  .0 |  .0 ||  .0 |  .0 |  .0 ||  .0 |  .1655 |  .0 |
|========+========+========||========+========+========||========+========+========|
|  .0 |  .0 |  .0 ||  .0 |  .0 |  .0 ||  .0 |  .0 |  .0 |
|  .0 |  .0 |  .0 ||  .0 |  .0 |  .0 ||  .0 |  .0 |  .0 |
|  .0 |  .0 |  .0 ||  .0 |  .0 |  .0 ||  .0 |  .0 |  .0 |
|========+========+========||========+========+========||========+========+========|
|  .0 |  .0 |  .0 ||  .0 |  .0 |  .0 ||  .0 |  .0 |  .0 |
|  .0 |  .0 |  .0 ||  .0 |  .0 |  .0 ||  .0 |  .0 |  .0 |
|  .0 |  .0 |  .0 ||  .0 |  .0 |  .0 ||  .0 |  .0 |  .0 |

, state=
|  0. | -1. |  0. ||  0. |  0. |  0. ||* 0. |*-1. |* 0. |
|  0. |  0. |  0. ||  1. |  1. |  1. ||* 0. |* 0. |*-1. |
| -1. |  1. | -1. ||  0. |  0. |  0. ||*-1. |* 0. |*-1. |
|=====+=====+=====||=====+=====+=====||=====+=====+=====|
|  0. |  0. |  1. ||  0. |  0. |  1. || -1. | -1. |  1. |
|  0. |  0. | -1. ||  0. |  0. |  0. ||  1. |  0. |  0. |
|  0. |  0. | -1. ||  0. |  1. | -1. ||  1. |  0. |  0. |
|=====+=====+=====||=====+=====+=====||=====+=====+=====|
|  1. |  0. | -1. ||  1. |  0. |  0. ||  1. |  0. |  1. |
|  0. |  0. | -1. || -1. |  0. |  0. ||  0. | -1. |  1. |
|  0. |  0. |  1. ||  0. | -1. |  0. ||  1. |  0. |  0. |

, evalForThisState=1.0, isPlayerOneTurnOriginally=true}, StateDatum{MCTSProbabilites=
|  .0 |  .0 |  .0 ||  .0 |  .0 |  .0 ||  .0 |  .0 |  .0 |
|  .0 |  .0 |  .0 ||  .0 |  .0 |  .0 ||  .0 |  .0 |  .0 |
|  .0 |  .0 |  .0 ||  .0 |  .0 |  .0 ||  .0 |  .0 |  .0 |
|========+========+========||========+========+========||========+========+========|
|  .0 |  .0 |  .0 ||  .1876 |  .2089 |  .0 ||  .0 |  .0 |  .0 |
|  .0 |  .0 |  .0 ||  .1414 |  .1402 |  .2619 ||  .0 |  .0 |  .0 |
|  .0 |  .0 |  .0 ||  .06 |  .0 |  .0 ||  .0 |  .0 |  .0 |
|========+========+========||========+========+========||========+========+========|
|  .0 |  .0 |  .0 ||  .0 |  .0 |  .0 ||  .0 |  .0 |  .0 |
|  .0 |  .0 |  .0 ||  .0 |  .0 |  .0 ||  .0 |  .0 |  .0 |
|  .0 |  .0 |  .0 ||  .0 |  .0 |  .0 ||  .0 |  .0 |  .0 |

, state=
| -0. |  1. | -0. || -0. | -0. | -0. || -0. |  1. | -0. |
| -0. | -0. | -0. || -1. | -1. | -1. || -0. | -1. |  1. |
|  1. | -1. |  1. || -0. | -0. | -0. ||  1. | -0. |  1. |
|=====+=====+=====||=====+=====+=====||=====+=====+=====|
| -0. | -0. | -1. ||*-0. |*-0. |*-1. ||  1. |  1. | -1. |
| -0. | -0. |  1. ||*-0. |*-0. |*-0. || -1. | -0. | -0. |
| -0. | -0. |  1. ||*-0. |*-1. |* 1. || -1. | -0. | -0. |
|=====+=====+=====||=====+=====+=====||=====+=====+=====|
| -1. | -0. |  1. || -1. | -0. | -0. || -1. | -0. | -1. |
| -0. | -0. |  1. ||  1. | -0. | -0. || -0. |  1. | -1. |
| -0. | -0. | -1. || -0. |  1. | -0. || -1. | -0. | -0. |

, evalForThisState=-1.0, isPlayerOneTurnOriginally=false}, StateDatum{MCTSProbabilites=
|  .0 |  .0 |  .0 ||  .0 |  .0 |  .0 ||  .0 |  .0 |  .0 |
|  .0 |  .0 |  .0 ||  .0 |  .0 |  .0 ||  .0 |  .0 |  .0 |
|  .0 |  .0 |  .0 ||  .0 |  .0 |  .0 ||  .0 |  .0 |  .0 |
|========+========+========||========+========+========||========+========+========|
|  .0 |  .0 |  .0 ||  .0 |  .0 |  .0 ||  .0 |  .0 |  .0 |
|  .0 |  .0 |  .0 ||  .0 |  .0 |  .0 ||  .0 |  .3891 |  .2127 |
|  .0 |  .0 |  .0 ||  .0 |  .0 |  .0 ||  .0 |  .184 |  .2142 |
|========+========+========||========+========+========||========+========+========|
|  .0 |  .0 |  .0 ||  .0 |  .0 |  .0 ||  .0 |  .0 |  .0 |
|  .0 |  .0 |  .0 ||  .0 |  .0 |  .0 ||  .0 |  .0 |  .0 |
|  .0 |  .0 |  .0 ||  .0 |  .0 |  .0 ||  .0 |  .0 |  .0 |

, state=
|  0. | -1. |  0. ||  0. |  0. |  0. ||  0. | -1. |  0. |
|  0. |  0. |  0. ||  1. |  1. |  1. ||  0. |  1. | -1. |
| -1. |  1. | -1. ||  0. |  0. |  0. || -1. |  0. | -1. |
|=====+=====+=====||=====+=====+=====||=====+=====+=====|
|  0. |  0. |  1. ||  0. |  0. |  1. ||*-1. |*-1. |* 1. |
|  0. |  0. | -1. ||  0. |  0. | -1. ||* 1. |* 0. |* 0. |
|  0. |  0. | -1. ||  0. |  1. | -1. ||* 1. |* 0. |* 0. |
|=====+=====+=====||=====+=====+=====||=====+=====+=====|
|  1. |  0. | -1. ||  1. |  0. |  0. ||  1. |  0. |  1. |
|  0. |  0. | -1. || -1. |  0. |  0. ||  0. | -1. |  1. |
|  0. |  0. |  1. ||  0. | -1. |  0. ||  1. |  0. |  0. |

, evalForThisState=1.0, isPlayerOneTurnOriginally=true}, StateDatum{MCTSProbabilites=
|  .0 |  .0 |  .0 ||  .0 |  .0 |  .0 ||  .0 |  .0 |  .0 |
|  .0 |  .0 |  .0 ||  .0 |  .0 |  .0 ||  .0 |  .0 |  .0 |
|  .0 |  .0 |  .0 ||  .0 |  .0 |  .0 ||  .0 |  .0 |  .0 |
|========+========+========||========+========+========||========+========+========|
|  .0 |  .0 |  .0 ||  .3861 |  .1545 |  .0 ||  .0 |  .0 |  .0 |
|  .0 |  .0 |  .0 ||  .1189 |  .1851 |  .0 ||  .0 |  .0 |  .0 |
|  .0 |  .0 |  .0 ||  .1554 |  .0 |  .0 ||  .0 |  .0 |  .0 |
|========+========+========||========+========+========||========+========+========|
|  .0 |  .0 |  .0 ||  .0 |  .0 |  .0 ||  .0 |  .0 |  .0 |
|  .0 |  .0 |  .0 ||  .0 |  .0 |  .0 ||  .0 |  .0 |  .0 |
|  .0 |  .0 |  .0 ||  .0 |  .0 |  .0 ||  .0 |  .0 |  .0 |

, state=
| -0. |  1. | -0. || -0. | -0. | -0. || -0. |  1. | -0. |
| -0. | -0. | -0. || -1. | -1. | -1. || -0. | -1. |  1. |
|  1. | -1. |  1. || -0. | -0. | -0. ||  1. | -0. |  1. |
|=====+=====+=====||=====+=====+=====||=====+=====+=====|
| -0. | -0. | -1. ||*-0. |*-0. |*-1. ||  1. |  1. | -1. |
| -0. | -0. |  1. ||*-0. |*-0. |* 1. || -1. | -1. | -0. |
| -0. | -0. |  1. ||*-0. |*-1. |* 1. || -1. | -0. | -0. |
|=====+=====+=====||=====+=====+=====||=====+=====+=====|
| -1. | -0. |  1. || -1. | -0. | -0. || -1. | -0. | -1. |
| -0. | -0. |  1. ||  1. | -0. | -0. || -0. |  1. | -1. |
| -0. | -0. | -1. || -0. |  1. | -0. || -1. | -0. | -0. |

, evalForThisState=-1.0, isPlayerOneTurnOriginally=false}, StateDatum{MCTSProbabilites=
|  .1697 |  .0 |  .1992 ||  .0 |  .0 |  .0 ||  .0 |  .0 |  .0 |
|  .2201 |  .1971 |  .214 ||  .0 |  .0 |  .0 ||  .0 |  .0 |  .0 |
|  .0 |  .0 |  .0 ||  .0 |  .0 |  .0 ||  .0 |  .0 |  .0 |
|========+========+========||========+========+========||========+========+========|
|  .0 |  .0 |  .0 ||  .0 |  .0 |  .0 ||  .0 |  .0 |  .0 |
|  .0 |  .0 |  .0 ||  .0 |  .0 |  .0 ||  .0 |  .0 |  .0 |
|  .0 |  .0 |  .0 ||  .0 |  .0 |  .0 ||  .0 |  .0 |  .0 |
|========+========+========||========+========+========||========+========+========|
|  .0 |  .0 |  .0 ||  .0 |  .0 |  .0 ||  .0 |  .0 |  .0 |
|  .0 |  .0 |  .0 ||  .0 |  .0 |  .0 ||  .0 |  .0 |  .0 |
|  .0 |  .0 |  .0 ||  .0 |  .0 |  .0 ||  .0 |  .0 |  .0 |

, state=
|* 0. |*-1. |* 0. ||  0. |  0. |  0. ||  0. | -1. |  0. |
|* 0. |* 0. |* 0. ||  1. |  1. |  1. ||  0. |  1. | -1. |
|*-1. |* 1. |*-1. ||  0. |  0. |  0. || -1. |  0. | -1. |
|=====+=====+=====||=====+=====+=====||=====+=====+=====|
|  0. |  0. |  1. || -1. |  0. |  1. || -1. | -1. |  1. |
|  0. |  0. | -1. ||  0. |  0. | -1. ||  1. |  1. |  0. |
|  0. |  0. | -1. ||  0. |  1. | -1. ||  1. |  0. |  0. |
|=====+=====+=====||=====+=====+=====||=====+=====+=====|
|  1. |  0. | -1. ||  1. |  0. |  0. ||  1. |  0. |  1. |
|  0. |  0. | -1. || -1. |  0. |  0. ||  0. | -1. |  1. |
|  0. |  0. |  1. ||  0. | -1. |  0. ||  1. |  0. |  0. |

, evalForThisState=1.0, isPlayerOneTurnOriginally=true}, StateDatum{MCTSProbabilites=
|  .0 |  .0 |  .0 ||  .0 |  .0 |  .0 ||  .0 |  .0 |  .0 |
|  .0 |  .0 |  .0 ||  .0 |  .0 |  .0 ||  .0 |  .0 |  .0 |
|  .0 |  .0 |  .0 ||  .0 |  .0 |  .0 ||  .0 |  .0 |  .0 |
|========+========+========||========+========+========||========+========+========|
|  .1614 |  .1752 |  .0 ||  .0 |  .0 |  .0 ||  .0 |  .0 |  .0 |
|  .2017 |  .3438 |  .0 ||  .0 |  .0 |  .0 ||  .0 |  .0 |  .0 |
|  .0561 |  .0618 |  .0 ||  .0 |  .0 |  .0 ||  .0 |  .0 |  .0 |
|========+========+========||========+========+========||========+========+========|
|  .0 |  .0 |  .0 ||  .0 |  .0 |  .0 ||  .0 |  .0 |  .0 |
|  .0 |  .0 |  .0 ||  .0 |  .0 |  .0 ||  .0 |  .0 |  .0 |
|  .0 |  .0 |  .0 ||  .0 |  .0 |  .0 ||  .0 |  .0 |  .0 |

, state=
| -0. |  1. | -0. || -0. | -0. | -0. || -0. |  1. | -0. |
| -1. | -0. | -0. || -1. | -1. | -1. || -0. | -1. |  1. |
|  1. | -1. |  1. || -0. | -0. | -0. ||  1. | -0. |  1. |
|=====+=====+=====||=====+=====+=====||=====+=====+=====|
|*-0. |*-0. |*-1. ||  1. | -0. | -1. ||  1. |  1. | -1. |
|*-0. |*-0. |* 1. || -0. | -0. |  1. || -1. | -1. | -0. |
|*-0. |*-0. |* 1. || -0. | -1. |  1. || -1. | -0. | -0. |
|=====+=====+=====||=====+=====+=====||=====+=====+=====|
| -1. | -0. |  1. || -1. | -0. | -0. || -1. | -0. | -1. |
| -0. | -0. |  1. ||  1. | -0. | -0. || -0. |  1. | -1. |
| -0. | -0. | -1. || -0. |  1. | -0. || -1. | -0. | -0. |

, evalForThisState=-1.0, isPlayerOneTurnOriginally=false}, StateDatum{MCTSProbabilites=
|  .0 |  .0 |  .0 ||  .0 |  .0 |  .0 ||  .0 |  .0 |  .0 |
|  .0 |  .0 |  .0 ||  .0 |  .0 |  .0 ||  .0 |  .0 |  .0 |
|  .0 |  .0 |  .0 ||  .0 |  .0 |  .0 ||  .0 |  .0 |  .0 |
|========+========+========||========+========+========||========+========+========|
|  .0 |  .0 |  .0 ||  .0 |  .163 |  .0 ||  .0 |  .0 |  .0 |
|  .0 |  .0 |  .0 ||  .352 |  .2404 |  .0 ||  .0 |  .0 |  .0 |
|  .0 |  .0 |  .0 ||  .2445 |  .0 |  .0 ||  .0 |  .0 |  .0 |
|========+========+========||========+========+========||========+========+========|
|  .0 |  .0 |  .0 ||  .0 |  .0 |  .0 ||  .0 |  .0 |  .0 |
|  .0 |  .0 |  .0 ||  .0 |  .0 |  .0 ||  .0 |  .0 |  .0 |
|  .0 |  .0 |  .0 ||  .0 |  .0 |  .0 ||  .0 |  .0 |  .0 |

, state=
|  0. | -1. |  0. ||  0. |  0. |  0. ||  0. | -1. |  0. |
|  1. |  0. |  0. ||  1. |  1. |  1. ||  0. |  1. | -1. |
| -1. |  1. | -1. ||  0. |  0. |  0. || -1. |  0. | -1. |
|=====+=====+=====||=====+=====+=====||=====+=====+=====|
|  0. |  0. |  1. ||*-1. |* 0. |* 1. || -1. | -1. |  1. |
|  0. | -1. | -1. ||* 0. |* 0. |*-1. ||  1. |  1. |  0. |
|  0. |  0. | -1. ||* 0. |* 1. |*-1. ||  1. |  0. |  0. |
|=====+=====+=====||=====+=====+=====||=====+=====+=====|
|  1. |  0. | -1. ||  1. |  0. |  0. ||  1. |  0. |  1. |
|  0. |  0. | -1. || -1. |  0. |  0. ||  0. | -1. |  1. |
|  0. |  0. |  1. ||  0. | -1. |  0. ||  1. |  0. |  0. |

, evalForThisState=1.0, isPlayerOneTurnOriginally=true}, StateDatum{MCTSProbabilites=
|  .0 |  .0 |  .0 ||  .0 |  .0 |  .0 ||  .0 |  .0 |  .0 |
|  .0 |  .0 |  .0 ||  .0 |  .0 |  .0 ||  .0 |  .0 |  .0 |
|  .0 |  .0 |  .0 ||  .0 |  .0 |  .0 ||  .0 |  .0 |  .0 |
|========+========+========||========+========+========||========+========+========|
|  .1503 |  .0922 |  .0 ||  .0 |  .0 |  .0 ||  .0 |  .0 |  .0 |
|  .1082 |  .0 |  .0 ||  .0 |  .0 |  .0 ||  .0 |  .0 |  .0 |
|  .2788 |  .3705 |  .0 ||  .0 |  .0 |  .0 ||  .0 |  .0 |  .0 |
|========+========+========||========+========+========||========+========+========|
|  .0 |  .0 |  .0 ||  .0 |  .0 |  .0 ||  .0 |  .0 |  .0 |
|  .0 |  .0 |  .0 ||  .0 |  .0 |  .0 ||  .0 |  .0 |  .0 |
|  .0 |  .0 |  .0 ||  .0 |  .0 |  .0 ||  .0 |  .0 |  .0 |

, state=
| -0. |  1. | -0. || -0. | -0. | -0. || -0. |  1. | -0. |
| -1. | -0. | -0. || -1. | -1. | -1. || -0. | -1. |  1. |
|  1. | -1. |  1. || -0. | -0. | -0. ||  1. | -0. |  1. |
|=====+=====+=====||=====+=====+=====||=====+=====+=====|
|*-0. |*-0. |*-1. ||  1. | -0. | -1. ||  1. |  1. | -1. |
|*-0. |* 1. |* 1. || -1. | -0. |  1. || -1. | -1. | -0. |
|*-0. |*-0. |* 1. || -0. | -1. |  1. || -1. | -0. | -0. |
|=====+=====+=====||=====+=====+=====||=====+=====+=====|
| -1. | -0. |  1. || -1. | -0. | -0. || -1. | -0. | -1. |
| -0. | -0. |  1. ||  1. | -0. | -0. || -0. |  1. | -1. |
| -0. | -0. | -1. || -0. |  1. | -0. || -1. | -0. | -0. |

, evalForThisState=-1.0, isPlayerOneTurnOriginally=false}, StateDatum{MCTSProbabilites=
|  .0 |  .0 |  .0 ||  .0 |  .0 |  .0 ||  .0 |  .0 |  .0 |
|  .0 |  .0 |  .0 ||  .0 |  .0 |  .0 ||  .0 |  .0 |  .0 |
|  .0 |  .0 |  .0 ||  .0 |  .0 |  .0 ||  .0 |  .0 |  .0 |
|========+========+========||========+========+========||========+========+========|
|  .0 |  .0 |  .0 ||  .0 |  .0 |  .0 ||  .0 |  .0 |  .0 |
|  .0 |  .0 |  .0 ||  .0 |  .0 |  .0 ||  .0 |  .0 |  .0 |
|  .0 |  .0 |  .0 ||  .0 |  .0 |  .0 ||  .0 |  .0 |  .0 |
|========+========+========||========+========+========||========+========+========|
|  .0 |  .0 |  .0 ||  .0 |  .1471 |  .2223 ||  .0 |  .0 |  .0 |
|  .0 |  .0 |  .0 ||  .0 |  .1202 |  .1132 ||  .0 |  .0 |  .0 |
|  .0 |  .0 |  .0 ||  .1617 |  .0 |  .2356 ||  .0 |  .0 |  .0 |

, state=
|  0. | -1. |  0. ||  0. |  0. |  0. ||  0. | -1. |  0. |
|  1. |  0. |  0. ||  1. |  1. |  1. ||  0. |  1. | -1. |
| -1. |  1. | -1. ||  0. |  0. |  0. || -1. |  0. | -1. |
|=====+=====+=====||=====+=====+=====||=====+=====+=====|
|  0. |  0. |  1. || -1. |  0. |  1. || -1. | -1. |  1. |
|  0. | -1. | -1. ||  1. |  0. | -1. ||  1. |  1. |  0. |
|  0. | -1. | -1. ||  0. |  1. | -1. ||  1. |  0. |  0. |
|=====+=====+=====||=====+=====+=====||=====+=====+=====|
|  1. |  0. | -1. ||* 1. |* 0. |* 0. ||  1. |  0. |  1. |
|  0. |  0. | -1. ||*-1. |* 0. |* 0. ||  0. | -1. |  1. |
|  0. |  0. |  1. ||* 0. |*-1. |* 0. ||  1. |  0. |  0. |

, evalForThisState=1.0, isPlayerOneTurnOriginally=true}, StateDatum{MCTSProbabilites=
|  .0 |  .0 |  .0 ||  .0 |  .0 |  .0 ||  .0 |  .0 |  .0 |
|  .0 |  .0 |  .0 ||  .0 |  .0 |  .0 ||  .0 |  .0 |  .0 |
|  .0 |  .0 |  .0 ||  .0 |  .0 |  .0 ||  .0 |  .0 |  .0 |
|========+========+========||========+========+========||========+========+========|
|  .0 |  .0 |  .0 ||  .0 |  .0 |  .0 ||  .0 |  .0 |  .0 |
|  .0 |  .0 |  .0 ||  .0 |  .0 |  .0 ||  .0 |  .0 |  .0 |
|  .0 |  .0 |  .0 ||  .0 |  .0 |  .0 ||  .0 |  .0 |  .0 |
|========+========+========||========+========+========||========+========+========|
|  .0 |  .0 |  .0 ||  .0 |  .0 |  .0 ||  .0 |  .1508 |  .0 |
|  .0 |  .0 |  .0 ||  .0 |  .0 |  .0 ||  .1602 |  .0 |  .0 |
|  .0 |  .0 |  .0 ||  .0 |  .0 |  .0 ||  .0 |  .3174 |  .3716 |

, state=
| -0. |  1. | -0. || -0. | -0. | -0. || -0. |  1. | -0. |
| -1. | -0. | -0. || -1. | -1. | -1. || -0. | -1. |  1. |
|  1. | -1. |  1. || -0. | -0. | -0. ||  1. | -0. |  1. |
|=====+=====+=====||=====+=====+=====||=====+=====+=====|
| -0. | -0. | -1. ||  1. | -0. | -1. ||  1. |  1. | -1. |
| -0. |  1. |  1. || -1. | -0. |  1. || -1. | -1. | -0. |
| -0. |  1. |  1. || -0. | -1. |  1. || -1. | -0. | -0. |
|=====+=====+=====||=====+=====+=====||=====+=====+=====|
| -1. | -0. |  1. || -1. | -0. | -0. ||*-1. |*-0. |*-1. |
| -0. | -0. |  1. ||  1. | -0. | -0. ||*-0. |* 1. |*-1. |
| -0. | -0. | -1. || -0. |  1. | -1. ||*-1. |*-0. |*-0. |

, evalForThisState=-1.0, isPlayerOneTurnOriginally=false}, StateDatum{MCTSProbabilites=
|  .0 |  .0 |  .0 ||  .0 |  .0 |  .0 ||  .0 |  .0 |  .0 |
|  .0 |  .0 |  .0 ||  .0 |  .0 |  .0 ||  .0 |  .0 |  .0 |
|  .0 |  .0 |  .0 ||  .0 |  .0 |  .0 ||  .0 |  .0 |  .0 |
|========+========+========||========+========+========||========+========+========|
|  .0 |  .0 |  .0 ||  .0 |  .0 |  .0 ||  .0 |  .0 |  .0 |
|  .0 |  .0 |  .0 ||  .0 |  .0 |  .0 ||  .0 |  .0 |  .0 |
|  .0 |  .0 |  .0 ||  .0 |  .0 |  .0 ||  .0 |  .0 |  .0 |
|========+========+========||========+========+========||========+========+========|
|  .0 |  .0 |  .0 ||  .0 |  .0 |  .0 ||  .0 |  .0019 |  .0 |
|  .0 |  .0 |  .0 ||  .0 |  .0 |  .0 ||  .9949 |  .0 |  .0 |
|  .0 |  .0 |  .0 ||  .0 |  .0 |  .0 ||  .0 |  .0032 |  .0 |

, state=
|  0. | -1. |  0. ||  0. |  0. |  0. ||  0. | -1. |  0. |
|  1. |  0. |  0. ||  1. |  1. |  1. ||  0. |  1. | -1. |
| -1. |  1. | -1. ||  0. |  0. |  0. || -1. |  0. | -1. |
|=====+=====+=====||=====+=====+=====||=====+=====+=====|
|  0. |  0. |  1. || -1. |  0. |  1. || -1. | -1. |  1. |
|  0. | -1. | -1. ||  1. |  0. | -1. ||  1. |  1. |  0. |
|  0. | -1. | -1. ||  0. |  1. | -1. ||  1. |  0. |  0. |
|=====+=====+=====||=====+=====+=====||=====+=====+=====|
|  1. |  0. | -1. ||  1. |  0. |  0. ||* 1. |* 0. |* 1. |
|  0. |  0. | -1. || -1. |  0. |  0. ||* 0. |*-1. |* 1. |
|  0. |  0. |  1. ||  0. | -1. |  1. ||* 1. |* 0. |*-1. |

, evalForThisState=1.0, isPlayerOneTurnOriginally=true}, StateDatum{MCTSProbabilites=
|  .0 |  .0 |  .0 ||  .0 |  .0 |  .0 ||  .0 |  .0 |  .0 |
|  .0 |  .0 |  .0 ||  .0 |  .0 |  .0 ||  .0 |  .0 |  .0 |
|  .0 |  .0 |  .0 ||  .0 |  .0 |  .0 ||  .0 |  .0 |  .0 |
|========+========+========||========+========+========||========+========+========|
|  .0909 |  .5221 |  .0 ||  .0 |  .0 |  .0 ||  .0 |  .0 |  .0 |
|  .1162 |  .0 |  .0 ||  .0 |  .0 |  .0 ||  .0 |  .0 |  .0 |
|  .2708 |  .0 |  .0 ||  .0 |  .0 |  .0 ||  .0 |  .0 |  .0 |
|========+========+========||========+========+========||========+========+========|
|  .0 |  .0 |  .0 ||  .0 |  .0 |  .0 ||  .0 |  .0 |  .0 |
|  .0 |  .0 |  .0 ||  .0 |  .0 |  .0 ||  .0 |  .0 |  .0 |
|  .0 |  .0 |  .0 ||  .0 |  .0 |  .0 ||  .0 |  .0 |  .0 |

, state=
| -0. |  1. | -0. || -0. | -0. | -0. || -0. |  1. | -0. |
| -1. | -0. | -0. || -1. | -1. | -1. || -0. | -1. |  1. |
|  1. | -1. |  1. || -0. | -0. | -0. ||  1. | -0. |  1. |
|=====+=====+=====||=====+=====+=====||=====+=====+=====|
|*-0. |*-0. |*-1. ||  1. | -0. | -1. ||  1. |  1. | -1. |
|*-0. |* 1. |* 1. || -1. | -0. |  1. || -1. | -1. | -0. |
|*-0. |* 1. |* 1. || -0. | -1. |  1. || -1. | -0. | -0. |
|=====+=====+=====||=====+=====+=====||=====+=====+=====|
| -1. | -0. |  1. || -1. | -0. | -0. || -1. | -0. | -1. |
| -0. | -0. |  1. ||  1. | -0. | -0. || -1. |  1. | -1. |
| -0. | -0. | -1. || -0. |  1. | -1. || -1. | -0. |  1. |

, evalForThisState=-1.0, isPlayerOneTurnOriginally=false}, StateDatum{MCTSProbabilites=
|  .0 |  .0 |  .0001 ||  .0 |  .0 |  .0 ||  .0001 |  .0 |  .0001 |
|  .0 |  .0001 |  .0001 ||  .0 |  .0 |  .0 ||  .0001 |  .0 |  .0 |
|  .0 |  .0 |  .0 ||  .0 |  .0 |  .0 ||  .0 |  .0001 |  .0 |
|========+========+========||========+========+========||========+========+========|
|  .0 |  .0 |  .0 ||  .0 |  .0001 |  .0 ||  .0 |  .0 |  .0 |
|  .0 |  .0 |  .0 ||  .0 |  .0001 |  .0 ||  .0 |  .0 |  .0 |
|  .0 |  .0 |  .0 ||  .0001 |  .0 |  .0 ||  .0 |  .0 |  .0 |
|========+========+========||========+========+========||========+========+========|
|  .0 |  .0001 |  .0 ||  .0 |  .0001 |  .0001 ||  .0 |  .0 |  .0 |
|  .0001 |  .0001 |  .0 ||  .0 |  .9984 |  .0001 ||  .0 |  .0 |  .0 |
|  .0001 |  .0001 |  .0 ||  .0001 |  .0 |  .0 ||  .0 |  .0 |  .0 |

, state=
|* 0. |*-1. |* 0. ||  0. |  0. |  0. ||* 0. |*-1. |* 0. |
|* 1. |* 0. |* 0. ||  1. |  1. |  1. ||* 0. |* 1. |*-1. |
|*-1. |* 1. |*-1. ||  0. |  0. |  0. ||*-1. |* 0. |*-1. |
|=====+=====+=====||=====+=====+=====||=====+=====+=====|
|  0. | -1. |  1. ||*-1. |* 0. |* 1. || -1. | -1. |  1. |
|  0. | -1. | -1. ||* 1. |* 0. |*-1. ||  1. |  1. |  0. |
|  0. | -1. | -1. ||* 0. |* 1. |*-1. ||  1. |  0. |  0. |
|=====+=====+=====||=====+=====+=====||=====+=====+=====|
|* 1. |* 0. |*-1. ||* 1. |* 0. |* 0. ||  1. |  0. |  1. |
|* 0. |* 0. |*-1. ||*-1. |* 0. |* 0. ||  1. | -1. |  1. |
|* 0. |* 0. |* 1. ||* 0. |*-1. |* 1. ||  1. |  0. | -1. |

, evalForThisState=1.0, isPlayerOneTurnOriginally=true}, StateDatum{MCTSProbabilites=
|  .0 |  .0 |  .0 ||  .0 |  .0 |  .0 ||  .0 |  .0 |  .0 |
|  .0 |  .0 |  .0 ||  .0 |  .0 |  .0 ||  .0 |  .0 |  .0 |
|  .0 |  .0 |  .0 ||  .0 |  .0 |  .0 ||  .0 |  .0 |  .0 |
|========+========+========||========+========+========||========+========+========|
|  .0 |  .0 |  .0 ||  .0 |  .962 |  .0 ||  .0 |  .0 |  .0 |
|  .0 |  .0 |  .0 ||  .0 |  .0042 |  .0 ||  .0 |  .0 |  .0 |
|  .0 |  .0 |  .0 ||  .0337 |  .0 |  .0 ||  .0 |  .0 |  .0 |
|========+========+========||========+========+========||========+========+========|
|  .0 |  .0 |  .0 ||  .0 |  .0 |  .0 ||  .0 |  .0 |  .0 |
|  .0 |  .0 |  .0 ||  .0 |  .0 |  .0 ||  .0 |  .0 |  .0 |
|  .0 |  .0 |  .0 ||  .0 |  .0 |  .0 ||  .0 |  .0 |  .0 |

, state=
| -0. |  1. | -0. || -0. | -0. | -0. || -0. |  1. | -0. |
| -1. | -0. | -0. || -1. | -1. | -1. || -0. | -1. |  1. |
|  1. | -1. |  1. || -0. | -0. | -0. ||  1. | -0. |  1. |
|=====+=====+=====||=====+=====+=====||=====+=====+=====|
| -0. |  1. | -1. ||* 1. |*-0. |*-1. ||  1. |  1. | -1. |
| -0. |  1. |  1. ||*-1. |*-0. |* 1. || -1. | -1. | -0. |
| -0. |  1. |  1. ||*-0. |*-1. |* 1. || -1. | -0. | -0. |
|=====+=====+=====||=====+=====+=====||=====+=====+=====|
| -1. | -0. |  1. || -1. | -0. | -0. || -1. | -0. | -1. |
| -0. | -0. |  1. ||  1. | -1. | -0. || -1. |  1. | -1. |
| -0. | -0. | -1. || -0. |  1. | -1. || -1. | -0. |  1. |

, evalForThisState=-1.0, isPlayerOneTurnOriginally=false}, StateDatum{MCTSProbabilites=
|  .0 |  .0 |  .0 ||  .0 |  .0 |  .0 ||  .0 |  .0 |  .0 |
|  .0 |  .0 |  .0001 ||  .0 |  .0 |  .0 ||  .0 |  .0 |  .0 |
|  .0 |  .0 |  .0 ||  .0 |  .0 |  .0 ||  .0 |  .0 |  .0 |
|========+========+========||========+========+========||========+========+========|
|  .0 |  .0 |  .0 ||  .0 |  .0 |  .0 ||  .0 |  .0 |  .0 |
|  .0 |  .0 |  .0 ||  .0 |  .4821 |  .0 ||  .0 |  .0 |  .0 |
|  .0 |  .0 |  .0 ||  .0001 |  .0 |  .0 ||  .0 |  .0 |  .0 |
|========+========+========||========+========+========||========+========+========|
|  .0 |  .0 |  .0 ||  .0 |  .0 |  .0 ||  .0 |  .0 |  .0 |
|  .0 |  .5174 |  .0 ||  .0 |  .0 |  .0 ||  .0 |  .0 |  .0 |
|  .0 |  .0 |  .0 ||  .0 |  .0 |  .0 ||  .0 |  .0 |  .0 |

, state=
|* 0. |*-1. |* 0. ||  0. |  0. |  0. ||* 0. |*-1. |* 0. |
|* 1. |* 0. |* 0. ||  1. |  1. |  1. ||* 0. |* 1. |*-1. |
|*-1. |* 1. |*-1. ||  0. |  0. |  0. ||*-1. |* 0. |*-1. |
|=====+=====+=====||=====+=====+=====||=====+=====+=====|
|  0. | -1. |  1. ||*-1. |*-1. |* 1. || -1. | -1. |  1. |
|  0. | -1. | -1. ||* 1. |* 0. |*-1. ||  1. |  1. |  0. |
|  0. | -1. | -1. ||* 0. |* 1. |*-1. ||  1. |  0. |  0. |
|=====+=====+=====||=====+=====+=====||=====+=====+=====|
|* 1. |* 0. |*-1. ||  1. |  0. |  0. ||  1. |  0. |  1. |
|* 0. |* 0. |*-1. || -1. |  1. |  0. ||  1. | -1. |  1. |
|* 0. |* 0. |* 1. ||  0. | -1. |  1. ||  1. |  0. | -1. |

, evalForThisState=1.0, isPlayerOneTurnOriginally=true}]
Value network data: 
===========INPUT===================
[[         0,         0,         0,  ...    1.0000,    1.0000,    1.0000], 
 [         0,         0,         0,  ...   -1.0000,   -1.0000,   -1.0000], 
 [         0,         0,         0,  ...    1.0000,   -1.0000,   -1.0000], 
  ..., 
 [         0,   -1.0000,         0,  ...    1.0000,    1.0000,   -1.0000], 
 [         0,    1.0000,         0,  ...   -1.0000,   -1.0000,   -1.0000], 
 [         0,   -1.0000,         0,  ...    1.0000,   -1.0000,   -1.0000]]
=================OUTPUT==================
[[1.0000], 
 [-1.0000], 
 [1.0000], 
 [-1.0000], 
 [1.0000], 
 [-1.0000], 
 [1.0000], 
 [-1.0000], 
 [1.0000], 
 [-1.0000], 
 [1.0000], 
 [-1.0000], 
 [1.0000], 
 [-1.0000], 
 [1.0000], 
 [-1.0000], 
 [1.0000], 
 [-1.0000], 
 [1.0000], 
 [-1.0000], 
 [1.0000], 
 [-1.0000], 
 [1.0000], 
 [-1.0000], 
 [1.0000], 
 [-1.0000], 
 [1.0000], 
 [-1.0000], 
 [1.0000], 
 [-1.0000], 
 [1.0000], 
 [-1.0000], 
 [1.0000], 
 [-1.0000], 
 [1.0000], 
 [-1.0000], 
 [1.0000], 
 [-1.0000], 
 [1.0000], 
 [-1.0000], 
 [1.0000], 
 [-1.0000], 
 [1.0000], 
 [-1.0000], 
 [1.0000], 
 [-1.0000], 
 [1.0000], 
 [-1.0000], 
 [1.0000]]
Policy network data: 
===========INPUT===================
[[         0,         0,         0,  ...    1.0000,    1.0000,    1.0000], 
 [         0,         0,         0,  ...   -1.0000,   -1.0000,   -1.0000], 
 [         0,         0,         0,  ...    1.0000,   -1.0000,   -1.0000], 
  ..., 
 [         0,   -1.0000,         0,  ...    1.0000,    1.0000,   -1.0000], 
 [         0,    1.0000,         0,  ...   -1.0000,   -1.0000,   -1.0000], 
 [         0,   -1.0000,         0,  ...    1.0000,   -1.0000,   -1.0000]]
=================OUTPUT==================
[[    0.0158,    0.0110,    0.0145,  ...    0.0105,    0.0145,    0.0096], 
 [         0,         0,         0,  ...         0,         0,         0], 
 [         0,         0,         0,  ...         0,         0,         0], 
  ..., 
 [ 4.5318e-5,         0,  5.006e-5,  ...         0,         0,         0], 
 [         0,         0,         0,  ...         0,         0,         0], 
 [ 3.0757e-5,         0, 4.1009e-5,  ...         0,         0,         0]]
W:\Labs\ME\ME187-Fall2024\StudentFiles\CALEBHOTTES\UTTTstuff\data\series1\policy$series1,gameNum102$1728892556573.bin
Took: 1477 s to simulate game
Finished simulating game, see log at: W:\Labs\ME\ME187-Fall2024\StudentFiles\CALEBHOTTES\UTTTstuff\data\logs\series1\game102$1728891079220.log for details.
