Saving data to: W:\Labs\ME\ME187-Fall2024\StudentFiles\CALEBHOTTES\UTTTstuff\data\series1
Begin custom message: 
DataSeries: series1 Game submitted because inactive thread pool detected but completed game count not met consider changing game number, a task might have run into an error game number: 102 

Description: AWS data 60 sec think time becuase 2.5GHz processor. 

Evaluator config=EvaluatorConfiguration{cValue=2.0, maxRolloutDepth=1000, computeTime=60, threads=1, stupidity=0, allowForcePlay=false, maxMyCPU=false}
End custom message
Inital State: 

|* 0. |* 0. |* 0. ||* 0. |* 0. |* 0. ||* 0. |* 0. |* 0. |
|* 0. |* 0. |* 0. ||* 0. |* 0. |* 0. ||* 0. |* 0. |* 0. |
|* 0. |* 0. |* 0. ||* 0. |* 0. |* 0. ||* 0. |* 0. |* 0. |
|=====+=====+=====||=====+=====+=====||=====+=====+=====|
|* 0. |* 0. |* 0. ||* 0. |* 0. |* 0. ||* 0. |* 0. |* 0. |
|* 0. |* 0. |* 0. ||* 0. |* 0. |* 0. ||* 0. |* 0. |* 0. |
|* 0. |* 0. |* 0. ||* 0. |* 0. |* 0. ||* 0. |* 0. |* 0. |
|=====+=====+=====||=====+=====+=====||=====+=====+=====|
|* 0. |* 0. |* 0. ||* 0. |* 0. |* 0. ||* 0. |* 0. |* 0. |
|* 0. |* 0. |* 0. ||* 0. |* 0. |* 0. ||* 0. |* 0. |* 0. |
|* 0. |* 0. |* 0. ||* 0. |* 0. |* 0. ||* 0. |* 0. |* 0. |


state to eval, currenty is playerone turn=true

|* 0. |* 0. |* 0. ||* 0. |* 0. |* 0. ||* 0. |* 0. |* 0. |
|* 0. |* 0. |* 0. ||* 0. |* 0. |* 0. ||* 0. |* 0. |* 0. |
|* 0. |* 0. |* 0. ||* 0. |* 0. |* 0. ||* 0. |* 0. |* 0. |
|=====+=====+=====||=====+=====+=====||=====+=====+=====|
|* 0. |* 0. |* 0. ||* 0. |* 0. |* 0. ||* 0. |* 0. |* 0. |
|* 0. |* 0. |* 0. ||* 0. |* 0. |* 0. ||* 0. |* 0. |* 0. |
|* 0. |* 0. |* 0. ||* 0. |* 0. |* 0. ||* 0. |* 0. |* 0. |
|=====+=====+=====||=====+=====+=====||=====+=====+=====|
|* 0. |* 0. |* 0. ||* 0. |* 0. |* 0. ||* 0. |* 0. |* 0. |
|* 0. |* 0. |* 0. ||* 0. |* 0. |* 0. ||* 0. |* 0. |* 0. |
|* 0. |* 0. |* 0. ||* 0. |* 0. |* 0. ||* 0. |* 0. |* 0. |


current State

|  0. |  0. |  0. ||  0. |  0. |  0. ||  0. |  0. |  0. |
|  0. |  0. |  0. ||  0. |  0. |  0. ||  0. |  0. |  0. |
|  0. |  0. |  0. ||  0. |  0. |  0. ||  0. |  0. |  0. |
|=====+=====+=====||=====+=====+=====||=====+=====+=====|
|  0. |  0. |  0. ||* 0. |* 0. |* 0. ||  0. |  0. |  0. |
|  0. |  0. |  0. ||* 0. |* 1. |* 0. ||  0. |  0. |  0. |
|  0. |  0. |  0. ||* 0. |* 0. |* 0. ||  0. |  0. |  0. |
|=====+=====+=====||=====+=====+=====||=====+=====+=====|
|  0. |  0. |  0. ||  0. |  0. |  0. ||  0. |  0. |  0. |
|  0. |  0. |  0. ||  0. |  0. |  0. ||  0. |  0. |  0. |
|  0. |  0. |  0. ||  0. |  0. |  0. ||  0. |  0. |  0. |


state to eval, currenty is playerone turn=false

| -0. | -0. | -0. || -0. | -0. | -0. || -0. | -0. | -0. |
| -0. | -0. | -0. || -0. | -0. | -0. || -0. | -0. | -0. |
| -0. | -0. | -0. || -0. | -0. | -0. || -0. | -0. | -0. |
|=====+=====+=====||=====+=====+=====||=====+=====+=====|
| -0. | -0. | -0. ||*-0. |*-0. |*-0. || -0. | -0. | -0. |
| -0. | -0. | -0. ||*-0. |*-1. |*-0. || -0. | -0. | -0. |
| -0. | -0. | -0. ||*-0. |*-0. |*-0. || -0. | -0. | -0. |
|=====+=====+=====||=====+=====+=====||=====+=====+=====|
| -0. | -0. | -0. || -0. | -0. | -0. || -0. | -0. | -0. |
| -0. | -0. | -0. || -0. | -0. | -0. || -0. | -0. | -0. |
| -0. | -0. | -0. || -0. | -0. | -0. || -0. | -0. | -0. |


Determined best move using: 136395Iterations
Determined best move using: 136176Iterations
Determined best move using: 133807Iterations
Determined best move using: 136568Iterations
Determined best move using: 136711Iterations
current State

|  0. |  0. |  0. ||  0. |  0. |  0. ||  0. |  0. |  0. |
|  0. |  0. |  0. ||  0. |  0. |  0. ||  0. |  0. |  0. |
|  0. |  0. |  0. ||  0. |  0. |  0. ||  0. |  0. |  0. |
|=====+=====+=====||=====+=====+=====||=====+=====+=====|
|  0. |  0. |  0. ||  0. |  0. |  0. ||  0. |  0. |  0. |
|  0. |  0. |  0. ||  0. |  1. |  0. ||  0. |  0. |  0. |
|  0. |  0. |  0. || -1. |  0. |  0. ||  0. |  0. |  0. |
|=====+=====+=====||=====+=====+=====||=====+=====+=====|
|* 0. |* 0. |* 0. ||  0. |  0. |  0. ||  0. |  0. |  0. |
|* 0. |* 0. |* 0. ||  0. |  0. |  0. ||  0. |  0. |  0. |
|* 0. |* 0. |* 0. ||  0. |  0. |  0. ||  0. |  0. |  0. |


state to eval, currenty is playerone turn=true

|  0. |  0. |  0. ||  0. |  0. |  0. ||  0. |  0. |  0. |
|  0. |  0. |  0. ||  0. |  0. |  0. ||  0. |  0. |  0. |
|  0. |  0. |  0. ||  0. |  0. |  0. ||  0. |  0. |  0. |
|=====+=====+=====||=====+=====+=====||=====+=====+=====|
|  0. |  0. |  0. ||  0. |  0. |  0. ||  0. |  0. |  0. |
|  0. |  0. |  0. ||  0. |  1. |  0. ||  0. |  0. |  0. |
|  0. |  0. |  0. || -1. |  0. |  0. ||  0. |  0. |  0. |
|=====+=====+=====||=====+=====+=====||=====+=====+=====|
|* 0. |* 0. |* 0. ||  0. |  0. |  0. ||  0. |  0. |  0. |
|* 0. |* 0. |* 0. ||  0. |  0. |  0. ||  0. |  0. |  0. |
|* 0. |* 0. |* 0. ||  0. |  0. |  0. ||  0. |  0. |  0. |


Determined best move using: 136786Iterations
Determined best move using: 138374Iterations
Determined best move using: 136285Iterations
Determined best move using: 134834Iterations
Determined best move using: 134526Iterations
current State

|  0. |  0. |  0. ||* 0. |* 0. |* 0. ||  0. |  0. |  0. |
|  0. |  0. |  0. ||* 0. |* 0. |* 0. ||  0. |  0. |  0. |
|  0. |  0. |  0. ||* 0. |* 0. |* 0. ||  0. |  0. |  0. |
|=====+=====+=====||=====+=====+=====||=====+=====+=====|
|  0. |  0. |  0. ||  0. |  0. |  0. ||  0. |  0. |  0. |
|  0. |  0. |  0. ||  0. |  1. |  0. ||  0. |  0. |  0. |
|  0. |  0. |  0. || -1. |  0. |  0. ||  0. |  0. |  0. |
|=====+=====+=====||=====+=====+=====||=====+=====+=====|
|  0. |  1. |  0. ||  0. |  0. |  0. ||  0. |  0. |  0. |
|  0. |  0. |  0. ||  0. |  0. |  0. ||  0. |  0. |  0. |
|  0. |  0. |  0. ||  0. |  0. |  0. ||  0. |  0. |  0. |


state to eval, currenty is playerone turn=false

| -0. | -0. | -0. ||*-0. |*-0. |*-0. || -0. | -0. | -0. |
| -0. | -0. | -0. ||*-0. |*-0. |*-0. || -0. | -0. | -0. |
| -0. | -0. | -0. ||*-0. |*-0. |*-0. || -0. | -0. | -0. |
|=====+=====+=====||=====+=====+=====||=====+=====+=====|
| -0. | -0. | -0. || -0. | -0. | -0. || -0. | -0. | -0. |
| -0. | -0. | -0. || -0. | -1. | -0. || -0. | -0. | -0. |
| -0. | -0. | -0. ||  1. | -0. | -0. || -0. | -0. | -0. |
|=====+=====+=====||=====+=====+=====||=====+=====+=====|
| -0. | -1. | -0. || -0. | -0. | -0. || -0. | -0. | -0. |
| -0. | -0. | -0. || -0. | -0. | -0. || -0. | -0. | -0. |
| -0. | -0. | -0. || -0. | -0. | -0. || -0. | -0. | -0. |


Determined best move using: 142518Iterations
Determined best move using: 140493Iterations
Determined best move using: 138033Iterations
Determined best move using: 142649Iterations
Determined best move using: 138652Iterations
current State

|  0. |  0. |  0. ||* 0. |*-1. |* 0. ||  0. |  0. |  0. |
|  0. |  0. |  0. ||* 0. |* 0. |* 0. ||  0. |  0. |  0. |
|  0. |  0. |  0. ||* 0. |* 0. |* 0. ||  0. |  0. |  0. |
|=====+=====+=====||=====+=====+=====||=====+=====+=====|
|  0. |  0. |  0. ||  0. |  0. |  0. ||  0. |  0. |  0. |
|  0. |  0. |  0. ||  0. |  1. |  0. ||  0. |  0. |  0. |
|  0. |  0. |  0. || -1. |  0. |  0. ||  0. |  0. |  0. |
|=====+=====+=====||=====+=====+=====||=====+=====+=====|
|  0. |  1. |  0. ||  0. |  0. |  0. ||  0. |  0. |  0. |
|  0. |  0. |  0. ||  0. |  0. |  0. ||  0. |  0. |  0. |
|  0. |  0. |  0. ||  0. |  0. |  0. ||  0. |  0. |  0. |


state to eval, currenty is playerone turn=true

|  0. |  0. |  0. ||* 0. |*-1. |* 0. ||  0. |  0. |  0. |
|  0. |  0. |  0. ||* 0. |* 0. |* 0. ||  0. |  0. |  0. |
|  0. |  0. |  0. ||* 0. |* 0. |* 0. ||  0. |  0. |  0. |
|=====+=====+=====||=====+=====+=====||=====+=====+=====|
|  0. |  0. |  0. ||  0. |  0. |  0. ||  0. |  0. |  0. |
|  0. |  0. |  0. ||  0. |  1. |  0. ||  0. |  0. |  0. |
|  0. |  0. |  0. || -1. |  0. |  0. ||  0. |  0. |  0. |
|=====+=====+=====||=====+=====+=====||=====+=====+=====|
|  0. |  1. |  0. ||  0. |  0. |  0. ||  0. |  0. |  0. |
|  0. |  0. |  0. ||  0. |  0. |  0. ||  0. |  0. |  0. |
|  0. |  0. |  0. ||  0. |  0. |  0. ||  0. |  0. |  0. |


Determined best move using: 141464Iterations
Determined best move using: 140558Iterations
Determined best move using: 143697Iterations
Determined best move using: 140586Iterations
Determined best move using: 138801Iterations
current State

|  0. |  0. |  0. ||  0. | -1. |  0. ||  0. |  0. |  0. |
|  0. |  0. |  0. ||  0. |  0. |  0. ||  0. |  0. |  0. |
|  0. |  0. |  0. ||  1. |  0. |  0. ||  0. |  0. |  0. |
|=====+=====+=====||=====+=====+=====||=====+=====+=====|
|  0. |  0. |  0. ||  0. |  0. |  0. ||  0. |  0. |  0. |
|  0. |  0. |  0. ||  0. |  1. |  0. ||  0. |  0. |  0. |
|  0. |  0. |  0. || -1. |  0. |  0. ||  0. |  0. |  0. |
|=====+=====+=====||=====+=====+=====||=====+=====+=====|
|* 0. |* 1. |* 0. ||  0. |  0. |  0. ||  0. |  0. |  0. |
|* 0. |* 0. |* 0. ||  0. |  0. |  0. ||  0. |  0. |  0. |
|* 0. |* 0. |* 0. ||  0. |  0. |  0. ||  0. |  0. |  0. |


state to eval, currenty is playerone turn=false

| -0. | -0. | -0. || -0. |  1. | -0. || -0. | -0. | -0. |
| -0. | -0. | -0. || -0. | -0. | -0. || -0. | -0. | -0. |
| -0. | -0. | -0. || -1. | -0. | -0. || -0. | -0. | -0. |
|=====+=====+=====||=====+=====+=====||=====+=====+=====|
| -0. | -0. | -0. || -0. | -0. | -0. || -0. | -0. | -0. |
| -0. | -0. | -0. || -0. | -1. | -0. || -0. | -0. | -0. |
| -0. | -0. | -0. ||  1. | -0. | -0. || -0. | -0. | -0. |
|=====+=====+=====||=====+=====+=====||=====+=====+=====|
|*-0. |*-1. |*-0. || -0. | -0. | -0. || -0. | -0. | -0. |
|*-0. |*-0. |*-0. || -0. | -0. | -0. || -0. | -0. | -0. |
|*-0. |*-0. |*-0. || -0. | -0. | -0. || -0. | -0. | -0. |


Determined best move using: 145992Iterations
Determined best move using: 145747Iterations
Determined best move using: 148648Iterations
Determined best move using: 144813Iterations
Determined best move using: 143350Iterations
current State

|  0. |  0. |  0. ||  0. | -1. |  0. ||  0. |  0. |  0. |
|  0. |  0. |  0. ||  0. |  0. |  0. ||  0. |  0. |  0. |
|  0. |  0. |  0. ||  1. |  0. |  0. ||  0. |  0. |  0. |
|=====+=====+=====||=====+=====+=====||=====+=====+=====|
|  0. |  0. |  0. ||  0. |  0. |  0. ||  0. |  0. |  0. |
|  0. |  0. |  0. ||  0. |  1. |  0. ||  0. |  0. |  0. |
|  0. |  0. |  0. || -1. |  0. |  0. ||  0. |  0. |  0. |
|=====+=====+=====||=====+=====+=====||=====+=====+=====|
|  0. |  1. |  0. ||  0. |  0. |  0. ||* 0. |* 0. |* 0. |
|  0. |  0. |  0. ||  0. |  0. |  0. ||* 0. |* 0. |* 0. |
|  0. |  0. | -1. ||  0. |  0. |  0. ||* 0. |* 0. |* 0. |


state to eval, currenty is playerone turn=true

|  0. |  0. |  0. ||  0. | -1. |  0. ||  0. |  0. |  0. |
|  0. |  0. |  0. ||  0. |  0. |  0. ||  0. |  0. |  0. |
|  0. |  0. |  0. ||  1. |  0. |  0. ||  0. |  0. |  0. |
|=====+=====+=====||=====+=====+=====||=====+=====+=====|
|  0. |  0. |  0. ||  0. |  0. |  0. ||  0. |  0. |  0. |
|  0. |  0. |  0. ||  0. |  1. |  0. ||  0. |  0. |  0. |
|  0. |  0. |  0. || -1. |  0. |  0. ||  0. |  0. |  0. |
|=====+=====+=====||=====+=====+=====||=====+=====+=====|
|  0. |  1. |  0. ||  0. |  0. |  0. ||* 0. |* 0. |* 0. |
|  0. |  0. |  0. ||  0. |  0. |  0. ||* 0. |* 0. |* 0. |
|  0. |  0. | -1. ||  0. |  0. |  0. ||* 0. |* 0. |* 0. |


Determined best move using: 148753Iterations
Determined best move using: 147098Iterations
Determined best move using: 148297Iterations
Determined best move using: 146705Iterations
Determined best move using: 144874Iterations
current State

|  0. |  0. |  0. ||  0. | -1. |  0. ||  0. |  0. |  0. |
|  0. |  0. |  0. ||  0. |  0. |  0. ||  0. |  0. |  0. |
|  0. |  0. |  0. ||  1. |  0. |  0. ||  0. |  0. |  0. |
|=====+=====+=====||=====+=====+=====||=====+=====+=====|
|  0. |  0. |  0. ||  0. |  0. |  0. ||  0. |  0. |  0. |
|  0. |  0. |  0. ||  0. |  1. |  0. ||  0. |  0. |  0. |
|  0. |  0. |  0. || -1. |  0. |  0. ||  0. |  0. |  0. |
|=====+=====+=====||=====+=====+=====||=====+=====+=====|
|  0. |  1. |  0. ||* 0. |* 0. |* 0. ||  0. |  0. |  0. |
|  0. |  0. |  0. ||* 0. |* 0. |* 0. ||  0. |  0. |  0. |
|  0. |  0. | -1. ||* 0. |* 0. |* 0. ||  0. |  1. |  0. |


state to eval, currenty is playerone turn=false

| -0. | -0. | -0. || -0. |  1. | -0. || -0. | -0. | -0. |
| -0. | -0. | -0. || -0. | -0. | -0. || -0. | -0. | -0. |
| -0. | -0. | -0. || -1. | -0. | -0. || -0. | -0. | -0. |
|=====+=====+=====||=====+=====+=====||=====+=====+=====|
| -0. | -0. | -0. || -0. | -0. | -0. || -0. | -0. | -0. |
| -0. | -0. | -0. || -0. | -1. | -0. || -0. | -0. | -0. |
| -0. | -0. | -0. ||  1. | -0. | -0. || -0. | -0. | -0. |
|=====+=====+=====||=====+=====+=====||=====+=====+=====|
| -0. | -1. | -0. ||*-0. |*-0. |*-0. || -0. | -0. | -0. |
| -0. | -0. | -0. ||*-0. |*-0. |*-0. || -0. | -0. | -0. |
| -0. | -0. |  1. ||*-0. |*-0. |*-0. || -0. | -1. | -0. |


Determined best move using: 152249Iterations
Determined best move using: 150849Iterations
Determined best move using: 151373Iterations
Determined best move using: 150456Iterations
Determined best move using: 150486Iterations
current State

|  0. |  0. |  0. ||  0. | -1. |  0. ||  0. |  0. |  0. |
|  0. |  0. |  0. ||  0. |  0. |  0. ||  0. |  0. |  0. |
|  0. |  0. |  0. ||  1. |  0. |  0. ||  0. |  0. |  0. |
|=====+=====+=====||=====+=====+=====||=====+=====+=====|
|  0. |  0. |  0. ||  0. |  0. |  0. ||  0. |  0. |  0. |
|  0. |  0. |  0. ||  0. |  1. |  0. ||  0. |  0. |  0. |
|  0. |  0. |  0. || -1. |  0. |  0. ||  0. |  0. |  0. |
|=====+=====+=====||=====+=====+=====||=====+=====+=====|
|  0. |  1. |  0. ||  0. |  0. |  0. ||* 0. |* 0. |* 0. |
|  0. |  0. |  0. ||  0. |  0. |  0. ||* 0. |* 0. |* 0. |
|  0. |  0. | -1. ||  0. |  0. | -1. ||* 0. |* 1. |* 0. |


state to eval, currenty is playerone turn=true

|  0. |  0. |  0. ||  0. | -1. |  0. ||  0. |  0. |  0. |
|  0. |  0. |  0. ||  0. |  0. |  0. ||  0. |  0. |  0. |
|  0. |  0. |  0. ||  1. |  0. |  0. ||  0. |  0. |  0. |
|=====+=====+=====||=====+=====+=====||=====+=====+=====|
|  0. |  0. |  0. ||  0. |  0. |  0. ||  0. |  0. |  0. |
|  0. |  0. |  0. ||  0. |  1. |  0. ||  0. |  0. |  0. |
|  0. |  0. |  0. || -1. |  0. |  0. ||  0. |  0. |  0. |
|=====+=====+=====||=====+=====+=====||=====+=====+=====|
|  0. |  1. |  0. ||  0. |  0. |  0. ||* 0. |* 0. |* 0. |
|  0. |  0. |  0. ||  0. |  0. |  0. ||* 0. |* 0. |* 0. |
|  0. |  0. | -1. ||  0. |  0. | -1. ||* 0. |* 1. |* 0. |


Determined best move using: 151590Iterations
Determined best move using: 151711Iterations
Determined best move using: 155085Iterations
Determined best move using: 148949Iterations
current State

|  0. |  0. |  0. ||* 0. |*-1. |* 0. ||  0. |  0. |  0. |
|  0. |  0. |  0. ||* 0. |* 0. |* 0. ||  0. |  0. |  0. |
|  0. |  0. |  0. ||* 1. |* 0. |* 0. ||  0. |  0. |  0. |
|=====+=====+=====||=====+=====+=====||=====+=====+=====|
|  0. |  0. |  0. ||  0. |  0. |  0. ||  0. |  0. |  0. |
|  0. |  0. |  0. ||  0. |  1. |  0. ||  0. |  0. |  0. |
|  0. |  0. |  0. || -1. |  0. |  0. ||  0. |  0. |  0. |
|=====+=====+=====||=====+=====+=====||=====+=====+=====|
|  0. |  1. |  0. ||  0. |  0. |  0. ||  0. |  1. |  0. |
|  0. |  0. |  0. ||  0. |  0. |  0. ||  0. |  0. |  0. |
|  0. |  0. | -1. ||  0. |  0. | -1. ||  0. |  1. |  0. |


state to eval, currenty is playerone turn=false

| -0. | -0. | -0. ||*-0. |* 1. |*-0. || -0. | -0. | -0. |
| -0. | -0. | -0. ||*-0. |*-0. |*-0. || -0. | -0. | -0. |
| -0. | -0. | -0. ||*-1. |*-0. |*-0. || -0. | -0. | -0. |
|=====+=====+=====||=====+=====+=====||=====+=====+=====|
| -0. | -0. | -0. || -0. | -0. | -0. || -0. | -0. | -0. |
| -0. | -0. | -0. || -0. | -1. | -0. || -0. | -0. | -0. |
| -0. | -0. | -0. ||  1. | -0. | -0. || -0. | -0. | -0. |
|=====+=====+=====||=====+=====+=====||=====+=====+=====|
| -0. | -1. | -0. || -0. | -0. | -0. || -0. | -1. | -0. |
| -0. | -0. | -0. || -0. | -0. | -0. || -0. | -0. | -0. |
| -0. | -0. |  1. || -0. | -0. |  1. || -0. | -1. | -0. |


Determined best move using: 157945Iterations
Determined best move using: 156459Iterations
Determined best move using: 155217Iterations
Determined best move using: 154260Iterations
current State

|  0. |  0. |  0. ||  0. | -1. |  0. ||  0. |  0. |  0. |
|  0. |  0. |  0. || -1. |  0. |  0. ||  0. |  0. |  0. |
|  0. |  0. |  0. ||  1. |  0. |  0. ||  0. |  0. |  0. |
|=====+=====+=====||=====+=====+=====||=====+=====+=====|
|* 0. |* 0. |* 0. ||  0. |  0. |  0. ||  0. |  0. |  0. |
|* 0. |* 0. |* 0. ||  0. |  1. |  0. ||  0. |  0. |  0. |
|* 0. |* 0. |* 0. || -1. |  0. |  0. ||  0. |  0. |  0. |
|=====+=====+=====||=====+=====+=====||=====+=====+=====|
|  0. |  1. |  0. ||  0. |  0. |  0. ||  0. |  1. |  0. |
|  0. |  0. |  0. ||  0. |  0. |  0. ||  0. |  0. |  0. |
|  0. |  0. | -1. ||  0. |  0. | -1. ||  0. |  1. |  0. |


state to eval, currenty is playerone turn=true

|  0. |  0. |  0. ||  0. | -1. |  0. ||  0. |  0. |  0. |
|  0. |  0. |  0. || -1. |  0. |  0. ||  0. |  0. |  0. |
|  0. |  0. |  0. ||  1. |  0. |  0. ||  0. |  0. |  0. |
|=====+=====+=====||=====+=====+=====||=====+=====+=====|
|* 0. |* 0. |* 0. ||  0. |  0. |  0. ||  0. |  0. |  0. |
|* 0. |* 0. |* 0. ||  0. |  1. |  0. ||  0. |  0. |  0. |
|* 0. |* 0. |* 0. || -1. |  0. |  0. ||  0. |  0. |  0. |
|=====+=====+=====||=====+=====+=====||=====+=====+=====|
|  0. |  1. |  0. ||  0. |  0. |  0. ||  0. |  1. |  0. |
|  0. |  0. |  0. ||  0. |  0. |  0. ||  0. |  0. |  0. |
|  0. |  0. | -1. ||  0. |  0. | -1. ||  0. |  1. |  0. |


Determined best move using: 157397Iterations
Determined best move using: 157748Iterations
Determined best move using: 157687Iterations
Determined best move using: 156924Iterations
current State

|  0. |  0. |  0. ||  0. | -1. |  0. ||  0. |  0. |  0. |
|  0. |  0. |  0. || -1. |  0. |  0. ||  0. |  0. |  0. |
|  0. |  0. |  0. ||  1. |  0. |  0. ||  0. |  0. |  0. |
|=====+=====+=====||=====+=====+=====||=====+=====+=====|
|  0. |  0. |  0. ||* 0. |* 0. |* 0. ||  0. |  0. |  0. |
|  0. |  1. |  0. ||* 0. |* 1. |* 0. ||  0. |  0. |  0. |
|  0. |  0. |  0. ||*-1. |* 0. |* 0. ||  0. |  0. |  0. |
|=====+=====+=====||=====+=====+=====||=====+=====+=====|
|  0. |  1. |  0. ||  0. |  0. |  0. ||  0. |  1. |  0. |
|  0. |  0. |  0. ||  0. |  0. |  0. ||  0. |  0. |  0. |
|  0. |  0. | -1. ||  0. |  0. | -1. ||  0. |  1. |  0. |


state to eval, currenty is playerone turn=false

| -0. | -0. | -0. || -0. |  1. | -0. || -0. | -0. | -0. |
| -0. | -0. | -0. ||  1. | -0. | -0. || -0. | -0. | -0. |
| -0. | -0. | -0. || -1. | -0. | -0. || -0. | -0. | -0. |
|=====+=====+=====||=====+=====+=====||=====+=====+=====|
| -0. | -0. | -0. ||*-0. |*-0. |*-0. || -0. | -0. | -0. |
| -0. | -1. | -0. ||*-0. |*-1. |*-0. || -0. | -0. | -0. |
| -0. | -0. | -0. ||* 1. |*-0. |*-0. || -0. | -0. | -0. |
|=====+=====+=====||=====+=====+=====||=====+=====+=====|
| -0. | -1. | -0. || -0. | -0. | -0. || -0. | -1. | -0. |
| -0. | -0. | -0. || -0. | -0. | -0. || -0. | -0. | -0. |
| -0. | -0. |  1. || -0. | -0. |  1. || -0. | -1. | -0. |


Determined best move using: 142894Iterations
Determined best move using: 141195Iterations
Determined best move using: 144424Iterations
Determined best move using: 143236Iterations
current State

|  0. |  0. |  0. ||  0. | -1. |  0. ||  0. |  0. |  0. |
|  0. |  0. |  0. || -1. |  0. |  0. ||  0. |  0. |  0. |
|  0. |  0. |  0. ||  1. |  0. |  0. ||  0. |  0. |  0. |
|=====+=====+=====||=====+=====+=====||=====+=====+=====|
|  0. |  0. |  0. ||  0. |  0. |  0. ||* 0. |* 0. |* 0. |
|  0. |  1. |  0. ||  0. |  1. | -1. ||* 0. |* 0. |* 0. |
|  0. |  0. |  0. || -1. |  0. |  0. ||* 0. |* 0. |* 0. |
|=====+=====+=====||=====+=====+=====||=====+=====+=====|
|  0. |  1. |  0. ||  0. |  0. |  0. ||  0. |  1. |  0. |
|  0. |  0. |  0. ||  0. |  0. |  0. ||  0. |  0. |  0. |
|  0. |  0. | -1. ||  0. |  0. | -1. ||  0. |  1. |  0. |


state to eval, currenty is playerone turn=true

|  0. |  0. |  0. ||  0. | -1. |  0. ||  0. |  0. |  0. |
|  0. |  0. |  0. || -1. |  0. |  0. ||  0. |  0. |  0. |
|  0. |  0. |  0. ||  1. |  0. |  0. ||  0. |  0. |  0. |
|=====+=====+=====||=====+=====+=====||=====+=====+=====|
|  0. |  0. |  0. ||  0. |  0. |  0. ||* 0. |* 0. |* 0. |
|  0. |  1. |  0. ||  0. |  1. | -1. ||* 0. |* 0. |* 0. |
|  0. |  0. |  0. || -1. |  0. |  0. ||* 0. |* 0. |* 0. |
|=====+=====+=====||=====+=====+=====||=====+=====+=====|
|  0. |  1. |  0. ||  0. |  0. |  0. ||  0. |  1. |  0. |
|  0. |  0. |  0. ||  0. |  0. |  0. ||  0. |  0. |  0. |
|  0. |  0. | -1. ||  0. |  0. | -1. ||  0. |  1. |  0. |


Determined best move using: 137441Iterations
Determined best move using: 132133Iterations
Determined best move using: 136621Iterations
current State

|  0. |  0. |  0. ||  0. | -1. |  0. ||  0. |  0. |  0. |
|  0. |  0. |  0. || -1. |  0. |  0. ||  0. |  0. |  0. |
|  0. |  0. |  0. ||  1. |  0. |  0. ||  0. |  0. |  0. |
|=====+=====+=====||=====+=====+=====||=====+=====+=====|
|  0. |  0. |  0. ||  0. |  0. |  0. ||  0. |  0. |  0. |
|  0. |  1. |  0. ||  0. |  1. | -1. ||  0. |  0. |  0. |
|  0. |  0. |  0. || -1. |  0. |  0. ||  1. |  0. |  0. |
|=====+=====+=====||=====+=====+=====||=====+=====+=====|
|* 0. |* 1. |* 0. ||  0. |  0. |  0. ||  0. |  1. |  0. |
|* 0. |* 0. |* 0. ||  0. |  0. |  0. ||  0. |  0. |  0. |
|* 0. |* 0. |*-1. ||  0. |  0. | -1. ||  0. |  1. |  0. |


state to eval, currenty is playerone turn=false

| -0. | -0. | -0. || -0. |  1. | -0. || -0. | -0. | -0. |
| -0. | -0. | -0. ||  1. | -0. | -0. || -0. | -0. | -0. |
| -0. | -0. | -0. || -1. | -0. | -0. || -0. | -0. | -0. |
|=====+=====+=====||=====+=====+=====||=====+=====+=====|
| -0. | -0. | -0. || -0. | -0. | -0. || -0. | -0. | -0. |
| -0. | -1. | -0. || -0. | -1. |  1. || -0. | -0. | -0. |
| -0. | -0. | -0. ||  1. | -0. | -0. || -1. | -0. | -0. |
|=====+=====+=====||=====+=====+=====||=====+=====+=====|
|*-0. |*-1. |*-0. || -0. | -0. | -0. || -0. | -1. | -0. |
|*-0. |*-0. |*-0. || -0. | -0. | -0. || -0. | -0. | -0. |
|*-0. |*-0. |* 1. || -0. | -0. |  1. || -0. | -1. | -0. |


Determined best move using: 150339Iterations
Determined best move using: 143475Iterations
Determined best move using: 149015Iterations
current State

|  0. |  0. |  0. ||  0. | -1. |  0. ||  0. |  0. |  0. |
|  0. |  0. |  0. || -1. |  0. |  0. ||  0. |  0. |  0. |
|  0. |  0. |  0. ||  1. |  0. |  0. ||  0. |  0. |  0. |
|=====+=====+=====||=====+=====+=====||=====+=====+=====|
|  0. |  0. |  0. ||  0. |  0. |  0. ||* 0. |* 0. |* 0. |
|  0. |  1. |  0. ||  0. |  1. | -1. ||* 0. |* 0. |* 0. |
|  0. |  0. |  0. || -1. |  0. |  0. ||* 1. |* 0. |* 0. |
|=====+=====+=====||=====+=====+=====||=====+=====+=====|
|  0. |  1. |  0. ||  0. |  0. |  0. ||  0. |  1. |  0. |
|  0. |  0. | -1. ||  0. |  0. |  0. ||  0. |  0. |  0. |
|  0. |  0. | -1. ||  0. |  0. | -1. ||  0. |  1. |  0. |


state to eval, currenty is playerone turn=true

|  0. |  0. |  0. ||  0. | -1. |  0. ||  0. |  0. |  0. |
|  0. |  0. |  0. || -1. |  0. |  0. ||  0. |  0. |  0. |
|  0. |  0. |  0. ||  1. |  0. |  0. ||  0. |  0. |  0. |
|=====+=====+=====||=====+=====+=====||=====+=====+=====|
|  0. |  0. |  0. ||  0. |  0. |  0. ||* 0. |* 0. |* 0. |
|  0. |  1. |  0. ||  0. |  1. | -1. ||* 0. |* 0. |* 0. |
|  0. |  0. |  0. || -1. |  0. |  0. ||* 1. |* 0. |* 0. |
|=====+=====+=====||=====+=====+=====||=====+=====+=====|
|  0. |  1. |  0. ||  0. |  0. |  0. ||  0. |  1. |  0. |
|  0. |  0. | -1. ||  0. |  0. |  0. ||  0. |  0. |  0. |
|  0. |  0. | -1. ||  0. |  0. | -1. ||  0. |  1. |  0. |


Determined best move using: 177964Iterations
Determined best move using: 170920Iterations
Determined best move using: 173883Iterations
current State

|  0. |  0. |  0. ||* 0. |*-1. |* 0. ||  0. |  0. |  0. |
|  0. |  0. |  0. ||*-1. |* 0. |* 0. ||  0. |  0. |  0. |
|  0. |  0. |  0. ||* 1. |* 0. |* 0. ||  0. |  0. |  0. |
|=====+=====+=====||=====+=====+=====||=====+=====+=====|
|  0. |  0. |  0. ||  0. |  0. |  0. ||  0. |  1. |  0. |
|  0. |  1. |  0. ||  0. |  1. | -1. ||  0. |  0. |  0. |
|  0. |  0. |  0. || -1. |  0. |  0. ||  1. |  0. |  0. |
|=====+=====+=====||=====+=====+=====||=====+=====+=====|
|  0. |  1. |  0. ||  0. |  0. |  0. ||  0. |  1. |  0. |
|  0. |  0. | -1. ||  0. |  0. |  0. ||  0. |  0. |  0. |
|  0. |  0. | -1. ||  0. |  0. | -1. ||  0. |  1. |  0. |


state to eval, currenty is playerone turn=false

| -0. | -0. | -0. ||*-0. |* 1. |*-0. || -0. | -0. | -0. |
| -0. | -0. | -0. ||* 1. |*-0. |*-0. || -0. | -0. | -0. |
| -0. | -0. | -0. ||*-1. |*-0. |*-0. || -0. | -0. | -0. |
|=====+=====+=====||=====+=====+=====||=====+=====+=====|
| -0. | -0. | -0. || -0. | -0. | -0. || -0. | -1. | -0. |
| -0. | -1. | -0. || -0. | -1. |  1. || -0. | -0. | -0. |
| -0. | -0. | -0. ||  1. | -0. | -0. || -1. | -0. | -0. |
|=====+=====+=====||=====+=====+=====||=====+=====+=====|
| -0. | -1. | -0. || -0. | -0. | -0. || -0. | -1. | -0. |
| -0. | -0. |  1. || -0. | -0. | -0. || -0. | -0. | -0. |
| -0. | -0. |  1. || -0. | -0. |  1. || -0. | -1. | -0. |


Determined best move using: 178885Iterations
Determined best move using: 174899Iterations
Determined best move using: 180139Iterations
current State

|  0. |  0. |  0. ||  0. | -1. | -1. ||* 0. |* 0. |* 0. |
|  0. |  0. |  0. || -1. |  0. |  0. ||* 0. |* 0. |* 0. |
|  0. |  0. |  0. ||  1. |  0. |  0. ||* 0. |* 0. |* 0. |
|=====+=====+=====||=====+=====+=====||=====+=====+=====|
|  0. |  0. |  0. ||  0. |  0. |  0. ||  0. |  1. |  0. |
|  0. |  1. |  0. ||  0. |  1. | -1. ||  0. |  0. |  0. |
|  0. |  0. |  0. || -1. |  0. |  0. ||  1. |  0. |  0. |
|=====+=====+=====||=====+=====+=====||=====+=====+=====|
|  0. |  1. |  0. ||  0. |  0. |  0. ||  0. |  1. |  0. |
|  0. |  0. | -1. ||  0. |  0. |  0. ||  0. |  0. |  0. |
|  0. |  0. | -1. ||  0. |  0. | -1. ||  0. |  1. |  0. |


state to eval, currenty is playerone turn=true

|  0. |  0. |  0. ||  0. | -1. | -1. ||* 0. |* 0. |* 0. |
|  0. |  0. |  0. || -1. |  0. |  0. ||* 0. |* 0. |* 0. |
|  0. |  0. |  0. ||  1. |  0. |  0. ||* 0. |* 0. |* 0. |
|=====+=====+=====||=====+=====+=====||=====+=====+=====|
|  0. |  0. |  0. ||  0. |  0. |  0. ||  0. |  1. |  0. |
|  0. |  1. |  0. ||  0. |  1. | -1. ||  0. |  0. |  0. |
|  0. |  0. |  0. || -1. |  0. |  0. ||  1. |  0. |  0. |
|=====+=====+=====||=====+=====+=====||=====+=====+=====|
|  0. |  1. |  0. ||  0. |  0. |  0. ||  0. |  1. |  0. |
|  0. |  0. | -1. ||  0. |  0. |  0. ||  0. |  0. |  0. |
|  0. |  0. | -1. ||  0. |  0. | -1. ||  0. |  1. |  0. |


Determined best move using: 178119Iterations
Determined best move using: 169487Iterations
Determined best move using: 180985Iterations
current State

|  0. |  0. |  0. ||  0. | -1. | -1. ||  0. |  0. |  0. |
|  0. |  0. |  0. || -1. |  0. |  0. ||  0. |  0. |  0. |
|  0. |  0. |  0. ||  1. |  0. |  0. ||  1. |  0. |  0. |
|=====+=====+=====||=====+=====+=====||=====+=====+=====|
|  0. |  0. |  0. ||  0. |  0. |  0. ||  0. |  1. |  0. |
|  0. |  1. |  0. ||  0. |  1. | -1. ||  0. |  0. |  0. |
|  0. |  0. |  0. || -1. |  0. |  0. ||  1. |  0. |  0. |
|=====+=====+=====||=====+=====+=====||=====+=====+=====|
|* 0. |* 1. |* 0. ||  0. |  0. |  0. ||  0. |  1. |  0. |
|* 0. |* 0. |*-1. ||  0. |  0. |  0. ||  0. |  0. |  0. |
|* 0. |* 0. |*-1. ||  0. |  0. | -1. ||  0. |  1. |  0. |


state to eval, currenty is playerone turn=false

| -0. | -0. | -0. || -0. |  1. |  1. || -0. | -0. | -0. |
| -0. | -0. | -0. ||  1. | -0. | -0. || -0. | -0. | -0. |
| -0. | -0. | -0. || -1. | -0. | -0. || -1. | -0. | -0. |
|=====+=====+=====||=====+=====+=====||=====+=====+=====|
| -0. | -0. | -0. || -0. | -0. | -0. || -0. | -1. | -0. |
| -0. | -1. | -0. || -0. | -1. |  1. || -0. | -0. | -0. |
| -0. | -0. | -0. ||  1. | -0. | -0. || -1. | -0. | -0. |
|=====+=====+=====||=====+=====+=====||=====+=====+=====|
|*-0. |*-1. |*-0. || -0. | -0. | -0. || -0. | -1. | -0. |
|*-0. |*-0. |* 1. || -0. | -0. | -0. || -0. | -0. | -0. |
|*-0. |*-0. |* 1. || -0. | -0. |  1. || -0. | -1. | -0. |


Determined best move using: 185333Iterations
Determined best move using: 178298Iterations
Determined best move using: 194495Iterations
current State

|  0. |  0. |  0. ||  0. | -1. | -1. ||  0. |  0. |  0. |
|  0. |  0. |  0. || -1. |  0. |  0. ||  0. |  0. |  0. |
|  0. |  0. |  0. ||  1. |  0. |  0. ||  1. |  0. |  0. |
|=====+=====+=====||=====+=====+=====||=====+=====+=====|
|* 0. |* 0. |* 0. ||  0. |  0. |  0. ||  0. |  1. |  0. |
|* 0. |* 1. |* 0. ||  0. |  1. | -1. ||  0. |  0. |  0. |
|* 0. |* 0. |* 0. || -1. |  0. |  0. ||  1. |  0. |  0. |
|=====+=====+=====||=====+=====+=====||=====+=====+=====|
|  0. |  1. |  0. ||  0. |  0. |  0. ||  0. |  1. |  0. |
| -1. |  0. | -1. ||  0. |  0. |  0. ||  0. |  0. |  0. |
|  0. |  0. | -1. ||  0. |  0. | -1. ||  0. |  1. |  0. |


state to eval, currenty is playerone turn=true

|  0. |  0. |  0. ||  0. | -1. | -1. ||  0. |  0. |  0. |
|  0. |  0. |  0. || -1. |  0. |  0. ||  0. |  0. |  0. |
|  0. |  0. |  0. ||  1. |  0. |  0. ||  1. |  0. |  0. |
|=====+=====+=====||=====+=====+=====||=====+=====+=====|
|* 0. |* 0. |* 0. ||  0. |  0. |  0. ||  0. |  1. |  0. |
|* 0. |* 1. |* 0. ||  0. |  1. | -1. ||  0. |  0. |  0. |
|* 0. |* 0. |* 0. || -1. |  0. |  0. ||  1. |  0. |  0. |
|=====+=====+=====||=====+=====+=====||=====+=====+=====|
|  0. |  1. |  0. ||  0. |  0. |  0. ||  0. |  1. |  0. |
| -1. |  0. | -1. ||  0. |  0. |  0. ||  0. |  0. |  0. |
|  0. |  0. | -1. ||  0. |  0. | -1. ||  0. |  1. |  0. |


Determined best move using: 188957Iterations
Determined best move using: 180044Iterations
Determined best move using: 193420Iterations
current State

|  0. |  0. |  0. ||  0. | -1. | -1. ||  0. |  0. |  0. |
|  0. |  0. |  0. || -1. |  0. |  0. ||  0. |  0. |  0. |
|  0. |  0. |  0. ||  1. |  0. |  0. ||  1. |  0. |  0. |
|=====+=====+=====||=====+=====+=====||=====+=====+=====|
|  0. |  0. |  0. ||  0. |  0. |  0. ||  0. |  1. |  0. |
|  0. |  1. |  0. ||  0. |  1. | -1. ||  0. |  0. |  0. |
|  1. |  0. |  0. || -1. |  0. |  0. ||  1. |  0. |  0. |
|=====+=====+=====||=====+=====+=====||=====+=====+=====|
|* 0. |* 1. |* 0. ||  0. |  0. |  0. ||  0. |  1. |  0. |
|*-1. |* 0. |*-1. ||  0. |  0. |  0. ||  0. |  0. |  0. |
|* 0. |* 0. |*-1. ||  0. |  0. | -1. ||  0. |  1. |  0. |


state to eval, currenty is playerone turn=false

| -0. | -0. | -0. || -0. |  1. |  1. || -0. | -0. | -0. |
| -0. | -0. | -0. ||  1. | -0. | -0. || -0. | -0. | -0. |
| -0. | -0. | -0. || -1. | -0. | -0. || -1. | -0. | -0. |
|=====+=====+=====||=====+=====+=====||=====+=====+=====|
| -0. | -0. | -0. || -0. | -0. | -0. || -0. | -1. | -0. |
| -0. | -1. | -0. || -0. | -1. |  1. || -0. | -0. | -0. |
| -1. | -0. | -0. ||  1. | -0. | -0. || -1. | -0. | -0. |
|=====+=====+=====||=====+=====+=====||=====+=====+=====|
|*-0. |*-1. |*-0. || -0. | -0. | -0. || -0. | -1. | -0. |
|* 1. |*-0. |* 1. || -0. | -0. | -0. || -0. | -0. | -0. |
|*-0. |*-0. |* 1. || -0. | -0. |  1. || -0. | -1. | -0. |


Determined best move using: 194830Iterations
Determined best move using: 182182Iterations
Determined best move using: 206225Iterations
current State

|  0. |  0. |  0. ||  0. | -1. | -1. ||* 0. |* 0. |* 0. |
|  0. |  0. |  0. || -1. |  0. |  0. ||* 0. |* 0. |* 0. |
|  0. |  0. |  0. ||  1. |  0. |  0. ||* 1. |* 0. |* 0. |
|=====+=====+=====||=====+=====+=====||=====+=====+=====|
|  0. |  0. |  0. ||  0. |  0. |  0. ||  0. |  1. |  0. |
|  0. |  1. |  0. ||  0. |  1. | -1. ||  0. |  0. |  0. |
|  1. |  0. |  0. || -1. |  0. |  0. ||  1. |  0. |  0. |
|=====+=====+=====||=====+=====+=====||=====+=====+=====|
|  0. |  1. | -1. ||  0. |  0. |  0. ||  0. |  1. |  0. |
| -1. |  0. | -1. ||  0. |  0. |  0. ||  0. |  0. |  0. |
|  0. |  0. | -1. ||  0. |  0. | -1. ||  0. |  1. |  0. |


state to eval, currenty is playerone turn=true

|  0. |  0. |  0. ||  0. | -1. | -1. ||* 0. |* 0. |* 0. |
|  0. |  0. |  0. || -1. |  0. |  0. ||* 0. |* 0. |* 0. |
|  0. |  0. |  0. ||  1. |  0. |  0. ||* 1. |* 0. |* 0. |
|=====+=====+=====||=====+=====+=====||=====+=====+=====|
|  0. |  0. |  0. ||  0. |  0. |  0. ||  0. |  1. |  0. |
|  0. |  1. |  0. ||  0. |  1. | -1. ||  0. |  0. |  0. |
|  1. |  0. |  0. || -1. |  0. |  0. ||  1. |  0. |  0. |
|=====+=====+=====||=====+=====+=====||=====+=====+=====|
|  0. |  1. | -1. ||  0. |  0. |  0. ||  0. |  1. |  0. |
| -1. |  0. | -1. ||  0. |  0. |  0. ||  0. |  0. |  0. |
|  0. |  0. | -1. ||  0. |  0. | -1. ||  0. |  1. |  0. |


Determined best move using: 203201Iterations
Determined best move using: 191463Iterations
Determined best move using: 211444Iterations
current State

|  0. |  0. |  0. ||  0. | -1. | -1. ||  0. |  0. |  0. |
|  0. |  0. |  0. || -1. |  0. |  0. ||  0. |  0. |  0. |
|  0. |  0. |  0. ||  1. |  0. |  0. ||  1. |  1. |  0. |
|=====+=====+=====||=====+=====+=====||=====+=====+=====|
|  0. |  0. |  0. ||  0. |  0. |  0. ||  0. |  1. |  0. |
|  0. |  1. |  0. ||  0. |  1. | -1. ||  0. |  0. |  0. |
|  1. |  0. |  0. || -1. |  0. |  0. ||  1. |  0. |  0. |
|=====+=====+=====||=====+=====+=====||=====+=====+=====|
|  0. |  1. | -1. ||* 0. |* 0. |* 0. ||  0. |  1. |  0. |
| -1. |  0. | -1. ||* 0. |* 0. |* 0. ||  0. |  0. |  0. |
|  0. |  0. | -1. ||* 0. |* 0. |*-1. ||  0. |  1. |  0. |


state to eval, currenty is playerone turn=false

| -0. | -0. | -0. || -0. |  1. |  1. || -0. | -0. | -0. |
| -0. | -0. | -0. ||  1. | -0. | -0. || -0. | -0. | -0. |
| -0. | -0. | -0. || -1. | -0. | -0. || -1. | -1. | -0. |
|=====+=====+=====||=====+=====+=====||=====+=====+=====|
| -0. | -0. | -0. || -0. | -0. | -0. || -0. | -1. | -0. |
| -0. | -1. | -0. || -0. | -1. |  1. || -0. | -0. | -0. |
| -1. | -0. | -0. ||  1. | -0. | -0. || -1. | -0. | -0. |
|=====+=====+=====||=====+=====+=====||=====+=====+=====|
| -0. | -1. |  1. ||*-0. |*-0. |*-0. || -0. | -1. | -0. |
|  1. | -0. |  1. ||*-0. |*-0. |*-0. || -0. | -0. | -0. |
| -0. | -0. |  1. ||*-0. |*-0. |* 1. || -0. | -1. | -0. |


Determined best move using: 205649Iterations
Determined best move using: 194364Iterations
Determined best move using: 214765Iterations
current State

|  0. |  0. |  0. ||  0. | -1. | -1. ||* 0. |* 0. |* 0. |
|  0. |  0. |  0. || -1. |  0. |  0. ||* 0. |* 0. |* 0. |
|  0. |  0. |  0. ||  1. |  0. |  0. ||* 1. |* 1. |* 0. |
|=====+=====+=====||=====+=====+=====||=====+=====+=====|
|  0. |  0. |  0. ||  0. |  0. |  0. ||  0. |  1. |  0. |
|  0. |  1. |  0. ||  0. |  1. | -1. ||  0. |  0. |  0. |
|  1. |  0. |  0. || -1. |  0. |  0. ||  1. |  0. |  0. |
|=====+=====+=====||=====+=====+=====||=====+=====+=====|
|  0. |  1. | -1. ||  0. |  0. | -1. ||  0. |  1. |  0. |
| -1. |  0. | -1. ||  0. |  0. |  0. ||  0. |  0. |  0. |
|  0. |  0. | -1. ||  0. |  0. | -1. ||  0. |  1. |  0. |


state to eval, currenty is playerone turn=true

|  0. |  0. |  0. ||  0. | -1. | -1. ||* 0. |* 0. |* 0. |
|  0. |  0. |  0. || -1. |  0. |  0. ||* 0. |* 0. |* 0. |
|  0. |  0. |  0. ||  1. |  0. |  0. ||* 1. |* 1. |* 0. |
|=====+=====+=====||=====+=====+=====||=====+=====+=====|
|  0. |  0. |  0. ||  0. |  0. |  0. ||  0. |  1. |  0. |
|  0. |  1. |  0. ||  0. |  1. | -1. ||  0. |  0. |  0. |
|  1. |  0. |  0. || -1. |  0. |  0. ||  1. |  0. |  0. |
|=====+=====+=====||=====+=====+=====||=====+=====+=====|
|  0. |  1. | -1. ||  0. |  0. | -1. ||  0. |  1. |  0. |
| -1. |  0. | -1. ||  0. |  0. |  0. ||  0. |  0. |  0. |
|  0. |  0. | -1. ||  0. |  0. | -1. ||  0. |  1. |  0. |


Determined best move using: 211111Iterations
Determined best move using: 203071Iterations
Determined best move using: 222112Iterations
current State

|* 0. |* 0. |* 0. ||  0. | -1. | -1. ||  1. |  0. |  0. |
|* 0. |* 0. |* 0. || -1. |  0. |  0. ||  0. |  0. |  0. |
|* 0. |* 0. |* 0. ||  1. |  0. |  0. ||  1. |  1. |  0. |
|=====+=====+=====||=====+=====+=====||=====+=====+=====|
|  0. |  0. |  0. ||  0. |  0. |  0. ||  0. |  1. |  0. |
|  0. |  1. |  0. ||  0. |  1. | -1. ||  0. |  0. |  0. |
|  1. |  0. |  0. || -1. |  0. |  0. ||  1. |  0. |  0. |
|=====+=====+=====||=====+=====+=====||=====+=====+=====|
|  0. |  1. | -1. ||  0. |  0. | -1. ||  0. |  1. |  0. |
| -1. |  0. | -1. ||  0. |  0. |  0. ||  0. |  0. |  0. |
|  0. |  0. | -1. ||  0. |  0. | -1. ||  0. |  1. |  0. |


state to eval, currenty is playerone turn=false

|*-0. |*-0. |*-0. || -0. |  1. |  1. || -1. | -0. | -0. |
|*-0. |*-0. |*-0. ||  1. | -0. | -0. || -0. | -0. | -0. |
|*-0. |*-0. |*-0. || -1. | -0. | -0. || -1. | -1. | -0. |
|=====+=====+=====||=====+=====+=====||=====+=====+=====|
| -0. | -0. | -0. || -0. | -0. | -0. || -0. | -1. | -0. |
| -0. | -1. | -0. || -0. | -1. |  1. || -0. | -0. | -0. |
| -1. | -0. | -0. ||  1. | -0. | -0. || -1. | -0. | -0. |
|=====+=====+=====||=====+=====+=====||=====+=====+=====|
| -0. | -1. |  1. || -0. | -0. |  1. || -0. | -1. | -0. |
|  1. | -0. |  1. || -0. | -0. | -0. || -0. | -0. | -0. |
| -0. | -0. |  1. || -0. | -0. |  1. || -0. | -1. | -0. |


Determined best move using: 218133Iterations
Determined best move using: 213118Iterations
Determined best move using: 228668Iterations
current State

|  0. |  0. |  0. ||  0. | -1. | -1. ||  1. |  0. |  0. |
| -1. |  0. |  0. || -1. |  0. |  0. ||  0. |  0. |  0. |
|  0. |  0. |  0. ||  1. |  0. |  0. ||  1. |  1. |  0. |
|=====+=====+=====||=====+=====+=====||=====+=====+=====|
|* 0. |* 0. |* 0. ||  0. |  0. |  0. ||  0. |  1. |  0. |
|* 0. |* 1. |* 0. ||  0. |  1. | -1. ||  0. |  0. |  0. |
|* 1. |* 0. |* 0. || -1. |  0. |  0. ||  1. |  0. |  0. |
|=====+=====+=====||=====+=====+=====||=====+=====+=====|
|  0. |  1. | -1. ||  0. |  0. | -1. ||  0. |  1. |  0. |
| -1. |  0. | -1. ||  0. |  0. |  0. ||  0. |  0. |  0. |
|  0. |  0. | -1. ||  0. |  0. | -1. ||  0. |  1. |  0. |


state to eval, currenty is playerone turn=true

|  0. |  0. |  0. ||  0. | -1. | -1. ||  1. |  0. |  0. |
| -1. |  0. |  0. || -1. |  0. |  0. ||  0. |  0. |  0. |
|  0. |  0. |  0. ||  1. |  0. |  0. ||  1. |  1. |  0. |
|=====+=====+=====||=====+=====+=====||=====+=====+=====|
|* 0. |* 0. |* 0. ||  0. |  0. |  0. ||  0. |  1. |  0. |
|* 0. |* 1. |* 0. ||  0. |  1. | -1. ||  0. |  0. |  0. |
|* 1. |* 0. |* 0. || -1. |  0. |  0. ||  1. |  0. |  0. |
|=====+=====+=====||=====+=====+=====||=====+=====+=====|
|  0. |  1. | -1. ||  0. |  0. | -1. ||  0. |  1. |  0. |
| -1. |  0. | -1. ||  0. |  0. |  0. ||  0. |  0. |  0. |
|  0. |  0. | -1. ||  0. |  0. | -1. ||  0. |  1. |  0. |


Determined best move using: 210777Iterations
Determined best move using: 220235Iterations
Determined best move using: 239029Iterations
current State

|* 0. |* 0. |* 0. ||  0. | -1. | -1. ||  1. |  0. |  0. |
|*-1. |* 0. |* 0. || -1. |  0. |  0. ||  0. |  0. |  0. |
|* 0. |* 0. |* 0. ||  1. |  0. |  0. ||  1. |  1. |  0. |
|=====+=====+=====||=====+=====+=====||=====+=====+=====|
|  1. |  0. |  0. ||  0. |  0. |  0. ||  0. |  1. |  0. |
|  0. |  1. |  0. ||  0. |  1. | -1. ||  0. |  0. |  0. |
|  1. |  0. |  0. || -1. |  0. |  0. ||  1. |  0. |  0. |
|=====+=====+=====||=====+=====+=====||=====+=====+=====|
|  0. |  1. | -1. ||  0. |  0. | -1. ||  0. |  1. |  0. |
| -1. |  0. | -1. ||  0. |  0. |  0. ||  0. |  0. |  0. |
|  0. |  0. | -1. ||  0. |  0. | -1. ||  0. |  1. |  0. |


state to eval, currenty is playerone turn=false

|*-0. |*-0. |*-0. || -0. |  1. |  1. || -1. | -0. | -0. |
|* 1. |*-0. |*-0. ||  1. | -0. | -0. || -0. | -0. | -0. |
|*-0. |*-0. |*-0. || -1. | -0. | -0. || -1. | -1. | -0. |
|=====+=====+=====||=====+=====+=====||=====+=====+=====|
| -1. | -0. | -0. || -0. | -0. | -0. || -0. | -1. | -0. |
| -0. | -1. | -0. || -0. | -1. |  1. || -0. | -0. | -0. |
| -1. | -0. | -0. ||  1. | -0. | -0. || -1. | -0. | -0. |
|=====+=====+=====||=====+=====+=====||=====+=====+=====|
| -0. | -1. |  1. || -0. | -0. |  1. || -0. | -1. | -0. |
|  1. | -0. |  1. || -0. | -0. | -0. || -0. | -0. | -0. |
| -0. | -0. |  1. || -0. | -0. |  1. || -0. | -1. | -0. |


Determined best move using: 223870Iterations
Determined best move using: 218719Iterations
Determined best move using: 236255Iterations
current State

|* 0. |* 0. |* 0. ||* 0. |*-1. |*-1. ||* 1. |* 0. |* 0. |
|*-1. |* 0. |* 0. ||*-1. |* 0. |* 0. ||* 0. |* 0. |* 0. |
|*-1. |* 0. |* 0. ||* 1. |* 0. |* 0. ||* 1. |* 1. |* 0. |
|=====+=====+=====||=====+=====+=====||=====+=====+=====|
|* 1. |* 0. |* 0. ||* 0. |* 0. |* 0. ||* 0. |* 1. |* 0. |
|* 0. |* 1. |* 0. ||* 0. |* 1. |*-1. ||* 0. |* 0. |* 0. |
|* 1. |* 0. |* 0. ||*-1. |* 0. |* 0. ||* 1. |* 0. |* 0. |
|=====+=====+=====||=====+=====+=====||=====+=====+=====|
|  0. |  1. | -1. ||* 0. |* 0. |*-1. ||* 0. |* 1. |* 0. |
| -1. |  0. | -1. ||* 0. |* 0. |* 0. ||* 0. |* 0. |* 0. |
|  0. |  0. | -1. ||* 0. |* 0. |*-1. ||* 0. |* 1. |* 0. |


state to eval, currenty is playerone turn=true

|* 0. |* 0. |* 0. ||* 0. |*-1. |*-1. ||* 1. |* 0. |* 0. |
|*-1. |* 0. |* 0. ||*-1. |* 0. |* 0. ||* 0. |* 0. |* 0. |
|*-1. |* 0. |* 0. ||* 1. |* 0. |* 0. ||* 1. |* 1. |* 0. |
|=====+=====+=====||=====+=====+=====||=====+=====+=====|
|* 1. |* 0. |* 0. ||* 0. |* 0. |* 0. ||* 0. |* 1. |* 0. |
|* 0. |* 1. |* 0. ||* 0. |* 1. |*-1. ||* 0. |* 0. |* 0. |
|* 1. |* 0. |* 0. ||*-1. |* 0. |* 0. ||* 1. |* 0. |* 0. |
|=====+=====+=====||=====+=====+=====||=====+=====+=====|
|  0. |  1. | -1. ||* 0. |* 0. |*-1. ||* 0. |* 1. |* 0. |
| -1. |  0. | -1. ||* 0. |* 0. |* 0. ||* 0. |* 0. |* 0. |
|  0. |  0. | -1. ||* 0. |* 0. |*-1. ||* 0. |* 1. |* 0. |


Determined best move using: 224625Iterations
Determined best move using: 224051Iterations
Determined best move using: 262006Iterations
current State

|  0. |  0. |  0. ||  0. | -1. | -1. ||  1. |  0. |  0. |
| -1. |  0. |  0. || -1. |  0. |  0. ||  0. |  0. |  0. |
| -1. |  0. |  1. ||  1. |  0. |  0. ||  1. |  1. |  0. |
|=====+=====+=====||=====+=====+=====||=====+=====+=====|
|  1. |  0. |  0. ||  0. |  0. |  0. ||  0. |  1. |  0. |
|  0. |  1. |  0. ||  0. |  1. | -1. ||  0. |  0. |  0. |
|  1. |  0. |  0. || -1. |  0. |  0. ||  1. |  0. |  0. |
|=====+=====+=====||=====+=====+=====||=====+=====+=====|
|  0. |  1. | -1. ||  0. |  0. | -1. ||* 0. |* 1. |* 0. |
| -1. |  0. | -1. ||  0. |  0. |  0. ||* 0. |* 0. |* 0. |
|  0. |  0. | -1. ||  0. |  0. | -1. ||* 0. |* 1. |* 0. |


state to eval, currenty is playerone turn=false

| -0. | -0. | -0. || -0. |  1. |  1. || -1. | -0. | -0. |
|  1. | -0. | -0. ||  1. | -0. | -0. || -0. | -0. | -0. |
|  1. | -0. | -1. || -1. | -0. | -0. || -1. | -1. | -0. |
|=====+=====+=====||=====+=====+=====||=====+=====+=====|
| -1. | -0. | -0. || -0. | -0. | -0. || -0. | -1. | -0. |
| -0. | -1. | -0. || -0. | -1. |  1. || -0. | -0. | -0. |
| -1. | -0. | -0. ||  1. | -0. | -0. || -1. | -0. | -0. |
|=====+=====+=====||=====+=====+=====||=====+=====+=====|
| -0. | -1. |  1. || -0. | -0. |  1. ||*-0. |*-1. |*-0. |
|  1. | -0. |  1. || -0. | -0. | -0. ||*-0. |*-0. |*-0. |
| -0. | -0. |  1. || -0. | -0. |  1. ||*-0. |*-1. |*-0. |


Determined best move using: 236206Iterations
Determined best move using: 227605Iterations
Determined best move using: 315677Iterations
current State

|* 0. |* 0. |* 0. ||* 0. |*-1. |*-1. ||* 1. |* 0. |* 0. |
|*-1. |* 0. |* 0. ||*-1. |* 0. |* 0. ||* 0. |* 0. |* 0. |
|*-1. |* 0. |* 1. ||* 1. |* 0. |* 0. ||* 1. |* 1. |* 0. |
|=====+=====+=====||=====+=====+=====||=====+=====+=====|
|* 1. |* 0. |* 0. ||* 0. |* 0. |* 0. ||* 0. |* 1. |* 0. |
|* 0. |* 1. |* 0. ||* 0. |* 1. |*-1. ||* 0. |* 0. |* 0. |
|* 1. |* 0. |* 0. ||*-1. |* 0. |* 0. ||* 1. |* 0. |* 0. |
|=====+=====+=====||=====+=====+=====||=====+=====+=====|
|  0. |  1. | -1. ||* 0. |* 0. |*-1. ||* 0. |* 1. |* 0. |
| -1. |  0. | -1. ||* 0. |* 0. |* 0. ||* 0. |* 0. |* 0. |
|  0. |  0. | -1. ||* 0. |* 0. |*-1. ||*-1. |* 1. |* 0. |


state to eval, currenty is playerone turn=true

|* 0. |* 0. |* 0. ||* 0. |*-1. |*-1. ||* 1. |* 0. |* 0. |
|*-1. |* 0. |* 0. ||*-1. |* 0. |* 0. ||* 0. |* 0. |* 0. |
|*-1. |* 0. |* 1. ||* 1. |* 0. |* 0. ||* 1. |* 1. |* 0. |
|=====+=====+=====||=====+=====+=====||=====+=====+=====|
|* 1. |* 0. |* 0. ||* 0. |* 0. |* 0. ||* 0. |* 1. |* 0. |
|* 0. |* 1. |* 0. ||* 0. |* 1. |*-1. ||* 0. |* 0. |* 0. |
|* 1. |* 0. |* 0. ||*-1. |* 0. |* 0. ||* 1. |* 0. |* 0. |
|=====+=====+=====||=====+=====+=====||=====+=====+=====|
|  0. |  1. | -1. ||* 0. |* 0. |*-1. ||* 0. |* 1. |* 0. |
| -1. |  0. | -1. ||* 0. |* 0. |* 0. ||* 0. |* 0. |* 0. |
|  0. |  0. | -1. ||* 0. |* 0. |*-1. ||*-1. |* 1. |* 0. |


Determined best move using: 227247Iterations
Determined best move using: 217965Iterations
Determined best move using: 1668346Iterations
current State

|  0. |  0. |  0. ||  0. | -1. | -1. ||  1. |  0. |  0. |
| -1. |  0. |  0. || -1. |  0. |  0. ||  0. |  0. |  0. |
| -1. |  0. |  1. ||  1. |  0. |  0. ||  1. |  1. |  0. |
|=====+=====+=====||=====+=====+=====||=====+=====+=====|
|  1. |  0. |  0. ||  0. |  0. |  0. ||* 0. |* 1. |* 0. |
|  0. |  1. |  1. ||  0. |  1. | -1. ||* 0. |* 0. |* 0. |
|  1. |  0. |  0. || -1. |  0. |  0. ||* 1. |* 0. |* 0. |
|=====+=====+=====||=====+=====+=====||=====+=====+=====|
|  0. |  1. | -1. ||  0. |  0. | -1. ||  0. |  1. |  0. |
| -1. |  0. | -1. ||  0. |  0. |  0. ||  0. |  0. |  0. |
|  0. |  0. | -1. ||  0. |  0. | -1. || -1. |  1. |  0. |


state to eval, currenty is playerone turn=false

| -0. | -0. | -0. || -0. |  1. |  1. || -1. | -0. | -0. |
|  1. | -0. | -0. ||  1. | -0. | -0. || -0. | -0. | -0. |
|  1. | -0. | -1. || -1. | -0. | -0. || -1. | -1. | -0. |
|=====+=====+=====||=====+=====+=====||=====+=====+=====|
| -1. | -0. | -0. || -0. | -0. | -0. ||*-0. |*-1. |*-0. |
| -0. | -1. | -1. || -0. | -1. |  1. ||*-0. |*-0. |*-0. |
| -1. | -0. | -0. ||  1. | -0. | -0. ||*-1. |*-0. |*-0. |
|=====+=====+=====||=====+=====+=====||=====+=====+=====|
| -0. | -1. |  1. || -0. | -0. |  1. || -0. | -1. | -0. |
|  1. | -0. |  1. || -0. | -0. | -0. || -0. | -0. | -0. |
| -0. | -0. |  1. || -0. | -0. |  1. ||  1. | -1. | -0. |


Determined best move using: 247549Iterations
Determined best move using: 230576Iterations
Determined best move using: 3841900Iterations
current State

|  0. |  0. |  0. ||  0. | -1. | -1. ||  1. |  0. |  0. |
| -1. |  0. |  0. || -1. |  0. |  0. ||  0. |  0. |  0. |
| -1. |  0. |  1. ||  1. |  0. |  0. ||  1. |  1. |  0. |
|=====+=====+=====||=====+=====+=====||=====+=====+=====|
|* 1. |* 0. |* 0. ||  0. |  0. |  0. ||  0. |  1. |  0. |
|* 0. |* 1. |* 1. ||  0. |  1. | -1. || -1. |  0. |  0. |
|* 1. |* 0. |* 0. || -1. |  0. |  0. ||  1. |  0. |  0. |
|=====+=====+=====||=====+=====+=====||=====+=====+=====|
|  0. |  1. | -1. ||  0. |  0. | -1. ||  0. |  1. |  0. |
| -1. |  0. | -1. ||  0. |  0. |  0. ||  0. |  0. |  0. |
|  0. |  0. | -1. ||  0. |  0. | -1. || -1. |  1. |  0. |


state to eval, currenty is playerone turn=true

|  0. |  0. |  0. ||  0. | -1. | -1. ||  1. |  0. |  0. |
| -1. |  0. |  0. || -1. |  0. |  0. ||  0. |  0. |  0. |
| -1. |  0. |  1. ||  1. |  0. |  0. ||  1. |  1. |  0. |
|=====+=====+=====||=====+=====+=====||=====+=====+=====|
|* 1. |* 0. |* 0. ||  0. |  0. |  0. ||  0. |  1. |  0. |
|* 0. |* 1. |* 1. ||  0. |  1. | -1. || -1. |  0. |  0. |
|* 1. |* 0. |* 0. || -1. |  0. |  0. ||  1. |  0. |  0. |
|=====+=====+=====||=====+=====+=====||=====+=====+=====|
|  0. |  1. | -1. ||  0. |  0. | -1. ||  0. |  1. |  0. |
| -1. |  0. | -1. ||  0. |  0. |  0. ||  0. |  0. |  0. |
|  0. |  0. | -1. ||  0. |  0. | -1. || -1. |  1. |  0. |


16:17:11.029 [pool-1-thread-1] INFO org.nd4j.linalg.factory.Nd4jBackend -- Loaded [CpuBackend] backend
16:17:27.711 [pool-1-thread-1] INFO org.nd4j.nativeblas.NativeOpsHolder -- Number of threads used for linear algebra: 4
16:17:27.772 [pool-1-thread-1] INFO org.nd4j.linalg.cpu.nativecpu.CpuNDArrayFactory -- Binary level Generic x86 optimization level AVX512
16:17:27.899 [pool-1-thread-1] INFO org.nd4j.nativeblas.Nd4jBlas -- Number of threads used for OpenMP BLAS: 4
16:17:27.996 [pool-1-thread-1] INFO org.nd4j.linalg.api.ops.executioner.DefaultOpExecutioner -- Backend used: [CPU]; OS: [Windows Server 2022]
16:17:28.023 [pool-1-thread-1] INFO org.nd4j.linalg.api.ops.executioner.DefaultOpExecutioner -- Cores: [8]; Memory: [7.9GB];
16:17:28.049 [pool-1-thread-1] INFO org.nd4j.linalg.api.ops.executioner.DefaultOpExecutioner -- Blas vendor: [OPENBLAS]
16:17:28.131 [pool-1-thread-1] INFO org.nd4j.linalg.cpu.nativecpu.CpuBackend -- Backend build information:
 GCC: "12.1.0"
STD version: 201103L
DEFAULT_ENGINE: samediff::ENGINE_CPU
HAVE_FLATBUFFERS
HAVE_OPENBLAS
Determined best move using: 287229Iterations
Determined best move using: 278674Iterations
current State

|  0. |  0. |  0. ||* 0. |*-1. |*-1. ||  1. |  0. |  0. |
| -1. |  0. |  0. ||*-1. |* 0. |* 0. ||  0. |  0. |  0. |
| -1. |  0. |  1. ||* 1. |* 0. |* 0. ||  1. |  1. |  0. |
|=====+=====+=====||=====+=====+=====||=====+=====+=====|
|  1. |  1. |  0. ||  0. |  0. |  0. ||  0. |  1. |  0. |
|  0. |  1. |  1. ||  0. |  1. | -1. || -1. |  0. |  0. |
|  1. |  0. |  0. || -1. |  0. |  0. ||  1. |  0. |  0. |
|=====+=====+=====||=====+=====+=====||=====+=====+=====|
|  0. |  1. | -1. ||  0. |  0. | -1. ||  0. |  1. |  0. |
| -1. |  0. | -1. ||  0. |  0. |  0. ||  0. |  0. |  0. |
|  0. |  0. | -1. ||  0. |  0. | -1. || -1. |  1. |  0. |


state to eval, currenty is playerone turn=false

| -0. | -0. | -0. ||*-0. |* 1. |* 1. || -1. | -0. | -0. |
|  1. | -0. | -0. ||* 1. |*-0. |*-0. || -0. | -0. | -0. |
|  1. | -0. | -1. ||*-1. |*-0. |*-0. || -1. | -1. | -0. |
|=====+=====+=====||=====+=====+=====||=====+=====+=====|
| -1. | -1. | -0. || -0. | -0. | -0. || -0. | -1. | -0. |
| -0. | -1. | -1. || -0. | -1. |  1. ||  1. | -0. | -0. |
| -1. | -0. | -0. ||  1. | -0. | -0. || -1. | -0. | -0. |
|=====+=====+=====||=====+=====+=====||=====+=====+=====|
| -0. | -1. |  1. || -0. | -0. |  1. || -0. | -1. | -0. |
|  1. | -0. |  1. || -0. | -0. | -0. || -0. | -0. | -0. |
| -0. | -0. |  1. || -0. | -0. |  1. ||  1. | -1. | -0. |


Determined best move using: 302617Iterations
Determined best move using: 273843Iterations
current State

|  0. |  0. |  0. ||  0. | -1. | -1. ||  1. |  0. |  0. |
| -1. |  0. |  0. || -1. |  0. |  0. ||  0. |  0. |  0. |
| -1. |  0. |  1. ||  1. | -1. |  0. ||  1. |  1. |  0. |
|=====+=====+=====||=====+=====+=====||=====+=====+=====|
|  1. |  1. |  0. ||  0. |  0. |  0. ||  0. |  1. |  0. |
|  0. |  1. |  1. ||  0. |  1. | -1. || -1. |  0. |  0. |
|  1. |  0. |  0. || -1. |  0. |  0. ||  1. |  0. |  0. |
|=====+=====+=====||=====+=====+=====||=====+=====+=====|
|  0. |  1. | -1. ||* 0. |* 0. |*-1. ||  0. |  1. |  0. |
| -1. |  0. | -1. ||* 0. |* 0. |* 0. ||  0. |  0. |  0. |
|  0. |  0. | -1. ||* 0. |* 0. |*-1. || -1. |  1. |  0. |


state to eval, currenty is playerone turn=true

|  0. |  0. |  0. ||  0. | -1. | -1. ||  1. |  0. |  0. |
| -1. |  0. |  0. || -1. |  0. |  0. ||  0. |  0. |  0. |
| -1. |  0. |  1. ||  1. | -1. |  0. ||  1. |  1. |  0. |
|=====+=====+=====||=====+=====+=====||=====+=====+=====|
|  1. |  1. |  0. ||  0. |  0. |  0. ||  0. |  1. |  0. |
|  0. |  1. |  1. ||  0. |  1. | -1. || -1. |  0. |  0. |
|  1. |  0. |  0. || -1. |  0. |  0. ||  1. |  0. |  0. |
|=====+=====+=====||=====+=====+=====||=====+=====+=====|
|  0. |  1. | -1. ||* 0. |* 0. |*-1. ||  0. |  1. |  0. |
| -1. |  0. | -1. ||* 0. |* 0. |* 0. ||  0. |  0. |  0. |
|  0. |  0. | -1. ||* 0. |* 0. |*-1. || -1. |  1. |  0. |


Determined best move using: 293384Iterations
Determined best move using: 298621Iterations
current State

|  0. |  0. |  0. ||  0. | -1. | -1. ||  1. |  0. |  0. |
| -1. |  0. |  0. || -1. |  0. |  0. ||  0. |  0. |  0. |
| -1. |  0. |  1. ||  1. | -1. |  0. ||  1. |  1. |  0. |
|=====+=====+=====||=====+=====+=====||=====+=====+=====|
|* 1. |* 1. |* 0. ||  0. |  0. |  0. ||  0. |  1. |  0. |
|* 0. |* 1. |* 1. ||  0. |  1. | -1. || -1. |  0. |  0. |
|* 1. |* 0. |* 0. || -1. |  0. |  0. ||  1. |  0. |  0. |
|=====+=====+=====||=====+=====+=====||=====+=====+=====|
|  0. |  1. | -1. ||  0. |  0. | -1. ||  0. |  1. |  0. |
| -1. |  0. | -1. ||  1. |  0. |  0. ||  0. |  0. |  0. |
|  0. |  0. | -1. ||  0. |  0. | -1. || -1. |  1. |  0. |


state to eval, currenty is playerone turn=false

| -0. | -0. | -0. || -0. |  1. |  1. || -1. | -0. | -0. |
|  1. | -0. | -0. ||  1. | -0. | -0. || -0. | -0. | -0. |
|  1. | -0. | -1. || -1. |  1. | -0. || -1. | -1. | -0. |
|=====+=====+=====||=====+=====+=====||=====+=====+=====|
|*-1. |*-1. |*-0. || -0. | -0. | -0. || -0. | -1. | -0. |
|*-0. |*-1. |*-1. || -0. | -1. |  1. ||  1. | -0. | -0. |
|*-1. |*-0. |*-0. ||  1. | -0. | -0. || -1. | -0. | -0. |
|=====+=====+=====||=====+=====+=====||=====+=====+=====|
| -0. | -1. |  1. || -0. | -0. |  1. || -0. | -1. | -0. |
|  1. | -0. |  1. || -1. | -0. | -0. || -0. | -0. | -0. |
| -0. | -0. |  1. || -0. | -0. |  1. ||  1. | -1. | -0. |


Determined best move using: 312942Iterations
Determined best move using: 298195Iterations
current State

|  0. |  0. |  0. ||  0. | -1. | -1. ||  1. |  0. |  0. |
| -1. |  0. |  0. || -1. |  0. |  0. ||  0. |  0. |  0. |
| -1. |  0. |  1. ||  1. | -1. |  0. ||  1. |  1. |  0. |
|=====+=====+=====||=====+=====+=====||=====+=====+=====|
|  1. |  1. |  0. ||  0. |  0. |  0. ||  0. |  1. |  0. |
|  0. |  1. |  1. ||  0. |  1. | -1. || -1. |  0. |  0. |
|  1. | -1. |  0. || -1. |  0. |  0. ||  1. |  0. |  0. |
|=====+=====+=====||=====+=====+=====||=====+=====+=====|
|  0. |  1. | -1. ||* 0. |* 0. |*-1. ||  0. |  1. |  0. |
| -1. |  0. | -1. ||* 1. |* 0. |* 0. ||  0. |  0. |  0. |
|  0. |  0. | -1. ||* 0. |* 0. |*-1. || -1. |  1. |  0. |


state to eval, currenty is playerone turn=true

|  0. |  0. |  0. ||  0. | -1. | -1. ||  1. |  0. |  0. |
| -1. |  0. |  0. || -1. |  0. |  0. ||  0. |  0. |  0. |
| -1. |  0. |  1. ||  1. | -1. |  0. ||  1. |  1. |  0. |
|=====+=====+=====||=====+=====+=====||=====+=====+=====|
|  1. |  1. |  0. ||  0. |  0. |  0. ||  0. |  1. |  0. |
|  0. |  1. |  1. ||  0. |  1. | -1. || -1. |  0. |  0. |
|  1. | -1. |  0. || -1. |  0. |  0. ||  1. |  0. |  0. |
|=====+=====+=====||=====+=====+=====||=====+=====+=====|
|  0. |  1. | -1. ||* 0. |* 0. |*-1. ||  0. |  1. |  0. |
| -1. |  0. | -1. ||* 1. |* 0. |* 0. ||  0. |  0. |  0. |
|  0. |  0. | -1. ||* 0. |* 0. |*-1. || -1. |  1. |  0. |


Determined best move using: 320812Iterations
Determined best move using: 313999Iterations
current State

|  0. |  0. |  0. ||  0. | -1. | -1. ||  1. |  0. |  0. |
| -1. |  0. |  0. || -1. |  0. |  0. ||  0. |  0. |  0. |
| -1. |  0. |  1. ||  1. | -1. |  0. ||  1. |  1. |  0. |
|=====+=====+=====||=====+=====+=====||=====+=====+=====|
|  1. |  1. |  0. ||* 0. |* 0. |* 0. ||  0. |  1. |  0. |
|  0. |  1. |  1. ||* 0. |* 1. |*-1. || -1. |  0. |  0. |
|  1. | -1. |  0. ||*-1. |* 0. |* 0. ||  1. |  0. |  0. |
|=====+=====+=====||=====+=====+=====||=====+=====+=====|
|  0. |  1. | -1. ||  0. |  0. | -1. ||  0. |  1. |  0. |
| -1. |  0. | -1. ||  1. |  1. |  0. ||  0. |  0. |  0. |
|  0. |  0. | -1. ||  0. |  0. | -1. || -1. |  1. |  0. |


state to eval, currenty is playerone turn=false

| -0. | -0. | -0. || -0. |  1. |  1. || -1. | -0. | -0. |
|  1. | -0. | -0. ||  1. | -0. | -0. || -0. | -0. | -0. |
|  1. | -0. | -1. || -1. |  1. | -0. || -1. | -1. | -0. |
|=====+=====+=====||=====+=====+=====||=====+=====+=====|
| -1. | -1. | -0. ||*-0. |*-0. |*-0. || -0. | -1. | -0. |
| -0. | -1. | -1. ||*-0. |*-1. |* 1. ||  1. | -0. | -0. |
| -1. |  1. | -0. ||* 1. |*-0. |*-0. || -1. | -0. | -0. |
|=====+=====+=====||=====+=====+=====||=====+=====+=====|
| -0. | -1. |  1. || -0. | -0. |  1. || -0. | -1. | -0. |
|  1. | -0. |  1. || -1. | -1. | -0. || -0. | -0. | -0. |
| -0. | -0. |  1. || -0. | -0. |  1. ||  1. | -1. | -0. |


Determined best move using: 326947Iterations
Determined best move using: 328059Iterations
current State

|  0. |  0. |  0. ||  0. | -1. | -1. ||  1. |  0. |  0. |
| -1. |  0. |  0. || -1. |  0. |  0. ||  0. |  0. |  0. |
| -1. |  0. |  1. ||  1. | -1. |  0. ||  1. |  1. |  0. |
|=====+=====+=====||=====+=====+=====||=====+=====+=====|
|* 1. |* 1. |* 0. ||  0. |  0. |  0. ||  0. |  1. |  0. |
|* 0. |* 1. |* 1. || -1. |  1. | -1. || -1. |  0. |  0. |
|* 1. |*-1. |* 0. || -1. |  0. |  0. ||  1. |  0. |  0. |
|=====+=====+=====||=====+=====+=====||=====+=====+=====|
|  0. |  1. | -1. ||  0. |  0. | -1. ||  0. |  1. |  0. |
| -1. |  0. | -1. ||  1. |  1. |  0. ||  0. |  0. |  0. |
|  0. |  0. | -1. ||  0. |  0. | -1. || -1. |  1. |  0. |


state to eval, currenty is playerone turn=true

|  0. |  0. |  0. ||  0. | -1. | -1. ||  1. |  0. |  0. |
| -1. |  0. |  0. || -1. |  0. |  0. ||  0. |  0. |  0. |
| -1. |  0. |  1. ||  1. | -1. |  0. ||  1. |  1. |  0. |
|=====+=====+=====||=====+=====+=====||=====+=====+=====|
|* 1. |* 1. |* 0. ||  0. |  0. |  0. ||  0. |  1. |  0. |
|* 0. |* 1. |* 1. || -1. |  1. | -1. || -1. |  0. |  0. |
|* 1. |*-1. |* 0. || -1. |  0. |  0. ||  1. |  0. |  0. |
|=====+=====+=====||=====+=====+=====||=====+=====+=====|
|  0. |  1. | -1. ||  0. |  0. | -1. ||  0. |  1. |  0. |
| -1. |  0. | -1. ||  1. |  1. |  0. ||  0. |  0. |  0. |
|  0. |  0. | -1. ||  0. |  0. | -1. || -1. |  1. |  0. |


Determined best move using: 342244Iterations
Determined best move using: 343567Iterations
current State

|  0. |  0. |  0. ||  0. | -1. | -1. ||* 1. |* 0. |* 0. |
| -1. |  0. |  0. || -1. |  0. |  0. ||* 0. |* 0. |* 0. |
| -1. |  0. |  1. ||  1. | -1. |  0. ||* 1. |* 1. |* 0. |
|=====+=====+=====||=====+=====+=====||=====+=====+=====|
|  1. |  1. |  1. ||  0. |  0. |  0. ||  0. |  1. |  0. |
|  0. |  1. |  1. || -1. |  1. | -1. || -1. |  0. |  0. |
|  1. | -1. |  0. || -1. |  0. |  0. ||  1. |  0. |  0. |
|=====+=====+=====||=====+=====+=====||=====+=====+=====|
|  0. |  1. | -1. ||  0. |  0. | -1. ||  0. |  1. |  0. |
| -1. |  0. | -1. ||  1. |  1. |  0. ||  0. |  0. |  0. |
|  0. |  0. | -1. ||  0. |  0. | -1. || -1. |  1. |  0. |


state to eval, currenty is playerone turn=false

| -0. | -0. | -0. || -0. |  1. |  1. ||*-1. |*-0. |*-0. |
|  1. | -0. | -0. ||  1. | -0. | -0. ||*-0. |*-0. |*-0. |
|  1. | -0. | -1. || -1. |  1. | -0. ||*-1. |*-1. |*-0. |
|=====+=====+=====||=====+=====+=====||=====+=====+=====|
| -1. | -1. | -1. || -0. | -0. | -0. || -0. | -1. | -0. |
| -0. | -1. | -1. ||  1. | -1. |  1. ||  1. | -0. | -0. |
| -1. |  1. | -0. ||  1. | -0. | -0. || -1. | -0. | -0. |
|=====+=====+=====||=====+=====+=====||=====+=====+=====|
| -0. | -1. |  1. || -0. | -0. |  1. || -0. | -1. | -0. |
|  1. | -0. |  1. || -1. | -1. | -0. || -0. | -0. | -0. |
| -0. | -0. |  1. || -0. | -0. |  1. ||  1. | -1. | -0. |


Determined best move using: 340528Iterations
Determined best move using: 363810Iterations
current State

|  0. |  0. |  0. ||* 0. |*-1. |*-1. ||  1. | -1. |  0. |
| -1. |  0. |  0. ||*-1. |* 0. |* 0. ||  0. |  0. |  0. |
| -1. |  0. |  1. ||* 1. |*-1. |* 0. ||  1. |  1. |  0. |
|=====+=====+=====||=====+=====+=====||=====+=====+=====|
|  1. |  1. |  1. ||  0. |  0. |  0. ||  0. |  1. |  0. |
|  0. |  1. |  1. || -1. |  1. | -1. || -1. |  0. |  0. |
|  1. | -1. |  0. || -1. |  0. |  0. ||  1. |  0. |  0. |
|=====+=====+=====||=====+=====+=====||=====+=====+=====|
|  0. |  1. | -1. ||  0. |  0. | -1. ||  0. |  1. |  0. |
| -1. |  0. | -1. ||  1. |  1. |  0. ||  0. |  0. |  0. |
|  0. |  0. | -1. ||  0. |  0. | -1. || -1. |  1. |  0. |


state to eval, currenty is playerone turn=true

|  0. |  0. |  0. ||* 0. |*-1. |*-1. ||  1. | -1. |  0. |
| -1. |  0. |  0. ||*-1. |* 0. |* 0. ||  0. |  0. |  0. |
| -1. |  0. |  1. ||* 1. |*-1. |* 0. ||  1. |  1. |  0. |
|=====+=====+=====||=====+=====+=====||=====+=====+=====|
|  1. |  1. |  1. ||  0. |  0. |  0. ||  0. |  1. |  0. |
|  0. |  1. |  1. || -1. |  1. | -1. || -1. |  0. |  0. |
|  1. | -1. |  0. || -1. |  0. |  0. ||  1. |  0. |  0. |
|=====+=====+=====||=====+=====+=====||=====+=====+=====|
|  0. |  1. | -1. ||  0. |  0. | -1. ||  0. |  1. |  0. |
| -1. |  0. | -1. ||  1. |  1. |  0. ||  0. |  0. |  0. |
|  0. |  0. | -1. ||  0. |  0. | -1. || -1. |  1. |  0. |


Determined best move using: 355022Iterations
Determined best move using: 379356Iterations
current State

|  0. |  0. |  0. ||  0. | -1. | -1. ||  1. | -1. |  0. |
| -1. |  0. |  0. || -1. |  0. |  0. ||  0. |  0. |  0. |
| -1. |  0. |  1. ||  1. | -1. |  1. ||  1. |  1. |  0. |
|=====+=====+=====||=====+=====+=====||=====+=====+=====|
|  1. |  1. |  1. ||  0. |  0. |  0. ||  0. |  1. |  0. |
|  0. |  1. |  1. || -1. |  1. | -1. || -1. |  0. |  0. |
|  1. | -1. |  0. || -1. |  0. |  0. ||  1. |  0. |  0. |
|=====+=====+=====||=====+=====+=====||=====+=====+=====|
|  0. |  1. | -1. ||  0. |  0. | -1. ||* 0. |* 1. |* 0. |
| -1. |  0. | -1. ||  1. |  1. |  0. ||* 0. |* 0. |* 0. |
|  0. |  0. | -1. ||  0. |  0. | -1. ||*-1. |* 1. |* 0. |


state to eval, currenty is playerone turn=false

| -0. | -0. | -0. || -0. |  1. |  1. || -1. |  1. | -0. |
|  1. | -0. | -0. ||  1. | -0. | -0. || -0. | -0. | -0. |
|  1. | -0. | -1. || -1. |  1. | -1. || -1. | -1. | -0. |
|=====+=====+=====||=====+=====+=====||=====+=====+=====|
| -1. | -1. | -1. || -0. | -0. | -0. || -0. | -1. | -0. |
| -0. | -1. | -1. ||  1. | -1. |  1. ||  1. | -0. | -0. |
| -1. |  1. | -0. ||  1. | -0. | -0. || -1. | -0. | -0. |
|=====+=====+=====||=====+=====+=====||=====+=====+=====|
| -0. | -1. |  1. || -0. | -0. |  1. ||*-0. |*-1. |*-0. |
|  1. | -0. |  1. || -1. | -1. | -0. ||*-0. |*-0. |*-0. |
| -0. | -0. |  1. || -0. | -0. |  1. ||* 1. |*-1. |*-0. |


Determined best move using: 364275Iterations
Determined best move using: 389783Iterations
current State

|  0. |  0. |  0. ||  0. | -1. | -1. ||  1. | -1. |  0. |
| -1. |  0. |  0. || -1. |  0. |  0. ||  0. |  0. |  0. |
| -1. |  0. |  1. ||  1. | -1. |  1. ||  1. |  1. |  0. |
|=====+=====+=====||=====+=====+=====||=====+=====+=====|
|  1. |  1. |  1. ||* 0. |* 0. |* 0. ||  0. |  1. |  0. |
|  0. |  1. |  1. ||*-1. |* 1. |*-1. || -1. |  0. |  0. |
|  1. | -1. |  0. ||*-1. |* 0. |* 0. ||  1. |  0. |  0. |
|=====+=====+=====||=====+=====+=====||=====+=====+=====|
|  0. |  1. | -1. ||  0. |  0. | -1. ||  0. |  1. |  0. |
| -1. |  0. | -1. ||  1. |  1. |  0. ||  0. | -1. |  0. |
|  0. |  0. | -1. ||  0. |  0. | -1. || -1. |  1. |  0. |


state to eval, currenty is playerone turn=true

|  0. |  0. |  0. ||  0. | -1. | -1. ||  1. | -1. |  0. |
| -1. |  0. |  0. || -1. |  0. |  0. ||  0. |  0. |  0. |
| -1. |  0. |  1. ||  1. | -1. |  1. ||  1. |  1. |  0. |
|=====+=====+=====||=====+=====+=====||=====+=====+=====|
|  1. |  1. |  1. ||* 0. |* 0. |* 0. ||  0. |  1. |  0. |
|  0. |  1. |  1. ||*-1. |* 1. |*-1. || -1. |  0. |  0. |
|  1. | -1. |  0. ||*-1. |* 0. |* 0. ||  1. |  0. |  0. |
|=====+=====+=====||=====+=====+=====||=====+=====+=====|
|  0. |  1. | -1. ||  0. |  0. | -1. ||  0. |  1. |  0. |
| -1. |  0. | -1. ||  1. |  1. |  0. ||  0. | -1. |  0. |
|  0. |  0. | -1. ||  0. |  0. | -1. || -1. |  1. |  0. |


Determined best move using: 396908Iterations
Determined best move using: 415097Iterations
current State

|  0. |  0. |  0. ||* 0. |*-1. |*-1. ||  1. | -1. |  0. |
| -1. |  0. |  0. ||*-1. |* 0. |* 0. ||  0. |  0. |  0. |
| -1. |  0. |  1. ||* 1. |*-1. |* 1. ||  1. |  1. |  0. |
|=====+=====+=====||=====+=====+=====||=====+=====+=====|
|  1. |  1. |  1. ||  0. |  1. |  0. ||  0. |  1. |  0. |
|  0. |  1. |  1. || -1. |  1. | -1. || -1. |  0. |  0. |
|  1. | -1. |  0. || -1. |  0. |  0. ||  1. |  0. |  0. |
|=====+=====+=====||=====+=====+=====||=====+=====+=====|
|  0. |  1. | -1. ||  0. |  0. | -1. ||  0. |  1. |  0. |
| -1. |  0. | -1. ||  1. |  1. |  0. ||  0. | -1. |  0. |
|  0. |  0. | -1. ||  0. |  0. | -1. || -1. |  1. |  0. |


state to eval, currenty is playerone turn=false

| -0. | -0. | -0. ||*-0. |* 1. |* 1. || -1. |  1. | -0. |
|  1. | -0. | -0. ||* 1. |*-0. |*-0. || -0. | -0. | -0. |
|  1. | -0. | -1. ||*-1. |* 1. |*-1. || -1. | -1. | -0. |
|=====+=====+=====||=====+=====+=====||=====+=====+=====|
| -1. | -1. | -1. || -0. | -1. | -0. || -0. | -1. | -0. |
| -0. | -1. | -1. ||  1. | -1. |  1. ||  1. | -0. | -0. |
| -1. |  1. | -0. ||  1. | -0. | -0. || -1. | -0. | -0. |
|=====+=====+=====||=====+=====+=====||=====+=====+=====|
| -0. | -1. |  1. || -0. | -0. |  1. || -0. | -1. | -0. |
|  1. | -0. |  1. || -1. | -1. | -0. || -0. |  1. | -0. |
| -0. | -0. |  1. || -0. | -0. |  1. ||  1. | -1. | -0. |


Determined best move using: 415790Iterations
Determined best move using: 2784053Iterations
current State

|  0. |  0. |  0. ||  0. | -1. | -1. ||  1. | -1. |  0. |
| -1. |  0. |  0. || -1. | -1. |  0. ||  0. |  0. |  0. |
| -1. |  0. |  1. ||  1. | -1. |  1. ||  1. |  1. |  0. |
|=====+=====+=====||=====+=====+=====||=====+=====+=====|
|  1. |  1. |  1. ||* 0. |* 1. |* 0. ||  0. |  1. |  0. |
|  0. |  1. |  1. ||*-1. |* 1. |*-1. || -1. |  0. |  0. |
|  1. | -1. |  0. ||*-1. |* 0. |* 0. ||  1. |  0. |  0. |
|=====+=====+=====||=====+=====+=====||=====+=====+=====|
|  0. |  1. | -1. ||  0. |  0. | -1. ||  0. |  1. |  0. |
| -1. |  0. | -1. ||  1. |  1. |  0. ||  0. | -1. |  0. |
|  0. |  0. | -1. ||  0. |  0. | -1. || -1. |  1. |  0. |


state to eval, currenty is playerone turn=true

|  0. |  0. |  0. ||  0. | -1. | -1. ||  1. | -1. |  0. |
| -1. |  0. |  0. || -1. | -1. |  0. ||  0. |  0. |  0. |
| -1. |  0. |  1. ||  1. | -1. |  1. ||  1. |  1. |  0. |
|=====+=====+=====||=====+=====+=====||=====+=====+=====|
|  1. |  1. |  1. ||* 0. |* 1. |* 0. ||  0. |  1. |  0. |
|  0. |  1. |  1. ||*-1. |* 1. |*-1. || -1. |  0. |  0. |
|  1. | -1. |  0. ||*-1. |* 0. |* 0. ||  1. |  0. |  0. |
|=====+=====+=====||=====+=====+=====||=====+=====+=====|
|  0. |  1. | -1. ||  0. |  0. | -1. ||  0. |  1. |  0. |
| -1. |  0. | -1. ||  1. |  1. |  0. ||  0. | -1. |  0. |
|  0. |  0. | -1. ||  0. |  0. | -1. || -1. |  1. |  0. |


Determined best move using: 447978Iterations
Determined best move using: 527303Iterations
current State

|  0. |  0. |  0. ||  0. | -1. | -1. ||  1. | -1. |  0. |
| -1. |  0. |  0. || -1. | -1. |  0. ||  0. |  0. |  0. |
| -1. |  0. |  1. ||  1. | -1. |  1. ||  1. |  1. |  0. |
|=====+=====+=====||=====+=====+=====||=====+=====+=====|
|  1. |  1. |  1. ||  0. |  1. |  0. ||  0. |  1. |  0. |
|  0. |  1. |  1. || -1. |  1. | -1. || -1. |  0. |  0. |
|  1. | -1. |  0. || -1. |  1. |  0. ||  1. |  0. |  0. |
|=====+=====+=====||=====+=====+=====||=====+=====+=====|
|  0. |  1. | -1. ||* 0. |* 0. |*-1. ||  0. |  1. |  0. |
| -1. |  0. | -1. ||* 1. |* 1. |* 0. ||  0. | -1. |  0. |
|  0. |  0. | -1. ||* 0. |* 0. |*-1. || -1. |  1. |  0. |


state to eval, currenty is playerone turn=false

| -0. | -0. | -0. || -0. |  1. |  1. || -1. |  1. | -0. |
|  1. | -0. | -0. ||  1. |  1. | -0. || -0. | -0. | -0. |
|  1. | -0. | -1. || -1. |  1. | -1. || -1. | -1. | -0. |
|=====+=====+=====||=====+=====+=====||=====+=====+=====|
| -1. | -1. | -1. || -0. | -1. | -0. || -0. | -1. | -0. |
| -0. | -1. | -1. ||  1. | -1. |  1. ||  1. | -0. | -0. |
| -1. |  1. | -0. ||  1. | -1. | -0. || -1. | -0. | -0. |
|=====+=====+=====||=====+=====+=====||=====+=====+=====|
| -0. | -1. |  1. ||*-0. |*-0. |* 1. || -0. | -1. | -0. |
|  1. | -0. |  1. ||*-1. |*-1. |*-0. || -0. |  1. | -0. |
| -0. | -0. |  1. ||*-0. |*-0. |* 1. ||  1. | -1. | -0. |


Determined best move using: 513708Iterations
Determined best move using: 4488411Iterations
current State

|  0. |  0. |  0. ||  0. | -1. | -1. ||  1. | -1. |  0. |
| -1. |  0. |  0. || -1. | -1. |  0. ||  0. |  0. |  0. |
| -1. |  0. |  1. ||  1. | -1. |  1. ||  1. |  1. |  0. |
|=====+=====+=====||=====+=====+=====||=====+=====+=====|
|  1. |  1. |  1. ||  0. |  1. |  0. ||* 0. |* 1. |* 0. |
|  0. |  1. |  1. || -1. |  1. | -1. ||*-1. |* 0. |* 0. |
|  1. | -1. |  0. || -1. |  1. |  0. ||* 1. |* 0. |* 0. |
|=====+=====+=====||=====+=====+=====||=====+=====+=====|
|  0. |  1. | -1. ||  0. |  0. | -1. ||  0. |  1. |  0. |
| -1. |  0. | -1. ||  1. |  1. | -1. ||  0. | -1. |  0. |
|  0. |  0. | -1. ||  0. |  0. | -1. || -1. |  1. |  0. |


state to eval, currenty is playerone turn=true

|  0. |  0. |  0. ||  0. | -1. | -1. ||  1. | -1. |  0. |
| -1. |  0. |  0. || -1. | -1. |  0. ||  0. |  0. |  0. |
| -1. |  0. |  1. ||  1. | -1. |  1. ||  1. |  1. |  0. |
|=====+=====+=====||=====+=====+=====||=====+=====+=====|
|  1. |  1. |  1. ||  0. |  1. |  0. ||* 0. |* 1. |* 0. |
|  0. |  1. |  1. || -1. |  1. | -1. ||*-1. |* 0. |* 0. |
|  1. | -1. |  0. || -1. |  1. |  0. ||* 1. |* 0. |* 0. |
|=====+=====+=====||=====+=====+=====||=====+=====+=====|
|  0. |  1. | -1. ||  0. |  0. | -1. ||  0. |  1. |  0. |
| -1. |  0. | -1. ||  1. |  1. | -1. ||  0. | -1. |  0. |
|  0. |  0. | -1. ||  0. |  0. | -1. || -1. |  1. |  0. |


Determined best move using: 612821Iterations
current State

|  0. |  0. |  0. ||  0. | -1. | -1. ||* 1. |*-1. |* 0. |
| -1. |  0. |  0. || -1. | -1. |  0. ||* 0. |* 0. |* 0. |
| -1. |  0. |  1. ||  1. | -1. |  1. ||* 1. |* 1. |* 0. |
|=====+=====+=====||=====+=====+=====||=====+=====+=====|
|  1. |  1. |  1. ||  0. |  1. |  0. ||  0. |  1. |  1. |
|  0. |  1. |  1. || -1. |  1. | -1. || -1. |  0. |  0. |
|  1. | -1. |  0. || -1. |  1. |  0. ||  1. |  0. |  0. |
|=====+=====+=====||=====+=====+=====||=====+=====+=====|
|  0. |  1. | -1. ||  0. |  0. | -1. ||  0. |  1. |  0. |
| -1. |  0. | -1. ||  1. |  1. | -1. ||  0. | -1. |  0. |
|  0. |  0. | -1. ||  0. |  0. | -1. || -1. |  1. |  0. |


state to eval, currenty is playerone turn=false

| -0. | -0. | -0. || -0. |  1. |  1. ||*-1. |* 1. |*-0. |
|  1. | -0. | -0. ||  1. |  1. | -0. ||*-0. |*-0. |*-0. |
|  1. | -0. | -1. || -1. |  1. | -1. ||*-1. |*-1. |*-0. |
|=====+=====+=====||=====+=====+=====||=====+=====+=====|
| -1. | -1. | -1. || -0. | -1. | -0. || -0. | -1. | -1. |
| -0. | -1. | -1. ||  1. | -1. |  1. ||  1. | -0. | -0. |
| -1. |  1. | -0. ||  1. | -1. | -0. || -1. | -0. | -0. |
|=====+=====+=====||=====+=====+=====||=====+=====+=====|
| -0. | -1. |  1. || -0. | -0. |  1. || -0. | -1. | -0. |
|  1. | -0. |  1. || -1. | -1. |  1. || -0. |  1. | -0. |
| -0. | -0. |  1. || -0. | -0. |  1. ||  1. | -1. | -0. |


Determined best move using: 828450Iterations
current State

|  0. |  0. |  0. ||  0. | -1. | -1. ||* 1. |*-1. |*-1. |
| -1. |  0. |  0. || -1. | -1. |  0. ||* 0. |* 0. |* 0. |
| -1. |  0. |  1. ||  1. | -1. |  1. ||* 1. |* 1. |* 0. |
|=====+=====+=====||=====+=====+=====||=====+=====+=====|
|  1. |  1. |  1. ||  0. |  1. |  0. ||  0. |  1. |  1. |
|  0. |  1. |  1. || -1. |  1. | -1. || -1. |  0. |  0. |
|  1. | -1. |  0. || -1. |  1. |  0. ||  1. |  0. |  0. |
|=====+=====+=====||=====+=====+=====||=====+=====+=====|
|  0. |  1. | -1. ||  0. |  0. | -1. ||  0. |  1. |  0. |
| -1. |  0. | -1. ||  1. |  1. | -1. ||  0. | -1. |  0. |
|  0. |  0. | -1. ||  0. |  0. | -1. || -1. |  1. |  0. |


state to eval, currenty is playerone turn=true

|  0. |  0. |  0. ||  0. | -1. | -1. ||* 1. |*-1. |*-1. |
| -1. |  0. |  0. || -1. | -1. |  0. ||* 0. |* 0. |* 0. |
| -1. |  0. |  1. ||  1. | -1. |  1. ||* 1. |* 1. |* 0. |
|=====+=====+=====||=====+=====+=====||=====+=====+=====|
|  1. |  1. |  1. ||  0. |  1. |  0. ||  0. |  1. |  1. |
|  0. |  1. |  1. || -1. |  1. | -1. || -1. |  0. |  0. |
|  1. | -1. |  0. || -1. |  1. |  0. ||  1. |  0. |  0. |
|=====+=====+=====||=====+=====+=====||=====+=====+=====|
|  0. |  1. | -1. ||  0. |  0. | -1. ||  0. |  1. |  0. |
| -1. |  0. | -1. ||  1. |  1. | -1. ||  0. | -1. |  0. |
|  0. |  0. | -1. ||  0. |  0. | -1. || -1. |  1. |  0. |


Determined best move using: 793719Iterations
current State

|  0. |  0. |  0. ||  0. | -1. | -1. ||  1. | -1. | -1. |
| -1. |  0. |  0. || -1. | -1. |  0. ||  0. |  0. |  0. |
| -1. |  0. |  1. ||  1. | -1. |  1. ||  1. |  1. |  1. |
|=====+=====+=====||=====+=====+=====||=====+=====+=====|
|  1. |  1. |  1. ||  0. |  1. |  0. ||  0. |  1. |  1. |
|  0. |  1. |  1. || -1. |  1. | -1. || -1. |  0. |  0. |
|  1. | -1. |  0. || -1. |  1. |  0. ||  1. |  0. |  0. |
|=====+=====+=====||=====+=====+=====||=====+=====+=====|
|  0. |  1. | -1. ||  0. |  0. | -1. ||* 0. |* 1. |* 0. |
| -1. |  0. | -1. ||  1. |  1. | -1. ||* 0. |*-1. |* 0. |
|  0. |  0. | -1. ||  0. |  0. | -1. ||*-1. |* 1. |* 0. |


state to eval, currenty is playerone turn=false

| -0. | -0. | -0. || -0. |  1. |  1. || -1. |  1. |  1. |
|  1. | -0. | -0. ||  1. |  1. | -0. || -0. | -0. | -0. |
|  1. | -0. | -1. || -1. |  1. | -1. || -1. | -1. | -1. |
|=====+=====+=====||=====+=====+=====||=====+=====+=====|
| -1. | -1. | -1. || -0. | -1. | -0. || -0. | -1. | -1. |
| -0. | -1. | -1. ||  1. | -1. |  1. ||  1. | -0. | -0. |
| -1. |  1. | -0. ||  1. | -1. | -0. || -1. | -0. | -0. |
|=====+=====+=====||=====+=====+=====||=====+=====+=====|
| -0. | -1. |  1. || -0. | -0. |  1. ||*-0. |*-1. |*-0. |
|  1. | -0. |  1. || -1. | -1. |  1. ||*-0. |* 1. |*-0. |
| -0. | -0. |  1. || -0. | -0. |  1. ||* 1. |*-1. |*-0. |


Determined best move using: 3752220Iterations
current State

|* 0. |* 0. |* 0. ||  0. | -1. | -1. ||  1. | -1. | -1. |
|*-1. |* 0. |* 0. || -1. | -1. |  0. ||  0. |  0. |  0. |
|*-1. |* 0. |* 1. ||  1. | -1. |  1. ||  1. |  1. |  1. |
|=====+=====+=====||=====+=====+=====||=====+=====+=====|
|  1. |  1. |  1. ||  0. |  1. |  0. ||* 0. |* 1. |* 1. |
|  0. |  1. |  1. || -1. |  1. | -1. ||*-1. |* 0. |* 0. |
|  1. | -1. |  0. || -1. |  1. |  0. ||* 1. |* 0. |* 0. |
|=====+=====+=====||=====+=====+=====||=====+=====+=====|
|  0. |  1. | -1. ||  0. |  0. | -1. ||  0. |  1. | -1. |
| -1. |  0. | -1. ||  1. |  1. | -1. ||  0. | -1. |  0. |
|  0. |  0. | -1. ||  0. |  0. | -1. || -1. |  1. |  0. |


Game ended in: 48 moves
Actual data created in graphical format: 
[StateDatum{MCTSProbabilites=
|  .0108 |  .0191 |  .0092 ||  .0104 |  .0136 |  .0087 ||  .0159 |  .0094 |  .0075 |
|  .0127 |  .0194 |  .0162 ||  .0124 |  .0126 |  .0082 ||  .016 |  .0125 |  .0113 |
|  .0125 |  .0132 |  .0106 ||  .01 |  .0066 |  .0137 ||  .0078 |  .0139 |  .0105 |
|========+========+========||========+========+========||========+========+========|
|  .007 |  .0121 |  .0127 ||  .0073 |  .0095 |  .0177 ||  .0119 |  .0107 |  .0133 |
|  .0121 |  .0088 |  .0115 ||  .0092 |  .0222 |  .0208 ||  .0095 |  .0118 |  .0154 |
|  .0144 |  .0131 |  .014 ||  .0154 |  .0128 |  .0071 ||  .0114 |  .013 |  .0111 |
|========+========+========||========+========+========||========+========+========|
|  .0116 |  .017 |  .0093 ||  .009 |  .0132 |  .0114 ||  .0135 |  .0114 |  .0116 |
|  .0139 |  .0105 |  .0061 ||  .0124 |  .0135 |  .014 ||  .0145 |  .0178 |  .0132 |
|  .0174 |  .0131 |  .0167 ||  .0105 |  .0115 |  .0095 ||  .0108 |  .0134 |  .0128 |

, state=
|* 0. |* 0. |* 0. ||* 0. |* 0. |* 0. ||* 0. |* 0. |* 0. |
|* 0. |* 0. |* 0. ||* 0. |* 0. |* 0. ||* 0. |* 0. |* 0. |
|* 0. |* 0. |* 0. ||* 0. |* 0. |* 0. ||* 0. |* 0. |* 0. |
|=====+=====+=====||=====+=====+=====||=====+=====+=====|
|* 0. |* 0. |* 0. ||* 0. |* 0. |* 0. ||* 0. |* 0. |* 0. |
|* 0. |* 0. |* 0. ||* 0. |* 0. |* 0. ||* 0. |* 0. |* 0. |
|* 0. |* 0. |* 0. ||* 0. |* 0. |* 0. ||* 0. |* 0. |* 0. |
|=====+=====+=====||=====+=====+=====||=====+=====+=====|
|* 0. |* 0. |* 0. ||* 0. |* 0. |* 0. ||* 0. |* 0. |* 0. |
|* 0. |* 0. |* 0. ||* 0. |* 0. |* 0. ||* 0. |* 0. |* 0. |
|* 0. |* 0. |* 0. ||* 0. |* 0. |* 0. ||* 0. |* 0. |* 0. |

, evalForThisState=-1.0, isPlayerOneTurnOriginally=true}, StateDatum{MCTSProbabilites=
|  .0 |  .0 |  .0 ||  .0 |  .0 |  .0 ||  .0 |  .0 |  .0 |
|  .0 |  .0 |  .0 ||  .0 |  .0 |  .0 ||  .0 |  .0 |  .0 |
|  .0 |  .0 |  .0 ||  .0 |  .0 |  .0 ||  .0 |  .0 |  .0 |
|========+========+========||========+========+========||========+========+========|
|  .0 |  .0 |  .0 ||  .0204 |  .0191 |  .0372 ||  .0 |  .0 |  .0 |
|  .0 |  .0 |  .0 ||  .0232 |  .0 |  .023 ||  .0 |  .0 |  .0 |
|  .0 |  .0 |  .0 ||  .8275 |  .0217 |  .0279 ||  .0 |  .0 |  .0 |
|========+========+========||========+========+========||========+========+========|
|  .0 |  .0 |  .0 ||  .0 |  .0 |  .0 ||  .0 |  .0 |  .0 |
|  .0 |  .0 |  .0 ||  .0 |  .0 |  .0 ||  .0 |  .0 |  .0 |
|  .0 |  .0 |  .0 ||  .0 |  .0 |  .0 ||  .0 |  .0 |  .0 |

, state=
| -0. | -0. | -0. || -0. | -0. | -0. || -0. | -0. | -0. |
| -0. | -0. | -0. || -0. | -0. | -0. || -0. | -0. | -0. |
| -0. | -0. | -0. || -0. | -0. | -0. || -0. | -0. | -0. |
|=====+=====+=====||=====+=====+=====||=====+=====+=====|
| -0. | -0. | -0. ||*-0. |*-0. |*-0. || -0. | -0. | -0. |
| -0. | -0. | -0. ||*-0. |*-1. |*-0. || -0. | -0. | -0. |
| -0. | -0. | -0. ||*-0. |*-0. |*-0. || -0. | -0. | -0. |
|=====+=====+=====||=====+=====+=====||=====+=====+=====|
| -0. | -0. | -0. || -0. | -0. | -0. || -0. | -0. | -0. |
| -0. | -0. | -0. || -0. | -0. | -0. || -0. | -0. | -0. |
| -0. | -0. | -0. || -0. | -0. | -0. || -0. | -0. | -0. |

, evalForThisState=1.0, isPlayerOneTurnOriginally=false}, StateDatum{MCTSProbabilites=
|  .0 |  .0 |  .0 ||  .0 |  .0 |  .0 ||  .0 |  .0 |  .0 |
|  .0 |  .0 |  .0 ||  .0 |  .0 |  .0 ||  .0 |  .0 |  .0 |
|  .0 |  .0 |  .0 ||  .0 |  .0 |  .0 ||  .0 |  .0 |  .0 |
|========+========+========||========+========+========||========+========+========|
|  .0 |  .0 |  .0 ||  .0 |  .0 |  .0 ||  .0 |  .0 |  .0 |
|  .0 |  .0 |  .0 ||  .0 |  .0 |  .0 ||  .0 |  .0 |  .0 |
|  .0 |  .0 |  .0 ||  .0 |  .0 |  .0 ||  .0 |  .0 |  .0 |
|========+========+========||========+========+========||========+========+========|
|  .0905 |  .1383 |  .1116 ||  .0 |  .0 |  .0 ||  .0 |  .0 |  .0 |
|  .1332 |  .1025 |  .1044 ||  .0 |  .0 |  .0 ||  .0 |  .0 |  .0 |
|  .0973 |  .1206 |  .1017 ||  .0 |  .0 |  .0 ||  .0 |  .0 |  .0 |

, state=
|  0. |  0. |  0. ||  0. |  0. |  0. ||  0. |  0. |  0. |
|  0. |  0. |  0. ||  0. |  0. |  0. ||  0. |  0. |  0. |
|  0. |  0. |  0. ||  0. |  0. |  0. ||  0. |  0. |  0. |
|=====+=====+=====||=====+=====+=====||=====+=====+=====|
|  0. |  0. |  0. ||  0. |  0. |  0. ||  0. |  0. |  0. |
|  0. |  0. |  0. ||  0. |  1. |  0. ||  0. |  0. |  0. |
|  0. |  0. |  0. || -1. |  0. |  0. ||  0. |  0. |  0. |
|=====+=====+=====||=====+=====+=====||=====+=====+=====|
|* 0. |* 0. |* 0. ||  0. |  0. |  0. ||  0. |  0. |  0. |
|* 0. |* 0. |* 0. ||  0. |  0. |  0. ||  0. |  0. |  0. |
|* 0. |* 0. |* 0. ||  0. |  0. |  0. ||  0. |  0. |  0. |

, evalForThisState=-1.0, isPlayerOneTurnOriginally=true}, StateDatum{MCTSProbabilites=
|  .0 |  .0 |  .0 ||  .0412 |  .7401 |  .0683 ||  .0 |  .0 |  .0 |
|  .0 |  .0 |  .0 ||  .025 |  .0191 |  .0308 ||  .0 |  .0 |  .0 |
|  .0 |  .0 |  .0 ||  .0249 |  .0237 |  .0269 ||  .0 |  .0 |  .0 |
|========+========+========||========+========+========||========+========+========|
|  .0 |  .0 |  .0 ||  .0 |  .0 |  .0 ||  .0 |  .0 |  .0 |
|  .0 |  .0 |  .0 ||  .0 |  .0 |  .0 ||  .0 |  .0 |  .0 |
|  .0 |  .0 |  .0 ||  .0 |  .0 |  .0 ||  .0 |  .0 |  .0 |
|========+========+========||========+========+========||========+========+========|
|  .0 |  .0 |  .0 ||  .0 |  .0 |  .0 ||  .0 |  .0 |  .0 |
|  .0 |  .0 |  .0 ||  .0 |  .0 |  .0 ||  .0 |  .0 |  .0 |
|  .0 |  .0 |  .0 ||  .0 |  .0 |  .0 ||  .0 |  .0 |  .0 |

, state=
| -0. | -0. | -0. ||*-0. |*-0. |*-0. || -0. | -0. | -0. |
| -0. | -0. | -0. ||*-0. |*-0. |*-0. || -0. | -0. | -0. |
| -0. | -0. | -0. ||*-0. |*-0. |*-0. || -0. | -0. | -0. |
|=====+=====+=====||=====+=====+=====||=====+=====+=====|
| -0. | -0. | -0. || -0. | -0. | -0. || -0. | -0. | -0. |
| -0. | -0. | -0. || -0. | -1. | -0. || -0. | -0. | -0. |
| -0. | -0. | -0. ||  1. | -0. | -0. || -0. | -0. | -0. |
|=====+=====+=====||=====+=====+=====||=====+=====+=====|
| -0. | -1. | -0. || -0. | -0. | -0. || -0. | -0. | -0. |
| -0. | -0. | -0. || -0. | -0. | -0. || -0. | -0. | -0. |
| -0. | -0. | -0. || -0. | -0. | -0. || -0. | -0. | -0. |

, evalForThisState=1.0, isPlayerOneTurnOriginally=false}, StateDatum{MCTSProbabilites=
|  .0 |  .0 |  .0 ||  .0971 |  .0 |  .1137 ||  .0 |  .0 |  .0 |
|  .0 |  .0 |  .0 ||  .1097 |  .1502 |  .1303 ||  .0 |  .0 |  .0 |
|  .0 |  .0 |  .0 ||  .2033 |  .114 |  .0816 ||  .0 |  .0 |  .0 |
|========+========+========||========+========+========||========+========+========|
|  .0 |  .0 |  .0 ||  .0 |  .0 |  .0 ||  .0 |  .0 |  .0 |
|  .0 |  .0 |  .0 ||  .0 |  .0 |  .0 ||  .0 |  .0 |  .0 |
|  .0 |  .0 |  .0 ||  .0 |  .0 |  .0 ||  .0 |  .0 |  .0 |
|========+========+========||========+========+========||========+========+========|
|  .0 |  .0 |  .0 ||  .0 |  .0 |  .0 ||  .0 |  .0 |  .0 |
|  .0 |  .0 |  .0 ||  .0 |  .0 |  .0 ||  .0 |  .0 |  .0 |
|  .0 |  .0 |  .0 ||  .0 |  .0 |  .0 ||  .0 |  .0 |  .0 |

, state=
|  0. |  0. |  0. ||* 0. |*-1. |* 0. ||  0. |  0. |  0. |
|  0. |  0. |  0. ||* 0. |* 0. |* 0. ||  0. |  0. |  0. |
|  0. |  0. |  0. ||* 0. |* 0. |* 0. ||  0. |  0. |  0. |
|=====+=====+=====||=====+=====+=====||=====+=====+=====|
|  0. |  0. |  0. ||  0. |  0. |  0. ||  0. |  0. |  0. |
|  0. |  0. |  0. ||  0. |  1. |  0. ||  0. |  0. |  0. |
|  0. |  0. |  0. || -1. |  0. |  0. ||  0. |  0. |  0. |
|=====+=====+=====||=====+=====+=====||=====+=====+=====|
|  0. |  1. |  0. ||  0. |  0. |  0. ||  0. |  0. |  0. |
|  0. |  0. |  0. ||  0. |  0. |  0. ||  0. |  0. |  0. |
|  0. |  0. |  0. ||  0. |  0. |  0. ||  0. |  0. |  0. |

, evalForThisState=-1.0, isPlayerOneTurnOriginally=true}, StateDatum{MCTSProbabilites=
|  .0 |  .0 |  .0 ||  .0 |  .0 |  .0 ||  .0 |  .0 |  .0 |
|  .0 |  .0 |  .0 ||  .0 |  .0 |  .0 ||  .0 |  .0 |  .0 |
|  .0 |  .0 |  .0 ||  .0 |  .0 |  .0 ||  .0 |  .0 |  .0 |
|========+========+========||========+========+========||========+========+========|
|  .0 |  .0 |  .0 ||  .0 |  .0 |  .0 ||  .0 |  .0 |  .0 |
|  .0 |  .0 |  .0 ||  .0 |  .0 |  .0 ||  .0 |  .0 |  .0 |
|  .0 |  .0 |  .0 ||  .0 |  .0 |  .0 ||  .0 |  .0 |  .0 |
|========+========+========||========+========+========||========+========+========|
|  .2728 |  .0 |  .0235 ||  .0 |  .0 |  .0 ||  .0 |  .0 |  .0 |
|  .0267 |  .0449 |  .0178 ||  .0 |  .0 |  .0 ||  .0 |  .0 |  .0 |
|  .0225 |  .2958 |  .2959 ||  .0 |  .0 |  .0 ||  .0 |  .0 |  .0 |

, state=
| -0. | -0. | -0. || -0. |  1. | -0. || -0. | -0. | -0. |
| -0. | -0. | -0. || -0. | -0. | -0. || -0. | -0. | -0. |
| -0. | -0. | -0. || -1. | -0. | -0. || -0. | -0. | -0. |
|=====+=====+=====||=====+=====+=====||=====+=====+=====|
| -0. | -0. | -0. || -0. | -0. | -0. || -0. | -0. | -0. |
| -0. | -0. | -0. || -0. | -1. | -0. || -0. | -0. | -0. |
| -0. | -0. | -0. ||  1. | -0. | -0. || -0. | -0. | -0. |
|=====+=====+=====||=====+=====+=====||=====+=====+=====|
|*-0. |*-1. |*-0. || -0. | -0. | -0. || -0. | -0. | -0. |
|*-0. |*-0. |*-0. || -0. | -0. | -0. || -0. | -0. | -0. |
|*-0. |*-0. |*-0. || -0. | -0. | -0. || -0. | -0. | -0. |

, evalForThisState=1.0, isPlayerOneTurnOriginally=false}, StateDatum{MCTSProbabilites=
|  .0 |  .0 |  .0 ||  .0 |  .0 |  .0 ||  .0 |  .0 |  .0 |
|  .0 |  .0 |  .0 ||  .0 |  .0 |  .0 ||  .0 |  .0 |  .0 |
|  .0 |  .0 |  .0 ||  .0 |  .0 |  .0 ||  .0 |  .0 |  .0 |
|========+========+========||========+========+========||========+========+========|
|  .0 |  .0 |  .0 ||  .0 |  .0 |  .0 ||  .0 |  .0 |  .0 |
|  .0 |  .0 |  .0 ||  .0 |  .0 |  .0 ||  .0 |  .0 |  .0 |
|  .0 |  .0 |  .0 ||  .0 |  .0 |  .0 ||  .0 |  .0 |  .0 |
|========+========+========||========+========+========||========+========+========|
|  .0 |  .0 |  .0 ||  .0 |  .0 |  .0 ||  .0916 |  .114 |  .1272 |
|  .0 |  .0 |  .0 ||  .0 |  .0 |  .0 ||  .1333 |  .1267 |  .0819 |
|  .0 |  .0 |  .0 ||  .0 |  .0 |  .0 ||  .091 |  .1374 |  .097 |

, state=
|  0. |  0. |  0. ||  0. | -1. |  0. ||  0. |  0. |  0. |
|  0. |  0. |  0. ||  0. |  0. |  0. ||  0. |  0. |  0. |
|  0. |  0. |  0. ||  1. |  0. |  0. ||  0. |  0. |  0. |
|=====+=====+=====||=====+=====+=====||=====+=====+=====|
|  0. |  0. |  0. ||  0. |  0. |  0. ||  0. |  0. |  0. |
|  0. |  0. |  0. ||  0. |  1. |  0. ||  0. |  0. |  0. |
|  0. |  0. |  0. || -1. |  0. |  0. ||  0. |  0. |  0. |
|=====+=====+=====||=====+=====+=====||=====+=====+=====|
|  0. |  1. |  0. ||  0. |  0. |  0. ||* 0. |* 0. |* 0. |
|  0. |  0. |  0. ||  0. |  0. |  0. ||* 0. |* 0. |* 0. |
|  0. |  0. | -1. ||  0. |  0. |  0. ||* 0. |* 0. |* 0. |

, evalForThisState=-1.0, isPlayerOneTurnOriginally=true}, StateDatum{MCTSProbabilites=
|  .0 |  .0 |  .0 ||  .0 |  .0 |  .0 ||  .0 |  .0 |  .0 |
|  .0 |  .0 |  .0 ||  .0 |  .0 |  .0 ||  .0 |  .0 |  .0 |
|  .0 |  .0 |  .0 ||  .0 |  .0 |  .0 ||  .0 |  .0 |  .0 |
|========+========+========||========+========+========||========+========+========|
|  .0 |  .0 |  .0 ||  .0 |  .0 |  .0 ||  .0 |  .0 |  .0 |
|  .0 |  .0 |  .0 ||  .0 |  .0 |  .0 ||  .0 |  .0 |  .0 |
|  .0 |  .0 |  .0 ||  .0 |  .0 |  .0 ||  .0 |  .0 |  .0 |
|========+========+========||========+========+========||========+========+========|
|  .0 |  .0 |  .0 ||  .2322 |  .0104 |  .0219 ||  .0 |  .0 |  .0 |
|  .0 |  .0 |  .0 ||  .0162 |  .2242 |  .0242 ||  .0 |  .0 |  .0 |
|  .0 |  .0 |  .0 ||  .0158 |  .1924 |  .2627 ||  .0 |  .0 |  .0 |

, state=
| -0. | -0. | -0. || -0. |  1. | -0. || -0. | -0. | -0. |
| -0. | -0. | -0. || -0. | -0. | -0. || -0. | -0. | -0. |
| -0. | -0. | -0. || -1. | -0. | -0. || -0. | -0. | -0. |
|=====+=====+=====||=====+=====+=====||=====+=====+=====|
| -0. | -0. | -0. || -0. | -0. | -0. || -0. | -0. | -0. |
| -0. | -0. | -0. || -0. | -1. | -0. || -0. | -0. | -0. |
| -0. | -0. | -0. ||  1. | -0. | -0. || -0. | -0. | -0. |
|=====+=====+=====||=====+=====+=====||=====+=====+=====|
| -0. | -1. | -0. ||*-0. |*-0. |*-0. || -0. | -0. | -0. |
| -0. | -0. | -0. ||*-0. |*-0. |*-0. || -0. | -0. | -0. |
| -0. | -0. |  1. ||*-0. |*-0. |*-0. || -0. | -1. | -0. |

, evalForThisState=1.0, isPlayerOneTurnOriginally=false}, StateDatum{MCTSProbabilites=
|  .0 |  .0 |  .0 ||  .0 |  .0 |  .0 ||  .0 |  .0 |  .0 |
|  .0 |  .0 |  .0 ||  .0 |  .0 |  .0 ||  .0 |  .0 |  .0 |
|  .0 |  .0 |  .0 ||  .0 |  .0 |  .0 ||  .0 |  .0 |  .0 |
|========+========+========||========+========+========||========+========+========|
|  .0 |  .0 |  .0 ||  .0 |  .0 |  .0 ||  .0 |  .0 |  .0 |
|  .0 |  .0 |  .0 ||  .0 |  .0 |  .0 ||  .0 |  .0 |  .0 |
|  .0 |  .0 |  .0 ||  .0 |  .0 |  .0 ||  .0 |  .0 |  .0 |
|========+========+========||========+========+========||========+========+========|
|  .0 |  .0 |  .0 ||  .0 |  .0 |  .0 ||  .1098 |  .3 |  .1512 |
|  .0 |  .0 |  .0 ||  .0 |  .0 |  .0 ||  .0896 |  .0922 |  .0979 |
|  .0 |  .0 |  .0 ||  .0 |  .0 |  .0 ||  .0741 |  .0 |  .0851 |

, state=
|  0. |  0. |  0. ||  0. | -1. |  0. ||  0. |  0. |  0. |
|  0. |  0. |  0. ||  0. |  0. |  0. ||  0. |  0. |  0. |
|  0. |  0. |  0. ||  1. |  0. |  0. ||  0. |  0. |  0. |
|=====+=====+=====||=====+=====+=====||=====+=====+=====|
|  0. |  0. |  0. ||  0. |  0. |  0. ||  0. |  0. |  0. |
|  0. |  0. |  0. ||  0. |  1. |  0. ||  0. |  0. |  0. |
|  0. |  0. |  0. || -1. |  0. |  0. ||  0. |  0. |  0. |
|=====+=====+=====||=====+=====+=====||=====+=====+=====|
|  0. |  1. |  0. ||  0. |  0. |  0. ||* 0. |* 0. |* 0. |
|  0. |  0. |  0. ||  0. |  0. |  0. ||* 0. |* 0. |* 0. |
|  0. |  0. | -1. ||  0. |  0. | -1. ||* 0. |* 1. |* 0. |

, evalForThisState=-1.0, isPlayerOneTurnOriginally=true}, StateDatum{MCTSProbabilites=
|  .0 |  .0 |  .0 ||  .2031 |  .0 |  .0357 ||  .0 |  .0 |  .0 |
|  .0 |  .0 |  .0 ||  .3434 |  .0146 |  .0129 ||  .0 |  .0 |  .0 |
|  .0 |  .0 |  .0 ||  .0 |  .2048 |  .1855 ||  .0 |  .0 |  .0 |
|========+========+========||========+========+========||========+========+========|
|  .0 |  .0 |  .0 ||  .0 |  .0 |  .0 ||  .0 |  .0 |  .0 |
|  .0 |  .0 |  .0 ||  .0 |  .0 |  .0 ||  .0 |  .0 |  .0 |
|  .0 |  .0 |  .0 ||  .0 |  .0 |  .0 ||  .0 |  .0 |  .0 |
|========+========+========||========+========+========||========+========+========|
|  .0 |  .0 |  .0 ||  .0 |  .0 |  .0 ||  .0 |  .0 |  .0 |
|  .0 |  .0 |  .0 ||  .0 |  .0 |  .0 ||  .0 |  .0 |  .0 |
|  .0 |  .0 |  .0 ||  .0 |  .0 |  .0 ||  .0 |  .0 |  .0 |

, state=
| -0. | -0. | -0. ||*-0. |* 1. |*-0. || -0. | -0. | -0. |
| -0. | -0. | -0. ||*-0. |*-0. |*-0. || -0. | -0. | -0. |
| -0. | -0. | -0. ||*-1. |*-0. |*-0. || -0. | -0. | -0. |
|=====+=====+=====||=====+=====+=====||=====+=====+=====|
| -0. | -0. | -0. || -0. | -0. | -0. || -0. | -0. | -0. |
| -0. | -0. | -0. || -0. | -1. | -0. || -0. | -0. | -0. |
| -0. | -0. | -0. ||  1. | -0. | -0. || -0. | -0. | -0. |
|=====+=====+=====||=====+=====+=====||=====+=====+=====|
| -0. | -1. | -0. || -0. | -0. | -0. || -0. | -1. | -0. |
| -0. | -0. | -0. || -0. | -0. | -0. || -0. | -0. | -0. |
| -0. | -0. |  1. || -0. | -0. |  1. || -0. | -1. | -0. |

, evalForThisState=1.0, isPlayerOneTurnOriginally=false}, StateDatum{MCTSProbabilites=
|  .0 |  .0 |  .0 ||  .0 |  .0 |  .0 ||  .0 |  .0 |  .0 |
|  .0 |  .0 |  .0 ||  .0 |  .0 |  .0 ||  .0 |  .0 |  .0 |
|  .0 |  .0 |  .0 ||  .0 |  .0 |  .0 ||  .0 |  .0 |  .0 |
|========+========+========||========+========+========||========+========+========|
|  .1013 |  .1016 |  .1745 ||  .0 |  .0 |  .0 ||  .0 |  .0 |  .0 |
|  .0679 |  .1897 |  .1351 ||  .0 |  .0 |  .0 ||  .0 |  .0 |  .0 |
|  .0592 |  .0933 |  .0774 ||  .0 |  .0 |  .0 ||  .0 |  .0 |  .0 |
|========+========+========||========+========+========||========+========+========|
|  .0 |  .0 |  .0 ||  .0 |  .0 |  .0 ||  .0 |  .0 |  .0 |
|  .0 |  .0 |  .0 ||  .0 |  .0 |  .0 ||  .0 |  .0 |  .0 |
|  .0 |  .0 |  .0 ||  .0 |  .0 |  .0 ||  .0 |  .0 |  .0 |

, state=
|  0. |  0. |  0. ||  0. | -1. |  0. ||  0. |  0. |  0. |
|  0. |  0. |  0. || -1. |  0. |  0. ||  0. |  0. |  0. |
|  0. |  0. |  0. ||  1. |  0. |  0. ||  0. |  0. |  0. |
|=====+=====+=====||=====+=====+=====||=====+=====+=====|
|* 0. |* 0. |* 0. ||  0. |  0. |  0. ||  0. |  0. |  0. |
|* 0. |* 0. |* 0. ||  0. |  1. |  0. ||  0. |  0. |  0. |
|* 0. |* 0. |* 0. || -1. |  0. |  0. ||  0. |  0. |  0. |
|=====+=====+=====||=====+=====+=====||=====+=====+=====|
|  0. |  1. |  0. ||  0. |  0. |  0. ||  0. |  1. |  0. |
|  0. |  0. |  0. ||  0. |  0. |  0. ||  0. |  0. |  0. |
|  0. |  0. | -1. ||  0. |  0. | -1. ||  0. |  1. |  0. |

, evalForThisState=-1.0, isPlayerOneTurnOriginally=true}, StateDatum{MCTSProbabilites=
|  .0 |  .0 |  .0 ||  .0 |  .0 |  .0 ||  .0 |  .0 |  .0 |
|  .0 |  .0 |  .0 ||  .0 |  .0 |  .0 ||  .0 |  .0 |  .0 |
|  .0 |  .0 |  .0 ||  .0 |  .0 |  .0 ||  .0 |  .0 |  .0 |
|========+========+========||========+========+========||========+========+========|
|  .0 |  .0 |  .0 ||  .2157 |  .1537 |  .0221 ||  .0 |  .0 |  .0 |
|  .0 |  .0 |  .0 ||  .1626 |  .0 |  .2628 ||  .0 |  .0 |  .0 |
|  .0 |  .0 |  .0 ||  .0 |  .0186 |  .1645 ||  .0 |  .0 |  .0 |
|========+========+========||========+========+========||========+========+========|
|  .0 |  .0 |  .0 ||  .0 |  .0 |  .0 ||  .0 |  .0 |  .0 |
|  .0 |  .0 |  .0 ||  .0 |  .0 |  .0 ||  .0 |  .0 |  .0 |
|  .0 |  .0 |  .0 ||  .0 |  .0 |  .0 ||  .0 |  .0 |  .0 |

, state=
| -0. | -0. | -0. || -0. |  1. | -0. || -0. | -0. | -0. |
| -0. | -0. | -0. ||  1. | -0. | -0. || -0. | -0. | -0. |
| -0. | -0. | -0. || -1. | -0. | -0. || -0. | -0. | -0. |
|=====+=====+=====||=====+=====+=====||=====+=====+=====|
| -0. | -0. | -0. ||*-0. |*-0. |*-0. || -0. | -0. | -0. |
| -0. | -1. | -0. ||*-0. |*-1. |*-0. || -0. | -0. | -0. |
| -0. | -0. | -0. ||* 1. |*-0. |*-0. || -0. | -0. | -0. |
|=====+=====+=====||=====+=====+=====||=====+=====+=====|
| -0. | -1. | -0. || -0. | -0. | -0. || -0. | -1. | -0. |
| -0. | -0. | -0. || -0. | -0. | -0. || -0. | -0. | -0. |
| -0. | -0. |  1. || -0. | -0. |  1. || -0. | -1. | -0. |

, evalForThisState=1.0, isPlayerOneTurnOriginally=false}, StateDatum{MCTSProbabilites=
|  .0 |  .0 |  .0 ||  .0 |  .0 |  .0 ||  .0 |  .0 |  .0 |
|  .0 |  .0 |  .0 ||  .0 |  .0 |  .0 ||  .0 |  .0 |  .0 |
|  .0 |  .0 |  .0 ||  .0 |  .0 |  .0 ||  .0 |  .0 |  .0 |
|========+========+========||========+========+========||========+========+========|
|  .0 |  .0 |  .0 ||  .0 |  .0 |  .0 ||  .1188 |  .0833 |  .133 |
|  .0 |  .0 |  .0 ||  .0 |  .0 |  .0 ||  .112 |  .1043 |  .1369 |
|  .0 |  .0 |  .0 ||  .0 |  .0 |  .0 ||  .1454 |  .0993 |  .067 |
|========+========+========||========+========+========||========+========+========|
|  .0 |  .0 |  .0 ||  .0 |  .0 |  .0 ||  .0 |  .0 |  .0 |
|  .0 |  .0 |  .0 ||  .0 |  .0 |  .0 ||  .0 |  .0 |  .0 |
|  .0 |  .0 |  .0 ||  .0 |  .0 |  .0 ||  .0 |  .0 |  .0 |

, state=
|  0. |  0. |  0. ||  0. | -1. |  0. ||  0. |  0. |  0. |
|  0. |  0. |  0. || -1. |  0. |  0. ||  0. |  0. |  0. |
|  0. |  0. |  0. ||  1. |  0. |  0. ||  0. |  0. |  0. |
|=====+=====+=====||=====+=====+=====||=====+=====+=====|
|  0. |  0. |  0. ||  0. |  0. |  0. ||* 0. |* 0. |* 0. |
|  0. |  1. |  0. ||  0. |  1. | -1. ||* 0. |* 0. |* 0. |
|  0. |  0. |  0. || -1. |  0. |  0. ||* 0. |* 0. |* 0. |
|=====+=====+=====||=====+=====+=====||=====+=====+=====|
|  0. |  1. |  0. ||  0. |  0. |  0. ||  0. |  1. |  0. |
|  0. |  0. |  0. ||  0. |  0. |  0. ||  0. |  0. |  0. |
|  0. |  0. | -1. ||  0. |  0. | -1. ||  0. |  1. |  0. |

, evalForThisState=-1.0, isPlayerOneTurnOriginally=true}, StateDatum{MCTSProbabilites=
|  .0 |  .0 |  .0 ||  .0 |  .0 |  .0 ||  .0 |  .0 |  .0 |
|  .0 |  .0 |  .0 ||  .0 |  .0 |  .0 ||  .0 |  .0 |  .0 |
|  .0 |  .0 |  .0 ||  .0 |  .0 |  .0 ||  .0 |  .0 |  .0 |
|========+========+========||========+========+========||========+========+========|
|  .0 |  .0 |  .0 ||  .0 |  .0 |  .0 ||  .0 |  .0 |  .0 |
|  .0 |  .0 |  .0 ||  .0 |  .0 |  .0 ||  .0 |  .0 |  .0 |
|  .0 |  .0 |  .0 ||  .0 |  .0 |  .0 ||  .0 |  .0 |  .0 |
|========+========+========||========+========+========||========+========+========|
|  .1736 |  .0 |  .019 ||  .0 |  .0 |  .0 ||  .0 |  .0 |  .0 |
|  .1405 |  .1426 |  .2292 ||  .0 |  .0 |  .0 ||  .0 |  .0 |  .0 |
|  .1182 |  .1769 |  .0 ||  .0 |  .0 |  .0 ||  .0 |  .0 |  .0 |

, state=
| -0. | -0. | -0. || -0. |  1. | -0. || -0. | -0. | -0. |
| -0. | -0. | -0. ||  1. | -0. | -0. || -0. | -0. | -0. |
| -0. | -0. | -0. || -1. | -0. | -0. || -0. | -0. | -0. |
|=====+=====+=====||=====+=====+=====||=====+=====+=====|
| -0. | -0. | -0. || -0. | -0. | -0. || -0. | -0. | -0. |
| -0. | -1. | -0. || -0. | -1. |  1. || -0. | -0. | -0. |
| -0. | -0. | -0. ||  1. | -0. | -0. || -1. | -0. | -0. |
|=====+=====+=====||=====+=====+=====||=====+=====+=====|
|*-0. |*-1. |*-0. || -0. | -0. | -0. || -0. | -1. | -0. |
|*-0. |*-0. |*-0. || -0. | -0. | -0. || -0. | -0. | -0. |
|*-0. |*-0. |* 1. || -0. | -0. |  1. || -0. | -1. | -0. |

, evalForThisState=1.0, isPlayerOneTurnOriginally=false}, StateDatum{MCTSProbabilites=
|  .0 |  .0 |  .0 ||  .0 |  .0 |  .0 ||  .0 |  .0 |  .0 |
|  .0 |  .0 |  .0 ||  .0 |  .0 |  .0 ||  .0 |  .0 |  .0 |
|  .0 |  .0 |  .0 ||  .0 |  .0 |  .0 ||  .0 |  .0 |  .0 |
|========+========+========||========+========+========||========+========+========|
|  .0 |  .0 |  .0 ||  .0 |  .0 |  .0 ||  .0809 |  .2542 |  .0739 |
|  .0 |  .0 |  .0 ||  .0 |  .0 |  .0 ||  .066 |  .1946 |  .1166 |
|  .0 |  .0 |  .0 ||  .0 |  .0 |  .0 ||  .0 |  .0504 |  .1635 |
|========+========+========||========+========+========||========+========+========|
|  .0 |  .0 |  .0 ||  .0 |  .0 |  .0 ||  .0 |  .0 |  .0 |
|  .0 |  .0 |  .0 ||  .0 |  .0 |  .0 ||  .0 |  .0 |  .0 |
|  .0 |  .0 |  .0 ||  .0 |  .0 |  .0 ||  .0 |  .0 |  .0 |

, state=
|  0. |  0. |  0. ||  0. | -1. |  0. ||  0. |  0. |  0. |
|  0. |  0. |  0. || -1. |  0. |  0. ||  0. |  0. |  0. |
|  0. |  0. |  0. ||  1. |  0. |  0. ||  0. |  0. |  0. |
|=====+=====+=====||=====+=====+=====||=====+=====+=====|
|  0. |  0. |  0. ||  0. |  0. |  0. ||* 0. |* 0. |* 0. |
|  0. |  1. |  0. ||  0. |  1. | -1. ||* 0. |* 0. |* 0. |
|  0. |  0. |  0. || -1. |  0. |  0. ||* 1. |* 0. |* 0. |
|=====+=====+=====||=====+=====+=====||=====+=====+=====|
|  0. |  1. |  0. ||  0. |  0. |  0. ||  0. |  1. |  0. |
|  0. |  0. | -1. ||  0. |  0. |  0. ||  0. |  0. |  0. |
|  0. |  0. | -1. ||  0. |  0. | -1. ||  0. |  1. |  0. |

, evalForThisState=-1.0, isPlayerOneTurnOriginally=true}, StateDatum{MCTSProbabilites=
|  .0 |  .0 |  .0 ||  .1802 |  .0 |  .2035 ||  .0 |  .0 |  .0 |
|  .0 |  .0 |  .0 ||  .0 |  .1229 |  .1502 ||  .0 |  .0 |  .0 |
|  .0 |  .0 |  .0 ||  .0 |  .1605 |  .1826 ||  .0 |  .0 |  .0 |
|========+========+========||========+========+========||========+========+========|
|  .0 |  .0 |  .0 ||  .0 |  .0 |  .0 ||  .0 |  .0 |  .0 |
|  .0 |  .0 |  .0 ||  .0 |  .0 |  .0 ||  .0 |  .0 |  .0 |
|  .0 |  .0 |  .0 ||  .0 |  .0 |  .0 ||  .0 |  .0 |  .0 |
|========+========+========||========+========+========||========+========+========|
|  .0 |  .0 |  .0 ||  .0 |  .0 |  .0 ||  .0 |  .0 |  .0 |
|  .0 |  .0 |  .0 ||  .0 |  .0 |  .0 ||  .0 |  .0 |  .0 |
|  .0 |  .0 |  .0 ||  .0 |  .0 |  .0 ||  .0 |  .0 |  .0 |

, state=
| -0. | -0. | -0. ||*-0. |* 1. |*-0. || -0. | -0. | -0. |
| -0. | -0. | -0. ||* 1. |*-0. |*-0. || -0. | -0. | -0. |
| -0. | -0. | -0. ||*-1. |*-0. |*-0. || -0. | -0. | -0. |
|=====+=====+=====||=====+=====+=====||=====+=====+=====|
| -0. | -0. | -0. || -0. | -0. | -0. || -0. | -1. | -0. |
| -0. | -1. | -0. || -0. | -1. |  1. || -0. | -0. | -0. |
| -0. | -0. | -0. ||  1. | -0. | -0. || -1. | -0. | -0. |
|=====+=====+=====||=====+=====+=====||=====+=====+=====|
| -0. | -1. | -0. || -0. | -0. | -0. || -0. | -1. | -0. |
| -0. | -0. |  1. || -0. | -0. | -0. || -0. | -0. | -0. |
| -0. | -0. |  1. || -0. | -0. |  1. || -0. | -1. | -0. |

, evalForThisState=1.0, isPlayerOneTurnOriginally=false}, StateDatum{MCTSProbabilites=
|  .0 |  .0 |  .0 ||  .0 |  .0 |  .0 ||  .0778 |  .1568 |  .0499 |
|  .0 |  .0 |  .0 ||  .0 |  .0 |  .0 ||  .0836 |  .102 |  .1025 |
|  .0 |  .0 |  .0 ||  .0 |  .0 |  .0 ||  .2217 |  .1012 |  .1045 |
|========+========+========||========+========+========||========+========+========|
|  .0 |  .0 |  .0 ||  .0 |  .0 |  .0 ||  .0 |  .0 |  .0 |
|  .0 |  .0 |  .0 ||  .0 |  .0 |  .0 ||  .0 |  .0 |  .0 |
|  .0 |  .0 |  .0 ||  .0 |  .0 |  .0 ||  .0 |  .0 |  .0 |
|========+========+========||========+========+========||========+========+========|
|  .0 |  .0 |  .0 ||  .0 |  .0 |  .0 ||  .0 |  .0 |  .0 |
|  .0 |  .0 |  .0 ||  .0 |  .0 |  .0 ||  .0 |  .0 |  .0 |
|  .0 |  .0 |  .0 ||  .0 |  .0 |  .0 ||  .0 |  .0 |  .0 |

, state=
|  0. |  0. |  0. ||  0. | -1. | -1. ||* 0. |* 0. |* 0. |
|  0. |  0. |  0. || -1. |  0. |  0. ||* 0. |* 0. |* 0. |
|  0. |  0. |  0. ||  1. |  0. |  0. ||* 0. |* 0. |* 0. |
|=====+=====+=====||=====+=====+=====||=====+=====+=====|
|  0. |  0. |  0. ||  0. |  0. |  0. ||  0. |  1. |  0. |
|  0. |  1. |  0. ||  0. |  1. | -1. ||  0. |  0. |  0. |
|  0. |  0. |  0. || -1. |  0. |  0. ||  1. |  0. |  0. |
|=====+=====+=====||=====+=====+=====||=====+=====+=====|
|  0. |  1. |  0. ||  0. |  0. |  0. ||  0. |  1. |  0. |
|  0. |  0. | -1. ||  0. |  0. |  0. ||  0. |  0. |  0. |
|  0. |  0. | -1. ||  0. |  0. | -1. ||  0. |  1. |  0. |

, evalForThisState=-1.0, isPlayerOneTurnOriginally=true}, StateDatum{MCTSProbabilites=
|  .0 |  .0 |  .0 ||  .0 |  .0 |  .0 ||  .0 |  .0 |  .0 |
|  .0 |  .0 |  .0 ||  .0 |  .0 |  .0 ||  .0 |  .0 |  .0 |
|  .0 |  .0 |  .0 ||  .0 |  .0 |  .0 ||  .0 |  .0 |  .0 |
|========+========+========||========+========+========||========+========+========|
|  .0 |  .0 |  .0 ||  .0 |  .0 |  .0 ||  .0 |  .0 |  .0 |
|  .0 |  .0 |  .0 ||  .0 |  .0 |  .0 ||  .0 |  .0 |  .0 |
|  .0 |  .0 |  .0 ||  .0 |  .0 |  .0 ||  .0 |  .0 |  .0 |
|========+========+========||========+========+========||========+========+========|
|  .1665 |  .0 |  .1569 ||  .0 |  .0 |  .0 ||  .0 |  .0 |  .0 |
|  .2191 |  .1279 |  .0 ||  .0 |  .0 |  .0 ||  .0 |  .0 |  .0 |
|  .1478 |  .1818 |  .0 ||  .0 |  .0 |  .0 ||  .0 |  .0 |  .0 |

, state=
| -0. | -0. | -0. || -0. |  1. |  1. || -0. | -0. | -0. |
| -0. | -0. | -0. ||  1. | -0. | -0. || -0. | -0. | -0. |
| -0. | -0. | -0. || -1. | -0. | -0. || -1. | -0. | -0. |
|=====+=====+=====||=====+=====+=====||=====+=====+=====|
| -0. | -0. | -0. || -0. | -0. | -0. || -0. | -1. | -0. |
| -0. | -1. | -0. || -0. | -1. |  1. || -0. | -0. | -0. |
| -0. | -0. | -0. ||  1. | -0. | -0. || -1. | -0. | -0. |
|=====+=====+=====||=====+=====+=====||=====+=====+=====|
|*-0. |*-1. |*-0. || -0. | -0. | -0. || -0. | -1. | -0. |
|*-0. |*-0. |* 1. || -0. | -0. | -0. || -0. | -0. | -0. |
|*-0. |*-0. |* 1. || -0. | -0. |  1. || -0. | -1. | -0. |

, evalForThisState=1.0, isPlayerOneTurnOriginally=false}, StateDatum{MCTSProbabilites=
|  .0 |  .0 |  .0 ||  .0 |  .0 |  .0 ||  .0 |  .0 |  .0 |
|  .0 |  .0 |  .0 ||  .0 |  .0 |  .0 ||  .0 |  .0 |  .0 |
|  .0 |  .0 |  .0 ||  .0 |  .0 |  .0 ||  .0 |  .0 |  .0 |
|========+========+========||========+========+========||========+========+========|
|  .0717 |  .0567 |  .0886 ||  .0 |  .0 |  .0 ||  .0 |  .0 |  .0 |
|  .0546 |  .0 |  .1137 ||  .0 |  .0 |  .0 ||  .0 |  .0 |  .0 |
|  .3007 |  .2126 |  .1014 ||  .0 |  .0 |  .0 ||  .0 |  .0 |  .0 |
|========+========+========||========+========+========||========+========+========|
|  .0 |  .0 |  .0 ||  .0 |  .0 |  .0 ||  .0 |  .0 |  .0 |
|  .0 |  .0 |  .0 ||  .0 |  .0 |  .0 ||  .0 |  .0 |  .0 |
|  .0 |  .0 |  .0 ||  .0 |  .0 |  .0 ||  .0 |  .0 |  .0 |

, state=
|  0. |  0. |  0. ||  0. | -1. | -1. ||  0. |  0. |  0. |
|  0. |  0. |  0. || -1. |  0. |  0. ||  0. |  0. |  0. |
|  0. |  0. |  0. ||  1. |  0. |  0. ||  1. |  0. |  0. |
|=====+=====+=====||=====+=====+=====||=====+=====+=====|
|* 0. |* 0. |* 0. ||  0. |  0. |  0. ||  0. |  1. |  0. |
|* 0. |* 1. |* 0. ||  0. |  1. | -1. ||  0. |  0. |  0. |
|* 0. |* 0. |* 0. || -1. |  0. |  0. ||  1. |  0. |  0. |
|=====+=====+=====||=====+=====+=====||=====+=====+=====|
|  0. |  1. |  0. ||  0. |  0. |  0. ||  0. |  1. |  0. |
| -1. |  0. | -1. ||  0. |  0. |  0. ||  0. |  0. |  0. |
|  0. |  0. | -1. ||  0. |  0. | -1. ||  0. |  1. |  0. |

, evalForThisState=-1.0, isPlayerOneTurnOriginally=true}, StateDatum{MCTSProbabilites=
|  .0 |  .0 |  .0 ||  .0 |  .0 |  .0 ||  .0 |  .0 |  .0 |
|  .0 |  .0 |  .0 ||  .0 |  .0 |  .0 ||  .0 |  .0 |  .0 |
|  .0 |  .0 |  .0 ||  .0 |  .0 |  .0 ||  .0 |  .0 |  .0 |
|========+========+========||========+========+========||========+========+========|
|  .0 |  .0 |  .0 ||  .0 |  .0 |  .0 ||  .0 |  .0 |  .0 |
|  .0 |  .0 |  .0 ||  .0 |  .0 |  .0 ||  .0 |  .0 |  .0 |
|  .0 |  .0 |  .0 ||  .0 |  .0 |  .0 ||  .0 |  .0 |  .0 |
|========+========+========||========+========+========||========+========+========|
|  .2291 |  .0 |  .26 ||  .0 |  .0 |  .0 ||  .0 |  .0 |  .0 |
|  .0 |  .2147 |  .0 ||  .0 |  .0 |  .0 ||  .0 |  .0 |  .0 |
|  .1242 |  .172 |  .0 ||  .0 |  .0 |  .0 ||  .0 |  .0 |  .0 |

, state=
| -0. | -0. | -0. || -0. |  1. |  1. || -0. | -0. | -0. |
| -0. | -0. | -0. ||  1. | -0. | -0. || -0. | -0. | -0. |
| -0. | -0. | -0. || -1. | -0. | -0. || -1. | -0. | -0. |
|=====+=====+=====||=====+=====+=====||=====+=====+=====|
| -0. | -0. | -0. || -0. | -0. | -0. || -0. | -1. | -0. |
| -0. | -1. | -0. || -0. | -1. |  1. || -0. | -0. | -0. |
| -1. | -0. | -0. ||  1. | -0. | -0. || -1. | -0. | -0. |
|=====+=====+=====||=====+=====+=====||=====+=====+=====|
|*-0. |*-1. |*-0. || -0. | -0. | -0. || -0. | -1. | -0. |
|* 1. |*-0. |* 1. || -0. | -0. | -0. || -0. | -0. | -0. |
|*-0. |*-0. |* 1. || -0. | -0. |  1. || -0. | -1. | -0. |

, evalForThisState=1.0, isPlayerOneTurnOriginally=false}, StateDatum{MCTSProbabilites=
|  .0 |  .0 |  .0 ||  .0 |  .0 |  .0 ||  .05 |  .1267 |  .1074 |
|  .0 |  .0 |  .0 ||  .0 |  .0 |  .0 ||  .0799 |  .1548 |  .1818 |
|  .0 |  .0 |  .0 ||  .0 |  .0 |  .0 ||  .0 |  .1861 |  .1132 |
|========+========+========||========+========+========||========+========+========|
|  .0 |  .0 |  .0 ||  .0 |  .0 |  .0 ||  .0 |  .0 |  .0 |
|  .0 |  .0 |  .0 ||  .0 |  .0 |  .0 ||  .0 |  .0 |  .0 |
|  .0 |  .0 |  .0 ||  .0 |  .0 |  .0 ||  .0 |  .0 |  .0 |
|========+========+========||========+========+========||========+========+========|
|  .0 |  .0 |  .0 ||  .0 |  .0 |  .0 ||  .0 |  .0 |  .0 |
|  .0 |  .0 |  .0 ||  .0 |  .0 |  .0 ||  .0 |  .0 |  .0 |
|  .0 |  .0 |  .0 ||  .0 |  .0 |  .0 ||  .0 |  .0 |  .0 |

, state=
|  0. |  0. |  0. ||  0. | -1. | -1. ||* 0. |* 0. |* 0. |
|  0. |  0. |  0. || -1. |  0. |  0. ||* 0. |* 0. |* 0. |
|  0. |  0. |  0. ||  1. |  0. |  0. ||* 1. |* 0. |* 0. |
|=====+=====+=====||=====+=====+=====||=====+=====+=====|
|  0. |  0. |  0. ||  0. |  0. |  0. ||  0. |  1. |  0. |
|  0. |  1. |  0. ||  0. |  1. | -1. ||  0. |  0. |  0. |
|  1. |  0. |  0. || -1. |  0. |  0. ||  1. |  0. |  0. |
|=====+=====+=====||=====+=====+=====||=====+=====+=====|
|  0. |  1. | -1. ||  0. |  0. |  0. ||  0. |  1. |  0. |
| -1. |  0. | -1. ||  0. |  0. |  0. ||  0. |  0. |  0. |
|  0. |  0. | -1. ||  0. |  0. | -1. ||  0. |  1. |  0. |

, evalForThisState=-1.0, isPlayerOneTurnOriginally=true}, StateDatum{MCTSProbabilites=
|  .0 |  .0 |  .0 ||  .0 |  .0 |  .0 ||  .0 |  .0 |  .0 |
|  .0 |  .0 |  .0 ||  .0 |  .0 |  .0 ||  .0 |  .0 |  .0 |
|  .0 |  .0 |  .0 ||  .0 |  .0 |  .0 ||  .0 |  .0 |  .0 |
|========+========+========||========+========+========||========+========+========|
|  .0 |  .0 |  .0 ||  .0 |  .0 |  .0 ||  .0 |  .0 |  .0 |
|  .0 |  .0 |  .0 ||  .0 |  .0 |  .0 ||  .0 |  .0 |  .0 |
|  .0 |  .0 |  .0 ||  .0 |  .0 |  .0 ||  .0 |  .0 |  .0 |
|========+========+========||========+========+========||========+========+========|
|  .0 |  .0 |  .0 ||  .1643 |  .1005 |  .176 ||  .0 |  .0 |  .0 |
|  .0 |  .0 |  .0 ||  .1121 |  .1353 |  .1354 ||  .0 |  .0 |  .0 |
|  .0 |  .0 |  .0 ||  .0453 |  .1311 |  .0 ||  .0 |  .0 |  .0 |

, state=
| -0. | -0. | -0. || -0. |  1. |  1. || -0. | -0. | -0. |
| -0. | -0. | -0. ||  1. | -0. | -0. || -0. | -0. | -0. |
| -0. | -0. | -0. || -1. | -0. | -0. || -1. | -1. | -0. |
|=====+=====+=====||=====+=====+=====||=====+=====+=====|
| -0. | -0. | -0. || -0. | -0. | -0. || -0. | -1. | -0. |
| -0. | -1. | -0. || -0. | -1. |  1. || -0. | -0. | -0. |
| -1. | -0. | -0. ||  1. | -0. | -0. || -1. | -0. | -0. |
|=====+=====+=====||=====+=====+=====||=====+=====+=====|
| -0. | -1. |  1. ||*-0. |*-0. |*-0. || -0. | -1. | -0. |
|  1. | -0. |  1. ||*-0. |*-0. |*-0. || -0. | -0. | -0. |
| -0. | -0. |  1. ||*-0. |*-0. |* 1. || -0. | -1. | -0. |

, evalForThisState=1.0, isPlayerOneTurnOriginally=false}, StateDatum{MCTSProbabilites=
|  .0 |  .0 |  .0 ||  .0 |  .0 |  .0 ||  .1999 |  .1715 |  .1087 |
|  .0 |  .0 |  .0 ||  .0 |  .0 |  .0 ||  .1477 |  .1227 |  .1226 |
|  .0 |  .0 |  .0 ||  .0 |  .0 |  .0 ||  .0 |  .0 |  .127 |
|========+========+========||========+========+========||========+========+========|
|  .0 |  .0 |  .0 ||  .0 |  .0 |  .0 ||  .0 |  .0 |  .0 |
|  .0 |  .0 |  .0 ||  .0 |  .0 |  .0 ||  .0 |  .0 |  .0 |
|  .0 |  .0 |  .0 ||  .0 |  .0 |  .0 ||  .0 |  .0 |  .0 |
|========+========+========||========+========+========||========+========+========|
|  .0 |  .0 |  .0 ||  .0 |  .0 |  .0 ||  .0 |  .0 |  .0 |
|  .0 |  .0 |  .0 ||  .0 |  .0 |  .0 ||  .0 |  .0 |  .0 |
|  .0 |  .0 |  .0 ||  .0 |  .0 |  .0 ||  .0 |  .0 |  .0 |

, state=
|  0. |  0. |  0. ||  0. | -1. | -1. ||* 0. |* 0. |* 0. |
|  0. |  0. |  0. || -1. |  0. |  0. ||* 0. |* 0. |* 0. |
|  0. |  0. |  0. ||  1. |  0. |  0. ||* 1. |* 1. |* 0. |
|=====+=====+=====||=====+=====+=====||=====+=====+=====|
|  0. |  0. |  0. ||  0. |  0. |  0. ||  0. |  1. |  0. |
|  0. |  1. |  0. ||  0. |  1. | -1. ||  0. |  0. |  0. |
|  1. |  0. |  0. || -1. |  0. |  0. ||  1. |  0. |  0. |
|=====+=====+=====||=====+=====+=====||=====+=====+=====|
|  0. |  1. | -1. ||  0. |  0. | -1. ||  0. |  1. |  0. |
| -1. |  0. | -1. ||  0. |  0. |  0. ||  0. |  0. |  0. |
|  0. |  0. | -1. ||  0. |  0. | -1. ||  0. |  1. |  0. |

, evalForThisState=-1.0, isPlayerOneTurnOriginally=true}, StateDatum{MCTSProbabilites=
|  .1291 |  .1071 |  .0946 ||  .0 |  .0 |  .0 ||  .0 |  .0 |  .0 |
|  .1395 |  .1068 |  .1349 ||  .0 |  .0 |  .0 ||  .0 |  .0 |  .0 |
|  .0355 |  .1363 |  .1163 ||  .0 |  .0 |  .0 ||  .0 |  .0 |  .0 |
|========+========+========||========+========+========||========+========+========|
|  .0 |  .0 |  .0 ||  .0 |  .0 |  .0 ||  .0 |  .0 |  .0 |
|  .0 |  .0 |  .0 ||  .0 |  .0 |  .0 ||  .0 |  .0 |  .0 |
|  .0 |  .0 |  .0 ||  .0 |  .0 |  .0 ||  .0 |  .0 |  .0 |
|========+========+========||========+========+========||========+========+========|
|  .0 |  .0 |  .0 ||  .0 |  .0 |  .0 ||  .0 |  .0 |  .0 |
|  .0 |  .0 |  .0 ||  .0 |  .0 |  .0 ||  .0 |  .0 |  .0 |
|  .0 |  .0 |  .0 ||  .0 |  .0 |  .0 ||  .0 |  .0 |  .0 |

, state=
|*-0. |*-0. |*-0. || -0. |  1. |  1. || -1. | -0. | -0. |
|*-0. |*-0. |*-0. ||  1. | -0. | -0. || -0. | -0. | -0. |
|*-0. |*-0. |*-0. || -1. | -0. | -0. || -1. | -1. | -0. |
|=====+=====+=====||=====+=====+=====||=====+=====+=====|
| -0. | -0. | -0. || -0. | -0. | -0. || -0. | -1. | -0. |
| -0. | -1. | -0. || -0. | -1. |  1. || -0. | -0. | -0. |
| -1. | -0. | -0. ||  1. | -0. | -0. || -1. | -0. | -0. |
|=====+=====+=====||=====+=====+=====||=====+=====+=====|
| -0. | -1. |  1. || -0. | -0. |  1. || -0. | -1. | -0. |
|  1. | -0. |  1. || -0. | -0. | -0. || -0. | -0. | -0. |
| -0. | -0. |  1. || -0. | -0. |  1. || -0. | -1. | -0. |

, evalForThisState=1.0, isPlayerOneTurnOriginally=false}, StateDatum{MCTSProbabilites=
|  .0 |  .0 |  .0 ||  .0 |  .0 |  .0 ||  .0 |  .0 |  .0 |
|  .0 |  .0 |  .0 ||  .0 |  .0 |  .0 ||  .0 |  .0 |  .0 |
|  .0 |  .0 |  .0 ||  .0 |  .0 |  .0 ||  .0 |  .0 |  .0 |
|========+========+========||========+========+========||========+========+========|
|  .1754 |  .1714 |  .1078 ||  .0 |  .0 |  .0 ||  .0 |  .0 |  .0 |
|  .1595 |  .0 |  .1353 ||  .0 |  .0 |  .0 ||  .0 |  .0 |  .0 |
|  .0 |  .1665 |  .084 ||  .0 |  .0 |  .0 ||  .0 |  .0 |  .0 |
|========+========+========||========+========+========||========+========+========|
|  .0 |  .0 |  .0 ||  .0 |  .0 |  .0 ||  .0 |  .0 |  .0 |
|  .0 |  .0 |  .0 ||  .0 |  .0 |  .0 ||  .0 |  .0 |  .0 |
|  .0 |  .0 |  .0 ||  .0 |  .0 |  .0 ||  .0 |  .0 |  .0 |

, state=
|  0. |  0. |  0. ||  0. | -1. | -1. ||  1. |  0. |  0. |
| -1. |  0. |  0. || -1. |  0. |  0. ||  0. |  0. |  0. |
|  0. |  0. |  0. ||  1. |  0. |  0. ||  1. |  1. |  0. |
|=====+=====+=====||=====+=====+=====||=====+=====+=====|
|* 0. |* 0. |* 0. ||  0. |  0. |  0. ||  0. |  1. |  0. |
|* 0. |* 1. |* 0. ||  0. |  1. | -1. ||  0. |  0. |  0. |
|* 1. |* 0. |* 0. || -1. |  0. |  0. ||  1. |  0. |  0. |
|=====+=====+=====||=====+=====+=====||=====+=====+=====|
|  0. |  1. | -1. ||  0. |  0. | -1. ||  0. |  1. |  0. |
| -1. |  0. | -1. ||  0. |  0. |  0. ||  0. |  0. |  0. |
|  0. |  0. | -1. ||  0. |  0. | -1. ||  0. |  1. |  0. |

, evalForThisState=-1.0, isPlayerOneTurnOriginally=true}, StateDatum{MCTSProbabilites=
|  .1109 |  .1046 |  .1093 ||  .0 |  .0 |  .0 ||  .0 |  .0 |  .0 |
|  .0 |  .1008 |  .1072 ||  .0 |  .0 |  .0 ||  .0 |  .0 |  .0 |
|  .2586 |  .0884 |  .1202 ||  .0 |  .0 |  .0 ||  .0 |  .0 |  .0 |
|========+========+========||========+========+========||========+========+========|
|  .0 |  .0 |  .0 ||  .0 |  .0 |  .0 ||  .0 |  .0 |  .0 |
|  .0 |  .0 |  .0 ||  .0 |  .0 |  .0 ||  .0 |  .0 |  .0 |
|  .0 |  .0 |  .0 ||  .0 |  .0 |  .0 ||  .0 |  .0 |  .0 |
|========+========+========||========+========+========||========+========+========|
|  .0 |  .0 |  .0 ||  .0 |  .0 |  .0 ||  .0 |  .0 |  .0 |
|  .0 |  .0 |  .0 ||  .0 |  .0 |  .0 ||  .0 |  .0 |  .0 |
|  .0 |  .0 |  .0 ||  .0 |  .0 |  .0 ||  .0 |  .0 |  .0 |

, state=
|*-0. |*-0. |*-0. || -0. |  1. |  1. || -1. | -0. | -0. |
|* 1. |*-0. |*-0. ||  1. | -0. | -0. || -0. | -0. | -0. |
|*-0. |*-0. |*-0. || -1. | -0. | -0. || -1. | -1. | -0. |
|=====+=====+=====||=====+=====+=====||=====+=====+=====|
| -1. | -0. | -0. || -0. | -0. | -0. || -0. | -1. | -0. |
| -0. | -1. | -0. || -0. | -1. |  1. || -0. | -0. | -0. |
| -1. | -0. | -0. ||  1. | -0. | -0. || -1. | -0. | -0. |
|=====+=====+=====||=====+=====+=====||=====+=====+=====|
| -0. | -1. |  1. || -0. | -0. |  1. || -0. | -1. | -0. |
|  1. | -0. |  1. || -0. | -0. | -0. || -0. | -0. | -0. |
| -0. | -0. |  1. || -0. | -0. |  1. || -0. | -1. | -0. |

, evalForThisState=1.0, isPlayerOneTurnOriginally=false}, StateDatum{MCTSProbabilites=
|  .0168 |  .0232 |  .0202 ||  .0118 |  .0 |  .0 ||  .0 |  .0149 |  .0122 |
|  .0 |  .0321 |  .0167 ||  .0 |  .0336 |  .0219 ||  .0234 |  .0271 |  .0396 |
|  .0 |  .038 |  .0424 ||  .0 |  .0206 |  .0134 ||  .0 |  .0 |  .028 |
|========+========+========||========+========+========||========+========+========|
|  .0 |  .0175 |  .0151 ||  .0158 |  .0149 |  .0161 ||  .0129 |  .0 |  .0114 |
|  .0204 |  .0 |  .0239 ||  .0112 |  .0 |  .0 ||  .0182 |  .017 |  .023 |
|  .0 |  .0169 |  .0193 ||  .0 |  .0177 |  .0163 ||  .0 |  .016 |  .0108 |
|========+========+========||========+========+========||========+========+========|
|  .0 |  .0 |  .0 ||  .0169 |  .0137 |  .0 ||  .0168 |  .0 |  .0148 |
|  .0 |  .0 |  .0 ||  .0216 |  .0203 |  .0248 ||  .0132 |  .0185 |  .0225 |
|  .0 |  .0 |  .0 ||  .0196 |  .0252 |  .0 ||  .0059 |  .0 |  .0157 |

, state=
|* 0. |* 0. |* 0. ||* 0. |*-1. |*-1. ||* 1. |* 0. |* 0. |
|*-1. |* 0. |* 0. ||*-1. |* 0. |* 0. ||* 0. |* 0. |* 0. |
|*-1. |* 0. |* 0. ||* 1. |* 0. |* 0. ||* 1. |* 1. |* 0. |
|=====+=====+=====||=====+=====+=====||=====+=====+=====|
|* 1. |* 0. |* 0. ||* 0. |* 0. |* 0. ||* 0. |* 1. |* 0. |
|* 0. |* 1. |* 0. ||* 0. |* 1. |*-1. ||* 0. |* 0. |* 0. |
|* 1. |* 0. |* 0. ||*-1. |* 0. |* 0. ||* 1. |* 0. |* 0. |
|=====+=====+=====||=====+=====+=====||=====+=====+=====|
|  0. |  1. | -1. ||* 0. |* 0. |*-1. ||* 0. |* 1. |* 0. |
| -1. |  0. | -1. ||* 0. |* 0. |* 0. ||* 0. |* 0. |* 0. |
|  0. |  0. | -1. ||* 0. |* 0. |*-1. ||* 0. |* 1. |* 0. |

, evalForThisState=-1.0, isPlayerOneTurnOriginally=true}, StateDatum{MCTSProbabilites=
|  .0 |  .0 |  .0 ||  .0 |  .0 |  .0 ||  .0 |  .0 |  .0 |
|  .0 |  .0 |  .0 ||  .0 |  .0 |  .0 ||  .0 |  .0 |  .0 |
|  .0 |  .0 |  .0 ||  .0 |  .0 |  .0 ||  .0 |  .0 |  .0 |
|========+========+========||========+========+========||========+========+========|
|  .0 |  .0 |  .0 ||  .0 |  .0 |  .0 ||  .0 |  .0 |  .0 |
|  .0 |  .0 |  .0 ||  .0 |  .0 |  .0 ||  .0 |  .0 |  .0 |
|  .0 |  .0 |  .0 ||  .0 |  .0 |  .0 ||  .0 |  .0 |  .0 |
|========+========+========||========+========+========||========+========+========|
|  .0 |  .0 |  .0 ||  .0 |  .0 |  .0 ||  .127 |  .0 |  .0843 |
|  .0 |  .0 |  .0 ||  .0 |  .0 |  .0 ||  .128 |  .1512 |  .1261 |
|  .0 |  .0 |  .0 ||  .0 |  .0 |  .0 ||  .2723 |  .0 |  .1111 |

, state=
| -0. | -0. | -0. || -0. |  1. |  1. || -1. | -0. | -0. |
|  1. | -0. | -0. ||  1. | -0. | -0. || -0. | -0. | -0. |
|  1. | -0. | -1. || -1. | -0. | -0. || -1. | -1. | -0. |
|=====+=====+=====||=====+=====+=====||=====+=====+=====|
| -1. | -0. | -0. || -0. | -0. | -0. || -0. | -1. | -0. |
| -0. | -1. | -0. || -0. | -1. |  1. || -0. | -0. | -0. |
| -1. | -0. | -0. ||  1. | -0. | -0. || -1. | -0. | -0. |
|=====+=====+=====||=====+=====+=====||=====+=====+=====|
| -0. | -1. |  1. || -0. | -0. |  1. ||*-0. |*-1. |*-0. |
|  1. | -0. |  1. || -0. | -0. | -0. ||*-0. |*-0. |*-0. |
| -0. | -0. |  1. || -0. | -0. |  1. ||*-0. |*-1. |*-0. |

, evalForThisState=1.0, isPlayerOneTurnOriginally=false}, StateDatum{MCTSProbabilites=
|  .0174 |  .019 |  .0318 ||  .015 |  .0 |  .0 ||  .0 |  .0216 |  .0182 |
|  .0 |  .0077 |  .0222 ||  .0 |  .0234 |  .0294 ||  .0094 |  .0314 |  .0211 |
|  .0 |  .0186 |  .0 ||  .0 |  .0195 |  .0261 ||  .0 |  .0 |  .0138 |
|========+========+========||========+========+========||========+========+========|
|  .0 |  .0269 |  .0145 ||  .012 |  .0192 |  .0254 ||  .0187 |  .0 |  .0143 |
|  .0179 |  .0 |  .0341 ||  .0263 |  .0 |  .0 ||  .0157 |  .0288 |  .0303 |
|  .0 |  .0249 |  .0054 ||  .0 |  .0188 |  .0262 ||  .0 |  .0157 |  .0334 |
|========+========+========||========+========+========||========+========+========|
|  .0 |  .0 |  .0 ||  .0233 |  .0128 |  .0 ||  .0159 |  .0 |  .018 |
|  .0 |  .0 |  .0 ||  .0183 |  .022 |  .0104 ||  .0195 |  .0241 |  .0241 |
|  .0 |  .0 |  .0 ||  .0177 |  .0107 |  .0 ||  .0 |  .0 |  .0294 |

, state=
|* 0. |* 0. |* 0. ||* 0. |*-1. |*-1. ||* 1. |* 0. |* 0. |
|*-1. |* 0. |* 0. ||*-1. |* 0. |* 0. ||* 0. |* 0. |* 0. |
|*-1. |* 0. |* 1. ||* 1. |* 0. |* 0. ||* 1. |* 1. |* 0. |
|=====+=====+=====||=====+=====+=====||=====+=====+=====|
|* 1. |* 0. |* 0. ||* 0. |* 0. |* 0. ||* 0. |* 1. |* 0. |
|* 0. |* 1. |* 0. ||* 0. |* 1. |*-1. ||* 0. |* 0. |* 0. |
|* 1. |* 0. |* 0. ||*-1. |* 0. |* 0. ||* 1. |* 0. |* 0. |
|=====+=====+=====||=====+=====+=====||=====+=====+=====|
|  0. |  1. | -1. ||* 0. |* 0. |*-1. ||* 0. |* 1. |* 0. |
| -1. |  0. | -1. ||* 0. |* 0. |* 0. ||* 0. |* 0. |* 0. |
|  0. |  0. | -1. ||* 0. |* 0. |*-1. ||*-1. |* 1. |* 0. |

, evalForThisState=-1.0, isPlayerOneTurnOriginally=true}, StateDatum{MCTSProbabilites=
|  .0 |  .0 |  .0 ||  .0 |  .0 |  .0 ||  .0 |  .0 |  .0 |
|  .0 |  .0 |  .0 ||  .0 |  .0 |  .0 ||  .0 |  .0 |  .0 |
|  .0 |  .0 |  .0 ||  .0 |  .0 |  .0 ||  .0 |  .0 |  .0 |
|========+========+========||========+========+========||========+========+========|
|  .0 |  .0 |  .0 ||  .0 |  .0 |  .0 ||  .2008 |  .0 |  .1404 |
|  .0 |  .0 |  .0 ||  .0 |  .0 |  .0 ||  .2307 |  .1412 |  .1165 |
|  .0 |  .0 |  .0 ||  .0 |  .0 |  .0 ||  .0 |  .1052 |  .0652 |
|========+========+========||========+========+========||========+========+========|
|  .0 |  .0 |  .0 ||  .0 |  .0 |  .0 ||  .0 |  .0 |  .0 |
|  .0 |  .0 |  .0 ||  .0 |  .0 |  .0 ||  .0 |  .0 |  .0 |
|  .0 |  .0 |  .0 ||  .0 |  .0 |  .0 ||  .0 |  .0 |  .0 |

, state=
| -0. | -0. | -0. || -0. |  1. |  1. || -1. | -0. | -0. |
|  1. | -0. | -0. ||  1. | -0. | -0. || -0. | -0. | -0. |
|  1. | -0. | -1. || -1. | -0. | -0. || -1. | -1. | -0. |
|=====+=====+=====||=====+=====+=====||=====+=====+=====|
| -1. | -0. | -0. || -0. | -0. | -0. ||*-0. |*-1. |*-0. |
| -0. | -1. | -1. || -0. | -1. |  1. ||*-0. |*-0. |*-0. |
| -1. | -0. | -0. ||  1. | -0. | -0. ||*-1. |*-0. |*-0. |
|=====+=====+=====||=====+=====+=====||=====+=====+=====|
| -0. | -1. |  1. || -0. | -0. |  1. || -0. | -1. | -0. |
|  1. | -0. |  1. || -0. | -0. | -0. || -0. | -0. | -0. |
| -0. | -0. |  1. || -0. | -0. |  1. ||  1. | -1. | -0. |

, evalForThisState=1.0, isPlayerOneTurnOriginally=false}, StateDatum{MCTSProbabilites=
|  .0 |  .0 |  .0 ||  .0 |  .0 |  .0 ||  .0 |  .0 |  .0 |
|  .0 |  .0 |  .0 ||  .0 |  .0 |  .0 ||  .0 |  .0 |  .0 |
|  .0 |  .0 |  .0 ||  .0 |  .0 |  .0 ||  .0 |  .0 |  .0 |
|========+========+========||========+========+========||========+========+========|
|  .0 |  .3387 |  .2893 ||  .0 |  .0 |  .0 ||  .0 |  .0 |  .0 |
|  .2108 |  .0 |  .0 ||  .0 |  .0 |  .0 ||  .0 |  .0 |  .0 |
|  .0 |  .0805 |  .0807 ||  .0 |  .0 |  .0 ||  .0 |  .0 |  .0 |
|========+========+========||========+========+========||========+========+========|
|  .0 |  .0 |  .0 ||  .0 |  .0 |  .0 ||  .0 |  .0 |  .0 |
|  .0 |  .0 |  .0 ||  .0 |  .0 |  .0 ||  .0 |  .0 |  .0 |
|  .0 |  .0 |  .0 ||  .0 |  .0 |  .0 ||  .0 |  .0 |  .0 |

, state=
|  0. |  0. |  0. ||  0. | -1. | -1. ||  1. |  0. |  0. |
| -1. |  0. |  0. || -1. |  0. |  0. ||  0. |  0. |  0. |
| -1. |  0. |  1. ||  1. |  0. |  0. ||  1. |  1. |  0. |
|=====+=====+=====||=====+=====+=====||=====+=====+=====|
|* 1. |* 0. |* 0. ||  0. |  0. |  0. ||  0. |  1. |  0. |
|* 0. |* 1. |* 1. ||  0. |  1. | -1. || -1. |  0. |  0. |
|* 1. |* 0. |* 0. || -1. |  0. |  0. ||  1. |  0. |  0. |
|=====+=====+=====||=====+=====+=====||=====+=====+=====|
|  0. |  1. | -1. ||  0. |  0. | -1. ||  0. |  1. |  0. |
| -1. |  0. | -1. ||  0. |  0. |  0. ||  0. |  0. |  0. |
|  0. |  0. | -1. ||  0. |  0. | -1. || -1. |  1. |  0. |

, evalForThisState=-1.0, isPlayerOneTurnOriginally=true}, StateDatum{MCTSProbabilites=
|  .0 |  .0 |  .0 ||  .1586 |  .0 |  .0 ||  .0 |  .0 |  .0 |
|  .0 |  .0 |  .0 ||  .0 |  .1945 |  .2073 ||  .0 |  .0 |  .0 |
|  .0 |  .0 |  .0 ||  .0 |  .24 |  .1996 ||  .0 |  .0 |  .0 |
|========+========+========||========+========+========||========+========+========|
|  .0 |  .0 |  .0 ||  .0 |  .0 |  .0 ||  .0 |  .0 |  .0 |
|  .0 |  .0 |  .0 ||  .0 |  .0 |  .0 ||  .0 |  .0 |  .0 |
|  .0 |  .0 |  .0 ||  .0 |  .0 |  .0 ||  .0 |  .0 |  .0 |
|========+========+========||========+========+========||========+========+========|
|  .0 |  .0 |  .0 ||  .0 |  .0 |  .0 ||  .0 |  .0 |  .0 |
|  .0 |  .0 |  .0 ||  .0 |  .0 |  .0 ||  .0 |  .0 |  .0 |
|  .0 |  .0 |  .0 ||  .0 |  .0 |  .0 ||  .0 |  .0 |  .0 |

, state=
| -0. | -0. | -0. ||*-0. |* 1. |* 1. || -1. | -0. | -0. |
|  1. | -0. | -0. ||* 1. |*-0. |*-0. || -0. | -0. | -0. |
|  1. | -0. | -1. ||*-1. |*-0. |*-0. || -1. | -1. | -0. |
|=====+=====+=====||=====+=====+=====||=====+=====+=====|
| -1. | -1. | -0. || -0. | -0. | -0. || -0. | -1. | -0. |
| -0. | -1. | -1. || -0. | -1. |  1. ||  1. | -0. | -0. |
| -1. | -0. | -0. ||  1. | -0. | -0. || -1. | -0. | -0. |
|=====+=====+=====||=====+=====+=====||=====+=====+=====|
| -0. | -1. |  1. || -0. | -0. |  1. || -0. | -1. | -0. |
|  1. | -0. |  1. || -0. | -0. | -0. || -0. | -0. | -0. |
| -0. | -0. |  1. || -0. | -0. |  1. ||  1. | -1. | -0. |

, evalForThisState=1.0, isPlayerOneTurnOriginally=false}, StateDatum{MCTSProbabilites=
|  .0 |  .0 |  .0 ||  .0 |  .0 |  .0 ||  .0 |  .0 |  .0 |
|  .0 |  .0 |  .0 ||  .0 |  .0 |  .0 ||  .0 |  .0 |  .0 |
|  .0 |  .0 |  .0 ||  .0 |  .0 |  .0 ||  .0 |  .0 |  .0 |
|========+========+========||========+========+========||========+========+========|
|  .0 |  .0 |  .0 ||  .0 |  .0 |  .0 ||  .0 |  .0 |  .0 |
|  .0 |  .0 |  .0 ||  .0 |  .0 |  .0 ||  .0 |  .0 |  .0 |
|  .0 |  .0 |  .0 ||  .0 |  .0 |  .0 ||  .0 |  .0 |  .0 |
|========+========+========||========+========+========||========+========+========|
|  .0 |  .0 |  .0 ||  .0901 |  .06 |  .0 ||  .0 |  .0 |  .0 |
|  .0 |  .0 |  .0 ||  .3102 |  .0873 |  .1244 ||  .0 |  .0 |  .0 |
|  .0 |  .0 |  .0 ||  .2434 |  .0847 |  .0 ||  .0 |  .0 |  .0 |

, state=
|  0. |  0. |  0. ||  0. | -1. | -1. ||  1. |  0. |  0. |
| -1. |  0. |  0. || -1. |  0. |  0. ||  0. |  0. |  0. |
| -1. |  0. |  1. ||  1. | -1. |  0. ||  1. |  1. |  0. |
|=====+=====+=====||=====+=====+=====||=====+=====+=====|
|  1. |  1. |  0. ||  0. |  0. |  0. ||  0. |  1. |  0. |
|  0. |  1. |  1. ||  0. |  1. | -1. || -1. |  0. |  0. |
|  1. |  0. |  0. || -1. |  0. |  0. ||  1. |  0. |  0. |
|=====+=====+=====||=====+=====+=====||=====+=====+=====|
|  0. |  1. | -1. ||* 0. |* 0. |*-1. ||  0. |  1. |  0. |
| -1. |  0. | -1. ||* 0. |* 0. |* 0. ||  0. |  0. |  0. |
|  0. |  0. | -1. ||* 0. |* 0. |*-1. || -1. |  1. |  0. |

, evalForThisState=-1.0, isPlayerOneTurnOriginally=true}, StateDatum{MCTSProbabilites=
|  .0 |  .0 |  .0 ||  .0 |  .0 |  .0 ||  .0 |  .0 |  .0 |
|  .0 |  .0 |  .0 ||  .0 |  .0 |  .0 ||  .0 |  .0 |  .0 |
|  .0 |  .0 |  .0 ||  .0 |  .0 |  .0 ||  .0 |  .0 |  .0 |
|========+========+========||========+========+========||========+========+========|
|  .0 |  .0 |  .2337 ||  .0 |  .0 |  .0 ||  .0 |  .0 |  .0 |
|  .2842 |  .0 |  .0 ||  .0 |  .0 |  .0 ||  .0 |  .0 |  .0 |
|  .0 |  .3359 |  .1462 ||  .0 |  .0 |  .0 ||  .0 |  .0 |  .0 |
|========+========+========||========+========+========||========+========+========|
|  .0 |  .0 |  .0 ||  .0 |  .0 |  .0 ||  .0 |  .0 |  .0 |
|  .0 |  .0 |  .0 ||  .0 |  .0 |  .0 ||  .0 |  .0 |  .0 |
|  .0 |  .0 |  .0 ||  .0 |  .0 |  .0 ||  .0 |  .0 |  .0 |

, state=
| -0. | -0. | -0. || -0. |  1. |  1. || -1. | -0. | -0. |
|  1. | -0. | -0. ||  1. | -0. | -0. || -0. | -0. | -0. |
|  1. | -0. | -1. || -1. |  1. | -0. || -1. | -1. | -0. |
|=====+=====+=====||=====+=====+=====||=====+=====+=====|
|*-1. |*-1. |*-0. || -0. | -0. | -0. || -0. | -1. | -0. |
|*-0. |*-1. |*-1. || -0. | -1. |  1. ||  1. | -0. | -0. |
|*-1. |*-0. |*-0. ||  1. | -0. | -0. || -1. | -0. | -0. |
|=====+=====+=====||=====+=====+=====||=====+=====+=====|
| -0. | -1. |  1. || -0. | -0. |  1. || -0. | -1. | -0. |
|  1. | -0. |  1. || -1. | -0. | -0. || -0. | -0. | -0. |
| -0. | -0. |  1. || -0. | -0. |  1. ||  1. | -1. | -0. |

, evalForThisState=1.0, isPlayerOneTurnOriginally=false}, StateDatum{MCTSProbabilites=
|  .0 |  .0 |  .0 ||  .0 |  .0 |  .0 ||  .0 |  .0 |  .0 |
|  .0 |  .0 |  .0 ||  .0 |  .0 |  .0 ||  .0 |  .0 |  .0 |
|  .0 |  .0 |  .0 ||  .0 |  .0 |  .0 ||  .0 |  .0 |  .0 |
|========+========+========||========+========+========||========+========+========|
|  .0 |  .0 |  .0 ||  .0 |  .0 |  .0 ||  .0 |  .0 |  .0 |
|  .0 |  .0 |  .0 ||  .0 |  .0 |  .0 ||  .0 |  .0 |  .0 |
|  .0 |  .0 |  .0 ||  .0 |  .0 |  .0 ||  .0 |  .0 |  .0 |
|========+========+========||========+========+========||========+========+========|
|  .0 |  .0 |  .0 ||  .0416 |  .1709 |  .0 ||  .0 |  .0 |  .0 |
|  .0 |  .0 |  .0 ||  .0 |  .2995 |  .0794 ||  .0 |  .0 |  .0 |
|  .0 |  .0 |  .0 ||  .1886 |  .2199 |  .0 ||  .0 |  .0 |  .0 |

, state=
|  0. |  0. |  0. ||  0. | -1. | -1. ||  1. |  0. |  0. |
| -1. |  0. |  0. || -1. |  0. |  0. ||  0. |  0. |  0. |
| -1. |  0. |  1. ||  1. | -1. |  0. ||  1. |  1. |  0. |
|=====+=====+=====||=====+=====+=====||=====+=====+=====|
|  1. |  1. |  0. ||  0. |  0. |  0. ||  0. |  1. |  0. |
|  0. |  1. |  1. ||  0. |  1. | -1. || -1. |  0. |  0. |
|  1. | -1. |  0. || -1. |  0. |  0. ||  1. |  0. |  0. |
|=====+=====+=====||=====+=====+=====||=====+=====+=====|
|  0. |  1. | -1. ||* 0. |* 0. |*-1. ||  0. |  1. |  0. |
| -1. |  0. | -1. ||* 1. |* 0. |* 0. ||  0. |  0. |  0. |
|  0. |  0. | -1. ||* 0. |* 0. |*-1. || -1. |  1. |  0. |

, evalForThisState=-1.0, isPlayerOneTurnOriginally=true}, StateDatum{MCTSProbabilites=
|  .0 |  .0 |  .0 ||  .0 |  .0 |  .0 ||  .0 |  .0 |  .0 |
|  .0 |  .0 |  .0 ||  .0 |  .0 |  .0 ||  .0 |  .0 |  .0 |
|  .0 |  .0 |  .0 ||  .0 |  .0 |  .0 ||  .0 |  .0 |  .0 |
|========+========+========||========+========+========||========+========+========|
|  .0 |  .0 |  .0 ||  .17 |  .1934 |  .1497 ||  .0 |  .0 |  .0 |
|  .0 |  .0 |  .0 ||  .2448 |  .0 |  .0 ||  .0 |  .0 |  .0 |
|  .0 |  .0 |  .0 ||  .0 |  .1222 |  .1198 ||  .0 |  .0 |  .0 |
|========+========+========||========+========+========||========+========+========|
|  .0 |  .0 |  .0 ||  .0 |  .0 |  .0 ||  .0 |  .0 |  .0 |
|  .0 |  .0 |  .0 ||  .0 |  .0 |  .0 ||  .0 |  .0 |  .0 |
|  .0 |  .0 |  .0 ||  .0 |  .0 |  .0 ||  .0 |  .0 |  .0 |

, state=
| -0. | -0. | -0. || -0. |  1. |  1. || -1. | -0. | -0. |
|  1. | -0. | -0. ||  1. | -0. | -0. || -0. | -0. | -0. |
|  1. | -0. | -1. || -1. |  1. | -0. || -1. | -1. | -0. |
|=====+=====+=====||=====+=====+=====||=====+=====+=====|
| -1. | -1. | -0. ||*-0. |*-0. |*-0. || -0. | -1. | -0. |
| -0. | -1. | -1. ||*-0. |*-1. |* 1. ||  1. | -0. | -0. |
| -1. |  1. | -0. ||* 1. |*-0. |*-0. || -1. | -0. | -0. |
|=====+=====+=====||=====+=====+=====||=====+=====+=====|
| -0. | -1. |  1. || -0. | -0. |  1. || -0. | -1. | -0. |
|  1. | -0. |  1. || -1. | -1. | -0. || -0. | -0. | -0. |
| -0. | -0. |  1. || -0. | -0. |  1. ||  1. | -1. | -0. |

, evalForThisState=1.0, isPlayerOneTurnOriginally=false}, StateDatum{MCTSProbabilites=
|  .0 |  .0 |  .0 ||  .0 |  .0 |  .0 ||  .0 |  .0 |  .0 |
|  .0 |  .0 |  .0 ||  .0 |  .0 |  .0 ||  .0 |  .0 |  .0 |
|  .0 |  .0 |  .0 ||  .0 |  .0 |  .0 ||  .0 |  .0 |  .0 |
|========+========+========||========+========+========||========+========+========|
|  .0 |  .0 |  .4037 ||  .0 |  .0 |  .0 ||  .0 |  .0 |  .0 |
|  .2279 |  .0 |  .0 ||  .0 |  .0 |  .0 ||  .0 |  .0 |  .0 |
|  .0 |  .0 |  .3683 ||  .0 |  .0 |  .0 ||  .0 |  .0 |  .0 |
|========+========+========||========+========+========||========+========+========|
|  .0 |  .0 |  .0 ||  .0 |  .0 |  .0 ||  .0 |  .0 |  .0 |
|  .0 |  .0 |  .0 ||  .0 |  .0 |  .0 ||  .0 |  .0 |  .0 |
|  .0 |  .0 |  .0 ||  .0 |  .0 |  .0 ||  .0 |  .0 |  .0 |

, state=
|  0. |  0. |  0. ||  0. | -1. | -1. ||  1. |  0. |  0. |
| -1. |  0. |  0. || -1. |  0. |  0. ||  0. |  0. |  0. |
| -1. |  0. |  1. ||  1. | -1. |  0. ||  1. |  1. |  0. |
|=====+=====+=====||=====+=====+=====||=====+=====+=====|
|* 1. |* 1. |* 0. ||  0. |  0. |  0. ||  0. |  1. |  0. |
|* 0. |* 1. |* 1. || -1. |  1. | -1. || -1. |  0. |  0. |
|* 1. |*-1. |* 0. || -1. |  0. |  0. ||  1. |  0. |  0. |
|=====+=====+=====||=====+=====+=====||=====+=====+=====|
|  0. |  1. | -1. ||  0. |  0. | -1. ||  0. |  1. |  0. |
| -1. |  0. | -1. ||  1. |  1. |  0. ||  0. |  0. |  0. |
|  0. |  0. | -1. ||  0. |  0. | -1. || -1. |  1. |  0. |

, evalForThisState=-1.0, isPlayerOneTurnOriginally=true}, StateDatum{MCTSProbabilites=
|  .0 |  .0 |  .0 ||  .0 |  .0 |  .0 ||  .0 |  .3029 |  .1805 |
|  .0 |  .0 |  .0 ||  .0 |  .0 |  .0 ||  .2466 |  .0854 |  .0609 |
|  .0 |  .0 |  .0 ||  .0 |  .0 |  .0 ||  .0 |  .0 |  .1237 |
|========+========+========||========+========+========||========+========+========|
|  .0 |  .0 |  .0 ||  .0 |  .0 |  .0 ||  .0 |  .0 |  .0 |
|  .0 |  .0 |  .0 ||  .0 |  .0 |  .0 ||  .0 |  .0 |  .0 |
|  .0 |  .0 |  .0 ||  .0 |  .0 |  .0 ||  .0 |  .0 |  .0 |
|========+========+========||========+========+========||========+========+========|
|  .0 |  .0 |  .0 ||  .0 |  .0 |  .0 ||  .0 |  .0 |  .0 |
|  .0 |  .0 |  .0 ||  .0 |  .0 |  .0 ||  .0 |  .0 |  .0 |
|  .0 |  .0 |  .0 ||  .0 |  .0 |  .0 ||  .0 |  .0 |  .0 |

, state=
| -0. | -0. | -0. || -0. |  1. |  1. ||*-1. |*-0. |*-0. |
|  1. | -0. | -0. ||  1. | -0. | -0. ||*-0. |*-0. |*-0. |
|  1. | -0. | -1. || -1. |  1. | -0. ||*-1. |*-1. |*-0. |
|=====+=====+=====||=====+=====+=====||=====+=====+=====|
| -1. | -1. | -1. || -0. | -0. | -0. || -0. | -1. | -0. |
| -0. | -1. | -1. ||  1. | -1. |  1. ||  1. | -0. | -0. |
| -1. |  1. | -0. ||  1. | -0. | -0. || -1. | -0. | -0. |
|=====+=====+=====||=====+=====+=====||=====+=====+=====|
| -0. | -1. |  1. || -0. | -0. |  1. || -0. | -1. | -0. |
|  1. | -0. |  1. || -1. | -1. | -0. || -0. | -0. | -0. |
| -0. | -0. |  1. || -0. | -0. |  1. ||  1. | -1. | -0. |

, evalForThisState=1.0, isPlayerOneTurnOriginally=false}, StateDatum{MCTSProbabilites=
|  .0 |  .0 |  .0 ||  .2421 |  .0 |  .0 ||  .0 |  .0 |  .0 |
|  .0 |  .0 |  .0 ||  .0 |  .1702 |  .2909 ||  .0 |  .0 |  .0 |
|  .0 |  .0 |  .0 ||  .0 |  .0 |  .2967 ||  .0 |  .0 |  .0 |
|========+========+========||========+========+========||========+========+========|
|  .0 |  .0 |  .0 ||  .0 |  .0 |  .0 ||  .0 |  .0 |  .0 |
|  .0 |  .0 |  .0 ||  .0 |  .0 |  .0 ||  .0 |  .0 |  .0 |
|  .0 |  .0 |  .0 ||  .0 |  .0 |  .0 ||  .0 |  .0 |  .0 |
|========+========+========||========+========+========||========+========+========|
|  .0 |  .0 |  .0 ||  .0 |  .0 |  .0 ||  .0 |  .0 |  .0 |
|  .0 |  .0 |  .0 ||  .0 |  .0 |  .0 ||  .0 |  .0 |  .0 |
|  .0 |  .0 |  .0 ||  .0 |  .0 |  .0 ||  .0 |  .0 |  .0 |

, state=
|  0. |  0. |  0. ||* 0. |*-1. |*-1. ||  1. | -1. |  0. |
| -1. |  0. |  0. ||*-1. |* 0. |* 0. ||  0. |  0. |  0. |
| -1. |  0. |  1. ||* 1. |*-1. |* 0. ||  1. |  1. |  0. |
|=====+=====+=====||=====+=====+=====||=====+=====+=====|
|  1. |  1. |  1. ||  0. |  0. |  0. ||  0. |  1. |  0. |
|  0. |  1. |  1. || -1. |  1. | -1. || -1. |  0. |  0. |
|  1. | -1. |  0. || -1. |  0. |  0. ||  1. |  0. |  0. |
|=====+=====+=====||=====+=====+=====||=====+=====+=====|
|  0. |  1. | -1. ||  0. |  0. | -1. ||  0. |  1. |  0. |
| -1. |  0. | -1. ||  1. |  1. |  0. ||  0. |  0. |  0. |
|  0. |  0. | -1. ||  0. |  0. | -1. || -1. |  1. |  0. |

, evalForThisState=-1.0, isPlayerOneTurnOriginally=true}, StateDatum{MCTSProbabilites=
|  .0 |  .0 |  .0 ||  .0 |  .0 |  .0 ||  .0 |  .0 |  .0 |
|  .0 |  .0 |  .0 ||  .0 |  .0 |  .0 ||  .0 |  .0 |  .0 |
|  .0 |  .0 |  .0 ||  .0 |  .0 |  .0 ||  .0 |  .0 |  .0 |
|========+========+========||========+========+========||========+========+========|
|  .0 |  .0 |  .0 ||  .0 |  .0 |  .0 ||  .0 |  .0 |  .0 |
|  .0 |  .0 |  .0 ||  .0 |  .0 |  .0 ||  .0 |  .0 |  .0 |
|  .0 |  .0 |  .0 ||  .0 |  .0 |  .0 ||  .0 |  .0 |  .0 |
|========+========+========||========+========+========||========+========+========|
|  .0 |  .0 |  .0 ||  .0 |  .0 |  .0 ||  .1509 |  .0 |  .1944 |
|  .0 |  .0 |  .0 ||  .0 |  .0 |  .0 ||  .1674 |  .3381 |  .0678 |
|  .0 |  .0 |  .0 ||  .0 |  .0 |  .0 ||  .0 |  .0 |  .0815 |

, state=
| -0. | -0. | -0. || -0. |  1. |  1. || -1. |  1. | -0. |
|  1. | -0. | -0. ||  1. | -0. | -0. || -0. | -0. | -0. |
|  1. | -0. | -1. || -1. |  1. | -1. || -1. | -1. | -0. |
|=====+=====+=====||=====+=====+=====||=====+=====+=====|
| -1. | -1. | -1. || -0. | -0. | -0. || -0. | -1. | -0. |
| -0. | -1. | -1. ||  1. | -1. |  1. ||  1. | -0. | -0. |
| -1. |  1. | -0. ||  1. | -0. | -0. || -1. | -0. | -0. |
|=====+=====+=====||=====+=====+=====||=====+=====+=====|
| -0. | -1. |  1. || -0. | -0. |  1. ||*-0. |*-1. |*-0. |
|  1. | -0. |  1. || -1. | -1. | -0. ||*-0. |*-0. |*-0. |
| -0. | -0. |  1. || -0. | -0. |  1. ||* 1. |*-1. |*-0. |

, evalForThisState=1.0, isPlayerOneTurnOriginally=false}, StateDatum{MCTSProbabilites=
|  .0 |  .0 |  .0 ||  .0 |  .0 |  .0 ||  .0 |  .0 |  .0 |
|  .0 |  .0 |  .0 ||  .0 |  .0 |  .0 ||  .0 |  .0 |  .0 |
|  .0 |  .0 |  .0 ||  .0 |  .0 |  .0 ||  .0 |  .0 |  .0 |
|========+========+========||========+========+========||========+========+========|
|  .0 |  .0 |  .0 ||  .1482 |  .3179 |  .1431 ||  .0 |  .0 |  .0 |
|  .0 |  .0 |  .0 ||  .0 |  .0 |  .0 ||  .0 |  .0 |  .0 |
|  .0 |  .0 |  .0 ||  .0 |  .1917 |  .1992 ||  .0 |  .0 |  .0 |
|========+========+========||========+========+========||========+========+========|
|  .0 |  .0 |  .0 ||  .0 |  .0 |  .0 ||  .0 |  .0 |  .0 |
|  .0 |  .0 |  .0 ||  .0 |  .0 |  .0 ||  .0 |  .0 |  .0 |
|  .0 |  .0 |  .0 ||  .0 |  .0 |  .0 ||  .0 |  .0 |  .0 |

, state=
|  0. |  0. |  0. ||  0. | -1. | -1. ||  1. | -1. |  0. |
| -1. |  0. |  0. || -1. |  0. |  0. ||  0. |  0. |  0. |
| -1. |  0. |  1. ||  1. | -1. |  1. ||  1. |  1. |  0. |
|=====+=====+=====||=====+=====+=====||=====+=====+=====|
|  1. |  1. |  1. ||* 0. |* 0. |* 0. ||  0. |  1. |  0. |
|  0. |  1. |  1. ||*-1. |* 1. |*-1. || -1. |  0. |  0. |
|  1. | -1. |  0. ||*-1. |* 0. |* 0. ||  1. |  0. |  0. |
|=====+=====+=====||=====+=====+=====||=====+=====+=====|
|  0. |  1. | -1. ||  0. |  0. | -1. ||  0. |  1. |  0. |
| -1. |  0. | -1. ||  1. |  1. |  0. ||  0. | -1. |  0. |
|  0. |  0. | -1. ||  0. |  0. | -1. || -1. |  1. |  0. |

, evalForThisState=-1.0, isPlayerOneTurnOriginally=true}, StateDatum{MCTSProbabilites=
|  .0 |  .0 |  .0 ||  .2107 |  .0 |  .0 ||  .0 |  .0 |  .0 |
|  .0 |  .0 |  .0 ||  .0 |  .6105 |  .1788 ||  .0 |  .0 |  .0 |
|  .0 |  .0 |  .0 ||  .0 |  .0 |  .0 ||  .0 |  .0 |  .0 |
|========+========+========||========+========+========||========+========+========|
|  .0 |  .0 |  .0 ||  .0 |  .0 |  .0 ||  .0 |  .0 |  .0 |
|  .0 |  .0 |  .0 ||  .0 |  .0 |  .0 ||  .0 |  .0 |  .0 |
|  .0 |  .0 |  .0 ||  .0 |  .0 |  .0 ||  .0 |  .0 |  .0 |
|========+========+========||========+========+========||========+========+========|
|  .0 |  .0 |  .0 ||  .0 |  .0 |  .0 ||  .0 |  .0 |  .0 |
|  .0 |  .0 |  .0 ||  .0 |  .0 |  .0 ||  .0 |  .0 |  .0 |
|  .0 |  .0 |  .0 ||  .0 |  .0 |  .0 ||  .0 |  .0 |  .0 |

, state=
| -0. | -0. | -0. ||*-0. |* 1. |* 1. || -1. |  1. | -0. |
|  1. | -0. | -0. ||* 1. |*-0. |*-0. || -0. | -0. | -0. |
|  1. | -0. | -1. ||*-1. |* 1. |*-1. || -1. | -1. | -0. |
|=====+=====+=====||=====+=====+=====||=====+=====+=====|
| -1. | -1. | -1. || -0. | -1. | -0. || -0. | -1. | -0. |
| -0. | -1. | -1. ||  1. | -1. |  1. ||  1. | -0. | -0. |
| -1. |  1. | -0. ||  1. | -0. | -0. || -1. | -0. | -0. |
|=====+=====+=====||=====+=====+=====||=====+=====+=====|
| -0. | -1. |  1. || -0. | -0. |  1. || -0. | -1. | -0. |
|  1. | -0. |  1. || -1. | -1. | -0. || -0. |  1. | -0. |
| -0. | -0. |  1. || -0. | -0. |  1. ||  1. | -1. | -0. |

, evalForThisState=1.0, isPlayerOneTurnOriginally=false}, StateDatum{MCTSProbabilites=
|  .0 |  .0 |  .0 ||  .0 |  .0 |  .0 ||  .0 |  .0 |  .0 |
|  .0 |  .0 |  .0 ||  .0 |  .0 |  .0 ||  .0 |  .0 |  .0 |
|  .0 |  .0 |  .0 ||  .0 |  .0 |  .0 ||  .0 |  .0 |  .0 |
|========+========+========||========+========+========||========+========+========|
|  .0 |  .0 |  .0 ||  .0961 |  .0 |  .0815 ||  .0 |  .0 |  .0 |
|  .0 |  .0 |  .0 ||  .0 |  .0 |  .0 ||  .0 |  .0 |  .0 |
|  .0 |  .0 |  .0 ||  .0 |  .7261 |  .0963 ||  .0 |  .0 |  .0 |
|========+========+========||========+========+========||========+========+========|
|  .0 |  .0 |  .0 ||  .0 |  .0 |  .0 ||  .0 |  .0 |  .0 |
|  .0 |  .0 |  .0 ||  .0 |  .0 |  .0 ||  .0 |  .0 |  .0 |
|  .0 |  .0 |  .0 ||  .0 |  .0 |  .0 ||  .0 |  .0 |  .0 |

, state=
|  0. |  0. |  0. ||  0. | -1. | -1. ||  1. | -1. |  0. |
| -1. |  0. |  0. || -1. | -1. |  0. ||  0. |  0. |  0. |
| -1. |  0. |  1. ||  1. | -1. |  1. ||  1. |  1. |  0. |
|=====+=====+=====||=====+=====+=====||=====+=====+=====|
|  1. |  1. |  1. ||* 0. |* 1. |* 0. ||  0. |  1. |  0. |
|  0. |  1. |  1. ||*-1. |* 1. |*-1. || -1. |  0. |  0. |
|  1. | -1. |  0. ||*-1. |* 0. |* 0. ||  1. |  0. |  0. |
|=====+=====+=====||=====+=====+=====||=====+=====+=====|
|  0. |  1. | -1. ||  0. |  0. | -1. ||  0. |  1. |  0. |
| -1. |  0. | -1. ||  1. |  1. |  0. ||  0. | -1. |  0. |
|  0. |  0. | -1. ||  0. |  0. | -1. || -1. |  1. |  0. |

, evalForThisState=-1.0, isPlayerOneTurnOriginally=true}, StateDatum{MCTSProbabilites=
|  .0 |  .0 |  .0 ||  .0 |  .0 |  .0 ||  .0 |  .0 |  .0 |
|  .0 |  .0 |  .0 ||  .0 |  .0 |  .0 ||  .0 |  .0 |  .0 |
|  .0 |  .0 |  .0 ||  .0 |  .0 |  .0 ||  .0 |  .0 |  .0 |
|========+========+========||========+========+========||========+========+========|
|  .0 |  .0 |  .0 ||  .0 |  .0 |  .0 ||  .0 |  .0 |  .0 |
|  .0 |  .0 |  .0 ||  .0 |  .0 |  .0 ||  .0 |  .0 |  .0 |
|  .0 |  .0 |  .0 ||  .0 |  .0 |  .0 ||  .0 |  .0 |  .0 |
|========+========+========||========+========+========||========+========+========|
|  .0 |  .0 |  .0 ||  .0007 |  .0015 |  .0 ||  .0 |  .0 |  .0 |
|  .0 |  .0 |  .0 ||  .0 |  .0 |  .9958 ||  .0 |  .0 |  .0 |
|  .0 |  .0 |  .0 ||  .0014 |  .0006 |  .0 ||  .0 |  .0 |  .0 |

, state=
| -0. | -0. | -0. || -0. |  1. |  1. || -1. |  1. | -0. |
|  1. | -0. | -0. ||  1. |  1. | -0. || -0. | -0. | -0. |
|  1. | -0. | -1. || -1. |  1. | -1. || -1. | -1. | -0. |
|=====+=====+=====||=====+=====+=====||=====+=====+=====|
| -1. | -1. | -1. || -0. | -1. | -0. || -0. | -1. | -0. |
| -0. | -1. | -1. ||  1. | -1. |  1. ||  1. | -0. | -0. |
| -1. |  1. | -0. ||  1. | -1. | -0. || -1. | -0. | -0. |
|=====+=====+=====||=====+=====+=====||=====+=====+=====|
| -0. | -1. |  1. ||*-0. |*-0. |* 1. || -0. | -1. | -0. |
|  1. | -0. |  1. ||*-1. |*-1. |*-0. || -0. |  1. | -0. |
| -0. | -0. |  1. ||*-0. |*-0. |* 1. ||  1. | -1. | -0. |

, evalForThisState=1.0, isPlayerOneTurnOriginally=false}, StateDatum{MCTSProbabilites=
|  .0 |  .0 |  .0 ||  .0 |  .0 |  .0 ||  .0 |  .0 |  .0 |
|  .0 |  .0 |  .0 ||  .0 |  .0 |  .0 ||  .0 |  .0 |  .0 |
|  .0 |  .0 |  .0 ||  .0 |  .0 |  .0 ||  .0 |  .0 |  .0 |
|========+========+========||========+========+========||========+========+========|
|  .0 |  .0 |  .0 ||  .0 |  .0 |  .0 ||  .0002 |  .0 |  .9987 |
|  .0 |  .0 |  .0 ||  .0 |  .0 |  .0 ||  .0 |  .0001 |  .0001 |
|  .0 |  .0 |  .0 ||  .0 |  .0 |  .0 ||  .0 |  .0005 |  .0004 |
|========+========+========||========+========+========||========+========+========|
|  .0 |  .0 |  .0 ||  .0 |  .0 |  .0 ||  .0 |  .0 |  .0 |
|  .0 |  .0 |  .0 ||  .0 |  .0 |  .0 ||  .0 |  .0 |  .0 |
|  .0 |  .0 |  .0 ||  .0 |  .0 |  .0 ||  .0 |  .0 |  .0 |

, state=
|  0. |  0. |  0. ||  0. | -1. | -1. ||  1. | -1. |  0. |
| -1. |  0. |  0. || -1. | -1. |  0. ||  0. |  0. |  0. |
| -1. |  0. |  1. ||  1. | -1. |  1. ||  1. |  1. |  0. |
|=====+=====+=====||=====+=====+=====||=====+=====+=====|
|  1. |  1. |  1. ||  0. |  1. |  0. ||* 0. |* 1. |* 0. |
|  0. |  1. |  1. || -1. |  1. | -1. ||*-1. |* 0. |* 0. |
|  1. | -1. |  0. || -1. |  1. |  0. ||* 1. |* 0. |* 0. |
|=====+=====+=====||=====+=====+=====||=====+=====+=====|
|  0. |  1. | -1. ||  0. |  0. | -1. ||  0. |  1. |  0. |
| -1. |  0. | -1. ||  1. |  1. | -1. ||  0. | -1. |  0. |
|  0. |  0. | -1. ||  0. |  0. | -1. || -1. |  1. |  0. |

, evalForThisState=-1.0, isPlayerOneTurnOriginally=true}, StateDatum{MCTSProbabilites=
|  .0 |  .0 |  .0 ||  .0 |  .0 |  .0 ||  .0 |  .0 |  .9998 |
|  .0 |  .0 |  .0 ||  .0 |  .0 |  .0 ||  .0 |  .0 |  .0001 |
|  .0 |  .0 |  .0 ||  .0 |  .0 |  .0 ||  .0 |  .0 |  .0 |
|========+========+========||========+========+========||========+========+========|
|  .0 |  .0 |  .0 ||  .0 |  .0 |  .0 ||  .0 |  .0 |  .0 |
|  .0 |  .0 |  .0 ||  .0 |  .0 |  .0 ||  .0 |  .0 |  .0 |
|  .0 |  .0 |  .0 ||  .0 |  .0 |  .0 ||  .0 |  .0 |  .0 |
|========+========+========||========+========+========||========+========+========|
|  .0 |  .0 |  .0 ||  .0 |  .0 |  .0 ||  .0 |  .0 |  .0 |
|  .0 |  .0 |  .0 ||  .0 |  .0 |  .0 ||  .0 |  .0 |  .0 |
|  .0 |  .0 |  .0 ||  .0 |  .0 |  .0 ||  .0 |  .0 |  .0 |

, state=
| -0. | -0. | -0. || -0. |  1. |  1. ||*-1. |* 1. |*-0. |
|  1. | -0. | -0. ||  1. |  1. | -0. ||*-0. |*-0. |*-0. |
|  1. | -0. | -1. || -1. |  1. | -1. ||*-1. |*-1. |*-0. |
|=====+=====+=====||=====+=====+=====||=====+=====+=====|
| -1. | -1. | -1. || -0. | -1. | -0. || -0. | -1. | -1. |
| -0. | -1. | -1. ||  1. | -1. |  1. ||  1. | -0. | -0. |
| -1. |  1. | -0. ||  1. | -1. | -0. || -1. | -0. | -0. |
|=====+=====+=====||=====+=====+=====||=====+=====+=====|
| -0. | -1. |  1. || -0. | -0. |  1. || -0. | -1. | -0. |
|  1. | -0. |  1. || -1. | -1. |  1. || -0. |  1. | -0. |
| -0. | -0. |  1. || -0. | -0. |  1. ||  1. | -1. | -0. |

, evalForThisState=1.0, isPlayerOneTurnOriginally=false}, StateDatum{MCTSProbabilites=
|  .0 |  .0 |  .0 ||  .0 |  .0 |  .0 ||  .0 |  .0 |  .0 |
|  .0 |  .0 |  .0 ||  .0 |  .0 |  .0 ||  .0002 |  .0001 |  .0 |
|  .0 |  .0 |  .0 ||  .0 |  .0 |  .0 ||  .0 |  .0 |  .9997 |
|========+========+========||========+========+========||========+========+========|
|  .0 |  .0 |  .0 ||  .0 |  .0 |  .0 ||  .0 |  .0 |  .0 |
|  .0 |  .0 |  .0 ||  .0 |  .0 |  .0 ||  .0 |  .0 |  .0 |
|  .0 |  .0 |  .0 ||  .0 |  .0 |  .0 ||  .0 |  .0 |  .0 |
|========+========+========||========+========+========||========+========+========|
|  .0 |  .0 |  .0 ||  .0 |  .0 |  .0 ||  .0 |  .0 |  .0 |
|  .0 |  .0 |  .0 ||  .0 |  .0 |  .0 ||  .0 |  .0 |  .0 |
|  .0 |  .0 |  .0 ||  .0 |  .0 |  .0 ||  .0 |  .0 |  .0 |

, state=
|  0. |  0. |  0. ||  0. | -1. | -1. ||* 1. |*-1. |*-1. |
| -1. |  0. |  0. || -1. | -1. |  0. ||* 0. |* 0. |* 0. |
| -1. |  0. |  1. ||  1. | -1. |  1. ||* 1. |* 1. |* 0. |
|=====+=====+=====||=====+=====+=====||=====+=====+=====|
|  1. |  1. |  1. ||  0. |  1. |  0. ||  0. |  1. |  1. |
|  0. |  1. |  1. || -1. |  1. | -1. || -1. |  0. |  0. |
|  1. | -1. |  0. || -1. |  1. |  0. ||  1. |  0. |  0. |
|=====+=====+=====||=====+=====+=====||=====+=====+=====|
|  0. |  1. | -1. ||  0. |  0. | -1. ||  0. |  1. |  0. |
| -1. |  0. | -1. ||  1. |  1. | -1. ||  0. | -1. |  0. |
|  0. |  0. | -1. ||  0. |  0. | -1. || -1. |  1. |  0. |

, evalForThisState=-1.0, isPlayerOneTurnOriginally=true}, StateDatum{MCTSProbabilites=
|  .0 |  .0 |  .0 ||  .0 |  .0 |  .0 ||  .0 |  .0 |  .0 |
|  .0 |  .0 |  .0 ||  .0 |  .0 |  .0 ||  .0 |  .0 |  .0 |
|  .0 |  .0 |  .0 ||  .0 |  .0 |  .0 ||  .0 |  .0 |  .0 |
|========+========+========||========+========+========||========+========+========|
|  .0 |  .0 |  .0 ||  .0 |  .0 |  .0 ||  .0 |  .0 |  .0 |
|  .0 |  .0 |  .0 ||  .0 |  .0 |  .0 ||  .0 |  .0 |  .0 |
|  .0 |  .0 |  .0 ||  .0 |  .0 |  .0 ||  .0 |  .0 |  .0 |
|========+========+========||========+========+========||========+========+========|
|  .0 |  .0 |  .0 ||  .0 |  .0 |  .0 ||  .0 |  .0 |  .9999 |
|  .0 |  .0 |  .0 ||  .0 |  .0 |  .0 ||  .0 |  .0 |  .0 |
|  .0 |  .0 |  .0 ||  .0 |  .0 |  .0 ||  .0 |  .0 |  .0 |

, state=
| -0. | -0. | -0. || -0. |  1. |  1. || -1. |  1. |  1. |
|  1. | -0. | -0. ||  1. |  1. | -0. || -0. | -0. | -0. |
|  1. | -0. | -1. || -1. |  1. | -1. || -1. | -1. | -1. |
|=====+=====+=====||=====+=====+=====||=====+=====+=====|
| -1. | -1. | -1. || -0. | -1. | -0. || -0. | -1. | -1. |
| -0. | -1. | -1. ||  1. | -1. |  1. ||  1. | -0. | -0. |
| -1. |  1. | -0. ||  1. | -1. | -0. || -1. | -0. | -0. |
|=====+=====+=====||=====+=====+=====||=====+=====+=====|
| -0. | -1. |  1. || -0. | -0. |  1. ||*-0. |*-1. |*-0. |
|  1. | -0. |  1. || -1. | -1. |  1. ||*-0. |* 1. |*-0. |
| -0. | -0. |  1. || -0. | -0. |  1. ||* 1. |*-1. |*-0. |

, evalForThisState=1.0, isPlayerOneTurnOriginally=false}]
Value network data: 
===========INPUT===================
[[         0,         0,         0,  ...    1.0000,    1.0000,    1.0000], 
 [         0,         0,         0,  ...   -1.0000,   -1.0000,   -1.0000], 
 [         0,         0,         0,  ...    1.0000,   -1.0000,   -1.0000], 
  ..., 
 [         0,         0,         0,  ...   -1.0000,   -1.0000,   -1.0000], 
 [         0,         0,         0,  ...   -1.0000,   -1.0000,   -1.0000], 
 [         0,         0,         0,  ...   -1.0000,   -1.0000,    1.0000]]
=================OUTPUT==================
[[-1.0000], 
 [1.0000], 
 [-1.0000], 
 [1.0000], 
 [-1.0000], 
 [1.0000], 
 [-1.0000], 
 [1.0000], 
 [-1.0000], 
 [1.0000], 
 [-1.0000], 
 [1.0000], 
 [-1.0000], 
 [1.0000], 
 [-1.0000], 
 [1.0000], 
 [-1.0000], 
 [1.0000], 
 [-1.0000], 
 [1.0000], 
 [-1.0000], 
 [1.0000], 
 [-1.0000], 
 [1.0000], 
 [-1.0000], 
 [1.0000], 
 [-1.0000], 
 [1.0000], 
 [-1.0000], 
 [1.0000], 
 [-1.0000], 
 [1.0000], 
 [-1.0000], 
 [1.0000], 
 [-1.0000], 
 [1.0000], 
 [-1.0000], 
 [1.0000], 
 [-1.0000], 
 [1.0000], 
 [-1.0000], 
 [1.0000], 
 [-1.0000], 
 [1.0000], 
 [-1.0000], 
 [1.0000], 
 [-1.0000], 
 [1.0000]]
Policy network data: 
===========INPUT===================
[[         0,         0,         0,  ...    1.0000,    1.0000,    1.0000], 
 [         0,         0,         0,  ...   -1.0000,   -1.0000,   -1.0000], 
 [         0,         0,         0,  ...    1.0000,   -1.0000,   -1.0000], 
  ..., 
 [         0,         0,         0,  ...   -1.0000,   -1.0000,   -1.0000], 
 [         0,         0,         0,  ...   -1.0000,   -1.0000,   -1.0000], 
 [         0,         0,         0,  ...   -1.0000,   -1.0000,    1.0000]]
=================OUTPUT==================
[[    0.0108,    0.0191,    0.0092,  ...    0.0108,    0.0134,    0.0128], 
 [         0,         0,         0,  ...         0,         0,         0], 
 [         0,         0,         0,  ...         0,         0,         0], 
  ..., 
 [         0,         0,         0,  ...         0,         0,         0], 
 [         0,         0,         0,  ...         0,         0,         0], 
 [         0,         0,         0,  ...         0,         0,  6.243e-6]]
W:\Labs\ME\ME187-Fall2024\StudentFiles\CALEBHOTTES\UTTTstuff\data\series1\policy$series1,gameNum102$1728945305892.bin
Took: 2888 s to simulate game
Finished simulating game, see log at: W:\Labs\ME\ME187-Fall2024\StudentFiles\CALEBHOTTES\UTTTstuff\data\logs\series1\game102$1728942417762.log for details.
