Saving data to: W:\Labs\ME\ME187-Fall2024\StudentFiles\CALEBHOTTES\UTTTstuff\data\series1
Begin custom message: 
DataSeries: series1 game number: 160 

Description: ME 273data you know the thing. 

Evaluator config=EvaluatorConfiguration{cValue=2.0, maxRolloutDepth=1000, computeTime=30, threads=1, stupidity=0, allowForcePlay=false, maxMyCPU=false}
End custom message
Inital State: 

|* 0. |* 0. |* 0. ||* 0. |* 0. |* 0. ||* 0. |* 0. |* 0. |
|* 0. |* 0. |* 0. ||* 0. |* 0. |* 0. ||* 0. |* 0. |* 0. |
|* 0. |* 0. |* 0. ||* 0. |* 0. |* 0. ||* 0. |* 0. |* 0. |
|=====+=====+=====||=====+=====+=====||=====+=====+=====|
|* 0. |* 0. |* 0. ||* 0. |* 0. |* 0. ||* 0. |* 0. |* 0. |
|* 0. |* 0. |* 0. ||* 0. |* 0. |* 0. ||* 0. |* 0. |* 0. |
|* 0. |* 0. |* 0. ||* 0. |* 0. |* 0. ||* 0. |* 0. |* 0. |
|=====+=====+=====||=====+=====+=====||=====+=====+=====|
|* 0. |* 0. |* 0. ||* 0. |* 0. |* 0. ||* 0. |* 0. |* 0. |
|* 0. |* 0. |* 0. ||* 0. |* 0. |* 0. ||* 0. |* 0. |* 0. |
|* 0. |* 0. |* 0. ||* 0. |* 0. |* 0. ||* 0. |* 0. |* 0. |


state to eval, currenty is playerone turn=true

|* 0. |* 0. |* 0. ||* 0. |* 0. |* 0. ||* 0. |* 0. |* 0. |
|* 0. |* 0. |* 0. ||* 0. |* 0. |* 0. ||* 0. |* 0. |* 0. |
|* 0. |* 0. |* 0. ||* 0. |* 0. |* 0. ||* 0. |* 0. |* 0. |
|=====+=====+=====||=====+=====+=====||=====+=====+=====|
|* 0. |* 0. |* 0. ||* 0. |* 0. |* 0. ||* 0. |* 0. |* 0. |
|* 0. |* 0. |* 0. ||* 0. |* 0. |* 0. ||* 0. |* 0. |* 0. |
|* 0. |* 0. |* 0. ||* 0. |* 0. |* 0. ||* 0. |* 0. |* 0. |
|=====+=====+=====||=====+=====+=====||=====+=====+=====|
|* 0. |* 0. |* 0. ||* 0. |* 0. |* 0. ||* 0. |* 0. |* 0. |
|* 0. |* 0. |* 0. ||* 0. |* 0. |* 0. ||* 0. |* 0. |* 0. |
|* 0. |* 0. |* 0. ||* 0. |* 0. |* 0. ||* 0. |* 0. |* 0. |


current State

|  0. |  0. |  0. ||  0. |  0. |  0. ||  0. |  0. |  0. |
|  0. |  0. |  0. ||  0. |  0. |  0. ||  0. |  0. |  0. |
|  0. |  0. |  0. ||  0. |  0. |  0. ||  0. |  0. |  1. |
|=====+=====+=====||=====+=====+=====||=====+=====+=====|
|  0. |  0. |  0. ||  0. |  0. |  0. ||  0. |  0. |  0. |
|  0. |  0. |  0. ||  0. |  0. |  0. ||  0. |  0. |  0. |
|  0. |  0. |  0. ||  0. |  0. |  0. ||  0. |  0. |  0. |
|=====+=====+=====||=====+=====+=====||=====+=====+=====|
|  0. |  0. |  0. ||  0. |  0. |  0. ||* 0. |* 0. |* 0. |
|  0. |  0. |  0. ||  0. |  0. |  0. ||* 0. |* 0. |* 0. |
|  0. |  0. |  0. ||  0. |  0. |  0. ||* 0. |* 0. |* 0. |


state to eval, currenty is playerone turn=false

| -0. | -0. | -0. || -0. | -0. | -0. || -0. | -0. | -0. |
| -0. | -0. | -0. || -0. | -0. | -0. || -0. | -0. | -0. |
| -0. | -0. | -0. || -0. | -0. | -0. || -0. | -0. | -1. |
|=====+=====+=====||=====+=====+=====||=====+=====+=====|
| -0. | -0. | -0. || -0. | -0. | -0. || -0. | -0. | -0. |
| -0. | -0. | -0. || -0. | -0. | -0. || -0. | -0. | -0. |
| -0. | -0. | -0. || -0. | -0. | -0. || -0. | -0. | -0. |
|=====+=====+=====||=====+=====+=====||=====+=====+=====|
| -0. | -0. | -0. || -0. | -0. | -0. ||*-0. |*-0. |*-0. |
| -0. | -0. | -0. || -0. | -0. | -0. ||*-0. |*-0. |*-0. |
| -0. | -0. | -0. || -0. | -0. | -0. ||*-0. |*-0. |*-0. |


Determined best move using: 189969Iterations
Determined best move using: 74408Iterations
current State

|  0. |  0. |  0. ||  0. |  0. |  0. ||  0. |  0. |  0. |
|  0. |  0. |  0. ||  0. |  0. |  0. ||  0. |  0. |  0. |
|  0. |  0. |  0. ||  0. |  0. |  0. ||  0. |  0. |  1. |
|=====+=====+=====||=====+=====+=====||=====+=====+=====|
|  0. |  0. |  0. ||  0. |  0. |  0. ||  0. |  0. |  0. |
|  0. |  0. |  0. ||  0. |  0. |  0. ||  0. |  0. |  0. |
|  0. |  0. |  0. ||  0. |  0. |  0. ||  0. |  0. |  0. |
|=====+=====+=====||=====+=====+=====||=====+=====+=====|
|  0. |  0. |  0. ||  0. |  0. |  0. ||* 0. |* 0. |* 0. |
|  0. |  0. |  0. ||  0. |  0. |  0. ||* 0. |* 0. |* 0. |
|  0. |  0. |  0. ||  0. |  0. |  0. ||* 0. |* 0. |*-1. |


state to eval, currenty is playerone turn=true

|  0. |  0. |  0. ||  0. |  0. |  0. ||  0. |  0. |  0. |
|  0. |  0. |  0. ||  0. |  0. |  0. ||  0. |  0. |  0. |
|  0. |  0. |  0. ||  0. |  0. |  0. ||  0. |  0. |  1. |
|=====+=====+=====||=====+=====+=====||=====+=====+=====|
|  0. |  0. |  0. ||  0. |  0. |  0. ||  0. |  0. |  0. |
|  0. |  0. |  0. ||  0. |  0. |  0. ||  0. |  0. |  0. |
|  0. |  0. |  0. ||  0. |  0. |  0. ||  0. |  0. |  0. |
|=====+=====+=====||=====+=====+=====||=====+=====+=====|
|  0. |  0. |  0. ||  0. |  0. |  0. ||* 0. |* 0. |* 0. |
|  0. |  0. |  0. ||  0. |  0. |  0. ||* 0. |* 0. |* 0. |
|  0. |  0. |  0. ||  0. |  0. |  0. ||* 0. |* 0. |*-1. |


Determined best move using: 187043Iterations
Determined best move using: 78563Iterations
current State

|  0. |  0. |  0. ||  0. |  0. |  0. ||  0. |  0. |  0. |
|  0. |  0. |  0. ||  0. |  0. |  0. ||  0. |  0. |  0. |
|  0. |  0. |  0. ||  0. |  0. |  0. ||  0. |  0. |  1. |
|=====+=====+=====||=====+=====+=====||=====+=====+=====|
|  0. |  0. |  0. ||  0. |  0. |  0. ||  0. |  0. |  0. |
|  0. |  0. |  0. ||  0. |  0. |  0. ||  0. |  0. |  0. |
|  0. |  0. |  0. ||  0. |  0. |  0. ||  0. |  0. |  0. |
|=====+=====+=====||=====+=====+=====||=====+=====+=====|
|* 0. |* 0. |* 0. ||  0. |  0. |  0. ||  0. |  0. |  0. |
|* 0. |* 0. |* 0. ||  0. |  0. |  0. ||  0. |  0. |  0. |
|* 0. |* 0. |* 0. ||  0. |  0. |  0. ||  1. |  0. | -1. |


state to eval, currenty is playerone turn=false

| -0. | -0. | -0. || -0. | -0. | -0. || -0. | -0. | -0. |
| -0. | -0. | -0. || -0. | -0. | -0. || -0. | -0. | -0. |
| -0. | -0. | -0. || -0. | -0. | -0. || -0. | -0. | -1. |
|=====+=====+=====||=====+=====+=====||=====+=====+=====|
| -0. | -0. | -0. || -0. | -0. | -0. || -0. | -0. | -0. |
| -0. | -0. | -0. || -0. | -0. | -0. || -0. | -0. | -0. |
| -0. | -0. | -0. || -0. | -0. | -0. || -0. | -0. | -0. |
|=====+=====+=====||=====+=====+=====||=====+=====+=====|
|*-0. |*-0. |*-0. || -0. | -0. | -0. || -0. | -0. | -0. |
|*-0. |*-0. |*-0. || -0. | -0. | -0. || -0. | -0. | -0. |
|*-0. |*-0. |*-0. || -0. | -0. | -0. || -1. | -0. |  1. |


Determined best move using: 205432Iterations
Determined best move using: 77462Iterations
current State

|  0. |  0. |  0. ||  0. |  0. |  0. ||  0. |  0. |  0. |
|  0. |  0. |  0. ||  0. |  0. |  0. ||  0. |  0. |  0. |
|  0. |  0. |  0. ||  0. |  0. |  0. ||  0. |  0. |  1. |
|=====+=====+=====||=====+=====+=====||=====+=====+=====|
|* 0. |* 0. |* 0. ||  0. |  0. |  0. ||  0. |  0. |  0. |
|* 0. |* 0. |* 0. ||  0. |  0. |  0. ||  0. |  0. |  0. |
|* 0. |* 0. |* 0. ||  0. |  0. |  0. ||  0. |  0. |  0. |
|=====+=====+=====||=====+=====+=====||=====+=====+=====|
|  0. |  0. |  0. ||  0. |  0. |  0. ||  0. |  0. |  0. |
| -1. |  0. |  0. ||  0. |  0. |  0. ||  0. |  0. |  0. |
|  0. |  0. |  0. ||  0. |  0. |  0. ||  1. |  0. | -1. |


state to eval, currenty is playerone turn=true

|  0. |  0. |  0. ||  0. |  0. |  0. ||  0. |  0. |  0. |
|  0. |  0. |  0. ||  0. |  0. |  0. ||  0. |  0. |  0. |
|  0. |  0. |  0. ||  0. |  0. |  0. ||  0. |  0. |  1. |
|=====+=====+=====||=====+=====+=====||=====+=====+=====|
|* 0. |* 0. |* 0. ||  0. |  0. |  0. ||  0. |  0. |  0. |
|* 0. |* 0. |* 0. ||  0. |  0. |  0. ||  0. |  0. |  0. |
|* 0. |* 0. |* 0. ||  0. |  0. |  0. ||  0. |  0. |  0. |
|=====+=====+=====||=====+=====+=====||=====+=====+=====|
|  0. |  0. |  0. ||  0. |  0. |  0. ||  0. |  0. |  0. |
| -1. |  0. |  0. ||  0. |  0. |  0. ||  0. |  0. |  0. |
|  0. |  0. |  0. ||  0. |  0. |  0. ||  1. |  0. | -1. |


Determined best move using: 82163Iterations
Determined best move using: 227451Iterations
current State

|  0. |  0. |  0. ||  0. |  0. |  0. ||  0. |  0. |  0. |
|  0. |  0. |  0. ||  0. |  0. |  0. ||  0. |  0. |  0. |
|  0. |  0. |  0. ||  0. |  0. |  0. ||  0. |  0. |  1. |
|=====+=====+=====||=====+=====+=====||=====+=====+=====|
|  0. |  0. |  0. ||* 0. |* 0. |* 0. ||  0. |  0. |  0. |
|  0. |  1. |  0. ||* 0. |* 0. |* 0. ||  0. |  0. |  0. |
|  0. |  0. |  0. ||* 0. |* 0. |* 0. ||  0. |  0. |  0. |
|=====+=====+=====||=====+=====+=====||=====+=====+=====|
|  0. |  0. |  0. ||  0. |  0. |  0. ||  0. |  0. |  0. |
| -1. |  0. |  0. ||  0. |  0. |  0. ||  0. |  0. |  0. |
|  0. |  0. |  0. ||  0. |  0. |  0. ||  1. |  0. | -1. |


state to eval, currenty is playerone turn=false

| -0. | -0. | -0. || -0. | -0. | -0. || -0. | -0. | -0. |
| -0. | -0. | -0. || -0. | -0. | -0. || -0. | -0. | -0. |
| -0. | -0. | -0. || -0. | -0. | -0. || -0. | -0. | -1. |
|=====+=====+=====||=====+=====+=====||=====+=====+=====|
| -0. | -0. | -0. ||*-0. |*-0. |*-0. || -0. | -0. | -0. |
| -0. | -1. | -0. ||*-0. |*-0. |*-0. || -0. | -0. | -0. |
| -0. | -0. | -0. ||*-0. |*-0. |*-0. || -0. | -0. | -0. |
|=====+=====+=====||=====+=====+=====||=====+=====+=====|
| -0. | -0. | -0. || -0. | -0. | -0. || -0. | -0. | -0. |
|  1. | -0. | -0. || -0. | -0. | -0. || -0. | -0. | -0. |
| -0. | -0. | -0. || -0. | -0. | -0. || -1. | -0. |  1. |


Determined best move using: 80983Iterations
current State

|  0. |  0. |  0. ||  0. |  0. |  0. ||  0. |  0. |  0. |
|  0. |  0. |  0. ||  0. |  0. |  0. ||  0. |  0. |  0. |
|  0. |  0. |  0. ||  0. |  0. |  0. ||  0. |  0. |  1. |
|=====+=====+=====||=====+=====+=====||=====+=====+=====|
|  0. |  0. |  0. ||* 0. |* 0. |* 0. ||  0. |  0. |  0. |
|  0. |  1. |  0. ||* 0. |*-1. |* 0. ||  0. |  0. |  0. |
|  0. |  0. |  0. ||* 0. |* 0. |* 0. ||  0. |  0. |  0. |
|=====+=====+=====||=====+=====+=====||=====+=====+=====|
|  0. |  0. |  0. ||  0. |  0. |  0. ||  0. |  0. |  0. |
| -1. |  0. |  0. ||  0. |  0. |  0. ||  0. |  0. |  0. |
|  0. |  0. |  0. ||  0. |  0. |  0. ||  1. |  0. | -1. |


state to eval, currenty is playerone turn=true

|  0. |  0. |  0. ||  0. |  0. |  0. ||  0. |  0. |  0. |
|  0. |  0. |  0. ||  0. |  0. |  0. ||  0. |  0. |  0. |
|  0. |  0. |  0. ||  0. |  0. |  0. ||  0. |  0. |  1. |
|=====+=====+=====||=====+=====+=====||=====+=====+=====|
|  0. |  0. |  0. ||* 0. |* 0. |* 0. ||  0. |  0. |  0. |
|  0. |  1. |  0. ||* 0. |*-1. |* 0. ||  0. |  0. |  0. |
|  0. |  0. |  0. ||* 0. |* 0. |* 0. ||  0. |  0. |  0. |
|=====+=====+=====||=====+=====+=====||=====+=====+=====|
|  0. |  0. |  0. ||  0. |  0. |  0. ||  0. |  0. |  0. |
| -1. |  0. |  0. ||  0. |  0. |  0. ||  0. |  0. |  0. |
|  0. |  0. |  0. ||  0. |  0. |  0. ||  1. |  0. | -1. |


Determined best move using: 84628Iterations
current State

|  0. |  0. |  0. ||  0. |  0. |  0. ||  0. |  0. |  0. |
|  0. |  0. |  0. ||  0. |  0. |  0. ||  0. |  0. |  0. |
|  0. |  0. |  0. ||  0. |  0. |  0. ||  0. |  0. |  1. |
|=====+=====+=====||=====+=====+=====||=====+=====+=====|
|  0. |  0. |  0. ||  0. |  0. |  0. ||* 0. |* 0. |* 0. |
|  0. |  1. |  0. ||  0. | -1. |  1. ||* 0. |* 0. |* 0. |
|  0. |  0. |  0. ||  0. |  0. |  0. ||* 0. |* 0. |* 0. |
|=====+=====+=====||=====+=====+=====||=====+=====+=====|
|  0. |  0. |  0. ||  0. |  0. |  0. ||  0. |  0. |  0. |
| -1. |  0. |  0. ||  0. |  0. |  0. ||  0. |  0. |  0. |
|  0. |  0. |  0. ||  0. |  0. |  0. ||  1. |  0. | -1. |


state to eval, currenty is playerone turn=false

| -0. | -0. | -0. || -0. | -0. | -0. || -0. | -0. | -0. |
| -0. | -0. | -0. || -0. | -0. | -0. || -0. | -0. | -0. |
| -0. | -0. | -0. || -0. | -0. | -0. || -0. | -0. | -1. |
|=====+=====+=====||=====+=====+=====||=====+=====+=====|
| -0. | -0. | -0. || -0. | -0. | -0. ||*-0. |*-0. |*-0. |
| -0. | -1. | -0. || -0. |  1. | -1. ||*-0. |*-0. |*-0. |
| -0. | -0. | -0. || -0. | -0. | -0. ||*-0. |*-0. |*-0. |
|=====+=====+=====||=====+=====+=====||=====+=====+=====|
| -0. | -0. | -0. || -0. | -0. | -0. || -0. | -0. | -0. |
|  1. | -0. | -0. || -0. | -0. | -0. || -0. | -0. | -0. |
| -0. | -0. | -0. || -0. | -0. | -0. || -1. | -0. |  1. |


Determined best move using: 50120Iterations
Determined best move using: 84707Iterations
Determined best move using: 1472803Iterations
current State

|  0. |  0. |  0. ||  0. |  0. |  0. ||* 0. |* 0. |* 0. |
|  0. |  0. |  0. ||  0. |  0. |  0. ||* 0. |* 0. |* 0. |
|  0. |  0. |  0. ||  0. |  0. |  0. ||* 0. |* 0. |* 1. |
|=====+=====+=====||=====+=====+=====||=====+=====+=====|
|  0. |  0. |  0. ||  0. |  0. |  0. ||  0. |  0. | -1. |
|  0. |  1. |  0. ||  0. | -1. |  1. ||  0. |  0. |  0. |
|  0. |  0. |  0. ||  0. |  0. |  0. ||  0. |  0. |  0. |
|=====+=====+=====||=====+=====+=====||=====+=====+=====|
|  0. |  0. |  0. ||  0. |  0. |  0. ||  0. |  0. |  0. |
| -1. |  0. |  0. ||  0. |  0. |  0. ||  0. |  0. |  0. |
|  0. |  0. |  0. ||  0. |  0. |  0. ||  1. |  0. | -1. |


state to eval, currenty is playerone turn=true

|  0. |  0. |  0. ||  0. |  0. |  0. ||* 0. |* 0. |* 0. |
|  0. |  0. |  0. ||  0. |  0. |  0. ||* 0. |* 0. |* 0. |
|  0. |  0. |  0. ||  0. |  0. |  0. ||* 0. |* 0. |* 1. |
|=====+=====+=====||=====+=====+=====||=====+=====+=====|
|  0. |  0. |  0. ||  0. |  0. |  0. ||  0. |  0. | -1. |
|  0. |  1. |  0. ||  0. | -1. |  1. ||  0. |  0. |  0. |
|  0. |  0. |  0. ||  0. |  0. |  0. ||  0. |  0. |  0. |
|=====+=====+=====||=====+=====+=====||=====+=====+=====|
|  0. |  0. |  0. ||  0. |  0. |  0. ||  0. |  0. |  0. |
| -1. |  0. |  0. ||  0. |  0. |  0. ||  0. |  0. |  0. |
|  0. |  0. |  0. ||  0. |  0. |  0. ||  1. |  0. | -1. |


Determined best move using: 52525Iterations
Determined best move using: 87484Iterations
current State

|  0. |  0. |  0. ||  0. |  0. |  0. ||  0. |  0. |  0. |
|  0. |  0. |  0. ||  0. |  0. |  0. ||  1. |  0. |  0. |
|  0. |  0. |  0. ||  0. |  0. |  0. ||  0. |  0. |  1. |
|=====+=====+=====||=====+=====+=====||=====+=====+=====|
|* 0. |* 0. |* 0. ||  0. |  0. |  0. ||  0. |  0. | -1. |
|* 0. |* 1. |* 0. ||  0. | -1. |  1. ||  0. |  0. |  0. |
|* 0. |* 0. |* 0. ||  0. |  0. |  0. ||  0. |  0. |  0. |
|=====+=====+=====||=====+=====+=====||=====+=====+=====|
|  0. |  0. |  0. ||  0. |  0. |  0. ||  0. |  0. |  0. |
| -1. |  0. |  0. ||  0. |  0. |  0. ||  0. |  0. |  0. |
|  0. |  0. |  0. ||  0. |  0. |  0. ||  1. |  0. | -1. |


state to eval, currenty is playerone turn=false

| -0. | -0. | -0. || -0. | -0. | -0. || -0. | -0. | -0. |
| -0. | -0. | -0. || -0. | -0. | -0. || -1. | -0. | -0. |
| -0. | -0. | -0. || -0. | -0. | -0. || -0. | -0. | -1. |
|=====+=====+=====||=====+=====+=====||=====+=====+=====|
|*-0. |*-0. |*-0. || -0. | -0. | -0. || -0. | -0. |  1. |
|*-0. |*-1. |*-0. || -0. |  1. | -1. || -0. | -0. | -0. |
|*-0. |*-0. |*-0. || -0. | -0. | -0. || -0. | -0. | -0. |
|=====+=====+=====||=====+=====+=====||=====+=====+=====|
| -0. | -0. | -0. || -0. | -0. | -0. || -0. | -0. | -0. |
|  1. | -0. | -0. || -0. | -0. | -0. || -0. | -0. | -0. |
| -0. | -0. | -0. || -0. | -0. | -0. || -1. | -0. |  1. |


current State

|  0. |  0. |  0. ||  0. |  0. |  0. ||  0. |  0. |  0. |
|  0. |  0. |  0. ||  0. |  0. |  0. ||  1. |  0. |  0. |
|  0. |  0. |  0. ||  0. |  0. |  0. ||  0. |  0. |  1. |
|=====+=====+=====||=====+=====+=====||=====+=====+=====|
|* 0. |* 0. |* 0. ||  0. |  0. |  0. ||  0. |  0. | -1. |
|*-1. |* 1. |* 0. ||  0. | -1. |  1. ||  0. |  0. |  0. |
|* 0. |* 0. |* 0. ||  0. |  0. |  0. ||  0. |  0. |  0. |
|=====+=====+=====||=====+=====+=====||=====+=====+=====|
|  0. |  0. |  0. ||  0. |  0. |  0. ||  0. |  0. |  0. |
| -1. |  0. |  0. ||  0. |  0. |  0. ||  0. |  0. |  0. |
|  0. |  0. |  0. ||  0. |  0. |  0. ||  1. |  0. | -1. |


state to eval, currenty is playerone turn=true

|  0. |  0. |  0. ||  0. |  0. |  0. ||  0. |  0. |  0. |
|  0. |  0. |  0. ||  0. |  0. |  0. ||  1. |  0. |  0. |
|  0. |  0. |  0. ||  0. |  0. |  0. ||  0. |  0. |  1. |
|=====+=====+=====||=====+=====+=====||=====+=====+=====|
|* 0. |* 0. |* 0. ||  0. |  0. |  0. ||  0. |  0. | -1. |
|*-1. |* 1. |* 0. ||  0. | -1. |  1. ||  0. |  0. |  0. |
|* 0. |* 0. |* 0. ||  0. |  0. |  0. ||  0. |  0. |  0. |
|=====+=====+=====||=====+=====+=====||=====+=====+=====|
|  0. |  0. |  0. ||  0. |  0. |  0. ||  0. |  0. |  0. |
| -1. |  0. |  0. ||  0. |  0. |  0. ||  0. |  0. |  0. |
|  0. |  0. |  0. ||  0. |  0. |  0. ||  1. |  0. | -1. |


Determined best move using: 69996Iterations
Determined best move using: 54247Iterations
current State

|  0. |  0. |  0. ||  0. |  0. |  0. ||  0. |  0. |  0. |
|  0. |  0. |  0. ||  0. |  0. |  0. ||  1. |  0. |  0. |
|  0. |  0. |  0. ||  0. |  0. |  0. ||  0. |  0. |  1. |
|=====+=====+=====||=====+=====+=====||=====+=====+=====|
|  0. |  0. |  0. ||  0. |  0. |  0. ||* 0. |* 0. |*-1. |
| -1. |  1. |  1. ||  0. | -1. |  1. ||* 0. |* 0. |* 0. |
|  0. |  0. |  0. ||  0. |  0. |  0. ||* 0. |* 0. |* 0. |
|=====+=====+=====||=====+=====+=====||=====+=====+=====|
|  0. |  0. |  0. ||  0. |  0. |  0. ||  0. |  0. |  0. |
| -1. |  0. |  0. ||  0. |  0. |  0. ||  0. |  0. |  0. |
|  0. |  0. |  0. ||  0. |  0. |  0. ||  1. |  0. | -1. |


state to eval, currenty is playerone turn=false

| -0. | -0. | -0. || -0. | -0. | -0. || -0. | -0. | -0. |
| -0. | -0. | -0. || -0. | -0. | -0. || -1. | -0. | -0. |
| -0. | -0. | -0. || -0. | -0. | -0. || -0. | -0. | -1. |
|=====+=====+=====||=====+=====+=====||=====+=====+=====|
| -0. | -0. | -0. || -0. | -0. | -0. ||*-0. |*-0. |* 1. |
|  1. | -1. | -1. || -0. |  1. | -1. ||*-0. |*-0. |*-0. |
| -0. | -0. | -0. || -0. | -0. | -0. ||*-0. |*-0. |*-0. |
|=====+=====+=====||=====+=====+=====||=====+=====+=====|
| -0. | -0. | -0. || -0. | -0. | -0. || -0. | -0. | -0. |
|  1. | -0. | -0. || -0. | -0. | -0. || -0. | -0. | -0. |
| -0. | -0. | -0. || -0. | -0. | -0. || -1. | -0. |  1. |


current State

|  0. |  0. |  0. ||  0. |  0. |  0. ||  0. |  0. |  0. |
|  0. |  0. |  0. ||  0. |  0. |  0. ||  1. |  0. |  0. |
|  0. |  0. |  0. ||  0. |  0. |  0. ||  0. |  0. |  1. |
|=====+=====+=====||=====+=====+=====||=====+=====+=====|
|  0. |  0. |  0. ||  0. |  0. |  0. ||  0. |  0. | -1. |
| -1. |  1. |  1. ||  0. | -1. |  1. ||  0. |  0. |  0. |
|  0. |  0. |  0. ||  0. |  0. |  0. ||  0. | -1. |  0. |
|=====+=====+=====||=====+=====+=====||=====+=====+=====|
|  0. |  0. |  0. ||* 0. |* 0. |* 0. ||  0. |  0. |  0. |
| -1. |  0. |  0. ||* 0. |* 0. |* 0. ||  0. |  0. |  0. |
|  0. |  0. |  0. ||* 0. |* 0. |* 0. ||  1. |  0. | -1. |


state to eval, currenty is playerone turn=true

|  0. |  0. |  0. ||  0. |  0. |  0. ||  0. |  0. |  0. |
|  0. |  0. |  0. ||  0. |  0. |  0. ||  1. |  0. |  0. |
|  0. |  0. |  0. ||  0. |  0. |  0. ||  0. |  0. |  1. |
|=====+=====+=====||=====+=====+=====||=====+=====+=====|
|  0. |  0. |  0. ||  0. |  0. |  0. ||  0. |  0. | -1. |
| -1. |  1. |  1. ||  0. | -1. |  1. ||  0. |  0. |  0. |
|  0. |  0. |  0. ||  0. |  0. |  0. ||  0. | -1. |  0. |
|=====+=====+=====||=====+=====+=====||=====+=====+=====|
|  0. |  0. |  0. ||* 0. |* 0. |* 0. ||  0. |  0. |  0. |
| -1. |  0. |  0. ||* 0. |* 0. |* 0. ||  0. |  0. |  0. |
|  0. |  0. |  0. ||* 0. |* 0. |* 0. ||  1. |  0. | -1. |


Determined best move using: 72406Iterations
Determined best move using: 55329Iterations
current State

|  0. |  0. |  0. ||  0. |  0. |  0. ||  0. |  0. |  0. |
|  0. |  0. |  0. ||  0. |  0. |  0. ||  1. |  0. |  0. |
|  0. |  0. |  0. ||  0. |  0. |  0. ||  0. |  0. |  1. |
|=====+=====+=====||=====+=====+=====||=====+=====+=====|
|  0. |  0. |  0. ||  0. |  0. |  0. ||  0. |  0. | -1. |
| -1. |  1. |  1. ||  0. | -1. |  1. ||  0. |  0. |  0. |
|  0. |  0. |  0. ||  0. |  0. |  0. ||  0. | -1. |  0. |
|=====+=====+=====||=====+=====+=====||=====+=====+=====|
|* 0. |* 0. |* 0. ||  0. |  0. |  0. ||  0. |  0. |  0. |
|*-1. |* 0. |* 0. ||  0. |  0. |  0. ||  0. |  0. |  0. |
|* 0. |* 0. |* 0. ||  1. |  0. |  0. ||  1. |  0. | -1. |


state to eval, currenty is playerone turn=false

| -0. | -0. | -0. || -0. | -0. | -0. || -0. | -0. | -0. |
| -0. | -0. | -0. || -0. | -0. | -0. || -1. | -0. | -0. |
| -0. | -0. | -0. || -0. | -0. | -0. || -0. | -0. | -1. |
|=====+=====+=====||=====+=====+=====||=====+=====+=====|
| -0. | -0. | -0. || -0. | -0. | -0. || -0. | -0. |  1. |
|  1. | -1. | -1. || -0. |  1. | -1. || -0. | -0. | -0. |
| -0. | -0. | -0. || -0. | -0. | -0. || -0. |  1. | -0. |
|=====+=====+=====||=====+=====+=====||=====+=====+=====|
|*-0. |*-0. |*-0. || -0. | -0. | -0. || -0. | -0. | -0. |
|* 1. |*-0. |*-0. || -0. | -0. | -0. || -0. | -0. | -0. |
|*-0. |*-0. |*-0. || -1. | -0. | -0. || -1. | -0. |  1. |


Determined best move using: 58349Iterations
current State

|  0. |  0. |  0. ||  0. |  0. |  0. ||  0. |  0. |  0. |
|  0. |  0. |  0. ||  0. |  0. |  0. ||  1. |  0. |  0. |
|  0. |  0. |  0. ||  0. |  0. |  0. ||  0. |  0. |  1. |
|=====+=====+=====||=====+=====+=====||=====+=====+=====|
|  0. |  0. |  0. ||  0. |  0. |  0. ||* 0. |* 0. |*-1. |
| -1. |  1. |  1. ||  0. | -1. |  1. ||* 0. |* 0. |* 0. |
|  0. |  0. |  0. ||  0. |  0. |  0. ||* 0. |*-1. |* 0. |
|=====+=====+=====||=====+=====+=====||=====+=====+=====|
|  0. |  0. |  0. ||  0. |  0. |  0. ||  0. |  0. |  0. |
| -1. |  0. | -1. ||  0. |  0. |  0. ||  0. |  0. |  0. |
|  0. |  0. |  0. ||  1. |  0. |  0. ||  1. |  0. | -1. |


state to eval, currenty is playerone turn=true

|  0. |  0. |  0. ||  0. |  0. |  0. ||  0. |  0. |  0. |
|  0. |  0. |  0. ||  0. |  0. |  0. ||  1. |  0. |  0. |
|  0. |  0. |  0. ||  0. |  0. |  0. ||  0. |  0. |  1. |
|=====+=====+=====||=====+=====+=====||=====+=====+=====|
|  0. |  0. |  0. ||  0. |  0. |  0. ||* 0. |* 0. |*-1. |
| -1. |  1. |  1. ||  0. | -1. |  1. ||* 0. |* 0. |* 0. |
|  0. |  0. |  0. ||  0. |  0. |  0. ||* 0. |*-1. |* 0. |
|=====+=====+=====||=====+=====+=====||=====+=====+=====|
|  0. |  0. |  0. ||  0. |  0. |  0. ||  0. |  0. |  0. |
| -1. |  0. | -1. ||  0. |  0. |  0. ||  0. |  0. |  0. |
|  0. |  0. |  0. ||  1. |  0. |  0. ||  1. |  0. | -1. |


Determined best move using: 59479Iterations
Determined best move using: 79566Iterations
current State

|* 0. |* 0. |* 0. ||  0. |  0. |  0. ||  0. |  0. |  0. |
|* 0. |* 0. |* 0. ||  0. |  0. |  0. ||  1. |  0. |  0. |
|* 0. |* 0. |* 0. ||  0. |  0. |  0. ||  0. |  0. |  1. |
|=====+=====+=====||=====+=====+=====||=====+=====+=====|
|  0. |  0. |  0. ||  0. |  0. |  0. ||  1. |  0. | -1. |
| -1. |  1. |  1. ||  0. | -1. |  1. ||  0. |  0. |  0. |
|  0. |  0. |  0. ||  0. |  0. |  0. ||  0. | -1. |  0. |
|=====+=====+=====||=====+=====+=====||=====+=====+=====|
|  0. |  0. |  0. ||  0. |  0. |  0. ||  0. |  0. |  0. |
| -1. |  0. | -1. ||  0. |  0. |  0. ||  0. |  0. |  0. |
|  0. |  0. |  0. ||  1. |  0. |  0. ||  1. |  0. | -1. |


state to eval, currenty is playerone turn=false

|*-0. |*-0. |*-0. || -0. | -0. | -0. || -0. | -0. | -0. |
|*-0. |*-0. |*-0. || -0. | -0. | -0. || -1. | -0. | -0. |
|*-0. |*-0. |*-0. || -0. | -0. | -0. || -0. | -0. | -1. |
|=====+=====+=====||=====+=====+=====||=====+=====+=====|
| -0. | -0. | -0. || -0. | -0. | -0. || -1. | -0. |  1. |
|  1. | -1. | -1. || -0. |  1. | -1. || -0. | -0. | -0. |
| -0. | -0. | -0. || -0. | -0. | -0. || -0. |  1. | -0. |
|=====+=====+=====||=====+=====+=====||=====+=====+=====|
| -0. | -0. | -0. || -0. | -0. | -0. || -0. | -0. | -0. |
|  1. | -0. |  1. || -0. | -0. | -0. || -0. | -0. | -0. |
| -0. | -0. | -0. || -1. | -0. | -0. || -1. | -0. |  1. |


Determined best move using: 78632Iterations
Determined best move using: 59401Iterations
current State

|  0. |  0. |  0. ||  0. |  0. |  0. ||  0. |  0. |  0. |
| -1. |  0. |  0. ||  0. |  0. |  0. ||  1. |  0. |  0. |
|  0. |  0. |  0. ||  0. |  0. |  0. ||  0. |  0. |  1. |
|=====+=====+=====||=====+=====+=====||=====+=====+=====|
|* 0. |* 0. |* 0. ||  0. |  0. |  0. ||  1. |  0. | -1. |
|*-1. |* 1. |* 1. ||  0. | -1. |  1. ||  0. |  0. |  0. |
|* 0. |* 0. |* 0. ||  0. |  0. |  0. ||  0. | -1. |  0. |
|=====+=====+=====||=====+=====+=====||=====+=====+=====|
|  0. |  0. |  0. ||  0. |  0. |  0. ||  0. |  0. |  0. |
| -1. |  0. | -1. ||  0. |  0. |  0. ||  0. |  0. |  0. |
|  0. |  0. |  0. ||  1. |  0. |  0. ||  1. |  0. | -1. |


state to eval, currenty is playerone turn=true

|  0. |  0. |  0. ||  0. |  0. |  0. ||  0. |  0. |  0. |
| -1. |  0. |  0. ||  0. |  0. |  0. ||  1. |  0. |  0. |
|  0. |  0. |  0. ||  0. |  0. |  0. ||  0. |  0. |  1. |
|=====+=====+=====||=====+=====+=====||=====+=====+=====|
|* 0. |* 0. |* 0. ||  0. |  0. |  0. ||  1. |  0. | -1. |
|*-1. |* 1. |* 1. ||  0. | -1. |  1. ||  0. |  0. |  0. |
|* 0. |* 0. |* 0. ||  0. |  0. |  0. ||  0. | -1. |  0. |
|=====+=====+=====||=====+=====+=====||=====+=====+=====|
|  0. |  0. |  0. ||  0. |  0. |  0. ||  0. |  0. |  0. |
| -1. |  0. | -1. ||  0. |  0. |  0. ||  0. |  0. |  0. |
|  0. |  0. |  0. ||  1. |  0. |  0. ||  1. |  0. | -1. |


current State

|  0. |  0. |  0. ||  0. |  0. |  0. ||* 0. |* 0. |* 0. |
| -1. |  0. |  0. ||  0. |  0. |  0. ||* 1. |* 0. |* 0. |
|  0. |  0. |  0. ||  0. |  0. |  0. ||* 0. |* 0. |* 1. |
|=====+=====+=====||=====+=====+=====||=====+=====+=====|
|  0. |  0. |  1. ||  0. |  0. |  0. ||  1. |  0. | -1. |
| -1. |  1. |  1. ||  0. | -1. |  1. ||  0. |  0. |  0. |
|  0. |  0. |  0. ||  0. |  0. |  0. ||  0. | -1. |  0. |
|=====+=====+=====||=====+=====+=====||=====+=====+=====|
|  0. |  0. |  0. ||  0. |  0. |  0. ||  0. |  0. |  0. |
| -1. |  0. | -1. ||  0. |  0. |  0. ||  0. |  0. |  0. |
|  0. |  0. |  0. ||  1. |  0. |  0. ||  1. |  0. | -1. |


state to eval, currenty is playerone turn=false

| -0. | -0. | -0. || -0. | -0. | -0. ||*-0. |*-0. |*-0. |
|  1. | -0. | -0. || -0. | -0. | -0. ||*-1. |*-0. |*-0. |
| -0. | -0. | -0. || -0. | -0. | -0. ||*-0. |*-0. |*-1. |
|=====+=====+=====||=====+=====+=====||=====+=====+=====|
| -0. | -0. | -1. || -0. | -0. | -0. || -1. | -0. |  1. |
|  1. | -1. | -1. || -0. |  1. | -1. || -0. | -0. | -0. |
| -0. | -0. | -0. || -0. | -0. | -0. || -0. |  1. | -0. |
|=====+=====+=====||=====+=====+=====||=====+=====+=====|
| -0. | -0. | -0. || -0. | -0. | -0. || -0. | -0. | -0. |
|  1. | -0. |  1. || -0. | -0. | -0. || -0. | -0. | -0. |
| -0. | -0. | -0. || -1. | -0. | -0. || -1. | -0. |  1. |


Determined best move using: 63231Iterations
current State

|* 0. |* 0. |* 0. ||  0. |  0. |  0. || -1. |  0. |  0. |
|*-1. |* 0. |* 0. ||  0. |  0. |  0. ||  1. |  0. |  0. |
|* 0. |* 0. |* 0. ||  0. |  0. |  0. ||  0. |  0. |  1. |
|=====+=====+=====||=====+=====+=====||=====+=====+=====|
|  0. |  0. |  1. ||  0. |  0. |  0. ||  1. |  0. | -1. |
| -1. |  1. |  1. ||  0. | -1. |  1. ||  0. |  0. |  0. |
|  0. |  0. |  0. ||  0. |  0. |  0. ||  0. | -1. |  0. |
|=====+=====+=====||=====+=====+=====||=====+=====+=====|
|  0. |  0. |  0. ||  0. |  0. |  0. ||  0. |  0. |  0. |
| -1. |  0. | -1. ||  0. |  0. |  0. ||  0. |  0. |  0. |
|  0. |  0. |  0. ||  1. |  0. |  0. ||  1. |  0. | -1. |


state to eval, currenty is playerone turn=true

|* 0. |* 0. |* 0. ||  0. |  0. |  0. || -1. |  0. |  0. |
|*-1. |* 0. |* 0. ||  0. |  0. |  0. ||  1. |  0. |  0. |
|* 0. |* 0. |* 0. ||  0. |  0. |  0. ||  0. |  0. |  1. |
|=====+=====+=====||=====+=====+=====||=====+=====+=====|
|  0. |  0. |  1. ||  0. |  0. |  0. ||  1. |  0. | -1. |
| -1. |  1. |  1. ||  0. | -1. |  1. ||  0. |  0. |  0. |
|  0. |  0. |  0. ||  0. |  0. |  0. ||  0. | -1. |  0. |
|=====+=====+=====||=====+=====+=====||=====+=====+=====|
|  0. |  0. |  0. ||  0. |  0. |  0. ||  0. |  0. |  0. |
| -1. |  0. | -1. ||  0. |  0. |  0. ||  0. |  0. |  0. |
|  0. |  0. |  0. ||  1. |  0. |  0. ||  1. |  0. | -1. |


Determined best move using: 64303Iterations
Determined best move using: 83258Iterations
current State

|  0. |  0. |  0. ||  0. |  0. |  0. || -1. |  0. |  0. |
| -1. |  1. |  0. ||  0. |  0. |  0. ||  1. |  0. |  0. |
|  0. |  0. |  0. ||  0. |  0. |  0. ||  0. |  0. |  1. |
|=====+=====+=====||=====+=====+=====||=====+=====+=====|
|  0. |  0. |  1. ||* 0. |* 0. |* 0. ||  1. |  0. | -1. |
| -1. |  1. |  1. ||* 0. |*-1. |* 1. ||  0. |  0. |  0. |
|  0. |  0. |  0. ||* 0. |* 0. |* 0. ||  0. | -1. |  0. |
|=====+=====+=====||=====+=====+=====||=====+=====+=====|
|  0. |  0. |  0. ||  0. |  0. |  0. ||  0. |  0. |  0. |
| -1. |  0. | -1. ||  0. |  0. |  0. ||  0. |  0. |  0. |
|  0. |  0. |  0. ||  1. |  0. |  0. ||  1. |  0. | -1. |


state to eval, currenty is playerone turn=false

| -0. | -0. | -0. || -0. | -0. | -0. ||  1. | -0. | -0. |
|  1. | -1. | -0. || -0. | -0. | -0. || -1. | -0. | -0. |
| -0. | -0. | -0. || -0. | -0. | -0. || -0. | -0. | -1. |
|=====+=====+=====||=====+=====+=====||=====+=====+=====|
| -0. | -0. | -1. ||*-0. |*-0. |*-0. || -1. | -0. |  1. |
|  1. | -1. | -1. ||*-0. |* 1. |*-1. || -0. | -0. | -0. |
| -0. | -0. | -0. ||*-0. |*-0. |*-0. || -0. |  1. | -0. |
|=====+=====+=====||=====+=====+=====||=====+=====+=====|
| -0. | -0. | -0. || -0. | -0. | -0. || -0. | -0. | -0. |
|  1. | -0. |  1. || -0. | -0. | -0. || -0. | -0. | -0. |
| -0. | -0. | -0. || -1. | -0. | -0. || -1. | -0. |  1. |


Determined best move using: 65596Iterations
current State

|* 0. |* 0. |* 0. ||  0. |  0. |  0. || -1. |  0. |  0. |
|*-1. |* 1. |* 0. ||  0. |  0. |  0. ||  1. |  0. |  0. |
|* 0. |* 0. |* 0. ||  0. |  0. |  0. ||  0. |  0. |  1. |
|=====+=====+=====||=====+=====+=====||=====+=====+=====|
|  0. |  0. |  1. || -1. |  0. |  0. ||  1. |  0. | -1. |
| -1. |  1. |  1. ||  0. | -1. |  1. ||  0. |  0. |  0. |
|  0. |  0. |  0. ||  0. |  0. |  0. ||  0. | -1. |  0. |
|=====+=====+=====||=====+=====+=====||=====+=====+=====|
|  0. |  0. |  0. ||  0. |  0. |  0. ||  0. |  0. |  0. |
| -1. |  0. | -1. ||  0. |  0. |  0. ||  0. |  0. |  0. |
|  0. |  0. |  0. ||  1. |  0. |  0. ||  1. |  0. | -1. |


state to eval, currenty is playerone turn=true

|* 0. |* 0. |* 0. ||  0. |  0. |  0. || -1. |  0. |  0. |
|*-1. |* 1. |* 0. ||  0. |  0. |  0. ||  1. |  0. |  0. |
|* 0. |* 0. |* 0. ||  0. |  0. |  0. ||  0. |  0. |  1. |
|=====+=====+=====||=====+=====+=====||=====+=====+=====|
|  0. |  0. |  1. || -1. |  0. |  0. ||  1. |  0. | -1. |
| -1. |  1. |  1. ||  0. | -1. |  1. ||  0. |  0. |  0. |
|  0. |  0. |  0. ||  0. |  0. |  0. ||  0. | -1. |  0. |
|=====+=====+=====||=====+=====+=====||=====+=====+=====|
|  0. |  0. |  0. ||  0. |  0. |  0. ||  0. |  0. |  0. |
| -1. |  0. | -1. ||  0. |  0. |  0. ||  0. |  0. |  0. |
|  0. |  0. |  0. ||  1. |  0. |  0. ||  1. |  0. | -1. |


current State

|  0. |  0. |  0. ||  0. |  0. |  0. || -1. |  0. |  0. |
| -1. |  1. |  0. ||  0. |  0. |  0. ||  1. |  0. |  0. |
|  1. |  0. |  0. ||  0. |  0. |  0. ||  0. |  0. |  1. |
|=====+=====+=====||=====+=====+=====||=====+=====+=====|
|  0. |  0. |  1. || -1. |  0. |  0. ||  1. |  0. | -1. |
| -1. |  1. |  1. ||  0. | -1. |  1. ||  0. |  0. |  0. |
|  0. |  0. |  0. ||  0. |  0. |  0. ||  0. | -1. |  0. |
|=====+=====+=====||=====+=====+=====||=====+=====+=====|
|* 0. |* 0. |* 0. ||  0. |  0. |  0. ||  0. |  0. |  0. |
|*-1. |* 0. |*-1. ||  0. |  0. |  0. ||  0. |  0. |  0. |
|* 0. |* 0. |* 0. ||  1. |  0. |  0. ||  1. |  0. | -1. |


state to eval, currenty is playerone turn=false

| -0. | -0. | -0. || -0. | -0. | -0. ||  1. | -0. | -0. |
|  1. | -1. | -0. || -0. | -0. | -0. || -1. | -0. | -0. |
| -1. | -0. | -0. || -0. | -0. | -0. || -0. | -0. | -1. |
|=====+=====+=====||=====+=====+=====||=====+=====+=====|
| -0. | -0. | -1. ||  1. | -0. | -0. || -1. | -0. |  1. |
|  1. | -1. | -1. || -0. |  1. | -1. || -0. | -0. | -0. |
| -0. | -0. | -0. || -0. | -0. | -0. || -0. |  1. | -0. |
|=====+=====+=====||=====+=====+=====||=====+=====+=====|
|*-0. |*-0. |*-0. || -0. | -0. | -0. || -0. | -0. | -0. |
|* 1. |*-0. |* 1. || -0. | -0. | -0. || -0. | -0. | -0. |
|*-0. |*-0. |*-0. || -1. | -0. | -0. || -1. | -0. |  1. |


Determined best move using: 116333Iterations
current State

|* 0. |* 0. |* 0. ||  0. |  0. |  0. || -1. |  0. |  0. |
|*-1. |* 1. |* 0. ||  0. |  0. |  0. ||  1. |  0. |  0. |
|* 1. |* 0. |* 0. ||  0. |  0. |  0. ||  0. |  0. |  1. |
|=====+=====+=====||=====+=====+=====||=====+=====+=====|
|  0. |  0. |  1. || -1. |  0. |  0. ||  1. |  0. | -1. |
| -1. |  1. |  1. ||  0. | -1. |  1. ||  0. |  0. |  0. |
|  0. |  0. |  0. ||  0. |  0. |  0. ||  0. | -1. |  0. |
|=====+=====+=====||=====+=====+=====||=====+=====+=====|
| -1. |  0. |  0. ||  0. |  0. |  0. ||  0. |  0. |  0. |
| -1. |  0. | -1. ||  0. |  0. |  0. ||  0. |  0. |  0. |
|  0. |  0. |  0. ||  1. |  0. |  0. ||  1. |  0. | -1. |


state to eval, currenty is playerone turn=true

|* 0. |* 0. |* 0. ||  0. |  0. |  0. || -1. |  0. |  0. |
|*-1. |* 1. |* 0. ||  0. |  0. |  0. ||  1. |  0. |  0. |
|* 1. |* 0. |* 0. ||  0. |  0. |  0. ||  0. |  0. |  1. |
|=====+=====+=====||=====+=====+=====||=====+=====+=====|
|  0. |  0. |  1. || -1. |  0. |  0. ||  1. |  0. | -1. |
| -1. |  1. |  1. ||  0. | -1. |  1. ||  0. |  0. |  0. |
|  0. |  0. |  0. ||  0. |  0. |  0. ||  0. | -1. |  0. |
|=====+=====+=====||=====+=====+=====||=====+=====+=====|
| -1. |  0. |  0. ||  0. |  0. |  0. ||  0. |  0. |  0. |
| -1. |  0. | -1. ||  0. |  0. |  0. ||  0. |  0. |  0. |
|  0. |  0. |  0. ||  1. |  0. |  0. ||  1. |  0. | -1. |


Determined best move using: 129822Iterations
current State

|  0. |  1. |  0. ||* 0. |* 0. |* 0. || -1. |  0. |  0. |
| -1. |  1. |  0. ||* 0. |* 0. |* 0. ||  1. |  0. |  0. |
|  1. |  0. |  0. ||* 0. |* 0. |* 0. ||  0. |  0. |  1. |
|=====+=====+=====||=====+=====+=====||=====+=====+=====|
|  0. |  0. |  1. || -1. |  0. |  0. ||  1. |  0. | -1. |
| -1. |  1. |  1. ||  0. | -1. |  1. ||  0. |  0. |  0. |
|  0. |  0. |  0. ||  0. |  0. |  0. ||  0. | -1. |  0. |
|=====+=====+=====||=====+=====+=====||=====+=====+=====|
| -1. |  0. |  0. ||  0. |  0. |  0. ||  0. |  0. |  0. |
| -1. |  0. | -1. ||  0. |  0. |  0. ||  0. |  0. |  0. |
|  0. |  0. |  0. ||  1. |  0. |  0. ||  1. |  0. | -1. |


state to eval, currenty is playerone turn=false

| -0. | -1. | -0. ||*-0. |*-0. |*-0. ||  1. | -0. | -0. |
|  1. | -1. | -0. ||*-0. |*-0. |*-0. || -1. | -0. | -0. |
| -1. | -0. | -0. ||*-0. |*-0. |*-0. || -0. | -0. | -1. |
|=====+=====+=====||=====+=====+=====||=====+=====+=====|
| -0. | -0. | -1. ||  1. | -0. | -0. || -1. | -0. |  1. |
|  1. | -1. | -1. || -0. |  1. | -1. || -0. | -0. | -0. |
| -0. | -0. | -0. || -0. | -0. | -0. || -0. |  1. | -0. |
|=====+=====+=====||=====+=====+=====||=====+=====+=====|
|  1. | -0. | -0. || -0. | -0. | -0. || -0. | -0. | -0. |
|  1. | -0. |  1. || -0. | -0. | -0. || -0. | -0. | -0. |
| -0. | -0. | -0. || -1. | -0. | -0. || -1. | -0. |  1. |


current State

|  0. |  1. |  0. ||  0. |  0. |  0. || -1. |  0. |  0. |
| -1. |  1. |  0. ||  0. |  0. |  0. ||  1. |  0. |  0. |
|  1. |  0. |  0. || -1. |  0. |  0. ||  0. |  0. |  1. |
|=====+=====+=====||=====+=====+=====||=====+=====+=====|
|  0. |  0. |  1. || -1. |  0. |  0. ||  1. |  0. | -1. |
| -1. |  1. |  1. ||  0. | -1. |  1. ||  0. |  0. |  0. |
|  0. |  0. |  0. ||  0. |  0. |  0. ||  0. | -1. |  0. |
|=====+=====+=====||=====+=====+=====||=====+=====+=====|
|*-1. |* 0. |* 0. ||  0. |  0. |  0. ||  0. |  0. |  0. |
|*-1. |* 0. |*-1. ||  0. |  0. |  0. ||  0. |  0. |  0. |
|* 0. |* 0. |* 0. ||  1. |  0. |  0. ||  1. |  0. | -1. |


state to eval, currenty is playerone turn=true

|  0. |  1. |  0. ||  0. |  0. |  0. || -1. |  0. |  0. |
| -1. |  1. |  0. ||  0. |  0. |  0. ||  1. |  0. |  0. |
|  1. |  0. |  0. || -1. |  0. |  0. ||  0. |  0. |  1. |
|=====+=====+=====||=====+=====+=====||=====+=====+=====|
|  0. |  0. |  1. || -1. |  0. |  0. ||  1. |  0. | -1. |
| -1. |  1. |  1. ||  0. | -1. |  1. ||  0. |  0. |  0. |
|  0. |  0. |  0. ||  0. |  0. |  0. ||  0. | -1. |  0. |
|=====+=====+=====||=====+=====+=====||=====+=====+=====|
|*-1. |* 0. |* 0. ||  0. |  0. |  0. ||  0. |  0. |  0. |
|*-1. |* 0. |*-1. ||  0. |  0. |  0. ||  0. |  0. |  0. |
|* 0. |* 0. |* 0. ||  1. |  0. |  0. ||  1. |  0. | -1. |


current State

|  0. |  1. |  0. ||* 0. |* 0. |* 0. || -1. |  0. |  0. |
| -1. |  1. |  0. ||* 0. |* 0. |* 0. ||  1. |  0. |  0. |
|  1. |  0. |  0. ||*-1. |* 0. |* 0. ||  0. |  0. |  1. |
|=====+=====+=====||=====+=====+=====||=====+=====+=====|
|  0. |  0. |  1. || -1. |  0. |  0. ||  1. |  0. | -1. |
| -1. |  1. |  1. ||  0. | -1. |  1. ||  0. |  0. |  0. |
|  0. |  0. |  0. ||  0. |  0. |  0. ||  0. | -1. |  0. |
|=====+=====+=====||=====+=====+=====||=====+=====+=====|
| -1. |  1. |  0. ||  0. |  0. |  0. ||  0. |  0. |  0. |
| -1. |  0. | -1. ||  0. |  0. |  0. ||  0. |  0. |  0. |
|  0. |  0. |  0. ||  1. |  0. |  0. ||  1. |  0. | -1. |


state to eval, currenty is playerone turn=false

| -0. | -1. | -0. ||*-0. |*-0. |*-0. ||  1. | -0. | -0. |
|  1. | -1. | -0. ||*-0. |*-0. |*-0. || -1. | -0. | -0. |
| -1. | -0. | -0. ||* 1. |*-0. |*-0. || -0. | -0. | -1. |
|=====+=====+=====||=====+=====+=====||=====+=====+=====|
| -0. | -0. | -1. ||  1. | -0. | -0. || -1. | -0. |  1. |
|  1. | -1. | -1. || -0. |  1. | -1. || -0. | -0. | -0. |
| -0. | -0. | -0. || -0. | -0. | -0. || -0. |  1. | -0. |
|=====+=====+=====||=====+=====+=====||=====+=====+=====|
|  1. | -1. | -0. || -0. | -0. | -0. || -0. | -0. | -0. |
|  1. | -0. |  1. || -0. | -0. | -0. || -0. | -0. | -0. |
| -0. | -0. | -0. || -1. | -0. | -0. || -1. | -0. |  1. |


Determined best move using: 82050Iterations
current State

|  0. |  1. |  0. ||  0. |  0. |  0. || -1. |  0. |  0. |
| -1. |  1. |  0. ||  0. |  0. |  0. ||  1. |  0. |  0. |
|  1. |  0. |  0. || -1. | -1. |  0. ||  0. |  0. |  1. |
|=====+=====+=====||=====+=====+=====||=====+=====+=====|
|  0. |  0. |  1. || -1. |  0. |  0. ||  1. |  0. | -1. |
| -1. |  1. |  1. ||  0. | -1. |  1. ||  0. |  0. |  0. |
|  0. |  0. |  0. ||  0. |  0. |  0. ||  0. | -1. |  0. |
|=====+=====+=====||=====+=====+=====||=====+=====+=====|
| -1. |  1. |  0. ||* 0. |* 0. |* 0. ||  0. |  0. |  0. |
| -1. |  0. | -1. ||* 0. |* 0. |* 0. ||  0. |  0. |  0. |
|  0. |  0. |  0. ||* 1. |* 0. |* 0. ||  1. |  0. | -1. |


state to eval, currenty is playerone turn=true

|  0. |  1. |  0. ||  0. |  0. |  0. || -1. |  0. |  0. |
| -1. |  1. |  0. ||  0. |  0. |  0. ||  1. |  0. |  0. |
|  1. |  0. |  0. || -1. | -1. |  0. ||  0. |  0. |  1. |
|=====+=====+=====||=====+=====+=====||=====+=====+=====|
|  0. |  0. |  1. || -1. |  0. |  0. ||  1. |  0. | -1. |
| -1. |  1. |  1. ||  0. | -1. |  1. ||  0. |  0. |  0. |
|  0. |  0. |  0. ||  0. |  0. |  0. ||  0. | -1. |  0. |
|=====+=====+=====||=====+=====+=====||=====+=====+=====|
| -1. |  1. |  0. ||* 0. |* 0. |* 0. ||  0. |  0. |  0. |
| -1. |  0. | -1. ||* 0. |* 0. |* 0. ||  0. |  0. |  0. |
|  0. |  0. |  0. ||* 1. |* 0. |* 0. ||  1. |  0. | -1. |


Determined best move using: 85328Iterations
current State

|  0. |  1. |  0. ||  0. |  0. |  0. || -1. |  0. |  0. |
| -1. |  1. |  0. ||  0. |  0. |  0. ||  1. |  0. |  0. |
|  1. |  0. |  0. || -1. | -1. |  0. ||  0. |  0. |  1. |
|=====+=====+=====||=====+=====+=====||=====+=====+=====|
|  0. |  0. |  1. || -1. |  0. |  0. ||  1. |  0. | -1. |
| -1. |  1. |  1. ||  0. | -1. |  1. ||  0. |  0. |  0. |
|  0. |  0. |  0. ||  0. |  0. |  0. ||  0. | -1. |  0. |
|=====+=====+=====||=====+=====+=====||=====+=====+=====|
| -1. |  1. |  0. ||  0. |  0. |  0. ||* 0. |* 0. |* 0. |
| -1. |  0. | -1. ||  0. |  0. |  0. ||* 0. |* 0. |* 0. |
|  0. |  0. |  0. ||  1. |  0. |  1. ||* 1. |* 0. |*-1. |


state to eval, currenty is playerone turn=false

| -0. | -1. | -0. || -0. | -0. | -0. ||  1. | -0. | -0. |
|  1. | -1. | -0. || -0. | -0. | -0. || -1. | -0. | -0. |
| -1. | -0. | -0. ||  1. |  1. | -0. || -0. | -0. | -1. |
|=====+=====+=====||=====+=====+=====||=====+=====+=====|
| -0. | -0. | -1. ||  1. | -0. | -0. || -1. | -0. |  1. |
|  1. | -1. | -1. || -0. |  1. | -1. || -0. | -0. | -0. |
| -0. | -0. | -0. || -0. | -0. | -0. || -0. |  1. | -0. |
|=====+=====+=====||=====+=====+=====||=====+=====+=====|
|  1. | -1. | -0. || -0. | -0. | -0. ||*-0. |*-0. |*-0. |
|  1. | -0. |  1. || -0. | -0. | -0. ||*-0. |*-0. |*-0. |
| -0. | -0. | -0. || -1. | -0. | -1. ||*-1. |*-0. |* 1. |


Determined best move using: 81626Iterations
current State

|  0. |  1. |  0. ||  0. |  0. |  0. || -1. |  0. |  0. |
| -1. |  1. |  0. ||  0. |  0. |  0. ||  1. |  0. |  0. |
|  1. |  0. |  0. || -1. | -1. |  0. ||  0. |  0. |  1. |
|=====+=====+=====||=====+=====+=====||=====+=====+=====|
|  0. |  0. |  1. || -1. |  0. |  0. ||  1. |  0. | -1. |
| -1. |  1. |  1. ||  0. | -1. |  1. ||  0. |  0. |  0. |
|  0. |  0. |  0. ||  0. |  0. |  0. ||  0. | -1. |  0. |
|=====+=====+=====||=====+=====+=====||=====+=====+=====|
| -1. |  1. |  0. ||* 0. |* 0. |* 0. ||  0. |  0. |  0. |
| -1. |  0. | -1. ||* 0. |* 0. |* 0. ||  0. |  0. |  0. |
|  0. |  0. |  0. ||* 1. |* 0. |* 1. ||  1. | -1. | -1. |


state to eval, currenty is playerone turn=true

|  0. |  1. |  0. ||  0. |  0. |  0. || -1. |  0. |  0. |
| -1. |  1. |  0. ||  0. |  0. |  0. ||  1. |  0. |  0. |
|  1. |  0. |  0. || -1. | -1. |  0. ||  0. |  0. |  1. |
|=====+=====+=====||=====+=====+=====||=====+=====+=====|
|  0. |  0. |  1. || -1. |  0. |  0. ||  1. |  0. | -1. |
| -1. |  1. |  1. ||  0. | -1. |  1. ||  0. |  0. |  0. |
|  0. |  0. |  0. ||  0. |  0. |  0. ||  0. | -1. |  0. |
|=====+=====+=====||=====+=====+=====||=====+=====+=====|
| -1. |  1. |  0. ||* 0. |* 0. |* 0. ||  0. |  0. |  0. |
| -1. |  0. | -1. ||* 0. |* 0. |* 0. ||  0. |  0. |  0. |
|  0. |  0. |  0. ||* 1. |* 0. |* 1. ||  1. | -1. | -1. |


Determined best move using: 86247Iterations
current State

|* 0. |* 1. |* 0. ||* 0. |* 0. |* 0. ||*-1. |* 0. |* 0. |
|*-1. |* 1. |* 0. ||* 0. |* 0. |* 0. ||* 1. |* 0. |* 0. |
|* 1. |* 0. |* 0. ||*-1. |*-1. |* 0. ||* 0. |* 0. |* 1. |
|=====+=====+=====||=====+=====+=====||=====+=====+=====|
|* 0. |* 0. |* 1. ||*-1. |* 0. |* 0. ||* 1. |* 0. |*-1. |
|*-1. |* 1. |* 1. ||* 0. |*-1. |* 1. ||* 0. |* 0. |* 0. |
|* 0. |* 0. |* 0. ||* 0. |* 0. |* 0. ||* 0. |*-1. |* 0. |
|=====+=====+=====||=====+=====+=====||=====+=====+=====|
|*-1. |* 1. |* 0. ||  0. |  0. |  0. ||* 0. |* 0. |* 0. |
|*-1. |* 0. |*-1. ||  0. |  0. |  0. ||* 0. |* 0. |* 0. |
|* 0. |* 0. |* 0. ||  1. |  1. |  1. ||* 1. |*-1. |*-1. |


state to eval, currenty is playerone turn=false

|*-0. |*-1. |*-0. ||*-0. |*-0. |*-0. ||* 1. |*-0. |*-0. |
|* 1. |*-1. |*-0. ||*-0. |*-0. |*-0. ||*-1. |*-0. |*-0. |
|*-1. |*-0. |*-0. ||* 1. |* 1. |*-0. ||*-0. |*-0. |*-1. |
|=====+=====+=====||=====+=====+=====||=====+=====+=====|
|*-0. |*-0. |*-1. ||* 1. |*-0. |*-0. ||*-1. |*-0. |* 1. |
|* 1. |*-1. |*-1. ||*-0. |* 1. |*-1. ||*-0. |*-0. |*-0. |
|*-0. |*-0. |*-0. ||*-0. |*-0. |*-0. ||*-0. |* 1. |*-0. |
|=====+=====+=====||=====+=====+=====||=====+=====+=====|
|* 1. |*-1. |*-0. || -0. | -0. | -0. ||*-0. |*-0. |*-0. |
|* 1. |*-0. |* 1. || -0. | -0. | -0. ||*-0. |*-0. |*-0. |
|*-0. |*-0. |*-0. || -1. | -1. | -1. ||*-1. |* 1. |* 1. |


Determined best move using: 83977Iterations
current State

|  0. |  1. |  0. ||* 0. |*-1. |* 0. || -1. |  0. |  0. |
| -1. |  1. |  0. ||* 0. |* 0. |* 0. ||  1. |  0. |  0. |
|  1. |  0. |  0. ||*-1. |*-1. |* 0. ||  0. |  0. |  1. |
|=====+=====+=====||=====+=====+=====||=====+=====+=====|
|  0. |  0. |  1. || -1. |  0. |  0. ||  1. |  0. | -1. |
| -1. |  1. |  1. ||  0. | -1. |  1. ||  0. |  0. |  0. |
|  0. |  0. |  0. ||  0. |  0. |  0. ||  0. | -1. |  0. |
|=====+=====+=====||=====+=====+=====||=====+=====+=====|
| -1. |  1. |  0. ||  0. |  0. |  0. ||  0. |  0. |  0. |
| -1. |  0. | -1. ||  0. |  0. |  0. ||  0. |  0. |  0. |
|  0. |  0. |  0. ||  1. |  1. |  1. ||  1. | -1. | -1. |


state to eval, currenty is playerone turn=true

|  0. |  1. |  0. ||* 0. |*-1. |* 0. || -1. |  0. |  0. |
| -1. |  1. |  0. ||* 0. |* 0. |* 0. ||  1. |  0. |  0. |
|  1. |  0. |  0. ||*-1. |*-1. |* 0. ||  0. |  0. |  1. |
|=====+=====+=====||=====+=====+=====||=====+=====+=====|
|  0. |  0. |  1. || -1. |  0. |  0. ||  1. |  0. | -1. |
| -1. |  1. |  1. ||  0. | -1. |  1. ||  0. |  0. |  0. |
|  0. |  0. |  0. ||  0. |  0. |  0. ||  0. | -1. |  0. |
|=====+=====+=====||=====+=====+=====||=====+=====+=====|
| -1. |  1. |  0. ||  0. |  0. |  0. ||  0. |  0. |  0. |
| -1. |  0. | -1. ||  0. |  0. |  0. ||  0. |  0. |  0. |
|  0. |  0. |  0. ||  1. |  1. |  1. ||  1. | -1. | -1. |


Determined best move using: 85658Iterations
current State

|* 0. |* 1. |* 0. ||  1. | -1. |  0. || -1. |  0. |  0. |
|*-1. |* 1. |* 0. ||  0. |  0. |  0. ||  1. |  0. |  0. |
|* 1. |* 0. |* 0. || -1. | -1. |  0. ||  0. |  0. |  1. |
|=====+=====+=====||=====+=====+=====||=====+=====+=====|
|  0. |  0. |  1. || -1. |  0. |  0. ||  1. |  0. | -1. |
| -1. |  1. |  1. ||  0. | -1. |  1. ||  0. |  0. |  0. |
|  0. |  0. |  0. ||  0. |  0. |  0. ||  0. | -1. |  0. |
|=====+=====+=====||=====+=====+=====||=====+=====+=====|
| -1. |  1. |  0. ||  0. |  0. |  0. ||  0. |  0. |  0. |
| -1. |  0. | -1. ||  0. |  0. |  0. ||  0. |  0. |  0. |
|  0. |  0. |  0. ||  1. |  1. |  1. ||  1. | -1. | -1. |


state to eval, currenty is playerone turn=false

|*-0. |*-1. |*-0. || -1. |  1. | -0. ||  1. | -0. | -0. |
|* 1. |*-1. |*-0. || -0. | -0. | -0. || -1. | -0. | -0. |
|*-1. |*-0. |*-0. ||  1. |  1. | -0. || -0. | -0. | -1. |
|=====+=====+=====||=====+=====+=====||=====+=====+=====|
| -0. | -0. | -1. ||  1. | -0. | -0. || -1. | -0. |  1. |
|  1. | -1. | -1. || -0. |  1. | -1. || -0. | -0. | -0. |
| -0. | -0. | -0. || -0. | -0. | -0. || -0. |  1. | -0. |
|=====+=====+=====||=====+=====+=====||=====+=====+=====|
|  1. | -1. | -0. || -0. | -0. | -0. || -0. | -0. | -0. |
|  1. | -0. |  1. || -0. | -0. | -0. || -0. | -0. | -0. |
| -0. | -0. | -0. || -1. | -1. | -1. || -1. |  1. |  1. |


current State

|  0. |  1. |  0. ||  1. | -1. |  0. || -1. |  0. |  0. |
| -1. |  1. |  0. ||  0. |  0. |  0. ||  1. |  0. |  0. |
|  1. |  0. | -1. || -1. | -1. |  0. ||  0. |  0. |  1. |
|=====+=====+=====||=====+=====+=====||=====+=====+=====|
|  0. |  0. |  1. || -1. |  0. |  0. ||  1. |  0. | -1. |
| -1. |  1. |  1. ||  0. | -1. |  1. ||  0. |  0. |  0. |
|  0. |  0. |  0. ||  0. |  0. |  0. ||  0. | -1. |  0. |
|=====+=====+=====||=====+=====+=====||=====+=====+=====|
| -1. |  1. |  0. ||  0. |  0. |  0. ||* 0. |* 0. |* 0. |
| -1. |  0. | -1. ||  0. |  0. |  0. ||* 0. |* 0. |* 0. |
|  0. |  0. |  0. ||  1. |  1. |  1. ||* 1. |*-1. |*-1. |


state to eval, currenty is playerone turn=true

|  0. |  1. |  0. ||  1. | -1. |  0. || -1. |  0. |  0. |
| -1. |  1. |  0. ||  0. |  0. |  0. ||  1. |  0. |  0. |
|  1. |  0. | -1. || -1. | -1. |  0. ||  0. |  0. |  1. |
|=====+=====+=====||=====+=====+=====||=====+=====+=====|
|  0. |  0. |  1. || -1. |  0. |  0. ||  1. |  0. | -1. |
| -1. |  1. |  1. ||  0. | -1. |  1. ||  0. |  0. |  0. |
|  0. |  0. |  0. ||  0. |  0. |  0. ||  0. | -1. |  0. |
|=====+=====+=====||=====+=====+=====||=====+=====+=====|
| -1. |  1. |  0. ||  0. |  0. |  0. ||* 0. |* 0. |* 0. |
| -1. |  0. | -1. ||  0. |  0. |  0. ||* 0. |* 0. |* 0. |
|  0. |  0. |  0. ||  1. |  1. |  1. ||* 1. |*-1. |*-1. |


current State

|  0. |  1. |  0. ||* 1. |*-1. |* 0. || -1. |  0. |  0. |
| -1. |  1. |  0. ||* 0. |* 0. |* 0. ||  1. |  0. |  0. |
|  1. |  0. | -1. ||*-1. |*-1. |* 0. ||  0. |  0. |  1. |
|=====+=====+=====||=====+=====+=====||=====+=====+=====|
|  0. |  0. |  1. || -1. |  0. |  0. ||  1. |  0. | -1. |
| -1. |  1. |  1. ||  0. | -1. |  1. ||  0. |  0. |  0. |
|  0. |  0. |  0. ||  0. |  0. |  0. ||  0. | -1. |  0. |
|=====+=====+=====||=====+=====+=====||=====+=====+=====|
| -1. |  1. |  0. ||  0. |  0. |  0. ||  0. |  1. |  0. |
| -1. |  0. | -1. ||  0. |  0. |  0. ||  0. |  0. |  0. |
|  0. |  0. |  0. ||  1. |  1. |  1. ||  1. | -1. | -1. |


state to eval, currenty is playerone turn=false

| -0. | -1. | -0. ||*-1. |* 1. |*-0. ||  1. | -0. | -0. |
|  1. | -1. | -0. ||*-0. |*-0. |*-0. || -1. | -0. | -0. |
| -1. | -0. |  1. ||* 1. |* 1. |*-0. || -0. | -0. | -1. |
|=====+=====+=====||=====+=====+=====||=====+=====+=====|
| -0. | -0. | -1. ||  1. | -0. | -0. || -1. | -0. |  1. |
|  1. | -1. | -1. || -0. |  1. | -1. || -0. | -0. | -0. |
| -0. | -0. | -0. || -0. | -0. | -0. || -0. |  1. | -0. |
|=====+=====+=====||=====+=====+=====||=====+=====+=====|
|  1. | -1. | -0. || -0. | -0. | -0. || -0. | -1. | -0. |
|  1. | -0. |  1. || -0. | -0. | -0. || -0. | -0. | -0. |
| -0. | -0. | -0. || -1. | -1. | -1. || -1. |  1. |  1. |


current State

|  0. |  1. |  0. ||  1. | -1. |  0. || -1. |  0. |  0. |
| -1. |  1. |  0. ||  0. | -1. |  0. ||  1. |  0. |  0. |
|  1. |  0. | -1. || -1. | -1. |  0. ||  0. |  0. |  1. |
|=====+=====+=====||=====+=====+=====||=====+=====+=====|
|  0. |  0. |  1. ||*-1. |* 0. |* 0. ||  1. |  0. | -1. |
| -1. |  1. |  1. ||* 0. |*-1. |* 1. ||  0. |  0. |  0. |
|  0. |  0. |  0. ||* 0. |* 0. |* 0. ||  0. | -1. |  0. |
|=====+=====+=====||=====+=====+=====||=====+=====+=====|
| -1. |  1. |  0. ||  0. |  0. |  0. ||  0. |  1. |  0. |
| -1. |  0. | -1. ||  0. |  0. |  0. ||  0. |  0. |  0. |
|  0. |  0. |  0. ||  1. |  1. |  1. ||  1. | -1. | -1. |


state to eval, currenty is playerone turn=true

|  0. |  1. |  0. ||  1. | -1. |  0. || -1. |  0. |  0. |
| -1. |  1. |  0. ||  0. | -1. |  0. ||  1. |  0. |  0. |
|  1. |  0. | -1. || -1. | -1. |  0. ||  0. |  0. |  1. |
|=====+=====+=====||=====+=====+=====||=====+=====+=====|
|  0. |  0. |  1. ||*-1. |* 0. |* 0. ||  1. |  0. | -1. |
| -1. |  1. |  1. ||* 0. |*-1. |* 1. ||  0. |  0. |  0. |
|  0. |  0. |  0. ||* 0. |* 0. |* 0. ||  0. | -1. |  0. |
|=====+=====+=====||=====+=====+=====||=====+=====+=====|
| -1. |  1. |  0. ||  0. |  0. |  0. ||  0. |  1. |  0. |
| -1. |  0. | -1. ||  0. |  0. |  0. ||  0. |  0. |  0. |
|  0. |  0. |  0. ||  1. |  1. |  1. ||  1. | -1. | -1. |


Determined best move using: 90424Iterations
current State

|  0. |  1. |  0. ||  1. | -1. |  0. || -1. |  0. |  0. |
| -1. |  1. |  0. ||  0. | -1. |  0. ||  1. |  0. |  0. |
|  1. |  0. | -1. || -1. | -1. |  0. ||  0. |  0. |  1. |
|=====+=====+=====||=====+=====+=====||=====+=====+=====|
|* 0. |* 0. |* 1. || -1. |  0. |  0. ||  1. |  0. | -1. |
|*-1. |* 1. |* 1. ||  1. | -1. |  1. ||  0. |  0. |  0. |
|* 0. |* 0. |* 0. ||  0. |  0. |  0. ||  0. | -1. |  0. |
|=====+=====+=====||=====+=====+=====||=====+=====+=====|
| -1. |  1. |  0. ||  0. |  0. |  0. ||  0. |  1. |  0. |
| -1. |  0. | -1. ||  0. |  0. |  0. ||  0. |  0. |  0. |
|  0. |  0. |  0. ||  1. |  1. |  1. ||  1. | -1. | -1. |


state to eval, currenty is playerone turn=false

| -0. | -1. | -0. || -1. |  1. | -0. ||  1. | -0. | -0. |
|  1. | -1. | -0. || -0. |  1. | -0. || -1. | -0. | -0. |
| -1. | -0. |  1. ||  1. |  1. | -0. || -0. | -0. | -1. |
|=====+=====+=====||=====+=====+=====||=====+=====+=====|
|*-0. |*-0. |*-1. ||  1. | -0. | -0. || -1. | -0. |  1. |
|* 1. |*-1. |*-1. || -1. |  1. | -1. || -0. | -0. | -0. |
|*-0. |*-0. |*-0. || -0. | -0. | -0. || -0. |  1. | -0. |
|=====+=====+=====||=====+=====+=====||=====+=====+=====|
|  1. | -1. | -0. || -0. | -0. | -0. || -0. | -1. | -0. |
|  1. | -0. |  1. || -0. | -0. | -0. || -0. | -0. | -0. |
| -0. | -0. | -0. || -1. | -1. | -1. || -1. |  1. |  1. |


Determined best move using: 90904Iterations
current State

|* 0. |* 1. |* 0. ||  1. | -1. |  0. || -1. |  0. |  0. |
|*-1. |* 1. |* 0. ||  0. | -1. |  0. ||  1. |  0. |  0. |
|* 1. |* 0. |*-1. || -1. | -1. |  0. ||  0. |  0. |  1. |
|=====+=====+=====||=====+=====+=====||=====+=====+=====|
| -1. |  0. |  1. || -1. |  0. |  0. ||  1. |  0. | -1. |
| -1. |  1. |  1. ||  1. | -1. |  1. ||  0. |  0. |  0. |
|  0. |  0. |  0. ||  0. |  0. |  0. ||  0. | -1. |  0. |
|=====+=====+=====||=====+=====+=====||=====+=====+=====|
| -1. |  1. |  0. ||  0. |  0. |  0. ||  0. |  1. |  0. |
| -1. |  0. | -1. ||  0. |  0. |  0. ||  0. |  0. |  0. |
|  0. |  0. |  0. ||  1. |  1. |  1. ||  1. | -1. | -1. |


state to eval, currenty is playerone turn=true

|* 0. |* 1. |* 0. ||  1. | -1. |  0. || -1. |  0. |  0. |
|*-1. |* 1. |* 0. ||  0. | -1. |  0. ||  1. |  0. |  0. |
|* 1. |* 0. |*-1. || -1. | -1. |  0. ||  0. |  0. |  1. |
|=====+=====+=====||=====+=====+=====||=====+=====+=====|
| -1. |  0. |  1. || -1. |  0. |  0. ||  1. |  0. | -1. |
| -1. |  1. |  1. ||  1. | -1. |  1. ||  0. |  0. |  0. |
|  0. |  0. |  0. ||  0. |  0. |  0. ||  0. | -1. |  0. |
|=====+=====+=====||=====+=====+=====||=====+=====+=====|
| -1. |  1. |  0. ||  0. |  0. |  0. ||  0. |  1. |  0. |
| -1. |  0. | -1. ||  0. |  0. |  0. ||  0. |  0. |  0. |
|  0. |  0. |  0. ||  1. |  1. |  1. ||  1. | -1. | -1. |


Determined best move using: 89091Iterations
current State

|* 1. |* 1. |* 0. ||  1. | -1. |  0. || -1. |  0. |  0. |
|*-1. |* 1. |* 0. ||  0. | -1. |  0. ||  1. |  0. |  0. |
|* 1. |* 0. |*-1. || -1. | -1. |  0. ||  0. |  0. |  1. |
|=====+=====+=====||=====+=====+=====||=====+=====+=====|
| -1. |  0. |  1. || -1. |  0. |  0. ||  1. |  0. | -1. |
| -1. |  1. |  1. ||  1. | -1. |  1. ||  0. |  0. |  0. |
|  0. |  0. |  0. ||  0. |  0. |  0. ||  0. | -1. |  0. |
|=====+=====+=====||=====+=====+=====||=====+=====+=====|
| -1. |  1. |  0. ||  0. |  0. |  0. ||  0. |  1. |  0. |
| -1. |  0. | -1. ||  0. |  0. |  0. ||  0. |  0. |  0. |
|  0. |  0. |  0. ||  1. |  1. |  1. ||  1. | -1. | -1. |


state to eval, currenty is playerone turn=false

|*-1. |*-1. |*-0. || -1. |  1. | -0. ||  1. | -0. | -0. |
|* 1. |*-1. |*-0. || -0. |  1. | -0. || -1. | -0. | -0. |
|*-1. |*-0. |* 1. ||  1. |  1. | -0. || -0. | -0. | -1. |
|=====+=====+=====||=====+=====+=====||=====+=====+=====|
|  1. | -0. | -1. ||  1. | -0. | -0. || -1. | -0. |  1. |
|  1. | -1. | -1. || -1. |  1. | -1. || -0. | -0. | -0. |
| -0. | -0. | -0. || -0. | -0. | -0. || -0. |  1. | -0. |
|=====+=====+=====||=====+=====+=====||=====+=====+=====|
|  1. | -1. | -0. || -0. | -0. | -0. || -0. | -1. | -0. |
|  1. | -0. |  1. || -0. | -0. | -0. || -0. | -0. | -0. |
| -0. | -0. | -0. || -1. | -1. | -1. || -1. |  1. |  1. |


current State

|  1. |  1. | -1. ||  1. | -1. |  0. ||*-1. |* 0. |* 0. |
| -1. |  1. |  0. ||  0. | -1. |  0. ||* 1. |* 0. |* 0. |
|  1. |  0. | -1. || -1. | -1. |  0. ||* 0. |* 0. |* 1. |
|=====+=====+=====||=====+=====+=====||=====+=====+=====|
| -1. |  0. |  1. || -1. |  0. |  0. ||  1. |  0. | -1. |
| -1. |  1. |  1. ||  1. | -1. |  1. ||  0. |  0. |  0. |
|  0. |  0. |  0. ||  0. |  0. |  0. ||  0. | -1. |  0. |
|=====+=====+=====||=====+=====+=====||=====+=====+=====|
| -1. |  1. |  0. ||  0. |  0. |  0. ||  0. |  1. |  0. |
| -1. |  0. | -1. ||  0. |  0. |  0. ||  0. |  0. |  0. |
|  0. |  0. |  0. ||  1. |  1. |  1. ||  1. | -1. | -1. |


state to eval, currenty is playerone turn=true

|  1. |  1. | -1. ||  1. | -1. |  0. ||*-1. |* 0. |* 0. |
| -1. |  1. |  0. ||  0. | -1. |  0. ||* 1. |* 0. |* 0. |
|  1. |  0. | -1. || -1. | -1. |  0. ||* 0. |* 0. |* 1. |
|=====+=====+=====||=====+=====+=====||=====+=====+=====|
| -1. |  0. |  1. || -1. |  0. |  0. ||  1. |  0. | -1. |
| -1. |  1. |  1. ||  1. | -1. |  1. ||  0. |  0. |  0. |
|  0. |  0. |  0. ||  0. |  0. |  0. ||  0. | -1. |  0. |
|=====+=====+=====||=====+=====+=====||=====+=====+=====|
| -1. |  1. |  0. ||  0. |  0. |  0. ||  0. |  1. |  0. |
| -1. |  0. | -1. ||  0. |  0. |  0. ||  0. |  0. |  0. |
|  0. |  0. |  0. ||  1. |  1. |  1. ||  1. | -1. | -1. |


Determined best move using: 91128Iterations
Determined best move using: 148198Iterations
Determined best move using: 66661Iterations
current State

|  1. |  1. | -1. ||  1. | -1. |  0. || -1. |  0. |  0. |
| -1. |  1. |  0. ||  0. | -1. |  0. ||  1. |  0. |  1. |
|  1. |  0. | -1. || -1. | -1. |  0. ||  0. |  0. |  1. |
|=====+=====+=====||=====+=====+=====||=====+=====+=====|
| -1. |  0. |  1. || -1. |  0. |  0. ||* 1. |* 0. |*-1. |
| -1. |  1. |  1. ||  1. | -1. |  1. ||* 0. |* 0. |* 0. |
|  0. |  0. |  0. ||  0. |  0. |  0. ||* 0. |*-1. |* 0. |
|=====+=====+=====||=====+=====+=====||=====+=====+=====|
| -1. |  1. |  0. ||  0. |  0. |  0. ||  0. |  1. |  0. |
| -1. |  0. | -1. ||  0. |  0. |  0. ||  0. |  0. |  0. |
|  0. |  0. |  0. ||  1. |  1. |  1. ||  1. | -1. | -1. |


state to eval, currenty is playerone turn=false

| -1. | -1. |  1. || -1. |  1. | -0. ||  1. | -0. | -0. |
|  1. | -1. | -0. || -0. |  1. | -0. || -1. | -0. | -1. |
| -1. | -0. |  1. ||  1. |  1. | -0. || -0. | -0. | -1. |
|=====+=====+=====||=====+=====+=====||=====+=====+=====|
|  1. | -0. | -1. ||  1. | -0. | -0. ||*-1. |*-0. |* 1. |
|  1. | -1. | -1. || -1. |  1. | -1. ||*-0. |*-0. |*-0. |
| -0. | -0. | -0. || -0. | -0. | -0. ||*-0. |* 1. |*-0. |
|=====+=====+=====||=====+=====+=====||=====+=====+=====|
|  1. | -1. | -0. || -0. | -0. | -0. || -0. | -1. | -0. |
|  1. | -0. |  1. || -0. | -0. | -0. || -0. | -0. | -0. |
| -0. | -0. | -0. || -1. | -1. | -1. || -1. |  1. |  1. |


current State

|  1. |  1. | -1. ||  1. | -1. |  0. || -1. |  0. |  0. |
| -1. |  1. |  0. ||  0. | -1. |  0. ||  1. |  0. |  1. |
|  1. |  0. | -1. || -1. | -1. |  0. ||  0. |  0. |  1. |
|=====+=====+=====||=====+=====+=====||=====+=====+=====|
| -1. |  0. |  1. || -1. |  0. |  0. ||* 1. |* 0. |*-1. |
| -1. |  1. |  1. ||  1. | -1. |  1. ||* 0. |* 0. |*-1. |
|  0. |  0. |  0. ||  0. |  0. |  0. ||* 0. |*-1. |* 0. |
|=====+=====+=====||=====+=====+=====||=====+=====+=====|
| -1. |  1. |  0. ||  0. |  0. |  0. ||  0. |  1. |  0. |
| -1. |  0. | -1. ||  0. |  0. |  0. ||  0. |  0. |  0. |
|  0. |  0. |  0. ||  1. |  1. |  1. ||  1. | -1. | -1. |


state to eval, currenty is playerone turn=true

|  1. |  1. | -1. ||  1. | -1. |  0. || -1. |  0. |  0. |
| -1. |  1. |  0. ||  0. | -1. |  0. ||  1. |  0. |  1. |
|  1. |  0. | -1. || -1. | -1. |  0. ||  0. |  0. |  1. |
|=====+=====+=====||=====+=====+=====||=====+=====+=====|
| -1. |  0. |  1. || -1. |  0. |  0. ||* 1. |* 0. |*-1. |
| -1. |  1. |  1. ||  1. | -1. |  1. ||* 0. |* 0. |*-1. |
|  0. |  0. |  0. ||  0. |  0. |  0. ||* 0. |*-1. |* 0. |
|=====+=====+=====||=====+=====+=====||=====+=====+=====|
| -1. |  1. |  0. ||  0. |  0. |  0. ||  0. |  1. |  0. |
| -1. |  0. | -1. ||  0. |  0. |  0. ||  0. |  0. |  0. |
|  0. |  0. |  0. ||  1. |  1. |  1. ||  1. | -1. | -1. |


Determined best move using: 109203Iterations
current State

|  1. |  1. | -1. ||  1. | -1. |  0. || -1. |  0. |  0. |
| -1. |  1. |  0. ||  0. | -1. |  0. ||  1. |  0. |  1. |
|  1. |  0. | -1. || -1. | -1. |  0. ||  0. |  0. |  1. |
|=====+=====+=====||=====+=====+=====||=====+=====+=====|
| -1. |  0. |  1. || -1. |  0. |  0. ||  1. |  0. | -1. |
| -1. |  1. |  1. ||  1. | -1. |  1. ||  0. |  0. | -1. |
|  0. |  0. |  0. ||  0. |  0. |  0. ||  1. | -1. |  0. |
|=====+=====+=====||=====+=====+=====||=====+=====+=====|
|*-1. |* 1. |* 0. ||  0. |  0. |  0. ||  0. |  1. |  0. |
|*-1. |* 0. |*-1. ||  0. |  0. |  0. ||  0. |  0. |  0. |
|* 0. |* 0. |* 0. ||  1. |  1. |  1. ||  1. | -1. | -1. |


state to eval, currenty is playerone turn=false

| -1. | -1. |  1. || -1. |  1. | -0. ||  1. | -0. | -0. |
|  1. | -1. | -0. || -0. |  1. | -0. || -1. | -0. | -1. |
| -1. | -0. |  1. ||  1. |  1. | -0. || -0. | -0. | -1. |
|=====+=====+=====||=====+=====+=====||=====+=====+=====|
|  1. | -0. | -1. ||  1. | -0. | -0. || -1. | -0. |  1. |
|  1. | -1. | -1. || -1. |  1. | -1. || -0. | -0. |  1. |
| -0. | -0. | -0. || -0. | -0. | -0. || -1. |  1. | -0. |
|=====+=====+=====||=====+=====+=====||=====+=====+=====|
|* 1. |*-1. |*-0. || -0. | -0. | -0. || -0. | -1. | -0. |
|* 1. |*-0. |* 1. || -0. | -0. | -0. || -0. | -0. | -0. |
|*-0. |*-0. |*-0. || -1. | -1. | -1. || -1. |  1. |  1. |


Determined best move using: 111836Iterations
current State

|  1. |  1. | -1. ||  1. | -1. |  0. || -1. |  0. |  0. |
| -1. |  1. |  0. ||  0. | -1. |  0. ||  1. |  0. |  1. |
|  1. |  0. | -1. || -1. | -1. |  0. ||  0. |  0. |  1. |
|=====+=====+=====||=====+=====+=====||=====+=====+=====|
| -1. |  0. |  1. || -1. |  0. |  0. ||  1. |  0. | -1. |
| -1. |  1. |  1. ||  1. | -1. |  1. ||  0. |  0. | -1. |
|  0. |  0. |  0. ||  0. |  0. |  0. ||  1. | -1. |  0. |
|=====+=====+=====||=====+=====+=====||=====+=====+=====|
| -1. |  1. |  0. ||  0. |  0. |  0. ||* 0. |* 1. |* 0. |
| -1. |  0. | -1. ||  0. |  0. |  0. ||* 0. |* 0. |* 0. |
|  0. |  0. | -1. ||  1. |  1. |  1. ||* 1. |*-1. |*-1. |


state to eval, currenty is playerone turn=true

|  1. |  1. | -1. ||  1. | -1. |  0. || -1. |  0. |  0. |
| -1. |  1. |  0. ||  0. | -1. |  0. ||  1. |  0. |  1. |
|  1. |  0. | -1. || -1. | -1. |  0. ||  0. |  0. |  1. |
|=====+=====+=====||=====+=====+=====||=====+=====+=====|
| -1. |  0. |  1. || -1. |  0. |  0. ||  1. |  0. | -1. |
| -1. |  1. |  1. ||  1. | -1. |  1. ||  0. |  0. | -1. |
|  0. |  0. |  0. ||  0. |  0. |  0. ||  1. | -1. |  0. |
|=====+=====+=====||=====+=====+=====||=====+=====+=====|
| -1. |  1. |  0. ||  0. |  0. |  0. ||* 0. |* 1. |* 0. |
| -1. |  0. | -1. ||  0. |  0. |  0. ||* 0. |* 0. |* 0. |
|  0. |  0. | -1. ||  1. |  1. |  1. ||* 1. |*-1. |*-1. |


Determined best move using: 128800Iterations
current State

|  1. |  1. | -1. ||  1. | -1. |  0. || -1. |  0. |  0. |
| -1. |  1. |  0. ||  0. | -1. |  0. ||  1. |  0. |  1. |
|  1. |  0. | -1. || -1. | -1. |  0. ||  0. |  0. |  1. |
|=====+=====+=====||=====+=====+=====||=====+=====+=====|
|*-1. |* 0. |* 1. || -1. |  0. |  0. ||  1. |  0. | -1. |
|*-1. |* 1. |* 1. ||  1. | -1. |  1. ||  0. |  0. | -1. |
|* 0. |* 0. |* 0. ||  0. |  0. |  0. ||  1. | -1. |  0. |
|=====+=====+=====||=====+=====+=====||=====+=====+=====|
| -1. |  1. |  0. ||  0. |  0. |  0. ||  0. |  1. |  0. |
| -1. |  0. | -1. ||  0. |  0. |  0. ||  1. |  0. |  0. |
|  0. |  0. | -1. ||  1. |  1. |  1. ||  1. | -1. | -1. |


state to eval, currenty is playerone turn=false

| -1. | -1. |  1. || -1. |  1. | -0. ||  1. | -0. | -0. |
|  1. | -1. | -0. || -0. |  1. | -0. || -1. | -0. | -1. |
| -1. | -0. |  1. ||  1. |  1. | -0. || -0. | -0. | -1. |
|=====+=====+=====||=====+=====+=====||=====+=====+=====|
|* 1. |*-0. |*-1. ||  1. | -0. | -0. || -1. | -0. |  1. |
|* 1. |*-1. |*-1. || -1. |  1. | -1. || -0. | -0. |  1. |
|*-0. |*-0. |*-0. || -0. | -0. | -0. || -1. |  1. | -0. |
|=====+=====+=====||=====+=====+=====||=====+=====+=====|
|  1. | -1. | -0. || -0. | -0. | -0. || -0. | -1. | -0. |
|  1. | -0. |  1. || -0. | -0. | -0. || -1. | -0. | -0. |
| -0. | -0. |  1. || -1. | -1. | -1. || -1. |  1. |  1. |


Determined best move using: 1676128Iterations
Determined best move using: 74144Iterations
Determined best move using: 1158395Iterations
current State

|  1. |  1. | -1. ||  1. | -1. |  0. || -1. |  0. |  0. |
| -1. |  1. |  0. ||  0. | -1. |  0. ||  1. |  0. |  1. |
|  1. |  0. | -1. || -1. | -1. |  0. ||  0. |  0. |  1. |
|=====+=====+=====||=====+=====+=====||=====+=====+=====|
| -1. |  0. |  1. || -1. |  0. |  0. ||  1. |  0. | -1. |
| -1. |  1. |  1. ||  1. | -1. |  1. ||  0. |  0. | -1. |
| -1. |  0. |  0. ||  0. |  0. |  0. ||  1. | -1. |  0. |
|=====+=====+=====||=====+=====+=====||=====+=====+=====|
|*-1. |* 1. |* 0. ||  0. |  0. |  0. ||  0. |  1. |  0. |
|*-1. |* 0. |*-1. ||  0. |  0. |  0. ||  1. |  0. |  0. |
|* 0. |* 0. |*-1. ||  1. |  1. |  1. ||  1. | -1. | -1. |


state to eval, currenty is playerone turn=true

|  1. |  1. | -1. ||  1. | -1. |  0. || -1. |  0. |  0. |
| -1. |  1. |  0. ||  0. | -1. |  0. ||  1. |  0. |  1. |
|  1. |  0. | -1. || -1. | -1. |  0. ||  0. |  0. |  1. |
|=====+=====+=====||=====+=====+=====||=====+=====+=====|
| -1. |  0. |  1. || -1. |  0. |  0. ||  1. |  0. | -1. |
| -1. |  1. |  1. ||  1. | -1. |  1. ||  0. |  0. | -1. |
| -1. |  0. |  0. ||  0. |  0. |  0. ||  1. | -1. |  0. |
|=====+=====+=====||=====+=====+=====||=====+=====+=====|
|*-1. |* 1. |* 0. ||  0. |  0. |  0. ||  0. |  1. |  0. |
|*-1. |* 0. |*-1. ||  0. |  0. |  0. ||  1. |  0. |  0. |
|* 0. |* 0. |*-1. ||  1. |  1. |  1. ||  1. | -1. | -1. |


Determined best move using: 1633992Iterations
Determined best move using: 75180Iterations
current State

|  1. |  1. | -1. ||  1. | -1. |  0. || -1. |  0. |  0. |
| -1. |  1. |  0. ||  0. | -1. |  0. ||  1. |  0. |  1. |
|  1. |  0. | -1. || -1. | -1. |  0. ||  0. |  0. |  1. |
|=====+=====+=====||=====+=====+=====||=====+=====+=====|
| -1. |  0. |  1. ||*-1. |* 0. |* 0. ||  1. |  0. | -1. |
| -1. |  1. |  1. ||* 1. |*-1. |* 1. ||  0. |  0. | -1. |
| -1. |  0. |  0. ||* 0. |* 0. |* 0. ||  1. | -1. |  0. |
|=====+=====+=====||=====+=====+=====||=====+=====+=====|
| -1. |  1. |  0. ||  0. |  0. |  0. ||  0. |  1. |  0. |
| -1. |  1. | -1. ||  0. |  0. |  0. ||  1. |  0. |  0. |
|  0. |  0. | -1. ||  1. |  1. |  1. ||  1. | -1. | -1. |


state to eval, currenty is playerone turn=false

| -1. | -1. |  1. || -1. |  1. | -0. ||  1. | -0. | -0. |
|  1. | -1. | -0. || -0. |  1. | -0. || -1. | -0. | -1. |
| -1. | -0. |  1. ||  1. |  1. | -0. || -0. | -0. | -1. |
|=====+=====+=====||=====+=====+=====||=====+=====+=====|
|  1. | -0. | -1. ||* 1. |*-0. |*-0. || -1. | -0. |  1. |
|  1. | -1. | -1. ||*-1. |* 1. |*-1. || -0. | -0. |  1. |
|  1. | -0. | -0. ||*-0. |*-0. |*-0. || -1. |  1. | -0. |
|=====+=====+=====||=====+=====+=====||=====+=====+=====|
|  1. | -1. | -0. || -0. | -0. | -0. || -0. | -1. | -0. |
|  1. | -1. |  1. || -0. | -0. | -0. || -1. | -0. | -0. |
| -0. | -0. |  1. || -1. | -1. | -1. || -1. |  1. |  1. |


Determined best move using: 81020Iterations
current State

|  1. |  1. | -1. ||  1. | -1. |  0. || -1. |  0. |  0. |
| -1. |  1. |  0. ||  0. | -1. |  0. ||  1. |  0. |  1. |
|  1. |  0. | -1. || -1. | -1. |  0. ||  0. |  0. |  1. |
|=====+=====+=====||=====+=====+=====||=====+=====+=====|
| -1. |  0. |  1. || -1. |  0. |  0. ||  1. |  0. | -1. |
| -1. |  1. |  1. ||  1. | -1. |  1. ||  0. |  0. | -1. |
| -1. |  0. |  0. ||  0. |  0. | -1. ||  1. | -1. |  0. |
|=====+=====+=====||=====+=====+=====||=====+=====+=====|
| -1. |  1. |  0. ||  0. |  0. |  0. ||* 0. |* 1. |* 0. |
| -1. |  1. | -1. ||  0. |  0. |  0. ||* 1. |* 0. |* 0. |
|  0. |  0. | -1. ||  1. |  1. |  1. ||* 1. |*-1. |*-1. |


state to eval, currenty is playerone turn=true

|  1. |  1. | -1. ||  1. | -1. |  0. || -1. |  0. |  0. |
| -1. |  1. |  0. ||  0. | -1. |  0. ||  1. |  0. |  1. |
|  1. |  0. | -1. || -1. | -1. |  0. ||  0. |  0. |  1. |
|=====+=====+=====||=====+=====+=====||=====+=====+=====|
| -1. |  0. |  1. || -1. |  0. |  0. ||  1. |  0. | -1. |
| -1. |  1. |  1. ||  1. | -1. |  1. ||  0. |  0. | -1. |
| -1. |  0. |  0. ||  0. |  0. | -1. ||  1. | -1. |  0. |
|=====+=====+=====||=====+=====+=====||=====+=====+=====|
| -1. |  1. |  0. ||  0. |  0. |  0. ||* 0. |* 1. |* 0. |
| -1. |  1. | -1. ||  0. |  0. |  0. ||* 1. |* 0. |* 0. |
|  0. |  0. | -1. ||  1. |  1. |  1. ||* 1. |*-1. |*-1. |


Determined best move using: 77837Iterations
Determined best move using: 51387Iterations
current State

|* 1. |* 1. |*-1. ||  1. | -1. |  0. || -1. |  0. |  0. |
|*-1. |* 1. |* 0. ||  0. | -1. |  0. ||  1. |  0. |  1. |
|* 1. |* 0. |*-1. || -1. | -1. |  0. ||  0. |  0. |  1. |
|=====+=====+=====||=====+=====+=====||=====+=====+=====|
| -1. |  0. |  1. || -1. |  0. |  0. ||  1. |  0. | -1. |
| -1. |  1. |  1. ||  1. | -1. |  1. ||  0. |  0. | -1. |
| -1. |  0. |  0. ||  0. |  0. | -1. ||  1. | -1. |  0. |
|=====+=====+=====||=====+=====+=====||=====+=====+=====|
| -1. |  1. |  0. ||  0. |  0. |  0. ||  1. |  1. |  0. |
| -1. |  1. | -1. ||  0. |  0. |  0. ||  1. |  0. |  0. |
|  0. |  0. | -1. ||  1. |  1. |  1. ||  1. | -1. | -1. |


state to eval, currenty is playerone turn=false

|*-1. |*-1. |* 1. || -1. |  1. | -0. ||  1. | -0. | -0. |
|* 1. |*-1. |*-0. || -0. |  1. | -0. || -1. | -0. | -1. |
|*-1. |*-0. |* 1. ||  1. |  1. | -0. || -0. | -0. | -1. |
|=====+=====+=====||=====+=====+=====||=====+=====+=====|
|  1. | -0. | -1. ||  1. | -0. | -0. || -1. | -0. |  1. |
|  1. | -1. | -1. || -1. |  1. | -1. || -0. | -0. |  1. |
|  1. | -0. | -0. || -0. | -0. |  1. || -1. |  1. | -0. |
|=====+=====+=====||=====+=====+=====||=====+=====+=====|
|  1. | -1. | -0. || -0. | -0. | -0. || -1. | -1. | -0. |
|  1. | -1. |  1. || -0. | -0. | -0. || -1. | -0. | -0. |
| -0. | -0. |  1. || -1. | -1. | -1. || -1. |  1. |  1. |


Determined best move using: 80176Iterations
Determined best move using: 53792Iterations
current State

|  1. |  1. | -1. ||  1. | -1. |  0. || -1. |  0. |  0. |
| -1. |  1. | -1. ||  0. | -1. |  0. ||  1. |  0. |  1. |
|  1. |  0. | -1. || -1. | -1. |  0. ||  0. |  0. |  1. |
|=====+=====+=====||=====+=====+=====||=====+=====+=====|
| -1. |  0. |  1. || -1. |  0. |  0. ||* 1. |* 0. |*-1. |
| -1. |  1. |  1. ||  1. | -1. |  1. ||* 0. |* 0. |*-1. |
| -1. |  0. |  0. ||  0. |  0. | -1. ||* 1. |*-1. |* 0. |
|=====+=====+=====||=====+=====+=====||=====+=====+=====|
| -1. |  1. |  0. ||  0. |  0. |  0. ||  1. |  1. |  0. |
| -1. |  1. | -1. ||  0. |  0. |  0. ||  1. |  0. |  0. |
|  0. |  0. | -1. ||  1. |  1. |  1. ||  1. | -1. | -1. |


state to eval, currenty is playerone turn=true

|  1. |  1. | -1. ||  1. | -1. |  0. || -1. |  0. |  0. |
| -1. |  1. | -1. ||  0. | -1. |  0. ||  1. |  0. |  1. |
|  1. |  0. | -1. || -1. | -1. |  0. ||  0. |  0. |  1. |
|=====+=====+=====||=====+=====+=====||=====+=====+=====|
| -1. |  0. |  1. || -1. |  0. |  0. ||* 1. |* 0. |*-1. |
| -1. |  1. |  1. ||  1. | -1. |  1. ||* 0. |* 0. |*-1. |
| -1. |  0. |  0. ||  0. |  0. | -1. ||* 1. |*-1. |* 0. |
|=====+=====+=====||=====+=====+=====||=====+=====+=====|
| -1. |  1. |  0. ||  0. |  0. |  0. ||  1. |  1. |  0. |
| -1. |  1. | -1. ||  0. |  0. |  0. ||  1. |  0. |  0. |
|  0. |  0. | -1. ||  1. |  1. |  1. ||  1. | -1. | -1. |


Determined best move using: 80712Iterations
Determined best move using: 54073Iterations
current State

|  1. |  1. | -1. ||  1. | -1. |  0. ||*-1. |* 0. |* 0. |
| -1. |  1. | -1. ||  0. | -1. |  0. ||* 1. |* 0. |* 1. |
|  1. |  0. | -1. || -1. | -1. |  0. ||* 0. |* 0. |* 1. |
|=====+=====+=====||=====+=====+=====||=====+=====+=====|
| -1. |  0. |  1. || -1. |  0. |  0. ||  1. |  0. | -1. |
| -1. |  1. |  1. ||  1. | -1. |  1. ||  1. |  0. | -1. |
| -1. |  0. |  0. ||  0. |  0. | -1. ||  1. | -1. |  0. |
|=====+=====+=====||=====+=====+=====||=====+=====+=====|
|*-1. |* 1. |* 0. ||  0. |  0. |  0. ||  1. |  1. |  0. |
|*-1. |* 1. |*-1. ||  0. |  0. |  0. ||  1. |  0. |  0. |
|* 0. |* 0. |*-1. ||  1. |  1. |  1. ||  1. | -1. | -1. |


state to eval, currenty is playerone turn=false

| -1. | -1. |  1. || -1. |  1. | -0. ||* 1. |*-0. |*-0. |
|  1. | -1. |  1. || -0. |  1. | -0. ||*-1. |*-0. |*-1. |
| -1. | -0. |  1. ||  1. |  1. | -0. ||*-0. |*-0. |*-1. |
|=====+=====+=====||=====+=====+=====||=====+=====+=====|
|  1. | -0. | -1. ||  1. | -0. | -0. || -1. | -0. |  1. |
|  1. | -1. | -1. || -1. |  1. | -1. || -1. | -0. |  1. |
|  1. | -0. | -0. || -0. | -0. |  1. || -1. |  1. | -0. |
|=====+=====+=====||=====+=====+=====||=====+=====+=====|
|* 1. |*-1. |*-0. || -0. | -0. | -0. || -1. | -1. | -0. |
|* 1. |*-1. |* 1. || -0. | -0. | -0. || -1. | -0. | -0. |
|*-0. |*-0. |* 1. || -1. | -1. | -1. || -1. |  1. |  1. |


Determined best move using: 53330Iterations
current State

|  1. |  1. | -1. ||  1. | -1. |  0. ||*-1. |* 0. |* 0. |
| -1. |  1. | -1. ||  0. | -1. |  0. ||* 1. |* 0. |* 1. |
|  1. |  0. | -1. || -1. | -1. |  0. ||* 0. |* 0. |* 1. |
|=====+=====+=====||=====+=====+=====||=====+=====+=====|
| -1. |  0. |  1. || -1. |  0. |  0. ||  1. |  0. | -1. |
| -1. |  1. |  1. ||  1. | -1. |  1. ||  1. |  0. | -1. |
| -1. |  0. |  0. ||  0. |  0. | -1. ||  1. | -1. |  0. |
|=====+=====+=====||=====+=====+=====||=====+=====+=====|
| -1. |  1. |  0. ||  0. |  0. |  0. ||  1. |  1. |  0. |
| -1. |  1. | -1. ||  0. |  0. |  0. ||  1. |  0. |  0. |
| -1. |  0. | -1. ||  1. |  1. |  1. ||  1. | -1. | -1. |


Game ended in: 50 moves
Actual data created in graphical format: 
[StateDatum{MCTSProbabilites=
|  .0094 |  .0123 |  .0093 ||  .0154 |  .0138 |  .0107 ||  .0147 |  .018 |  .0084 |
|  .0118 |  .0149 |  .0105 ||  .0097 |  .0149 |  .0102 ||  .0056 |  .0086 |  .0088 |
|  .0178 |  .0058 |  .009 ||  .0103 |  .0143 |  .0181 ||  .0097 |  .0153 |  .0214 |
|========+========+========||========+========+========||========+========+========|
|  .0146 |  .0088 |  .012 ||  .0098 |  .0174 |  .0088 ||  .0074 |  .0095 |  .0127 |
|  .0208 |  .0155 |  .0092 ||  .0089 |  .0112 |  .0094 ||  .013 |  .0203 |  .0103 |
|  .0144 |  .0113 |  .0157 ||  .0105 |  .0085 |  .0109 ||  .0151 |  .0152 |  .0072 |
|========+========+========||========+========+========||========+========+========|
|  .0182 |  .011 |  .018 ||  .0141 |  .0099 |  .0127 ||  .0092 |  .0117 |  .0117 |
|  .0134 |  .0107 |  .008 ||  .0139 |  .0174 |  .0144 ||  .0114 |  .0081 |  .0154 |
|  .0144 |  .0133 |  .0144 ||  .0127 |  .0144 |  .0116 ||  .0089 |  .0129 |  .0108 |

, state=
|* 0. |* 0. |* 0. ||* 0. |* 0. |* 0. ||* 0. |* 0. |* 0. |
|* 0. |* 0. |* 0. ||* 0. |* 0. |* 0. ||* 0. |* 0. |* 0. |
|* 0. |* 0. |* 0. ||* 0. |* 0. |* 0. ||* 0. |* 0. |* 0. |
|=====+=====+=====||=====+=====+=====||=====+=====+=====|
|* 0. |* 0. |* 0. ||* 0. |* 0. |* 0. ||* 0. |* 0. |* 0. |
|* 0. |* 0. |* 0. ||* 0. |* 0. |* 0. ||* 0. |* 0. |* 0. |
|* 0. |* 0. |* 0. ||* 0. |* 0. |* 0. ||* 0. |* 0. |* 0. |
|=====+=====+=====||=====+=====+=====||=====+=====+=====|
|* 0. |* 0. |* 0. ||* 0. |* 0. |* 0. ||* 0. |* 0. |* 0. |
|* 0. |* 0. |* 0. ||* 0. |* 0. |* 0. ||* 0. |* 0. |* 0. |
|* 0. |* 0. |* 0. ||* 0. |* 0. |* 0. ||* 0. |* 0. |* 0. |

, evalForThisState=-1.0, isPlayerOneTurnOriginally=true}, StateDatum{MCTSProbabilites=
|  .0 |  .0 |  .0 ||  .0 |  .0 |  .0 ||  .0 |  .0 |  .0 |
|  .0 |  .0 |  .0 ||  .0 |  .0 |  .0 ||  .0 |  .0 |  .0 |
|  .0 |  .0 |  .0 ||  .0 |  .0 |  .0 ||  .0 |  .0 |  .0 |
|========+========+========||========+========+========||========+========+========|
|  .0 |  .0 |  .0 ||  .0 |  .0 |  .0 ||  .0 |  .0 |  .0 |
|  .0 |  .0 |  .0 ||  .0 |  .0 |  .0 ||  .0 |  .0 |  .0 |
|  .0 |  .0 |  .0 ||  .0 |  .0 |  .0 ||  .0 |  .0 |  .0 |
|========+========+========||========+========+========||========+========+========|
|  .0 |  .0 |  .0 ||  .0 |  .0 |  .0 ||  .0593 |  .0719 |  .0373 |
|  .0 |  .0 |  .0 ||  .0 |  .0 |  .0 ||  .0804 |  .0683 |  .0642 |
|  .0 |  .0 |  .0 ||  .0 |  .0 |  .0 ||  .0749 |  .049 |  .4948 |

, state=
| -0. | -0. | -0. || -0. | -0. | -0. || -0. | -0. | -0. |
| -0. | -0. | -0. || -0. | -0. | -0. || -0. | -0. | -0. |
| -0. | -0. | -0. || -0. | -0. | -0. || -0. | -0. | -1. |
|=====+=====+=====||=====+=====+=====||=====+=====+=====|
| -0. | -0. | -0. || -0. | -0. | -0. || -0. | -0. | -0. |
| -0. | -0. | -0. || -0. | -0. | -0. || -0. | -0. | -0. |
| -0. | -0. | -0. || -0. | -0. | -0. || -0. | -0. | -0. |
|=====+=====+=====||=====+=====+=====||=====+=====+=====|
| -0. | -0. | -0. || -0. | -0. | -0. ||*-0. |*-0. |*-0. |
| -0. | -0. | -0. || -0. | -0. | -0. ||*-0. |*-0. |*-0. |
| -0. | -0. | -0. || -0. | -0. | -0. ||*-0. |*-0. |*-0. |

, evalForThisState=1.0, isPlayerOneTurnOriginally=false}, StateDatum{MCTSProbabilites=
|  .0 |  .0 |  .0 ||  .0 |  .0 |  .0 ||  .0 |  .0 |  .0 |
|  .0 |  .0 |  .0 ||  .0 |  .0 |  .0 ||  .0 |  .0 |  .0 |
|  .0 |  .0 |  .0 ||  .0 |  .0 |  .0 ||  .0 |  .0 |  .0 |
|========+========+========||========+========+========||========+========+========|
|  .0 |  .0 |  .0 ||  .0 |  .0 |  .0 ||  .0 |  .0 |  .0 |
|  .0 |  .0 |  .0 ||  .0 |  .0 |  .0 ||  .0 |  .0 |  .0 |
|  .0 |  .0 |  .0 ||  .0 |  .0 |  .0 ||  .0 |  .0 |  .0 |
|========+========+========||========+========+========||========+========+========|
|  .0 |  .0 |  .0 ||  .0 |  .0 |  .0 ||  .1301 |  .1108 |  .1476 |
|  .0 |  .0 |  .0 ||  .0 |  .0 |  .0 ||  .0952 |  .1003 |  .0774 |
|  .0 |  .0 |  .0 ||  .0 |  .0 |  .0 ||  .1962 |  .1423 |  .0 |

, state=
|  0. |  0. |  0. ||  0. |  0. |  0. ||  0. |  0. |  0. |
|  0. |  0. |  0. ||  0. |  0. |  0. ||  0. |  0. |  0. |
|  0. |  0. |  0. ||  0. |  0. |  0. ||  0. |  0. |  1. |
|=====+=====+=====||=====+=====+=====||=====+=====+=====|
|  0. |  0. |  0. ||  0. |  0. |  0. ||  0. |  0. |  0. |
|  0. |  0. |  0. ||  0. |  0. |  0. ||  0. |  0. |  0. |
|  0. |  0. |  0. ||  0. |  0. |  0. ||  0. |  0. |  0. |
|=====+=====+=====||=====+=====+=====||=====+=====+=====|
|  0. |  0. |  0. ||  0. |  0. |  0. ||* 0. |* 0. |* 0. |
|  0. |  0. |  0. ||  0. |  0. |  0. ||* 0. |* 0. |* 0. |
|  0. |  0. |  0. ||  0. |  0. |  0. ||* 0. |* 0. |*-1. |

, evalForThisState=-1.0, isPlayerOneTurnOriginally=true}, StateDatum{MCTSProbabilites=
|  .0 |  .0 |  .0 ||  .0 |  .0 |  .0 ||  .0 |  .0 |  .0 |
|  .0 |  .0 |  .0 ||  .0 |  .0 |  .0 ||  .0 |  .0 |  .0 |
|  .0 |  .0 |  .0 ||  .0 |  .0 |  .0 ||  .0 |  .0 |  .0 |
|========+========+========||========+========+========||========+========+========|
|  .0 |  .0 |  .0 ||  .0 |  .0 |  .0 ||  .0 |  .0 |  .0 |
|  .0 |  .0 |  .0 ||  .0 |  .0 |  .0 ||  .0 |  .0 |  .0 |
|  .0 |  .0 |  .0 ||  .0 |  .0 |  .0 ||  .0 |  .0 |  .0 |
|========+========+========||========+========+========||========+========+========|
|  .0428 |  .0362 |  .0605 ||  .0 |  .0 |  .0 ||  .0 |  .0 |  .0 |
|  .5856 |  .041 |  .0673 ||  .0 |  .0 |  .0 ||  .0 |  .0 |  .0 |
|  .0404 |  .0866 |  .0396 ||  .0 |  .0 |  .0 ||  .0 |  .0 |  .0 |

, state=
| -0. | -0. | -0. || -0. | -0. | -0. || -0. | -0. | -0. |
| -0. | -0. | -0. || -0. | -0. | -0. || -0. | -0. | -0. |
| -0. | -0. | -0. || -0. | -0. | -0. || -0. | -0. | -1. |
|=====+=====+=====||=====+=====+=====||=====+=====+=====|
| -0. | -0. | -0. || -0. | -0. | -0. || -0. | -0. | -0. |
| -0. | -0. | -0. || -0. | -0. | -0. || -0. | -0. | -0. |
| -0. | -0. | -0. || -0. | -0. | -0. || -0. | -0. | -0. |
|=====+=====+=====||=====+=====+=====||=====+=====+=====|
|*-0. |*-0. |*-0. || -0. | -0. | -0. || -0. | -0. | -0. |
|*-0. |*-0. |*-0. || -0. | -0. | -0. || -0. | -0. | -0. |
|*-0. |*-0. |*-0. || -0. | -0. | -0. || -1. | -0. |  1. |

, evalForThisState=1.0, isPlayerOneTurnOriginally=false}, StateDatum{MCTSProbabilites=
|  .0 |  .0 |  .0 ||  .0 |  .0 |  .0 ||  .0 |  .0 |  .0 |
|  .0 |  .0 |  .0 ||  .0 |  .0 |  .0 ||  .0 |  .0 |  .0 |
|  .0 |  .0 |  .0 ||  .0 |  .0 |  .0 ||  .0 |  .0 |  .0 |
|========+========+========||========+========+========||========+========+========|
|  .118 |  .1144 |  .0836 ||  .0 |  .0 |  .0 ||  .0 |  .0 |  .0 |
|  .1372 |  .1479 |  .0977 ||  .0 |  .0 |  .0 ||  .0 |  .0 |  .0 |
|  .1078 |  .1176 |  .076 ||  .0 |  .0 |  .0 ||  .0 |  .0 |  .0 |
|========+========+========||========+========+========||========+========+========|
|  .0 |  .0 |  .0 ||  .0 |  .0 |  .0 ||  .0 |  .0 |  .0 |
|  .0 |  .0 |  .0 ||  .0 |  .0 |  .0 ||  .0 |  .0 |  .0 |
|  .0 |  .0 |  .0 ||  .0 |  .0 |  .0 ||  .0 |  .0 |  .0 |

, state=
|  0. |  0. |  0. ||  0. |  0. |  0. ||  0. |  0. |  0. |
|  0. |  0. |  0. ||  0. |  0. |  0. ||  0. |  0. |  0. |
|  0. |  0. |  0. ||  0. |  0. |  0. ||  0. |  0. |  1. |
|=====+=====+=====||=====+=====+=====||=====+=====+=====|
|* 0. |* 0. |* 0. ||  0. |  0. |  0. ||  0. |  0. |  0. |
|* 0. |* 0. |* 0. ||  0. |  0. |  0. ||  0. |  0. |  0. |
|* 0. |* 0. |* 0. ||  0. |  0. |  0. ||  0. |  0. |  0. |
|=====+=====+=====||=====+=====+=====||=====+=====+=====|
|  0. |  0. |  0. ||  0. |  0. |  0. ||  0. |  0. |  0. |
| -1. |  0. |  0. ||  0. |  0. |  0. ||  0. |  0. |  0. |
|  0. |  0. |  0. ||  0. |  0. |  0. ||  1. |  0. | -1. |

, evalForThisState=-1.0, isPlayerOneTurnOriginally=true}, StateDatum{MCTSProbabilites=
|  .0 |  .0 |  .0 ||  .0 |  .0 |  .0 ||  .0 |  .0 |  .0 |
|  .0 |  .0 |  .0 ||  .0 |  .0 |  .0 ||  .0 |  .0 |  .0 |
|  .0 |  .0 |  .0 ||  .0 |  .0 |  .0 ||  .0 |  .0 |  .0 |
|========+========+========||========+========+========||========+========+========|
|  .0 |  .0 |  .0 ||  .0472 |  .0436 |  .0422 ||  .0 |  .0 |  .0 |
|  .0 |  .0 |  .0 ||  .0549 |  .6045 |  .0593 ||  .0 |  .0 |  .0 |
|  .0 |  .0 |  .0 ||  .0482 |  .0512 |  .0489 ||  .0 |  .0 |  .0 |
|========+========+========||========+========+========||========+========+========|
|  .0 |  .0 |  .0 ||  .0 |  .0 |  .0 ||  .0 |  .0 |  .0 |
|  .0 |  .0 |  .0 ||  .0 |  .0 |  .0 ||  .0 |  .0 |  .0 |
|  .0 |  .0 |  .0 ||  .0 |  .0 |  .0 ||  .0 |  .0 |  .0 |

, state=
| -0. | -0. | -0. || -0. | -0. | -0. || -0. | -0. | -0. |
| -0. | -0. | -0. || -0. | -0. | -0. || -0. | -0. | -0. |
| -0. | -0. | -0. || -0. | -0. | -0. || -0. | -0. | -1. |
|=====+=====+=====||=====+=====+=====||=====+=====+=====|
| -0. | -0. | -0. ||*-0. |*-0. |*-0. || -0. | -0. | -0. |
| -0. | -1. | -0. ||*-0. |*-0. |*-0. || -0. | -0. | -0. |
| -0. | -0. | -0. ||*-0. |*-0. |*-0. || -0. | -0. | -0. |
|=====+=====+=====||=====+=====+=====||=====+=====+=====|
| -0. | -0. | -0. || -0. | -0. | -0. || -0. | -0. | -0. |
|  1. | -0. | -0. || -0. | -0. | -0. || -0. | -0. | -0. |
| -0. | -0. | -0. || -0. | -0. | -0. || -1. | -0. |  1. |

, evalForThisState=1.0, isPlayerOneTurnOriginally=false}, StateDatum{MCTSProbabilites=
|  .0 |  .0 |  .0 ||  .0 |  .0 |  .0 ||  .0 |  .0 |  .0 |
|  .0 |  .0 |  .0 ||  .0 |  .0 |  .0 ||  .0 |  .0 |  .0 |
|  .0 |  .0 |  .0 ||  .0 |  .0 |  .0 ||  .0 |  .0 |  .0 |
|========+========+========||========+========+========||========+========+========|
|  .0 |  .0 |  .0 ||  .0559 |  .0846 |  .1209 ||  .0 |  .0 |  .0 |
|  .0 |  .0 |  .0 ||  .0577 |  .0 |  .3346 ||  .0 |  .0 |  .0 |
|  .0 |  .0 |  .0 ||  .2144 |  .0726 |  .0593 ||  .0 |  .0 |  .0 |
|========+========+========||========+========+========||========+========+========|
|  .0 |  .0 |  .0 ||  .0 |  .0 |  .0 ||  .0 |  .0 |  .0 |
|  .0 |  .0 |  .0 ||  .0 |  .0 |  .0 ||  .0 |  .0 |  .0 |
|  .0 |  .0 |  .0 ||  .0 |  .0 |  .0 ||  .0 |  .0 |  .0 |

, state=
|  0. |  0. |  0. ||  0. |  0. |  0. ||  0. |  0. |  0. |
|  0. |  0. |  0. ||  0. |  0. |  0. ||  0. |  0. |  0. |
|  0. |  0. |  0. ||  0. |  0. |  0. ||  0. |  0. |  1. |
|=====+=====+=====||=====+=====+=====||=====+=====+=====|
|  0. |  0. |  0. ||* 0. |* 0. |* 0. ||  0. |  0. |  0. |
|  0. |  1. |  0. ||* 0. |*-1. |* 0. ||  0. |  0. |  0. |
|  0. |  0. |  0. ||* 0. |* 0. |* 0. ||  0. |  0. |  0. |
|=====+=====+=====||=====+=====+=====||=====+=====+=====|
|  0. |  0. |  0. ||  0. |  0. |  0. ||  0. |  0. |  0. |
| -1. |  0. |  0. ||  0. |  0. |  0. ||  0. |  0. |  0. |
|  0. |  0. |  0. ||  0. |  0. |  0. ||  1. |  0. | -1. |

, evalForThisState=-1.0, isPlayerOneTurnOriginally=true}, StateDatum{MCTSProbabilites=
|  .0 |  .0 |  .0 ||  .0 |  .0 |  .0 ||  .0 |  .0 |  .0 |
|  .0 |  .0 |  .0 ||  .0 |  .0 |  .0 ||  .0 |  .0 |  .0 |
|  .0 |  .0 |  .0 ||  .0 |  .0 |  .0 ||  .0 |  .0 |  .0 |
|========+========+========||========+========+========||========+========+========|
|  .0 |  .0 |  .0 ||  .0 |  .0 |  .0 ||  .0763 |  .0506 |  .4703 |
|  .0 |  .0 |  .0 ||  .0 |  .0 |  .0 ||  .0562 |  .0554 |  .0545 |
|  .0 |  .0 |  .0 ||  .0 |  .0 |  .0 ||  .1015 |  .0654 |  .0698 |
|========+========+========||========+========+========||========+========+========|
|  .0 |  .0 |  .0 ||  .0 |  .0 |  .0 ||  .0 |  .0 |  .0 |
|  .0 |  .0 |  .0 ||  .0 |  .0 |  .0 ||  .0 |  .0 |  .0 |
|  .0 |  .0 |  .0 ||  .0 |  .0 |  .0 ||  .0 |  .0 |  .0 |

, state=
| -0. | -0. | -0. || -0. | -0. | -0. || -0. | -0. | -0. |
| -0. | -0. | -0. || -0. | -0. | -0. || -0. | -0. | -0. |
| -0. | -0. | -0. || -0. | -0. | -0. || -0. | -0. | -1. |
|=====+=====+=====||=====+=====+=====||=====+=====+=====|
| -0. | -0. | -0. || -0. | -0. | -0. ||*-0. |*-0. |*-0. |
| -0. | -1. | -0. || -0. |  1. | -1. ||*-0. |*-0. |*-0. |
| -0. | -0. | -0. || -0. | -0. | -0. ||*-0. |*-0. |*-0. |
|=====+=====+=====||=====+=====+=====||=====+=====+=====|
| -0. | -0. | -0. || -0. | -0. | -0. || -0. | -0. | -0. |
|  1. | -0. | -0. || -0. | -0. | -0. || -0. | -0. | -0. |
| -0. | -0. | -0. || -0. | -0. | -0. || -1. | -0. |  1. |

, evalForThisState=1.0, isPlayerOneTurnOriginally=false}, StateDatum{MCTSProbabilites=
|  .0 |  .0 |  .0 ||  .0 |  .0 |  .0 ||  .0831 |  .0748 |  .0676 |
|  .0 |  .0 |  .0 ||  .0 |  .0 |  .0 ||  .2585 |  .241 |  .047 |
|  .0 |  .0 |  .0 ||  .0 |  .0 |  .0 ||  .1749 |  .053 |  .0 |
|========+========+========||========+========+========||========+========+========|
|  .0 |  .0 |  .0 ||  .0 |  .0 |  .0 ||  .0 |  .0 |  .0 |
|  .0 |  .0 |  .0 ||  .0 |  .0 |  .0 ||  .0 |  .0 |  .0 |
|  .0 |  .0 |  .0 ||  .0 |  .0 |  .0 ||  .0 |  .0 |  .0 |
|========+========+========||========+========+========||========+========+========|
|  .0 |  .0 |  .0 ||  .0 |  .0 |  .0 ||  .0 |  .0 |  .0 |
|  .0 |  .0 |  .0 ||  .0 |  .0 |  .0 ||  .0 |  .0 |  .0 |
|  .0 |  .0 |  .0 ||  .0 |  .0 |  .0 ||  .0 |  .0 |  .0 |

, state=
|  0. |  0. |  0. ||  0. |  0. |  0. ||* 0. |* 0. |* 0. |
|  0. |  0. |  0. ||  0. |  0. |  0. ||* 0. |* 0. |* 0. |
|  0. |  0. |  0. ||  0. |  0. |  0. ||* 0. |* 0. |* 1. |
|=====+=====+=====||=====+=====+=====||=====+=====+=====|
|  0. |  0. |  0. ||  0. |  0. |  0. ||  0. |  0. | -1. |
|  0. |  1. |  0. ||  0. | -1. |  1. ||  0. |  0. |  0. |
|  0. |  0. |  0. ||  0. |  0. |  0. ||  0. |  0. |  0. |
|=====+=====+=====||=====+=====+=====||=====+=====+=====|
|  0. |  0. |  0. ||  0. |  0. |  0. ||  0. |  0. |  0. |
| -1. |  0. |  0. ||  0. |  0. |  0. ||  0. |  0. |  0. |
|  0. |  0. |  0. ||  0. |  0. |  0. ||  1. |  0. | -1. |

, evalForThisState=-1.0, isPlayerOneTurnOriginally=true}, StateDatum{MCTSProbabilites=
|  .0 |  .0 |  .0 ||  .0 |  .0 |  .0 ||  .0 |  .0 |  .0 |
|  .0 |  .0 |  .0 ||  .0 |  .0 |  .0 ||  .0 |  .0 |  .0 |
|  .0 |  .0 |  .0 ||  .0 |  .0 |  .0 ||  .0 |  .0 |  .0 |
|========+========+========||========+========+========||========+========+========|
|  .0549 |  .0446 |  .0373 ||  .0 |  .0 |  .0 ||  .0 |  .0 |  .0 |
|  .2632 |  .0 |  .1942 ||  .0 |  .0 |  .0 ||  .0 |  .0 |  .0 |
|  .2491 |  .0359 |  .1208 ||  .0 |  .0 |  .0 ||  .0 |  .0 |  .0 |
|========+========+========||========+========+========||========+========+========|
|  .0 |  .0 |  .0 ||  .0 |  .0 |  .0 ||  .0 |  .0 |  .0 |
|  .0 |  .0 |  .0 ||  .0 |  .0 |  .0 ||  .0 |  .0 |  .0 |
|  .0 |  .0 |  .0 ||  .0 |  .0 |  .0 ||  .0 |  .0 |  .0 |

, state=
| -0. | -0. | -0. || -0. | -0. | -0. || -0. | -0. | -0. |
| -0. | -0. | -0. || -0. | -0. | -0. || -1. | -0. | -0. |
| -0. | -0. | -0. || -0. | -0. | -0. || -0. | -0. | -1. |
|=====+=====+=====||=====+=====+=====||=====+=====+=====|
|*-0. |*-0. |*-0. || -0. | -0. | -0. || -0. | -0. |  1. |
|*-0. |*-1. |*-0. || -0. |  1. | -1. || -0. | -0. | -0. |
|*-0. |*-0. |*-0. || -0. | -0. | -0. || -0. | -0. | -0. |
|=====+=====+=====||=====+=====+=====||=====+=====+=====|
| -0. | -0. | -0. || -0. | -0. | -0. || -0. | -0. | -0. |
|  1. | -0. | -0. || -0. | -0. | -0. || -0. | -0. | -0. |
| -0. | -0. | -0. || -0. | -0. | -0. || -1. | -0. |  1. |

, evalForThisState=1.0, isPlayerOneTurnOriginally=false}, StateDatum{MCTSProbabilites=
|  .0 |  .0 |  .0 ||  .0 |  .0 |  .0 ||  .0 |  .0 |  .0 |
|  .0 |  .0 |  .0 ||  .0 |  .0 |  .0 ||  .0 |  .0 |  .0 |
|  .0 |  .0 |  .0 ||  .0 |  .0 |  .0 ||  .0 |  .0 |  .0 |
|========+========+========||========+========+========||========+========+========|
|  .0373 |  .0428 |  .2463 ||  .0 |  .0 |  .0 ||  .0 |  .0 |  .0 |
|  .0 |  .0 |  .2915 ||  .0 |  .0 |  .0 ||  .0 |  .0 |  .0 |
|  .0505 |  .2826 |  .0489 ||  .0 |  .0 |  .0 ||  .0 |  .0 |  .0 |
|========+========+========||========+========+========||========+========+========|
|  .0 |  .0 |  .0 ||  .0 |  .0 |  .0 ||  .0 |  .0 |  .0 |
|  .0 |  .0 |  .0 ||  .0 |  .0 |  .0 ||  .0 |  .0 |  .0 |
|  .0 |  .0 |  .0 ||  .0 |  .0 |  .0 ||  .0 |  .0 |  .0 |

, state=
|  0. |  0. |  0. ||  0. |  0. |  0. ||  0. |  0. |  0. |
|  0. |  0. |  0. ||  0. |  0. |  0. ||  1. |  0. |  0. |
|  0. |  0. |  0. ||  0. |  0. |  0. ||  0. |  0. |  1. |
|=====+=====+=====||=====+=====+=====||=====+=====+=====|
|* 0. |* 0. |* 0. ||  0. |  0. |  0. ||  0. |  0. | -1. |
|*-1. |* 1. |* 0. ||  0. | -1. |  1. ||  0. |  0. |  0. |
|* 0. |* 0. |* 0. ||  0. |  0. |  0. ||  0. |  0. |  0. |
|=====+=====+=====||=====+=====+=====||=====+=====+=====|
|  0. |  0. |  0. ||  0. |  0. |  0. ||  0. |  0. |  0. |
| -1. |  0. |  0. ||  0. |  0. |  0. ||  0. |  0. |  0. |
|  0. |  0. |  0. ||  0. |  0. |  0. ||  1. |  0. | -1. |

, evalForThisState=-1.0, isPlayerOneTurnOriginally=true}, StateDatum{MCTSProbabilites=
|  .0 |  .0 |  .0 ||  .0 |  .0 |  .0 ||  .0 |  .0 |  .0 |
|  .0 |  .0 |  .0 ||  .0 |  .0 |  .0 ||  .0 |  .0 |  .0 |
|  .0 |  .0 |  .0 ||  .0 |  .0 |  .0 ||  .0 |  .0 |  .0 |
|========+========+========||========+========+========||========+========+========|
|  .0 |  .0 |  .0 ||  .0 |  .0 |  .0 ||  .1793 |  .0991 |  .0 |
|  .0 |  .0 |  .0 ||  .0 |  .0 |  .0 ||  .2238 |  .0443 |  .0398 |
|  .0 |  .0 |  .0 ||  .0 |  .0 |  .0 ||  .119 |  .2296 |  .0651 |
|========+========+========||========+========+========||========+========+========|
|  .0 |  .0 |  .0 ||  .0 |  .0 |  .0 ||  .0 |  .0 |  .0 |
|  .0 |  .0 |  .0 ||  .0 |  .0 |  .0 ||  .0 |  .0 |  .0 |
|  .0 |  .0 |  .0 ||  .0 |  .0 |  .0 ||  .0 |  .0 |  .0 |

, state=
| -0. | -0. | -0. || -0. | -0. | -0. || -0. | -0. | -0. |
| -0. | -0. | -0. || -0. | -0. | -0. || -1. | -0. | -0. |
| -0. | -0. | -0. || -0. | -0. | -0. || -0. | -0. | -1. |
|=====+=====+=====||=====+=====+=====||=====+=====+=====|
| -0. | -0. | -0. || -0. | -0. | -0. ||*-0. |*-0. |* 1. |
|  1. | -1. | -1. || -0. |  1. | -1. ||*-0. |*-0. |*-0. |
| -0. | -0. | -0. || -0. | -0. | -0. ||*-0. |*-0. |*-0. |
|=====+=====+=====||=====+=====+=====||=====+=====+=====|
| -0. | -0. | -0. || -0. | -0. | -0. || -0. | -0. | -0. |
|  1. | -0. | -0. || -0. | -0. | -0. || -0. | -0. | -0. |
| -0. | -0. | -0. || -0. | -0. | -0. || -1. | -0. |  1. |

, evalForThisState=1.0, isPlayerOneTurnOriginally=false}, StateDatum{MCTSProbabilites=
|  .0 |  .0 |  .0 ||  .0 |  .0 |  .0 ||  .0 |  .0 |  .0 |
|  .0 |  .0 |  .0 ||  .0 |  .0 |  .0 ||  .0 |  .0 |  .0 |
|  .0 |  .0 |  .0 ||  .0 |  .0 |  .0 ||  .0 |  .0 |  .0 |
|========+========+========||========+========+========||========+========+========|
|  .0 |  .0 |  .0 ||  .0 |  .0 |  .0 ||  .0 |  .0 |  .0 |
|  .0 |  .0 |  .0 ||  .0 |  .0 |  .0 ||  .0 |  .0 |  .0 |
|  .0 |  .0 |  .0 ||  .0 |  .0 |  .0 ||  .0 |  .0 |  .0 |
|========+========+========||========+========+========||========+========+========|
|  .0 |  .0 |  .0 ||  .0335 |  .0419 |  .0696 ||  .0 |  .0 |  .0 |
|  .0 |  .0 |  .0 ||  .248 |  .1994 |  .0761 ||  .0 |  .0 |  .0 |
|  .0 |  .0 |  .0 ||  .2764 |  .0283 |  .0267 ||  .0 |  .0 |  .0 |

, state=
|  0. |  0. |  0. ||  0. |  0. |  0. ||  0. |  0. |  0. |
|  0. |  0. |  0. ||  0. |  0. |  0. ||  1. |  0. |  0. |
|  0. |  0. |  0. ||  0. |  0. |  0. ||  0. |  0. |  1. |
|=====+=====+=====||=====+=====+=====||=====+=====+=====|
|  0. |  0. |  0. ||  0. |  0. |  0. ||  0. |  0. | -1. |
| -1. |  1. |  1. ||  0. | -1. |  1. ||  0. |  0. |  0. |
|  0. |  0. |  0. ||  0. |  0. |  0. ||  0. | -1. |  0. |
|=====+=====+=====||=====+=====+=====||=====+=====+=====|
|  0. |  0. |  0. ||* 0. |* 0. |* 0. ||  0. |  0. |  0. |
| -1. |  0. |  0. ||* 0. |* 0. |* 0. ||  0. |  0. |  0. |
|  0. |  0. |  0. ||* 0. |* 0. |* 0. ||  1. |  0. | -1. |

, evalForThisState=-1.0, isPlayerOneTurnOriginally=true}, StateDatum{MCTSProbabilites=
|  .0 |  .0 |  .0 ||  .0 |  .0 |  .0 ||  .0 |  .0 |  .0 |
|  .0 |  .0 |  .0 ||  .0 |  .0 |  .0 ||  .0 |  .0 |  .0 |
|  .0 |  .0 |  .0 ||  .0 |  .0 |  .0 ||  .0 |  .0 |  .0 |
|========+========+========||========+========+========||========+========+========|
|  .0 |  .0 |  .0 ||  .0 |  .0 |  .0 ||  .0 |  .0 |  .0 |
|  .0 |  .0 |  .0 ||  .0 |  .0 |  .0 ||  .0 |  .0 |  .0 |
|  .0 |  .0 |  .0 ||  .0 |  .0 |  .0 ||  .0 |  .0 |  .0 |
|========+========+========||========+========+========||========+========+========|
|  .1433 |  .0474 |  .0282 ||  .0 |  .0 |  .0 ||  .0 |  .0 |  .0 |
|  .0 |  .0759 |  .2491 ||  .0 |  .0 |  .0 ||  .0 |  .0 |  .0 |
|  .0346 |  .2006 |  .2208 ||  .0 |  .0 |  .0 ||  .0 |  .0 |  .0 |

, state=
| -0. | -0. | -0. || -0. | -0. | -0. || -0. | -0. | -0. |
| -0. | -0. | -0. || -0. | -0. | -0. || -1. | -0. | -0. |
| -0. | -0. | -0. || -0. | -0. | -0. || -0. | -0. | -1. |
|=====+=====+=====||=====+=====+=====||=====+=====+=====|
| -0. | -0. | -0. || -0. | -0. | -0. || -0. | -0. |  1. |
|  1. | -1. | -1. || -0. |  1. | -1. || -0. | -0. | -0. |
| -0. | -0. | -0. || -0. | -0. | -0. || -0. |  1. | -0. |
|=====+=====+=====||=====+=====+=====||=====+=====+=====|
|*-0. |*-0. |*-0. || -0. | -0. | -0. || -0. | -0. | -0. |
|* 1. |*-0. |*-0. || -0. | -0. | -0. || -0. | -0. | -0. |
|*-0. |*-0. |*-0. || -1. | -0. | -0. || -1. | -0. |  1. |

, evalForThisState=1.0, isPlayerOneTurnOriginally=false}, StateDatum{MCTSProbabilites=
|  .0 |  .0 |  .0 ||  .0 |  .0 |  .0 ||  .0 |  .0 |  .0 |
|  .0 |  .0 |  .0 ||  .0 |  .0 |  .0 ||  .0 |  .0 |  .0 |
|  .0 |  .0 |  .0 ||  .0 |  .0 |  .0 ||  .0 |  .0 |  .0 |
|========+========+========||========+========+========||========+========+========|
|  .0 |  .0 |  .0 ||  .0 |  .0 |  .0 ||  .2691 |  .0413 |  .0 |
|  .0 |  .0 |  .0 ||  .0 |  .0 |  .0 ||  .1963 |  .0241 |  .1688 |
|  .0 |  .0 |  .0 ||  .0 |  .0 |  .0 ||  .032 |  .0 |  .2684 |
|========+========+========||========+========+========||========+========+========|
|  .0 |  .0 |  .0 ||  .0 |  .0 |  .0 ||  .0 |  .0 |  .0 |
|  .0 |  .0 |  .0 ||  .0 |  .0 |  .0 ||  .0 |  .0 |  .0 |
|  .0 |  .0 |  .0 ||  .0 |  .0 |  .0 ||  .0 |  .0 |  .0 |

, state=
|  0. |  0. |  0. ||  0. |  0. |  0. ||  0. |  0. |  0. |
|  0. |  0. |  0. ||  0. |  0. |  0. ||  1. |  0. |  0. |
|  0. |  0. |  0. ||  0. |  0. |  0. ||  0. |  0. |  1. |
|=====+=====+=====||=====+=====+=====||=====+=====+=====|
|  0. |  0. |  0. ||  0. |  0. |  0. ||* 0. |* 0. |*-1. |
| -1. |  1. |  1. ||  0. | -1. |  1. ||* 0. |* 0. |* 0. |
|  0. |  0. |  0. ||  0. |  0. |  0. ||* 0. |*-1. |* 0. |
|=====+=====+=====||=====+=====+=====||=====+=====+=====|
|  0. |  0. |  0. ||  0. |  0. |  0. ||  0. |  0. |  0. |
| -1. |  0. | -1. ||  0. |  0. |  0. ||  0. |  0. |  0. |
|  0. |  0. |  0. ||  1. |  0. |  0. ||  1. |  0. | -1. |

, evalForThisState=-1.0, isPlayerOneTurnOriginally=true}, StateDatum{MCTSProbabilites=
|  .0374 |  .0347 |  .0333 ||  .0 |  .0 |  .0 ||  .0 |  .0 |  .0 |
|  .1881 |  .1511 |  .0724 ||  .0 |  .0 |  .0 ||  .0 |  .0 |  .0 |
|  .184 |  .1766 |  .1223 ||  .0 |  .0 |  .0 ||  .0 |  .0 |  .0 |
|========+========+========||========+========+========||========+========+========|
|  .0 |  .0 |  .0 ||  .0 |  .0 |  .0 ||  .0 |  .0 |  .0 |
|  .0 |  .0 |  .0 ||  .0 |  .0 |  .0 ||  .0 |  .0 |  .0 |
|  .0 |  .0 |  .0 ||  .0 |  .0 |  .0 ||  .0 |  .0 |  .0 |
|========+========+========||========+========+========||========+========+========|
|  .0 |  .0 |  .0 ||  .0 |  .0 |  .0 ||  .0 |  .0 |  .0 |
|  .0 |  .0 |  .0 ||  .0 |  .0 |  .0 ||  .0 |  .0 |  .0 |
|  .0 |  .0 |  .0 ||  .0 |  .0 |  .0 ||  .0 |  .0 |  .0 |

, state=
|*-0. |*-0. |*-0. || -0. | -0. | -0. || -0. | -0. | -0. |
|*-0. |*-0. |*-0. || -0. | -0. | -0. || -1. | -0. | -0. |
|*-0. |*-0. |*-0. || -0. | -0. | -0. || -0. | -0. | -1. |
|=====+=====+=====||=====+=====+=====||=====+=====+=====|
| -0. | -0. | -0. || -0. | -0. | -0. || -1. | -0. |  1. |
|  1. | -1. | -1. || -0. |  1. | -1. || -0. | -0. | -0. |
| -0. | -0. | -0. || -0. | -0. | -0. || -0. |  1. | -0. |
|=====+=====+=====||=====+=====+=====||=====+=====+=====|
| -0. | -0. | -0. || -0. | -0. | -0. || -0. | -0. | -0. |
|  1. | -0. |  1. || -0. | -0. | -0. || -0. | -0. | -0. |
| -0. | -0. | -0. || -1. | -0. | -0. || -1. | -0. |  1. |

, evalForThisState=1.0, isPlayerOneTurnOriginally=false}, StateDatum{MCTSProbabilites=
|  .0 |  .0 |  .0 ||  .0 |  .0 |  .0 ||  .0 |  .0 |  .0 |
|  .0 |  .0 |  .0 ||  .0 |  .0 |  .0 ||  .0 |  .0 |  .0 |
|  .0 |  .0 |  .0 ||  .0 |  .0 |  .0 ||  .0 |  .0 |  .0 |
|========+========+========||========+========+========||========+========+========|
|  .0715 |  .1906 |  .2058 ||  .0 |  .0 |  .0 ||  .0 |  .0 |  .0 |
|  .0 |  .0 |  .0 ||  .0 |  .0 |  .0 ||  .0 |  .0 |  .0 |
|  .1796 |  .1936 |  .1589 ||  .0 |  .0 |  .0 ||  .0 |  .0 |  .0 |
|========+========+========||========+========+========||========+========+========|
|  .0 |  .0 |  .0 ||  .0 |  .0 |  .0 ||  .0 |  .0 |  .0 |
|  .0 |  .0 |  .0 ||  .0 |  .0 |  .0 ||  .0 |  .0 |  .0 |
|  .0 |  .0 |  .0 ||  .0 |  .0 |  .0 ||  .0 |  .0 |  .0 |

, state=
|  0. |  0. |  0. ||  0. |  0. |  0. ||  0. |  0. |  0. |
| -1. |  0. |  0. ||  0. |  0. |  0. ||  1. |  0. |  0. |
|  0. |  0. |  0. ||  0. |  0. |  0. ||  0. |  0. |  1. |
|=====+=====+=====||=====+=====+=====||=====+=====+=====|
|* 0. |* 0. |* 0. ||  0. |  0. |  0. ||  1. |  0. | -1. |
|*-1. |* 1. |* 1. ||  0. | -1. |  1. ||  0. |  0. |  0. |
|* 0. |* 0. |* 0. ||  0. |  0. |  0. ||  0. | -1. |  0. |
|=====+=====+=====||=====+=====+=====||=====+=====+=====|
|  0. |  0. |  0. ||  0. |  0. |  0. ||  0. |  0. |  0. |
| -1. |  0. | -1. ||  0. |  0. |  0. ||  0. |  0. |  0. |
|  0. |  0. |  0. ||  1. |  0. |  0. ||  1. |  0. | -1. |

, evalForThisState=-1.0, isPlayerOneTurnOriginally=true}, StateDatum{MCTSProbabilites=
|  .0 |  .0 |  .0 ||  .0 |  .0 |  .0 ||  .2068 |  .0778 |  .0844 |
|  .0 |  .0 |  .0 ||  .0 |  .0 |  .0 ||  .0 |  .147 |  .1312 |
|  .0 |  .0 |  .0 ||  .0 |  .0 |  .0 ||  .185 |  .1678 |  .0 |
|========+========+========||========+========+========||========+========+========|
|  .0 |  .0 |  .0 ||  .0 |  .0 |  .0 ||  .0 |  .0 |  .0 |
|  .0 |  .0 |  .0 ||  .0 |  .0 |  .0 ||  .0 |  .0 |  .0 |
|  .0 |  .0 |  .0 ||  .0 |  .0 |  .0 ||  .0 |  .0 |  .0 |
|========+========+========||========+========+========||========+========+========|
|  .0 |  .0 |  .0 ||  .0 |  .0 |  .0 ||  .0 |  .0 |  .0 |
|  .0 |  .0 |  .0 ||  .0 |  .0 |  .0 ||  .0 |  .0 |  .0 |
|  .0 |  .0 |  .0 ||  .0 |  .0 |  .0 ||  .0 |  .0 |  .0 |

, state=
| -0. | -0. | -0. || -0. | -0. | -0. ||*-0. |*-0. |*-0. |
|  1. | -0. | -0. || -0. | -0. | -0. ||*-1. |*-0. |*-0. |
| -0. | -0. | -0. || -0. | -0. | -0. ||*-0. |*-0. |*-1. |
|=====+=====+=====||=====+=====+=====||=====+=====+=====|
| -0. | -0. | -1. || -0. | -0. | -0. || -1. | -0. |  1. |
|  1. | -1. | -1. || -0. |  1. | -1. || -0. | -0. | -0. |
| -0. | -0. | -0. || -0. | -0. | -0. || -0. |  1. | -0. |
|=====+=====+=====||=====+=====+=====||=====+=====+=====|
| -0. | -0. | -0. || -0. | -0. | -0. || -0. | -0. | -0. |
|  1. | -0. |  1. || -0. | -0. | -0. || -0. | -0. | -0. |
| -0. | -0. | -0. || -1. | -0. | -0. || -1. | -0. |  1. |

, evalForThisState=1.0, isPlayerOneTurnOriginally=false}, StateDatum{MCTSProbabilites=
|  .0678 |  .042 |  .1132 ||  .0 |  .0 |  .0 ||  .0 |  .0 |  .0 |
|  .0 |  .1632 |  .1575 ||  .0 |  .0 |  .0 ||  .0 |  .0 |  .0 |
|  .1554 |  .1616 |  .1392 ||  .0 |  .0 |  .0 ||  .0 |  .0 |  .0 |
|========+========+========||========+========+========||========+========+========|
|  .0 |  .0 |  .0 ||  .0 |  .0 |  .0 ||  .0 |  .0 |  .0 |
|  .0 |  .0 |  .0 ||  .0 |  .0 |  .0 ||  .0 |  .0 |  .0 |
|  .0 |  .0 |  .0 ||  .0 |  .0 |  .0 ||  .0 |  .0 |  .0 |
|========+========+========||========+========+========||========+========+========|
|  .0 |  .0 |  .0 ||  .0 |  .0 |  .0 ||  .0 |  .0 |  .0 |
|  .0 |  .0 |  .0 ||  .0 |  .0 |  .0 ||  .0 |  .0 |  .0 |
|  .0 |  .0 |  .0 ||  .0 |  .0 |  .0 ||  .0 |  .0 |  .0 |

, state=
|* 0. |* 0. |* 0. ||  0. |  0. |  0. || -1. |  0. |  0. |
|*-1. |* 0. |* 0. ||  0. |  0. |  0. ||  1. |  0. |  0. |
|* 0. |* 0. |* 0. ||  0. |  0. |  0. ||  0. |  0. |  1. |
|=====+=====+=====||=====+=====+=====||=====+=====+=====|
|  0. |  0. |  1. ||  0. |  0. |  0. ||  1. |  0. | -1. |
| -1. |  1. |  1. ||  0. | -1. |  1. ||  0. |  0. |  0. |
|  0. |  0. |  0. ||  0. |  0. |  0. ||  0. | -1. |  0. |
|=====+=====+=====||=====+=====+=====||=====+=====+=====|
|  0. |  0. |  0. ||  0. |  0. |  0. ||  0. |  0. |  0. |
| -1. |  0. | -1. ||  0. |  0. |  0. ||  0. |  0. |  0. |
|  0. |  0. |  0. ||  1. |  0. |  0. ||  1. |  0. | -1. |

, evalForThisState=-1.0, isPlayerOneTurnOriginally=true}, StateDatum{MCTSProbabilites=
|  .0 |  .0 |  .0 ||  .0 |  .0 |  .0 ||  .0 |  .0 |  .0 |
|  .0 |  .0 |  .0 ||  .0 |  .0 |  .0 ||  .0 |  .0 |  .0 |
|  .0 |  .0 |  .0 ||  .0 |  .0 |  .0 ||  .0 |  .0 |  .0 |
|========+========+========||========+========+========||========+========+========|
|  .0 |  .0 |  .0 ||  .1815 |  .1719 |  .1482 ||  .0 |  .0 |  .0 |
|  .0 |  .0 |  .0 ||  .1346 |  .0 |  .0 ||  .0 |  .0 |  .0 |
|  .0 |  .0 |  .0 ||  .1686 |  .0698 |  .1252 ||  .0 |  .0 |  .0 |
|========+========+========||========+========+========||========+========+========|
|  .0 |  .0 |  .0 ||  .0 |  .0 |  .0 ||  .0 |  .0 |  .0 |
|  .0 |  .0 |  .0 ||  .0 |  .0 |  .0 ||  .0 |  .0 |  .0 |
|  .0 |  .0 |  .0 ||  .0 |  .0 |  .0 ||  .0 |  .0 |  .0 |

, state=
| -0. | -0. | -0. || -0. | -0. | -0. ||  1. | -0. | -0. |
|  1. | -1. | -0. || -0. | -0. | -0. || -1. | -0. | -0. |
| -0. | -0. | -0. || -0. | -0. | -0. || -0. | -0. | -1. |
|=====+=====+=====||=====+=====+=====||=====+=====+=====|
| -0. | -0. | -1. ||*-0. |*-0. |*-0. || -1. | -0. |  1. |
|  1. | -1. | -1. ||*-0. |* 1. |*-1. || -0. | -0. | -0. |
| -0. | -0. | -0. ||*-0. |*-0. |*-0. || -0. |  1. | -0. |
|=====+=====+=====||=====+=====+=====||=====+=====+=====|
| -0. | -0. | -0. || -0. | -0. | -0. || -0. | -0. | -0. |
|  1. | -0. |  1. || -0. | -0. | -0. || -0. | -0. | -0. |
| -0. | -0. | -0. || -1. | -0. | -0. || -1. | -0. |  1. |

, evalForThisState=1.0, isPlayerOneTurnOriginally=false}, StateDatum{MCTSProbabilites=
|  .0985 |  .1384 |  .1465 ||  .0 |  .0 |  .0 ||  .0 |  .0 |  .0 |
|  .0 |  .0 |  .1609 ||  .0 |  .0 |  .0 ||  .0 |  .0 |  .0 |
|  .2055 |  .0996 |  .1505 ||  .0 |  .0 |  .0 ||  .0 |  .0 |  .0 |
|========+========+========||========+========+========||========+========+========|
|  .0 |  .0 |  .0 ||  .0 |  .0 |  .0 ||  .0 |  .0 |  .0 |
|  .0 |  .0 |  .0 ||  .0 |  .0 |  .0 ||  .0 |  .0 |  .0 |
|  .0 |  .0 |  .0 ||  .0 |  .0 |  .0 ||  .0 |  .0 |  .0 |
|========+========+========||========+========+========||========+========+========|
|  .0 |  .0 |  .0 ||  .0 |  .0 |  .0 ||  .0 |  .0 |  .0 |
|  .0 |  .0 |  .0 ||  .0 |  .0 |  .0 ||  .0 |  .0 |  .0 |
|  .0 |  .0 |  .0 ||  .0 |  .0 |  .0 ||  .0 |  .0 |  .0 |

, state=
|* 0. |* 0. |* 0. ||  0. |  0. |  0. || -1. |  0. |  0. |
|*-1. |* 1. |* 0. ||  0. |  0. |  0. ||  1. |  0. |  0. |
|* 0. |* 0. |* 0. ||  0. |  0. |  0. ||  0. |  0. |  1. |
|=====+=====+=====||=====+=====+=====||=====+=====+=====|
|  0. |  0. |  1. || -1. |  0. |  0. ||  1. |  0. | -1. |
| -1. |  1. |  1. ||  0. | -1. |  1. ||  0. |  0. |  0. |
|  0. |  0. |  0. ||  0. |  0. |  0. ||  0. | -1. |  0. |
|=====+=====+=====||=====+=====+=====||=====+=====+=====|
|  0. |  0. |  0. ||  0. |  0. |  0. ||  0. |  0. |  0. |
| -1. |  0. | -1. ||  0. |  0. |  0. ||  0. |  0. |  0. |
|  0. |  0. |  0. ||  1. |  0. |  0. ||  1. |  0. | -1. |

, evalForThisState=-1.0, isPlayerOneTurnOriginally=true}, StateDatum{MCTSProbabilites=
|  .0 |  .0 |  .0 ||  .0 |  .0 |  .0 ||  .0 |  .0 |  .0 |
|  .0 |  .0 |  .0 ||  .0 |  .0 |  .0 ||  .0 |  .0 |  .0 |
|  .0 |  .0 |  .0 ||  .0 |  .0 |  .0 ||  .0 |  .0 |  .0 |
|========+========+========||========+========+========||========+========+========|
|  .0 |  .0 |  .0 ||  .0 |  .0 |  .0 ||  .0 |  .0 |  .0 |
|  .0 |  .0 |  .0 ||  .0 |  .0 |  .0 ||  .0 |  .0 |  .0 |
|  .0 |  .0 |  .0 ||  .0 |  .0 |  .0 ||  .0 |  .0 |  .0 |
|========+========+========||========+========+========||========+========+========|
|  .2054 |  .1808 |  .0158 ||  .0 |  .0 |  .0 ||  .0 |  .0 |  .0 |
|  .0 |  .0655 |  .0 ||  .0 |  .0 |  .0 ||  .0 |  .0 |  .0 |
|  .1659 |  .1675 |  .1991 ||  .0 |  .0 |  .0 ||  .0 |  .0 |  .0 |

, state=
| -0. | -0. | -0. || -0. | -0. | -0. ||  1. | -0. | -0. |
|  1. | -1. | -0. || -0. | -0. | -0. || -1. | -0. | -0. |
| -1. | -0. | -0. || -0. | -0. | -0. || -0. | -0. | -1. |
|=====+=====+=====||=====+=====+=====||=====+=====+=====|
| -0. | -0. | -1. ||  1. | -0. | -0. || -1. | -0. |  1. |
|  1. | -1. | -1. || -0. |  1. | -1. || -0. | -0. | -0. |
| -0. | -0. | -0. || -0. | -0. | -0. || -0. |  1. | -0. |
|=====+=====+=====||=====+=====+=====||=====+=====+=====|
|*-0. |*-0. |*-0. || -0. | -0. | -0. || -0. | -0. | -0. |
|* 1. |*-0. |* 1. || -0. | -0. | -0. || -0. | -0. | -0. |
|*-0. |*-0. |*-0. || -1. | -0. | -0. || -1. | -0. |  1. |

, evalForThisState=1.0, isPlayerOneTurnOriginally=false}, StateDatum{MCTSProbabilites=
|  .1341 |  .1905 |  .189 ||  .0 |  .0 |  .0 ||  .0 |  .0 |  .0 |
|  .0 |  .0 |  .1445 ||  .0 |  .0 |  .0 ||  .0 |  .0 |  .0 |
|  .0 |  .1718 |  .1702 ||  .0 |  .0 |  .0 ||  .0 |  .0 |  .0 |
|========+========+========||========+========+========||========+========+========|
|  .0 |  .0 |  .0 ||  .0 |  .0 |  .0 ||  .0 |  .0 |  .0 |
|  .0 |  .0 |  .0 ||  .0 |  .0 |  .0 ||  .0 |  .0 |  .0 |
|  .0 |  .0 |  .0 ||  .0 |  .0 |  .0 ||  .0 |  .0 |  .0 |
|========+========+========||========+========+========||========+========+========|
|  .0 |  .0 |  .0 ||  .0 |  .0 |  .0 ||  .0 |  .0 |  .0 |
|  .0 |  .0 |  .0 ||  .0 |  .0 |  .0 ||  .0 |  .0 |  .0 |
|  .0 |  .0 |  .0 ||  .0 |  .0 |  .0 ||  .0 |  .0 |  .0 |

, state=
|* 0. |* 0. |* 0. ||  0. |  0. |  0. || -1. |  0. |  0. |
|*-1. |* 1. |* 0. ||  0. |  0. |  0. ||  1. |  0. |  0. |
|* 1. |* 0. |* 0. ||  0. |  0. |  0. ||  0. |  0. |  1. |
|=====+=====+=====||=====+=====+=====||=====+=====+=====|
|  0. |  0. |  1. || -1. |  0. |  0. ||  1. |  0. | -1. |
| -1. |  1. |  1. ||  0. | -1. |  1. ||  0. |  0. |  0. |
|  0. |  0. |  0. ||  0. |  0. |  0. ||  0. | -1. |  0. |
|=====+=====+=====||=====+=====+=====||=====+=====+=====|
| -1. |  0. |  0. ||  0. |  0. |  0. ||  0. |  0. |  0. |
| -1. |  0. | -1. ||  0. |  0. |  0. ||  0. |  0. |  0. |
|  0. |  0. |  0. ||  1. |  0. |  0. ||  1. |  0. | -1. |

, evalForThisState=-1.0, isPlayerOneTurnOriginally=true}, StateDatum{MCTSProbabilites=
|  .0 |  .0 |  .0 ||  .0969 |  .1276 |  .1059 ||  .0 |  .0 |  .0 |
|  .0 |  .0 |  .0 ||  .092 |  .0764 |  .1139 ||  .0 |  .0 |  .0 |
|  .0 |  .0 |  .0 ||  .1554 |  .122 |  .11 ||  .0 |  .0 |  .0 |
|========+========+========||========+========+========||========+========+========|
|  .0 |  .0 |  .0 ||  .0 |  .0 |  .0 ||  .0 |  .0 |  .0 |
|  .0 |  .0 |  .0 ||  .0 |  .0 |  .0 ||  .0 |  .0 |  .0 |
|  .0 |  .0 |  .0 ||  .0 |  .0 |  .0 ||  .0 |  .0 |  .0 |
|========+========+========||========+========+========||========+========+========|
|  .0 |  .0 |  .0 ||  .0 |  .0 |  .0 ||  .0 |  .0 |  .0 |
|  .0 |  .0 |  .0 ||  .0 |  .0 |  .0 ||  .0 |  .0 |  .0 |
|  .0 |  .0 |  .0 ||  .0 |  .0 |  .0 ||  .0 |  .0 |  .0 |

, state=
| -0. | -1. | -0. ||*-0. |*-0. |*-0. ||  1. | -0. | -0. |
|  1. | -1. | -0. ||*-0. |*-0. |*-0. || -1. | -0. | -0. |
| -1. | -0. | -0. ||*-0. |*-0. |*-0. || -0. | -0. | -1. |
|=====+=====+=====||=====+=====+=====||=====+=====+=====|
| -0. | -0. | -1. ||  1. | -0. | -0. || -1. | -0. |  1. |
|  1. | -1. | -1. || -0. |  1. | -1. || -0. | -0. | -0. |
| -0. | -0. | -0. || -0. | -0. | -0. || -0. |  1. | -0. |
|=====+=====+=====||=====+=====+=====||=====+=====+=====|
|  1. | -0. | -0. || -0. | -0. | -0. || -0. | -0. | -0. |
|  1. | -0. |  1. || -0. | -0. | -0. || -0. | -0. | -0. |
| -0. | -0. | -0. || -1. | -0. | -0. || -1. | -0. |  1. |

, evalForThisState=1.0, isPlayerOneTurnOriginally=false}, StateDatum{MCTSProbabilites=
|  .0 |  .0 |  .0 ||  .0 |  .0 |  .0 ||  .0 |  .0 |  .0 |
|  .0 |  .0 |  .0 ||  .0 |  .0 |  .0 ||  .0 |  .0 |  .0 |
|  .0 |  .0 |  .0 ||  .0 |  .0 |  .0 ||  .0 |  .0 |  .0 |
|========+========+========||========+========+========||========+========+========|
|  .0 |  .0 |  .0 ||  .0 |  .0 |  .0 ||  .0 |  .0 |  .0 |
|  .0 |  .0 |  .0 ||  .0 |  .0 |  .0 ||  .0 |  .0 |  .0 |
|  .0 |  .0 |  .0 ||  .0 |  .0 |  .0 ||  .0 |  .0 |  .0 |
|========+========+========||========+========+========||========+========+========|
|  .0 |  .1895 |  .162 ||  .0 |  .0 |  .0 ||  .0 |  .0 |  .0 |
|  .0 |  .1398 |  .0 ||  .0 |  .0 |  .0 ||  .0 |  .0 |  .0 |
|  .1599 |  .1759 |  .173 ||  .0 |  .0 |  .0 ||  .0 |  .0 |  .0 |

, state=
|  0. |  1. |  0. ||  0. |  0. |  0. || -1. |  0. |  0. |
| -1. |  1. |  0. ||  0. |  0. |  0. ||  1. |  0. |  0. |
|  1. |  0. |  0. || -1. |  0. |  0. ||  0. |  0. |  1. |
|=====+=====+=====||=====+=====+=====||=====+=====+=====|
|  0. |  0. |  1. || -1. |  0. |  0. ||  1. |  0. | -1. |
| -1. |  1. |  1. ||  0. | -1. |  1. ||  0. |  0. |  0. |
|  0. |  0. |  0. ||  0. |  0. |  0. ||  0. | -1. |  0. |
|=====+=====+=====||=====+=====+=====||=====+=====+=====|
|*-1. |* 0. |* 0. ||  0. |  0. |  0. ||  0. |  0. |  0. |
|*-1. |* 0. |*-1. ||  0. |  0. |  0. ||  0. |  0. |  0. |
|* 0. |* 0. |* 0. ||  1. |  0. |  0. ||  1. |  0. | -1. |

, evalForThisState=-1.0, isPlayerOneTurnOriginally=true}, StateDatum{MCTSProbabilites=
|  .0 |  .0 |  .0 ||  .0654 |  .0804 |  .1527 ||  .0 |  .0 |  .0 |
|  .0 |  .0 |  .0 ||  .1361 |  .1343 |  .1365 ||  .0 |  .0 |  .0 |
|  .0 |  .0 |  .0 ||  .0 |  .1666 |  .128 ||  .0 |  .0 |  .0 |
|========+========+========||========+========+========||========+========+========|
|  .0 |  .0 |  .0 ||  .0 |  .0 |  .0 ||  .0 |  .0 |  .0 |
|  .0 |  .0 |  .0 ||  .0 |  .0 |  .0 ||  .0 |  .0 |  .0 |
|  .0 |  .0 |  .0 ||  .0 |  .0 |  .0 ||  .0 |  .0 |  .0 |
|========+========+========||========+========+========||========+========+========|
|  .0 |  .0 |  .0 ||  .0 |  .0 |  .0 ||  .0 |  .0 |  .0 |
|  .0 |  .0 |  .0 ||  .0 |  .0 |  .0 ||  .0 |  .0 |  .0 |
|  .0 |  .0 |  .0 ||  .0 |  .0 |  .0 ||  .0 |  .0 |  .0 |

, state=
| -0. | -1. | -0. ||*-0. |*-0. |*-0. ||  1. | -0. | -0. |
|  1. | -1. | -0. ||*-0. |*-0. |*-0. || -1. | -0. | -0. |
| -1. | -0. | -0. ||* 1. |*-0. |*-0. || -0. | -0. | -1. |
|=====+=====+=====||=====+=====+=====||=====+=====+=====|
| -0. | -0. | -1. ||  1. | -0. | -0. || -1. | -0. |  1. |
|  1. | -1. | -1. || -0. |  1. | -1. || -0. | -0. | -0. |
| -0. | -0. | -0. || -0. | -0. | -0. || -0. |  1. | -0. |
|=====+=====+=====||=====+=====+=====||=====+=====+=====|
|  1. | -1. | -0. || -0. | -0. | -0. || -0. | -0. | -0. |
|  1. | -0. |  1. || -0. | -0. | -0. || -0. | -0. | -0. |
| -0. | -0. | -0. || -1. | -0. | -0. || -1. | -0. |  1. |

, evalForThisState=1.0, isPlayerOneTurnOriginally=false}, StateDatum{MCTSProbabilites=
|  .0 |  .0 |  .0 ||  .0 |  .0 |  .0 ||  .0 |  .0 |  .0 |
|  .0 |  .0 |  .0 ||  .0 |  .0 |  .0 ||  .0 |  .0 |  .0 |
|  .0 |  .0 |  .0 ||  .0 |  .0 |  .0 ||  .0 |  .0 |  .0 |
|========+========+========||========+========+========||========+========+========|
|  .0 |  .0 |  .0 ||  .0 |  .0 |  .0 ||  .0 |  .0 |  .0 |
|  .0 |  .0 |  .0 ||  .0 |  .0 |  .0 ||  .0 |  .0 |  .0 |
|  .0 |  .0 |  .0 ||  .0 |  .0 |  .0 ||  .0 |  .0 |  .0 |
|========+========+========||========+========+========||========+========+========|
|  .0 |  .0 |  .0 ||  .1065 |  .1401 |  .1314 ||  .0 |  .0 |  .0 |
|  .0 |  .0 |  .0 ||  .0866 |  .1338 |  .1151 ||  .0 |  .0 |  .0 |
|  .0 |  .0 |  .0 ||  .0 |  .1382 |  .1483 ||  .0 |  .0 |  .0 |

, state=
|  0. |  1. |  0. ||  0. |  0. |  0. || -1. |  0. |  0. |
| -1. |  1. |  0. ||  0. |  0. |  0. ||  1. |  0. |  0. |
|  1. |  0. |  0. || -1. | -1. |  0. ||  0. |  0. |  1. |
|=====+=====+=====||=====+=====+=====||=====+=====+=====|
|  0. |  0. |  1. || -1. |  0. |  0. ||  1. |  0. | -1. |
| -1. |  1. |  1. ||  0. | -1. |  1. ||  0. |  0. |  0. |
|  0. |  0. |  0. ||  0. |  0. |  0. ||  0. | -1. |  0. |
|=====+=====+=====||=====+=====+=====||=====+=====+=====|
| -1. |  1. |  0. ||* 0. |* 0. |* 0. ||  0. |  0. |  0. |
| -1. |  0. | -1. ||* 0. |* 0. |* 0. ||  0. |  0. |  0. |
|  0. |  0. |  0. ||* 1. |* 0. |* 0. ||  1. |  0. | -1. |

, evalForThisState=-1.0, isPlayerOneTurnOriginally=true}, StateDatum{MCTSProbabilites=
|  .0 |  .0 |  .0 ||  .0 |  .0 |  .0 ||  .0 |  .0 |  .0 |
|  .0 |  .0 |  .0 ||  .0 |  .0 |  .0 ||  .0 |  .0 |  .0 |
|  .0 |  .0 |  .0 ||  .0 |  .0 |  .0 ||  .0 |  .0 |  .0 |
|========+========+========||========+========+========||========+========+========|
|  .0 |  .0 |  .0 ||  .0 |  .0 |  .0 ||  .0 |  .0 |  .0 |
|  .0 |  .0 |  .0 ||  .0 |  .0 |  .0 ||  .0 |  .0 |  .0 |
|  .0 |  .0 |  .0 ||  .0 |  .0 |  .0 ||  .0 |  .0 |  .0 |
|========+========+========||========+========+========||========+========+========|
|  .0 |  .0 |  .0 ||  .0 |  .0 |  .0 ||  .1382 |  .1247 |  .1269 |
|  .0 |  .0 |  .0 ||  .0 |  .0 |  .0 ||  .1341 |  .1655 |  .1406 |
|  .0 |  .0 |  .0 ||  .0 |  .0 |  .0 ||  .0 |  .1699 |  .0 |

, state=
| -0. | -1. | -0. || -0. | -0. | -0. ||  1. | -0. | -0. |
|  1. | -1. | -0. || -0. | -0. | -0. || -1. | -0. | -0. |
| -1. | -0. | -0. ||  1. |  1. | -0. || -0. | -0. | -1. |
|=====+=====+=====||=====+=====+=====||=====+=====+=====|
| -0. | -0. | -1. ||  1. | -0. | -0. || -1. | -0. |  1. |
|  1. | -1. | -1. || -0. |  1. | -1. || -0. | -0. | -0. |
| -0. | -0. | -0. || -0. | -0. | -0. || -0. |  1. | -0. |
|=====+=====+=====||=====+=====+=====||=====+=====+=====|
|  1. | -1. | -0. || -0. | -0. | -0. ||*-0. |*-0. |*-0. |
|  1. | -0. |  1. || -0. | -0. | -0. ||*-0. |*-0. |*-0. |
| -0. | -0. | -0. || -1. | -0. | -1. ||*-1. |*-0. |* 1. |

, evalForThisState=1.0, isPlayerOneTurnOriginally=false}, StateDatum{MCTSProbabilites=
|  .0 |  .0 |  .0 ||  .0 |  .0 |  .0 ||  .0 |  .0 |  .0 |
|  .0 |  .0 |  .0 ||  .0 |  .0 |  .0 ||  .0 |  .0 |  .0 |
|  .0 |  .0 |  .0 ||  .0 |  .0 |  .0 ||  .0 |  .0 |  .0 |
|========+========+========||========+========+========||========+========+========|
|  .0 |  .0 |  .0 ||  .0 |  .0 |  .0 ||  .0 |  .0 |  .0 |
|  .0 |  .0 |  .0 ||  .0 |  .0 |  .0 ||  .0 |  .0 |  .0 |
|  .0 |  .0 |  .0 ||  .0 |  .0 |  .0 ||  .0 |  .0 |  .0 |
|========+========+========||========+========+========||========+========+========|
|  .0 |  .0 |  .0 ||  .1696 |  .1256 |  .1352 ||  .0 |  .0 |  .0 |
|  .0 |  .0 |  .0 ||  .1082 |  .1224 |  .1342 ||  .0 |  .0 |  .0 |
|  .0 |  .0 |  .0 ||  .0 |  .2049 |  .0 ||  .0 |  .0 |  .0 |

, state=
|  0. |  1. |  0. ||  0. |  0. |  0. || -1. |  0. |  0. |
| -1. |  1. |  0. ||  0. |  0. |  0. ||  1. |  0. |  0. |
|  1. |  0. |  0. || -1. | -1. |  0. ||  0. |  0. |  1. |
|=====+=====+=====||=====+=====+=====||=====+=====+=====|
|  0. |  0. |  1. || -1. |  0. |  0. ||  1. |  0. | -1. |
| -1. |  1. |  1. ||  0. | -1. |  1. ||  0. |  0. |  0. |
|  0. |  0. |  0. ||  0. |  0. |  0. ||  0. | -1. |  0. |
|=====+=====+=====||=====+=====+=====||=====+=====+=====|
| -1. |  1. |  0. ||* 0. |* 0. |* 0. ||  0. |  0. |  0. |
| -1. |  0. | -1. ||* 0. |* 0. |* 0. ||  0. |  0. |  0. |
|  0. |  0. |  0. ||* 1. |* 0. |* 1. ||  1. | -1. | -1. |

, evalForThisState=-1.0, isPlayerOneTurnOriginally=true}, StateDatum{MCTSProbabilites=
|  .0315 |  .0 |  .0109 ||  .0335 |  .0497 |  .01 ||  .0 |  .0177 |  .0279 |
|  .0 |  .0 |  .0176 ||  .0178 |  .0385 |  .0111 ||  .0 |  .0306 |  .0133 |
|  .0 |  .027 |  .0102 ||  .0 |  .0 |  .0159 ||  .0067 |  .0231 |  .0 |
|========+========+========||========+========+========||========+========+========|
|  .0124 |  .0094 |  .0 ||  .0 |  .0133 |  .0161 ||  .0 |  .013 |  .0 |
|  .0 |  .0 |  .0 ||  .0177 |  .0 |  .0 ||  .0219 |  .0421 |  .0133 |
|  .029 |  .0286 |  .0388 ||  .0466 |  .0298 |  .0205 ||  .0304 |  .0 |  .0385 |
|========+========+========||========+========+========||========+========+========|
|  .0 |  .0 |  .0117 ||  .0 |  .0 |  .0 ||  .0098 |  .0083 |  .0127 |
|  .0 |  .0232 |  .0 ||  .0 |  .0 |  .0 ||  .0121 |  .0255 |  .0156 |
|  .0248 |  .0317 |  .0101 ||  .0 |  .0 |  .0 ||  .0 |  .0 |  .0 |

, state=
|*-0. |*-1. |*-0. ||*-0. |*-0. |*-0. ||* 1. |*-0. |*-0. |
|* 1. |*-1. |*-0. ||*-0. |*-0. |*-0. ||*-1. |*-0. |*-0. |
|*-1. |*-0. |*-0. ||* 1. |* 1. |*-0. ||*-0. |*-0. |*-1. |
|=====+=====+=====||=====+=====+=====||=====+=====+=====|
|*-0. |*-0. |*-1. ||* 1. |*-0. |*-0. ||*-1. |*-0. |* 1. |
|* 1. |*-1. |*-1. ||*-0. |* 1. |*-1. ||*-0. |*-0. |*-0. |
|*-0. |*-0. |*-0. ||*-0. |*-0. |*-0. ||*-0. |* 1. |*-0. |
|=====+=====+=====||=====+=====+=====||=====+=====+=====|
|* 1. |*-1. |*-0. || -0. | -0. | -0. ||*-0. |*-0. |*-0. |
|* 1. |*-0. |* 1. || -0. | -0. | -0. ||*-0. |*-0. |*-0. |
|*-0. |*-0. |*-0. || -1. | -1. | -1. ||*-1. |* 1. |* 1. |

, evalForThisState=1.0, isPlayerOneTurnOriginally=false}, StateDatum{MCTSProbabilites=
|  .0 |  .0 |  .0 ||  .2011 |  .0 |  .1427 ||  .0 |  .0 |  .0 |
|  .0 |  .0 |  .0 ||  .1878 |  .1469 |  .1433 ||  .0 |  .0 |  .0 |
|  .0 |  .0 |  .0 ||  .0 |  .0 |  .1782 ||  .0 |  .0 |  .0 |
|========+========+========||========+========+========||========+========+========|
|  .0 |  .0 |  .0 ||  .0 |  .0 |  .0 ||  .0 |  .0 |  .0 |
|  .0 |  .0 |  .0 ||  .0 |  .0 |  .0 ||  .0 |  .0 |  .0 |
|  .0 |  .0 |  .0 ||  .0 |  .0 |  .0 ||  .0 |  .0 |  .0 |
|========+========+========||========+========+========||========+========+========|
|  .0 |  .0 |  .0 ||  .0 |  .0 |  .0 ||  .0 |  .0 |  .0 |
|  .0 |  .0 |  .0 ||  .0 |  .0 |  .0 ||  .0 |  .0 |  .0 |
|  .0 |  .0 |  .0 ||  .0 |  .0 |  .0 ||  .0 |  .0 |  .0 |

, state=
|  0. |  1. |  0. ||* 0. |*-1. |* 0. || -1. |  0. |  0. |
| -1. |  1. |  0. ||* 0. |* 0. |* 0. ||  1. |  0. |  0. |
|  1. |  0. |  0. ||*-1. |*-1. |* 0. ||  0. |  0. |  1. |
|=====+=====+=====||=====+=====+=====||=====+=====+=====|
|  0. |  0. |  1. || -1. |  0. |  0. ||  1. |  0. | -1. |
| -1. |  1. |  1. ||  0. | -1. |  1. ||  0. |  0. |  0. |
|  0. |  0. |  0. ||  0. |  0. |  0. ||  0. | -1. |  0. |
|=====+=====+=====||=====+=====+=====||=====+=====+=====|
| -1. |  1. |  0. ||  0. |  0. |  0. ||  0. |  0. |  0. |
| -1. |  0. | -1. ||  0. |  0. |  0. ||  0. |  0. |  0. |
|  0. |  0. |  0. ||  1. |  1. |  1. ||  1. | -1. | -1. |

, evalForThisState=-1.0, isPlayerOneTurnOriginally=true}, StateDatum{MCTSProbabilites=
|  .1221 |  .0 |  .3115 ||  .0 |  .0 |  .0 ||  .0 |  .0 |  .0 |
|  .0 |  .0 |  .1739 ||  .0 |  .0 |  .0 ||  .0 |  .0 |  .0 |
|  .0 |  .0571 |  .3354 ||  .0 |  .0 |  .0 ||  .0 |  .0 |  .0 |
|========+========+========||========+========+========||========+========+========|
|  .0 |  .0 |  .0 ||  .0 |  .0 |  .0 ||  .0 |  .0 |  .0 |
|  .0 |  .0 |  .0 ||  .0 |  .0 |  .0 ||  .0 |  .0 |  .0 |
|  .0 |  .0 |  .0 ||  .0 |  .0 |  .0 ||  .0 |  .0 |  .0 |
|========+========+========||========+========+========||========+========+========|
|  .0 |  .0 |  .0 ||  .0 |  .0 |  .0 ||  .0 |  .0 |  .0 |
|  .0 |  .0 |  .0 ||  .0 |  .0 |  .0 ||  .0 |  .0 |  .0 |
|  .0 |  .0 |  .0 ||  .0 |  .0 |  .0 ||  .0 |  .0 |  .0 |

, state=
|*-0. |*-1. |*-0. || -1. |  1. | -0. ||  1. | -0. | -0. |
|* 1. |*-1. |*-0. || -0. | -0. | -0. || -1. | -0. | -0. |
|*-1. |*-0. |*-0. ||  1. |  1. | -0. || -0. | -0. | -1. |
|=====+=====+=====||=====+=====+=====||=====+=====+=====|
| -0. | -0. | -1. ||  1. | -0. | -0. || -1. | -0. |  1. |
|  1. | -1. | -1. || -0. |  1. | -1. || -0. | -0. | -0. |
| -0. | -0. | -0. || -0. | -0. | -0. || -0. |  1. | -0. |
|=====+=====+=====||=====+=====+=====||=====+=====+=====|
|  1. | -1. | -0. || -0. | -0. | -0. || -0. | -0. | -0. |
|  1. | -0. |  1. || -0. | -0. | -0. || -0. | -0. | -0. |
| -0. | -0. | -0. || -1. | -1. | -1. || -1. |  1. |  1. |

, evalForThisState=1.0, isPlayerOneTurnOriginally=false}, StateDatum{MCTSProbabilites=
|  .0 |  .0 |  .0 ||  .0 |  .0 |  .0 ||  .0 |  .0 |  .0 |
|  .0 |  .0 |  .0 ||  .0 |  .0 |  .0 ||  .0 |  .0 |  .0 |
|  .0 |  .0 |  .0 ||  .0 |  .0 |  .0 ||  .0 |  .0 |  .0 |
|========+========+========||========+========+========||========+========+========|
|  .0 |  .0 |  .0 ||  .0 |  .0 |  .0 ||  .0 |  .0 |  .0 |
|  .0 |  .0 |  .0 ||  .0 |  .0 |  .0 ||  .0 |  .0 |  .0 |
|  .0 |  .0 |  .0 ||  .0 |  .0 |  .0 ||  .0 |  .0 |  .0 |
|========+========+========||========+========+========||========+========+========|
|  .0 |  .0 |  .0 ||  .0 |  .0 |  .0 ||  .1354 |  .2213 |  .174 |
|  .0 |  .0 |  .0 ||  .0 |  .0 |  .0 ||  .1453 |  .1455 |  .1785 |
|  .0 |  .0 |  .0 ||  .0 |  .0 |  .0 ||  .0 |  .0 |  .0 |

, state=
|  0. |  1. |  0. ||  1. | -1. |  0. || -1. |  0. |  0. |
| -1. |  1. |  0. ||  0. |  0. |  0. ||  1. |  0. |  0. |
|  1. |  0. | -1. || -1. | -1. |  0. ||  0. |  0. |  1. |
|=====+=====+=====||=====+=====+=====||=====+=====+=====|
|  0. |  0. |  1. || -1. |  0. |  0. ||  1. |  0. | -1. |
| -1. |  1. |  1. ||  0. | -1. |  1. ||  0. |  0. |  0. |
|  0. |  0. |  0. ||  0. |  0. |  0. ||  0. | -1. |  0. |
|=====+=====+=====||=====+=====+=====||=====+=====+=====|
| -1. |  1. |  0. ||  0. |  0. |  0. ||* 0. |* 0. |* 0. |
| -1. |  0. | -1. ||  0. |  0. |  0. ||* 0. |* 0. |* 0. |
|  0. |  0. |  0. ||  1. |  1. |  1. ||* 1. |*-1. |*-1. |

, evalForThisState=-1.0, isPlayerOneTurnOriginally=true}, StateDatum{MCTSProbabilites=
|  .0 |  .0 |  .0 ||  .0 |  .0 |  .0728 ||  .0 |  .0 |  .0 |
|  .0 |  .0 |  .0 ||  .1092 |  .335 |  .2604 ||  .0 |  .0 |  .0 |
|  .0 |  .0 |  .0 ||  .0 |  .0 |  .2226 ||  .0 |  .0 |  .0 |
|========+========+========||========+========+========||========+========+========|
|  .0 |  .0 |  .0 ||  .0 |  .0 |  .0 ||  .0 |  .0 |  .0 |
|  .0 |  .0 |  .0 ||  .0 |  .0 |  .0 ||  .0 |  .0 |  .0 |
|  .0 |  .0 |  .0 ||  .0 |  .0 |  .0 ||  .0 |  .0 |  .0 |
|========+========+========||========+========+========||========+========+========|
|  .0 |  .0 |  .0 ||  .0 |  .0 |  .0 ||  .0 |  .0 |  .0 |
|  .0 |  .0 |  .0 ||  .0 |  .0 |  .0 ||  .0 |  .0 |  .0 |
|  .0 |  .0 |  .0 ||  .0 |  .0 |  .0 ||  .0 |  .0 |  .0 |

, state=
| -0. | -1. | -0. ||*-1. |* 1. |*-0. ||  1. | -0. | -0. |
|  1. | -1. | -0. ||*-0. |*-0. |*-0. || -1. | -0. | -0. |
| -1. | -0. |  1. ||* 1. |* 1. |*-0. || -0. | -0. | -1. |
|=====+=====+=====||=====+=====+=====||=====+=====+=====|
| -0. | -0. | -1. ||  1. | -0. | -0. || -1. | -0. |  1. |
|  1. | -1. | -1. || -0. |  1. | -1. || -0. | -0. | -0. |
| -0. | -0. | -0. || -0. | -0. | -0. || -0. |  1. | -0. |
|=====+=====+=====||=====+=====+=====||=====+=====+=====|
|  1. | -1. | -0. || -0. | -0. | -0. || -0. | -1. | -0. |
|  1. | -0. |  1. || -0. | -0. | -0. || -0. | -0. | -0. |
| -0. | -0. | -0. || -1. | -1. | -1. || -1. |  1. |  1. |

, evalForThisState=1.0, isPlayerOneTurnOriginally=false}, StateDatum{MCTSProbabilites=
|  .0 |  .0 |  .0 ||  .0 |  .0 |  .0 ||  .0 |  .0 |  .0 |
|  .0 |  .0 |  .0 ||  .0 |  .0 |  .0 ||  .0 |  .0 |  .0 |
|  .0 |  .0 |  .0 ||  .0 |  .0 |  .0 ||  .0 |  .0 |  .0 |
|========+========+========||========+========+========||========+========+========|
|  .0 |  .0 |  .0 ||  .0 |  .1498 |  .1715 ||  .0 |  .0 |  .0 |
|  .0 |  .0 |  .0 ||  .2143 |  .0 |  .0 ||  .0 |  .0 |  .0 |
|  .0 |  .0 |  .0 ||  .1958 |  .1515 |  .1171 ||  .0 |  .0 |  .0 |
|========+========+========||========+========+========||========+========+========|
|  .0 |  .0 |  .0 ||  .0 |  .0 |  .0 ||  .0 |  .0 |  .0 |
|  .0 |  .0 |  .0 ||  .0 |  .0 |  .0 ||  .0 |  .0 |  .0 |
|  .0 |  .0 |  .0 ||  .0 |  .0 |  .0 ||  .0 |  .0 |  .0 |

, state=
|  0. |  1. |  0. ||  1. | -1. |  0. || -1. |  0. |  0. |
| -1. |  1. |  0. ||  0. | -1. |  0. ||  1. |  0. |  0. |
|  1. |  0. | -1. || -1. | -1. |  0. ||  0. |  0. |  1. |
|=====+=====+=====||=====+=====+=====||=====+=====+=====|
|  0. |  0. |  1. ||*-1. |* 0. |* 0. ||  1. |  0. | -1. |
| -1. |  1. |  1. ||* 0. |*-1. |* 1. ||  0. |  0. |  0. |
|  0. |  0. |  0. ||* 0. |* 0. |* 0. ||  0. | -1. |  0. |
|=====+=====+=====||=====+=====+=====||=====+=====+=====|
| -1. |  1. |  0. ||  0. |  0. |  0. ||  0. |  1. |  0. |
| -1. |  0. | -1. ||  0. |  0. |  0. ||  0. |  0. |  0. |
|  0. |  0. |  0. ||  1. |  1. |  1. ||  1. | -1. | -1. |

, evalForThisState=-1.0, isPlayerOneTurnOriginally=true}, StateDatum{MCTSProbabilites=
|  .0 |  .0 |  .0 ||  .0 |  .0 |  .0 ||  .0 |  .0 |  .0 |
|  .0 |  .0 |  .0 ||  .0 |  .0 |  .0 ||  .0 |  .0 |  .0 |
|  .0 |  .0 |  .0 ||  .0 |  .0 |  .0 ||  .0 |  .0 |  .0 |
|========+========+========||========+========+========||========+========+========|
|  .2585 |  .0741 |  .0 ||  .0 |  .0 |  .0 ||  .0 |  .0 |  .0 |
|  .0 |  .0 |  .0 ||  .0 |  .0 |  .0 ||  .0 |  .0 |  .0 |
|  .1897 |  .2296 |  .248 ||  .0 |  .0 |  .0 ||  .0 |  .0 |  .0 |
|========+========+========||========+========+========||========+========+========|
|  .0 |  .0 |  .0 ||  .0 |  .0 |  .0 ||  .0 |  .0 |  .0 |
|  .0 |  .0 |  .0 ||  .0 |  .0 |  .0 ||  .0 |  .0 |  .0 |
|  .0 |  .0 |  .0 ||  .0 |  .0 |  .0 ||  .0 |  .0 |  .0 |

, state=
| -0. | -1. | -0. || -1. |  1. | -0. ||  1. | -0. | -0. |
|  1. | -1. | -0. || -0. |  1. | -0. || -1. | -0. | -0. |
| -1. | -0. |  1. ||  1. |  1. | -0. || -0. | -0. | -1. |
|=====+=====+=====||=====+=====+=====||=====+=====+=====|
|*-0. |*-0. |*-1. ||  1. | -0. | -0. || -1. | -0. |  1. |
|* 1. |*-1. |*-1. || -1. |  1. | -1. || -0. | -0. | -0. |
|*-0. |*-0. |*-0. || -0. | -0. | -0. || -0. |  1. | -0. |
|=====+=====+=====||=====+=====+=====||=====+=====+=====|
|  1. | -1. | -0. || -0. | -0. | -0. || -0. | -1. | -0. |
|  1. | -0. |  1. || -0. | -0. | -0. || -0. | -0. | -0. |
| -0. | -0. | -0. || -1. | -1. | -1. || -1. |  1. |  1. |

, evalForThisState=1.0, isPlayerOneTurnOriginally=false}, StateDatum{MCTSProbabilites=
|  .4285 |  .0 |  .1522 ||  .0 |  .0 |  .0 ||  .0 |  .0 |  .0 |
|  .0 |  .0 |  .2054 ||  .0 |  .0 |  .0 ||  .0 |  .0 |  .0 |
|  .0 |  .2139 |  .0 ||  .0 |  .0 |  .0 ||  .0 |  .0 |  .0 |
|========+========+========||========+========+========||========+========+========|
|  .0 |  .0 |  .0 ||  .0 |  .0 |  .0 ||  .0 |  .0 |  .0 |
|  .0 |  .0 |  .0 ||  .0 |  .0 |  .0 ||  .0 |  .0 |  .0 |
|  .0 |  .0 |  .0 ||  .0 |  .0 |  .0 ||  .0 |  .0 |  .0 |
|========+========+========||========+========+========||========+========+========|
|  .0 |  .0 |  .0 ||  .0 |  .0 |  .0 ||  .0 |  .0 |  .0 |
|  .0 |  .0 |  .0 ||  .0 |  .0 |  .0 ||  .0 |  .0 |  .0 |
|  .0 |  .0 |  .0 ||  .0 |  .0 |  .0 ||  .0 |  .0 |  .0 |

, state=
|* 0. |* 1. |* 0. ||  1. | -1. |  0. || -1. |  0. |  0. |
|*-1. |* 1. |* 0. ||  0. | -1. |  0. ||  1. |  0. |  0. |
|* 1. |* 0. |*-1. || -1. | -1. |  0. ||  0. |  0. |  1. |
|=====+=====+=====||=====+=====+=====||=====+=====+=====|
| -1. |  0. |  1. || -1. |  0. |  0. ||  1. |  0. | -1. |
| -1. |  1. |  1. ||  1. | -1. |  1. ||  0. |  0. |  0. |
|  0. |  0. |  0. ||  0. |  0. |  0. ||  0. | -1. |  0. |
|=====+=====+=====||=====+=====+=====||=====+=====+=====|
| -1. |  1. |  0. ||  0. |  0. |  0. ||  0. |  1. |  0. |
| -1. |  0. | -1. ||  0. |  0. |  0. ||  0. |  0. |  0. |
|  0. |  0. |  0. ||  1. |  1. |  1. ||  1. | -1. | -1. |

, evalForThisState=-1.0, isPlayerOneTurnOriginally=true}, StateDatum{MCTSProbabilites=
|  .0 |  .0 |  .5299 ||  .0 |  .0 |  .0 ||  .0 |  .0 |  .0 |
|  .0 |  .0 |  .2878 ||  .0 |  .0 |  .0 ||  .0 |  .0 |  .0 |
|  .0 |  .1823 |  .0 ||  .0 |  .0 |  .0 ||  .0 |  .0 |  .0 |
|========+========+========||========+========+========||========+========+========|
|  .0 |  .0 |  .0 ||  .0 |  .0 |  .0 ||  .0 |  .0 |  .0 |
|  .0 |  .0 |  .0 ||  .0 |  .0 |  .0 ||  .0 |  .0 |  .0 |
|  .0 |  .0 |  .0 ||  .0 |  .0 |  .0 ||  .0 |  .0 |  .0 |
|========+========+========||========+========+========||========+========+========|
|  .0 |  .0 |  .0 ||  .0 |  .0 |  .0 ||  .0 |  .0 |  .0 |
|  .0 |  .0 |  .0 ||  .0 |  .0 |  .0 ||  .0 |  .0 |  .0 |
|  .0 |  .0 |  .0 ||  .0 |  .0 |  .0 ||  .0 |  .0 |  .0 |

, state=
|*-1. |*-1. |*-0. || -1. |  1. | -0. ||  1. | -0. | -0. |
|* 1. |*-1. |*-0. || -0. |  1. | -0. || -1. | -0. | -0. |
|*-1. |*-0. |* 1. ||  1. |  1. | -0. || -0. | -0. | -1. |
|=====+=====+=====||=====+=====+=====||=====+=====+=====|
|  1. | -0. | -1. ||  1. | -0. | -0. || -1. | -0. |  1. |
|  1. | -1. | -1. || -1. |  1. | -1. || -0. | -0. | -0. |
| -0. | -0. | -0. || -0. | -0. | -0. || -0. |  1. | -0. |
|=====+=====+=====||=====+=====+=====||=====+=====+=====|
|  1. | -1. | -0. || -0. | -0. | -0. || -0. | -1. | -0. |
|  1. | -0. |  1. || -0. | -0. | -0. || -0. | -0. | -0. |
| -0. | -0. | -0. || -1. | -1. | -1. || -1. |  1. |  1. |

, evalForThisState=1.0, isPlayerOneTurnOriginally=false}, StateDatum{MCTSProbabilites=
|  .0 |  .0 |  .0 ||  .0 |  .0 |  .0 ||  .0 |  .1296 |  .2036 |
|  .0 |  .0 |  .0 ||  .0 |  .0 |  .0 ||  .0 |  .1616 |  .3212 |
|  .0 |  .0 |  .0 ||  .0 |  .0 |  .0 ||  .0876 |  .0964 |  .0 |
|========+========+========||========+========+========||========+========+========|
|  .0 |  .0 |  .0 ||  .0 |  .0 |  .0 ||  .0 |  .0 |  .0 |
|  .0 |  .0 |  .0 ||  .0 |  .0 |  .0 ||  .0 |  .0 |  .0 |
|  .0 |  .0 |  .0 ||  .0 |  .0 |  .0 ||  .0 |  .0 |  .0 |
|========+========+========||========+========+========||========+========+========|
|  .0 |  .0 |  .0 ||  .0 |  .0 |  .0 ||  .0 |  .0 |  .0 |
|  .0 |  .0 |  .0 ||  .0 |  .0 |  .0 ||  .0 |  .0 |  .0 |
|  .0 |  .0 |  .0 ||  .0 |  .0 |  .0 ||  .0 |  .0 |  .0 |

, state=
|  1. |  1. | -1. ||  1. | -1. |  0. ||*-1. |* 0. |* 0. |
| -1. |  1. |  0. ||  0. | -1. |  0. ||* 1. |* 0. |* 0. |
|  1. |  0. | -1. || -1. | -1. |  0. ||* 0. |* 0. |* 1. |
|=====+=====+=====||=====+=====+=====||=====+=====+=====|
| -1. |  0. |  1. || -1. |  0. |  0. ||  1. |  0. | -1. |
| -1. |  1. |  1. ||  1. | -1. |  1. ||  0. |  0. |  0. |
|  0. |  0. |  0. ||  0. |  0. |  0. ||  0. | -1. |  0. |
|=====+=====+=====||=====+=====+=====||=====+=====+=====|
| -1. |  1. |  0. ||  0. |  0. |  0. ||  0. |  1. |  0. |
| -1. |  0. | -1. ||  0. |  0. |  0. ||  0. |  0. |  0. |
|  0. |  0. |  0. ||  1. |  1. |  1. ||  1. | -1. | -1. |

, evalForThisState=-1.0, isPlayerOneTurnOriginally=true}, StateDatum{MCTSProbabilites=
|  .0 |  .0 |  .0 ||  .0 |  .0 |  .0 ||  .0 |  .0 |  .0 |
|  .0 |  .0 |  .0 ||  .0 |  .0 |  .0 ||  .0 |  .0 |  .0 |
|  .0 |  .0 |  .0 ||  .0 |  .0 |  .0 ||  .0 |  .0 |  .0 |
|========+========+========||========+========+========||========+========+========|
|  .0 |  .0 |  .0 ||  .0 |  .0 |  .0 ||  .0 |  .1637 |  .0 |
|  .0 |  .0 |  .0 ||  .0 |  .0 |  .0 ||  .2121 |  .1287 |  .2282 |
|  .0 |  .0 |  .0 ||  .0 |  .0 |  .0 ||  .1596 |  .0 |  .1076 |
|========+========+========||========+========+========||========+========+========|
|  .0 |  .0 |  .0 ||  .0 |  .0 |  .0 ||  .0 |  .0 |  .0 |
|  .0 |  .0 |  .0 ||  .0 |  .0 |  .0 ||  .0 |  .0 |  .0 |
|  .0 |  .0 |  .0 ||  .0 |  .0 |  .0 ||  .0 |  .0 |  .0 |

, state=
| -1. | -1. |  1. || -1. |  1. | -0. ||  1. | -0. | -0. |
|  1. | -1. | -0. || -0. |  1. | -0. || -1. | -0. | -1. |
| -1. | -0. |  1. ||  1. |  1. | -0. || -0. | -0. | -1. |
|=====+=====+=====||=====+=====+=====||=====+=====+=====|
|  1. | -0. | -1. ||  1. | -0. | -0. ||*-1. |*-0. |* 1. |
|  1. | -1. | -1. || -1. |  1. | -1. ||*-0. |*-0. |*-0. |
| -0. | -0. | -0. || -0. | -0. | -0. ||*-0. |* 1. |*-0. |
|=====+=====+=====||=====+=====+=====||=====+=====+=====|
|  1. | -1. | -0. || -0. | -0. | -0. || -0. | -1. | -0. |
|  1. | -0. |  1. || -0. | -0. | -0. || -0. | -0. | -0. |
| -0. | -0. | -0. || -1. | -1. | -1. || -1. |  1. |  1. |

, evalForThisState=1.0, isPlayerOneTurnOriginally=false}, StateDatum{MCTSProbabilites=
|  .0 |  .0 |  .0 ||  .0 |  .0 |  .0 ||  .0 |  .0 |  .0 |
|  .0 |  .0 |  .0 ||  .0 |  .0 |  .0 ||  .0 |  .0 |  .0 |
|  .0 |  .0 |  .0 ||  .0 |  .0 |  .0 ||  .0 |  .0 |  .0 |
|========+========+========||========+========+========||========+========+========|
|  .0 |  .0 |  .0 ||  .0 |  .0 |  .0 ||  .0 |  .1727 |  .0 |
|  .0 |  .0 |  .0 ||  .0 |  .0 |  .0 ||  .1896 |  .1737 |  .0 |
|  .0 |  .0 |  .0 ||  .0 |  .0 |  .0 ||  .2361 |  .0 |  .2279 |
|========+========+========||========+========+========||========+========+========|
|  .0 |  .0 |  .0 ||  .0 |  .0 |  .0 ||  .0 |  .0 |  .0 |
|  .0 |  .0 |  .0 ||  .0 |  .0 |  .0 ||  .0 |  .0 |  .0 |
|  .0 |  .0 |  .0 ||  .0 |  .0 |  .0 ||  .0 |  .0 |  .0 |

, state=
|  1. |  1. | -1. ||  1. | -1. |  0. || -1. |  0. |  0. |
| -1. |  1. |  0. ||  0. | -1. |  0. ||  1. |  0. |  1. |
|  1. |  0. | -1. || -1. | -1. |  0. ||  0. |  0. |  1. |
|=====+=====+=====||=====+=====+=====||=====+=====+=====|
| -1. |  0. |  1. || -1. |  0. |  0. ||* 1. |* 0. |*-1. |
| -1. |  1. |  1. ||  1. | -1. |  1. ||* 0. |* 0. |*-1. |
|  0. |  0. |  0. ||  0. |  0. |  0. ||* 0. |*-1. |* 0. |
|=====+=====+=====||=====+=====+=====||=====+=====+=====|
| -1. |  1. |  0. ||  0. |  0. |  0. ||  0. |  1. |  0. |
| -1. |  0. | -1. ||  0. |  0. |  0. ||  0. |  0. |  0. |
|  0. |  0. |  0. ||  1. |  1. |  1. ||  1. | -1. | -1. |

, evalForThisState=-1.0, isPlayerOneTurnOriginally=true}, StateDatum{MCTSProbabilites=
|  .0 |  .0 |  .0 ||  .0 |  .0 |  .0 ||  .0 |  .0 |  .0 |
|  .0 |  .0 |  .0 ||  .0 |  .0 |  .0 ||  .0 |  .0 |  .0 |
|  .0 |  .0 |  .0 ||  .0 |  .0 |  .0 ||  .0 |  .0 |  .0 |
|========+========+========||========+========+========||========+========+========|
|  .0 |  .0 |  .0 ||  .0 |  .0 |  .0 ||  .0 |  .0 |  .0 |
|  .0 |  .0 |  .0 ||  .0 |  .0 |  .0 ||  .0 |  .0 |  .0 |
|  .0 |  .0 |  .0 ||  .0 |  .0 |  .0 ||  .0 |  .0 |  .0 |
|========+========+========||========+========+========||========+========+========|
|  .0 |  .0 |  .2468 ||  .0 |  .0 |  .0 ||  .0 |  .0 |  .0 |
|  .0 |  .1563 |  .0 ||  .0 |  .0 |  .0 ||  .0 |  .0 |  .0 |
|  .1774 |  .1364 |  .2831 ||  .0 |  .0 |  .0 ||  .0 |  .0 |  .0 |

, state=
| -1. | -1. |  1. || -1. |  1. | -0. ||  1. | -0. | -0. |
|  1. | -1. | -0. || -0. |  1. | -0. || -1. | -0. | -1. |
| -1. | -0. |  1. ||  1. |  1. | -0. || -0. | -0. | -1. |
|=====+=====+=====||=====+=====+=====||=====+=====+=====|
|  1. | -0. | -1. ||  1. | -0. | -0. || -1. | -0. |  1. |
|  1. | -1. | -1. || -1. |  1. | -1. || -0. | -0. |  1. |
| -0. | -0. | -0. || -0. | -0. | -0. || -1. |  1. | -0. |
|=====+=====+=====||=====+=====+=====||=====+=====+=====|
|* 1. |*-1. |*-0. || -0. | -0. | -0. || -0. | -1. | -0. |
|* 1. |*-0. |* 1. || -0. | -0. | -0. || -0. | -0. | -0. |
|*-0. |*-0. |*-0. || -1. | -1. | -1. || -1. |  1. |  1. |

, evalForThisState=1.0, isPlayerOneTurnOriginally=false}, StateDatum{MCTSProbabilites=
|  .0 |  .0 |  .0 ||  .0 |  .0 |  .0 ||  .0 |  .0 |  .0 |
|  .0 |  .0 |  .0 ||  .0 |  .0 |  .0 ||  .0 |  .0 |  .0 |
|  .0 |  .0 |  .0 ||  .0 |  .0 |  .0 ||  .0 |  .0 |  .0 |
|========+========+========||========+========+========||========+========+========|
|  .0 |  .0 |  .0 ||  .0 |  .0 |  .0 ||  .0 |  .0 |  .0 |
|  .0 |  .0 |  .0 ||  .0 |  .0 |  .0 ||  .0 |  .0 |  .0 |
|  .0 |  .0 |  .0 ||  .0 |  .0 |  .0 ||  .0 |  .0 |  .0 |
|========+========+========||========+========+========||========+========+========|
|  .0 |  .0 |  .0 ||  .0 |  .0 |  .0 ||  .1818 |  .0 |  .1431 |
|  .0 |  .0 |  .0 ||  .0 |  .0 |  .0 ||  .3058 |  .1453 |  .224 |
|  .0 |  .0 |  .0 ||  .0 |  .0 |  .0 ||  .0 |  .0 |  .0 |

, state=
|  1. |  1. | -1. ||  1. | -1. |  0. || -1. |  0. |  0. |
| -1. |  1. |  0. ||  0. | -1. |  0. ||  1. |  0. |  1. |
|  1. |  0. | -1. || -1. | -1. |  0. ||  0. |  0. |  1. |
|=====+=====+=====||=====+=====+=====||=====+=====+=====|
| -1. |  0. |  1. || -1. |  0. |  0. ||  1. |  0. | -1. |
| -1. |  1. |  1. ||  1. | -1. |  1. ||  0. |  0. | -1. |
|  0. |  0. |  0. ||  0. |  0. |  0. ||  1. | -1. |  0. |
|=====+=====+=====||=====+=====+=====||=====+=====+=====|
| -1. |  1. |  0. ||  0. |  0. |  0. ||* 0. |* 1. |* 0. |
| -1. |  0. | -1. ||  0. |  0. |  0. ||* 0. |* 0. |* 0. |
|  0. |  0. | -1. ||  1. |  1. |  1. ||* 1. |*-1. |*-1. |

, evalForThisState=-1.0, isPlayerOneTurnOriginally=true}, StateDatum{MCTSProbabilites=
|  .0 |  .0 |  .0 ||  .0 |  .0 |  .0 ||  .0 |  .0 |  .0 |
|  .0 |  .0 |  .0 ||  .0 |  .0 |  .0 ||  .0 |  .0 |  .0 |
|  .0 |  .0 |  .0 ||  .0 |  .0 |  .0 ||  .0 |  .0 |  .0 |
|========+========+========||========+========+========||========+========+========|
|  .0 |  .0077 |  .0 ||  .0 |  .0 |  .0 ||  .0 |  .0 |  .0 |
|  .0 |  .0 |  .0 ||  .0 |  .0 |  .0 ||  .0 |  .0 |  .0 |
|  .9762 |  .008 |  .008 ||  .0 |  .0 |  .0 ||  .0 |  .0 |  .0 |
|========+========+========||========+========+========||========+========+========|
|  .0 |  .0 |  .0 ||  .0 |  .0 |  .0 ||  .0 |  .0 |  .0 |
|  .0 |  .0 |  .0 ||  .0 |  .0 |  .0 ||  .0 |  .0 |  .0 |
|  .0 |  .0 |  .0 ||  .0 |  .0 |  .0 ||  .0 |  .0 |  .0 |

, state=
| -1. | -1. |  1. || -1. |  1. | -0. ||  1. | -0. | -0. |
|  1. | -1. | -0. || -0. |  1. | -0. || -1. | -0. | -1. |
| -1. | -0. |  1. ||  1. |  1. | -0. || -0. | -0. | -1. |
|=====+=====+=====||=====+=====+=====||=====+=====+=====|
|* 1. |*-0. |*-1. ||  1. | -0. | -0. || -1. | -0. |  1. |
|* 1. |*-1. |*-1. || -1. |  1. | -1. || -0. | -0. |  1. |
|*-0. |*-0. |*-0. || -0. | -0. | -0. || -1. |  1. | -0. |
|=====+=====+=====||=====+=====+=====||=====+=====+=====|
|  1. | -1. | -0. || -0. | -0. | -0. || -0. | -1. | -0. |
|  1. | -0. |  1. || -0. | -0. | -0. || -1. | -0. | -0. |
| -0. | -0. |  1. || -1. | -1. | -1. || -1. |  1. |  1. |

, evalForThisState=1.0, isPlayerOneTurnOriginally=false}, StateDatum{MCTSProbabilites=
|  .0 |  .0 |  .0 ||  .0 |  .0 |  .0 ||  .0 |  .0 |  .0 |
|  .0 |  .0 |  .0 ||  .0 |  .0 |  .0 ||  .0 |  .0 |  .0 |
|  .0 |  .0 |  .0 ||  .0 |  .0 |  .0 ||  .0 |  .0 |  .0 |
|========+========+========||========+========+========||========+========+========|
|  .0 |  .0 |  .0 ||  .0 |  .0 |  .0 ||  .0 |  .0 |  .0 |
|  .0 |  .0 |  .0 ||  .0 |  .0 |  .0 ||  .0 |  .0 |  .0 |
|  .0 |  .0 |  .0 ||  .0 |  .0 |  .0 ||  .0 |  .0 |  .0 |
|========+========+========||========+========+========||========+========+========|
|  .0 |  .0 |  .0114 ||  .0 |  .0 |  .0 ||  .0 |  .0 |  .0 |
|  .0 |  .9449 |  .0 ||  .0 |  .0 |  .0 ||  .0 |  .0 |  .0 |
|  .0083 |  .0354 |  .0 ||  .0 |  .0 |  .0 ||  .0 |  .0 |  .0 |

, state=
|  1. |  1. | -1. ||  1. | -1. |  0. || -1. |  0. |  0. |
| -1. |  1. |  0. ||  0. | -1. |  0. ||  1. |  0. |  1. |
|  1. |  0. | -1. || -1. | -1. |  0. ||  0. |  0. |  1. |
|=====+=====+=====||=====+=====+=====||=====+=====+=====|
| -1. |  0. |  1. || -1. |  0. |  0. ||  1. |  0. | -1. |
| -1. |  1. |  1. ||  1. | -1. |  1. ||  0. |  0. | -1. |
| -1. |  0. |  0. ||  0. |  0. |  0. ||  1. | -1. |  0. |
|=====+=====+=====||=====+=====+=====||=====+=====+=====|
|*-1. |* 1. |* 0. ||  0. |  0. |  0. ||  0. |  1. |  0. |
|*-1. |* 0. |*-1. ||  0. |  0. |  0. ||  1. |  0. |  0. |
|* 0. |* 0. |*-1. ||  1. |  1. |  1. ||  1. | -1. | -1. |

, evalForThisState=-1.0, isPlayerOneTurnOriginally=true}, StateDatum{MCTSProbabilites=
|  .0 |  .0 |  .0 ||  .0 |  .0 |  .0 ||  .0 |  .0 |  .0 |
|  .0 |  .0 |  .0 ||  .0 |  .0 |  .0 ||  .0 |  .0 |  .0 |
|  .0 |  .0 |  .0 ||  .0 |  .0 |  .0 ||  .0 |  .0 |  .0 |
|========+========+========||========+========+========||========+========+========|
|  .0 |  .0 |  .0 ||  .0 |  .0002 |  .0003 ||  .0 |  .0 |  .0 |
|  .0 |  .0 |  .0 ||  .0 |  .0 |  .0 ||  .0 |  .0 |  .0 |
|  .0 |  .0 |  .0 ||  .0006 |  .0002 |  .9987 ||  .0 |  .0 |  .0 |
|========+========+========||========+========+========||========+========+========|
|  .0 |  .0 |  .0 ||  .0 |  .0 |  .0 ||  .0 |  .0 |  .0 |
|  .0 |  .0 |  .0 ||  .0 |  .0 |  .0 ||  .0 |  .0 |  .0 |
|  .0 |  .0 |  .0 ||  .0 |  .0 |  .0 ||  .0 |  .0 |  .0 |

, state=
| -1. | -1. |  1. || -1. |  1. | -0. ||  1. | -0. | -0. |
|  1. | -1. | -0. || -0. |  1. | -0. || -1. | -0. | -1. |
| -1. | -0. |  1. ||  1. |  1. | -0. || -0. | -0. | -1. |
|=====+=====+=====||=====+=====+=====||=====+=====+=====|
|  1. | -0. | -1. ||* 1. |*-0. |*-0. || -1. | -0. |  1. |
|  1. | -1. | -1. ||*-1. |* 1. |*-1. || -0. | -0. |  1. |
|  1. | -0. | -0. ||*-0. |*-0. |*-0. || -1. |  1. | -0. |
|=====+=====+=====||=====+=====+=====||=====+=====+=====|
|  1. | -1. | -0. || -0. | -0. | -0. || -0. | -1. | -0. |
|  1. | -1. |  1. || -0. | -0. | -0. || -1. | -0. | -0. |
| -0. | -0. |  1. || -1. | -1. | -1. || -1. |  1. |  1. |

, evalForThisState=1.0, isPlayerOneTurnOriginally=false}, StateDatum{MCTSProbabilites=
|  .0 |  .0 |  .0 ||  .0 |  .0 |  .0 ||  .0 |  .0 |  .0 |
|  .0 |  .0 |  .0 ||  .0 |  .0 |  .0 ||  .0 |  .0 |  .0 |
|  .0 |  .0 |  .0 ||  .0 |  .0 |  .0 ||  .0 |  .0 |  .0 |
|========+========+========||========+========+========||========+========+========|
|  .0 |  .0 |  .0 ||  .0 |  .0 |  .0 ||  .0 |  .0 |  .0 |
|  .0 |  .0 |  .0 ||  .0 |  .0 |  .0 ||  .0 |  .0 |  .0 |
|  .0 |  .0 |  .0 ||  .0 |  .0 |  .0 ||  .0 |  .0 |  .0 |
|========+========+========||========+========+========||========+========+========|
|  .0 |  .0 |  .0 ||  .0 |  .0 |  .0 ||  .9999 |  .0 |  .0 |
|  .0 |  .0 |  .0 ||  .0 |  .0 |  .0 ||  .0 |  .0 |  .0 |
|  .0 |  .0 |  .0 ||  .0 |  .0 |  .0 ||  .0 |  .0 |  .0 |

, state=
|  1. |  1. | -1. ||  1. | -1. |  0. || -1. |  0. |  0. |
| -1. |  1. |  0. ||  0. | -1. |  0. ||  1. |  0. |  1. |
|  1. |  0. | -1. || -1. | -1. |  0. ||  0. |  0. |  1. |
|=====+=====+=====||=====+=====+=====||=====+=====+=====|
| -1. |  0. |  1. || -1. |  0. |  0. ||  1. |  0. | -1. |
| -1. |  1. |  1. ||  1. | -1. |  1. ||  0. |  0. | -1. |
| -1. |  0. |  0. ||  0. |  0. | -1. ||  1. | -1. |  0. |
|=====+=====+=====||=====+=====+=====||=====+=====+=====|
| -1. |  1. |  0. ||  0. |  0. |  0. ||* 0. |* 1. |* 0. |
| -1. |  1. | -1. ||  0. |  0. |  0. ||* 1. |* 0. |* 0. |
|  0. |  0. | -1. ||  1. |  1. |  1. ||* 1. |*-1. |*-1. |

, evalForThisState=-1.0, isPlayerOneTurnOriginally=true}, StateDatum{MCTSProbabilites=
|  .0 |  .0 |  .0 ||  .0 |  .0 |  .0 ||  .0 |  .0 |  .0 |
|  .0 |  .0 |  .9999 ||  .0 |  .0 |  .0 ||  .0 |  .0 |  .0 |
|  .0 |  .0001 |  .0 ||  .0 |  .0 |  .0 ||  .0 |  .0 |  .0 |
|========+========+========||========+========+========||========+========+========|
|  .0 |  .0 |  .0 ||  .0 |  .0 |  .0 ||  .0 |  .0 |  .0 |
|  .0 |  .0 |  .0 ||  .0 |  .0 |  .0 ||  .0 |  .0 |  .0 |
|  .0 |  .0 |  .0 ||  .0 |  .0 |  .0 ||  .0 |  .0 |  .0 |
|========+========+========||========+========+========||========+========+========|
|  .0 |  .0 |  .0 ||  .0 |  .0 |  .0 ||  .0 |  .0 |  .0 |
|  .0 |  .0 |  .0 ||  .0 |  .0 |  .0 ||  .0 |  .0 |  .0 |
|  .0 |  .0 |  .0 ||  .0 |  .0 |  .0 ||  .0 |  .0 |  .0 |

, state=
|*-1. |*-1. |* 1. || -1. |  1. | -0. ||  1. | -0. | -0. |
|* 1. |*-1. |*-0. || -0. |  1. | -0. || -1. | -0. | -1. |
|*-1. |*-0. |* 1. ||  1. |  1. | -0. || -0. | -0. | -1. |
|=====+=====+=====||=====+=====+=====||=====+=====+=====|
|  1. | -0. | -1. ||  1. | -0. | -0. || -1. | -0. |  1. |
|  1. | -1. | -1. || -1. |  1. | -1. || -0. | -0. |  1. |
|  1. | -0. | -0. || -0. | -0. |  1. || -1. |  1. | -0. |
|=====+=====+=====||=====+=====+=====||=====+=====+=====|
|  1. | -1. | -0. || -0. | -0. | -0. || -1. | -1. | -0. |
|  1. | -1. |  1. || -0. | -0. | -0. || -1. | -0. | -0. |
| -0. | -0. |  1. || -1. | -1. | -1. || -1. |  1. |  1. |

, evalForThisState=1.0, isPlayerOneTurnOriginally=false}, StateDatum{MCTSProbabilites=
|  .0 |  .0 |  .0 ||  .0 |  .0 |  .0 ||  .0 |  .0 |  .0 |
|  .0 |  .0 |  .0 ||  .0 |  .0 |  .0 ||  .0 |  .0 |  .0 |
|  .0 |  .0 |  .0 ||  .0 |  .0 |  .0 ||  .0 |  .0 |  .0 |
|========+========+========||========+========+========||========+========+========|
|  .0 |  .0 |  .0 ||  .0 |  .0 |  .0 ||  .0 |  .0 |  .0 |
|  .0 |  .0 |  .0 ||  .0 |  .0 |  .0 ||  .9999 |  .0 |  .0 |
|  .0 |  .0 |  .0 ||  .0 |  .0 |  .0 ||  .0 |  .0 |  .0 |
|========+========+========||========+========+========||========+========+========|
|  .0 |  .0 |  .0 ||  .0 |  .0 |  .0 ||  .0 |  .0 |  .0 |
|  .0 |  .0 |  .0 ||  .0 |  .0 |  .0 ||  .0 |  .0 |  .0 |
|  .0 |  .0 |  .0 ||  .0 |  .0 |  .0 ||  .0 |  .0 |  .0 |

, state=
|  1. |  1. | -1. ||  1. | -1. |  0. || -1. |  0. |  0. |
| -1. |  1. | -1. ||  0. | -1. |  0. ||  1. |  0. |  1. |
|  1. |  0. | -1. || -1. | -1. |  0. ||  0. |  0. |  1. |
|=====+=====+=====||=====+=====+=====||=====+=====+=====|
| -1. |  0. |  1. || -1. |  0. |  0. ||* 1. |* 0. |*-1. |
| -1. |  1. |  1. ||  1. | -1. |  1. ||* 0. |* 0. |*-1. |
| -1. |  0. |  0. ||  0. |  0. | -1. ||* 1. |*-1. |* 0. |
|=====+=====+=====||=====+=====+=====||=====+=====+=====|
| -1. |  1. |  0. ||  0. |  0. |  0. ||  1. |  1. |  0. |
| -1. |  1. | -1. ||  0. |  0. |  0. ||  1. |  0. |  0. |
|  0. |  0. | -1. ||  1. |  1. |  1. ||  1. | -1. | -1. |

, evalForThisState=-1.0, isPlayerOneTurnOriginally=true}, StateDatum{MCTSProbabilites=
|  .0 |  .0 |  .0 ||  .0 |  .0 |  .0 ||  .0 |  .1263 |  .1199 |
|  .0 |  .0 |  .0 ||  .0 |  .0 |  .0 ||  .0 |  .1102 |  .0 |
|  .0 |  .0 |  .0 ||  .0 |  .0 |  .0 ||  .1289 |  .121 |  .0 |
|========+========+========||========+========+========||========+========+========|
|  .0 |  .0 |  .0 ||  .0 |  .0 |  .0 ||  .0 |  .0 |  .0 |
|  .0 |  .0 |  .0 ||  .0 |  .0 |  .0 ||  .0 |  .0 |  .0 |
|  .0 |  .0 |  .0 ||  .0 |  .0 |  .0 ||  .0 |  .0 |  .0 |
|========+========+========||========+========+========||========+========+========|
|  .0 |  .0 |  .1396 ||  .0 |  .0 |  .0 ||  .0 |  .0 |  .0 |
|  .0 |  .0 |  .0 ||  .0 |  .0 |  .0 ||  .0 |  .0 |  .0 |
|  .1396 |  .1144 |  .0 ||  .0 |  .0 |  .0 ||  .0 |  .0 |  .0 |

, state=
| -1. | -1. |  1. || -1. |  1. | -0. ||* 1. |*-0. |*-0. |
|  1. | -1. |  1. || -0. |  1. | -0. ||*-1. |*-0. |*-1. |
| -1. | -0. |  1. ||  1. |  1. | -0. ||*-0. |*-0. |*-1. |
|=====+=====+=====||=====+=====+=====||=====+=====+=====|
|  1. | -0. | -1. ||  1. | -0. | -0. || -1. | -0. |  1. |
|  1. | -1. | -1. || -1. |  1. | -1. || -1. | -0. |  1. |
|  1. | -0. | -0. || -0. | -0. |  1. || -1. |  1. | -0. |
|=====+=====+=====||=====+=====+=====||=====+=====+=====|
|* 1. |*-1. |*-0. || -0. | -0. | -0. || -1. | -1. | -0. |
|* 1. |*-1. |* 1. || -0. | -0. | -0. || -1. | -0. | -0. |
|*-0. |*-0. |* 1. || -1. | -1. | -1. || -1. |  1. |  1. |

, evalForThisState=1.0, isPlayerOneTurnOriginally=false}]
Value network data: 
===========INPUT===================
[[         0,         0,         0,  ...    1.0000,    1.0000,    1.0000], 
 [         0,         0,         0,  ...   -1.0000,   -1.0000,    1.0000], 
 [         0,         0,         0,  ...   -1.0000,   -1.0000,    1.0000], 
  ..., 
 [   -1.0000,   -1.0000,    1.0000,  ...   -1.0000,   -1.0000,   -1.0000], 
 [    1.0000,    1.0000,   -1.0000,  ...   -1.0000,   -1.0000,   -1.0000], 
 [   -1.0000,   -1.0000,    1.0000,  ...    1.0000,   -1.0000,   -1.0000]]
=================OUTPUT==================
[[-1.0000], 
 [1.0000], 
 [-1.0000], 
 [1.0000], 
 [-1.0000], 
 [1.0000], 
 [-1.0000], 
 [1.0000], 
 [-1.0000], 
 [1.0000], 
 [-1.0000], 
 [1.0000], 
 [-1.0000], 
 [1.0000], 
 [-1.0000], 
 [1.0000], 
 [-1.0000], 
 [1.0000], 
 [-1.0000], 
 [1.0000], 
 [-1.0000], 
 [1.0000], 
 [-1.0000], 
 [1.0000], 
 [-1.0000], 
 [1.0000], 
 [-1.0000], 
 [1.0000], 
 [-1.0000], 
 [1.0000], 
 [-1.0000], 
 [1.0000], 
 [-1.0000], 
 [1.0000], 
 [-1.0000], 
 [1.0000], 
 [-1.0000], 
 [1.0000], 
 [-1.0000], 
 [1.0000], 
 [-1.0000], 
 [1.0000], 
 [-1.0000], 
 [1.0000], 
 [-1.0000], 
 [1.0000], 
 [-1.0000], 
 [1.0000], 
 [-1.0000], 
 [1.0000]]
Policy network data: 
===========INPUT===================
[[         0,         0,         0,  ...    1.0000,    1.0000,    1.0000], 
 [         0,         0,         0,  ...   -1.0000,   -1.0000,    1.0000], 
 [         0,         0,         0,  ...   -1.0000,   -1.0000,    1.0000], 
  ..., 
 [   -1.0000,   -1.0000,    1.0000,  ...   -1.0000,   -1.0000,   -1.0000], 
 [    1.0000,    1.0000,   -1.0000,  ...   -1.0000,   -1.0000,   -1.0000], 
 [   -1.0000,   -1.0000,    1.0000,  ...    1.0000,   -1.0000,   -1.0000]]
=================OUTPUT==================
[[    0.0094,    0.0123,    0.0093,  ...    0.0089,    0.0129,    0.0108], 
 [         0,         0,         0,  ...    0.0749,    0.0490,    0.4948], 
 [         0,         0,         0,  ...    0.1962,    0.1423,         0], 
  ..., 
 [         0,         0,         0,  ...         0,         0,         0], 
 [         0,         0,         0,  ...         0,         0,         0], 
 [         0,         0,         0,  ...         0,         0,         0]]
W:\Labs\ME\ME187-Fall2024\StudentFiles\CALEBHOTTES\UTTTstuff\data\series1\policy$series1,gameNum160$1729881335565.bin
Took: 1506 s to simulate game
Finished simulating game, see log at: W:\Labs\ME\ME187-Fall2024\StudentFiles\CALEBHOTTES\UTTTstuff\data\logs\series1\game160$1729873385290.log for details.
