Saving data to: W:\Labs\ME\ME187-Fall2024\StudentFiles\CALEBHOTTES\UTTTstuff\data\series1
Begin custom message: 
DataSeries: series1 game number: 4 

Description: During Me Club 4+GHz Processior. 

Evaluator config=EvaluatorConfiguration{cValue=2.0, maxRolloutDepth=1000, computeTime=30, threads=1, stupidity=0, allowForcePlay=false, maxMyCPU=false}
End custom message
Inital State: 

|* 0. |* 0. |* 0. ||* 0. |* 0. |* 0. ||* 0. |* 0. |* 0. |
|* 0. |* 0. |* 0. ||* 0. |* 0. |* 0. ||* 0. |* 0. |* 0. |
|* 0. |* 0. |* 0. ||* 0. |* 0. |* 0. ||* 0. |* 0. |* 0. |
|=====+=====+=====||=====+=====+=====||=====+=====+=====|
|* 0. |* 0. |* 0. ||* 0. |* 0. |* 0. ||* 0. |* 0. |* 0. |
|* 0. |* 0. |* 0. ||* 0. |* 0. |* 0. ||* 0. |* 0. |* 0. |
|* 0. |* 0. |* 0. ||* 0. |* 0. |* 0. ||* 0. |* 0. |* 0. |
|=====+=====+=====||=====+=====+=====||=====+=====+=====|
|* 0. |* 0. |* 0. ||* 0. |* 0. |* 0. ||* 0. |* 0. |* 0. |
|* 0. |* 0. |* 0. ||* 0. |* 0. |* 0. ||* 0. |* 0. |* 0. |
|* 0. |* 0. |* 0. ||* 0. |* 0. |* 0. ||* 0. |* 0. |* 0. |


state to eval, currenty is playerone turn=true

|* 0. |* 0. |* 0. ||* 0. |* 0. |* 0. ||* 0. |* 0. |* 0. |
|* 0. |* 0. |* 0. ||* 0. |* 0. |* 0. ||* 0. |* 0. |* 0. |
|* 0. |* 0. |* 0. ||* 0. |* 0. |* 0. ||* 0. |* 0. |* 0. |
|=====+=====+=====||=====+=====+=====||=====+=====+=====|
|* 0. |* 0. |* 0. ||* 0. |* 0. |* 0. ||* 0. |* 0. |* 0. |
|* 0. |* 0. |* 0. ||* 0. |* 0. |* 0. ||* 0. |* 0. |* 0. |
|* 0. |* 0. |* 0. ||* 0. |* 0. |* 0. ||* 0. |* 0. |* 0. |
|=====+=====+=====||=====+=====+=====||=====+=====+=====|
|* 0. |* 0. |* 0. ||* 0. |* 0. |* 0. ||* 0. |* 0. |* 0. |
|* 0. |* 0. |* 0. ||* 0. |* 0. |* 0. ||* 0. |* 0. |* 0. |
|* 0. |* 0. |* 0. ||* 0. |* 0. |* 0. ||* 0. |* 0. |* 0. |


current State

|  0. |  0. |  0. ||  0. |  0. |  0. ||  0. |  0. |  0. |
|  0. |  0. |  0. ||  0. |  0. |  0. ||  0. |  0. |  0. |
|  0. |  0. |  0. ||  0. |  0. |  0. ||  0. |  0. |  0. |
|=====+=====+=====||=====+=====+=====||=====+=====+=====|
|* 0. |* 0. |* 0. ||  0. |  0. |  0. ||  0. |  0. |  0. |
|* 1. |* 0. |* 0. ||  0. |  0. |  0. ||  0. |  0. |  0. |
|* 0. |* 0. |* 0. ||  0. |  0. |  0. ||  0. |  0. |  0. |
|=====+=====+=====||=====+=====+=====||=====+=====+=====|
|  0. |  0. |  0. ||  0. |  0. |  0. ||  0. |  0. |  0. |
|  0. |  0. |  0. ||  0. |  0. |  0. ||  0. |  0. |  0. |
|  0. |  0. |  0. ||  0. |  0. |  0. ||  0. |  0. |  0. |


state to eval, currenty is playerone turn=false

| -0. | -0. | -0. || -0. | -0. | -0. || -0. | -0. | -0. |
| -0. | -0. | -0. || -0. | -0. | -0. || -0. | -0. | -0. |
| -0. | -0. | -0. || -0. | -0. | -0. || -0. | -0. | -0. |
|=====+=====+=====||=====+=====+=====||=====+=====+=====|
|*-0. |*-0. |*-0. || -0. | -0. | -0. || -0. | -0. | -0. |
|*-1. |*-0. |*-0. || -0. | -0. | -0. || -0. | -0. | -0. |
|*-0. |*-0. |*-0. || -0. | -0. | -0. || -0. | -0. | -0. |
|=====+=====+=====||=====+=====+=====||=====+=====+=====|
| -0. | -0. | -0. || -0. | -0. | -0. || -0. | -0. | -0. |
| -0. | -0. | -0. || -0. | -0. | -0. || -0. | -0. | -0. |
| -0. | -0. | -0. || -0. | -0. | -0. || -0. | -0. | -0. |


current State

|  0. |  0. |  0. ||  0. |  0. |  0. ||  0. |  0. |  0. |
|  0. |  0. |  0. ||  0. |  0. |  0. ||  0. |  0. |  0. |
|  0. |  0. |  0. ||  0. |  0. |  0. ||  0. |  0. |  0. |
|=====+=====+=====||=====+=====+=====||=====+=====+=====|
|  0. |  0. |  0. ||  0. |  0. |  0. ||* 0. |* 0. |* 0. |
|  1. |  0. | -1. ||  0. |  0. |  0. ||* 0. |* 0. |* 0. |
|  0. |  0. |  0. ||  0. |  0. |  0. ||* 0. |* 0. |* 0. |
|=====+=====+=====||=====+=====+=====||=====+=====+=====|
|  0. |  0. |  0. ||  0. |  0. |  0. ||  0. |  0. |  0. |
|  0. |  0. |  0. ||  0. |  0. |  0. ||  0. |  0. |  0. |
|  0. |  0. |  0. ||  0. |  0. |  0. ||  0. |  0. |  0. |


state to eval, currenty is playerone turn=true

|  0. |  0. |  0. ||  0. |  0. |  0. ||  0. |  0. |  0. |
|  0. |  0. |  0. ||  0. |  0. |  0. ||  0. |  0. |  0. |
|  0. |  0. |  0. ||  0. |  0. |  0. ||  0. |  0. |  0. |
|=====+=====+=====||=====+=====+=====||=====+=====+=====|
|  0. |  0. |  0. ||  0. |  0. |  0. ||* 0. |* 0. |* 0. |
|  1. |  0. | -1. ||  0. |  0. |  0. ||* 0. |* 0. |* 0. |
|  0. |  0. |  0. ||  0. |  0. |  0. ||* 0. |* 0. |* 0. |
|=====+=====+=====||=====+=====+=====||=====+=====+=====|
|  0. |  0. |  0. ||  0. |  0. |  0. ||  0. |  0. |  0. |
|  0. |  0. |  0. ||  0. |  0. |  0. ||  0. |  0. |  0. |
|  0. |  0. |  0. ||  0. |  0. |  0. ||  0. |  0. |  0. |


current State

|  0. |  0. |  0. ||  0. |  0. |  0. ||  0. |  0. |  0. |
|  0. |  0. |  0. ||  0. |  0. |  0. ||  0. |  0. |  0. |
|  0. |  0. |  0. ||  0. |  0. |  0. ||  0. |  0. |  0. |
|=====+=====+=====||=====+=====+=====||=====+=====+=====|
|  0. |  0. |  0. ||  0. |  0. |  0. ||  0. |  0. |  0. |
|  1. |  0. | -1. ||  0. |  0. |  0. ||  0. |  0. |  0. |
|  0. |  0. |  0. ||  0. |  0. |  0. ||  0. |  0. |  1. |
|=====+=====+=====||=====+=====+=====||=====+=====+=====|
|  0. |  0. |  0. ||  0. |  0. |  0. ||* 0. |* 0. |* 0. |
|  0. |  0. |  0. ||  0. |  0. |  0. ||* 0. |* 0. |* 0. |
|  0. |  0. |  0. ||  0. |  0. |  0. ||* 0. |* 0. |* 0. |


state to eval, currenty is playerone turn=false

| -0. | -0. | -0. || -0. | -0. | -0. || -0. | -0. | -0. |
| -0. | -0. | -0. || -0. | -0. | -0. || -0. | -0. | -0. |
| -0. | -0. | -0. || -0. | -0. | -0. || -0. | -0. | -0. |
|=====+=====+=====||=====+=====+=====||=====+=====+=====|
| -0. | -0. | -0. || -0. | -0. | -0. || -0. | -0. | -0. |
| -1. | -0. |  1. || -0. | -0. | -0. || -0. | -0. | -0. |
| -0. | -0. | -0. || -0. | -0. | -0. || -0. | -0. | -1. |
|=====+=====+=====||=====+=====+=====||=====+=====+=====|
| -0. | -0. | -0. || -0. | -0. | -0. ||*-0. |*-0. |*-0. |
| -0. | -0. | -0. || -0. | -0. | -0. ||*-0. |*-0. |*-0. |
| -0. | -0. | -0. || -0. | -0. | -0. ||*-0. |*-0. |*-0. |


current State

|  0. |  0. |  0. ||  0. |  0. |  0. ||  0. |  0. |  0. |
|  0. |  0. |  0. ||  0. |  0. |  0. ||  0. |  0. |  0. |
|  0. |  0. |  0. ||  0. |  0. |  0. ||  0. |  0. |  0. |
|=====+=====+=====||=====+=====+=====||=====+=====+=====|
|  0. |  0. |  0. ||* 0. |* 0. |* 0. ||  0. |  0. |  0. |
|  1. |  0. | -1. ||* 0. |* 0. |* 0. ||  0. |  0. |  0. |
|  0. |  0. |  0. ||* 0. |* 0. |* 0. ||  0. |  0. |  1. |
|=====+=====+=====||=====+=====+=====||=====+=====+=====|
|  0. |  0. |  0. ||  0. |  0. |  0. ||  0. |  0. |  0. |
|  0. |  0. |  0. ||  0. |  0. |  0. ||  0. | -1. |  0. |
|  0. |  0. |  0. ||  0. |  0. |  0. ||  0. |  0. |  0. |


state to eval, currenty is playerone turn=true

|  0. |  0. |  0. ||  0. |  0. |  0. ||  0. |  0. |  0. |
|  0. |  0. |  0. ||  0. |  0. |  0. ||  0. |  0. |  0. |
|  0. |  0. |  0. ||  0. |  0. |  0. ||  0. |  0. |  0. |
|=====+=====+=====||=====+=====+=====||=====+=====+=====|
|  0. |  0. |  0. ||* 0. |* 0. |* 0. ||  0. |  0. |  0. |
|  1. |  0. | -1. ||* 0. |* 0. |* 0. ||  0. |  0. |  0. |
|  0. |  0. |  0. ||* 0. |* 0. |* 0. ||  0. |  0. |  1. |
|=====+=====+=====||=====+=====+=====||=====+=====+=====|
|  0. |  0. |  0. ||  0. |  0. |  0. ||  0. |  0. |  0. |
|  0. |  0. |  0. ||  0. |  0. |  0. ||  0. | -1. |  0. |
|  0. |  0. |  0. ||  0. |  0. |  0. ||  0. |  0. |  0. |


current State

|  0. |  0. |  0. ||  0. |  0. |  0. ||* 0. |* 0. |* 0. |
|  0. |  0. |  0. ||  0. |  0. |  0. ||* 0. |* 0. |* 0. |
|  0. |  0. |  0. ||  0. |  0. |  0. ||* 0. |* 0. |* 0. |
|=====+=====+=====||=====+=====+=====||=====+=====+=====|
|  0. |  0. |  0. ||  0. |  0. |  1. ||  0. |  0. |  0. |
|  1. |  0. | -1. ||  0. |  0. |  0. ||  0. |  0. |  0. |
|  0. |  0. |  0. ||  0. |  0. |  0. ||  0. |  0. |  1. |
|=====+=====+=====||=====+=====+=====||=====+=====+=====|
|  0. |  0. |  0. ||  0. |  0. |  0. ||  0. |  0. |  0. |
|  0. |  0. |  0. ||  0. |  0. |  0. ||  0. | -1. |  0. |
|  0. |  0. |  0. ||  0. |  0. |  0. ||  0. |  0. |  0. |


state to eval, currenty is playerone turn=false

| -0. | -0. | -0. || -0. | -0. | -0. ||*-0. |*-0. |*-0. |
| -0. | -0. | -0. || -0. | -0. | -0. ||*-0. |*-0. |*-0. |
| -0. | -0. | -0. || -0. | -0. | -0. ||*-0. |*-0. |*-0. |
|=====+=====+=====||=====+=====+=====||=====+=====+=====|
| -0. | -0. | -0. || -0. | -0. | -1. || -0. | -0. | -0. |
| -1. | -0. |  1. || -0. | -0. | -0. || -0. | -0. | -0. |
| -0. | -0. | -0. || -0. | -0. | -0. || -0. | -0. | -1. |
|=====+=====+=====||=====+=====+=====||=====+=====+=====|
| -0. | -0. | -0. || -0. | -0. | -0. || -0. | -0. | -0. |
| -0. | -0. | -0. || -0. | -0. | -0. || -0. |  1. | -0. |
| -0. | -0. | -0. || -0. | -0. | -0. || -0. | -0. | -0. |


current State

|  0. |  0. |  0. ||  0. |  0. |  0. ||  0. |  0. |  0. |
|  0. |  0. |  0. ||  0. |  0. |  0. || -1. |  0. |  0. |
|  0. |  0. |  0. ||  0. |  0. |  0. ||  0. |  0. |  0. |
|=====+=====+=====||=====+=====+=====||=====+=====+=====|
|* 0. |* 0. |* 0. ||  0. |  0. |  1. ||  0. |  0. |  0. |
|* 1. |* 0. |*-1. ||  0. |  0. |  0. ||  0. |  0. |  0. |
|* 0. |* 0. |* 0. ||  0. |  0. |  0. ||  0. |  0. |  1. |
|=====+=====+=====||=====+=====+=====||=====+=====+=====|
|  0. |  0. |  0. ||  0. |  0. |  0. ||  0. |  0. |  0. |
|  0. |  0. |  0. ||  0. |  0. |  0. ||  0. | -1. |  0. |
|  0. |  0. |  0. ||  0. |  0. |  0. ||  0. |  0. |  0. |


state to eval, currenty is playerone turn=true

|  0. |  0. |  0. ||  0. |  0. |  0. ||  0. |  0. |  0. |
|  0. |  0. |  0. ||  0. |  0. |  0. || -1. |  0. |  0. |
|  0. |  0. |  0. ||  0. |  0. |  0. ||  0. |  0. |  0. |
|=====+=====+=====||=====+=====+=====||=====+=====+=====|
|* 0. |* 0. |* 0. ||  0. |  0. |  1. ||  0. |  0. |  0. |
|* 1. |* 0. |*-1. ||  0. |  0. |  0. ||  0. |  0. |  0. |
|* 0. |* 0. |* 0. ||  0. |  0. |  0. ||  0. |  0. |  1. |
|=====+=====+=====||=====+=====+=====||=====+=====+=====|
|  0. |  0. |  0. ||  0. |  0. |  0. ||  0. |  0. |  0. |
|  0. |  0. |  0. ||  0. |  0. |  0. ||  0. | -1. |  0. |
|  0. |  0. |  0. ||  0. |  0. |  0. ||  0. |  0. |  0. |


current State

|  0. |  0. |  0. ||  0. |  0. |  0. ||  0. |  0. |  0. |
|  0. |  0. |  0. ||  0. |  0. |  0. || -1. |  0. |  0. |
|  0. |  0. |  0. ||  0. |  0. |  0. ||  0. |  0. |  0. |
|=====+=====+=====||=====+=====+=====||=====+=====+=====|
|  0. |  0. |  0. ||* 0. |* 0. |* 1. ||  0. |  0. |  0. |
|  1. |  1. | -1. ||* 0. |* 0. |* 0. ||  0. |  0. |  0. |
|  0. |  0. |  0. ||* 0. |* 0. |* 0. ||  0. |  0. |  1. |
|=====+=====+=====||=====+=====+=====||=====+=====+=====|
|  0. |  0. |  0. ||  0. |  0. |  0. ||  0. |  0. |  0. |
|  0. |  0. |  0. ||  0. |  0. |  0. ||  0. | -1. |  0. |
|  0. |  0. |  0. ||  0. |  0. |  0. ||  0. |  0. |  0. |


state to eval, currenty is playerone turn=false

| -0. | -0. | -0. || -0. | -0. | -0. || -0. | -0. | -0. |
| -0. | -0. | -0. || -0. | -0. | -0. ||  1. | -0. | -0. |
| -0. | -0. | -0. || -0. | -0. | -0. || -0. | -0. | -0. |
|=====+=====+=====||=====+=====+=====||=====+=====+=====|
| -0. | -0. | -0. ||*-0. |*-0. |*-1. || -0. | -0. | -0. |
| -1. | -1. |  1. ||*-0. |*-0. |*-0. || -0. | -0. | -0. |
| -0. | -0. | -0. ||*-0. |*-0. |*-0. || -0. | -0. | -1. |
|=====+=====+=====||=====+=====+=====||=====+=====+=====|
| -0. | -0. | -0. || -0. | -0. | -0. || -0. | -0. | -0. |
| -0. | -0. | -0. || -0. | -0. | -0. || -0. |  1. | -0. |
| -0. | -0. | -0. || -0. | -0. | -0. || -0. | -0. | -0. |


current State

|  0. |  0. |  0. ||  0. |  0. |  0. ||  0. |  0. |  0. |
|  0. |  0. |  0. ||  0. |  0. |  0. || -1. |  0. |  0. |
|  0. |  0. |  0. ||  0. |  0. |  0. ||  0. |  0. |  0. |
|=====+=====+=====||=====+=====+=====||=====+=====+=====|
|  0. |  0. |  0. ||  0. |  0. |  1. ||  0. |  0. |  0. |
|  1. |  1. | -1. ||  0. |  0. |  0. ||  0. |  0. |  0. |
|  0. |  0. |  0. ||  0. |  0. | -1. ||  0. |  0. |  1. |
|=====+=====+=====||=====+=====+=====||=====+=====+=====|
|  0. |  0. |  0. ||  0. |  0. |  0. ||* 0. |* 0. |* 0. |
|  0. |  0. |  0. ||  0. |  0. |  0. ||* 0. |*-1. |* 0. |
|  0. |  0. |  0. ||  0. |  0. |  0. ||* 0. |* 0. |* 0. |


state to eval, currenty is playerone turn=true

|  0. |  0. |  0. ||  0. |  0. |  0. ||  0. |  0. |  0. |
|  0. |  0. |  0. ||  0. |  0. |  0. || -1. |  0. |  0. |
|  0. |  0. |  0. ||  0. |  0. |  0. ||  0. |  0. |  0. |
|=====+=====+=====||=====+=====+=====||=====+=====+=====|
|  0. |  0. |  0. ||  0. |  0. |  1. ||  0. |  0. |  0. |
|  1. |  1. | -1. ||  0. |  0. |  0. ||  0. |  0. |  0. |
|  0. |  0. |  0. ||  0. |  0. | -1. ||  0. |  0. |  1. |
|=====+=====+=====||=====+=====+=====||=====+=====+=====|
|  0. |  0. |  0. ||  0. |  0. |  0. ||* 0. |* 0. |* 0. |
|  0. |  0. |  0. ||  0. |  0. |  0. ||* 0. |*-1. |* 0. |
|  0. |  0. |  0. ||  0. |  0. |  0. ||* 0. |* 0. |* 0. |


current State

|  0. |  0. |  0. ||  0. |  0. |  0. ||  0. |  0. |  0. |
|  0. |  0. |  0. ||  0. |  0. |  0. || -1. |  0. |  0. |
|  0. |  0. |  0. ||  0. |  0. |  0. ||  0. |  0. |  0. |
|=====+=====+=====||=====+=====+=====||=====+=====+=====|
|  0. |  0. |  0. ||  0. |  0. |  1. ||  0. |  0. |  0. |
|  1. |  1. | -1. ||  0. |  0. |  0. ||  0. |  0. |  0. |
|  0. |  0. |  0. ||  0. |  0. | -1. ||  0. |  0. |  1. |
|=====+=====+=====||=====+=====+=====||=====+=====+=====|
|  0. |  0. |  0. ||* 0. |* 0. |* 0. ||  0. |  0. |  0. |
|  0. |  0. |  0. ||* 0. |* 0. |* 0. ||  0. | -1. |  0. |
|  0. |  0. |  0. ||* 0. |* 0. |* 0. ||  0. |  1. |  0. |


state to eval, currenty is playerone turn=false

| -0. | -0. | -0. || -0. | -0. | -0. || -0. | -0. | -0. |
| -0. | -0. | -0. || -0. | -0. | -0. ||  1. | -0. | -0. |
| -0. | -0. | -0. || -0. | -0. | -0. || -0. | -0. | -0. |
|=====+=====+=====||=====+=====+=====||=====+=====+=====|
| -0. | -0. | -0. || -0. | -0. | -1. || -0. | -0. | -0. |
| -1. | -1. |  1. || -0. | -0. | -0. || -0. | -0. | -0. |
| -0. | -0. | -0. || -0. | -0. |  1. || -0. | -0. | -1. |
|=====+=====+=====||=====+=====+=====||=====+=====+=====|
| -0. | -0. | -0. ||*-0. |*-0. |*-0. || -0. | -0. | -0. |
| -0. | -0. | -0. ||*-0. |*-0. |*-0. || -0. |  1. | -0. |
| -0. | -0. | -0. ||*-0. |*-0. |*-0. || -0. | -1. | -0. |


Determined best move using: 79167Iterations
current State

|* 0. |* 0. |* 0. ||  0. |  0. |  0. ||  0. |  0. |  0. |
|* 0. |* 0. |* 0. ||  0. |  0. |  0. || -1. |  0. |  0. |
|* 0. |* 0. |* 0. ||  0. |  0. |  0. ||  0. |  0. |  0. |
|=====+=====+=====||=====+=====+=====||=====+=====+=====|
|  0. |  0. |  0. ||  0. |  0. |  1. ||  0. |  0. |  0. |
|  1. |  1. | -1. ||  0. |  0. |  0. ||  0. |  0. |  0. |
|  0. |  0. |  0. ||  0. |  0. | -1. ||  0. |  0. |  1. |
|=====+=====+=====||=====+=====+=====||=====+=====+=====|
|  0. |  0. |  0. || -1. |  0. |  0. ||  0. |  0. |  0. |
|  0. |  0. |  0. ||  0. |  0. |  0. ||  0. | -1. |  0. |
|  0. |  0. |  0. ||  0. |  0. |  0. ||  0. |  1. |  0. |


state to eval, currenty is playerone turn=true

|* 0. |* 0. |* 0. ||  0. |  0. |  0. ||  0. |  0. |  0. |
|* 0. |* 0. |* 0. ||  0. |  0. |  0. || -1. |  0. |  0. |
|* 0. |* 0. |* 0. ||  0. |  0. |  0. ||  0. |  0. |  0. |
|=====+=====+=====||=====+=====+=====||=====+=====+=====|
|  0. |  0. |  0. ||  0. |  0. |  1. ||  0. |  0. |  0. |
|  1. |  1. | -1. ||  0. |  0. |  0. ||  0. |  0. |  0. |
|  0. |  0. |  0. ||  0. |  0. | -1. ||  0. |  0. |  1. |
|=====+=====+=====||=====+=====+=====||=====+=====+=====|
|  0. |  0. |  0. || -1. |  0. |  0. ||  0. |  0. |  0. |
|  0. |  0. |  0. ||  0. |  0. |  0. ||  0. | -1. |  0. |
|  0. |  0. |  0. ||  0. |  0. |  0. ||  0. |  1. |  0. |


Determined best move using: 76023Iterations
current State

|  0. |  0. |  0. ||  0. |  0. |  0. ||  0. |  0. |  0. |
|  0. |  0. |  0. ||  0. |  0. |  0. || -1. |  0. |  0. |
|  1. |  0. |  0. ||  0. |  0. |  0. ||  0. |  0. |  0. |
|=====+=====+=====||=====+=====+=====||=====+=====+=====|
|  0. |  0. |  0. ||  0. |  0. |  1. ||  0. |  0. |  0. |
|  1. |  1. | -1. ||  0. |  0. |  0. ||  0. |  0. |  0. |
|  0. |  0. |  0. ||  0. |  0. | -1. ||  0. |  0. |  1. |
|=====+=====+=====||=====+=====+=====||=====+=====+=====|
|* 0. |* 0. |* 0. || -1. |  0. |  0. ||  0. |  0. |  0. |
|* 0. |* 0. |* 0. ||  0. |  0. |  0. ||  0. | -1. |  0. |
|* 0. |* 0. |* 0. ||  0. |  0. |  0. ||  0. |  1. |  0. |


state to eval, currenty is playerone turn=false

| -0. | -0. | -0. || -0. | -0. | -0. || -0. | -0. | -0. |
| -0. | -0. | -0. || -0. | -0. | -0. ||  1. | -0. | -0. |
| -1. | -0. | -0. || -0. | -0. | -0. || -0. | -0. | -0. |
|=====+=====+=====||=====+=====+=====||=====+=====+=====|
| -0. | -0. | -0. || -0. | -0. | -1. || -0. | -0. | -0. |
| -1. | -1. |  1. || -0. | -0. | -0. || -0. | -0. | -0. |
| -0. | -0. | -0. || -0. | -0. |  1. || -0. | -0. | -1. |
|=====+=====+=====||=====+=====+=====||=====+=====+=====|
|*-0. |*-0. |*-0. ||  1. | -0. | -0. || -0. | -0. | -0. |
|*-0. |*-0. |*-0. || -0. | -0. | -0. || -0. |  1. | -0. |
|*-0. |*-0. |*-0. || -0. | -0. | -0. || -0. | -1. | -0. |


Determined best move using: 78924Iterations
current State

|  0. |  0. |  0. ||  0. |  0. |  0. ||  0. |  0. |  0. |
|  0. |  0. |  0. ||  0. |  0. |  0. || -1. |  0. |  0. |
|  1. |  0. |  0. ||  0. |  0. |  0. ||  0. |  0. |  0. |
|=====+=====+=====||=====+=====+=====||=====+=====+=====|
|* 0. |* 0. |* 0. ||  0. |  0. |  1. ||  0. |  0. |  0. |
|* 1. |* 1. |*-1. ||  0. |  0. |  0. ||  0. |  0. |  0. |
|* 0. |* 0. |* 0. ||  0. |  0. | -1. ||  0. |  0. |  1. |
|=====+=====+=====||=====+=====+=====||=====+=====+=====|
|  0. |  0. |  0. || -1. |  0. |  0. ||  0. |  0. |  0. |
| -1. |  0. |  0. ||  0. |  0. |  0. ||  0. | -1. |  0. |
|  0. |  0. |  0. ||  0. |  0. |  0. ||  0. |  1. |  0. |


state to eval, currenty is playerone turn=true

|  0. |  0. |  0. ||  0. |  0. |  0. ||  0. |  0. |  0. |
|  0. |  0. |  0. ||  0. |  0. |  0. || -1. |  0. |  0. |
|  1. |  0. |  0. ||  0. |  0. |  0. ||  0. |  0. |  0. |
|=====+=====+=====||=====+=====+=====||=====+=====+=====|
|* 0. |* 0. |* 0. ||  0. |  0. |  1. ||  0. |  0. |  0. |
|* 1. |* 1. |*-1. ||  0. |  0. |  0. ||  0. |  0. |  0. |
|* 0. |* 0. |* 0. ||  0. |  0. | -1. ||  0. |  0. |  1. |
|=====+=====+=====||=====+=====+=====||=====+=====+=====|
|  0. |  0. |  0. || -1. |  0. |  0. ||  0. |  0. |  0. |
| -1. |  0. |  0. ||  0. |  0. |  0. ||  0. | -1. |  0. |
|  0. |  0. |  0. ||  0. |  0. |  0. ||  0. |  1. |  0. |


Determined best move using: 80318Iterations
Determined best move using: 78059Iterations
Determined best move using: 68556Iterations
current State

|  0. |  0. |  0. ||  0. |  0. |  0. ||  0. |  0. |  0. |
|  0. |  0. |  0. ||  0. |  0. |  0. || -1. |  0. |  0. |
|  1. |  0. |  0. ||  0. |  0. |  0. ||  0. |  0. |  0. |
|=====+=====+=====||=====+=====+=====||=====+=====+=====|
|  0. |  0. |  0. ||  0. |  0. |  1. ||  0. |  0. |  0. |
|  1. |  1. | -1. ||  0. |  0. |  0. ||  0. |  0. |  0. |
|  0. |  1. |  0. ||  0. |  0. | -1. ||  0. |  0. |  1. |
|=====+=====+=====||=====+=====+=====||=====+=====+=====|
|  0. |  0. |  0. ||*-1. |* 0. |* 0. ||  0. |  0. |  0. |
| -1. |  0. |  0. ||* 0. |* 0. |* 0. ||  0. | -1. |  0. |
|  0. |  0. |  0. ||* 0. |* 0. |* 0. ||  0. |  1. |  0. |


state to eval, currenty is playerone turn=false

| -0. | -0. | -0. || -0. | -0. | -0. || -0. | -0. | -0. |
| -0. | -0. | -0. || -0. | -0. | -0. ||  1. | -0. | -0. |
| -1. | -0. | -0. || -0. | -0. | -0. || -0. | -0. | -0. |
|=====+=====+=====||=====+=====+=====||=====+=====+=====|
| -0. | -0. | -0. || -0. | -0. | -1. || -0. | -0. | -0. |
| -1. | -1. |  1. || -0. | -0. | -0. || -0. | -0. | -0. |
| -0. | -1. | -0. || -0. | -0. |  1. || -0. | -0. | -1. |
|=====+=====+=====||=====+=====+=====||=====+=====+=====|
| -0. | -0. | -0. ||* 1. |*-0. |*-0. || -0. | -0. | -0. |
|  1. | -0. | -0. ||*-0. |*-0. |*-0. || -0. |  1. | -0. |
| -0. | -0. | -0. ||*-0. |*-0. |*-0. || -0. | -1. | -0. |


current State

|  0. |  0. |  0. ||  0. |  0. |  0. ||  0. |  0. |  0. |
|  0. |  0. |  0. ||  0. |  0. |  0. || -1. |  0. |  0. |
|  1. |  0. |  0. ||  0. |  0. |  0. ||  0. |  0. |  0. |
|=====+=====+=====||=====+=====+=====||=====+=====+=====|
|  0. |  0. |  0. ||* 0. |* 0. |* 1. ||  0. |  0. |  0. |
|  1. |  1. | -1. ||* 0. |* 0. |* 0. ||  0. |  0. |  0. |
|  0. |  1. |  0. ||* 0. |* 0. |*-1. ||  0. |  0. |  1. |
|=====+=====+=====||=====+=====+=====||=====+=====+=====|
|  0. |  0. |  0. || -1. |  0. |  0. ||  0. |  0. |  0. |
| -1. |  0. |  0. ||  0. | -1. |  0. ||  0. | -1. |  0. |
|  0. |  0. |  0. ||  0. |  0. |  0. ||  0. |  1. |  0. |


state to eval, currenty is playerone turn=true

|  0. |  0. |  0. ||  0. |  0. |  0. ||  0. |  0. |  0. |
|  0. |  0. |  0. ||  0. |  0. |  0. || -1. |  0. |  0. |
|  1. |  0. |  0. ||  0. |  0. |  0. ||  0. |  0. |  0. |
|=====+=====+=====||=====+=====+=====||=====+=====+=====|
|  0. |  0. |  0. ||* 0. |* 0. |* 1. ||  0. |  0. |  0. |
|  1. |  1. | -1. ||* 0. |* 0. |* 0. ||  0. |  0. |  0. |
|  0. |  1. |  0. ||* 0. |* 0. |*-1. ||  0. |  0. |  1. |
|=====+=====+=====||=====+=====+=====||=====+=====+=====|
|  0. |  0. |  0. || -1. |  0. |  0. ||  0. |  0. |  0. |
| -1. |  0. |  0. ||  0. | -1. |  0. ||  0. | -1. |  0. |
|  0. |  0. |  0. ||  0. |  0. |  0. ||  0. |  1. |  0. |


Determined best move using: 82907Iterations
Determined best move using: 70947Iterations
current State

|  0. |  0. |  0. ||  0. |  0. |  0. ||  0. |  0. |  0. |
|  0. |  0. |  0. ||  0. |  0. |  0. || -1. |  0. |  0. |
|  1. |  0. |  0. ||  0. |  0. |  0. ||  0. |  0. |  0. |
|=====+=====+=====||=====+=====+=====||=====+=====+=====|
|  0. |  0. |  0. ||  0. |  0. |  1. ||* 0. |* 0. |* 0. |
|  1. |  1. | -1. ||  0. |  0. |  1. ||* 0. |* 0. |* 0. |
|  0. |  1. |  0. ||  0. |  0. | -1. ||* 0. |* 0. |* 1. |
|=====+=====+=====||=====+=====+=====||=====+=====+=====|
|  0. |  0. |  0. || -1. |  0. |  0. ||  0. |  0. |  0. |
| -1. |  0. |  0. ||  0. | -1. |  0. ||  0. | -1. |  0. |
|  0. |  0. |  0. ||  0. |  0. |  0. ||  0. |  1. |  0. |


state to eval, currenty is playerone turn=false

| -0. | -0. | -0. || -0. | -0. | -0. || -0. | -0. | -0. |
| -0. | -0. | -0. || -0. | -0. | -0. ||  1. | -0. | -0. |
| -1. | -0. | -0. || -0. | -0. | -0. || -0. | -0. | -0. |
|=====+=====+=====||=====+=====+=====||=====+=====+=====|
| -0. | -0. | -0. || -0. | -0. | -1. ||*-0. |*-0. |*-0. |
| -1. | -1. |  1. || -0. | -0. | -1. ||*-0. |*-0. |*-0. |
| -0. | -1. | -0. || -0. | -0. |  1. ||*-0. |*-0. |*-1. |
|=====+=====+=====||=====+=====+=====||=====+=====+=====|
| -0. | -0. | -0. ||  1. | -0. | -0. || -0. | -0. | -0. |
|  1. | -0. | -0. || -0. |  1. | -0. || -0. |  1. | -0. |
| -0. | -0. | -0. || -0. | -0. | -0. || -0. | -1. | -0. |


Determined best move using: 99436Iterations
Determined best move using: 82034Iterations
current State

|  0. |  0. |  0. ||  0. |  0. |  0. ||  0. |  0. |  0. |
|  0. |  0. |  0. ||  0. |  0. |  0. || -1. |  0. |  0. |
|  1. |  0. |  0. ||  0. |  0. |  0. ||  0. |  0. |  0. |
|=====+=====+=====||=====+=====+=====||=====+=====+=====|
|  0. |  0. |  0. ||* 0. |* 0. |* 1. ||  0. |  0. |  0. |
|  1. |  1. | -1. ||* 0. |* 0. |* 1. ||  0. | -1. |  0. |
|  0. |  1. |  0. ||* 0. |* 0. |*-1. ||  0. |  0. |  1. |
|=====+=====+=====||=====+=====+=====||=====+=====+=====|
|  0. |  0. |  0. || -1. |  0. |  0. ||  0. |  0. |  0. |
| -1. |  0. |  0. ||  0. | -1. |  0. ||  0. | -1. |  0. |
|  0. |  0. |  0. ||  0. |  0. |  0. ||  0. |  1. |  0. |


state to eval, currenty is playerone turn=true

|  0. |  0. |  0. ||  0. |  0. |  0. ||  0. |  0. |  0. |
|  0. |  0. |  0. ||  0. |  0. |  0. || -1. |  0. |  0. |
|  1. |  0. |  0. ||  0. |  0. |  0. ||  0. |  0. |  0. |
|=====+=====+=====||=====+=====+=====||=====+=====+=====|
|  0. |  0. |  0. ||* 0. |* 0. |* 1. ||  0. |  0. |  0. |
|  1. |  1. | -1. ||* 0. |* 0. |* 1. ||  0. | -1. |  0. |
|  0. |  1. |  0. ||* 0. |* 0. |*-1. ||  0. |  0. |  1. |
|=====+=====+=====||=====+=====+=====||=====+=====+=====|
|  0. |  0. |  0. || -1. |  0. |  0. ||  0. |  0. |  0. |
| -1. |  0. |  0. ||  0. | -1. |  0. ||  0. | -1. |  0. |
|  0. |  0. |  0. ||  0. |  0. |  0. ||  0. |  1. |  0. |


Determined best move using: 88617Iterations
Determined best move using: 101673Iterations
current State

|  0. |  0. |  0. ||* 0. |* 0. |* 0. ||  0. |  0. |  0. |
|  0. |  0. |  0. ||* 0. |* 0. |* 0. || -1. |  0. |  0. |
|  1. |  0. |  0. ||* 0. |* 0. |* 0. ||  0. |  0. |  0. |
|=====+=====+=====||=====+=====+=====||=====+=====+=====|
|  0. |  0. |  0. ||  0. |  1. |  1. ||  0. |  0. |  0. |
|  1. |  1. | -1. ||  0. |  0. |  1. ||  0. | -1. |  0. |
|  0. |  1. |  0. ||  0. |  0. | -1. ||  0. |  0. |  1. |
|=====+=====+=====||=====+=====+=====||=====+=====+=====|
|  0. |  0. |  0. || -1. |  0. |  0. ||  0. |  0. |  0. |
| -1. |  0. |  0. ||  0. | -1. |  0. ||  0. | -1. |  0. |
|  0. |  0. |  0. ||  0. |  0. |  0. ||  0. |  1. |  0. |


state to eval, currenty is playerone turn=false

| -0. | -0. | -0. ||*-0. |*-0. |*-0. || -0. | -0. | -0. |
| -0. | -0. | -0. ||*-0. |*-0. |*-0. ||  1. | -0. | -0. |
| -1. | -0. | -0. ||*-0. |*-0. |*-0. || -0. | -0. | -0. |
|=====+=====+=====||=====+=====+=====||=====+=====+=====|
| -0. | -0. | -0. || -0. | -1. | -1. || -0. | -0. | -0. |
| -1. | -1. |  1. || -0. | -0. | -1. || -0. |  1. | -0. |
| -0. | -1. | -0. || -0. | -0. |  1. || -0. | -0. | -1. |
|=====+=====+=====||=====+=====+=====||=====+=====+=====|
| -0. | -0. | -0. ||  1. | -0. | -0. || -0. | -0. | -0. |
|  1. | -0. | -0. || -0. |  1. | -0. || -0. |  1. | -0. |
| -0. | -0. | -0. || -0. | -0. | -0. || -0. | -1. | -0. |


Determined best move using: 100485Iterations
Determined best move using: 87879Iterations
Determined best move using: 78119Iterations
current State

|  0. |  0. |  0. ||* 0. |*-1. |* 0. ||  0. |  0. |  0. |
|  0. |  0. |  0. ||* 0. |* 0. |* 0. || -1. |  0. |  0. |
|  1. |  0. |  0. ||* 0. |* 0. |* 0. ||  0. |  0. |  0. |
|=====+=====+=====||=====+=====+=====||=====+=====+=====|
|  0. |  0. |  0. ||  0. |  1. |  1. ||  0. |  0. |  0. |
|  1. |  1. | -1. ||  0. |  0. |  1. ||  0. | -1. |  0. |
|  0. |  1. |  0. ||  0. |  0. | -1. ||  0. |  0. |  1. |
|=====+=====+=====||=====+=====+=====||=====+=====+=====|
|  0. |  0. |  0. || -1. |  0. |  0. ||  0. |  0. |  0. |
| -1. |  0. |  0. ||  0. | -1. |  0. ||  0. | -1. |  0. |
|  0. |  0. |  0. ||  0. |  0. |  0. ||  0. |  1. |  0. |


state to eval, currenty is playerone turn=true

|  0. |  0. |  0. ||* 0. |*-1. |* 0. ||  0. |  0. |  0. |
|  0. |  0. |  0. ||* 0. |* 0. |* 0. || -1. |  0. |  0. |
|  1. |  0. |  0. ||* 0. |* 0. |* 0. ||  0. |  0. |  0. |
|=====+=====+=====||=====+=====+=====||=====+=====+=====|
|  0. |  0. |  0. ||  0. |  1. |  1. ||  0. |  0. |  0. |
|  1. |  1. | -1. ||  0. |  0. |  1. ||  0. | -1. |  0. |
|  0. |  1. |  0. ||  0. |  0. | -1. ||  0. |  0. |  1. |
|=====+=====+=====||=====+=====+=====||=====+=====+=====|
|  0. |  0. |  0. || -1. |  0. |  0. ||  0. |  0. |  0. |
| -1. |  0. |  0. ||  0. | -1. |  0. ||  0. | -1. |  0. |
|  0. |  0. |  0. ||  0. |  0. |  0. ||  0. |  1. |  0. |


Determined best move using: 77102Iterations
Determined best move using: 105652Iterations
Determined best move using: 91082Iterations
current State

|  0. |  0. |  0. ||  0. | -1. |  0. ||  0. |  0. |  0. |
|  0. |  0. |  0. ||  0. |  0. |  0. || -1. |  0. |  0. |
|  1. |  0. |  0. ||  0. |  0. |  1. ||  0. |  0. |  0. |
|=====+=====+=====||=====+=====+=====||=====+=====+=====|
|  0. |  0. |  0. ||  0. |  1. |  1. ||  0. |  0. |  0. |
|  1. |  1. | -1. ||  0. |  0. |  1. ||  0. | -1. |  0. |
|  0. |  1. |  0. ||  0. |  0. | -1. ||  0. |  0. |  1. |
|=====+=====+=====||=====+=====+=====||=====+=====+=====|
|  0. |  0. |  0. || -1. |  0. |  0. ||* 0. |* 0. |* 0. |
| -1. |  0. |  0. ||  0. | -1. |  0. ||* 0. |*-1. |* 0. |
|  0. |  0. |  0. ||  0. |  0. |  0. ||* 0. |* 1. |* 0. |


state to eval, currenty is playerone turn=false

| -0. | -0. | -0. || -0. |  1. | -0. || -0. | -0. | -0. |
| -0. | -0. | -0. || -0. | -0. | -0. ||  1. | -0. | -0. |
| -1. | -0. | -0. || -0. | -0. | -1. || -0. | -0. | -0. |
|=====+=====+=====||=====+=====+=====||=====+=====+=====|
| -0. | -0. | -0. || -0. | -1. | -1. || -0. | -0. | -0. |
| -1. | -1. |  1. || -0. | -0. | -1. || -0. |  1. | -0. |
| -0. | -1. | -0. || -0. | -0. |  1. || -0. | -0. | -1. |
|=====+=====+=====||=====+=====+=====||=====+=====+=====|
| -0. | -0. | -0. ||  1. | -0. | -0. ||*-0. |*-0. |*-0. |
|  1. | -0. | -0. || -0. |  1. | -0. ||*-0. |* 1. |*-0. |
| -0. | -0. | -0. || -0. | -0. | -0. ||*-0. |*-1. |*-0. |


Determined best move using: 81696Iterations
Determined best move using: 88356Iterations
current State

|  0. |  0. |  0. ||  0. | -1. |  0. ||  0. |  0. |  0. |
|  0. |  0. |  0. ||  0. |  0. |  0. || -1. |  0. |  0. |
|  1. |  0. |  0. ||  0. |  0. |  1. ||  0. |  0. |  0. |
|=====+=====+=====||=====+=====+=====||=====+=====+=====|
|  0. |  0. |  0. ||  0. |  1. |  1. ||  0. |  0. |  0. |
|  1. |  1. | -1. ||  0. |  0. |  1. ||  0. | -1. |  0. |
|  0. |  1. |  0. ||  0. |  0. | -1. ||  0. |  0. |  1. |
|=====+=====+=====||=====+=====+=====||=====+=====+=====|
|* 0. |* 0. |* 0. || -1. |  0. |  0. ||  0. |  0. |  0. |
|*-1. |* 0. |* 0. ||  0. | -1. |  0. ||  0. | -1. |  0. |
|* 0. |* 0. |* 0. ||  0. |  0. |  0. || -1. |  1. |  0. |


state to eval, currenty is playerone turn=true

|  0. |  0. |  0. ||  0. | -1. |  0. ||  0. |  0. |  0. |
|  0. |  0. |  0. ||  0. |  0. |  0. || -1. |  0. |  0. |
|  1. |  0. |  0. ||  0. |  0. |  1. ||  0. |  0. |  0. |
|=====+=====+=====||=====+=====+=====||=====+=====+=====|
|  0. |  0. |  0. ||  0. |  1. |  1. ||  0. |  0. |  0. |
|  1. |  1. | -1. ||  0. |  0. |  1. ||  0. | -1. |  0. |
|  0. |  1. |  0. ||  0. |  0. | -1. ||  0. |  0. |  1. |
|=====+=====+=====||=====+=====+=====||=====+=====+=====|
|* 0. |* 0. |* 0. || -1. |  0. |  0. ||  0. |  0. |  0. |
|*-1. |* 0. |* 0. ||  0. | -1. |  0. ||  0. | -1. |  0. |
|* 0. |* 0. |* 0. ||  0. |  0. |  0. || -1. |  1. |  0. |


Determined best move using: 91639Iterations
current State

|  0. |  0. |  0. ||  0. | -1. |  0. ||  0. |  0. |  0. |
|  0. |  0. |  0. ||  0. |  0. |  0. || -1. |  0. |  0. |
|  1. |  0. |  0. ||  0. |  0. |  1. ||  0. |  0. |  0. |
|=====+=====+=====||=====+=====+=====||=====+=====+=====|
|  0. |  0. |  0. ||  0. |  1. |  1. ||* 0. |* 0. |* 0. |
|  1. |  1. | -1. ||  0. |  0. |  1. ||* 0. |*-1. |* 0. |
|  0. |  1. |  0. ||  0. |  0. | -1. ||* 0. |* 0. |* 1. |
|=====+=====+=====||=====+=====+=====||=====+=====+=====|
|  0. |  0. |  0. || -1. |  0. |  0. ||  0. |  0. |  0. |
| -1. |  0. |  1. ||  0. | -1. |  0. ||  0. | -1. |  0. |
|  0. |  0. |  0. ||  0. |  0. |  0. || -1. |  1. |  0. |


state to eval, currenty is playerone turn=false

| -0. | -0. | -0. || -0. |  1. | -0. || -0. | -0. | -0. |
| -0. | -0. | -0. || -0. | -0. | -0. ||  1. | -0. | -0. |
| -1. | -0. | -0. || -0. | -0. | -1. || -0. | -0. | -0. |
|=====+=====+=====||=====+=====+=====||=====+=====+=====|
| -0. | -0. | -0. || -0. | -1. | -1. ||*-0. |*-0. |*-0. |
| -1. | -1. |  1. || -0. | -0. | -1. ||*-0. |* 1. |*-0. |
| -0. | -1. | -0. || -0. | -0. |  1. ||*-0. |*-0. |*-1. |
|=====+=====+=====||=====+=====+=====||=====+=====+=====|
| -0. | -0. | -0. ||  1. | -0. | -0. || -0. | -0. | -0. |
|  1. | -0. | -1. || -0. |  1. | -0. || -0. |  1. | -0. |
| -0. | -0. | -0. || -0. | -0. | -0. ||  1. | -1. | -0. |


current State

|  0. |  0. |  0. ||  0. | -1. |  0. ||  0. |  0. |  0. |
|  0. |  0. |  0. ||  0. |  0. |  0. || -1. |  0. |  0. |
|  1. |  0. |  0. ||  0. |  0. |  1. ||  0. |  0. |  0. |
|=====+=====+=====||=====+=====+=====||=====+=====+=====|
|* 0. |* 0. |* 0. ||  0. |  1. |  1. ||  0. |  0. |  0. |
|* 1. |* 1. |*-1. ||  0. |  0. |  1. || -1. | -1. |  0. |
|* 0. |* 1. |* 0. ||  0. |  0. | -1. ||  0. |  0. |  1. |
|=====+=====+=====||=====+=====+=====||=====+=====+=====|
|  0. |  0. |  0. || -1. |  0. |  0. ||  0. |  0. |  0. |
| -1. |  0. |  1. ||  0. | -1. |  0. ||  0. | -1. |  0. |
|  0. |  0. |  0. ||  0. |  0. |  0. || -1. |  1. |  0. |


state to eval, currenty is playerone turn=true

|  0. |  0. |  0. ||  0. | -1. |  0. ||  0. |  0. |  0. |
|  0. |  0. |  0. ||  0. |  0. |  0. || -1. |  0. |  0. |
|  1. |  0. |  0. ||  0. |  0. |  1. ||  0. |  0. |  0. |
|=====+=====+=====||=====+=====+=====||=====+=====+=====|
|* 0. |* 0. |* 0. ||  0. |  1. |  1. ||  0. |  0. |  0. |
|* 1. |* 1. |*-1. ||  0. |  0. |  1. || -1. | -1. |  0. |
|* 0. |* 1. |* 0. ||  0. |  0. | -1. ||  0. |  0. |  1. |
|=====+=====+=====||=====+=====+=====||=====+=====+=====|
|  0. |  0. |  0. || -1. |  0. |  0. ||  0. |  0. |  0. |
| -1. |  0. |  1. ||  0. | -1. |  0. ||  0. | -1. |  0. |
|  0. |  0. |  0. ||  0. |  0. |  0. || -1. |  1. |  0. |


current State

|  0. |  0. |  0. ||* 0. |*-1. |* 0. ||  0. |  0. |  0. |
|  0. |  0. |  0. ||* 0. |* 0. |* 0. || -1. |  0. |  0. |
|  1. |  0. |  0. ||* 0. |* 0. |* 1. ||  0. |  0. |  0. |
|=====+=====+=====||=====+=====+=====||=====+=====+=====|
|  0. |  1. |  0. ||  0. |  1. |  1. ||  0. |  0. |  0. |
|  1. |  1. | -1. ||  0. |  0. |  1. || -1. | -1. |  0. |
|  0. |  1. |  0. ||  0. |  0. | -1. ||  0. |  0. |  1. |
|=====+=====+=====||=====+=====+=====||=====+=====+=====|
|  0. |  0. |  0. || -1. |  0. |  0. ||  0. |  0. |  0. |
| -1. |  0. |  1. ||  0. | -1. |  0. ||  0. | -1. |  0. |
|  0. |  0. |  0. ||  0. |  0. |  0. || -1. |  1. |  0. |


state to eval, currenty is playerone turn=false

| -0. | -0. | -0. ||*-0. |* 1. |*-0. || -0. | -0. | -0. |
| -0. | -0. | -0. ||*-0. |*-0. |*-0. ||  1. | -0. | -0. |
| -1. | -0. | -0. ||*-0. |*-0. |*-1. || -0. | -0. | -0. |
|=====+=====+=====||=====+=====+=====||=====+=====+=====|
| -0. | -1. | -0. || -0. | -1. | -1. || -0. | -0. | -0. |
| -1. | -1. |  1. || -0. | -0. | -1. ||  1. |  1. | -0. |
| -0. | -1. | -0. || -0. | -0. |  1. || -0. | -0. | -1. |
|=====+=====+=====||=====+=====+=====||=====+=====+=====|
| -0. | -0. | -0. ||  1. | -0. | -0. || -0. | -0. | -0. |
|  1. | -0. | -1. || -0. |  1. | -0. || -0. |  1. | -0. |
| -0. | -0. | -0. || -0. | -0. | -0. ||  1. | -1. | -0. |


current State

|  0. |  0. |  0. ||  0. | -1. |  0. ||  0. |  0. |  0. |
|  0. |  0. |  0. ||  0. |  0. | -1. || -1. |  0. |  0. |
|  1. |  0. |  0. ||  0. |  0. |  1. ||  0. |  0. |  0. |
|=====+=====+=====||=====+=====+=====||=====+=====+=====|
|  0. |  1. |  0. ||  0. |  1. |  1. ||* 0. |* 0. |* 0. |
|  1. |  1. | -1. ||  0. |  0. |  1. ||*-1. |*-1. |* 0. |
|  0. |  1. |  0. ||  0. |  0. | -1. ||* 0. |* 0. |* 1. |
|=====+=====+=====||=====+=====+=====||=====+=====+=====|
|  0. |  0. |  0. || -1. |  0. |  0. ||  0. |  0. |  0. |
| -1. |  0. |  1. ||  0. | -1. |  0. ||  0. | -1. |  0. |
|  0. |  0. |  0. ||  0. |  0. |  0. || -1. |  1. |  0. |


state to eval, currenty is playerone turn=true

|  0. |  0. |  0. ||  0. | -1. |  0. ||  0. |  0. |  0. |
|  0. |  0. |  0. ||  0. |  0. | -1. || -1. |  0. |  0. |
|  1. |  0. |  0. ||  0. |  0. |  1. ||  0. |  0. |  0. |
|=====+=====+=====||=====+=====+=====||=====+=====+=====|
|  0. |  1. |  0. ||  0. |  1. |  1. ||* 0. |* 0. |* 0. |
|  1. |  1. | -1. ||  0. |  0. |  1. ||*-1. |*-1. |* 0. |
|  0. |  1. |  0. ||  0. |  0. | -1. ||* 0. |* 0. |* 1. |
|=====+=====+=====||=====+=====+=====||=====+=====+=====|
|  0. |  0. |  0. || -1. |  0. |  0. ||  0. |  0. |  0. |
| -1. |  0. |  1. ||  0. | -1. |  0. ||  0. | -1. |  0. |
|  0. |  0. |  0. ||  0. |  0. |  0. || -1. |  1. |  0. |


Determined best move using: 125238Iterations
current State

|  0. |  0. |  0. ||  0. | -1. |  0. ||  0. |  0. |  0. |
|  0. |  0. |  0. ||  0. |  0. | -1. || -1. |  0. |  0. |
|  1. |  0. |  0. ||  0. |  0. |  1. ||  0. |  0. |  0. |
|=====+=====+=====||=====+=====+=====||=====+=====+=====|
|  0. |  1. |  0. ||  0. |  1. |  1. ||* 0. |* 0. |* 0. |
|  1. |  1. | -1. ||  0. |  0. |  1. ||*-1. |*-1. |* 1. |
|  0. |  1. |  0. ||  0. |  0. | -1. ||* 0. |* 0. |* 1. |
|=====+=====+=====||=====+=====+=====||=====+=====+=====|
|  0. |  0. |  0. || -1. |  0. |  0. ||  0. |  0. |  0. |
| -1. |  0. |  1. ||  0. | -1. |  0. ||  0. | -1. |  0. |
|  0. |  0. |  0. ||  0. |  0. |  0. || -1. |  1. |  0. |


state to eval, currenty is playerone turn=false

| -0. | -0. | -0. || -0. |  1. | -0. || -0. | -0. | -0. |
| -0. | -0. | -0. || -0. | -0. |  1. ||  1. | -0. | -0. |
| -1. | -0. | -0. || -0. | -0. | -1. || -0. | -0. | -0. |
|=====+=====+=====||=====+=====+=====||=====+=====+=====|
| -0. | -1. | -0. || -0. | -1. | -1. ||*-0. |*-0. |*-0. |
| -1. | -1. |  1. || -0. | -0. | -1. ||* 1. |* 1. |*-1. |
| -0. | -1. | -0. || -0. | -0. |  1. ||*-0. |*-0. |*-1. |
|=====+=====+=====||=====+=====+=====||=====+=====+=====|
| -0. | -0. | -0. ||  1. | -0. | -0. || -0. | -0. | -0. |
|  1. | -0. | -1. || -0. |  1. | -0. || -0. |  1. | -0. |
| -0. | -0. | -0. || -0. | -0. | -0. ||  1. | -1. | -0. |


Determined best move using: 120653Iterations
Determined best move using: 101094Iterations
current State

|  0. |  0. |  0. ||* 0. |*-1. |* 0. ||  0. |  0. |  0. |
|  0. |  0. |  0. ||* 0. |* 0. |*-1. || -1. |  0. |  0. |
|  1. |  0. |  0. ||* 0. |* 0. |* 1. ||  0. |  0. |  0. |
|=====+=====+=====||=====+=====+=====||=====+=====+=====|
|  0. |  1. |  0. ||  0. |  1. |  1. ||  0. | -1. |  0. |
|  1. |  1. | -1. ||  0. |  0. |  1. || -1. | -1. |  1. |
|  0. |  1. |  0. ||  0. |  0. | -1. ||  0. |  0. |  1. |
|=====+=====+=====||=====+=====+=====||=====+=====+=====|
|  0. |  0. |  0. || -1. |  0. |  0. ||  0. |  0. |  0. |
| -1. |  0. |  1. ||  0. | -1. |  0. ||  0. | -1. |  0. |
|  0. |  0. |  0. ||  0. |  0. |  0. || -1. |  1. |  0. |


state to eval, currenty is playerone turn=true

|  0. |  0. |  0. ||* 0. |*-1. |* 0. ||  0. |  0. |  0. |
|  0. |  0. |  0. ||* 0. |* 0. |*-1. || -1. |  0. |  0. |
|  1. |  0. |  0. ||* 0. |* 0. |* 1. ||  0. |  0. |  0. |
|=====+=====+=====||=====+=====+=====||=====+=====+=====|
|  0. |  1. |  0. ||  0. |  1. |  1. ||  0. | -1. |  0. |
|  1. |  1. | -1. ||  0. |  0. |  1. || -1. | -1. |  1. |
|  0. |  1. |  0. ||  0. |  0. | -1. ||  0. |  0. |  1. |
|=====+=====+=====||=====+=====+=====||=====+=====+=====|
|  0. |  0. |  0. || -1. |  0. |  0. ||  0. |  0. |  0. |
| -1. |  0. |  1. ||  0. | -1. |  0. ||  0. | -1. |  0. |
|  0. |  0. |  0. ||  0. |  0. |  0. || -1. |  1. |  0. |


Determined best move using: 133357Iterations
Determined best move using: 98406Iterations
current State

|  0. |  0. |  0. ||  0. | -1. |  0. ||  0. |  0. |  0. |
|  0. |  0. |  0. ||  0. |  0. | -1. || -1. |  0. |  0. |
|  1. |  0. |  0. ||  0. |  1. |  1. ||  0. |  0. |  0. |
|=====+=====+=====||=====+=====+=====||=====+=====+=====|
|  0. |  1. |  0. ||  0. |  1. |  1. ||  0. | -1. |  0. |
|  1. |  1. | -1. ||  0. |  0. |  1. || -1. | -1. |  1. |
|  0. |  1. |  0. ||  0. |  0. | -1. ||  0. |  0. |  1. |
|=====+=====+=====||=====+=====+=====||=====+=====+=====|
|  0. |  0. |  0. ||*-1. |* 0. |* 0. ||  0. |  0. |  0. |
| -1. |  0. |  1. ||* 0. |*-1. |* 0. ||  0. | -1. |  0. |
|  0. |  0. |  0. ||* 0. |* 0. |* 0. || -1. |  1. |  0. |


state to eval, currenty is playerone turn=false

| -0. | -0. | -0. || -0. |  1. | -0. || -0. | -0. | -0. |
| -0. | -0. | -0. || -0. | -0. |  1. ||  1. | -0. | -0. |
| -1. | -0. | -0. || -0. | -1. | -1. || -0. | -0. | -0. |
|=====+=====+=====||=====+=====+=====||=====+=====+=====|
| -0. | -1. | -0. || -0. | -1. | -1. || -0. |  1. | -0. |
| -1. | -1. |  1. || -0. | -0. | -1. ||  1. |  1. | -1. |
| -0. | -1. | -0. || -0. | -0. |  1. || -0. | -0. | -1. |
|=====+=====+=====||=====+=====+=====||=====+=====+=====|
| -0. | -0. | -0. ||* 1. |*-0. |*-0. || -0. | -0. | -0. |
|  1. | -0. | -1. ||*-0. |* 1. |*-0. || -0. |  1. | -0. |
| -0. | -0. | -0. ||*-0. |*-0. |*-0. ||  1. | -1. | -0. |


Determined best move using: 100289Iterations
Determined best move using: 127131Iterations
Determined best move using: 97464Iterations
current State

|  0. |  0. |  0. ||  0. | -1. |  0. ||  0. |  0. |  0. |
|  0. |  0. |  0. ||  0. |  0. | -1. || -1. |  0. |  0. |
|  1. |  0. |  0. ||  0. |  1. |  1. ||  0. |  0. |  0. |
|=====+=====+=====||=====+=====+=====||=====+=====+=====|
|  0. |  1. |  0. ||  0. |  1. |  1. ||  0. | -1. |  0. |
|  1. |  1. | -1. ||  0. |  0. |  1. || -1. | -1. |  1. |
|  0. |  1. |  0. ||  0. |  0. | -1. ||  0. |  0. |  1. |
|=====+=====+=====||=====+=====+=====||=====+=====+=====|
|  0. |  0. |  0. || -1. |  0. |  0. ||* 0. |* 0. |* 0. |
| -1. |  0. |  1. ||  0. | -1. |  0. ||* 0. |*-1. |* 0. |
|  0. |  0. |  0. ||  0. |  0. | -1. ||*-1. |* 1. |* 0. |


state to eval, currenty is playerone turn=true

|  0. |  0. |  0. ||  0. | -1. |  0. ||  0. |  0. |  0. |
|  0. |  0. |  0. ||  0. |  0. | -1. || -1. |  0. |  0. |
|  1. |  0. |  0. ||  0. |  1. |  1. ||  0. |  0. |  0. |
|=====+=====+=====||=====+=====+=====||=====+=====+=====|
|  0. |  1. |  0. ||  0. |  1. |  1. ||  0. | -1. |  0. |
|  1. |  1. | -1. ||  0. |  0. |  1. || -1. | -1. |  1. |
|  0. |  1. |  0. ||  0. |  0. | -1. ||  0. |  0. |  1. |
|=====+=====+=====||=====+=====+=====||=====+=====+=====|
|  0. |  0. |  0. || -1. |  0. |  0. ||* 0. |* 0. |* 0. |
| -1. |  0. |  1. ||  0. | -1. |  0. ||* 0. |*-1. |* 0. |
|  0. |  0. |  0. ||  0. |  0. | -1. ||*-1. |* 1. |* 0. |


Determined best move using: 129303Iterations
current State

|  0. |  0. |  0. ||  0. | -1. |  0. ||* 0. |* 0. |* 0. |
|  0. |  0. |  0. ||  0. |  0. | -1. ||*-1. |* 0. |* 0. |
|  1. |  0. |  0. ||  0. |  1. |  1. ||* 0. |* 0. |* 0. |
|=====+=====+=====||=====+=====+=====||=====+=====+=====|
|  0. |  1. |  0. ||  0. |  1. |  1. ||  0. | -1. |  0. |
|  1. |  1. | -1. ||  0. |  0. |  1. || -1. | -1. |  1. |
|  0. |  1. |  0. ||  0. |  0. | -1. ||  0. |  0. |  1. |
|=====+=====+=====||=====+=====+=====||=====+=====+=====|
|  0. |  0. |  0. || -1. |  0. |  0. ||  0. |  0. |  1. |
| -1. |  0. |  1. ||  0. | -1. |  0. ||  0. | -1. |  0. |
|  0. |  0. |  0. ||  0. |  0. | -1. || -1. |  1. |  0. |


state to eval, currenty is playerone turn=false

| -0. | -0. | -0. || -0. |  1. | -0. ||*-0. |*-0. |*-0. |
| -0. | -0. | -0. || -0. | -0. |  1. ||* 1. |*-0. |*-0. |
| -1. | -0. | -0. || -0. | -1. | -1. ||*-0. |*-0. |*-0. |
|=====+=====+=====||=====+=====+=====||=====+=====+=====|
| -0. | -1. | -0. || -0. | -1. | -1. || -0. |  1. | -0. |
| -1. | -1. |  1. || -0. | -0. | -1. ||  1. |  1. | -1. |
| -0. | -1. | -0. || -0. | -0. |  1. || -0. | -0. | -1. |
|=====+=====+=====||=====+=====+=====||=====+=====+=====|
| -0. | -0. | -0. ||  1. | -0. | -0. || -0. | -0. | -1. |
|  1. | -0. | -1. || -0. |  1. | -0. || -0. |  1. | -0. |
| -0. | -0. | -0. || -0. | -0. |  1. ||  1. | -1. | -0. |


Determined best move using: 130795Iterations
Determined best move using: 100639Iterations
current State

|  0. |  0. |  0. ||* 0. |*-1. |* 0. ||  0. | -1. |  0. |
|  0. |  0. |  0. ||* 0. |* 0. |*-1. || -1. |  0. |  0. |
|  1. |  0. |  0. ||* 0. |* 1. |* 1. ||  0. |  0. |  0. |
|=====+=====+=====||=====+=====+=====||=====+=====+=====|
|  0. |  1. |  0. ||  0. |  1. |  1. ||  0. | -1. |  0. |
|  1. |  1. | -1. ||  0. |  0. |  1. || -1. | -1. |  1. |
|  0. |  1. |  0. ||  0. |  0. | -1. ||  0. |  0. |  1. |
|=====+=====+=====||=====+=====+=====||=====+=====+=====|
|  0. |  0. |  0. || -1. |  0. |  0. ||  0. |  0. |  1. |
| -1. |  0. |  1. ||  0. | -1. |  0. ||  0. | -1. |  0. |
|  0. |  0. |  0. ||  0. |  0. | -1. || -1. |  1. |  0. |


state to eval, currenty is playerone turn=true

|  0. |  0. |  0. ||* 0. |*-1. |* 0. ||  0. | -1. |  0. |
|  0. |  0. |  0. ||* 0. |* 0. |*-1. || -1. |  0. |  0. |
|  1. |  0. |  0. ||* 0. |* 1. |* 1. ||  0. |  0. |  0. |
|=====+=====+=====||=====+=====+=====||=====+=====+=====|
|  0. |  1. |  0. ||  0. |  1. |  1. ||  0. | -1. |  0. |
|  1. |  1. | -1. ||  0. |  0. |  1. || -1. | -1. |  1. |
|  0. |  1. |  0. ||  0. |  0. | -1. ||  0. |  0. |  1. |
|=====+=====+=====||=====+=====+=====||=====+=====+=====|
|  0. |  0. |  0. || -1. |  0. |  0. ||  0. |  0. |  1. |
| -1. |  0. |  1. ||  0. | -1. |  0. ||  0. | -1. |  0. |
|  0. |  0. |  0. ||  0. |  0. | -1. || -1. |  1. |  0. |


current State

|* 0. |* 0. |* 0. ||* 0. |*-1. |* 0. ||* 0. |*-1. |* 0. |
|* 0. |* 0. |* 0. ||* 1. |* 0. |*-1. ||*-1. |* 0. |* 0. |
|* 1. |* 0. |* 0. ||* 0. |* 1. |* 1. ||* 0. |* 0. |* 0. |
|=====+=====+=====||=====+=====+=====||=====+=====+=====|
|  0. |  1. |  0. ||* 0. |* 1. |* 1. ||* 0. |*-1. |* 0. |
|  1. |  1. | -1. ||* 0. |* 0. |* 1. ||*-1. |*-1. |* 1. |
|  0. |  1. |  0. ||* 0. |* 0. |*-1. ||* 0. |* 0. |* 1. |
|=====+=====+=====||=====+=====+=====||=====+=====+=====|
|* 0. |* 0. |* 0. || -1. |  0. |  0. ||* 0. |* 0. |* 1. |
|*-1. |* 0. |* 1. ||  0. | -1. |  0. ||* 0. |*-1. |* 0. |
|* 0. |* 0. |* 0. ||  0. |  0. | -1. ||*-1. |* 1. |* 0. |


state to eval, currenty is playerone turn=false

|*-0. |*-0. |*-0. ||*-0. |* 1. |*-0. ||*-0. |* 1. |*-0. |
|*-0. |*-0. |*-0. ||*-1. |*-0. |* 1. ||* 1. |*-0. |*-0. |
|*-1. |*-0. |*-0. ||*-0. |*-1. |*-1. ||*-0. |*-0. |*-0. |
|=====+=====+=====||=====+=====+=====||=====+=====+=====|
| -0. | -1. | -0. ||*-0. |*-1. |*-1. ||*-0. |* 1. |*-0. |
| -1. | -1. |  1. ||*-0. |*-0. |*-1. ||* 1. |* 1. |*-1. |
| -0. | -1. | -0. ||*-0. |*-0. |* 1. ||*-0. |*-0. |*-1. |
|=====+=====+=====||=====+=====+=====||=====+=====+=====|
|*-0. |*-0. |*-0. ||  1. | -0. | -0. ||*-0. |*-0. |*-1. |
|* 1. |*-0. |*-1. || -0. |  1. | -0. ||*-0. |* 1. |*-0. |
|*-0. |*-0. |*-0. || -0. | -0. |  1. ||* 1. |*-1. |*-0. |


Determined best move using: 122061Iterations
current State

|  0. |  0. |  0. ||  0. | -1. |  0. ||* 0. |*-1. |* 0. |
|  0. |  0. |  0. ||  1. |  0. | -1. ||*-1. |* 0. |* 0. |
|  1. |  0. |  0. ||  0. |  1. |  1. ||* 0. |* 0. |* 0. |
|=====+=====+=====||=====+=====+=====||=====+=====+=====|
|  0. |  1. |  0. ||  0. |  1. |  1. ||  0. | -1. | -1. |
|  1. |  1. | -1. ||  0. |  0. |  1. || -1. | -1. |  1. |
|  0. |  1. |  0. ||  0. |  0. | -1. ||  0. |  0. |  1. |
|=====+=====+=====||=====+=====+=====||=====+=====+=====|
|  0. |  0. |  0. || -1. |  0. |  0. ||  0. |  0. |  1. |
| -1. |  0. |  1. ||  0. | -1. |  0. ||  0. | -1. |  0. |
|  0. |  0. |  0. ||  0. |  0. | -1. || -1. |  1. |  0. |


state to eval, currenty is playerone turn=true

|  0. |  0. |  0. ||  0. | -1. |  0. ||* 0. |*-1. |* 0. |
|  0. |  0. |  0. ||  1. |  0. | -1. ||*-1. |* 0. |* 0. |
|  1. |  0. |  0. ||  0. |  1. |  1. ||* 0. |* 0. |* 0. |
|=====+=====+=====||=====+=====+=====||=====+=====+=====|
|  0. |  1. |  0. ||  0. |  1. |  1. ||  0. | -1. | -1. |
|  1. |  1. | -1. ||  0. |  0. |  1. || -1. | -1. |  1. |
|  0. |  1. |  0. ||  0. |  0. | -1. ||  0. |  0. |  1. |
|=====+=====+=====||=====+=====+=====||=====+=====+=====|
|  0. |  0. |  0. || -1. |  0. |  0. ||  0. |  0. |  1. |
| -1. |  0. |  1. ||  0. | -1. |  0. ||  0. | -1. |  0. |
|  0. |  0. |  0. ||  0. |  0. | -1. || -1. |  1. |  0. |


current State

|  0. |  0. |  0. ||  0. | -1. |  0. ||  0. | -1. |  0. |
|  0. |  0. |  0. ||  1. |  0. | -1. || -1. |  0. |  1. |
|  1. |  0. |  0. ||  0. |  1. |  1. ||  0. |  0. |  0. |
|=====+=====+=====||=====+=====+=====||=====+=====+=====|
|  0. |  1. |  0. ||  0. |  1. |  1. ||* 0. |*-1. |*-1. |
|  1. |  1. | -1. ||  0. |  0. |  1. ||*-1. |*-1. |* 1. |
|  0. |  1. |  0. ||  0. |  0. | -1. ||* 0. |* 0. |* 1. |
|=====+=====+=====||=====+=====+=====||=====+=====+=====|
|  0. |  0. |  0. || -1. |  0. |  0. ||  0. |  0. |  1. |
| -1. |  0. |  1. ||  0. | -1. |  0. ||  0. | -1. |  0. |
|  0. |  0. |  0. ||  0. |  0. | -1. || -1. |  1. |  0. |


state to eval, currenty is playerone turn=false

| -0. | -0. | -0. || -0. |  1. | -0. || -0. |  1. | -0. |
| -0. | -0. | -0. || -1. | -0. |  1. ||  1. | -0. | -1. |
| -1. | -0. | -0. || -0. | -1. | -1. || -0. | -0. | -0. |
|=====+=====+=====||=====+=====+=====||=====+=====+=====|
| -0. | -1. | -0. || -0. | -1. | -1. ||*-0. |* 1. |* 1. |
| -1. | -1. |  1. || -0. | -0. | -1. ||* 1. |* 1. |*-1. |
| -0. | -1. | -0. || -0. | -0. |  1. ||*-0. |*-0. |*-1. |
|=====+=====+=====||=====+=====+=====||=====+=====+=====|
| -0. | -0. | -0. ||  1. | -0. | -0. || -0. | -0. | -1. |
|  1. | -0. | -1. || -0. |  1. | -0. || -0. |  1. | -0. |
| -0. | -0. | -0. || -0. | -0. |  1. ||  1. | -1. | -0. |


current State

|* 0. |* 0. |* 0. ||  0. | -1. |  0. ||  0. | -1. |  0. |
|* 0. |* 0. |* 0. ||  1. |  0. | -1. || -1. |  0. |  1. |
|* 1. |* 0. |* 0. ||  0. |  1. |  1. ||  0. |  0. |  0. |
|=====+=====+=====||=====+=====+=====||=====+=====+=====|
|  0. |  1. |  0. ||  0. |  1. |  1. || -1. | -1. | -1. |
|  1. |  1. | -1. ||  0. |  0. |  1. || -1. | -1. |  1. |
|  0. |  1. |  0. ||  0. |  0. | -1. ||  0. |  0. |  1. |
|=====+=====+=====||=====+=====+=====||=====+=====+=====|
|  0. |  0. |  0. || -1. |  0. |  0. ||  0. |  0. |  1. |
| -1. |  0. |  1. ||  0. | -1. |  0. ||  0. | -1. |  0. |
|  0. |  0. |  0. ||  0. |  0. | -1. || -1. |  1. |  0. |


state to eval, currenty is playerone turn=true

|* 0. |* 0. |* 0. ||  0. | -1. |  0. ||  0. | -1. |  0. |
|* 0. |* 0. |* 0. ||  1. |  0. | -1. || -1. |  0. |  1. |
|* 1. |* 0. |* 0. ||  0. |  1. |  1. ||  0. |  0. |  0. |
|=====+=====+=====||=====+=====+=====||=====+=====+=====|
|  0. |  1. |  0. ||  0. |  1. |  1. || -1. | -1. | -1. |
|  1. |  1. | -1. ||  0. |  0. |  1. || -1. | -1. |  1. |
|  0. |  1. |  0. ||  0. |  0. | -1. ||  0. |  0. |  1. |
|=====+=====+=====||=====+=====+=====||=====+=====+=====|
|  0. |  0. |  0. || -1. |  0. |  0. ||  0. |  0. |  1. |
| -1. |  0. |  1. ||  0. | -1. |  0. ||  0. | -1. |  0. |
|  0. |  0. |  0. ||  0. |  0. | -1. || -1. |  1. |  0. |


current State

|  0. |  1. |  0. ||* 0. |*-1. |* 0. ||  0. | -1. |  0. |
|  0. |  0. |  0. ||* 1. |* 0. |*-1. || -1. |  0. |  1. |
|  1. |  0. |  0. ||* 0. |* 1. |* 1. ||  0. |  0. |  0. |
|=====+=====+=====||=====+=====+=====||=====+=====+=====|
|  0. |  1. |  0. ||  0. |  1. |  1. || -1. | -1. | -1. |
|  1. |  1. | -1. ||  0. |  0. |  1. || -1. | -1. |  1. |
|  0. |  1. |  0. ||  0. |  0. | -1. ||  0. |  0. |  1. |
|=====+=====+=====||=====+=====+=====||=====+=====+=====|
|  0. |  0. |  0. || -1. |  0. |  0. ||  0. |  0. |  1. |
| -1. |  0. |  1. ||  0. | -1. |  0. ||  0. | -1. |  0. |
|  0. |  0. |  0. ||  0. |  0. | -1. || -1. |  1. |  0. |


state to eval, currenty is playerone turn=false

| -0. | -1. | -0. ||*-0. |* 1. |*-0. || -0. |  1. | -0. |
| -0. | -0. | -0. ||*-1. |*-0. |* 1. ||  1. | -0. | -1. |
| -1. | -0. | -0. ||*-0. |*-1. |*-1. || -0. | -0. | -0. |
|=====+=====+=====||=====+=====+=====||=====+=====+=====|
| -0. | -1. | -0. || -0. | -1. | -1. ||  1. |  1. |  1. |
| -1. | -1. |  1. || -0. | -0. | -1. ||  1. |  1. | -1. |
| -0. | -1. | -0. || -0. | -0. |  1. || -0. | -0. | -1. |
|=====+=====+=====||=====+=====+=====||=====+=====+=====|
| -0. | -0. | -0. ||  1. | -0. | -0. || -0. | -0. | -1. |
|  1. | -0. | -1. || -0. |  1. | -0. || -0. |  1. | -0. |
| -0. | -0. | -0. || -0. | -0. |  1. ||  1. | -1. | -0. |


Determined best move using: 129940Iterations
current State

|* 0. |* 1. |* 0. || -1. | -1. |  0. ||  0. | -1. |  0. |
|* 0. |* 0. |* 0. ||  1. |  0. | -1. || -1. |  0. |  1. |
|* 1. |* 0. |* 0. ||  0. |  1. |  1. ||  0. |  0. |  0. |
|=====+=====+=====||=====+=====+=====||=====+=====+=====|
|  0. |  1. |  0. ||  0. |  1. |  1. || -1. | -1. | -1. |
|  1. |  1. | -1. ||  0. |  0. |  1. || -1. | -1. |  1. |
|  0. |  1. |  0. ||  0. |  0. | -1. ||  0. |  0. |  1. |
|=====+=====+=====||=====+=====+=====||=====+=====+=====|
|  0. |  0. |  0. || -1. |  0. |  0. ||  0. |  0. |  1. |
| -1. |  0. |  1. ||  0. | -1. |  0. ||  0. | -1. |  0. |
|  0. |  0. |  0. ||  0. |  0. | -1. || -1. |  1. |  0. |


state to eval, currenty is playerone turn=true

|* 0. |* 1. |* 0. || -1. | -1. |  0. ||  0. | -1. |  0. |
|* 0. |* 0. |* 0. ||  1. |  0. | -1. || -1. |  0. |  1. |
|* 1. |* 0. |* 0. ||  0. |  1. |  1. ||  0. |  0. |  0. |
|=====+=====+=====||=====+=====+=====||=====+=====+=====|
|  0. |  1. |  0. ||  0. |  1. |  1. || -1. | -1. | -1. |
|  1. |  1. | -1. ||  0. |  0. |  1. || -1. | -1. |  1. |
|  0. |  1. |  0. ||  0. |  0. | -1. ||  0. |  0. |  1. |
|=====+=====+=====||=====+=====+=====||=====+=====+=====|
|  0. |  0. |  0. || -1. |  0. |  0. ||  0. |  0. |  1. |
| -1. |  0. |  1. ||  0. | -1. |  0. ||  0. | -1. |  0. |
|  0. |  0. |  0. ||  0. |  0. | -1. || -1. |  1. |  0. |


Determined best move using: 197896Iterations
Determined best move using: 163116Iterations
current State

|* 1. |* 1. |* 0. || -1. | -1. |  0. ||  0. | -1. |  0. |
|* 0. |* 0. |* 0. ||  1. |  0. | -1. || -1. |  0. |  1. |
|* 1. |* 0. |* 0. ||  0. |  1. |  1. ||  0. |  0. |  0. |
|=====+=====+=====||=====+=====+=====||=====+=====+=====|
|  0. |  1. |  0. ||  0. |  1. |  1. || -1. | -1. | -1. |
|  1. |  1. | -1. ||  0. |  0. |  1. || -1. | -1. |  1. |
|  0. |  1. |  0. ||  0. |  0. | -1. ||  0. |  0. |  1. |
|=====+=====+=====||=====+=====+=====||=====+=====+=====|
|  0. |  0. |  0. || -1. |  0. |  0. ||  0. |  0. |  1. |
| -1. |  0. |  1. ||  0. | -1. |  0. ||  0. | -1. |  0. |
|  0. |  0. |  0. ||  0. |  0. | -1. || -1. |  1. |  0. |


state to eval, currenty is playerone turn=false

|*-1. |*-1. |*-0. ||  1. |  1. | -0. || -0. |  1. | -0. |
|*-0. |*-0. |*-0. || -1. | -0. |  1. ||  1. | -0. | -1. |
|*-1. |*-0. |*-0. || -0. | -1. | -1. || -0. | -0. | -0. |
|=====+=====+=====||=====+=====+=====||=====+=====+=====|
| -0. | -1. | -0. || -0. | -1. | -1. ||  1. |  1. |  1. |
| -1. | -1. |  1. || -0. | -0. | -1. ||  1. |  1. | -1. |
| -0. | -1. | -0. || -0. | -0. |  1. || -0. | -0. | -1. |
|=====+=====+=====||=====+=====+=====||=====+=====+=====|
| -0. | -0. | -0. ||  1. | -0. | -0. || -0. | -0. | -1. |
|  1. | -0. | -1. || -0. |  1. | -0. || -0. |  1. | -0. |
| -0. | -0. | -0. || -0. | -0. |  1. ||  1. | -1. | -0. |


current State

|  1. |  1. |  0. || -1. | -1. |  0. ||  0. | -1. |  0. |
|  0. |  0. |  0. ||  1. |  0. | -1. || -1. |  0. |  1. |
|  1. |  0. | -1. ||  0. |  1. |  1. ||  0. |  0. |  0. |
|=====+=====+=====||=====+=====+=====||=====+=====+=====|
|  0. |  1. |  0. ||  0. |  1. |  1. || -1. | -1. | -1. |
|  1. |  1. | -1. ||  0. |  0. |  1. || -1. | -1. |  1. |
|  0. |  1. |  0. ||  0. |  0. | -1. ||  0. |  0. |  1. |
|=====+=====+=====||=====+=====+=====||=====+=====+=====|
|  0. |  0. |  0. || -1. |  0. |  0. ||* 0. |* 0. |* 1. |
| -1. |  0. |  1. ||  0. | -1. |  0. ||* 0. |*-1. |* 0. |
|  0. |  0. |  0. ||  0. |  0. | -1. ||*-1. |* 1. |* 0. |


state to eval, currenty is playerone turn=true

|  1. |  1. |  0. || -1. | -1. |  0. ||  0. | -1. |  0. |
|  0. |  0. |  0. ||  1. |  0. | -1. || -1. |  0. |  1. |
|  1. |  0. | -1. ||  0. |  1. |  1. ||  0. |  0. |  0. |
|=====+=====+=====||=====+=====+=====||=====+=====+=====|
|  0. |  1. |  0. ||  0. |  1. |  1. || -1. | -1. | -1. |
|  1. |  1. | -1. ||  0. |  0. |  1. || -1. | -1. |  1. |
|  0. |  1. |  0. ||  0. |  0. | -1. ||  0. |  0. |  1. |
|=====+=====+=====||=====+=====+=====||=====+=====+=====|
|  0. |  0. |  0. || -1. |  0. |  0. ||* 0. |* 0. |* 1. |
| -1. |  0. |  1. ||  0. | -1. |  0. ||* 0. |*-1. |* 0. |
|  0. |  0. |  0. ||  0. |  0. | -1. ||*-1. |* 1. |* 0. |


current State

|* 1. |* 1. |* 0. ||*-1. |*-1. |* 0. ||* 0. |*-1. |* 0. |
|* 0. |* 0. |* 0. ||* 1. |* 0. |*-1. ||*-1. |* 0. |* 1. |
|* 1. |* 0. |*-1. ||* 0. |* 1. |* 1. ||* 0. |* 0. |* 0. |
|=====+=====+=====||=====+=====+=====||=====+=====+=====|
|  0. |  1. |  0. ||* 0. |* 1. |* 1. || -1. | -1. | -1. |
|  1. |  1. | -1. ||* 0. |* 0. |* 1. || -1. | -1. |  1. |
|  0. |  1. |  0. ||* 0. |* 0. |*-1. ||  0. |  0. |  1. |
|=====+=====+=====||=====+=====+=====||=====+=====+=====|
|* 0. |* 0. |* 0. || -1. |  0. |  0. ||* 0. |* 0. |* 1. |
|*-1. |* 0. |* 1. ||  0. | -1. |  0. ||* 0. |*-1. |* 1. |
|* 0. |* 0. |* 0. ||  0. |  0. | -1. ||*-1. |* 1. |* 0. |


state to eval, currenty is playerone turn=false

|*-1. |*-1. |*-0. ||* 1. |* 1. |*-0. ||*-0. |* 1. |*-0. |
|*-0. |*-0. |*-0. ||*-1. |*-0. |* 1. ||* 1. |*-0. |*-1. |
|*-1. |*-0. |* 1. ||*-0. |*-1. |*-1. ||*-0. |*-0. |*-0. |
|=====+=====+=====||=====+=====+=====||=====+=====+=====|
| -0. | -1. | -0. ||*-0. |*-1. |*-1. ||  1. |  1. |  1. |
| -1. | -1. |  1. ||*-0. |*-0. |*-1. ||  1. |  1. | -1. |
| -0. | -1. | -0. ||*-0. |*-0. |* 1. || -0. | -0. | -1. |
|=====+=====+=====||=====+=====+=====||=====+=====+=====|
|*-0. |*-0. |*-0. ||  1. | -0. | -0. ||*-0. |*-0. |*-1. |
|* 1. |*-0. |*-1. || -0. |  1. | -0. ||*-0. |* 1. |*-1. |
|*-0. |*-0. |*-0. || -0. | -0. |  1. ||* 1. |*-1. |*-0. |


current State

|  1. |  1. |  0. || -1. | -1. |  0. ||  0. | -1. |  0. |
|  0. |  0. |  0. ||  1. |  0. | -1. || -1. |  0. |  1. |
|  1. |  0. | -1. ||  0. |  1. |  1. || -1. |  0. |  0. |
|=====+=====+=====||=====+=====+=====||=====+=====+=====|
|  0. |  1. |  0. ||  0. |  1. |  1. || -1. | -1. | -1. |
|  1. |  1. | -1. ||  0. |  0. |  1. || -1. | -1. |  1. |
|  0. |  1. |  0. ||  0. |  0. | -1. ||  0. |  0. |  1. |
|=====+=====+=====||=====+=====+=====||=====+=====+=====|
|* 0. |* 0. |* 0. || -1. |  0. |  0. ||  0. |  0. |  1. |
|*-1. |* 0. |* 1. ||  0. | -1. |  0. ||  0. | -1. |  1. |
|* 0. |* 0. |* 0. ||  0. |  0. | -1. || -1. |  1. |  0. |


state to eval, currenty is playerone turn=true

|  1. |  1. |  0. || -1. | -1. |  0. ||  0. | -1. |  0. |
|  0. |  0. |  0. ||  1. |  0. | -1. || -1. |  0. |  1. |
|  1. |  0. | -1. ||  0. |  1. |  1. || -1. |  0. |  0. |
|=====+=====+=====||=====+=====+=====||=====+=====+=====|
|  0. |  1. |  0. ||  0. |  1. |  1. || -1. | -1. | -1. |
|  1. |  1. | -1. ||  0. |  0. |  1. || -1. | -1. |  1. |
|  0. |  1. |  0. ||  0. |  0. | -1. ||  0. |  0. |  1. |
|=====+=====+=====||=====+=====+=====||=====+=====+=====|
|* 0. |* 0. |* 0. || -1. |  0. |  0. ||  0. |  0. |  1. |
|*-1. |* 0. |* 1. ||  0. | -1. |  0. ||  0. | -1. |  1. |
|* 0. |* 0. |* 0. ||  0. |  0. | -1. || -1. |  1. |  0. |


current State

|  1. |  1. |  0. || -1. | -1. |  0. ||* 0. |*-1. |* 0. |
|  0. |  0. |  0. ||  1. |  0. | -1. ||*-1. |* 0. |* 1. |
|  1. |  0. | -1. ||  0. |  1. |  1. ||*-1. |* 0. |* 0. |
|=====+=====+=====||=====+=====+=====||=====+=====+=====|
|  0. |  1. |  0. ||  0. |  1. |  1. || -1. | -1. | -1. |
|  1. |  1. | -1. ||  0. |  0. |  1. || -1. | -1. |  1. |
|  0. |  1. |  0. ||  0. |  0. | -1. ||  0. |  0. |  1. |
|=====+=====+=====||=====+=====+=====||=====+=====+=====|
|  0. |  0. |  1. || -1. |  0. |  0. ||  0. |  0. |  1. |
| -1. |  0. |  1. ||  0. | -1. |  0. ||  0. | -1. |  1. |
|  0. |  0. |  0. ||  0. |  0. | -1. || -1. |  1. |  0. |


state to eval, currenty is playerone turn=false

| -1. | -1. | -0. ||  1. |  1. | -0. ||*-0. |* 1. |*-0. |
| -0. | -0. | -0. || -1. | -0. |  1. ||* 1. |*-0. |*-1. |
| -1. | -0. |  1. || -0. | -1. | -1. ||* 1. |*-0. |*-0. |
|=====+=====+=====||=====+=====+=====||=====+=====+=====|
| -0. | -1. | -0. || -0. | -1. | -1. ||  1. |  1. |  1. |
| -1. | -1. |  1. || -0. | -0. | -1. ||  1. |  1. | -1. |
| -0. | -1. | -0. || -0. | -0. |  1. || -0. | -0. | -1. |
|=====+=====+=====||=====+=====+=====||=====+=====+=====|
| -0. | -0. | -1. ||  1. | -0. | -0. || -0. | -0. | -1. |
|  1. | -0. | -1. || -0. |  1. | -0. || -0. |  1. | -1. |
| -0. | -0. | -0. || -0. | -0. |  1. ||  1. | -1. | -0. |


Determined best move using: 203058Iterations
current State

|  1. |  1. |  0. || -1. | -1. |  0. ||* 0. |*-1. |*-1. |
|  0. |  0. |  0. ||  1. |  0. | -1. ||*-1. |* 0. |* 1. |
|  1. |  0. | -1. ||  0. |  1. |  1. ||*-1. |* 0. |* 0. |
|=====+=====+=====||=====+=====+=====||=====+=====+=====|
|  0. |  1. |  0. ||  0. |  1. |  1. || -1. | -1. | -1. |
|  1. |  1. | -1. ||  0. |  0. |  1. || -1. | -1. |  1. |
|  0. |  1. |  0. ||  0. |  0. | -1. ||  0. |  0. |  1. |
|=====+=====+=====||=====+=====+=====||=====+=====+=====|
|  0. |  0. |  1. || -1. |  0. |  0. ||  0. |  0. |  1. |
| -1. |  0. |  1. ||  0. | -1. |  0. ||  0. | -1. |  1. |
|  0. |  0. |  0. ||  0. |  0. | -1. || -1. |  1. |  0. |


state to eval, currenty is playerone turn=true

|  1. |  1. |  0. || -1. | -1. |  0. ||* 0. |*-1. |*-1. |
|  0. |  0. |  0. ||  1. |  0. | -1. ||*-1. |* 0. |* 1. |
|  1. |  0. | -1. ||  0. |  1. |  1. ||*-1. |* 0. |* 0. |
|=====+=====+=====||=====+=====+=====||=====+=====+=====|
|  0. |  1. |  0. ||  0. |  1. |  1. || -1. | -1. | -1. |
|  1. |  1. | -1. ||  0. |  0. |  1. || -1. | -1. |  1. |
|  0. |  1. |  0. ||  0. |  0. | -1. ||  0. |  0. |  1. |
|=====+=====+=====||=====+=====+=====||=====+=====+=====|
|  0. |  0. |  1. || -1. |  0. |  0. ||  0. |  0. |  1. |
| -1. |  0. |  1. ||  0. | -1. |  0. ||  0. | -1. |  1. |
|  0. |  0. |  0. ||  0. |  0. | -1. || -1. |  1. |  0. |


current State

|  1. |  1. |  0. || -1. | -1. |  0. ||  0. | -1. | -1. |
|  0. |  0. |  0. ||  1. |  0. | -1. || -1. |  0. |  1. |
|  1. |  0. | -1. ||  0. |  1. |  1. || -1. |  0. |  1. |
|=====+=====+=====||=====+=====+=====||=====+=====+=====|
|  0. |  1. |  0. ||  0. |  1. |  1. || -1. | -1. | -1. |
|  1. |  1. | -1. ||  0. |  0. |  1. || -1. | -1. |  1. |
|  0. |  1. |  0. ||  0. |  0. | -1. ||  0. |  0. |  1. |
|=====+=====+=====||=====+=====+=====||=====+=====+=====|
|  0. |  0. |  1. || -1. |  0. |  0. ||* 0. |* 0. |* 1. |
| -1. |  0. |  1. ||  0. | -1. |  0. ||* 0. |*-1. |* 1. |
|  0. |  0. |  0. ||  0. |  0. | -1. ||*-1. |* 1. |* 0. |


state to eval, currenty is playerone turn=false

| -1. | -1. | -0. ||  1. |  1. | -0. || -0. |  1. |  1. |
| -0. | -0. | -0. || -1. | -0. |  1. ||  1. | -0. | -1. |
| -1. | -0. |  1. || -0. | -1. | -1. ||  1. | -0. | -1. |
|=====+=====+=====||=====+=====+=====||=====+=====+=====|
| -0. | -1. | -0. || -0. | -1. | -1. ||  1. |  1. |  1. |
| -1. | -1. |  1. || -0. | -0. | -1. ||  1. |  1. | -1. |
| -0. | -1. | -0. || -0. | -0. |  1. || -0. | -0. | -1. |
|=====+=====+=====||=====+=====+=====||=====+=====+=====|
| -0. | -0. | -1. ||  1. | -0. | -0. ||*-0. |*-0. |*-1. |
|  1. | -0. | -1. || -0. |  1. | -0. ||*-0. |* 1. |*-1. |
| -0. | -0. | -0. || -0. | -0. |  1. ||* 1. |*-1. |*-0. |


current State

|* 1. |* 1. |* 0. || -1. | -1. |  0. ||  0. | -1. | -1. |
|* 0. |* 0. |* 0. ||  1. |  0. | -1. || -1. |  0. |  1. |
|* 1. |* 0. |*-1. ||  0. |  1. |  1. || -1. |  0. |  1. |
|=====+=====+=====||=====+=====+=====||=====+=====+=====|
|  0. |  1. |  0. ||  0. |  1. |  1. || -1. | -1. | -1. |
|  1. |  1. | -1. ||  0. |  0. |  1. || -1. | -1. |  1. |
|  0. |  1. |  0. ||  0. |  0. | -1. ||  0. |  0. |  1. |
|=====+=====+=====||=====+=====+=====||=====+=====+=====|
|  0. |  0. |  1. || -1. |  0. |  0. || -1. |  0. |  1. |
| -1. |  0. |  1. ||  0. | -1. |  0. ||  0. | -1. |  1. |
|  0. |  0. |  0. ||  0. |  0. | -1. || -1. |  1. |  0. |


state to eval, currenty is playerone turn=true

|* 1. |* 1. |* 0. || -1. | -1. |  0. ||  0. | -1. | -1. |
|* 0. |* 0. |* 0. ||  1. |  0. | -1. || -1. |  0. |  1. |
|* 1. |* 0. |*-1. ||  0. |  1. |  1. || -1. |  0. |  1. |
|=====+=====+=====||=====+=====+=====||=====+=====+=====|
|  0. |  1. |  0. ||  0. |  1. |  1. || -1. | -1. | -1. |
|  1. |  1. | -1. ||  0. |  0. |  1. || -1. | -1. |  1. |
|  0. |  1. |  0. ||  0. |  0. | -1. ||  0. |  0. |  1. |
|=====+=====+=====||=====+=====+=====||=====+=====+=====|
|  0. |  0. |  1. || -1. |  0. |  0. || -1. |  0. |  1. |
| -1. |  0. |  1. ||  0. | -1. |  0. ||  0. | -1. |  1. |
|  0. |  0. |  0. ||  0. |  0. | -1. || -1. |  1. |  0. |


Determined best move using: 182736Iterations
current State

|  1. |  1. |  1. || -1. | -1. |  0. ||* 0. |*-1. |*-1. |
|  0. |  0. |  0. ||  1. |  0. | -1. ||*-1. |* 0. |* 1. |
|  1. |  0. | -1. ||  0. |  1. |  1. ||*-1. |* 0. |* 1. |
|=====+=====+=====||=====+=====+=====||=====+=====+=====|
|  0. |  1. |  0. ||  0. |  1. |  1. || -1. | -1. | -1. |
|  1. |  1. | -1. ||  0. |  0. |  1. || -1. | -1. |  1. |
|  0. |  1. |  0. ||  0. |  0. | -1. ||  0. |  0. |  1. |
|=====+=====+=====||=====+=====+=====||=====+=====+=====|
|  0. |  0. |  1. || -1. |  0. |  0. || -1. |  0. |  1. |
| -1. |  0. |  1. ||  0. | -1. |  0. ||  0. | -1. |  1. |
|  0. |  0. |  0. ||  0. |  0. | -1. || -1. |  1. |  0. |


state to eval, currenty is playerone turn=false

| -1. | -1. | -1. ||  1. |  1. | -0. ||*-0. |* 1. |* 1. |
| -0. | -0. | -0. || -1. | -0. |  1. ||* 1. |*-0. |*-1. |
| -1. | -0. |  1. || -0. | -1. | -1. ||* 1. |*-0. |*-1. |
|=====+=====+=====||=====+=====+=====||=====+=====+=====|
| -0. | -1. | -0. || -0. | -1. | -1. ||  1. |  1. |  1. |
| -1. | -1. |  1. || -0. | -0. | -1. ||  1. |  1. | -1. |
| -0. | -1. | -0. || -0. | -0. |  1. || -0. | -0. | -1. |
|=====+=====+=====||=====+=====+=====||=====+=====+=====|
| -0. | -0. | -1. ||  1. | -0. | -0. ||  1. | -0. | -1. |
|  1. | -0. | -1. || -0. |  1. | -0. || -0. |  1. | -1. |
| -0. | -0. | -0. || -0. | -0. |  1. ||  1. | -1. | -0. |


current State

|  1. |  1. |  1. || -1. | -1. |  0. ||  0. | -1. | -1. |
|  0. |  0. |  0. ||  1. |  0. | -1. || -1. | -1. |  1. |
|  1. |  0. | -1. ||  0. |  1. |  1. || -1. |  0. |  1. |
|=====+=====+=====||=====+=====+=====||=====+=====+=====|
|  0. |  1. |  0. ||* 0. |* 1. |* 1. || -1. | -1. | -1. |
|  1. |  1. | -1. ||* 0. |* 0. |* 1. || -1. | -1. |  1. |
|  0. |  1. |  0. ||* 0. |* 0. |*-1. ||  0. |  0. |  1. |
|=====+=====+=====||=====+=====+=====||=====+=====+=====|
|  0. |  0. |  1. || -1. |  0. |  0. || -1. |  0. |  1. |
| -1. |  0. |  1. ||  0. | -1. |  0. ||  0. | -1. |  1. |
|  0. |  0. |  0. ||  0. |  0. | -1. || -1. |  1. |  0. |


state to eval, currenty is playerone turn=true

|  1. |  1. |  1. || -1. | -1. |  0. ||  0. | -1. | -1. |
|  0. |  0. |  0. ||  1. |  0. | -1. || -1. | -1. |  1. |
|  1. |  0. | -1. ||  0. |  1. |  1. || -1. |  0. |  1. |
|=====+=====+=====||=====+=====+=====||=====+=====+=====|
|  0. |  1. |  0. ||* 0. |* 1. |* 1. || -1. | -1. | -1. |
|  1. |  1. | -1. ||* 0. |* 0. |* 1. || -1. | -1. |  1. |
|  0. |  1. |  0. ||* 0. |* 0. |*-1. ||  0. |  0. |  1. |
|=====+=====+=====||=====+=====+=====||=====+=====+=====|
|  0. |  0. |  1. || -1. |  0. |  0. || -1. |  0. |  1. |
| -1. |  0. |  1. ||  0. | -1. |  0. ||  0. | -1. |  1. |
|  0. |  0. |  0. ||  0. |  0. | -1. || -1. |  1. |  0. |


Determined best move using: 218085Iterations
current State

|  1. |  1. |  1. ||*-1. |*-1. |* 0. ||  0. | -1. | -1. |
|  0. |  0. |  0. ||* 1. |* 0. |*-1. || -1. | -1. |  1. |
|  1. |  0. | -1. ||* 0. |* 1. |* 1. || -1. |  0. |  1. |
|=====+=====+=====||=====+=====+=====||=====+=====+=====|
|  0. |  1. |  0. ||  1. |  1. |  1. || -1. | -1. | -1. |
|  1. |  1. | -1. ||  0. |  0. |  1. || -1. | -1. |  1. |
|  0. |  1. |  0. ||  0. |  0. | -1. ||  0. |  0. |  1. |
|=====+=====+=====||=====+=====+=====||=====+=====+=====|
|* 0. |* 0. |* 1. || -1. |  0. |  0. ||*-1. |* 0. |* 1. |
|*-1. |* 0. |* 1. ||  0. | -1. |  0. ||* 0. |*-1. |* 1. |
|* 0. |* 0. |* 0. ||  0. |  0. | -1. ||*-1. |* 1. |* 0. |


state to eval, currenty is playerone turn=false

| -1. | -1. | -1. ||* 1. |* 1. |*-0. || -0. |  1. |  1. |
| -0. | -0. | -0. ||*-1. |*-0. |* 1. ||  1. |  1. | -1. |
| -1. | -0. |  1. ||*-0. |*-1. |*-1. ||  1. | -0. | -1. |
|=====+=====+=====||=====+=====+=====||=====+=====+=====|
| -0. | -1. | -0. || -1. | -1. | -1. ||  1. |  1. |  1. |
| -1. | -1. |  1. || -0. | -0. | -1. ||  1. |  1. | -1. |
| -0. | -1. | -0. || -0. | -0. |  1. || -0. | -0. | -1. |
|=====+=====+=====||=====+=====+=====||=====+=====+=====|
|*-0. |*-0. |*-1. ||  1. | -0. | -0. ||* 1. |*-0. |*-1. |
|* 1. |*-0. |*-1. || -0. |  1. | -0. ||*-0. |* 1. |*-1. |
|*-0. |*-0. |*-0. || -0. | -0. |  1. ||* 1. |*-1. |*-0. |


current State

|  1. |  1. |  1. ||*-1. |*-1. |* 0. ||  0. | -1. | -1. |
|  0. |  0. |  0. ||* 1. |* 0. |*-1. || -1. | -1. |  1. |
|  1. |  0. | -1. ||* 0. |* 1. |* 1. || -1. |  0. |  1. |
|=====+=====+=====||=====+=====+=====||=====+=====+=====|
|  0. |  1. |  0. ||  1. |  1. |  1. || -1. | -1. | -1. |
|  1. |  1. | -1. ||  0. |  0. |  1. || -1. | -1. |  1. |
|  0. |  1. |  0. ||  0. |  0. | -1. ||  0. |  0. |  1. |
|=====+=====+=====||=====+=====+=====||=====+=====+=====|
|* 0. |* 0. |* 1. || -1. |  0. |  0. || -1. |  0. |  1. |
|*-1. |* 0. |* 1. ||  0. | -1. |  0. || -1. | -1. |  1. |
|* 0. |* 0. |* 0. ||  0. |  0. | -1. || -1. |  1. |  0. |


Game ended in: 48 moves
Actual data created in graphical format: 
[StateDatum{MCTSProbabilites=
|  .0087 |  .0192 |  .0097 ||  .0143 |  .0202 |  .0122 ||  .0113 |  .0075 |  .0129 |
|  .0107 |  .0092 |  .0156 ||  .0116 |  .0048 |  .0149 ||  .0081 |  .0155 |  .0158 |
|  .0125 |  .0175 |  .0178 ||  .0094 |  .0119 |  .015 ||  .0148 |  .0108 |  .0108 |
|========+========+========||========+========+========||========+========+========|
|  .0118 |  .0135 |  .0191 ||  .0102 |  .0135 |  .0146 ||  .0107 |  .0131 |  .0112 |
|  .0207 |  .0125 |  .0098 ||  .0127 |  .0147 |  .0081 ||  .0115 |  .013 |  .0104 |
|  .0128 |  .0107 |  .0111 ||  .0098 |  .0169 |  .009 ||  .014 |  .0102 |  .0178 |
|========+========+========||========+========+========||========+========+========|
|  .0171 |  .0126 |  .0078 ||  .0173 |  .0079 |  .0097 ||  .0107 |  .0113 |  .0121 |
|  .0119 |  .0091 |  .0164 ||  .0103 |  .0104 |  .0123 ||  .0099 |  .009 |  .0108 |
|  .0138 |  .0122 |  .0129 ||  .0182 |  .0101 |  .0095 ||  .0112 |  .0053 |  .0137 |

, state=
|* 0. |* 0. |* 0. ||* 0. |* 0. |* 0. ||* 0. |* 0. |* 0. |
|* 0. |* 0. |* 0. ||* 0. |* 0. |* 0. ||* 0. |* 0. |* 0. |
|* 0. |* 0. |* 0. ||* 0. |* 0. |* 0. ||* 0. |* 0. |* 0. |
|=====+=====+=====||=====+=====+=====||=====+=====+=====|
|* 0. |* 0. |* 0. ||* 0. |* 0. |* 0. ||* 0. |* 0. |* 0. |
|* 0. |* 0. |* 0. ||* 0. |* 0. |* 0. ||* 0. |* 0. |* 0. |
|* 0. |* 0. |* 0. ||* 0. |* 0. |* 0. ||* 0. |* 0. |* 0. |
|=====+=====+=====||=====+=====+=====||=====+=====+=====|
|* 0. |* 0. |* 0. ||* 0. |* 0. |* 0. ||* 0. |* 0. |* 0. |
|* 0. |* 0. |* 0. ||* 0. |* 0. |* 0. ||* 0. |* 0. |* 0. |
|* 0. |* 0. |* 0. ||* 0. |* 0. |* 0. ||* 0. |* 0. |* 0. |

, evalForThisState=-1.0, isPlayerOneTurnOriginally=true}, StateDatum{MCTSProbabilites=
|  .0 |  .0 |  .0 ||  .0 |  .0 |  .0 ||  .0 |  .0 |  .0 |
|  .0 |  .0 |  .0 ||  .0 |  .0 |  .0 ||  .0 |  .0 |  .0 |
|  .0 |  .0 |  .0 ||  .0 |  .0 |  .0 ||  .0 |  .0 |  .0 |
|========+========+========||========+========+========||========+========+========|
|  .048 |  .0668 |  .266 ||  .0 |  .0 |  .0 ||  .0 |  .0 |  .0 |
|  .0 |  .041 |  .4632 ||  .0 |  .0 |  .0 ||  .0 |  .0 |  .0 |
|  .034 |  .0395 |  .0413 ||  .0 |  .0 |  .0 ||  .0 |  .0 |  .0 |
|========+========+========||========+========+========||========+========+========|
|  .0 |  .0 |  .0 ||  .0 |  .0 |  .0 ||  .0 |  .0 |  .0 |
|  .0 |  .0 |  .0 ||  .0 |  .0 |  .0 ||  .0 |  .0 |  .0 |
|  .0 |  .0 |  .0 ||  .0 |  .0 |  .0 ||  .0 |  .0 |  .0 |

, state=
| -0. | -0. | -0. || -0. | -0. | -0. || -0. | -0. | -0. |
| -0. | -0. | -0. || -0. | -0. | -0. || -0. | -0. | -0. |
| -0. | -0. | -0. || -0. | -0. | -0. || -0. | -0. | -0. |
|=====+=====+=====||=====+=====+=====||=====+=====+=====|
|*-0. |*-0. |*-0. || -0. | -0. | -0. || -0. | -0. | -0. |
|*-1. |*-0. |*-0. || -0. | -0. | -0. || -0. | -0. | -0. |
|*-0. |*-0. |*-0. || -0. | -0. | -0. || -0. | -0. | -0. |
|=====+=====+=====||=====+=====+=====||=====+=====+=====|
| -0. | -0. | -0. || -0. | -0. | -0. || -0. | -0. | -0. |
| -0. | -0. | -0. || -0. | -0. | -0. || -0. | -0. | -0. |
| -0. | -0. | -0. || -0. | -0. | -0. || -0. | -0. | -0. |

, evalForThisState=1.0, isPlayerOneTurnOriginally=false}, StateDatum{MCTSProbabilites=
|  .0 |  .0 |  .0 ||  .0 |  .0 |  .0 ||  .0 |  .0 |  .0 |
|  .0 |  .0 |  .0 ||  .0 |  .0 |  .0 ||  .0 |  .0 |  .0 |
|  .0 |  .0 |  .0 ||  .0 |  .0 |  .0 ||  .0 |  .0 |  .0 |
|========+========+========||========+========+========||========+========+========|
|  .0 |  .0 |  .0 ||  .0 |  .0 |  .0 ||  .0401 |  .0502 |  .0863 |
|  .0 |  .0 |  .0 ||  .0 |  .0 |  .0 ||  .2249 |  .0377 |  .0641 |
|  .0 |  .0 |  .0 ||  .0 |  .0 |  .0 ||  .0605 |  .1939 |  .2422 |
|========+========+========||========+========+========||========+========+========|
|  .0 |  .0 |  .0 ||  .0 |  .0 |  .0 ||  .0 |  .0 |  .0 |
|  .0 |  .0 |  .0 ||  .0 |  .0 |  .0 ||  .0 |  .0 |  .0 |
|  .0 |  .0 |  .0 ||  .0 |  .0 |  .0 ||  .0 |  .0 |  .0 |

, state=
|  0. |  0. |  0. ||  0. |  0. |  0. ||  0. |  0. |  0. |
|  0. |  0. |  0. ||  0. |  0. |  0. ||  0. |  0. |  0. |
|  0. |  0. |  0. ||  0. |  0. |  0. ||  0. |  0. |  0. |
|=====+=====+=====||=====+=====+=====||=====+=====+=====|
|  0. |  0. |  0. ||  0. |  0. |  0. ||* 0. |* 0. |* 0. |
|  1. |  0. | -1. ||  0. |  0. |  0. ||* 0. |* 0. |* 0. |
|  0. |  0. |  0. ||  0. |  0. |  0. ||* 0. |* 0. |* 0. |
|=====+=====+=====||=====+=====+=====||=====+=====+=====|
|  0. |  0. |  0. ||  0. |  0. |  0. ||  0. |  0. |  0. |
|  0. |  0. |  0. ||  0. |  0. |  0. ||  0. |  0. |  0. |
|  0. |  0. |  0. ||  0. |  0. |  0. ||  0. |  0. |  0. |

, evalForThisState=-1.0, isPlayerOneTurnOriginally=true}, StateDatum{MCTSProbabilites=
|  .0 |  .0 |  .0 ||  .0 |  .0 |  .0 ||  .0 |  .0 |  .0 |
|  .0 |  .0 |  .0 ||  .0 |  .0 |  .0 ||  .0 |  .0 |  .0 |
|  .0 |  .0 |  .0 ||  .0 |  .0 |  .0 ||  .0 |  .0 |  .0 |
|========+========+========||========+========+========||========+========+========|
|  .0 |  .0 |  .0 ||  .0 |  .0 |  .0 ||  .0 |  .0 |  .0 |
|  .0 |  .0 |  .0 ||  .0 |  .0 |  .0 ||  .0 |  .0 |  .0 |
|  .0 |  .0 |  .0 ||  .0 |  .0 |  .0 ||  .0 |  .0 |  .0 |
|========+========+========||========+========+========||========+========+========|
|  .0 |  .0 |  .0 ||  .0 |  .0 |  .0 ||  .0348 |  .0522 |  .0343 |
|  .0 |  .0 |  .0 ||  .0 |  .0 |  .0 ||  .0573 |  .3911 |  .3215 |
|  .0 |  .0 |  .0 ||  .0 |  .0 |  .0 ||  .0361 |  .0366 |  .0361 |

, state=
| -0. | -0. | -0. || -0. | -0. | -0. || -0. | -0. | -0. |
| -0. | -0. | -0. || -0. | -0. | -0. || -0. | -0. | -0. |
| -0. | -0. | -0. || -0. | -0. | -0. || -0. | -0. | -0. |
|=====+=====+=====||=====+=====+=====||=====+=====+=====|
| -0. | -0. | -0. || -0. | -0. | -0. || -0. | -0. | -0. |
| -1. | -0. |  1. || -0. | -0. | -0. || -0. | -0. | -0. |
| -0. | -0. | -0. || -0. | -0. | -0. || -0. | -0. | -1. |
|=====+=====+=====||=====+=====+=====||=====+=====+=====|
| -0. | -0. | -0. || -0. | -0. | -0. ||*-0. |*-0. |*-0. |
| -0. | -0. | -0. || -0. | -0. | -0. ||*-0. |*-0. |*-0. |
| -0. | -0. | -0. || -0. | -0. | -0. ||*-0. |*-0. |*-0. |

, evalForThisState=1.0, isPlayerOneTurnOriginally=false}, StateDatum{MCTSProbabilites=
|  .0 |  .0 |  .0 ||  .0 |  .0 |  .0 ||  .0 |  .0 |  .0 |
|  .0 |  .0 |  .0 ||  .0 |  .0 |  .0 ||  .0 |  .0 |  .0 |
|  .0 |  .0 |  .0 ||  .0 |  .0 |  .0 ||  .0 |  .0 |  .0 |
|========+========+========||========+========+========||========+========+========|
|  .0 |  .0 |  .0 ||  .0302 |  .038 |  .2748 ||  .0 |  .0 |  .0 |
|  .0 |  .0 |  .0 ||  .0795 |  .0985 |  .0613 ||  .0 |  .0 |  .0 |
|  .0 |  .0 |  .0 ||  .1322 |  .0384 |  .2471 ||  .0 |  .0 |  .0 |
|========+========+========||========+========+========||========+========+========|
|  .0 |  .0 |  .0 ||  .0 |  .0 |  .0 ||  .0 |  .0 |  .0 |
|  .0 |  .0 |  .0 ||  .0 |  .0 |  .0 ||  .0 |  .0 |  .0 |
|  .0 |  .0 |  .0 ||  .0 |  .0 |  .0 ||  .0 |  .0 |  .0 |

, state=
|  0. |  0. |  0. ||  0. |  0. |  0. ||  0. |  0. |  0. |
|  0. |  0. |  0. ||  0. |  0. |  0. ||  0. |  0. |  0. |
|  0. |  0. |  0. ||  0. |  0. |  0. ||  0. |  0. |  0. |
|=====+=====+=====||=====+=====+=====||=====+=====+=====|
|  0. |  0. |  0. ||* 0. |* 0. |* 0. ||  0. |  0. |  0. |
|  1. |  0. | -1. ||* 0. |* 0. |* 0. ||  0. |  0. |  0. |
|  0. |  0. |  0. ||* 0. |* 0. |* 0. ||  0. |  0. |  1. |
|=====+=====+=====||=====+=====+=====||=====+=====+=====|
|  0. |  0. |  0. ||  0. |  0. |  0. ||  0. |  0. |  0. |
|  0. |  0. |  0. ||  0. |  0. |  0. ||  0. | -1. |  0. |
|  0. |  0. |  0. ||  0. |  0. |  0. ||  0. |  0. |  0. |

, evalForThisState=-1.0, isPlayerOneTurnOriginally=true}, StateDatum{MCTSProbabilites=
|  .0 |  .0 |  .0 ||  .0 |  .0 |  .0 ||  .042 |  .0477 |  .0414 |
|  .0 |  .0 |  .0 ||  .0 |  .0 |  .0 ||  .3568 |  .0579 |  .3181 |
|  .0 |  .0 |  .0 ||  .0 |  .0 |  .0 ||  .0385 |  .061 |  .0366 |
|========+========+========||========+========+========||========+========+========|
|  .0 |  .0 |  .0 ||  .0 |  .0 |  .0 ||  .0 |  .0 |  .0 |
|  .0 |  .0 |  .0 ||  .0 |  .0 |  .0 ||  .0 |  .0 |  .0 |
|  .0 |  .0 |  .0 ||  .0 |  .0 |  .0 ||  .0 |  .0 |  .0 |
|========+========+========||========+========+========||========+========+========|
|  .0 |  .0 |  .0 ||  .0 |  .0 |  .0 ||  .0 |  .0 |  .0 |
|  .0 |  .0 |  .0 ||  .0 |  .0 |  .0 ||  .0 |  .0 |  .0 |
|  .0 |  .0 |  .0 ||  .0 |  .0 |  .0 ||  .0 |  .0 |  .0 |

, state=
| -0. | -0. | -0. || -0. | -0. | -0. ||*-0. |*-0. |*-0. |
| -0. | -0. | -0. || -0. | -0. | -0. ||*-0. |*-0. |*-0. |
| -0. | -0. | -0. || -0. | -0. | -0. ||*-0. |*-0. |*-0. |
|=====+=====+=====||=====+=====+=====||=====+=====+=====|
| -0. | -0. | -0. || -0. | -0. | -1. || -0. | -0. | -0. |
| -1. | -0. |  1. || -0. | -0. | -0. || -0. | -0. | -0. |
| -0. | -0. | -0. || -0. | -0. | -0. || -0. | -0. | -1. |
|=====+=====+=====||=====+=====+=====||=====+=====+=====|
| -0. | -0. | -0. || -0. | -0. | -0. || -0. | -0. | -0. |
| -0. | -0. | -0. || -0. | -0. | -0. || -0. |  1. | -0. |
| -0. | -0. | -0. || -0. | -0. | -0. || -0. | -0. | -0. |

, evalForThisState=1.0, isPlayerOneTurnOriginally=false}, StateDatum{MCTSProbabilites=
|  .0 |  .0 |  .0 ||  .0 |  .0 |  .0 ||  .0 |  .0 |  .0 |
|  .0 |  .0 |  .0 ||  .0 |  .0 |  .0 ||  .0 |  .0 |  .0 |
|  .0 |  .0 |  .0 ||  .0 |  .0 |  .0 ||  .0 |  .0 |  .0 |
|========+========+========||========+========+========||========+========+========|
|  .1329 |  .0919 |  .0481 ||  .0 |  .0 |  .0 ||  .0 |  .0 |  .0 |
|  .0 |  .3043 |  .0 ||  .0 |  .0 |  .0 ||  .0 |  .0 |  .0 |
|  .1208 |  .1249 |  .1771 ||  .0 |  .0 |  .0 ||  .0 |  .0 |  .0 |
|========+========+========||========+========+========||========+========+========|
|  .0 |  .0 |  .0 ||  .0 |  .0 |  .0 ||  .0 |  .0 |  .0 |
|  .0 |  .0 |  .0 ||  .0 |  .0 |  .0 ||  .0 |  .0 |  .0 |
|  .0 |  .0 |  .0 ||  .0 |  .0 |  .0 ||  .0 |  .0 |  .0 |

, state=
|  0. |  0. |  0. ||  0. |  0. |  0. ||  0. |  0. |  0. |
|  0. |  0. |  0. ||  0. |  0. |  0. || -1. |  0. |  0. |
|  0. |  0. |  0. ||  0. |  0. |  0. ||  0. |  0. |  0. |
|=====+=====+=====||=====+=====+=====||=====+=====+=====|
|* 0. |* 0. |* 0. ||  0. |  0. |  1. ||  0. |  0. |  0. |
|* 1. |* 0. |*-1. ||  0. |  0. |  0. ||  0. |  0. |  0. |
|* 0. |* 0. |* 0. ||  0. |  0. |  0. ||  0. |  0. |  1. |
|=====+=====+=====||=====+=====+=====||=====+=====+=====|
|  0. |  0. |  0. ||  0. |  0. |  0. ||  0. |  0. |  0. |
|  0. |  0. |  0. ||  0. |  0. |  0. ||  0. | -1. |  0. |
|  0. |  0. |  0. ||  0. |  0. |  0. ||  0. |  0. |  0. |

, evalForThisState=-1.0, isPlayerOneTurnOriginally=true}, StateDatum{MCTSProbabilites=
|  .0 |  .0 |  .0 ||  .0 |  .0 |  .0 ||  .0 |  .0 |  .0 |
|  .0 |  .0 |  .0 ||  .0 |  .0 |  .0 ||  .0 |  .0 |  .0 |
|  .0 |  .0 |  .0 ||  .0 |  .0 |  .0 ||  .0 |  .0 |  .0 |
|========+========+========||========+========+========||========+========+========|
|  .0 |  .0 |  .0 ||  .2378 |  .0465 |  .0 ||  .0 |  .0 |  .0 |
|  .0 |  .0 |  .0 ||  .034 |  .1391 |  .0357 ||  .0 |  .0 |  .0 |
|  .0 |  .0 |  .0 ||  .2127 |  .0482 |  .2459 ||  .0 |  .0 |  .0 |
|========+========+========||========+========+========||========+========+========|
|  .0 |  .0 |  .0 ||  .0 |  .0 |  .0 ||  .0 |  .0 |  .0 |
|  .0 |  .0 |  .0 ||  .0 |  .0 |  .0 ||  .0 |  .0 |  .0 |
|  .0 |  .0 |  .0 ||  .0 |  .0 |  .0 ||  .0 |  .0 |  .0 |

, state=
| -0. | -0. | -0. || -0. | -0. | -0. || -0. | -0. | -0. |
| -0. | -0. | -0. || -0. | -0. | -0. ||  1. | -0. | -0. |
| -0. | -0. | -0. || -0. | -0. | -0. || -0. | -0. | -0. |
|=====+=====+=====||=====+=====+=====||=====+=====+=====|
| -0. | -0. | -0. ||*-0. |*-0. |*-1. || -0. | -0. | -0. |
| -1. | -1. |  1. ||*-0. |*-0. |*-0. || -0. | -0. | -0. |
| -0. | -0. | -0. ||*-0. |*-0. |*-0. || -0. | -0. | -1. |
|=====+=====+=====||=====+=====+=====||=====+=====+=====|
| -0. | -0. | -0. || -0. | -0. | -0. || -0. | -0. | -0. |
| -0. | -0. | -0. || -0. | -0. | -0. || -0. |  1. | -0. |
| -0. | -0. | -0. || -0. | -0. | -0. || -0. | -0. | -0. |

, evalForThisState=1.0, isPlayerOneTurnOriginally=false}, StateDatum{MCTSProbabilites=
|  .0 |  .0 |  .0 ||  .0 |  .0 |  .0 ||  .0 |  .0 |  .0 |
|  .0 |  .0 |  .0 ||  .0 |  .0 |  .0 ||  .0 |  .0 |  .0 |
|  .0 |  .0 |  .0 ||  .0 |  .0 |  .0 ||  .0 |  .0 |  .0 |
|========+========+========||========+========+========||========+========+========|
|  .0 |  .0 |  .0 ||  .0 |  .0 |  .0 ||  .0 |  .0 |  .0 |
|  .0 |  .0 |  .0 ||  .0 |  .0 |  .0 ||  .0 |  .0 |  .0 |
|  .0 |  .0 |  .0 ||  .0 |  .0 |  .0 ||  .0 |  .0 |  .0 |
|========+========+========||========+========+========||========+========+========|
|  .0 |  .0 |  .0 ||  .0 |  .0 |  .0 ||  .1464 |  .0539 |  .0203 |
|  .0 |  .0 |  .0 ||  .0 |  .0 |  .0 ||  .0242 |  .0 |  .1267 |
|  .0 |  .0 |  .0 ||  .0 |  .0 |  .0 ||  .0368 |  .3145 |  .2773 |

, state=
|  0. |  0. |  0. ||  0. |  0. |  0. ||  0. |  0. |  0. |
|  0. |  0. |  0. ||  0. |  0. |  0. || -1. |  0. |  0. |
|  0. |  0. |  0. ||  0. |  0. |  0. ||  0. |  0. |  0. |
|=====+=====+=====||=====+=====+=====||=====+=====+=====|
|  0. |  0. |  0. ||  0. |  0. |  1. ||  0. |  0. |  0. |
|  1. |  1. | -1. ||  0. |  0. |  0. ||  0. |  0. |  0. |
|  0. |  0. |  0. ||  0. |  0. | -1. ||  0. |  0. |  1. |
|=====+=====+=====||=====+=====+=====||=====+=====+=====|
|  0. |  0. |  0. ||  0. |  0. |  0. ||* 0. |* 0. |* 0. |
|  0. |  0. |  0. ||  0. |  0. |  0. ||* 0. |*-1. |* 0. |
|  0. |  0. |  0. ||  0. |  0. |  0. ||* 0. |* 0. |* 0. |

, evalForThisState=-1.0, isPlayerOneTurnOriginally=true}, StateDatum{MCTSProbabilites=
|  .0 |  .0 |  .0 ||  .0 |  .0 |  .0 ||  .0 |  .0 |  .0 |
|  .0 |  .0 |  .0 ||  .0 |  .0 |  .0 ||  .0 |  .0 |  .0 |
|  .0 |  .0 |  .0 ||  .0 |  .0 |  .0 ||  .0 |  .0 |  .0 |
|========+========+========||========+========+========||========+========+========|
|  .0 |  .0 |  .0 ||  .0 |  .0 |  .0 ||  .0 |  .0 |  .0 |
|  .0 |  .0 |  .0 ||  .0 |  .0 |  .0 ||  .0 |  .0 |  .0 |
|  .0 |  .0 |  .0 ||  .0 |  .0 |  .0 ||  .0 |  .0 |  .0 |
|========+========+========||========+========+========||========+========+========|
|  .0 |  .0 |  .0 ||  .2638 |  .1355 |  .0784 ||  .0 |  .0 |  .0 |
|  .0 |  .0 |  .0 ||  .1702 |  .0372 |  .0525 ||  .0 |  .0 |  .0 |
|  .0 |  .0 |  .0 ||  .0361 |  .0397 |  .1866 ||  .0 |  .0 |  .0 |

, state=
| -0. | -0. | -0. || -0. | -0. | -0. || -0. | -0. | -0. |
| -0. | -0. | -0. || -0. | -0. | -0. ||  1. | -0. | -0. |
| -0. | -0. | -0. || -0. | -0. | -0. || -0. | -0. | -0. |
|=====+=====+=====||=====+=====+=====||=====+=====+=====|
| -0. | -0. | -0. || -0. | -0. | -1. || -0. | -0. | -0. |
| -1. | -1. |  1. || -0. | -0. | -0. || -0. | -0. | -0. |
| -0. | -0. | -0. || -0. | -0. |  1. || -0. | -0. | -1. |
|=====+=====+=====||=====+=====+=====||=====+=====+=====|
| -0. | -0. | -0. ||*-0. |*-0. |*-0. || -0. | -0. | -0. |
| -0. | -0. | -0. ||*-0. |*-0. |*-0. || -0. |  1. | -0. |
| -0. | -0. | -0. ||*-0. |*-0. |*-0. || -0. | -1. | -0. |

, evalForThisState=1.0, isPlayerOneTurnOriginally=false}, StateDatum{MCTSProbabilites=
|  .0501 |  .0393 |  .1859 ||  .0 |  .0 |  .0 ||  .0 |  .0 |  .0 |
|  .1545 |  .1019 |  .0496 ||  .0 |  .0 |  .0 ||  .0 |  .0 |  .0 |
|  .235 |  .0862 |  .0975 ||  .0 |  .0 |  .0 ||  .0 |  .0 |  .0 |
|========+========+========||========+========+========||========+========+========|
|  .0 |  .0 |  .0 ||  .0 |  .0 |  .0 ||  .0 |  .0 |  .0 |
|  .0 |  .0 |  .0 ||  .0 |  .0 |  .0 ||  .0 |  .0 |  .0 |
|  .0 |  .0 |  .0 ||  .0 |  .0 |  .0 ||  .0 |  .0 |  .0 |
|========+========+========||========+========+========||========+========+========|
|  .0 |  .0 |  .0 ||  .0 |  .0 |  .0 ||  .0 |  .0 |  .0 |
|  .0 |  .0 |  .0 ||  .0 |  .0 |  .0 ||  .0 |  .0 |  .0 |
|  .0 |  .0 |  .0 ||  .0 |  .0 |  .0 ||  .0 |  .0 |  .0 |

, state=
|* 0. |* 0. |* 0. ||  0. |  0. |  0. ||  0. |  0. |  0. |
|* 0. |* 0. |* 0. ||  0. |  0. |  0. || -1. |  0. |  0. |
|* 0. |* 0. |* 0. ||  0. |  0. |  0. ||  0. |  0. |  0. |
|=====+=====+=====||=====+=====+=====||=====+=====+=====|
|  0. |  0. |  0. ||  0. |  0. |  1. ||  0. |  0. |  0. |
|  1. |  1. | -1. ||  0. |  0. |  0. ||  0. |  0. |  0. |
|  0. |  0. |  0. ||  0. |  0. | -1. ||  0. |  0. |  1. |
|=====+=====+=====||=====+=====+=====||=====+=====+=====|
|  0. |  0. |  0. || -1. |  0. |  0. ||  0. |  0. |  0. |
|  0. |  0. |  0. ||  0. |  0. |  0. ||  0. | -1. |  0. |
|  0. |  0. |  0. ||  0. |  0. |  0. ||  0. |  1. |  0. |

, evalForThisState=-1.0, isPlayerOneTurnOriginally=true}, StateDatum{MCTSProbabilites=
|  .0 |  .0 |  .0 ||  .0 |  .0 |  .0 ||  .0 |  .0 |  .0 |
|  .0 |  .0 |  .0 ||  .0 |  .0 |  .0 ||  .0 |  .0 |  .0 |
|  .0 |  .0 |  .0 ||  .0 |  .0 |  .0 ||  .0 |  .0 |  .0 |
|========+========+========||========+========+========||========+========+========|
|  .0 |  .0 |  .0 ||  .0 |  .0 |  .0 ||  .0 |  .0 |  .0 |
|  .0 |  .0 |  .0 ||  .0 |  .0 |  .0 ||  .0 |  .0 |  .0 |
|  .0 |  .0 |  .0 ||  .0 |  .0 |  .0 ||  .0 |  .0 |  .0 |
|========+========+========||========+========+========||========+========+========|
|  .0874 |  .06 |  .0826 ||  .0 |  .0 |  .0 ||  .0 |  .0 |  .0 |
|  .1563 |  .1134 |  .148 ||  .0 |  .0 |  .0 ||  .0 |  .0 |  .0 |
|  .0839 |  .13 |  .1383 ||  .0 |  .0 |  .0 ||  .0 |  .0 |  .0 |

, state=
| -0. | -0. | -0. || -0. | -0. | -0. || -0. | -0. | -0. |
| -0. | -0. | -0. || -0. | -0. | -0. ||  1. | -0. | -0. |
| -1. | -0. | -0. || -0. | -0. | -0. || -0. | -0. | -0. |
|=====+=====+=====||=====+=====+=====||=====+=====+=====|
| -0. | -0. | -0. || -0. | -0. | -1. || -0. | -0. | -0. |
| -1. | -1. |  1. || -0. | -0. | -0. || -0. | -0. | -0. |
| -0. | -0. | -0. || -0. | -0. |  1. || -0. | -0. | -1. |
|=====+=====+=====||=====+=====+=====||=====+=====+=====|
|*-0. |*-0. |*-0. ||  1. | -0. | -0. || -0. | -0. | -0. |
|*-0. |*-0. |*-0. || -0. | -0. | -0. || -0. |  1. | -0. |
|*-0. |*-0. |*-0. || -0. | -0. | -0. || -0. | -1. | -0. |

, evalForThisState=1.0, isPlayerOneTurnOriginally=false}, StateDatum{MCTSProbabilites=
|  .0 |  .0 |  .0 ||  .0 |  .0 |  .0 ||  .0 |  .0 |  .0 |
|  .0 |  .0 |  .0 ||  .0 |  .0 |  .0 ||  .0 |  .0 |  .0 |
|  .0 |  .0 |  .0 ||  .0 |  .0 |  .0 ||  .0 |  .0 |  .0 |
|========+========+========||========+========+========||========+========+========|
|  .1136 |  .0888 |  .1736 ||  .0 |  .0 |  .0 ||  .0 |  .0 |  .0 |
|  .0 |  .0 |  .0 ||  .0 |  .0 |  .0 ||  .0 |  .0 |  .0 |
|  .204 |  .2394 |  .1806 ||  .0 |  .0 |  .0 ||  .0 |  .0 |  .0 |
|========+========+========||========+========+========||========+========+========|
|  .0 |  .0 |  .0 ||  .0 |  .0 |  .0 ||  .0 |  .0 |  .0 |
|  .0 |  .0 |  .0 ||  .0 |  .0 |  .0 ||  .0 |  .0 |  .0 |
|  .0 |  .0 |  .0 ||  .0 |  .0 |  .0 ||  .0 |  .0 |  .0 |

, state=
|  0. |  0. |  0. ||  0. |  0. |  0. ||  0. |  0. |  0. |
|  0. |  0. |  0. ||  0. |  0. |  0. || -1. |  0. |  0. |
|  1. |  0. |  0. ||  0. |  0. |  0. ||  0. |  0. |  0. |
|=====+=====+=====||=====+=====+=====||=====+=====+=====|
|* 0. |* 0. |* 0. ||  0. |  0. |  1. ||  0. |  0. |  0. |
|* 1. |* 1. |*-1. ||  0. |  0. |  0. ||  0. |  0. |  0. |
|* 0. |* 0. |* 0. ||  0. |  0. | -1. ||  0. |  0. |  1. |
|=====+=====+=====||=====+=====+=====||=====+=====+=====|
|  0. |  0. |  0. || -1. |  0. |  0. ||  0. |  0. |  0. |
| -1. |  0. |  0. ||  0. |  0. |  0. ||  0. | -1. |  0. |
|  0. |  0. |  0. ||  0. |  0. |  0. ||  0. |  1. |  0. |

, evalForThisState=-1.0, isPlayerOneTurnOriginally=true}, StateDatum{MCTSProbabilites=
|  .0 |  .0 |  .0 ||  .0 |  .0 |  .0 ||  .0 |  .0 |  .0 |
|  .0 |  .0 |  .0 ||  .0 |  .0 |  .0 ||  .0 |  .0 |  .0 |
|  .0 |  .0 |  .0 ||  .0 |  .0 |  .0 ||  .0 |  .0 |  .0 |
|========+========+========||========+========+========||========+========+========|
|  .0 |  .0 |  .0 ||  .0 |  .0 |  .0 ||  .0 |  .0 |  .0 |
|  .0 |  .0 |  .0 ||  .0 |  .0 |  .0 ||  .0 |  .0 |  .0 |
|  .0 |  .0 |  .0 ||  .0 |  .0 |  .0 ||  .0 |  .0 |  .0 |
|========+========+========||========+========+========||========+========+========|
|  .0 |  .0 |  .0 ||  .0 |  .1389 |  .0308 ||  .0 |  .0 |  .0 |
|  .0 |  .0 |  .0 ||  .135 |  .1846 |  .1664 ||  .0 |  .0 |  .0 |
|  .0 |  .0 |  .0 ||  .1728 |  .1374 |  .034 ||  .0 |  .0 |  .0 |

, state=
| -0. | -0. | -0. || -0. | -0. | -0. || -0. | -0. | -0. |
| -0. | -0. | -0. || -0. | -0. | -0. ||  1. | -0. | -0. |
| -1. | -0. | -0. || -0. | -0. | -0. || -0. | -0. | -0. |
|=====+=====+=====||=====+=====+=====||=====+=====+=====|
| -0. | -0. | -0. || -0. | -0. | -1. || -0. | -0. | -0. |
| -1. | -1. |  1. || -0. | -0. | -0. || -0. | -0. | -0. |
| -0. | -1. | -0. || -0. | -0. |  1. || -0. | -0. | -1. |
|=====+=====+=====||=====+=====+=====||=====+=====+=====|
| -0. | -0. | -0. ||* 1. |*-0. |*-0. || -0. | -0. | -0. |
|  1. | -0. | -0. ||*-0. |*-0. |*-0. || -0. |  1. | -0. |
| -0. | -0. | -0. ||*-0. |*-0. |*-0. || -0. | -1. | -0. |

, evalForThisState=1.0, isPlayerOneTurnOriginally=false}, StateDatum{MCTSProbabilites=
|  .0 |  .0 |  .0 ||  .0 |  .0 |  .0 ||  .0 |  .0 |  .0 |
|  .0 |  .0 |  .0 ||  .0 |  .0 |  .0 ||  .0 |  .0 |  .0 |
|  .0 |  .0 |  .0 ||  .0 |  .0 |  .0 ||  .0 |  .0 |  .0 |
|========+========+========||========+========+========||========+========+========|
|  .0 |  .0 |  .0 ||  .1131 |  .0804 |  .0 ||  .0 |  .0 |  .0 |
|  .0 |  .0 |  .0 ||  .169 |  .0893 |  .2738 ||  .0 |  .0 |  .0 |
|  .0 |  .0 |  .0 ||  .1253 |  .149 |  .0 ||  .0 |  .0 |  .0 |
|========+========+========||========+========+========||========+========+========|
|  .0 |  .0 |  .0 ||  .0 |  .0 |  .0 ||  .0 |  .0 |  .0 |
|  .0 |  .0 |  .0 ||  .0 |  .0 |  .0 ||  .0 |  .0 |  .0 |
|  .0 |  .0 |  .0 ||  .0 |  .0 |  .0 ||  .0 |  .0 |  .0 |

, state=
|  0. |  0. |  0. ||  0. |  0. |  0. ||  0. |  0. |  0. |
|  0. |  0. |  0. ||  0. |  0. |  0. || -1. |  0. |  0. |
|  1. |  0. |  0. ||  0. |  0. |  0. ||  0. |  0. |  0. |
|=====+=====+=====||=====+=====+=====||=====+=====+=====|
|  0. |  0. |  0. ||* 0. |* 0. |* 1. ||  0. |  0. |  0. |
|  1. |  1. | -1. ||* 0. |* 0. |* 0. ||  0. |  0. |  0. |
|  0. |  1. |  0. ||* 0. |* 0. |*-1. ||  0. |  0. |  1. |
|=====+=====+=====||=====+=====+=====||=====+=====+=====|
|  0. |  0. |  0. || -1. |  0. |  0. ||  0. |  0. |  0. |
| -1. |  0. |  0. ||  0. | -1. |  0. ||  0. | -1. |  0. |
|  0. |  0. |  0. ||  0. |  0. |  0. ||  0. |  1. |  0. |

, evalForThisState=-1.0, isPlayerOneTurnOriginally=true}, StateDatum{MCTSProbabilites=
|  .0 |  .0 |  .0 ||  .0 |  .0 |  .0 ||  .0 |  .0 |  .0 |
|  .0 |  .0 |  .0 ||  .0 |  .0 |  .0 ||  .0 |  .0 |  .0 |
|  .0 |  .0 |  .0 ||  .0 |  .0 |  .0 ||  .0 |  .0 |  .0 |
|========+========+========||========+========+========||========+========+========|
|  .0 |  .0 |  .0 ||  .0 |  .0 |  .0 ||  .1538 |  .1242 |  .0923 |
|  .0 |  .0 |  .0 ||  .0 |  .0 |  .0 ||  .1118 |  .1689 |  .1685 |
|  .0 |  .0 |  .0 ||  .0 |  .0 |  .0 ||  .0765 |  .104 |  .0 |
|========+========+========||========+========+========||========+========+========|
|  .0 |  .0 |  .0 ||  .0 |  .0 |  .0 ||  .0 |  .0 |  .0 |
|  .0 |  .0 |  .0 ||  .0 |  .0 |  .0 ||  .0 |  .0 |  .0 |
|  .0 |  .0 |  .0 ||  .0 |  .0 |  .0 ||  .0 |  .0 |  .0 |

, state=
| -0. | -0. | -0. || -0. | -0. | -0. || -0. | -0. | -0. |
| -0. | -0. | -0. || -0. | -0. | -0. ||  1. | -0. | -0. |
| -1. | -0. | -0. || -0. | -0. | -0. || -0. | -0. | -0. |
|=====+=====+=====||=====+=====+=====||=====+=====+=====|
| -0. | -0. | -0. || -0. | -0. | -1. ||*-0. |*-0. |*-0. |
| -1. | -1. |  1. || -0. | -0. | -1. ||*-0. |*-0. |*-0. |
| -0. | -1. | -0. || -0. | -0. |  1. ||*-0. |*-0. |*-1. |
|=====+=====+=====||=====+=====+=====||=====+=====+=====|
| -0. | -0. | -0. ||  1. | -0. | -0. || -0. | -0. | -0. |
|  1. | -0. | -0. || -0. |  1. | -0. || -0. |  1. | -0. |
| -0. | -0. | -0. || -0. | -0. | -0. || -0. | -1. | -0. |

, evalForThisState=1.0, isPlayerOneTurnOriginally=false}, StateDatum{MCTSProbabilites=
|  .0 |  .0 |  .0 ||  .0 |  .0 |  .0 ||  .0 |  .0 |  .0 |
|  .0 |  .0 |  .0 ||  .0 |  .0 |  .0 ||  .0 |  .0 |  .0 |
|  .0 |  .0 |  .0 ||  .0 |  .0 |  .0 ||  .0 |  .0 |  .0 |
|========+========+========||========+========+========||========+========+========|
|  .0 |  .0 |  .0 ||  .1248 |  .2175 |  .0 ||  .0 |  .0 |  .0 |
|  .0 |  .0 |  .0 ||  .1984 |  .1054 |  .0 ||  .0 |  .0 |  .0 |
|  .0 |  .0 |  .0 ||  .1726 |  .1813 |  .0 ||  .0 |  .0 |  .0 |
|========+========+========||========+========+========||========+========+========|
|  .0 |  .0 |  .0 ||  .0 |  .0 |  .0 ||  .0 |  .0 |  .0 |
|  .0 |  .0 |  .0 ||  .0 |  .0 |  .0 ||  .0 |  .0 |  .0 |
|  .0 |  .0 |  .0 ||  .0 |  .0 |  .0 ||  .0 |  .0 |  .0 |

, state=
|  0. |  0. |  0. ||  0. |  0. |  0. ||  0. |  0. |  0. |
|  0. |  0. |  0. ||  0. |  0. |  0. || -1. |  0. |  0. |
|  1. |  0. |  0. ||  0. |  0. |  0. ||  0. |  0. |  0. |
|=====+=====+=====||=====+=====+=====||=====+=====+=====|
|  0. |  0. |  0. ||* 0. |* 0. |* 1. ||  0. |  0. |  0. |
|  1. |  1. | -1. ||* 0. |* 0. |* 1. ||  0. | -1. |  0. |
|  0. |  1. |  0. ||* 0. |* 0. |*-1. ||  0. |  0. |  1. |
|=====+=====+=====||=====+=====+=====||=====+=====+=====|
|  0. |  0. |  0. || -1. |  0. |  0. ||  0. |  0. |  0. |
| -1. |  0. |  0. ||  0. | -1. |  0. ||  0. | -1. |  0. |
|  0. |  0. |  0. ||  0. |  0. |  0. ||  0. |  1. |  0. |

, evalForThisState=-1.0, isPlayerOneTurnOriginally=true}, StateDatum{MCTSProbabilites=
|  .0 |  .0 |  .0 ||  .0961 |  .1585 |  .1364 ||  .0 |  .0 |  .0 |
|  .0 |  .0 |  .0 ||  .085 |  .0947 |  .0968 ||  .0 |  .0 |  .0 |
|  .0 |  .0 |  .0 ||  .1123 |  .1034 |  .1167 ||  .0 |  .0 |  .0 |
|========+========+========||========+========+========||========+========+========|
|  .0 |  .0 |  .0 ||  .0 |  .0 |  .0 ||  .0 |  .0 |  .0 |
|  .0 |  .0 |  .0 ||  .0 |  .0 |  .0 ||  .0 |  .0 |  .0 |
|  .0 |  .0 |  .0 ||  .0 |  .0 |  .0 ||  .0 |  .0 |  .0 |
|========+========+========||========+========+========||========+========+========|
|  .0 |  .0 |  .0 ||  .0 |  .0 |  .0 ||  .0 |  .0 |  .0 |
|  .0 |  .0 |  .0 ||  .0 |  .0 |  .0 ||  .0 |  .0 |  .0 |
|  .0 |  .0 |  .0 ||  .0 |  .0 |  .0 ||  .0 |  .0 |  .0 |

, state=
| -0. | -0. | -0. ||*-0. |*-0. |*-0. || -0. | -0. | -0. |
| -0. | -0. | -0. ||*-0. |*-0. |*-0. ||  1. | -0. | -0. |
| -1. | -0. | -0. ||*-0. |*-0. |*-0. || -0. | -0. | -0. |
|=====+=====+=====||=====+=====+=====||=====+=====+=====|
| -0. | -0. | -0. || -0. | -1. | -1. || -0. | -0. | -0. |
| -1. | -1. |  1. || -0. | -0. | -1. || -0. |  1. | -0. |
| -0. | -1. | -0. || -0. | -0. |  1. || -0. | -0. | -1. |
|=====+=====+=====||=====+=====+=====||=====+=====+=====|
| -0. | -0. | -0. ||  1. | -0. | -0. || -0. | -0. | -0. |
|  1. | -0. | -0. || -0. |  1. | -0. || -0. |  1. | -0. |
| -0. | -0. | -0. || -0. | -0. | -0. || -0. | -1. | -0. |

, evalForThisState=1.0, isPlayerOneTurnOriginally=false}, StateDatum{MCTSProbabilites=
|  .0 |  .0 |  .0 ||  .0946 |  .0 |  .096 ||  .0 |  .0 |  .0 |
|  .0 |  .0 |  .0 ||  .1112 |  .1429 |  .142 ||  .0 |  .0 |  .0 |
|  .0 |  .0 |  .0 ||  .1338 |  .1052 |  .1741 ||  .0 |  .0 |  .0 |
|========+========+========||========+========+========||========+========+========|
|  .0 |  .0 |  .0 ||  .0 |  .0 |  .0 ||  .0 |  .0 |  .0 |
|  .0 |  .0 |  .0 ||  .0 |  .0 |  .0 ||  .0 |  .0 |  .0 |
|  .0 |  .0 |  .0 ||  .0 |  .0 |  .0 ||  .0 |  .0 |  .0 |
|========+========+========||========+========+========||========+========+========|
|  .0 |  .0 |  .0 ||  .0 |  .0 |  .0 ||  .0 |  .0 |  .0 |
|  .0 |  .0 |  .0 ||  .0 |  .0 |  .0 ||  .0 |  .0 |  .0 |
|  .0 |  .0 |  .0 ||  .0 |  .0 |  .0 ||  .0 |  .0 |  .0 |

, state=
|  0. |  0. |  0. ||* 0. |*-1. |* 0. ||  0. |  0. |  0. |
|  0. |  0. |  0. ||* 0. |* 0. |* 0. || -1. |  0. |  0. |
|  1. |  0. |  0. ||* 0. |* 0. |* 0. ||  0. |  0. |  0. |
|=====+=====+=====||=====+=====+=====||=====+=====+=====|
|  0. |  0. |  0. ||  0. |  1. |  1. ||  0. |  0. |  0. |
|  1. |  1. | -1. ||  0. |  0. |  1. ||  0. | -1. |  0. |
|  0. |  1. |  0. ||  0. |  0. | -1. ||  0. |  0. |  1. |
|=====+=====+=====||=====+=====+=====||=====+=====+=====|
|  0. |  0. |  0. || -1. |  0. |  0. ||  0. |  0. |  0. |
| -1. |  0. |  0. ||  0. | -1. |  0. ||  0. | -1. |  0. |
|  0. |  0. |  0. ||  0. |  0. |  0. ||  0. |  1. |  0. |

, evalForThisState=-1.0, isPlayerOneTurnOriginally=true}, StateDatum{MCTSProbabilites=
|  .0 |  .0 |  .0 ||  .0 |  .0 |  .0 ||  .0 |  .0 |  .0 |
|  .0 |  .0 |  .0 ||  .0 |  .0 |  .0 ||  .0 |  .0 |  .0 |
|  .0 |  .0 |  .0 ||  .0 |  .0 |  .0 ||  .0 |  .0 |  .0 |
|========+========+========||========+========+========||========+========+========|
|  .0 |  .0 |  .0 ||  .0 |  .0 |  .0 ||  .0 |  .0 |  .0 |
|  .0 |  .0 |  .0 ||  .0 |  .0 |  .0 ||  .0 |  .0 |  .0 |
|  .0 |  .0 |  .0 ||  .0 |  .0 |  .0 ||  .0 |  .0 |  .0 |
|========+========+========||========+========+========||========+========+========|
|  .0 |  .0 |  .0 ||  .0 |  .0 |  .0 ||  .0856 |  .1861 |  .1085 |
|  .0 |  .0 |  .0 ||  .0 |  .0 |  .0 ||  .0684 |  .0 |  .1525 |
|  .0 |  .0 |  .0 ||  .0 |  .0 |  .0 ||  .2002 |  .0 |  .1987 |

, state=
| -0. | -0. | -0. || -0. |  1. | -0. || -0. | -0. | -0. |
| -0. | -0. | -0. || -0. | -0. | -0. ||  1. | -0. | -0. |
| -1. | -0. | -0. || -0. | -0. | -1. || -0. | -0. | -0. |
|=====+=====+=====||=====+=====+=====||=====+=====+=====|
| -0. | -0. | -0. || -0. | -1. | -1. || -0. | -0. | -0. |
| -1. | -1. |  1. || -0. | -0. | -1. || -0. |  1. | -0. |
| -0. | -1. | -0. || -0. | -0. |  1. || -0. | -0. | -1. |
|=====+=====+=====||=====+=====+=====||=====+=====+=====|
| -0. | -0. | -0. ||  1. | -0. | -0. ||*-0. |*-0. |*-0. |
|  1. | -0. | -0. || -0. |  1. | -0. ||*-0. |* 1. |*-0. |
| -0. | -0. | -0. || -0. | -0. | -0. ||*-0. |*-1. |*-0. |

, evalForThisState=1.0, isPlayerOneTurnOriginally=false}, StateDatum{MCTSProbabilites=
|  .0 |  .0 |  .0 ||  .0 |  .0 |  .0 ||  .0 |  .0 |  .0 |
|  .0 |  .0 |  .0 ||  .0 |  .0 |  .0 ||  .0 |  .0 |  .0 |
|  .0 |  .0 |  .0 ||  .0 |  .0 |  .0 ||  .0 |  .0 |  .0 |
|========+========+========||========+========+========||========+========+========|
|  .0 |  .0 |  .0 ||  .0 |  .0 |  .0 ||  .0 |  .0 |  .0 |
|  .0 |  .0 |  .0 ||  .0 |  .0 |  .0 ||  .0 |  .0 |  .0 |
|  .0 |  .0 |  .0 ||  .0 |  .0 |  .0 ||  .0 |  .0 |  .0 |
|========+========+========||========+========+========||========+========+========|
|  .1082 |  .1046 |  .1418 ||  .0 |  .0 |  .0 ||  .0 |  .0 |  .0 |
|  .0 |  .0966 |  .144 ||  .0 |  .0 |  .0 ||  .0 |  .0 |  .0 |
|  .1267 |  .1365 |  .1417 ||  .0 |  .0 |  .0 ||  .0 |  .0 |  .0 |

, state=
|  0. |  0. |  0. ||  0. | -1. |  0. ||  0. |  0. |  0. |
|  0. |  0. |  0. ||  0. |  0. |  0. || -1. |  0. |  0. |
|  1. |  0. |  0. ||  0. |  0. |  1. ||  0. |  0. |  0. |
|=====+=====+=====||=====+=====+=====||=====+=====+=====|
|  0. |  0. |  0. ||  0. |  1. |  1. ||  0. |  0. |  0. |
|  1. |  1. | -1. ||  0. |  0. |  1. ||  0. | -1. |  0. |
|  0. |  1. |  0. ||  0. |  0. | -1. ||  0. |  0. |  1. |
|=====+=====+=====||=====+=====+=====||=====+=====+=====|
|* 0. |* 0. |* 0. || -1. |  0. |  0. ||  0. |  0. |  0. |
|*-1. |* 0. |* 0. ||  0. | -1. |  0. ||  0. | -1. |  0. |
|* 0. |* 0. |* 0. ||  0. |  0. |  0. || -1. |  1. |  0. |

, evalForThisState=-1.0, isPlayerOneTurnOriginally=true}, StateDatum{MCTSProbabilites=
|  .0 |  .0 |  .0 ||  .0 |  .0 |  .0 ||  .0 |  .0 |  .0 |
|  .0 |  .0 |  .0 ||  .0 |  .0 |  .0 ||  .0 |  .0 |  .0 |
|  .0 |  .0 |  .0 ||  .0 |  .0 |  .0 ||  .0 |  .0 |  .0 |
|========+========+========||========+========+========||========+========+========|
|  .0 |  .0 |  .0 ||  .0 |  .0 |  .0 ||  .156 |  .0971 |  .1587 |
|  .0 |  .0 |  .0 ||  .0 |  .0 |  .0 ||  .1866 |  .0 |  .1152 |
|  .0 |  .0 |  .0 ||  .0 |  .0 |  .0 ||  .132 |  .1544 |  .0 |
|========+========+========||========+========+========||========+========+========|
|  .0 |  .0 |  .0 ||  .0 |  .0 |  .0 ||  .0 |  .0 |  .0 |
|  .0 |  .0 |  .0 ||  .0 |  .0 |  .0 ||  .0 |  .0 |  .0 |
|  .0 |  .0 |  .0 ||  .0 |  .0 |  .0 ||  .0 |  .0 |  .0 |

, state=
| -0. | -0. | -0. || -0. |  1. | -0. || -0. | -0. | -0. |
| -0. | -0. | -0. || -0. | -0. | -0. ||  1. | -0. | -0. |
| -1. | -0. | -0. || -0. | -0. | -1. || -0. | -0. | -0. |
|=====+=====+=====||=====+=====+=====||=====+=====+=====|
| -0. | -0. | -0. || -0. | -1. | -1. ||*-0. |*-0. |*-0. |
| -1. | -1. |  1. || -0. | -0. | -1. ||*-0. |* 1. |*-0. |
| -0. | -1. | -0. || -0. | -0. |  1. ||*-0. |*-0. |*-1. |
|=====+=====+=====||=====+=====+=====||=====+=====+=====|
| -0. | -0. | -0. ||  1. | -0. | -0. || -0. | -0. | -0. |
|  1. | -0. | -1. || -0. |  1. | -0. || -0. |  1. | -0. |
| -0. | -0. | -0. || -0. | -0. | -0. ||  1. | -1. | -0. |

, evalForThisState=1.0, isPlayerOneTurnOriginally=false}, StateDatum{MCTSProbabilites=
|  .0 |  .0 |  .0 ||  .0 |  .0 |  .0 ||  .0 |  .0 |  .0 |
|  .0 |  .0 |  .0 ||  .0 |  .0 |  .0 ||  .0 |  .0 |  .0 |
|  .0 |  .0 |  .0 ||  .0 |  .0 |  .0 ||  .0 |  .0 |  .0 |
|========+========+========||========+========+========||========+========+========|
|  .2086 |  .3321 |  .1574 ||  .0 |  .0 |  .0 ||  .0 |  .0 |  .0 |
|  .0 |  .0 |  .0 ||  .0 |  .0 |  .0 ||  .0 |  .0 |  .0 |
|  .1769 |  .0 |  .125 ||  .0 |  .0 |  .0 ||  .0 |  .0 |  .0 |
|========+========+========||========+========+========||========+========+========|
|  .0 |  .0 |  .0 ||  .0 |  .0 |  .0 ||  .0 |  .0 |  .0 |
|  .0 |  .0 |  .0 ||  .0 |  .0 |  .0 ||  .0 |  .0 |  .0 |
|  .0 |  .0 |  .0 ||  .0 |  .0 |  .0 ||  .0 |  .0 |  .0 |

, state=
|  0. |  0. |  0. ||  0. | -1. |  0. ||  0. |  0. |  0. |
|  0. |  0. |  0. ||  0. |  0. |  0. || -1. |  0. |  0. |
|  1. |  0. |  0. ||  0. |  0. |  1. ||  0. |  0. |  0. |
|=====+=====+=====||=====+=====+=====||=====+=====+=====|
|* 0. |* 0. |* 0. ||  0. |  1. |  1. ||  0. |  0. |  0. |
|* 1. |* 1. |*-1. ||  0. |  0. |  1. || -1. | -1. |  0. |
|* 0. |* 1. |* 0. ||  0. |  0. | -1. ||  0. |  0. |  1. |
|=====+=====+=====||=====+=====+=====||=====+=====+=====|
|  0. |  0. |  0. || -1. |  0. |  0. ||  0. |  0. |  0. |
| -1. |  0. |  1. ||  0. | -1. |  0. ||  0. | -1. |  0. |
|  0. |  0. |  0. ||  0. |  0. |  0. || -1. |  1. |  0. |

, evalForThisState=-1.0, isPlayerOneTurnOriginally=true}, StateDatum{MCTSProbabilites=
|  .0 |  .0 |  .0 ||  .1398 |  .0 |  .165 ||  .0 |  .0 |  .0 |
|  .0 |  .0 |  .0 ||  .0736 |  .0932 |  .1963 ||  .0 |  .0 |  .0 |
|  .0 |  .0 |  .0 ||  .1922 |  .1398 |  .0 ||  .0 |  .0 |  .0 |
|========+========+========||========+========+========||========+========+========|
|  .0 |  .0 |  .0 ||  .0 |  .0 |  .0 ||  .0 |  .0 |  .0 |
|  .0 |  .0 |  .0 ||  .0 |  .0 |  .0 ||  .0 |  .0 |  .0 |
|  .0 |  .0 |  .0 ||  .0 |  .0 |  .0 ||  .0 |  .0 |  .0 |
|========+========+========||========+========+========||========+========+========|
|  .0 |  .0 |  .0 ||  .0 |  .0 |  .0 ||  .0 |  .0 |  .0 |
|  .0 |  .0 |  .0 ||  .0 |  .0 |  .0 ||  .0 |  .0 |  .0 |
|  .0 |  .0 |  .0 ||  .0 |  .0 |  .0 ||  .0 |  .0 |  .0 |

, state=
| -0. | -0. | -0. ||*-0. |* 1. |*-0. || -0. | -0. | -0. |
| -0. | -0. | -0. ||*-0. |*-0. |*-0. ||  1. | -0. | -0. |
| -1. | -0. | -0. ||*-0. |*-0. |*-1. || -0. | -0. | -0. |
|=====+=====+=====||=====+=====+=====||=====+=====+=====|
| -0. | -1. | -0. || -0. | -1. | -1. || -0. | -0. | -0. |
| -1. | -1. |  1. || -0. | -0. | -1. ||  1. |  1. | -0. |
| -0. | -1. | -0. || -0. | -0. |  1. || -0. | -0. | -1. |
|=====+=====+=====||=====+=====+=====||=====+=====+=====|
| -0. | -0. | -0. ||  1. | -0. | -0. || -0. | -0. | -0. |
|  1. | -0. | -1. || -0. |  1. | -0. || -0. |  1. | -0. |
| -0. | -0. | -0. || -0. | -0. | -0. ||  1. | -1. | -0. |

, evalForThisState=1.0, isPlayerOneTurnOriginally=false}, StateDatum{MCTSProbabilites=
|  .0 |  .0 |  .0 ||  .0 |  .0 |  .0 ||  .0 |  .0 |  .0 |
|  .0 |  .0 |  .0 ||  .0 |  .0 |  .0 ||  .0 |  .0 |  .0 |
|  .0 |  .0 |  .0 ||  .0 |  .0 |  .0 ||  .0 |  .0 |  .0 |
|========+========+========||========+========+========||========+========+========|
|  .0 |  .0 |  .0 ||  .0 |  .0 |  .0 ||  .1103 |  .1673 |  .0562 |
|  .0 |  .0 |  .0 ||  .0 |  .0 |  .0 ||  .0 |  .0 |  .3115 |
|  .0 |  .0 |  .0 ||  .0 |  .0 |  .0 ||  .1766 |  .1781 |  .0 |
|========+========+========||========+========+========||========+========+========|
|  .0 |  .0 |  .0 ||  .0 |  .0 |  .0 ||  .0 |  .0 |  .0 |
|  .0 |  .0 |  .0 ||  .0 |  .0 |  .0 ||  .0 |  .0 |  .0 |
|  .0 |  .0 |  .0 ||  .0 |  .0 |  .0 ||  .0 |  .0 |  .0 |

, state=
|  0. |  0. |  0. ||  0. | -1. |  0. ||  0. |  0. |  0. |
|  0. |  0. |  0. ||  0. |  0. | -1. || -1. |  0. |  0. |
|  1. |  0. |  0. ||  0. |  0. |  1. ||  0. |  0. |  0. |
|=====+=====+=====||=====+=====+=====||=====+=====+=====|
|  0. |  1. |  0. ||  0. |  1. |  1. ||* 0. |* 0. |* 0. |
|  1. |  1. | -1. ||  0. |  0. |  1. ||*-1. |*-1. |* 0. |
|  0. |  1. |  0. ||  0. |  0. | -1. ||* 0. |* 0. |* 1. |
|=====+=====+=====||=====+=====+=====||=====+=====+=====|
|  0. |  0. |  0. || -1. |  0. |  0. ||  0. |  0. |  0. |
| -1. |  0. |  1. ||  0. | -1. |  0. ||  0. | -1. |  0. |
|  0. |  0. |  0. ||  0. |  0. |  0. || -1. |  1. |  0. |

, evalForThisState=-1.0, isPlayerOneTurnOriginally=true}, StateDatum{MCTSProbabilites=
|  .0 |  .0 |  .0 ||  .0 |  .0 |  .0 ||  .0 |  .0 |  .0 |
|  .0 |  .0 |  .0 ||  .0 |  .0 |  .0 ||  .0 |  .0 |  .0 |
|  .0 |  .0 |  .0 ||  .0 |  .0 |  .0 ||  .0 |  .0 |  .0 |
|========+========+========||========+========+========||========+========+========|
|  .0 |  .0 |  .0 ||  .0 |  .0 |  .0 ||  .1918 |  .2728 |  .1413 |
|  .0 |  .0 |  .0 ||  .0 |  .0 |  .0 ||  .0 |  .0 |  .0 |
|  .0 |  .0 |  .0 ||  .0 |  .0 |  .0 ||  .2127 |  .1814 |  .0 |
|========+========+========||========+========+========||========+========+========|
|  .0 |  .0 |  .0 ||  .0 |  .0 |  .0 ||  .0 |  .0 |  .0 |
|  .0 |  .0 |  .0 ||  .0 |  .0 |  .0 ||  .0 |  .0 |  .0 |
|  .0 |  .0 |  .0 ||  .0 |  .0 |  .0 ||  .0 |  .0 |  .0 |

, state=
| -0. | -0. | -0. || -0. |  1. | -0. || -0. | -0. | -0. |
| -0. | -0. | -0. || -0. | -0. |  1. ||  1. | -0. | -0. |
| -1. | -0. | -0. || -0. | -0. | -1. || -0. | -0. | -0. |
|=====+=====+=====||=====+=====+=====||=====+=====+=====|
| -0. | -1. | -0. || -0. | -1. | -1. ||*-0. |*-0. |*-0. |
| -1. | -1. |  1. || -0. | -0. | -1. ||* 1. |* 1. |*-1. |
| -0. | -1. | -0. || -0. | -0. |  1. ||*-0. |*-0. |*-1. |
|=====+=====+=====||=====+=====+=====||=====+=====+=====|
| -0. | -0. | -0. ||  1. | -0. | -0. || -0. | -0. | -0. |
|  1. | -0. | -1. || -0. |  1. | -0. || -0. |  1. | -0. |
| -0. | -0. | -0. || -0. | -0. | -0. ||  1. | -1. | -0. |

, evalForThisState=1.0, isPlayerOneTurnOriginally=false}, StateDatum{MCTSProbabilites=
|  .0 |  .0 |  .0 ||  .0533 |  .0 |  .0502 ||  .0 |  .0 |  .0 |
|  .0 |  .0 |  .0 ||  .2051 |  .2263 |  .0 ||  .0 |  .0 |  .0 |
|  .0 |  .0 |  .0 ||  .1666 |  .2984 |  .0 ||  .0 |  .0 |  .0 |
|========+========+========||========+========+========||========+========+========|
|  .0 |  .0 |  .0 ||  .0 |  .0 |  .0 ||  .0 |  .0 |  .0 |
|  .0 |  .0 |  .0 ||  .0 |  .0 |  .0 ||  .0 |  .0 |  .0 |
|  .0 |  .0 |  .0 ||  .0 |  .0 |  .0 ||  .0 |  .0 |  .0 |
|========+========+========||========+========+========||========+========+========|
|  .0 |  .0 |  .0 ||  .0 |  .0 |  .0 ||  .0 |  .0 |  .0 |
|  .0 |  .0 |  .0 ||  .0 |  .0 |  .0 ||  .0 |  .0 |  .0 |
|  .0 |  .0 |  .0 ||  .0 |  .0 |  .0 ||  .0 |  .0 |  .0 |

, state=
|  0. |  0. |  0. ||* 0. |*-1. |* 0. ||  0. |  0. |  0. |
|  0. |  0. |  0. ||* 0. |* 0. |*-1. || -1. |  0. |  0. |
|  1. |  0. |  0. ||* 0. |* 0. |* 1. ||  0. |  0. |  0. |
|=====+=====+=====||=====+=====+=====||=====+=====+=====|
|  0. |  1. |  0. ||  0. |  1. |  1. ||  0. | -1. |  0. |
|  1. |  1. | -1. ||  0. |  0. |  1. || -1. | -1. |  1. |
|  0. |  1. |  0. ||  0. |  0. | -1. ||  0. |  0. |  1. |
|=====+=====+=====||=====+=====+=====||=====+=====+=====|
|  0. |  0. |  0. || -1. |  0. |  0. ||  0. |  0. |  0. |
| -1. |  0. |  1. ||  0. | -1. |  0. ||  0. | -1. |  0. |
|  0. |  0. |  0. ||  0. |  0. |  0. || -1. |  1. |  0. |

, evalForThisState=-1.0, isPlayerOneTurnOriginally=true}, StateDatum{MCTSProbabilites=
|  .0 |  .0 |  .0 ||  .0 |  .0 |  .0 ||  .0 |  .0 |  .0 |
|  .0 |  .0 |  .0 ||  .0 |  .0 |  .0 ||  .0 |  .0 |  .0 |
|  .0 |  .0 |  .0 ||  .0 |  .0 |  .0 ||  .0 |  .0 |  .0 |
|========+========+========||========+========+========||========+========+========|
|  .0 |  .0 |  .0 ||  .0 |  .0 |  .0 ||  .0 |  .0 |  .0 |
|  .0 |  .0 |  .0 ||  .0 |  .0 |  .0 ||  .0 |  .0 |  .0 |
|  .0 |  .0 |  .0 ||  .0 |  .0 |  .0 ||  .0 |  .0 |  .0 |
|========+========+========||========+========+========||========+========+========|
|  .0 |  .0 |  .0 ||  .0 |  .1741 |  .1526 ||  .0 |  .0 |  .0 |
|  .0 |  .0 |  .0 ||  .0429 |  .0 |  .159 ||  .0 |  .0 |  .0 |
|  .0 |  .0 |  .0 ||  .1333 |  .149 |  .189 ||  .0 |  .0 |  .0 |

, state=
| -0. | -0. | -0. || -0. |  1. | -0. || -0. | -0. | -0. |
| -0. | -0. | -0. || -0. | -0. |  1. ||  1. | -0. | -0. |
| -1. | -0. | -0. || -0. | -1. | -1. || -0. | -0. | -0. |
|=====+=====+=====||=====+=====+=====||=====+=====+=====|
| -0. | -1. | -0. || -0. | -1. | -1. || -0. |  1. | -0. |
| -1. | -1. |  1. || -0. | -0. | -1. ||  1. |  1. | -1. |
| -0. | -1. | -0. || -0. | -0. |  1. || -0. | -0. | -1. |
|=====+=====+=====||=====+=====+=====||=====+=====+=====|
| -0. | -0. | -0. ||* 1. |*-0. |*-0. || -0. | -0. | -0. |
|  1. | -0. | -1. ||*-0. |* 1. |*-0. || -0. |  1. | -0. |
| -0. | -0. | -0. ||*-0. |*-0. |*-0. ||  1. | -1. | -0. |

, evalForThisState=1.0, isPlayerOneTurnOriginally=false}, StateDatum{MCTSProbabilites=
|  .0 |  .0 |  .0 ||  .0 |  .0 |  .0 ||  .0 |  .0 |  .0 |
|  .0 |  .0 |  .0 ||  .0 |  .0 |  .0 ||  .0 |  .0 |  .0 |
|  .0 |  .0 |  .0 ||  .0 |  .0 |  .0 ||  .0 |  .0 |  .0 |
|========+========+========||========+========+========||========+========+========|
|  .0 |  .0 |  .0 ||  .0 |  .0 |  .0 ||  .0 |  .0 |  .0 |
|  .0 |  .0 |  .0 ||  .0 |  .0 |  .0 ||  .0 |  .0 |  .0 |
|  .0 |  .0 |  .0 ||  .0 |  .0 |  .0 ||  .0 |  .0 |  .0 |
|========+========+========||========+========+========||========+========+========|
|  .0 |  .0 |  .0 ||  .0 |  .0 |  .0 ||  .1785 |  .1656 |  .2112 |
|  .0 |  .0 |  .0 ||  .0 |  .0 |  .0 ||  .1317 |  .0 |  .1642 |
|  .0 |  .0 |  .0 ||  .0 |  .0 |  .0 ||  .0 |  .0 |  .1488 |

, state=
|  0. |  0. |  0. ||  0. | -1. |  0. ||  0. |  0. |  0. |
|  0. |  0. |  0. ||  0. |  0. | -1. || -1. |  0. |  0. |
|  1. |  0. |  0. ||  0. |  1. |  1. ||  0. |  0. |  0. |
|=====+=====+=====||=====+=====+=====||=====+=====+=====|
|  0. |  1. |  0. ||  0. |  1. |  1. ||  0. | -1. |  0. |
|  1. |  1. | -1. ||  0. |  0. |  1. || -1. | -1. |  1. |
|  0. |  1. |  0. ||  0. |  0. | -1. ||  0. |  0. |  1. |
|=====+=====+=====||=====+=====+=====||=====+=====+=====|
|  0. |  0. |  0. || -1. |  0. |  0. ||* 0. |* 0. |* 0. |
| -1. |  0. |  1. ||  0. | -1. |  0. ||* 0. |*-1. |* 0. |
|  0. |  0. |  0. ||  0. |  0. | -1. ||*-1. |* 1. |* 0. |

, evalForThisState=-1.0, isPlayerOneTurnOriginally=true}, StateDatum{MCTSProbabilites=
|  .0 |  .0 |  .0 ||  .0 |  .0 |  .0 ||  .066 |  .2222 |  .1547 |
|  .0 |  .0 |  .0 ||  .0 |  .0 |  .0 ||  .0 |  .0364 |  .1994 |
|  .0 |  .0 |  .0 ||  .0 |  .0 |  .0 ||  .0505 |  .0818 |  .1889 |
|========+========+========||========+========+========||========+========+========|
|  .0 |  .0 |  .0 ||  .0 |  .0 |  .0 ||  .0 |  .0 |  .0 |
|  .0 |  .0 |  .0 ||  .0 |  .0 |  .0 ||  .0 |  .0 |  .0 |
|  .0 |  .0 |  .0 ||  .0 |  .0 |  .0 ||  .0 |  .0 |  .0 |
|========+========+========||========+========+========||========+========+========|
|  .0 |  .0 |  .0 ||  .0 |  .0 |  .0 ||  .0 |  .0 |  .0 |
|  .0 |  .0 |  .0 ||  .0 |  .0 |  .0 ||  .0 |  .0 |  .0 |
|  .0 |  .0 |  .0 ||  .0 |  .0 |  .0 ||  .0 |  .0 |  .0 |

, state=
| -0. | -0. | -0. || -0. |  1. | -0. ||*-0. |*-0. |*-0. |
| -0. | -0. | -0. || -0. | -0. |  1. ||* 1. |*-0. |*-0. |
| -1. | -0. | -0. || -0. | -1. | -1. ||*-0. |*-0. |*-0. |
|=====+=====+=====||=====+=====+=====||=====+=====+=====|
| -0. | -1. | -0. || -0. | -1. | -1. || -0. |  1. | -0. |
| -1. | -1. |  1. || -0. | -0. | -1. ||  1. |  1. | -1. |
| -0. | -1. | -0. || -0. | -0. |  1. || -0. | -0. | -1. |
|=====+=====+=====||=====+=====+=====||=====+=====+=====|
| -0. | -0. | -0. ||  1. | -0. | -0. || -0. | -0. | -1. |
|  1. | -0. | -1. || -0. |  1. | -0. || -0. |  1. | -0. |
| -0. | -0. | -0. || -0. | -0. |  1. ||  1. | -1. | -0. |

, evalForThisState=1.0, isPlayerOneTurnOriginally=false}, StateDatum{MCTSProbabilites=
|  .0 |  .0 |  .0 ||  .1431 |  .0 |  .2228 ||  .0 |  .0 |  .0 |
|  .0 |  .0 |  .0 ||  .3593 |  .1268 |  .0 ||  .0 |  .0 |  .0 |
|  .0 |  .0 |  .0 ||  .1481 |  .0 |  .0 ||  .0 |  .0 |  .0 |
|========+========+========||========+========+========||========+========+========|
|  .0 |  .0 |  .0 ||  .0 |  .0 |  .0 ||  .0 |  .0 |  .0 |
|  .0 |  .0 |  .0 ||  .0 |  .0 |  .0 ||  .0 |  .0 |  .0 |
|  .0 |  .0 |  .0 ||  .0 |  .0 |  .0 ||  .0 |  .0 |  .0 |
|========+========+========||========+========+========||========+========+========|
|  .0 |  .0 |  .0 ||  .0 |  .0 |  .0 ||  .0 |  .0 |  .0 |
|  .0 |  .0 |  .0 ||  .0 |  .0 |  .0 ||  .0 |  .0 |  .0 |
|  .0 |  .0 |  .0 ||  .0 |  .0 |  .0 ||  .0 |  .0 |  .0 |

, state=
|  0. |  0. |  0. ||* 0. |*-1. |* 0. ||  0. | -1. |  0. |
|  0. |  0. |  0. ||* 0. |* 0. |*-1. || -1. |  0. |  0. |
|  1. |  0. |  0. ||* 0. |* 1. |* 1. ||  0. |  0. |  0. |
|=====+=====+=====||=====+=====+=====||=====+=====+=====|
|  0. |  1. |  0. ||  0. |  1. |  1. ||  0. | -1. |  0. |
|  1. |  1. | -1. ||  0. |  0. |  1. || -1. | -1. |  1. |
|  0. |  1. |  0. ||  0. |  0. | -1. ||  0. |  0. |  1. |
|=====+=====+=====||=====+=====+=====||=====+=====+=====|
|  0. |  0. |  0. || -1. |  0. |  0. ||  0. |  0. |  1. |
| -1. |  0. |  1. ||  0. | -1. |  0. ||  0. | -1. |  0. |
|  0. |  0. |  0. ||  0. |  0. | -1. || -1. |  1. |  0. |

, evalForThisState=-1.0, isPlayerOneTurnOriginally=true}, StateDatum{MCTSProbabilites=
|  .0193 |  .0215 |  .0119 ||  .0244 |  .0 |  .0126 ||  .0141 |  .0 |  .0235 |
|  .0299 |  .0253 |  .0231 ||  .0 |  .0187 |  .0 ||  .0 |  .0208 |  .0285 |
|  .0 |  .0366 |  .0403 ||  .0107 |  .0 |  .0 ||  .0252 |  .0361 |  .0367 |
|========+========+========||========+========+========||========+========+========|
|  .0 |  .0 |  .0 ||  .0454 |  .0 |  .0 ||  .0317 |  .0 |  .0461 |
|  .0 |  .0 |  .0 ||  .0019 |  .0247 |  .0 ||  .0 |  .0 |  .0 |
|  .0 |  .0 |  .0 ||  .0107 |  .0309 |  .0 ||  .0132 |  .0197 |  .0 |
|========+========+========||========+========+========||========+========+========|
|  .0238 |  .0326 |  .0169 ||  .0 |  .0 |  .0 ||  .034 |  .0128 |  .0 |
|  .0 |  .0219 |  .0 ||  .0 |  .0 |  .0 ||  .0314 |  .0 |  .0207 |
|  .0278 |  .027 |  .04 ||  .0 |  .0 |  .0 ||  .0 |  .0 |  .0277 |

, state=
|*-0. |*-0. |*-0. ||*-0. |* 1. |*-0. ||*-0. |* 1. |*-0. |
|*-0. |*-0. |*-0. ||*-1. |*-0. |* 1. ||* 1. |*-0. |*-0. |
|*-1. |*-0. |*-0. ||*-0. |*-1. |*-1. ||*-0. |*-0. |*-0. |
|=====+=====+=====||=====+=====+=====||=====+=====+=====|
| -0. | -1. | -0. ||*-0. |*-1. |*-1. ||*-0. |* 1. |*-0. |
| -1. | -1. |  1. ||*-0. |*-0. |*-1. ||* 1. |* 1. |*-1. |
| -0. | -1. | -0. ||*-0. |*-0. |* 1. ||*-0. |*-0. |*-1. |
|=====+=====+=====||=====+=====+=====||=====+=====+=====|
|*-0. |*-0. |*-0. ||  1. | -0. | -0. ||*-0. |*-0. |*-1. |
|* 1. |*-0. |*-1. || -0. |  1. | -0. ||*-0. |* 1. |*-0. |
|*-0. |*-0. |*-0. || -0. | -0. |  1. ||* 1. |*-1. |*-0. |

, evalForThisState=1.0, isPlayerOneTurnOriginally=false}, StateDatum{MCTSProbabilites=
|  .0 |  .0 |  .0 ||  .0 |  .0 |  .0 ||  .1376 |  .0 |  .1943 |
|  .0 |  .0 |  .0 ||  .0 |  .0 |  .0 ||  .0 |  .1161 |  .2001 |
|  .0 |  .0 |  .0 ||  .0 |  .0 |  .0 ||  .0971 |  .1776 |  .0772 |
|========+========+========||========+========+========||========+========+========|
|  .0 |  .0 |  .0 ||  .0 |  .0 |  .0 ||  .0 |  .0 |  .0 |
|  .0 |  .0 |  .0 ||  .0 |  .0 |  .0 ||  .0 |  .0 |  .0 |
|  .0 |  .0 |  .0 ||  .0 |  .0 |  .0 ||  .0 |  .0 |  .0 |
|========+========+========||========+========+========||========+========+========|
|  .0 |  .0 |  .0 ||  .0 |  .0 |  .0 ||  .0 |  .0 |  .0 |
|  .0 |  .0 |  .0 ||  .0 |  .0 |  .0 ||  .0 |  .0 |  .0 |
|  .0 |  .0 |  .0 ||  .0 |  .0 |  .0 ||  .0 |  .0 |  .0 |

, state=
|  0. |  0. |  0. ||  0. | -1. |  0. ||* 0. |*-1. |* 0. |
|  0. |  0. |  0. ||  1. |  0. | -1. ||*-1. |* 0. |* 0. |
|  1. |  0. |  0. ||  0. |  1. |  1. ||* 0. |* 0. |* 0. |
|=====+=====+=====||=====+=====+=====||=====+=====+=====|
|  0. |  1. |  0. ||  0. |  1. |  1. ||  0. | -1. | -1. |
|  1. |  1. | -1. ||  0. |  0. |  1. || -1. | -1. |  1. |
|  0. |  1. |  0. ||  0. |  0. | -1. ||  0. |  0. |  1. |
|=====+=====+=====||=====+=====+=====||=====+=====+=====|
|  0. |  0. |  0. || -1. |  0. |  0. ||  0. |  0. |  1. |
| -1. |  0. |  1. ||  0. | -1. |  0. ||  0. | -1. |  0. |
|  0. |  0. |  0. ||  0. |  0. | -1. || -1. |  1. |  0. |

, evalForThisState=-1.0, isPlayerOneTurnOriginally=true}, StateDatum{MCTSProbabilites=
|  .0 |  .0 |  .0 ||  .0 |  .0 |  .0 ||  .0 |  .0 |  .0 |
|  .0 |  .0 |  .0 ||  .0 |  .0 |  .0 ||  .0 |  .0 |  .0 |
|  .0 |  .0 |  .0 ||  .0 |  .0 |  .0 ||  .0 |  .0 |  .0 |
|========+========+========||========+========+========||========+========+========|
|  .0 |  .0 |  .0 ||  .0 |  .0 |  .0 ||  .4586 |  .0 |  .0 |
|  .0 |  .0 |  .0 ||  .0 |  .0 |  .0 ||  .0 |  .0 |  .0 |
|  .0 |  .0 |  .0 ||  .0 |  .0 |  .0 ||  .3032 |  .2383 |  .0 |
|========+========+========||========+========+========||========+========+========|
|  .0 |  .0 |  .0 ||  .0 |  .0 |  .0 ||  .0 |  .0 |  .0 |
|  .0 |  .0 |  .0 ||  .0 |  .0 |  .0 ||  .0 |  .0 |  .0 |
|  .0 |  .0 |  .0 ||  .0 |  .0 |  .0 ||  .0 |  .0 |  .0 |

, state=
| -0. | -0. | -0. || -0. |  1. | -0. || -0. |  1. | -0. |
| -0. | -0. | -0. || -1. | -0. |  1. ||  1. | -0. | -1. |
| -1. | -0. | -0. || -0. | -1. | -1. || -0. | -0. | -0. |
|=====+=====+=====||=====+=====+=====||=====+=====+=====|
| -0. | -1. | -0. || -0. | -1. | -1. ||*-0. |* 1. |* 1. |
| -1. | -1. |  1. || -0. | -0. | -1. ||* 1. |* 1. |*-1. |
| -0. | -1. | -0. || -0. | -0. |  1. ||*-0. |*-0. |*-1. |
|=====+=====+=====||=====+=====+=====||=====+=====+=====|
| -0. | -0. | -0. ||  1. | -0. | -0. || -0. | -0. | -1. |
|  1. | -0. | -1. || -0. |  1. | -0. || -0. |  1. | -0. |
| -0. | -0. | -0. || -0. | -0. |  1. ||  1. | -1. | -0. |

, evalForThisState=1.0, isPlayerOneTurnOriginally=false}, StateDatum{MCTSProbabilites=
|  .1121 |  .1967 |  .1484 ||  .0 |  .0 |  .0 ||  .0 |  .0 |  .0 |
|  .1769 |  .0993 |  .0767 ||  .0 |  .0 |  .0 ||  .0 |  .0 |  .0 |
|  .0 |  .115 |  .0748 ||  .0 |  .0 |  .0 ||  .0 |  .0 |  .0 |
|========+========+========||========+========+========||========+========+========|
|  .0 |  .0 |  .0 ||  .0 |  .0 |  .0 ||  .0 |  .0 |  .0 |
|  .0 |  .0 |  .0 ||  .0 |  .0 |  .0 ||  .0 |  .0 |  .0 |
|  .0 |  .0 |  .0 ||  .0 |  .0 |  .0 ||  .0 |  .0 |  .0 |
|========+========+========||========+========+========||========+========+========|
|  .0 |  .0 |  .0 ||  .0 |  .0 |  .0 ||  .0 |  .0 |  .0 |
|  .0 |  .0 |  .0 ||  .0 |  .0 |  .0 ||  .0 |  .0 |  .0 |
|  .0 |  .0 |  .0 ||  .0 |  .0 |  .0 ||  .0 |  .0 |  .0 |

, state=
|* 0. |* 0. |* 0. ||  0. | -1. |  0. ||  0. | -1. |  0. |
|* 0. |* 0. |* 0. ||  1. |  0. | -1. || -1. |  0. |  1. |
|* 1. |* 0. |* 0. ||  0. |  1. |  1. ||  0. |  0. |  0. |
|=====+=====+=====||=====+=====+=====||=====+=====+=====|
|  0. |  1. |  0. ||  0. |  1. |  1. || -1. | -1. | -1. |
|  1. |  1. | -1. ||  0. |  0. |  1. || -1. | -1. |  1. |
|  0. |  1. |  0. ||  0. |  0. | -1. ||  0. |  0. |  1. |
|=====+=====+=====||=====+=====+=====||=====+=====+=====|
|  0. |  0. |  0. || -1. |  0. |  0. ||  0. |  0. |  1. |
| -1. |  0. |  1. ||  0. | -1. |  0. ||  0. | -1. |  0. |
|  0. |  0. |  0. ||  0. |  0. | -1. || -1. |  1. |  0. |

, evalForThisState=-1.0, isPlayerOneTurnOriginally=true}, StateDatum{MCTSProbabilites=
|  .0 |  .0 |  .0 ||  .3308 |  .0 |  .2014 ||  .0 |  .0 |  .0 |
|  .0 |  .0 |  .0 ||  .0 |  .2821 |  .0 ||  .0 |  .0 |  .0 |
|  .0 |  .0 |  .0 ||  .1857 |  .0 |  .0 ||  .0 |  .0 |  .0 |
|========+========+========||========+========+========||========+========+========|
|  .0 |  .0 |  .0 ||  .0 |  .0 |  .0 ||  .0 |  .0 |  .0 |
|  .0 |  .0 |  .0 ||  .0 |  .0 |  .0 ||  .0 |  .0 |  .0 |
|  .0 |  .0 |  .0 ||  .0 |  .0 |  .0 ||  .0 |  .0 |  .0 |
|========+========+========||========+========+========||========+========+========|
|  .0 |  .0 |  .0 ||  .0 |  .0 |  .0 ||  .0 |  .0 |  .0 |
|  .0 |  .0 |  .0 ||  .0 |  .0 |  .0 ||  .0 |  .0 |  .0 |
|  .0 |  .0 |  .0 ||  .0 |  .0 |  .0 ||  .0 |  .0 |  .0 |

, state=
| -0. | -1. | -0. ||*-0. |* 1. |*-0. || -0. |  1. | -0. |
| -0. | -0. | -0. ||*-1. |*-0. |* 1. ||  1. | -0. | -1. |
| -1. | -0. | -0. ||*-0. |*-1. |*-1. || -0. | -0. | -0. |
|=====+=====+=====||=====+=====+=====||=====+=====+=====|
| -0. | -1. | -0. || -0. | -1. | -1. ||  1. |  1. |  1. |
| -1. | -1. |  1. || -0. | -0. | -1. ||  1. |  1. | -1. |
| -0. | -1. | -0. || -0. | -0. |  1. || -0. | -0. | -1. |
|=====+=====+=====||=====+=====+=====||=====+=====+=====|
| -0. | -0. | -0. ||  1. | -0. | -0. || -0. | -0. | -1. |
|  1. | -0. | -1. || -0. |  1. | -0. || -0. |  1. | -0. |
| -0. | -0. | -0. || -0. | -0. |  1. ||  1. | -1. | -0. |

, evalForThisState=1.0, isPlayerOneTurnOriginally=false}, StateDatum{MCTSProbabilites=
|  .2726 |  .0 |  .1475 ||  .0 |  .0 |  .0 ||  .0 |  .0 |  .0 |
|  .1581 |  .1796 |  .0605 ||  .0 |  .0 |  .0 ||  .0 |  .0 |  .0 |
|  .0 |  .0569 |  .1248 ||  .0 |  .0 |  .0 ||  .0 |  .0 |  .0 |
|========+========+========||========+========+========||========+========+========|
|  .0 |  .0 |  .0 ||  .0 |  .0 |  .0 ||  .0 |  .0 |  .0 |
|  .0 |  .0 |  .0 ||  .0 |  .0 |  .0 ||  .0 |  .0 |  .0 |
|  .0 |  .0 |  .0 ||  .0 |  .0 |  .0 ||  .0 |  .0 |  .0 |
|========+========+========||========+========+========||========+========+========|
|  .0 |  .0 |  .0 ||  .0 |  .0 |  .0 ||  .0 |  .0 |  .0 |
|  .0 |  .0 |  .0 ||  .0 |  .0 |  .0 ||  .0 |  .0 |  .0 |
|  .0 |  .0 |  .0 ||  .0 |  .0 |  .0 ||  .0 |  .0 |  .0 |

, state=
|* 0. |* 1. |* 0. || -1. | -1. |  0. ||  0. | -1. |  0. |
|* 0. |* 0. |* 0. ||  1. |  0. | -1. || -1. |  0. |  1. |
|* 1. |* 0. |* 0. ||  0. |  1. |  1. ||  0. |  0. |  0. |
|=====+=====+=====||=====+=====+=====||=====+=====+=====|
|  0. |  1. |  0. ||  0. |  1. |  1. || -1. | -1. | -1. |
|  1. |  1. | -1. ||  0. |  0. |  1. || -1. | -1. |  1. |
|  0. |  1. |  0. ||  0. |  0. | -1. ||  0. |  0. |  1. |
|=====+=====+=====||=====+=====+=====||=====+=====+=====|
|  0. |  0. |  0. || -1. |  0. |  0. ||  0. |  0. |  1. |
| -1. |  0. |  1. ||  0. | -1. |  0. ||  0. | -1. |  0. |
|  0. |  0. |  0. ||  0. |  0. | -1. || -1. |  1. |  0. |

, evalForThisState=-1.0, isPlayerOneTurnOriginally=true}, StateDatum{MCTSProbabilites=
|  .0 |  .0 |  .1357 ||  .0 |  .0 |  .0 ||  .0 |  .0 |  .0 |
|  .1273 |  .2179 |  .0891 ||  .0 |  .0 |  .0 ||  .0 |  .0 |  .0 |
|  .0 |  .1259 |  .3041 ||  .0 |  .0 |  .0 ||  .0 |  .0 |  .0 |
|========+========+========||========+========+========||========+========+========|
|  .0 |  .0 |  .0 ||  .0 |  .0 |  .0 ||  .0 |  .0 |  .0 |
|  .0 |  .0 |  .0 ||  .0 |  .0 |  .0 ||  .0 |  .0 |  .0 |
|  .0 |  .0 |  .0 ||  .0 |  .0 |  .0 ||  .0 |  .0 |  .0 |
|========+========+========||========+========+========||========+========+========|
|  .0 |  .0 |  .0 ||  .0 |  .0 |  .0 ||  .0 |  .0 |  .0 |
|  .0 |  .0 |  .0 ||  .0 |  .0 |  .0 ||  .0 |  .0 |  .0 |
|  .0 |  .0 |  .0 ||  .0 |  .0 |  .0 ||  .0 |  .0 |  .0 |

, state=
|*-1. |*-1. |*-0. ||  1. |  1. | -0. || -0. |  1. | -0. |
|*-0. |*-0. |*-0. || -1. | -0. |  1. ||  1. | -0. | -1. |
|*-1. |*-0. |*-0. || -0. | -1. | -1. || -0. | -0. | -0. |
|=====+=====+=====||=====+=====+=====||=====+=====+=====|
| -0. | -1. | -0. || -0. | -1. | -1. ||  1. |  1. |  1. |
| -1. | -1. |  1. || -0. | -0. | -1. ||  1. |  1. | -1. |
| -0. | -1. | -0. || -0. | -0. |  1. || -0. | -0. | -1. |
|=====+=====+=====||=====+=====+=====||=====+=====+=====|
| -0. | -0. | -0. ||  1. | -0. | -0. || -0. | -0. | -1. |
|  1. | -0. | -1. || -0. |  1. | -0. || -0. |  1. | -0. |
| -0. | -0. | -0. || -0. | -0. |  1. ||  1. | -1. | -0. |

, evalForThisState=1.0, isPlayerOneTurnOriginally=false}, StateDatum{MCTSProbabilites=
|  .0 |  .0 |  .0 ||  .0 |  .0 |  .0 ||  .0 |  .0 |  .0 |
|  .0 |  .0 |  .0 ||  .0 |  .0 |  .0 ||  .0 |  .0 |  .0 |
|  .0 |  .0 |  .0 ||  .0 |  .0 |  .0 ||  .0 |  .0 |  .0 |
|========+========+========||========+========+========||========+========+========|
|  .0 |  .0 |  .0 ||  .0 |  .0 |  .0 ||  .0 |  .0 |  .0 |
|  .0 |  .0 |  .0 ||  .0 |  .0 |  .0 ||  .0 |  .0 |  .0 |
|  .0 |  .0 |  .0 ||  .0 |  .0 |  .0 ||  .0 |  .0 |  .0 |
|========+========+========||========+========+========||========+========+========|
|  .0 |  .0 |  .0 ||  .0 |  .0 |  .0 ||  .2314 |  .1858 |  .0 |
|  .0 |  .0 |  .0 ||  .0 |  .0 |  .0 ||  .2181 |  .0 |  .2475 |
|  .0 |  .0 |  .0 ||  .0 |  .0 |  .0 ||  .0 |  .0 |  .1173 |

, state=
|  1. |  1. |  0. || -1. | -1. |  0. ||  0. | -1. |  0. |
|  0. |  0. |  0. ||  1. |  0. | -1. || -1. |  0. |  1. |
|  1. |  0. | -1. ||  0. |  1. |  1. ||  0. |  0. |  0. |
|=====+=====+=====||=====+=====+=====||=====+=====+=====|
|  0. |  1. |  0. ||  0. |  1. |  1. || -1. | -1. | -1. |
|  1. |  1. | -1. ||  0. |  0. |  1. || -1. | -1. |  1. |
|  0. |  1. |  0. ||  0. |  0. | -1. ||  0. |  0. |  1. |
|=====+=====+=====||=====+=====+=====||=====+=====+=====|
|  0. |  0. |  0. || -1. |  0. |  0. ||* 0. |* 0. |* 1. |
| -1. |  0. |  1. ||  0. | -1. |  0. ||* 0. |*-1. |* 0. |
|  0. |  0. |  0. ||  0. |  0. | -1. ||*-1. |* 1. |* 0. |

, evalForThisState=-1.0, isPlayerOneTurnOriginally=true}, StateDatum{MCTSProbabilites=
|  .0 |  .0 |  .0365 ||  .0 |  .0 |  .0476 ||  .0189 |  .0 |  .0383 |
|  .0312 |  .022 |  .0307 ||  .0 |  .0274 |  .0 ||  .0 |  .0159 |  .0 |
|  .0 |  .0221 |  .0 ||  .0433 |  .0 |  .0 ||  .0598 |  .0268 |  .0519 |
|========+========+========||========+========+========||========+========+========|
|  .0 |  .0 |  .0 ||  .0301 |  .0 |  .0 ||  .0 |  .0 |  .0 |
|  .0 |  .0 |  .0 ||  .0376 |  .0456 |  .0 ||  .0 |  .0 |  .0 |
|  .0 |  .0 |  .0 ||  .0197 |  .0284 |  .0 ||  .0 |  .0 |  .0 |
|========+========+========||========+========+========||========+========+========|
|  .0192 |  .0584 |  .0302 ||  .0 |  .0 |  .0 ||  .0234 |  .0241 |  .0 |
|  .0 |  .0165 |  .0 ||  .0 |  .0 |  .0 ||  .0317 |  .0 |  .0 |
|  .0503 |  .0442 |  .0272 ||  .0 |  .0 |  .0 ||  .0 |  .0 |  .041 |

, state=
|*-1. |*-1. |*-0. ||* 1. |* 1. |*-0. ||*-0. |* 1. |*-0. |
|*-0. |*-0. |*-0. ||*-1. |*-0. |* 1. ||* 1. |*-0. |*-1. |
|*-1. |*-0. |* 1. ||*-0. |*-1. |*-1. ||*-0. |*-0. |*-0. |
|=====+=====+=====||=====+=====+=====||=====+=====+=====|
| -0. | -1. | -0. ||*-0. |*-1. |*-1. ||  1. |  1. |  1. |
| -1. | -1. |  1. ||*-0. |*-0. |*-1. ||  1. |  1. | -1. |
| -0. | -1. | -0. ||*-0. |*-0. |* 1. || -0. | -0. | -1. |
|=====+=====+=====||=====+=====+=====||=====+=====+=====|
|*-0. |*-0. |*-0. ||  1. | -0. | -0. ||*-0. |*-0. |*-1. |
|* 1. |*-0. |*-1. || -0. |  1. | -0. ||*-0. |* 1. |*-1. |
|*-0. |*-0. |*-0. || -0. | -0. |  1. ||* 1. |*-1. |*-0. |

, evalForThisState=1.0, isPlayerOneTurnOriginally=false}, StateDatum{MCTSProbabilites=
|  .0 |  .0 |  .0 ||  .0 |  .0 |  .0 ||  .0 |  .0 |  .0 |
|  .0 |  .0 |  .0 ||  .0 |  .0 |  .0 ||  .0 |  .0 |  .0 |
|  .0 |  .0 |  .0 ||  .0 |  .0 |  .0 ||  .0 |  .0 |  .0 |
|========+========+========||========+========+========||========+========+========|
|  .0 |  .0 |  .0 ||  .0 |  .0 |  .0 ||  .0 |  .0 |  .0 |
|  .0 |  .0 |  .0 ||  .0 |  .0 |  .0 ||  .0 |  .0 |  .0 |
|  .0 |  .0 |  .0 ||  .0 |  .0 |  .0 ||  .0 |  .0 |  .0 |
|========+========+========||========+========+========||========+========+========|
|  .0912 |  .0598 |  .37 ||  .0 |  .0 |  .0 ||  .0 |  .0 |  .0 |
|  .0 |  .1346 |  .0 ||  .0 |  .0 |  .0 ||  .0 |  .0 |  .0 |
|  .0475 |  .0961 |  .2008 ||  .0 |  .0 |  .0 ||  .0 |  .0 |  .0 |

, state=
|  1. |  1. |  0. || -1. | -1. |  0. ||  0. | -1. |  0. |
|  0. |  0. |  0. ||  1. |  0. | -1. || -1. |  0. |  1. |
|  1. |  0. | -1. ||  0. |  1. |  1. || -1. |  0. |  0. |
|=====+=====+=====||=====+=====+=====||=====+=====+=====|
|  0. |  1. |  0. ||  0. |  1. |  1. || -1. | -1. | -1. |
|  1. |  1. | -1. ||  0. |  0. |  1. || -1. | -1. |  1. |
|  0. |  1. |  0. ||  0. |  0. | -1. ||  0. |  0. |  1. |
|=====+=====+=====||=====+=====+=====||=====+=====+=====|
|* 0. |* 0. |* 0. || -1. |  0. |  0. ||  0. |  0. |  1. |
|*-1. |* 0. |* 1. ||  0. | -1. |  0. ||  0. | -1. |  1. |
|* 0. |* 0. |* 0. ||  0. |  0. | -1. || -1. |  1. |  0. |

, evalForThisState=-1.0, isPlayerOneTurnOriginally=true}, StateDatum{MCTSProbabilites=
|  .0 |  .0 |  .0 ||  .0 |  .0 |  .0 ||  .2194 |  .0 |  .3747 |
|  .0 |  .0 |  .0 ||  .0 |  .0 |  .0 ||  .0 |  .0267 |  .0 |
|  .0 |  .0 |  .0 ||  .0 |  .0 |  .0 ||  .0 |  .0442 |  .335 |
|========+========+========||========+========+========||========+========+========|
|  .0 |  .0 |  .0 ||  .0 |  .0 |  .0 ||  .0 |  .0 |  .0 |
|  .0 |  .0 |  .0 ||  .0 |  .0 |  .0 ||  .0 |  .0 |  .0 |
|  .0 |  .0 |  .0 ||  .0 |  .0 |  .0 ||  .0 |  .0 |  .0 |
|========+========+========||========+========+========||========+========+========|
|  .0 |  .0 |  .0 ||  .0 |  .0 |  .0 ||  .0 |  .0 |  .0 |
|  .0 |  .0 |  .0 ||  .0 |  .0 |  .0 ||  .0 |  .0 |  .0 |
|  .0 |  .0 |  .0 ||  .0 |  .0 |  .0 ||  .0 |  .0 |  .0 |

, state=
| -1. | -1. | -0. ||  1. |  1. | -0. ||*-0. |* 1. |*-0. |
| -0. | -0. | -0. || -1. | -0. |  1. ||* 1. |*-0. |*-1. |
| -1. | -0. |  1. || -0. | -1. | -1. ||* 1. |*-0. |*-0. |
|=====+=====+=====||=====+=====+=====||=====+=====+=====|
| -0. | -1. | -0. || -0. | -1. | -1. ||  1. |  1. |  1. |
| -1. | -1. |  1. || -0. | -0. | -1. ||  1. |  1. | -1. |
| -0. | -1. | -0. || -0. | -0. |  1. || -0. | -0. | -1. |
|=====+=====+=====||=====+=====+=====||=====+=====+=====|
| -0. | -0. | -1. ||  1. | -0. | -0. || -0. | -0. | -1. |
|  1. | -0. | -1. || -0. |  1. | -0. || -0. |  1. | -1. |
| -0. | -0. | -0. || -0. | -0. |  1. ||  1. | -1. | -0. |

, evalForThisState=1.0, isPlayerOneTurnOriginally=false}, StateDatum{MCTSProbabilites=
|  .0 |  .0 |  .0 ||  .0 |  .0 |  .0 ||  .0594 |  .0 |  .0 |
|  .0 |  .0 |  .0 ||  .0 |  .0 |  .0 ||  .0 |  .1369 |  .0 |
|  .0 |  .0 |  .0 ||  .0 |  .0 |  .0 ||  .0 |  .0727 |  .731 |
|========+========+========||========+========+========||========+========+========|
|  .0 |  .0 |  .0 ||  .0 |  .0 |  .0 ||  .0 |  .0 |  .0 |
|  .0 |  .0 |  .0 ||  .0 |  .0 |  .0 ||  .0 |  .0 |  .0 |
|  .0 |  .0 |  .0 ||  .0 |  .0 |  .0 ||  .0 |  .0 |  .0 |
|========+========+========||========+========+========||========+========+========|
|  .0 |  .0 |  .0 ||  .0 |  .0 |  .0 ||  .0 |  .0 |  .0 |
|  .0 |  .0 |  .0 ||  .0 |  .0 |  .0 ||  .0 |  .0 |  .0 |
|  .0 |  .0 |  .0 ||  .0 |  .0 |  .0 ||  .0 |  .0 |  .0 |

, state=
|  1. |  1. |  0. || -1. | -1. |  0. ||* 0. |*-1. |*-1. |
|  0. |  0. |  0. ||  1. |  0. | -1. ||*-1. |* 0. |* 1. |
|  1. |  0. | -1. ||  0. |  1. |  1. ||*-1. |* 0. |* 0. |
|=====+=====+=====||=====+=====+=====||=====+=====+=====|
|  0. |  1. |  0. ||  0. |  1. |  1. || -1. | -1. | -1. |
|  1. |  1. | -1. ||  0. |  0. |  1. || -1. | -1. |  1. |
|  0. |  1. |  0. ||  0. |  0. | -1. ||  0. |  0. |  1. |
|=====+=====+=====||=====+=====+=====||=====+=====+=====|
|  0. |  0. |  1. || -1. |  0. |  0. ||  0. |  0. |  1. |
| -1. |  0. |  1. ||  0. | -1. |  0. ||  0. | -1. |  1. |
|  0. |  0. |  0. ||  0. |  0. | -1. || -1. |  1. |  0. |

, evalForThisState=-1.0, isPlayerOneTurnOriginally=true}, StateDatum{MCTSProbabilites=
|  .0 |  .0 |  .0 ||  .0 |  .0 |  .0 ||  .0 |  .0 |  .0 |
|  .0 |  .0 |  .0 ||  .0 |  .0 |  .0 ||  .0 |  .0 |  .0 |
|  .0 |  .0 |  .0 ||  .0 |  .0 |  .0 ||  .0 |  .0 |  .0 |
|========+========+========||========+========+========||========+========+========|
|  .0 |  .0 |  .0 ||  .0 |  .0 |  .0 ||  .0 |  .0 |  .0 |
|  .0 |  .0 |  .0 ||  .0 |  .0 |  .0 ||  .0 |  .0 |  .0 |
|  .0 |  .0 |  .0 ||  .0 |  .0 |  .0 ||  .0 |  .0 |  .0 |
|========+========+========||========+========+========||========+========+========|
|  .0 |  .0 |  .0 ||  .0 |  .0 |  .0 ||  .828 |  .015 |  .0 |
|  .0 |  .0 |  .0 ||  .0 |  .0 |  .0 ||  .0156 |  .0 |  .0 |
|  .0 |  .0 |  .0 ||  .0 |  .0 |  .0 ||  .0 |  .0 |  .1414 |

, state=
| -1. | -1. | -0. ||  1. |  1. | -0. || -0. |  1. |  1. |
| -0. | -0. | -0. || -1. | -0. |  1. ||  1. | -0. | -1. |
| -1. | -0. |  1. || -0. | -1. | -1. ||  1. | -0. | -1. |
|=====+=====+=====||=====+=====+=====||=====+=====+=====|
| -0. | -1. | -0. || -0. | -1. | -1. ||  1. |  1. |  1. |
| -1. | -1. |  1. || -0. | -0. | -1. ||  1. |  1. | -1. |
| -0. | -1. | -0. || -0. | -0. |  1. || -0. | -0. | -1. |
|=====+=====+=====||=====+=====+=====||=====+=====+=====|
| -0. | -0. | -1. ||  1. | -0. | -0. ||*-0. |*-0. |*-1. |
|  1. | -0. | -1. || -0. |  1. | -0. ||*-0. |* 1. |*-1. |
| -0. | -0. | -0. || -0. | -0. |  1. ||* 1. |*-1. |*-0. |

, evalForThisState=1.0, isPlayerOneTurnOriginally=false}, StateDatum{MCTSProbabilites=
|  .0 |  .0 |  .9992 ||  .0 |  .0 |  .0 ||  .0 |  .0 |  .0 |
|  .0003 |  .0001 |  .0001 ||  .0 |  .0 |  .0 ||  .0 |  .0 |  .0 |
|  .0 |  .0002 |  .0 ||  .0 |  .0 |  .0 ||  .0 |  .0 |  .0 |
|========+========+========||========+========+========||========+========+========|
|  .0 |  .0 |  .0 ||  .0 |  .0 |  .0 ||  .0 |  .0 |  .0 |
|  .0 |  .0 |  .0 ||  .0 |  .0 |  .0 ||  .0 |  .0 |  .0 |
|  .0 |  .0 |  .0 ||  .0 |  .0 |  .0 ||  .0 |  .0 |  .0 |
|========+========+========||========+========+========||========+========+========|
|  .0 |  .0 |  .0 ||  .0 |  .0 |  .0 ||  .0 |  .0 |  .0 |
|  .0 |  .0 |  .0 ||  .0 |  .0 |  .0 ||  .0 |  .0 |  .0 |
|  .0 |  .0 |  .0 ||  .0 |  .0 |  .0 ||  .0 |  .0 |  .0 |

, state=
|* 1. |* 1. |* 0. || -1. | -1. |  0. ||  0. | -1. | -1. |
|* 0. |* 0. |* 0. ||  1. |  0. | -1. || -1. |  0. |  1. |
|* 1. |* 0. |*-1. ||  0. |  1. |  1. || -1. |  0. |  1. |
|=====+=====+=====||=====+=====+=====||=====+=====+=====|
|  0. |  1. |  0. ||  0. |  1. |  1. || -1. | -1. | -1. |
|  1. |  1. | -1. ||  0. |  0. |  1. || -1. | -1. |  1. |
|  0. |  1. |  0. ||  0. |  0. | -1. ||  0. |  0. |  1. |
|=====+=====+=====||=====+=====+=====||=====+=====+=====|
|  0. |  0. |  1. || -1. |  0. |  0. || -1. |  0. |  1. |
| -1. |  0. |  1. ||  0. | -1. |  0. ||  0. | -1. |  1. |
|  0. |  0. |  0. ||  0. |  0. | -1. || -1. |  1. |  0. |

, evalForThisState=-1.0, isPlayerOneTurnOriginally=true}, StateDatum{MCTSProbabilites=
|  .0 |  .0 |  .0 ||  .0 |  .0 |  .0 ||  .0008 |  .0 |  .0 |
|  .0 |  .0 |  .0 ||  .0 |  .0 |  .0 ||  .0 |  .9991 |  .0 |
|  .0 |  .0 |  .0 ||  .0 |  .0 |  .0 ||  .0 |  .0001 |  .0 |
|========+========+========||========+========+========||========+========+========|
|  .0 |  .0 |  .0 ||  .0 |  .0 |  .0 ||  .0 |  .0 |  .0 |
|  .0 |  .0 |  .0 ||  .0 |  .0 |  .0 ||  .0 |  .0 |  .0 |
|  .0 |  .0 |  .0 ||  .0 |  .0 |  .0 ||  .0 |  .0 |  .0 |
|========+========+========||========+========+========||========+========+========|
|  .0 |  .0 |  .0 ||  .0 |  .0 |  .0 ||  .0 |  .0 |  .0 |
|  .0 |  .0 |  .0 ||  .0 |  .0 |  .0 ||  .0 |  .0 |  .0 |
|  .0 |  .0 |  .0 ||  .0 |  .0 |  .0 ||  .0 |  .0 |  .0 |

, state=
| -1. | -1. | -1. ||  1. |  1. | -0. ||*-0. |* 1. |* 1. |
| -0. | -0. | -0. || -1. | -0. |  1. ||* 1. |*-0. |*-1. |
| -1. | -0. |  1. || -0. | -1. | -1. ||* 1. |*-0. |*-1. |
|=====+=====+=====||=====+=====+=====||=====+=====+=====|
| -0. | -1. | -0. || -0. | -1. | -1. ||  1. |  1. |  1. |
| -1. | -1. |  1. || -0. | -0. | -1. ||  1. |  1. | -1. |
| -0. | -1. | -0. || -0. | -0. |  1. || -0. | -0. | -1. |
|=====+=====+=====||=====+=====+=====||=====+=====+=====|
| -0. | -0. | -1. ||  1. | -0. | -0. ||  1. | -0. | -1. |
|  1. | -0. | -1. || -0. |  1. | -0. || -0. |  1. | -1. |
| -0. | -0. | -0. || -0. | -0. |  1. ||  1. | -1. | -0. |

, evalForThisState=1.0, isPlayerOneTurnOriginally=false}, StateDatum{MCTSProbabilites=
|  .0 |  .0 |  .0 ||  .0 |  .0 |  .0 ||  .0 |  .0 |  .0 |
|  .0 |  .0 |  .0 ||  .0 |  .0 |  .0 ||  .0 |  .0 |  .0 |
|  .0 |  .0 |  .0 ||  .0 |  .0 |  .0 ||  .0 |  .0 |  .0 |
|========+========+========||========+========+========||========+========+========|
|  .0 |  .0 |  .0 ||  .9997 |  .0 |  .0 ||  .0 |  .0 |  .0 |
|  .0 |  .0 |  .0 ||  .0001 |  .0001 |  .0 ||  .0 |  .0 |  .0 |
|  .0 |  .0 |  .0 ||  .0 |  .0001 |  .0 ||  .0 |  .0 |  .0 |
|========+========+========||========+========+========||========+========+========|
|  .0 |  .0 |  .0 ||  .0 |  .0 |  .0 ||  .0 |  .0 |  .0 |
|  .0 |  .0 |  .0 ||  .0 |  .0 |  .0 ||  .0 |  .0 |  .0 |
|  .0 |  .0 |  .0 ||  .0 |  .0 |  .0 ||  .0 |  .0 |  .0 |

, state=
|  1. |  1. |  1. || -1. | -1. |  0. ||  0. | -1. | -1. |
|  0. |  0. |  0. ||  1. |  0. | -1. || -1. | -1. |  1. |
|  1. |  0. | -1. ||  0. |  1. |  1. || -1. |  0. |  1. |
|=====+=====+=====||=====+=====+=====||=====+=====+=====|
|  0. |  1. |  0. ||* 0. |* 1. |* 1. || -1. | -1. | -1. |
|  1. |  1. | -1. ||* 0. |* 0. |* 1. || -1. | -1. |  1. |
|  0. |  1. |  0. ||* 0. |* 0. |*-1. ||  0. |  0. |  1. |
|=====+=====+=====||=====+=====+=====||=====+=====+=====|
|  0. |  0. |  1. || -1. |  0. |  0. || -1. |  0. |  1. |
| -1. |  0. |  1. ||  0. | -1. |  0. ||  0. | -1. |  1. |
|  0. |  0. |  0. ||  0. |  0. | -1. || -1. |  1. |  0. |

, evalForThisState=-1.0, isPlayerOneTurnOriginally=true}, StateDatum{MCTSProbabilites=
|  .0 |  .0 |  .0 ||  .0 |  .0 |  .0 ||  .0 |  .0 |  .0 |
|  .0 |  .0 |  .0 ||  .0 |  .0 |  .0 ||  .0 |  .0 |  .0 |
|  .0 |  .0 |  .0 ||  .0 |  .0 |  .0 ||  .0 |  .0 |  .0 |
|========+========+========||========+========+========||========+========+========|
|  .0 |  .0 |  .0 ||  .0 |  .0 |  .0 ||  .0 |  .0 |  .0 |
|  .0 |  .0 |  .0 ||  .0 |  .0 |  .0 ||  .0 |  .0 |  .0 |
|  .0 |  .0 |  .0 ||  .0 |  .0 |  .0 ||  .0 |  .0 |  .0 |
|========+========+========||========+========+========||========+========+========|
|  .0 |  .0 |  .0 ||  .0 |  .0 |  .0 ||  .0 |  .0 |  .0 |
|  .0 |  .0 |  .0 ||  .0 |  .0 |  .0 ||  .4999 |  .0 |  .0 |
|  .0 |  .0 |  .0 ||  .0 |  .0 |  .0 ||  .0 |  .0 |  .4999 |

, state=
| -1. | -1. | -1. ||* 1. |* 1. |*-0. || -0. |  1. |  1. |
| -0. | -0. | -0. ||*-1. |*-0. |* 1. ||  1. |  1. | -1. |
| -1. | -0. |  1. ||*-0. |*-1. |*-1. ||  1. | -0. | -1. |
|=====+=====+=====||=====+=====+=====||=====+=====+=====|
| -0. | -1. | -0. || -1. | -1. | -1. ||  1. |  1. |  1. |
| -1. | -1. |  1. || -0. | -0. | -1. ||  1. |  1. | -1. |
| -0. | -1. | -0. || -0. | -0. |  1. || -0. | -0. | -1. |
|=====+=====+=====||=====+=====+=====||=====+=====+=====|
|*-0. |*-0. |*-1. ||  1. | -0. | -0. ||* 1. |*-0. |*-1. |
|* 1. |*-0. |*-1. || -0. |  1. | -0. ||*-0. |* 1. |*-1. |
|*-0. |*-0. |*-0. || -0. | -0. |  1. ||* 1. |*-1. |*-0. |

, evalForThisState=1.0, isPlayerOneTurnOriginally=false}]
Value network data: 
===========INPUT===================
[[         0,         0,         0,  ...    1.0000,    1.0000,    1.0000], 
 [         0,         0,         0,  ...   -1.0000,   -1.0000,   -1.0000], 
 [         0,         0,         0,  ...   -1.0000,   -1.0000,   -1.0000], 
  ..., 
 [   -1.0000,   -1.0000,   -1.0000,  ...   -1.0000,   -1.0000,   -1.0000], 
 [    1.0000,    1.0000,    1.0000,  ...   -1.0000,   -1.0000,   -1.0000], 
 [   -1.0000,   -1.0000,   -1.0000,  ...    1.0000,   -1.0000,    1.0000]]
=================OUTPUT==================
[[-1.0000], 
 [1.0000], 
 [-1.0000], 
 [1.0000], 
 [-1.0000], 
 [1.0000], 
 [-1.0000], 
 [1.0000], 
 [-1.0000], 
 [1.0000], 
 [-1.0000], 
 [1.0000], 
 [-1.0000], 
 [1.0000], 
 [-1.0000], 
 [1.0000], 
 [-1.0000], 
 [1.0000], 
 [-1.0000], 
 [1.0000], 
 [-1.0000], 
 [1.0000], 
 [-1.0000], 
 [1.0000], 
 [-1.0000], 
 [1.0000], 
 [-1.0000], 
 [1.0000], 
 [-1.0000], 
 [1.0000], 
 [-1.0000], 
 [1.0000], 
 [-1.0000], 
 [1.0000], 
 [-1.0000], 
 [1.0000], 
 [-1.0000], 
 [1.0000], 
 [-1.0000], 
 [1.0000], 
 [-1.0000], 
 [1.0000], 
 [-1.0000], 
 [1.0000], 
 [-1.0000], 
 [1.0000], 
 [-1.0000], 
 [1.0000]]
Policy network data: 
===========INPUT===================
[[         0,         0,         0,  ...    1.0000,    1.0000,    1.0000], 
 [         0,         0,         0,  ...   -1.0000,   -1.0000,   -1.0000], 
 [         0,         0,         0,  ...   -1.0000,   -1.0000,   -1.0000], 
  ..., 
 [   -1.0000,   -1.0000,   -1.0000,  ...   -1.0000,   -1.0000,   -1.0000], 
 [    1.0000,    1.0000,    1.0000,  ...   -1.0000,   -1.0000,   -1.0000], 
 [   -1.0000,   -1.0000,   -1.0000,  ...    1.0000,   -1.0000,    1.0000]]
=================OUTPUT==================
[[    0.0087,    0.0192,    0.0097,  ...    0.0112,    0.0053,    0.0137], 
 [         0,         0,         0,  ...         0,         0,         0], 
 [         0,         0,         0,  ...         0,         0,         0], 
  ..., 
 [         0,         0,         0,  ...         0,         0,         0], 
 [         0,         0,         0,  ...         0,         0,         0], 
 [         0,         0,         0,  ...         0,         0,    0.4999]]
W:\Labs\ME\ME187-Fall2024\StudentFiles\CALEBHOTTES\UTTTstuff\data\series1\policy$series1,gameNum4$1729813976747.bin
Took: 1444 s to simulate game
Finished simulating game, see log at: W:\Labs\ME\ME187-Fall2024\StudentFiles\CALEBHOTTES\UTTTstuff\data\logs\series1\game4$1729812532442.log for details.
